变量名,typeSeqID,weight,group,desc,desc_tw,desc_en,desc_vn,desc_kr,desc_pt,desc_th,choice1,choice1_tw,choice1_en,choice1_vn,choice1_kr,choice1_pt,choice1_th,choice2,choice2_tw,choice2_en,choice2_vn,choice2_kr,choice2_pt,choice2_th,choice3,choice3_tw,choice3_en,choice3_vn,choice3_kr,choice3_pt,choice3_th,choice4,choice4_tw,choice4_en,choice4_vn,choice4_kr,choice4_pt,choice4_th,answer,imgID
默认值,,0,0,"""""","""""","""""","""""","""""","""""","""""","""""","""""","""""","""""","""""","""""","""""","""""","""""","""""","""""","""""","""""","""""","""""","""""","""""","""""","""""","""""","""""","""""","""""","""""","""""","""""","""""","""""",1,
ID,问题类型索引id,同组内随机权重,组,问题描述,问题描述,问题描述,问题描述,问题描述,问题描述,问题描述,选项1,选项2,选项3,选项4,选项5,选项5,选项5,选项2,选项3,选项4,选项5,选项6,选项6,选项6,选项3,选项4,选项5,选项6,选项7,选项7,选项7,选项4,选项5,选项6,选项7,选项8,选项8,选项8,答案,资源
1,1,50,101,动画中小智第一只获得的精灵是什么？,動畫中小智第一只獲得的精靈是什麽？,What was the first Pokémon that Ash obtained in the animation?,,,,,皮卡丘,皮卡丘,Pikachu,Pikachu,Pikachu,Pikachu,Pikachu,小火龙,小火龍,Charmander,Charmander,Charmander,Charmander,Charmander,杰尼龟,傑尼龜,Squirtle,Squirtle,Squirtle,Squirtle,Squirtle,妙蛙种子,妙蛙種子,Bulbasaur,Bulbasaur,Bulbasaur,Bulbasaur,Bulbasaur,1,
2,1,50,101,动画中小智的母亲叫什么名字？,動畫中小智的母親叫什麽名字？,What is the name of Ash's mother in the animation?,,,,,花子,花子,Delia,Delia,Delia,Delia,Delia,美津子,美津子,Caroline,Caroline,Caroline,Caroline,Caroline,彩子,彩子,Johanna,Johanna,Johanna,Johanna,Johanna,露莎米奈,露莎米奈,Lusamine,Lusamine,Lusamine,Lusamine,Lusamine,1,
3,1,50,101,动画中以下哪位女生不会喜欢小智？,動畫中以下哪位女生不會喜歡小智？,Which of the following girls in the animation would not like Ash?,,,,,武藏,武藏,Jessie,Jessie,Jessie,Jessie,Jessie,小霞,小霞,Misty,Misty,Misty,Misty,Misty,小萌,小萌,Macy,Macy,Macy,Macy,Macy,莎莉娜,莎莉娜,Serena,Serena,Serena,Serena,Serena,1,
4,1,50,101,动画中小刚曾和父亲担任过相同的道馆馆主，这个道馆的名字是？,動畫中小剛曾和父親擔任過相同的道館館主，這個道館的名字是？,"In the animation, Brock and his father served as the same Leader of the Gym. What is the name of this Gym?",,,,,深灰道馆,深灰道館,Pewter Gym,Pewter Gym,Pewter Gym,Pewter Gym,Pewter Gym,华蓝道馆,華藍道館,Cerulean Gym,Cerulean Gym,Cerulean Gym,Cerulean Gym,Cerulean Gym,常青道馆,常青道館,Viridian Gym,Viridian Gym,Viridian Gym,Viridian Gym,Viridian Gym,枯叶道馆,枯葉道館,Vermilion Gym,Vermilion Gym,Vermilion Gym,Vermilion Gym,Vermilion Gym,1,
5,1,50,101,动画中火箭队口中的“小鬼头”大多时候指的谁？,動畫中火箭隊口中的“小鬼頭”大多時候指的誰？,Who is the “twerp" by the Team Rocket in the animation most of the time?,,,,,小智,小智,Ash,Ash,Ash,Ash,Ash,小刚,小剛,Brock,Brock,Brock,Brock,Brock,小霞,小霞,Misty,Misty,Misty,Misty,Misty,皮卡丘,皮卡丘,Pikachu,Pikachu,Pikachu,Pikachu,Pikachu,1,
6,1,50,102,动画中武藏在城都地区得到的第一只精灵是哪只精灵？,動畫中武藏在城都地區得到的第一只精靈是哪只精靈？,"In the anime, which was the first Pokémon that Jessie got in the Johto area?",,,,,果然翁,果然翁,Wobbuffet,Wobbuffet,Wobbuffet,Wobbuffet,Wobbuffet,大舌头,大舌頭,Lickitung,Lickitung,Lickitung,Lickitung,Lickitung,宝石海星,寶石海星,Starmie,Starmie,Starmie,Starmie,Starmie,喵喵,喵喵,Meowth,Meowth,Meowth,Meowth,Meowth,1,
7,1,50,102,动画中，以下关于武藏说法错误的是哪一项？,動畫中，以下關於武藏說法錯誤的是哪一項？,"In the animation, which of the following statements about Jessie is wrong?",,,,,自幼养尊处优,自幼養尊處優,Pampered since childhood,Pampered since childhood,Pampered since childhood,Pampered since childhood,Pampered since childhood,出生于火箭队世家,出生於火箭隊世家,Born in a Team Rocket family,Born in a Team Rocket family,Born in a Team Rocket family,Born in a Team Rocket family,Born in a Team Rocket family,曾希望成为一名精灵护士,曾希望成為一名精靈護士,She wanted to be an Pokémon nurse,She wanted to be an Pokémon nurse,She wanted to be an Pokémon nurse,She wanted to be an Pokémon nurse,She wanted to be an Pokémon nurse,曾做过电视台主播,曾做過電視臺主播,Used to be a TV anchor,Used to be a TV anchor,Used to be a TV anchor,Used to be a TV anchor,Used to be a TV anchor,1,
8,1,50,102,动画中，以下关于火箭队说法错误的是哪一项？,動畫中，以下關於火箭隊說法錯誤的是哪一項？,"In the animation, which one of the following statements about the Team Rocket is wrong?",,,,,火箭队最初是由坂木创立的,火箭隊最初是由阪木創立的,Team Rocket were originally founded by Giovanni,Team Rocket were originally founded by Giovanni,Team Rocket were originally founded by Giovanni,Team Rocket were originally founded by Giovanni,Team Rocket were originally founded by Giovanni,一家股票上市公司,一家股票上市公司,A stock company,A stock company,A stock company,A stock company,A stock company,大型跨国、跨地区的公司,大型跨國、跨地區的公司,Large multinational and multi-regional company,Large multinational and multi-regional company,Large multinational and multi-regional company,Large multinational and multi-regional company,Large multinational and multi-regional company,为每一位队员提供完善的福利待遇,為每一位隊員提供完善的福利待遇,Provide complete benefits for each team member,Provide complete benefits for each team member,Provide complete benefits for each team member,Provide complete benefits for each team member,Provide complete benefits for each team member,1,
9,1,50,102,动画中，以下关于小次郎说法错误的是哪一项？,動畫中，以下關於小次郎說法錯誤的是哪一項？,"In the animation, which one of the following statements about James is wrong?",,,,,心底温柔也很残忍,心底溫柔也很殘忍,With a tender heart but also cruel,With a tender heart but also cruel,With a tender heart but also cruel,With a tender heart but also cruel,With a tender heart but also cruel,超级富二代,超級富二代,Super rich kid,Super rich kid,Super rich kid,Super rich kid,Super rich kid,曾设计过畅销瓶盖徽章,曾設計過暢銷瓶蓋徽章,Have designed a best-selling bottle cap badge,Have designed a best-selling bottle cap badge,Have designed a best-selling bottle cap badge,Have designed a best-selling bottle cap badge,Have designed a best-selling bottle cap badge,一名黑客,一名黑客,A hacker,A hacker,A hacker,A hacker,A hacker,1,
10,1,50,103,动画中，没有出现过以下哪只异色精灵？,動畫中，沒有出現過以下哪只異色精靈？,Which of the following shiny Pokémon did not appear in the animation?,,,,,梦幻,夢幻,Mew,Mew,Mew,Mew,Mew,巨金怪,巨金怪,Metagross,Metagross,Metagross,Metagross,Metagross,鲤鱼王,鯉魚王,Magikarp,Magikarp,Magikarp,Magikarp,Magikarp,巴大蝶,巴大蝶,Butterfree,Butterfree,Butterfree,Butterfree,Butterfree,1,
11,1,50,104,剧场版动画【骑拉帝纳与冰空的花束】中，谢米的特殊能力是什么？,劇場版動畫【騎拉帝納與冰空的花束】中，謝米的特殊能力是什麽？,What are Shaymin's special abilities in the movie [Giratina and the Sky Warrior]?,,,,,花之传递,花之傳遞,Flower Delivery,Flower Delivery,Flower Delivery,Flower Delivery,Flower Delivery,花海召唤,花海召喚,Flower Field Summon,Flower Field Summon,Flower Field Summon,Flower Field Summon,Flower Field Summon,花之眷顾,花之眷顧,Favor of Flowers,Favor of Flowers,Favor of Flowers,Favor of Flowers,Favor of Flowers,花之复苏,花之復蘇,Flower Recovery,Flower Recovery,Flower Recovery,Flower Recovery,Flower Recovery,1,
12,1,50,104,剧场版动画【光环的超魔神】中，胡帕的真身因为100年前的肆虐而被封印，封印胡帕的道具是？,劇場版動畫【光環的超魔神】中，胡帕的真身因為100年前的肆虐而被封印，封印胡帕的道具是？,"In the movie Hoopa and the Clash of Ages], Hoopa was sealed because of the raging 100 years ago. What was the item that sealed Hoopa?",,,,,惩戒之壶,懲戒之壺,Prison Bottle,Prison Bottle,Prison Bottle,Prison Bottle,Prison Bottle,封印之壶,封印之壺,Imprison Bottle,Imprison Bottle,Imprison Bottle,Imprison Bottle,Imprison Bottle,救赎之壶,救贖之壺,Redemption Bottle,Redemption Bottle,Redemption Bottle,Redemption Bottle,Redemption Bottle,审判之壶,審判之壺,Judgment Bottle,Judgment Bottle,Judgment Bottle,Judgment Bottle,Judgment Bottle,1,
13,1,50,104,剧场版动画【超梦的逆袭:进化】中，是谁被超梦控制了？,劇場版動畫【超夢的逆襲:進化】中，是誰被超夢控制了？,"In the movie  [Mewtwo Strikes Back: Evolution], who is being controlled by Mewtwo?",,,,,乔伊小姐,喬伊小姐,Nurse Joy,Nurse Joy,Nurse Joy,Nurse Joy,Nurse Joy,君莎小姐,君莎小姐,Jenny,Jenny,Jenny,Jenny,Jenny,梦幻,夢幻,Mew,Mew,Mew,Mew,Mew,小霞,小霞,Misty,Misty,Misty,Misty,Misty,1,
14,1,50,104,剧场版动画【结晶塔的帝王】中，小美与她的的父亲秀力博士居住的地方叫什么？,劇場版動畫【結晶塔的帝王】中，小美與她的的父親秀力博士居住的地方叫什麽？,"In the movie ""The Spell of the Unown"", what is the name of the place where Molly Hale lives with her father, Spencer Hale?",,,,,绿色草原,綠色草原,Greenfield,Greenfield,Greenfield,Greenfield,Greenfield,阿露福遗迹,阿露福遺跡,Ruins of Alph,Ruins of Alph,Ruins of Alph,Ruins of Alph,Ruins of Alph,秘密花园,秘密花園,Secret garden,Secret garden,Secret garden,Secret garden,Secret garden,龙之圣域,龍之聖域,Dragon Holy Land,Dragon Holy Land,Dragon Holy Land,Dragon Holy Land,Dragon Holy Land,1,
15,1,30,105,本游戏中，精灵的单项个体值上限值是多少？,本遊戲中，精靈的單項個體值上限值是多少？,"In this game, what is the upper limit of the individual value of the Pokémon?",,,,,31,31,31,31,31,31,31,30,30,30,30,30,30,30,35,35,35,35,35,35,35,41,41,41,41,41,41,41,1,
16,1,30,105,本游戏中，以下哪种方式可以获取到永久称号？,本遊戲中，以下哪種方式可以獲取到永久稱號？,"In this game, which of the following ways can I get the permanent title?",,,,,体力值达到3000,體力值達到3000,Energy reaches 3000,Energy reaches 3000,Energy reaches 3000,Energy reaches 3000,Energy reaches 3000,竞技场第一名,競技場第一名,First place in the arena,First place in the arena,First place in the arena,First place in the arena,First place in the arena,成为道馆荣誉馆主,成為道館榮譽館主,Become the Honor Gym Leader,Become the Honor Gym Leader,Become the Honor Gym Leader,Become the Honor Gym Leader,Become the Honor Gym Leader,图鉴排行第一名,圖鑒排行第一名,Pokédex ranked 1st place,Pokédex ranked 1st place,Pokédex ranked 1st place,Pokédex ranked 1st place,Pokédex ranked 1st place,1,
17,1,30,105,本游戏中，以下哪种属性无法通过继承和其他精灵交换？,本遊戲中，以下哪種屬性無法通過繼承和其他精靈交換？,"In this game, which of the following status cannot be exchanged with other Pokémon through inheritance?",,,,,星级,星級,Star,Star,Star,Star,Star,性格,性格,Nature,Nature,Nature,Nature,Nature,努力值,努力值,Effort value,Effort value,Effort value,Effort value,Effort value,好感度,好感度,Favorability,Favorability,Favorability,Favorability,Favorability,1,
18,1,30,105,本游戏中，以太乐园最高有多少层？,本遊戲中，以太樂園最高有多少層？,"In this game, how many floors are there in the highest level of Aether Paradise?",,,,,7,7,7,7,7,7,7,8,8,8,8,8,8,8,10,10,10,10,10,10,10,6,6,6,6,6,6,6,1,
19,1,30,105,本游戏中，日常副本无法获取到以下哪种道具？,本遊戲中，日常副本無法獲取到以下哪種道具？,"In this game, which of the following items can not be obtained in the daily dungeon?",,,,,神兽万能碎片,神獸萬能碎片,Legendary Universal Shard,Legendary Universal Shard,Legendary Universal Shard,Legendary Universal Shard,Legendary Universal Shard,金币道具,金幣道具,Coin props,Coin props,Coin props,Coin props,Coin props,经验道具,經驗道具,EXP props,EXP props,EXP props,EXP props,EXP props,好感度礼物,好感度禮物,Friendship gift,Friendship gift,Friendship gift,Friendship gift,Friendship gift,1,
20,1,30,105,本游戏中，竞技场每晚几点结算排名奖励？,本遊戲中，競技場每晚幾點結算排名獎勵？,"In this game, what time does the Arena settle the ranking reward every night?",,,,,每天21:00,每天21:00,21:00 each day,21:00 each day,21:00 each day,21:00 each day,21:00 each day,每天21:30,每天21:30,21:30 every day,21:30 every day,21:30 every day,21:30 every day,21:30 every day,每天22:00,每天22:00,Every day at 22:00,Every day at 22:00,Every day at 22:00,Every day at 22:00,Every day at 22:00,每天20:30,每天20:30,20:30 every day,20:30 every day,20:30 every day,20:30 every day,20:30 every day,1,
21,1,30,105,本游戏中，精灵星级达到多少后开启极限属性培养？,本遊戲中，精靈星級達到多少後開啟極限屬性培養？,"In this game, how many stars level will Pokémon unlock the extreme attribute training?",,,,,12,12,12,12,12,12,12,4,4,4,4,4,4,4,8,8,8,8,8,8,8,10,10,10,10,10,10,10,1,
22,1,50,106,哪只精灵不可以超进化？,哪只精靈不可以超進化？,Which Pokémon cannot be Mega evolution?,,,,,罗丝雷朵,羅絲雷朵,Roserade,Roserade,Roserade,Roserade,Roserade,喷火龙,噴火龍,Charizard,Charizard,Charizard,Charizard,Charizard,大钢蛇,大鋼蛇,Steelix,Steelix,Steelix,Steelix,Steelix,勾魂眼,勾魂眼,Sableye,Sableye,Sableye,Sableye,Sableye,1,
23,1,50,106,以下哪只精灵可以超进化？,以下哪只精靈可以超進化？,Which of the following Pokémon can be Mega evolution?,,,,,电龙,電龍,Ampharos,Ampharos,Ampharos,Ampharos,Ampharos,皮卡丘,皮卡丘,Pikachu,Pikachu,Pikachu,Pikachu,Pikachu,樱花鱼,櫻花魚,Gorebyss,Gorebyss,Gorebyss,Gorebyss,Gorebyss,漂浮泡泡,漂浮泡泡,Castform,Castform,Castform,Castform,Castform,1,
24,1,50,106,以下哪只精灵进化后有多种分支形态？,以下哪只精靈進化後有多種分支形態？,Which of the following Pokémon has multiple evolution branch?,,,,,无畏小子,無畏小子,Tyrogue,Tyrogue,Tyrogue,Tyrogue,Tyrogue,小磁怪,小磁怪,Magnemite,Magnemite,Magnemite,Magnemite,Magnemite,搬运小匠,搬運小匠,Timburr,Timburr,Timburr,Timburr,Timburr,凯西,凱西,Abra,Abra,Abra,Abra,Abra,1,
25,1,50,106,以下哪只精灵进化后会成为蚊香君,以下哪只精靈進化後會成為蚊香君,Which of the following Pokémon will evolve to become Poliwhirl?,,,,,蚊香蝌蚪,蚊香蝌蚪,Poliwag,Poliwag,Poliwag,Poliwag,Poliwag,蚊香泳士,蚊香泳士,Poliwrath,Poliwrath,Poliwrath,Poliwrath,Poliwrath,蚊香蛙皇,蚊香蛙皇,Politoed,Politoed,Politoed,Politoed,Politoed,水跃鱼,水躍魚,Mudkip,Mudkip,Mudkip,Mudkip,Mudkip,1,
26,1,50,106,喷火龙超进化为X形态后尾部火焰是什么颜色？,噴火龍超進化為X形態後尾部火焰是什麽顏色？,"After Charizard Mega-evolve into the X form, what color is the tail flame?",,,,,蓝色,藍色,Blue,Blue,Blue,Blue,Blue,红色,紅色,Red,Red,Red,Red,Red,紫色,紫色,Purple,Purple,Purple,Purple,Purple,橙色,橙色,Orange,Orange,Orange,Orange,Orange,1,
27,1,50,111,闪光烈空座是什么颜色？,閃光烈空座是什麽顏色？,What color is the shiny Rayquaza?,,,,,黑色,黑色,Black,Black,Black,Black,Black,金色,金色,Golden,Golden,Golden,Golden,Golden,白色,白色,White,White,White,White,White,绿色,綠色,Green,Green,Green,Green,Green,1,
28,1,50,112,绿毛虫是否能够进化为烈空座？,綠毛蟲是否能夠進化為烈空座？,Can the Caterpie evolve into Rayquaza?,,,,,不能，不同种族,不能，不同種族,"No, different races","No, different races","No, different races","No, different races","No, different races",可以，明明长得很像,可以，明明長得很像,"Yes, it looks very similar","Yes, it looks very similar","Yes, it looks very similar","Yes, it looks very similar","Yes, it looks very similar",可以，跨种族进化,可以，跨種族進化,"Yes, interracial evolution","Yes, interracial evolution","Yes, interracial evolution","Yes, interracial evolution","Yes, interracial evolution",无法考证,無法考證,Unable to verify,Unable to verify,Unable to verify,Unable to verify,Unable to verify,1,
29,2,50,201,动画中小智的皮卡丘是什么性别？,動畫中小智的皮卡丘是什麽性別？,What is the gender of Ash’s Pikachu in the animation?,,,,,雄性,雄性,Male,Male,Male,Male,Male,雌性,雌性,Female,Female,Female,Female,Female,无性别,無性別,No gender,No gender,No gender,No gender,No gender,无法考证,無法考證,Unable to verify,Unable to verify,Unable to verify,Unable to verify,Unable to verify,1,
30,2,50,201,动画中小智收服的以下精灵中，哪只是最重的？,動畫中小智收服的以下精靈中，哪只是最重的？,"The following Pokémon that Ash got in the animation, which is the heaviest?",,,,,美录梅塔,美錄梅塔,Melmetal,Melmetal,Melmetal,Melmetal,Melmetal,大钢蛇,大鋼蛇,Steelix,Steelix,Steelix,Steelix,Steelix,卡比兽,卡比獸,Snorlax,Snorlax,Snorlax,Snorlax,Snorlax,土台龟,土臺龜,Torterra,Torterra,Torterra,Torterra,Torterra,1,
31,2,50,201,动画中皮卡丘没有模仿过谁？,動畫中皮卡丘沒有模仿過誰？,Who did Pikachu not imitate in the animation?,,,,,瓦斯弹,瓦斯彈,Koffing,Koffing,Koffing,Koffing,Koffing,喵喵,喵喵,Meowth,Meowth,Meowth,Meowth,Meowth,果然翁,果然翁,Wobbuffet,Wobbuffet,Wobbuffet,Wobbuffet,Wobbuffet,森林蜥蜴,森林蜥蜴,Grovyle,Grovyle,Grovyle,Grovyle,Grovyle,1,
32,2,50,201,动画中小刚原本是一位道馆馆主，在和小智一行旅行后，又决定成为一名？,動畫中小剛原本是一位道館館主，在和小智一行旅行後，又決定成為一名？,"In the animation, Brock was originally a Leader of Gym. After traveling with Ash and his party, he decided to become one?",,,,,精灵医生,精靈醫生,Pokémon Doctor,Pokémon Doctor,Pokémon Doctor,Pokémon Doctor,Pokémon Doctor,精灵表演家,精靈表演家,Pokémon showman,Pokémon showman,Pokémon showman,Pokémon showman,Pokémon showman,精灵大师,精靈大師,Pokémon Master,Pokémon Master,Pokémon Master,Pokémon Master,Pokémon Master,精灵博士,精靈博士,Pokémon Professor,Pokémon Professor,Pokémon Professor,Pokémon Professor,Pokémon Professor,1,
33,2,50,201,动画中小刚的父亲是谁？,動畫中小剛的父親是誰？,Who is Brock's father in the animation?,,,,,武能,武能,Flint,Flint,Flint,Flint,Flint,武藏,武藏,Jessie,Jessie,Jessie,Jessie,Jessie,小米,小米,Lola,Lola,Lola,Lola,Lola,小光,小光,Dawn,Dawn,Dawn,Dawn,Dawn,1,
34,2,50,201,动画中小霞曾拥有的哪只精灵不会游泳？,動畫中小霞曾擁有的哪只精靈不會遊泳？,Which Pokémon Misty owned in the animation can't swim?,,,,,可达鸭,可達鴨,Psyduck,Psyduck,Psyduck,Psyduck,Psyduck,暴鲤龙,暴鯉龍,Gyarados,Gyarados,Gyarados,Gyarados,Gyarados,海星星,海星星,Staryu,Staryu,Staryu,Staryu,Staryu,蚊香蛙皇,蚊香蛙皇,Politoed,Politoed,Politoed,Politoed,Politoed,1,
35,2,50,201,动画中小霞最不能接受哪种属性的精灵？,動畫中小霞最不能接受哪種屬性的精靈？,What type of Pokémon is the least acceptable to Misty in the animation?,,,,,虫系,蟲系,Bug Type,Bug Type,Bug Type,Bug Type,Bug Type,冰系,冰系,Ice type,Ice type,Ice type,Ice type,Ice type,草系,草系,Grass type,Grass type,Grass type,Grass type,Grass type,电系,電系,Electric Type,Electric Type,Electric Type,Electric Type,Electric Type,1,
36,2,50,201,动画中小霞成为华蓝道馆馆主后，克服了对哪只精灵的心理恐惧？,動畫中小霞成為華藍道館館主後，克服了對哪只精靈的心理恐懼？,"In the animation, after Misty became the Gym Leader of the Cerulean Gym, which Pokémon has she overcome her fear?",,,,,暴鲤龙,暴鯉龍,Gyarados,Gyarados,Gyarados,Gyarados,Gyarados,鲤鱼王,鯉魚王,Magikarp,Magikarp,Magikarp,Magikarp,Magikarp,可达鸭,可達鴨,Psyduck,Psyduck,Psyduck,Psyduck,Psyduck,派拉斯,派拉斯,Paras,Paras,Paras,Paras,Paras,1,
37,2,50,201,动画中小智的哪只精灵因为喜欢上武藏，小智只好忍痛割爱将它借给武藏参加华丽大赛？,動畫中小智的哪只精靈因為喜歡上武藏，小智只好忍痛割愛將它借給武藏參加華麗大賽？,"Which Pokémon of Ash in the animation loves Jessie, and Ash had to give up and lend it to Jessie to participate in the Pokémon contest?",,,,,长尾怪手,長尾怪手,Aipom,Aipom,Aipom,Aipom,Aipom,皮卡丘,皮卡丘,Pikachu,Pikachu,Pikachu,Pikachu,Pikachu,妙蛙种子,妙蛙種子,Bulbasaur,Bulbasaur,Bulbasaur,Bulbasaur,Bulbasaur,魔墙人偶,魔墻人偶,Mr. Mime,Mr. Mime,Mr. Mime,Mr. Mime,Mr. Mime,1,
38,2,50,202,动画中以下没有穿过女装的是谁？,動畫中以下沒有穿過女裝的是誰？,Who is the following who did not wear girl's cloth in the animation?,,,,,小刚,小剛,Brock,Brock,Brock,Brock,Brock,喵喵,喵喵,Meowth,Meowth,Meowth,Meowth,Meowth,小次郎,小次郎,James,James,James,James,James,小智,小智,Ash,Ash,Ash,Ash,Ash,1,
39,2,50,202,动画中唯一一个不以传说精灵为目标的敌对组织是哪个,動畫中唯一一個不以傳說精靈為目標的敵對組織是哪個,Which is the only opponent organization in the animation that does not aim legendary Pokémon as target?,,,,,火箭队,火箭隊,Team Rocket,Team Rocket,Team Rocket,Team Rocket,Team Rocket,熔岩队,熔巖隊,Team Magma,Team Magma,Team Magma,Team Magma,Team Magma,海洋队,海洋隊,Team Aqua,Team Aqua,Team Aqua,Team Aqua,Team Aqua,等离子队,等離子隊,Team Plasma,Team Plasma,Team Plasma,Team Plasma,Team Plasma,1,
40,2,50,202,动画中用于给火箭队传递信息的是什么精灵？,動畫中用於給火箭隊傳遞信息的是什麽精靈？,What Pokémon are used in the animation to convey information to the Team Rocket?,,,,,信使鸟,信使鳥,Delibird,Delibird,Delibird,Delibird,Delibird,喵喵,喵喵,Meowth,Meowth,Meowth,Meowth,Meowth,猫老大,貓老大,Persian,Persian,Persian,Persian,Persian,风铃铃,風鈴鈴,Chimecho,Chimecho,Chimecho,Chimecho,Chimecho,1,
41,2,50,202,动画中火箭队的BOSS是谁？,動畫中火箭隊的BOSS是誰？,Who is the boss of the Team Rocket in the animation?,,,,,坂木,阪木,Giovanni,Giovanni,Giovanni,Giovanni,Giovanni,真鸟,真鳥,Matori,Matori,Matori,Matori,Matori,阿波罗,阿波羅,Archer,Archer,Archer,Archer,Archer,喵喵,喵喵,Meowth,Meowth,Meowth,Meowth,Meowth,1,
42,2,50,202,动画中火箭队总部曾被哪只神兽破坏过？,動畫中火箭隊總部曾被哪只神獸破壞過？,"In the animation, the Team Rocket headquarters was destroyed by which Legendary Pokémon?",,,,,超梦,超夢,Mew-two,Mew-two,Mew-two,Mew-two,Mew-two,洛奇亚,洛奇亞,Lugia,Lugia,Lugia,Lugia,Lugia,凤王,鳳王,Ho-Oh,Ho-Oh,Ho-Oh,Ho-Oh,Ho-Oh,烈空座,烈空座,Rayquaza,Rayquaza,Rayquaza,Rayquaza,Rayquaza,1,
43,2,50,202,动画中武藏的恋爱次数至少有多少次？,動畫中武藏的戀愛次數至少有多少次？,How many times did Jessie fall in love in the anime at least?,,,,,152,152,152,152,152,152,152,521,521,521,521,521,521,521,251,251,251,251,251,251,251,150,150,150,150,150,150,150,1,
44,2,50,203,动画中，熔岩队在绝大多数登场时间里都在调查哪只精灵的所在地？,動畫中，熔巖隊在絕大多數登場時間裏都在調查哪只精靈的所在地？,"In the animation, the Team Magma is investigating the location of which Pokémon most of the time?",,,,,固拉多,固拉多,Groudon,Groudon,Groudon,Groudon,Groudon,凤王,鳳王,Ho-Oh,Ho-Oh,Ho-Oh,Ho-Oh,Ho-Oh,波尔凯尼恩,波爾凱尼恩,Volcanion,Volcanion,Volcanion,Volcanion,Volcanion,炎帝,炎帝,Entei,Entei,Entei,Entei,Entei,1,
45,2,50,203,动画中，和熔岩队因为理念不同对于对立的邪恶组织是？,動畫中，和熔巖隊因為理念不同對於對立的邪惡組織是？,"In the animation, who is the opponent of the evil organization Team magma because of different concepts?",,,,,海洋队,海洋隊,Team Aqua,Team Aqua,Team Aqua,Team Aqua,Team Aqua,火箭队,火箭隊,Team Rocket,Team Rocket,Team Rocket,Team Rocket,Team Rocket,银河队,銀河隊,Team Galactic,Team Galactic,Team Galactic,Team Galactic,Team Galactic,等离子队,等離子隊,Team Plasma,Team Plasma,Team Plasma,Team Plasma,Team Plasma,1,
46,2,50,203,动画中，以下哪只邪恶组织因为特殊原因没有在播出的动画中出现过？,動畫中，以下哪只邪惡組織因為特殊原因沒有在播出的動畫中出現過？,"In the animation, which of the following evil organizations did not appear in the broadcast animation due to special reasons?",,,,,等离子队,等離子隊,Team Plasma,Team Plasma,Team Plasma,Team Plasma,Team Plasma,海洋队,海洋隊,Team Aqua,Team Aqua,Team Aqua,Team Aqua,Team Aqua,骷髅队,骷髏隊,Team Skull,Team Skull,Team Skull,Team Skull,Team Skull,闪焰队,閃焰隊,Team Flare,Team Flare,Team Flare,Team Flare,Team Flare,1,
47,2,50,203,动画中，闪焰队到处寻找并研究的精灵是以下哪一只？,動畫中，閃焰隊到處尋找並研究的精靈是以下哪一只？,"In the animation, which one of the following Pokémon is Team Flare looking for and researching?",,,,,基格尔德,基格爾德,Zygarde,Zygarde,Zygarde,Zygarde,Zygarde,伊裴尔塔尔,伊裴爾塔爾,Yveltal,Yveltal,Yveltal,Yveltal,Yveltal,哲尔尼亚斯,哲爾尼亞斯,Xerneas,Xerneas,Xerneas,Xerneas,Xerneas,音波龙,音波龍,Noivern,Noivern,Noivern,Noivern,Noivern,1,
48,2,50,204,除了以下哪只精灵，其他精灵都只在动画中出现过？,除了以下哪只精靈，其他精靈都只在動畫中出現過？,"Except for which of the following Pokémon, other Pokémon have only appeared in the animation?",,,,,闪光耿鬼,閃光耿鬼,Shiny Gengar,Shiny Gengar,Shiny Gengar,Shiny Gengar,Shiny Gengar,水晶大岩蛇,水晶大巖蛇,Crystal Onix,Crystal Onix,Crystal Onix,Crystal Onix,Crystal Onix,雪人卡比兽,雪人卡比獸,Snowman Snorlax,Snowman Snorlax,Snowman Snorlax,Snowman Snorlax,Snowman Snorlax,黄金树才怪,黃金樹才怪,Golden Sudowoodo,Golden Sudowoodo,Golden Sudowoodo,Golden Sudowoodo,Golden Sudowoodo,1,
49,2,50,205,剧场版动画【水都的守护神 拉帝亚斯与拉帝欧斯】中，小霞使用的水系精灵是什么？,劇場版動畫【水都的守護神 拉帝亞斯與拉帝歐斯】中，小霞使用的水系精靈是什麽？,"In movie [Pokémon Heroes - Latios and Latias], what is the water Pokémon used by Misty?",,,,,太阳珊瑚,太陽珊瑚,Corsola,Corsola,Corsola,Corsola,Corsola,蚊香泳士,蚊香泳士,Poliwrath,Poliwrath,Poliwrath,Poliwrath,Poliwrath,暴鲤龙,暴鯉龍,Gyarados,Gyarados,Gyarados,Gyarados,Gyarados,宝石海星,寶石海星,Starmie,Starmie,Starmie,Starmie,Starmie,1,
50,2,50,205,剧场版动画【精灵巡护员与苍海的王子】中玛纳霏曾认定谁是妈妈？,劇場版動畫【精靈巡護員與蒼海的王子】中瑪納霏曾認定誰是媽媽？,"In movie [Pokémon Ranger and the Temple of the Sea], who did Manaphy think is his mother?",,,,,小遥,小遙,May,May,May,May,May,小霞,小霞,Misty,Misty,Misty,Misty,Misty,小光,小光,Dawn,Dawn,Dawn,Dawn,Dawn,小胜,小勝,Max,Max,Max,Max,Max,1,
51,2,50,205,剧场版动画【洛奇亚爆诞】中小智和洛奇亚掉入到冰河中，是谁跳入冰河救的小智？,劇場版動畫【洛奇亞爆誕】中小智和洛奇亞掉入到冰河中，是誰跳入冰河救的小智？,"In movie [Pokémon the Movie 2000: The Power of One], Ash and Lugia fell into the ice river, who was the one who saved Ash and jumping into the ice river?",,,,,小霞,小霞,Misty,Misty,Misty,Misty,Misty,小刚,小剛,Brock,Brock,Brock,Brock,Brock,芙罗拉,芙羅拉,Melody,Melody,Melody,Melody,Melody,小茂,小茂,Gary Oak,Gary Oak,Gary Oak,Gary Oak,Gary Oak,1,
52,2,50,205,剧场版动画【骑拉帝纳与冰空的花束】中，骑拉帝纳追踪帝牙卢卡的原因是什么？,劇場版動畫【騎拉帝納與冰空的花束】中，騎拉帝納追蹤帝牙盧卡的原因是什麽？,"In the movie [Giratina and the Sky Warrior], what is the reason Giratina is tracking Dialga?",,,,,因为反转世界受到了污染,因為反轉世界受到了汙染,Because the Reverse World is polluted,Because the Reverse World is polluted,Because the Reverse World is polluted,Because the Reverse World is polluted,Because the Reverse World is polluted,因为以往的恩怨,因為以往的恩怨,Because of past grudges,Because of past grudges,Because of past grudges,Because of past grudges,Because of past grudges,因为都有时空穿梭的能力,因為都有時空穿梭的能力,Because they have the ability to travel through time and space,Because they have the ability to travel through time and space,Because they have the ability to travel through time and space,Because they have the ability to travel through time and space,Because they have the ability to travel through time and space,夺回帝牙卢卡身上的某些物品,奪回帝牙盧卡身上的某些物品,Retake certain items from Dialga,Retake certain items from Dialga,Retake certain items from Dialga,Retake certain items from Dialga,Retake certain items from Dialga,1,
53,2,50,205,剧场版动画【阿尔宙斯 超克的时空】在谁的帮助下小智一行人穿越时空？,劇場版動畫【阿爾宙斯 超克的時空】在誰的幫助下小智一行人穿越時空？,In mive [Arceus and the Jewel of Life] Ash and his party travel through time and space under whose help?,,,,,帝牙卢卡,帝牙盧卡,Dialga,Dialga,Dialga,Dialga,Dialga,帕路奇亚,帕路奇亞,Palkia,Palkia,Palkia,Palkia,Palkia,骑拉帝纳,騎拉帝納,Giratina,Giratina,Giratina,Giratina,Giratina,阿尔宙斯,阿爾宙斯,Arceus,Arceus,Arceus,Arceus,Arceus,1,
54,2,50,205,剧场版动画【幻影的霸者 索罗亚克】中，哪几只神兽在街道上暴走？,劇場版動畫【幻影的霸者 索羅亞克】中，哪幾只神獸在街道上暴走？,"In movie [Zoroark: Master of Illusions], which legendary Pokémon is raging on the streets?",,,,,雷公，炎帝，水君,雷公，炎帝，水君,"Raikou, Entei, Suicune","Raikou, Entei, Suicune","Raikou, Entei, Suicune","Raikou, Entei, Suicune","Raikou, Entei, Suicune",火焰鸟，闪电鸟，急冻鸟,火焰鳥，閃電鳥，急凍鳥,"Moltres, Zapdos, Articuno","Moltres, Zapdos, Articuno","Moltres, Zapdos, Articuno","Moltres, Zapdos, Articuno","Moltres, Zapdos, Articuno",雷吉洛克，雷吉斯奇鲁，雷吉艾斯,雷吉洛克，雷吉斯奇魯，雷吉艾斯,"Regirock, Registeel, Regice","Regirock, Registeel, Regice","Regirock, Registeel, Regice","Regirock, Registeel, Regice","Regirock, Registeel, Regice",帝牙卢卡，帕路奇亚，骑拉帝纳,帝牙盧卡，帕路奇亞，騎拉帝納,"Dialga, Palkia, Giratina","Dialga, Palkia, Giratina","Dialga, Palkia, Giratina","Dialga, Palkia, Giratina","Dialga, Palkia, Giratina",1,
55,2,50,205,大电影【名侦探皮卡丘】中，没有出现过的精灵是哪一只？,大電影【名偵探皮卡丘】中，沒有出現過的精靈是哪一只？,"In movie [Detective Pikachu], which Pokémon did not appeared ?",,,,,暴雪王,暴雪王,Abomasnow,Abomasnow,Abomasnow,Abomasnow,Abomasnow,爆炸头水牛,爆炸頭水牛,Bouffalant,Bouffalant,Bouffalant,Bouffalant,Bouffalant,利欧路,利歐路,Riolu,Riolu,Riolu,Riolu,Riolu,魔墙人偶,魔墻人偶,Mr. Mime,Mr. Mime,Mr. Mime,Mr. Mime,Mr. Mime,1,
56,2,50,205,剧场版动画【超梦的逆袭:进化】在日本上映于哪一年？,劇場版動畫【超夢的逆襲:進化】在日本上映於哪一年？,Which year did movie [Mewtwo Strikes Back: Evolution] been released in Japan?,,,,,2019,2019,2019,2019,2019,2019,2019,2020,2020,2020,2020,2020,2020,2020,1998,1998,1998,1998,1998,1998,1998,2018,2018,2018,2018,2018,2018,2018,1,
57,2,50,205,剧场版动画【就决定是你了!】中，在小智受到冲击波攻击倒地之后，皮卡丘开口说了一句什么话，令人感动落泪？,劇場版動畫【就決定是你了!】中，在小智受到沖擊波攻擊倒地之後，皮卡丘開口說了一句什麽話，令人感動落淚？,"In movie [Pokémon the Movie: I Choose You! ], after Ash fell to the ground by shock wave, what did Pikachu say that touched people to tears?",,,,,",因为...因为...想一直...在一起",",因為...因為...想一直...在一起",Because...because...want to stay...together,Because...because...want to stay...together,Because...because...want to stay...together,Because...because...want to stay...together,Because...because...want to stay...together,再...见~,再...見~,Goodbye... See you~,Goodbye... See you~,Goodbye... See you~,Goodbye... See you~,Goodbye... See you~,约..定好了，再见~,約..定好了，再見~,"The appointment... is set, goodbye~","The appointment... is set, goodbye~","The appointment... is set, goodbye~","The appointment... is set, goodbye~","The appointment... is set, goodbye~",十万伏特!,十萬伏特!,“Thunderbolt!”,“Thunderbolt!”,“Thunderbolt!”,“Thunderbolt!”,“Thunderbolt!”,1,
58,2,50,205,剧场版动画【裂空的访问者 代欧奇希斯】中，哪个城市系统的瘫痪导致了精灵球管理系统的瘫痪，使得所有人的精灵球都无法使用？,劇場版動畫【裂空的訪問者 代歐奇希斯】中，哪個城市系統的癱瘓導致了精靈球管理系統的癱瘓，使得所有人的精靈球都無法使用？,"In movie [Pokémon: Destiny Deoxys], which city system's paralysis caused the paralysis of the pokéball management system, making everyone's pokéball unusable?",,,,,拉鲁斯市,拉魯斯市,LaRousse City,LaRousse City,LaRousse City,LaRousse City,LaRousse City,赛罗斯镇,賽羅斯鎮,Cerosi Town,Cerosi Town,Cerosi Town,Cerosi Town,Cerosi Town,普里加市,普裏加市,Purika City,Purika City,Purika City,Purika City,Purika City,飞云市,飛雲市,Castelia City,Castelia City,Castelia City,Castelia City,Castelia City,1,
59,2,50,205,剧场版动画【决战时空之塔】中，出现的3只神兽精灵是？,劇場版動畫【決戰時空之塔】中，出現的3只神獸精靈是？,"In movie [Pokémon: The Rise of Darkrai], who are the 3 legendary Pokémon that appear?",,,,,帝牙卢卡 帕路奇亚 达克莱伊,帝牙盧卡 帕路奇亞 達克萊伊,"Dialga, Palkia, Darkrai","Dialga, Palkia, Darkrai","Dialga, Palkia, Darkrai","Dialga, Palkia, Darkrai","Dialga, Palkia, Darkrai",帝牙卢卡 帕路奇亚 骑拉帝纳,帝牙盧卡 帕路奇亞 騎拉帝納,Dialga Palkia Giratina,Dialga Palkia Giratina,Dialga Palkia Giratina,Dialga Palkia Giratina,Dialga Palkia Giratina,帝牙卢卡 骑拉帝纳 达克莱伊,帝牙盧卡 騎拉帝納 達克萊伊,Dialga Giratina Darkrai,Dialga Giratina Darkrai,Dialga Giratina Darkrai,Dialga Giratina Darkrai,Dialga Giratina Darkrai,骑拉帝纳 帕路奇亚 达克莱伊,騎拉帝納 帕路奇亞 達克萊伊,"Giratina, Palkia, Darkrai","Giratina, Palkia, Darkrai","Giratina, Palkia, Darkrai","Giratina, Palkia, Darkrai","Giratina, Palkia, Darkrai",1,
60,2,20,206,本游戏中，以下哪种精灵不能作为精灵升星的材料？,本遊戲中，以下哪種精靈不能作為精靈升星的材料？,"In this game, which of the following Pokémon cannot be used as the material for Pokémon to star up?",,,,,一只已满星级的同系列精灵,一只已滿星級的同系列精靈,An Pokémon of the same series that has been full star,An Pokémon of the same series that has been full star,An Pokémon of the same series that has been full star,An Pokémon of the same series that has been full star,An Pokémon of the same series that has been full star,百变怪,百變怪,Ditto,Ditto,Ditto,Ditto,Ditto,万能碎片转化合成而来的同系列精灵,萬能碎片轉化合成而來的同系列精靈,Pokémon of same series that combined by universal shards,Pokémon of same series that combined by universal shards,Pokémon of same series that combined by universal shards,Pokémon of same series that combined by universal shards,Pokémon of same series that combined by universal shards,未培养的同系列精灵,未培養的同系列精靈,Untrained Pokémon of the same series,Untrained Pokémon of the same series,Untrained Pokémon of the same series,Untrained Pokémon of the same series,Untrained Pokémon of the same series,1,
61,2,20,206,本游戏中，满星后会开启精灵极限属性培养，以下哪个属性无法得到提升？,本遊戲中，滿星後會開啟精靈極限屬性培養，以下哪個屬性無法得到提升？,"In this game, the Pokémon's extreme attribute training will start after the full star. Which of the following status cannot be improved?",,,,,速度,速度,speed,speed,speed,speed,speed,破抵御,破抵禦,Block Break rate,Block Break rate,Block Break rate,Block Break rate,Block Break rate,暴击率,暴擊率,Crit rate,Crit rate,Crit rate,Crit rate,Crit rate,暴击抗性,暴擊抗性,Crit resist,Crit resist,Crit resist,Crit resist,Crit resist,1,
62,2,20,206,本游戏中，以下哪个系统可以免费获得到玩法特权加成？,本遊戲中，以下哪個系統可以免費獲得到玩法特權加成？,"In this game, which of the following systems can get the bonus of gameplay privileges for free?",,,,,冒险执照,冒險執照,Adventure license,Adventure license,Adventure license,Adventure license,Adventure license,vip,vip,vip,vip,vip,vip,vip,月卡,月卡,Monthly card,Monthly card,Monthly card,Monthly card,Monthly card,通行证,通行證,Passport,Passport,Passport,Passport,Passport,1,
63,2,20,206,本游戏中，以下关于道馆说法错误是哪一项？,本遊戲中，以下關於道館說法錯誤是哪一項？,"In this game, which one of the following statements about Gym is wrong?",,,,,每周的道馆日志可以永久保存,每周的道館日誌可以永久保存,The weekly gym log can be kept forever,The weekly gym log can be kept forever,The weekly gym log can be kept forever,The weekly gym log can be kept forever,The weekly gym log can be kept forever,道馆副本每周重置,道館副本每周重置,Gym dungeon will be reset every week,Gym dungeon will be reset every week,Gym dungeon will be reset every week,Gym dungeon will be reset every week,Gym dungeon will be reset every week,道馆副本难度受自身战斗力影响,道館副本難度受自身戰鬥力影響,The difficulty of Gym dungeon is affected by own CP,The difficulty of Gym dungeon is affected by own CP,The difficulty of Gym dungeon is affected by own CP,The difficulty of Gym dungeon is affected by own CP,The difficulty of Gym dungeon is affected by own CP,可以获得徽章强化材料,可以獲得徽章強化材料,Can get badge enhancement materials,Can get badge enhancement materials,Can get badge enhancement materials,Can get badge enhancement materials,Can get badge enhancement materials,1,
64,2,20,206,本游戏中，挑战冒险之路可以获得培养精灵的什么？,本遊戲中，挑戰冒險之路可以獲得培養精靈的什麽？,"In this game, what can be obtained to build Pokémon by challenging the adventure road?",,,,,努力值,努力值,Effort value,Effort value,Effort value,Effort value,Effort value,潜能,潛能,Potential,Potential,Potential,Potential,Potential,符石,符石,Runes,Runes,Runes,Runes,Runes,星级,星級,Star,Star,Star,Star,Star,1,
65,2,20,206,本游戏中，玩家vip等级达到多少后，石英大会可以每天自动报名？,本遊戲中，玩家vip等級達到多少後，石英大會可以每天自動報名？,"In this game, Indigo Conference can auto register after reaches which VIP level?",,,,,3,3,3,3,3,3,3,5,5,5,5,5,5,5,4,4,4,4,4,4,4,2,2,2,2,2,2,2,1,
66,2,20,206,本游戏中，公会战的决赛时间在每周几？,本遊戲中，公會戰的決賽時間在每周幾？,"In this game, when is the final match of the guild war every week?",,,,,周六,周六,on Saturday,on Saturday,on Saturday,on Saturday,on Saturday,周五,周五,Friday,Friday,Friday,Friday,Friday,周四,周四,Thursday,Thursday,Thursday,Thursday,Thursday,周日,周日,Sunday,Sunday,Sunday,Sunday,Sunday,1,
67,2,20,206,本游戏中，以下关于神秘商店说法错误的是哪一项？,本遊戲中，以下關於神秘商店說法錯誤的是哪一項？,"In this game, which one of the following statements about the mystery shop is wrong?",,,,,神秘商店会一直存在,神秘商店會一直存在,The mystery store will always exist,The mystery store will always exist,The mystery store will always exist,The mystery store will always exist,The mystery store will always exist,每天都有触发次数的限制,每天都有觸發次數的限制,There is a limit of times triggering per day,There is a limit of times triggering per day,There is a limit of times triggering per day,There is a limit of times triggering per day,There is a limit of times triggering per day,消耗一定体力后有几率刷新出,消耗一定體力後有幾率刷新出,Chance to refresh after using a certain amount of energy,Chance to refresh after using a certain amount of energy,Chance to refresh after using a certain amount of energy,Chance to refresh after using a certain amount of energy,Chance to refresh after using a certain amount of energy,多数商品拥有折扣价格,多數商品擁有折扣價格,Most products have discounted prices,Most products have discounted prices,Most products have discounted prices,Most products have discounted prices,Most products have discounted prices,1,
68,2,20,206,本游戏中，玩家等级达到多少级时可开启大招跳过？,本遊戲中，玩家等級達到多少級時可開啟大招跳過？,"In this game, when player's level reaches how many levels, can use the ultimate skip?",,,,,15,15,15,15,15,15,15,1,1,1,1,1,1,1,10,10,10,10,10,10,10,20,20,20,20,20,20,20,1,
69,2,20,206,本游戏中，玩家等级达到多少级时可开启探险器？,本遊戲中，玩家等級達到多少級時可開啟探險器？,"In this game, at what level can the player unlock the explorer?",,,,,33,33,33,33,33,33,33,20,20,20,20,20,20,20,25,25,25,25,25,25,25,30,30,30,30,30,30,30,1,
70,2,20,206,本游戏中，玩家等级达到多少级时可开启技能的快速升级功能？,本遊戲中，玩家等級達到多少級時可開啟技能的快速升級功能？,"In this game, when player's level reaches what level can unlock quick upgrade function of skills?",,,,,35,35,35,35,35,35,35,10,10,10,10,10,10,10,20,20,20,20,20,20,20,40,40,40,40,40,40,40,1,
71,2,20,206,本游戏中，玩家等级达到多少级时消耗体力后有几率发现可捕捉的精灵？,本遊戲中，玩家等級達到多少級時消耗體力後有幾率發現可捕捉的精靈？,"In this game, when player's level reaches what level, after consuming energy, can have chance of finding Pokémon that can be captured?",,,,,36,36,36,36,36,36,36,30,30,30,30,30,30,30,35,35,35,35,35,35,35,40,40,40,40,40,40,40,1,
72,2,20,206,本游戏中，玩家等级达到多少级时可开启成就系统？,本遊戲中，玩家等級達到多少級時可開啟成就系統？,"In this game, at what level can the player unlock the achievement system?",,,,,50,50,50,50,50,50,50,45,45,45,45,45,45,45,40,40,40,40,40,40,40,60,60,60,60,60,60,60,1,
73,2,20,206,本游戏中，玩家等级达到多少级时可开启开钓鱼玩法？,本遊戲中，玩家等級達到多少級時可開啟開釣魚玩法？,"In this game, when player's level reaches what levels can unlock fishing feature?",,,,,65,65,65,65,65,65,65,50,50,50,50,50,50,50,55,55,55,55,55,55,55,60,60,60,60,60,60,60,1,
74,2,20,206,本游戏中，玩家等级达到多少级时可开启符石系统？,本遊戲中，玩家等級達到多少級時可開啟符石系統？,"In this game, at what level can the player unlock the rune system?",,,,,66,66,66,66,66,66,66,56,56,56,56,56,56,56,60,60,60,60,60,60,60,70,70,70,70,70,70,70,1,
75,2,20,206,本游戏中，玩家等级达到多少级时可开启符石系统？,本遊戲中，玩家等級達到多少級時可開啟符石系統？,"In this game, at what level can the player unlock the rune system?",,,,,68,68,68,68,68,68,68,50,50,50,50,50,50,50,58,58,58,58,58,58,58,60,60,60,60,60,60,60,1,
76,2,20,206,本游戏中，玩家等级达到多少级时可开启超进化？,本遊戲中，玩家等級達到多少級時可開啟超進化？,"In this game, when player's level reaches what levels can unlock Mega evolution?",,,,,70,70,70,70,70,70,70,60,60,60,60,60,60,60,65,65,65,65,65,65,65,75,75,75,75,75,75,75,1,
77,2,50,224,以下哪只精灵属于龙系？,以下哪只精靈屬於龍系？,Which of the following Pokémon belong to the Dragon type?,,,,,音波龙,音波龍,Noivern,Noivern,Noivern,Noivern,Noivern,热带龙,熱帶龍,Tropius,Tropius,Tropius,Tropius,Tropius,暴鲤龙,暴鯉龍,Gyarados,Gyarados,Gyarados,Gyarados,Gyarados,化石翼龙,化石翼龍,Aerodactyl,Aerodactyl,Aerodactyl,Aerodactyl,Aerodactyl,1,
78,2,50,207,以下哪只精灵体重最大？,以下哪只精靈體重最大？,Which of the following Pokémon have the largest weight?,,,,,骑拉帝纳,騎拉帝納,Giratina,Giratina,Giratina,Giratina,Giratina,帕路奇亚,帕路奇亞,Palkia,Palkia,Palkia,Palkia,Palkia,帝牙卢卡,帝牙盧卡,Dialga,Dialga,Dialga,Dialga,Dialga,雷吉奇卡斯,雷吉奇卡斯,Regigigas,Regigigas,Regigigas,Regigigas,Regigigas,1,
79,2,50,207,以下哪只精灵体重最大？,以下哪只精靈體重最大？,Which of the following Pokémon have the largest weight?,,,,,花疗环环,花療環環,Comfey,Comfey,Comfey,Comfey,Comfey,纸御剑,紙禦劍,Kartana,Kartana,Kartana,Kartana,Kartana,花蓓蓓,花蓓蓓,Flabébé,Flabébé,Flabébé,Flabébé,Flabébé,科斯莫古,科斯莫古,Cosmog,Cosmog,Cosmog,Cosmog,Cosmog,1,
80,2,50,207,以下哪只精灵体重最小？,以下哪只精靈體重最小？,Which of the following Pokémon have the smallest weight?,,,,,鬼斯,鬼斯,Gastly,Gastly,Gastly,Gastly,Gastly,宝宝丁,寶寶丁,Igglybuff,Igglybuff,Igglybuff,Igglybuff,Igglybuff,风铃铃,風鈴鈴,Chimecho,Chimecho,Chimecho,Chimecho,Chimecho,单卵细胞球,單卵細胞球,Solosis,Solosis,Solosis,Solosis,Solosis,1,
81,2,50,207,以下哪只精灵体重最小？,以下哪只精靈體重最小？,Which of the following Pokémon have the smallest weight?,,,,,超梦,超夢,Mewtwo,Mewtwo,Mewtwo,Mewtwo,Mewtwo,洛奇亚,洛奇亞,Lugia,Lugia,Lugia,Lugia,Lugia,烈空座,烈空座,Rayquaza,Rayquaza,Rayquaza,Rayquaza,Rayquaza,固拉多,固拉多,Groudon,Groudon,Groudon,Groudon,Groudon,1,
82,2,50,207,以下哪只精灵最高？,以下哪只精靈最高？,Which of the following Pokémon is the tallest?,,,,,吼鲸王,吼鯨王,Wailord,Wailord,Wailord,Wailord,Wailord,大钢蛇,大鋼蛇,Steelix,Steelix,Steelix,Steelix,Steelix,椰蛋树·阿罗拉,椰蛋樹·阿羅拉,Exeggutor Alolan form,Exeggutor Alolan form,Exeggutor Alolan form,Exeggutor Alolan form,Exeggutor Alolan form,盖欧卡,蓋歐卡,Kyogre,Kyogre,Kyogre,Kyogre,Kyogre,1,
83,2,50,207,以下哪只精灵最高？,以下哪只精靈最高？,Which of the following Pokémon is the tallest?,,,,,七夕青鸟,七夕青鳥,Altaria,Altaria,Altaria,Altaria,Altaria,信使鸟,信使鳥,Delibird,Delibird,Delibird,Delibird,Delibird,可达鸭,可達鴨,Psyduck,Psyduck,Psyduck,Psyduck,Psyduck,无畏小子,無畏小子,Tyrogue,Tyrogue,Tyrogue,Tyrogue,Tyrogue,1,
84,2,50,207,以下哪只精灵最矮？,以下哪只精靈最矮？,Which of the following Pokémon is the shortest?,,,,,露力丽,露力麗,Azurill,Azurill,Azurill,Azurill,Azurill,小拉达,小拉達,Rattata,Rattata,Rattata,Rattata,Rattata,呱呱泡蛙,呱呱泡蛙,Froakie,Froakie,Froakie,Froakie,Froakie,梦幻,夢幻,Mew,Mew,Mew,Mew,Mew,1,
85,2,50,207,以下哪只精灵最矮？,以下哪只精靈最矮？,Which of the following Pokémon is the shortest?,,,,,君主蛇,君主蛇,Serperior,Serperior,Serperior,Serperior,Serperior,固拉多,固拉多,Groudon,Groudon,Groudon,Groudon,Groudon,凤王,鳳王,Ho-Oh,Ho-Oh,Ho-Oh,Ho-Oh,Ho-Oh,阿柏怪,阿柏怪,Arbok,Arbok,Arbok,Arbok,Arbok,1,
86,2,50,207,以下哪只精灵无法飞行？,以下哪只精靈無法飛行？,Which of the following Pokémon cannot fly?,,,,,天然雀,天然雀,Natu,Natu,Natu,Natu,Natu,克雷色利亚,克雷色利亞,Cresselia,Cresselia,Cresselia,Cresselia,Cresselia,水君,水君,Suicune,Suicune,Suicune,Suicune,Suicune,土地云,土地雲,Landorus,Landorus,Landorus,Landorus,Landorus,1,
87,2,50,208,小拉达的门牙生长太长会引起什么影响？,小拉達的門牙生長太長會引起什麽影響？,What will happen if Rattata’s front teeth grow too long?,,,,,无法进食而饿死,無法進食而餓死,Starved to death because of the inability to eat,Starved to death because of the inability to eat,Starved to death because of the inability to eat,Starved to death because of the inability to eat,Starved to death because of the inability to eat,攻击对方是伤害更高,攻擊對方是傷害更高,More power when attacking opponent,More power when attacking opponent,More power when attacking opponent,More power when attacking opponent,More power when attacking opponent,挖掘速度快,挖掘速度快,Faster digging speed,Faster digging speed,Faster digging speed,Faster digging speed,Faster digging speed,会学会新的技能,會學會新的技能,Will learn new moves,Will learn new moves,Will learn new moves,Will learn new moves,Will learn new moves,1,
88,2,50,209,以下哪只精灵的领地意识相对比较弱？,以下哪只精靈的領地意識相對比較弱？,Which of the following Pokémon have relatively weak territorial awareness?,,,,,拉达,拉達,Raticate,Raticate,Raticate,Raticate,Raticate,大嘴雀,大嘴雀,Fearow,Fearow,Fearow,Fearow,Fearow,比比鸟,比比鳥,Pidgeotto,Pidgeotto,Pidgeotto,Pidgeotto,Pidgeotto,大针蜂,大針蜂,Beedrill,Beedrill,Beedrill,Beedrill,Beedrill,1,
89,2,50,210,精灵基拉祈是授予和传达人类愿望的精灵，每一千年苏醒一次，但只能苏醒几天？,精靈基拉祈是授予和傳達人類願望的精靈，每一千年蘇醒一次，但只能蘇醒幾天？,"The Pokémon Jirachi is the Pokémon who grant and convey the wishes of people. He wakes up once every thousand years, but only how many days can he wake up?",,,,,7天,7天,7 days,7 days,7 days,7 days,7 days,3天,3天,3 days,3 days,3 days,3 days,3 days,5天,5天,5 days,5 days,5 days,5 days,5 days,10天,10天,10 days,10 days,10 days,10 days,10 days,1,
90,2,50,211,以下那只精灵的游泳速度最快？,以下那只精靈的遊泳速度最快？,Which of the following Pokémon swims the fastest?,,,,,哥达鸭,哥達鴨,Golduck,Golduck,Golduck,Golduck,Golduck,钢炮臂虾,鋼炮臂蝦,Clawitzer,Clawitzer,Clawitzer,Clawitzer,Clawitzer,白海狮,白海獅,Dewgong,Dewgong,Dewgong,Dewgong,Dewgong,角金鱼,角金魚,Goldeen,Goldeen,Goldeen,Goldeen,Goldeen,1,
91,2,50,212,无畏小子在什么状态下，踢技可以像舞蹈般华丽？,無畏小子在什麽狀態下，踢技可以像舞蹈般華麗？,In what state is the Tyrogue's kicking skills as gorgeous as dancing?,,,,,进化为战舞郎时,進化為戰舞郎時,When evolved into Hitmontop,When evolved into Hitmontop,When evolved into Hitmontop,When evolved into Hitmontop,When evolved into Hitmontop,在未进化时,在未進化時,When not evolved,When not evolved,When not evolved,When not evolved,When not evolved,进化为飞腿郎时,進化為飛腿郎時,Evolve to Hitmonlee,Evolve to Hitmonlee,Evolve to Hitmonlee,Evolve to Hitmonlee,Evolve to Hitmonlee,进化为快拳郎时,進化為快拳郎時,When he evolved into Hitmonchan,When he evolved into Hitmonchan,When he evolved into Hitmonchan,When he evolved into Hitmonchan,When he evolved into Hitmonchan,1,
92,2,50,213,双倍多多冰形成的原因？,雙倍多多冰形成的原因？,What is the reason caused the formation of Vanilluxe?,,,,,据说是开始融化的２只多多冰贴在一起，再次冻结时诞生而成,據說是開始融化的２只多多冰貼在一起，再次凍結時誕生而成,"Vanilluxe is born when two Vanillish, half-melted by the day's light, stick to each other and freeze together in the cold return of night.","Vanilluxe is born when two Vanillish, half-melted by the day's light, stick to each other and freeze together in the cold return of night.","Vanilluxe is born when two Vanillish, half-melted by the day's light, stick to each other and freeze together in the cold return of night.","Vanilluxe is born when two Vanillish, half-melted by the day's light, stick to each other and freeze together in the cold return of night.","Vanilluxe is born when two Vanillish, half-melted by the day's light, stick to each other and freeze together in the cold return of night.",由一个多多冰分裂重组形成,由一個多多冰分裂重組形成,Formed by a split and recombination of Vanillish,Formed by a split and recombination of Vanillish,Formed by a split and recombination of Vanillish,Formed by a split and recombination of Vanillish,Formed by a split and recombination of Vanillish,因为在暴风雪中多多冰发生了变形,因為在暴風雪中多多冰發生了變形,Because Vanillish is deformed in the blizzard,Because Vanillish is deformed in the blizzard,Because Vanillish is deformed in the blizzard,Because Vanillish is deformed in the blizzard,Because Vanillish is deformed in the blizzard,因为训练家的锻炼最终形成,因為訓練家的鍛煉最終形成,Because the training of the trainer finally formed,Because the training of the trainer finally formed,Because the training of the trainer finally formed,Because the training of the trainer finally formed,Because the training of the trainer finally formed,1,
93,2,50,214,呱头蛙拥有绝佳弹跳能力，曾经一分钟内登高达到的最高记录是多少？,呱頭蛙擁有絕佳彈跳能力，曾經一分鐘內登高達到的最高記錄是多少？,The Frogadier has excellent jumping ability. What is the highest record ever reached in one minute?,,,,,600m,600m,600m,600m,600m,600m,600m,500m,500m,500m,500m,500m,500m,500m,800m,800m,800m,800m,800m,800m,800m,1000m,1000m,1000m,1000m,1000m,1000m,1000m,1,
94,2,50,215,雷吉艾斯可以控制多少度的冷气？,雷吉艾斯可以控制多少度的冷氣？,How many degrees of cold air can Regice control?,,,,,零下200°,零下200°,Minus 200°,Minus 200°,Minus 200°,Minus 200°,Minus 200°,零下100°,零下100°,Minus 100°,Minus 100°,Minus 100°,Minus 100°,Minus 100°,零下300°,零下300°,Minus 300°,Minus 300°,Minus 300°,Minus 300°,Minus 300°,零下400°,零下400°,Minus 400°,Minus 400°,Minus 400°,Minus 400°,Minus 400°,1,
95,2,50,216,超坏星共有多少只脚？,超壞星共有多少只腳？,How many feet does Toxapex have?,,,,,12只,12只,Twelve,Twelve,Twelve,Twelve,Twelve,10只,10只,Ten,Ten,Ten,Ten,Ten,8只,8只,Eight,Eight,Eight,Eight,Eight,6只,6只,Six,Six,Six,Six,Six,1,
96,2,50,217,鸭嘴炎兽可以喷射出高热度的火球，火球温度能达到多少摄氏度？,鴨嘴炎獸可以噴射出高熱度的火球，火球溫度能達到多少攝氏度？,Magmortar can eject high-heat fireballs. How many degrees Celsius can the temperature of the fireball reach?,,,,,2000摄氏度,2000攝氏度,2000 degrees Celsius,2000 degrees Celsius,2000 degrees Celsius,2000 degrees Celsius,2000 degrees Celsius,3000摄氏度,3000攝氏度,3000 degrees Celsius,3000 degrees Celsius,3000 degrees Celsius,3000 degrees Celsius,3000 degrees Celsius,5000摄氏度,5000攝氏度,5000 degrees Celsius,5000 degrees Celsius,5000 degrees Celsius,5000 degrees Celsius,5000 degrees Celsius,1000摄氏度,1000攝氏度,1000 degrees Celsius,1000 degrees Celsius,1000 degrees Celsius,1000 degrees Celsius,1000 degrees Celsius,1,
97,2,50,218,下面哪个不是由雷吉奇卡斯制作而成的精灵？,下面哪個不是由雷吉奇卡斯制作而成的精靈？,Which of the following Pokémon weren't made by Regigigas?,,,,,雷公,雷公,Raikou,Raikou,Raikou,Raikou,Raikou,雷吉洛克,雷吉洛克,Regirock,Regirock,Regirock,Regirock,Regirock,雷吉斯奇鲁,雷吉斯奇魯,Registeel,Registeel,Registeel,Registeel,Registeel,雷吉艾斯,雷吉艾斯,Regice,Regice,Regice,Regice,Regice,1,
98,2,50,219,胡地超级进化后，漂浮的勺子变成多少个？,胡地超級進化後，漂浮的勺子變成多少個？,"After Alakazam's Mega evolution, how many floating spoons became?",,,,,5个,5個,Five,Five,Five,Five,Five,4个,4個,Four,Four,Four,Four,Four,6个,6個,Six,Six,Six,Six,Six,3个,3個,3,3,3,3,3,1,
99,2,50,220,哪只精灵的体温比太阳表面温度还高,哪只精靈的體溫比太陽表面溫度還高,Which Pokémon has a body temperature higher than the surface of the sun?,,,,,熔岩蜗牛,熔巖蝸牛,Magcargo,Magcargo,Magcargo,Magcargo,Magcargo,小火龙,小火龍,Charmander,Charmander,Charmander,Charmander,Charmander,太阳岩,太陽巖,Solrock,Solrock,Solrock,Solrock,Solrock,烈焰马,烈焰馬,Rapidash,Rapidash,Rapidash,Rapidash,Rapidash,1,
100,2,50,221,哪只精灵所下的蛋被人类吃了以后会变得及其温柔、善良？,哪只精靈所下的蛋被人類吃了以後會變得及其溫柔、善良？,Which Pokémon lay eggs that will become extremely gentle and kind after being eaten by humans?,,,,,幸福蛋,幸福蛋,Blissey,Blissey,Blissey,Blissey,Blissey,蛋蛋,蛋蛋,Exeggcute,Exeggcute,Exeggcute,Exeggcute,Exeggcute,胖丁,胖丁,Jigglypuff,Jigglypuff,Jigglypuff,Jigglypuff,Jigglypuff,椰蛋树,椰蛋樹,Exeggutor,Exeggutor,Exeggutor,Exeggutor,Exeggutor,1,
101,2,50,222,未知图腾一共有多少种？,未知圖騰一共有多少種？,How many kinds of Unown are there?,,,,,28种,28種,28 types,28 types,28 types,28 types,28 types,26种,26種,26 types,26 types,26 types,26 types,26 types,32种,32種,32 types,32 types,32 types,32 types,32 types,34种,34種,34 types,34 types,34 types,34 types,34 types,1,
102,2,50,222,未知图腾前26个是代表着什么？,未知圖騰前26個是代表著什麽？,What do the first 26 Unown represent?,,,,,英文字母,英文字母,English alphabet,English alphabet,English alphabet,English alphabet,English alphabet,罗马数字,羅馬數字,Roman numerals,Roman numerals,Roman numerals,Roman numerals,Roman numerals,遗迹文字,遺跡文字,Ruins text,Ruins text,Ruins text,Ruins text,Ruins text,精灵符号,精靈符號,Pokémon symbol,Pokémon symbol,Pokémon symbol,Pokémon symbol,Pokémon symbol,1,
103,2,50,222,未知图腾后2个代表着两个符号，请问是代表着什么符号？,未知圖騰後2個代表著兩個符號，請問是代表著什麽符號？,The last two Unown represent two symbols. What symbol do they represent?,,,,,!"和"?,!和"?",!" and "?,!" and "?,!" and "?,!" and "?,!" and "?,",""和"".",",和"".""",","" and "".",","" and "".",","" and "".",","" and "".",","" and "".","""<""和"">""","""<和"">""""","""<"" and "">""","""<"" and "">""","""<"" and "">""","""<"" and "">""","""<"" and "">""",+"和"-,+和"-",+" and "-,+" and "-,+" and "-,+" and "-,+" and "-,1,
104,2,50,225,以下哪只精灵，它的形象参考了波斯猫、非洲狮、美洲狮和一种常见的店铺摆设物品？,以下哪只精靈，它的形象參考了波斯貓、非洲獅、美洲獅和一種常見的店鋪擺設物品？,"Which of the following Pokémon has an image that refers to a Persian cat, an African lion, a mountain lion, and a common shop display item?",,,,,猫老大,貓老大,Persian,Persian,Persian,Persian,Persian,喵喵,喵喵,Meowth,Meowth,Meowth,Meowth,Meowth,东施猫,東施貓,Purugly,Purugly,Purugly,Purugly,Purugly,扒手猫,扒手貓,Purrloin,Purrloin,Purrloin,Purrloin,Purrloin,1,
105,2,50,226,在丰缘地区，有一只传说精灵代表着铁器时代，它是？,在豐緣地區，有一只傳說精靈代表著鐵器時代，它是？,"In the Hoen area, there is a legendary Pokémon representing the Iron Age. What is it?",,,,,雷吉斯奇鲁,雷吉斯奇魯,Registeel,Registeel,Registeel,Registeel,Registeel,雷吉艾斯,雷吉艾斯,Regice,Regice,Regice,Regice,Regice,拉帝亚斯,拉帝亞斯,Latias,Latias,Latias,Latias,Latias,雷吉洛克,雷吉洛克,Regirock,Regirock,Regirock,Regirock,Regirock,1,
106,2,50,227,搬运小匠手中拿的东西是什么？,搬運小匠手中拿的東西是什麽？,What is the thing in the hands of the Timburr?,,,,,木头,木頭,Wood,Wood,Wood,Wood,Wood,钢板,鋼板,Steel plate,Steel plate,Steel plate,Steel plate,Steel plate,水泥管,水泥管,Cement pipe,Cement pipe,Cement pipe,Cement pipe,Cement pipe,石头,石頭,stone,stone,stone,stone,stone,1,
107,2,50,228,洛托姆的形态不包括以下的哪一种？,洛托姆的形態不包括以下的哪一種？,Which of the following is not included in Rotom's form?,,,,,净化洛托姆,凈化洛托姆,Purify Rotom,Purify Rotom,Purify Rotom,Purify Rotom,Purify Rotom,清洗洛托姆,清洗洛托姆,Wash Rotom,Wash Rotom,Wash Rotom,Wash Rotom,Wash Rotom,旋转洛托姆,旋轉洛托姆,Fan Rotom,Fan Rotom,Fan Rotom,Fan Rotom,Fan Rotom,加热洛托姆,加熱洛托姆,Heat Rotom,Heat Rotom,Heat Rotom,Heat Rotom,Heat Rotom,1,
108,2,50,229,以下哪只精灵不会因为天气或季节改变自身形态的精灵是？,以下哪只精靈不會因為天氣或季節改變自身形態的精靈是？,Which of the following Pokémon will not change their form due to weather or seasons?,,,,,谢米,謝米,Shaymin,Shaymin,Shaymin,Shaymin,Shaymin,漂浮泡泡,漂浮泡泡,Castform,Castform,Castform,Castform,Castform,樱花儿,櫻花兒,Cherrim,Cherrim,Cherrim,Cherrim,Cherrim,萌芽鹿,萌芽鹿,Sawsbuck,Sawsbuck,Sawsbuck,Sawsbuck,Sawsbuck,1,
109,3,50,301,动画中小智的皮卡丘最爱的食物是什么,動畫中小智的皮卡丘最愛的食物是什麽,What is Ash’s Pikachu’s favorite food in the animation?,,,,,辣茄果,辣茄果,Tamato,Tamato,Tamato,Tamato,Tamato,橙橙果,橙橙果,Oran Berry,Oran Berry,Oran Berry,Oran Berry,Oran Berry,桃桃果,桃桃果,Pecha Berry,Pecha Berry,Pecha Berry,Pecha Berry,Pecha Berry,木子果,木子果,Lum Berry,Lum Berry,Lum Berry,Lum Berry,Lum Berry,1,
110,3,50,301,动画中火箭队喵喵曾喜欢的雌性精灵叫什么？,動畫中火箭隊喵喵曾喜歡的雌性精靈叫什麽？,What is the name of the female Pokémon that Meowth once liked in the anime?,,,,,玛丹娜,瑪丹娜,Meowzie,Meowzie,Meowzie,Meowzie,Meowzie,麦当娜,麥當娜,Meowey,Meowey,Meowey,Meowey,Meowey,希娜,希娜,Sheena,Sheena,Sheena,Sheena,Sheena,武藏,武藏,Jessie,Jessie,Jessie,Jessie,Jessie,1,
111,3,50,301,动画中火箭队老大曾召唤出哪三只精灵，并计划用它们统治合众地区？,動畫中火箭隊老大曾召喚出哪三只精靈，並計劃用它們統治合眾地區？,"In the animation, which three Pokémon have been summoned by Team Rocket’s boss and planned to use them to rule the Unova area?",,,,,土地云、雷电云、龙卷云,土地雲、雷電雲、龍卷雲,"Landorus, Thundurus,Tornadus","Landorus, Thundurus,Tornadus","Landorus, Thundurus,Tornadus","Landorus, Thundurus,Tornadus","Landorus, Thundurus,Tornadus",火焰鸟，闪电鸟，急冻鸟,火焰鳥，閃電鳥，急凍鳥,"Moltres, Zapdos, Articuno","Moltres, Zapdos, Articuno","Moltres, Zapdos, Articuno","Moltres, Zapdos, Articuno","Moltres, Zapdos, Articuno",雷公，炎帝，水君,雷公，炎帝，水君,"Raikou, Entei, Suicune","Raikou, Entei, Suicune","Raikou, Entei, Suicune","Raikou, Entei, Suicune","Raikou, Entei, Suicune",雷吉洛克，雷吉斯奇鲁，雷吉艾斯,雷吉洛克，雷吉斯奇魯，雷吉艾斯,"Regirock, Registeel, Regice","Regirock, Registeel, Regice","Regirock, Registeel, Regice","Regirock, Registeel, Regice","Regirock, Registeel, Regice",1,
112,3,30,302,剧场版动画【时拉比 穿梭时空的相遇】中，哪只神兽陪同小智一起救下时拉比？,劇場版動畫【時拉比 穿梭時空的相遇】中，哪只神獸陪同小智一起救下時拉比？,"In movie [Celebi: Voice of the Forest], which Legendary Pokémon accompanied Ash to rescue Celebi?",,,,,水君,水君,Suicune,Suicune,Suicune,Suicune,Suicune,炎帝,炎帝,Entei,Entei,Entei,Entei,Entei,雷公,雷公,Raikou,Raikou,Raikou,Raikou,Raikou,洛奇亚,洛奇亞,Lugia,Lugia,Lugia,Lugia,Lugia,1,
113,3,30,302,剧场版动画【水都的守护神 拉帝亚斯与拉帝欧斯】中哪只传说精灵战败被俘获？,劇場版動畫【水都的守護神 拉帝亞斯與拉帝歐斯】中哪只傳說精靈戰敗被俘獲？,Which of the legendary Pokémon in movie [Pokémon Heroes - Latios and Latias] was defeated and captured?,,,,,拉帝欧斯,拉帝歐斯,Latios,Latios,Latios,Latios,Latios,拉帝亚斯,拉帝亞斯,Latias,Latias,Latias,Latias,Latias,化石翼龙,化石翼龍,Aerodactyl,Aerodactyl,Aerodactyl,Aerodactyl,Aerodactyl,镰刀盔,鐮刀盔,Kabutops,Kabutops,Kabutops,Kabutops,Kabutops,1,
114,3,30,302,剧场版动画【梦幻与波导的勇者 路卡利欧】中，以下哪只精灵在保护‘世界初始之树“？,劇場版動畫【夢幻與波導的勇者 路卡利歐】中，以下哪只精靈在保護‘世界初始之樹“？,"In movie [Lucario and the Mystery of Mew], which of the following Pokémon is protecting the ""tree of beginning""?",,,,,雷吉艾斯,雷吉艾斯,Regice,Regice,Regice,Regice,Regice,路卡利欧,路卡利歐,Lucario,Lucario,Lucario,Lucario,Lucario,梦幻,夢幻,Mew,Mew,Mew,Mew,Mew,超梦,超夢,Mewtwo,Mewtwo,Mewtwo,Mewtwo,Mewtwo,1,
115,3,30,302,剧场版动画【酋雷姆VS圣剑士 凯路迪欧】中哪位精灵是圣剑士的领导者？,劇場版動畫【酋雷姆VS聖劍士 凱路迪歐】中哪位精靈是聖劍士的領導者？,Which Pokémon in movie [Kyurem VS. The Sword of Justice] is the leader of the Swords of Justice?,,,,,勾帕路翁,勾帕路翁,Cobalion,Cobalion,Cobalion,Cobalion,Cobalion,代拉基翁,代拉基翁,Terrakion,Terrakion,Terrakion,Terrakion,Terrakion,毕力吉翁,畢力吉翁,Virizion,Virizion,Virizion,Virizion,Virizion,凯路迪欧,凱路迪歐,Keldeo,Keldeo,Keldeo,Keldeo,Keldeo,1,
116,3,30,302,剧场版动画【酋雷姆VS圣剑士 凯路迪欧】中，酋雷姆可以结合谁的力量转变成别的形态？,劇場版動畫【酋雷姆VS聖劍士 凱路迪歐】中，酋雷姆可以結合誰的力量轉變成別的形態？,"In movie [Kyurem VS. The Sword of Justice], whose power can Kyurem combine and transformed into another form?",,,,,捷克罗姆，莱希拉姆,捷克羅姆，萊希拉姆,"Zekrom, Reshiram","Zekrom, Reshiram","Zekrom, Reshiram","Zekrom, Reshiram","Zekrom, Reshiram",帕路奇亚，帝牙卢卡,帕路奇亞，帝牙盧卡,"Palkia, Dialga","Palkia, Dialga","Palkia, Dialga","Palkia, Dialga","Palkia, Dialga",固拉多，盖欧卡,固拉多，蓋歐卡,"Groudon, Kyogre","Groudon, Kyogre","Groudon, Kyogre","Groudon, Kyogre","Groudon, Kyogre",梦幻，超梦,夢幻，超夢,"Mew, Mewtwo","Mew, Mewtwo","Mew, Mewtwo","Mew, Mewtwo","Mew, Mewtwo",1,
117,3,30,302,剧场版动画【波尔凯尼恩与机关人偶玛机雅娜】中，以下哪只超进化形态的精灵没有出现过？,劇場版動畫【波爾凱尼恩與機關人偶瑪機雅娜】中，以下哪只超進化形態的精靈沒有出現過？,Which of the following Mega-evolve Pokémon have not appeared in movie [Volcanion and the Mechanical Marvel]?,,,,,超级喷火龙Y,超級噴火龍Y,Mega Charizard Y,Mega Charizard Y,Mega Charizard Y,Mega Charizard Y,Mega Charizard Y,超级耿鬼,超級耿鬼,Mega Gengar,Mega Gengar,Mega Gengar,Mega Gengar,Mega Gengar,超级路卡利欧,超級路卡利歐,Mega Lucario,Mega Lucario,Mega Lucario,Mega Lucario,Mega Lucario,超级沙奈朵,超級沙奈朵,Mega Gardevoir,Mega Gardevoir,Mega Gardevoir,Mega Gardevoir,Mega Gardevoir,1,
118,3,30,302,剧场版动画【破坏之茧与蒂安希】中，以下哪只神兽精灵没有出现过？,劇場版動畫【破壞之繭與蒂安希】中，以下哪只神獸精靈沒有出現過？,"In movie  [Diancie and the Cocoon of Destruction], which of the following Legendary Pokémons has not appeared?",,,,,基格尔德,基格爾德,Zygarde,Zygarde,Zygarde,Zygarde,Zygarde,超梦,超夢,Mewtwo,Mewtwo,Mewtwo,Mewtwo,Mewtwo,哲尔尼亚斯,哲爾尼亞斯,Xerneas,Xerneas,Xerneas,Xerneas,Xerneas,伊裴尔塔尔,伊裴爾塔爾,Yveltal,Yveltal,Yveltal,Yveltal,Yveltal,1,
119,3,30,302,剧场版动画【神速的盖诺赛克特 超梦觉醒】中，是否出现过异色的盖诺赛克特？,劇場版動畫【神速的蓋諾賽克特 超夢覺醒】中，是否出現過異色的蓋諾賽克特？,"In movie [Genesect and the Legend Awakened], has there ever been a shiny Genesect?",,,,,有，一只异色,有，一只異色,"Yes, a shiny","Yes, a shiny","Yes, a shiny","Yes, a shiny","Yes, a shiny",有，五只异色,有，五只異色,"Yes, five shiny","Yes, five shiny","Yes, five shiny","Yes, five shiny","Yes, five shiny",没有,沒有,None,None,None,None,None,有，两只异色,有，兩只異色,"Yes, two shiny","Yes, two shiny","Yes, two shiny","Yes, two shiny","Yes, two shiny",1,
120,3,30,302,剧场版动画【比克提尼与黑英雄 捷克罗姆】和【比克提尼与白英雄 莱希拉姆】同为系列剧场版的第15部作品，这种说法是否正确？,劇場版動畫【比克提尼與黑英雄 捷克羅姆】和【比克提尼與白英雄 萊希拉姆】同為系列劇場版的第15部作品，這種說法是否正確？,The movie [Pokémon The Movie: White—Victini and Zekrom] and [Pokémon The Movie: Black—Victini and Reshiram] are both the 15th movie of the series. Is this statement correct?,,,,,错误，应该是第14部作品,錯誤，應該是第14部作品,"Error, it should be the 14th","Error, it should be the 14th","Error, it should be the 14th","Error, it should be the 14th","Error, it should be the 14th",错误，应该是第16部作品,錯誤，應該是第16部作品,"Error, it should be the 16th","Error, it should be the 16th","Error, it should be the 16th","Error, it should be the 16th","Error, it should be the 16th",正确,正確,Correct,Correct,Correct,Correct,Correct,无法考证,無法考證,Unable to verify,Unable to verify,Unable to verify,Unable to verify,Unable to verify,1,
121,3,50,303,本游戏中，玩家达到40级且本服开放多少天后可参与石英大会？,本遊戲中，玩家達到40級且本服開放多少天後可參與石英大會？,"In this game, how many days after server launch and player’s reaches level 40 to unlock Indigo Conference?",,,,,9,9,9,9,9,9,9,7,7,7,7,7,7,7,8,8,8,8,8,8,8,10,10,10,10,10,10,10,1,
122,3,50,304,据说看到皮皮满月时做什么动作的人会得到幸福？,據說看到皮皮滿月時做什麽動作的人會得到幸福？,It is said that sees Clefairy at full moon doing what will gets people happiness?,,,,,在满月下跳舞,在滿月下跳舞,Dancing under the full moon,Dancing under the full moon,Dancing under the full moon,Dancing under the full moon,Dancing under the full moon,在满月下唱歌,在滿月下唱歌,Singing under the full moon,Singing under the full moon,Singing under the full moon,Singing under the full moon,Singing under the full moon,在满月下吃蔬果,在滿月下吃蔬果,Eat fruits and vegetables under the full moon,Eat fruits and vegetables under the full moon,Eat fruits and vegetables under the full moon,Eat fruits and vegetables under the full moon,Eat fruits and vegetables under the full moon,在满月下绕圈,在滿月下繞圈,Circle under the full moon,Circle under the full moon,Circle under the full moon,Circle under the full moon,Circle under the full moon,1,
123,3,50,305,可达鸭平时经常头痛，这使它经常忘记事情。那么它头痛激烈可能会发生什么？,可達鴨平時經常頭痛，這使它經常忘記事情。那麽它頭痛激烈可能會發生什麽？,"Psyduck usually has a headache, which makes it often forget things. So what might happen to it with intense headache?",,,,,会释放出不可思议的绝招,會釋放出不可思議的絕招,Will release incredible skill,Will release incredible skill,Will release incredible skill,Will release incredible skill,Will release incredible skill,会迅速的潜入水中,會迅速的潛入水中,Will quickly dive into the water,Will quickly dive into the water,Will quickly dive into the water,Will quickly dive into the water,Will quickly dive into the water,会跳起来飞在空中,會跳起來飛在空中,Will jump up and fly,Will jump up and fly,Will jump up and fly,Will jump up and fly,Will jump up and fly,会回到精灵球中,會回到精靈球中,Will return to the poké ball,Will return to the poké ball,Will return to the poké ball,Will return to the poké ball,Will return to the poké ball,1,
124,3,50,306,以下哪只精灵雌雄同体的？,以下哪只精靈雌雄同體的？,Which of the following Pokémon is hermaphrodite?,,,,,海星星,海星星,Staryu,Staryu,Staryu,Staryu,Staryu,水水獭,水水獺,Oshawott,Oshawott,Oshawott,Oshawott,Oshawott,金鱼王,金魚王,Seaking,Seaking,Seaking,Seaking,Seaking,西狮海壬,西獅海壬,Primarina,Primarina,Primarina,Primarina,Primarina,1,
125,3,50,307,传说它是甲壳类的祖先，也是乌龟的祖先，这是哪只精灵？,傳說它是甲殼類的祖先，也是烏龜的祖先，這是哪只精靈？,It is said that it is the ancestor of crustaceans and tortoises. Which Pokémon is this?,,,,,化石盔,化石盔,Kabuto,Kabuto,Kabuto,Kabuto,Kabuto,化石翼龙,化石翼龍,Aerodactyl,Aerodactyl,Aerodactyl,Aerodactyl,Aerodactyl,石丸子,石丸子,Roggenrola,Roggenrola,Roggenrola,Roggenrola,Roggenrola,菊石兽,菊石獸,Omanyte,Omanyte,Omanyte,Omanyte,Omanyte,1,
126,3,50,308,喷嚏熊的鼻涕是健康的晴雨表，下列说法正确的是,噴嚏熊的鼻涕是健康的晴雨表，下列說法正確的是,Cubchoo’s snot is a barometer of health. Which statement is correct?,,,,,鼻涕粘性越强，身体状态越好,鼻涕粘性越強，身體狀態越好,"The more viscous the snot, the better the body condition","The more viscous the snot, the better the body condition","The more viscous the snot, the better the body condition","The more viscous the snot, the better the body condition","The more viscous the snot, the better the body condition",鼻涕顺滑，代表身体状态好,鼻涕順滑，代表身體狀態好,"Snot is smooth, which means that the body is in good condition","Snot is smooth, which means that the body is in good condition","Snot is smooth, which means that the body is in good condition","Snot is smooth, which means that the body is in good condition","Snot is smooth, which means that the body is in good condition",鼻涕粘性弱，身体状态越好,鼻涕粘性弱，身體狀態越好,"The weaker snot’s stickness is, the better the physical condition","The weaker snot’s stickness is, the better the physical condition","The weaker snot’s stickness is, the better the physical condition","The weaker snot’s stickness is, the better the physical condition","The weaker snot’s stickness is, the better the physical condition",鼻涕越小，代表身体状态好,鼻涕越小，代表身體狀態好,"The smaller the snot, the better the physical condition","The smaller the snot, the better the physical condition","The smaller the snot, the better the physical condition","The smaller the snot, the better the physical condition","The smaller the snot, the better the physical condition",1,
127,3,50,309,甜冷美后擅长强大的踢技，但有一个致命的弱点：,甜冷美後擅長強大的踢技，但有一個致命的弱點：,"Tsareenahe is good at powerful kicking skills, but has a fatal weakness:",,,,,头顶王冠部位被触碰，力量便会消失,頭頂王冠部位被觸碰，力量便會消失,"When the crown on the top of the head is touched, the power will disappear","When the crown on the top of the head is touched, the power will disappear","When the crown on the top of the head is touched, the power will disappear","When the crown on the top of the head is touched, the power will disappear","When the crown on the top of the head is touched, the power will disappear",当白色花瓣缺少时力量消失,當白色花瓣缺少時力量消失,"When the white petals are missing, the power disappears","When the white petals are missing, the power disappears","When the white petals are missing, the power disappears","When the white petals are missing, the power disappears","When the white petals are missing, the power disappears",被大家冷漠的时候，力量会变弱,被大家冷漠的時候，力量會變弱,"When to be ignored by people, power will weaken","When to be ignored by people, power will weaken","When to be ignored by people, power will weaken","When to be ignored by people, power will weaken","When to be ignored by people, power will weaken",光照时间少，力量会变弱,光照時間少，力量會變弱,"When the light time is less, the power will be weaken","When the light time is less, the power will be weaken","When the light time is less, the power will be weaken","When the light time is less, the power will be weaken","When the light time is less, the power will be weaken",1,
128,3,50,310,以下关于性别的描述错误的是？,以下關於性別的描述錯誤的是？,What is wrong with the following description of gender?,,,,,巴大蝶母的是蓝色的，公的是粉色的,巴大蝶母的是藍色的，公的是粉色的,"The female butterfly is blue, the male is pink","The female butterfly is blue, the male is pink","The female butterfly is blue, the male is pink","The female butterfly is blue, the male is pink","The female butterfly is blue, the male is pink",皮卡丘 母的尾巴末端呈爱心图案,皮卡丘 母的尾巴末端呈愛心圖案,Female Pikachu has a heart pattern at the end of her tail,Female Pikachu has a heart pattern at the end of her tail,Female Pikachu has a heart pattern at the end of her tail,Female Pikachu has a heart pattern at the end of her tail,Female Pikachu has a heart pattern at the end of her tail,拉帝欧斯只有雄性的,拉帝歐斯只有雄性的,Latios is only male,Latios is only male,Latios is only male,Latios is only male,Latios is only male,雄性轻飘飘身体是蓝色的，雌性轻飘飘身体是红色的,雄性輕飄飄身體是藍色的，雌性輕飄飄身體是紅色的,"The male body is blue, while the female body is red.","The male body is blue, while the female body is red.","The male body is blue, while the female body is red.","The male body is blue, while the female body is red.","The male body is blue, while the female body is red.",1,
129,3,50,311,哪只精灵因为在特定温度开花而被用做温度计？,哪只精靈因為在特定溫度開花而被用做溫度計？,Which Pokémon is used as a thermometer because it blooms at a certain temperature?,,,,,毽子花,毽子花,Skiploom,Skiploom,Skiploom,Skiploom,Skiploom,霸王花,霸王花,Vileplume,Vileplume,Vileplume,Vileplume,Vileplume,喇叭芽,喇叭芽,Bellsprout,Bellsprout,Bellsprout,Bellsprout,Bellsprout,妙蛙种子,妙蛙種子,Bulbasaur,Bulbasaur,Bulbasaur,Bulbasaur,Bulbasaur,1,
130,3,50,312,哪只精灵尾巴发出的亮光常常作为迷途者的路标？,哪只精靈尾巴發出的亮光常常作為迷途者的路標？,Which Pokémon's tail can glow that is often used as a signpost for the lost?,,,,,电龙,電龍,Ampharos,Ampharos,Ampharos,Ampharos,Ampharos,皮卡丘,皮卡丘,Pikachu,Pikachu,Pikachu,Pikachu,Pikachu,灯笼鱼,燈籠魚,Chinchou,Chinchou,Chinchou,Chinchou,Chinchou,长尾怪手,長尾怪手,Aipom,Aipom,Aipom,Aipom,Aipom,1,
131,1,50,113,【常识】电子计算机发明于哪一年？,【常識】電子計算機發明於哪一年？,[Common sense] In which year was the electronic computer invented?,,,,,1946年,1946年,In 1946,In 1946,In 1946,In 1946,In 1946,1948年,1948年,1948,1948,1948,1948,1948,1951年,1951年,In 1951,In 1951,In 1951,In 1951,In 1951,1941年,1941年,In 1941,In 1941,In 1941,In 1941,In 1941,1,
132,1,50,113,【常识】企鹅一般在几月份产卵？,【常識】企鵝一般在幾月份產卵？,[Common Sense] In what month do penguins lay eggs?,,,,,5月,5月,May,May,May,May,May,4月,4月,April,April,April,April,April,11月,11月,November,November,November,November,November,12月,12月,December,December,December,December,December,1,
133,1,50,113,【常识】地球的年龄约有？,【常識】地球的年齡約有？,[Common Sense] What is the age of the earth?,,,,,46亿年,46億年,4.6 billion years,4.6 billion years,4.6 billion years,4.6 billion years,4.6 billion years,48亿年,48億年,4.8 billion years,4.8 billion years,4.8 billion years,4.8 billion years,4.8 billion years,41亿年,41億年,4.1 billion years,4.1 billion years,4.1 billion years,4.1 billion years,4.1 billion years,56亿年,56億年,5.6 billion years,5.6 billion years,5.6 billion years,5.6 billion years,5.6 billion years,1,
134,1,50,113,【常识】哈雷彗星绕太阳运行的周期约为？,【常識】哈雷彗星繞太陽運行的周期約為？,[Common Sense] What is the period of Halley's comet orbiting the sun?,,,,,76年,76年,76 years,76 years,76 years,76 years,76 years,72年,72年,72 years,72 years,72 years,72 years,72 years,74年,74年,74 years,74 years,74 years,74 years,74 years,78年,78年,78 years,78 years,78 years,78 years,78 years,1,
136,1,50,119,【常识】七大洲中面积第二的是？,【常識】七大洲中面積第二的是？,[Common Sense] Which area is the second largest among the seven continents?,,,,,非洲,非洲,Africa,Africa,Africa,Africa,Africa,大洋洲,大洋洲,Oceania,Oceania,Oceania,Oceania,Oceania,南极洲,南極洲,Antarctica,Antarctica,Antarctica,Antarctica,Antarctica,亚洲,亞洲,Asia,Asia,Asia,Asia,Asia,1,
137,1,50,119,【常识】围棋棋盘共有几个交叉点？,【常識】圍棋棋盤共有幾個交叉點？,[Common sense] How many intersections are there on the Go board?,,,,,361,361,361,361,361,361,361,324,324,324,324,324,324,324,441,441,441,441,441,441,441,289,289,289,289,289,289,289,1,
138,1,50,120,【常识】被称为"国际会议之都"的城市是？ ,【常識】被稱為"國際會議之都"的城市是？ ,[Common Sense] Which city is called the "International Conference Capital"?  ,,,,,日内瓦,日內瓦,Geneva,Geneva,Geneva,Geneva,Geneva,纽约,紐約,New York,New York,New York,New York,New York,德黑兰,德黑蘭,Tehran,Tehran,Tehran,Tehran,Tehran,里约热内卢,裏約熱內盧,Rio de Janeiro,Rio de Janeiro,Rio de Janeiro,Rio de Janeiro,Rio de Janeiro,1,
139,1,50,120,【常识】直接汇入大西洋最长的河流是？,【常識】直接匯入大西洋最長的河流是？,[Common Sense] What is the longest river directly into the Atlantic Ocean?,,,,,亚马逊河,亞馬遜河,Amazon River,Amazon River,Amazon River,Amazon River,Amazon River,尼罗河,尼羅河,The Nile,The Nile,The Nile,The Nile,The Nile,密西西比河,密西西比河,Mississippi River,Mississippi River,Mississippi River,Mississippi River,Mississippi River,刚果河,剛果河,Congo River,Congo River,Congo River,Congo River,Congo River,1,
140,1,50,120,【常识】好莱坞位于美国什么州？,【常識】好萊塢位於美國什麽州？,[Common Sense] What state is Hollywood located in?,,,,,加利福尼亚州,加利福尼亞州,California,California,California,California,California,科罗拉多州,科羅拉多州,Colorado,Colorado,Colorado,Colorado,Colorado,明尼苏达州,明尼蘇達州,Minnesota,Minnesota,Minnesota,Minnesota,Minnesota,阿拉斯加州,阿拉斯加州,Alaska,Alaska,Alaska,Alaska,Alaska,1,
141,1,50,124,【常识】参加第一届古代奥运会的国家有？,【常識】參加第一屆古代奧運會的國家有？,[Common Sense] Which countries participated in the first ancient Olympic Games?,,,,,3个,3個,3,3,3,3,3,1个,1個,One,One,One,One,One,2个,2個,Two,Two,Two,Two,Two,5个,5個,Five,Five,Five,Five,Five,1,
142,1,50,124,【常识】血液占成人自身体重的多少？,【常識】血液占成人自身體重的多少？,[Common Sense] How much does blood account for an adult's own body weight?,,,,,7-8%,7-8%,7-8%,7-8%,7-8%,7-8%,7-8%,4-5%,4-5%,4-5%,4-5%,4-5%,4-5%,4-5%,10-15%,10-15%,10-15%,10-15%,10-15%,10-15%,10-15%,1-2%,1-2%,1-2%,1-2%,1-2%,1-2%,1-2%,1,
143,1,50,124,【常识】美国微软公司的总部设在,【常識】美國微軟公司的總部設在,[Common Sense] The headquarters of Microsoft Corporation of the United States is located in,,,,,美国西部,美國西部,Western America,Western America,Western America,Western America,Western America,美国东部,美國東部,Eastern United States,Eastern United States,Eastern United States,Eastern United States,Eastern United States,美国中部,美國中部,Central America,Central America,Central America,Central America,Central America,美国南部,美國南部,Southern United States,Southern United States,Southern United States,Southern United States,Southern United States,1,
144,1,50,124,【常识】世界上最好的咖啡产于,【常識】世界上最好的咖啡產於,[Common sense] The best coffee in the world is produced in,,,,,牙买加,牙買加,Jamaica,Jamaica,Jamaica,Jamaica,Jamaica,巴西,巴西,Brazil,Brazil,Brazil,Brazil,Brazil,哥伦比亚,哥倫比亞,Colombia,Colombia,Colombia,Colombia,Colombia,埃塞俄比亚,埃塞俄比亞,Ethiopia,Ethiopia,Ethiopia,Ethiopia,Ethiopia,1,
145,2,50,230,【常识】欧洲最大的半岛在？,【常識】歐洲最大的半島在？,[Common Sense] Where is the largest peninsula in Europe?,,,,,北欧,北歐,Northern Europe,Northern Europe,Northern Europe,Northern Europe,Northern Europe,东欧,東歐,Eastern Europe,Eastern Europe,Eastern Europe,Eastern Europe,Eastern Europe,西欧,西歐,Western Europe,Western Europe,Western Europe,Western Europe,Western Europe,中欧,中歐,Central Europe,Central Europe,Central Europe,Central Europe,Central Europe,1,
146,2,50,230,【常识】夏威夷在地理位置上属于哪个洲？,【常識】夏威夷在地理位置上屬於哪個洲？,[Common Sense] Which continent does Hawaii belong to geographically?,,,,,大洋洲,大洋洲,Oceania,Oceania,Oceania,Oceania,Oceania,北美洲,北美洲,North America,North America,North America,North America,North America,南美洲,南美洲,South America,South America,South America,South America,South America,亚洲,亞洲,Asia,Asia,Asia,Asia,Asia,1,
147,2,50,230,【常识】国际马拉松跑的赛程是,【常識】國際馬拉松跑的賽程是,[Common sense] How long is the international marathon run,,,,,42195m,42195m,42195m,42195m,42195m,42195m,42195m,42000m,42000m,42000m,42000m,42000m,42000m,42000m,42125m,42125m,42125m,42125m,42125m,42125m,42125m,42105m,42105m,42105m,42105m,42105m,42105m,42105m,1,
148,2,50,230,【常识】牛的年轮长在,【常識】牛的年輪長在,[Common sense] Where are the growth rings of the cow,,,,,牙齿上,牙齒上,On the teeth,On the teeth,On the teeth,On the teeth,On the teeth,牛蹄上,牛蹄上,On the hooves,On the hooves,On the hooves,On the hooves,On the hooves,腹部,腹部,Belly,Belly,Belly,Belly,Belly,牛角上,牛角上,Horns,Horns,Horns,Horns,Horns,1,
149,2,50,234,【常识】《白雪公主》的作者是谁？,【常識】《白雪公主》的作者是誰？,[Common Sense] Who is the author of "Snow White"?  ,,,,,格林兄弟,格林兄弟,Brother Grimm,Brother Grimm,Brother Grimm,Brother Grimm,Brother Grimm,安徒生,安徒生,Andersen,Andersen,Andersen,Andersen,Andersen,佚名,佚名,Anonymous,Anonymous,Anonymous,Anonymous,Anonymous,伊索,伊索,Aesop,Aesop,Aesop,Aesop,Aesop,1,
150,2,50,234,【常识】最早的血压计用于测量谁的血压？,【常識】最早的血壓計用於測量誰的血壓？,[Common sense] Whose blood pressure was the earliest sphygmomanometer used to measure?,,,,,马,馬,horse,horse,horse,horse,horse,牛,牛,Cattle,Cattle,Cattle,Cattle,Cattle,猪,豬,Pig,Pig,Pig,Pig,Pig,羊,羊,Sheep,Sheep,Sheep,Sheep,Sheep,1,
151,2,50,234,【常识】美国历史上第一所高等学府是,【常識】美國歷史上第一所高等學府是,[Common Sense] What was the first institution of higher learning in American history?,,,,,哈佛大学,哈佛大學,Harvard University,Harvard University,Harvard University,Harvard University,Harvard University,斯坦福大学,斯坦福大學,Stanford University,Stanford University,Stanford University,Stanford University,Stanford University,朱丽亚音乐学院,朱麗亞音樂學院,The Juilliard School,The Juilliard School,The Juilliard School,The Juilliard School,The Juilliard School,纽约大学,紐約大學,New York University,New York University,New York University,New York University,New York University,1,
152,2,50,234,【常识】最早的校园歌曲出现在,【常識】最早的校園歌曲出現在,[Common Sense] The earliest campus songs appeared in,,,,,日本,日本,Japan,Japan,Japan,Japan,Japan,韩国,韓國,Korea,Korea,Korea,Korea,Korea,中国,中國,China,China,China,China,China,美国,美國,United States,United States,United States,United States,United States,1,
153,2,50,238,【常识】《奥赛罗》出自谁手？,【常識】《奧賽羅》出自誰手？,[Common Sense] Who wrote "Othello" come from?,,,,,莎士比亚,莎士比亞,Shakespeare,Shakespeare,Shakespeare,Shakespeare,Shakespeare,荷马,荷馬,Homer,Homer,Homer,Homer,Homer,但丁,但丁,Dante,Dante,Dante,Dante,Dante,托尔斯泰,托爾斯泰,Tolstoy,Tolstoy,Tolstoy,Tolstoy,Tolstoy,1,
154,2,50,238,【常识】在狗的眼睛里世界是什么颜色的？,【常識】在狗的眼睛裏世界是什麽顏色的？,[Common sense] What color is the world in the eyes of a dog?,,,,,黑白灰色,黑白灰色,Black and white gray,Black and white gray,Black and white gray,Black and white gray,Black and white gray,红绿色,紅綠色,Red and Green,Red and Green,Red and Green,Red and Green,Red and Green,蓝橙色,藍橙色,Blue and Orange,Blue and Orange,Blue and Orange,Blue and Orange,Blue and Orange,彩色,彩色,Color,Color,Color,Color,Color,1,
155,2,50,238,【常识】世界第一枚邮票出现在？,【常識】世界第一枚郵票出現在？,[Common Sense] Where did the world's first stamp appear?,,,,,英国,英國,United Kingdom,United Kingdom,United Kingdom,United Kingdom,United Kingdom,美国,美國,United States,United States,United States,United States,United States,德国,德國,Germany,Germany,Germany,Germany,Germany,法国,法國,France,France,France,France,France,1,
156,2,50,238,【常识】阿尔卑斯山脉的最高峰是？,【常識】阿爾卑斯山脈的最高峰是？,[Common Sense] What is the highest peak of the Alps?,,,,,勃朗峰,勃朗峰,Mont Blanc,Mont Blanc,Mont Blanc,Mont Blanc,Mont Blanc,马特洪峰,馬特洪峰,Matterhorn,Matterhorn,Matterhorn,Matterhorn,Matterhorn,杜富尔峰,杜富爾峰,Dufour Peak,Dufour Peak,Dufour Peak,Dufour Peak,Dufour Peak,魏斯峰,魏斯峰,Weisshorn,Weisshorn,Weisshorn,Weisshorn,Weisshorn,1,
157,2,50,242,【常识】有记录的世界上飞翔距离最远的是什么鸟？,【常識】有記錄的世界上飛翔距離最遠的是什麽鳥？,[Common sense] What kind of bird has the longest flight distance in the world record?,,,,,北极燕鸥,北極燕鷗,Sterna paradisaea,Sterna paradisaea,Sterna paradisaea,Sterna paradisaea,Sterna paradisaea,大雁,大雁,Wild goose,Wild goose,Wild goose,Wild goose,Wild goose,秃鹫,禿鷲,Vulture,Vulture,Vulture,Vulture,Vulture,白头鹰,白頭鷹,Bald Eagle,Bald Eagle,Bald Eagle,Bald Eagle,Bald Eagle,1,
158,2,50,242,【常识】日光灯是一种高压水银灯吗？,【常識】日光燈是一種高壓水銀燈嗎？,[Common sense] Is the fluorescent lamp a high-pressure mercury lamp?,,,,,不是,不是,Is not,Is not,Is not,Is not,Is not,是的,是的,Yes it is,Yes it is,Yes it is,Yes it is,Yes it is,有可能是也有可能不是,有可能是也有可能不是,It may or may not,It may or may not,It may or may not,It may or may not,It may or may not,无法考证,無法考證,Unable to verify,Unable to verify,Unable to verify,Unable to verify,Unable to verify,1,
159,2,50,242,【常识】"世界三大男高音"中的多明戈和卡雷拉斯都是？ ,【常識】"世界三大男高音"中的多明戈和卡雷拉斯都是？ ,[Common Sense] Domingo and Carreras in "The World's Three Tenors" are both?  ,,,,,西班牙人,西班牙人,Spanish,Spanish,Spanish,Spanish,Spanish,意大利人,意大利人,Italian,Italian,Italian,Italian,Italian,阿根廷人,阿根廷人,Argentine,Argentine,Argentine,Argentine,Argentine,法国人,法國人,French,French,French,French,French,1,
160,2,50,242,【常识】月亮金字塔坐落在哪里？,【常識】月亮金字塔坐落在哪裏？,[Common Sense] Where is the Pyramid of the Moon located?,,,,,墨西哥,墨西哥,Mexico,Mexico,Mexico,Mexico,Mexico,多伦多,多倫多,Toronto,Toronto,Toronto,Toronto,Toronto,温哥华,溫哥華,Vancouver,Vancouver,Vancouver,Vancouver,Vancouver,蒙特利尔,蒙特利爾,Montreal,Montreal,Montreal,Montreal,Montreal,1,
161,2,50,246,【常识】有"无烟城市"之称的是？ ,【常識】有"無煙城市"之稱的是？ ,[Common Sense] What is called a "smoke-free city"?  ,,,,,雷克雅末克,雷克雅末克,Reykjavik,Reykjavik,Reykjavik,Reykjavik,Reykjavik,奥胡斯,奧胡斯,Aarhus,Aarhus,Aarhus,Aarhus,Aarhus,欧登塞,歐登塞,Odense,Odense,Odense,Odense,Odense,奥尔堡,奧爾堡,Aalborg,Aalborg,Aalborg,Aalborg,Aalborg,1,
162,2,50,246,【常识】"海的女儿"是哪个城市的城徽？ ,【常識】"海的女兒"是哪個城市的城徽？ ,[Common Sense] Which city's emblem is "The Little Mermaid"?  ,,,,,哥本哈根,哥本哈根,Copenhagen,Copenhagen,Copenhagen,Copenhagen,Copenhagen,奥胡斯,奧胡斯,Aarhus,Aarhus,Aarhus,Aarhus,Aarhus,瑞士,瑞士,Switzerland,Switzerland,Switzerland,Switzerland,Switzerland,雷克雅末克,雷克雅末克,Reykjavik,Reykjavik,Reykjavik,Reykjavik,Reykjavik,1,
164,2,50,246,【常识】死海的最低海拔为,【常識】死海的最低海拔為,[Common Sense] The lowest altitude of the Dead Sea is,,,,,-392m,-392m,-392m,-392m,-392m,-392m,-392m,-361m,-361m,-361m,-361m,-361m,-361m,-361m,-492m,-492m,-492m,-492m,-492m,-492m,-492m,-461m,-461m,-461m,-461m,-461m,-461m,-461m,1,
165,2,50,246,【常识】世界上第一条地铁在1863年建于,【常識】世界上第一條地鐵在1863年建於,[Common sense] The world’s first subway was built in 1863 is located at,,,,,伦敦,倫敦,London,London,London,London,London,柏林,柏林,Berlin,Berlin,Berlin,Berlin,Berlin,巴黎,巴黎,Paris,Paris,Paris,Paris,Paris,里昂,裏昂,Lyon,Lyon,Lyon,Lyon,Lyon,1,
166,2,50,251,【常识】著名的卢浮宫博物馆在,【常識】著名的盧浮宮博物館在,[Common sense] The famous Louvre Museum is in,,,,,巴黎,巴黎,Paris,Paris,Paris,Paris,Paris,柏林,柏林,Berlin,Berlin,Berlin,Berlin,Berlin,里昂,裏昂,Lyon,Lyon,Lyon,Lyon,Lyon,伦敦,倫敦,London,London,London,London,London,1,
167,2,50,251,【常识】世界最重要的IT高科技产业基地硅谷位于美国的哪个州？,【常識】世界最重要的IT高科技產業基地矽谷位於美國的哪個州？,"[Common sense] Silicon Valley, the world's most important IT high-tech industrial base is in which state of the United States?  ",,,,,加利福尼亚州,加利福尼亞州,California,California,California,California,California,德克萨斯州,德克薩斯州,Texas,Texas,Texas,Texas,Texas,阿拉斯加州,阿拉斯加州,Alaska,Alaska,Alaska,Alaska,Alaska,科罗拉多州,科羅拉多州,Colorado,Colorado,Colorado,Colorado,Colorado,1,
168,2,50,251,【常识】欧洲最长的河流是,【常識】歐洲最長的河流是,[Common sense] The longest river in Europe is,,,,,伏尔加河,伏爾加河,Volga,Volga,Volga,Volga,Volga,莱茵河,萊茵河,Rhine River,Rhine River,Rhine River,Rhine River,Rhine River,多瑙河,多瑙河,Danube,Danube,Danube,Danube,Danube,泰晤士河,泰晤士河,Thames,Thames,Thames,Thames,Thames,1,
169,2,50,251,【常识】眉毛的生长周期有多久？,【常識】眉毛的生長周期有多久？,[Common Sense] How long is the growth cycle of eyebrows?,,,,,2个月,2個月,2 months,2 months,2 months,2 months,2 months,1个月,1個月,1 month,1 month,1 month,1 month,1 month,半年,半年,Half a year,Half a year,Half a year,Half a year,Half a year,15天,15天,15 days,15 days,15 days,15 days,15 days,1,
170,2,50,255,【常识】人类最古老的绘画形式是,【常識】人類最古老的繪畫形式是,[Common sense] The oldest form of human painting is,,,,,壁画,壁畫,mural,mural,mural,mural,mural,版画,版畫,Print,Print,Print,Print,Print,油画,油畫,Painting,Painting,Painting,Painting,Painting,水彩画,水彩畫,Watercolor painting,Watercolor painting,Watercolor painting,Watercolor painting,Watercolor painting,1,
171,2,50,255,【常识】北极的气温比南极的气温,【常識】北極的氣溫比南極的氣溫,[Common sense] The temperature in the Arctic is higher than the temperature in the Antarctic,,,,,高,高,high,high,high,high,high,相差无几,相差無幾,Almost the same,Almost the same,Almost the same,Almost the same,Almost the same,低,低,Low,Low,Low,Low,Low,无法考证,無法考證,Unable to verify,Unable to verify,Unable to verify,Unable to verify,Unable to verify,1,
172,2,50,255,【常识】"蒙太奇"一词源于哪国语言？ ,【常識】"蒙太奇"一詞源於哪國語言？ ,[Common Sense] Which language does the word "montage" originate from?  ,,,,,法国,法國,France,France,France,France,France,德国,德國,Germany,Germany,Germany,Germany,Germany,意大利,意大利,Italy,Italy,Italy,Italy,Italy,美国,美國,United States,United States,United States,United States,United States,1,
173,2,50,255,【常识】香槟酒是葡萄酒吗？,【常識】香檳酒是葡萄酒嗎？,[Common sense] Is champagne wine?,,,,,是,是,Yes,Yes,Yes,Yes,Yes,不是,不是,Is not,Is not,Is not,Is not,Is not,有的是有的不是,有的是有的不是,Some are some not,Some are some not,Some are some not,Some are some not,Some are some not,无法考证,無法考證,Unable to verify,Unable to verify,Unable to verify,Unable to verify,Unable to verify,1,
175,2,50,260,【常识】著名影片《魂断蓝桥》的桥是哪座桥？,【常識】著名影片《魂斷藍橋》的橋是哪座橋？,[Common Sense] Which bridge is the famous film "Waterloo Bridge"?  ,,,,,滑铁卢桥,滑鐵盧橋,Waterloo Bridge,Waterloo Bridge,Waterloo Bridge,Waterloo Bridge,Waterloo Bridge,费马恩大桥,費馬恩大橋,Fehmarn Bridge,Fehmarn Bridge,Fehmarn Bridge,Fehmarn Bridge,Fehmarn Bridge,伦敦桥,倫敦橋,London bridge,London bridge,London bridge,London bridge,London bridge,南斯拉夫大桥,南斯拉夫大橋,Yugoslavia Bridge,Yugoslavia Bridge,Yugoslavia Bridge,Yugoslavia Bridge,Yugoslavia Bridge,1,
176,2,50,260,【常识】世界上的哪个国家有"黄金海岸"之称？ ,【常識】世界上的哪個國家有"黃金海岸"之稱？ ,[Common Sense] Which country in the world is known as the "Gold Coast"?  ,,,,,加纳,加納,Ghana,Ghana,Ghana,Ghana,Ghana,澳大利亚,澳大利亞,Australia,Australia,Australia,Australia,Australia,墨西哥,墨西哥,Mexico,Mexico,Mexico,Mexico,Mexico,美国,美國,United States,United States,United States,United States,United States,1,
177,2,50,260,【常识】著名的哈雷彗星命名源于,【常識】著名的哈雷彗星命名源於,[Common Sense] The famous Halley’s comet is named after,,,,,人名,人名,Person's name,Person's name,Person's name,Person's name,Person's name,地名,地名,Name of a place,Name of a place,Name of a place,Name of a place,Name of a place,事件名,事件名,Event name,Event name,Event name,Event name,Event name,无法考证,無法考證,Unable to verify,Unable to verify,Unable to verify,Unable to verify,Unable to verify,1,
178,2,50,260,【常识】世界上最早种植棉花的国家是,【常識】世界上最早種植棉花的國家是,[Common sense] The first country in the world to grow cotton is,,,,,印度,印度,India,India,India,India,India,中国,中國,China,China,China,China,China,缅甸,緬甸,Myanmar,Myanmar,Myanmar,Myanmar,Myanmar,韩国,韓國,Korea,Korea,Korea,Korea,Korea,1,
179,2,50,260,【常识】地球上出现的四季更替是由于,【常識】地球上出現的四季更替是由於,[Common sense] The changing of the four seasons on the earth is due to,,,,,地球公转,地球公轉,Earth revolution,Earth revolution,Earth revolution,Earth revolution,Earth revolution,地球自转,地球自轉,Earth rotation,Earth rotation,Earth rotation,Earth rotation,Earth rotation,太阳自转,太陽自轉,Sun rotation,Sun rotation,Sun rotation,Sun rotation,Sun rotation,太阳公转,太陽公轉,Sun revolution,Sun revolution,Sun revolution,Sun revolution,Sun revolution,1,
180,3,50,313,【常识】许多人都喜欢到低于海平面410公尺的死海去做日光浴是因为,【常識】許多人都喜歡到低於海平面410公尺的死海去做日光浴是因為,"[Common sense] Many people like to go sunbathing in the Dead Sea, which is 410 meters below sea level, because",,,,,紫外线最弱,紫外線最弱,The weakest UV,The weakest UV,The weakest UV,The weakest UV,The weakest UV,可以治愈疾病,可以治愈疾病,Can cure the disease,Can cure the disease,Can cure the disease,Can cure the disease,Can cure the disease,环境漂亮,環境漂亮,Beautiful environment,Beautiful environment,Beautiful environment,Beautiful environment,Beautiful environment,空气最好,空氣最好,The best air,The best air,The best air,The best air,The best air,1,
181,3,50,313,【常识】人的面部与手一样有左右偏性，那么哪种偏性的人更多？,【常識】人的面部與手一樣有左右偏性，那麽哪種偏性的人更多？,"[Common sense] Human faces have left and right biases just like hands, so which bias has more people?",,,,,右偏,右偏,Right,Right,Right,Right,Right,左偏,左偏,Left biases,Left biases,Left biases,Left biases,Left biases,无法统计,無法統計,Unable to count,Unable to count,Unable to count,Unable to count,Unable to count,既不偏左也不偏右,既不偏左也不偏右,Neither left nor right,Neither left nor right,Neither left nor right,Neither left nor right,Neither left nor right,1,
182,3,50,315,【常识】印度的国鸟是,【常識】印度的國鳥是,[Common sense] The national bird of India is,,,,,孔雀,孔雀,peacock,peacock,peacock,peacock,peacock,白头海雕,白頭海雕,Bald Eagle,Bald Eagle,Bald Eagle,Bald Eagle,Bald Eagle,绿雉,綠雉,Chinese Monal Pheasant,Chinese Monal Pheasant,Chinese Monal Pheasant,Chinese Monal Pheasant,Chinese Monal Pheasant,丹顶鹤,丹頂鶴,Red-crowned crane,Red-crowned crane,Red-crowned crane,Red-crowned crane,Red-crowned crane,1,
183,3,50,315,【常识】国际象棋共有多少颗棋子？,【常識】國際象棋共有多少顆棋子？,[Common sense] How many pieces are there in chess?,,,,,32颗,32顆,32 pcs,32 pcs,32 pcs,32 pcs,32 pcs,36颗,36顆,36 pcs,36 pcs,36 pcs,36 pcs,36 pcs,30颗,30顆,30 pcs,30 pcs,30 pcs,30 pcs,30 pcs,28颗,28顆,28 pcs,28 pcs,28 pcs,28 pcs,28 pcs,1,
184,3,50,315,【常识】"冬天到了，春天还会远吗"语出,【常識】"冬天到了，春天還會遠嗎"語出,"[Common Sense] ""Winter is here, can spring be far behind?"" is said by",,,,,雪莱,雪萊,Shelley,Shelley,Shelley,Shelley,Shelley,拜伦,拜倫,Byron,Byron,Byron,Byron,Byron,泰戈尔,泰戈爾,Tagore,Tagore,Tagore,Tagore,Tagore,赫尔曼·黑塞,赫爾曼·黑塞,Hermann Hesse,Hermann Hesse,Hermann Hesse,Hermann Hesse,Hermann Hesse,1,
185,3,50,319,【常识】国际上用"K"表示含金量，18K表示含金量为,【常識】國際上用"K"表示含金量，18K表示含金量為,"[Common Sense] Internationally, ""K"" is used to indicate the gold content, and 18K indicates that the gold content is",,,,,75%,75%,75%,75%,75%,75%,75%,1,1,1,1,1,1,1,99.60%,99.60%,0.996,0.996,0.996,0.996,0.996,99%,99%,0.99,0.99,0.99,0.99,0.99,1,
186,3,50,319,【常识】施特劳斯与"圆舞曲之父"老约翰.施特劳斯是什么关系？,【常識】施特勞斯與"圓舞曲之父"老約翰.施特勞斯是什麽關系？,[Common sense] What is the relationship between Strauss and the "Father of Waltz" John Strauss?,,,,,父子,父子,Father and son,Father and son,Father and son,Father and son,Father and son,兄弟,兄弟,Brothers,Brothers,Brothers,Brothers,Brothers,朋友,朋友,Friend,Friend,Friend,Friend,Friend,互不认识,互不認識,Don't know each other,Don't know each other,Don't know each other,Don't know each other,Don't know each other,1,
187,3,50,319,【常识】就目前观察，宇宙空间含量最多的元素是,【常識】就目前觀察，宇宙空間含量最多的元素是,"[Common Sense] According to the current observations, the most abundant element in the universe is",,,,,氢元素,氫元素,Hydrogen,Hydrogen,Hydrogen,Hydrogen,Hydrogen,氧元素,氧元素,Oxygen,Oxygen,Oxygen,Oxygen,Oxygen,钠元素,鈉元素,Sodium,Sodium,Sodium,Sodium,Sodium,氯元素,氯元素,Chlorine,Chlorine,Chlorine,Chlorine,Chlorine,1,
188,3,50,322,"【常识】舞蛇者表演时,蛇随舞蛇者舞动是因为受到以下哪种影响？","【常識】舞蛇者表演時,蛇隨舞蛇者舞動是因為受到以下哪種影響？","[Common Sense] When the snake dancer performs, the snake moves with the snake dancer because of which of the following influences?",,,,,舞蛇者的动作,舞蛇者的動作,The movements of the snake dancer,The movements of the snake dancer,The movements of the snake dancer,The movements of the snake dancer,The movements of the snake dancer,舞蛇者发出的声音,舞蛇者發出的聲音,The sound of the snake dancer,The sound of the snake dancer,The sound of the snake dancer,The sound of the snake dancer,The sound of the snake dancer,舞蛇者的眼神,舞蛇者的眼神,Snake dancer's eyes,Snake dancer's eyes,Snake dancer's eyes,Snake dancer's eyes,Snake dancer's eyes,舞蛇者的服装,舞蛇者的服裝,Snake dancer's costume,Snake dancer's costume,Snake dancer's costume,Snake dancer's costume,Snake dancer's costume,1,
189,3,50,322,【常识】人脑中控制人平衡力的是,【常識】人腦中控制人平衡力的是,[Common sense] What controls balance in the human brain is,,,,,小脑,小腦,Cerebellum,Cerebellum,Cerebellum,Cerebellum,Cerebellum,大脑,大腦,Brain,Brain,Brain,Brain,Brain,间脑,間腦,Diencephalon,Diencephalon,Diencephalon,Diencephalon,Diencephalon,脑干,腦幹,Brain stem,Brain stem,Brain stem,Brain stem,Brain stem,1,
190,3,50,322,【常识】为了便于让望远镜观测天体，天文台的房子屋顶被设计成,【常識】為了便於讓望遠鏡觀測天體，天文臺的房子屋頂被設計成,"[Common sense] In order to allow the telescope to observe celestial bodies, the roof of the observatory’s house is designed as",,,,,圆顶,圓頂,Dome,Dome,Dome,Dome,Dome,方顶,方頂,Square top,Square top,Square top,Square top,Square top,露天,露天,Open air,Open air,Open air,Open air,Open air,密封状态,密封狀態,Sealed state,Sealed state,Sealed state,Sealed state,Sealed state,1,
191,1,50,150,根据图鉴可知，三合一磁怪由三只小磁怪组成，由此猜测三合一磁怪的体重是小磁怪的多少倍？,根據圖鑒可知，三合一磁怪由三只小磁怪組成，由此猜測三合一磁怪的體重是小磁怪的多少倍？,"According to the Pokédex, the Magneton is composed of three Magnemite. From this, guess how many times the weight of the Magneton is the Magnemite?",,,,,10倍,10倍,10 times,10 times,10 times,10 times,10 times,5倍,5倍,5 times,5 times,5 times,5 times,5 times,20倍,20倍,20 times,20 times,20 times,20 times,20 times,3倍,3倍,3 times,3 times,3 times,3 times,3 times,1,
192,1,50,151,有一只精灵的形状和颜色，都与精灵球相似，请问是哪只精灵？,有一只精靈的形狀和顏色，都與精靈球相似，請問是哪只精靈？,"There is an Pokémon in shape and color, which is similar to the Pokéball. Which Pokémon is it?",,,,,霹雳电球,霹靂電球,Thunderbolt,Thunderbolt,Thunderbolt,Thunderbolt,Thunderbolt,顽皮雷弹,頑皮雷彈,Electrode,Electrode,Electrode,Electrode,Electrode,蛋蛋,蛋蛋,Exeggcute,Exeggcute,Exeggcute,Exeggcute,Exeggcute,幸福蛋,幸福蛋,Blissey,Blissey,Blissey,Blissey,Blissey,1,
193,1,50,152,肯泰罗有几条尾巴？,肯泰羅有幾條尾巴？,How many tails does Tauros have?,,,,,3条,3條,Three,Three,Three,Three,Three,1条,1條,One,One,One,One,One,2条,2條,Two,Two,Two,Two,Two,无,無,no,no,no,no,no,1,
194,1,50,153,哪只精灵在白天时频繁地活动，太阳下山后会突然变得一动不动？,哪只精靈在白天時頻繁地活動，太陽下山後會突然變得一動不動？,Which Pokémon active during the day and suddenly becomes motionless after the sun goes down?,,,,,向日花怪,向日花怪,Sunflora,Sunflora,Sunflora,Sunflora,Sunflora,蜻蜻蜓,蜻蜻蜓,Yanma,Yanma,Yanma,Yanma,Yanma,乌波,烏波,Wooper,Wooper,Wooper,Wooper,Wooper,太阳伊布,太陽伊布,Espeon,Espeon,Espeon,Espeon,Espeon,1,
195,1,50,154,以下精灵中没有毒属性的是？,以下精靈中沒有毒屬性的是？,Which of the following Pokémon are not poison type?,,,,,催眠大师巴大蝶,催眠大師巴大蝶,Hypnotist Butterfree,Hypnotist Butterfree,Hypnotist Butterfree,Hypnotist Butterfree,Hypnotist Butterfree,臭烘烘的臭臭花,臭烘烘的臭臭花,Smelly smelly Gloome,Smelly smelly Gloome,Smelly smelly Gloome,Smelly smelly Gloome,Smelly smelly Gloome,达捏达捏的妙蛙种子,達捏達捏的妙蛙種子,Bulb carrier Bulbasaur,Bulb carrier Bulbasaur,Bulb carrier Bulbasaur,Bulb carrier Bulbasaur,Bulb carrier Bulbasaur,目光呆滞的喇叭芽,目光呆滯的喇叭芽,Dull-eyed Bellsprout,Dull-eyed Bellsprout,Dull-eyed Bellsprout,Dull-eyed Bellsprout,Dull-eyed Bellsprout,1,
196,1,50,155,以下哪种精灵不存在地区形态差异？,以下哪種精靈不存在地區形態差異？,Which of the following Pokémon do not have regional differences?,,,,,皮卡丘,皮卡丘,Pikachu,Pikachu,Pikachu,Pikachu,Pikachu,拉达,拉達,Raticate,Raticate,Raticate,Raticate,Raticate,地鼠,地鼠,Diglett,Diglett,Diglett,Diglett,Diglett,隆隆岩,隆隆巖,Golem,Golem,Golem,Golem,Golem,1,
197,1,50,156,引梦貘人是催眠貘的进化型，二者都是催眠精灵、且以什么为食？,引夢貘人是催眠貘的進化型，二者都是催眠精靈、且以什麽為食？,"Hypno are an evolution form of Drowzee. Both are hypnotic Pokémon, and what do they feed on?",,,,,梦,夢,dream,dream,dream,dream,dream,灵魂,靈魂,Soul,Soul,Soul,Soul,Soul,花蜜,花蜜,Nectar,Nectar,Nectar,Nectar,Nectar,果实,果實,Fruit,Fruit,Fruit,Fruit,Fruit,1,
198,1,50,157,童话中有丑小鸭变为白天鹅，精灵中也有类似的进化。请问是哪只精灵？,童話中有醜小鴨變為白天鵝，精靈中也有類似的進化。請問是哪只精靈？,"In fairy tales, the ugly duckling becomes a white swan, and the Pokémon have a similar evolution. Which Pokémon is it?",,,,,鸭宝宝,鴨寶寶,Ducklett,Ducklett,Ducklett,Ducklett,Ducklett,可达鸭,可達鴨,Psyduck,Psyduck,Psyduck,Psyduck,Psyduck,大葱鸭,大蔥鴨,Farfetch'd,Farfetch'd,Farfetch'd,Farfetch'd,Farfetch'd,鸭嘴宝宝,鴨嘴寶寶,Magby,Magby,Magby,Magby,Magby,1,
199,1,50,158,以下关于雪童子说法错误的是？,以下關於雪童子說法錯誤的是？,Which of the following statements about Snorunt is wrong?,,,,,人们都厌恶雪童子的到来，会带来寒冷,人們都厭惡雪童子的到來，會帶來寒冷,"People hate Snorunt’s arrival, it will bring coldness","People hate Snorunt’s arrival, it will bring coldness","People hate Snorunt’s arrival, it will bring coldness","People hate Snorunt’s arrival, it will bring coldness","People hate Snorunt’s arrival, it will bring coldness",雪童子经过的地方温度会急剧下降,雪童子經過的地方溫度會急劇下降,The temperature of the place where Snorunt passes by will drop sharply,The temperature of the place where Snorunt passes by will drop sharply,The temperature of the place where Snorunt passes by will drop sharply,The temperature of the place where Snorunt passes by will drop sharply,The temperature of the place where Snorunt passes by will drop sharply,雪童子是以吃雪和冰为生的,雪童子是以吃雪和冰為生的,Snorunt lives by eating snow and ice,Snorunt lives by eating snow and ice,Snorunt lives by eating snow and ice,Snorunt lives by eating snow and ice,Snorunt lives by eating snow and ice,雪童子到访过的家会世代繁荣,雪童子到訪過的家會世代繁榮,The family that the Snorunt visited will prosper for generations,The family that the Snorunt visited will prosper for generations,The family that the Snorunt visited will prosper for generations,The family that the Snorunt visited will prosper for generations,The family that the Snorunt visited will prosper for generations,1,
200,1,50,159,无限精灵拉帝亚斯的性别是？,無限精靈拉帝亞斯的性別是？,What is the gender of the Infinite Pokémon Latias?,,,,,雌性,雌性,female,female,female,female,female,雄性,雄性,Male,Male,Male,Male,Male,雄性雌性都有,雄性雌性都有,Both male and female,Both male and female,Both male and female,Both male and female,Both male and female,传说宝可梦无法确认,傳說寶可夢無法確認,Legendary Pokémon cannot be confirmed,Legendary Pokémon cannot be confirmed,Legendary Pokémon cannot be confirmed,Legendary Pokémon cannot be confirmed,Legendary Pokémon cannot be confirmed,1,
201,2,50,261,玛力露丽身上被称为”感应器“的部位是？,瑪力露麗身上被稱為”感應器“的部位是？,What part of Azumarill's body is called the "sensor"?,,,,,耳朵,耳朵,ear,ear,ear,ear,ear,尾巴,尾巴,Tail,Tail,Tail,Tail,Tail,鼻子,鼻子,Nose,Nose,Nose,Nose,Nose,眼睛,眼睛,Eye,Eye,Eye,Eye,Eye,1,
202,2,50,262,毽子花头顶的花一般超过多少度就会开花？,毽子花頭頂的花一般超過多少度就會開花？,How many degree does the flower on the top of Skiploom usually bloom?,,,,,18°,18°,18°,18°,18°,18°,18°,20°,20°,20°,20°,20°,20°,20°,10°,10°,10°,10°,10°,10°,10°,25°,25°,25°,25°,25°,25°,25°,1,
203,2,50,263,大奶罐一天可以产出多少升的牛奶？,大奶罐一天可以產出多少升的牛奶？,How many liters of milk can Miltank produce in a day?,,,,,20升,20升,20 liters,20 liters,20 liters,20 liters,20 liters,15升,15升,15 liters,15 liters,15 liters,15 liters,15 liters,30升,30升,30 liters,30 liters,30 liters,30 liters,30 liters,40升,40升,40 liters,40 liters,40 liters,40 liters,40 liters,1,
204,2,50,264,懒人獭身体总是一动不动的趴着，请问每天懒人獭至少会趴多久？,懶人獺身體總是一動不動的趴著，請問每天懶人獺至少會趴多久？,Slakoth always lie motionless on their stomachs. How long does Slakoth spend at least lying down every day?,,,,,至少20小时,至少20小時,At least 20 hours,At least 20 hours,At least 20 hours,At least 20 hours,At least 20 hours,至少15小时,至少15小時,At least 15 hours,At least 15 hours,At least 15 hours,At least 15 hours,At least 15 hours,趴24小时,趴24小時,Lying for 24 hours,Lying for 24 hours,Lying for 24 hours,Lying for 24 hours,Lying for 24 hours,至少趴18小时,至少趴18小時,Lie down for at least 18 hours,Lie down for at least 18 hours,Lie down for at least 18 hours,Lie down for at least 18 hours,Lie down for at least 18 hours,1,
205,2,50,265,下列精灵中谁的移动速度最慢？,下列精靈中誰的移動速度最慢？,Which of the following Pokémon has the slowest movement speed?,,,,,朝北鼻,朝北鼻,Nosepass,Nosepass,Nosepass,Nosepass,Nosepass,幕下力士,幕下力士,Makuhita,Makuhita,Makuhita,Makuhita,Makuhita,优雅猫,優雅貓,Delcatty,Delcatty,Delcatty,Delcatty,Delcatty,勾魂眼,勾魂眼,Sableye,Sableye,Sableye,Sableye,Sableye,1,
206,2,50,266,利牙鱼在孤身一人的情况下十分胆小且不会去狩猎，但是在多少只同类在一起时就会性情大变？,利牙魚在孤身一人的情況下十分膽小且不會去狩獵，但是在多少只同類在一起時就會性情大變？,"Carvanha is very timid and will not go hunting when alone, but how many of them are together, it will change its habit?",,,,,5只,5只,Five,Five,Five,Five,Five,3只,3只,Three,Three,Three,Three,Three,4只,4只,Four,Four,Four,Four,Four,2只,2只,Two,Two,Two,Two,Two,1,
207,2,50,267,跳跳猪是一种无时无刻不在跳动的精灵，下列阐述不停跳动的原因正确的是？,跳跳豬是一種無時無刻不在跳動的精靈，下列闡述不停跳動的原因正確的是？,Spoink is a kind of Pokémon that jumping all the time. Which of the following explanations of the reasons for the jumping is correct?,,,,,靠着跳跃的震动来使心脏跳动,靠著跳躍的震動來使心臟跳動,Relying on jumping vibrations to make the heart beat,Relying on jumping vibrations to make the heart beat,Relying on jumping vibrations to make the heart beat,Relying on jumping vibrations to make the heart beat,Relying on jumping vibrations to make the heart beat,靠着跳跃的震动来保持平衡,靠著跳躍的震動來保持平衡,Rely on the vibration of the jump to maintain balance,Rely on the vibration of the jump to maintain balance,Rely on the vibration of the jump to maintain balance,Rely on the vibration of the jump to maintain balance,Rely on the vibration of the jump to maintain balance,靠着跳跃的震动来稳定脂肪,靠著跳躍的震動來穩定脂肪,Stabilize fat by jumping vibrations,Stabilize fat by jumping vibrations,Stabilize fat by jumping vibrations,Stabilize fat by jumping vibrations,Stabilize fat by jumping vibrations,靠着跳跃的震动使自己变得有弹性,靠著跳躍的震動使自己變得有彈性,Rely on the vibration of the jump to make itself resilient,Rely on the vibration of the jump to make itself resilient,Rely on the vibration of the jump to make itself resilient,Rely on the vibration of the jump to make itself resilient,Rely on the vibration of the jump to make itself resilient,1,
208,2,50,268,猫鼬斩与生俱来的宿敌是？,貓鼬斬與生俱來的宿敵是？,What is the rival enemy of Zangoose?,,,,,饭匙蛇,飯匙蛇,Seviper,Seviper,Seviper,Seviper,Seviper,泥泥鳅,泥泥鰍,Barboach,Barboach,Barboach,Barboach,Barboach,铁螯龙虾,鐵螯龍蝦,Crawdaunt,Crawdaunt,Crawdaunt,Crawdaunt,Crawdaunt,太古盔甲,太古盔甲,Armaldo,Armaldo,Armaldo,Armaldo,Armaldo,1,
209,2,50,269,雷吉洛克、雷吉艾斯、雷吉斯奇鲁虽然"眼睛"的排列不一致，但是"眼睛"数量是一样的。请问，一共有多少只眼睛？,雷吉洛克、雷吉艾斯、雷吉斯奇魯雖然"眼睛"的排列不一致，但是"眼睛"數量是一樣的。請問，一共有多少只眼睛？,"Regirock, Regice, and Registeel are inconsistent in the arrangement of ""eyes"", but the number of ""eyes"" is the same. How many eyes are there in total?",,,,,7个,7個,7,7,7,7,7,6个,6個,Six,Six,Six,Six,Six,8个,8個,Eight,Eight,Eight,Eight,Eight,9个,9個,Nine,Nine,Nine,Nine,Nine,1,
210,2,50,270,结草儿会将身边的材料会成为身体的一部分，因而出现不同形态。哪只不是目前已有形态？,結草兒會將身邊的材料會成為身體的一部分，因而出現不同形態。哪只不是目前已有形態？,"Burmy will make the materials around it become part of the body, thus appearing in different forms. Which one is not in its current known form?",,,,,花海蓑衣,花海蓑衣,Flower Cloak,Flower Cloak,Flower Cloak,Flower Cloak,Flower Cloak,垃圾蓑衣,垃圾蓑衣,Trash Cloak,Trash Cloak,Trash Cloak,Trash Cloak,Trash Cloak,砂土蓑衣,砂土蓑衣,Sandy Cloak,Sandy Cloak,Sandy Cloak,Sandy Cloak,Sandy Cloak,草木蓑衣,草木蓑衣,Plant Cloak,Plant Cloak,Plant Cloak,Plant Cloak,Plant Cloak,1,
211,2,50,271,大舌舔的舌头可以伸出很长，请问目前最长的记录是多少？,大舌舔的舌頭可以伸出很長，請問目前最長的記錄是多少？,Lickilicky can stick out its tongue for a long time. What is the longest record so far?,,,,,25米,25米,25 meters,25 meters,25 meters,25 meters,25 meters,20米,20米,20 meters,20 meters,20 meters,20 meters,20 meters,30米,30米,30 meters,30 meters,30 meters,30 meters,30 meters,35米,35米,35 meters,35 meters,35 meters,35 meters,35 meters,1,
212,2,50,272,通常精灵进化会引起身体上的变异，以下哪只精灵在进化后脚会消失？,通常精靈進化會引起身體上的變異，以下哪只精靈在進化後腳會消失？,Usually the evolution of Pokémon will cause physical mutations. Which of the following  Pokémon’s foot will disappear after evolution?,,,,,藤藤蛇,藤藤蛇,Snivy,Snivy,Snivy,Snivy,Snivy,皮丘,皮丘,Pichu,Pichu,Pichu,Pichu,Pichu,暖暖猪,暖暖豬,Tepig,Tepig,Tepig,Tepig,Tepig,水水獭,水水獺,Oshawott,Oshawott,Oshawott,Oshawott,Oshawott,1,
213,2,50,273,燃烧虫会通过5只角中喷出火焰与对手战斗，火焰的温度能达到多少度？,燃燒蟲會通過5只角中噴出火焰與對手戰鬥，火焰的溫度能達到多少度？,Larvesta will shoot flames from 5 horns to fight against their opponents. How much temperature can the flame reach?,,,,,3000°,3000°,3000°,3000°,3000°,3000°,3000°,4000°,4000°,4000°,4000°,4000°,4000°,4000°,5000°,5000°,5000°,5000°,5000°,5000°,5000°,6000°,6000°,6000°,6000°,6000°,6000°,6000°,1,
214,2,50,274,传说精灵龙卷云的"化身形态"下半身被云包裹着，当它变为"灵兽形态"会有什么变化？,傳說精靈龍卷雲的"化身形態"下半身被雲包裹著，當它變為"靈獸形態"會有什麽變化？,Legendadry Pokémon Tornadus’s lower body is wrapped in clouds when in Incarnate Forme. What will happen when it changes to the "Therian Forme"?,,,,,双手变为了翅膀,雙手變為了翅膀,Hands become wings,Hands become wings,Hands become wings,Hands become wings,Hands become wings,变为了龙得形态,變為了龍得形態,Changed into a dragon form,Changed into a dragon form,Changed into a dragon form,Changed into a dragon form,Changed into a dragon form,四肢可在陆地上行走,四肢可在陸地上行走,Developing limbs that can walk on land,Developing limbs that can walk on land,Developing limbs that can walk on land,Developing limbs that can walk on land,Developing limbs that can walk on land,全身化为风一样的气态,全身化為風一樣的氣態,The whole body turned into a wind-like gaseous state,The whole body turned into a wind-like gaseous state,The whole body turned into a wind-like gaseous state,The whole body turned into a wind-like gaseous state,The whole body turned into a wind-like gaseous state,1,
215,2,50,275,下列关于妙喵说法错误的是？,下列關於妙喵說法錯誤的是？,Which of the following statements about Espurr is wrong?,,,,,妙喵平时表情丰富，是训练师的开心果,妙喵平時表情豐富，是訓練師的開心果,Espurr usually has a rich expression and is a trainer’s treat,Espurr usually has a rich expression and is a trainer’s treat,Espurr usually has a rich expression and is a trainer’s treat,Espurr usually has a rich expression and is a trainer’s treat,Espurr usually has a rich expression and is a trainer’s treat,妙喵的进化形态是分雌雄的,妙喵的進化形態是分雌雄的,Espurr's evolution form has male and female differences,Espurr's evolution form has male and female differences,Espurr's evolution form has male and female differences,Espurr's evolution form has male and female differences,Espurr's evolution form has male and female differences,妙喵的进化形身上只有白色和蓝色,妙喵的進化形身上只有白色和藍色,Espurr’s evolution form only has white and blue on its body,Espurr’s evolution form only has white and blue on its body,Espurr’s evolution form only has white and blue on its body,Espurr’s evolution form only has white and blue on its body,Espurr’s evolution form only has white and blue on its body,妙喵拥有强大的精神力,妙喵擁有強大的精神力,Espurr  has a strong psychic power,Espurr  has a strong psychic power,Espurr  has a strong psychic power,Espurr  has a strong psychic power,Espurr  has a strong psychic power,1,
216,2,50,276,花舞鸟是一种有着不同形态风格的精灵，以下列举中不是花舞鸟的形态的是？,花舞鳥是一種有著不同形態風格的精靈，以下列舉中不是花舞鳥的形態的是？,Oricorio is a kind of Pokémon with different forms and styles. Which ones are not in the form of Oricorio?,,,,,轻柔轻柔风格,輕柔輕柔風格,Sensu Style,Sensu Style,Sensu Style,Sensu Style,Sensu Style,热辣热辣风格,熱辣熱辣風格,Baile Style,Baile Style,Baile Style,Baile Style,Baile Style,啪滋啪滋风格,啪滋啪滋風格,Pom-Pom Style,Pom-Pom Style,Pom-Pom Style,Pom-Pom Style,Pom-Pom Style,呼拉呼拉风格,呼拉呼拉風格,Pa'u Style,Pa'u Style,Pa'u Style,Pa'u Style,Pa'u Style,1,
217,2,50,277,蚊香蛙皇头上的卷毛越长、越漂亮会证明什么？,蚊香蛙皇頭上的卷毛越長、越漂亮會證明什麽？,What does the longer and more beautiful the curls on the head of Politoed prove?,,,,,是王者的证明，受同伴尊敬,是王者的證明，受同伴尊敬,"It is the proof of the king, respected by the companions","It is the proof of the king, respected by the companions","It is the proof of the king, respected by the companions","It is the proof of the king, respected by the companions","It is the proof of the king, respected by the companions",会吸引更多吸引异性,會吸引更多吸引異性,Attract more of the other gender,Attract more of the other gender,Attract more of the other gender,Attract more of the other gender,Attract more of the other gender,在月下唱歌声音更大,在月下唱歌聲音更大,Singing louder under the moon,Singing louder under the moon,Singing louder under the moon,Singing louder under the moon,Singing louder under the moon,使用技能的能力更强,使用技能的能力更強,Stronger ability to use skills,Stronger ability to use skills,Stronger ability to use skills,Stronger ability to use skills,Stronger ability to use skills,1,
218,2,50,278,怪力有着发达的4条手臂，请问根据图鉴记载这4条手臂在2秒内可挥出多少拳？,怪力有著發達的4條手臂，請問根據圖鑒記載這4條手臂在2秒內可揮出多少拳？,Machampi has 4 developed arms. How many punches can these 4 arms strike in 2 seconds according to the Pokédex?,,,,,1000拳,1000拳,1000 punches,1000 punches,1000 punches,1000 punches,1000 punches,500拳,500拳,500 punches,500 punches,500 punches,500 punches,500 punches,100拳,100拳,100 punches,100 punches,100 punches,100 punches,100 punches,200拳,200拳,200 punches,200 punches,200 punches,200 punches,200 punches,1,
219,2,50,279,毒刺水母会使用触手缠绕猎物，被缠绕的猎物无法逃走。请问毒刺水母在记载中有多少个触手？,毒刺水母會使用觸手纏繞獵物，被纏繞的獵物無法逃走。請問毒刺水母在記載中有多少個觸手？,"Tentacruel will use tentacles to entangle their prey, and the entangled prey cannot escape. How many tentacles does Tentacruel have in the record?",,,,,80只,80只,Eighty,Eighty,Eighty,Eighty,Eighty,100只,100只,A hundred,A hundred,A hundred,A hundred,A hundred,50只,50只,Fifty,Fifty,Fifty,Fifty,Fifty,10只,10只,Ten,Ten,Ten,Ten,Ten,1,
220,2,50,280,多刺菊石兽是一种濒临灭绝的精灵。请问导致这种精灵灭绝的原因是？,多刺菊石獸是一種瀕臨滅絕的精靈。請問導致這種精靈滅絕的原因是？,Omastar is a kind of Pokémon that are on the verge of extinction. What caused the extinction of this kind of Pokémon?,,,,,因为壳太重，很难捕捉猎物,因為殼太重，很難捕捉獵物,"Because the shell is too heavy, it’s difficult to catch prey","Because the shell is too heavy, it’s difficult to catch prey","Because the shell is too heavy, it’s difficult to catch prey","Because the shell is too heavy, it’s difficult to catch prey","Because the shell is too heavy, it’s difficult to catch prey",因为其他宝可梦都以它为食,因為其他寶可夢都以它為食,Because other Pokémon feed on it,Because other Pokémon feed on it,Because other Pokémon feed on it,Because other Pokémon feed on it,Because other Pokémon feed on it,因为火山喷发，基本都变为化石了,因為火山噴發，基本都變為化石了,"Because of the volcanic eruption, it basically turned into fossils","Because of the volcanic eruption, it basically turned into fossils","Because of the volcanic eruption, it basically turned into fossils","Because of the volcanic eruption, it basically turned into fossils","Because of the volcanic eruption, it basically turned into fossils",因为海水缩减，无法呼吸而灭绝,因為海水縮減，無法呼吸而滅絕,"Extinct because of the shrinking sea water, unable to breathe","Extinct because of the shrinking sea water, unable to breathe","Extinct because of the shrinking sea water, unable to breathe","Extinct because of the shrinking sea water, unable to breathe","Extinct because of the shrinking sea water, unable to breathe",1,
221,2,50,281,以下哪只精灵是会在古代遗迹中发现的珍奇精灵？,以下哪只精靈是會在古代遺跡中發現的珍奇精靈？,Which of the following Pokémon are rare Pokémon that found in ancient ruins?,,,,,天秤偶,天秤偶,Baltoy,Baltoy,Baltoy,Baltoy,Baltoy,七夕青鸟,七夕青鳥,Altaria,Altaria,Altaria,Altaria,Altaria,呆火驼,呆火駝,Numel,Numel,Numel,Numel,Numel,跳跳猪,跳跳豬,Spoink,Spoink,Spoink,Spoink,Spoink,1,
222,2,50,282,双尾怪手的尾巴共有几根手指？,雙尾怪手的尾巴共有幾根手指？,How many fingers does the tail of the Ambipom have?,,,,,6根,6根,Six,Six,Six,Six,Six,3根,3根,Three,Three,Three,Three,Three,8根,8根,Eight,Eight,Eight,Eight,Eight,10根,10根,Ten,Ten,Ten,Ten,Ten,1,
223,2,50,283,以下哪只精灵在鼻子嗅到敌人时会突然喷出很臭的液体赶走敌人，且臭液的气味会扩散半径２公里的范围？,以下哪只精靈在鼻子嗅到敵人時會突然噴出很臭的液體趕走敵人，且臭液的氣味會擴散半徑２公裏的範圍？,"Which of the following Pokémon will suddenly spray a very stinky liquid to drive away the enemy when it smells an enemy, and the smell of the stinky liquid will spread within a radius of 2 kilometers?",,,,,臭鼬噗,臭鼬噗,Stunky,Stunky,Stunky,Stunky,Stunky,臭臭花,臭臭花,Gloom,Gloom,Gloom,Gloom,Gloom,臭泥,臭泥,Grimer,Grimer,Grimer,Grimer,Grimer,霸王花,霸王花,Vileplume,Vileplume,Vileplume,Vileplume,Vileplume,1,
224,2,50,284,小福蛋怀中经常抱着什么？,小福蛋懷中經常抱著什麽？,What does Happiny always hold in his arms?,,,,,石头,石頭,stone,stone,stone,stone,stone,蛋,蛋,Egg,Egg,Egg,Egg,Egg,球,球,Ball,Ball,Ball,Ball,Ball,冰块,冰塊,Ice cube,Ice cube,Ice cube,Ice cube,Ice cube,1,
225,2,50,285,圆蝌蚪一般使用什么方法告知同伴有危险？,圓蝌蚪一般使用什麽方法告知同伴有危險？,What methods do Tympole generally use to inform their companions that they are dangerous?,,,,,通过振动脸颊,通過振動臉頰,By vibrating cheeks,By vibrating cheeks,By vibrating cheeks,By vibrating cheeks,By vibrating cheeks,通过摇动尾巴,通過搖動尾巴,By waving the tail,By waving the tail,By waving the tail,By waving the tail,By waving the tail,通过大声呼叫,通過大聲呼叫,By calling out loud,By calling out loud,By calling out loud,By calling out loud,By calling out loud,通过发射水枪提示,通過發射水槍提示,Notice by shooting water,Notice by shooting water,Notice by shooting water,Notice by shooting water,Notice by shooting water,1,
226,2,50,286,野蛮鲈鱼会有两个样式：红色条纹和蓝色条纹的。请问当把二者放在一个鱼缸内会发生什么？,野蠻鱸魚會有兩個樣式：紅色條紋和藍色條紋的。請問當把二者放在一個魚缸內會發生什麽？,There are two styles of Basculin: red striped and blue striped. What happens when you put the two in a fish tank?,,,,,打作一团,打作一團,Fight together,Fight together,Fight together,Fight together,Fight together,无事发生,無事發生,Nothing happened,Nothing happened,Nothing happened,Nothing happened,Nothing happened,生下小鱼,生下小魚,Give birth to small fish,Give birth to small fish,Give birth to small fish,Give birth to small fish,Give birth to small fish,二者融合为一条,二者融合為一條,The two merge into one,The two merge into one,The two merge into one,The two merge into one,The two merge into one,1,
227,2,50,287,火红不倒翁在睡觉的时候会蜷缩起手脚，体内燃烧的火焰也会变小并安静下来。请问体内燃烧的火焰温度通常为？,火紅不倒翁在睡覺的時候會蜷縮起手腳，體內燃燒的火焰也會變小並安靜下來。請問體內燃燒的火焰溫度通常為？,"Darumaka would curl up his hands and feet when sleeping, and the flames burning inside would become smaller and quiet. What is the usual temperature of the flame burning in the body?",,,,,600度,600度,600 degrees,600 degrees,600 degrees,600 degrees,600 degrees,400度,400度,400 degrees,400 degrees,400 degrees,400 degrees,400 degrees,1000度,1000度,1000 degrees,1000 degrees,1000 degrees,1000 degrees,1000 degrees,720度,720度,720 degrees,720 degrees,720 degrees,720 degrees,720 degrees,1,
228,2,50,288,以下哪只精灵愿意用生命去守护自己信赖的训练家，并拥有预知未来的能力？,以下哪只精靈願意用生命去守護自己信賴的訓練家，並擁有預知未來的能力？,Which of the following Pokémon are willing to use their lives to protect their trusted trainer and having the ability to predict the future?,,,,,沙奈朵,沙奈朵,Gardevoir,Gardevoir,Gardevoir,Gardevoir,Gardevoir,皮卡丘,皮卡丘,Pikachu,Pikachu,Pikachu,Pikachu,Pikachu,烈焰马,烈焰馬,Rapidash,Rapidash,Rapidash,Rapidash,Rapidash,伊布,伊布,Eevee,Eevee,Eevee,Eevee,Eevee,1,
229,2,50,289,下列哪只精灵性情非常高傲，且每一只认为自己是最了不起的？,下列哪只精靈性情非常高傲，且每一只認為自己是最了不起的？,"Which of the following Pokémon has a very arrogant personality, and considers itself the most remarkable?",,,,,波皇子,波皇子,Prinplup,Prinplup,Prinplup,Prinplup,Prinplup,美纳斯,美納斯,Milotic,Milotic,Milotic,Milotic,Milotic,藤藤蛇,藤藤蛇,Snivy,Snivy,Snivy,Snivy,Snivy,皮卡丘,皮卡丘,Pikachu,Pikachu,Pikachu,Pikachu,Pikachu,1,
230,2,50,290,小猫怪是可爱的电光精灵，尾巴的末端非常可爱，请问末端的形状是？,小貓怪是可愛的電光精靈，尾巴的末端非常可愛，請問末端的形狀是？,Shinx are cute Electric-type Pokémon. The end of the tail is very cute. What is the shape of the end?,,,,,一个黄色的四角形,一個黃色的四角形,A yellow quadrangle,A yellow quadrangle,A yellow quadrangle,A yellow quadrangle,A yellow quadrangle,一个黄色的爱心,一個黃色的愛心,A yellow heart,A yellow heart,A yellow heart,A yellow heart,A yellow heart,一个黄色的闪电,一個黃色的閃電,A yellow thunder,A yellow thunder,A yellow thunder,A yellow thunder,A yellow thunder,一个黄色的五角星,一個黃色的五角星,A yellow five-pointed star,A yellow five-pointed star,A yellow five-pointed star,A yellow five-pointed star,A yellow five-pointed star,1,
231,2,50,291,动画中，以下精灵中哪只武藏没有拥有过？,動畫中，以下精靈中哪只武藏沒有擁有過？,"In the animation, which of the following Pokémon has not owned by Jessie?",,,,,超坏星,超壞星,Toxapex,Toxapex,Toxapex,Toxapex,Toxapex,果然翁,果然翁,Wobbuffet,Wobbuffet,Wobbuffet,Wobbuffet,Wobbuffet,阿柏蛇,阿柏蛇,Ekans,Ekans,Ekans,Ekans,Ekans,南瓜精,南瓜精,Pumpkaboo,Pumpkaboo,Pumpkaboo,Pumpkaboo,Pumpkaboo,1,
232,2,50,292,以下蘑菇型精灵中哪只是妖精属性的？,以下蘑菇型精靈中哪只是妖精屬性的？,Which of the following mushroom like Pokémon are Fairy type?,,,,,睡睡菇,睡睡菇,Morelull,Morelull,Morelull,Morelull,Morelull,蘑蘑菇,蘑蘑菇,Shroomish,Shroomish,Shroomish,Shroomish,Shroomish,哎呀球菇,哎呀球菇,Foongus,Foongus,Foongus,Foongus,Foongus,派拉斯特,派拉斯特,Parasect,Parasect,Parasect,Parasect,Parasect,1,
233,2,50,293,噬沙堡爷是幽灵和地面系精灵，头顶上有一个很显著的红色铲子，请问铲子的用处是什么？,噬沙堡爺是幽靈和地面系精靈，頭頂上有一個很顯著的紅色鏟子，請問鏟子的用處是什麽？,Palossand is a Ghost and Ground type Pokémon. There is a very prominent red shovel on top of its head. What is the use of the shovel?,,,,,有着雷达的功能,有著雷達的功能,Has the function of radar,Has the function of radar,Has the function of radar,Has the function of radar,Has the function of radar,无作用，可以拔掉,無作用，可以拔掉,"No effect, can be pull out","No effect, can be pull out","No effect, can be pull out","No effect, can be pull out","No effect, can be pull out",一种专属武器,一種專屬武器,An exclusive weapon,An exclusive weapon,An exclusive weapon,An exclusive weapon,An exclusive weapon,吸引小孩子跟自己玩,吸引小孩子跟自己玩,Attract children to play with themselves,Attract children to play with themselves,Attract children to play with themselves,Attract children to play with themselves,Attract children to play with themselves,1,
234,2,50,294,精灵世界中存在很多人造精灵，下面精灵中哪只不是人造的精灵？,精靈世界中存在很多人造精靈，下面精靈中哪只不是人造的精靈？,There are many artificial Pokémons in the world of Pokémon. Which one of the following Pokémon is not artificial?,,,,,梦幻,夢幻,Mew,Mew,Mew,Mew,Mew,多边兽,多邊獸,Polygon,Polygon,Polygon,Polygon,Polygon,超梦,超夢,Mewtwo,Mewtwo,Mewtwo,Mewtwo,Mewtwo,属性：空,屬性：空,Type: Null,Type: Null,Type: Null,Type: Null,Type: Null,1,
235,2,50,295,有很多精灵都十分懒散，请问以下精灵中哪只不会很懒散？,有很多精靈都十分懶散，請問以下精靈中哪只不會很懶散？,Many Pokémons are very lazy. Which of the following Pokémons is not very lazy?,,,,,皮卡丘,皮卡丘,Pikachu,Pikachu,Pikachu,Pikachu,Pikachu,树枕尾熊,樹枕尾熊,Komala,Komala,Komala,Komala,Komala,卡比兽,卡比獸,Snorlax,Snorlax,Snorlax,Snorlax,Snorlax,请假王,請假王,Slaking,Slaking,Slaking,Slaking,Slaking,1,
236,2,50,296,剧场版动画【就决定是你了！】中躲在小智影子里的精灵是谁？,劇場版動畫【就決定是你了！】中躲在小智影子裏的精靈是誰？,Movie [I Choose You!] Who is the Pokémons hiding in the shadow of Ash?,,,,,玛夏多,瑪夏多,Marshadow,Marshadow,Marshadow,Marshadow,Marshadow,耿鬼,耿鬼,Gengar,Gengar,Gengar,Gengar,Gengar,勾魂眼,勾魂眼,Sableye,Sableye,Sableye,Sableye,Sableye,夜巡灵,夜巡靈,Duskull,Duskull,Duskull,Duskull,Duskull,1,
237,2,50,297,以下精灵中哪只能飞？,以下精靈中哪只能飛？,Which of the following Pokémons can fly?,,,,,大葱鸭,大蔥鴨,Farfetch'd,Farfetch'd,Farfetch'd,Farfetch'd,Farfetch'd,始祖小鸟,始祖小鳥,Archen,Archen,Archen,Archen,Archen,嘟嘟,嘟嘟,Doduo,Doduo,Doduo,Doduo,Doduo,天然雀,天然雀,Natu,Natu,Natu,Natu,Natu,1,
238,3,50,325,火稚鸡从嘴里喷射出的火花温度可以达到多少？,火稚雞從嘴裏噴射出的火花溫度可以達到多少？,What is the temperature of the spark from Torchic's mouth?,,,,,1000°,1000°,1000°,1000°,1000°,1000°,1000°,500°,500°,500°,500°,500°,500°,500°,800°,800°,800°,800°,800°,800°,800°,1300°,1300°,1300°,1300°,1300°,1300°,1300°,1,
239,3,50,326,有三只传说精灵分别被称为"意志之神"、"感情之神"、"知识之神"，请问是谁代表着"知识之神"？,有三只傳說精靈分別被稱為"意誌之神"、"感情之神"、"知識之神"，請問是誰代表著"知識之神"？,"There are three legendary Pokémons called ""The Being of Willpowerl"", ""The Being of Emotion"" and ""The Being of Knowledge"". Who represents the ""The Being of Knowledge""?",,,,,由克希,由克希,Uxie,Uxie,Uxie,Uxie,Uxie,艾姆利多,艾姆利多,Mesprit,Mesprit,Mesprit,Mesprit,Mesprit,亚克诺姆,亞克諾姆,Azelf,Azelf,Azelf,Azelf,Azelf,帝牙卢卡,帝牙盧卡,Dialga,Dialga,Dialga,Dialga,Dialga,1,
240,3,50,327,以下哪只精灵可通过自己的触角感知精灵蛋何时孵化？,以下哪只精靈可通過自己的觸角感知精靈蛋何時孵化？,Which of the following Pokémons can perceive when the Pokémon egg hatches through its tentacles?,,,,,差不多娃娃,差不多娃娃,Audino,Audino,Audino,Audino,Audino,幸福蛋,幸福蛋,Blissey,Blissey,Blissey,Blissey,Blissey,章鱼桶,章魚桶,Octillery,Octillery,Octillery,Octillery,Octillery,心蝙蝠,心蝙蝠,Swoobat,Swoobat,Swoobat,Swoobat,Swoobat,1,
241,3,50,328,以下哪个是可以让绵绵泡芙不会闹脾气的方法？,以下哪個是可以讓綿綿泡芙不會鬧脾氣的方法？,Which of the following is the way to keep Swirlix from getting angry?,,,,,需要吃掉与自己体重相同重量的砂糖,需要吃掉與自己體重相同重量的砂糖,Need to eat sugar of the same weight as its own weight,Need to eat sugar of the same weight as its own weight,Need to eat sugar of the same weight as its own weight,Need to eat sugar of the same weight as its own weight,Need to eat sugar of the same weight as its own weight,需要吃大量的水果,需要吃大量的水果,Need to eat a lot of fruit,Need to eat a lot of fruit,Need to eat a lot of fruit,Need to eat a lot of fruit,Need to eat a lot of fruit,需要训练家的按摩它的头部,需要訓練家的按摩它的頭部,Needs trainer to massage its head,Needs trainer to massage its head,Needs trainer to massage its head,Needs trainer to massage its head,Needs trainer to massage its head,每天都需要吃一个精灵泡芙,每天都需要吃一個精靈泡芙,I need to eat a Poké puff every day,I need to eat a Poké puff every day,I need to eat a Poké puff every day,I need to eat a Poké puff every day,I need to eat a Poké puff every day,1,
242,3,50,329,有一只精灵会生活在古代寒冷的土地上鸣叫的时候夜空中会出现极光。请问它是？,有一只精靈會生活在古代寒冷的土地上鳴叫的時候夜空中會出現極光。請問它是？,"There is an Pokémon who lives on the cold land of ancient times and when it screams, there will be aurora in the night sky. What it this Pokémon?",,,,,冰雪龙,冰雪龍,Amaura,Amaura,Amaura,Amaura,Amaura,急冻鸟,急凍鳥,Articuno,Articuno,Articuno,Articuno,Articuno,哈克龙,哈克龍,Dragonair,Dragonair,Dragonair,Dragonair,Dragonair,冰岩怪,冰巖怪,Avalugg,Avalugg,Avalugg,Avalugg,Avalugg,1,
243,3,50,330,传说精灵哲尔尼亚斯据说能够分享出永恒的生命，并以树木的样子沉睡一段时间后复活，请问沉睡多久？,傳說精靈哲爾尼亞斯據說能夠分享出永恒的生命，並以樹木的樣子沈睡一段時間後復活，請問沈睡多久？,"It is said that Legendary Pokémon Xerneas is able to share its eternal life, sleep for a period like a tree and then resurrect. How long does it need to sleep?",,,,,1000年,1000年,1000 years,1000 years,1000 years,1000 years,1000 years,1500年,1500年,1500 years,1500 years,1500 years,1500 years,1500 years,2000年,2000年,2000 years,2000 years,2000 years,2000 years,2000 years,3000年,3000年,3000 years,3000 years,3000 years,3000 years,3000 years,1,
244,3,50,331,太古羽虫会通过扭动长在体侧的翅膀在远古的大海里游动，请问他体侧有多少个翅膀？,太古羽蟲會通過扭動長在體側的翅膀在遠古的大海裏遊動，請問他體側有多少個翅膀？,Anorith swim in the ancient sea by twisting the wings that grow on its sides. How many wings are there?,,,,,8个,8個,Eight,Eight,Eight,Eight,Eight,6个,6個,Six,Six,Six,Six,Six,4个,4個,Four,Four,Four,Four,Four,10个,10個,Ten,Ten,Ten,Ten,Ten,1,
245,3,50,332,花岩怪因为500年前作恶多端，导致身体被绑缚在楔石的裂缝里，并且装载着大量魂魄在内。请问装载了多少个魂魄？,花巖怪因為500年前作惡多端，導致身體被綁縛在楔石的裂縫裏，並且裝載著大量魂魄在內。請問裝載了多少個魂魄？,Spiritomb was bound to a fissure in an Odd Keystone as punishment for misdeeds 500 years ago. and it was formed by a lot of souls. How many souls are there?,,,,,108个,108個,108,108,108,108,108,112个,112個,112,112,112,112,112,136个,136個,136,136,136,136,136,173个,173個,173,173,173,173,173,1,
246,3,50,333,滚滚蝙蝠会用鼻孔吸附在洞穴岩壁上睡觉，请问吸附过的地方会留下什么痕迹？,滾滾蝙蝠會用鼻孔吸附在洞穴巖壁上睡覺，請問吸附過的地方會留下什麽痕跡？,Woobat will sleep on the cave wall with its nostrils adsorbing on it. What traces will be left in the place where it has been adsorbed?,,,,,心形,心形,Heart-shaped,Heart-shaped,Heart-shaped,Heart-shaped,Heart-shaped,圆形,圓形,Round shape,Round shape,Round shape,Round shape,Round shape,两个点,兩個點,Two points,Two points,Two points,Two points,Two points,方形,方形,Square,Square,Square,Square,Square,1,
247,3,50,334,以下关于百合根娃娃头顶的叶子描述不正确的是哪一项?,以下關於百合根娃娃頭頂的葉子描述不正確的是哪一項?,Which one of the following descriptions of the leaves on the head of Petilil is incorrect?,,,,,咬起来清香可口,咬起來清香可口,It tastes fragrant and delicious,It tastes fragrant and delicious,It tastes fragrant and delicious,It tastes fragrant and delicious,It tastes fragrant and delicious,咬起来很苦,咬起來很苦,Bitter tasted,Bitter tasted,Bitter tasted,Bitter tasted,Bitter tasted,使用后缓解身体疲劳,使用後緩解身體疲勞,Relieve body fatigue after use,Relieve body fatigue after use,Relieve body fatigue after use,Relieve body fatigue after use,Relieve body fatigue after use,使用后精神恢复,使用後精神恢復,Mental recovery after use,Mental recovery after use,Mental recovery after use,Mental recovery after use,Mental recovery after use,1,
248,3,50,335,以下关于混混鳄眼球膜说法错误的是？,以下關於混混鱷眼球膜說法錯誤的是？,Which of the following statements about Krokorok’s eyeballs is wrong?,,,,,在黑夜中可以发光,在黑夜中可以發光,Can shine in the dark,Can shine in the dark,Can shine in the dark,Can shine in the dark,Can shine in the dark,在沙暴中有效保护眼睛,在沙暴中有效保護眼睛,Effectively protect your eyes in sandstorms,Effectively protect your eyes in sandstorms,Effectively protect your eyes in sandstorms,Effectively protect your eyes in sandstorms,Effectively protect your eyes in sandstorms,可以感知物体的热度,可以感知物體的熱度,Can sense the heat of the object,Can sense the heat of the object,Can sense the heat of the object,Can sense the heat of the object,Can sense the heat of the object,在黑暗中也能看见周围,在黑暗中也能看見周圍,Able to see my surroundings even in the dark,Able to see my surroundings even in the dark,Able to see my surroundings even in the dark,Able to see my surroundings even in the dark,Able to see my surroundings even in the dark,1,
249,3,50,336,哭哭面具无时无刻都会拿着一个面具，因为这个面具是？,哭哭面具無時無刻都會拿著一個面具，因為這個面具是？,"Yamask will hold a mask all the time, because this mask is?",,,,,还是人类时的脸,還是人類時的臉,The face when it was still a human,The face when it was still a human,The face when it was still a human,The face when it was still a human,The face when it was still a human,有着巨大的能量,有著巨大的能量,Has great energy,Has great energy,Has great energy,Has great energy,Has great energy,因为没有身体，用来装饰,因為沒有身體，用來裝飾,"Because it has no body, it is used for decoration","Because it has no body, it is used for decoration","Because it has no body, it is used for decoration","Because it has no body, it is used for decoration","Because it has no body, it is used for decoration",粘贴在身上无法拿下来,粘貼在身上無法拿下來,Pasted on the body and cannot be taken off,Pasted on the body and cannot be taken off,Pasted on the body and cannot be taken off,Pasted on the body and cannot be taken off,Pasted on the body and cannot be taken off,1,
250,3,50,337,以下哪只精灵被称为鸟精灵的祖先，有翅膀但不会飞？,以下哪只精靈被稱為鳥精靈的祖先，有翅膀但不會飛？,"Which of the following Pokémons is called the ancestor of bird Pokémons, has wings but can't fly?",,,,,始祖小鸟,始祖小鳥,Archen,Archen,Archen,Archen,Archen,波波,波波,Pidgey,Pidgey,Pidgey,Pidgey,Pidgey,傲骨燕,傲骨燕,Taillow,Taillow,Taillow,Taillow,Taillow,化石翼龙,化石翼龍,Aerodactyl,Aerodactyl,Aerodactyl,Aerodactyl,Aerodactyl,1,
251,3,50,338,圆法师是蟋蟀精灵，会通过前后晃动脑袋、触角互相碰撞发出悦人的音色。请问这个碰撞声和什么乐器很像？,圓法師是蟋蟀精靈，會通過前後晃動腦袋、觸角互相碰撞發出悅人的音色。請問這個碰撞聲和什麽樂器很像？,Kricketot is a cricket Pokémon which can make a pleasant tone by shaking his head back and forth and tentacles colliding with each other. What musical instrument does this sound like?,,,,,木琴,木琴,Xylophone,Xylophone,Xylophone,Xylophone,Xylophone,铃铛,鈴鐺,Bells,Bells,Bells,Bells,Bells,笛子,笛子,Flute,Flute,Flute,Flute,Flute,三角铁,三角鐵,Triangle,Triangle,Triangle,Triangle,Triangle,1,
252,3,50,339,下列关于小陨星说法不正确的是？,下列關於小隕星說法不正確的是？,Which of the following statements about Minior is incorrect?,,,,,小陨星碎掉外壳后身体会变得更重,小隕星碎掉外殼後身體會變得更重,The body will become heavier after Minior shatters its shell,The body will become heavier after Minior shatters its shell,The body will become heavier after Minior shatters its shell,The body will become heavier after Minior shatters its shell,The body will become heavier after Minior shatters its shell,小陨星内核有7种颜色,小隕星內核有7種顏色,The core of Minior has 7 colors,The core of Minior has 7 colors,The core of Minior has 7 colors,The core of Minior has 7 colors,The core of Minior has 7 colors,小陨星是岩石飞行两种属性,小隕星是巖石飛行兩種屬性,"Miniors has two type, Rock and Flying","Miniors has two type, Rock and Flying","Miniors has two type, Rock and Flying","Miniors has two type, Rock and Flying","Miniors has two type, Rock and Flying",小陨星的外壳是吸取了很多尘粒形成的,小隕星的外殼是吸取了很多塵粒形成的,The outer shell of Minior is formed by absorbing a lot of dust particles,The outer shell of Minior is formed by absorbing a lot of dust particles,The outer shell of Minior is formed by absorbing a lot of dust particles,The outer shell of Minior is formed by absorbing a lot of dust particles,The outer shell of Minior is formed by absorbing a lot of dust particles,1,
253,3,50,340,动画中，阿罗拉地区有众多岛屿，岛屿上也会有专属的守护神。卡噗 · 哞哞就是其中之一，请问它守护的哪一个岛屿？,動畫中，阿羅拉地區有眾多島嶼，島嶼上也會有專屬的守護神。卡噗 · 哞哞就是其中之一，請問它守護的哪一個島嶼？,"In anime, there are many islands in the Alola Region, and there will also be an exclusive guardian on the islands. Tapu Bulu is one of them. Which island does it guard?",,,,,乌拉乌拉岛,烏拉烏拉島,Ula'ula Island,Ula'ula Island,Ula'ula Island,Ula'ula Island,Ula'ula Island,波尼岛,波尼島,Poni Island,Poni Island,Poni Island,Poni Island,Poni Island,阿卡拉岛,阿卡拉島,Akala Island,Akala Island,Akala Island,Akala Island,Akala Island,美乐美乐岛,美樂美樂島,Melemele Island,Melemele Island,Melemele Island,Melemele Island,Melemele Island,1,
254,3,50,340,剧场版动画【七夜的许愿星 基拉祈】中是谁的纯真之心唤醒了基拉祈？,劇場版動畫【七夜的許願星 基拉祈】中是誰的純真之心喚醒了基拉祈？,"In movie [Wishing Star of the Seven Nights], whose innocence awakens Jirachi?",,,,,小胜,小勝,Max,Max,Max,Max,Max,小霞,小霞,Misty,Misty,Misty,Misty,Misty,小智,小智,Ash,Ash,Ash,Ash,Ash,小刚,小剛,Brock,Brock,Brock,Brock,Brock,1,
255,3,50,340,剧场版动画【梦幻与波导的勇者】中在很久以前的精灵大战中被称为“波导的勇者”的是谁？,劇場版動畫【夢幻與波導的勇者】中在很久以前的精靈大戰中被稱為“波導的勇者”的是誰？,Who was called the "Aura Warrior" in the movie "Lucario and the Mystery of Mew" in the Pokémon battle long ago?,,,,,亚朗,亞朗,Sir Aaron,Sir Aaron,Sir Aaron,Sir Aaron,Sir Aaron,小遥,小遙,May,May,May,May,May,琪朵·夏玛兹,琪朵·夏瑪茲,Kidd Summers,Kidd Summers,Kidd Summers,Kidd Summers,Kidd Summers,摩尼尼,摩尼尼,Mime Jr.,Mime Jr.,Mime Jr.,Mime Jr.,Mime Jr.,1,
256,3,50,340,剧场版动画【梦幻与波导的勇者】中梦幻突然出现带走了哪两只精灵？,劇場版動畫【夢幻與波導的勇者】中夢幻突然出現帶走了哪兩只精靈？,Which two Pokémons did Mew suddenly appear and took away in movie [Lucario and the Mystery of Mew]?,,,,,皮卡丘和喵喵,皮卡丘和喵喵,Pikachu and Meowth,Pikachu and Meowth,Pikachu and Meowth,Pikachu and Meowth,Pikachu and Meowth,皮卡丘和木守宫,皮卡丘和木守宮,Pikachu and Treecko,Pikachu and Treecko,Pikachu and Treecko,Pikachu and Treecko,Pikachu and Treecko,喵喵和风铃铃,喵喵和風鈴鈴,Meowth and Chimecho,Meowth and Chimecho,Meowth and Chimecho,Meowth and Chimecho,Meowth and Chimecho,果然翁和皮卡丘,果然翁和皮卡丘,Wobbuffet and Pikachu,Wobbuffet and Pikachu,Wobbuffet and Pikachu,Wobbuffet and Pikachu,Wobbuffet and Pikachu,1,
257,3,50,340,剧场版动画【决战时空之塔】中白杨镇出现了一只能让精灵们昏厥并产生恶梦的精灵，请问是哪只来历不明的精灵？,劇場版動畫【決戰時空之塔】中白楊鎮出現了一只能讓精靈們昏厥並產生惡夢的精靈，請問是哪只來歷不明的精靈？,"In movie [The Rise of Darkrai], there is a Pokémon in Alamos Town that can make Pokémons faint and have nightmares. Which Pokémon is it?",,,,,达克莱伊,達克萊伊,Darkrai,Darkrai,Darkrai,Darkrai,Darkrai,帝牙卢卡,帝牙盧卡,Dialga,Dialga,Dialga,Dialga,Dialga,帕路奇亚,帕路奇亞,Palkia,Palkia,Palkia,Palkia,Palkia,胡帕,胡帕,Hoopa,Hoopa,Hoopa,Hoopa,Hoopa,1,
258,3,50,341,剧场版动画【阿尔宙斯超克的时空】中继阿尔宙斯、帝牙卢卡、帕路奇亚和骑拉帝纳后第五只登场的传说精灵是什么？,劇場版動畫【阿爾宙斯超克的時空】中繼阿爾宙斯、帝牙盧卡、帕路奇亞和騎拉帝納後第五只登場的傳說精靈是什麽？,"In movie [Arceus and the Jewel of Life] What is the fifth Legendary Pokémon to appear after Arceus, Dialga, Palkia, and Giratina?",,,,,席多蓝恩,席多藍恩,Heatran,Heatran,Heatran,Heatran,Heatran,超梦,超夢,Mewtwo,Mewtwo,Mewtwo,Mewtwo,Mewtwo,梦幻,夢幻,Mew,Mew,Mew,Mew,Mew,固拉多,固拉多,Groudon,Groudon,Groudon,Groudon,Groudon,1,
259,3,50,341,剧场版动画【精灵巡护员与苍海的王子】中玛纳霏曾认定谁是妈妈？,劇場版動畫【精靈巡護員與蒼海的王子】中瑪納霏曾認定誰是媽媽？,"In movie [Pokémon Ranger and the Temple of the Sea], who did Manaphy think is his mother?",,,,,小遥,小遙,May,May,May,May,May,小霞,小霞,Misty,Misty,Misty,Misty,Misty,小光,小光,Dawn,Dawn,Dawn,Dawn,Dawn,小胜,小勝,Max,Max,Max,Max,Max,1,
260,3,50,341,剧场版动画【裂空的访问者 代欧奇希斯】中代欧奇希斯的战斗对象是谁？,劇場版動畫【裂空的訪問者 代歐奇希斯】中代歐奇希斯的戰鬥對象是誰？,In movie [Deoxys the Visitor] Who is the target of Deoxys's to fight with?,,,,,裂空座,裂空座,Rayquaza,Rayquaza,Rayquaza,Rayquaza,Rayquaza,固拉多,固拉多,Groudon,Groudon,Groudon,Groudon,Groudon,盖欧卡,蓋歐卡,Kyogre,Kyogre,Kyogre,Kyogre,Kyogre,凤王,鳳王,Ho-Oh,Ho-Oh,Ho-Oh,Ho-Oh,Ho-Oh,1,
261,3,50,341,剧场版动画【幻影的霸者 索罗亚克】中哪几只神兽在街道上暴走？,劇場版動畫【幻影的霸者 索羅亞克】中哪幾只神獸在街道上暴走？,"In movie [Zoroark: Master of Illusions], which legendary Pokémon is raging on the streets?",,,,,雷公，炎帝，水君,雷公，炎帝，水君,"Raikou, Entei, Suicune","Raikou, Entei, Suicune","Raikou, Entei, Suicune","Raikou, Entei, Suicune","Raikou, Entei, Suicune",火焰鸟，闪电鸟，急冻鸟,火焰鳥，閃電鳥，急凍鳥,"Moltres, Zapdos, Articuno","Moltres, Zapdos, Articuno","Moltres, Zapdos, Articuno","Moltres, Zapdos, Articuno","Moltres, Zapdos, Articuno",雷吉洛克，雷吉斯奇鲁，雷吉艾斯,雷吉洛克，雷吉斯奇魯，雷吉艾斯,"Regirock, Registeel, Regice","Regirock, Registeel, Regice","Regirock, Registeel, Regice","Regirock, Registeel, Regice","Regirock, Registeel, Regice",帝牙卢卡，帕路奇亚，骑拉帝纳,帝牙盧卡，帕路奇亞，騎拉帝納,"Dialga, Palkia, Giratina","Dialga, Palkia, Giratina","Dialga, Palkia, Giratina","Dialga, Palkia, Giratina","Dialga, Palkia, Giratina",1,
262,3,50,341,剧场版动画【酋雷姆VS圣剑士 凯路迪欧】中酋雷姆可以结合谁的力量转变成别的形态？,劇場版動畫【酋雷姆VS聖劍士 凱路迪歐】中酋雷姆可以結合誰的力量轉變成別的形態？,"In movie [Kyurem VS. The Sword of Justice], whose power can Kyurem combine and transformed into another form?",,,,,捷克罗姆，莱希拉姆,捷克羅姆，萊希拉姆,"Zekrom, Reshiram","Zekrom, Reshiram","Zekrom, Reshiram","Zekrom, Reshiram","Zekrom, Reshiram",帕路奇亚，帝牙卢卡,帕路奇亞，帝牙盧卡,"Palkia, Dialga","Palkia, Dialga","Palkia, Dialga","Palkia, Dialga","Palkia, Dialga",固拉多，盖欧卡,固拉多，蓋歐卡,"Groudon, Kyogre","Groudon, Kyogre","Groudon, Kyogre","Groudon, Kyogre","Groudon, Kyogre",梦幻，超梦,夢幻，超夢,"Mew, Mewtwo","Mew, Mewtwo","Mew, Mewtwo","Mew, Mewtwo","Mew, Mewtwo",1,
263,3,50,342,剧场版动画【阿尔宙斯 超克的时空】在谁的帮助下小智一行人穿越时空？,劇場版動畫【阿爾宙斯 超克的時空】在誰的幫助下小智一行人穿越時空？,In movie [Arceus and the Jewel of Life] Ash and his party travel through time and space under whose help?,,,,,帝牙卢卡,帝牙盧卡,Dialga,Dialga,Dialga,Dialga,Dialga,帕路奇亚,帕路奇亞,Palkia,Palkia,Palkia,Palkia,Palkia,骑拉帝纳,騎拉帝納,Giratina,Giratina,Giratina,Giratina,Giratina,阿尔宙斯,阿爾宙斯,Arceus,Arceus,Arceus,Arceus,Arceus,1,
264,3,50,342,剧场版动画【骑拉帝纳与冰空的花束】中骑拉帝纳追踪帝牙卢卡的原因是什么？,劇場版動畫【騎拉帝納與冰空的花束】中騎拉帝納追蹤帝牙盧卡的原因是什麽？,"In the movie [Giratina and the Sky Warrior], what is the reason Giratina is tracking Dialga?",,,,,因为反转世界受到了污染,因為反轉世界受到了汙染,Because the Reverse World is polluted,Because the Reverse World is polluted,Because the Reverse World is polluted,Because the Reverse World is polluted,Because the Reverse World is polluted,因为以往的恩怨,因為以往的恩怨,Because of past grudges,Because of past grudges,Because of past grudges,Because of past grudges,Because of past grudges,因为都有时空穿梭的能力,因為都有時空穿梭的能力,Because they have the ability to travel through time and space,Because they have the ability to travel through time and space,Because they have the ability to travel through time and space,Because they have the ability to travel through time and space,Because they have the ability to travel through time and space,夺回帝牙卢卡身上的某些物品,奪回帝牙盧卡身上的某些物品,Retake certain items from Dialga,Retake certain items from Dialga,Retake certain items from Dialga,Retake certain items from Dialga,Retake certain items from Dialga,1,
265,3,50,342,剧场版动画【光环的超魔神】中主角惩戒胡帕最喜欢吃的食物是？,劇場版動畫【光環的超魔神】中主角懲戒胡帕最喜歡吃的食物是？,What is the favorite food of Hoopa Confined in movie [Hoopa and the Clash of Ages] ?,,,,,甜甜圈,甜甜圈,Donuts,Donuts,Donuts,Donuts,Donuts,马卡龙,馬卡龍,Macaron,Macaron,Macaron,Macaron,Macaron,草莓蛋糕,草莓蛋糕,Strawberry Cake,Strawberry Cake,Strawberry Cake,Strawberry Cake,Strawberry Cake,糖霜面包,糖霜面包,Icing bread,Icing bread,Icing bread,Icing bread,Icing bread,1,
266,3,50,342,剧场版动画【结晶塔的帝王】中片尾中小智一行人与小凌告别，小美得到了一只精灵并与父亲重逢。请问是哪只精灵？,劇場版動畫【結晶塔的帝王】中片尾中小智一行人與小淩告別，小美得到了一只精靈並與父親重逢。請問是哪只精靈？,"In movie [Spell of the Unown], in the end of the movie, Ash and his partners bid farewell toLisa. Moli gets a Pokémon and reunites with her father. Which Pokémon is it?",,,,,熊宝宝,熊寶寶,Teddiursa,Teddiursa,Teddiursa,Teddiursa,Teddiursa,皮丘,皮丘,Pichu,Pichu,Pichu,Pichu,Pichu,正电拍拍,正電拍拍,Plusle,Plusle,Plusle,Plusle,Plusle,巴大蝶,巴大蝶,Butterfree,Butterfree,Butterfree,Butterfree,Butterfree,1,
267,3,50,342,剧场版动画【梦幻与波导的勇者路卡利欧】中，小智为了寻找皮卡丘进入世界初始之树中、却被世界树当成入侵细菌吞噬，请问最后是谁救了小智？,劇場版動畫【夢幻與波導的勇者路卡利歐】中，小智為了尋找皮卡丘進入世界初始之樹中、卻被世界樹當成入侵細菌吞噬，請問最後是誰救了小智？,"In movie [Lucario and the Mystery of Mew], Ash entered the tree of beginning in order to find Pikachu, but was swallowed by the tree as an invading bacteria. Who saved Ash in the end?",,,,,梦幻,夢幻,Mew,Mew,Mew,Mew,Mew,超梦,超夢,Mewtwo,Mewtwo,Mewtwo,Mewtwo,Mewtwo,时拉比,時拉比,Celebi,Celebi,Celebi,Celebi,Celebi,皮卡丘,皮卡丘,Pikachu,Pikachu,Pikachu,Pikachu,Pikachu,1,
268,1,50,160,【常识】我们常说的“一日”是指：,【常識】我們常說的“一日”是指：,[Common sense] The "one day" we often say refers to:,,,,,地球自转一周的时间,地球自轉一周的時間,The time of the earth's rotation,The time of the earth's rotation,The time of the earth's rotation,The time of the earth's rotation,The time of the earth's rotation,地球公转一周的时间,地球公轉一周的時間,The time of the earth's revolution,The time of the earth's revolution,The time of the earth's revolution,The time of the earth's revolution,The time of the earth's revolution,地球公转半周的时间,地球公轉半周的時間,Half time of the earth's revolution,Half time of the earth's revolution,Half time of the earth's revolution,Half time of the earth's revolution,Half time of the earth's revolution,地球自转半周的时间,地球自轉半周的時間,The time for the earth half rotation,The time for the earth half rotation,The time for the earth half rotation,The time for the earth half rotation,The time for the earth half rotation,1,
269,1,50,161,【常识】电脑的中央处理器英文缩写是？,【常識】電腦的中央處理器英文縮寫是？,[Common Sense] What is the abbreviation of the central processing unit of a computer?,,,,,CPU,CPU,CPU,CPU,CPU,CPU,CPU,GDP,GDP,GDP,GDP,GDP,GDP,GDP,NBA,NBA,NBA,NBA,NBA,NBA,NBA,CPV,CPV,CPV,CPV,CPV,CPV,CPV,1,
270,1,50,162,【常识】一千克铁和一千克木头哪个重？,【常識】一千克鐵和一千克木頭哪個重？,[Common Sense] Which one is heavier? 1 pound of Iron or 1 pound of wood?,,,,,一样重,一樣重,Same weight,Same weight,Same weight,Same weight,Same weight,木头,木頭,Wood,Wood,Wood,Wood,Wood,铁,鐵,Iron,Iron,Iron,Iron,Iron,没有可比性,沒有可比性,Not comparable,Not comparable,Not comparable,Not comparable,Not comparable,1,
271,2,50,346,【常识】下列在光合作用的产物中，不在叶绿体内合成的是？,【常識】下列在光合作用的產物中，不在葉綠體內合成的是？,[Common sense] Which of the following products of photosynthesis are not synthesized in the chloroplast?,,,,,蔗糖,蔗糖,Cane sugar,Cane sugar,Cane sugar,Cane sugar,Cane sugar,淀粉,澱粉,Starch,Starch,Starch,Starch,Starch,蛋白质,蛋白質,Protein,Protein,Protein,Protein,Protein,脂质,脂質,Fat,Fat,Fat,Fat,Fat,1,
272,2,50,347,【常识】下列关于惯性的说法中，正确的是？,【常識】下列關於慣性的說法中，正確的是？,[Common sense] Which of the following statements about inertia is correct?,,,,,物体的质量越大，惯性越大,物體的質量越大，慣性越大,"The greater the mass of the object, the greater the inertia","The greater the mass of the object, the greater the inertia","The greater the mass of the object, the greater the inertia","The greater the mass of the object, the greater the inertia","The greater the mass of the object, the greater the inertia",物体所受合外力越大，惯性越大,物體所受合外力越大，慣性越大,"The greater the external force on the object, the greater the inertia","The greater the external force on the object, the greater the inertia","The greater the external force on the object, the greater the inertia","The greater the external force on the object, the greater the inertia","The greater the external force on the object, the greater the inertia",物体做自由落体运动时惯性消失,物體做自由落體運動時慣性消失,The inertia disappears when the object moves in free fall,The inertia disappears when the object moves in free fall,The inertia disappears when the object moves in free fall,The inertia disappears when the object moves in free fall,The inertia disappears when the object moves in free fall,物体的速度越大，惯性越大,物體的速度越大，慣性越大,"The greater the speed of the object, the greater the inertia","The greater the speed of the object, the greater the inertia","The greater the speed of the object, the greater the inertia","The greater the speed of the object, the greater the inertia","The greater the speed of the object, the greater the inertia",1,
273,2,50,349,【常识】圆周率小数点后第12位是？,【常識】圓周率小數點後第12位是？,[Common Sense] What is the 12th digit after the decimal point of Pi?,,,,,9,9,9,9,9,9,9,8,8,8,8,8,8,8,5,5,5,5,5,5,5,4,4,4,4,4,4,4,1,
274,2,50,354,【常识】局域网的英文缩写是？,【常識】局域網的英文縮寫是？,[Common Sense] What is the English abbreviation of Local Area Network?,,,,,LAN,LAN,LAN,LAN,LAN,LAN,LAN,ADSL,ADSL,ADSL,ADSL,ADSL,ADSL,ADSL,MAC,MAC,MAC,MAC,MAC,MAC,MAC,Internet,Internet,Internet,Internet,Internet,Internet,Internet,1,
275,2,50,357,【常识】对人体来说安全电压最大值为多少？,【常識】對人體來說安全電壓最大值為多少？,[Common sense] What is the maximum safe voltage for the human body?,,,,,36,36,36,36,36,36,36,37,37,37,37,37,37,37,38,38,38,38,38,38,38,40,40,40,40,40,40,40,1,
276,3,50,351,【常识】自然界中，有“智慧元素”之称的是？,【常識】自然界中，有“智慧元素”之稱的是？,"[Common sense] In nature, what is called the ""element of wisdom""?",,,,,碘,碘,Iodine,Iodine,Iodine,Iodine,Iodine,铁,鐵,Iron,Iron,Iron,Iron,Iron,钙,鈣,Calcium,Calcium,Calcium,Calcium,Calcium,锌,鋅,Zinc,Zinc,Zinc,Zinc,Zinc,1,
277,3,50,352,【常识】荷兰的风车主要用于？,【常識】荷蘭的風車主要用於？,[Common sense] Dutch windmills are mainly used for?,,,,,排水,排水,Drain,Drain,Drain,Drain,Drain,观光,觀光,Sightseeing,Sightseeing,Sightseeing,Sightseeing,Sightseeing,发电,發電,Power generation,Power generation,Power generation,Power generation,Power generation,生风,生風,Generate wind,Generate wind,Generate wind,Generate wind,Generate wind,1,
278,3,50,353,【常识】下列不属于世界七大奇迹的是？,【常識】下列不屬於世界七大奇跡的是？,[Common Sense] Which of the following are not among the Seven Wonders of the World?,,,,,宙斯神像,宙斯神像,Statue of Zeus,Statue of Zeus,Statue of Zeus,Statue of Zeus,Statue of Zeus,巴比伦空中花园,巴比倫空中花園,Hanging Gardens of Babylon,Hanging Gardens of Babylon,Hanging Gardens of Babylon,Hanging Gardens of Babylon,Hanging Gardens of Babylon,埃及金字塔,埃及金字塔,Egyptian Pyramids,Egyptian Pyramids,Egyptian Pyramids,Egyptian Pyramids,Egyptian Pyramids,秦始皇陵兵马俑,秦始皇陵兵馬俑,Mausoleum of the First Qin Emperor,Mausoleum of the First Qin Emperor,Mausoleum of the First Qin Emperor,Mausoleum of the First Qin Emperor,Mausoleum of the First Qin Emperor,1,
279,3,50,354,【常识】维纳斯是罗马神话中的？,【常識】維納斯是羅馬神話中的？,[Common sense] What position is Venus in Roman mythology?,,,,,爱神与美神,愛神與美神,Eros and Beauty,Eros and Beauty,Eros and Beauty,Eros and Beauty,Eros and Beauty,智慧之神,智慧之神,God of Wisdom,God of Wisdom,God of Wisdom,God of Wisdom,God of Wisdom,太阳神,太陽神,God of sun,God of sun,God of sun,God of sun,God of sun,冥王,冥王,God of netherworld,God of netherworld,God of netherworld,God of netherworld,God of netherworld,1,
280,3,50,355,【常识】世界上最危险的蜜蜂是？,【常識】世界上最危險的蜜蜂是？,[Common sense] What is the most dangerous bee in the world?,,,,,虎头蜂,虎頭蜂,Hornet,Hornet,Hornet,Hornet,Hornet,黑大蜜蜂,黑大蜜蜂,Black bee,Black bee,Black bee,Black bee,Black bee,沙巴蜂,沙巴蜂,Saban bee,Saban bee,Saban bee,Saban bee,Saban bee,印度蜂,印度蜂,Indian Bee,Indian Bee,Indian Bee,Indian Bee,Indian Bee,1,
281,3,50,356,【常识】发电机的形式很多，但其工作原理都基于电磁感应定律和电磁力定律。在第二次工业革命中首先研制成发电机的是？,【常識】發電機的形式很多，但其工作原理都基於電磁感應定律和電磁力定律。在第二次工業革命中首先研制成發電機的是？,"[Common sense] There are many forms of generators, but their working principles are based on the law of electromagnetic induction and the law of electromagnetic force. Who first developed the generator in the second industrial revolution?",,,,,法拉第,法拉第,Faraday,Faraday,Faraday,Faraday,Faraday,史蒂芬孙,史蒂芬孫,Stephenson,Stephenson,Stephenson,Stephenson,Stephenson,富兰克林,富蘭克林,Franklin,Franklin,Franklin,Franklin,Franklin,卡尔·本茨,卡爾·本茨,Carl Benz,Carl Benz,Carl Benz,Carl Benz,Carl Benz,1,
282,3,50,357,【常识】世界石油储量最多的是哪一个国家？,【常識】世界石油儲量最多的是哪一個國家？,[Common Sense] Which country has the most oil reserves in the world?,,,,,沙特阿拉伯,沙特阿拉伯,Saudi Arabia,Saudi Arabia,Saudi Arabia,Saudi Arabia,Saudi Arabia,伊朗,伊朗,Iran,Iran,Iran,Iran,Iran,伊拉克,伊拉克,Iraq,Iraq,Iraq,Iraq,Iraq,柬埔寨,柬埔寨,Cambodia,Cambodia,Cambodia,Cambodia,Cambodia,1,
283,3,50,358,【常识】下列著名建筑物哪个不属于法国？,【常識】下列著名建築物哪個不屬於法國？,[Common sense] Which of the following famous buildings does not belong to France?,,,,,比萨斜塔,比薩斜塔,Leaning Tower of Pisa,Leaning Tower of Pisa,Leaning Tower of Pisa,Leaning Tower of Pisa,Leaning Tower of Pisa,凯旋门,凱旋門,Arc de Triomphe,Arc de Triomphe,Arc de Triomphe,Arc de Triomphe,Arc de Triomphe,埃菲尔铁塔,埃菲爾鐵塔,Eiffel tower,Eiffel tower,Eiffel tower,Eiffel tower,Eiffel tower,巴黎圣母院,巴黎聖母院,Notre Dame de Paris,Notre Dame de Paris,Notre Dame de Paris,Notre Dame de Paris,Notre Dame de Paris,1,
284,3,50,359,【常识】飞机的机翼是用来做什么的？,【常識】飛機的機翼是用來做什麽的？,[Common sense] What are the wings of an airplane used for?,,,,,增加升力,增加升力,Increase lift,Increase lift,Increase lift,Increase lift,Increase lift,控制方向,控制方向,Control direction,Control direction,Control direction,Control direction,Control direction,控制拉升和下降,控制拉升和下降,Control pull up and down,Control pull up and down,Control pull up and down,Control pull up and down,Control pull up and down,没什么作用,沒什麽作用,No effect,No effect,No effect,No effect,No effect,1,
285,3,50,360,【常识】乙醇正确的分子式是怎么样？,【常識】乙醇正確的分子式是怎麽樣？,[Common sense] What is the correct molecular formula of ethanol?,,,,,C2H5OH,C2H5OH,C2H5OH,C2H5OH,C2H5OH,C2H5OH,C2H5OH,CH3COH,CH3COH,CH3COH,CH3COH,CH3COH,CH3COH,CH3COH,(NH)4CO3,(NH)4CO3,(NH)4CO3,(NH)4CO3,(NH)4CO3,(NH)4CO3,(NH)4CO3,(NH)4HCO3,(NH)4HCO3,(NH)4HCO3,(NH)4HCO3,(NH)4HCO3,(NH)4HCO3,(NH)4HCO3,1,
286,3,50,361,【常识】标准键盘的”T“键左边是什么键？,【常識】標準鍵盤的”T“鍵左邊是什麽鍵？,[Common sense] What key is on the left of the "T" key on a standard keyboard?,,,,,R,R,R,R,R,R,R,H,H,H,H,H,H,H,Y,Y,Y,Y,Y,Y,Y,E,E,E,E,E,E,E,1,
287,3,50,362,【常识】下列太阳活动对地球的影响中描述不正确的是：,【常識】下列太陽活動對地球的影響中描述不正確的是：,[Common Sense] What is incorrect in the description of the influence by solar activities on the earth?,,,,,影响长波通讯,影響長波通訊,Affect Longwave communications,Affect Longwave communications,Affect Longwave communications,Affect Longwave communications,Affect Longwave communications,影响气候,影響氣候,Affects climate,Affects climate,Affects climate,Affects climate,Affects climate,影响短波通讯,影響短波通訊,Affect shortwave communications,Affect shortwave communications,Affect shortwave communications,Affect shortwave communications,Affect shortwave communications,产生磁暴现象,產生磁暴現象,Generate a magnetic storm,Generate a magnetic storm,Generate a magnetic storm,Generate a magnetic storm,Generate a magnetic storm,1,
288,3,50,363,【常识】化学与生活密切相关，下列叙述错误的是,【常識】化學與生活密切相關，下列敘述錯誤的是,"[Common sense] Chemistry is closely related to life, the following statement is wrong",,,,,活性炭具有除异味和杀菌作用,活性炭具有除異味和殺菌作用,Activate carbon has deodorization and sterilization effect,Activate carbon has deodorization and sterilization effect,Activate carbon has deodorization and sterilization effect,Activate carbon has deodorization and sterilization effect,Activate carbon has deodorization and sterilization effect,铝合金大量用于高铁建设,鋁合金大量用於高鐵建設,Aluminium alloy is used in high-speed rail construction,Aluminium alloy is used in high-speed rail construction,Aluminium alloy is used in high-speed rail construction,Aluminium alloy is used in high-speed rail construction,Aluminium alloy is used in high-speed rail construction,碘酒可用于皮肤外用消毒,碘酒可用於皮膚外用消毒,Iodine can be used for external skin disinfection,Iodine can be used for external skin disinfection,Iodine can be used for external skin disinfection,Iodine can be used for external skin disinfection,Iodine can be used for external skin disinfection,高纯硅可用于制作光感电池,高純矽可用於制作光感電池,High-purity silicon can be used to make light-sensitive batteries,High-purity silicon can be used to make light-sensitive batteries,High-purity silicon can be used to make light-sensitive batteries,High-purity silicon can be used to make light-sensitive batteries,High-purity silicon can be used to make light-sensitive batteries,1,
289,3,50,364,【常识】“野兽主义”的代表画家是？,【常識】“野獸主義”的代表畫家是？,[Common Sense] Who is the representative painter of "Fauvism"?,,,,,马蒂斯,馬蒂斯,Matisse,Matisse,Matisse,Matisse,Matisse,毕加索,畢加索,Picasso,Picasso,Picasso,Picasso,Picasso,梵高,梵高,Van Gogh,Van Gogh,Van Gogh,Van Gogh,Van Gogh,雷诺阿,雷諾阿,Renoir,Renoir,Renoir,Renoir,Renoir,1,
290,3,50,365,【常识】可以反映“酸性土壤”的指示性植物是？,【常識】可以反映“酸性土壤”的指示性植物是？,[Common Sense] Which indicator plants can reflect "acid soil"?,,,,,铁芒萁,鐵芒萁,OldWorld forked fern,OldWorld forked fern,OldWorld forked fern,OldWorld forked fern,OldWorld forked fern,碱蓬,堿蓬,Suaeda,Suaeda,Suaeda,Suaeda,Suaeda,骆驼刺,駱駝刺,Alhagi sparsi,Alhagi sparsi,Alhagi sparsi,Alhagi sparsi,Alhagi sparsi,芦苇,蘆葦,Reed,Reed,Reed,Reed,Reed,1,
291,3,50,366,【常识】在三倍放大镜下，三角板角的度数会？,【常識】在三倍放大鏡下，三角板角的度數會？,"[Common sense] Under a three-fold magnifying glass, what will the degree of the angle become?",,,,,角度不变,角度不變,Angle unchanged,Angle unchanged,Angle unchanged,Angle unchanged,Angle unchanged,放大一倍,放大一倍,Zoom in 1 time,Zoom in 1 time,Zoom in 1 time,Zoom in 1 time,Zoom in 1 time,放大三倍,放大三倍,Magnify three times,Magnify three times,Magnify three times,Magnify three times,Magnify three times,角度变化,角度變化,Angle change,Angle change,Angle change,Angle change,Angle change,1,
292,3,50,367,【常识】在所有巨大的猛兽中，哪种动物的心脏最小？,【常識】在所有巨大的猛獸中，哪種動物的心臟最小？,"[Common sense] Among all the giant beasts, which animal has the smallest heart?",,,,,狮子,獅子,Lion,Lion,Lion,Lion,Lion,老虎,老虎,Tiger,Tiger,Tiger,Tiger,Tiger,猎豹,獵豹,Cheetah,Cheetah,Cheetah,Cheetah,Cheetah,野猪,野豬,Wild boar,Wild boar,Wild boar,Wild boar,Wild boar,1,
293,3,50,368,【常识】地壳中含量最多的元素是？,【常識】地殼中含量最多的元素是？,[Common sense] What is the most abundant element in the earth crust?,,,,,氧,氧,Oxygen,Oxygen,Oxygen,Oxygen,Oxygen,氮,氮,Nitrogen,Nitrogen,Nitrogen,Nitrogen,Nitrogen,铝,鋁,Aluminum,Aluminum,Aluminum,Aluminum,Aluminum,硅,矽,Silicon,Silicon,Silicon,Silicon,Silicon,1,
294,3,50,369,【常识】声音在哪种介质中传播最快？,【常識】聲音在哪種介質中傳播最快？,[Common sense] In which medium does sound travel the fastest?,,,,,海水中,海水中,In sea water,In sea water,In sea water,In sea water,In sea water,蒸馏水,蒸餾水,Distilled water,Distilled water,Distilled water,Distilled water,Distilled water,煤油,煤油,kerosene,kerosene,kerosene,kerosene,kerosene,软木,軟木,cork,cork,cork,cork,cork,1,
295,3,50,370,【常识】美国自由女神像是哪国雕塑家的作品？,【常識】美國自由女神像是哪國雕塑家的作品？,[Common Sense] Which country is the author of the Statue of Liberty?,,,,,法国,法國,France,France,France,France,France,美国,美國,United States,United States,United States,United States,United States,英国,英國,United Kingdom,United Kingdom,United Kingdom,United Kingdom,United Kingdom,德国,德國,Germany,Germany,Germany,Germany,Germany,1,
296,3,50,371,【常识】哪项运动被誉为“体育运动之母”？,【常識】哪項運動被譽為“體育運動之母”？,[Common Sense] Which sport is known as the "mother of sports"?,,,,,田径,田徑,track and field,track and field,track and field,track and field,track and field,游泳,遊泳,Swim,Swim,Swim,Swim,Swim,摔跤,摔跤,Wrestling,Wrestling,Wrestling,Wrestling,Wrestling,举中,舉中,Weight lifting,Weight lifting,Weight lifting,Weight lifting,Weight lifting,1,
297,1,50,372,下列哪只宝可梦不是“道之三龙”？,下列哪只寶可夢不是“道之三龍”？,Which of the following Pokémon is not the "Tao trio"?,,,,,科斯莫姆,科斯莫姆,Cosmoem,Cosmoem,Cosmoem,Cosmoem,Cosmoem,莱希拉姆,萊希拉姆,Reshiram,Reshiram,Reshiram,Reshiram,Reshiram,捷克罗姆,捷克羅姆,Zekrom,Zekrom,Zekrom,Zekrom,Zekrom,酋雷姆,酋雷姆,Kyurem,Kyurem,Kyurem,Kyurem,Kyurem,1,
298,1,50,373,固拉多的死敌是谁？,固拉多的死敵是誰？,Who is Groudon's rival enemy?,,,,,盖欧卡,蓋歐卡,Kyogre,Kyogre,Kyogre,Kyogre,Kyogre,裂空座,裂空座,Rayquaza,Rayquaza,Rayquaza,Rayquaza,Rayquaza,另一只固拉多,另一只固拉多,Another Groudon,Another Groudon,Another Groudon,Another Groudon,Another Groudon,人类,人類,Humanity,Humanity,Humanity,Humanity,Humanity,1,
299,1,50,374,在宝可梦动漫中，火箭队衣服上标志的字母是？,在寶可夢動漫中，火箭隊衣服上標誌的字母是？,"In the Pokémon anime, what is the letter on Teamm Rockets’ cloth?",,,,,R,R,R,R,R,R,R,P,P,P,P,P,P,P,H,H,H,H,H,H,H,S,S,S,S,S,S,S,1,
300,1,50,375,哪只宝可梦手里拿着一个可用于催眠的圆环呢？,哪只寶可夢手裏拿著一個可用於催眠的圓環呢？,Which Pokémon holds a ring that can be used for hypnosis?,,,,,引梦貘人,引夢貘人,Hypno,Hypno,Hypno,Hypno,Hypno,胡地,胡地,Alakazam,Alakazam,Alakazam,Alakazam,Alakazam,大葱鸭,大蔥鴨,Farfetch'd,Farfetch'd,Farfetch'd,Farfetch'd,Farfetch'd,可拉可拉,可拉可拉,Cubone,Cubone,Cubone,Cubone,Cubone,1,
301,2,50,376,大木博士的原名叫什么？,大木博士的原名叫什麽？,What was the full name of Dr. Oak?,,,,,大木雪成,大木雪成,Samuel Oak,Samuel Oak,Samuel Oak,Samuel Oak,Samuel Oak,大木康茂,大木康茂,Michael Oak,Michael Oak,Michael Oak,Michael Oak,Michael Oak,大木成也,大木成也,Jack Oak,Jack Oak,Jack Oak,Jack Oak,Jack Oak,大木掘内,大木掘內,Adam Oak,Adam Oak,Adam Oak,Adam Oak,Adam Oak,1,
302,2,50,377,雌性皮卡丘的尾巴顶端是什么形状的？,雌性皮卡丘的尾巴頂端是什麽形狀的？,What is the shape of the top of the female Pikachu’s tail?,,,,,爱心,愛心,Love,Love,Love,Love,Love,星形,星形,Star shape,Star shape,Star shape,Star shape,Star shape,和雄性一样,和雄性一樣,Same as male,Same as male,Same as male,Same as male,Same as male,尾巴上印着一朵花,尾巴上印著一朵花,A flower printed on the tail,A flower printed on the tail,A flower printed on the tail,A flower printed on the tail,A flower printed on the tail,1,
303,2,50,378,小智的杰尼龟离队的原因？,小智的傑尼龜離隊的原因？,Why did Ash's Squirtle leave the team?,,,,,为了灭火做了消防员,為了滅火做了消防員,Worked as a fireman to put out the fire,Worked as a fireman to put out the fire,Worked as a fireman to put out the fire,Worked as a fireman to put out the fire,Worked as a fireman to put out the fire,追寻更强大的训练家,追尋更強大的訓練家,Pursue a stronger trainer,Pursue a stronger trainer,Pursue a stronger trainer,Pursue a stronger trainer,Pursue a stronger trainer,为了自身的进化,為了自身的進化,For its own evolution,For its own evolution,For its own evolution,For its own evolution,For its own evolution,为了雌性杰尼龟,為了雌性傑尼龜,For female Squirtle,For female Squirtle,For female Squirtle,For female Squirtle,For female Squirtle,1,
304,2,50,379,火箭队的喵喵为什么不进化？,火箭隊的喵喵為什麽不進化？,Why doesn't Meowth of Team Rocket evolve?,,,,,学习说话费尽了精力,學習說話費盡了精力,Exhausted learning to speak,Exhausted learning to speak,Exhausted learning to speak,Exhausted learning to speak,Exhausted learning to speak,自己不喜欢进化,自己不喜歡進化,Don't like to be evolved,Don't like to be evolved,Don't like to be evolved,Don't like to be evolved,Don't like to be evolved,本来就不能进化,本來就不能進化,Can't evolve,Can't evolve,Can't evolve,Can't evolve,Can't evolve,母喵喵不喜欢,母喵喵不喜歡,Female Meowth doesn't like it,Female Meowth doesn't like it,Female Meowth doesn't like it,Female Meowth doesn't like it,Female Meowth doesn't like it,1,
305,2,50,380,皮卡丘放电的部位在哪？,皮卡丘放電的部位在哪？,Where is Pikachu's part to release electicity?,,,,,脸颊,臉頰,Cheek,Cheek,Cheek,Cheek,Cheek,双手,雙手,Hands,Hands,Hands,Hands,Hands,耳朵,耳朵,ear,ear,ear,ear,ear,尾巴,尾巴,Tail,Tail,Tail,Tail,Tail,1,
306,2,50,381,伊布共有多少种进化形态？,伊布共有多少種進化形態？,How many evolution forms does Eevee have?,,,,,8种,8種,8 types,8 types,8 types,8 types,8 types,7种,7種,7 types,7 types,7 types,7 types,7 types,9种,9種,9 types,9 types,9 types,9 types,9 types,6种,6種,6 kinds,6 kinds,6 kinds,6 kinds,6 kinds,1,
307,2,50,382,被称为创世神的宝可梦阿尔宙斯，创造了整个世界，请问，阿尔宙斯是怎么诞生的？,被稱為創世神的寶可夢阿爾宙斯，創造了整個世界，請問，阿爾宙斯是怎麽誕生的？,"Arceus, known as the creator of the Pokémon world. How did Arceus be born?",,,,,从虚无之处的一颗蛋中诞生,從虛無之處的一顆蛋中誕生,"Emerged from an egg in a place where there was nothing,","Emerged from an egg in a place where there was nothing,","Emerged from an egg in a place where there was nothing,","Emerged from an egg in a place where there was nothing,","Emerged from an egg in a place where there was nothing,",在极光中逐渐成形,在極光中逐漸成形,Gradually taking shape in the aurora,Gradually taking shape in the aurora,Gradually taking shape in the aurora,Gradually taking shape in the aurora,Gradually taking shape in the aurora,光环收集光能幻化了身形,光環收集光能幻化了身形,The halo collects light energy and transform the body,The halo collects light energy and transform the body,The halo collects light energy and transform the body,The halo collects light energy and transform the body,The halo collects light energy and transform the body,被人类创造而成,被人類創造而成,Created by humans,Created by humans,Created by humans,Created by humans,Created by humans,1,
308,2,50,383,以下哪只宝可梦不是小次郎收服过的？,以下哪只寶可夢不是小次郎收服過的？,Which of the following Pokémon has not been captured by James?,,,,,果然翁,果然翁,Wobbuffet,Wobbuffet,Wobbuffet,Wobbuffet,Wobbuffet,卡蒂狗,卡蒂狗,Growlithe,Growlithe,Growlithe,Growlithe,Growlithe,尖牙笼,尖牙籠,Carnivine,Carnivine,Carnivine,Carnivine,Carnivine,瓦斯弹,瓦斯彈,Koffing,Koffing,Koffing,Koffing,Koffing,1,
309,2,50,384,宝可梦拉鲁拉斯的头型像是碗盖头，会遮住拉鲁拉丝的大半面脸，但偶尔可以看到它的眼睛，请问它眼睛的颜色是？,寶可夢拉魯拉斯的頭型像是碗蓋頭，會遮住拉魯拉絲的大半面臉，但偶爾可以看到它的眼睛，請問它眼睛的顏色是？,"The head of Pokémon Ralts is a bowl like shape, which will cover most of Ralts's face, but occasionally we can see its eyes. What color are its eyes?",,,,,红色,紅色,Red,Red,Red,Red,Red,蓝色,藍色,Blue,Blue,Blue,Blue,Blue,黑色,黑色,Black,Black,Black,Black,Black,绿色,綠色,Green,Green,Green,Green,Green,1,
310,3,50,385,仙子伊布有多少条缎带？,仙子伊布有多少條緞帶？,How many ribbons does Sylveon have?,,,,,4条,4條,Four,Four,Four,Four,Four,2条,2條,Two,Two,Two,Two,Two,6条,6條,Six,Six,Six,Six,Six,无缎带,無緞帶,No ribbon,No ribbon,No ribbon,No ribbon,No ribbon,1,
311,3,50,386,甲贺忍蛙脖子上缠绕的是什么？,甲賀忍蛙脖子上纏繞的是什麽？,What is wrapped around Greninja's neck?,,,,,舌头,舌頭,Tongue,Tongue,Tongue,Tongue,Tongue,红色的围巾,紅色的圍巾,Red scarf,Red scarf,Red scarf,Red scarf,Red scarf,忍者的飘带,忍者的飄帶,Ninja's streamer,Ninja's streamer,Ninja's streamer,Ninja's streamer,Ninja's streamer,小智送的红色丝带,小智送的紅色絲帶,Red ribbon from Ash,Red ribbon from Ash,Red ribbon from Ash,Red ribbon from Ash,Red ribbon from Ash,1,
312,3,50,387,绿毛虫头顶的触角是什么颜色的？,綠毛蟲頭頂的觸角是什麽顏色的？,What color are the antennae on the top of Caterpie?,,,,,红色,紅色,Red,Red,Red,Red,Red,绿色,綠色,Green,Green,Green,Green,Green,黄色,黃色,Yellow,Yellow,Yellow,Yellow,Yellow,米色,米色,Beige,Beige,Beige,Beige,Beige,1,
313,3,50,388,仙子伊布，是排名前十的高人气宝可梦，会从蝴蝶结般的触角里释放能够消除敌意的波动，请问这个蝴蝶结分别在哪个位置？,仙子伊布，是排名前十的高人氣寶可夢，會從蝴蝶結般的觸角裏釋放能夠消除敵意的波動，請問這個蝴蝶結分別在哪個位置？,"Sylveon, a top ten popular Pokémon, sends a soothing aura from its ribbonlike feelers to calm fights. Where is this bow?",,,,,脖子和左耳处,脖子和左耳處,Neck and left ear,Neck and left ear,Neck and left ear,Neck and left ear,Neck and left ear,脖子和右耳处,脖子和右耳處,Neck and right ear,Neck and right ear,Neck and right ear,Neck and right ear,Neck and right ear,脖子和左脚处,脖子和左腳處,Neck and left foot,Neck and left foot,Neck and left foot,Neck and left foot,Neck and left foot,脖子和右脚处,脖子和右腳處,Neck and right foot,Neck and right foot,Neck and right foot,Neck and right foot,Neck and right foot,1,
314,1,50,389,【常识】夏季在烈日下工作或运动量过大出汗多时，为预防中暑应该多喝？,【常識】夏季在烈日下工作或運動量過大出汗多時，為預防中暑應該多喝？,"[Common Sense] In summer, when working or exercising under the scorching sun and sweating a lot, what should you drink more to prevent heatstroke?",,,,,盐开水,鹽開水,Salt boiled water,Salt boiled water,Salt boiled water,Salt boiled water,Salt boiled water,糖水,糖水,Water with sugar,Water with sugar,Water with sugar,Water with sugar,Water with sugar,白开水,白開水,Boiled water,Boiled water,Boiled water,Boiled water,Boiled water,冰镇水,冰鎮水,Iced water,Iced water,Iced water,Iced water,Iced water,1,
315,1,50,390,【常识】隐形飞机是指什么样的飞机？,【常識】隱形飛機是指什麽樣的飛機？,[Common sense] What kind of aircraft is a stealth aircraft?,,,,,雷达监测不到,雷達監測不到,Can not detected by radar,Can not detected by radar,Can not detected by radar,Can not detected by radar,Can not detected by radar,肉眼看不到的,肉眼看不到的,Invisible to the naked eye,Invisible to the naked eye,Invisible to the naked eye,Invisible to the naked eye,Invisible to the naked eye,体积很小的,體積很小的,Very small,Very small,Very small,Very small,Very small,透明材质的,透明材質的,Transparent,Transparent,Transparent,Transparent,Transparent,1,
316,1,50,391,【常识】声音的高低是由什么决定的？,【常識】聲音的高低是由什麽決定的？,[Common sense] What determines the level of voice?,,,,,发生体振动的频率,發生體振動的頻率,Frequency of body vibration,Frequency of body vibration,Frequency of body vibration,Frequency of body vibration,Frequency of body vibration,发声体的材料,發聲體的材料,The material of the acoustic source,The material of the acoustic source,The material of the acoustic source,The material of the acoustic source,The material of the acoustic source,发声体的振幅,發聲體的振幅,Amplitude of the sounding body,Amplitude of the sounding body,Amplitude of the sounding body,Amplitude of the sounding body,Amplitude of the sounding body,发声体的结构,發聲體的結構,The structure of the sounding body,The structure of the sounding body,The structure of the sounding body,The structure of the sounding body,The structure of the sounding body,1,
317,1,50,392,【常识】光在不同的介质中传播速度不同，在什么中传播最快？,【常識】光在不同的介質中傳播速度不同，在什麽中傳播最快？,[Common sense] Light travels at different speeds in different media. What media can light travels fastest?,,,,,真空,真空,Vacuum,Vacuum,Vacuum,Vacuum,Vacuum,金属,金屬,Metal,Metal,Metal,Metal,Metal,水,水,Water,Water,Water,Water,Water,空气,空氣,Air,Air,Air,Air,Air,1,
318,1,50,393,【常识】人舌头的哪个部位对甜味最敏感？,【常識】人舌頭的哪個部位對甜味最敏感？,[Common sense] Which part of the human tongue is most sensitive to sweetness?,,,,,舌尖,舌尖,Tip of tongue,Tip of tongue,Tip of tongue,Tip of tongue,Tip of tongue,舌两侧,舌兩側,Both sides of the tongue,Both sides of the tongue,Both sides of the tongue,Both sides of the tongue,Both sides of the tongue,舌根,舌根,Base of tongue,Base of tongue,Base of tongue,Base of tongue,Base of tongue,舌中间,舌中間,Middle of tongue,Middle of tongue,Middle of tongue,Middle of tongue,Middle of tongue,1,
319,1,50,394,【常识】我们常说的噪音污染是指？,【常識】我們常說的噪音汙染是指？,[Common sense] What do we often mean by noise pollution?,,,,,分贝超过80,分貝超過80,Over 80 decibels,Over 80 decibels,Over 80 decibels,Over 80 decibels,Over 80 decibels,分贝超过90,分貝超過90,More than 90 decibels,More than 90 decibels,More than 90 decibels,More than 90 decibels,More than 90 decibels,分贝超过40,分貝超過40,More than 40 decibels,More than 40 decibels,More than 40 decibels,More than 40 decibels,More than 40 decibels,分贝超过60,分貝超過60,More than 60 decibels,More than 60 decibels,More than 60 decibels,More than 60 decibels,More than 60 decibels,1,
320,1,50,395,【常识】水是人体不可缺少的组成部分，约占成人体重的分量是多少用以维持人体正常的生理活动？,【常識】水是人體不可缺少的組成部分，約占成人體重的分量是多少用以維持人體正常的生理活動？,[Common Sense] What is the amount of water in the body weight of an adult to maintain normal physiological activities of the human body?,,,,,0.666666667,0.666666667,0.666666667,0.666666667,0.666666667,0.666666667,0.666666667,0.8,0.8,0.8,0.8,0.8,0.8,0.8,0.5,0.5,0.5,0.5,0.5,0.5,0.5,0.6,0.6,0.6,0.6,0.6,0.6,0.6,1,
321,1,50,396,【常识】狗热的时候一般用什么散热？,【常識】狗熱的時候一般用什麽散熱？,[Common sense] What part do dogs use to dissipate heat?,,,,,舌头,舌頭,Tongue,Tongue,Tongue,Tongue,Tongue,皮肤,皮膚,skin,skin,skin,skin,skin,眼睛,眼睛,Eye,Eye,Eye,Eye,Eye,耳朵,耳朵,ear,ear,ear,ear,ear,1,
322,1,50,397,【常识】第一次世界大战开始的时间是？,【常識】第一次世界大戰開始的時間是？,[Common Sense] When did the First World War begin?,,,,,1914,1914,1914,1914,1914,1914,1914,1910,1910,1910,1910,1910,1910,1910,1939,1939,1939,1939,1939,1939,1939,1940,1940,1940,1940,1940,1940,1940,1,
323,2,50,398,【常识】当人的皮肤受到阳光照射时，便会在体内产生？,【常識】當人的皮膚受到陽光照射時，便會在體內產生？,"[Common sense] When human skin is exposed to sunlight, it will be produced in the body?",,,,,维生素D,維生素D,Vitamin D,Vitamin D,Vitamin D,Vitamin D,Vitamin D,维生素C,維生素C,Vitamin C,Vitamin C,Vitamin C,Vitamin C,Vitamin C,维生素B,維生素B,Vitamin B,Vitamin B,Vitamin B,Vitamin B,Vitamin B,维生素A,維生素A,Vitamin A,Vitamin A,Vitamin A,Vitamin A,Vitamin A,1,
324,2,50,399,【常识】人体内对营养物质消化和吸收的主要场所是？,【常識】人體內對營養物質消化和吸收的主要場所是？,[Common sense] What is the main place for digestion and absorption of nutrients in the human body?,,,,,小肠,小腸,Small intestine,Small intestine,Small intestine,Small intestine,Small intestine,大肠,大腸,The large intestine,The large intestine,The large intestine,The large intestine,The large intestine,胃,胃,Stomach,Stomach,Stomach,Stomach,Stomach,脾,脾,Spleen,Spleen,Spleen,Spleen,Spleen,1,
325,2,50,400,【常识】被蚊虫叮咬后，可以用氨水，小苏打溶液或肥皂水涂抹止痒，这是利用了它们的？,【常識】被蚊蟲叮咬後，可以用氨水，小蘇打溶液或肥皂水塗抹止癢，這是利用了它們的？,"[Common Sense] After being bitten by a mosquito, you can apply ammonia, baking soda solution or soap water to relieve itching. What is the principle of this method",,,,,弱碱性,弱堿性,Weakly alkaline,Weakly alkaline,Weakly alkaline,Weakly alkaline,Weakly alkaline,弱氧化性,弱氧化性,Weak oxidizing,Weak oxidizing,Weak oxidizing,Weak oxidizing,Weak oxidizing,弱酸性,弱酸性,Weak acid,Weak acid,Weak acid,Weak acid,Weak acid,表面活性,表面活性,Surface activity,Surface activity,Surface activity,Surface activity,Surface activity,1,
326,2,50,401,【常识】飞机起飞与降落时，应该怎样才最有安全保障？,【常識】飛機起飛與降落時，應該怎樣才最有安全保障？,[Common sense] What is the most safe guarantee way to do when an airplane takes off and landed?,,,,,逆风起飞，逆风降落,逆風起飛，逆風降落,"Take off against the wind, land against the wind","Take off against the wind, land against the wind","Take off against the wind, land against the wind","Take off against the wind, land against the wind","Take off against the wind, land against the wind",顺风起飞，顺风降落,順風起飛，順風降落,"Take off with a tailwind, and land with a tailwind","Take off with a tailwind, and land with a tailwind","Take off with a tailwind, and land with a tailwind","Take off with a tailwind, and land with a tailwind","Take off with a tailwind, and land with a tailwind",顺风起飞，逆风降落,順風起飛，逆風降落,"Take off downwind, land upwind","Take off downwind, land upwind","Take off downwind, land upwind","Take off downwind, land upwind","Take off downwind, land upwind",逆风起飞，顺风降落,逆風起飛，順風降落,"Take off against the wind, land downwind","Take off against the wind, land downwind","Take off against the wind, land downwind","Take off against the wind, land downwind","Take off against the wind, land downwind",1,
327,2,50,402,【常识】海水有苦味是因为它含有？,【常識】海水有苦味是因為它含有？,[Common sense] The bitter taste of sea water is because it contains?,,,,,氯化镁,氯化鎂,Magnesium Chloride,Magnesium Chloride,Magnesium Chloride,Magnesium Chloride,Magnesium Chloride,氯化钠,氯化鈉,Sodium Chloride,Sodium Chloride,Sodium Chloride,Sodium Chloride,Sodium Chloride,氯化钾,氯化鉀,Potassium Chloride,Potassium Chloride,Potassium Chloride,Potassium Chloride,Potassium Chloride,氯化钙,氯化鈣,Calcium chloride,Calcium chloride,Calcium chloride,Calcium chloride,Calcium chloride,1,
328,2,50,403,【常识】人体的解毒器官是？,【常識】人體的解毒器官是？,[Common Sense] What are the detoxification organs of the human body?,,,,,肝脏,肝臟,Liver,Liver,Liver,Liver,Liver,脾,脾,Spleen,Spleen,Spleen,Spleen,Spleen,肾脏,腎臟,Kidney,Kidney,Kidney,Kidney,Kidney,胃,胃,Stomach,Stomach,Stomach,Stomach,Stomach,1,
329,2,50,404,【常识】下列中哪个不是世界三大黄金水道？,【常識】下列中哪個不是世界三大黃金水道？,[Common sense] Which of the following is not the world’s three golden waterways?,,,,,直布罗陀海峡,直布羅陀海峽,Strait of Gibraltar,Strait of Gibraltar,Strait of Gibraltar,Strait of Gibraltar,Strait of Gibraltar,巴拿马运河,巴拿馬運河,Panama Canal,Panama Canal,Panama Canal,Panama Canal,Panama Canal,密西西比河,密西西比河,Mississippi River,Mississippi River,Mississippi River,Mississippi River,Mississippi River,苏伊士运河,蘇伊士運河,Suez Canal,Suez Canal,Suez Canal,Suez Canal,Suez Canal,1,
330,2,50,405,【常识】下列著名宫殿中哪个位于英国？,【常識】下列著名宮殿中哪個位於英國？,[Common Sense] Which of the following famous palaces is located in the UK?,,,,,白金汉宫,白金漢宮,Buckingham Palace,Buckingham Palace,Buckingham Palace,Buckingham Palace,Buckingham Palace,克里姆林宫,克裏姆林宮,Kremlin,Kremlin,Kremlin,Kremlin,Kremlin,凡尔赛宫,凡爾賽宮,Palace of Versailles,Palace of Versailles,Palace of Versailles,Palace of Versailles,Palace of Versailles,故宫,故宮,The Imperial Palace,The Imperial Palace,The Imperial Palace,The Imperial Palace,The Imperial Palace,1,
331,2,50,406,【常识】世界上最高的塔是哪一座？,【常識】世界上最高的塔是哪一座？,[Common sense] Which is the tallest tower in the world?,,,,,多伦多塔,多倫多塔,Toronto Tower,Toronto Tower,Toronto Tower,Toronto Tower,Toronto Tower,东柏林塔,東柏林塔,Berlin Television Tower,Berlin Television Tower,Berlin Television Tower,Berlin Television Tower,Berlin Television Tower,埃菲尔铁塔,埃菲爾鐵塔,Eiffel tower,Eiffel tower,Eiffel tower,Eiffel tower,Eiffel tower,莫斯科塔,莫斯科塔,Moscow tower,Moscow tower,Moscow tower,Moscow tower,Moscow tower,1,
332,3,50,407,【常识】人们会感觉森林里的空气特别清新，原因是空气中含有大量的？,【常識】人們會感覺森林裏的空氣特別清新，原因是空氣中含有大量的？,"[Common sense] People feel that the air in the forest is particularly fresh, because the air contains a lot of it?",,,,,负氧离子,負氧離子,Negative oxygen ions,Negative oxygen ions,Negative oxygen ions,Negative oxygen ions,Negative oxygen ions,氦离子,氦離子,Helium ion,Helium ion,Helium ion,Helium ion,Helium ion,氢离子,氫離子,Hydrogen ion,Hydrogen ion,Hydrogen ion,Hydrogen ion,Hydrogen ion,氮离子,氮離子,Nitrogen ion,Nitrogen ion,Nitrogen ion,Nitrogen ion,Nitrogen ion,1,
333,3,50,408,【常识】下列哪种动物不属于哺乳动物？,【常識】下列哪種動物不屬於哺乳動物？,[Common Sense] Which of the following animals is not a mammal?,,,,,海龟,海龜,Sea turtle,Sea turtle,Sea turtle,Sea turtle,Sea turtle,袋鼠,袋鼠,Kangaroo,Kangaroo,Kangaroo,Kangaroo,Kangaroo,蝙蝠,蝙蝠,Bat,Bat,Bat,Bat,Bat,鲸鱼,鯨魚,Whale,Whale,Whale,Whale,Whale,1,
334,3,50,409,【常识】能够做成电视机的荧光材料物质是,【常識】能夠做成電視機的熒光材料物質是,[Common sense] What is the fluorescent material that can be made into a TV?,,,,,ZnS,ZnS,ZnS,ZnS,ZnS,ZnS,ZnS,CuS,CuS,CuS,CuS,CuS,CuS,CuS,BaS,BaS,BaS,BaS,BaS,BaS,BaS,CaS,CaS,CaS,CaS,CaS,CaS,CaS,1,
335,3,50,410,【常识】世界语的创始人是？,【常識】世界語的創始人是？,[Common Sense] Who is the founder of Esperanto?,,,,,柴门霍夫,柴門霍夫,Zamenhof,Zamenhof,Zamenhof,Zamenhof,Zamenhof,埃利斯,埃利斯,Ellis,Ellis,Ellis,Ellis,Ellis,布拉耶,布拉耶,Braille,Braille,Braille,Braille,Braille,奥格登,奧格登,Ogden,Ogden,Ogden,Ogden,Ogden,1,
336,3,50,411,【常识】“世界环保日”是在每年的哪一天？,【常識】“世界環保日”是在每年的哪一天？,[Common Sense] Which day is “World Environment Day”?,,,,,6月5日,6月5日,June 5th,June 5th,June 5th,June 5th,June 5th,6月4日,6月4日,June 4th,June 4th,June 4th,June 4th,June 4th,6月6日,6月6日,June 6th,June 6th,June 6th,June 6th,June 6th,6月8日,6月8日,June 8th,June 8th,June 8th,June 8th,June 8th,1,
