变量名,huodongID,_beizhu,name,_name,name_tw,name_en,name_vn,name_kr,name_pt,name_th,limit,levelLimit,item,rechargeID,rmbCost,sort,refresh,status,icon,hot,oldPrice,languages
默认值,0,"""""","""""","""""","""""","""""","""""","""""","""""","""""",10,1,{},-1,-1,0,FALSE,0,activity/direct_gift/icon_cjbx1.png,"""""",100,<cn;tw;en;vn;th;kr;pt>
ID,活动版本ID,备注,名字,名字,名字,名字,名字,名字_韩,名字_韩,名字_韩,次数限制,等级限制,道具id,recharge表id,钻石售卖价格,礼包排序字段,刷新方式（是否每日刷新）,礼包状态：0永久限购、1每周限购，2每月限购,礼包的icon,促销标签,原价,语言区域
100,22110,1,2,每日神兽礼包,每日神兽礼包tw,2,,3,,,999,1,{520=1;rmb=120;521=1},103,-1,1,TRUE,0,activity/direct_gift/icon_cjbx3.png,,100,
101,22110,,2,免费礼包,免费礼包tw,2,,3,,,999,1,{516=1;rmb=10;gold=10000},-1,0,0,TRUE,0,activity/direct_gift/icon_cjbx.png,,100,
102,22110,,2,每日成长礼包,免费礼包tw,2,,3,,,999,1,{rmb=120;stamina=100;503=1},102,-1,0,TRUE,0,activity/direct_gift/icon_cjbx13.png,,100,
103,22110,,2,每日抽卡礼包,免费礼包tw,2,,3,,,999,1,{519=1;rmb=120;gold=50000},102,-1,0,TRUE,0,activity/direct_gift/icon_cjbx2.png,,100,
104,22110,,2,每日碎片礼包,免费礼包tw,2,,3,,,999,1,{502=2;rmb=120;gold=50000},102,-1,0,TRUE,0,activity/direct_gift/icon_cjbx3.png,,100,
105,22110,,2,努力养成礼包,免费礼包tw,2,,3,,,999,1,{451=100;rmb=300;452=50},106,-1,2,TRUE,0,activity/direct_gift/icon_cjbx9.png,,100,
106,22110,,2,携带养成礼包,免费礼包tw,2,,3,,,999,1,{2103=20;rmb=300;gold=200000},106,-1,2,TRUE,0,activity/direct_gift/icon_zjbx2.png,,100,
107,22110,,2,好感度礼包,免费礼包tw,2,,3,,,999,1,{902=20;rmb=300;602=10},106,-1,2,TRUE,0,activity/direct_gift/icon_cjbx14.png,,100,
108,22110,,2,金币礼包,免费礼包tw,2,,3,,,999,1,{rmb=300;gold=1000000},106,-1,2,TRUE,0,activity/direct_gift/icon_cjbx16.png,,100,
109,22110,,2,个体值礼包,免费礼包tw,2,,3,,,999,1,{rmb=300;19=10},106,-1,2,TRUE,0,activity/direct_gift/icon_cjbx15.png,,100,
200,22111,,2,免费礼包,免费礼包tw,2,,3,,,999,1,{502=1;rmb=30;gold=30000},-1,0,0,FALSE,1,activity/direct_gift/icon_cjbx.png,,100,
201,22111,,2,抽卡礼包,免费礼包tw,2,,3,,,999,1,{rmb=980;519=10},108,-1,0,FALSE,1,activity/direct_gift/icon_zjbx3.png,,100,
202,22111,,2,探险器礼包,免费礼包tw,2,,3,,,999,1,{520=10;4000=100;rmb=980},108,-1,0,FALSE,1,activity/direct_gift/icon_zjbx7.png,,100,
203,22111,,2,饰品抽卡礼包,免费礼包tw,2,,3,,,999,1,{501=1;rmb=980;503=20},108,-1,0,FALSE,1,activity/direct_gift/icon_zjbx8.png,,100,
204,22111,,2,升星礼包,免费礼包tw,2,,3,,,999,1,{rmb=1980;502=30},111,-1,0,FALSE,1,activity/direct_gift/icon_gjbx17.png,,100,
205,22111,,2,抽卡礼包,免费礼包tw,2,,3,,,999,1,{rmb=3280;519=20},112,-1,2,FALSE,1,activity/direct_gift/icon_gjbx1.png,,100,
206,22111,,2,升星礼包,免费礼包tw,2,,3,,,999,1,{card={id=9002};rmb=3280;gold=300000},112,-1,2,FALSE,1,activity/direct_gift/icon_gjbx4.png,,100,
207,22111,,2,携带道具礼包,免费礼包tw,2,,3,,,999,1,{2103=60;rmb=3280;942=1},112,-1,2,FALSE,1,activity/direct_gift/icon_gjbx18.png,,100,
208,22111,,2,升星礼包,免费礼包tw,2,,3,,,999,1,{521=30;rmb=6480;gold=500000},113,-1,2,FALSE,1,activity/direct_gift/icon_gjbx19.png,,100,
300,23001,,2,开服礼包1,免费礼包tw,2,,3,,,999,1,{gold=50000;rmb=60;stamina=100;12=10},-1,0,0,TRUE,0,activity/direct_gift/icon_cjbx1.png,,100,
301,23001,,2,每日礼包A,免费礼包tw,2,,3,,,999,1,{451=100;452=30},-1,100,0,TRUE,0,activity/direct_gift/icon_cjbx1.png,,100,
302,23001,,2,开服礼包2,免费礼包tw,2,,3,,,999,1,{4000=100;520=10},-1,200,0,FALSE,1,activity/direct_gift/icon_cjbx1.png,,100,
303,23001,,2,每日礼包B,免费礼包tw,2,,3,,,999,1,{503=20;941=1},-1,300,0,TRUE,0,activity/direct_gift/icon_cjbx1.png,,100,
304,23001,,2,开服礼包3,免费礼包tw,2,,3,,,999,1,{2103=50;gold=200000},105,-1,0,FALSE,2,activity/direct_gift/icon_cjbx1.png,,100,
305,23001,,2,每日礼包C,免费礼包tw,2,,3,,,999,1,{13=20;card={id=9002};gold=150000},106,-1,0,TRUE,0,activity/direct_gift/icon_cjbx1.png,,100,
306,23001,,2,每日礼包D,免费礼包tw,2,,3,,,999,1,{16=5;rmb=5000;gold=300000},107,-1,0,TRUE,0,activity/direct_gift/icon_cjbx1.png,,100,
307,23001,,2,开服礼包4,免费礼包tw,2,,3,,,999,1,{14=3;15=200},108,-1,0,FALSE,0,activity/direct_gift/icon_cjbx1.png,,100,
400,23101,,2,成长礼包,免费礼包tw,2,,3,,,999,1,{gold=50000;rmb=60;stamina=100;12=10},102,-1,0,FALSE,0,activity/direct_gift/icon_cjbx4.png,,100,
401,23101,,2,饰品礼包,免费礼包tw,2,,3,,,999,1,{930=10;13=10;100=5;501=3},106,-1,0,FALSE,0,activity/direct_gift/icon_cjbx7.png,,100,
402,23101,,2,个体值礼包,免费礼包tw,2,,3,,,999,1,{gold=100000;13=10;rmb=300;19=10},106,-1,0,FALSE,0,activity/direct_gift/icon_cjbx5.png,,100,
403,23101,,2,抽卡礼包,免费礼包tw,2,,3,,,999,1,{13=20;519=10;gold=100000},108,-1,0,FALSE,0,activity/direct_gift/icon_zjbx6.png,,100,
404,23101,,2,豪华抽卡礼包,免费礼包tw,2,,3,,,999,1,{13=30;519=20;gold=200000},111,-1,0,FALSE,0,activity/direct_gift/icon_gjbx8.png,,100,
500,23102,,2,成长礼包,免费礼包tw,2,,3,,,999,1,{gold=50000;rmb=60;stamina=100;12=10},102,-1,0,FALSE,0,activity/direct_gift/icon_cjbx4.png,,100,
501,23102,,2,努力值礼包,免费礼包tw,2,,3,,,999,1,{451=100;452=30},106,-1,0,FALSE,0,activity/direct_gift/icon_cjbx8.png,,100,
502,23102,,2,探险器礼包,免费礼包tw,2,,3,,,999,1,{4000=100;520=10},108,-1,0,FALSE,0,activity/direct_gift/icon_zjbx4.png,,100,
503,23102,,2,饰品抽卡礼包,免费礼包tw,2,,3,,,999,1,{503=20;941=1},108,-1,0,FALSE,0,activity/direct_gift/icon_zjbx5.png,,100,
504,23102,,2,携带道具强化礼包,免费礼包tw,2,,3,,,999,1,{2103=50;gold=200000},111,-1,0,FALSE,0,activity/direct_gift/icon_gjbx7.png,,100,
505,23102,,2,升星礼包,免费礼包tw,2,,3,,,999,1,{13=20;card={id=9002};gold=150000},112,-1,0,FALSE,0,activity/direct_gift/icon_gjbx6.png,,100,
600,23103,,2,成长礼包,免费礼包tw,2,,3,,,999,1,{gold=50000;rmb=60;stamina=100;12=10},102,-1,0,FALSE,0,activity/direct_gift/icon_cjbx4.png,,100,
601,23103,,2,饰品礼包,免费礼包tw,2,,3,,,999,1,{930=20;13=10;100=5;501=3},106,-1,0,FALSE,0,activity/direct_gift/icon_cjbx7.png,,100,
602,23103,,2,个体值礼包,免费礼包tw,2,,3,,,999,1,{13=10;gold=100000;19=20},106,-1,0,FALSE,0,activity/direct_gift/icon_cjbx6.png,,100,
603,23103,,2,抽卡礼包,免费礼包tw,2,,3,,,999,1,{13=20;519=10;gold=200000},108,-1,0,FALSE,0,activity/direct_gift/icon_zjbx6.png,,100,
604,23103,,2,豪华抽卡礼包,免费礼包tw,2,,3,,,999,1,{13=30;519=20;gold=300000},111,-1,0,FALSE,0,activity/direct_gift/icon_gjbx8.png,,100,
700,23104,,2,成长礼包,免费礼包tw,2,,3,,,999,1,{gold=50000;rmb=60;stamina=100;12=10},102,-1,0,FALSE,0,activity/direct_gift/icon_cjbx4.png,,100,
701,23104,,2,努力值礼包,免费礼包tw,2,,3,,,999,1,{451=100;452=50},106,-1,0,FALSE,0,activity/direct_gift/icon_cjbx8.png,,100,
702,23104,,2,探险器礼包,免费礼包tw,2,,3,,,999,1,{4000=100;520=15},108,-1,0,FALSE,0,activity/direct_gift/icon_zjbx4.png,,100,
703,23104,,2,饰品抽卡礼包,免费礼包tw,2,,3,,,999,1,{503=30;941=1},108,-1,0,FALSE,0,activity/direct_gift/icon_zjbx5.png,,100,
704,23104,,2,携带道具强化礼包,免费礼包tw,2,,3,,,999,1,{2103=60;gold=200000},108,-1,0,FALSE,0,activity/direct_gift/icon_gjbx7.png,,100,
705,23104,,2,升星礼包,免费礼包tw,2,,3,,,999,1,{13=20;rmb=2000;card={id=9002}},112,-1,0,FALSE,0,activity/direct_gift/icon_gjbx4.png,,100,
706,23104,,2,携带道具礼包,免费礼包tw,2,,3,,,999,1,{13=20;rmb=2000;942=1},112,-1,0,FALSE,0,activity/direct_gift/icon_gjbx5.png,,100,
800,23105,,2,开服特惠礼包,免费礼包tw,2,,3,,,999,1,{519=1;rmb=50;gold=10000},-1,0,0,FALSE,0,activity/direct_gift/icon_cjbx.png,,100,
801,23105,,2,开服特惠礼包,免费礼包tw,2,,3,,,999,1,{rmb=120;stamina=100;gold=30000},102,-1,0,FALSE,0,activity/direct_gift/icon_cjbx1.png,,100,
802,23105,,2,开服特惠礼包,免费礼包tw,2,,3,,,999,1,{519=1;rmb=120;gold=30000},102,-1,0,FALSE,0,activity/direct_gift/icon_cjbx2.png,,100,
803,23105,,2,开服特惠礼包,免费礼包tw,2,,3,,,999,1,{451=200;rmb=600;452=100},106,-1,0,FALSE,0,activity/direct_gift/icon_cjbx9.png,,100,
804,23105,,2,开服特惠礼包,免费礼包tw,2,,3,,,999,1,{rmb=900;519=10},107,-1,0,FALSE,0,activity/direct_gift/icon_zjbx3.png,,100,
805,23105,,2,开服特惠礼包,免费礼包tw,2,,3,,,999,1,{520=10;4000=100;rmb=1680},108,-1,0,FALSE,0,activity/direct_gift/icon_zjbx7.png,,100,
806,23105,,2,开服特惠礼包,免费礼包tw,2,,3,,,999,1,{501=1;rmb=1680;503=20},108,-1,0,FALSE,0,activity/direct_gift/icon_zjbx8.png,,100,
807,23105,,2,开服特惠礼包,免费礼包tw,2,,3,,,999,1,{2103=100;rmb=2680;gold=500000},111,-1,0,FALSE,0,activity/direct_gift/icon_gjbx9.png,,100,
808,23105,,2,开服特惠礼包,免费礼包tw,2,,3,,,999,1,{942=1;rmb=2680;gold=500000},111,-1,0,FALSE,0,activity/direct_gift/icon_gjbx10.png,,100,
809,23105,,2,开服特惠礼包,免费礼包tw,2,,3,,,999,1,{card={id=9002};rmb=2680;gold=200000},111,-1,0,FALSE,0,activity/direct_gift/icon_gjbx4.png,,100,
810,23105,,2,开服特惠礼包,免费礼包tw,2,,3,,,999,1,{501=5;rmb=3980;6059=2},112,-1,0,FALSE,0,activity/direct_gift/icon_gjbx11.png,,100,
811,23105,,2,开服特惠礼包,免费礼包tw,2,,3,,,999,1,{card={id=9003};rmb=6480;gold=600000},113,-1,0,FALSE,0,activity/direct_gift/icon_gjbx13.png,,100,
900,23106,,2,每日神兽礼包,免费礼包tw,2,,3,,,999,1,{520=1;rmb=120;521=1},103,-1,1,TRUE,0,activity/direct_gift/icon_cjbx3.png,,100,
901,23106,,2,免费礼包,免费礼包tw,2,,3,,,999,1,{516=1;rmb=10;gold=10000},-1,0,0,TRUE,0,activity/direct_gift/icon_cjbx.png,,100,
902,23106,,2,每日成长礼包,免费礼包tw,2,,3,,,999,1,{rmb=120;stamina=100;503=1},102,-1,0,TRUE,0,activity/direct_gift/icon_cjbx13.png,,100,
903,23106,,2,每日抽卡礼包,免费礼包tw,2,,3,,,999,1,{519=1;rmb=120;gold=50000},102,-1,0,TRUE,0,activity/direct_gift/icon_cjbx2.png,,100,
904,23106,,2,每日碎片礼包,免费礼包tw,2,,3,,,999,1,{502=2;rmb=120;gold=50000},102,-1,0,TRUE,0,activity/direct_gift/icon_cjbx3.png,,100,
905,23106,,2,努力养成礼包,免费礼包tw,2,,3,,,999,1,{451=100;rmb=300;452=50},106,-1,2,TRUE,0,activity/direct_gift/icon_cjbx9.png,,100,
906,23106,,2,携带养成礼包,免费礼包tw,2,,3,,,999,1,{2103=20;rmb=300;gold=200000},106,-1,2,TRUE,0,activity/direct_gift/icon_zjbx2.png,,100,
907,23106,,2,好感度礼包,免费礼包tw,2,,3,,,999,1,{902=20;rmb=300;602=10},106,-1,2,TRUE,0,activity/direct_gift/icon_cjbx14.png,,100,
908,23106,,2,金币礼包,免费礼包tw,2,,3,,,999,1,{rmb=300;gold=1000000},106,-1,2,TRUE,0,activity/direct_gift/icon_cjbx16.png,,100,
909,23106,,2,个体值礼包,免费礼包tw,2,,3,,,999,1,{rmb=300;19=10},106,-1,2,TRUE,0,activity/direct_gift/icon_cjbx15.png,,100,
910,23106,,2,符石礼包,免费礼包tw,2,,3,,,999,1,{rmb=300;529=1000},106,-1,2,TRUE,0,activity/direct_gift/icon_zjbx.png,,100,
911,23106,,2,道馆礼包,免费礼包tw,2,,3,,,999,1,{151=300;rmb=300;152=30},106,-1,2,TRUE,0,activity/direct_gift/icon_zjbx.png,,100,
912,23106,,2,芯片礼包,免费礼包tw,2,,3,,,999,1,{rmb=300;124=15},106,-1,2,TRUE,0,activity/direct_gift/icon_zjbx.png,,100,
1000,23107,,2,免费礼包,免费礼包tw,2,,3,,,999,1,{502=1;rmb=30;gold=30000},-1,0,0,FALSE,1,activity/direct_gift/icon_cjbx.png,,100,
1001,23107,,2,抽卡礼包,免费礼包tw,2,,3,,,999,1,{rmb=980;519=10},108,-1,0,FALSE,1,activity/direct_gift/icon_zjbx3.png,,100,
1002,23107,,2,探险器礼包,免费礼包tw,2,,3,,,999,1,{520=10;4000=100;rmb=980},108,-1,0,FALSE,1,activity/direct_gift/icon_zjbx7.png,,100,
1003,23107,,2,饰品抽卡礼包,免费礼包tw,2,,3,,,999,1,{501=1;rmb=980;503=20},108,-1,0,FALSE,1,activity/direct_gift/icon_zjbx8.png,,100,
1004,23107,,2,升星礼包,免费礼包tw,2,,3,,,999,1,{rmb=1980;502=30},111,-1,0,FALSE,1,activity/direct_gift/icon_gjbx17.png,,100,
1005,23107,,2,抽卡礼包,免费礼包tw,2,,3,,,999,1,{rmb=3280;519=20},112,-1,2,FALSE,1,activity/direct_gift/icon_gjbx1.png,,100,
1006,23107,,2,升星礼包,免费礼包tw,2,,3,,,999,1,{card={id=9002};rmb=3280;gold=300000},112,-1,2,FALSE,1,activity/direct_gift/icon_gjbx4.png,,100,
1007,23107,,2,携带道具礼包,免费礼包tw,2,,3,,,999,1,{2103=60;rmb=3280;942=1},112,-1,2,FALSE,1,activity/direct_gift/icon_gjbx18.png,,100,
1008,23107,,2,升星礼包,免费礼包tw,2,,3,,,999,1,{521=30;rmb=6480;gold=500000},113,-1,3,FALSE,1,activity/direct_gift/icon_gjbx19.png,,100,
1009,23107,,2,符石礼包,免费礼包tw,2,,3,,,999,1,{529=3000;531=30;rmb=1980},111,-1,1,FALSE,1,activity/direct_gift/icon_zjbx.png,,100,
1010,23107,,2,道馆礼包,免费礼包tw,2,,3,,,999,1,{151=1500;rmb=1980;152=150},111,-1,1,FALSE,1,activity/direct_gift/icon_zjbx.png,,100,
1011,23107,,2,饰品升星礼包,免费礼包tw,2,,3,,,999,1,{501=8;rmb=3280;6059=1},112,-1,2,FALSE,1,activity/direct_gift/icon_zjbx8.png,,100,
1012,23107,,2,刻印礼包,免费礼包tw,2,,3,,,999,1,{112=150;111=750;rmb=1980},111,-1,1,FALSE,1,activity/direct_gift/icon_zjbx.png,,100,
1100,23108,,2,开服特惠礼包,免费礼包tw,2,,3,,,999,1,{519=1;rmb=50;gold=10000},-1,0,0,FALSE,0,activity/direct_gift/icon_cjbx.png,,100,
1101,23108,,2,开服特惠礼包,免费礼包tw,2,,3,,,999,1,{rmb=120;stamina=100;gold=30000},102,-1,0,FALSE,0,activity/direct_gift/icon_cjbx1.png,,100,
1102,23108,,2,开服特惠礼包,免费礼包tw,2,,3,,,999,1,{519=1;rmb=120;gold=30000},102,-1,0,FALSE,0,activity/direct_gift/icon_cjbx2.png,,100,
1103,23108,,2,开服特惠礼包,免费礼包tw,2,,3,,,999,1,{451=200;rmb=600;452=100},106,-1,0,FALSE,0,activity/direct_gift/icon_cjbx9.png,,100,
1104,23108,,2,开服特惠礼包,免费礼包tw,2,,3,,,999,1,{rmb=900;519=10},107,-1,0,FALSE,0,activity/direct_gift/icon_zjbx3.png,,100,
1105,23108,,2,开服特惠礼包,免费礼包tw,2,,3,,,999,1,{520=10;4000=100;rmb=1680},108,-1,0,FALSE,0,activity/direct_gift/icon_zjbx7.png,,100,
1106,23108,,2,开服特惠礼包,免费礼包tw,2,,3,,,999,1,{501=1;rmb=1680;503=20},108,-1,0,FALSE,0,activity/direct_gift/icon_zjbx8.png,,100,
1107,23108,,2,开服特惠礼包,免费礼包tw,2,,3,,,999,1,{2103=100;rmb=2680;gold=500000},111,-1,0,FALSE,0,activity/direct_gift/icon_gjbx9.png,,100,
1108,23108,,2,开服特惠礼包,免费礼包tw,2,,3,,,999,1,{942=1;rmb=2680;gold=500000},111,-1,0,FALSE,0,activity/direct_gift/icon_gjbx10.png,,100,
1109,23108,,2,开服特惠礼包,免费礼包tw,2,,3,,,999,1,{card={id=9002};13=20;rmb=2680;gold=150000},111,-1,0,FALSE,0,activity/direct_gift/icon_gjbx4.png,,100,
1110,23108,,2,开服特惠礼包,免费礼包tw,2,,3,,,999,1,{501=5;rmb=3980;6059=2},112,-1,0,FALSE,0,activity/direct_gift/icon_gjbx11.png,,100,
1111,23108,,2,开服特惠礼包,免费礼包tw,2,,3,,,999,1,{card={id=9003};13=50;rmb=6480;gold=500000},113,-1,0,FALSE,0,activity/direct_gift/icon_gjbx13.png,,100,
1200,23109,,2,开服特惠礼包,免费礼包tw,2,,3,,,999,1,{519=1;rmb=50;gold=10000},-1,0,0,FALSE,0,activity/direct_gift/icon_cjbx.png,,100,
1201,23109,,2,开服特惠礼包,免费礼包tw,2,,3,,,999,1,{rmb=120;stamina=100;gold=30000},102,-1,0,FALSE,0,activity/direct_gift/icon_cjbx1.png,,100,
1202,23109,,2,开服特惠礼包,免费礼包tw,2,,3,,,999,1,{519=1;rmb=120;gold=30000},102,-1,0,FALSE,0,activity/direct_gift/icon_cjbx2.png,,100,
1203,23109,,2,开服特惠礼包,免费礼包tw,2,,3,,,999,1,{451=200;rmb=600;452=100},106,-1,0,FALSE,0,activity/direct_gift/icon_cjbx9.png,,100,
1204,23109,,2,开服特惠礼包,免费礼包tw,2,,3,,,999,1,{rmb=900;519=10},107,-1,0,FALSE,0,activity/direct_gift/icon_zjbx3.png,,100,
1205,23109,,2,开服特惠礼包,免费礼包tw,2,,3,,,999,1,{520=10;4000=100;rmb=1680},108,-1,0,FALSE,0,activity/direct_gift/icon_zjbx7.png,,100,
1206,23109,,2,开服特惠礼包,免费礼包tw,2,,3,,,999,1,{501=1;rmb=1680;503=20},108,-1,0,FALSE,0,activity/direct_gift/icon_zjbx8.png,,100,
1207,23109,,2,开服特惠礼包,免费礼包tw,2,,3,,,999,1,{2103=100;rmb=2680;gold=500000},111,-1,0,FALSE,0,activity/direct_gift/icon_gjbx9.png,,100,
1208,23109,,2,开服特惠礼包,免费礼包tw,2,,3,,,999,1,{942=1;rmb=2680;gold=500000},111,-1,0,FALSE,0,activity/direct_gift/icon_gjbx10.png,,100,
1209,23109,,2,开服特惠礼包,免费礼包tw,2,,3,,,999,1,{card={id=9002};13=20;rmb=2680;gold=150000},111,-1,0,FALSE,0,activity/direct_gift/icon_gjbx4.png,,100,
1210,23109,,2,开服特惠礼包,免费礼包tw,2,,3,,,999,1,{501=5;rmb=3980;6059=2},112,-1,0,FALSE,0,activity/direct_gift/icon_gjbx11.png,,100,
1211,23109,,2,开服特惠礼包,免费礼包tw,2,,3,,,999,1,{card={id=9003};13=50;rmb=6480;gold=500000},113,-1,0,FALSE,0,activity/direct_gift/icon_gjbx13.png,,100,
1300,23111,,2,每日钻石礼包,免费礼包tw,2,,3,,,1,1,{stamina=50;8193=1},-1,5000,1,TRUE,0,activity/direct_gift/icon_cjbx1.png,,100,
1301,23111,,2,每日成长礼包,免费礼包tw,2,,3,,,5,1,{500=20;rmb=60000;gold=1000000},102,-1,2,TRUE,0,activity/direct_gift/icon_cjbx1.png,,100,
1302,23111,,2,每日碎片礼包,免费礼包tw,2,,3,,,5,1,{521=240;rmb=20000;gold=20000},102,-1,3,TRUE,0,activity/direct_gift/icon_zjbx2.png,,100,
1303,23111,,2,每日升星礼包,免费礼包tw,2,,3,,,5,1,{gold=20000;539=100},102,-1,4,TRUE,0,activity/direct_gift/icon_zjbx2.png,,100,
1304,23111,,2,每日金币礼包,免费礼包tw,2,,3,,,5,1,{rmb=6000;gold=20000000},102,-1,5,TRUE,0,activity/direct_gift/icon_zjbx2.png,,100,
1305,23111,,2,自选养成礼包,免费礼包tw,2,,3,,,10,1,{rmb=6000;9016=10},102,-1,6,TRUE,0,activity/direct_gift/icon_zjbx1.png,,100,
1306,23111,,2,努力养成礼包,免费礼包tw,2,,3,,,1,1,{13=200;rmb=300000;452=3000},106,-1,6,TRUE,0,activity/direct_gift/icon_zjbx1.png,,100,
1307,23111,,2,携带养成礼包,免费礼包tw,2,,3,,,5,1,{2103=1000;rmb=300000;gold=100000},106,-1,7,TRUE,0,activity/direct_gift/icon_zjbx2.png,,100,
1308,23111,,2,潜能养成礼包,免费礼包tw,2,,3,,,3,1,{850=20000;rmb=300000;851=8000},106,-1,8,TRUE,0,activity/direct_gift/icon_zjbx2.png,,100,
1309,23111,,2,每日体力礼包,免费礼包tw,2,,3,,,60,1,{500=240;gold=20000},107,-1,9,TRUE,0,activity/direct_gift/icon_zjbx2.png,,100,
1310,23111,,2,每日体力礼包,免费礼包tw,2,,3,,,60,1,{rmb=198000;500=960},111,-1,10,TRUE,0,activity/direct_gift/icon_zjbx2.png,,100,
1311,23111,,2,每日盲盒随机礼包,免费礼包tw,2,,3,,,60,1,{521=18;6200=1},102,-1,11,TRUE,0,activity/direct_gift/icon_zjbx2.png,,100,
1312,23111,,2,每日盲盒随机礼包,免费礼包tw,2,,3,,,60,1,{521=240;6200=10},107,-1,12,TRUE,0,activity/direct_gift/icon_zjbx2.png,,100,
1313,23111,,2,每日皮肤盲盒随机礼包,免费礼包tw,2,,3,,,60,1,{521=240;2194=1},107,-1,13,TRUE,0,activity/direct_gift/icon_zjbx2.png,,100,
1314,23111,,2,每日橙色携带道具盲盒随机礼包,免费礼包tw,2,,3,,,60,1,{2103=100;6916=1},107,-1,14,TRUE,0,activity/direct_gift/icon_zjbx2.png,,100,
1315,23111,,2,探险零件礼包,免费礼包tw,2,,3,,,5,1,{4000=20000;gold=100000},106,-1,15,TRUE,0,activity/direct_gift/icon_zjbx2.png,,100,
1316,23111,,2,紫色晶片礼包,免费礼包tw,2,,3,,,5,1,{124=1000;gold=100000},106,-1,16,TRUE,0,activity/direct_gift/icon_zjbx2.png,,100,
1317,23111,,2,探险零件大礼包,免费礼包tw,2,,3,,,5,1,{4000=70000;gold=100000},108,-1,17,TRUE,0,activity/direct_gift/icon_zjbx2.png,,100,
1318,23111,,2,紫色晶片大礼包,免费礼包tw,2,,3,,,5,1,{124=3500;gold=100000},108,-1,18,TRUE,0,activity/direct_gift/icon_zjbx2.png,,100,
1319,23111,,2,神奇胶囊礼包,免费礼包tw,2,,3,,,5,1,{gold=100000;19=100},106,-1,19,TRUE,0,activity/direct_gift/icon_zjbx2.png,,100,
1320,23111,,2,世界特惠礼包,免费礼包tw,2,,3,,,3,1,{942=1;rmb=2680;gold=500000},102,-1,20,TRUE,0,activity/direct_gift/icon_zjbx2.png,,100,
1321,23111,,2,世界特惠礼包,免费礼包tw,2,,3,,,3,1,{531=30;rmb=2680;993=2},102,-1,21,TRUE,0,activity/direct_gift/icon_zjbx2.png,,100,
1322,23111,,2,世界特惠礼包,免费礼包tw,2,,3,,,3,1,{994=1;rmb=3980;6059=2},102,-1,22,TRUE,0,activity/direct_gift/icon_zjbx2.png,,100,
1323,23111,,2,世界特惠礼包,免费礼包tw,2,,3,,,3,1,{529=20000;994=1;rmb=3980},102,-1,23,TRUE,0,activity/direct_gift/icon_zjbx2.png,,100,
1324,23111,,2,世界特惠礼包,免费礼包tw,2,,3,,,3,1,{card={id=9003};rmb=6480;gold=500000},102,-1,24,TRUE,0,activity/direct_gift/icon_zjbx2.png,,100,
1325,23111,,2,精英进化礼包,免费礼包tw,2,,3,,,3,1,{29002=300;501=100;3030=500;502=800},106,-1,25,TRUE,0,activity/direct_gift/icon_zjbx4.png,,100,
1326,23111,,2,天赋礼包,免费礼包tw,2,,3,,,3,1,{529=20000;4000=10000;talent_point=500},106,-1,26,TRUE,0,activity/direct_gift/icon_gjbx1.png,,100,
1327,23111,,2,晶片礼包,免费礼包tw,2,,3,,,3,1,{537=500;124=300;rmb=10000;gold=80000000},104,-1,27,TRUE,0,activity/direct_gift/icon_gjbx4.png,,100,
1328,23111,,2,探险礼包,免费礼包tw,2,,3,,,3,1,{520=500;rmb=30000;967=20},104,-1,28,TRUE,0,activity/direct_gift/icon_gjbx3.png,,100,
1329,23111,,2,突破材料礼袋,免费礼包tw,2,,3,,,3,1,{930=40;880=50;878=50;877=50;879=50;935=100;876=80},103,-1,29,TRUE,0,activity/direct_gift/icon_gjbx2.png,,100,
1400,23112,,2,潜能礼包,免费礼包tw,2,,3,,,10,1,{850=20000;rmb=20000;851=8000},106,-1,0,TRUE,0,activity/direct_gift/icon_zjbx3.png,,100,
1401,23112,,2,精英进化礼包,免费礼包tw,2,,3,,,10,1,{29002=300;501=100;3030=500;502=800},106,-1,0,TRUE,0,activity/direct_gift/icon_zjbx4.png,,100,
1402,23112,,2,限定卷礼包,免费礼包tw,2,,3,,,10,1,{rmb=10000;526=100},102,-1,0,TRUE,0,activity/direct_gift/icon_zjbx5.png,,100,
1403,23112,,2,天赋礼包,免费礼包tw,2,,3,,,10,1,{529=20000;4000=10000;talent_point=500},106,-1,0,TRUE,0,activity/direct_gift/icon_gjbx1.png,,100,
1404,23112,,2,晶片礼包,免费礼包tw,2,,3,,,10,1,{537=500;124=300;rmb=10000;gold=80000000},104,-1,0,TRUE,0,activity/direct_gift/icon_gjbx4.png,,100,
1405,23112,,2,探险礼包,免费礼包tw,2,,3,,,10,1,{520=500;rmb=30000;967=20},104,-1,0,TRUE,0,activity/direct_gift/icon_gjbx3.png,,100,
1406,23112,,2,突破材料礼袋,免费礼包tw,2,,3,,,10,1,{930=40;880=50;878=50;877=50;879=50;935=100;876=80},103,-1,0,TRUE,0,activity/direct_gift/icon_gjbx2.png,,100,
1500,23211,,2,免费礼包,免费礼包tw,2,,3,,,999,1,{520=1;rmb=30;503=1},-1,0,0,FALSE,0,activity/direct_gift/icon_cjbx10.png,,100,
1501,23211,,2,探险器礼包,免费礼包tw,2,,3,,,999,1,{520=100;4000=30;rmb=120},102,-1,0,FALSE,0,activity/direct_gift/icon_cjbx10.png,,100,
1502,23211,,2,探险器礼包,免费礼包tw,2,,3,,,999,1,{520=500;962=1;rmb=200},106,-1,0,FALSE,0,activity/direct_gift/icon_cjbx11.png,,100,
1503,23211,,2,探险器礼包,免费礼包tw,2,,3,,,999,1,{520=2000;962=2;rmb=500},111,-1,0,FALSE,0,activity/direct_gift/icon_gjbx15.png,,100,
1504,23211,,2,探险器礼包,免费礼包tw,2,,3,,,999,1,{520=5000;963=2;rmb=2000},113,-1,0,FALSE,0,activity/direct_gift/icon_gjbx16.png,,100,
1505,23211,,2,饰品抽卡礼包,免费礼包tw,2,,3,,,999,1,{941=10;rmb=120;503=20},102,-1,0,FALSE,0,activity/direct_gift/icon_cjbx12.png,,100,
1506,23211,,2,饰品抽卡礼包,免费礼包tw,2,,3,,,999,1,{941=20;rmb=200;503=100},106,-1,0,FALSE,0,activity/direct_gift/icon_cjbx12.png,,100,
1507,23211,,2,饰品抽卡礼包,免费礼包tw,2,,3,,,999,1,{2103=300;rmb=500;503=400},111,-1,0,FALSE,0,activity/direct_gift/icon_gjbx12.png,,100,
1508,23211,,2,饰品抽卡礼包,免费礼包tw,2,,3,,,999,1,{942=20;rmb=2000;503=1000},113,-1,0,FALSE,0,activity/direct_gift/icon_gjbx14.png,,100,
1600,23212,,2,限定抽卡礼包,免费礼包tw,2,,3,,,999,1,{14=5;rmb=120;527=1},102,-1,0,FALSE,0,activity/direct_gift/icon_cjbx.png,,100,
1601,23212,,2,限定抽卡礼包,免费礼包tw,2,,3,,,999,1,{14=10;rmb=300;527=5},107,-1,0,FALSE,0,activity/direct_gift/icon_zjbx.png,,100,
1602,23212,,2,限定抽卡礼包,免费礼包tw,2,,3,,,999,1,{14=20;rmb=600;527=10},110,-1,0,FALSE,0,activity/direct_gift/icon_zjbx.png,,100,
1603,23212,,2,限定抽卡礼包,免费礼包tw,2,,3,,,999,1,{14=30;rmb=1000;527=20},112,-1,0,FALSE,0,activity/direct_gift/icon_gjbx.png,,100,
1604,23212,,2,限定抽卡礼包,免费礼包tw,2,,3,,,999,1,{14=40;rmb=2000;527=40},113,-1,0,FALSE,0,activity/direct_gift/icon_gjbx.png,,100,
1605,23212,,2,抽卡礼包,免费礼包tw,2,,3,,,999,1,{14=10;rmb=980;519=10},108,-1,0,FALSE,0,activity/direct_gift/icon_zjbx.png,,100,
1606,23212,,2,抽卡礼包,免费礼包tw,2,,3,,,999,1,{14=20;rmb=3280;519=20},112,-1,0,FALSE,0,activity/direct_gift/icon_gjbx.png,,100,
1700,23213,,2,端午特惠礼包,免费礼包tw,2,,3,,,999,1,{rmb=60;stamina=50;gold=10000},-1,0,0,FALSE,0,activity/direct_gift/box_18_1.png,,100,
1701,23213,,2,端午特惠礼包,免费礼包tw,2,,3,,,999,1,{rmb=120;stamina=100;gold=30000},102,-1,0,FALSE,0,activity/direct_gift/box_18_1.png,,100,
1702,23213,,2,端午特惠礼包,免费礼包tw,2,,3,,,999,1,{519=1;rmb=120;gold=30000},102,-1,0,FALSE,0,activity/direct_gift/box_18_1.png,,100,
1703,23213,,2,端午特惠礼包,免费礼包tw,2,,3,,,999,1,{451=200;rmb=600;452=100},106,-1,0,FALSE,0,activity/direct_gift/box_18_1.png,,100,
1704,23213,,2,端午特惠礼包,免费礼包tw,2,,3,,,999,1,{rmb=900;519=10},107,-1,0,FALSE,0,activity/direct_gift/box_18_1.png,,100,
1705,23213,,2,端午特惠礼包,免费礼包tw,2,,3,,,999,1,{520=10;4000=100;rmb=1680},108,-1,0,FALSE,0,activity/direct_gift/box_18_1.png,,100,
1706,23213,,2,端午特惠礼包,免费礼包tw,2,,3,,,999,1,{501=1;rmb=1680;503=20},108,-1,0,FALSE,0,activity/direct_gift/box_18_1.png,,100,
1707,23213,,2,端午特惠礼包,免费礼包tw,2,,3,,,999,1,{2103=100;rmb=2680;gold=500000},111,-1,0,FALSE,0,activity/direct_gift/box_18_1.png,,100,
1708,23213,,2,端午特惠礼包,免费礼包tw,2,,3,,,999,1,{942=1;rmb=2680;gold=500000},111,-1,0,FALSE,0,activity/direct_gift/box_18_1.png,,100,
1709,23213,,2,端午特惠礼包,免费礼包tw,2,,3,,,999,1,{529=1000;531=30;rmb=2680},111,-1,0,FALSE,0,activity/direct_gift/box_18_1.png,,100,
1710,23213,,2,端午特惠礼包,免费礼包tw,2,,3,,,999,1,{card={id=9002};13=20;rmb=2680;gold=150000},111,-1,0,FALSE,0,activity/direct_gift/box_18_1.png,,100,
1711,23213,,2,端午特惠礼包,免费礼包tw,2,,3,,,999,1,{501=5;rmb=3980;6059=2},112,-1,0,FALSE,0,activity/direct_gift/box_18_1.png,,100,
1712,23213,,2,端午特惠礼包,免费礼包tw,2,,3,,,999,1,{card={id=9003};13=50;rmb=6480;gold=500000},113,-1,0,FALSE,0,activity/direct_gift/box_18_1.png,,100,
1713,23213,,2,盛典特惠礼包,免费礼包tw,2,,3,,,999,1,{rmb=120;stamina=100;gold=30000},102,-1,0,FALSE,0,activity/direct_gift/box_khqd1.png,,100,
1800,23214,,2,节日免费礼包,免费礼包tw,2,,3,,,999,1,{527=1;rmb=50;19=3},-1,0,0,FALSE,0,activity/direct_gift/icon_cjbx.png,,100,
1801,23214,,2,三圣鸟三选一礼包,免费礼包tw,2,,3,,,999,1,{6212=1;rmb=2280;519=10},111,-1,0,FALSE,0,activity/direct_gift/icon_zjbx.png,,100,
1802,23214,,2,性格薄荷自选礼包,免费礼包tw,2,,3,,,999,1,{19=150;rmb=6880;937=1},113,-1,0,FALSE,0,activity/direct_gift/icon_gjbx.png,,100,
1900,23215,,2,圣诞魔影特惠礼包,免费礼包tw,2,,3,,,999,1,{8000=1;rmb=10000;card={id=3021}},102,-1,0,FALSE,0,activity/direct_gift/icon_year3.png,,100,
1901,23215,,2,街头拳手特惠礼包,免费礼包tw,2,,3,,,999,1,{8008=1;rmb=10000;card={id=572}},102,-1,0,FALSE,0,activity/direct_gift/icon_year3.png,,100,
1902,23215,,2,鱼龙夜舞特惠礼包,免费礼包tw,2,,3,,,999,1,{8010=1;rmb=10000;card={id=1393}},102,-1,0,FALSE,0,activity/direct_gift/icon_year3.png,,100,
1903,23215,,2,圣诞老人特惠礼包,免费礼包tw,2,,3,,,999,1,{8023=1;rmb=10000;card={id=264}},102,-1,0,FALSE,0,activity/direct_gift/icon_year3.png,,100,
1904,23215,,2,街头滑板特惠礼包,免费礼包tw,2,,3,,,999,1,{8014=1;rmb=10000;card={id=2242}},102,-1,0,FALSE,0,activity/direct_gift/icon_year3.png,,100,
1905,23215,,2,幽灵船长特惠礼包,免费礼包tw,2,,3,,,999,1,{8020=1;rmb=10000;card={id=394}},102,-1,0,FALSE,0,activity/direct_gift/icon_year3.png,,100,
1906,23215,,2,月下蔷薇特惠礼包,免费礼包tw,2,,3,,,999,1,{8024=1;rmb=10000;card={id=1397}},102,-1,0,FALSE,0,activity/direct_gift/icon_year3.png,,100,
1907,23215,,2,阿拉丁特惠礼包,免费礼包tw,2,,3,,,999,1,{8025=1;rmb=10000;card={id=1813}},102,-1,0,FALSE,0,activity/direct_gift/icon_year3.png,,100,
1908,23215,,2,梦华秋月特惠礼包,免费礼包tw,2,,3,,,999,1,{8029=1;rmb=10000;card={id=2401}},102,-1,0,FALSE,0,activity/direct_gift/icon_year3.png,,100,
1909,23215,,2,圣翼红莲特惠礼包,免费礼包tw,2,,3,,,999,1,{8037=1;rmb=10000;card={id=7001}},102,-1,0,FALSE,0,activity/direct_gift/icon_year3.png,,100,
1910,23215,,2,街头滑板特惠礼包,免费礼包tw,2,,3,,,999,1,{8028=1;rmb=10000;card={id=2243}},102,-1,0,FALSE,0,activity/direct_gift/icon_year3.png,,100,
1911,23215,,2,冰雪公主特惠礼包,免费礼包tw,2,,3,,,999,1,{8002=1;rmb=50000;card={id=3631}},106,-1,0,FALSE,0,activity/direct_gift/icon_year3.png,,100,
1912,23215,,2,封印之力特惠礼包,免费礼包tw,2,,3,,,999,1,{8004=1;rmb=50000;card={id=3641}},106,-1,0,FALSE,0,activity/direct_gift/icon_year3.png,,100,
1913,23215,,2,西域魔灵特惠礼包,免费礼包tw,2,,3,,,999,1,{8012=1;rmb=50000;card={id=3641}},106,-1,0,FALSE,0,activity/direct_gift/icon_year3.png,,100,
1914,23215,,2,怪盗特惠礼包,免费礼包tw,2,,3,,,999,1,{8006=1;rmb=50000;card={id=2431}},106,-1,0,FALSE,0,activity/direct_gift/icon_year3.png,,100,
1915,23215,,2,时间侠盗特惠礼包,免费礼包tw,2,,3,,,999,1,{8016=1;rmb=50000;card={id=1281}},106,-1,0,FALSE,0,activity/direct_gift/icon_year3.png,,100,
1916,23215,,2,魔法星使特惠礼包,免费礼包tw,2,,3,,,999,1,{8027=1;rmb=50000;card={id=1991}},106,-1,0,FALSE,0,activity/direct_gift/icon_year3.png,,100,
2000,23216,,2,免费礼包,免费礼包tw,2,,3,,,999,1,{502=1;rmb=60;19=2},-1,0,0,FALSE,0,activity/direct_gift/icon_cjbx.png,,100,
2001,23216,,2,万能礼包,免费礼包tw,2,,3,,,999,1,{502=10;rmb=300;gold=100000},106,-1,0,FALSE,0,activity/direct_gift/icon_cjbx.png,,100,
2002,23216,,2,万能礼包,免费礼包tw,2,,3,,,999,1,{502=20;rmb=980;gold=300000},108,-1,0,FALSE,0,activity/direct_gift/icon_cjbx.png,,100,
2003,23216,,2,升星礼包,免费礼包tw,2,,3,,,999,1,{card={id=9002};rmb=1980;gold=200000},111,-1,0,FALSE,0,activity/direct_gift/icon_zjbx.png,,100,
2004,23216,,2,神兽万能礼包,免费礼包tw,2,,3,,,999,1,{521=30;rmb=3280;gold=300000},112,-1,0,FALSE,0,activity/direct_gift/icon_zjbx.png,,100,
2005,23216,,2,神兽升星礼包,免费礼包tw,2,,3,,,999,1,{card={id=9003};rmb=6480;gold=600000},113,-1,0,FALSE,0,activity/direct_gift/icon_gjbx.png,,100,
2006,23216,,2,性格薄荷礼包,免费礼包tw,2,,3,,,999,1,{19=60;rmb=6480;937=1},113,-1,0,FALSE,0,activity/direct_gift/icon_gjbx.png,,100,
2100,23217,,2,免费礼包,免费礼包tw,2,,3,,,999,1,{529=50;531=1;gold=50000},-1,0,0,FALSE,0,activity/direct_gift/icon_cjbx.png,,100,
2101,23217,,2,符石礼包,免费礼包tw,2,,3,,,999,1,{529=100;531=2;rmb=120},102,-1,0,FALSE,0,activity/direct_gift/icon_cjbx.png,,100,
2102,23217,,2,符石礼包,免费礼包tw,2,,3,,,999,1,{531=10;rmb=200;992=1},106,-1,0,FALSE,0,activity/direct_gift/icon_zjbx.png,,100,
2103,23217,,2,符石礼包,免费礼包tw,2,,3,,,999,1,{531=30;rmb=500;993=2},111,-1,0,FALSE,0,activity/direct_gift/icon_zjbx.png,,100,
2104,23217,,2,符石礼包,免费礼包tw,2,,3,,,999,1,{994=2;rmb=2000;531=80},113,-1,0,FALSE,0,activity/direct_gift/icon_gjbx.png,,100,
2200,23218,,2,免费礼包,免费礼包tw,2,,3,,,999,1,{2103=5;451=50;452=20},-1,0,0,FALSE,0,activity/direct_gift/icon_cjbx.png,,100,
2201,23218,,2,免费礼包,免费礼包tw,2,,3,,,999,1,{850=100;902=5;gold=100000},-1,0,0,FALSE,0,activity/direct_gift/icon_cjbx.png,,100,
2202,23218,,2,努力养成礼包,免费礼包tw,2,,3,,,999,1,{451=400;rmb=980;452=200},108,-1,0,FALSE,0,activity/direct_gift/icon_cjbx.png,,100,
2203,23218,,2,努力养成礼包,免费礼包tw,2,,3,,,999,1,{451=800;rmb=1980;452=400},111,-1,0,FALSE,0,activity/direct_gift/icon_zjbx.png,,100,
2204,23218,,2,努力养成礼包,免费礼包tw,2,,3,,,999,1,{451=1200;rmb=3280;452=600},112,-1,0,FALSE,0,activity/direct_gift/icon_gjbx.png,,100,
2205,23218,,2,携带养成礼包,免费礼包tw,2,,3,,,999,1,{2103=80;rmb=980;gold=800000},108,-1,0,FALSE,0,activity/direct_gift/icon_cjbx.png,,100,
2206,23218,,2,携带养成礼包,免费礼包tw,2,,3,,,999,1,{2103=160;rmb=1980;gold=1600000},111,-1,0,FALSE,0,activity/direct_gift/icon_zjbx.png,,100,
2207,23218,,2,携带养成礼包,免费礼包tw,2,,3,,,999,1,{2103=240;rmb=3280;gold=2400000},112,-1,0,FALSE,0,activity/direct_gift/icon_gjbx.png,,100,
2208,23218,,2,好感度礼包,免费礼包tw,2,,3,,,999,1,{604=30;rmb=980;902=80},108,-1,0,FALSE,0,activity/direct_gift/icon_cjbx.png,,100,
2209,23218,,2,好感度礼包,免费礼包tw,2,,3,,,999,1,{604=60;rmb=1980;902=160},111,-1,0,FALSE,0,activity/direct_gift/icon_zjbx.png,,100,
2210,23218,,2,好感度礼包,免费礼包tw,2,,3,,,999,1,{604=90;rmb=3280;902=240},112,-1,0,FALSE,0,activity/direct_gift/icon_gjbx.png,,100,
2211,23218,,2,潜能礼包,免费礼包tw,2,,3,,,999,1,{850=800;rmb=980;851=400},108,-1,0,FALSE,0,activity/direct_gift/icon_cjbx.png,,100,
2212,23218,,2,潜能礼包,免费礼包tw,2,,3,,,999,1,{850=1600;rmb=1980;851=800},111,-1,0,FALSE,0,activity/direct_gift/icon_zjbx.png,,100,
2213,23218,,2,潜能礼包,免费礼包tw,2,,3,,,999,1,{850=2400;rmb=3280;851=1200},112,-1,0,FALSE,0,activity/direct_gift/icon_gjbx.png,,100,
2214,23218,,2,道馆礼包,免费礼包tw,2,,3,,,999,1,{151=800;rmb=980;152=80},108,-1,0,FALSE,0,activity/direct_gift/icon_cjbx.png,,100,
2215,23218,,2,道馆礼包,免费礼包tw,2,,3,,,999,1,{151=1600;rmb=1980;152=160},111,-1,0,FALSE,0,activity/direct_gift/icon_zjbx.png,,100,
2216,23218,,2,道馆礼包,免费礼包tw,2,,3,,,999,1,{151=2400;rmb=3280;152=240},112,-1,0,FALSE,0,activity/direct_gift/icon_gjbx.png,,100,
2217,23218,,2,刻印礼包,免费礼包tw,2,,3,,,999,1,{112=80;111=400;rmb=980},108,-1,0,FALSE,0,activity/direct_gift/icon_cjbx.png,,100,
2218,23218,,2,刻印礼包,免费礼包tw,2,,3,,,999,1,{112=160;111=800;rmb=1980},111,-1,0,FALSE,0,activity/direct_gift/icon_zjbx.png,,100,
2219,23218,,2,刻印礼包,免费礼包tw,2,,3,,,999,1,{112=320;111=1600;rmb=3280},112,-1,0,FALSE,0,activity/direct_gift/icon_gjbx.png,,100,
2300,23219,,2,盛典特惠礼包,免费礼包tw,2,,3,,,999,1,{rmb=60;stamina=50;gold=10000},-1,0,0,FALSE,0,activity/direct_gift/box_khqd1.png,,100,
2301,23219,,2,盛典特惠礼包,免费礼包tw,2,,3,,,999,1,{519=1;rmb=120;gold=20000},102,-1,0,FALSE,0,activity/direct_gift/box_khqd1.png,,100,
2302,23219,,2,盛典特惠礼包,免费礼包tw,2,,3,,,999,1,{451=200;rmb=600;452=100},106,-1,0,FALSE,0,activity/direct_gift/box_khqd1.png,,100,
2303,23219,,2,盛典特惠礼包,免费礼包tw,2,,3,,,999,1,{rmb=900;519=10},107,-1,0,FALSE,0,activity/direct_gift/box_khqd1.png,,100,
2304,23219,,2,盛典特惠礼包,免费礼包tw,2,,3,,,999,1,{rmb=1680;6214=1},108,-1,0,FALSE,0,activity/direct_gift/box_khqd2.png,,100,
2305,23219,,2,盛典特惠礼包,免费礼包tw,2,,3,,,999,1,{520=10;4000=100;rmb=1680},108,-1,0,FALSE,0,activity/direct_gift/box_khqd2.png,,100,
2306,23219,,2,盛典特惠礼包,免费礼包tw,2,,3,,,999,1,{501=1;rmb=1680;503=20},108,-1,0,FALSE,0,activity/direct_gift/box_khqd2.png,,100,
2307,23219,,2,盛典特惠礼包,免费礼包tw,2,,3,,,999,1,{2103=100;rmb=2680;gold=500000},111,-1,0,FALSE,0,activity/direct_gift/box_khqd2.png,,100,
2308,23219,,2,盛典特惠礼包,免费礼包tw,2,,3,,,999,1,{942=1;rmb=2680;gold=500000},111,-1,0,FALSE,0,activity/direct_gift/box_khqd2.png,,100,
2309,23219,,2,盛典特惠礼包,免费礼包tw,2,,3,,,999,1,{card={id=9002};13=20;rmb=2680;gold=150000},111,-1,0,FALSE,0,activity/direct_gift/box_khqd2.png,,100,
2310,23219,,2,盛典特惠礼包,免费礼包tw,2,,3,,,999,1,{531=30;rmb=2680;993=2},111,-1,0,FALSE,0,activity/direct_gift/box_khqd2.png,,100,
2311,23219,,2,盛典特惠礼包,免费礼包tw,2,,3,,,999,1,{501=5;rmb=3980;6059=2},112,-1,0,FALSE,0,activity/direct_gift/box_khqd3.png,,100,
2312,23219,,2,盛典特惠礼包,免费礼包tw,2,,3,,,999,1,{529=20000;994=1;rmb=3980},112,-1,0,FALSE,0,activity/direct_gift/box_khqd3.png,,100,
2313,23219,,2,盛典特惠礼包,免费礼包tw,2,,3,,,999,1,{card={id=9003};13=50;rmb=6480;gold=500000},113,-1,0,FALSE,0,activity/direct_gift/box_khqd3.png,,100,
2400,23220,,2,双12特惠礼包,免费礼包tw,2,,3,,,999,1,{rmb=180;stamina=100;gold=300000},102,-1,0,FALSE,0,common/icon/icon_box5.png,,100,
2401,23220,,2,双12特惠礼包,免费礼包tw,2,,3,,,999,1,{rmb=300;519=10},106,-1,0,FALSE,0,common/icon/icon_box5.png,,100,
2402,23220,,2,双12特惠礼包,免费礼包tw,2,,3,,,999,1,{card={id=9002};rmb=980;gold=200000},108,-1,0,FALSE,0,common/icon/icon_box5.png,,100,
2403,23220,,2,双12特惠礼包,免费礼包tw,2,,3,,,999,1,{942=1;rmb=980;gold=500000},108,-1,0,FALSE,0,common/icon/icon_box4.png,,100,
2404,23220,,2,双12特惠礼包,免费礼包tw,2,,3,,,999,1,{501=3;rmb=1980;6059=2},111,-1,0,FALSE,0,common/icon/icon_box4.png,,100,
2405,23220,,2,双12特惠礼包,免费礼包tw,2,,3,,,999,1,{card={id=9003};rmb=3280;gold=1000000},112,-1,0,FALSE,0,common/icon/icon_box4.png,,100,
2500,23221,,2,双旦特惠礼包,免费礼包tw,2,,3,,,999,1,{rmb=60;stamina=50;gold=10000},-1,0,0,FALSE,0,activity/direct_gift/icon_sdsc1.png,,100,
2501,23221,,2,双旦特惠礼包,免费礼包tw,2,,3,,,999,1,{rmb=120;stamina=100;gold=30000},102,-1,0,FALSE,0,activity/direct_gift/icon_sdsc1.png,,100,
2502,23221,,2,双旦特惠礼包,免费礼包tw,2,,3,,,999,1,{519=1;rmb=120;gold=20000},102,-1,0,FALSE,0,activity/direct_gift/icon_sdsc1.png,,100,
2503,23221,,2,双旦特惠礼包,免费礼包tw,2,,3,,,999,1,{451=200;rmb=600;452=100},106,-1,0,FALSE,0,activity/direct_gift/icon_sdsc1.png,,100,
2504,23221,,2,双旦特惠礼包,免费礼包tw,2,,3,,,999,1,{rmb=900;519=10},107,-1,0,FALSE,0,activity/direct_gift/icon_sdsc1.png,,100,
2505,23221,,2,双旦特惠礼包,免费礼包tw,2,,3,,,999,1,{rmb=1680;6214=1},108,-1,0,FALSE,0,activity/direct_gift/icon_sdsc2.png,,100,
2506,23221,,2,双旦特惠礼包,免费礼包tw,2,,3,,,999,1,{520=10;4000=100;rmb=1680},108,-1,0,FALSE,0,activity/direct_gift/icon_sdsc2.png,,100,
2507,23221,,2,双旦特惠礼包,免费礼包tw,2,,3,,,999,1,{501=1;rmb=1680;503=20},108,-1,0,FALSE,0,activity/direct_gift/icon_sdsc2.png,,100,
2508,23221,,2,双旦特惠礼包,免费礼包tw,2,,3,,,999,1,{2103=100;rmb=2680;gold=500000},111,-1,0,FALSE,0,activity/direct_gift/icon_sdsc2.png,,100,
2509,23221,,2,双旦特惠礼包,免费礼包tw,2,,3,,,999,1,{942=1;rmb=2680;gold=500000},111,-1,0,FALSE,0,activity/direct_gift/icon_sdsc2.png,,100,
2510,23221,,2,双旦特惠礼包,免费礼包tw,2,,3,,,999,1,{card={id=9002};13=20;rmb=2680;gold=150000},111,-1,0,FALSE,0,activity/direct_gift/icon_sdsc2.png,,100,
2511,23221,,2,双旦特惠礼包,免费礼包tw,2,,3,,,999,1,{531=30;rmb=2680;993=2},111,-1,0,FALSE,0,activity/direct_gift/icon_sdsc2.png,,100,
2512,23221,,2,双旦特惠礼包,免费礼包tw,2,,3,,,999,1,{501=5;rmb=3980;6059=2},112,-1,0,FALSE,0,activity/direct_gift/icon_sdsc3.png,,100,
2513,23221,,2,双旦特惠礼包,免费礼包tw,2,,3,,,999,1,{529=20000;994=1;rmb=3980},112,-1,0,FALSE,0,activity/direct_gift/icon_sdsc3.png,,100,
2514,23221,,2,双旦特惠礼包,免费礼包tw,2,,3,,,999,1,{card={id=9003};13=50;rmb=6480;gold=500000},113,-1,0,FALSE,0,activity/direct_gift/icon_sdsc3.png,,100,
2515,23221,,2,双旦特惠礼包,免费礼包tw,2,,3,,,999,1,{521=50;rmb=6480;8002=1},113,-1,0,FALSE,0,activity/direct_gift/icon_sdsc3.png,,100,
2600,23222,,2,春节特惠礼包,免费礼包tw,2,,3,,,999,1,{rmb=60;stamina=50;gold=10000},-1,0,0,FALSE,0,activity/direct_gift/icon_year1.png,,100,
2601,23222,,2,春节特惠礼包,免费礼包tw,2,,3,,,999,1,{rmb=120;stamina=100;gold=30000},102,-1,0,FALSE,0,activity/direct_gift/icon_year1.png,,100,
2602,23222,,2,春节特惠礼包,免费礼包tw,2,,3,,,999,1,{519=1;rmb=120;gold=20000},102,-1,0,FALSE,0,activity/direct_gift/icon_year1.png,,100,
2603,23222,,2,春节特惠礼包,免费礼包tw,2,,3,,,999,1,{451=200;rmb=600;452=100},106,-1,0,FALSE,0,activity/direct_gift/icon_year1.png,,100,
2604,23222,,2,春节特惠礼包,免费礼包tw,2,,3,,,999,1,{rmb=900;519=10},107,-1,0,FALSE,0,activity/direct_gift/icon_year1.png,,100,
2605,23222,,2,春节特惠礼包,免费礼包tw,2,,3,,,999,1,{rmb=1680;6214=1},108,-1,0,FALSE,0,activity/direct_gift/icon_year2.png,,100,
2606,23222,,2,春节特惠礼包,免费礼包tw,2,,3,,,999,1,{520=10;4000=100;rmb=1680},108,-1,0,FALSE,0,activity/direct_gift/icon_year2.png,,100,
2607,23222,,2,春节特惠礼包,免费礼包tw,2,,3,,,999,1,{501=1;rmb=1680;503=20},108,-1,0,FALSE,0,activity/direct_gift/icon_year2.png,,100,
2608,23222,,2,春节特惠礼包,免费礼包tw,2,,3,,,999,1,{2103=100;rmb=2680;gold=500000},111,-1,0,FALSE,0,activity/direct_gift/icon_year2.png,,100,
2609,23222,,2,春节特惠礼包,免费礼包tw,2,,3,,,999,1,{942=1;rmb=2680;gold=500000},111,-1,0,FALSE,0,activity/direct_gift/icon_year2.png,,100,
2610,23222,,2,春节特惠礼包,免费礼包tw,2,,3,,,999,1,{card={id=9002};13=20;rmb=2680;gold=150000},111,-1,0,FALSE,0,activity/direct_gift/icon_year2.png,,100,
2611,23222,,2,春节特惠礼包,免费礼包tw,2,,3,,,999,1,{531=30;rmb=2680;993=2},111,-1,0,FALSE,0,activity/direct_gift/icon_year2.png,,100,
2612,23222,,2,春节特惠礼包,免费礼包tw,2,,3,,,999,1,{501=5;rmb=3980;6059=2},112,-1,0,FALSE,0,activity/direct_gift/icon_year3.png,,100,
2613,23222,,2,春节特惠礼包,免费礼包tw,2,,3,,,999,1,{529=20000;994=1;rmb=3980},112,-1,0,FALSE,0,activity/direct_gift/icon_year3.png,,100,
2614,23222,,2,春节特惠礼包,免费礼包tw,2,,3,,,999,1,{card={id=9003};13=50;rmb=6480;gold=500000},113,-1,0,FALSE,0,activity/direct_gift/icon_year3.png,,100,
2700,23223,,2,精灵升级礼包A,免费礼包tw,2,,3,,,999,1,{16=1500;rmb=200000;gold=500000},108,-1,0,FALSE,0,activity/direct_gift/icon_gjbx16.png,,100,
2701,23223,,2,精灵升级礼包B,免费礼包tw,2,,3,,,999,1,{16=4000;rmb=400000;gold=1000000},111,-1,0,FALSE,0,activity/direct_gift/icon_gjbx16.png,,100,
2702,23223,,2,精灵升级礼包C,免费礼包tw,2,,3,,,999,1,{16=10000;rmb=800000;gold=2000000},112,-1,0,FALSE,0,activity/direct_gift/icon_gjbx16.png,,100,
2703,23223,,2,精灵升级礼包D,免费礼包tw,2,,3,,,999,1,{16=20000;rmb=1600000;gold=4000000},113,-1,0,FALSE,0,activity/direct_gift/icon_gjbx16.png,,100,
2704,23223,,2,特权币特惠礼包A,免费礼包tw,2,,3,,,999,1,{453=15000;rmb=200000;gold=500000},108,-1,0,FALSE,0,activity/direct_gift/icon_gjbx16.png,,100,
2705,23223,,2,特权币特惠礼包B,免费礼包tw,2,,3,,,999,1,{453=40000;rmb=400000;gold=1000000},111,-1,0,FALSE,0,activity/direct_gift/icon_gjbx16.png,,100,
2706,23223,,2,特权币特惠礼包C,免费礼包tw,2,,3,,,999,1,{453=100000;rmb=800000;gold=2000000},112,-1,0,FALSE,0,activity/direct_gift/icon_gjbx16.png,,100,
2707,23223,,2,特权币特惠礼包D,免费礼包tw,2,,3,,,999,1,{453=200000;rmb=1600000;gold=4000000},113,-1,0,FALSE,0,activity/direct_gift/icon_gjbx16.png,,100,
2708,23223,,2,符石精华礼包A（上限99万，使用后再购买）,免费礼包tw,2,,3,,,999,1,{529=400000;rmb=200000;gold=500000},108,-1,0,FALSE,0,activity/direct_gift/icon_gjbx16.png,,100,
2709,23223,,2,符石精华礼包B（上限99万，使用后再购买）,免费礼包tw,2,,3,,,999,1,{529=900000;rmb=400000;gold=1000000},111,-1,0,FALSE,0,activity/direct_gift/icon_gjbx16.png,,100,
2710,23223,,2,红色符石自选宝箱A（符石精华上限99万）,免费礼包tw,2,,3,,,999,1,{529=100000;994=20;rmb=200000},108,-1,0,FALSE,0,activity/direct_gift/icon_gjbx16.png,,100,
2711,23223,,2,红色符石自选宝箱B（符石精华上限99万）,免费礼包tw,2,,3,,,999,1,{529=200000;994=40;rmb=400000},111,-1,0,FALSE,0,activity/direct_gift/icon_gjbx16.png,,100,
2712,23223,,2,红色芯片自选宝箱A,免费礼包tw,2,,3,,,999,1,{7325=15;rmb=200000;124=1000},108,-1,0,FALSE,0,activity/direct_gift/icon_gjbx16.png,,100,
2713,23223,,2,红色芯片自选宝箱B,免费礼包tw,2,,3,,,999,1,{7325=40;rmb=400000;124=2000},111,-1,0,FALSE,0,activity/direct_gift/icon_gjbx16.png,,100,
2714,23223,,2,紫色晶片礼包A,免费礼包tw,2,,3,,,999,1,{124=4000;rmb=200000;gold=500000},108,-1,0,FALSE,0,activity/direct_gift/icon_gjbx16.png,,100,
2715,23223,,2,紫色晶片礼包B,免费礼包tw,2,,3,,,999,1,{124=10000;rmb=400000;gold=1000000},111,-1,0,FALSE,0,activity/direct_gift/icon_gjbx16.png,,100,
2716,23223,,2,洗练核心礼包A,免费礼包tw,2,,3,,,999,1,{121=2000;rmb=200000;gold=500000},108,-1,0,FALSE,0,activity/direct_gift/icon_gjbx16.png,,100,
2717,23223,,2,洗练核心礼包B,免费礼包tw,2,,3,,,999,1,{121=5000;rmb=400000;gold=1000000},111,-1,0,FALSE,0,activity/direct_gift/icon_gjbx16.png,,100,
2718,23223,,2,洗练核心礼包C,免费礼包tw,2,,3,,,999,1,{121=10000;rmb=800000;gold=2000000},112,-1,0,FALSE,0,activity/direct_gift/icon_gjbx16.png,,100,
2719,23223,,2,高级努力币礼包A,免费礼包tw,2,,3,,,999,1,{gold=500000;rmb=200000;452=10000},108,-1,0,FALSE,0,activity/direct_gift/icon_gjbx16.png,,100,
2720,23223,,2,高级努力币礼包B,免费礼包tw,2,,3,,,999,1,{gold=1000000;rmb=400000;452=20000},111,-1,0,FALSE,0,activity/direct_gift/icon_gjbx16.png,,100,
2721,23223,,2,高级努力币礼包C,免费礼包tw,2,,3,,,999,1,{gold=2000000;rmb=800000;452=50000},112,-1,0,FALSE,0,activity/direct_gift/icon_gjbx16.png,,100,
2722,23223,,2,亲密度礼包A,免费礼包tw,2,,3,,,999,1,{605=2000;rmb=200000;gold=500000},108,-1,0,FALSE,0,activity/direct_gift/icon_gjbx16.png,,100,
2723,23223,,2,亲密度礼包B,免费礼包tw,2,,3,,,999,1,{605=5000;rmb=400000;gold=1000000},111,-1,0,FALSE,0,activity/direct_gift/icon_gjbx16.png,,100,
2800,23224,,2,精灵升级礼包,免费礼包tw,2,,3,,,10,1,{gold=30000;16=1000},-1,38888,0,TRUE,0,activity/direct_gift/icon_znq3.png,,100,
2801,23224,,2,精英精灵随机礼包,免费礼包tw,2,,3,,,10,1,{951=100;gold=10000000},-1,50000,0,TRUE,0,activity/direct_gift/icon_znq3.png,,100,
2802,23224,,2,稀有精灵随机礼包,免费礼包tw,2,,3,,,10,1,{953=100;952=100},-1,50000,0,TRUE,0,activity/direct_gift/icon_znq3.png,,100,
2803,23224,,2,万能碎片礼包,免费礼包tw,2,,3,,,10,1,{521=100;539=100},-1,100000,0,TRUE,0,activity/direct_gift/icon_znq3.png,,100,
2821,23224,,2,性格薄荷自选礼包,免费礼包tw,2,,3,,,10,1,{gold=100000;937=1},-1,500000,0,TRUE,0,activity/direct_gift/icon_znq3.png,,100,
2822,23224,,2,活动称号自选箱子,免费礼包tw,2,,3,,,10,1,{2196=1;gold=88888},-1,88888,0,TRUE,0,activity/direct_gift/icon_znq3.png,,100,
2823,23224,,2,刷新球礼包,免费礼包tw,2,,3,,,10,1,{gold=88888;522=10},-1,88888,0,TRUE,0,activity/direct_gift/icon_znq3.png,,100,
2824,23224,,2,蕾冠王·白马钻石盲盒,免费礼包tw,2,,3,,,3,1,{9101=1;gold=88888},-1,108888,0,TRUE,0,activity/direct_gift/icon_znq3.png,,100,
2825,23224,,2,精灵碎片随机礼包,免费礼包tw,2,,3,,,50,1,{gold=10000000;9204=100},-1,30000,0,TRUE,0,activity/direct_gift/icon_znq3.png,,100,
2900,23225,,2,免费礼包,免费礼包tw,2,,3,,,999,1,{rmb=60;stamina=50;gold=10000},-1,0,0,FALSE,0,activity/direct_gift/icon_znq1.png,,100,
2901,23225,,2,努力值礼包,免费礼包tw,2,,3,,,999,1,{451=200;rmb=450;452=100},106,-1,0,FALSE,2,activity/direct_gift/icon_zjbx.png,,100,
2902,23225,,2,抽卡礼包,免费礼包tw,2,,3,,,999,1,{rmb=900;519=10},107,-1,0,FALSE,2,activity/direct_gift/icon_zjbx3.png,,100,
2903,23225,,2,探险器礼包,免费礼包tw,2,,3,,,999,1,{520=10;4000=100;rmb=1280},108,-1,0,FALSE,2,activity/direct_gift/icon_zjbx7.png,,100,
2904,23225,,2,饰品抽卡礼包,免费礼包tw,2,,3,,,999,1,{501=1;rmb=1280;503=20},108,-1,0,FALSE,2,activity/direct_gift/icon_zjbx8.png,,100,
2905,23225,,2,携带道具礼包,免费礼包tw,2,,3,,,999,1,{2103=100;rmb=2280;gold=500000},111,-1,0,FALSE,2,activity/direct_gift/icon_gjbx9.png,,100,
2906,23225,,2,携带道具礼包,免费礼包tw,2,,3,,,999,1,{942=1;rmb=2280;gold=100000},111,-1,0,FALSE,2,activity/direct_gift/icon_gjbx10.png,,100,
2907,23225,,2,升星礼包,免费礼包tw,2,,3,,,999,1,{card={id=9002};rmb=2280;gold=150000},111,-1,0,FALSE,2,activity/direct_gift/icon_gjbx4.png,,100,
2908,23225,,2,升星礼包,免费礼包tw,2,,3,,,999,1,{501=5;rmb=3580;6059=2},112,-1,0,FALSE,2,activity/direct_gift/icon_gjbx11.png,,100,
2909,23225,,2,符石礼包,免费礼包tw,2,,3,,,999,1,{529=20000;994=1;rmb=3580},112,-1,0,FALSE,2,activity/direct_gift/icon_gjbx11.png,,100,
2910,23225,,2,升星礼包,免费礼包tw,2,,3,,,999,1,{card={id=9003};13=50;rmb=6480;gold=500000},113,-1,0,FALSE,2,activity/direct_gift/icon_gjbx13.png,,100,
3000,23226,,2,五一特惠礼包,免费礼包tw,2,,3,,,999,1,{rmb=60;stamina=50;gold=10000},-1,0,0,FALSE,0,activity/direct_gift/box_khqd1.png,,100,
3001,23226,,2,五一特惠礼包,免费礼包tw,2,,3,,,999,1,{rmb=120;stamina=100;gold=30000},102,-1,0,FALSE,0,activity/direct_gift/box_khqd1.png,,100,
3002,23226,,2,五一特惠礼包,免费礼包tw,2,,3,,,999,1,{519=1;rmb=120;gold=20000},102,-1,0,FALSE,0,activity/direct_gift/box_khqd1.png,,100,
3003,23226,,2,五一特惠礼包,免费礼包tw,2,,3,,,999,1,{451=200;rmb=600;452=100},106,-1,0,FALSE,0,activity/direct_gift/box_khqd1.png,,100,
3004,23226,,2,五一特惠礼包,免费礼包tw,2,,3,,,999,1,{rmb=900;519=10},107,-1,0,FALSE,0,activity/direct_gift/box_khqd1.png,,100,
3005,23226,,2,五一特惠礼包,免费礼包tw,2,,3,,,999,1,{rmb=1680;6215=1},108,-1,0,FALSE,0,activity/direct_gift/box_khqd2.png,,100,
3006,23226,,2,五一特惠礼包,免费礼包tw,2,,3,,,999,1,{520=10;4000=100;rmb=1680},108,-1,0,FALSE,0,activity/direct_gift/box_khqd2.png,,100,
3007,23226,,2,五一特惠礼包,免费礼包tw,2,,3,,,999,1,{501=1;rmb=1680;503=20},108,-1,0,FALSE,0,activity/direct_gift/box_khqd2.png,,100,
3008,23226,,2,五一特惠礼包,免费礼包tw,2,,3,,,999,1,{2103=100;rmb=2680;gold=500000},111,-1,0,FALSE,0,activity/direct_gift/box_khqd2.png,,100,
3009,23226,,2,五一特惠礼包,免费礼包tw,2,,3,,,999,1,{942=1;rmb=2680;gold=500000},111,-1,0,FALSE,0,activity/direct_gift/box_khqd2.png,,100,
3010,23226,,2,五一特惠礼包,免费礼包tw,2,,3,,,999,1,{card={id=9002};13=20;rmb=2680;gold=150000},111,-1,0,FALSE,0,activity/direct_gift/box_khqd2.png,,100,
3011,23226,,2,五一特惠礼包,免费礼包tw,2,,3,,,999,1,{531=30;rmb=2680;993=2},111,-1,0,FALSE,0,activity/direct_gift/box_khqd2.png,,100,
3012,23226,,2,五一特惠礼包,免费礼包tw,2,,3,,,999,1,{501=5;rmb=3980;6059=2},112,-1,0,FALSE,0,activity/direct_gift/box_khqd3.png,,100,
3013,23226,,2,五一特惠礼包,免费礼包tw,2,,3,,,999,1,{529=20000;994=1;rmb=3980},112,-1,0,FALSE,0,activity/direct_gift/box_khqd3.png,,100,
3014,23226,,2,五一特惠礼包,免费礼包tw,2,,3,,,999,1,{card={id=9003};13=50;rmb=6480;gold=500000},113,-1,0,FALSE,0,activity/direct_gift/box_khqd3.png,,100,
3100,23227,,2,限定抽卡礼包,免费礼包tw,2,,3,,,999,1,{14=5;rmb=120;527=1},102,-1,0,FALSE,1,activity/direct_gift/icon_cjbx.png,,100,
3101,23227,,2,抽卡礼包,免费礼包tw,2,,3,,,999,1,{14=10;rmb=980;519=10},108,-1,0,FALSE,1,activity/direct_gift/icon_zjbx.png,,100,
3102,23227,,2,限定抽卡礼包,免费礼包tw,2,,3,,,999,1,{14=10;rmb=980;527=10},108,-1,0,FALSE,1,activity/direct_gift/icon_zjbx3.png,,100,
3103,23227,,2,抽卡礼包,免费礼包tw,2,,3,,,999,1,{14=20;rmb=3280;519=20},112,-1,0,FALSE,1,activity/direct_gift/icon_gjbx.png,,100,
3104,23227,,2,限定抽卡礼包,免费礼包tw,2,,3,,,999,1,{14=30;rmb=3280;527=15},112,-1,0,FALSE,1,activity/direct_gift/icon_gjbx1.png,,100,
3105,23227,,2,限定抽卡礼包,免费礼包tw,2,,3,,,999,1,{14=40;rmb=6480;527=30},113,-1,0,FALSE,1,activity/direct_gift/icon_gjbx.png,,100,
3200,23228,,2,免费礼包,免费礼包tw,2,,3,,,999,1,{502=1;rmb=30;gold=30000},-1,0,0,FALSE,1,activity/direct_gift/icon_cjbx.png,,100,
3201,23228,,2,探险器礼包,免费礼包tw,2,,3,,,999,1,{520=10;4000=100;rmb=980},108,-1,0,FALSE,1,activity/direct_gift/icon_zjbx7.png,,100,
3202,23228,,2,饰品抽卡礼包,免费礼包tw,2,,3,,,999,1,{501=1;rmb=980;503=20},108,-1,0,FALSE,1,activity/direct_gift/icon_zjbx8.png,,100,
3203,23228,,2,升星礼包,免费礼包tw,2,,3,,,999,1,{rmb=1980;502=30},111,-1,0,FALSE,1,activity/direct_gift/icon_gjbx17.png,,100,
3204,23228,,2,升星礼包,免费礼包tw,2,,3,,,999,1,{card={id=9002};rmb=3280;gold=300000},112,-1,2,FALSE,1,activity/direct_gift/icon_gjbx4.png,,100,
3205,23228,,2,携带道具礼包,免费礼包tw,2,,3,,,999,1,{2103=60;rmb=3280;942=1},112,-1,2,FALSE,1,activity/direct_gift/icon_gjbx18.png,,100,
3206,23228,,2,升星礼包,免费礼包tw,2,,3,,,999,1,{521=30;rmb=6480;gold=500000},113,-1,3,FALSE,1,activity/direct_gift/icon_gjbx19.png,,100,
3207,23228,,2,符石礼包,免费礼包tw,2,,3,,,999,1,{529=3000;531=30;rmb=1980},111,-1,1,FALSE,1,activity/direct_gift/icon_zjbx.png,,100,
3208,23228,,2,道馆礼包,免费礼包tw,2,,3,,,999,1,{151=1500;rmb=1980;152=150},111,-1,1,FALSE,1,activity/direct_gift/icon_zjbx.png,,100,
3209,23228,,2,饰品升星礼包,免费礼包tw,2,,3,,,999,1,{501=8;rmb=3280;6059=1},112,-1,2,FALSE,1,activity/direct_gift/icon_zjbx8.png,,100,
3210,23228,,2,刻印礼包,免费礼包tw,2,,3,,,999,1,{112=150;111=750;rmb=1980},111,-1,1,FALSE,1,activity/direct_gift/icon_zjbx.png,,100,
3211,23228,,2,芯片礼包,免费礼包tw,2,,3,,,999,1,{537=30;rmb=1980;124=45},111,-1,1,FALSE,1,activity/direct_gift/icon_zjbx.png,,100,
3300,23229,,2,免费礼包,免费礼包tw,2,,3,,,999,1,{537=1;123=1;gold=50000},-1,0,0,FALSE,0,activity/direct_gift/icon_cjbx.png,,100,
3301,23229,,2,芯片礼包,免费礼包tw,2,,3,,,999,1,{537=2;rmb=120;124=2},102,-1,0,FALSE,0,activity/direct_gift/icon_cjbx.png,,100,
3302,23229,,2,芯片礼包,免费礼包tw,2,,3,,,999,1,{537=10;rmb=200;7323=1},106,-1,0,FALSE,0,activity/direct_gift/icon_zjbx.png,,100,
3303,23229,,2,芯片礼包,免费礼包tw,2,,3,,,999,1,{537=30;rmb=500;7324=2},111,-1,0,FALSE,0,activity/direct_gift/icon_zjbx.png,,100,
3304,23229,,2,芯片礼包,免费礼包tw,2,,3,,,999,1,{537=80;rmb=2000;7325=2},113,-1,0,FALSE,0,activity/direct_gift/icon_gjbx.png,,100,
3400,23230,,2,端午特惠礼包,免费礼包tw,2,,3,,,999,1,{rmb=60;stamina=50;gold=10000},-1,0,0,FALSE,0,activity/direct_gift/box_18_1.png,,100,
3401,23230,,2,端午特惠礼包,免费礼包tw,2,,3,,,999,1,{rmb=120;stamina=100;gold=30000},102,-1,0,FALSE,0,activity/direct_gift/box_18_1.png,,100,
3402,23230,,2,端午特惠礼包,免费礼包tw,2,,3,,,999,1,{519=1;rmb=120;gold=20000},102,-1,0,FALSE,0,activity/direct_gift/box_18_1.png,,100,
3403,23230,,2,端午特惠礼包,免费礼包tw,2,,3,,,999,1,{451=200;rmb=600;452=100},106,-1,0,FALSE,0,activity/direct_gift/box_18_1.png,,100,
3404,23230,,2,端午特惠礼包,免费礼包tw,2,,3,,,999,1,{rmb=900;519=10},107,-1,0,FALSE,0,activity/direct_gift/box_18_1.png,,100,
3405,23230,,2,端午特惠礼包,免费礼包tw,2,,3,,,999,1,{6216=1;rmb=1680},108,-1,0,FALSE,0,activity/direct_gift/box_18_1.png,,100,
3406,23230,,2,端午特惠礼包,免费礼包tw,2,,3,,,999,1,{520=10;4000=100;rmb=1680},108,-1,0,FALSE,0,activity/direct_gift/box_18_1.png,,100,
3407,23230,,2,端午特惠礼包,免费礼包tw,2,,3,,,999,1,{501=1;rmb=1680;503=20},108,-1,0,FALSE,0,activity/direct_gift/box_18_1.png,,100,
3408,23230,,2,端午特惠礼包,免费礼包tw,2,,3,,,999,1,{2103=100;rmb=2680;gold=500000},111,-1,0,FALSE,0,activity/direct_gift/box_18_1.png,,100,
3409,23230,,2,端午特惠礼包,免费礼包tw,2,,3,,,999,1,{942=1;rmb=2680;gold=500000},111,-1,0,FALSE,0,activity/direct_gift/box_18_1.png,,100,
3410,23230,,2,端午特惠礼包,免费礼包tw,2,,3,,,999,1,{card={id=9002};13=20;rmb=2680;gold=150000},111,-1,0,FALSE,0,activity/direct_gift/box_18_1.png,,100,
3411,23230,,2,端午特惠礼包,免费礼包tw,2,,3,,,999,1,{537=30;rmb=2680;7324=2},111,-1,0,FALSE,0,activity/direct_gift/box_18_1.png,,100,
3412,23230,,2,端午特惠礼包,免费礼包tw,2,,3,,,999,1,{531=30;rmb=2680;993=2},111,-1,0,FALSE,0,activity/direct_gift/box_18_1.png,,100,
3413,23230,,2,端午特惠礼包,免费礼包tw,2,,3,,,999,1,{501=5;rmb=3980;6059=2},112,-1,0,FALSE,0,activity/direct_gift/box_18_1.png,,100,
3414,23230,,2,端午特惠礼包,免费礼包tw,2,,3,,,999,1,{529=20000;994=1;rmb=3980},112,-1,0,FALSE,0,activity/direct_gift/box_18_1.png,,100,
3415,23230,,2,端午特惠礼包,免费礼包tw,2,,3,,,999,1,{537=40;rmb=3980;7325=1},112,-1,0,FALSE,0,activity/direct_gift/box_18_1.png,,100,
3416,23230,,2,端午特惠礼包,免费礼包tw,2,,3,,,999,1,{card={id=9003};13=50;rmb=6480;gold=500000},113,-1,0,FALSE,0,activity/direct_gift/box_18_1.png,,100,
3500,23231,,2,胡帕皮肤礼包,免费礼包tw,2,,3,,,999,1,{521=50;rmb=6480;8012=1},113,-1,0,FALSE,0,activity/direct_gift/icon_gjbx.png,,100,
3600,23232,,2,夏日特惠礼包,免费礼包tw,2,,3,,,999,1,{rmb=60;stamina=50;gold=10000},-1,0,0,FALSE,0,activity/direct_gift/icon_xjhd1.png,,100,
3601,23232,,2,夏日特惠礼包,免费礼包tw,2,,3,,,999,1,{rmb=120;stamina=100;gold=30000},102,-1,0,FALSE,0,activity/direct_gift/icon_xjhd1.png,,100,
3602,23232,,2,夏日特惠礼包,免费礼包tw,2,,3,,,999,1,{519=1;rmb=120;gold=20000},102,-1,0,FALSE,0,activity/direct_gift/icon_xjhd1.png,,100,
3603,23232,,2,夏日特惠礼包,免费礼包tw,2,,3,,,999,1,{451=200;rmb=600;452=100},106,-1,0,FALSE,0,activity/direct_gift/icon_xjhd1.png,,100,
3604,23232,,2,夏日特惠礼包,免费礼包tw,2,,3,,,999,1,{rmb=900;519=10},107,-1,0,FALSE,0,activity/direct_gift/icon_xjhd1.png,,100,
3605,23232,,2,夏日特惠礼包,免费礼包tw,2,,3,,,999,1,{6216=1;rmb=1680},108,-1,0,FALSE,0,activity/direct_gift/icon_xjhd2.png,,100,
3606,23232,,2,夏日特惠礼包,免费礼包tw,2,,3,,,999,1,{520=10;4000=100;rmb=1680},108,-1,0,FALSE,0,activity/direct_gift/icon_xjhd2.png,,100,
3607,23232,,2,夏日特惠礼包,免费礼包tw,2,,3,,,999,1,{501=1;rmb=1680;503=20},108,-1,0,FALSE,0,activity/direct_gift/icon_xjhd2.png,,100,
3608,23232,,2,夏日特惠礼包,免费礼包tw,2,,3,,,999,1,{2103=100;rmb=2680;gold=500000},111,-1,0,FALSE,0,activity/direct_gift/icon_xjhd2.png,,100,
3609,23232,,2,夏日特惠礼包,免费礼包tw,2,,3,,,999,1,{942=1;rmb=2680;gold=500000},111,-1,0,FALSE,0,activity/direct_gift/icon_xjhd2.png,,100,
3610,23232,,2,夏日特惠礼包,免费礼包tw,2,,3,,,999,1,{card={id=9002};13=20;rmb=2680;gold=150000},111,-1,0,FALSE,0,activity/direct_gift/icon_xjhd2.png,,100,
3611,23232,,2,夏日特惠礼包,免费礼包tw,2,,3,,,999,1,{537=30;rmb=2680;7324=2},111,-1,0,FALSE,0,activity/direct_gift/icon_xjhd2.png,,100,
3612,23232,,2,夏日特惠礼包,免费礼包tw,2,,3,,,999,1,{531=30;rmb=2680;993=2},111,-1,0,FALSE,0,activity/direct_gift/icon_xjhd2.png,,100,
3613,23232,,2,夏日特惠礼包,免费礼包tw,2,,3,,,999,1,{501=5;rmb=3980;6059=2},112,-1,0,FALSE,0,activity/direct_gift/icon_xjhd3.png,,100,
3614,23232,,2,夏日特惠礼包,免费礼包tw,2,,3,,,999,1,{529=20000;994=1;rmb=3980},112,-1,0,FALSE,0,activity/direct_gift/icon_xjhd3.png,,100,
3615,23232,,2,夏日特惠礼包,免费礼包tw,2,,3,,,999,1,{537=40;rmb=3980;7325=1},112,-1,0,FALSE,0,activity/direct_gift/icon_xjhd3.png,,100,
3616,23232,,2,夏日特惠礼包,免费礼包tw,2,,3,,,999,1,{card={id=9003};13=50;rmb=6480;gold=500000},113,-1,0,FALSE,0,activity/direct_gift/icon_xjhd3.png,,100,
3617,23232,,2,夏日特惠礼包,免费礼包tw,2,,3,,,999,1,{521=50;rmb=6480;8002=1},113,-1,0,FALSE,0,activity/direct_gift/icon_xjhd3.png,,100,
3700,23233,,2,七夕玫瑰礼包,免费礼包tw,2,,3,,,999,1,{rmb=60;6323=9},102,-1,0,FALSE,0,activity/direct_gift/icon_qxlb.png,,100,
3701,23233,,2,七夕玫瑰礼包,免费礼包tw,2,,3,,,999,1,{rmb=300;6323=36},106,-1,0,FALSE,0,activity/direct_gift/icon_qxlb.png,,100,
3702,23233,,2,七夕玫瑰礼包,免费礼包tw,2,,3,,,999,1,{rmb=600;6323=66},107,-1,0,FALSE,0,activity/direct_gift/icon_qxlb.png,,100,
3703,23233,,2,七夕玫瑰礼包,免费礼包tw,2,,3,,,999,1,{rmb=980;6323=99},108,-1,0,FALSE,0,activity/direct_gift/icon_qxlb.png,,100,
3800,23234,,2,中秋特惠礼包,免费礼包tw,2,,3,,,999,1,{521=3;rmb=120;gold=100000},102,-1,0,FALSE,0,activity/direct_gift/icon_sc_zqlb1.png,,100,
3801,23234,,2,中秋特惠礼包,免费礼包tw,2,,3,,,999,1,{rmb=600;503=10},106,-1,0,FALSE,0,activity/direct_gift/icon_sc_zqlb1.png,,100,
3802,23234,,2,中秋特惠礼包,免费礼包tw,2,,3,,,999,1,{rmb=900;527=10},107,-1,0,FALSE,0,activity/direct_gift/icon_sc_zqlb1.png,,100,
3803,23234,,2,中秋特惠礼包,免费礼包tw,2,,3,,,999,1,{501=2;rmb=1280;6059=1},108,-1,0,FALSE,0,activity/direct_gift/icon_sc_zqlb2.png,,100,
3804,23234,,2,中秋特惠礼包,免费礼包tw,2,,3,,,999,1,{942=1;rmb=1280;gold=500000},108,-1,0,FALSE,0,activity/direct_gift/icon_sc_zqlb2.png,,100,
3805,23234,,2,中秋特惠礼包,免费礼包tw,2,,3,,,999,1,{2152=1;rmb=2280;945=1},111,-1,0,FALSE,0,activity/direct_gift/icon_sc_zqlb3.png,,100,
3806,23234,,2,中秋特惠礼包,免费礼包tw,2,,3,,,999,1,{529=10000;994=1;rmb=2280},111,-1,0,FALSE,0,activity/direct_gift/icon_sc_zqlb3.png,,100,
3807,23234,,2,中秋特惠礼包,免费礼包tw,2,,3,,,999,1,{card={id=9003};rmb=3280;gold=1000000},112,-1,0,FALSE,0,activity/direct_gift/icon_sc_zqlb3.png,,100,
3900,23235,,2,盛典特惠礼包,免费礼包tw,2,,3,,,999,1,{rmb=60;stamina=50;gold=10000},-1,0,0,FALSE,0,activity/direct_gift/box_khqd1.png,,100,
3901,23235,,2,盛典特惠礼包,免费礼包tw,2,,3,,,999,1,{rmb=120;stamina=100;gold=30000},102,-1,0,FALSE,0,activity/direct_gift/box_khqd1.png,,100,
3902,23235,,2,盛典特惠礼包,免费礼包tw,2,,3,,,999,1,{519=1;rmb=120;gold=20000},102,-1,0,FALSE,0,activity/direct_gift/box_khqd1.png,,100,
3903,23235,,2,盛典特惠礼包,免费礼包tw,2,,3,,,999,1,{451=200;rmb=600;452=100},106,-1,0,FALSE,0,activity/direct_gift/box_khqd1.png,,100,
3904,23235,,2,盛典特惠礼包,免费礼包tw,2,,3,,,999,1,{rmb=900;519=10},107,-1,0,FALSE,0,activity/direct_gift/box_khqd1.png,,100,
3905,23235,,2,盛典特惠礼包,免费礼包tw,2,,3,,,999,1,{rmb=1680;6215=1},108,-1,0,FALSE,0,activity/direct_gift/box_khqd2.png,,100,
3906,23235,,2,盛典特惠礼包,免费礼包tw,2,,3,,,999,1,{520=10;4000=100;rmb=1680},108,-1,0,FALSE,0,activity/direct_gift/box_khqd2.png,,100,
3907,23235,,2,盛典特惠礼包,免费礼包tw,2,,3,,,999,1,{501=1;rmb=1680;503=20},108,-1,0,FALSE,0,activity/direct_gift/box_khqd2.png,,100,
3908,23235,,2,盛典特惠礼包,免费礼包tw,2,,3,,,999,1,{2103=100;rmb=2680;gold=500000},111,-1,0,FALSE,0,activity/direct_gift/box_khqd2.png,,100,
3909,23235,,2,盛典特惠礼包,免费礼包tw,2,,3,,,999,1,{942=1;rmb=2680;gold=500000},111,-1,0,FALSE,0,activity/direct_gift/box_khqd2.png,,100,
3910,23235,,2,盛典特惠礼包,免费礼包tw,2,,3,,,999,1,{card={id=9002};13=20;rmb=2680;gold=150000},111,-1,0,FALSE,0,activity/direct_gift/box_khqd2.png,,100,
3911,23235,,2,盛典特惠礼包,免费礼包tw,2,,3,,,999,1,{531=30;rmb=2680;993=2},111,-1,0,FALSE,0,activity/direct_gift/box_khqd2.png,,100,
3912,23235,,2,盛典特惠礼包,免费礼包tw,2,,3,,,999,1,{501=5;rmb=3980;6059=2},112,-1,0,FALSE,0,activity/direct_gift/box_khqd3.png,,100,
3913,23235,,2,盛典特惠礼包,免费礼包tw,2,,3,,,999,1,{529=20000;994=1;rmb=3980},112,-1,0,FALSE,0,activity/direct_gift/box_khqd3.png,,100,
3914,23235,,2,盛典特惠礼包,免费礼包tw,2,,3,,,999,1,{card={id=9003};13=50;rmb=6480;gold=500000},113,-1,0,FALSE,0,activity/direct_gift/box_khqd3.png,,100,
4000,23236,,2,盛典特惠礼包,免费礼包tw,2,,3,,,999,1,{rmb=60;stamina=50;gold=10000},-1,0,0,FALSE,0,activity/direct_gift/box_khqd1.png,,100,
4001,23236,,2,盛典特惠礼包,免费礼包tw,2,,3,,,999,1,{rmb=120;stamina=100;gold=30000},102,-1,0,FALSE,0,activity/direct_gift/box_khqd1.png,,100,
4002,23236,,2,盛典特惠礼包,免费礼包tw,2,,3,,,999,1,{519=1;rmb=120;gold=20000},102,-1,0,FALSE,0,activity/direct_gift/box_khqd1.png,,100,
4003,23236,,2,盛典特惠礼包,免费礼包tw,2,,3,,,999,1,{451=200;rmb=600;452=100},106,-1,0,FALSE,0,activity/direct_gift/box_khqd1.png,,100,
4004,23236,,2,盛典特惠礼包,免费礼包tw,2,,3,,,999,1,{rmb=900;519=10},107,-1,0,FALSE,0,activity/direct_gift/box_khqd1.png,,100,
4005,23236,,2,盛典特惠礼包,免费礼包tw,2,,3,,,999,1,{rmb=1680;6215=1},108,-1,0,FALSE,0,activity/direct_gift/box_khqd2.png,,100,
4006,23236,,2,盛典特惠礼包,免费礼包tw,2,,3,,,999,1,{520=10;4000=100;rmb=1680},108,-1,0,FALSE,0,activity/direct_gift/box_khqd2.png,,100,
4007,23236,,2,盛典特惠礼包,免费礼包tw,2,,3,,,999,1,{501=1;rmb=1680;503=20},108,-1,0,FALSE,0,activity/direct_gift/box_khqd2.png,,100,
4008,23236,,2,盛典特惠礼包,免费礼包tw,2,,3,,,999,1,{2103=100;rmb=2680;gold=500000},111,-1,0,FALSE,0,activity/direct_gift/box_khqd2.png,,100,
4009,23236,,2,盛典特惠礼包,免费礼包tw,2,,3,,,999,1,{942=1;rmb=2680;gold=500000},111,-1,0,FALSE,0,activity/direct_gift/box_khqd2.png,,100,
4010,23236,,2,盛典特惠礼包,免费礼包tw,2,,3,,,999,1,{card={id=9002};13=20;rmb=2680;gold=150000},111,-1,0,FALSE,0,activity/direct_gift/box_khqd2.png,,100,
4011,23236,,2,盛典特惠礼包,免费礼包tw,2,,3,,,999,1,{531=30;rmb=2680;993=2},111,-1,0,FALSE,0,activity/direct_gift/box_khqd2.png,,100,
4012,23236,,2,盛典特惠礼包,免费礼包tw,2,,3,,,999,1,{537=30;rmb=2680;7324=2},111,-1,0,FALSE,0,activity/direct_gift/box_khqd2.png,,100,
4013,23236,,2,盛典特惠礼包,免费礼包tw,2,,3,,,999,1,{501=5;rmb=3980;6059=2},112,-1,0,FALSE,0,activity/direct_gift/box_khqd3.png,,100,
4014,23236,,2,盛典特惠礼包,免费礼包tw,2,,3,,,999,1,{529=20000;994=1;rmb=3980},112,-1,0,FALSE,0,activity/direct_gift/box_khqd3.png,,100,
4015,23236,,2,盛典特惠礼包,免费礼包tw,2,,3,,,999,1,{537=40;rmb=3980;7325=1},112,-1,0,FALSE,0,activity/direct_gift/box_khqd3.png,,100,
4016,23236,,2,盛典特惠礼包,免费礼包tw,2,,3,,,999,1,{card={id=9003};13=50;rmb=6480;gold=500000},113,-1,0,FALSE,0,activity/direct_gift/box_khqd3.png,,100,
4017,23236,,2,盛典特惠礼包,免费礼包tw,2,,3,,,999,1,{521=50;8018=1;rmb=6480},113,-1,0,FALSE,0,activity/direct_gift/box_khqd3.png,,100,
4100,23237,,2,时拉比皮肤礼包,免费礼包tw,2,,3,,,999,1,{521=50;8016=1;rmb=6480},113,-1,0,FALSE,0,activity/direct_gift/icon_gjbx.png,,100,
4200,23238,,2,Z觉醒养成礼包,免费礼包tw,2,,3,,,999,1,{502=1;rmb=60;59002=2},-1,0,0,FALSE,0,activity/direct_gift/icon_cjbx.png,,100,
4201,23238,,2,Z觉醒养成礼包,免费礼包tw,2,,3,,,999,1,{502=10;rmb=300;gold=100000},106,-1,0,FALSE,0,activity/direct_gift/icon_cjbx.png,,100,
4202,23238,,2,Z觉醒养成礼包,免费礼包tw,2,,3,,,999,1,{gold=300000;rmb=980;59002=40},108,-1,0,FALSE,0,activity/direct_gift/icon_zjbx.png,,100,
4203,23238,,2,Z觉醒养成礼包,免费礼包tw,2,,3,,,999,1,{card={id=9002};rmb=1980;gold=200000},111,-1,0,FALSE,0,activity/direct_gift/icon_zjbx.png,,100,
4204,23238,,2,Z觉醒养成礼包,免费礼包tw,2,,3,,,999,1,{501=5;rmb=1980;6059=1},111,-1,0,FALSE,0,activity/direct_gift/icon_zjbx.png,,100,
4205,23238,,2,Z觉醒养成礼包,免费礼包tw,2,,3,,,999,1,{521=30;rmb=3280;gold=300000},112,-1,0,FALSE,0,activity/direct_gift/icon_gjbx.png,,100,
4206,23238,,2,Z觉醒养成礼包,免费礼包tw,2,,3,,,999,1,{59003=50;rmb=3280;gold=300000},112,-1,0,FALSE,0,activity/direct_gift/icon_gjbx.png,,100,
4207,23238,,2,Z觉醒养成礼包,免费礼包tw,2,,3,,,999,1,{card={id=9003};rmb=6480;gold=600000},113,-1,0,FALSE,0,activity/direct_gift/icon_gjbx.png,,100,
4300,23239,,2,皮肤礼包,免费礼包tw,2,,3,,,999,1,{521=50;rmb=6480;8006=1},113,-1,0,FALSE,0,activity/direct_gift/icon_year3.png,,100,
4400,24001,,2,蒂安希碎片,免费礼包tw,2,,3,,,999,1,{23631=5},-1,150,0,FALSE,0,activity/direct_gift/icon_cjbx1.png,activity/double11_shop/logo_ssy_bk.png,1000,
4401,24001,,2,洛奇亚碎片,免费礼包tw,2,,3,,,999,1,{21261=5},-1,150,0,FALSE,0,activity/direct_gift/icon_cjbx1.png,activity/double11_shop/logo_ssy_bk.png,1000,
4402,24001,,2,盖欧卡碎片,免费礼包tw,2,,3,,,999,1,{21961=5},-1,150,0,FALSE,0,activity/direct_gift/icon_cjbx1.png,activity/double11_shop/logo_ssy_bk.png,1000,
4403,24001,,2,固拉多碎片,免费礼包tw,2,,3,,,999,1,{21971=5},-1,150,0,FALSE,0,activity/direct_gift/icon_cjbx1.png,activity/double11_shop/logo_ssy_bk.png,1000,
4404,24001,,2,裂空座碎片,免费礼包tw,2,,3,,,999,1,{21981=5},-1,150,0,FALSE,0,activity/direct_gift/icon_cjbx1.png,activity/double11_shop/logo_ssy_bk.png,1000,
4405,24001,,2,幼基拉斯碎片,免费礼包tw,2,,3,,,999,1,{21251=5},-1,25,0,FALSE,0,activity/direct_gift/icon_cjbx1.png,,250,
4406,24001,,2,暴鲤龙碎片,免费礼包tw,2,,3,,,999,1,{20631=5},-1,25,0,FALSE,0,activity/direct_gift/icon_cjbx1.png,,250,
4407,24001,,2,飞天螳螂碎片,免费礼包tw,2,,3,,,999,1,{20571=5},-1,25,0,FALSE,0,activity/direct_gift/icon_cjbx1.png,,250,
4408,24001,,2,火焰鸟碎片,免费礼包tw,2,,3,,,999,1,{20741=5},-1,25,0,FALSE,0,activity/direct_gift/icon_cjbx1.png,,250,
4409,24001,,2,急冻鸟碎片,免费礼包tw,2,,3,,,999,1,{20721=5},-1,25,0,FALSE,0,activity/direct_gift/icon_cjbx1.png,,250,
4410,24001,,2,闪电鸟碎片,免费礼包tw,2,,3,,,999,1,{20731=5},-1,25,0,FALSE,0,activity/direct_gift/icon_cjbx1.png,,250,
4411,24001,,2,小火龙碎片,免费礼包tw,2,,3,,,999,1,{20011=5},-1,10,0,FALSE,0,activity/direct_gift/icon_cjbx1.png,,125,
4412,24001,,2,妙蛙种子碎片,免费礼包tw,2,,3,,,999,1,{20001=5},-1,10,0,FALSE,0,activity/direct_gift/icon_cjbx1.png,,125,
4413,24001,,2,杰尼龟碎片,免费礼包tw,2,,3,,,999,1,{20021=5},-1,10,0,FALSE,0,activity/direct_gift/icon_cjbx1.png,,125,
4414,24001,,2,皮丘碎片,免费礼包tw,2,,3,,,999,1,{20091=5},-1,10,0,FALSE,0,activity/direct_gift/icon_cjbx1.png,,125,
4415,24001,,2,菊草叶碎片,免费礼包tw,2,,3,,,999,1,{20781=5},-1,10,0,FALSE,0,activity/direct_gift/icon_cjbx1.png,,125,
4416,24001,,2,大葱鸭碎片,免费礼包tw,2,,3,,,999,1,{20341=5},-1,10,0,FALSE,0,activity/direct_gift/icon_cjbx1.png,,125,
4417,24001,,2,雪笠怪碎片,免费礼包tw,2,,3,,,999,1,{22301=5},-1,10,0,FALSE,0,activity/direct_gift/icon_cjbx1.png,,125,
4500,24002,,2,普通万能碎片,免费礼包tw,2,,3,,,999,1,{502=1},-1,10,0,FALSE,0,activity/direct_gift/icon_cjbx1.png,activity/double11_shop/logo_ssy_bk.png,100,
4501,24002,,2,神兽万能碎片,免费礼包tw,2,,3,,,999,1,{521=1},-1,30,0,FALSE,0,activity/direct_gift/icon_cjbx1.png,activity/double11_shop/logo_ssy_bk.png,300,
4502,24002,,2,饰品觉醒选择箱子,免费礼包tw,2,,3,,,999,1,{6059=1},-1,1680,0,FALSE,0,activity/direct_gift/icon_cjbx1.png,activity/double11_shop/logo_ssy_bk.png,6000,
4503,24002,,2,皮卡丘便当,免费礼包tw,2,,3,,,999,1,{515=1},-1,10,0,FALSE,0,activity/direct_gift/icon_cjbx1.png,,30,
4504,24002,,2,钻石抽卡券,免费礼包tw,2,,3,,,999,1,{519=1},-1,50,0,FALSE,0,activity/direct_gift/icon_cjbx1.png,,200,
4505,24002,,2,限定券,免费礼包tw,2,,3,,,999,1,{527=1},-1,58,0,FALSE,0,activity/direct_gift/icon_cjbx1.png,,220,
4506,24002,,2,金钥匙,免费礼包tw,2,,3,,,999,1,{503=1},-1,20,0,FALSE,0,activity/direct_gift/icon_cjbx1.png,,68,
4507,24002,,2,关都科技钥匙,免费礼包tw,2,,3,,,999,1,{520=1},-1,38,0,FALSE,0,activity/direct_gift/icon_cjbx1.png,,128,
4508,24002,,2,黄金锤,免费礼包tw,2,,3,,,999,1,{531=1},-1,28,0,FALSE,0,activity/direct_gift/icon_cjbx1.png,,88,
4509,24002,,2,翡翠星石,免费礼包tw,2,,3,,,999,1,{501=1},-1,128,0,FALSE,0,activity/direct_gift/icon_cjbx1.png,,680,
4510,24002,,2,橙色探险器宝箱,免费礼包tw,2,,3,,,999,1,{963=1},-1,680,0,FALSE,0,activity/direct_gift/icon_cjbx1.png,,2000,
4511,24002,,2,紫色探险器宝箱,免费礼包tw,2,,3,,,999,1,{962=1},-1,180,0,FALSE,0,activity/direct_gift/icon_cjbx1.png,,2000,
4512,24002,,2,橙色符石自选宝箱,免费礼包tw,2,,3,,,999,1,{993=1},-1,680,0,FALSE,0,activity/direct_gift/icon_cjbx1.png,,2000,
4513,24002,,2,紫色符石自选宝箱,免费礼包tw,2,,3,,,999,1,{992=1},-1,180,0,FALSE,0,activity/direct_gift/icon_cjbx1.png,,2000,
4600,24003,,2,突破材料礼袋,免费礼包tw,2,,3,,,999,1,{930=30},-1,30,0,FALSE,0,activity/direct_gift/icon_cjbx1.png,,300,
4601,24003,,2,能量核心,免费礼包tw,2,,3,,,999,1,{5000=30},-1,30,0,FALSE,0,activity/direct_gift/icon_cjbx1.png,,300,
4602,24003,,2,高级好感度礼盒,免费礼包tw,2,,3,,,999,1,{902=10},-1,30,0,FALSE,0,activity/direct_gift/icon_cjbx1.png,,300,
4603,24003,,2,高级强化石,免费礼包tw,2,,3,,,999,1,{2103=5},-1,50,0,FALSE,0,activity/direct_gift/icon_cjbx1.png,,200,
4604,24003,,2,探险零件,免费礼包tw,2,,3,,,999,1,{4000=100},-1,10,0,FALSE,0,activity/direct_gift/icon_cjbx1.png,,50,
4605,24003,,2,饰品图纸,免费礼包tw,2,,3,,,999,1,{100=5},-1,30,0,FALSE,0,activity/direct_gift/icon_cjbx1.png,,200,
4606,24003,,2,紫晶潜能石,免费礼包tw,2,,3,,,999,1,{851=100},-1,30,0,FALSE,0,activity/direct_gift/icon_cjbx1.png,,300,
4607,24003,,2,符石精华,免费礼包tw,2,,3,,,999,1,{529=1000},-1,100,0,FALSE,0,activity/direct_gift/icon_cjbx1.png,,500,
4700,24004,,2,双12特惠礼包,免费礼包tw,2,,3,,,999,1,{rmb=180;stamina=100;gold=300000},102,-1,0,FALSE,0,common/icon/icon_box5.png,activity/double11_shop/logo_ssy_bk.png,18,
4701,24004,,2,双12特惠礼包,免费礼包tw,2,,3,,,999,1,{rmb=300;519=10},106,-1,0,FALSE,0,common/icon/icon_box5.png,activity/double11_shop/logo_ssy_bk.png,98,
4702,24004,,2,双12特惠礼包,免费礼包tw,2,,3,,,999,1,{card={id=9002};rmb=980;gold=200000},108,-1,0,FALSE,0,common/icon/icon_box5.png,activity/double11_shop/logo_ssy_bk.png,298,
4703,24004,,2,双12特惠礼包,免费礼包tw,2,,3,,,999,1,{942=1;rmb=980;gold=500000},108,-1,0,FALSE,0,common/icon/icon_box4.png,activity/double11_shop/logo_ssy_bk.png,298,
4704,24004,,2,双12特惠礼包,免费礼包tw,2,,3,,,999,1,{501=3;rmb=1980;6059=2},111,-1,0,FALSE,0,common/icon/icon_box4.png,activity/double11_shop/logo_ssy_bk.png,598,
4705,24004,,2,双12特惠礼包,免费礼包tw,2,,3,,,999,1,{card={id=9003};rmb=3280;gold=1000000},112,-1,0,FALSE,0,common/icon/icon_box4.png,activity/double11_shop/logo_ssy_bk.png,1298,
4800,24011,,2,洛奇亚碎片,免费礼包tw,2,,3,,,999,1,{21261=5},-1,150,0,FALSE,0,activity/direct_gift/icon_cjbx1.png,activity/double11_shop/logo_ssy_bk.png,1000,
4801,24011,,2,裂空座碎片,免费礼包tw,2,,3,,,999,1,{21981=5},-1,150,0,FALSE,0,activity/direct_gift/icon_cjbx1.png,activity/double11_shop/logo_ssy_bk.png,1000,
4802,24011,,2,达克莱伊碎片,免费礼包tw,2,,3,,,999,1,{22431=5},-1,150,0,FALSE,0,activity/direct_gift/icon_cjbx1.png,activity/double11_shop/logo_ssy_bk.png,1000,
4803,24011,,2,帝牙卢卡碎片,免费礼包tw,2,,3,,,999,1,{22351=5},-1,150,0,FALSE,0,activity/direct_gift/icon_cjbx1.png,activity/double11_shop/logo_ssy_bk.png,1000,
4804,24011,,2,惩戒胡帕碎片,免费礼包tw,2,,3,,,999,1,{23641=5},-1,150,0,FALSE,0,activity/direct_gift/icon_cjbx1.png,activity/double11_shop/logo_ssy_bk.png,1000,
4805,24011,,2,雷公碎片,免费礼包tw,2,,3,,,999,1,{21221=5},-1,25,0,FALSE,0,activity/direct_gift/icon_cjbx1.png,,250,
4806,24011,,2,炎帝碎片,免费礼包tw,2,,3,,,999,1,{21231=5},-1,25,0,FALSE,0,activity/direct_gift/icon_cjbx1.png,,250,
4807,24011,,2,水君碎片,免费礼包tw,2,,3,,,999,1,{21241=5},-1,25,0,FALSE,0,activity/direct_gift/icon_cjbx1.png,,250,
4808,24011,,2,利欧路碎片,免费礼包tw,2,,3,,,999,1,{22241=5},-1,25,0,FALSE,0,activity/direct_gift/icon_cjbx1.png,,250,
4809,24011,,2,宝贝龙碎片,免费礼包tw,2,,3,,,999,1,{21891=5},-1,25,0,FALSE,0,activity/direct_gift/icon_cjbx1.png,,250,
4810,24011,,2,鬼斯碎片,免费礼包tw,2,,3,,,999,1,{20391=5},-1,25,0,FALSE,0,activity/direct_gift/icon_cjbx1.png,,250,
4811,24011,,2,克雷色利亚碎片,免费礼包tw,2,,3,,,999,1,{22401=5},-1,25,0,FALSE,0,activity/direct_gift/icon_cjbx1.png,,250,
4812,24011,,2,小智版皮卡丘碎片,免费礼包tw,2,,3,,,999,1,{27001=5},-1,25,0,FALSE,0,activity/direct_gift/icon_cjbx1.png,,250,
4813,24011,,2,燃烧虫碎片,免费礼包tw,2,,3,,,999,1,{23151=5},-1,25,0,FALSE,0,activity/direct_gift/icon_cjbx1.png,,250,
4814,24011,,2,小火龙碎片,免费礼包tw,2,,3,,,999,1,{20011=5},-1,10,0,FALSE,0,activity/direct_gift/icon_cjbx1.png,,125,
4815,24011,,2,妙蛙种子碎片,免费礼包tw,2,,3,,,999,1,{20001=5},-1,10,0,FALSE,0,activity/direct_gift/icon_cjbx1.png,,125,
4816,24011,,2,杰尼龟碎片,免费礼包tw,2,,3,,,999,1,{20021=5},-1,10,0,FALSE,0,activity/direct_gift/icon_cjbx1.png,,125,
4817,24011,,2,皮丘碎片,免费礼包tw,2,,3,,,999,1,{20091=5},-1,10,0,FALSE,0,activity/direct_gift/icon_cjbx1.png,,125,
4818,24011,,2,菊草叶碎片,免费礼包tw,2,,3,,,999,1,{20781=5},-1,10,0,FALSE,0,activity/direct_gift/icon_cjbx1.png,,125,
4819,24011,,2,大葱鸭碎片,免费礼包tw,2,,3,,,999,1,{20341=5},-1,10,0,FALSE,0,activity/direct_gift/icon_cjbx1.png,,125,
4820,24011,,2,雪笠怪碎片,免费礼包tw,2,,3,,,999,1,{22301=5},-1,10,0,FALSE,0,activity/direct_gift/icon_cjbx1.png,,125,
4900,24012,,2,普通万能碎片,免费礼包tw,2,,3,,,999,1,{502=1},-1,10,0,FALSE,0,activity/direct_gift/icon_cjbx1.png,activity/double11_shop/logo_ssy_bk.png,100,
4901,24012,,2,神兽万能碎片,免费礼包tw,2,,3,,,999,1,{521=1},-1,30,0,FALSE,0,activity/direct_gift/icon_cjbx1.png,activity/double11_shop/logo_ssy_bk.png,300,
4902,24012,,2,饰品觉醒选择箱子,免费礼包tw,2,,3,,,999,1,{6059=1},-1,1680,0,FALSE,0,activity/direct_gift/icon_cjbx1.png,activity/double11_shop/logo_ssy_bk.png,6000,
4903,24012,,2,皮卡丘便当,免费礼包tw,2,,3,,,999,1,{515=1},-1,10,0,FALSE,0,activity/direct_gift/icon_cjbx1.png,,30,
4904,24012,,2,钻石抽卡券,免费礼包tw,2,,3,,,999,1,{519=1},-1,50,0,FALSE,0,activity/direct_gift/icon_cjbx1.png,,200,
4905,24012,,2,限定券,免费礼包tw,2,,3,,,999,1,{527=1},-1,58,0,FALSE,0,activity/direct_gift/icon_cjbx1.png,,220,
4906,24012,,2,金钥匙,免费礼包tw,2,,3,,,999,1,{503=1},-1,20,0,FALSE,0,activity/direct_gift/icon_cjbx1.png,,68,
4907,24012,,2,关都科技钥匙,免费礼包tw,2,,3,,,999,1,{520=1},-1,38,0,FALSE,0,activity/direct_gift/icon_cjbx1.png,,128,
4908,24012,,2,黄金锤,免费礼包tw,2,,3,,,999,1,{531=1},-1,28,0,FALSE,0,activity/direct_gift/icon_cjbx1.png,,88,
4909,24012,,2,起源之手,免费礼包tw,2,,3,,,999,1,{537=1},-1,28,0,FALSE,0,activity/direct_gift/icon_cjbx1.png,,88,
4910,24012,,2,翡翠星石,免费礼包tw,2,,3,,,999,1,{501=1},-1,128,0,FALSE,0,activity/direct_gift/icon_cjbx1.png,,680,
4911,24012,,2,橙色探险器宝箱,免费礼包tw,2,,3,,,999,1,{963=1},-1,680,0,FALSE,0,activity/direct_gift/icon_cjbx1.png,,2000,
4912,24012,,2,紫色探险器宝箱,免费礼包tw,2,,3,,,999,1,{962=1},-1,180,0,FALSE,0,activity/direct_gift/icon_cjbx1.png,,1200,
4913,24012,,2,橙色符石自选宝箱,免费礼包tw,2,,3,,,999,1,{993=1},-1,680,0,FALSE,0,activity/direct_gift/icon_cjbx1.png,,2000,
4914,24012,,2,紫色符石自选宝箱,免费礼包tw,2,,3,,,999,1,{992=1},-1,180,0,FALSE,0,activity/direct_gift/icon_cjbx1.png,,1200,
4915,24012,,2,橙色芯片自选宝箱,免费礼包tw,2,,3,,,999,1,{7324=1},-1,680,0,FALSE,0,activity/direct_gift/icon_cjbx1.png,,2000,
4916,24012,,2,紫色芯片自选宝箱,免费礼包tw,2,,3,,,999,1,{7323=1},-1,180,0,FALSE,0,activity/direct_gift/icon_cjbx1.png,,1200,
5000,24013,,2,突破材料礼袋,免费礼包tw,2,,3,,,999,1,{930=30},-1,30,0,FALSE,0,activity/direct_gift/icon_cjbx1.png,,300,
5001,24013,,2,能量核心,免费礼包tw,2,,3,,,999,1,{5000=30},-1,30,0,FALSE,0,activity/direct_gift/icon_cjbx1.png,,300,
5002,24013,,2,高级好感度礼盒,免费礼包tw,2,,3,,,999,1,{902=10},-1,30,0,FALSE,0,activity/direct_gift/icon_cjbx1.png,,300,
5003,24013,,2,高级强化石,免费礼包tw,2,,3,,,999,1,{2103=5},-1,50,0,FALSE,0,activity/direct_gift/icon_cjbx1.png,,200,
5004,24013,,2,探险零件,免费礼包tw,2,,3,,,999,1,{4000=100},-1,10,0,FALSE,0,activity/direct_gift/icon_cjbx1.png,,50,
5005,24013,,2,饰品图纸,免费礼包tw,2,,3,,,999,1,{100=5},-1,30,0,FALSE,0,activity/direct_gift/icon_cjbx1.png,,200,
5006,24013,,2,紫晶潜能石,免费礼包tw,2,,3,,,999,1,{851=100},-1,30,0,FALSE,0,activity/direct_gift/icon_cjbx1.png,,300,
5007,24013,,2,符石精华,免费礼包tw,2,,3,,,999,1,{529=1000},-1,100,0,FALSE,0,activity/direct_gift/icon_cjbx1.png,,500,
5008,24013,,2,紫色晶片,免费礼包tw,2,,3,,,999,1,{124=15},-1,100,0,FALSE,0,activity/direct_gift/icon_cjbx1.png,,500,
5100,24014,,2,618特惠礼包,免费礼包tw,2,,3,,,999,1,{rmb=180;stamina=100;gold=300000},102,-1,0,FALSE,0,common/icon/icon_box5.png,activity/double11_shop/logo_ssy_bk.png,18,
5101,24014,,2,618特惠礼包,免费礼包tw,2,,3,,,999,1,{rmb=300;519=10},106,-1,0,FALSE,0,common/icon/icon_box5.png,activity/double11_shop/logo_ssy_bk.png,98,
5102,24014,,2,618特惠礼包,免费礼包tw,2,,3,,,999,1,{537=10;531=10;rmb=600},107,-1,0,FALSE,0,common/icon/icon_box5.png,activity/double11_shop/logo_ssy_bk.png,198,
5103,24014,,2,618特惠礼包,免费礼包tw,2,,3,,,999,1,{card={id=9002};rmb=980;gold=200000},108,-1,0,FALSE,0,common/icon/icon_box5.png,activity/double11_shop/logo_ssy_bk.png,298,
5104,24014,,2,618特惠礼包,免费礼包tw,2,,3,,,999,1,{942=1;rmb=980;gold=500000},108,-1,0,FALSE,0,common/icon/icon_box4.png,activity/double11_shop/logo_ssy_bk.png,298,
5105,24014,,2,618特惠礼包,免费礼包tw,2,,3,,,999,1,{501=3;rmb=1980;6059=2},111,-1,0,FALSE,0,common/icon/icon_box4.png,activity/double11_shop/logo_ssy_bk.png,598,
5106,24014,,2,618特惠礼包,免费礼包tw,2,,3,,,999,1,{card={id=9003};rmb=3280;gold=1000000},112,-1,0,FALSE,0,common/icon/icon_box4.png,activity/double11_shop/logo_ssy_bk.png,1298,
5200,24015,,2,超梦特惠礼包,免费礼包tw,2,,3,,,999,1,{2006=1;card={id=761};gold=150000},102,-1,0,FALSE,0,activity/direct_gift/icon_year3.png,,100,
5201,24015,,2,洛奇亚特惠礼包,免费礼包tw,2,,3,,,999,1,{2010=1;card={id=1261};gold=150000},102,-1,0,FALSE,0,activity/direct_gift/icon_year3.png,,100,
5202,24015,,2,时拉比特惠礼包,免费礼包tw,2,,3,,,999,1,{2055=1;gold=150000;card={id=1281}},102,-1,0,FALSE,0,activity/direct_gift/icon_year3.png,,100,
5203,24015,,2,盖欧卡特惠礼包,免费礼包tw,2,,3,,,999,1,{2015=1;gold=150000;card={id=1961}},102,-1,0,FALSE,0,activity/direct_gift/icon_year3.png,,100,
5204,24015,,2,固拉多特惠礼包,免费礼包tw,2,,3,,,999,1,{card={id=1971};rmb=10000;gold=150000},102,-1,0,FALSE,0,activity/direct_gift/icon_year3.png,,100,
5205,24015,,2,裂空座特惠礼包,免费礼包tw,2,,3,,,999,1,{2013=1;gold=150000;card={id=1981}},102,-1,0,FALSE,0,activity/direct_gift/icon_year3.png,,100,
5206,24015,,2,帝牙卢卡特惠礼包,免费礼包tw,2,,3,,,999,1,{2042=1;card={id=2351};gold=150000},102,-1,0,FALSE,0,activity/direct_gift/icon_year3.png,,100,
5207,24015,,2,帕路奇亚特惠礼包,免费礼包tw,2,,3,,,999,1,{2043=1;card={id=2361};gold=150000},102,-1,0,FALSE,0,activity/direct_gift/icon_year3.png,,100,
5208,24015,,2,雷吉奇卡斯特惠礼包,免费礼包tw,2,,3,,,999,1,{2041=1;card={id=2381};gold=150000},102,-1,0,FALSE,0,activity/direct_gift/icon_year3.png,,100,
5209,24015,,2,骑拉帝纳特惠礼包,免费礼包tw,2,,3,,,999,1,{card={id=2391};2044=1;gold=150000},102,-1,0,FALSE,0,activity/direct_gift/icon_year3.png,,100,
5210,24015,,2,达克莱伊特惠礼包,免费礼包tw,2,,3,,,999,1,{2040=1;card={id=2431};gold=150000},102,-1,0,FALSE,0,activity/direct_gift/icon_year3.png,,100,
5211,24015,,2,谢米特惠礼包,免费礼包tw,2,,3,,,999,1,{card={id=2441};gold=150000;2045=1},102,-1,0,FALSE,0,activity/direct_gift/icon_year3.png,,100,
5212,24015,,2,莱希拉姆特惠礼包,免费礼包tw,2,,3,,,999,1,{2047=1;gold=150000;card={id=3211}},102,-1,0,FALSE,0,activity/direct_gift/icon_year3.png,,100,
5213,24015,,2,捷克罗姆特惠礼包,免费礼包tw,2,,3,,,999,1,{2048=1;card={id=3221};gold=150000},102,-1,0,FALSE,0,activity/direct_gift/icon_year3.png,,100,
5214,24015,,2,酋雷姆特惠礼包,免费礼包tw,2,,3,,,999,1,{2049=1;card={id=3241};gold=150000},102,-1,0,FALSE,0,activity/direct_gift/icon_year3.png,,100,
5215,24015,,2,美洛耶塔·歌声特惠礼包,免费礼包tw,2,,3,,,999,1,{card={id=3261};2051=1;2050=1;gold=150000},102,-1,0,FALSE,0,activity/direct_gift/icon_year3.png,,100,
5216,24015,,2,伊裴尔塔尔特惠礼包,免费礼包tw,2,,3,,,999,1,{2054=1;card={id=3611};gold=150000},102,-1,0,FALSE,0,activity/direct_gift/icon_year3.png,,100,
5217,24015,,2,蒂安希特惠礼包,免费礼包tw,2,,3,,,999,1,{card={id=3631};rmb=10000;gold=150000},102,-1,0,FALSE,0,activity/direct_gift/icon_year3.png,,100,
5218,24015,,2,波尔凯尼恩特惠礼包,免费礼包tw,2,,3,,,999,1,{2081=1;card={id=3651};gold=150000},102,-1,0,FALSE,0,activity/direct_gift/icon_year3.png,,100,
5219,24015,,2,美录坦特惠礼包,免费礼包tw,2,,3,,,999,1,{card={id=4171};rmb=10000;gold=150000},102,-1,0,FALSE,0,activity/direct_gift/icon_year3.png,,100,
5220,24015,,2,胡帕特惠礼包,免费礼包tw,2,,3,,,999,1,{card={id=3641};2046=1;gold=150000},102,-1,0,FALSE,0,activity/direct_gift/icon_year3.png,,100,
5221,24015,,2,基格尔德特惠礼包,免费礼包tw,2,,3,,,999,1,{2092=1;card={id=3623};gold=150000},102,-1,0,FALSE,0,activity/direct_gift/icon_year3.png,,100,
5222,24015,,2,基拉祈特惠礼包,免费礼包tw,2,,3,,,999,1,{2052=1;card={id=1991};gold=150000},102,-1,0,FALSE,0,activity/direct_gift/icon_year3.png,,100,
5223,24015,,2,玛纳霏特惠礼包,免费礼包tw,2,,3,,,999,1,{2091=1;card={id=2421};gold=150000},102,-1,0,FALSE,0,activity/direct_gift/icon_year3.png,,100,
5224,24015,,2,盖诺赛克特特惠礼包,免费礼包tw,2,,3,,,999,1,{card={id=3271};2056=1;gold=150000},102,-1,0,FALSE,0,activity/direct_gift/icon_year3.png,,100,
5225,24015,,2,小智版甲贺忍蛙特惠礼包,免费礼包tw,2,,3,,,999,1,{2093=1;gold=150000;card={id=3304}},102,-1,0,FALSE,0,activity/direct_gift/icon_year3.png,,100,
5226,24015,,2,凤王特惠礼包,免费礼包tw,2,,3,,,999,1,{2007=1;gold=150000;card={id=1271}},102,-1,0,FALSE,0,activity/direct_gift/icon_year3.png,,100,
5299,24039,,2,时间侠盗·时拉比特惠礼包,免费礼包tw,2,,3,,,999,1,{8016=1;rmb=100000;gold=300000},104,-1,0,FALSE,0,activity/direct_gift/box_cr3.png,,100,
5300,24039,,2,歌剧魅影特惠礼包,免费礼包tw,2,,3,,,999,1,{8030=1;rmb=100000;gold=300000},104,-1,0,FALSE,0,activity/direct_gift/box_cr3.png,,100,
5301,24039,,2,胜利武装特惠礼包,免费礼包tw,2,,3,,,999,1,{8031=1;rmb=100000;gold=300000},104,-1,0,FALSE,0,activity/direct_gift/box_cr3.png,,100,
5302,24039,,2,七彩神鹿特惠礼包,免费礼包tw,2,,3,,,999,1,{8032=1;rmb=100000;gold=300000},107,-1,0,FALSE,0,activity/direct_gift/box_cr3.png,,100,
5303,24039,,2,乐动星使特惠礼包,免费礼包tw,2,,3,,,999,1,{8033=1;rmb=100000;gold=300000},104,-1,0,FALSE,0,activity/direct_gift/box_cr3.png,,100,
5304,24039,,2,夜幕影忍特惠礼包,免费礼包tw,2,,3,,,999,1,{8034=1;rmb=100000;gold=300000},104,-1,0,FALSE,0,activity/direct_gift/box_cr3.png,,100,
5305,24039,,2,霓虹闪电特惠礼包,免费礼包tw,2,,3,,,999,1,{8035=1;rmb=100000;gold=300000},104,-1,0,FALSE,0,activity/direct_gift/box_cr3.png,,100,
5306,24039,,2,美录坦特惠礼包,免费礼包tw,2,,3,,,999,1,{8036=1;rmb=100000;gold=300000},104,-1,0,FALSE,0,activity/direct_gift/box_cr3.png,,100,
5307,24039,,2,烈焰机甲特惠礼包,免费礼包tw,2,,3,,,999,1,{521=888;rmb=200000;8038=1},107,-1,0,FALSE,0,activity/direct_gift/box_cr3.png,,100,
5308,24039,,2,大鱼海棠特惠礼包,免费礼包tw,2,,3,,,999,1,{521=888;8026=1;rmb=200000},107,-1,0,FALSE,0,activity/direct_gift/box_cr3.png,,100,
5309,24039,,2,银霄战甲特惠礼包,免费礼包tw,2,,3,,,999,1,{521=888;8018=1;rmb=200000},107,-1,0,FALSE,0,activity/direct_gift/box_cr3.png,,100,
5310,24039,,2,月满花繁特惠礼包,免费礼包tw,2,,3,,,999,1,{521=888;rmb=200000;8039=1},107,-1,0,FALSE,0,activity/direct_gift/box_cr3.png,,100,
5311,24039,,2,暗曜磁暴特惠礼包,免费礼包tw,2,,3,,,999,1,{8040=1;rmb=200000;521=888},107,-1,0,FALSE,0,activity/direct_gift/box_cr3.png,,100,
5312,24039,,2,偶像歌姬特惠礼包（一套两个）,免费礼包tw,2,,3,,,999,1,{8041=1;521=1288;rmb=300000;8042=1},106,-1,0,FALSE,0,activity/direct_gift/box_cr3.png,,100,
5313,24039,,2,玄音余韵特惠礼包,免费礼包tw,2,,3,,,999,1,{521=1288;rmb=300000;8043=1},106,-1,0,FALSE,0,activity/direct_gift/box_cr3.png,,100,
5314,24039,,2,煞行破邪特惠礼包,免费礼包tw,2,,3,,,999,1,{8044=1;539=1888;rmb=400000},107,-1,0,FALSE,0,activity/direct_gift/box_cr3.png,,100,
5315,24039,,2,誓约之剑特惠礼包,免费礼包tw,2,,3,,,999,1,{8045=1;539=1888;rmb=400000},107,-1,0,FALSE,0,activity/direct_gift/box_cr3.png,,100,
5316,24039,,2,星际追击特惠礼包,免费礼包tw,2,,3,,,999,1,{8046=1;539=1888;rmb=400000},107,-1,0,FALSE,0,activity/direct_gift/box_cr3.png,,100,
5317,24039,,2,沙漠死神特惠礼包,免费礼包tw,2,,3,,,999,1,{8047=1;539=1888;rmb=400000},107,-1,0,FALSE,0,activity/direct_gift/box_cr3.png,,100,
5318,24039,,2,太极如御特惠礼包,免费礼包tw,2,,3,,,999,1,{539=1888;rmb=400000;8048=1},107,-1,0,FALSE,0,activity/direct_gift/box_cr3.png,,100,
5319,24039,,2,魅惑女巫特惠礼包,免费礼包tw,2,,3,,,999,1,{539=1888;rmb=400000;8049=1},107,-1,0,FALSE,0,activity/direct_gift/box_cr3.png,,100,
5320,24039,,2,夏日清凉特惠礼包,免费礼包tw,2,,3,,,999,1,{539=1888;rmb=400000;8050=1},107,-1,0,FALSE,0,activity/direct_gift/box_cr3.png,,100,
5321,24039,,2,星际制裁者特惠礼包,免费礼包tw,2,,3,,,999,1,{539=1888;rmb=400000;8051=1},107,-1,0,FALSE,0,activity/direct_gift/box_cr3.png,,100,
5322,24039,,2,次元骇客特惠礼包,免费礼包tw,2,,3,,,999,1,{539=1888;rmb=400000;8052=1},107,-1,0,FALSE,0,activity/direct_gift/box_cr3.png,,100,
5323,24039,,2,复仇魔女特惠礼包,免费礼包tw,2,,3,,,999,1,{539=1888;rmb=400000;8053=1},107,-1,0,FALSE,0,activity/direct_gift/box_cr3.png,,100,
5324,24039,,2,太极离火特惠礼包,免费礼包tw,2,,3,,,999,1,{539=1888;rmb=400000;8054=1},107,-1,0,FALSE,0,activity/direct_gift/box_cr3.png,,100,
5325,24039,,2,摩诃伽罗特惠礼包,免费礼包tw,2,,3,,,999,1,{539=1888;rmb=400000;8055=1},107,-1,0,FALSE,0,activity/direct_gift/box_cr3.png,,100,
5326,24039,,2,星际吞噬特惠礼包（一套三个）,免费礼包tw,2,,3,,,999,1,{8056=1;8057=1;539=1888;rmb=400000;8058=1},107,-1,0,FALSE,0,activity/direct_gift/box_cr3.png,,100,
5327,24039,,2,沧海明珠特惠礼包,免费礼包tw,2,,3,,,999,1,{539=1888;rmb=400000;8059=1},107,-1,0,FALSE,0,activity/direct_gift/box_cr3.png,,100,
5328,24039,,2,恶魔侍卫特惠礼包,免费礼包tw,2,,3,,,999,1,{539=1888;rmb=400000;8060=1},107,-1,0,FALSE,0,activity/direct_gift/box_cr3.png,,100,
5329,24039,,2,奶爸拳魂特惠礼包,免费礼包tw,2,,3,,,999,1,{539=1888;rmb=400000;8061=1},107,-1,0,FALSE,0,activity/direct_gift/box_cr3.png,,100,
5330,24039,,2,般若鬼武特惠礼包,免费礼包tw,2,,3,,,999,1,{539=1888;rmb=400000;8062=1},107,-1,0,FALSE,0,activity/direct_gift/box_cr3.png,,100,
5400,24021,,2,捷拉奥拉特惠礼包,免费礼包tw,2,,3,,,999,1,{521=588;2058=1;card={id=4161}},106,-1,0,FALSE,0,activity/direct_gift/box_cr3.png,,100,
5401,24021,,2,萨戮德特惠礼包,免费礼包tw,2,,3,,,999,1,{521=588;8201=1;card={id=9041}},106,-1,0,FALSE,0,activity/direct_gift/box_cr3.png,,100,
5402,24021,,2,比克提尼特惠礼包,免费礼包tw,2,,3,,,999,1,{2080=1;521=588;card={id=2461}},106,-1,0,FALSE,0,activity/direct_gift/box_cr3.png,,100,
,,,2,变异体:暴鲤龙特惠礼包,免费礼包tw,2,,3,,,999,1,{521=588;rmb=100000;card={id=7061}},106,-1,0,FALSE,0,activity/direct_gift/box_cr3.png,,100,
5404,24021,,2,玛机雅娜特惠礼包,免费礼包tw,2,,3,,,999,1,{521=588;2085=1;card={id=4111}},106,-1,0,FALSE,0,activity/direct_gift/box_cr3.png,,100,
5405,24021,,2,玛夏多特惠礼包,免费礼包tw,2,,3,,,999,1,{521=588;2086=1;card={id=4121}},106,-1,0,FALSE,0,activity/direct_gift/box_cr3.png,,100,
5406,24021,,2,原始固拉多特惠礼包,免费礼包tw,2,,3,,,999,1,{521=888;2033=1;card={id=1972}},106,-1,0,FALSE,0,activity/direct_gift/box_cr3.png,,100,
5407,24021,,2,原始盖欧卡特惠礼包,免费礼包tw,2,,3,,,999,1,{521=888;2083=1;card={id=1962}},106,-1,0,FALSE,0,activity/direct_gift/box_cr3.png,,100,
5408,24021,,2,超级裂空座特惠礼包,免费礼包tw,2,,3,,,999,1,{521=888;2026=1;card={id=1982}},106,-1,0,FALSE,0,activity/direct_gift/box_cr3.png,,100,
5409,24021,,2,超级蒂安希特惠礼包,免费礼包tw,2,,3,,,999,1,{521=888;2082=1;card={id=3632}},106,-1,0,FALSE,0,activity/direct_gift/box_cr3.png,,100,
5410,24021,,2,奈克洛兹玛特惠礼包,免费礼包tw,2,,3,,,999,1,{2087=1;539=888;card={id=4101}},107,-1,0,FALSE,0,activity/direct_gift/box_cr3.png,,100,
5411,24021,,2,索尔迦雷欧特惠礼包,免费礼包tw,2,,3,,,999,1,{539=888;2090=1;card={id=4023}},107,-1,0,FALSE,0,activity/direct_gift/box_cr3.png,,100,
5412,24021,,2,露奈雅拉特惠礼包,免费礼包tw,2,,3,,,999,1,{2084=1;539=888;card={id=4024}},107,-1,0,FALSE,0,activity/direct_gift/box_cr3.png,,100,
5413,24021,,2,哲尔尼亚斯特惠礼包,免费礼包tw,2,,3,,,999,1,{539=888;2057=1;card={id=3601}},107,-1,0,FALSE,0,activity/direct_gift/box_cr3.png,,100,
5414,24021,,2,闪光超级耿鬼特惠礼包,免费礼包tw,2,,3,,,999,1,{539=888;2089=1;card={id=7021}},107,-1,0,FALSE,0,activity/direct_gift/box_cr3.png,,100,
5415,24021,,2,超级超梦X,免费礼包tw,2,,3,,,999,1,{539=1288;2095=1;card={id=762}},107,-1,0,FALSE,0,activity/direct_gift/box_cr3.png,,100,
5416,24021,,2,超级超梦Y,免费礼包tw,2,,3,,,999,1,{539=1288;9001=1;card={id=763}},107,-1,0,FALSE,0,activity/direct_gift/box_cr3.png,,100,
5417,24021,,2,焰白酋雷姆,免费礼包tw,2,,3,,,999,1,{539=1288;9000=1;card={id=3242}},107,-1,0,FALSE,0,activity/direct_gift/box_cr3.png,,100,
5418,24021,,2,起源梦幻,免费礼包tw,2,,3,,,999,1,{539=1288;2096=1;card={id=7081}},107,-1,0,FALSE,0,activity/direct_gift/box_cr3.png,,100,
5419,24021,,2,凯路迪欧.觉悟,免费礼包tw,2,,3,,,999,1,{8195=1;539=1288;card={id=3252}},107,-1,0,FALSE,0,activity/direct_gift/box_cr3.png,,100,
5420,24021,,2,闪光超级沙奈朵,免费礼包tw,2,,3,,,999,1,{539=1288;2099=1;card={id=7091}},107,-1,0,FALSE,0,activity/direct_gift/box_cr3.png,,100,
5421,24021,,2,藏玛然特,免费礼包tw,2,,3,,,999,1,{539=1288;2098=1;card={id=7101}},107,-1,0,FALSE,0,activity/direct_gift/box_cr3.png,,100,
5422,24021,,2,苍响,免费礼包tw,2,,3,,,999,1,{539=1288;8194=1;card={id=7102}},107,-1,0,FALSE,0,activity/direct_gift/box_cr3.png,,100,
5423,24021,,2,闪光超级艾路雷朵,免费礼包tw,2,,3,,,999,1,{539=1288;2097=1;card={id=7111}},107,-1,0,FALSE,0,activity/direct_gift/box_cr3.png,,100,
5424,24021,,2,闪光超级路卡利欧,免费礼包tw,2,,3,,,999,1,{539=1288;9002=1;card={id=9061}},107,-1,0,FALSE,0,activity/direct_gift/box_cr3.png,,100,
5425,24021,,2,闪光超级班基拉斯,免费礼包tw,2,,3,,,999,1,{539=1288;2088=1;card={id=1254}},107,-1,0,FALSE,0,activity/direct_gift/box_cr3.png,,100,
5426,24021,,2,闪光超级巨金怪,免费礼包tw,2,,3,,,999,1,{539=1288;8203=1;card={id=9051}},107,-1,0,FALSE,0,activity/direct_gift/box_cr3.png,,100,
5427,24021,,2,艾岚超级喷火龙X,免费礼包tw,2,,3,,,999,1,{9004=1;539=1288;card={id=9081}},107,-1,0,FALSE,0,activity/direct_gift/box_cr3.png,,100,
5428,24021,,2,竹兰超级烈咬陆鲨,免费礼包tw,2,,3,,,999,1,{539=1288;9003=1;card={id=9071}},107,-1,0,FALSE,0,activity/direct_gift/box_cr3.png,,100,
5500,24018,,2,超级沙奈朵免费礼包(永久领取一次),免费礼包tw,2,,3,,,1,1,{card={id=7091};8049=1;8050=1},-1,0,0,FALSE,0,activity/direct_gift/box_cr3.png,,100,
5501,24018,,2,每日免费福利礼包,免费礼包tw,2,,3,,,1,1,{500=5;rmb=10000;gold=200000},-1,0,0,TRUE,0,common/icon/icon_box5.png,activity/double11_shop/logo_ssy_bk.png,100,
5502,24018,,2,热门精灵盲盒碎片A,免费礼包tw,2,,3,,,1,1,{8192=1;rmb=10000;gold=20000},102,-1,0,TRUE,0,common/icon/icon_box5.png,activity/double11_shop/logo_ssy_bk.png,100,
5503,24018,,2,热门精灵盲盒碎片B,免费礼包tw,2,,3,,,1,1,{8192=10;rmb=100000;gold=300000},107,-1,0,TRUE,0,common/icon/icon_box5.png,activity/double11_shop/logo_ssy_bk.png,100,
5504,24018,,2,热门精灵盲盒碎片C,免费礼包tw,2,,3,,,1,1,{8192=30;rmb=300000;gold=800000},109,-1,0,TRUE,0,common/icon/icon_box5.png,activity/double11_shop/logo_ssy_bk.png,100,
5505,24018,,2,热门精灵盲盒碎片D,免费礼包tw,2,,3,,,1,1,{8192=80;rmb=800000;gold=2000000},112,-1,0,TRUE,0,common/icon/icon_box5.png,activity/double11_shop/logo_ssy_bk.png,100,
5506,24018,,2,每日体力礼包A,免费礼包tw,2,,3,,,1,1,{500=20;rmb=10000;gold=20000},102,-1,0,TRUE,0,common/icon/icon_box5.png,activity/double11_shop/logo_ssy_bk.png,100,
5507,24018,,2,每日体力礼包B,免费礼包tw,2,,3,,,1,1,{500=200;rmb=100000;gold=300000},107,-1,0,TRUE,0,common/icon/icon_box5.png,activity/double11_shop/logo_ssy_bk.png,100,
5508,24018,,2,每日体力礼包C,免费礼包tw,2,,3,,,1,1,{500=800;rmb=400000;gold=1000000},111,-1,0,TRUE,0,common/icon/icon_box5.png,activity/double11_shop/logo_ssy_bk.png,100,
5509,24018,,2,每日神兽碎片礼包A,免费礼包tw,2,,3,,,1,1,{521=100;539=100;rmb=10000},102,-1,0,TRUE,0,common/icon/icon_box5.png,activity/double11_shop/logo_ssy_bk.png,100,
5510,24018,,2,每日神兽碎片礼包B,免费礼包tw,2,,3,,,1,1,{521=1000;539=1000;rmb=100000},107,-1,0,TRUE,0,common/icon/icon_box5.png,activity/double11_shop/logo_ssy_bk.png,100,
5511,24018,,2,每日神兽碎片礼包C,免费礼包tw,2,,3,,,1,1,{521=5000;539=5000;rmb=800000},112,-1,0,TRUE,0,common/icon/icon_box5.png,activity/double11_shop/logo_ssy_bk.png,100,
5512,24018,,2,每日神兽碎片礼包D,免费礼包tw,2,,3,,,1,1,{521=10000;539=10000;rmb=1600000},113,-1,0,TRUE,0,common/icon/icon_box5.png,activity/double11_shop/logo_ssy_bk.png,100,
5513,24018,,2,高级努力币礼包,免费礼包tw,2,,3,,,1,1,{gold=300000;rmb=50000;452=5000},106,-1,0,TRUE,0,common/icon/icon_box5.png,activity/double11_shop/logo_ssy_bk.png,100,
5514,24018,,2,高级强化石礼包,免费礼包tw,2,,3,,,1,1,{2103=2000;rmb=50000;gold=300000},106,-1,0,TRUE,0,common/icon/icon_box5.png,activity/double11_shop/logo_ssy_bk.png,100,
5515,24018,,2,素材红礼包A,免费礼包tw,2,,3,,,1,1,{29003=100;rmb=10000;gold=20000},102,-1,0,TRUE,0,common/icon/icon_box5.png,activity/double11_shop/logo_ssy_bk.png,100,
5516,24018,,2,素材红礼包B,免费礼包tw,2,,3,,,1,1,{29003=1000;rmb=100000;gold=300000},107,-1,0,TRUE,0,common/icon/icon_box5.png,activity/double11_shop/logo_ssy_bk.png,100,
5517,24018,,2,素材红礼包C,免费礼包tw,2,,3,,,1,1,{29003=2000;rmb=300000;gold=800000},109,-1,0,TRUE,0,common/icon/icon_box5.png,activity/double11_shop/logo_ssy_bk.png,100,
5518,24018,,2,金币礼包A,免费礼包tw,2,,3,,,1,1,{rmb=50000;gold=100000000},106,-1,0,TRUE,0,common/icon/icon_box5.png,activity/double11_shop/logo_ssy_bk.png,100,
5519,24018,,2,金币礼包B,免费礼包tw,2,,3,,,1,1,{rmb=200000;gold=500000000},108,-1,0,TRUE,0,common/icon/icon_box5.png,activity/double11_shop/logo_ssy_bk.png,100,
5600,24019,,2,普通橙色携带道具宝箱A,免费礼包tw,2,,3,,,999,1,{2103=1000;rmb=200000;6105=10},108,-1,0,FALSE,0,activity/direct_gift/icon_gjbx12.png,,100,
5601,24019,,2,普通橙色携带道具宝箱B,免费礼包tw,2,,3,,,999,1,{2103=2000;rmb=400000;6105=30},111,-1,0,FALSE,0,activity/direct_gift/icon_gjbx12.png,,100,
5602,24019,,2,稀有豪华橙色携带道具宝箱A,免费礼包tw,2,,3,,,999,1,{6914=10;rmb=400000;2103=1000},111,-1,0,FALSE,0,activity/direct_gift/icon_gjbx12.png,,100,
5603,24019,,2,稀有豪华橙色携带道具宝箱B,免费礼包tw,2,,3,,,999,1,{6914=30;rmb=800000;2103=2000},112,-1,0,FALSE,0,activity/direct_gift/icon_gjbx12.png,,100,
5604,24019,,2,稀有豪华橙色携带道具宝箱C,免费礼包tw,2,,3,,,999,1,{6914=80;rmb=1600000;2103=4000},113,-1,0,FALSE,0,activity/direct_gift/icon_gjbx12.png,,100,
5605,24019,,2,橙色万能石礼包A,免费礼包tw,2,,3,,,999,1,{2153=10;rmb=400000;gold=1000000},111,-1,0,FALSE,0,activity/direct_gift/icon_gjbx12.png,,100,
5606,24019,,2,橙色万能石礼包B,免费礼包tw,2,,3,,,999,1,{2153=30;rmb=800000;gold=2000000},112,-1,0,FALSE,0,activity/direct_gift/icon_gjbx12.png,,100,
5607,24019,,2,橙色万能石礼包C,免费礼包tw,2,,3,,,999,1,{2153=80;rmb=1600000;gold=4000000},113,-1,0,FALSE,0,activity/direct_gift/icon_gjbx12.png,,100,
5608,24019,,2,徽章特惠礼包A（上限99万，使用后再购买）,免费礼包tw,2,,3,,,999,1,{151=150000;rmb=400000;gold=1000000},111,-1,0,FALSE,0,activity/direct_gift/icon_gjbx12.png,,100,
5609,24019,,2,徽章特惠礼包B（上限99万，使用后再购买）,免费礼包tw,2,,3,,,999,1,{151=400000;rmb=800000;gold=2000000},112,-1,0,FALSE,0,activity/direct_gift/icon_gjbx12.png,,100,
5610,24019,,2,徽章特惠礼包C（上限99万，使用后再购买）,免费礼包tw,2,,3,,,999,1,{151=900000;rmb=1600000;gold=4000000},113,-1,0,FALSE,0,activity/direct_gift/icon_gjbx12.png,,100,
5611,24019,,2,彩虹喷漆礼包A,免费礼包tw,2,,3,,,999,1,{gold=500000;rmb=200000;152=3000},108,-1,0,FALSE,0,activity/direct_gift/icon_gjbx12.png,,100,
5612,24019,,2,彩虹喷漆礼包B,免费礼包tw,2,,3,,,999,1,{gold=1000000;rmb=400000;152=8000},111,-1,0,FALSE,0,activity/direct_gift/icon_gjbx12.png,,100,
5613,24019,,2,彩虹喷漆礼包C,免费礼包tw,2,,3,,,999,1,{gold=2000000;rmb=800000;152=20000},112,-1,0,FALSE,0,activity/direct_gift/icon_gjbx12.png,,100,
5614,24019,,2,性格薄荷礼包A,免费礼包tw,2,,3,,,999,1,{gold=500000;rmb=200000;937=10},108,-1,0,FALSE,0,activity/direct_gift/icon_gjbx12.png,,100,
5615,24019,,2,性格薄荷礼包B,免费礼包tw,2,,3,,,999,1,{gold=1000000;rmb=400000;937=20},111,-1,0,FALSE,0,activity/direct_gift/icon_gjbx12.png,,100,
5616,24019,,2,翡翠星石礼包A,免费礼包tw,2,,3,,,999,1,{501=500;rmb=200000;gold=500000},108,-1,0,FALSE,0,activity/direct_gift/icon_gjbx12.png,,100,
5617,24019,,2,翡翠星石礼包B,免费礼包tw,2,,3,,,999,1,{501=1200;rmb=400000;gold=1000000},111,-1,0,FALSE,0,activity/direct_gift/icon_gjbx12.png,,100,
5618,24019,,2,饰品觉醒礼包A,免费礼包tw,2,,3,,,999,1,{501=200;rmb=200000;6059=100},108,-1,0,FALSE,0,activity/direct_gift/icon_gjbx12.png,,100,
5619,24019,,2,饰品觉醒礼包B,免费礼包tw,2,,3,,,999,1,{501=600;rmb=400000;6059=300},111,-1,0,FALSE,0,activity/direct_gift/icon_gjbx12.png,,100,
5620,24019,,2,饰品觉醒礼包C,免费礼包tw,2,,3,,,999,1,{501=800;rmb=800000;6059=500},112,-1,0,FALSE,0,activity/direct_gift/icon_gjbx12.png,,100,
5621,24019,,2,饰品觉醒礼包D,免费礼包tw,2,,3,,,999,1,{501=1000;rmb=1600000;6059=800},113,-1,0,FALSE,0,activity/direct_gift/icon_gjbx12.png,,100,
5622,24019,,2,探险零件礼盒A,免费礼包tw,2,,3,,,999,1,{rmb=200000;4000=10000;gold=500000},108,-1,0,FALSE,0,activity/direct_gift/icon_gjbx12.png,,100,
5623,24019,,2,探险零件礼盒B,免费礼包tw,2,,3,,,999,1,{rmb=400000;4000=40000;gold=1000000},111,-1,0,FALSE,0,activity/direct_gift/icon_gjbx12.png,,100,
5624,24019,,2,探险零件礼盒C,免费礼包tw,2,,3,,,999,1,{rmb=800000;4000=100000;gold=2000000},112,-1,0,FALSE,0,activity/direct_gift/icon_gjbx12.png,,100,
5625,24019,,2,紫色探险器礼盒,免费礼包tw,2,,3,,,999,1,{rmb=200000;4000=5000;966=100},108,-1,0,FALSE,0,activity/direct_gift/icon_gjbx12.png,,100,
5626,24019,,2,橙色探险器礼盒A,免费礼包tw,2,,3,,,999,1,{rmb=200000;4000=10000;967=100},108,-1,0,FALSE,0,activity/direct_gift/icon_gjbx12.png,,100,
5627,24019,,2,橙色探险器礼盒B,免费礼包tw,2,,3,,,999,1,{rmb=400000;4000=10000;967=300},111,-1,0,FALSE,0,activity/direct_gift/icon_gjbx12.png,,100,
5628,24019,,2,携带核心礼包A,免费礼包tw,2,,3,,,999,1,{6071=2000;rmb=200000;2103=1000},108,-1,0,FALSE,0,activity/direct_gift/icon_gjbx12.png,,100,
5629,24019,,2,携带核心礼包B,免费礼包tw,2,,3,,,999,1,{6071=4000;rmb=400000;2103=2000},111,-1,0,FALSE,0,activity/direct_gift/icon_gjbx12.png,,100,
5630,24019,,2,携带核心礼包C,免费礼包tw,2,,3,,,999,1,{6071=6000;rmb=800000;2103=3000},112,-1,0,FALSE,0,activity/direct_gift/icon_gjbx12.png,,100,
5631,24019,,2,携带核心礼包D,免费礼包tw,2,,3,,,999,1,{6071=12000;rmb=1600000;2103=4000},113,-1,0,FALSE,0,activity/direct_gift/icon_gjbx12.png,,100,
5700,101028,,2,单品道具,免费礼包tw,2,,3,,,999,1,{452=30},-1,100,0,TRUE,0,activity/direct_gift/icon_cjbx1.png,activity/double11_shop/logo_ssy_bk.png,200,
5701,101028,,2,单品道具,免费礼包tw,2,,3,,,999,1,{451=100},-1,100,0,TRUE,0,activity/direct_gift/icon_cjbx1.png,activity/double11_shop/logo_ssy_bk.png,200,
5702,101028,,2,单品道具,免费礼包tw,2,,3,,,999,1,{520=10},-1,200,0,TRUE,0,activity/direct_gift/icon_cjbx1.png,activity/double11_shop/logo_ssy_bk.png,280,
5703,101028,,2,单品道具,免费礼包tw,2,,3,,,999,1,{4000=100},-1,200,0,FALSE,1,activity/direct_gift/icon_cjbx1.png,,250,
5704,101028,,2,单品道具,免费礼包tw,2,,3,,,999,1,{503=20},-1,300,0,FALSE,1,activity/direct_gift/icon_cjbx1.png,,400,
5705,101028,,2,单品道具,免费礼包tw,2,,3,,,999,1,{941=1},-1,300,0,FALSE,1,activity/direct_gift/icon_cjbx1.png,,420,
5800,101029,,2,成长礼包,免费礼包tw,2,,3,,,999,1,{gold=50000;rmb=60;stamina=100;12=10},102,-1,0,TRUE,0,common/icon/icon_signin_box3_open.png,activity/double11_shop/logo_ssy_qt.png,299,
5801,101029,,2,努力值礼包,免费礼包tw,2,,3,,,999,1,{451=100;452=30},106,-1,0,TRUE,0,common/icon/icon_signin_box3_open.png,activity/double11_shop/logo_ssy_qt.png,299,
5802,101029,,2,探险器礼包,免费礼包tw,2,,3,,,999,1,{4000=100;520=10},108,-1,0,FALSE,1,common/icon/icon_signin_box2_open.png,,299,
5803,101029,,2,饰品抽卡礼包,免费礼包tw,2,,3,,,999,1,{503=20;941=1},108,-1,0,FALSE,1,common/icon/icon_signin_box2_open.png,,299,
5804,101029,,2,惊喜礼包,免费礼包tw,2,,3,,,999,1,{451=100;rmb=60;452=30},108,-1,0,FALSE,1,common/icon/icon_signin_box2_open.png,,299,
5900,24020,,2,免费礼包,免费礼包tw,2,,3,,,1,1,{2103=3;4000=2000;rmb=30},-1,0,0,TRUE,0,activity/direct_gift/icon_gjbx12.png,,100,
5901,24020,,2,携带兑换礼包,免费礼包tw,2,,3,,,3,1,{6071=2000;rmb=98000;2103=10},108,-1,0,TRUE,0,activity/direct_gift/icon_gjbx12.png,,100,
5902,24020,,2,携带兑换礼包,免费礼包tw,2,,3,,,3,1,{6071=4000;rmb=190000;2103=20},111,-1,0,TRUE,0,activity/direct_gift/icon_gjbx12.png,,100,
5903,24020,,2,携带兑换礼包,免费礼包tw,2,,3,,,5,1,{6071=6000;rmb=320000;2103=30},112,-1,0,TRUE,0,activity/direct_gift/icon_gjbx12.png,,100,
5904,24020,,2,携带兑换礼包,免费礼包tw,2,,3,,,5,1,{6071=12000;rmb=640000;2103=60},113,-1,0,TRUE,0,activity/direct_gift/icon_gjbx12.png,,100,
5905,24020,,2,探险器养成礼包,免费礼包tw,2,,3,,,3,1,{962=200;4000=100;rmb=98000},108,-1,0,TRUE,0,activity/direct_gift/icon_gjbx12.png,,100,
5906,24020,,2,探险器养成礼包,免费礼包tw,2,,3,,,2,1,{963=100;4000=200;rmb=190000},111,-1,0,TRUE,0,activity/direct_gift/icon_gjbx12.png,,100,
6017,24021,,2,假面超级火鸡首发礼包,免费礼包tw,2,,3,,,1,1,{521=2400;card={id=9121};9046=1},107,-1,1,FALSE,0,activity/direct_gift/icon_gjbx12.png,,100,
6018,24021,,2,蕾冠王·白马首发礼包,免费礼包tw,2,,3,,,1,1,{521=2400;card={id=9111};9006=1},107,-1,1,FALSE,0,activity/direct_gift/icon_gjbx12.png,,100,
6019,24021,,2,蕾冠王·黑马首发礼包,免费礼包tw,2,,3,,,1,1,{521=2400;card={id=9101};9005=1},107,-1,1,FALSE,0,activity/direct_gift/icon_gjbx12.png,,100,
6023,24021,,2,无极汰那首发礼包,免费礼包tw,2,,3,,,1,1,{521=2400;card={id=9131};gold=5000000},107,-1,1,FALSE,0,activity/direct_gift/icon_gjbx12.png,,100,
6024,24021,,2,闪光超级耿鬼重做礼包,免费礼包tw,2,,3,,,1,1,{521=2400;card={id=7021};gold=5000000},107,-1,1,FALSE,0,activity/direct_gift/icon_gjbx12.png,,100,
6025,24021,,2,闪光超级蜥蜴王首发礼包,免费礼包tw,2,,3,,,1,1,{521=2400;card={id=9141};gold=5000000},107,-1,1,FALSE,0,activity/direct_gift/icon_gjbx12.png,,100,
6027,24021,,2,冠军皮卡丘首发礼包,免费礼包tw,2,,3,,,1,1,{521=2400;9053=1;card={id=9181}},107,-1,1,FALSE,0,activity/direct_gift/icon_gjbx12.png,,100,
6028,24021,,2,暗黑酋雷姆礼包,免费礼包tw,2,,3,,,1,1,{521=2400;card={id=3244};9056=1},108,-1,1,FALSE,0,activity/direct_gift/icon_gjbx12.png,,100,
6029,24021,,2,密勒顿礼包,免费礼包tw,2,,3,,,1,1,{521=2400;9051=1;card={id=9161}},107,-1,1,FALSE,0,activity/direct_gift/icon_gjbx12.png,,100,
6035,24021,,2,故勒顿首发礼包,免费礼包tw,2,,3,,,1,1,{521=2400;9054=1;card={id=9191}},107,-1,1,FALSE,0,activity/direct_gift/icon_gjbx12.png,,100,
6036,24021,,2,闪光超级妙蛙花首发礼包,免费礼包tw,2,,3,,,1,1,{521=2400;9048=1;card={id=9151}},107,-1,1,FALSE,0,activity/direct_gift/icon_gjbx12.png,,100,
6037,24021,,2,闪光超级暴雪王首发礼包,免费礼包tw,2,,3,,,1,1,{521=2400;9047=1;card={id=9091}},107,-1,1,FALSE,0,activity/direct_gift/icon_gjbx12.png,,100,
6038,24021,,2,希嘉娜超级暴飞龙首发礼包,免费礼包tw,2,,3,,,1,1,{521=2400;9055=1;card={id=9201}},107,-1,1,FALSE,0,activity/direct_gift/icon_gjbx12.png,,100,
6039,24021,,2,黄昏之鬃首发礼包,免费礼包tw,2,,3,,,1,1,{521=2400;card={id=9211};9075=1},108,-1,1,FALSE,0,activity/direct_gift/icon_gjbx12.png,,100,
6040,24021,,2,红色闪电超级巨钳螳螂首发礼包,免费礼包tw,2,,3,,,1,1,{521=2400;card={id=9221};9076=1},107,-1,1,FALSE,0,activity/direct_gift/icon_gjbx12.png,,100,
6041,24021,,2,帝牙卢卡·起源首发礼包,免费礼包tw,2,,3,,,1,1,{521=2400;card={id=9231};9077=1},108,-1,1,FALSE,0,activity/direct_gift/icon_gjbx12.png,,100,
6042,24021,,2,小刚超级大钢蛇首发礼包,免费礼包tw,2,,3,,,1,1,{521=2400;card={id=9171};9052=1},107,-1,1,FALSE,0,activity/direct_gift/icon_gjbx12.png,,100,
6100,24022,,2,精灵升级礼包,免费礼包tw,2,,3,,,10,1,{16=500;rmb=60000;gold=200000},107,-1,0,TRUE,0,activity/direct_gift/icon_gjbx12.png,,100,
6101,24022,,2,特权币特惠礼包,免费礼包tw,2,,3,,,10,1,{453=10000;rmb=60000;gold=200000},107,-1,0,TRUE,0,activity/direct_gift/icon_gjbx12.png,,100,
6102,24022,,2,符石精华特惠礼包,免费礼包tw,2,,3,,,10,1,{529=100000;rmb=60000;gold=200000},107,-1,0,TRUE,0,activity/direct_gift/icon_gjbx12.png,,100,
6103,24022,,2,红色符石自选宝箱,免费礼包tw,2,,3,,,10,1,{529=20000;994=10;rmb=60000},107,-1,0,TRUE,0,activity/direct_gift/icon_gjbx12.png,,100,
6104,24022,,2,红色芯片自选宝箱,免费礼包tw,2,,3,,,10,1,{7325=10;rmb=60000;124=500},107,-1,0,TRUE,0,activity/direct_gift/icon_gjbx12.png,,100,
6105,24022,,2,紫色晶片特惠礼包,免费礼包tw,2,,3,,,10,1,{124=2000;rmb=60000;gold=200000},107,-1,0,TRUE,0,activity/direct_gift/icon_gjbx12.png,,100,
6106,24022,,2,洗练核心特惠礼包,免费礼包tw,2,,3,,,10,1,{121=1000;rmb=60000;gold=200000},107,-1,0,TRUE,0,activity/direct_gift/icon_gjbx12.png,,100,
6107,24022,,2,高级努力币特惠礼包,免费礼包tw,2,,3,,,10,1,{gold=200000;rmb=60000;452=5000},107,-1,0,TRUE,0,activity/direct_gift/icon_gjbx12.png,,100,
6108,24022,,2,亲密度特惠礼包,免费礼包tw,2,,3,,,10,1,{605=1000;rmb=60000;gold=200000},107,-1,0,TRUE,0,activity/direct_gift/icon_gjbx12.png,,100,
6109,24022,,2,橙色万能石特惠礼包,免费礼包tw,2,,3,,,10,1,{2153=5;rmb=60000;gold=200000},107,-1,0,TRUE,0,activity/direct_gift/icon_gjbx12.png,,100,
6110,24022,,2,徽章碎片特惠礼包,免费礼包tw,2,,3,,,10,1,{151=30000;rmb=60000;gold=200001},107,-1,0,TRUE,0,activity/direct_gift/icon_gjbx12.png,,100,
6111,24022,,2,彩虹喷漆特惠礼包,免费礼包tw,2,,3,,,10,1,{gold=200001;rmb=60000;152=1000},107,-1,0,TRUE,0,activity/direct_gift/icon_gjbx12.png,,100,
6112,24022,,2,性格薄荷特惠礼包,免费礼包tw,2,,3,,,10,1,{gold=200001;rmb=60000;937=5},107,-1,0,TRUE,0,activity/direct_gift/icon_gjbx12.png,,100,
,24023,,2,爱莲,免费礼包tw,2,,3,,,2,1,{2272=1;rmb=500000;539=888},108,-1,0,FALSE,0,activity/direct_gift/icon_gjbx12.png,,100,
,24023,,2,爱丽丝,免费礼包tw,2,,3,,,1,1,{2273=1;rmb=500000;539=888},108,-1,0,FALSE,0,activity/direct_gift/icon_gjbx12.png,,100,
,24023,,2,米亚,免费礼包tw,2,,3,,,1,1,{2274=1;rmb=500000;539=888},108,-1,0,FALSE,0,activity/direct_gift/icon_gjbx12.png,,100,
,24023,,2,限定称号自选,免费礼包tw,2,,3,,,1,1,{9403=1;539=88;rmb=10000},103,-1,0,FALSE,0,activity/direct_gift/icon_gjbx12.png,,100,
6300,24024,,2,碎片礼包,免费礼包tw,2,,3,,,1,1,{521=2400;rmb=20000;gold=20000},108,-1,1,FALSE,0,activity/direct_gift/icon_gjbx12.png,,198,
6301,24024,,2,体力礼包,免费礼包tw,2,,3,,,1,1,{rmb=190000;500=960},110,-1,2,FALSE,0,activity/direct_gift/icon_gjbx12.png,,198,
6302,24024,,2,精灵自选礼包,免费礼包tw,2,,3,,,3,1,{521=240;6199=1;2192=1},110,-1,3,FALSE,0,activity/direct_gift/icon_gjbx12.png,,198,
6303,24024,,2,皮肤自选礼包,免费礼包tw,2,,3,,,3,1,{521=120;539=120;2191=1},108,-1,4,FALSE,0,activity/direct_gift/icon_gjbx12.png,,128,
6304,24024,,2,携带道具自选礼包,免费礼包tw,2,,3,,,2,1,{2103=10;6915=1},110,-1,5,FALSE,0,activity/direct_gift/icon_gjbx12.png,,198,
6305,24024,,2,世界盲盒礼包,免费礼包tw,2,,3,,,5,1,{rmb=30000;9100=10},106,-1,6,FALSE,0,activity/direct_gift/icon_gjbx12.png,,60,
6306,24024,,2,世界盲盒礼包,免费礼包tw,2,,3,,,3,1,{rmb=60000;9100=20},107,-1,7,FALSE,0,activity/direct_gift/icon_gjbx12.png,,128,
6307,24024,,2,世界盲盒礼包,免费礼包tw,2,,3,,,2,1,{rmb=168000;9100=60},110,-1,8,FALSE,0,activity/direct_gift/icon_gjbx12.png,,368,
6308,24024,,2,精灵升级礼包,免费礼包tw,2,,3,,,10,1,{16=500;rmb=60000;gold=200000},115,-1,9,FALSE,0,activity/direct_gift/icon_gjbx12.png,,60,
6309,24024,,2,特权币特惠礼包,免费礼包tw,2,,3,,,10,1,{453=10000;rmb=60000;gold=200000},115,-1,10,FALSE,0,activity/direct_gift/icon_gjbx12.png,,60,
6310,24024,,2,符石精华特惠礼包,免费礼包tw,2,,3,,,10,1,{529=100000;rmb=60000;gold=200000},115,-1,11,FALSE,0,activity/direct_gift/icon_gjbx12.png,,60,
6311,24024,,2,潜能养成礼包,免费礼包tw,2,,3,,,10,1,{850=20000;rmb=300000;851=8000},105,-1,12,FALSE,0,activity/direct_gift/icon_gjbx12.png,,30,
6312,24024,,2,红色符石自选宝箱,免费礼包tw,2,,3,,,10,1,{529=20000;994=10;rmb=60000},115,-1,13,FALSE,0,activity/direct_gift/icon_gjbx12.png,,60,
6313,24024,,2,红色芯片自选宝箱,免费礼包tw,2,,3,,,10,1,{7325=10;rmb=60000;124=500},115,-1,14,FALSE,0,activity/direct_gift/icon_gjbx12.png,,60,
6314,24024,,2,紫色晶片特惠礼包,免费礼包tw,2,,3,,,10,1,{124=2000;rmb=60000;gold=200000},115,-1,15,FALSE,0,activity/direct_gift/icon_gjbx12.png,,60,
6315,24024,,2,洗练核心特惠礼包,免费礼包tw,2,,3,,,10,1,{121=1000;rmb=60000;gold=200000},115,-1,16,FALSE,0,activity/direct_gift/icon_gjbx12.png,,60,
6316,24024,,2,高级努力币特惠礼包,免费礼包tw,2,,3,,,10,1,{gold=200000;rmb=60000;452=5000},115,-1,17,FALSE,0,activity/direct_gift/icon_gjbx12.png,,60,
6317,24024,,2,亲密度特惠礼包,免费礼包tw,2,,3,,,10,1,{605=1000;rmb=60000;gold=200000},115,-1,18,FALSE,0,activity/direct_gift/icon_gjbx12.png,,60,
6318,24024,,2,橙色万能石特惠礼包,免费礼包tw,2,,3,,,10,1,{2153=2;rmb=60000;gold=200000},115,-1,19,FALSE,0,activity/direct_gift/icon_gjbx12.png,,60,
6319,24024,,2,徽章碎片特惠礼包,免费礼包tw,2,,3,,,10,1,{151=30000;rmb=60000;gold=200001},115,-1,20,FALSE,0,activity/direct_gift/icon_gjbx12.png,,60,
6320,24024,,2,彩虹喷漆特惠礼包,免费礼包tw,2,,3,,,10,1,{gold=200001;rmb=60000;152=1000},115,-1,21,FALSE,0,activity/direct_gift/icon_gjbx12.png,,60,
6321,24024,,2,性格薄荷特惠礼包,免费礼包tw,2,,3,,,10,1,{gold=200001;rmb=60000;937=5},115,-1,22,FALSE,0,activity/direct_gift/icon_gjbx12.png,,60,
6322,24024,,2,携带兑换礼包,免费礼包tw,2,,3,,,3,1,{6071=2000;rmb=98000;2103=10},117,-1,23,FALSE,0,activity/direct_gift/icon_gjbx12.png,,98,
6323,24024,,2,携带兑换礼包,免费礼包tw,2,,3,,,2,1,{6071=4000;rmb=190000;2103=20},110,-1,24,FALSE,0,activity/direct_gift/icon_gjbx12.png,,198,
6324,24024,,2,携带兑换礼包,免费礼包tw,2,,3,,,1,1,{6071=6000;rmb=320000;2103=30},111,-1,25,FALSE,0,activity/direct_gift/icon_gjbx12.png,,328,
6400,24025,,2,神兽万能碎片,免费礼包tw,2,,3,,,3,1,{521=2000},107,-1,1,FALSE,0,activity/direct_gift/icon_cjbx1.png,activity/double11_shop/logo_ssy_bk.png,198,
6401,24025,,2,豪华便当,免费礼包tw,2,,3,,,2,1,{500=800},109,-1,2,FALSE,0,activity/direct_gift/icon_cjbx1.png,activity/double11_shop/logo_ssy_bk.png,198,
6402,24025,,2,蓝玉潜能石,免费礼包tw,2,,3,,,10,1,{850=16000},104,-1,3,FALSE,0,activity/direct_gift/icon_cjbx1.png,,30,
6403,24025,,2,紫色强化石,免费礼包tw,2,,3,,,10,1,{2103=800},104,-1,4,FALSE,0,activity/direct_gift/icon_cjbx1.png,activity/double11_shop/logo_ssy_bk.png,30,
6404,24025,,2,紫晶潜能石,免费礼包tw,2,,3,,,10,1,{851=6000},104,-1,5,FALSE,0,activity/direct_gift/icon_cjbx1.png,activity/double11_shop/logo_ssy_bk.png,30,
6405,24025,,2,探险零件,免费礼包tw,2,,3,,,10,1,{4000=16000},104,-1,6,FALSE,0,activity/direct_gift/icon_cjbx1.png,activity/double11_shop/logo_ssy_bk.png,30,
6406,24025,,2,紫色晶片,免费礼包tw,2,,3,,,10,1,{124=800},104,-1,7,FALSE,0,activity/direct_gift/icon_cjbx1.png,,30,
6407,24025,,2,携带核心,免费礼包tw,2,,3,,,5,1,{6071=3000},108,-1,8,FALSE,0,activity/direct_gift/icon_cjbx1.png,activity/double11_shop/logo_ssy_bk.png,168,
6408,24025,,2,世界盲盒礼包,免费礼包tw,2,,3,,,5,1,{9100=10},106,-1,8,FALSE,0,activity/direct_gift/icon_cjbx1.png,activity/double11_shop/logo_ssy_bk.png,60,
6409,24025,,2,世界盲盒礼包,免费礼包tw,2,,3,,,3,1,{9100=20},107,-1,8,FALSE,0,activity/direct_gift/icon_cjbx1.png,activity/double11_shop/logo_ssy_bk.png,60,
6410,24025,,2,世界盲盒礼包,免费礼包tw,2,,3,,,1,1,{9100=60},110,-1,8,FALSE,0,activity/direct_gift/icon_cjbx1.png,activity/double11_shop/logo_ssy_bk.png,60,
6500,24026,,2,普通万能碎片,免费礼包tw,2,,3,,,5,1,{502=100},-1,20000,1,TRUE,0,activity/direct_gift/icon_cjbx1.png,,50000,
6501,24026,,2,神兽万能碎片,免费礼包tw,2,,3,,,3,1,{521=80},-1,50000,2,TRUE,0,activity/direct_gift/icon_cjbx1.png,activity/double11_shop/logo_ssy_bk.png,100000,
6502,24026,,2,升星万能碎片,免费礼包tw,2,,3,,,1,1,{539=80},-1,50000,3,TRUE,0,activity/direct_gift/icon_cjbx1.png,activity/double11_shop/logo_ssy_bk.png,100000,
6600,24027,,2,世界盲盒礼包,免费礼包tw,2,,3,,,10,1,{rmb=10000;9100=1},102,-1,1,TRUE,0,activity/direct_gift/icon_zjbx2.png,,100,
6601,24027,,2,世界盲盒礼包,免费礼包tw,2,,3,,,10,1,{rmb=60000;9100=5},106,-1,2,TRUE,0,activity/direct_gift/icon_zjbx2.png,,100,
6602,24027,,2,世界盲盒礼包,免费礼包tw,2,,3,,,5,1,{rmb=120000;9100=10},107,-1,3,TRUE,0,activity/direct_gift/icon_gjbx12.png,,100,
6603,24027,,2,世界盲盒礼包,免费礼包tw,2,,3,,,3,1,{rmb=250000;9100=22},109,-1,4,TRUE,0,activity/direct_gift/icon_gjbx12.png,,100,
6604,24027,,2,世界盲盒礼包,免费礼包tw,2,,3,,,3,1,{rmb=800000;9100=60},112,-1,5,TRUE,0,activity/direct_gift/icon_gjbx12.png,,100,
6605,24027,,2,世界盲盒礼包,免费礼包tw,2,,3,,,2,1,{rmb=1600000;9100=130},113,-1,6,TRUE,0,activity/direct_gift/icon_gjbx12.png,,100,
6700,24028,,2,中秋特惠礼包,免费礼包tw,2,,3,,,2,1,{521=2400;rmb=20000;gold=20000},108,-1,1,FALSE,0,activity/direct_gift/icon_sc_zqlb1.png,,198,
6701,24028,,2,中秋特惠礼包,免费礼包tw,2,,3,,,2,1,{rmb=190000;500=960},110,-1,2,FALSE,0,activity/direct_gift/icon_sc_zqlb1.png,,198,
6702,24028,,2,中秋特惠礼包,免费礼包tw,2,,3,,,6,1,{521=240;6199=1;2192=1},110,-1,3,FALSE,0,activity/direct_gift/icon_sc_zqlb1.png,,198,
6703,24028,,2,中秋特惠礼包,免费礼包tw,2,,3,,,6,1,{521=120;539=120;2191=1},108,-1,4,FALSE,0,activity/direct_gift/icon_sc_zqlb2.png,,128,
6704,24028,,2,中秋特惠礼包,免费礼包tw,2,,3,,,4,1,{2103=10;6915=1},110,-1,5,FALSE,0,activity/direct_gift/icon_sc_zqlb2.png,,198,
6705,24028,,2,中秋特惠礼包,免费礼包tw,2,,3,,,10,1,{rmb=30000;9100=10},106,-1,6,FALSE,0,activity/direct_gift/icon_sc_zqlb3.png,,60,
6706,24028,,2,中秋特惠礼包,免费礼包tw,2,,3,,,6,1,{rmb=60000;9100=20},107,-1,7,FALSE,0,activity/direct_gift/icon_sc_zqlb3.png,,128,
6707,24028,,2,中秋特惠礼包,免费礼包tw,2,,3,,,4,1,{rmb=168000;9100=60},110,-1,8,FALSE,0,activity/direct_gift/icon_sc_zqlb3.png,,368,
6708,24028,,2,中秋特惠礼包,免费礼包tw,2,,3,,,20,1,{16=500;rmb=60000;gold=200000},115,-1,9,FALSE,0,activity/direct_gift/icon_sc_zqlb1.png,,60,
6709,24028,,2,中秋特惠礼包,免费礼包tw,2,,3,,,20,1,{453=10000;rmb=60000;gold=200000},115,-1,10,FALSE,0,activity/direct_gift/icon_sc_zqlb1.png,,60,
6710,24028,,2,中秋特惠礼包,免费礼包tw,2,,3,,,20,1,{529=100000;rmb=60000;gold=200000},115,-1,11,FALSE,0,activity/direct_gift/icon_sc_zqlb1.png,,60,
6711,24028,,2,中秋特惠礼包,免费礼包tw,2,,3,,,20,1,{850=20000;rmb=300000;851=8000},105,-1,12,FALSE,0,activity/direct_gift/icon_sc_zqlb2.png,,30,
6712,24028,,2,中秋特惠礼包,免费礼包tw,2,,3,,,20,1,{529=20000;994=10;rmb=60000},115,-1,13,FALSE,0,activity/direct_gift/icon_sc_zqlb2.png,,60,
6713,24028,,2,中秋特惠礼包,免费礼包tw,2,,3,,,20,1,{7325=10;rmb=60000;124=500},115,-1,14,FALSE,0,activity/direct_gift/icon_sc_zqlb3.png,,60,
6714,24028,,2,中秋特惠礼包,免费礼包tw,2,,3,,,20,1,{124=2000;rmb=60000;gold=200000},115,-1,15,FALSE,0,activity/direct_gift/icon_sc_zqlb3.png,,60,
6715,24028,,2,中秋特惠礼包,免费礼包tw,2,,3,,,20,1,{121=1000;rmb=60000;gold=200000},115,-1,16,FALSE,0,activity/direct_gift/icon_sc_zqlb3.png,,60,
6716,24028,,2,中秋特惠礼包,免费礼包tw,2,,3,,,20,1,{gold=200000;rmb=60000;452=5000},115,-1,17,FALSE,0,activity/direct_gift/icon_sc_zqlb1.png,,60,
6717,24028,,2,中秋特惠礼包,免费礼包tw,2,,3,,,20,1,{605=1000;rmb=60000;gold=200000},115,-1,18,FALSE,0,activity/direct_gift/icon_sc_zqlb1.png,,60,
6718,24028,,2,中秋特惠礼包,免费礼包tw,2,,3,,,20,1,{2153=2;rmb=60000;gold=200000},115,-1,19,FALSE,0,activity/direct_gift/icon_sc_zqlb1.png,,60,
6719,24028,,2,中秋特惠礼包,免费礼包tw,2,,3,,,20,1,{151=30000;rmb=60000;gold=200001},115,-1,20,FALSE,0,activity/direct_gift/icon_sc_zqlb2.png,,60,
6720,24028,,2,中秋特惠礼包,免费礼包tw,2,,3,,,20,1,{gold=200001;rmb=60000;152=1000},115,-1,21,FALSE,0,activity/direct_gift/icon_sc_zqlb2.png,,60,
6721,24028,,2,中秋特惠礼包,免费礼包tw,2,,3,,,20,1,{gold=200001;rmb=60000;937=5},115,-1,22,FALSE,0,activity/direct_gift/icon_sc_zqlb3.png,,60,
6722,24028,,2,中秋特惠礼包,免费礼包tw,2,,3,,,6,1,{6071=2000;rmb=98000;2103=10},117,-1,23,FALSE,0,activity/direct_gift/icon_sc_zqlb3.png,,98,
6723,24028,,2,中秋特惠礼包,免费礼包tw,2,,3,,,5,1,{6071=4000;rmb=190000;2103=20},110,-1,24,FALSE,0,activity/direct_gift/icon_sc_zqlb3.png,,198,
6724,24028,,2,中秋特惠礼包,免费礼包tw,2,,3,,,3,1,{6071=6000;rmb=320000;2103=30},111,-1,25,FALSE,0,activity/direct_gift/icon_sc_zqlb3.png,,328,
6800,24029,,2,盛典特惠礼包,免费礼包tw,2,,3,,,1,1,{rmb=6000;stamina=600;gold=6000000},-1,0,0,FALSE,0,activity/direct_gift/box_khqd1.png,,100,
6801,24029,,2,盛典特惠礼包,免费礼包tw,2,,3,,,50,1,{9016=80;rmb=60000;gold=30000000},106,-1,0,FALSE,0,activity/direct_gift/box_khqd1.png,,100,
6802,24029,,2,盛典特惠礼包,免费礼包tw,2,,3,,,50,1,{500=200;rmb=60000;gold=30000000},106,-1,0,FALSE,0,activity/direct_gift/box_khqd1.png,,100,
6803,24029,,2,盛典特惠礼包,免费礼包tw,2,,3,,,50,1,{gold=30000000;rmb=60000;452=3000},106,-1,0,FALSE,0,activity/direct_gift/box_khqd1.png,,100,
6804,24029,,2,盛典特惠礼包,免费礼包tw,2,,3,,,50,1,{453=6000;rmb=60000;gold=30000000},106,-1,0,FALSE,0,activity/direct_gift/box_khqd1.png,,100,
6805,24029,,2,盛典特惠礼包,免费礼包tw,2,,3,,,50,1,{gold=30000000;rmb=60000;talent_point=1000},106,-1,0,FALSE,0,activity/direct_gift/box_khqd2.png,,100,
6806,24029,,2,盛典特惠礼包,免费礼包tw,2,,3,,,50,1,{501=200;rmb=60000;gold=30000000},106,-1,0,FALSE,0,activity/direct_gift/box_khqd2.png,,100,
6807,24029,,2,盛典特惠礼包,免费礼包tw,2,,3,,,50,1,{6059=16;rmb=60000;gold=30000000},106,-1,0,FALSE,0,activity/direct_gift/box_khqd2.png,,100,
6808,24029,,2,盛典特惠礼包,免费礼包tw,2,,3,,,50,1,{2103=1500;rmb=60000;gold=30000000},106,-1,0,FALSE,0,activity/direct_gift/box_khqd2.png,,100,
6809,24029,,2,盛典特惠礼包,免费礼包tw,2,,3,,,50,1,{850=40000;rmb=60000;gold=30000000},106,-1,0,FALSE,0,activity/direct_gift/box_khqd2.png,,100,
6810,24029,,2,盛典特惠礼包,免费礼包tw,2,,3,,,50,1,{851=20000;rmb=60000;gold=30000000},106,-1,0,FALSE,0,activity/direct_gift/box_khqd2.png,,100,
6811,24029,,2,盛典特惠礼包,免费礼包tw,2,,3,,,50,1,{rmb=60000;4000=30000;gold=30000000},106,-1,0,FALSE,0,activity/direct_gift/box_khqd2.png,,100,
6812,24029,,2,盛典特惠礼包,免费礼包tw,2,,3,,,50,1,{124=1500;rmb=60000;gold=30000000},106,-1,0,FALSE,0,activity/direct_gift/box_khqd3.png,,100,
6813,24029,,2,盛典特惠礼包,免费礼包tw,2,,3,,,50,1,{7315=8;rmb=60000;gold=30000000},106,-1,0,FALSE,0,activity/direct_gift/box_khqd3.png,,100,
6814,24029,,2,盛典特惠礼包,免费礼包tw,2,,3,,,50,1,{529=70000;rmb=60000;gold=30000000},106,-1,0,FALSE,0,activity/direct_gift/box_khqd3.png,,100,
6815,24029,,2,盛典特惠礼包,免费礼包tw,2,,3,,,50,1,{994=8;rmb=60000;gold=30000000},106,-1,0,FALSE,0,activity/direct_gift/box_khqd3.png,,100,
6816,24029,,2,盛典特惠礼包,免费礼包tw,2,,3,,,15,1,{6071=2000;rmb=98000;gold=98000000},117,-1,23,FALSE,0,activity/direct_gift/box_khqd3.png,,98,
6817,24029,,2,盛典特惠礼包,免费礼包tw,2,,3,,,10,1,{6071=4000;rmb=190000;gold=190000000},110,-1,24,FALSE,0,activity/direct_gift/box_khqd3.png,,198,
6818,24029,,2,盛典特惠礼包,免费礼包tw,2,,3,,,5,1,{6071=6000;rmb=320000;gold=320000000},111,-1,25,FALSE,0,activity/direct_gift/box_khqd3.png,,328,
6819,24029,,2,盛典特惠礼包,免费礼包tw,2,,3,,,15,1,{9100=10;rmb=60000;gold=30000000},106,-1,6,FALSE,0,activity/direct_gift/box_khqd3.png,,60,
6820,24029,,2,盛典特惠礼包,免费礼包tw,2,,3,,,10,1,{9100=20;rmb=90000;gold=60000000},107,-1,7,FALSE,0,activity/direct_gift/box_khqd3.png,,128,
6821,24029,,2,盛典特惠礼包,免费礼包tw,2,,3,,,5,1,{9100=60;rmb=168000;gold=160000000},110,-1,8,FALSE,0,activity/direct_gift/box_khqd3.png,,368,
6900,24030,,2,神兽万能碎片,免费礼包tw,2,,3,,,5,1,{521=2400},107,-1,1,TRUE,0,activity/direct_gift/icon_cjbx1.png,activity/double11_shop/logo_ssy_bk.png,198,
6901,24030,,2,豪华便当,免费礼包tw,2,,3,,,3,1,{500=800},109,-1,2,TRUE,0,activity/direct_gift/icon_cjbx1.png,,198,
6902,24030,,2,钻石特惠礼包,免费礼包tw,2,,3,,,5,1,{rmb=500000},106,-1,3,TRUE,0,activity/direct_gift/icon_cjbx1.png,activity/double11_shop/logo_ssy_bk.png,198,
6903,24030,,2,金币特惠礼包,免费礼包tw,2,,3,,,5,1,{gold=500000000},106,-1,4,TRUE,0,activity/direct_gift/icon_cjbx1.png,activity/double11_shop/logo_ssy_bk.png,198,
6904,24030,,2,养成资源选择宝箱,免费礼包tw,2,,3,,,100,1,{9016=100},106,-1,5,TRUE,0,activity/direct_gift/icon_cjbx1.png,activity/double11_shop/logo_ssy_bk.png,198,
6905,24030,,2,饰品觉醒选择箱子,免费礼包tw,2,,3,,,10,1,{6059=20},106,-1,6,TRUE,0,activity/direct_gift/icon_cjbx1.png,activity/double11_shop/logo_ssy_bk.png,60,
6906,24030,,2,高级强化石,免费礼包tw,2,,3,,,10,1,{2103=2200},106,-1,7,TRUE,0,activity/direct_gift/icon_cjbx1.png,,60,
6907,24030,,2,紫色晶片,免费礼包tw,2,,3,,,10,1,{124=2200},106,-1,8,TRUE,0,activity/direct_gift/icon_cjbx1.png,,60,
6908,24030,,2,天赋点,免费礼包tw,2,,3,,,10,1,{talent_point=1200},106,-1,9,TRUE,0,activity/direct_gift/icon_cjbx1.png,activity/double11_shop/logo_ssy_bk.png,60,
6909,24030,,2,全橙色携带,免费礼包tw,2,,3,,,1,1,{6915=1},106,-1,10,TRUE,0,activity/direct_gift/icon_cjbx1.png,activity/double11_shop/logo_ssy_bk.png,60,
6910,24030,,2,橙色万能石,免费礼包tw,2,,3,,,3,1,{2153=10},106,-1,11,TRUE,0,activity/direct_gift/icon_cjbx1.png,activity/double11_shop/logo_ssy_bk.png,168,
6911,24030,,2,携带核心,免费礼包tw,2,,3,,,5,1,{6071=3000},108,-1,12,TRUE,0,activity/direct_gift/icon_cjbx1.png,activity/double11_shop/logo_ssy_bk.png,168,
6912,24030,,2,世界盲盒,免费礼包tw,2,,3,,,10,1,{9100=10},106,-1,13,TRUE,0,activity/direct_gift/icon_cjbx1.png,activity/double11_shop/logo_ssy_bk.png,60,
6913,24030,,2,世界盲盒,免费礼包tw,2,,3,,,5,1,{9100=20},107,-1,14,TRUE,0,activity/direct_gift/icon_cjbx1.png,activity/double11_shop/logo_ssy_bk.png,60,
6914,24030,,2,世界盲盒,免费礼包tw,2,,3,,,3,1,{9100=60},110,-1,15,TRUE,0,activity/direct_gift/icon_cjbx1.png,activity/double11_shop/logo_ssy_bk.png,60,
7000,24031,,2,普通万能碎片,免费礼包tw,2,,3,,,5,1,{502=100},-1,20000,1,TRUE,0,activity/direct_gift/icon_cjbx1.png,,50000,
7001,24031,,2,神兽万能碎片,免费礼包tw,2,,3,,,3,1,{521=80},-1,50000,2,TRUE,0,activity/direct_gift/icon_cjbx1.png,activity/double11_shop/logo_ssy_bk.png,100000,
7002,24031,,2,升星万能碎片,免费礼包tw,2,,3,,,1,1,{539=80},-1,50000,3,TRUE,0,activity/direct_gift/icon_cjbx1.png,,100000,
7003,24031,,2,树果汁,免费礼包tw,2,,3,,,1,1,{16=1500},-1,50000,4,TRUE,0,activity/direct_gift/icon_cjbx1.png,,100000,
7004,24031,,2,神奇胶囊,免费礼包tw,2,,3,,,3,1,{19=30},-1,50000,5,TRUE,0,activity/direct_gift/icon_cjbx1.png,activity/double11_shop/logo_ssy_bk.png,100000,
7005,24031,,2,刷新球,免费礼包tw,2,,3,,,3,1,{522=10},-1,50000,6,TRUE,0,activity/direct_gift/icon_cjbx1.png,,100000,
7006,24031,,2,性格薄荷,免费礼包tw,2,,3,,,3,1,{937=1},-1,200000,7,TRUE,0,activity/direct_gift/icon_cjbx1.png,activity/double11_shop/logo_ssy_bk.png,500000,
7007,24031,,2,古旧突破材料礼袋,免费礼包tw,2,,3,,,10,1,{870=500},-1,50000,8,TRUE,0,activity/direct_gift/icon_cjbx1.png,,100000,
7008,24031,,2,活动称号选择箱子,免费礼包tw,2,,3,,,3,1,{2196=1},-1,50000,9,TRUE,0,activity/direct_gift/icon_cjbx1.png,activity/double11_shop/logo_ssy_bk.png,100000,
7009,24031,,2,世界盲盒,免费礼包tw,2,,3,,,3,1,{9100=1},-1,300000,10,TRUE,0,activity/direct_gift/icon_cjbx1.png,activity/double11_shop/logo_ssy_bk.png,1000000,
7100,24032,,2,神·创世之剑,免费礼包tw,2,,3,,,1,1,{30500=1;2154=2},119,-1,1,FALSE,0,activity/direct_gift/icon_cjbx1.png,activity/double11_shop/logo_ssy_bk.png,2888,
7101,24032,,2,玫红进化石礼包,免费礼包tw,2,,3,,,20,1,{rmb=100000;2154=2},106,-1,3,TRUE,0,activity/direct_gift/icon_cjbx1.png,activity/double11_shop/logo_ssy_bk.png,198,
7102,24032,,2,神·创世之盾,免费礼包tw,2,,3,,,1,1,{30501=1;2154=2},119,-1,2,FALSE,0,activity/direct_gift/icon_cjbx1.png,activity/double11_shop/logo_ssy_bk.png,2888,
7200,24033,,2,双旦特惠礼包,免费礼包tw,2,,3,,,1,1,{rmb=6000;stamina=600;gold=6000000},-1,0,0,FALSE,0,activity/direct_gift/icon_sdsc1.png,,100,
7201,24033,,2,双旦特惠礼包,免费礼包tw,2,,3,,,50,1,{9016=80;rmb=60000;gold=30000000},106,-1,0,TRUE,0,activity/direct_gift/icon_sdsc1.png,,100,
7202,24033,,2,双旦特惠礼包,免费礼包tw,2,,3,,,50,1,{500=200;rmb=60000;gold=30000000},106,-1,0,TRUE,0,activity/direct_gift/icon_sdsc1.png,,100,
7203,24033,,2,双旦特惠礼包,免费礼包tw,2,,3,,,50,1,{gold=30000000;rmb=60000;452=3000},106,-1,0,TRUE,0,activity/direct_gift/icon_sdsc1.png,,100,
7204,24033,,2,双旦特惠礼包,免费礼包tw,2,,3,,,50,1,{453=6000;rmb=60000;gold=30000000},106,-1,0,TRUE,0,activity/direct_gift/icon_sdsc1.png,,100,
7205,24033,,2,双旦特惠礼包,免费礼包tw,2,,3,,,50,1,{gold=30000000;rmb=60000;talent_point=1000},106,-1,0,TRUE,0,activity/direct_gift/icon_sdsc2.png,,100,
7206,24033,,2,双旦特惠礼包,免费礼包tw,2,,3,,,50,1,{501=200;rmb=60000;gold=30000000},106,-1,0,TRUE,0,activity/direct_gift/icon_sdsc2.png,,100,
7207,24033,,2,双旦特惠礼包,免费礼包tw,2,,3,,,50,1,{6059=16;rmb=60000;gold=30000000},106,-1,0,TRUE,0,activity/direct_gift/icon_sdsc2.png,,100,
7208,24033,,2,双旦特惠礼包,免费礼包tw,2,,3,,,50,1,{2103=1500;rmb=60000;gold=30000000},106,-1,0,TRUE,0,activity/direct_gift/icon_sdsc2.png,,100,
7209,24033,,2,双旦特惠礼包,免费礼包tw,2,,3,,,50,1,{850=40000;rmb=60000;gold=30000000},106,-1,0,TRUE,0,activity/direct_gift/icon_sdsc2.png,,100,
7210,24033,,2,双旦特惠礼包,免费礼包tw,2,,3,,,50,1,{851=20000;rmb=60000;gold=30000000},106,-1,0,TRUE,0,activity/direct_gift/icon_sdsc2.png,,100,
7211,24033,,2,双旦特惠礼包,免费礼包tw,2,,3,,,50,1,{rmb=60000;4000=30000;gold=30000000},106,-1,0,TRUE,0,activity/direct_gift/icon_sdsc2.png,,100,
7212,24033,,2,双旦特惠礼包,免费礼包tw,2,,3,,,50,1,{124=1500;rmb=60000;gold=30000000},106,-1,0,TRUE,0,activity/direct_gift/icon_sdsc3.png,,100,
7213,24033,,2,双旦特惠礼包,免费礼包tw,2,,3,,,50,1,{7315=8;rmb=60000;gold=30000000},106,-1,0,TRUE,0,activity/direct_gift/icon_sdsc3.png,,100,
7214,24033,,2,双旦特惠礼包,免费礼包tw,2,,3,,,50,1,{529=70000;rmb=60000;gold=30000000},106,-1,0,TRUE,0,activity/direct_gift/icon_sdsc3.png,,100,
7215,24033,,2,双旦特惠礼包,免费礼包tw,2,,3,,,50,1,{994=8;rmb=60000;gold=30000000},106,-1,0,TRUE,0,activity/direct_gift/icon_sdsc3.png,,100,
7216,24033,,2,双旦特惠礼包,免费礼包tw,2,,3,,,15,1,{6071=2000;rmb=98000;gold=98000000},117,-1,23,TRUE,0,activity/direct_gift/icon_sdsc3.png,,100,
7217,24033,,2,双旦特惠礼包,免费礼包tw,2,,3,,,10,1,{6071=4000;rmb=190000;gold=190000000},110,-1,24,TRUE,0,activity/direct_gift/icon_sdsc3.png,,100,
7218,24033,,2,双旦特惠礼包,免费礼包tw,2,,3,,,5,1,{6071=6000;rmb=320000;gold=320000000},111,-1,25,TRUE,0,activity/direct_gift/icon_sdsc3.png,,100,
7219,24033,,2,双旦特惠礼包,免费礼包tw,2,,3,,,15,1,{9100=10;rmb=60000;gold=30000000},106,-1,6,TRUE,0,activity/direct_gift/icon_sdsc3.png,,100,
7220,24033,,2,双旦特惠礼包,免费礼包tw,2,,3,,,10,1,{9100=20;rmb=90000;gold=60000000},107,-1,7,TRUE,0,activity/direct_gift/icon_sdsc3.png,,100,
7221,24033,,2,双旦特惠礼包,免费礼包tw,2,,3,,,5,1,{9100=60;rmb=168000;gold=160000000},110,-1,8,TRUE,0,activity/direct_gift/icon_sdsc3.png,,100,
,,,,,,,,,,,,,,,,,,,,,,
8000,24034,,2,每日钻石礼包,每日鑽石禮包,Daily Diamond Pack,Gói Kim Cương Hằng Ngày,일일 다이아 패키지,Pacote Diário de Diamantes,แพ็กเพชรรายวัน,1,1,{stamina=200;gold=1000000;521=3},-1,6800,1,TRUE,0,activity/direct_gift/icon_cjbx1.png,,100,
8001,24034,,2,每日成长礼包,每日成長禮包,Daily Growth Pack,Gói Tăng Trưởng Hằng Ngày,일일 성장 패키지,Pacote Diário de Crescimento,แพ็กเติบโตรายวัน,1,1,{500=5;rmb=8888;gold=1000000},102,-1,2,TRUE,0,activity/direct_gift/icon_cjbx1.png,,100,
8002,24034,,2,每日碎片礼包,每日碎片禮包,Daily Shard Pack,Gói Mảnh Vỡ Hằng Ngày,일일 조각 패키지,Pacote Diário de Fragmentos,แพ็กเศษชิ้นส่วนรายวัน,1,1,{521=20;rmb=8888;gold=1000000},102,-1,3,TRUE,0,activity/direct_gift/icon_zjbx2.png,,100,
8003,24034,,2,每日升星礼包,每日升星禮包,Daily Star Upgrade Pack,Gói Nâng Sao Hằng Ngày,일일 별승급 패키지,Pacote Diário de Subida de Estrelas,แพ็กอัปเกรดดาวรายวัน,1,1,{521=30;gold=1500000},102,-1,4,TRUE,0,activity/direct_gift/icon_zjbx2.png,,100,
8004,24034,,2,每日金币礼包,每日金幣禮包,Daily Gold Pack,Gói Vàng Hằng Ngày,일일 골드 패키지,Pacote Diário de Ouro,แพ็กทองรายวัน,1,1,{rmb=3000;gold=4000000},102,-1,5,TRUE,0,activity/direct_gift/icon_zjbx2.png,,100,
8005,24034,,2,自选养成礼包,自選養成禮包,Custom Development Pack,Gói Tự Chọn Huấn Luyện,맞춤형 육성 패키지,Pacote de Desenvolvimento Personalizado,แพ็กฝึกฝนแบบเลือกได้,20,1,{9016=5;rmb=3000;gold=1000000},102,-1,6,TRUE,0,activity/direct_gift/icon_zjbx1.png,,100,
8006,24034,,2,突破材料礼袋,突破材料禮袋,Breakthrough Material Bag,Túi Nguyên Liệu Đột Phá,돌파 재료 가방,Saco de Materiais de Avanço,ถุงวัสดุทะลุขีดจำกัด,20,1,{870=80;rmb=3000;gold=1000000},102,-1,7,TRUE,0,activity/direct_gift/icon_gjbx2.png,,100,
8007,24034,,2,每日体力礼包,每日體力禮包,Daily Stamina Pack,Gói Thể Lực Hằng Ngày,일일 스태미너 패키지,Pacote Diário de Energia,แพ็กพลังงานรายวัน,1,1,{500=100;gold=5000000},107,-1,8,TRUE,0,activity/direct_gift/icon_zjbx2.png,,100,
8008,24034,,2,每日体力礼包,每日體力禮包,Daily Stamina Pack,Gói Thể Lực Hằng Ngày,일일 스태미너 패키지,Pacote Diário de Energia,แพ็กพลังงานรายวัน,1,1,{rmb=58888;500=500},111,-1,9,TRUE,0,activity/direct_gift/icon_zjbx2.png,,100,
8009,24034,,2,努力养成礼包,努力養成禮包,Effort Development Pack,Gói Huấn Luyện Nỗ Lực,노력 육성 패키지,Pacote de Desenvolvimento de Esforço,แพ็กฝึกฝนความพยายาม,20,1,{16=500;rmb=8888;452=3000},106,-1,10,TRUE,0,activity/direct_gift/icon_zjbx1.png,,100,
8010,24034,,2,饰品升星礼包,飾品升星禮包,Accessory Star Upgrade Pack,Gói Tăng Sao Trang Bị,장신구 별승급 패키지,Pacote de Estrelas para Acessórios,แพ็กอัปเกรดอุปกรณ์,20,1,{501=150;rmb=25888;gold=5000000},106,-1,11,TRUE,0,activity/direct_gift/icon_zjbx2.png,,100,
8011,24034,,2,饰品觉醒礼包,飾品覺醒禮包,Accessory Awakening Pack,Gói Thức Tỉnh Trang Bị,장신구 각성 패키지,Pacote de Despertar de Acessórios,แพ็กปลุกพลังอุปกรณ์,20,1,{6059=15;rmb=8888;gold=1000000},106,-1,12,TRUE,0,activity/direct_gift/icon_zjbx2.png,,100,
8012,24034,,2,携带养成礼包,攜帶養成禮包,Held Item Development Pack,Gói Huấn Luyện Vật Dụng,소지 아이템 육성 패키지,Pacote de Desenvolvimento de Itens,แพ็กฝึกไอเทมพกพา,20,1,{2103=1000;rmb=25888;gold=3000000},106,-1,13,TRUE,0,activity/direct_gift/icon_zjbx2.png,,100,
8013,24034,,2,潜能养成礼包,潛能養成禮包,Potential Development Pack,Gói Huấn Luyện Tiềm Năng,잠재력 육성 패키지,Pacote de Desenvolvimento de Potencial,แพ็กฝึกฝนศักยภาพ,20,1,{850=20000;rmb=8888;851=6000},106,-1,14,TRUE,0,activity/direct_gift/icon_zjbx2.png,,100,
8014,24034,,2,探险零件礼包,探險零件禮包,Adventure Parts Pack,Gói Linh Kiện Khám Phá,탐험 부품 패키지,Pacote de Peças de Exploração,แพ็กอะไหล่สำรวจ,20,1,{rmb=25888;4000=10000;gold=500000},106,-1,15,TRUE,0,activity/direct_gift/icon_zjbx2.png,,100,
8015,24034,,2,符石精华礼包,符石精華禮包,Rune Essence Pack,Gói Tinh Hoa Phù Thạch,룬 정수 패키지,Pacote de Essência de Runa,แพ็กสารสกัดรูน,20,1,{529=10000;rmb=8888;gold=1000000},106,-1,16,TRUE,0,activity/direct_gift/icon_zjbx2.png,,100,
8016,24034,,2,紫色晶片礼包,紫色晶片禮包,Purple Chip Pack,Gói Chip Màu Tím,보라색 칩 패키지,Pacote de Chips Roxos,แพ็กชิปสีม่วง,20,1,{124=2000;rmb=25888;gold=5000000},106,-1,17,TRUE,0,activity/direct_gift/icon_zjbx2.png,,100,
8017,24034,,2,神奇胶囊礼包,神奇膠囊禮包,Magic Capsule Pack,Gói Viên Nang Ma Thuật,마법 캡슐 패키지,Pacote de Cápsulas Mágicas,แพ็กแคปซูลวิเศษ,20,1,{gold=100000;rmb=8888;19=200},106,-1,18,TRUE,0,activity/direct_gift/icon_zjbx2.png,,100,
8018,24034,,2,符石自选礼包,符石自選禮包,Rune Selection Pack,Gói Phù Thạch Tùy Chọn,룬 선택 패키지,Pacote de Runas Personalizadas,แพ็กเลือกได้รูน,20,1,{994=3;rmb=25888;gold=5000000},106,-1,19,TRUE,0,activity/direct_gift/icon_zjbx2.png,,100,
8019,24034,,2,芯片自选礼包,晶片自選禮包,Chip Selection Pack,Gói Chip Tùy Chọn,칩 선택 패키지,Pacote de Chips Personalizados,แพ็กเลือกได้ชิป,20,1,{7325=3;rmb=8888;gold=100000},106,-1,20,TRUE,0,activity/direct_gift/icon_zjbx2.png,,100,
8020,24034,,2,天赋礼包,天賦禮包,Talent Pack,Gói Thiên Phú,재능 패키지,Pacote de Talento,แพ็กพรสวรรค์,20,1,{gold=5000000;rmb=5000;talent_point=800},106,-1,21,TRUE,0,activity/direct_gift/icon_gjbx1.png,,100,
8021,24034,,2,探险器自选礼包,探險器自選禮包,Explorer Tool Selection Pack,Gói Dụng Cụ Khám Phá Tùy Chọn,탐험 도구 선택 패키지,Pacote de Ferramentas de Exploração,แพ็กเครื่องมือสำรวจแบบเลือกได้,20,1,{967=8;rmb=25888;gold=5000000},106,-1,22,TRUE,0,activity/direct_gift/icon_gjbx2.png,,100,
8022,24034,,2,亲密度特惠礼包,親密度特惠禮包,Affinity Special Offer Pack,Gói Ưu Đãi Thân Mật,친밀도 특가 패키지,Pacote Especial de Afinidade,แพ็กโปรโมชั่นความสนิทสนม,20,1,{605=300;rmb=8888;gold=1000000},106,-1,23,TRUE,0,activity/direct_gift/icon_gjbx2.png,,100,
8023,24034,,2,徽章特惠礼包,徽章特惠禮包,Badge Special Offer Pack,Gói Ưu Đãi Huy Hiệu,배지 특가 패키지,Pacote Especial de Emblemas,แพ็กโปรโมชั่นตราสัญลักษณ์,20,1,{151=8000;rmb=25888;gold=5000000},106,-1,24,TRUE,0,activity/direct_gift/icon_gjbx2.png,,100,
8024,24034,,2,彩虹喷漆特惠礼包,彩虹噴漆特惠禮包,Rainbow Spray Special Pack,Gói Ưu Đãi Sơn Cầu Vồng,무지개 스프레이 특가 패키지,Pacote Especial de Spray Arco-Íris,แพ็กโปรโมชั่นสเปรย์สายรุ้ง,20,1,{gold=5000000;rmb=8888;152=800},106,-1,25,TRUE,0,activity/direct_gift/icon_gjbx2.png,,100,
,24034,,2,世界盲盒礼包,免费礼包tw,2,,3,,,10,1,{rmb=30000;9100=1},102,-1,26,TRUE,0,activity/direct_gift/icon_zjbx2.png,,100,
,24034,,2,世界盲盒礼包,免费礼包tw,2,,3,,,10,1,{rmb=150000;9100=6},106,-1,27,TRUE,0,activity/direct_gift/icon_zjbx2.png,,100,
,24034,,2,世界盲盒礼包,免费礼包tw,2,,3,,,5,1,{rmb=300000;9100=12},107,-1,28,TRUE,0,activity/direct_gift/icon_gjbx12.png,,100,
,24034,,2,世界盲盒礼包,免费礼包tw,2,,3,,,3,1,{rmb=500000;9100=30},109,-1,29,TRUE,0,activity/direct_gift/icon_gjbx12.png,,100,
,24034,,2,世界盲盒礼包,免费礼包tw,2,,3,,,3,1,{rmb=1000000;9100=80},112,-1,30,TRUE,0,activity/direct_gift/icon_gjbx12.png,,100,
,24034,,2,世界盲盒礼包,免费礼包tw,2,,3,,,2,1,{rmb=2000000;9100=180},113,-1,31,TRUE,0,activity/direct_gift/icon_gjbx12.png,,100,
,,,,,,,,,,,,,,,,,,,,,,
8099,24035,,2,新橙携自选,免费礼包tw,2,,3,,,1,1,{6914=1;2103=200;rmb=3000},103,-1,2,TRUE,0,activity/direct_gift/icon_gjbx12.png,,100,
8100,24035,,2,免费礼包,免费礼包tw,2,,3,,,1,1,{2103=500;4000=3000;rmb=3000},-1,0,1,TRUE,0,activity/direct_gift/icon_gjbx12.png,,100,
8101,24035,,2,携带兑换礼包,免费礼包tw,2,,3,,,5,1,{6071=1000;rmb=30000;2103=3000},106,-1,3,TRUE,0,activity/direct_gift/icon_gjbx12.png,,100,
8102,24035,,2,携带兑换礼包,免费礼包tw,2,,3,,,5,1,{6071=2000;rmb=60000;2103=6000},107,-1,4,TRUE,0,activity/direct_gift/icon_gjbx12.png,,100,
8103,24035,,2,携带兑换礼包,免费礼包tw,2,,3,,,5,1,{6071=3000;rmb=98000;2103=10000},108,-1,5,TRUE,0,activity/direct_gift/icon_gjbx12.png,,100,
8104,24035,,2,携带兑换礼包,免费礼包tw,2,,3,,,5,1,{6071=6000;rmb=190000;2103=20000},111,-1,6,TRUE,0,activity/direct_gift/icon_gjbx12.png,,100,
8105,24035,,2,携带兑换礼包,免费礼包tw,2,,3,,,5,1,{6071=10000;rmb=320000;2103=30000},112,-1,7,TRUE,0,activity/direct_gift/icon_gjbx12.png,,100,
8106,24035,,2,携带兑换礼包,免费礼包tw,2,,3,,,5,1,{6071=20000;rmb=640000;2103=60000},113,-1,8,TRUE,0,activity/direct_gift/icon_gjbx12.png,,100,
8107,24035,,2,橙色万能强化石礼包,免费礼包tw,2,,3,,,10,1,{2153=20;rmb=150000;gold=10000000},106,-1,9,TRUE,0,activity/direct_gift/icon_gjbx12.png,,100,
,,,,,,,,,,,,,,,,,,,,,,
8200,24036,,2,精灵升级礼包,精灵升级礼包,Pokémon Upgrade Pack,Gói Nâng Cấp Pokémon,포켓몬 업그레이드 패키지,Pacote de Upgrade de Pokémon,แพ็กอัปเกรดโปเกมอน,10,1,{gold=30000;16=200},-1,80000,1,TRUE,0,activity/direct_gift/icon_znq3.png,,100,
8201,24036,,2,精英精灵随机礼包,精英精灵随机礼包,Elite Pokémon Random Pack,Gói Ngẫu Nhiên Pokémon Tinh Anh,엘리트 포켓몬 랜덤 패키지,Pacote Aleatório de Pokémon de Elite,แพ็กสุ่มโปเกมอนระดับเอลิท,10,1,{951=30;gold=1000000},-1,80000,3,TRUE,0,activity/direct_gift/icon_znq3.png,,100,
8202,24036,,2,稀有精灵随机礼包,稀有精灵随机礼包,Rare Pokémon Random Pack,Gói Ngẫu Nhiên Pokémon Hiếm,희귀 포켓몬 랜덤 패키지,Pacote Aleatório de Pokémon Raros,แพ็กสุ่มโปเกมอนหายาก,20,1,{953=50;952=60},-1,80000,4,TRUE,0,activity/direct_gift/icon_znq3.png,,100,
8203,24036,,2,万能碎片礼包,万能碎片礼包,Universal Shard Pack,Gói Mảnh Vỡ Đa Năng,만능 조각 패키지,Pacote de Fragmentos Universais,แพ็กเศษชิ้นส่วนอเนกประสงค์,2,1,{521=20;502=50},-1,30000,5,,1,activity/direct_gift/icon_znq3.png,,100,
8204,24036,,2,性格薄荷自选礼包,性格薄荷自选礼包,Nature Mint Selection Pack,Gói Tùy Chọn Lá Bạc Tính Cách,성격 민트 선택 패키지,Pacote de Hortelã de Natureza Personalizado,แพ็กเลือกใบมิ้นต์นิสัย,5,1,{gold=100000;937=1},-1,15000,6,,1,activity/direct_gift/icon_znq3.png,,100,
8205,24036,,2,活动称号自选箱子,活动称号自选箱子,Event Title Selection Box,Hộp Tùy Chọn Danh Hiệu Sự Kiện,이벤트 칭호 선택 박스,Caixa de Títulos de Evento,กล่องเลือกฉายากิจกรรม,5,1,{2196=1;gold=88888},-1,88888,7,TRUE,0,activity/direct_gift/icon_znq3.png,,100,
8206,24036,,2,刷新球礼包,刷新球礼包,Refresh Ball Pack,Gói Bóng Làm Mới,리프레시 볼 패키지,Pacote de Bolas de Renovação,แพ็กลูกบอลรีเฟรช,5,1,{gold=88888;522=3},-1,88888,8,TRUE,0,activity/direct_gift/icon_znq3.png,,100,
,24036,,2,蕾冠王·白马钻石盲盒,蕾冠王·白马钻石盲盒,Calyrex-Ice Diamond Blind Box,Hộp Mù Kim Cương Bạch Mã Calyrex,레이크라운・백마 다이아 랜덤박스,Caixa Surpresa Diamante Calyrex Cavalo Branco,กล่องสุ่มเพชร คิงมงกุฎ・ม้าขาว,3,1,{9101=1;gold=88888},-1,108888,9,TRUE,0,activity/direct_gift/icon_znq3.png,,100,
8208,24036,,2,精灵碎片随机礼包,精灵碎片随机礼包,Pokémon Shard Random Pack,Gói Ngẫu Nhiên Mảnh Pokémon,포켓몬 조각 랜덤 패키지,Pacote Aleatório de Fragmentos de Pokémon,แพ็กสุ่มเศษโปเกมอน,10,1,{gold=100000;9204=30},-1,50000,2,TRUE,0,activity/direct_gift/icon_znq3.png,,100,
,,,,,,,,,,,,,,,,,,,,,,
8300,24037,,2,新区成长礼包,免费礼包tw,2,,3,,,5,1,{500=38;rmb=30000;gold=10000000},102,-1,1,FALSE,0,activity/direct_gift/icon_cjbx1.png,,100,
8301,24037,,2,新区碎片礼包,免费礼包tw,2,,3,,,5,1,{521=280;rmb=30000;gold=10000000},102,-1,2,FALSE,0,activity/direct_gift/icon_zjbx2.png,,100,
8302,24037,,2,新区升星礼包,免费礼包tw,2,,3,,,5,1,{539=120;rmb=30000;gold=10000000},102,-1,3,FALSE,0,activity/direct_gift/icon_zjbx2.png,,100,
8303,24037,,2,新区金币礼包,免费礼包tw,2,,3,,,5,1,{rmb=30000;gold=200000000},102,-1,4,FALSE,0,activity/direct_gift/icon_zjbx2.png,,100,
8304,24037,,2,自选养成礼包,免费礼包tw,2,,3,,,5,1,{9016=15;rmb=30000;gold=10000000},102,-1,5,FALSE,0,activity/direct_gift/icon_zjbx1.png,,100,
8305,24037,,2,突破材料礼袋,免费礼包tw,2,,3,,,5,1,{870=600;rmb=30000;gold=10000000},102,-1,6,FALSE,0,activity/direct_gift/icon_gjbx2.png,,100,
8306,24037,,2,新区体力礼包,免费礼包tw,2,,3,,,5,1,{500=380;gold=200000000},107,-1,7,FALSE,0,activity/direct_gift/icon_zjbx2.png,,100,
8307,24037,,2,新区体力礼包,免费礼包tw,2,,3,,,3,1,{rmb=150000;500=1500},111,-1,8,FALSE,0,activity/direct_gift/icon_zjbx2.png,,100,
8308,24037,,2,努力养成礼包,免费礼包tw,2,,3,,,5,1,{16=500;rmb=150000;452=6000},106,-1,9,FALSE,0,activity/direct_gift/icon_zjbx1.png,,100,
8309,24037,,2,饰品升星礼包,免费礼包tw,2,,3,,,5,1,{501=35;rmb=150000;gold=10000000},106,-1,10,FALSE,0,activity/direct_gift/icon_zjbx2.png,,100,
8310,24037,,2,饰品觉醒礼包,免费礼包tw,2,,3,,,5,1,{6059=8;rmb=150000;gold=10000000},106,-1,11,FALSE,0,activity/direct_gift/icon_zjbx2.png,,100,
8311,24037,,2,携带养成礼包,免费礼包tw,2,,3,,,5,1,{2103=2500;rmb=150000;gold=10000000},106,-1,12,FALSE,0,activity/direct_gift/icon_zjbx2.png,,100,
8312,24037,,2,潜能养成礼包,免费礼包tw,2,,3,,,5,1,{850=40000;rmb=150000;851=15000},106,-1,13,FALSE,0,activity/direct_gift/icon_zjbx2.png,,100,
8313,24037,,2,探险零件礼包,免费礼包tw,2,,3,,,5,1,{rmb=150000;4000=40000;gold=10000000},106,-1,14,FALSE,0,activity/direct_gift/icon_zjbx2.png,,100,
8314,24037,,2,符石精华礼包,免费礼包tw,2,,3,,,5,1,{529=250000;rmb=150000;gold=10000000},106,-1,15,FALSE,0,activity/direct_gift/icon_zjbx2.png,,100,
8315,24037,,2,紫色晶片礼包,免费礼包tw,2,,3,,,5,1,{124=2500;rmb=150000;gold=10000000},106,-1,16,FALSE,0,activity/direct_gift/icon_zjbx2.png,,100,
8316,24037,,2,神奇胶囊礼包,免费礼包tw,2,,3,,,5,1,{gold=10000000;rmb=150000;19=500},106,-1,17,FALSE,0,activity/direct_gift/icon_zjbx2.png,,100,
8317,24037,,2,符石自选礼包,免费礼包tw,2,,3,,,5,1,{994=8;rmb=150000;gold=10000000},106,-1,18,FALSE,0,activity/direct_gift/icon_zjbx2.png,,100,
8318,24037,,2,芯片自选礼包,免费礼包tw,2,,3,,,5,1,{7325=8;rmb=150000;gold=10000000},106,-1,19,FALSE,0,activity/direct_gift/icon_zjbx2.png,,100,
8319,24037,,2,天赋礼包,免费礼包tw,2,,3,,,5,1,{gold=100000000;rmb=30000;talent_point=1200},106,-1,20,FALSE,0,activity/direct_gift/icon_gjbx1.png,,100,
8320,24037,,2,探险器自选礼包,免费礼包tw,2,,3,,,5,1,{967=35;rmb=150000;gold=10000000},106,-1,21,FALSE,0,activity/direct_gift/icon_gjbx2.png,,100,
8321,24037,,2,亲密度特惠礼包,免费礼包tw,2,,3,,,5,1,{605=1500;rmb=150000;gold=10000000},106,-1,22,FALSE,0,activity/direct_gift/icon_gjbx2.png,,100,
8322,24037,,2,徽章特惠礼包,免费礼包tw,2,,3,,,5,1,{151=25000;rmb=150000;gold=10000000},106,-1,23,FALSE,0,activity/direct_gift/icon_gjbx2.png,,100,
8323,24037,,2,彩虹喷漆特惠礼包,免费礼包tw,2,,3,,,5,1,{gold=10000000;rmb=150000;152=700},106,-1,24,FALSE,0,activity/direct_gift/icon_gjbx2.png,,100,
8324,24037,,2,世界盲盒礼包,免费礼包tw,2,,3,,,10,1,{rmb=30000;9100=1},102,-1,25,FALSE,0,activity/direct_gift/icon_zjbx2.png,,100,
8325,24037,,2,世界盲盒礼包,免费礼包tw,2,,3,,,10,1,{rmb=150000;9100=7},106,-1,26,FALSE,0,activity/direct_gift/icon_zjbx2.png,,100,
8326,24037,,2,世界盲盒礼包,免费礼包tw,2,,3,,,5,1,{rmb=300000;9100=15},107,-1,27,FALSE,0,activity/direct_gift/icon_gjbx12.png,,100,
8327,24037,,2,世界盲盒礼包,免费礼包tw,2,,3,,,3,1,{rmb=500000;9100=35},109,-1,28,FALSE,0,activity/direct_gift/icon_gjbx12.png,,100,
8328,24037,,2,世界盲盒礼包,免费礼包tw,2,,3,,,3,1,{rmb=1000000;9100=90},112,-1,29,FALSE,0,activity/direct_gift/icon_gjbx12.png,,100,
8329,24037,,2,世界盲盒礼包,免费礼包tw,2,,3,,,2,1,{rmb=2000000;9100=200},113,-1,30,FALSE,0,activity/direct_gift/icon_gjbx12.png,,100,
8400,24038,,2,春节钻石礼包,免费礼包tw,2,,3,,,1,1,{stamina=888;gold=18880000},-1,3888,1,TRUE,0,activity/direct_gift/icon_cjbx1.png,,100,
8401,24038,,2,春节特惠礼包,免费礼包tw,2,,3,,,10,1,{500=180;rmb=180000;gold=10000000},106,-1,2,TRUE,0,activity/direct_gift/icon_cjbx1.png,,100,
8402,24038,,2,春节特惠礼包,免费礼包tw,2,,3,,,10,1,{521=1400;rmb=180000;gold=10000000},106,-1,3,TRUE,0,activity/direct_gift/icon_zjbx2.png,,100,
8403,24038,,2,春节特惠礼包,免费礼包tw,2,,3,,,10,1,{539=600;rmb=180000;gold=10000000},106,-1,4,TRUE,0,activity/direct_gift/icon_zjbx2.png,,100,
8404,24038,,2,春节特惠礼包,免费礼包tw,2,,3,,,10,1,{rmb=180000;gold=1000000000},106,-1,5,TRUE,0,activity/direct_gift/icon_zjbx2.png,,100,
8405,24038,,2,春节特惠礼包,免费礼包tw,2,,3,,,10,1,{9016=75;rmb=180000;gold=10000000},106,-1,6,TRUE,0,activity/direct_gift/icon_zjbx1.png,,100,
8406,24038,,2,春节特惠礼包,免费礼包tw,2,,3,,,10,1,{9016=100},106,-1,7,TRUE,0,activity/direct_gift/icon_zjbx1.png,,100,
8407,24038,,2,春节特惠礼包,免费礼包tw,2,,3,,,10,1,{870=3000;rmb=180000;gold=10000000},106,-1,8,TRUE,0,activity/direct_gift/icon_gjbx2.png,,100,
8408,24038,,2,春节特惠礼包,免费礼包tw,2,,3,,,20,1,{500=380;gold=200000000},107,-1,9,TRUE,0,activity/direct_gift/icon_zjbx2.png,,100,
8409,24038,,2,春节特惠礼包,免费礼包tw,2,,3,,,10,1,{rmb=150000;500=1500},111,-1,10,TRUE,0,activity/direct_gift/icon_zjbx2.png,,100,
8410,24038,,2,春节特惠礼包,免费礼包tw,2,,3,,,5,1,{16=500;rmb=180000;452=6000},106,-1,11,TRUE,0,activity/direct_gift/icon_zjbx1.png,,100,
8411,24038,,2,春节特惠礼包,免费礼包tw,2,,3,,,5,1,{501=35;rmb=180000;gold=10000000},106,-1,12,TRUE,0,activity/direct_gift/icon_zjbx2.png,,100,
8412,24038,,2,春节特惠礼包,免费礼包tw,2,,3,,,5,1,{6059=8;rmb=180000;gold=10000000},106,-1,13,TRUE,0,activity/direct_gift/icon_zjbx2.png,,100,
8413,24038,,2,春节特惠礼包,免费礼包tw,2,,3,,,5,1,{2103=2500;rmb=180000;gold=10000000},106,-1,14,TRUE,0,activity/direct_gift/icon_zjbx2.png,,100,
8414,24038,,2,春节特惠礼包,免费礼包tw,2,,3,,,5,1,{850=40000;rmb=180000;851=15000},106,-1,15,TRUE,0,activity/direct_gift/icon_zjbx2.png,,100,
8415,24038,,2,春节特惠礼包,免费礼包tw,2,,3,,,5,1,{rmb=180000;4000=40000;gold=10000000},106,-1,16,TRUE,0,activity/direct_gift/icon_zjbx2.png,,100,
8416,24038,,2,春节特惠礼包,免费礼包tw,2,,3,,,5,1,{529=250000;rmb=180000;gold=10000000},106,-1,17,TRUE,0,activity/direct_gift/icon_zjbx2.png,,100,
8417,24038,,2,春节特惠礼包,免费礼包tw,2,,3,,,5,1,{124=2500;rmb=180000;gold=10000000},106,-1,18,TRUE,0,activity/direct_gift/icon_zjbx2.png,,100,
8418,24038,,2,春节特惠礼包,免费礼包tw,2,,3,,,5,1,{gold=10000000;rmb=180000;19=500},106,-1,19,TRUE,0,activity/direct_gift/icon_zjbx2.png,,100,
8419,24038,,2,春节特惠礼包,免费礼包tw,2,,3,,,5,1,{994=8;rmb=180000;gold=10000000},106,-1,20,TRUE,0,activity/direct_gift/icon_zjbx2.png,,100,
8420,24038,,2,春节特惠礼包,免费礼包tw,2,,3,,,5,1,{7325=8;rmb=180000;gold=10000000},106,-1,21,TRUE,0,activity/direct_gift/icon_zjbx2.png,,100,
8421,24038,,2,春节特惠礼包,免费礼包tw,2,,3,,,5,1,{gold=100000000;rmb=38000;talent_point=1200},106,-1,22,TRUE,0,activity/direct_gift/icon_gjbx1.png,,100,
8422,24038,,2,春节特惠礼包,免费礼包tw,2,,3,,,5,1,{967=35;rmb=180000;gold=10000000},106,-1,23,TRUE,0,activity/direct_gift/icon_gjbx2.png,,100,
8423,24038,,2,春节特惠礼包,免费礼包tw,2,,3,,,5,1,{605=1500;rmb=180000;gold=10000000},106,-1,24,TRUE,0,activity/direct_gift/icon_gjbx2.png,,100,
8424,24038,,2,春节特惠礼包,免费礼包tw,2,,3,,,5,1,{151=25000;rmb=180000;gold=10000000},106,-1,25,TRUE,0,activity/direct_gift/icon_gjbx2.png,,100,
8425,24038,,2,春节特惠礼包,免费礼包tw,2,,3,,,5,1,{gold=10000000;rmb=180000;152=700},106,-1,26,TRUE,0,activity/direct_gift/icon_gjbx2.png,,100,
8426,24038,,2,春节特惠礼包,免费礼包tw,2,,3,,,10,1,{rmb=38000;9100=1},102,-1,27,FALSE,0,activity/direct_gift/icon_zjbx2.png,,100,
8427,24038,,2,春节特惠礼包,免费礼包tw,2,,3,,,10,1,{rmb=180000;9100=7},106,-1,28,FALSE,0,activity/direct_gift/icon_zjbx2.png,,100,
8428,24038,,2,春节特惠礼包,免费礼包tw,2,,3,,,5,1,{rmb=350000;9100=15},107,-1,29,FALSE,0,activity/direct_gift/icon_gjbx12.png,,100,
8429,24038,,2,春节特惠礼包,免费礼包tw,2,,3,,,5,1,{rmb=580000;9100=35},109,-1,30,FALSE,0,activity/direct_gift/icon_gjbx12.png,,100,
8430,24038,,2,春节特惠礼包,免费礼包tw,2,,3,,,5,1,{rmb=1200000;9100=90},112,-1,31,FALSE,0,activity/direct_gift/icon_gjbx12.png,,100,
8431,24038,,2,春节特惠礼包,免费礼包tw,2,,3,,,5,1,{rmb=2500000;9100=200},113,-1,32,FALSE,0,activity/direct_gift/icon_gjbx12.png,,100,
8432,24038,,2,春节特惠礼包,免费礼包tw,2,,3,,,5,1,{6071=3000;rmb=98000;2103=200},108,-1,33,FALSE,0,activity/direct_gift/icon_gjbx12.png,,100,
8433,24038,,2,春节特惠礼包,免费礼包tw,2,,3,,,5,1,{6071=6000;rmb=190000;2103=500},111,-1,34,FALSE,0,activity/direct_gift/icon_gjbx12.png,,100,
8434,24038,,2,春节特惠礼包,免费礼包tw,2,,3,,,5,1,{6071=12000;rmb=320000;2103=1000},112,-1,35,FALSE,0,activity/direct_gift/icon_gjbx12.png,,100,
8435,24038,,2,春节特惠礼包,免费礼包tw,2,,3,,,5,1,{6071=25000;rmb=640000;2103=2000},113,-1,36,FALSE,0,activity/direct_gift/icon_gjbx12.png,,100,
8436,24038,,2,春节特惠礼包,免费礼包tw,2,,3,,,10,1,{2153=10;rmb=15000;gold=10000000},106,-1,37,TRUE,0,activity/direct_gift/icon_gjbx12.png,,100,
8437,24038,,2,春节特惠礼包,免费礼包tw,2,,3,,,10,1,{2154=3;rmb=15000;gold=10000000},106,-1,38,TRUE,0,activity/direct_gift/icon_gjbx12.png,,100,
8438,24038,,2,春节特惠礼包,免费礼包tw,2,,3,,,5,1,{9103=1;rmb=15000;gold=10000000},106,-1,38,TRUE,0,activity/direct_gift/icon_gjbx12.png,,100,
8439,24038,,2,春节特惠礼包,免费礼包tw,2,,3,,,3,1,{9103=5;rmb=75000;gold=50000000},109,-1,38,TRUE,0,activity/direct_gift/icon_gjbx12.png,,100,
8440,24038,,2,春节特惠礼包,免费礼包tw,2,,3,,,2,1,{9103=8;rmb=120000;gold=100000000},111,-1,38,TRUE,0,activity/direct_gift/icon_gjbx12.png,,100,
8500,24039,,2,梵天烈焰首发礼包,免费礼包tw,2,,3,,,1,1,{521=1200;8063=1;gold=5000000},109,-1,1,FALSE,0,activity/direct_gift/icon_gjbx12.png,,100,
8501,24039,,2,竹林刀影首发礼包,免费礼包tw,2,,3,,,1,1,{521=1200;8064=1;gold=5000000},109,-1,2,FALSE,0,activity/direct_gift/icon_gjbx12.png,,100,
8502,24039,,2,白羽圣骑首发礼包,免费礼包tw,2,,3,,,1,1,{521=1200;8065=1;gold=5000000},109,-1,3,FALSE,0,activity/direct_gift/icon_gjbx12.png,,100,
8503,24039,,2,幻海潮生首发礼包,免费礼包tw,2,,3,,,1,1,{521=1200;8066=1;gold=5000000},109,-1,4,FALSE,0,activity/direct_gift/icon_gjbx12.png,,100,
8504,24039,,2,义海军魂首发礼包,免费礼包tw,2,,3,,,1,1,{521=1200;8067=1;gold=5000000},109,-1,5,FALSE,0,activity/direct_gift/icon_gjbx12.png,,100,
8505,24039,,2,亢金龙首发礼包,免费礼包tw,2,,3,,,1,1,{521=1200;8068=1;gold=5000000},109,-1,5,FALSE,0,activity/direct_gift/icon_gjbx12.png,,100,
8506,24039,,2,释天龙王首发礼包,免费礼包tw,2,,3,,,1,1,{521=1200;8069=1;gold=5000000},109,-1,5,FALSE,0,activity/direct_gift/icon_gjbx12.png,,100,
8507,24039,,2,烈焰枪魂首发礼包,免费礼包tw,2,,3,,,1,1,{521=1200;8081=1;gold=5000000},109,-1,5,FALSE,0,activity/direct_gift/icon_gjbx12.png,,100,
8508,24039,,2,噬日星云首发礼包,免费礼包tw,2,,3,,,1,1,{521=1200;8080=1;gold=5000000},109,-1,5,FALSE,0,activity/direct_gift/icon_gjbx12.png,,100,
8588,24040,,2,琴娜首发礼包,免费礼包tw,2,,3,,,1,1,{2282=1;500=10},-1,100,1,FALSE,0,activity/direct_gift/icon_gjbx12.png,,100,
8589,24040,,2,诺亚首发礼包,免费礼包tw,2,,3,,,6,1,{2276=1;rmb=500000},111,-1,1,FALSE,0,activity/direct_gift/icon_gjbx12.png,,100,
8590,24040,,2,阿尔伯特首发礼包,免费礼包tw,2,,3,,,6,1,{2277=1;rmb=500000},111,-1,1,FALSE,0,activity/direct_gift/icon_gjbx12.png,,100,
8591,24040,,2,卡尔·林奈首发礼包,免费礼包tw,2,,3,,,6,1,{2280=1;rmb=500000},111,-1,1,FALSE,0,activity/direct_gift/icon_gjbx12.png,,100,
8592,24040,,2,逐梦·双子首发礼包,免费礼包tw,2,,3,,,6,1,{2281=1;rmb=500000},111,-1,1,FALSE,0,activity/direct_gift/icon_gjbx12.png,,100,
8593,24040,,2,逐梦·双星首发礼包,免费礼包tw,2,,3,,,6,1,{2278=1;rmb=500000},111,-1,1,FALSE,0,activity/direct_gift/icon_gjbx12.png,,100,
8594,24040,,2,特里维西克首发礼包,免费礼包tw,2,,3,,,6,1,{2267=1;rmb=500000},109,-1,1,FALSE,0,activity/direct_gift/icon_gjbx12.png,,100,
8595,24040,,2,西门子首发礼包,免费礼包tw,2,,3,,,6,1,{2268=1;rmb=500000},109,-1,1,FALSE,0,activity/direct_gift/icon_gjbx12.png,,100,
8596,24040,,2,莎士比亚首发礼包,免费礼包tw,2,,3,,,6,1,{2269=1;rmb=500000},109,-1,1,FALSE,0,activity/direct_gift/icon_gjbx12.png,,100,
8597,24040,,2,玉露首发礼包,免费礼包tw,2,,3,,,6,1,{2275=1;rmb=500000},109,-1,1,FALSE,0,activity/direct_gift/icon_gjbx12.png,,100,
8598,24040,,2,卡尔林奈首发礼包,免费礼包tw,2,,3,,,6,1,{2270=1;rmb=500000},109,-1,1,FALSE,0,activity/direct_gift/icon_gjbx12.png,,100,
8599,24040,,2,紫萱首发礼包,免费礼包tw,2,,3,,,6,1,{2279=1;rmb=500000},109,-1,1,FALSE,0,activity/direct_gift/icon_gjbx12.png,,100,
8600,24040,,2,焰白涡轮首发礼包,免费礼包tw,2,,3,,,6,1,{31402=1;2103=888;2153=1},104,-1,1,FALSE,0,activity/direct_gift/icon_gjbx12.png,,100,
8601,24040,,2,冰霜旋刃首发礼包,免费礼包tw,2,,3,,,6,1,{31403=1;2103=888;2153=1},104,-1,1,FALSE,0,activity/direct_gift/icon_gjbx12.png,,100,
8602,24040,,2,无极碎星首发礼包,免费礼包tw,2,,3,,,6,1,{31404=1;2103=888;2153=1},104,-1,1,FALSE,0,activity/direct_gift/icon_gjbx12.png,,100,
8603,24040,,2,星芒尾棘首发礼包,免费礼包tw,2,,3,,,6,1,{31405=1;2103=888;2153=1},104,-1,1,FALSE,0,activity/direct_gift/icon_gjbx12.png,,100,
8604,24040,,2,幽冥毒蕊首发礼包,免费礼包tw,2,,3,,,6,1,{31406=1;2103=888;2153=1},104,-1,1,FALSE,0,activity/direct_gift/icon_gjbx12.png,,100,
8605,24040,,2,强子引擎首发礼包,免费礼包tw,2,,3,,,6,1,{31407=1;2103=888;2153=1},104,-1,1,FALSE,0,activity/direct_gift/icon_gjbx12.png,,100,
8606,24040,,2,暗黑涡轮首发礼包,免费礼包tw,2,,3,,,6,1,{31408=1;2103=888;2153=1},106,-1,1,FALSE,0,activity/direct_gift/icon_gjbx12.png,,100,
8607,24040,,2,冠军奖杯首发礼包,免费礼包tw,2,,3,,,6,1,{31409=1;2103=888;2153=1},106,-1,1,FALSE,0,activity/direct_gift/icon_gjbx12.png,,100,
8608,24040,,2,绯红引擎首发礼包,免费礼包tw,2,,3,,,6,1,{31410=1;2103=888;2153=1},106,-1,1,FALSE,0,activity/direct_gift/icon_gjbx12.png,,100,
8609,24040,,2,血翼飞刃首发礼包,免费礼包tw,2,,3,,,6,1,{31411=1;2103=888;2153=1},106,-1,1,FALSE,0,activity/direct_gift/icon_gjbx12.png,,100,
8610,24040,,2,虫鸣巨钳首发礼包,免费礼包tw,2,,3,,,6,1,{31412=1;2103=888;2153=1},106,-1,1,FALSE,0,activity/direct_gift/icon_gjbx12.png,,100,
8611,24040,,2,黄昏之冠首发礼包,免费礼包tw,2,,3,,,6,1,{31413=1;2103=888;2153=1},106,-1,1,FALSE,0,activity/direct_gift/icon_gjbx12.png,,100,
8612,24040,,2,大金刚宝玉首发礼包,免费礼包tw,2,,3,,,6,1,{31414=1;2103=888;2153=1},106,-1,1,FALSE,0,activity/direct_gift/icon_gjbx12.png,,100,
8613,24040,,2,大地神石首发礼包,免费礼包tw,2,,3,,,6,1,{31415=1;2103=888;2153=1},106,-1,1,FALSE,0,activity/direct_gift/icon_gjbx12.png,,100,
8700,24041,,2,精灵首发礼包,免费礼包tw,2,,3,,,1,1,{gold=5000000;24181=50},-1,188888,1,FALSE,0,activity/direct_gift/icon_cjbx1.png,,100,
8701,24041,,2,精灵首发礼包,免费礼包tw,2,,3,,,10,1,{500=180;rmb=50000;gold=10000000},106,-1,2,TRUE,0,activity/direct_gift/icon_cjbx1.png,,100,
8702,24041,,2,精灵首发礼包,免费礼包tw,2,,3,,,10,1,{521=1400;rmb=50000;gold=10000000},106,-1,3,TRUE,0,activity/direct_gift/icon_zjbx2.png,,100,
8703,24041,,2,精灵首发礼包,免费礼包tw,2,,3,,,10,1,{539=600;rmb=50000;gold=10000000},106,-1,4,TRUE,0,activity/direct_gift/icon_zjbx2.png,,100,
8705,24041,,2,精灵首发礼包,免费礼包tw,2,,3,,,10,1,{gold=10000000;9016=100},106,-1,7,TRUE,0,activity/direct_gift/icon_zjbx1.png,,100,
8706,24041,,2,精灵首发礼包,免费礼包tw,2,,3,,,10,1,{870=3000;rmb=50000;gold=10000000},106,-1,8,TRUE,0,activity/direct_gift/icon_gjbx2.png,,100,
8707,24041,,2,精灵首发礼包,免费礼包tw,2,,3,,,20,1,{500=380;gold=200000000},107,-1,9,TRUE,0,activity/direct_gift/icon_zjbx2.png,,100,
8708,24041,,2,精灵首发礼包,免费礼包tw,2,,3,,,10,1,{rmb=150000;500=1500},111,-1,10,TRUE,0,activity/direct_gift/icon_zjbx2.png,,100,
8709,24041,,2,精灵首发礼包,免费礼包tw,2,,3,,,5,1,{16=500;rmb=50000;452=6000},106,-1,11,TRUE,0,activity/direct_gift/icon_zjbx1.png,,100,
8710,24041,,2,精灵首发礼包,免费礼包tw,2,,3,,,5,1,{501=35;rmb=50000;gold=10000000},106,-1,12,TRUE,0,activity/direct_gift/icon_zjbx2.png,,100,
8711,24041,,2,精灵首发礼包,免费礼包tw,2,,3,,,5,1,{6059=8;rmb=50000;gold=10000000},106,-1,13,TRUE,0,activity/direct_gift/icon_zjbx2.png,,100,
8712,24041,,2,精灵首发礼包,免费礼包tw,2,,3,,,5,1,{2103=2500;rmb=50000;gold=10000000},106,-1,14,TRUE,0,activity/direct_gift/icon_zjbx2.png,,100,
8713,24041,,2,精灵首发礼包,免费礼包tw,2,,3,,,5,1,{850=40000;rmb=50000;851=15000},106,-1,15,TRUE,0,activity/direct_gift/icon_zjbx2.png,,100,
8714,24041,,2,精灵首发礼包,免费礼包tw,2,,3,,,5,1,{rmb=50000;4000=40000;gold=10000000},106,-1,16,TRUE,0,activity/direct_gift/icon_zjbx2.png,,100,
8715,24041,,2,精灵首发礼包,免费礼包tw,2,,3,,,5,1,{529=250000;rmb=50000;gold=10000000},106,-1,17,TRUE,0,activity/direct_gift/icon_zjbx2.png,,100,
8716,24041,,2,精灵首发礼包,免费礼包tw,2,,3,,,5,1,{124=2500;rmb=50000;gold=10000000},106,-1,18,TRUE,0,activity/direct_gift/icon_zjbx2.png,,100,
8717,24041,,2,精灵首发礼包,免费礼包tw,2,,3,,,5,1,{gold=10000000;rmb=50000;19=500},106,-1,19,TRUE,0,activity/direct_gift/icon_zjbx2.png,,100,
8718,24041,,2,精灵首发礼包,免费礼包tw,2,,3,,,5,1,{994=8;rmb=50000;gold=10000000},106,-1,20,TRUE,0,activity/direct_gift/icon_zjbx2.png,,100,
8719,24041,,2,精灵首发礼包,免费礼包tw,2,,3,,,5,1,{7325=8;rmb=50000;gold=10000000},106,-1,21,TRUE,0,activity/direct_gift/icon_zjbx2.png,,100,
8720,24041,,2,精灵首发礼包,免费礼包tw,2,,3,,,5,1,{gold=100000000;talent_point=1200},106,-1,22,TRUE,0,activity/direct_gift/icon_gjbx1.png,,100,
8721,24041,,2,精灵首发礼包,免费礼包tw,2,,3,,,5,1,{967=35;rmb=50000;gold=10000000},106,-1,23,TRUE,0,activity/direct_gift/icon_gjbx2.png,,100,
8722,24041,,2,精灵首发礼包,免费礼包tw,2,,3,,,5,1,{605=1500;rmb=50000;gold=10000000},106,-1,24,TRUE,0,activity/direct_gift/icon_gjbx2.png,,100,
8723,24041,,2,精灵首发礼包,免费礼包tw,2,,3,,,5,1,{151=25000;rmb=50000;gold=10000000},106,-1,25,TRUE,0,activity/direct_gift/icon_gjbx2.png,,100,
8724,24041,,2,精灵首发礼包,免费礼包tw,2,,3,,,5,1,{gold=10000000;rmb=50000;152=700},106,-1,26,TRUE,0,activity/direct_gift/icon_gjbx2.png,,100,
8725,24041,,2,精灵首发礼包,免费礼包tw,2,,3,,,10,1,{rmb=8000;9100=1},102,-1,27,FALSE,0,activity/direct_gift/icon_zjbx2.png,,100,
8726,24041,,2,精灵首发礼包,免费礼包tw,2,,3,,,10,1,{rmb=50000;9100=7},106,-1,28,FALSE,0,activity/direct_gift/icon_zjbx2.png,,100,
8727,24041,,2,精灵首发礼包,免费礼包tw,2,,3,,,5,1,{rmb=100000;9100=15},107,-1,29,FALSE,0,activity/direct_gift/icon_gjbx12.png,,100,
8728,24041,,2,精灵首发礼包,免费礼包tw,2,,3,,,5,1,{rmb=200000;9100=35},109,-1,30,FALSE,0,activity/direct_gift/icon_gjbx12.png,,100,
8729,24041,,2,精灵首发礼包,免费礼包tw,2,,3,,,5,1,{rmb=600000;9100=90},112,-1,31,FALSE,0,activity/direct_gift/icon_gjbx12.png,,100,
8730,24041,,2,精灵首发礼包,免费礼包tw,2,,3,,,5,1,{rmb=1500000;9100=200},113,-1,32,FALSE,0,activity/direct_gift/icon_gjbx12.png,,100,
8731,24041,,2,精灵首发礼包,免费礼包tw,2,,3,,,5,1,{6071=3000;rmb=30000;2103=200},108,-1,33,FALSE,0,activity/direct_gift/icon_gjbx12.png,,100,
8732,24041,,2,精灵首发礼包,免费礼包tw,2,,3,,,5,1,{6071=6000;rmb=60000;2103=500},111,-1,34,FALSE,0,activity/direct_gift/icon_gjbx12.png,,100,
8733,24041,,2,精灵首发礼包,免费礼包tw,2,,3,,,5,1,{6071=12000;rmb=120000;2103=1000},112,-1,35,FALSE,0,activity/direct_gift/icon_gjbx12.png,,100,
8734,24041,,2,精灵首发礼包,免费礼包tw,2,,3,,,5,1,{6071=25000;rmb=240000;2103=2000},113,-1,36,FALSE,0,activity/direct_gift/icon_gjbx12.png,,100,
8735,24041,,2,精灵首发礼包,免费礼包tw,2,,3,,,10,1,{2153=10;rmb=10000;gold=10000000},106,-1,37,TRUE,0,activity/direct_gift/icon_gjbx12.png,,100,
8800,24042,,2,神兽万能碎片,免费礼包tw,2,,3,,,20,1,{521=2400},107,-1,1,TRUE,0,activity/direct_gift/icon_cjbx1.png,activity/double11_shop/logo_ssy_bk.png,198,
8801,24042,,2,豪华便当,免费礼包tw,2,,3,,,10,1,{500=6600},109,-1,3,TRUE,0,activity/direct_gift/icon_cjbx1.png,,198,
8802,24042,,2,钻石特惠礼包,免费礼包tw,2,,3,,,10,1,{rmb=500000},106,-1,4,TRUE,0,activity/direct_gift/icon_cjbx1.png,activity/double11_shop/logo_ssy_bk.png,198,
8803,24042,,2,金币特惠礼包,免费礼包tw,2,,3,,,10,1,{gold=500000000},106,-1,5,TRUE,0,activity/direct_gift/icon_cjbx1.png,activity/double11_shop/logo_ssy_bk.png,198,
8804,24042,,2,养成资源选择宝箱I,免费礼包tw,2,,3,,,100,1,{9016=100},106,-1,6,TRUE,0,activity/direct_gift/icon_cjbx1.png,activity/double11_shop/logo_ssy_bk.png,198,
8805,24042,,2,饰品觉醒选择箱子,免费礼包tw,2,,3,,,20,1,{6059=20},106,-1,7,TRUE,0,activity/direct_gift/icon_cjbx1.png,activity/double11_shop/logo_ssy_bk.png,60,
8806,24042,,2,高级强化石,免费礼包tw,2,,3,,,20,1,{2103=2600},106,-1,8,TRUE,0,activity/direct_gift/icon_cjbx1.png,,60,
8807,24042,,2,紫色晶片,免费礼包tw,2,,3,,,20,1,{124=2600},106,-1,9,TRUE,0,activity/direct_gift/icon_cjbx1.png,,60,
8808,24042,,2,天赋点,免费礼包tw,2,,3,,,20,1,{talent_point=1300},106,-1,12,TRUE,0,activity/direct_gift/icon_cjbx1.png,activity/double11_shop/logo_ssy_bk.png,60,
8809,24042,,2,全橙色携带,免费礼包tw,2,,3,,,5,1,{6915=1},106,-1,13,TRUE,0,activity/direct_gift/icon_cjbx1.png,activity/double11_shop/logo_ssy_bk.png,60,
8810,24042,,2,橙色万能石,免费礼包tw,2,,3,,,5,1,{2153=10},106,-1,14,TRUE,0,activity/direct_gift/icon_cjbx1.png,activity/double11_shop/logo_ssy_bk.png,168,
8811,24042,,2,携带核心,免费礼包tw,2,,3,,,5,1,{6071=4000},108,-1,15,TRUE,0,activity/direct_gift/icon_cjbx1.png,activity/double11_shop/logo_ssy_bk.png,168,
8812,24042,,2,世界盲盒,免费礼包tw,2,,3,,,10,1,{9100=10},106,-1,16,TRUE,0,activity/direct_gift/icon_cjbx1.png,activity/double11_shop/logo_ssy_bk.png,60,
8813,24042,,2,世界盲盒,免费礼包tw,2,,3,,,5,1,{9100=20},107,-1,17,TRUE,0,activity/direct_gift/icon_cjbx1.png,activity/double11_shop/logo_ssy_bk.png,60,
8814,24042,,2,世界盲盒,免费礼包tw,2,,3,,,3,1,{9100=60},110,-1,18,TRUE,0,activity/direct_gift/icon_cjbx1.png,activity/double11_shop/logo_ssy_bk.png,60,
8815,24042,,2,蓝玉潜能石,免费礼包tw,2,,3,,,20,1,{850=90000},106,-1,10,TRUE,0,activity/direct_gift/icon_cjbx1.png,activity/double11_shop/logo_ssy_bk.png,168,
8816,24042,,2,紫晶潜能石,免费礼包tw,2,,3,,,20,1,{851=35000},106,-1,11,TRUE,0,activity/direct_gift/icon_cjbx1.png,activity/double11_shop/logo_ssy_bk.png,168,
8817,24042,,2,升星万能碎片,免费礼包tw,2,,3,,,10,1,{539=1200},107,-1,2,TRUE,0,activity/direct_gift/icon_cjbx1.png,activity/double11_shop/logo_ssy_bk.png,198,
8818,24042,,2,养成资源选择宝箱II,免费礼包tw,2,,3,,,10,1,{9016=1100},112,-1,6,TRUE,0,activity/direct_gift/icon_cjbx1.png,activity/double11_shop/logo_ssy_bk.png,198,
8819,24042,,2,养成资源选择宝箱III,免费礼包tw,2,,3,,,5,1,{9016=2200},113,-1,6,TRUE,0,activity/direct_gift/icon_cjbx1.png,activity/double11_shop/logo_ssy_bk.png,198,
8900,24043,,2,普通万能碎片,免费礼包tw,2,,3,,,5,1,{502=100},-1,20000,1,TRUE,0,activity/direct_gift/icon_cjbx1.png,,50000,
8901,24043,,2,神兽万能碎片,免费礼包tw,2,,3,,,3,1,{521=110},-1,50000,2,TRUE,0,activity/direct_gift/icon_cjbx1.png,activity/double11_shop/logo_ssy_bk.png,100000,
8902,24043,,2,升星万能碎片,免费礼包tw,2,,3,,,1,1,{539=110},-1,50000,3,TRUE,0,activity/direct_gift/icon_cjbx1.png,,100000,
8903,24043,,2,树果汁,免费礼包tw,2,,3,,,1,1,{16=2000},-1,30000,4,TRUE,0,activity/direct_gift/icon_cjbx1.png,,100000,
8904,24043,,2,神奇胶囊,免费礼包tw,2,,3,,,3,1,{19=30},-1,50000,5,TRUE,0,activity/direct_gift/icon_cjbx1.png,activity/double11_shop/logo_ssy_bk.png,100000,
8905,24043,,2,刷新球,免费礼包tw,2,,3,,,3,1,{522=10},-1,50000,6,TRUE,0,activity/direct_gift/icon_cjbx1.png,,100000,
8906,24043,,2,性格薄荷,免费礼包tw,2,,3,,,3,1,{937=1},-1,50000,7,TRUE,0,activity/direct_gift/icon_cjbx1.png,activity/double11_shop/logo_ssy_bk.png,500000,
8907,24043,,2,古旧突破材料礼袋,免费礼包tw,2,,3,,,10,1,{870=1000},-1,50000,8,TRUE,0,activity/direct_gift/icon_cjbx1.png,,100000,
8908,24043,,2,活动称号选择箱子,免费礼包tw,2,,3,,,3,1,{2196=1},-1,50000,9,TRUE,0,activity/direct_gift/icon_cjbx1.png,activity/double11_shop/logo_ssy_bk.png,100000,
9000,24044,,2,节日礼包,免费礼包tw,2,,3,,,10,1,{500=180;rmb=50000;gold=10000000},106,-1,1,TRUE,0,activity/direct_gift/icon_cjbx1.png,,100,
9001,24044,,2,节日礼包,免费礼包tw,2,,3,,,10,1,{502=3000;rmb=50000;gold=10000000},106,-1,2,TRUE,0,activity/direct_gift/icon_cjbx1.png,,100,
9002,24044,,2,节日礼包,免费礼包tw,2,,3,,,10,1,{521=1400;rmb=50000;gold=10000000},106,-1,3,TRUE,0,activity/direct_gift/icon_zjbx2.png,,100,
9003,24044,,2,节日礼包,免费礼包tw,2,,3,,,10,1,{539=600;rmb=50000;gold=10000000},106,-1,4,TRUE,0,activity/direct_gift/icon_zjbx2.png,,100,
9004,24044,,2,节日礼包,免费礼包tw,2,,3,,,10,1,{gold=10000000;9016=100},106,-1,5,TRUE,0,activity/direct_gift/icon_zjbx1.png,,100,
9005,24044,,2,节日礼包,免费礼包tw,2,,3,,,10,1,{870=3000;rmb=50000;gold=10000000},106,-1,6,TRUE,0,activity/direct_gift/icon_gjbx2.png,,100,
9006,24044,,2,节日礼包,免费礼包tw,2,,3,,,20,1,{500=380;gold=200000000},107,-1,7,TRUE,0,activity/direct_gift/icon_zjbx2.png,,100,
9007,24044,,2,节日礼包,免费礼包tw,2,,3,,,10,1,{rmb=150000;500=1500},111,-1,8,TRUE,0,activity/direct_gift/icon_zjbx2.png,,100,
9008,24044,,2,节日礼包,免费礼包tw,2,,3,,,5,1,{16=500;rmb=50000;452=6000},106,-1,9,TRUE,0,activity/direct_gift/icon_zjbx1.png,,100,
9009,24044,,2,节日礼包,免费礼包tw,2,,3,,,5,1,{501=35;rmb=50000;gold=10000000},106,-1,10,TRUE,0,activity/direct_gift/icon_zjbx2.png,,100,
9010,24044,,2,节日礼包,免费礼包tw,2,,3,,,5,1,{6059=8;rmb=50000;gold=10000000},106,-1,11,TRUE,0,activity/direct_gift/icon_zjbx2.png,,100,
9011,24044,,2,节日礼包,免费礼包tw,2,,3,,,5,1,{2103=2500;rmb=50000;gold=10000000},106,-1,12,TRUE,0,activity/direct_gift/icon_zjbx2.png,,100,
9012,24044,,2,节日礼包,免费礼包tw,2,,3,,,5,1,{850=40000;rmb=50000;851=15000},106,-1,13,TRUE,0,activity/direct_gift/icon_zjbx2.png,,100,
9013,24044,,2,节日礼包,免费礼包tw,2,,3,,,5,1,{rmb=50000;4000=40000;gold=10000000},106,-1,14,TRUE,0,activity/direct_gift/icon_zjbx2.png,,100,
9014,24044,,2,节日礼包,免费礼包tw,2,,3,,,5,1,{529=250000;rmb=50000;gold=10000000},106,-1,15,TRUE,0,activity/direct_gift/icon_zjbx2.png,,100,
9015,24044,,2,节日礼包,免费礼包tw,2,,3,,,5,1,{124=2500;rmb=50000;gold=10000000},106,-1,16,TRUE,0,activity/direct_gift/icon_zjbx2.png,,100,
9016,24044,,2,节日礼包,免费礼包tw,2,,3,,,5,1,{gold=10000000;rmb=50000;19=500},106,-1,17,TRUE,0,activity/direct_gift/icon_zjbx2.png,,100,
9017,24044,,2,节日礼包,免费礼包tw,2,,3,,,5,1,{994=8;rmb=50000;gold=10000000},106,-1,18,TRUE,0,activity/direct_gift/icon_zjbx2.png,,100,
9018,24044,,2,节日礼包,免费礼包tw,2,,3,,,5,1,{7325=8;rmb=50000;gold=10000000},106,-1,19,TRUE,0,activity/direct_gift/icon_zjbx2.png,,100,
9019,24044,,2,节日礼包,免费礼包tw,2,,3,,,5,1,{gold=100000000;talent_point=1200},106,-1,20,TRUE,0,activity/direct_gift/icon_gjbx1.png,,100,
9020,24044,,2,节日礼包,免费礼包tw,2,,3,,,5,1,{967=35;rmb=50000;gold=10000000},106,-1,21,TRUE,0,activity/direct_gift/icon_gjbx2.png,,100,
9021,24044,,2,节日礼包,免费礼包tw,2,,3,,,5,1,{605=1500;rmb=50000;gold=10000000},106,-1,22,TRUE,0,activity/direct_gift/icon_gjbx2.png,,100,
9022,24044,,2,节日礼包,免费礼包tw,2,,3,,,5,1,{151=25000;rmb=50000;gold=10000000},106,-1,23,TRUE,0,activity/direct_gift/icon_gjbx2.png,,100,
9023,24044,,2,节日礼包,免费礼包tw,2,,3,,,5,1,{gold=10000000;rmb=50000;152=700},106,-1,24,TRUE,0,activity/direct_gift/icon_gjbx2.png,,100,
9024,24044,,2,节日礼包,免费礼包tw,2,,3,,,10,1,{rmb=8000;9100=1},102,-1,25,FALSE,0,activity/direct_gift/icon_zjbx2.png,,100,
9025,24044,,2,节日礼包,免费礼包tw,2,,3,,,10,1,{rmb=50000;9100=7},106,-1,26,FALSE,0,activity/direct_gift/icon_zjbx2.png,,100,
9026,24044,,2,节日礼包,免费礼包tw,2,,3,,,5,1,{rmb=100000;9100=15},107,-1,27,FALSE,0,activity/direct_gift/icon_gjbx12.png,,100,
9027,24044,,2,节日礼包,免费礼包tw,2,,3,,,5,1,{rmb=200000;9100=35},109,-1,28,FALSE,0,activity/direct_gift/icon_gjbx12.png,,100,
9028,24044,,2,节日礼包,免费礼包tw,2,,3,,,5,1,{rmb=600000;9100=90},112,-1,29,FALSE,0,activity/direct_gift/icon_gjbx12.png,,100,
9029,24044,,2,节日礼包,免费礼包tw,2,,3,,,5,1,{rmb=1500000;9100=200},113,-1,30,FALSE,0,activity/direct_gift/icon_gjbx12.png,,100,
9030,24044,,2,节日礼包,免费礼包tw,2,,3,,,5,1,{6071=3000;rmb=30000;2103=200},108,-1,31,FALSE,0,activity/direct_gift/icon_gjbx12.png,,100,
9031,24044,,2,节日礼包,免费礼包tw,2,,3,,,5,1,{6071=6000;rmb=60000;2103=500},111,-1,32,FALSE,0,activity/direct_gift/icon_gjbx12.png,,100,
9032,24044,,2,节日礼包,免费礼包tw,2,,3,,,5,1,{6071=12000;rmb=120000;2103=1000},112,-1,33,FALSE,0,activity/direct_gift/icon_gjbx12.png,,100,
9033,24044,,2,节日礼包,免费礼包tw,2,,3,,,5,1,{6071=25000;rmb=240000;2103=2000},113,-1,34,FALSE,0,activity/direct_gift/icon_gjbx12.png,,100,
9034,24044,,2,节日礼包,免费礼包tw,2,,3,,,10,1,{2153=10;rmb=10000;gold=10000000},106,-1,35,TRUE,0,activity/direct_gift/icon_gjbx12.png,,100,
9035,24045,,2,端午礼包,免费礼包tw,2,,3,,,10,1,{2153=20;2103=8888;6917=1},111,-1,35,TRUE,0,activity/direct_gift/icon_gjbx12.png,,100,
9036,24045,,2,端午礼包,免费礼包tw,2,,3,,,10,1,{2153=20;2103=8888;6918=1},111,-1,35,TRUE,0,activity/direct_gift/icon_gjbx12.png,,100,
9037,24045,,2,端午礼包,免费礼包tw,2,,3,,,10,1,{2153=20;2103=8888;6919=1},111,-1,35,TRUE,0,activity/direct_gift/icon_gjbx12.png,,100,
9038,24045,,2,端午礼包,免费礼包tw,2,,3,,,10,1,{2153=20;2103=8888;6920=1},111,-1,35,TRUE,0,activity/direct_gift/icon_gjbx12.png,,100,
9039,24045,,2,端午礼包,免费礼包tw,2,,3,,,10,1,{2153=20;2103=8888;6921=1},111,-1,35,TRUE,0,activity/direct_gift/icon_gjbx12.png,,100,
9040,24045,,2,端午礼包,免费礼包tw,2,,3,,,10,1,{2153=20;2103=8888;6922=1},111,-1,35,TRUE,0,activity/direct_gift/icon_gjbx12.png,,100,
9041,24046,,2,形象礼包,免费礼包tw,2,,3,,,10,1,{2261=1;rmb=100000},117,-1,35,TRUE,0,activity/direct_gift/icon_gjbx12.png,,100,
9042,24046,,2,形象礼包,免费礼包tw,2,,3,,,10,1,{2260=1;rmb=100000},117,-1,35,TRUE,0,activity/direct_gift/icon_gjbx12.png,,100,
9043,24046,,2,形象礼包,免费礼包tw,2,,3,,,10,1,{2259=1;rmb=100000},117,-1,35,TRUE,0,activity/direct_gift/icon_gjbx12.png,,100,
9044,24046,,2,形象礼包,免费礼包tw,2,,3,,,10,1,{2258=1;rmb=100000},117,-1,35,TRUE,0,activity/direct_gift/icon_gjbx12.png,,100,
9045,24046,,2,形象礼包,免费礼包tw,2,,3,,,10,1,{2257=1;rmb=100000},117,-1,35,TRUE,0,activity/direct_gift/icon_gjbx12.png,,100,
9046,24046,,2,形象礼包,免费礼包tw,2,,3,,,10,1,{2256=1;rmb=100000},117,-1,35,TRUE,0,activity/direct_gift/icon_gjbx12.png,,100,
9047,24046,,2,形象礼包,免费礼包tw,2,,3,,,10,1,{2255=1;rmb=100000},117,-1,35,TRUE,0,activity/direct_gift/icon_gjbx12.png,,100,
9048,24046,,2,形象礼包,免费礼包tw,2,,3,,,10,1,{2252=1;rmb=100000},117,-1,35,TRUE,0,activity/direct_gift/icon_gjbx12.png,,100,
,,,,,,,,,,,,,,,,,,,,,,
,,,,,,,,,,,,,,,,,,,,,,
,,特惠礼包,,,,,,,,,,,,,,,,,,,,
,,普通橙色携带礼包,,,,,,,,,,,,,,,,,,,,
9049,24047,,Send Gift,免费礼包,贈送禮物,Send Gift,Tặng quà,선물 보내기,Enviar presente,ส่งของขวัญ,1,1,{rmb=888;4000=200;2103=20;500=1},,0,0,,1,activity/direct_gift/box_cr3.png,,,
9050,24047,,Held item 1.99$ Pack ,普通橙携礼包,攜帶物品 $1.99 禮包,Held item 1.99$ Pack ,Gói vật phẩm mang theo $1.99,소지 아이템 $1.99 패키지,Pacote de item segurado $1.99,แพ็กของถือ $1.99,1,1,{6120=1;rmb=8000;2103=88},103,,36,FALSE,1,activity/direct_gift/icon_gjbx12.png,,,
9051,24047,,Held item 4.99$ Pack,普通橙携礼包,攜帶物品 $4.99 禮包,Held item 4.99$ Pack,Gói vật phẩm mang theo $4.99,소지 아이템 $4.99 패키지,Pacote de item segurado $4.99,แพ็กของถือ $4.99,1,1,{gold=5000000;rmb=35000;2153=13},106,,36,FALSE,1,activity/direct_gift/icon_gjbx12.png,,,
9052,24047,,Held item 4.99$ Pack,普通橙携礼包,攜帶物品 $4.99 禮包,Held item 4.99$ Pack,Gói vật phẩm mang theo $4.99,소지 아이템 $4.99 패키지,Pacote de item segurado $4.99,แพ็กของถือ $4.99,1,1,{rmb=40000;6071=266;2103=288},106,,36,FALSE,1,activity/direct_gift/icon_gjbx12.png,,,
9053,24047,,Held item 8.99$ Pack,普通橙携礼包,攜帶物品 $8.99 禮包,Held item 8.99$ Pack,Gói vật phẩm mang theo $8.99,소지 아이템 $8.99 패키지,Pacote de item segurado $8.99,แพ็กของถือ $8.99,3,1,{rmb=63000;6071=466;2103=488},107,,36,FALSE,1,activity/direct_gift/icon_gjbx12.png,,,
9054,24047,,Held item 14.99$ Pack,普通橙携礼包,攜帶物品 $14.99 禮包,Held item 14.99$ Pack,Gói vật phẩm mang theo $14.99,소지 아이템 $14.99 패키지,Pacote de item segurado $14.99,แพ็กของถือ $14.99,4,1,{rmb=105000;6071=888;2103=888},108,,36,FALSE,1,activity/direct_gift/icon_gjbx12.png,,,
9055,24047,,Held item 29.99$ Pack,普通橙携礼包,攜帶物品 $29.99 禮包,Held item 29.99$ Pack,Gói vật phẩm mang theo $29.99,소지 아이템 $29.99 패키지,Pacote de item segurado $29.99,แพ็กของถือ $29.99,5,1,{rmb=148888;6071=1288;2103=2288},110,,36,FALSE,1,activity/direct_gift/icon_gjbx12.png,,,
9056,24047,,Held item 49.99$ Pack,普通橙携礼包,攜帶物品 $49.99 禮包,Held item 49.99$ Pack,Gói vật phẩm mang theo $49.99,소지 아이템 $49.99 패키지,Pacote de item segurado $49.99,แพ็กของถือ $49.99,5,1,{rmb=128888;6071=2288;2103=4588},111,,36,FALSE,1,activity/direct_gift/icon_gjbx12.png,,,
,,,,,,,,,,,,,,,,,,,,,,
,,S皮肤礼包1,,,,,,,,,,,,,,,,,,,,
9057,24048,,Send Gift,免费礼包,贈送禮物,Send Gift,Tặng quà,선물 보내기,Enviar presente,ส่งของขวัญ,1,1,{rmb=888;4000=200;2103=20;500=1},,0,0,,1,activity/direct_gift/box_cr3.png,,,
9058,24048,,Geometric Snowflake Skin,S皮肤礼包1,幾何雪花 皮膚,Geometric Snowflake Skin,Geometric Snowflake Skin,기하학 눈송이 스킨,Geometric Snowflake Skin,สกินเกล็ดหิมะเรขาคณิต,1,,{gold=2000;8000=1},,58888,36,,,activity/direct_gift/box_cr3.png,,,
9059,24048,,Giant Mantis Skin,S皮肤礼包1,巨型螳螂 皮膚,Giant Mantis Skin,Giant Mantis Skin,거대 사마귀 스킨,Giant Mantis Skin,สกินตั๊กแตนตำข้าวยักษ์,1,,{gold=2000;8008=1},,58888,36,,,activity/direct_gift/box_cr3.png,,,
9060,24048,,Gardevoir Skin,S皮肤礼包1,沙奈朵 皮膚,Gardevoir Skin,Gardevoir Skin,가디안 스킨,Gardevoir Skin,สกินการ์ดวอยร์,1,,{gold=2000;8010=1},,58888,36,,,activity/direct_gift/box_cr3.png,,,
9061,24048,,Lucario Skin,S皮肤礼包1,路卡利歐 皮膚,Lucario Skin,Lucario Skin,루카리오 스킨,Lucario Skin,สกินลูคาริโอ,1,,{gold=2000;8014=1},,58888,36,,,activity/direct_gift/box_cr3.png,,,
9062,24048,,Mega Gengar Skin,S皮肤礼包1,超級耿鬼 皮膚,Mega Gengar Skin,Mega Gengar Skin,메가 팬텀 스킨,Mega Gengar Skin,สกินเมก้าเก็งกะ,1,,{gold=2000;8020=1},,58888,36,,,activity/direct_gift/box_cr3.png,,,
9063,24048,,Mega Alakazam Skin,S皮肤礼包1,超級胡地 皮膚,Mega Alakazam Skin,Mega Alakazam Skin,메가 후딘 스킨,Mega Alakazam Skin,สกินเมก้าอารากาซัม,1,,{gold=2000;8023=1},,58888,36,,,activity/direct_gift/box_cr3.png,,,
9064,24048,,Mega Gallade Skin,S皮肤礼包1,超級艾路雷朵 皮膚,Mega Gallade Skin,Mega Gallade Skin,메가 엘레이드 스킨,Mega Gallade Skin,สกินเมก้าเอลเรด,1,,{gold=2000;8024=1},,58888,36,,,activity/direct_gift/box_cr3.png,,,
9065,24048,,Dusknoir Skin,S皮肤礼包1,黑夜魔靈 皮膚,Dusknoir Skin,Dusknoir Skin,야느와르몽 스킨,Dusknoir Skin,สกินดัสก์นัวร์,1,,{gold=2000;8025=1},,58888,36,,,activity/direct_gift/box_cr3.png,,,
9066,24048,,Cresselia Skin,S皮肤礼包1,克雷色利亞 皮膚,Cresselia Skin,Cresselia Skin,크레세리아 스킨,Cresselia Skin,สกินเครสเซเลีย,1,,{gold=2000;8029=1},,58888,36,,,activity/direct_gift/box_cr3.png,,,
9067,24048,,Celesteela Skin,S皮肤礼包1,鐵火輝夜 皮膚,Celesteela Skin,Celesteela Skin,철화구야 스킨,Celesteela Skin,สกินเซเลสทีล่า,1,,{gold=2000;8043=1},,58888,36,,,activity/direct_gift/box_cr3.png,,,
9068,24048,,Ash Pikachu Skin,S皮肤礼包1,小智皮卡丘 皮膚,Ash Pikachu Skin,Ash Pikachu Skin,지우 피카츄 스킨,Ash Pikachu Skin,สกินพิคาชูของซาโตชิ,1,,{gold=2000;8037=1},,58888,36,,,activity/direct_gift/box_cr3.png,,,
,,,,,,,,,,,,,,,,,,,,,,
,,S皮肤礼包2,,,,,,,,,,,,,,,,,,,,
9069,24049,,Send Gift,免费礼包,贈送禮物,Send Gift,Tặng quà,선물 보내기,Enviar presente,ส่งของขวัญ,1,1,{rmb=888;4000=200;2103=20;500=1},,0,0,,1,activity/direct_gift/box_cr3.png,,,
9070,24049,,Melmetal Skin,S+皮肤礼包,美錄梅塔 皮膚,Melmetal Skin,Trang phục Melmetal,멜메탈 스킨,Skin de Melmetal,สกิน Melmetal,1,,{gold=2000000;rmb=3888;8036=1},106,,36,,,activity/direct_gift/box_cr3.png,,,
9071,24049,,Xerneas Skin,S+皮肤礼包,哲爾尼亞斯 皮膚,Xerneas Skin,Trang phục Xerneas,제르네아스 스킨,Skin de Xerneas,สกิน Xerneas,1,,{gold=2000000;rmb=3888;8032=1},106,,36,,,activity/direct_gift/box_cr3.png,,,
9072,24049,,Celebi Skin,S+皮肤礼包,時拉比 皮膚,Celebi Skin,Trang phục Celebi,세레비 스킨,Skin de Celebi,สกิน Celebi,1,,{gold=2000000;rmb=3888;8016=1},106,,36,,,activity/direct_gift/box_cr3.png,,,
9073,24049,,Marshadow Skin,S+皮肤礼包,瑪夏多 皮膚,Marshadow Skin,Trang phục Marshadow,마샤도 스킨,Skin de Marshadow,สกิน Marshadow,1,,{gold=2000000;rmb=3888;8034=1},106,,36,,,activity/direct_gift/box_cr3.png,,,
9074,24049,,Hoopa Skin,S+皮肤礼包,胡帕 皮膚,Hoopa Skin,Trang phục Hoopa,후파 스킨,Skin de Hoopa,สกิน Hoopa,1,,{gold=2000000;rmb=3888;8012=1},106,,36,,,activity/direct_gift/box_cr3.png,,,
9075,24049,,Darkrai Skin,S+皮肤礼包,達克萊伊 皮膚,Darkrai Skin,Trang phục Darkrai,다크라이 스킨,Skin de Darkrai,สกิน Darkrai,1,,{gold=2000000;rmb=3888;8006=1},106,,36,,,activity/direct_gift/box_cr3.png,,,
9076,24049,,Jirachi Skin,S+皮肤礼包,基拉祈 皮膚,Jirachi Skin,Trang phục Jirachi,지라치 스킨,Skin de Jirachi,สกิน Jirachi,1,,{gold=2000000;rmb=3888;8027=1},106,,36,,,activity/direct_gift/box_cr3.png,,,
9077,24049,,Origin Mew Skin,S+皮肤礼包,起源·夢幻 皮膚,Origin Mew Skin,Trang phục Mew Nguyên Thủy,오리진 뮤 스킨,Skin de Mew Origem,สกิน Mew ต้นกำเนิด,1,,{gold=2000000;rmb=3888;8046=1},107,,36,,,activity/direct_gift/box_cr3.png,,,
9078,24049,,Lunala Skin,S+皮肤礼包,露奈雅拉 皮膚,Lunala Skin,Trang phục Lunala,루나라 스킨,Skin de Lunala,สกิน Lunala,1,,{gold=2000000;rmb=3888;8039=1},107,,36,,,activity/direct_gift/box_cr3.png,,,
9079,24049,,Keldeo Resolute Skin,S+皮肤礼包,凱路迪歐覺悟 皮膚,Keldeo Resolute Skin,Trang phục Keldeo Quyết Tâm,결의 켈디오 스킨,Skin de Keldeo Resoluto,สกิน Keldeo ตื่นรู้,1,,{gold=2000000;rmb=3888;8059=1},107,,36,,,activity/direct_gift/box_cr3.png,,,
9080,24049,,Shiny Mega Tyranitar Skin,S+皮肤礼包,閃光超級班基拉斯 皮膚,Shiny Mega Tyranitar Skin,Trang phục Tyranitar Siêu cấp Sáng,색이 다른 메가 마기라스 스킨,Skin de Tyranitar Mega Brilhante,สกิน Mega Tyranitar เงา,1,,{gold=2000000;rmb=3888;8044=1},107,,36,,,activity/direct_gift/box_cr3.png,,,
9081,24049,,Manaphy Skin,S+皮肤礼包,瑪納霏 皮膚,Manaphy Skin,Trang phục Manaphy,마나피 스킨,Skin de Manaphy,สกิน Manaphy,1,,{gold=2000000;rmb=3888;8030=1},107,,36,,,activity/direct_gift/box_cr3.png,,,
9082,24049,,Zamazenta Skin,S+皮肤礼包,藏瑪然特 皮膚,Zamazenta Skin,Trang phục Zamazenta,자마젠타 스킨,Skin de Zamazenta,สกิน Zamazenta,1,,{gold=2000000;rmb=3888;8048=1},107,,36,,,activity/direct_gift/box_cr3.png,,,
9083,24049,,Magearna Skin,S+皮肤礼包,瑪機雅娜 皮膚,Magearna Skin,Trang phục Magearna,마기아나 스킨,Skin de Magearna,สกิน Magearna,1,,{gold=2000000;rmb=3888;8033=1},107,,36,,,activity/direct_gift/box_cr3.png,,,
9084,24049,,Shiny Mega Gardevoir Skin,S+皮肤礼包,閃光超級沙奈朵 皮膚,Shiny Mega Gardevoir Skin,Trang phục Gardevoir Siêu cấp Sáng,색이 다른 메가 가디안 스킨,Skin de Gardevoir Mega Brilhante,สกิน Mega Gardevoir เงา,1,,{gold=2000000;rmb=3888;8050=1},107,,36,,,activity/direct_gift/box_cr3.png,,,
9085,24049,,Solgaleo Skin,S+皮肤礼包,索爾迦雷歐 皮膚,Solgaleo Skin,Trang phục Solgaleo,솔가레오 스킨,Skin de Solgaleo,สกิน Solgaleo,1,,{gold=2000000;rmb=3888;8040=1},107,,36,,,activity/direct_gift/box_cr3.png,,,
9086,24049,,Hoopa Unbound Skin,S+皮肤礼包,解放胡帕 皮膚,Hoopa Unbound Skin,Trang phục Hoopa Giải Phóng,해방된 후파 스킨,Skin de Hoopa Liberto,สกิน Hoopa แปลงร่าง,1,,{gold=2000000;rmb=3888;8004=1},107,,36,,,activity/direct_gift/box_cr3.png,,,
9087,24049,,Meloetta Skin,S+皮肤礼包,美洛耶塔 皮膚,Meloetta Skin,Trang phục Meloetta,멜로에타 스킨,Skin de Meloetta,สกิน Meloetta,1,,{gold=2000000;rmb=3888;8041=1;8042=1},107,,36,,,activity/direct_gift/box_cr3.png,,,
9088,24049,,Victini Skin,S+皮肤礼包,維克提尼 皮膚,Victini Skin,Trang phục Victini,비크티니 스킨,Skin de Victini,สกิน Victini,1,,{gold=2000000;rmb=3888;8031=1},107,,36,,,activity/direct_gift/box_cr3.png,,,
9089,24049,,Zeraora Skin,S+皮肤礼包,捷拉奧拉 皮膚,Zeraora Skin,Trang phục Zeraora,제라오라 스킨,Skin de Zeraora,สกิน Zeraora,1,,{gold=2000000;rmb=3888;8035=1},107,,36,,,activity/direct_gift/box_cr3.png,,,
9090,24049,,Necrozma Skin,S+皮肤礼包,奈克洛茲瑪 皮膚,Necrozma Skin,Trang phục Necrozma,네크로즈마 스킨,Skin de Necrozma,สกิน Necrozma,1,,{gold=2000000;rmb=3888;8047=1},107,,36,,,activity/direct_gift/box_cr3.png,,,
,,,,,,,,,,,,,,,,,,,,,,
,,S皮肤礼包2,,,,,,,,,,,,,,,,,,,,
9091,24050,,Send Gift,免费礼包,贈送禮物,Send Gift,Tặng quà,선물 보내기,Enviar presente,ส่งของขวัญ,1,1,{rmb=888;4000=200;2103=20;500=1},,0,0,,1,activity/direct_gift/box_cr3.png,,,
,24050,,Black Kyurem Skin,S+皮肤礼包,暗黑酋雷姆 皮膚,Black Kyurem Skin,Trang phục Kyurem Đen,블랙큐레무 스킨,Skin do Kyurem Negro,สกินคิวเรมสีดำ,1,,{gold=10000000;rmb=50000;9056=1;8069=1},112,,36,,,activity/direct_gift/box_cr3.png,,,
,24050,,White Kyurem Skin,S+皮肤礼包,焰白酋雷姆 皮膚,White Kyurem Skin,Trang phục Kyurem Trắng,화이트큐레무 스킨,Skin do Kyurem Branco,สกินคิวเรมสีขาว,1,,{gold=7000000;rmb=30000;9000=1;8063=1},111,,36,,,activity/direct_gift/box_cr3.png,,,
,24050,,Mega Mewtwo Y Skin,S+皮肤礼包,超級超夢Y 皮膚,Mega Mewtwo Y Skin,Trang phục Mewtwo Y Mega,메가뮤츠Y 스킨,Skin do Mega Mewtwo Y,สกินเมก้ามิวทู Y,1,,{gold=10000000;rmb=20000;9001=1;8052=1},109,,36,,,activity/direct_gift/box_cr3.png,,,
,24050,,Mega Mewtwo X Skin,S+皮肤礼包,超級超夢X 皮膚,Mega Mewtwo X Skin,Trang phục Mewtwo X Mega,메가뮤츠X 스킨,Skin do Mega Mewtwo X,สกินเมก้ามิวทู X,1,,{gold=3000000;rmb=8888;2095=1;8051=1},108,,36,,,activity/direct_gift/box_cr3.png,,,
9096,24050,,Shiny Mega Gardevoir Skin,S+皮肤礼包,閃光超級沙奈朵 皮膚,Shiny Mega Gardevoir Skin,Trang phục Gardevoir Mega Sáng,샤이니 메가샤나아 스킨,Skin do Gardevoir Mega Brilhante,สกินเมก้ากาเดวัวร์เงา,1,,{gold=3000000;rmb=5888;2099=1;8049=1},108,,36,,,activity/direct_gift/box_cr3.png,,,
9097,24050,,Calyrex - White Horse Skin,S+皮肤礼包,蕾冠王白馬 皮膚,Calyrex - White Horse Skin,Trang phục Calyrex Ngựa Trắng,백마 버드렉스 스킨,Skin do Calyrex Cavalo Branco,สกินคาเลเร็กซ์ม้าขาว,1,,{gold=3000000;rmb=5888;9006=1;8065=1},108,,36,,,activity/direct_gift/box_cr3.png,,,
9098,24050,,Zygarde Skin,S+皮肤礼包,基格爾德 皮膚,Zygarde Skin,Trang phục Zygarde,지가르데 스킨,Skin do Zygarde,สกินไซการ์ด,1,,{gold=3000000;rmb=5888;2092=1;8058=1},108,,36,,,activity/direct_gift/box_cr3.png,,,
9099,24050,,Shiny Mega Metagross Skin,S+皮肤礼包,閃光超級巨金怪 皮膚,Shiny Mega Metagross Skin,Trang phục Metagross Mega Sáng,샤이니 메가메타그로스 스킨,Skin do Metagross Mega Brilhante,สกินเมก้าเมทากรอสเงา,1,,{gold=3000000;rmb=5888;8081=1},107,,36,,,activity/direct_gift/box_cr3.png,,,
9100,24050,,Zeraora Skin,S+皮肤礼包,捷拉奧拉 皮膚,Zeraora Skin,Trang phục Zeraora,제라오라 스킨,Skin do Zeraora,สกินเซอรอร่า,1,,{gold=3000000;rmb=5888;8067=1},107,,36,,,activity/direct_gift/box_cr3.png,,,
9101,24050,,Shiny Mega Sceptile Skin,S+皮肤礼包,閃光超級蜥蜴王 皮膚,Shiny Mega Sceptile Skin,Trang phục Sceptile Mega Sáng,샤이니 메가나무킹 스킨,Skin do Sceptile Mega Brilhante,สกินเมก้าจูไคว์เงา,1,,{gold=3000000;rmb=5888;8064=1},107,,36,,,activity/direct_gift/box_cr3.png,,,
9102,24050,,Miraidon Skin,S+皮肤礼包,密勒頓 皮膚,Miraidon Skin,Trang phục Miraidon,미라이돈 스킨,Skin do Miraidon,สกินมิไรดอน,1,,{gold=3000000;rmb=5888;8068=1},107,,36,,,activity/direct_gift/box_cr3.png,,,
9103,24050,,Shiny Mega Gallade Skin,S+皮肤礼包,閃光超級艾路雷朵 皮膚,Shiny Mega Gallade Skin,Trang phục Gallade Mega Sáng,샤이니 메가엘레이드 스킨,Skin do Gallade Mega Brilhante,สกินเมก้าเอลเลดเงา,1,,{gold=3000000;rmb=5888;8060=1},107,,36,,,activity/direct_gift/box_cr3.png,,,
9104,24050,,Hoopa Skin,S+皮肤礼包,胡帕 皮膚,Hoopa Skin,Trang phục Hoopa,후파 스킨,Skin do Hoopa,สกินฮูปา,1,,{gold=3000000;rmb=5888;8055=1},107,,36,,,activity/direct_gift/box_cr3.png,,,
9105,24050,,Zacian Skin,S+皮肤礼包,蒼響 皮膚,Zacian Skin,Trang phục Zacian,자시안 스킨,Skin do Zacian,สกินซาเซียน,1,,{gold=3000000;rmb=5888;8054=1},107,,36,,,activity/direct_gift/box_cr3.png,,,
,24050,,Primal Groudon Skin,S+皮肤礼包,原始固拉多 皮膚,Primal Groudon Skin,Trang phục Groudon Nguyên Thủy,원시 그란돈 스킨,Skin do Groudon Primitivo,สกินกราวดอนแบบปฐมภูมิ,1,,{gold=3000000;rmb=5888;8038=1},107,,36,,,activity/direct_gift/box_cr3.png,,,
,24050,,Primal Kyogre Skin,S+皮肤礼包,原始蓋歐卡 皮膚,Primal Kyogre Skin,Trang phục Kyogre Nguyên Thủy,원시 가이오가 스킨,Skin do Kyogre Primitivo,สกินไคออกเกอร์แบบปฐมภูมิ,1,,{gold=3000000;rmb=5888;8026=1},107,,36,,,activity/direct_gift/box_cr3.png,,,
,24050,,Mega Diancie Skin,S+皮肤礼包,超級蒂安希 皮膚,Mega Diancie Skin,Trang phục Diancie Mega,메가디안시 스킨,Skin do Mega Diancie,สกินเมก้าเดียนซี,1,,{gold=3000000;rmb=5888;8045=1},107,,36,,,activity/direct_gift/box_cr3.png,,,
,24050,,Mega Diancie Skin,S+皮肤礼包,超級蒂安希 皮膚,Mega Diancie Skin,Trang phục Diancie Mega,메가디안시 스킨,Skin do Mega Diancie,สกินเมก้าเดียนซี,1,,{gold=3000000;rmb=5888;8053=1},107,,36,,,activity/direct_gift/box_cr3.png,,,
9110,24050,,Zarude Skin,S+皮肤礼包,薩戮德 皮膚,Zarude Skin,Trang phục Zarude,자루드 스킨,Skin do Zarude,สกินซารูด,1,,{gold=3000000;rmb=5888;8061=1},107,,36,,,activity/direct_gift/box_cr3.png,,,
,,,,,,,,,,,,,,,,,,,activity/direct_gift/box_cr3.png,,,
,,头像框礼包,,,,,,,,,,,,,,,,,,,,
9111,24051,,Send Gift,免费礼包,贈送禮物,Send Gift,Tặng quà,선물 보내기,Enviar presente,ส่งของขวัญ,1,1,{rmb=888;4000=200;2103=20;500=1},,0,0,,1,activity/direct_gift/box_cr3.png,,,
9112,24051,,Avatar Frame Pack,头像框礼包,頭像框架包,Avatar Frame Pack,Gói khung hình đại diện,아바타 프레임 팩,Pacote de Moldura de Avatar,แพ็กกรอบอวาตาร์,1,,{gold=1000000;2082=1},,58888,36,,,activity/direct_gift/icon_cjbx1.png,,,
9113,24051,,Avatar Frame Pack,头像框礼包,頭像框架包,Avatar Frame Pack,Gói khung hình đại diện,아바타 프레임 팩,Pacote de Moldura de Avatar,แพ็กกรอบอวาตาร์,1,,{gold=1000000;2095=1},,58888,36,,,activity/direct_gift/icon_cjbx1.png,,,
9114,24051,,Avatar Frame Pack,头像框礼包,頭像框架包,Avatar Frame Pack,Gói khung hình đại diện,아바타 프레임 팩,Pacote de Moldura de Avatar,แพ็กกรอบอวาตาร์,1,,{gold=1000000;9001=1},,58888,36,,,activity/direct_gift/icon_cjbx1.png,,,
9115,24051,,Avatar Frame Pack,头像框礼包,頭像框架包,Avatar Frame Pack,Gói khung hình đại diện,아바타 프레임 팩,Pacote de Moldura de Avatar,แพ็กกรอบอวาตาร์,1,,{gold=1000000;2093=1},,38888,36,,,activity/direct_gift/icon_cjbx1.png,,,
9116,24051,,Avatar Frame Pack,头像框礼包,頭像框架包,Avatar Frame Pack,Gói khung hình đại diện,아바타 프레임 팩,Pacote de Moldura de Avatar,แพ็กกรอบอวาตาร์,1,,{gold=1000000;2033=1},,58888,36,,,activity/direct_gift/icon_cjbx1.png,,,
9117,24051,,Avatar Frame Pack,头像框礼包,頭像框架包,Avatar Frame Pack,Gói khung hình đại diện,아바타 프레임 팩,Pacote de Moldura de Avatar,แพ็กกรอบอวาตาร์,1,,{gold=1000000;2013=1},,38888,36,,,activity/direct_gift/icon_cjbx1.png,,,
9118,24051,,Avatar Frame Pack,头像框礼包,頭像框架包,Avatar Frame Pack,Gói khung hình đại diện,아바타 프레임 팩,Pacote de Moldura de Avatar,แพ็กกรอบอวาตาร์,1,,{gold=1000000;2086=1},,38888,36,,,activity/direct_gift/icon_cjbx1.png,,,
9119,24051,,Avatar Frame Pack,头像框礼包,頭像框架包,Avatar Frame Pack,Gói khung hình đại diện,아바타 프레임 팩,Pacote de Moldura de Avatar,แพ็กกรอบอวาตาร์,1,,{gold=1000000;2092=1},,38888,36,,,activity/direct_gift/icon_cjbx1.png,,,
9120,24051,,Avatar Frame Pack,头像框礼包,頭像框架包,Avatar Frame Pack,Gói khung hình đại diện,아바타 프레임 팩,Pacote de Moldura de Avatar,แพ็กกรอบอวาตาร์,1,,{gold=1000000;2010=1},,38888,36,,,activity/direct_gift/icon_cjbx1.png,,,
9121,24051,,Avatar Frame Pack,头像框礼包,頭像框架包,Avatar Frame Pack,Gói khung hình đại diện,아바타 프레임 팩,Pacote de Moldura de Avatar,แพ็กกรอบอวาตาร์,1,,{gold=1000000;2055=1},,38888,36,,,activity/direct_gift/icon_cjbx1.png,,,
9122,24051,,Avatar Frame Pack,头像框礼包,頭像框架包,Avatar Frame Pack,Gói khung hình đại diện,아바타 프레임 팩,Pacote de Moldura de Avatar,แพ็กกรอบอวาตาร์,1,,{gold=1000000;2052=1},,38888,36,,,activity/direct_gift/icon_cjbx1.png,,,
9123,24051,,Avatar Frame Pack,头像框礼包,頭像框架包,Avatar Frame Pack,Gói khung hình đại diện,아바타 프레임 팩,Pacote de Moldura de Avatar,แพ็กกรอบอวาตาร์,1,,{gold=1000000;2042=1},,38888,36,,,activity/direct_gift/icon_cjbx1.png,,,
9124,24051,,Avatar Frame Pack,头像框礼包,頭像框架包,Avatar Frame Pack,Gói khung hình đại diện,아바타 프레임 팩,Pacote de Moldura de Avatar,แพ็กกรอบอวาตาร์,1,,{gold=1000000;2043=1},,38888,36,,,activity/direct_gift/icon_cjbx1.png,,,
9125,24051,,Avatar Frame Pack,头像框礼包,頭像框架包,Avatar Frame Pack,Gói khung hình đại diện,아바타 프레임 팩,Pacote de Moldura de Avatar,แพ็กกรอบอวาตาร์,1,,{gold=1000000;2041=1},,38888,36,,,activity/direct_gift/icon_cjbx1.png,,,
9126,24051,,Avatar Frame Pack,头像框礼包,頭像框架包,Avatar Frame Pack,Gói khung hình đại diện,아바타 프레임 팩,Pacote de Moldura de Avatar,แพ็กกรอบอวาตาร์,1,,{gold=1000000;2045=1},,38888,36,,,activity/direct_gift/icon_cjbx1.png,,,
9127,24051,,Avatar Frame Pack,头像框礼包,頭像框架包,Avatar Frame Pack,Gói khung hình đại diện,아바타 프레임 팩,Pacote de Moldura de Avatar,แพ็กกรอบอวาตาร์,1,,{gold=1000000;2049=1},,38888,36,,,activity/direct_gift/icon_cjbx1.png,,,
9128,24051,,Avatar Frame Pack,头像框礼包,頭像框架包,Avatar Frame Pack,Gói khung hình đại diện,아바타 프레임 팩,Pacote de Moldura de Avatar,แพ็กกรอบอวาตาร์,1,,{gold=1000000;2050=1},,38888,36,,,activity/direct_gift/icon_cjbx1.png,,,
9129,24051,,Avatar Frame Pack,头像框礼包,頭像框架包,Avatar Frame Pack,Gói khung hình đại diện,아바타 프레임 팩,Pacote de Moldura de Avatar,แพ็กกรอบอวาตาร์,1,,{gold=1000000;2080=1},,38888,36,,,activity/direct_gift/icon_cjbx1.png,,,
9130,24051,,Avatar Frame Pack,头像框礼包,頭像框架包,Avatar Frame Pack,Gói khung hình đại diện,아바타 프레임 팩,Pacote de Moldura de Avatar,แพ็กกรอบอวาตาร์,1,,{gold=1000000;2091=1},,38888,36,,,activity/direct_gift/icon_cjbx1.png,,,
9131,24051,,Avatar Frame Pack,头像框礼包,頭像框架包,Avatar Frame Pack,Gói khung hình đại diện,아바타 프레임 팩,Pacote de Moldura de Avatar,แพ็กกรอบอวาตาร์,1,,{gold=1000000;2047=1},,38888,36,,,activity/direct_gift/icon_cjbx1.png,,,
9132,24051,,Avatar Frame Pack,头像框礼包,頭像框架包,Avatar Frame Pack,Gói khung hình đại diện,아바타 프레임 팩,Pacote de Moldura de Avatar,แพ็กกรอบอวาตาร์,1,,{gold=1000000;2040=1},,38888,36,,,activity/direct_gift/icon_cjbx1.png,,,
9133,24051,,Avatar Frame Pack,头像框礼包,頭像框架包,Avatar Frame Pack,Gói khung hình đại diện,아바타 프레임 팩,Pacote de Moldura de Avatar,แพ็กกรอบอวาตาร์,1,,{gold=1000000;2044=1},,38888,36,,,activity/direct_gift/icon_cjbx1.png,,,
9134,24051,,Avatar Frame Pack,头像框礼包,頭像框架包,Avatar Frame Pack,Gói khung hình đại diện,아바타 프레임 팩,Pacote de Moldura de Avatar,แพ็กกรอบอวาตาร์,1,,{gold=1000000;2046=1},,38888,36,,,activity/direct_gift/icon_cjbx1.png,,,
9135,24051,,Avatar Frame Pack,头像框礼包,頭像框架包,Avatar Frame Pack,Gói khung hình đại diện,아바타 프레임 팩,Pacote de Moldura de Avatar,แพ็กกรอบอวาตาร์,1,,{gold=1000000;2048=1},,38888,36,,,activity/direct_gift/icon_cjbx1.png,,,
9136,24051,,Avatar Frame Pack,头像框礼包,頭像框架包,Avatar Frame Pack,Gói khung hình đại diện,아바타 프레임 팩,Pacote de Moldura de Avatar,แพ็กกรอบอวาตาร์,1,,{gold=1000000;2057=1},,38888,36,,,activity/direct_gift/icon_cjbx1.png,,,
9137,24051,,Avatar Frame Pack,头像框礼包,頭像框架包,Avatar Frame Pack,Gói khung hình đại diện,아바타 프레임 팩,Pacote de Moldura de Avatar,แพ็กกรอบอวาตาร์,1,,{gold=1000000;2056=1},,38888,36,,,activity/direct_gift/icon_cjbx1.png,,,
9138,24051,,Avatar Frame Pack,头像框礼包,頭像框架包,Avatar Frame Pack,Gói khung hình đại diện,아바타 프레임 팩,Pacote de Moldura de Avatar,แพ็กกรอบอวาตาร์,1,,{gold=1000000;2054=1},,38888,36,,,activity/direct_gift/icon_cjbx1.png,,,
9139,24051,,Avatar Frame Pack,头像框礼包,頭像框架包,Avatar Frame Pack,Gói khung hình đại diện,아바타 프레임 팩,Pacote de Moldura de Avatar,แพ็กกรอบอวาตาร์,1,,{gold=1000000;2053=1},,38888,36,,,activity/direct_gift/icon_cjbx1.png,,,
,,,,,,,,,,,,,,,,,,,,,,
,,金币销售包,,,,,,,,,,,,,,,,,,,,
9140,24052,,Send Gift,免费礼包,贈送禮物,Send Gift,Tặng quà,선물 보내기,Enviar presente,ส่งของขวัญ,1,1,{rmb=888;4000=200;2103=20;500=1},,0,0,,1,activity/direct_gift/box_cr3.png,,,
9141,24052,,Gold Sale Pack,金币销售包,金幣銷售包,Gold Sale Pack,Gói bán vàng,골드 세일 패키지,Pacote de Venda de Ouro,แพ็กขายทอง,1,,{gold=30000000;rmb=7000;500=3},102,,36,,1,activity/direct_gift/icon_zjbx2.png,,,
9142,24052,,Gold Sale Pack,金币销售包,金幣銷售包,Gold Sale Pack,Gói bán vàng,골드 세일 패키지,Pacote de Venda de Ouro,แพ็กขายทอง,1,,{gold=45000000;rmb=15000;500=8},103,,36,,1,activity/direct_gift/icon_zjbx2.png,,,
9143,24052,,Gold Sale Pack,金币销售包,金幣銷售包,Gold Sale Pack,Gói bán vàng,골드 세일 패키지,Pacote de Venda de Ouro,แพ็กขายทอง,1,,{gold=100000000;rmb=34000;500=12},106,,36,,1,activity/direct_gift/icon_zjbx2.png,,,
9144,24052,,Gold Sale Pack,金币销售包,金幣銷售包,Gold Sale Pack,Gói bán vàng,골드 세일 패키지,Pacote de Venda de Ouro,แพ็กขายทอง,2,,{gold=200000000;rmb=66000;500=18},107,,36,,1,activity/direct_gift/icon_zjbx2.png,,,
9145,24052,,Gold Sale Pack,金币销售包,金幣銷售包,Gold Sale Pack,Gói bán vàng,골드 세일 패키지,Pacote de Venda de Ouro,แพ็กขายทอง,4,,{gold=350000000;rmb=105000;500=30},108,,36,,1,activity/direct_gift/icon_zjbx2.png,,,
,,,,,,,,,,,,,,,,,,,,,,
,,宝可梦礼包,,,,,,,,,,,,,,,,,,,,
9146,24053,神兽礼包,Send Gift,免费礼包,贈送禮物,Send Gift,Tặng quà,선물 보내기,Enviar presente,ส่งของขวัญ,1,1,{rmb=888;4000=200;2103=20;500=1},,0,0,,1,activity/direct_gift/box_cr3.png,,,
9147,24053,神兽礼包,Yveltal $0.99 Pack,伊裴尔塔尔包,伊裴爾塔爾包 $0.99,Yveltal $0.99 Pack,Yveltal Gói $0.99,Yveltal $0.99 패키지,Pacote Yveltal $0.99,แพ็ก Yveltal ราคา $0.99,1,,{card={id=3611};gold=100000;rmb=5888;500=4},102,,,TRUE,,activity/direct_gift/icon_gjbx12.png,,,
9148,24053,神兽礼包,Yveltal $1.99 Pack,伊裴尔塔尔包,伊裴爾塔爾包 $1.99,Yveltal $1.99 Pack,Yveltal Gói $1.99,Yveltal $1.99 패키지,Pacote Yveltal $1.99,แพ็ก Yveltal ราคา $1.99,1,,{card={id=3611};gold=200000;rmb=12888;973=2;500=2},103,,,TRUE,,activity/direct_gift/icon_gjbx12.png,,,
9149,24053,神兽礼包,Yveltal $1.99 Pack,伊裴尔塔尔包,伊裴爾塔爾包 $1.99,Yveltal $1.99 Pack,Yveltal Gói $1.99,Yveltal $1.99 패키지,Pacote Yveltal $1.99,แพ็ก Yveltal ราคา $1.99,1,,{card={id=3611};gold=300000;rmb=12888;993=3;972=2;500=2},103,,,,,activity/direct_gift/icon_gjbx12.png,,,
9150,24053,神兽礼包,Yveltal $2.99 Pack,伊裴尔塔尔包,伊裴爾塔爾包 $2.99,Yveltal $2.99 Pack,Yveltal Gói $2.99,Yveltal $2.99 패키지,Pacote Yveltal $2.99,แพ็ก Yveltal ราคา $2.99,1,,{card={id=3611};gold=400000;rmb=21888;973=6;972=2;500=2},104,,,,,activity/direct_gift/icon_gjbx12.png,,,
9151,24053,神兽礼包,Yveltal $2.99 Pack,伊裴尔塔尔包,伊裴爾塔爾包 $2.99,Yveltal $2.99 Pack,Yveltal Gói $2.99,Yveltal $2.99 패키지,Pacote Yveltal $2.99,แพ็ก Yveltal ราคา $2.99,1,,{card={id=3611};gold=500000;rmb=21888;974=2;973=8;972=4;500=2},104,,,,,activity/direct_gift/icon_gjbx12.png,,,
9152,24053,神兽礼包,Yveltal $4.99 Pack,伊裴尔塔尔包,伊裴爾塔爾包 $4.99,Yveltal $4.99 Pack,Yveltal Gói $4.99,Yveltal $4.99 패키지,Pacote Yveltal $4.99,แพ็ก Yveltal ราคา $4.99,1,,{card={id=3611};gold=600000;rmb=30000;974=3;973=10;972=6;500=3},106,,,,,activity/direct_gift/icon_gjbx12.png,,,
9153,24053,神兽礼包,Yveltal $8.99 Pack,伊裴尔塔尔包,伊裴爾塔爾包 $8.99,Yveltal $8.99 Pack,Yveltal Gói $8.99,Yveltal $8.99 패키지,Pacote Yveltal $8.99,แพ็ก Yveltal ราคา $8.99,2,,{card={id=3611};gold=700000;rmb=42888;974=4;973=12;972=6;500=4},107,,,,,activity/direct_gift/icon_gjbx12.png,,,
9154,24053,神兽礼包,Yveltal $14.99 Pack,伊裴尔塔尔包,伊裴爾塔爾包 $14.99,Yveltal $14.99 Pack,Yveltal Gói $14.99,Yveltal $14.99 패키지,Pacote Yveltal $14.99,แพ็ก Yveltal ราคา $14.99,4,,{card={id=3611};gold=1000000;rmb=68888;974=8;973=16;972=10;500=4},108,,,,,activity/direct_gift/icon_gjbx12.png,,,
9155,24053,神兽礼包,Yveltal $19.99 Pack,伊裴尔塔尔包,伊裴爾塔爾包 $19.99,Yveltal $19.99 Pack,Yveltal Gói $19.99,Yveltal $19.99 패키지,Pacote Yveltal $19.99,แพ็ก Yveltal ราคา $19.99,4,,{card={id=3611};gold=3000000;rmb=88888;974=15;973=22;972=15;500=8},109,,,,,activity/direct_gift/icon_gjbx12.png,,,
9156,24053,神兽礼包,Yveltal $25.99 Pack,伊裴尔塔尔包,伊裴爾塔爾包 $25.99,Yveltal $25.99 Pack,Yveltal Gói $25.99,Yveltal $25.99 패키지,Pacote Yveltal $25.99,แพ็ก Yveltal ราคา $25.99,4,,{card={id=3611};gold=5000000;rmb=108888;974=20;973=35;972=25;500=12},110,,,,,activity/direct_gift/icon_gjbx12.png,,,
9157,24053,神兽礼包,Yveltal $29.99 Pack,伊裴尔塔尔包,伊裴爾塔爾包 $29.99,Yveltal $29.99 Pack,Yveltal Gói $29.99,Yveltal $29.99 패키지,Pacote Yveltal $29.99,แพ็ก Yveltal ราคา $29.99,4,,{card={id=3611};gold=15000000;rmb=58888;974=28;973=340;972=50;500=18},111,,,,,activity/direct_gift/icon_gjbx12.png,,,
9158,24053,神兽礼包,Yveltal $49.99 Pack,伊裴尔塔尔包,伊裴爾塔爾包 $49.99,Yveltal $49.99 Pack,Yveltal Gói $49.99,Yveltal $49.99 패키지,Pacote Yveltal $49.99,แพ็ก Yveltal ราคา $49.99,1,,{gold=25000000;rmb=188888;6105=1;30421=1},112,,,,,activity/direct_gift/icon_gjbx12.png,,,
,,,,,,,,,,,,,,,,,,,,,,
9159,24054,神兽礼包,Send Gift,免费礼包,贈送禮物,Send Gift,Tặng quà,선물 보내기,Enviar presente,ส่งของขวัญ,1,1,{rmb=888;4000=200;2103=20;500=1},,0,0,,1,activity/direct_gift/box_cr3.png,,,
9160,24054,神兽礼包,Zygarde $0.99 Pack,,基格爾德 $0.99 包,Zygarde $0.99 Pack,Gói Zygarde $0.99,자가드 $0.99 패키지,Pacote Zygarde $0.99,แพ็ค Zygarde $0.99,1,,{card={id=3621};gold=100000;rmb=5888;500=4},102,,,TRUE,,activity/direct_gift/icon_gjbx12.png,,,
9161,24054,神兽礼包,Zygarde $1.99 Pack,,基格爾德 $1.99 包,Zygarde $1.99 Pack,Gói Zygarde $1.99,자가드 $1.99 패키지,Pacote Zygarde $1.99,แพ็ค Zygarde $1.99,1,,{card={id=3621};gold=200000;rmb=12888;973=2;500=2},103,,,TRUE,,activity/direct_gift/icon_gjbx12.png,,,
9162,24054,神兽礼包,Zygarde $1.99 Pack,,基格爾德 $1.99 包,Zygarde $1.99 Pack,Gói Zygarde $1.99,자가드 $1.99 패키지,Pacote Zygarde $1.99,แพ็ค Zygarde $1.99,1,,{card={id=3621};gold=300000;rmb=12888;993=3;972=2;500=2},103,,,,,activity/direct_gift/icon_gjbx12.png,,,
9163,24054,神兽礼包,Zygarde $2.99 Pack,,基格爾德 $2.99 包,Zygarde $2.99 Pack,Gói Zygarde $2.99,자가드 $2.99 패키지,Pacote Zygarde $2.99,แพ็ค Zygarde $2.99,1,,{card={id=3621};gold=400000;rmb=21888;973=6;972=2;500=2},104,,,,,activity/direct_gift/icon_gjbx12.png,,,
9164,24054,神兽礼包,Zygarde $2.99 Pack,,基格爾德 $2.99 包,Zygarde $2.99 Pack,Gói Zygarde $2.99,자가드 $2.99 패키지,Pacote Zygarde $2.99,แพ็ค Zygarde $2.99,1,,{card={id=3621};gold=500000;rmb=21888;974=2;973=8;972=4;500=2},104,,,,,activity/direct_gift/icon_gjbx12.png,,,
9165,24054,神兽礼包,Zygarde $4.99 Pack,,基格爾德 $4.99 包,Zygarde $4.99 Pack,Gói Zygarde $4.99,자가드 $4.99 패키지,Pacote Zygarde $4.99,แพ็ค Zygarde $4.99,1,,{card={id=3621};gold=600000;rmb=30000;974=3;973=10;972=6;500=3},106,,,,,activity/direct_gift/icon_gjbx12.png,,,
9166,24054,神兽礼包,Zygarde $8.99 Pack,,基格爾德 $8.99 包,Zygarde $8.99 Pack,Gói Zygarde $8.99,자가드 $8.99 패키지,Pacote Zygarde $8.99,แพ็ค Zygarde $8.99,2,,{card={id=3621};gold=700000;rmb=42888;974=4;973=12;972=6;500=4},107,,,,,activity/direct_gift/icon_gjbx12.png,,,
9167,24054,神兽礼包,Zygarde $14.99 Pack,,基格爾德 $14.99 包,Zygarde $14.99 Pack,Gói Zygarde $14.99,자가드 $14.99 패키지,Pacote Zygarde $14.99,แพ็ค Zygarde $14.99,4,,{card={id=3621};gold=1000000;rmb=68888;974=8;973=16;972=10;500=4},108,,,,,activity/direct_gift/icon_gjbx12.png,,,
9168,24054,神兽礼包,Zygarde $19.99 Pack,,基格爾德 $19.99 包,Zygarde $19.99 Pack,Gói Zygarde $19.99,자가드 $19.99 패키지,Pacote Zygarde $19.99,แพ็ค Zygarde $19.99,4,,{card={id=3621};gold=3000000;rmb=88888;974=15;973=22;972=15;500=8},109,,,,,activity/direct_gift/icon_gjbx12.png,,,
9169,24054,神兽礼包,Zygarde $25.99 Pack,,基格爾德 $25.99 包,Zygarde $25.99 Pack,Gói Zygarde $25.99,자가드 $25.99 패키지,Pacote Zygarde $25.99,แพ็ค Zygarde $25.99,4,,{card={id=3621};gold=5000000;rmb=108888;974=20;973=35;972=25;500=12},110,,,,,activity/direct_gift/icon_gjbx12.png,,,
9170,24054,神兽礼包,Zygarde $29.99 Pack,,基格爾德 $29.99 包,Zygarde $29.99 Pack,Gói Zygarde $29.99,자가드 $29.99 패키지,Pacote Zygarde $29.99,แพ็ค Zygarde $29.99,4,,{card={id=3621};gold=15000000;rmb=58888;974=28;973=340;972=50;500=18},111,,,,,activity/direct_gift/icon_gjbx12.png,,,
9171,24054,神兽礼包,Zygarde $49.99 Pack,,基格爾德 $49.99 包,Zygarde $49.99 Pack,Gói Zygarde $49.99,자가드 $49.99 패키지,Pacote Zygarde $49.99,แพ็ค Zygarde $49.99,1,,{gold=25000000;rmb=188888;6105=1;30431=1},112,,,,,activity/direct_gift/icon_gjbx12.png,,,
,,,,,,,,,,,,,,,,,,,,,,
9172,24055,神兽礼包,Send Gift,免费礼包,贈送禮物,Send Gift,Tặng quà,선물 보내기,Enviar presente,ส่งของขวัญ,1,1,{rmb=888;4000=200;2103=20;500=1},,0,0,,1,activity/direct_gift/box_cr3.png,,,
9173,24055,神兽礼包,Victini $0.99 Pack,,維克提尼 $0.99 包,Victini $0.99 Pack,Gói Victini $0.99,비크티니 $0.99 패키지,Pacote Victini $0.99,แพ็ค Victini $0.99,1,,{card={id=2461};gold=100000;rmb=5888;500=4},102,,,TRUE,,activity/direct_gift/icon_gjbx12.png,,,
9174,24055,神兽礼包,Victini $1.99 Pack,,維克提尼 $1.99 包,Victini $1.99 Pack,Gói Victini $1.99,비크티니 $1.99 패키지,Pacote Victini $1.99,แพ็ค Victini $1.99,1,,{card={id=2461};gold=200000;rmb=12888;973=2;500=2},103,,,TRUE,,activity/direct_gift/icon_gjbx12.png,,,
9175,24055,神兽礼包,Victini $1.99 Pack,,維克提尼 $1.99 包,Victini $1.99 Pack,Gói Victini $1.99,비크티니 $1.99 패키지,Pacote Victini $1.99,แพ็ค Victini $1.99,1,,{card={id=2461};gold=300000;rmb=12888;993=3;972=2;500=2},103,,,,,activity/direct_gift/icon_gjbx12.png,,,
9176,24055,神兽礼包,Victini $2.99 Pack,,維克提尼 $2.99 包,Victini $2.99 Pack,Gói Victini $2.99,비크티니 $2.99 패키지,Pacote Victini $2.99,แพ็ค Victini $2.99,1,,{card={id=2461};gold=400000;rmb=21888;973=6;972=2;500=2},104,,,,,activity/direct_gift/icon_gjbx12.png,,,
9177,24055,神兽礼包,Victini $2.99 Pack,,維克提尼 $2.99 包,Victini $2.99 Pack,Gói Victini $2.99,비크티니 $2.99 패키지,Pacote Victini $2.99,แพ็ค Victini $2.99,1,,{card={id=2461};gold=500000;rmb=21888;974=2;973=8;972=4;500=2},104,,,,,activity/direct_gift/icon_gjbx12.png,,,
9178,24055,神兽礼包,Victini $4.99 Pack,,維克提尼 $4.99 包,Victini $4.99 Pack,Gói Victini $4.99,비크티니 $4.99 패키지,Pacote Victini $4.99,แพ็ค Victini $4.99,1,,{card={id=2461};gold=600000;rmb=30000;974=3;973=10;972=6;500=3},106,,,,,activity/direct_gift/icon_gjbx12.png,,,
9179,24055,神兽礼包,Victini $8.99 Pack,,維克提尼 $8.99 包,Victini $8.99 Pack,Gói Victini $8.99,비크티니 $8.99 패키지,Pacote Victini $8.99,แพ็ค Victini $8.99,2,,{card={id=2461};gold=700000;rmb=42888;974=4;973=12;972=6;500=4},107,,,,,activity/direct_gift/icon_gjbx12.png,,,
9180,24055,神兽礼包,Victini $14.99 Pack,,維克提尼 $14.99 包,Victini $14.99 Pack,Gói Victini $14.99,비크티니 $14.99 패키지,Pacote Victini $14.99,แพ็ค Victini $14.99,4,,{card={id=2461};gold=1000000;rmb=68888;974=8;973=16;972=10;500=4},108,,,,,activity/direct_gift/icon_gjbx12.png,,,
9181,24055,神兽礼包,Victini $19.99 Pack,,維克提尼 $19.99 包,Victini $19.99 Pack,Gói Victini $19.99,비크티니 $19.99 패키지,Pacote Victini $19.99,แพ็ค Victini $19.99,4,,{card={id=2461};gold=3000000;rmb=88888;974=15;973=22;972=15;500=8},109,,,,,activity/direct_gift/icon_gjbx12.png,,,
9182,24055,神兽礼包,Victini $25.99 Pack,,維克提尼 $25.99 包,Victini $25.99 Pack,Gói Victini $25.99,비크티니 $25.99 패키지,Pacote Victini $25.99,แพ็ค Victini $25.99,4,,{card={id=2461};gold=5000000;rmb=108888;974=20;973=35;972=25;500=12},110,,,,,activity/direct_gift/icon_gjbx12.png,,,
9183,24055,神兽礼包,Victini $29.99 Pack,,維克提尼 $29.99 包,Victini $29.99 Pack,Gói Victini $29.99,비크티니 $29.99 패키지,Pacote Victini $29.99,แพ็ค Victini $29.99,4,,{card={id=2461};gold=15000000;rmb=58888;974=28;973=340;972=50;500=18},111,,,,,activity/direct_gift/icon_gjbx12.png,,,
9184,24055,神兽礼包,Victini $49.99 Pack,,維克提尼 $49.99 包,Victini $49.99 Pack,Gói Victini $49.99,비크티니 $49.99 패키지,Pacote Victini $49.99,แพ็ค Victini $49.99,1,,{gold=25000000;rmb=188888;6105=1;30427=1},112,,,,,activity/direct_gift/icon_gjbx12.png,,,
,,,,,,,,,,,,,,,,,,,,,,
9185,24056,神兽礼包,Send Gift,免费礼包,贈送禮物,Send Gift,Tặng quà,선물 보내기,Enviar presente,ส่งของขวัญ,1,1,{rmb=888;4000=200;2103=20;500=1},,0,0,,1,activity/direct_gift/box_cr3.png,,,
9186,24056,神兽礼包,Lugia $0.99 Pack,,洛奇亞 $0.99 包,Lugia $0.99 Pack,Gói Lugia $0.99,루기아 $0.99 패키지,Pacote Lugia $0.99,แพ็ค Lugia $0.99,1,,{card={id=1261};gold=100000;rmb=5888;500=4},102,,,TRUE,,activity/direct_gift/icon_gjbx12.png,,,
9187,24056,神兽礼包,Lugia $1.99 Pack,,洛奇亞 $1.99 包,Lugia $1.99 Pack,Gói Lugia $1.99,루기아 $1.99 패키지,Pacote Lugia $1.99,แพ็ค Lugia $1.99,1,,{card={id=1261};gold=200000;rmb=12888;973=2;500=2},103,,,TRUE,,activity/direct_gift/icon_gjbx12.png,,,
9188,24056,神兽礼包,Lugia $1.99 Pack,,洛奇亞 $1.99 包,Lugia $1.99 Pack,Gói Lugia $1.99,루기아 $1.99 패키지,Pacote Lugia $1.99,แพ็ค Lugia $1.99,1,,{card={id=1261};gold=300000;rmb=12888;993=3;972=2;500=2},103,,,,,activity/direct_gift/icon_gjbx12.png,,,
9189,24056,神兽礼包,Lugia $2.99 Pack,,洛奇亞 $2.99 包,Lugia $2.99 Pack,Gói Lugia $2.99,루기아 $2.99 패키지,Pacote Lugia $2.99,แพ็ค Lugia $2.99,1,,{card={id=1261};gold=400000;rmb=21888;973=6;972=2;500=2},104,,,,,activity/direct_gift/icon_gjbx12.png,,,
9190,24056,神兽礼包,Lugia $2.99 Pack,,洛奇亞 $2.99 包,Lugia $2.99 Pack,Gói Lugia $2.99,루기아 $2.99 패키지,Pacote Lugia $2.99,แพ็ค Lugia $2.99,1,,{card={id=1261};gold=500000;rmb=21888;974=2;973=8;972=4;500=2},104,,,,,activity/direct_gift/icon_gjbx12.png,,,
9191,24056,神兽礼包,Lugia $4.99 Pack,,洛奇亞 $4.99 包,Lugia $4.99 Pack,Gói Lugia $4.99,루기아 $4.99 패키지,Pacote Lugia $4.99,แพ็ค Lugia $4.99,1,,{card={id=1261};gold=600000;rmb=30000;974=3;973=10;972=6;500=3},106,,,,,activity/direct_gift/icon_gjbx12.png,,,
9192,24056,神兽礼包,Lugia $8.99 Pack,,洛奇亞 $8.99 包,Lugia $8.99 Pack,Gói Lugia $8.99,루기아 $8.99 패키지,Pacote Lugia $8.99,แพ็ค Lugia $8.99,2,,{card={id=1261};gold=700000;rmb=42888;974=4;973=12;972=6;500=4},107,,,,,activity/direct_gift/icon_gjbx12.png,,,
9193,24056,神兽礼包,Lugia $14.99 Pack,,洛奇亞 $14.99 包,Lugia $14.99 Pack,Gói Lugia $14.99,루기아 $14.99 패키지,Pacote Lugia $14.99,แพ็ค Lugia $14.99,4,,{card={id=1261};gold=1000000;rmb=68888;974=8;973=16;972=10;500=4},108,,,,,activity/direct_gift/icon_gjbx12.png,,,
9194,24056,神兽礼包,Lugia $19.99 Pack,,洛奇亞 $19.99 包,Lugia $19.99 Pack,Gói Lugia $19.99,루기아 $19.99 패키지,Pacote Lugia $19.99,แพ็ค Lugia $19.99,4,,{card={id=1261};gold=3000000;rmb=88888;974=15;973=22;972=15;500=8},109,,,,,activity/direct_gift/icon_gjbx12.png,,,
9195,24056,神兽礼包,Lugia $25.99 Pack,,洛奇亞 $25.99 包,Lugia $25.99 Pack,Gói Lugia $25.99,루기아 $25.99 패키지,Pacote Lugia $25.99,แพ็ค Lugia $25.99,4,,{card={id=1261};gold=5000000;rmb=108888;974=20;973=35;972=25;500=12},110,,,,,activity/direct_gift/icon_gjbx12.png,,,
9196,24056,神兽礼包,Lugia $29.99 Pack,,洛奇亞 $29.99 包,Lugia $29.99 Pack,Gói Lugia $29.99,루기아 $29.99 패키지,Pacote Lugia $29.99,แพ็ค Lugia $29.99,4,,{card={id=1261};gold=15000000;rmb=58888;974=28;973=340;972=50;500=18},111,,,,,activity/direct_gift/icon_gjbx12.png,,,
9197,24056,神兽礼包,Lugia $49.99 Pack,,洛奇亞 $49.99 包,Lugia $49.99 Pack,Gói Lugia $49.99,루기아 $49.99 패키지,Pacote Lugia $49.99,แพ็ค Lugia $49.99,1,,{gold=25000000;rmb=188888;6105=1;30407=1},112,,,,,activity/direct_gift/icon_gjbx12.png,,,
,,,,,,,,,,,,,,,,,,,,,,
9198,24057,神兽礼包,Send Gift,免费礼包,贈送禮物,Send Gift,Tặng quà,선물 보내기,Enviar presente,ส่งของขวัญ,1,1,{rmb=888;4000=200;2103=20;500=1},,0,0,,1,activity/direct_gift/box_cr3.png,,,
9199,24057,神兽礼包,Ho-Oh $0.99 Pack,,鳳王 $0.99 禮包,Ho-Oh $0.99 Pack,Ho-Oh Gói $0.99,칠색조 $0.99 패키지,Ho-Oh Pacote $0.99,โฮโอ $0.99 แพ็ก,1,,{card={id=1271};gold=100000;rmb=5888;500=4},102,,,TRUE,,activity/direct_gift/icon_gjbx12.png,,,
9200,24057,神兽礼包,Ho-Oh $1.99 Pack,,鳳王 $1.99 禮包,Ho-Oh $1.99 Pack,Ho-Oh Gói $1.99,칠색조 $1.99 패키지,Ho-Oh Pacote $1.99,โฮโอ $1.99 แพ็ก,1,,{card={id=1271};gold=200000;rmb=12888;973=2;500=2},103,,,TRUE,,activity/direct_gift/icon_gjbx12.png,,,
9201,24057,神兽礼包,Ho-Oh $1.99 Pack,,鳳王 $1.99 禮包,Ho-Oh $1.99 Pack,Ho-Oh Gói $1.99,칠색조 $1.99 패키지,Ho-Oh Pacote $1.99,โฮโอ $1.99 แพ็ก,1,,{card={id=1271};gold=300000;rmb=12888;993=3;972=2;500=2},103,,,,,activity/direct_gift/icon_gjbx12.png,,,
9202,24057,神兽礼包,Ho-Oh $2.99 Pack,,鳳王 $2.99 禮包,Ho-Oh $2.99 Pack,Ho-Oh Gói $2.99,칠색조 $2.99 패키지,Ho-Oh Pacote $2.99,โฮโอ $2.99 แพ็ก,1,,{card={id=1271};gold=400000;rmb=21888;973=6;972=2;500=2},104,,,,,activity/direct_gift/icon_gjbx12.png,,,
9203,24057,神兽礼包,Ho-Oh $2.99 Pack,,鳳王 $2.99 禮包,Ho-Oh $2.99 Pack,Ho-Oh Gói $2.99,칠색조 $2.99 패키지,Ho-Oh Pacote $2.99,โฮโอ $2.99 แพ็ก,1,,{card={id=1271};gold=500000;rmb=21888;974=2;973=8;972=4;500=2},104,,,,,activity/direct_gift/icon_gjbx12.png,,,
9204,24057,神兽礼包,Ho-Oh $4.99 Pack,,鳳王 $4.99 禮包,Ho-Oh $4.99 Pack,Ho-Oh Gói $4.99,칠색조 $4.99 패키지,Ho-Oh Pacote $4.99,โฮโอ $4.99 แพ็ก,1,,{card={id=1271};gold=600000;rmb=30000;974=3;973=10;972=6;500=3},106,,,,,activity/direct_gift/icon_gjbx12.png,,,
9205,24057,神兽礼包,Ho-Oh $8.99 Pack,,鳳王 $8.99 禮包,Ho-Oh $8.99 Pack,Ho-Oh Gói $8.99,칠색조 $8.99 패키지,Ho-Oh Pacote $8.99,โฮโอ $8.99 แพ็ก,2,,{card={id=1271};gold=700000;rmb=42888;974=4;973=12;972=6;500=4},107,,,,,activity/direct_gift/icon_gjbx12.png,,,
9206,24057,神兽礼包,Ho-Oh $14.99 Pack,,鳳王 $14.99 禮包,Ho-Oh $14.99 Pack,Ho-Oh Gói $14.99,칠색조 $14.99 패키지,Ho-Oh Pacote $14.99,โฮโอ $14.99 แพ็ก,4,,{card={id=1271};gold=1000000;rmb=68888;974=8;973=16;972=10;500=4},108,,,,,activity/direct_gift/icon_gjbx12.png,,,
9207,24057,神兽礼包,Ho-Oh $19.99 Pack,,鳳王 $19.99 禮包,Ho-Oh $19.99 Pack,Ho-Oh Gói $19.99,칠색조 $19.99 패키지,Ho-Oh Pacote $19.99,โฮโอ $19.99 แพ็ก,4,,{card={id=1271};gold=3000000;rmb=88888;974=15;973=22;972=15;500=8},109,,,,,activity/direct_gift/icon_gjbx12.png,,,
9208,24057,神兽礼包,Ho-Oh $25.99 Pack,,鳳王 $25.99 禮包,Ho-Oh $25.99 Pack,Ho-Oh Gói $25.99,칠색조 $25.99 패키지,Ho-Oh Pacote $25.99,โฮโอ $25.99 แพ็ก,4,,{card={id=1271};gold=5000000;rmb=108888;974=20;973=35;972=25;500=12},110,,,,,activity/direct_gift/icon_gjbx12.png,,,
9209,24057,神兽礼包,Ho-Oh $29.99 Pack,,鳳王 $29.99 禮包,Ho-Oh $29.99 Pack,Ho-Oh Gói $29.99,칠색조 $29.99 패키지,Ho-Oh Pacote $29.99,โฮโอ $29.99 แพ็ก,4,,{card={id=1271};gold=15000000;rmb=58888;974=28;973=340;972=50;500=18},111,,,,,activity/direct_gift/icon_gjbx12.png,,,
9210,24057,神兽礼包,Ho-Oh $49.99 Pack,,鳳王 $49.99 禮包,Ho-Oh $49.99 Pack,Ho-Oh Gói $49.99,칠색조 $49.99 패키지,Ho-Oh Pacote $49.99,โฮโอ $49.99 แพ็ก,1,,{gold=25000000;rmb=188888;6105=1;31301=1},112,,,,,activity/direct_gift/icon_gjbx12.png,,,
,,,,,,,,,,,,,,,,,,,,,,
9211,24058,神兽礼包,Send Gift,免费礼包,贈送禮物,Send Gift,Tặng quà,선물 보내기,Enviar presente,ส่งของขวัญ,1,1,{rmb=888;4000=200;2103=20;500=1},,0,0,,1,activity/direct_gift/box_cr3.png,,,
9212,24058,神兽礼包,Celebi $0.99 Pack,,時拉比 $0.99 禮包,Celebi $0.99 Pack,Celebi Gói $0.99,세레비 $0.99 팩,Celebi Pacote de $0.99,แพ็ก Celebi ราคา $0.99,1,,{card={id=1281};gold=100000;rmb=5888;500=4},102,,,TRUE,,activity/direct_gift/icon_gjbx12.png,,,
9213,24058,神兽礼包,Celebi $1.99 Pack,,時拉比 $1.99 禮包,Celebi $1.99 Pack,Celebi Gói $1.99,세레비 $1.99 팩,Celebi Pacote de $1.99,แพ็ก Celebi ราคา $1.99,1,,{card={id=1281};gold=200000;rmb=12888;973=2;500=2},103,,,TRUE,,activity/direct_gift/icon_gjbx12.png,,,
9214,24058,神兽礼包,Celebi $1.99 Pack,,時拉比 $1.99 禮包,Celebi $1.99 Pack,Celebi Gói $1.99,세레비 $1.99 팩,Celebi Pacote de $1.99,แพ็ก Celebi ราคา $1.99,1,,{card={id=1281};gold=300000;rmb=12888;993=3;972=2;500=2},103,,,,,activity/direct_gift/icon_gjbx12.png,,,
9215,24058,神兽礼包,Celebi $2.99 Pack,,時拉比 $2.99 禮包,Celebi $2.99 Pack,Celebi Gói $2.99,세레비 $2.99 팩,Celebi Pacote de $2.99,แพ็ก Celebi ราคา $2.99,1,,{card={id=1281};gold=400000;rmb=21888;973=6;972=2;500=2},104,,,,,activity/direct_gift/icon_gjbx12.png,,,
9216,24058,神兽礼包,Celebi $2.99 Pack,,時拉比 $2.99 禮包,Celebi $2.99 Pack,Celebi Gói $2.99,세레비 $2.99 팩,Celebi Pacote de $2.99,แพ็ก Celebi ราคา $2.99,1,,{card={id=1281};gold=500000;rmb=21888;974=2;973=8;972=4;500=2},104,,,,,activity/direct_gift/icon_gjbx12.png,,,
9217,24058,神兽礼包,Celebi $4.99 Pack,,時拉比 $4.99 禮包,Celebi $4.99 Pack,Celebi Gói $4.99,세레비 $4.99 팩,Celebi Pacote de $4.99,แพ็ก Celebi ราคา $4.99,1,,{card={id=1281};gold=600000;rmb=30000;974=3;973=10;972=6;500=3},106,,,,,activity/direct_gift/icon_gjbx12.png,,,
9218,24058,神兽礼包,Celebi $8.99 Pack,,時拉比 $8.99 禮包,Celebi $8.99 Pack,Celebi Gói $8.99,세레비 $8.99 팩,Celebi Pacote de $8.99,แพ็ก Celebi ราคา $8.99,2,,{card={id=1281};gold=700000;rmb=42888;974=4;973=12;972=6;500=4},107,,,,,activity/direct_gift/icon_gjbx12.png,,,
9219,24058,神兽礼包,Celebi $14.99 Pack,,時拉比 $14.99 禮包,Celebi $14.99 Pack,Celebi Gói $14.99,세레비 $14.99 팩,Celebi Pacote de $14.99,แพ็ก Celebi ราคา $14.99,4,,{card={id=1281};gold=1000000;rmb=68888;974=8;973=16;972=10;500=4},108,,,,,activity/direct_gift/icon_gjbx12.png,,,
9220,24058,神兽礼包,Celebi $19.99 Pack,,時拉比 $19.99 禮包,Celebi $19.99 Pack,Celebi Gói $19.99,세레비 $19.99 팩,Celebi Pacote de $19.99,แพ็ก Celebi ราคา $19.99,4,,{card={id=1281};gold=3000000;rmb=88888;974=15;973=22;972=15;500=8},109,,,,,activity/direct_gift/icon_gjbx12.png,,,
9221,24058,神兽礼包,Celebi $25.99 Pack,,時拉比 $25.99 禮包,Celebi $25.99 Pack,Celebi Gói $25.99,세레비 $25.99 팩,Celebi Pacote de $25.99,แพ็ก Celebi ราคา $25.99,4,,{card={id=1281};gold=5000000;rmb=108888;974=20;973=35;972=25;500=12},110,,,,,activity/direct_gift/icon_gjbx12.png,,,
9222,24058,神兽礼包,Celebi $29.99 Pack,,時拉比 $29.99 禮包,Celebi $29.99 Pack,Celebi Gói $29.99,세레비 $29.99 팩,Celebi Pacote de $29.99,แพ็ก Celebi ราคา $29.99,4,,{card={id=1281};gold=15000000;rmb=58888;974=28;973=340;972=50;500=18},111,,,,,activity/direct_gift/icon_gjbx12.png,,,
9223,24058,神兽礼包,Celebi $49.99 Pack,,時拉比 $49.99 禮包,Celebi $49.99 Pack,Celebi Gói $49.99,세레비 $49.99 팩,Celebi Pacote de $49.99,แพ็ก Celebi ราคา $49.99,1,,{gold=25000000;rmb=188888;6105=1;40423=1},112,,,,,activity/direct_gift/icon_gjbx12.png,,,
,,,,,,,,,,,,,,,,,,,,,,
9224,24059,神兽礼包,Send Gift,免费礼包,贈送禮物,Send Gift,Tặng quà,선물 보내기,Enviar presente,ส่งของขวัญ,1,1,{rmb=888;4000=200;2103=20;500=1},,0,0,,1,activity/direct_gift/box_cr3.png,,,
9225,24059,神兽礼包,Jirachi $0.99 Pack,,基拉祈 $0.99 禮包,Jirachi $0.99 Pack,Jirachi Gói $0.99,지라치 $0.99 팩,Jirachi Pacote de $0.99,แพ็ก Jirachi ราคา $0.99,1,,{card={id=1991};gold=100000;rmb=5888;500=4},102,,,TRUE,,activity/direct_gift/icon_gjbx12.png,,,
9226,24059,神兽礼包,Jirachi $1.99 Pack,,基拉祈 $1.99 禮包,Jirachi $1.99 Pack,Jirachi Gói $1.99,지라치 $1.99 팩,Jirachi Pacote de $1.99,แพ็ก Jirachi ราคา $1.99,1,,{card={id=1991};gold=200000;rmb=12888;973=2;500=2},103,,,TRUE,,activity/direct_gift/icon_gjbx12.png,,,
9227,24059,神兽礼包,Jirachi $1.99 Pack,,基拉祈 $1.99 禮包,Jirachi $1.99 Pack,Jirachi Gói $1.99,지라치 $1.99 팩,Jirachi Pacote de $1.99,แพ็ก Jirachi ราคา $1.99,1,,{card={id=1991};gold=300000;rmb=12888;993=3;972=2;500=2},103,,,,,activity/direct_gift/icon_gjbx12.png,,,
9228,24059,神兽礼包,Jirachi $2.99 Pack,,基拉祈 $2.99 禮包,Jirachi $2.99 Pack,Jirachi Gói $2.99,지라치 $2.99 팩,Jirachi Pacote de $2.99,แพ็ก Jirachi ราคา $2.99,1,,{card={id=1991};gold=400000;rmb=21888;973=6;972=2;500=2},104,,,,,activity/direct_gift/icon_gjbx12.png,,,
9229,24059,神兽礼包,Jirachi $2.99 Pack,,基拉祈 $2.99 禮包,Jirachi $2.99 Pack,Jirachi Gói $2.99,지라치 $2.99 팩,Jirachi Pacote de $2.99,แพ็ก Jirachi ราคา $2.99,1,,{card={id=1991};gold=500000;rmb=21888;974=2;973=8;972=4;500=2},104,,,,,activity/direct_gift/icon_gjbx12.png,,,
9230,24059,神兽礼包,Jirachi $4.99 Pack,,基拉祈 $4.99 禮包,Jirachi $4.99 Pack,Jirachi Gói $4.99,지라치 $4.99 팩,Jirachi Pacote de $4.99,แพ็ก Jirachi ราคา $4.99,1,,{card={id=1991};gold=600000;rmb=30000;974=3;973=10;972=6;500=3},106,,,,,activity/direct_gift/icon_gjbx12.png,,,
9231,24059,神兽礼包,Jirachi $8.99 Pack,,基拉祈 $8.99 禮包,Jirachi $8.99 Pack,Jirachi Gói $8.99,지라치 $8.99 팩,Jirachi Pacote de $8.99,แพ็ก Jirachi ราคา $8.99,2,,{card={id=1991};gold=700000;rmb=42888;974=4;973=12;972=6;500=4},107,,,,,activity/direct_gift/icon_gjbx12.png,,,
9232,24059,神兽礼包,Jirachi $14.99 Pack,,基拉祈 $14.99 禮包,Jirachi $14.99 Pack,Jirachi Gói $14.99,지라치 $14.99 팩,Jirachi Pacote de $14.99,แพ็ก Jirachi ราคา $14.99,4,,{card={id=1991};gold=1000000;rmb=68888;974=8;973=16;972=10;500=4},108,,,,,activity/direct_gift/icon_gjbx12.png,,,
9233,24059,神兽礼包,Jirachi $19.99 Pack,,基拉祈 $19.99 禮包,Jirachi $19.99 Pack,Jirachi Gói $19.99,지라치 $19.99 팩,Jirachi Pacote de $19.99,แพ็ก Jirachi ราคา $19.99,4,,{card={id=1991};gold=3000000;rmb=88888;974=15;973=22;972=15;500=8},109,,,,,activity/direct_gift/icon_gjbx12.png,,,
9234,24059,神兽礼包,Jirachi $25.99 Pack,,基拉祈 $25.99 禮包,Jirachi $25.99 Pack,Jirachi Gói $25.99,지라치 $25.99 팩,Jirachi Pacote de $25.99,แพ็ก Jirachi ราคา $25.99,4,,{card={id=1991};gold=5000000;rmb=108888;974=20;973=35;972=25;500=12},110,,,,,activity/direct_gift/icon_gjbx12.png,,,
9235,24059,神兽礼包,Jirachi $29.99 Pack,,基拉祈 $29.99 禮包,Jirachi $29.99 Pack,Jirachi Gói $29.99,지라치 $29.99 팩,Jirachi Pacote de $29.99,แพ็ก Jirachi ราคา $29.99,4,,{card={id=1991};gold=15000000;rmb=58888;974=28;973=340;972=50;500=18},111,,,,,activity/direct_gift/icon_gjbx12.png,,,
9236,24059,神兽礼包,Jirachi $49.99 Pack,,基拉祈 $49.99 禮包,Jirachi $49.99 Pack,Jirachi Gói $49.99,지라치 $49.99 팩,Jirachi Pacote de $49.99,แพ็ก Jirachi ราคา $49.99,1,,{gold=25000000;rmb=188888;6105=1;30419=1},112,,,,,activity/direct_gift/icon_gjbx12.png,,,
,,,,,,,,,,,,,,,,,,,,,,
9237,24060,神兽礼包,Send Gift,免费礼包,贈送禮物,Send Gift,Tặng quà,선물 보내기,Enviar presente,ส่งของขวัญ,1,1,{rmb=888;4000=200;2103=20;500=1},,0,0,,1,activity/direct_gift/box_cr3.png,,,
9238,24060,神兽礼包,Darkrai $0.99 Pack,,達克萊伊 $0.99 禮包,Darkrai $0.99 Pack,Darkrai Gói $0.99,다크라이 $0.99 팩,Darkrai Pacote de $0.99,แพ็ก Darkrai ราคา $0.99,1,,{card={id=2431};gold=100000;rmb=5888;500=4},102,,,TRUE,,activity/direct_gift/icon_gjbx12.png,,,
9239,24060,神兽礼包,Darkrai $1.99 Pack,,達克萊伊 $1.99 禮包,Darkrai $1.99 Pack,Darkrai Gói $1.99,다크라이 $1.99 팩,Darkrai Pacote de $1.99,แพ็ก Darkrai ราคา $1.99,1,,{card={id=2431};gold=200000;rmb=12888;973=2;500=2},103,,,TRUE,,activity/direct_gift/icon_gjbx12.png,,,
9240,24060,神兽礼包,Darkrai $1.99 Pack,,達克萊伊 $1.99 禮包,Darkrai $1.99 Pack,Darkrai Gói $1.99,다크라이 $1.99 팩,Darkrai Pacote de $1.99,แพ็ก Darkrai ราคา $1.99,1,,{card={id=2431};gold=300000;rmb=12888;993=3;972=2;500=2},103,,,,,activity/direct_gift/icon_gjbx12.png,,,
9241,24060,神兽礼包,Darkrai $2.99 Pack,,達克萊伊 $2.99 禮包,Darkrai $2.99 Pack,Darkrai Gói $2.99,다크라이 $2.99 팩,Darkrai Pacote de $2.99,แพ็ก Darkrai ราคา $2.99,1,,{card={id=2431};gold=400000;rmb=21888;973=6;972=2;500=2},104,,,,,activity/direct_gift/icon_gjbx12.png,,,
9242,24060,神兽礼包,Darkrai $2.99 Pack,,達克萊伊 $2.99 禮包,Darkrai $2.99 Pack,Darkrai Gói $2.99,다크라이 $2.99 팩,Darkrai Pacote de $2.99,แพ็ก Darkrai ราคา $2.99,1,,{card={id=2431};gold=500000;rmb=21888;974=2;973=8;972=4;500=2},104,,,,,activity/direct_gift/icon_gjbx12.png,,,
9243,24060,神兽礼包,Darkrai $4.99 Pack,,達克萊伊 $4.99 禮包,Darkrai $4.99 Pack,Darkrai Gói $4.99,다크라이 $4.99 팩,Darkrai Pacote de $4.99,แพ็ก Darkrai ราคา $4.99,1,,{card={id=2431};gold=600000;rmb=30000;974=3;973=10;972=6;500=3},106,,,,,activity/direct_gift/icon_gjbx12.png,,,
9244,24060,神兽礼包,Darkrai $8.99 Pack,,達克萊伊 $8.99 禮包,Darkrai $8.99 Pack,Darkrai Gói $8.99,다크라이 $8.99 팩,Darkrai Pacote de $8.99,แพ็ก Darkrai ราคา $8.99,2,,{card={id=2431};gold=700000;rmb=42888;974=4;973=12;972=6;500=4},107,,,,,activity/direct_gift/icon_gjbx12.png,,,
9245,24060,神兽礼包,Darkrai $14.99 Pack,,達克萊伊 $14.99 禮包,Darkrai $14.99 Pack,Darkrai Gói $14.99,다크라이 $14.99 팩,Darkrai Pacote de $14.99,แพ็ก Darkrai ราคา $14.99,4,,{card={id=2431};gold=1000000;rmb=68888;974=8;973=16;972=10;500=4},108,,,,,activity/direct_gift/icon_gjbx12.png,,,
9246,24060,神兽礼包,Darkrai $19.99 Pack,,達克萊伊 $19.99 禮包,Darkrai $19.99 Pack,Darkrai Gói $19.99,다크라이 $19.99 팩,Darkrai Pacote de $19.99,แพ็ก Darkrai ราคา $19.99,4,,{card={id=2431};gold=3000000;rmb=88888;974=15;973=22;972=15;500=8},109,,,,,activity/direct_gift/icon_gjbx12.png,,,
9247,24060,神兽礼包,Darkrai $25.99 Pack,,達克萊伊 $25.99 禮包,Darkrai $25.99 Pack,Darkrai Gói $25.99,다크라이 $25.99 팩,Darkrai Pacote de $25.99,แพ็ก Darkrai ราคา $25.99,4,,{card={id=2431};gold=5000000;rmb=108888;974=20;973=35;972=25;500=12},110,,,,,activity/direct_gift/icon_gjbx12.png,,,
9248,24060,神兽礼包,Darkrai $29.99 Pack,,達克萊伊 $29.99 禮包,Darkrai $29.99 Pack,Darkrai Gói $29.99,다크라이 $29.99 팩,Darkrai Pacote de $29.99,แพ็ก Darkrai ราคา $29.99,4,,{card={id=2431};gold=15000000;rmb=58888;974=28;973=340;972=50;500=18},111,,,,,activity/direct_gift/icon_gjbx12.png,,,
9249,24060,神兽礼包,Darkrai $49.99 Pack,,達克萊伊 $49.99 禮包,Darkrai $49.99 Pack,Darkrai Gói $49.99,다크라이 $49.99 팩,Darkrai Pacote de $49.99,แพ็ก Darkrai ราคา $49.99,1,,{gold=25000000;rmb=188888;6105=1;30405=1},112,,,,,activity/direct_gift/icon_gjbx12.png,,,
,,,,,,,,,,,,,,,,,,,,,,
9250,24061,神兽礼包,Send Gift,免费礼包,贈送禮物,Send Gift,Tặng quà,선물 보내기,Enviar presente,ส่งของขวัญ,1,1,{rmb=888;4000=200;2103=20;500=1},,0,0,,1,activity/direct_gift/box_cr3.png,,,
9251,24061,神兽礼包,Shaymin $0.99 Pack,,謝米 $0.99 禮包,Shaymin $0.99 Pack,Shaymin Gói $0.99,쉐이미 $0.99 팩,Shaymin Pacote de $0.99,แพ็ก Shaymin ราคา $0.99,1,,{card={id=2441};gold=100000;rmb=5888;500=4},102,,,TRUE,,activity/direct_gift/icon_gjbx12.png,,,
9252,24061,神兽礼包,Shaymin $1.99 Pack,,謝米 $1.99 禮包,Shaymin $1.99 Pack,Shaymin Gói $1.99,쉐이미 $1.99 팩,Shaymin Pacote de $1.99,แพ็ก Shaymin ราคา $1.99,1,,{card={id=2441};gold=200000;rmb=12888;973=2;500=2},103,,,TRUE,,activity/direct_gift/icon_gjbx12.png,,,
9253,24061,神兽礼包,Shaymin $1.99 Pack,,謝米 $1.99 禮包,Shaymin $1.99 Pack,Shaymin Gói $1.99,쉐이미 $1.99 팩,Shaymin Pacote de $1.99,แพ็ก Shaymin ราคา $1.99,1,,{card={id=2441};gold=300000;rmb=12888;993=3;972=2;500=2},103,,,,,activity/direct_gift/icon_gjbx12.png,,,
9254,24061,神兽礼包,Shaymin $2.99 Pack,,謝米 $2.99 禮包,Shaymin $2.99 Pack,Shaymin Gói $2.99,쉐이미 $2.99 팩,Shaymin Pacote de $2.99,แพ็ก Shaymin ราคา $2.99,1,,{card={id=2441};gold=400000;rmb=21888;973=6;972=2;500=2},104,,,,,activity/direct_gift/icon_gjbx12.png,,,
9255,24061,神兽礼包,Shaymin $2.99 Pack,,謝米 $2.99 禮包,Shaymin $2.99 Pack,Shaymin Gói $2.99,쉐이미 $2.99 팩,Shaymin Pacote de $2.99,แพ็ก Shaymin ราคา $2.99,1,,{card={id=2441};gold=500000;rmb=21888;974=2;973=8;972=4;500=2},104,,,,,activity/direct_gift/icon_gjbx12.png,,,
9256,24061,神兽礼包,Shaymin $4.99 Pack,,謝米 $4.99 禮包,Shaymin $4.99 Pack,Shaymin Gói $4.99,쉐이미 $4.99 팩,Shaymin Pacote de $4.99,แพ็ก Shaymin ราคา $4.99,1,,{card={id=2441};gold=600000;rmb=30000;974=3;973=10;972=6;500=3},106,,,,,activity/direct_gift/icon_gjbx12.png,,,
9257,24061,神兽礼包,Shaymin $8.99 Pack,,謝米 $8.99 禮包,Shaymin $8.99 Pack,Shaymin Gói $8.99,쉐이미 $8.99 팩,Shaymin Pacote de $8.99,แพ็ก Shaymin ราคา $8.99,2,,{card={id=2441};gold=700000;rmb=42888;974=4;973=12;972=6;500=4},107,,,,,activity/direct_gift/icon_gjbx12.png,,,
9258,24061,神兽礼包,Shaymin $14.99 Pack,,謝米 $14.99 禮包,Shaymin $14.99 Pack,Shaymin Gói $14.99,쉐이미 $14.99 팩,Shaymin Pacote de $14.99,แพ็ก Shaymin ราคา $14.99,4,,{card={id=2441};gold=1000000;rmb=68888;974=8;973=16;972=10;500=4},108,,,,,activity/direct_gift/icon_gjbx12.png,,,
9259,24061,神兽礼包,Shaymin $19.99 Pack,,謝米 $19.99 禮包,Shaymin $19.99 Pack,Shaymin Gói $19.99,쉐이미 $19.99 팩,Shaymin Pacote de $19.99,แพ็ก Shaymin ราคา $19.99,4,,{card={id=2441};gold=3000000;rmb=88888;974=15;973=22;972=15;500=8},109,,,,,activity/direct_gift/icon_gjbx12.png,,,
9260,24061,神兽礼包,Shaymin $25.99 Pack,,謝米 $25.99 禮包,Shaymin $25.99 Pack,Shaymin Gói $25.99,쉐이미 $25.99 팩,Shaymin Pacote de $25.99,แพ็ก Shaymin ราคา $25.99,4,,{card={id=2441};gold=5000000;rmb=108888;974=20;973=35;972=25;500=12},110,,,,,activity/direct_gift/icon_gjbx12.png,,,
9261,24061,神兽礼包,Shaymin $29.99 Pack,,謝米 $29.99 禮包,Shaymin $29.99 Pack,Shaymin Gói $29.99,쉐이미 $29.99 팩,Shaymin Pacote de $29.99,แพ็ก Shaymin ราคา $29.99,4,,{card={id=2441};gold=15000000;rmb=58888;974=28;973=340;972=50;500=18},111,,,,,activity/direct_gift/icon_gjbx12.png,,,
9262,24061,神兽礼包,Shaymin $49.99 Pack,,謝米 $49.99 禮包,Shaymin $49.99 Pack,Shaymin Gói $49.99,쉐이미 $49.99 팩,Shaymin Pacote de $49.99,แพ็ก Shaymin ราคา $49.99,1,,{gold=25000000;rmb=188888;6105=1;30422=1},112,,,,,activity/direct_gift/icon_gjbx12.png,,,
,,,,,,,,,,,,,,,,,,,,,,
9263,24062,神兽礼包,Send Gift,免费礼包,贈送禮物,Send Gift,Tặng quà,선물 보내기,Enviar presente,ส่งของขวัญ,1,1,{rmb=888;4000=200;2103=20;500=1},,0,0,,1,activity/direct_gift/box_cr3.png,,,
9264,24062,神兽礼包,Reshiram $0.99 Pack,,萊希拉姆 $0.99 禮包,Reshiram $0.99 Pack,Reshiram Gói $0.99,레시라무 $0.99 팩,Reshiram Pacote de $0.99,แพ็ก Reshiram ราคา $0.99,1,,{card={id=3211};gold=100000;rmb=5888;500=4},102,,,TRUE,,activity/direct_gift/icon_gjbx12.png,,,
9265,24062,神兽礼包,Reshiram $1.99 Pack,,萊希拉姆 $1.99 禮包,Reshiram $1.99 Pack,Reshiram Gói $1.99,레시라무 $1.99 팩,Reshiram Pacote de $1.99,แพ็ก Reshiram ราคา $1.99,1,,{card={id=3211};gold=200000;rmb=12888;973=2;500=2},103,,,TRUE,,activity/direct_gift/icon_gjbx12.png,,,
9266,24062,神兽礼包,Reshiram $1.99 Pack,,萊希拉姆 $1.99 禮包,Reshiram $1.99 Pack,Reshiram Gói $1.99,레시라무 $1.99 팩,Reshiram Pacote de $1.99,แพ็ก Reshiram ราคา $1.99,1,,{card={id=3211};gold=300000;rmb=12888;993=3;972=2;500=2},103,,,,,activity/direct_gift/icon_gjbx12.png,,,
9267,24062,神兽礼包,Reshiram $2.99 Pack,,萊希拉姆 $2.99 禮包,Reshiram $2.99 Pack,Reshiram Gói $2.99,레시라무 $2.99 팩,Reshiram Pacote de $2.99,แพ็ก Reshiram ราคา $2.99,1,,{card={id=3211};gold=400000;rmb=21888;973=6;972=2;500=2},104,,,,,activity/direct_gift/icon_gjbx12.png,,,
9268,24062,神兽礼包,Reshiram $2.99 Pack,,萊希拉姆 $2.99 禮包,Reshiram $2.99 Pack,Reshiram Gói $2.99,레시라무 $2.99 팩,Reshiram Pacote de $2.99,แพ็ก Reshiram ราคา $2.99,1,,{card={id=3211};gold=500000;rmb=21888;974=2;973=8;972=4;500=2},104,,,,,activity/direct_gift/icon_gjbx12.png,,,
9269,24062,神兽礼包,Reshiram $4.99 Pack,,萊希拉姆 $4.99 禮包,Reshiram $4.99 Pack,Reshiram Gói $4.99,레시라무 $4.99 팩,Reshiram Pacote de $4.99,แพ็ก Reshiram ราคา $4.99,1,,{card={id=3211};gold=600000;rmb=30000;974=3;973=10;972=6;500=3},106,,,,,activity/direct_gift/icon_gjbx12.png,,,
9270,24062,神兽礼包,Reshiram $8.99 Pack,,萊希拉姆 $8.99 禮包,Reshiram $8.99 Pack,Reshiram Gói $8.99,레시라무 $8.99 팩,Reshiram Pacote de $8.99,แพ็ก Reshiram ราคา $8.99,2,,{card={id=3211};gold=700000;rmb=42888;974=4;973=12;972=6;500=4},107,,,,,activity/direct_gift/icon_gjbx12.png,,,
9271,24062,神兽礼包,Reshiram $14.99 Pack,,萊希拉姆 $14.99 禮包,Reshiram $14.99 Pack,Reshiram Gói $14.99,레시라무 $14.99 팩,Reshiram Pacote de $14.99,แพ็ก Reshiram ราคา $14.99,4,,{card={id=3211};gold=1000000;rmb=68888;974=8;973=16;972=10;500=4},108,,,,,activity/direct_gift/icon_gjbx12.png,,,
9272,24062,神兽礼包,Reshiram $19.99 Pack,,萊希拉姆 $19.99 禮包,Reshiram $19.99 Pack,Reshiram Gói $19.99,레시라무 $19.99 팩,Reshiram Pacote de $19.99,แพ็ก Reshiram ราคา $19.99,4,,{card={id=3211};gold=3000000;rmb=88888;974=15;973=22;972=15;500=8},109,,,,,activity/direct_gift/icon_gjbx12.png,,,
9273,24062,神兽礼包,Reshiram $25.99 Pack,,萊希拉姆 $25.99 禮包,Reshiram $25.99 Pack,Reshiram Gói $25.99,레시라무 $25.99 팩,Reshiram Pacote de $25.99,แพ็ก Reshiram ราคา $25.99,4,,{card={id=3211};gold=5000000;rmb=108888;974=20;973=35;972=25;500=12},110,,,,,activity/direct_gift/icon_gjbx12.png,,,
9274,24062,神兽礼包,Reshiram $29.99 Pack,,萊希拉姆 $29.99 禮包,Reshiram $29.99 Pack,Reshiram Gói $29.99,레시라무 $29.99 팩,Reshiram Pacote de $29.99,แพ็ก Reshiram ราคา $29.99,4,,{card={id=3211};gold=15000000;rmb=58888;974=28;973=340;972=50;500=18},111,,,,,activity/direct_gift/icon_gjbx12.png,,,
9275,24062,神兽礼包,Reshiram $49.99 Pack,,萊希拉姆 $49.99 禮包,Reshiram $49.99 Pack,Reshiram Gói $49.99,레시라무 $49.99 팩,Reshiram Pacote de $49.99,แพ็ก Reshiram ราคา $49.99,1,,{gold=25000000;rmb=188888;6105=1;30415=1},112,,,,,activity/direct_gift/icon_gjbx12.png,,,
,,,,,,,,,,,,,,,,,,,,,,
9276,24063,神兽礼包,Send Gift,免费礼包,贈送禮物,Send Gift,Tặng quà,선물 보내기,Enviar presente,ส่งของขวัญ,1,1,{rmb=888;4000=200;2103=20;500=1},,0,0,,1,activity/direct_gift/box_cr3.png,,,
9277,24063,神兽礼包,Zekrom $0.99 Pack,,捷克羅姆 $0.99 禮包,Zekrom $0.99 Pack,Zekrom Gói $0.99,제크로무 $0.99 팩,Zekrom Pacote de $0.99,แพ็ก Zekrom ราคา $0.99,1,,{card={id=3221};gold=100000;rmb=5888;500=4},102,,,TRUE,,activity/direct_gift/icon_gjbx12.png,,,
9278,24063,神兽礼包,Zekrom $1.99 Pack,,捷克羅姆 $1.99 禮包,Zekrom $1.99 Pack,Zekrom Gói $1.99,제크로무 $1.99 팩,Zekrom Pacote de $1.99,แพ็ก Zekrom ราคา $1.99,1,,{card={id=3221};gold=200000;rmb=12888;973=2;500=2},103,,,TRUE,,activity/direct_gift/icon_gjbx12.png,,,
9279,24063,神兽礼包,Zekrom $1.99 Pack,,捷克羅姆 $1.99 禮包,Zekrom $1.99 Pack,Zekrom Gói $1.99,제크로무 $1.99 팩,Zekrom Pacote de $1.99,แพ็ก Zekrom ราคา $1.99,1,,{card={id=3221};gold=300000;rmb=12888;993=3;972=2;500=2},103,,,,,activity/direct_gift/icon_gjbx12.png,,,
9280,24063,神兽礼包,Zekrom $2.99 Pack,,捷克羅姆 $2.99 禮包,Zekrom $2.99 Pack,Zekrom Gói $2.99,제크로무 $2.99 팩,Zekrom Pacote de $2.99,แพ็ก Zekrom ราคา $2.99,1,,{card={id=3221};gold=400000;rmb=21888;973=6;972=2;500=2},104,,,,,activity/direct_gift/icon_gjbx12.png,,,
9281,24063,神兽礼包,Zekrom $2.99 Pack,,捷克羅姆 $2.99 禮包,Zekrom $2.99 Pack,Zekrom Gói $2.99,제크로무 $2.99 팩,Zekrom Pacote de $2.99,แพ็ก Zekrom ราคา $2.99,1,,{card={id=3221};gold=500000;rmb=21888;974=2;973=8;972=4;500=2},104,,,,,activity/direct_gift/icon_gjbx12.png,,,
9282,24063,神兽礼包,Zekrom $4.99 Pack,,捷克羅姆 $4.99 禮包,Zekrom $4.99 Pack,Zekrom Gói $4.99,제크로무 $4.99 팩,Zekrom Pacote de $4.99,แพ็ก Zekrom ราคา $4.99,1,,{card={id=3221};gold=600000;rmb=30000;974=3;973=10;972=6;500=3},106,,,,,activity/direct_gift/icon_gjbx12.png,,,
9283,24063,神兽礼包,Zekrom $8.99 Pack,,捷克羅姆 $8.99 禮包,Zekrom $8.99 Pack,Zekrom Gói $8.99,제크로무 $8.99 팩,Zekrom Pacote de $8.99,แพ็ก Zekrom ราคา $8.99,2,,{card={id=3221};gold=700000;rmb=42888;974=4;973=12;972=6;500=4},107,,,,,activity/direct_gift/icon_gjbx12.png,,,
9284,24063,神兽礼包,Zekrom $14.99 Pack,,捷克羅姆 $14.99 禮包,Zekrom $14.99 Pack,Zekrom Gói $14.99,제크로무 $14.99 팩,Zekrom Pacote de $14.99,แพ็ก Zekrom ราคา $14.99,4,,{card={id=3221};gold=1000000;rmb=68888;974=8;973=16;972=10;500=4},108,,,,,activity/direct_gift/icon_gjbx12.png,,,
9285,24063,神兽礼包,Zekrom $19.99 Pack,,捷克羅姆 $19.99 禮包,Zekrom $19.99 Pack,Zekrom Gói $19.99,제크로무 $19.99 팩,Zekrom Pacote de $19.99,แพ็ก Zekrom ราคา $19.99,4,,{card={id=3221};gold=3000000;rmb=88888;974=15;973=22;972=15;500=8},109,,,,,activity/direct_gift/icon_gjbx12.png,,,
9286,24063,神兽礼包,Zekrom $25.99 Pack,,捷克羅姆 $25.99 禮包,Zekrom $25.99 Pack,Zekrom Gói $25.99,제크로무 $25.99 팩,Zekrom Pacote de $25.99,แพ็ก Zekrom ราคา $25.99,4,,{card={id=3221};gold=5000000;rmb=108888;974=20;973=35;972=25;500=12},110,,,,,activity/direct_gift/icon_gjbx12.png,,,
9287,24063,神兽礼包,Zekrom $29.99 Pack,,捷克羅姆 $29.99 禮包,Zekrom $29.99 Pack,Zekrom Gói $29.99,제크로무 $29.99 팩,Zekrom Pacote de $29.99,แพ็ก Zekrom ราคา $29.99,4,,{card={id=3221};gold=15000000;rmb=58888;974=28;973=340;972=50;500=18},111,,,,,activity/direct_gift/icon_gjbx12.png,,,
9288,24063,神兽礼包,Zekrom $49.99 Pack,,捷克羅姆 $49.99 禮包,Zekrom $49.99 Pack,Zekrom Gói $49.99,제크로무 $49.99 팩,Zekrom Pacote de $49.99,แพ็ก Zekrom ราคา $49.99,1,,{gold=25000000;rmb=188888;6105=1;30416=1},112,,,,,activity/direct_gift/icon_gjbx12.png,,,
,,,,,,,,,,,,,,,,,,,,,,
9289,24064,神兽礼包,Send Gift,免费礼包,贈送禮物,Send Gift,Tặng quà,선물 보내기,Enviar presente,ส่งของขวัญ,1,1,{rmb=888;4000=200;2103=20;500=1},,0,0,,1,activity/direct_gift/box_cr3.png,,,
9290,24064,神兽礼包,Kyurem $0.99 Pack,,酋雷姆 $0.99 禮包,Kyurem $0.99 Pack,Kyurem Gói $0.99,큐레무 $0.99 팩,Kyurem Pacote de $0.99,แพ็ก Kyurem ราคา $0.99,1,,{card={id=3241};gold=100000;rmb=5888;500=4},102,,,TRUE,,activity/direct_gift/icon_gjbx12.png,,,
9291,24064,神兽礼包,Kyurem $1.99 Pack,,酋雷姆 $1.99 禮包,Kyurem $1.99 Pack,Kyurem Gói $1.99,큐레무 $1.99 팩,Kyurem Pacote de $1.99,แพ็ก Kyurem ราคา $1.99,1,,{card={id=3241};gold=200000;rmb=12888;973=2;500=2},103,,,TRUE,,activity/direct_gift/icon_gjbx12.png,,,
9292,24064,神兽礼包,Kyurem $1.99 Pack,,酋雷姆 $1.99 禮包,Kyurem $1.99 Pack,Kyurem Gói $1.99,큐레무 $1.99 팩,Kyurem Pacote de $1.99,แพ็ก Kyurem ราคา $1.99,1,,{card={id=3241};gold=300000;rmb=12888;993=3;972=2;500=2},103,,,,,activity/direct_gift/icon_gjbx12.png,,,
9293,24064,神兽礼包,Kyurem $2.99 Pack,,酋雷姆 $2.99 禮包,Kyurem $2.99 Pack,Kyurem Gói $2.99,큐레무 $2.99 팩,Kyurem Pacote de $2.99,แพ็ก Kyurem ราคา $2.99,1,,{card={id=3241};gold=400000;rmb=21888;973=6;972=2;500=2},104,,,,,activity/direct_gift/icon_gjbx12.png,,,
9294,24064,神兽礼包,Kyurem $2.99 Pack,,酋雷姆 $2.99 禮包,Kyurem $2.99 Pack,Kyurem Gói $2.99,큐레무 $2.99 팩,Kyurem Pacote de $2.99,แพ็ก Kyurem ราคา $2.99,1,,{card={id=3241};gold=500000;rmb=21888;974=2;973=8;972=4;500=2},104,,,,,activity/direct_gift/icon_gjbx12.png,,,
9295,24064,神兽礼包,Kyurem $4.99 Pack,,酋雷姆 $4.99 禮包,Kyurem $4.99 Pack,Kyurem Gói $4.99,큐레무 $4.99 팩,Kyurem Pacote de $4.99,แพ็ก Kyurem ราคา $4.99,1,,{card={id=3241};gold=600000;rmb=30000;974=3;973=10;972=6;500=3},106,,,,,activity/direct_gift/icon_gjbx12.png,,,
9296,24064,神兽礼包,Kyurem $8.99 Pack,,酋雷姆 $8.99 禮包,Kyurem $8.99 Pack,Kyurem Gói $8.99,큐레무 $8.99 팩,Kyurem Pacote de $8.99,แพ็ก Kyurem ราคา $8.99,2,,{card={id=3241};gold=700000;rmb=42888;974=4;973=12;972=6;500=4},107,,,,,activity/direct_gift/icon_gjbx12.png,,,
9297,24064,神兽礼包,Kyurem $14.99 Pack,,酋雷姆 $14.99 禮包,Kyurem $14.99 Pack,Kyurem Gói $14.99,큐레무 $14.99 팩,Kyurem Pacote de $14.99,แพ็ก Kyurem ราคา $14.99,4,,{card={id=3241};gold=1000000;rmb=68888;974=8;973=16;972=10;500=4},108,,,,,activity/direct_gift/icon_gjbx12.png,,,
9298,24064,神兽礼包,Kyurem $19.99 Pack,,酋雷姆 $19.99 禮包,Kyurem $19.99 Pack,Kyurem Gói $19.99,큐레무 $19.99 팩,Kyurem Pacote de $19.99,แพ็ก Kyurem ราคา $19.99,4,,{card={id=3241};gold=3000000;rmb=88888;974=15;973=22;972=15;500=8},109,,,,,activity/direct_gift/icon_gjbx12.png,,,
9299,24064,神兽礼包,Kyurem $25.99 Pack,,酋雷姆 $25.99 禮包,Kyurem $25.99 Pack,Kyurem Gói $25.99,큐레무 $25.99 팩,Kyurem Pacote de $25.99,แพ็ก Kyurem ราคา $25.99,4,,{card={id=3241};gold=5000000;rmb=108888;974=20;973=35;972=25;500=12},110,,,,,activity/direct_gift/icon_gjbx12.png,,,
9300,24064,神兽礼包,Kyurem $29.99 Pack,,酋雷姆 $29.99 禮包,Kyurem $29.99 Pack,Kyurem Gói $29.99,큐레무 $29.99 팩,Kyurem Pacote de $29.99,แพ็ก Kyurem ราคา $29.99,4,,{card={id=3241};gold=15000000;rmb=58888;974=28;973=340;972=50;500=18},111,,,,,activity/direct_gift/icon_gjbx12.png,,,
9301,24064,神兽礼包,Kyurem $49.99 Pack,,酋雷姆 $49.99 禮包,Kyurem $49.99 Pack,Kyurem Gói $49.99,큐레무 $49.99 팩,Kyurem Pacote de $49.99,แพ็ก Kyurem ราคา $49.99,1,,{gold=25000000;rmb=188888;6105=1;30417=1},112,,,,,activity/direct_gift/icon_gjbx12.png,,,
,,,,,,,,,,,,,,,,,,,,,,
9302,24065,神兽礼包,Send Gift,免费礼包,贈送禮物,Send Gift,Tặng quà,선물 보내기,Enviar presente,ส่งของขวัญ,1,1,{rmb=888;4000=200;2103=20;500=1},,0,0,,1,activity/direct_gift/box_cr3.png,,,
9303,24065,神兽礼包,Genesect $0.99 Pack,,蓋諾賽克特 $0.99 禮包,Genesect $0.99 Pack,Genesect Gói $0.99,게노세크트 $0.99 팩,Genesect Pacote de $0.99,แพ็ก Genesect ราคา $0.99,1,,{card={id=3271};gold=100000;rmb=5888;500=4},102,,,TRUE,,activity/direct_gift/icon_gjbx12.png,,,
9304,24065,神兽礼包,Genesect $1.99 Pack,,蓋諾賽克特 $1.99 禮包,Genesect $1.99 Pack,Genesect Gói $1.99,게노세크트 $1.99 팩,Genesect Pacote de $1.99,แพ็ก Genesect ราคา $1.99,1,,{card={id=3271};gold=200000;rmb=12888;973=2;500=2},103,,,TRUE,,activity/direct_gift/icon_gjbx12.png,,,
9305,24065,神兽礼包,Genesect $1.99 Pack,,蓋諾賽克特 $1.99 禮包,Genesect $1.99 Pack,Genesect Gói $1.99,게노세크트 $1.99 팩,Genesect Pacote de $1.99,แพ็ก Genesect ราคา $1.99,1,,{card={id=3271};gold=300000;rmb=12888;993=3;972=2;500=2},103,,,,,activity/direct_gift/icon_gjbx12.png,,,
9306,24065,神兽礼包,Genesect $2.99 Pack,,蓋諾賽克特 $2.99 禮包,Genesect $2.99 Pack,Genesect Gói $2.99,게노세크트 $2.99 팩,Genesect Pacote de $2.99,แพ็ก Genesect ราคา $2.99,1,,{card={id=3271};gold=400000;rmb=21888;973=6;972=2;500=2},104,,,,,activity/direct_gift/icon_gjbx12.png,,,
9307,24065,神兽礼包,Genesect $2.99 Pack,,蓋諾賽克特 $2.99 禮包,Genesect $2.99 Pack,Genesect Gói $2.99,게노세크트 $2.99 팩,Genesect Pacote de $2.99,แพ็ก Genesect ราคา $2.99,1,,{card={id=3271};gold=500000;rmb=21888;974=2;973=8;972=4;500=2},104,,,,,activity/direct_gift/icon_gjbx12.png,,,
9308,24065,神兽礼包,Genesect $4.99 Pack,,蓋諾賽克特 $4.99 禮包,Genesect $4.99 Pack,Genesect Gói $4.99,게노세크트 $4.99 팩,Genesect Pacote de $4.99,แพ็ก Genesect ราคา $4.99,1,,{card={id=3271};gold=600000;rmb=30000;974=3;973=10;972=6;500=3},106,,,,,activity/direct_gift/icon_gjbx12.png,,,
9309,24065,神兽礼包,Genesect $8.99 Pack,,蓋諾賽克特 $8.99 禮包,Genesect $8.99 Pack,Genesect Gói $8.99,게노세크트 $8.99 팩,Genesect Pacote de $8.99,แพ็ก Genesect ราคา $8.99,2,,{card={id=3271};gold=700000;rmb=42888;974=4;973=12;972=6;500=4},107,,,,,activity/direct_gift/icon_gjbx12.png,,,
9310,24065,神兽礼包,Genesect $14.99 Pack,,蓋諾賽克特 $14.99 禮包,Genesect $14.99 Pack,Genesect Gói $14.99,게노세크트 $14.99 팩,Genesect Pacote de $14.99,แพ็ก Genesect ราคา $14.99,4,,{card={id=3271};gold=1000000;rmb=68888;974=8;973=16;972=10;500=4},108,,,,,activity/direct_gift/icon_gjbx12.png,,,
9311,24065,神兽礼包,Genesect $19.99 Pack,,蓋諾賽克特 $19.99 禮包,Genesect $19.99 Pack,Genesect Gói $19.99,게노세크트 $19.99 팩,Genesect Pacote de $19.99,แพ็ก Genesect ราคา $19.99,4,,{card={id=3271};gold=3000000;rmb=88888;974=15;973=22;972=15;500=8},109,,,,,activity/direct_gift/icon_gjbx12.png,,,
9312,24065,神兽礼包,Genesect $25.99 Pack,,蓋諾賽克特 $25.99 禮包,Genesect $25.99 Pack,Genesect Gói $25.99,게노세크트 $25.99 팩,Genesect Pacote de $25.99,แพ็ก Genesect ราคา $25.99,4,,{card={id=3271};gold=5000000;rmb=108888;974=20;973=35;972=25;500=12},110,,,,,activity/direct_gift/icon_gjbx12.png,,,
9313,24065,神兽礼包,Genesect $29.99 Pack,,蓋諾賽克特 $29.99 禮包,Genesect $29.99 Pack,Genesect Gói $29.99,게노세크트 $29.99 팩,Genesect Pacote de $29.99,แพ็ก Genesect ราคา $29.99,4,,{card={id=3271};gold=15000000;rmb=58888;974=28;973=340;972=50;500=18},111,,,,,activity/direct_gift/icon_gjbx12.png,,,
9314,24065,神兽礼包,Genesect $49.99 Pack,,蓋諾賽克特 $49.99 禮包,Genesect $49.99 Pack,Genesect Gói $49.99,게노세크트 $49.99 팩,Genesect Pacote de $49.99,แพ็ก Genesect ราคา $49.99,1,,{gold=25000000;rmb=188888;6105=1;30424=1},112,,,,,activity/direct_gift/icon_gjbx12.png,,,
,,,,,,,,,,,,,,,,,,,,,,
9315,24066,神兽礼包,Send Gift,免费礼包,贈送禮物,Send Gift,Tặng quà,선물 보내기,Enviar presente,ส่งของขวัญ,1,1,{rmb=888;4000=200;2103=20;500=1},,0,0,,1,activity/direct_gift/box_cr3.png,,,
9316,24066,神兽礼包,Xerneas $0.99 Pack,,哲爾尼亞斯 $0.99 禮包,Xerneas $0.99 Pack,Xerneas Gói $0.99,제르네아스 $0.99 팩,Xerneas Pacote de $0.99,แพ็ก Xerneas ราคา $0.99,1,,{card={id=3601};gold=100000;rmb=5888;500=4},102,,,TRUE,,activity/direct_gift/icon_gjbx12.png,,,
9317,24066,神兽礼包,Xerneas $1.99 Pack,,哲爾尼亞斯 $1.99 禮包,Xerneas $1.99 Pack,Xerneas Gói $1.99,제르네아스 $1.99 팩,Xerneas Pacote de $1.99,แพ็ก Xerneas ราคา $1.99,1,,{card={id=3601};gold=200000;rmb=12888;973=2;500=2},103,,,TRUE,,activity/direct_gift/icon_gjbx12.png,,,
9318,24066,神兽礼包,Xerneas $1.99 Pack,,哲爾尼亞斯 $1.99 禮包,Xerneas $1.99 Pack,Xerneas Gói $1.99,제르네아스 $1.99 팩,Xerneas Pacote de $1.99,แพ็ก Xerneas ราคา $1.99,1,,{card={id=3601};gold=300000;rmb=12888;993=3;972=2;500=2},103,,,,,activity/direct_gift/icon_gjbx12.png,,,
9319,24066,神兽礼包,Xerneas $2.99 Pack,,哲爾尼亞斯 $2.99 禮包,Xerneas $2.99 Pack,Xerneas Gói $2.99,제르네아스 $2.99 팩,Xerneas Pacote de $2.99,แพ็ก Xerneas ราคา $2.99,1,,{card={id=3601};gold=400000;rmb=21888;973=6;972=2;500=2},104,,,,,activity/direct_gift/icon_gjbx12.png,,,
9320,24066,神兽礼包,Xerneas $2.99 Pack,,哲爾尼亞斯 $2.99 禮包,Xerneas $2.99 Pack,Xerneas Gói $2.99,제르네아스 $2.99 팩,Xerneas Pacote de $2.99,แพ็ก Xerneas ราคา $2.99,1,,{card={id=3601};gold=500000;rmb=21888;974=2;973=8;972=4;500=2},104,,,,,activity/direct_gift/icon_gjbx12.png,,,
9321,24066,神兽礼包,Xerneas $4.99 Pack,,哲爾尼亞斯 $4.99 禮包,Xerneas $4.99 Pack,Xerneas Gói $4.99,제르네아스 $4.99 팩,Xerneas Pacote de $4.99,แพ็ก Xerneas ราคา $4.99,1,,{card={id=3601};gold=600000;rmb=30000;974=3;973=10;972=6;500=3},106,,,,,activity/direct_gift/icon_gjbx12.png,,,
9322,24066,神兽礼包,Xerneas $8.99 Pack,,哲爾尼亞斯 $8.99 禮包,Xerneas $8.99 Pack,Xerneas Gói $8.99,제르네아스 $8.99 팩,Xerneas Pacote de $8.99,แพ็ก Xerneas ราคา $8.99,2,,{card={id=3601};gold=700000;rmb=42888;974=4;973=12;972=6;500=4},107,,,,,activity/direct_gift/icon_gjbx12.png,,,
9323,24066,神兽礼包,Xerneas $14.99 Pack,,哲爾尼亞斯 $14.99 禮包,Xerneas $14.99 Pack,Xerneas Gói $14.99,제르네아스 $14.99 팩,Xerneas Pacote de $14.99,แพ็ก Xerneas ราคา $14.99,4,,{card={id=3601};gold=1000000;rmb=68888;974=8;973=16;972=10;500=4},108,,,,,activity/direct_gift/icon_gjbx12.png,,,
9324,24066,神兽礼包,Xerneas $19.99 Pack,,哲爾尼亞斯 $19.99 禮包,Xerneas $19.99 Pack,Xerneas Gói $19.99,제르네아스 $19.99 팩,Xerneas Pacote de $19.99,แพ็ก Xerneas ราคา $19.99,4,,{card={id=3601};gold=3000000;rmb=88888;974=15;973=22;972=15;500=8},109,,,,,activity/direct_gift/icon_gjbx12.png,,,
9325,24066,神兽礼包,Xerneas $25.99 Pack,,哲爾尼亞斯 $25.99 禮包,Xerneas $25.99 Pack,Xerneas Gói $25.99,제르네아스 $25.99 팩,Xerneas Pacote de $25.99,แพ็ก Xerneas ราคา $25.99,4,,{card={id=3601};gold=5000000;rmb=108888;974=20;973=35;972=25;500=12},110,,,,,activity/direct_gift/icon_gjbx12.png,,,
9326,24066,神兽礼包,Xerneas $29.99 Pack,,哲爾尼亞斯 $29.99 禮包,Xerneas $29.99 Pack,Xerneas Gói $29.99,제르네아스 $29.99 팩,Xerneas Pacote de $29.99,แพ็ก Xerneas ราคา $29.99,4,,{card={id=3601};gold=15000000;rmb=58888;974=28;973=340;972=50;500=18},111,,,,,activity/direct_gift/icon_gjbx12.png,,,
9327,24066,神兽礼包,Xerneas $49.99 Pack,,哲爾尼亞斯 $49.99 禮包,Xerneas $49.99 Pack,Xerneas Gói $49.99,제르네아스 $49.99 팩,Xerneas Pacote de $49.99,แพ็ก Xerneas ราคา $49.99,1,,{gold=25000000;rmb=188888;6105=1;30425=1},112,,,,,activity/direct_gift/icon_gjbx12.png,,,
,,,,,,,,,,,,,,,,,,,,,,
9328,24067,神兽礼包,Send Gift,免费礼包,贈送禮物,Send Gift,Tặng quà,선물 보내기,Enviar presente,ส่งของขวัญ,1,1,{rmb=888;4000=200;2103=20;500=1},,0,0,,1,activity/direct_gift/box_cr3.png,,,
9329,24067,神兽礼包,Meltan $0.99 Pack,,美錄坦 $0.99 禮包,Meltan $0.99 Pack,Meltan Gói $0.99,멜탄 $0.99 팩,Meltan Pacote de $0.99,แพ็ก Meltan ราคา $0.99,1,,{card={id=4171};gold=100000;rmb=5888;500=4},102,,,TRUE,,activity/direct_gift/icon_gjbx12.png,,,
9330,24067,神兽礼包,Meltan $1.99 Pack,,美錄坦 $1.99 禮包,Meltan $1.99 Pack,Meltan Gói $1.99,멜탄 $1.99 팩,Meltan Pacote de $1.99,แพ็ก Meltan ราคา $1.99,1,,{card={id=4171};gold=200000;rmb=12888;973=2;500=2},103,,,TRUE,,activity/direct_gift/icon_gjbx12.png,,,
9331,24067,神兽礼包,Meltan $1.99 Pack,,美錄坦 $1.99 禮包,Meltan $1.99 Pack,Meltan Gói $1.99,멜탄 $1.99 팩,Meltan Pacote de $1.99,แพ็ก Meltan ราคา $1.99,1,,{card={id=4171};gold=300000;rmb=12888;993=3;972=2;500=2},103,,,,,activity/direct_gift/icon_gjbx12.png,,,
9332,24067,神兽礼包,Meltan $2.99 Pack,,美錄坦 $2.99 禮包,Meltan $2.99 Pack,Meltan Gói $2.99,멜탄 $2.99 팩,Meltan Pacote de $2.99,แพ็ก Meltan ราคา $2.99,1,,{card={id=4171};gold=400000;rmb=21888;973=6;972=2;500=2},104,,,,,activity/direct_gift/icon_gjbx12.png,,,
9333,24067,神兽礼包,Meltan $2.99 Pack,,美錄坦 $2.99 禮包,Meltan $2.99 Pack,Meltan Gói $2.99,멜탄 $2.99 팩,Meltan Pacote de $2.99,แพ็ก Meltan ราคา $2.99,1,,{card={id=4171};gold=500000;rmb=21888;974=2;973=8;972=4;500=2},104,,,,,activity/direct_gift/icon_gjbx12.png,,,
9334,24067,神兽礼包,Meltan $4.99 Pack,,美錄坦 $4.99 禮包,Meltan $4.99 Pack,Meltan Gói $4.99,멜탄 $4.99 팩,Meltan Pacote de $4.99,แพ็ก Meltan ราคา $4.99,1,,{card={id=4171};gold=600000;rmb=30000;974=3;973=10;972=6;500=3},106,,,,,activity/direct_gift/icon_gjbx12.png,,,
9335,24067,神兽礼包,Meltan $8.99 Pack,,美錄坦 $8.99 禮包,Meltan $8.99 Pack,Meltan Gói $8.99,멜탄 $8.99 팩,Meltan Pacote de $8.99,แพ็ก Meltan ราคา $8.99,2,,{card={id=4171};gold=700000;rmb=42888;974=4;973=12;972=6;500=4},107,,,,,activity/direct_gift/icon_gjbx12.png,,,
9336,24067,神兽礼包,Meltan $14.99 Pack,,美錄坦 $14.99 禮包,Meltan $14.99 Pack,Meltan Gói $14.99,멜탄 $14.99 팩,Meltan Pacote de $14.99,แพ็ก Meltan ราคา $14.99,4,,{card={id=4171};gold=1000000;rmb=68888;974=8;973=16;972=10;500=4},108,,,,,activity/direct_gift/icon_gjbx12.png,,,
9337,24067,神兽礼包,Meltan $19.99 Pack,,美錄坦 $19.99 禮包,Meltan $19.99 Pack,Meltan Gói $19.99,멜탄 $19.99 팩,Meltan Pacote de $19.99,แพ็ก Meltan ราคา $19.99,4,,{card={id=4171};gold=3000000;rmb=88888;974=15;973=22;972=15;500=8},109,,,,,activity/direct_gift/icon_gjbx12.png,,,
9338,24067,神兽礼包,Meltan $25.99 Pack,,美錄坦 $25.99 禮包,Meltan $25.99 Pack,Meltan Gói $25.99,멜탄 $25.99 팩,Meltan Pacote de $25.99,แพ็ก Meltan ราคา $25.99,4,,{card={id=4171};gold=5000000;rmb=108888;974=20;973=35;972=25;500=12},110,,,,,activity/direct_gift/icon_gjbx12.png,,,
9339,24067,神兽礼包,Meltan $29.99 Pack,,美錄坦 $29.99 禮包,Meltan $29.99 Pack,Meltan Gói $29.99,멜탄 $29.99 팩,Meltan Pacote de $29.99,แพ็ก Meltan ราคา $29.99,4,,{card={id=4171};gold=15000000;rmb=58888;974=28;973=340;972=50;500=18},111,,,,,activity/direct_gift/icon_gjbx12.png,,,
9340,24067,神兽礼包,Meltan $49.99 Pack,,美錄坦 $49.99 禮包,Meltan $49.99 Pack,Meltan Gói $49.99,멜탄 $49.99 팩,Meltan Pacote de $49.99,แพ็ก Meltan ราคา $49.99,1,,{gold=25000000;rmb=188888;6105=1;30420=1},112,,,,,activity/direct_gift/icon_gjbx12.png,,,
,,,,,,,,,,,,,,,,,,,,,,
,,限时礼包,,,,,,,,,,,,,,,,,,,,
9341,24068,,Send Gift,免费礼包,贈送禮物,Send Gift,Tặng quà,선물 보내기,Enviar presente,ส่งของขวัญ,1,1,{rmb=388;gold=88888;501=5},,0,0,,1,activity/direct_gift/box_cr3.png,,,
9342,24068,符石礼包,Rune $0.99 Pack,,符石 $0.99 禮包,Rune $0.99 Pack,Gói Rune $0.99,룬 $0.99 패키지,Pacote de Runas $0.99,แพ็กเกจรูน $0.99,1,,{973=5;529=1000;604=5;850=1000},102,,,,,activity/direct_gift/icon_cjbx1.png,,,
9343,24068,符石礼包,Rune $1.99 Pack,,符石 $1.99 禮包,Rune $1.99 Pack,Gói Rune $1.99,룬 $1.99 패키지,Pacote de Runas $1.99,แพ็กเกจรูน $1.99,1,,{994=1;529=2000;604=5;850=2000;851=500},103,,,,,activity/direct_gift/icon_cjbx1.png,,,
9344,24068,符石礼包,Rune $2.99 Pack,,符石 $2.99 禮包,Rune $2.99 Pack,Gói Rune $2.99,룬 $2.99 패키지,Pacote de Runas $2.99,แพ็กเกจรูน $2.99,1,,{994=2;973=2;529=3000;604=15;gold=10000000;851=1000},104,,,,,activity/direct_gift/icon_cjbx1.png,,,
9345,24068,符石礼包,Rune $3.99 Pack,,符石 $3.99 禮包,Rune $3.99 Pack,Gói Rune $3.99,룬 $3.99 패키지,Pacote de Runas $3.99,แพ็กเกจรูน $3.99,1,,{994=3;973=5;529=5000;604=20;850=3000;851=1500},105,,,,,activity/direct_gift/icon_cjbx1.png,,,
9346,24068,符石礼包,Rune $4.99 Pack,,符石 $4.99 禮包,Rune $4.99 Pack,Gói Rune $4.99,룬 $4.99 패키지,Pacote de Runas $4.99,แพ็กเกจรูน $4.99,1,,{gold=10000000;994=5;973=6;850=5000;851=2000;529=8000},106,,,,,activity/direct_gift/icon_cjbx1.png,,,
9347,24068,符石礼包,Rune $8.99 Pack,,符石 $8.99 禮包,Rune $8.99 Pack,Gói Rune $8.99,룬 $8.99 패키지,Pacote de Runas $8.99,แพ็กเกจรูน $8.99,1,,{gold=20000000;994=6;973=10;604=50;850=7000;30401=1},107,,,,,activity/direct_gift/icon_cjbx1.png,,,
9348,24068,符石礼包,Rune $14.99 Pack,,符石 $14.99 禮包,Rune $14.99 Pack,Gói Rune $14.99,룬 $14.99 패키지,Pacote de Runas $14.99,แพ็กเกจรูน $14.99,2,,{gold=30000000;994=10;973=20;604=70;850=9000;529=12000},108,,,,,activity/direct_gift/icon_cjbx1.png,,,
9349,24068,符石礼包,Rune $19.99 Pack,,符石 $19.99 禮包,Rune $19.99 Pack,Gói Rune $19.99,룬 $19.99 패키지,Pacote de Runas $19.99,แพ็กเกจรูน $19.99,2,,{gold=50000000;994=12;973=25;529=16000;604=85;850=12000},109,,,,,activity/direct_gift/icon_cjbx1.png,,,
,,,,,,,,,,,,,,,,,,,,,,
,,,,,,,,,,,,,,,,,,,,,,
9350,24069,芯片礼包,Send Gift,免费礼包,贈送禮物,Send Gift,Tặng quà,선물 보내기,Enviar presente,ส่งของขวัญ,1,1,{rmb=388;gold=88888;501=5},,0,0,,1,activity/direct_gift/box_cr3.png,,,
9351,24069,芯片礼包,Chip Sale $0.99 Pack,,晶片特賣 $0.99 包,Chip Sale $0.99 Pack,"Gói ưu đãi Chip 0,99 đô",칩 세일 $0.99 패키지,"Pacote de Promoção de Chip R$0,99",แพ็กขายชิป $0.99,1,,{gold=5000000;rmb=4888;7305=10;537=300;124=200},102,,,,,activity/direct_gift/icon_cjbx1.png,,,
9352,24069,芯片礼包,Chip Sale $1.99 Pack,,晶片特賣 $1.99 包,Chip Sale $1.99 Pack,"Gói ưu đãi Chip 1,99 đô",칩 세일 $1.99 패키지,"Pacote de Promoção de Chip R$1,99",แพ็กขายชิป $1.99,1,,{gold=10000000;rmb=8888;7305=25;537=500;124=300},103,,,,,activity/direct_gift/icon_cjbx1.png,,,
9353,24069,芯片礼包,Chip Sale $2.99 Pack,,晶片特賣 $2.99 包,Chip Sale $2.99 Pack,"Gói ưu đãi Chip 2,99 đô",칩 세일 $2.99 패키지,"Pacote de Promoção de Chip R$2,99",แพ็กขายชิป $2.99,1,,{gold=15000000;rmb=14000;7305=35;537=700;124=400},104,,,,,activity/direct_gift/icon_cjbx1.png,,,
9354,24069,芯片礼包,Chip Sale $3.99 Pack,,晶片特賣 $3.99 包,Chip Sale $3.99 Pack,"Gói ưu đãi Chip 3,99 đô",칩 세일 $3.99 패키지,"Pacote de Promoção de Chip R$3,99",แพ็กขายชิป $3.99,2,,{gold=25000000;rmb=16000;7325=10;537=900;124=500},105,,,,,activity/direct_gift/icon_cjbx1.png,,,
9355,24069,芯片礼包,Chip Sale $4.99 Pack,,晶片特賣 $4.99 包,Chip Sale $4.99 Pack,"Gói ưu đãi Chip 4,99 đô",칩 세일 $4.99 패키지,"Pacote de Promoção de Chip R$4,99",แพ็กขายชิป $4.99,2,,{gold=30000000;rmb=19000;7325=15;537=1200;124=700},106,,,,,activity/direct_gift/icon_cjbx1.png,,,
9356,24069,芯片礼包,Chip Sale $8.99 Pack,,晶片特賣 $8.99 包,Chip Sale $8.99 Pack,"Gói ưu đãi Chip 8,99 đô",칩 세일 $8.99 패키지,"Pacote de Promoção de Chip R$8,99",แพ็กขายชิป $8.99,2,,{gold=35000000;rmb=23000;7325=30;537=1400;124=900},107,,,,,activity/direct_gift/icon_cjbx1.png,,,
9357,24069,芯片礼包,Chip Sale $14.99 Pack,,晶片特賣 $14.99 包,Chip Sale $14.99 Pack,"Gói ưu đãi Chip 14,99 đô",칩 세일 $14.99 패키지,"Pacote de Promoção de Chip R$14,99",แพ็กขายชิป $14.99,2,,{gold=50000000;rmb=30000;7325=50;537=2000;124=1500},108,,,,,activity/direct_gift/icon_cjbx1.png,,,
,,,,,,,,,,,,,,,,,,,activity/direct_gift/icon_cjbx1.png,,,
,,Trinkets Sale Pack,,,,,,,,,,,,,,,,,,,,
9358,24070,饰品特惠包,Send Gift,免费礼包,贈送禮物,Send Gift,Tặng quà,선물 보내기,Enviar presente,ส่งของขวัญ,1,1,{rmb=388;gold=88888;501=5},,0,0,,1,activity/direct_gift/box_cr3.png,,,
9359,24070,饰品特惠包,Trinkets Sale $2.99 Pack,,飾品特賣 $2.99 禮包,Trinkets Sale $2.99 Pack,Gói Ưu Đãi Trang Bị $2.99,장신구 특가 $2.99 패키지,Pacote de Venda de Amuletos $2.99,แพ็กขายเครื่องประดับ $2.99,1,,{gold=2000000;111=1000;112=300;501=150;6059=6},104,,,,,activity/direct_gift/icon_cjbx1.png,,,
9360,24070,饰品特惠包,Trinkets Sale $4.99 Pack,,飾品特賣 $4.99 禮包,Trinkets Sale $4.99 Pack,Gói Ưu Đãi Trang Bị $4.99,장신구 특가 $4.99 패키지,Pacote de Venda de Amuletos $4.99,แพ็กขายเครื่องประดับ $4.99,1,,{gold=5000000;111=2000;112=500;501=250;6059=12},106,,,,,activity/direct_gift/icon_cjbx1.png,,,
9361,24070,饰品特惠包,Trinkets Sale $14.99 Pack,,飾品特賣 $14.99 禮包,Trinkets Sale $14.99 Pack,Gói Ưu Đãi Trang Bị $14.99,장신구 특가 $14.99 패키지,Pacote de Venda de Amuletos $14.99,แพ็กขายเครื่องประดับ $14.99,1,,{gold=10000000;111=3000;112=1000;501=500;6059=22},108,,,,,activity/direct_gift/icon_cjbx1.png,,,
9362,24070,饰品特惠包,Trinkets Sale $19.99 Pack,,飾品特賣 $19.99 禮包,Trinkets Sale $19.99 Pack,Gói Ưu Đãi Trang Bị $19.99,장신구 특가 $19.99 패키지,Pacote de Venda de Amuletos $19.99,แพ็กขายเครื่องประดับ $19.99,1,,{gold=20000000;111=5000;112=1500;501=800;6059=35},109,,,,,activity/direct_gift/icon_cjbx1.png,,,
9363,24070,饰品特惠包,Trinkets Sale $25.99 Pack,,飾品特賣 $25.99 禮包,Trinkets Sale $25.99 Pack,Gói Ưu Đãi Trang Bị $25.99,장신구 특가 $25.99 패키지,Pacote de Venda de Amuletos $25.99,แพ็กขายเครื่องประดับ $25.99,1,,{gold=30000000;111=7000;112=3000;501=1000;6059=50},110,,,,,activity/direct_gift/icon_cjbx1.png,,,
,,,,,,,,,,,,,,,,,,,,,,
,,Zerora Super sale pack,,,,,,,,,,,,,,,,,,,,
9364,24071,捷拉奥拉包,Send Gift,免费礼包,贈送禮物,Send Gift,Tặng quà,선물 보내기,Enviar presente,ส่งของขวัญ,1,1,{rmb=388;gold=88888;501=5},,0,0,,1,activity/direct_gift/box_cr3.png,,,
9365,24071,捷拉奥拉包,Zerora Super Sale $0.99 Pack,,捷拉奧拉 超值特賣 $0.99 禮包,Zerora Super Sale $0.99 Pack,Gói giảm giá sốc Zerora $0.99,제로라 초특가 $0.99 패키지,"Pacote Super Oferta Zerora $0,99",แพ็ก Zerora ลดพิเศษ $0.99,1,,{card={id=4161};rmb=9999;521=12;501=10;2153=2},102,,,,,activity/direct_gift/icon_cjbx1.png,,,
9366,24071,捷拉奥拉包,Zerora Super Sale $1.99 Pack,,捷拉奧拉 超值特賣 $1.99 禮包,Zerora Super Sale $1.99 Pack,Gói giảm giá sốc Zerora $1.99,제로라 초특가 $1.99 패키지,"Pacote Super Oferta Zerora $1,99",แพ็ก Zerora ลดพิเศษ $1.99,1,,{card={id=4161};rmb=22000;521=25;501=30;2153=4},103,,,,,activity/direct_gift/icon_cjbx1.png,,,
9367,24071,捷拉奥拉包,Zerora Super Sale $4.99 Pack,,捷拉奧拉 超值特賣 $4.99 禮包,Zerora Super Sale $4.99 Pack,Gói giảm giá sốc Zerora $4.99,제로라 초특가 $4.99 패키지,"Pacote Super Oferta Zerora $4,99",แพ็ก Zerora ลดพิเศษ $4.99,2,,{card={id=4161};rmb=41000;521=40;501=50;2153=6},106,,,,,activity/direct_gift/icon_cjbx1.png,,,
9368,24071,捷拉奥拉包,Zerora Super Sale $14.99 Pack,,捷拉奧拉 超值特賣 $14.99 禮包,Zerora Super Sale $14.99 Pack,Gói giảm giá sốc Zerora $14.99,제로라 초특가 $14.99 패키지,"Pacote Super Oferta Zerora $14,99",แพ็ก Zerora ลดพิเศษ $14.99,4,,{card={id=4161};rmb=71000;521=80;501=100;2153=10},108,,,,,activity/direct_gift/icon_cjbx1.png,,,
,,,,,,,,,,,,,,,,,,,,,,
,,Saturday super sale,,,,,,,,,,,,,,,,,,,,
9369,24072,星期六超值特賣,Send Gift,免费礼包,贈送禮物,Send Gift,Tặng quà,선물 보내기,Enviar presente,ส่งของขวัญ,1,1,{rmb=388;gold=88888;501=5},,0,0,,1,activity/direct_gift/box_cr3.png,,,
9370,24072,星期六超值特賣,Saturday Super Sale $0.99,,星期六超值特賣 $0.99,Saturday Super Sale $0.99,Ưu đãi đặc biệt Thứ Bảy $0.99,토요일 슈퍼 세일 $0.99,Promoção Especial de Sábado $0.99,โปรโมชันวันเสาร์สุดคุ้ม $0.99,1,,{rmb=9999;501=80;503=70;520=80;4000=1000},102,,,,,activity/direct_gift/icon_cjbx1.png,,,
9371,24072,星期六超值特賣,Saturday Super Sale $1.99,,星期六超值特賣 $1.99,Saturday Super Sale $1.99,Ưu đãi đặc biệt Thứ Bảy $1.99,토요일 슈퍼 세일 $1.99,Promoção Especial de Sábado $1.99,โปรโมชันวันเสาร์สุดคุ้ม $1.99,1,,{rmb=22000;501=100;503=90;520=100;4000=1500},103,,,,,activity/direct_gift/icon_cjbx1.png,,,
9372,24072,星期六超值特賣,Saturday Super Sale $4.99,,星期六超值特賣 $4.99,Saturday Super Sale $4.99,Ưu đãi đặc biệt Thứ Bảy $4.99,토요일 슈퍼 세일 $4.99,Promoção Especial de Sábado $4.99,โปรโมชันวันเสาร์สุดคุ้ม $4.99,1,,{rmb=41000;501=150;503=120;520=120;4000=2000},106,,,,,activity/direct_gift/icon_cjbx1.png,,,
9373,24072,星期六超值特賣,Saturday Super Sale $14.99,,星期六超值特賣 $14.99,Saturday Super Sale $14.99,Ưu đãi đặc biệt Thứ Bảy $14.99,토요일 슈퍼 세일 $14.99,Promoção Especial de Sábado $14.99,โปรโมชันวันเสาร์สุดคุ้ม $14.99,1,,{rmb=66000;501=250;503=200;520=180;4000=3000},108,,,,,activity/direct_gift/icon_cjbx1.png,,,
,,,,,,,,,,,,,,,,,,,,,,
,,Explorer device sale pack ,,,,,,,,,,,,,,,,,,,,
9374,24073,探险器特卖包,Send Gift,免费礼包,贈送禮物,Send Gift,Tặng quà,선물 보내기,Enviar presente,ส่งของขวัญ,1,1,{rmb=388;gold=88888;501=5},,0,0,,1,activity/direct_gift/box_cr3.png,,,
9375,24073,探险器特卖包,Explorer device sale pack ,,探險器特賣禮包,Explorer device sale pack ,Gói thiết bị thám hiểm giảm giá,탐험 장비 특가 패키지,Pacote de exploração,แพ็กอุปกรณ์สำรวจลดราคา,1,,{gold=1000000;966=3;4000=500},102,,,,,activity/direct_gift/icon_cjbx1.png,,,
9376,24073,探险器特卖包,Explorer device sale pack ,,探險器特賣禮包,Explorer device sale pack ,Gói thiết bị thám hiểm giảm giá,탐험 장비 특가 패키지,Pacote de exploração,แพ็กอุปกรณ์สำรวจลดราคา,1,,{gold=2000000;966=5;4000=800},103,,,,,activity/direct_gift/icon_cjbx1.png,,,
9377,24073,探险器特卖包,Explorer device sale pack ,,探險器特賣禮包,Explorer device sale pack ,Gói thiết bị thám hiểm giảm giá,탐험 장비 특가 패키지,Pacote de exploração,แพ็กอุปกรณ์สำรวจลดราคา,1,,{gold=4000000;966=10;4000=1000},104,,,,,activity/direct_gift/icon_cjbx1.png,,,
9378,24073,探险器特卖包,Explorer device sale pack ,,探險器特賣禮包,Explorer device sale pack ,Gói thiết bị thám hiểm giảm giá,탐험 장비 특가 패키지,Pacote de exploração,แพ็กอุปกรณ์สำรวจลดราคา,1,,{gold=8000000;966=25;4000=1500},106,,,,,activity/direct_gift/icon_cjbx1.png,,,
9379,24073,探险器特卖包,Explorer device sale pack ,,探險器特賣禮包,Explorer device sale pack ,Gói thiết bị thám hiểm giảm giá,탐험 장비 특가 패키지,Pacote de exploração,แพ็กอุปกรณ์สำรวจลดราคา,1,,{gold=12000000;967=15;4000=2500},108,,,,,activity/direct_gift/icon_cjbx1.png,,,
,,,,,,,,,,,,,,,,,,,,,,
,,Manaphy sale pack ,,,,,,,,,,,,,,,,,,,,
9380,24074,玛纳霏特卖包,Send Gift,免费礼包,贈送禮物,Send Gift,Tặng quà,선물 보내기,Enviar presente,ส่งของขวัญ,1,1,{rmb=388;gold=88888;501=5},,0,0,,1,activity/direct_gift/box_cr3.png,,,
9381,24074,玛纳霏特卖包,Manaphy Sale $0.99 Pack ,,瑪納霏特賣 $0.99 禮包,Manaphy Sale $0.99 Pack ,Gói bán Manaphy $0.99,마나피 세일 $0.99 팩,Promoção Manaphy $0.99,แพ็คขาย Manaphy $0.99,1,,{card={id=2421};rmb=5999;521=15;59003=25;2152=4;501=30},102,,,,,activity/direct_gift/icon_cjbx1.png,,,
9382,24074,玛纳霏特卖包,Manaphy Sale $1.99 Pack ,,瑪納霏特賣 $1.99 禮包,Manaphy Sale $1.99 Pack ,Gói bán Manaphy $1.99,마나피 세일 $1.99 팩,Promoção Manaphy $1.99,แพ็คขาย Manaphy $1.99,1,,{card={id=2421};rmb=15000;521=35;59003=50;2152=8;501=60},103,,,,,activity/direct_gift/icon_cjbx1.png,,,
9383,24074,玛纳霏特卖包,Manaphy Sale $4.99 Pack ,,瑪納霏特賣 $4.99 禮包,Manaphy Sale $4.99 Pack ,Gói bán Manaphy $4.99,마나피 세일 $4.99 팩,Promoção Manaphy $4.99,แพ็คขาย Manaphy $4.99,2,,{card={id=2421};rmb=35000;521=55;59003=90;2152=4;501=100},106,,,,,activity/direct_gift/icon_cjbx1.png,,,
9384,24074,玛纳霏特卖包,Manaphy Sale $14.99 Pack ,,瑪納霏特賣 $14.99 禮包,Manaphy Sale $14.99 Pack ,Gói bán Manaphy $14.99,마나피 세일 $14.99 팩,Promoção Manaphy $14.99,แพ็คขาย Manaphy $14.99,4,,{card={id=2421};rmb=71000;521=200;59003=120;2153=4;501=200},108,,,,,activity/direct_gift/icon_cjbx1.png,,,
,,,,,,,,,,,,,,,,,,,,,,
,,Solgaleo sale pack ,,,,,,,,,,,,,,,,,,,,
9385,24075,索尔迦雷欧特卖,Send Gift,免费礼包,贈送禮物,Send Gift,Tặng quà,선물 보내기,Enviar presente,ส่งของขวัญ,1,1,{rmb=388;gold=88888;501=5},,0,0,,1,activity/direct_gift/box_cr3.png,,,
9386,24075,索尔迦雷欧特卖,Solgaleo Sale $0.99 Pack ,,索爾迦雷歐特賣 $0.99 禮包,Solgaleo Sale $0.99 Pack ,Gói bán Solgaleo $0.99,솔가레오 세일 $0.99 팩,Pacote Solgaleo $0.99,แพ็คขาย Solgaleo $0.99,1,,{card={id=4023};rmb=5999;521=15;59003=25;2152=4;501=30},102,,,,,activity/direct_gift/icon_cjbx1.png,,,
9387,24075,索尔迦雷欧特卖,Solgaleo Sale $1.99 Pack ,,索爾迦雷歐特賣 $1.99 禮包,Solgaleo Sale $1.99 Pack ,Gói bán Solgaleo $1.99,솔가레오 세일 $1.99 팩,Pacote Solgaleo $1.99,แพ็คขาย Solgaleo $1.99,1,,{card={id=4023};rmb=15000;521=35;59003=50;2152=8;501=60},103,,,,,activity/direct_gift/icon_cjbx1.png,,,
9388,24075,索尔迦雷欧特卖,Solgaleo Sale $4.99 Pack ,,索爾迦雷歐特賣 $4.99 禮包,Solgaleo Sale $4.99 Pack ,Gói bán Solgaleo $4.99,솔가레오 세일 $4.99 팩,Pacote Solgaleo $4.99,แพ็คขาย Solgaleo $4.99,2,,{card={id=4023};rmb=35000;521=55;59003=90;2152=4;501=100},106,,,,,activity/direct_gift/icon_cjbx1.png,,,
9389,24075,索尔迦雷欧特卖,Solgaleo Sale $14.99 Pack ,,索爾迦雷歐特賣 $14.99 禮包,Solgaleo Sale $14.99 Pack ,Gói bán Solgaleo $14.99,솔가레오 세일 $14.99 팩,Pacote Solgaleo $14.99,แพ็คขาย Solgaleo $14.99,4,,{card={id=4023};rmb=71000;521=200;59003=120;2153=4;501=200},108,,,,,activity/direct_gift/icon_cjbx1.png,,,
,,,,,,,,,,,,,,,,,,,,,,
,,Necrozoma Super Sale Pack,,,,,,,,,,,,,,,,,,,,
9390,24076,奈克洛兹玛特卖,Send Gift,免费礼包,贈送禮物,Send Gift,Tặng quà,선물 보내기,Enviar presente,ส่งของขวัญ,1,1,{rmb=388;gold=88888;501=5},,0,0,,1,activity/direct_gift/box_cr3.png,,,
9391,24076,奈克洛兹玛特卖,Necrozoma Super Sale Pack,,奈克洛茲瑪超值特賣包,Necrozoma Super Sale Pack,Gói giảm giá đặc biệt Necrozma,네크로즈마 초특가 패키지,Pacote promocional Necrozma,แพ็กขายพิเศษ Necrozma,1,,{card={id=4101};rmb=9999;521=12;501=10;2153=2},102,,,,,activity/direct_gift/icon_cjbx1.png,,,
9392,24076,奈克洛兹玛特卖,Necrozoma Super Sale Pack,,奈克洛茲瑪超值特賣包,Necrozoma Super Sale Pack,Gói giảm giá đặc biệt Necrozma,네크로즈마 초특가 패키지,Pacote promocional Necrozma,แพ็กขายพิเศษ Necrozma,1,,{card={id=4101};rmb=22000;521=25;501=30;2153=4},103,,,,,activity/direct_gift/icon_cjbx1.png,,,
9393,24076,奈克洛兹玛特卖,Necrozoma Super Sale Pack,,奈克洛茲瑪超值特賣包,Necrozoma Super Sale Pack,Gói giảm giá đặc biệt Necrozma,네크로즈마 초특가 패키지,Pacote promocional Necrozma,แพ็กขายพิเศษ Necrozma,2,,{card={id=4101};rmb=41000;521=40;501=50;2153=6},106,,,,,activity/direct_gift/icon_cjbx1.png,,,
9394,24076,奈克洛兹玛特卖,Necrozoma Super Sale Pack,,奈克洛茲瑪超值特賣包,Necrozoma Super Sale Pack,Gói giảm giá đặc biệt Necrozma,네크로즈마 초특가 패키지,Pacote promocional Necrozma,แพ็กขายพิเศษ Necrozma,4,,{card={id=4101};rmb=71000;521=80;501=100;2153=10;30435=1},108,,,,,activity/direct_gift/icon_cjbx1.png,,,
,,,,,,,,,,,,,,,,,,,,,,
,,Kyogre Vip Pack,,,,,,,,,,,,,,,,,,,,
9395,24077,盖欧卡VIP包,Send Gift,免费礼包,贈送禮物,Send Gift,Tặng quà,선물 보내기,Enviar presente,ส่งของขวัญ,1,1,{rmb=388;gold=88888;501=5},,0,0,,1,activity/direct_gift/box_cr3.png,,,
9396,24077,盖欧卡VIP包,Kyogre Vip $0.99 Pack,,蓋歐卡 VIP $0.99 包,Kyogre Vip $0.99 Pack,Gói VIP Kyogre $0.99,가이오가 VIP $0.99 팩,Pacote VIP Kyogre $0.99,แพ็กเกจ VIP Kyogre $0.99,1,,{card={id=1961};rmb=6999;503=50;452=100},102,,,,,activity/direct_gift/icon_cjbx1.png,,,
9397,24077,盖欧卡VIP包,Kyogre Vip $1.99 Pack,,蓋歐卡 VIP $1.99 包,Kyogre Vip $1.99 Pack,Gói VIP Kyogre $1.99,가이오가 VIP $1.99 팩,Pacote VIP Kyogre $1.99,แพ็กเกจ VIP Kyogre $1.99,1,,{card={id=1961};rmb=12000;503=120;452=200},103,,,,,activity/direct_gift/icon_cjbx1.png,,,
9398,24077,盖欧卡VIP包,Kyogre Vip $2.99 Pack,,蓋歐卡 VIP $2.99 包,Kyogre Vip $2.99 Pack,Gói VIP Kyogre $2.99,가이오가 VIP $2.99 팩,Pacote VIP Kyogre $2.99,แพ็กเกจ VIP Kyogre $2.99,1,,{card={id=1961};rmb=21000;503=200;452=300},104,,,,,activity/direct_gift/icon_cjbx1.png,,,
9399,24077,盖欧卡VIP包,Kyogre Vip $4.99 Pack,,蓋歐卡 VIP $4.99 包,Kyogre Vip $4.99 Pack,Gói VIP Kyogre $4.99,가이오가 VIP $4.99 팩,Pacote VIP Kyogre $4.99,แพ็กเกจ VIP Kyogre $4.99,1,,{card={id=1961};rmb=32000;503=360;452=400},106,,,,,activity/direct_gift/icon_cjbx1.png,,,
9400,24077,盖欧卡VIP包,Kyogre Vip $8.99 Pack,,蓋歐卡 VIP $8.99 包,Kyogre Vip $8.99 Pack,Gói VIP Kyogre $8.99,가이오가 VIP $8.99 팩,Pacote VIP Kyogre $8.99,แพ็กเกจ VIP Kyogre $8.99,1,,{card={id=1961};rmb=43000;503=450;452=500;2083=1},107,,,,,activity/direct_gift/icon_cjbx1.png,,,
,,,,,,,,,,,,,,,,,,,,,,
,,Rayquaza vip pack,,,,,,,,,,,,,,,,,,,,
9401,24078,裂空座VIP包,Send Gift,免费礼包,贈送禮物,Send Gift,Tặng quà,선물 보내기,Enviar presente,ส่งของขวัญ,1,1,{rmb=388;gold=88888;501=5},,0,0,,1,activity/direct_gift/box_cr3.png,,,
9402,24078,裂空座VIP包,Rayquaza Vip $0.99 Pack,,裂空座VIP包,Rayquaza Vip $0.99 Pack,Gói VIP Rayquaza $0.99,레쿠쟈 VIP $0.99 패키지,Pacote VIP Rayquaza $0.99,แพ็กเกจ VIP Rayquaza $0.99,1,,{card={id=1981};rmb=6999;503=50;452=100},102,,,,,activity/direct_gift/icon_cjbx1.png,,,
9403,24078,裂空座VIP包,Rayquaza Vip $1.99 Pack,,裂空座VIP包,Rayquaza Vip $1.99 Pack,Gói VIP Rayquaza $1.99,레쿠쟈 VIP $1.99 패키지,Pacote VIP Rayquaza $1.99,แพ็กเกจ VIP Rayquaza $1.99,1,,{card={id=1981};rmb=12000;503=120;452=200},103,,,,,activity/direct_gift/icon_cjbx1.png,,,
9404,24078,裂空座VIP包,Rayquaza Vip $2.99 Pack,,裂空座VIP包,Rayquaza Vip $2.99 Pack,Gói VIP Rayquaza $2.99,레쿠쟈 VIP $2.99 패키지,Pacote VIP Rayquaza $2.99,แพ็กเกจ VIP Rayquaza $2.99,1,,{card={id=1981};rmb=21000;503=200;452=300},104,,,,,activity/direct_gift/icon_cjbx1.png,,,
9405,24078,裂空座VIP包,Rayquaza Vip $4.99 Pack,,裂空座VIP包,Rayquaza Vip $4.99 Pack,Gói VIP Rayquaza $4.99,레쿠쟈 VIP $4.99 패키지,Pacote VIP Rayquaza $4.99,แพ็กเกจ VIP Rayquaza $4.99,1,,{card={id=1981};rmb=32000;503=360;452=400},106,,,,,activity/direct_gift/icon_cjbx1.png,,,
9406,24078,裂空座VIP包,Rayquaza Vip $8.99 Pack,,裂空座VIP包,Rayquaza Vip $8.99 Pack,Gói VIP Rayquaza $8.99,레쿠쟈 VIP $8.99 패키지,Pacote VIP Rayquaza $8.99,แพ็กเกจ VIP Rayquaza $8.99,1,,{card={id=1981};rmb=43000;503=450;452=500;2026=1},107,,,,,activity/direct_gift/icon_cjbx1.png,,,
,,,,,,,,,,,,,,,,,,,,,,
,,Groudon Vip Pack,,,,,,,,,,,,,,,,,,,,
9407,24079,固拉多VIP包,Send Gift,免费礼包,贈送禮物,Send Gift,Tặng quà,선물 보내기,Enviar presente,ส่งของขวัญ,1,1,{rmb=388;gold=88888;501=5},,0,0,,1,activity/direct_gift/box_cr3.png,,,
9408,24079,固拉多VIP包,Groudon Vip $0.99 Pack,,固拉多 VIP $0.99 套餐,Groudon Vip $0.99 Pack,Groudon Gói VIP $0.99,그란돈 VIP $0.99 패키지,Pacote VIP do Groudon $0.99,แพ็กเกจ VIP Groudon $0.99,1,,{card={id=1971};rmb=6999;503=50;452=100},102,,,,,activity/direct_gift/icon_cjbx1.png,,,
9409,24079,固拉多VIP包,Groudon Vip $1.99 Pack,,固拉多 VIP $1.99 套餐,Groudon Vip $1.99 Pack,Groudon Gói VIP $1.99,그란돈 VIP $1.99 패키지,Pacote VIP do Groudon $1.99,แพ็กเกจ VIP Groudon $1.99,1,,{card={id=1971};rmb=12000;503=120;452=200},103,,,,,activity/direct_gift/icon_cjbx1.png,,,
9410,24079,固拉多VIP包,Groudon Vip $2.99 Pack,,固拉多 VIP $2.99 套餐,Groudon Vip $2.99 Pack,Groudon Gói VIP $2.99,그란돈 VIP $2.99 패키지,Pacote VIP do Groudon $2.99,แพ็กเกจ VIP Groudon $2.99,1,,{card={id=1971};rmb=21000;503=200;452=300},104,,,,,activity/direct_gift/icon_cjbx1.png,,,
9411,24079,固拉多VIP包,Groudon Vip $4.99 Pack,,固拉多 VIP $4.99 套餐,Groudon Vip $4.99 Pack,Groudon Gói VIP $4.99,그란돈 VIP $4.99 패키지,Pacote VIP do Groudon $4.99,แพ็กเกจ VIP Groudon $4.99,1,,{card={id=1971};rmb=32000;503=360;452=400},106,,,,,activity/direct_gift/icon_cjbx1.png,,,
9412,24079,固拉多VIP包,Groudon Vip $8.99 Pack,,固拉多 VIP $8.99 套餐,Groudon Vip $8.99 Pack,Groudon Gói VIP $8.99,그란돈 VIP $8.99 패키지,Pacote VIP do Groudon $8.99,แพ็กเกจ VIP Groudon $8.99,1,,{card={id=1971};rmb=43000;503=450;452=500;2033=1},107,,,,,activity/direct_gift/icon_cjbx1.png,,,
,,,,,,,,,,,,,,,,,,,,,,
,,Diancie Vip Pack ,,,,,,,,,,,,,,,,,,,,
9413,24080,蒂安希VIP包,Send Gift,免费礼包,贈送禮物,Send Gift,Tặng quà,선물 보내기,Enviar presente,ส่งของขวัญ,1,1,{rmb=388;gold=88888;501=5},,0,0,,1,activity/direct_gift/box_cr3.png,,,
9414,24080,蒂安希VIP包,Diancie Vip $0.99 Pack ,,蒂安希 VIP $0.99 套裝,Diancie Vip $0.99 Pack ,Gói VIP Diancie $0.99,디안시 VIP $0.99 패키지,Pacote VIP Diancie $0.99,แพ็ก VIP ดีแอนซี $0.99,1,,{card={id=3631};rmb=6999;503=50;452=100},102,,,,,activity/direct_gift/icon_cjbx1.png,,,
9415,24080,蒂安希VIP包,Diancie Vip $1.99 Pack ,,蒂安希 VIP $1.99 套裝,Diancie Vip $1.99 Pack ,Gói VIP Diancie $1.99,디안시 VIP $1.99 패키지,Pacote VIP Diancie $1.99,แพ็ก VIP ดีแอนซี $1.99,1,,{card={id=3631};rmb=12000;503=120;452=200},103,,,,,activity/direct_gift/icon_cjbx1.png,,,
9416,24080,蒂安希VIP包,Diancie Vip $2.99 Pack ,,蒂安希 VIP $2.99 套裝,Diancie Vip $2.99 Pack ,Gói VIP Diancie $2.99,디안시 VIP $2.99 패키지,Pacote VIP Diancie $2.99,แพ็ก VIP ดีแอนซี $2.99,1,,{card={id=3631};rmb=21000;503=200;452=300},104,,,,,activity/direct_gift/icon_cjbx1.png,,,
9417,24080,蒂安希VIP包,Diancie Vip $4.99 Pack ,,蒂安希 VIP $4.99 套裝,Diancie Vip $4.99 Pack ,Gói VIP Diancie $4.99,디안시 VIP $4.99 패키지,Pacote VIP Diancie $4.99,แพ็ก VIP ดีแอนซี $4.99,1,,{card={id=3631};rmb=32000;503=360;452=400},106,,,,,activity/direct_gift/icon_cjbx1.png,,,
9418,24080,蒂安希VIP包,Diancie Vip $8.99 Pack ,,蒂安希 VIP $8.99 套裝,Diancie Vip $8.99 Pack ,Gói VIP Diancie $8.99,디안시 VIP $8.99 패키지,Pacote VIP Diancie $8.99,แพ็ก VIP ดีแอนซี $8.99,1,,{card={id=3631};rmb=43000;503=450;452=500;2082=1},107,,,,,activity/direct_gift/icon_cjbx1.png,,,
,,,,,,,,,,,,,,,,,,,,,,
,,Kyurem Vip pack,,,,,,,,,,,,,,,,,,,,
9419,24081,酋雷姆VIP包,Send Gift,免费礼包,贈送禮物,Send Gift,Tặng quà,선물 보내기,Enviar presente,ส่งของขวัญ,1,1,{rmb=388;gold=88888;501=5},,0,0,,1,activity/direct_gift/box_cr3.png,,,
9420,24081,酋雷姆VIP包,Kyurem Vip $0.99 pack,,酋雷姆 VIP $0.99 套裝,Kyurem Vip $0.99 pack,Gói VIP Kyurem $0.99,큐레무 VIP $0.99 패키지,Pacote VIP Kyurem $0.99,แพ็ก VIP คิวเรม $0.99,1,,{card={id=3241};rmb=6999;503=50;452=100},102,,,,,activity/direct_gift/icon_cjbx1.png,,,
9421,24081,酋雷姆VIP包,Kyurem Vip $1.99 pack,,酋雷姆 VIP $1.99 套裝,Kyurem Vip $1.99 pack,Gói VIP Kyurem $1.99,큐레무 VIP $1.99 패키지,Pacote VIP Kyurem $1.99,แพ็ก VIP คิวเรม $1.99,1,,{card={id=3241};rmb=12000;503=120;452=200},103,,,,,activity/direct_gift/icon_cjbx1.png,,,
9422,24081,酋雷姆VIP包,Kyurem Vip $2.99 pack,,酋雷姆 VIP $2.99 套裝,Kyurem Vip $2.99 pack,Gói VIP Kyurem $2.99,큐레무 VIP $2.99 패키지,Pacote VIP Kyurem $2.99,แพ็ก VIP คิวเรม $2.99,1,,{card={id=3241};rmb=21000;503=200;452=300},104,,,,,activity/direct_gift/icon_cjbx1.png,,,
9423,24081,酋雷姆VIP包,Kyurem Vip $4.99 pack,,酋雷姆 VIP $4.99 套裝,Kyurem Vip $4.99 pack,Gói VIP Kyurem $4.99,큐레무 VIP $4.99 패키지,Pacote VIP Kyurem $4.99,แพ็ก VIP คิวเรม $4.99,1,,{card={id=3241};rmb=32000;503=400;452=400},106,,,,,activity/direct_gift/icon_cjbx1.png,,,
9424,24081,酋雷姆VIP包,Kyurem Vip $8.99 pack,,酋雷姆 VIP $8.99 套裝,Kyurem Vip $8.99 pack,Gói VIP Kyurem $8.99,큐레무 VIP $8.99 패키지,Pacote VIP Kyurem $8.99,แพ็ก VIP คิวเรม $8.99,1,,{card={id=3241};rmb=43000;503=500;452=500;604=500},107,,,,,activity/direct_gift/icon_cjbx1.png,,,