变量名,sceneName,sceneName_tw,sceneName_en,sceneName_vn,sceneName_kr,sceneName_pt,sceneName_th,_beizhu,monsters,boss,icon,gateType,sceneType,sceneCount,roundLimit,deployType,deployCardNumLimit,deployNum,deployNatureLimit,backMusic,backGround,bg_boss,bg_boss_pos,ownerId,onlyClassify,openLevel,preGateID,stars,showLevel,sceneLevel,skillLevel,sceneLevelCorrect,demonCorrect,demonCorrectSelf,dayChallengeMax,staminaCost,cardExp,roleExp,dropIds,gold,desc,desc_tw,desc_en,desc_vn,desc_kr,sandangAward,worldLevelSaodangAward,forbidMarkID,winAward,star3Award,kssdFlag,chestAward,pos,awardPos,frontWay,monsterRange,finishPoint,isWheel,isQuickSweep,tag
默认值,"""""","""""","""""","""""","""""","""""","""""",,<>,<>,,1,1,3,20,1,6,1,<>,battle_bgm.mp3,battle/scene/bg_city.jpg,,{x=0;y=70},,,1,,<>,99,1,1,,,,9999,1,0,0,{gold=iconNumLittle=0;511=0;510=0},0,,,"""""","""""","""""",{},{},,{},{},0,{},{x=0;y=0},,,{},,FALSE,0,{}
ID,场景名称,場景名稱,场景名称,场景名称_越南,场景名称_韩,场景名称_葡,场景名称_泰,备注,界面显示的普通怪物id<等级;advance=品阶>,界面显示的bossid,icon主线章节最后一关必填,关卡类型-客户端战斗用  999-新手关卡； 0-手动测试本;1-普通副本（主线、困难）；2-竞技场；3-日常活动本-金币本；4-日常活动本-经验本；5-无尽之塔；6-公会副本；7-礼物本；8-碎片本；9-好友切磋；10-石英大会；11-随机塔；12-元素挑战；13-公会战；14-跨服石英；15世界boss；16-51劳动节副本；17-跨服竞技场；18-道馆副本；19-道馆馆主；20-跨服道馆；21-跨服实时对战；22-万圣节BOSS；23-资源战pvp；24-资源战BOSS,服务器专用字段# 0-全局 # 1-世界# 2-章节# 3-精英章节# 4-关卡# 5-精英关卡# 6-噩梦关卡# 7-噩梦章节 # 11:金币活动; # 12:经验活动; # 13:礼物副本;# 14:碎片副本;# 1551劳动节副本21: 公会副本# 22: 无尽之塔#; 23: 道馆副本,总波数,回合限制数,上阵类型 1=常规 2=单挑 3=车轮,上阵限制数量,上阵队伍数量（只对车轮）,上阵属性限制,背景音乐,背景地图,背景boss图,背景boss位置偏移,所属章节,上阵攻防技(0-防;1-攻;2-技),开放等级,开启条件(需要通过前置关卡),星级条件(1-关卡胜利;2-阵亡数少于;3-boss战回合数少于;4-上阵精灵数少于;5-上阵精灵数不少于),场景怪物显示用的等级，如空则显示sceneLevel,场景等级修正,技能等级修正,是否自适应角色等级:不填就没有；需要的话读scene_level_correct表的列名；比如填boss,前6修正,己方前6修正,每日最多挑战次数,体力消耗,卡牌经验,主角经验,掉落装备ID,通关金币,关卡描述,关卡描述,关卡描述,关卡描述_越南,关卡描述_韩,扫荡奖励,世界等级下扫荡奖励,不能上阵宠物的markID,通关奖励,三星奖励,快速扫荡标记：1表示有，0表示无,宝箱奖励,位置,奖励宝箱位置,前置路点,怪物刷新库,结束节点,是否车轮战,快速扫荡关卡,pvp加成是否生效
0,battle场景,battle場景,battle mode,Map Battle,배틀 장소,Cena de Batalha,ฉากต่อสู้,,<>,<>,,999,1,1,20,1,6,1,<>,battle_bgm.mp3,battle/scene/bg_xszd.jpg,,{y=70;x=0},,,1,,<>,99,1,1,,,,9999,0,0,0,{},0,,,,,,{},{},,{},{},0,{},{y=0;x=0},,,{},,FALSE,0,{}
1,开场新手关卡,開場新手關卡,Opening Rookie Level,Ải Tân Thủ,입문자 스테이지,Estágio Inicial de Novato,ด่านเริ่มต้นสำหรับมือใหม่,,<>,<>,,999,1,1,10,1,6,1,<>,battle_bgm.mp3,battle/scene/bg_xszd.jpg,,{y=70;x=0},,,1,,<>,99,1,1,,,,9999,0,0,0,{},0,,,,,,{},{},,{},{},0,{},{y=0;x=0},,,{},,FALSE,0,{}
2,竞技场关卡,競技場關卡,Arena level,Ải Đấu Trường,아레나 스테이지,Estágio da Arena,ด่านอารีน่า,,<>,<>,,2,1,1,20,1,6,1,<>,battle_bgm.mp3,battle/scene/bg_jjc.jpg,,{y=70;x=0},,,1,,<>,99,1,1,,,,9999,0,0,0,{},0,,,,,,{},{},,{},{},0,{},{y=0;x=0},,,{},,FALSE,0,{ceCorrectTakeEffect=true;pvpAttrTakeEffect=true}
9,好友间切磋,好友間切磋,Friendly battle,Tỷ Thí Bạn Bè,친구 배틀,Partida Amistosa,การประลองฉันมิตร,,<>,<>,,9,1,1,20,1,6,1,<>,battle_bgm.mp3,battle/scene/bg_jjc.jpg,,{y=70;x=0},,,1,,<>,99,1,1,,,,9999,0,0,0,{},0,,,,,,{},{},,{},{},0,{},{y=0;x=0},,,{},,FALSE,0,{ceCorrectTakeEffect=true;pvpAttrTakeEffect=true}
10,石英大会,石英大會,Indigo Plateau Conference,Thạch anh đại hội,석영 대회,Conferência do Planalto Índigo,การประชุมที่ราบสูงอินดิโก,,<>,<>,,10,1,5,10,1,6,1,<>,battle_bgm.mp3,battle/scene/bg_jjc.jpg,,{y=70;x=0},,,1,,<>,99,1,1,,,,9999,1,0,0,{510=0;gold=iconNumLittle=0;511=0},0,,,,,,{},{},,{},{},0,{},{y=0;x=0},,,{},,FALSE,0,{ceCorrectTakeEffect=true;pvpAttrTakeEffect=true}
11,随机试炼塔,隨機試煉塔,Random Trial Tower,Tháp Thí Luyện Ngẫu Nhiên,랜덤 시련의 탑,Torre de Provação Aleatória,หอคอยทดสอบแบบสุ่ม,,<>,<>,,11,1,1,20,1,6,1,<>,battle_bgm.mp3,battle/scene/bg_ytly.jpg,,{y=70;x=0},,,1,,<{key=1;value=1};{key=2;value=1};{key=2;value=0}>,99,1,1,,,,9999,1,0,0,{510=0;gold=iconNumLittle=0;511=0},0,,,,,,{},{},,{},{},0,{},{y=0;x=0},,,{},,FALSE,0,{}
12,元素挑战,元素挑戰,Element Challenge,Nguyên tố khiêu chiến,엘리멘탈 챌린지,Desafio Elemental,การท้าทายธาตุ,,<>,<>,,12,1,1,20,1,6,1,<>,battle_bgm.mp3,battle/scene/bg_night.jpg,,{y=70;x=0},,,1,,<>,99,1,1,,,,3,0,0,0,{510=0;gold=iconNumLittle=0;511=0},0,,,,,,{},{},,{},{},0,{},{y=0;x=0},,,{},,FALSE,0,{}
13,公会战关卡,公會戰關卡,Guild War Level,Ải Guild Chiến,길드전 스테이지,Estágio da Guerra de Guildas,ด่านสงครามกิลด์,,<>,<>,,13,9,1,20,1,6,1,<>,battle_bgm.mp3,battle/scene/bg_jjc.jpg,,{y=70;x=0},,,1,,<>,99,1,1,,,,9999,0,0,0,{},0,,,,,,{},{},,{},{},0,{},{y=0;x=0},,,{},,FALSE,0,{ceCorrectTakeEffect=true;pvpAttrTakeEffect=true}
14,跨服石英大会,跨服石英大會,Global Indigo Plateau Conference,Indigo Plateau Conference Liên Server,글로벌 석영 대회,Conferência do Planalto Índigo Inter-servidor,การประชุมที่ราบสูงอินดิโกข้ามเซิร์ฟเวอร์,,<>,<>,,14,1,5,10,1,6,1,<>,battle_bgm.mp3,battle/scene/bg_jjc.jpg,,{y=70;x=0},,,1,,<>,99,1,1,,,,9999,1,0,0,{510=0;gold=iconNumLittle=0;511=0},0,,,,,,{},{},,{},{},0,{},{y=0;x=0},,,{},,FALSE,0,{ceCorrectTakeEffect=true;pvpAttrTakeEffect=true}
17,跨服竞技场关卡,跨服競技場關卡,Cross-server Arena Stage,Giai đoạn Đấu trường Liên server,크로스 서버 아레나 스테이지,Estágio da Arena Inter-servidor,ด่านอารีน่าข้ามเซิร์ฟเวอร์,,<>,<>,,17,1,3,20,1,6,1,<>,battle_bgm.mp3,battle/scene/bg_kfjjc.png,,{y=70;x=0},,,1,,<>,99,1,1,,,,9999,0,0,0,{},0,,,,,,{},{},,{},{},0,{},{y=0;x=0},,,{},,FALSE,0,{ceCorrectTakeEffect=true;pvpAttrTakeEffect=true}
19,道馆馆主,道館館主,Gym Leader,Thủ lĩnh Nhà thi đấu,체육관 관장,Líder de Ginásio,ยิมลีดเดอร์,,<>,<>,,19,1,1,20,1,6,1,<>,battle_bgm.mp3,battle/scene/bg_jjc.jpg,,{y=70;x=0},,,1,,<>,99,1,1,,,,9999,0,0,0,{},0,,,,,,{},{},,{},{},0,{},{y=0;x=0},,,{},,FALSE,0,{ceCorrectTakeEffect=true;pvpAttrTakeEffect=true}
20,跨服道馆,跨服道館,Cross-server Gym,Nhà thi đấu Liên server,크로스 서버 체육관,Ginásio Inter-servidor,ยิมข้ามเซิร์ฟเวอร์,,<>,<>,,20,1,1,20,1,6,1,<>,battle_bgm.mp3,battle/scene/bg_jjc.jpg,,{y=70;x=0},,,1,,<>,99,1,1,,,,9999,0,0,0,{},0,,,,,,{},{},,{},{},0,{},{y=0;x=0},,,{},,FALSE,0,{ceCorrectTakeEffect=true;pvpAttrTakeEffect=true}
21,跨服实时对战,跨服即時對戰,Cross-server Real-time Battle,Giao đấu Thời gian thực Liên server,크로스 서버 실시간 대전,Batalha em Tempo Real Inter-servidor,การต่อสู้เรียลไทม์ข้ามเซิร์ฟเวอร์,,<>,<>,,21,1,1,20,1,6,1,<>,battle_bgm.mp3,battle/scene/bg_dzjjc.png,,{y=70;x=0},,,1,,<>,99,1,1,,,,9999,0,0,0,{},0,,,,,,{},{},,{},{},0,{},{y=0;x=0},,,{},,FALSE,0,{ceCorrectTakeEffect=true;pvpAttrTakeEffect=true}
22,活动Boss,活動Boss,Event Boss,Boss Sự kiện,이벤트 보스,Chefe de Evento,บอสกิจกรรม,,<>,<>,,22,22,1,20,1,6,1,<>,battle_bgm.mp3,battle/scene/bg_city.jpg,,{y=70;x=0},,,1,,<>,99,1,1,,,,9999,1,0,0,{510=0;gold=iconNumLittle=0;511=0},0,,,,,,{},{},,{},{},0,{},{y=0;x=0},,,{},,FALSE,0,{}
23,跨服资源战pvp,跨服資源戰PVP,Cross-server Resource War PvP,PvP Chiến tranh Tài nguyên Liên server,크로스 서버 자원전 PvP,Guerra de Recursos PvP Inter-servidor,PvP สงครามทรัพยากรข้ามเซิร์ฟเวอร์,,<>,<>,,23,17,3,10,1,6,1,<>,battle_bgm.mp3,battle/scene/bg_jjc.jpg,,{y=70;x=0},,,1,,<>,99,1,1,,,,9999,1,0,0,{510=0;gold=iconNumLittle=0;511=0},0,,,,,,{},{},,{},{},0,{},{y=0;x=0},,,{},,FALSE,0,{ceCorrectTakeEffect=true;pvpAttrTakeEffect=true}
25,周年庆副本,週年慶副本,Anniversary Dungeon,Phó bản Kỷ niệm,주년 기념 던전,Masmorra de Aniversário,ดันเจี้ยนฉลองครบรอบ,,<>,<>,,25,25,1,10,1,6,1,<>,battle_bgm.mp3,battle/scene/bg_city.jpg,,{y=70;x=0},,,1,,<>,99,1,1,,,,9999,1,0,0,{510=0;gold=iconNumLittle=0;511=0},0,,,,,,{},{},,{},{},0,{},{y=0;x=0},,,{},,FALSE,0,{}
26,远征玩法,遠征玩法,Expedition Mode,Chế độ Viễn chinh,원정 모드,Modo Expedição,โหมดสำรวจ,,<>,<>,,26,26,1,20,1,6,1,<>,battle_bgm.mp3,battle/scene/bg_city.jpg,,{y=70;x=0},,,1,,<>,99,1,1,,,,9999,1,0,0,{510=0;gold=iconNumLittle=0;511=0},0,,,,,,{},{},,{},{},0,{},{y=0;x=0},,,{},,FALSE,0,{}
27,夏日挑战,夏日挑戰,Summer Challenge,Thử thách Mùa hè,여름 챌린지,Desafio de Verão,การท้าทายฤดูร้อน,,<>,<>,,27,27,1,10,1,6,1,<>,battle_bgm.mp3,battle/scene/bg_city.jpg,,{y=70;x=0},,,1,,<>,99,1,1,,,,9999,1,0,0,{510=0;gold=iconNumLittle=0;511=0},0,,,,,,{},{},,{},{},0,{},{y=0;x=0},,,{},,FALSE,0,{}
28,跨服公会战,跨服公會戰,Cross-server Guild War,Chiến tranh Bang hội Liên server,크로스 서버 길드전,Guerra de Guildas Inter-servidor,สงครามกิลด์ข้ามเซิร์ฟเวอร์,,<>,<>,,28,28,1,10,1,6,1,<>,battle_bgm.mp3,battle/scene/bg_city.jpg,,{y=70;x=0},,,1,,<>,99,1,1,,,,9999,1,0,0,{510=0;gold=iconNumLittle=0;511=0},0,,,,,,{},{},,{},{},0,{},{y=0;x=0},,,{},,FALSE,0,{ceCorrectTakeEffect=true;pvpAttrTakeEffect=true}
29,世界锦标赛,世界錦標賽,World Championship,Giải Vô địch Thế giới,월드 챔피언십,Campeonato Mundial,การแข่งขันชิงแชมป์โลก,,<>,<>,,29,29,1,10,1,6,1,<>,battle_bgm.mp3,battle/scene/bg_city.jpg,,{y=70;x=0},,,1,,<>,99,1,1,,,,9999,1,0,0,{510=0;gold=iconNumLittle=0;511=0},0,,,,,,{},{},,{},{},0,{},{y=0;x=0},,,{},,FALSE,0,{ceCorrectTakeEffect=true;pvpAttrTakeEffect=true}
1000,妙蛙花,妙蛙花,Venusaur,Venusaur,이상해꽃,Venusaur,ฟุชิกิบานะ,,<>,<>,config/portrait/jinglingtouxiang1/img_3_mwh@.png,6,21,1,5,1,6,1,<>,battle_bgm.mp3,battle/scene/bg_grass.jpg,config/big_hero/normal/img_3_mwh@.png,{y=0;x=0},,,1,,<>,20,100,100,,,,3,0,0,0,{510=0;gold=iconNumLittle=0;511=0},0,,,,,,{},{},,{},{},0,{},{y=0;x=0},,,{},,FALSE,0,{}
1001,喷火龙,噴火龍,Charizard,Charizard,리자몽,Charizard,ลิซาร์ดอน,,<>,<>,config/portrait/jinglingtouxiang1/img_6_phl@.png,6,21,1,5,1,6,1,<>,battle_bgm.mp3,battle/scene/bg_night.jpg,config/big_hero/normal/img_6_phl@.png,{y=0;x=0},,,1,1000,<>,30,150,150,,,,3,0,0,0,{510=0;gold=iconNumLittle=0;511=0},0,,,,,,{},{},,{},{},0,{},{y=0;x=0},,,{},,FALSE,0,{}
1002,水箭龟,水箭龜,Blastoise,Blastoise,거북왕,Blastoise,คาเม็กซ์,,<>,<>,config/portrait/jinglingtouxiang1/img_9_sjg@.png,6,21,1,5,1,6,1,<>,battle_bgm.mp3,battle/scene/bg_tower.jpg,config/big_hero/normal/img_9_sjg@.png,{y=0;x=0},,,1,1001,<>,40,200,200,,,,3,0,0,0,{510=0;gold=iconNumLittle=0;511=0},0,,,,,,{},{},,{},{},0,{},{y=0;x=0},,,{},,FALSE,0,{}
1003,胡地,胡地,Alakazam,Alakazam,후딘,Alakazam,ฟูดิน,,<>,<>,config/portrait/jinglingtouxiang1/img_65_hd@.png,6,21,1,5,1,6,1,<>,battle_bgm.mp3,battle/scene/bg_sd.jpg,config/big_hero/normal/img_65_hd@.png,{y=0;x=0},,,1,1002,<>,50,250,250,,,,3,0,0,0,{510=0;gold=iconNumLittle=0;511=0},0,,,,,,{},{},,{},{},0,{},{y=0;x=0},,,{},,FALSE,0,{}
1004,妖火红狐,妖火紅狐,Delphox,Delphox,마폭시,Delphox,มาฟ็อกซี,,<>,<>,config/portrait/jinglingtouxiang1/img_655_yhhh@.png,6,21,1,5,1,6,1,<>,battle_bgm.mp3,battle/scene/bg_red.jpg,config/big_hero/normal/img_655_yhhh@.png,{y=0;x=0},,,1,1003,<>,60,300,300,,,,3,0,0,0,{510=0;gold=iconNumLittle=0;511=0},0,,,,,,{},{},,{},{},0,{},{y=0;x=0},,,{},,FALSE,0,{}
1005,甲贺忍蛙,甲賀忍蛙,Greninja,Greninja,개굴닌자,Greninja,เก็คโคกะ,,<>,<>,config/portrait/jinglingtouxiang1/img_658_jhrw@.png,6,21,1,5,1,6,1,<>,battle_bgm.mp3,battle/scene/bg_grass.jpg,config/big_hero/normal/img_658_jhrw@.png,{y=0;x=0},,,1,1004,<>,70,350,350,,,,3,0,0,0,{510=0;gold=iconNumLittle=0;511=0},0,,,,,,{},{},,{},{},0,{},{y=0;x=0},,,{},,FALSE,0,{}
1006,电击魔兽,電擊魔獸,Electivire,Electivire,에레키블,Electivire,เอเลคิเบิล,,<>,<>,config/portrait/jinglingtouxiang1/img_466_djms@.png,6,21,1,5,1,6,1,<>,battle_bgm.mp3,battle/scene/bg_night.jpg,config/big_hero/normal/img_466_djms@.png,{y=0;x=0},,,1,1005,<>,80,400,400,,,,3,0,0,0,{510=0;gold=iconNumLittle=0;511=0},0,,,,,,{},{},,{},{},0,{},{y=0;x=0},,,{},,FALSE,0,{}
1007,耿鬼,耿鬼,Gengar,Gengar,팬텀,Gengar,เก็งการ์,,<>,<>,config/portrait/jinglingtouxiang1/img_94_gg@.png,6,21,1,5,1,6,1,<>,battle_bgm.mp3,battle/scene/bg_tower.jpg,config/big_hero/normal/img_94_gg@.png,{y=0;x=0},,,1,1006,<>,90,450,450,,,,3,0,0,0,{510=0;gold=iconNumLittle=0;511=0},0,,,,,,{},{},,{},{},0,{},{y=0;x=0},,,{},,FALSE,0,{}
1008,暴鲤龙,暴鯉龍,Gyarados,Gyarados,갸라도스,Gyarados,เกียราดอส,,<>,<>,config/portrait/jinglingtouxiang1/img_130_bll@.png,6,21,1,5,1,6,1,<>,battle_bgm.mp3,battle/scene/bg_sd.jpg,config/big_hero/normal/img_130_bll@.png,{y=0;x=0},,,1,1007,<>,100,500,500,,,,3,0,0,0,{510=0;gold=iconNumLittle=0;511=0},0,,,,,,{},{},,{},{},0,{},{y=0;x=0},,,{},,FALSE,0,{}
1009,快龙,快龍,Dragonite,Dragonite,망나뇽,Dragonite,ไคริว,,<>,<>,config/portrait/jinglingtouxiang1/img_149_kl@.png,6,21,1,5,1,6,1,<>,battle_bgm.mp3,battle/scene/bg_red.jpg,config/big_hero/normal/img_149_kl@.png,{y=0;x=0},,,1,1008,<>,100,500,500,,,,3,0,0,0,{510=0;gold=iconNumLittle=0;511=0},0,,,,,,{},{},,{},{},0,{},{y=0;x=0},,,{},,FALSE,0,{}
1010,急冻鸟,急凍鳥,Articuno,Articuno,프리져,Articuno,ฟรีเซอร์,,<>,<>,config/portrait/jinglingtouxiang1/img_144_jdn@.png,6,21,1,5,1,6,1,<>,battle_bgm.mp3,battle/scene/bg_grass.jpg,config/big_hero/normal/img_144_jdn@.png,{y=0;x=0},,,1,1009,<>,100,500,500,,,,3,0,0,0,{510=0;gold=iconNumLittle=0;511=0},0,,,,,,{},{},,{},{},0,{},{y=0;x=0},,,{},,FALSE,0,{}
1011,闪电鸟,閃電鳥,Zapdos,Zapdos,썬더,Zapdos,ธันเดอร์,,<>,<>,config/portrait/jinglingtouxiang1/img_145_sdn@.png,6,21,1,5,1,6,1,<>,battle_bgm.mp3,battle/scene/bg_night.jpg,config/big_hero/normal/img_145_sdn@.png,{y=0;x=0},,,1,1010,<>,100,500,500,,,,3,0,0,0,{510=0;gold=iconNumLittle=0;511=0},0,,,,,,{},{},,{},{},0,{},{y=0;x=0},,,{},,FALSE,0,{}
1012,火焰鸟,火焰鳥,Moltres,Moltres,파이어,Moltres,ไฟเยอร์,,<>,<>,config/portrait/jinglingtouxiang1/img_146_hyn@.png,6,21,1,5,1,6,1,<>,battle_bgm.mp3,battle/scene/bg_tower.jpg,config/big_hero/normal/img_146_hyn@.png,{y=0;x=0},,,1,1011,<>,100,500,500,,,,3,0,0,0,{510=0;gold=iconNumLittle=0;511=0},0,,,,,,{},{},,{},{},0,{},{y=0;x=0},,,{},,FALSE,0,{}
1013,蜥蜴王,蜥蜴王,Sceptile,Sceptile,나무킹,Sceptile,จูไคน์,,<>,<>,config/portrait/jinglingtouxiang1/img_254_xyw@.png,6,21,1,5,1,6,1,<>,battle_bgm.mp3,battle/scene/bg_sd.jpg,config/big_hero/normal/img_254_xyw@.png,{y=0;x=0},,,1,1012,<>,100,500,500,,,,3,0,0,0,{510=0;gold=iconNumLittle=0;511=0},0,,,,,,{},{},,{},{},0,{},{y=0;x=0},,,{},,FALSE,0,{}
1014,请假王,請假王,Slaking,Slaking,게을킹,Slaking,เค็คคิง,,<>,<>,config/portrait/jinglingtouxiang1/img_289_qjw@.png,6,21,1,5,1,6,1,<>,battle_bgm.mp3,battle/scene/bg_red.jpg,config/big_hero/normal/img_289_qjw@.png,{y=0;x=0},,,1,1013,<>,100,500,500,,,,3,0,0,0,{510=0;gold=iconNumLittle=0;511=0},0,,,,,,{},{},,{},{},0,{},{y=0;x=0},,,{},,FALSE,0,{}
1015,炎武王,炎武王,Emboar,Emboar,염무왕,Emboar,เอ็นบุโอ,,<>,<>,config/portrait/jinglingtouxiang1/img_500_yww@.png,6,21,1,5,1,6,1,<>,battle_bgm.mp3,battle/scene/bg_grass.jpg,config/big_hero/normal/img_500_yww@.png,{y=0;x=0},,,1,1014,<>,100,500,500,,,,3,0,0,0,{510=0;gold=iconNumLittle=0;511=0},0,,,,,,{},{},,{},{},0,{},{y=0;x=0},,,{},,FALSE,0,{}
1016,雷公,雷公,Raikou,Raikou,라이코,Raikou,ไรโค,,<>,<>,config/portrait/jinglingtouxiang1/img_243_lg@.png,6,21,1,5,1,6,1,<>,battle_bgm.mp3,battle/scene/bg_night.jpg,config/big_hero/normal/img_243_lg@.png,{y=0;x=0},,,1,1015,<>,100,500,500,,,,3,0,0,0,{510=0;gold=iconNumLittle=0;511=0},0,,,,,,{},{},,{},{},0,{},{y=0;x=0},,,{},,FALSE,0,{}
1017,炎帝,炎帝,Entei,Entei,앤테이,Entei,เอ็นเต้,,<>,<>,config/portrait/jinglingtouxiang1/img_244_yd@.png,6,21,1,5,1,6,1,<>,battle_bgm.mp3,battle/scene/bg_tower.jpg,config/big_hero/normal/img_244_yd@.png,{y=0;x=0},,,1,1016,<>,100,500,500,,,,3,0,0,0,{510=0;gold=iconNumLittle=0;511=0},0,,,,,,{},{},,{},{},0,{},{y=0;x=0},,,{},,FALSE,0,{}
1018,水君,水君,Suicune,Suicune,스이쿤,Suicune,ซุยคูน,,<>,<>,config/portrait/jinglingtouxiang1/img_245_sj@.png,6,21,1,5,1,6,1,<>,battle_bgm.mp3,battle/scene/bg_sd.jpg,config/big_hero/normal/img_245_sj@.png,{y=0;x=0},,,1,1017,<>,100,500,500,,,,3,0,0,0,{510=0;gold=iconNumLittle=0;511=0},0,,,,,,{},{},,{},{},0,{},{y=0;x=0},,,{},,FALSE,0,{}
1019,梦幻,夢幻,Mew,Mew,뮤,Mew,มิว,,<>,<>,config/portrait/jinglingtouxiang1/img_151_mh@.png,6,21,1,5,1,6,1,<>,battle_bgm.mp3,battle/scene/bg_red.jpg,config/big_hero/normal/img_151_mh@.png,{y=0;x=0},,,1,1018,<>,100,500,500,,,,3,0,0,0,{510=0;gold=iconNumLittle=0;511=0},0,,,,,,{},{},,{},{},0,{},{y=0;x=0},,,{},,FALSE,0,{}
1020,超梦,超夢,Mewtwo,Mewtwo,뮤츠,Mewtwo,มิวทู,,<>,<>,config/portrait/jinglingtouxiang1/img_150_cm@.png,6,21,1,5,1,6,1,<>,battle_bgm.mp3,battle/scene/bg_night.jpg,config/big_hero/normal/img_150_cm@.png,{y=0;x=0},,,1,1019,<>,100,500,500,,,,3,0,0,0,{510=0;gold=iconNumLittle=0;511=0},0,,,,,,{},{},,{},{},0,{},{y=0;x=0},,,{},,FALSE,0,{}
1021,自爆磁怪,自爆磁怪,Magnezone,Magnezone,자포코일,Magnezone,จิบะคอยล์,,<>,<>,config/portrait/jinglingtouxiang1/img_462_zbcg@.png,6,21,1,5,1,6,1,<>,battle_bgm.mp3,battle/scene/bg_tower.jpg,config/big_hero/normal/img_462_zbcg@.png,{y=0;x=0},,,1,1020,<>,100,500,500,,,,3,0,0,0,{510=0;gold=iconNumLittle=0;511=0},0,,,,,,{},{},,{},{},0,{},{y=0;x=0},,,{},,FALSE,0,{}
1022,超甲狂犀,超甲狂犀,Rhyperior,Rhyperior,거대코뿌리,Rhyperior,โดไซดอน,,<>,<>,config/portrait/jinglingtouxiang1/img_464_cjkx@.png,6,21,1,5,1,6,1,<>,battle_bgm.mp3,battle/scene/bg_sd.jpg,config/big_hero/normal/img_464_cjkx@.png,{y=0;x=0},,,1,1021,<>,100,500,500,,,,3,0,0,0,{510=0;gold=iconNumLittle=0;511=0},0,,,,,,{},{},,{},{},0,{},{y=0;x=0},,,{},,FALSE,0,{}
1023,巨钳螳螂,巨鉗螳螂,Scizor,Scizor,핫삼,Scizor,ฮัสซัม,,<>,<>,config/portrait/jinglingtouxiang1/img_212_jqtl@.png,6,21,1,5,1,6,1,<>,battle_bgm.mp3,battle/scene/bg_red.jpg,config/big_hero/normal/img_212_jqtl@.png,{y=0;x=0},,,1,1022,<>,100,500,500,,,,3,0,0,0,{510=0;gold=iconNumLittle=0;511=0},0,,,,,,{},{},,{},{},0,{},{y=0;x=0},,,{},,FALSE,0,{}
1024,鸭嘴炎兽,鴨嘴炎獸,Magmortar,Magmortar,마그마번,Magmortar,บูเบิร์น,,<>,<>,config/portrait/jinglingtouxiang1/img_467_yzys@.png,6,21,1,5,1,6,1,<>,battle_bgm.mp3,battle/scene/bg_night.jpg,config/big_hero/normal/img_467_yzys@.png,{y=0;x=0},,,1,1023,<>,100,500,500,,,,3,0,0,0,{510=0;gold=iconNumLittle=0;511=0},0,,,,,,{},{},,{},{},0,{},{y=0;x=0},,,{},,FALSE,0,{}
1025,电龙,電龍,Ampharos,Ampharos,전룡,Ampharos,เด็นริว,,<>,<>,config/portrait/jinglingtouxiang1/img_181_dl@.png,6,21,1,5,1,6,1,<>,battle_bgm.mp3,battle/scene/bg_tower.jpg,config/big_hero/normal/img_181_dl@.png,{y=0;x=0},,,1,1024,<>,100,500,500,,,,3,0,0,0,{510=0;gold=iconNumLittle=0;511=0},0,,,,,,{},{},,{},{},0,{},{y=0;x=0},,,{},,FALSE,0,{}
1026,赫拉克罗斯,赫拉克羅斯,Heracross,Heracross,헤라크로스,Heracross,เฮราครอส,,<>,<>,config/portrait/jinglingtouxiang1/img_214_hlkls@.png,6,21,1,5,1,6,1,<>,battle_bgm.mp3,battle/scene/bg_sd.jpg,config/big_hero/normal/img_214_hlkls@.png,{y=0;x=0},,,1,1025,<>,100,500,500,,,,3,0,0,0,{510=0;gold=iconNumLittle=0;511=0},0,,,,,,{},{},,{},{},0,{},{y=0;x=0},,,{},,FALSE,0,{}
1027,玛狃拉,瑪狃拉,Weavile,Weavile,포푸니라,Weavile,มานิวลา,,<>,<>,config/portrait/jinglingtouxiang1/img_461_mnl@.png,6,21,1,5,1,6,1,<>,battle_bgm.mp3,battle/scene/bg_red.jpg,config/big_hero/normal/img_461_mnl@.png,{y=0;x=0},,,1,1026,<>,100,500,500,,,,3,0,0,0,{510=0;gold=iconNumLittle=0;511=0},0,,,,,,{},{},,{},{},0,{},{y=0;x=0},,,{},,FALSE,0,{}
1028,黑鲁加,黑魯加,Houndoom,Houndoom,헬가,Houndoom,เฮลการ์,,<>,<>,config/portrait/jinglingtouxiang1/img_229_hlj@.png,6,21,1,5,1,6,1,<>,battle_bgm.mp3,battle/scene/bg_night.jpg,config/big_hero/normal/img_229_hlj@.png,{y=0;x=0},,,1,1027,<>,100,500,500,,,,3,0,0,0,{510=0;gold=iconNumLittle=0;511=0},0,,,,,,{},{},,{},{},0,{},{y=0;x=0},,,{},,FALSE,0,{}
1029,班基拉斯,班基拉斯,Tyranitar,Tyranitar,마기라스,Tyranitar,บันกิรัส,,<>,<>,config/portrait/jinglingtouxiang1/img_248_bjls@.png,6,21,1,5,1,6,1,<>,battle_bgm.mp3,battle/scene/bg_tower.jpg,config/big_hero/normal/img_248_bjls@.png,{y=0;x=0},,,1,1028,<>,100,500,500,,,,3,0,0,0,{510=0;gold=iconNumLittle=0;511=0},0,,,,,,{},{},,{},{},0,{},{y=0;x=0},,,{},,FALSE,0,{}
1030,雷吉洛克,雷吉洛克,Regirock,Regirock,레지락,Regirock,เรจิร็อค,,<>,<>,config/portrait/jinglingtouxiang1/img_377_ljlk@.png,6,21,1,5,1,6,1,<>,battle_bgm.mp3,battle/scene/bg_tower.jpg,config/big_hero/normal/img_377_ljlk@.png,{y=0;x=0},,,1,1029,<>,100,500,500,,,,3,0,0,0,{510=0;gold=iconNumLittle=0;511=0},0,,,,,,{},{},,{},{},0,{},{y=0;x=0},,,{},,FALSE,0,{}
1031,雷吉艾斯,雷吉艾斯,Regice,Regice,레지아이스,Regice,เรจิไอซ์,,<>,<>,config/portrait/jinglingtouxiang1/img_378_ljas@.png,6,21,1,5,1,6,1,<>,battle_bgm.mp3,battle/scene/bg_tower.jpg,config/big_hero/normal/img_378_ljas@.png,{y=0;x=0},,,1,1030,<>,100,500,500,,,,3,0,0,0,{510=0;gold=iconNumLittle=0;511=0},0,,,,,,{},{},,{},{},0,{},{y=0;x=0},,,{},,FALSE,0,{}
1032,雷吉斯奇鲁,雷吉斯奇魯,Registeel,Registeel,레지스틸,Registeel,เรจิสตีล,,<>,<>,config/portrait/jinglingtouxiang1/img_379_ljsql@.png,6,21,1,5,1,6,1,<>,battle_bgm.mp3,battle/scene/bg_tower.jpg,config/big_hero/normal/img_379_ljsql@.png,{y=0;x=0},,,1,1031,<>,100,500,500,,,,3,0,0,0,{510=0;gold=iconNumLittle=0;511=0},0,,,,,,{},{},,{},{},0,{},{y=0;x=0},,,{},,FALSE,0,{}
1033,大钢蛇,大鋼蛇,Steelix,Steelix,강철톤,Steelix,ฮากาเนล,,<>,<>,config/portrait/jinglingtouxiang1/img_208_dgs@.png,6,21,1,5,1,6,1,<>,battle_bgm.mp3,battle/scene/bg_tower.jpg,config/big_hero/normal/img_208_dgs@.png,{y=0;x=0},,,1,1032,<>,100,500,500,,,,3,0,0,0,{510=0;gold=iconNumLittle=0;511=0},0,,,,,,{},{},,{},{},0,{},{y=0;x=0},,,{},,FALSE,0,{}
1034,巨金怪,巨金怪,Metagross,Metagross,메타그로스,Metagross,เมทากรอส,,<>,<>,config/portrait/jinglingtouxiang1/img_376_jjg@.png,6,21,1,5,1,6,1,<>,battle_bgm.mp3,battle/scene/bg_tower.jpg,config/big_hero/normal/img_376_jjg@.png,{y=0;x=0},,,1,1033,<>,100,500,500,,,,3,0,0,0,{510=0;gold=iconNumLittle=0;511=0},0,,,,,,{},{},,{},{},0,{},{y=0;x=0},,,{},,FALSE,0,{}
1035,双斧战龙,雙斧戰龍,Haxorus,Haxorus,액스라이즈,Haxorus,โอโนโนคส์,,<>,<>,config/portrait/jinglingtouxiang1/img_612_sfzl@.png,6,21,1,5,1,6,1,<>,battle_bgm.mp3,battle/scene/bg_tower.jpg,config/big_hero/normal/img_612_sfzl@.png,{y=0;x=0},,,1,1034,<>,100,500,500,,,,3,0,0,0,{510=0;gold=iconNumLittle=0;511=0},0,,,,,,{},{},,{},{},0,{},{y=0;x=0},,,{},,FALSE,0,{}
1036,路卡利欧,路卡利歐,Lucario,Lucario,루카리오,Lucario,ลูคาริโอ,,<>,<>,config/portrait/jinglingtouxiang1/img_448_lklo@.png,6,21,1,5,1,6,1,<>,battle_bgm.mp3,battle/scene/bg_tower.jpg,config/big_hero/normal/img_448_lklo@.png,{y=0;x=0},,,1,1035,<>,100,500,500,,,,3,0,0,0,{510=0;gold=iconNumLittle=0;511=0},0,,,,,,{},{},,{},{},0,{},{y=0;x=0},,,{},,FALSE,0,{}
1037,盖欧卡,蓋歐卡,Kyogre,Kyogre,가이오가,Kyogre,ไคโอกา,,<>,<>,config/portrait/jinglingtouxiang1/img_382_gok@.png,6,21,1,5,1,6,1,<>,battle_bgm.mp3,battle/scene/bg_tower.jpg,config/big_hero/normal/img_382_gok@.png,{y=0;x=0},,,1,1036,<>,100,500,500,,,,3,0,0,0,{510=0;gold=iconNumLittle=0;511=0},0,,,,,,{},{},,{},{},0,{},{y=0;x=0},,,{},,FALSE,0,{}
1038,固拉多,固拉多,Groudon,Groudon,그란돈,Groudon,กราดอน,,<>,<>,config/portrait/jinglingtouxiang1/img_383_gld@.png,6,21,1,5,1,6,1,<>,battle_bgm.mp3,battle/scene/bg_tower.jpg,config/big_hero/normal/img_383_gld@.png,{y=0;x=0},,,1,1037,<>,100,500,500,,,,3,0,0,0,{510=0;gold=iconNumLittle=0;511=0},0,,,,,,{},{},,{},{},0,{},{y=0;x=0},,,{},,FALSE,0,{}
1039,裂空座,烈空坐,Rayquaza,Rayquaza,레쿠쟈,Rayquaza,เร็คคูซา,,<>,<>,config/portrait/jinglingtouxiang1/img_384_lkz@.png,6,21,1,5,1,6,1,<>,battle_bgm.mp3,battle/scene/bg_tower.jpg,config/big_hero/normal/img_384_lkz@.png,{y=0;x=0},,,1,1038,<>,100,500,500,,,,3,0,0,0,{510=0;gold=iconNumLittle=0;511=0},0,,,,,,{},{},,{},{},0,{},{y=0;x=0},,,{},,FALSE,0,{}
1040,妙蛙花(困难),妙蛙花 (困難),Venusaur (Hard),Venusaur (Khó),이상해꽃 (어려움),Venusaur (Difícil),ฟุชิกิบานะ (ยาก),,<>,<>,config/portrait/jinglingtouxiang1/img_3_mwh@.png,6,21,1,5,1,6,1,<>,battle_bgm.mp3,battle/scene/bg_grass.jpg,config/big_hero/normal/img_3_mwh@.png,{y=0;x=0},,,1,1039,<>,100,500,500,,,,3,0,0,0,{510=0;gold=iconNumLittle=0;511=0},0,,,,,,{},{},,{},{},0,{},{y=0;x=0},,,{},,FALSE,0,{}
1041,喷火龙(困难),噴火龍 (困難),Charizard (Hard),Charizard (Khó),리자몽 (어려움),Charizard (Difícil),ลิซาร์ดอน (ยาก),,<>,<>,config/portrait/jinglingtouxiang1/img_6_phl@.png,6,21,1,5,1,6,1,<>,battle_bgm.mp3,battle/scene/bg_night.jpg,config/big_hero/normal/img_6_phl@.png,{y=0;x=0},,,1,1040,<>,100,500,500,,,,3,0,0,0,{510=0;gold=iconNumLittle=0;511=0},0,,,,,,{},{},,{},{},0,{},{y=0;x=0},,,{},,FALSE,0,{}
1042,水箭龟(困难),水箭龜 (困難),Blastoise (Hard),Blastoise (Khó),거북왕 (어려움),Blastoise (Difícil),คาเม็กซ์ (ยาก),,<>,<>,config/portrait/jinglingtouxiang1/img_9_sjg@.png,6,21,1,5,1,6,1,<>,battle_bgm.mp3,battle/scene/bg_tower.jpg,config/big_hero/normal/img_9_sjg@.png,{y=0;x=0},,,1,1041,<>,100,500,500,,,,3,0,0,0,{510=0;gold=iconNumLittle=0;511=0},0,,,,,,{},{},,{},{},0,{},{y=0;x=0},,,{},,FALSE,0,{}
1043,胡地(困难),胡地 (困難),Alakazam (Hard),Alakazam (Khó),후딘 (어려움),Alakazam (Difícil),ฟูดิน (ยาก),,<>,<>,config/portrait/jinglingtouxiang1/img_65_hd@.png,6,21,1,5,1,6,1,<>,battle_bgm.mp3,battle/scene/bg_sd.jpg,config/big_hero/normal/img_65_hd@.png,{y=0;x=0},,,1,1042,<>,100,500,500,,,,3,0,0,0,{510=0;gold=iconNumLittle=0;511=0},0,,,,,,{},{},,{},{},0,{},{y=0;x=0},,,{},,FALSE,0,{}
1044,妖火红狐(困难),妖火紅狐 (困難),Delphox (Hard),Delphox (Khó),마폭시 (어려움),Delphox (Difícil),มาฟ็อกซี (ยาก),,<>,<>,config/portrait/jinglingtouxiang1/img_655_yhhh@.png,6,21,1,5,1,6,1,<>,battle_bgm.mp3,battle/scene/bg_red.jpg,config/big_hero/normal/img_655_yhhh@.png,{y=0;x=0},,,1,1043,<>,100,500,500,,,,3,0,0,0,{510=0;gold=iconNumLittle=0;511=0},0,,,,,,{},{},,{},{},0,{},{y=0;x=0},,,{},,FALSE,0,{}
1045,甲贺忍蛙(困难),甲賀忍蛙 (困難),Greninja (Hard),Greninja (Khó),개굴닌자 (어려움),Greninja (Difícil),เก็คโคกะ (ยาก),,<>,<>,config/portrait/jinglingtouxiang1/img_658_jhrw@.png,6,21,1,5,1,6,1,<>,battle_bgm.mp3,battle/scene/bg_grass.jpg,config/big_hero/normal/img_658_jhrw@.png,{y=0;x=0},,,1,1044,<>,100,500,500,,,,3,0,0,0,{510=0;gold=iconNumLittle=0;511=0},0,,,,,,{},{},,{},{},0,{},{y=0;x=0},,,{},,FALSE,0,{}
1046,电击魔兽(困难),電擊魔獸 (困難),Electivire (Hard),Electivire (Khó),에레키블 (어려움),Electivire (Difícil),เอเลคิเบิล (ยาก),,<>,<>,config/portrait/jinglingtouxiang1/img_466_djms@.png,6,21,1,5,1,6,1,<>,battle_bgm.mp3,battle/scene/bg_night.jpg,config/big_hero/normal/img_466_djms@.png,{y=0;x=0},,,1,1045,<>,100,500,500,,,,3,0,0,0,{510=0;gold=iconNumLittle=0;511=0},0,,,,,,{},{},,{},{},0,{},{y=0;x=0},,,{},,FALSE,0,{}
1047,耿鬼(困难),耿鬼 (困難),Gengar (Hard),Gengar (Khó),팬텀 (어려움),Gengar (Difícil),เก็งการ์ (ยาก),,<>,<>,config/portrait/jinglingtouxiang1/img_94_gg@.png,6,21,1,5,1,6,1,<>,battle_bgm.mp3,battle/scene/bg_tower.jpg,config/big_hero/normal/img_94_gg@.png,{y=0;x=0},,,1,1046,<>,100,500,500,,,,3,0,0,0,{510=0;gold=iconNumLittle=0;511=0},0,,,,,,{},{},,{},{},0,{},{y=0;x=0},,,{},,FALSE,0,{}
1048,暴鲤龙(困难),暴鯉龍 (困難),Gyarados (Hard),Gyarados (Khó),갸라도스 (어려움),Gyarados (Difícil),เกียราดอส (ยาก),,<>,<>,config/portrait/jinglingtouxiang1/img_130_bll@.png,6,21,1,5,1,6,1,<>,battle_bgm.mp3,battle/scene/bg_sd.jpg,config/big_hero/normal/img_130_bll@.png,{y=0;x=0},,,1,1047,<>,100,500,500,,,,3,0,0,0,{510=0;gold=iconNumLittle=0;511=0},0,,,,,,{},{},,{},{},0,{},{y=0;x=0},,,{},,FALSE,0,{}
1049,快龙(困难),快龍 (困難),Dragonite (Hard),Dragonite (Khó),망나뇽 (어려움),Dragonite (Difícil),ไคริว (ยาก),,<>,<>,config/portrait/jinglingtouxiang1/img_149_kl@.png,6,21,1,5,1,6,1,<>,battle_bgm.mp3,battle/scene/bg_red.jpg,config/big_hero/normal/img_149_kl@.png,{y=0;x=0},,,1,1048,<>,100,500,500,,,,3,0,0,0,{510=0;gold=iconNumLittle=0;511=0},0,,,,,,{},{},,{},{},0,{},{y=0;x=0},,,{},,FALSE,0,{}
1050,急冻鸟(困难),急凍鳥 (困難),Articuno (Hard),Articuno (Khó),프리져 (어려움),Articuno (Difícil),ฟรีเซอร์ (ยาก),,<>,<>,config/portrait/jinglingtouxiang1/img_144_jdn@.png,6,21,1,5,1,6,1,<>,battle_bgm.mp3,battle/scene/bg_grass.jpg,config/big_hero/normal/img_144_jdn@.png,{y=0;x=0},,,1,1049,<>,100,500,500,,,,3,0,0,0,{510=0;gold=iconNumLittle=0;511=0},0,,,,,,{},{},,{},{},0,{},{y=0;x=0},,,{},,FALSE,0,{}
1051,闪电鸟(困难),閃電鳥 (困難),Zapdos (Hard),Zapdos (Khó),썬더 (어려움),Zapdos (Difícil),ธันเดอร์ (ยาก),,<>,<>,config/portrait/jinglingtouxiang1/img_145_sdn@.png,6,21,1,5,1,6,1,<>,battle_bgm.mp3,battle/scene/bg_night.jpg,config/big_hero/normal/img_145_sdn@.png,{y=0;x=0},,,1,1050,<>,100,500,500,,,,3,0,0,0,{510=0;gold=iconNumLittle=0;511=0},0,,,,,,{},{},,{},{},0,{},{y=0;x=0},,,{},,FALSE,0,{}
1052,火焰鸟(困难),火焰鳥 (困難),Moltres (Hard),Moltres (Khó),파이어 (어려움),Moltres (Difícil),ไฟเยอร์ (ยาก),,<>,<>,config/portrait/jinglingtouxiang1/img_146_hyn@.png,6,21,1,5,1,6,1,<>,battle_bgm.mp3,battle/scene/bg_tower.jpg,config/big_hero/normal/img_146_hyn@.png,{y=0;x=0},,,1,1051,<>,100,500,500,,,,3,0,0,0,{510=0;gold=iconNumLittle=0;511=0},0,,,,,,{},{},,{},{},0,{},{y=0;x=0},,,{},,FALSE,0,{}
1053,蜥蜴王(困难),蜥蜴王 (困難),Sceptile (Hard),Sceptile (Khó),나무킹 (어려움),Sceptile (Difícil),จูไคน์ (ยาก),,<>,<>,config/portrait/jinglingtouxiang1/img_254_xyw@.png,6,21,1,5,1,6,1,<>,battle_bgm.mp3,battle/scene/bg_sd.jpg,config/big_hero/normal/img_254_xyw@.png,{y=0;x=0},,,1,1052,<>,100,500,500,,,,3,0,0,0,{510=0;gold=iconNumLittle=0;511=0},0,,,,,,{},{},,{},{},0,{},{y=0;x=0},,,{},,FALSE,0,{}
1054,请假王(困难),請假王 (困難),Slaking (Hard),Slaking (Khó),게을킹 (어려움),Slaking (Difícil),เค็คคิง (ยาก),,<>,<>,config/portrait/jinglingtouxiang1/img_289_qjw@.png,6,21,1,5,1,6,1,<>,battle_bgm.mp3,battle/scene/bg_red.jpg,config/big_hero/normal/img_289_qjw@.png,{y=0;x=0},,,1,1053,<>,100,500,500,,,,3,0,0,0,{510=0;gold=iconNumLittle=0;511=0},0,,,,,,{},{},,{},{},0,{},{y=0;x=0},,,{},,FALSE,0,{}
1055,炎武王(困难),炎武王 (困難),Emboar (Hard),Emboar (Khó),염무왕 (어려움),Emboar (Difícil),เอ็นบุโอ (ยาก),,<>,<>,config/portrait/jinglingtouxiang1/img_500_yww@.png,6,21,1,5,1,6,1,<>,battle_bgm.mp3,battle/scene/bg_grass.jpg,config/big_hero/normal/img_500_yww@.png,{y=0;x=0},,,1,1054,<>,100,500,500,,,,3,0,0,0,{510=0;gold=iconNumLittle=0;511=0},0,,,,,,{},{},,{},{},0,{},{y=0;x=0},,,{},,FALSE,0,{}
1056,雷公(困难),雷公 (困難),Raikou (Hard),Raikou (Khó),라이코 (어려움),Raikou (Difícil),ไรโค (ยาก),,<>,<>,config/portrait/jinglingtouxiang1/img_243_lg@.png,6,21,1,5,1,6,1,<>,battle_bgm.mp3,battle/scene/bg_night.jpg,config/big_hero/normal/img_243_lg@.png,{y=0;x=0},,,1,1055,<>,100,500,500,,,,3,0,0,0,{510=0;gold=iconNumLittle=0;511=0},0,,,,,,{},{},,{},{},0,{},{y=0;x=0},,,{},,FALSE,0,{}
1057,炎帝(困难),炎帝 (困難),Entei (Hard),Entei (Khó),앤테이 (어려움),Entei (Difícil),เอ็นเต้ (ยาก),,<>,<>,config/portrait/jinglingtouxiang1/img_244_yd@.png,6,21,1,5,1,6,1,<>,battle_bgm.mp3,battle/scene/bg_tower.jpg,config/big_hero/normal/img_244_yd@.png,{y=0;x=0},,,1,1056,<>,100,500,500,,,,3,0,0,0,{510=0;gold=iconNumLittle=0;511=0},0,,,,,,{},{},,{},{},0,{},{y=0;x=0},,,{},,FALSE,0,{}
1058,水君(困难),水君 (困難),Suicune (Hard),Suicune (Khó),스이쿤 (어려움),Suicune (Difícil),ซุยคูน (ยาก),,<>,<>,config/portrait/jinglingtouxiang1/img_245_sj@.png,6,21,1,5,1,6,1,<>,battle_bgm.mp3,battle/scene/bg_sd.jpg,config/big_hero/normal/img_245_sj@.png,{y=0;x=0},,,1,1057,<>,100,500,500,,,,3,0,0,0,{510=0;gold=iconNumLittle=0;511=0},0,,,,,,{},{},,{},{},0,{},{y=0;x=0},,,{},,FALSE,0,{}
1059,梦幻(困难),夢幻 (困難),Mew (Hard),Mew (Khó),뮤 (어려움),Mew (Difícil),มิว (ยาก),,<>,<>,config/portrait/jinglingtouxiang1/img_151_mh@.png,6,21,1,5,1,6,1,<>,battle_bgm.mp3,battle/scene/bg_red.jpg,config/big_hero/normal/img_151_mh@.png,{y=0;x=0},,,1,1058,<>,100,500,500,,,,3,0,0,0,{510=0;gold=iconNumLittle=0;511=0},0,,,,,,{},{},,{},{},0,{},{y=0;x=0},,,{},,FALSE,0,{}
1060,超梦(困难),超夢 (困難),Mewtwo (Hard),Mewtwo (Khó),뮤츠 (어려움),Mewtwo (Difícil),มิวทู (ยาก),,<>,<>,config/portrait/jinglingtouxiang1/img_150_cm@.png,6,21,1,5,1,6,1,<>,battle_bgm.mp3,battle/scene/bg_night.jpg,config/big_hero/normal/img_150_cm@.png,{y=0;x=0},,,1,1059,<>,100,500,500,,,,3,0,0,0,{510=0;gold=iconNumLittle=0;511=0},0,,,,,,{},{},,{},{},0,{},{y=0;x=0},,,{},,FALSE,0,{}
1061,自爆磁怪(困难),自爆磁怪 (困難),Magnezone (Hard),Magnezone (Khó),자포코일 (어려움),Magnezone (Difícil),จิบะคอยล์ (ยาก),,<>,<>,config/portrait/jinglingtouxiang1/img_462_zbcg@.png,6,21,1,5,1,6,1,<>,battle_bgm.mp3,battle/scene/bg_tower.jpg,config/big_hero/normal/img_462_zbcg@.png,{y=0;x=0},,,1,1060,<>,100,500,500,,,,3,0,0,0,{510=0;gold=iconNumLittle=0;511=0},0,,,,,,{},{},,{},{},0,{},{y=0;x=0},,,{},,FALSE,0,{}
1062,超甲狂犀(困难),超甲狂犀 (困難),Rhyperior (Hard),Rhyperior (Khó),거대코뿌리 (어려움),Rhyperior (Difícil),โดไซดอน (ยาก),,<>,<>,config/portrait/jinglingtouxiang1/img_464_cjkx@.png,6,21,1,5,1,6,1,<>,battle_bgm.mp3,battle/scene/bg_sd.jpg,config/big_hero/normal/img_464_cjkx@.png,{y=0;x=0},,,1,1061,<>,100,500,500,,,,3,0,0,0,{510=0;gold=iconNumLittle=0;511=0},0,,,,,,{},{},,{},{},0,{},{y=0;x=0},,,{},,FALSE,0,{}
1063,巨钳螳螂(困难),巨鉗螳螂 (困難),Scizor (Hard),Scizor (Khó),핫삼 (어려움),Scizor (Difícil),ฮัสซัม (ยาก),,<>,<>,config/portrait/jinglingtouxiang1/img_212_jqtl@.png,6,21,1,5,1,6,1,<>,battle_bgm.mp3,battle/scene/bg_red.jpg,config/big_hero/normal/img_212_jqtl@.png,{y=0;x=0},,,1,1062,<>,100,500,500,,,,3,0,0,0,{510=0;gold=iconNumLittle=0;511=0},0,,,,,,{},{},,{},{},0,{},{y=0;x=0},,,{},,FALSE,0,{}
1064,鸭嘴炎兽(困难),鴨嘴炎獸 (困難),Magmortar (Hard),Magmortar (Khó),마그마번 (어려움),Magmortar (Difícil),บูเบิร์น (ยาก),,<>,<>,config/portrait/jinglingtouxiang1/img_467_yzys@.png,6,21,1,5,1,6,1,<>,battle_bgm.mp3,battle/scene/bg_night.jpg,config/big_hero/normal/img_467_yzys@.png,{y=0;x=0},,,1,1063,<>,100,500,500,,,,3,0,0,0,{510=0;gold=iconNumLittle=0;511=0},0,,,,,,{},{},,{},{},0,{},{y=0;x=0},,,{},,FALSE,0,{}
1065,电龙(困难),電龍 (困難),Ampharos (Hard),Ampharos (Khó),전룡 (어려움),Ampharos (Difícil),เด็นริว (ยาก),,<>,<>,config/portrait/jinglingtouxiang1/img_181_dl@.png,6,21,1,5,1,6,1,<>,battle_bgm.mp3,battle/scene/bg_tower.jpg,config/big_hero/normal/img_181_dl@.png,{y=0;x=0},,,1,1064,<>,100,500,500,,,,3,0,0,0,{510=0;gold=iconNumLittle=0;511=0},0,,,,,,{},{},,{},{},0,{},{y=0;x=0},,,{},,FALSE,0,{}
1066,赫拉克罗斯(困难),赫拉克羅斯 (困難),Heracross (Hard),Heracross (Khó),헤라크로스 (어려움),Heracross (Difícil),เฮราครอส (ยาก),,<>,<>,config/portrait/jinglingtouxiang1/img_214_hlkls@.png,6,21,1,5,1,6,1,<>,battle_bgm.mp3,battle/scene/bg_sd.jpg,config/big_hero/normal/img_214_hlkls@.png,{y=0;x=0},,,1,1065,<>,100,500,500,,,,3,0,0,0,{510=0;gold=iconNumLittle=0;511=0},0,,,,,,{},{},,{},{},0,{},{y=0;x=0},,,{},,FALSE,0,{}
1067,玛狃拉(困难),瑪狃拉 (困難),Weavile (Hard),Weavile (Khó),포푸니라 (어려움),Weavile (Difícil),มานิวลา (ยาก),,<>,<>,config/portrait/jinglingtouxiang1/img_461_mnl@.png,6,21,1,5,1,6,1,<>,battle_bgm.mp3,battle/scene/bg_red.jpg,config/big_hero/normal/img_461_mnl@.png,{y=0;x=0},,,1,1066,<>,100,500,500,,,,3,0,0,0,{510=0;gold=iconNumLittle=0;511=0},0,,,,,,{},{},,{},{},0,{},{y=0;x=0},,,{},,FALSE,0,{}
1068,黑鲁加(困难),黑魯加 (困難),Houndoom (Hard),Houndoom (Khó),헬가 (어려움),Houndoom (Difícil),เฮลการ์ (ยาก),,<>,<>,config/portrait/jinglingtouxiang1/img_229_hlj@.png,6,21,1,5,1,6,1,<>,battle_bgm.mp3,battle/scene/bg_night.jpg,config/big_hero/normal/img_229_hlj@.png,{y=0;x=0},,,1,1067,<>,100,500,500,,,,3,0,0,0,{510=0;gold=iconNumLittle=0;511=0},0,,,,,,{},{},,{},{},0,{},{y=0;x=0},,,{},,FALSE,0,{}
1069,班基拉斯(困难),班基拉斯 (困難),Tyranitar (Hard),Tyranitar (Khó),마기라스 (어려움),Tyranitar (Difícil),บันกิรัส (ยาก),,<>,<>,config/portrait/jinglingtouxiang1/img_248_bjls@.png,6,21,1,5,1,6,1,<>,battle_bgm.mp3,battle/scene/bg_tower.jpg,config/big_hero/normal/img_248_bjls@.png,{y=0;x=0},,,1,1068,<>,100,500,500,,,,3,0,0,0,{510=0;gold=iconNumLittle=0;511=0},0,,,,,,{},{},,{},{},0,{},{y=0;x=0},,,{},,FALSE,0,{}
1070,雷吉洛克(困难),雷吉洛克 (困難),Regirock (Hard),Regirock (Khó),레지락 (어려움),Regirock (Difícil),เรจิร็อค (ยาก),,<>,<>,config/portrait/jinglingtouxiang1/img_377_ljlk@.png,6,21,1,5,1,6,1,<>,battle_bgm.mp3,battle/scene/bg_tower.jpg,config/big_hero/normal/img_377_ljlk@.png,{y=0;x=0},,,1,1069,<>,100,500,500,,,,3,0,0,0,{510=0;gold=iconNumLittle=0;511=0},0,,,,,,{},{},,{},{},0,{},{y=0;x=0},,,{},,FALSE,0,{}
1071,雷吉艾斯(困难),雷吉艾斯 (困難),Regice (Hard),Regice (Khó),레지아이스 (어려움),Regice (Difícil),เรจิไอซ์ (ยาก),,<>,<>,config/portrait/jinglingtouxiang1/img_378_ljas@.png,6,21,1,5,1,6,1,<>,battle_bgm.mp3,battle/scene/bg_tower.jpg,config/big_hero/normal/img_378_ljas@.png,{y=0;x=0},,,1,1070,<>,100,500,500,,,,3,0,0,0,{510=0;gold=iconNumLittle=0;511=0},0,,,,,,{},{},,{},{},0,{},{y=0;x=0},,,{},,FALSE,0,{}
1072,雷吉斯奇鲁(困难),雷吉斯奇魯 (困難),Registeel (Hard),Registeel (Khó),레지스틸 (어려움),Registeel (Difícil),เรจิสตีล (ยาก),,<>,<>,config/portrait/jinglingtouxiang1/img_379_ljsql@.png,6,21,1,5,1,6,1,<>,battle_bgm.mp3,battle/scene/bg_tower.jpg,config/big_hero/normal/img_379_ljsql@.png,{y=0;x=0},,,1,1071,<>,100,500,500,,,,3,0,0,0,{510=0;gold=iconNumLittle=0;511=0},0,,,,,,{},{},,{},{},0,{},{y=0;x=0},,,{},,FALSE,0,{}
1073,大钢蛇(困难),大鋼蛇 (困難),Steelix (Hard),Steelix (Khó),강철톤 (어려움),Steelix (Difícil),ฮากาเนล (ยาก),,<>,<>,config/portrait/jinglingtouxiang1/img_208_dgs@.png,6,21,1,5,1,6,1,<>,battle_bgm.mp3,battle/scene/bg_tower.jpg,config/big_hero/normal/img_208_dgs@.png,{y=0;x=0},,,1,1072,<>,100,500,500,,,,3,0,0,0,{510=0;gold=iconNumLittle=0;511=0},0,,,,,,{},{},,{},{},0,{},{y=0;x=0},,,{},,FALSE,0,{}
1074,巨金怪(困难),巨金怪 (困難),Metagross (Hard),Metagross (Khó),메타그로스 (어려움),Metagross (Difícil),เมทากรอส (ยาก),,<>,<>,config/portrait/jinglingtouxiang1/img_376_jjg@.png,6,21,1,5,1,6,1,<>,battle_bgm.mp3,battle/scene/bg_tower.jpg,config/big_hero/normal/img_376_jjg@.png,{y=0;x=0},,,1,1073,<>,100,500,500,,,,3,0,0,0,{510=0;gold=iconNumLittle=0;511=0},0,,,,,,{},{},,{},{},0,{},{y=0;x=0},,,{},,FALSE,0,{}
1075,双斧战龙(困难),雙斧戰龍 (困難),Haxorus (Hard),Haxorus (Khó),액스라이즈 (어려움),Haxorus (Difícil),โอโนโนคส์ (ยาก),,<>,<>,config/portrait/jinglingtouxiang1/img_612_sfzl@.png,6,21,1,5,1,6,1,<>,battle_bgm.mp3,battle/scene/bg_tower.jpg,config/big_hero/normal/img_612_sfzl@.png,{y=0;x=0},,,1,1074,<>,100,500,500,,,,3,0,0,0,{510=0;gold=iconNumLittle=0;511=0},0,,,,,,{},{},,{},{},0,{},{y=0;x=0},,,{},,FALSE,0,{}
1076,路卡利欧(困难),路卡利歐 (困難),Lucario (Hard),Lucario (Khó),루카리오 (어려움),Lucario (Difícil),ลูคาริโอ (ยาก),,<>,<>,config/portrait/jinglingtouxiang1/img_448_lklo@.png,6,21,1,5,1,6,1,<>,battle_bgm.mp3,battle/scene/bg_tower.jpg,config/big_hero/normal/img_448_lklo@.png,{y=0;x=0},,,1,1075,<>,100,500,500,,,,3,0,0,0,{510=0;gold=iconNumLittle=0;511=0},0,,,,,,{},{},,{},{},0,{},{y=0;x=0},,,{},,FALSE,0,{}
1077,盖欧卡(困难),蓋歐卡 (困難),Kyogre (Hard),Kyogre (Khó),가이오가 (어려움),Kyogre (Difícil),ไคโอกา (ยาก),,<>,<>,config/portrait/jinglingtouxiang1/img_382_gok@.png,6,21,1,5,1,6,1,<>,battle_bgm.mp3,battle/scene/bg_tower.jpg,config/big_hero/normal/img_382_gok@.png,{y=0;x=0},,,1,1076,<>,100,500,500,,,,3,0,0,0,{510=0;gold=iconNumLittle=0;511=0},0,,,,,,{},{},,{},{},0,{},{y=0;x=0},,,{},,FALSE,0,{}
1078,固拉多(困难),固拉多 (困難),Groudon (Hard),Groudon (Khó),그란돈 (어려움),Groudon (Difícil),กราดอน (ยาก),,<>,<>,config/portrait/jinglingtouxiang1/img_383_gld@.png,6,21,1,5,1,6,1,<>,battle_bgm.mp3,battle/scene/bg_tower.jpg,config/big_hero/normal/img_383_gld@.png,{y=0;x=0},,,1,1077,<>,100,500,500,,,,3,0,0,0,{510=0;gold=iconNumLittle=0;511=0},0,,,,,,{},{},,{},{},0,{},{y=0;x=0},,,{},,FALSE,0,{}
1079,裂空座(困难),烈空坐 (困難),Rayquaza (Hard),Rayquaza (Khó),레쿠쟈 (어려움),Rayquaza (Difícil),เร็คคูซา (ยาก),,<>,<>,config/portrait/jinglingtouxiang1/img_384_lkz@.png,6,21,1,5,1,6,1,<>,battle_bgm.mp3,battle/scene/bg_tower.jpg,config/big_hero/normal/img_384_lkz@.png,{y=0;x=0},,,1,1078,<>,100,500,500,,,,3,0,0,0,{510=0;gold=iconNumLittle=0;511=0},0,,,,,,{},{},,{},{},0,{},{y=0;x=0},,,{},,FALSE,0,{}
1080,妙蛙花(地狱),妙蛙花 (地獄),Venusaur (Hell),Venusaur (Địa ngục),이상해꽃 (지옥),Venusaur (Inferno),ฟุชิกิบานะ (นรก),,<>,<>,config/portrait/jinglingtouxiang1/img_3_mwh@.png,6,21,1,5,1,6,1,<>,battle_bgm.mp3,battle/scene/bg_grass.jpg,config/big_hero/normal/img_3_mwh@.png,{y=0;x=0},,,1,1079,<>,100,500,500,,,,3,0,0,0,{510=0;gold=iconNumLittle=0;511=0},0,,,,,,{},{},,{},{},0,{},{y=0;x=0},,,{},,FALSE,0,{}
1081,喷火龙(地狱),噴火龍 (地獄),Charizard (Hell),Charizard (Địa ngục),리자몽 (지옥),Charizard (Inferno),ลิซาร์ดอน (นรก),,<>,<>,config/portrait/jinglingtouxiang1/img_6_phl@.png,6,21,1,5,1,6,1,<>,battle_bgm.mp3,battle/scene/bg_night.jpg,config/big_hero/normal/img_6_phl@.png,{y=0;x=0},,,1,1080,<>,100,500,500,,,,3,0,0,0,{510=0;gold=iconNumLittle=0;511=0},0,,,,,,{},{},,{},{},0,{},{y=0;x=0},,,{},,FALSE,0,{}
1082,水箭龟(地狱),水箭龜 (地獄),Blastoise (Hell),Blastoise (Địa ngục),거북왕 (지옥),Blastoise (Inferno),คาเม็กซ์ (นรก),,<>,<>,config/portrait/jinglingtouxiang1/img_9_sjg@.png,6,21,1,5,1,6,1,<>,battle_bgm.mp3,battle/scene/bg_tower.jpg,config/big_hero/normal/img_9_sjg@.png,{y=0;x=0},,,1,1081,<>,100,500,500,,,,3,0,0,0,{510=0;gold=iconNumLittle=0;511=0},0,,,,,,{},{},,{},{},0,{},{y=0;x=0},,,{},,FALSE,0,{}
1083,胡地(地狱),胡地 (地獄),Alakazam (Hell),Alakazam (Địa ngục),후딘 (지옥),Alakazam (Inferno),ฟูดิน (นรก),,<>,<>,config/portrait/jinglingtouxiang1/img_65_hd@.png,6,21,1,5,1,6,1,<>,battle_bgm.mp3,battle/scene/bg_sd.jpg,config/big_hero/normal/img_65_hd@.png,{y=0;x=0},,,1,1082,<>,100,500,500,,,,3,0,0,0,{510=0;gold=iconNumLittle=0;511=0},0,,,,,,{},{},,{},{},0,{},{y=0;x=0},,,{},,FALSE,0,{}
1084,妖火红狐(地狱),妖火紅狐 (地獄),Delphox (Hell),Delphox (Địa ngục),마폭시 (지옥),Delphox (Inferno),มาฟ็อกซี (นรก),,<>,<>,config/portrait/jinglingtouxiang1/img_655_yhhh@.png,6,21,1,5,1,6,1,<>,battle_bgm.mp3,battle/scene/bg_red.jpg,config/big_hero/normal/img_655_yhhh@.png,{y=0;x=0},,,1,1083,<>,100,500,500,,,,3,0,0,0,{510=0;gold=iconNumLittle=0;511=0},0,,,,,,{},{},,{},{},0,{},{y=0;x=0},,,{},,FALSE,0,{}
1085,甲贺忍蛙(地狱),甲賀忍蛙 (地獄),Greninja (Hell),Greninja (Địa ngục),개굴닌자 (지옥),Greninja (Inferno),เก็คโคกะ (นรก),,<>,<>,config/portrait/jinglingtouxiang1/img_658_jhrw@.png,6,21,1,5,1,6,1,<>,battle_bgm.mp3,battle/scene/bg_grass.jpg,config/big_hero/normal/img_658_jhrw@.png,{y=0;x=0},,,1,1084,<>,100,500,500,,,,3,0,0,0,{510=0;gold=iconNumLittle=0;511=0},0,,,,,,{},{},,{},{},0,{},{y=0;x=0},,,{},,FALSE,0,{}
1086,电击魔兽(地狱),電擊魔獸 (地獄),Electivire (Hell),Electivire (Địa ngục),에레키블 (지옥),Electivire (Inferno),เอเลคิเบิล (นรก),,<>,<>,config/portrait/jinglingtouxiang1/img_466_djms@.png,6,21,1,5,1,6,1,<>,battle_bgm.mp3,battle/scene/bg_night.jpg,config/big_hero/normal/img_466_djms@.png,{y=0;x=0},,,1,1085,<>,100,500,500,,,,3,0,0,0,{510=0;gold=iconNumLittle=0;511=0},0,,,,,,{},{},,{},{},0,{},{y=0;x=0},,,{},,FALSE,0,{}
1087,耿鬼(地狱),耿鬼 (地獄),Gengar (Hell),Gengar (Địa ngục),팬텀 (지옥),Gengar (Inferno),เก็งการ์ (นรก),,<>,<>,config/portrait/jinglingtouxiang1/img_94_gg@.png,6,21,1,5,1,6,1,<>,battle_bgm.mp3,battle/scene/bg_tower.jpg,config/big_hero/normal/img_94_gg@.png,{y=0;x=0},,,1,1086,<>,100,500,500,,,,3,0,0,0,{510=0;gold=iconNumLittle=0;511=0},0,,,,,,{},{},,{},{},0,{},{y=0;x=0},,,{},,FALSE,0,{}
1088,暴鲤龙(地狱),暴鯉龍 (地獄),Gyarados (Hell),Gyarados (Địa ngục),갸라도스 (지옥),Gyarados (Inferno),เกียราดอส (นรก),,<>,<>,config/portrait/jinglingtouxiang1/img_130_bll@.png,6,21,1,5,1,6,1,<>,battle_bgm.mp3,battle/scene/bg_sd.jpg,config/big_hero/normal/img_130_bll@.png,{y=0;x=0},,,1,1087,<>,100,500,500,,,,3,0,0,0,{510=0;gold=iconNumLittle=0;511=0},0,,,,,,{},{},,{},{},0,{},{y=0;x=0},,,{},,FALSE,0,{}
1089,快龙(地狱),快龍 (地獄),Dragonite (Hell),Dragonite (Địa ngục),망나뇽 (지옥),Dragonite (Inferno),ไคริว (นรก),,<>,<>,config/portrait/jinglingtouxiang1/img_149_kl@.png,6,21,1,5,1,6,1,<>,battle_bgm.mp3,battle/scene/bg_red.jpg,config/big_hero/normal/img_149_kl@.png,{y=0;x=0},,,1,1088,<>,100,500,500,,,,3,0,0,0,{510=0;gold=iconNumLittle=0;511=0},0,,,,,,{},{},,{},{},0,{},{y=0;x=0},,,{},,FALSE,0,{}
1090,急冻鸟(地狱),急凍鳥 (地獄),Articuno (Hell),Articuno (Địa ngục),프리져 (지옥),Articuno (Inferno),ฟรีเซอร์ (นรก),,<>,<>,config/portrait/jinglingtouxiang1/img_144_jdn@.png,6,21,1,5,1,6,1,<>,battle_bgm.mp3,battle/scene/bg_grass.jpg,config/big_hero/normal/img_144_jdn@.png,{y=0;x=0},,,1,1089,<>,100,500,500,,,,3,0,0,0,{510=0;gold=iconNumLittle=0;511=0},0,,,,,,{},{},,{},{},0,{},{y=0;x=0},,,{},,FALSE,0,{}
1091,闪电鸟(地狱),閃電鳥 (地獄),Zapdos (Hell),Zapdos (Địa ngục),썬더 (지옥),Zapdos (Inferno),ธันเดอร์ (นรก),,<>,<>,config/portrait/jinglingtouxiang1/img_145_sdn@.png,6,21,1,5,1,6,1,<>,battle_bgm.mp3,battle/scene/bg_night.jpg,config/big_hero/normal/img_145_sdn@.png,{y=0;x=0},,,1,1090,<>,100,500,500,,,,3,0,0,0,{510=0;gold=iconNumLittle=0;511=0},0,,,,,,{},{},,{},{},0,{},{y=0;x=0},,,{},,FALSE,0,{}
1092,火焰鸟(地狱),火焰鳥 (地獄),Moltres (Hell),Moltres (Địa ngục),파이어 (지옥),Moltres (Inferno),ไฟเยอร์ (นรก),,<>,<>,config/portrait/jinglingtouxiang1/img_146_hyn@.png,6,21,1,5,1,6,1,<>,battle_bgm.mp3,battle/scene/bg_tower.jpg,config/big_hero/normal/img_146_hyn@.png,{y=0;x=0},,,1,1091,<>,100,500,500,,,,3,0,0,0,{510=0;gold=iconNumLittle=0;511=0},0,,,,,,{},{},,{},{},0,{},{y=0;x=0},,,{},,FALSE,0,{}
1093,蜥蜴王(地狱),蜥蜴王 (地獄),Sceptile (Hell),Sceptile (Địa ngục),나무킹 (지옥),Sceptile (Inferno),จูไคน์ (นรก),,<>,<>,config/portrait/jinglingtouxiang1/img_254_xyw@.png,6,21,1,5,1,6,1,<>,battle_bgm.mp3,battle/scene/bg_sd.jpg,config/big_hero/normal/img_254_xyw@.png,{y=0;x=0},,,1,1092,<>,100,500,500,,,,3,0,0,0,{510=0;gold=iconNumLittle=0;511=0},0,,,,,,{},{},,{},{},0,{},{y=0;x=0},,,{},,FALSE,0,{}
1094,请假王(地狱),請假王 (地獄),Slaking (Hell),Slaking (Địa ngục),게을킹 (지옥),Slaking (Inferno),เค็คคิง (นรก),,<>,<>,config/portrait/jinglingtouxiang1/img_289_qjw@.png,6,21,1,5,1,6,1,<>,battle_bgm.mp3,battle/scene/bg_red.jpg,config/big_hero/normal/img_289_qjw@.png,{y=0;x=0},,,1,1093,<>,100,500,500,,,,3,0,0,0,{510=0;gold=iconNumLittle=0;511=0},0,,,,,,{},{},,{},{},0,{},{y=0;x=0},,,{},,FALSE,0,{}
1095,炎武王(地狱),炎武王 (地獄),Emboar (Hell),Emboar (Địa ngục),염무왕 (지옥),Emboar (Inferno),เอ็นบุโอ (นรก),,<>,<>,config/portrait/jinglingtouxiang1/img_500_yww@.png,6,21,1,5,1,6,1,<>,battle_bgm.mp3,battle/scene/bg_grass.jpg,config/big_hero/normal/img_500_yww@.png,{y=0;x=0},,,1,1094,<>,100,500,500,,,,3,0,0,0,{510=0;gold=iconNumLittle=0;511=0},0,,,,,,{},{},,{},{},0,{},{y=0;x=0},,,{},,FALSE,0,{}
1096,雷公(地狱),雷公 (地獄),Raikou (Hell),Raikou (Địa ngục),라이코 (지옥),Raikou (Inferno),ไรโค (นรก),,<>,<>,config/portrait/jinglingtouxiang1/img_243_lg@.png,6,21,1,5,1,6,1,<>,battle_bgm.mp3,battle/scene/bg_night.jpg,config/big_hero/normal/img_243_lg@.png,{y=0;x=0},,,1,1095,<>,100,500,500,,,,3,0,0,0,{510=0;gold=iconNumLittle=0;511=0},0,,,,,,{},{},,{},{},0,{},{y=0;x=0},,,{},,FALSE,0,{}
1097,炎帝(地狱),炎帝 (地獄),Entei (Hell),Entei (Địa ngục),앤테이 (지옥),Entei (Inferno),เอ็นเต้ (นรก),,<>,<>,config/portrait/jinglingtouxiang1/img_244_yd@.png,6,21,1,5,1,6,1,<>,battle_bgm.mp3,battle/scene/bg_tower.jpg,config/big_hero/normal/img_244_yd@.png,{y=0;x=0},,,1,1096,<>,100,500,500,,,,3,0,0,0,{510=0;gold=iconNumLittle=0;511=0},0,,,,,,{},{},,{},{},0,{},{y=0;x=0},,,{},,FALSE,0,{}
1098,水君(地狱),水君 (地獄),Suicune (Hell),Suicune (Địa ngục),스이쿤 (지옥),Suicune (Inferno),ซุยคูน (นรก),,<>,<>,config/portrait/jinglingtouxiang1/img_245_sj@.png,6,21,1,5,1,6,1,<>,battle_bgm.mp3,battle/scene/bg_sd.jpg,config/big_hero/normal/img_245_sj@.png,{y=0;x=0},,,1,1097,<>,100,500,500,,,,3,0,0,0,{510=0;gold=iconNumLittle=0;511=0},0,,,,,,{},{},,{},{},0,{},{y=0;x=0},,,{},,FALSE,0,{}
1099,梦幻(地狱),夢幻 (地獄),Mew (Hell),Mew (Địa ngục),뮤 (지옥),Mew (Inferno),มิว (นรก),,<>,<>,config/portrait/jinglingtouxiang1/img_151_mh@.png,6,21,1,5,1,6,1,<>,battle_bgm.mp3,battle/scene/bg_red.jpg,config/big_hero/normal/img_151_mh@.png,{y=0;x=0},,,1,1098,<>,100,500,500,,,,3,0,0,0,{510=0;gold=iconNumLittle=0;511=0},0,,,,,,{},{},,{},{},0,{},{y=0;x=0},,,{},,FALSE,0,{}
1100,超梦(地狱),超夢 (地獄),Mewtwo (Hell),Mewtwo (Địa ngục),뮤츠 (지옥),Mewtwo (Inferno),มิวทู (นรก),,<>,<>,config/portrait/jinglingtouxiang1/img_150_cm@.png,6,21,1,5,1,6,1,<>,battle_bgm.mp3,battle/scene/bg_night.jpg,config/big_hero/normal/img_150_cm@.png,{y=0;x=0},,,1,1099,<>,100,500,500,,,,3,0,0,0,{510=0;gold=iconNumLittle=0;511=0},0,,,,,,{},{},,{},{},0,{},{y=0;x=0},,,{},,FALSE,0,{}
1101,自爆磁怪(地狱),自爆磁怪 (地獄),Magnezone (Hell),Magnezone (Địa ngục),자포코일 (지옥),Magnezone (Inferno),จิบะคอยล์ (นรก),,<>,<>,config/portrait/jinglingtouxiang1/img_462_zbcg@.png,6,21,1,5,1,6,1,<>,battle_bgm.mp3,battle/scene/bg_tower.jpg,config/big_hero/normal/img_462_zbcg@.png,{y=0;x=0},,,1,1100,<>,100,500,500,,,,3,0,0,0,{510=0;gold=iconNumLittle=0;511=0},0,,,,,,{},{},,{},{},0,{},{y=0;x=0},,,{},,FALSE,0,{}
1102,超甲狂犀(地狱),超甲狂犀 (地獄),Rhyperior (Hell),Rhyperior (Địa ngục),거대코뿌리 (지옥),Rhyperior (Inferno),โดไซดอน (นรก),,<>,<>,config/portrait/jinglingtouxiang1/img_464_cjkx@.png,6,21,1,5,1,6,1,<>,battle_bgm.mp3,battle/scene/bg_sd.jpg,config/big_hero/normal/img_464_cjkx@.png,{y=0;x=0},,,1,1101,<>,100,500,500,,,,3,0,0,0,{510=0;gold=iconNumLittle=0;511=0},0,,,,,,{},{},,{},{},0,{},{y=0;x=0},,,{},,FALSE,0,{}
1103,巨钳螳螂(地狱),巨鉗螳螂 (地獄),Scizor (Hell),Scizor (Địa ngục),핫삼 (지옥),Scizor (Inferno),ฮัสซัม (นรก),,<>,<>,config/portrait/jinglingtouxiang1/img_212_jqtl@.png,6,21,1,5,1,6,1,<>,battle_bgm.mp3,battle/scene/bg_red.jpg,config/big_hero/normal/img_212_jqtl@.png,{y=0;x=0},,,1,1102,<>,100,500,500,,,,3,0,0,0,{510=0;gold=iconNumLittle=0;511=0},0,,,,,,{},{},,{},{},0,{},{y=0;x=0},,,{},,FALSE,0,{}
1104,鸭嘴炎兽(地狱),鴨嘴炎獸 (地獄),Magmortar (Hell),Magmortar (Địa ngục),마그마번 (지옥),Magmortar (Inferno),บูเบิร์น (นรก),,<>,<>,config/portrait/jinglingtouxiang1/img_467_yzys@.png,6,21,1,5,1,6,1,<>,battle_bgm.mp3,battle/scene/bg_night.jpg,config/big_hero/normal/img_467_yzys@.png,{y=0;x=0},,,1,1103,<>,100,500,500,,,,3,0,0,0,{510=0;gold=iconNumLittle=0;511=0},0,,,,,,{},{},,{},{},0,{},{y=0;x=0},,,{},,FALSE,0,{}
1105,电龙(地狱),電龍 (地獄),Ampharos (Hell),Ampharos (Địa ngục),전룡 (지옥),Ampharos (Inferno),เด็นริว (นรก),,<>,<>,config/portrait/jinglingtouxiang1/img_181_dl@.png,6,21,1,5,1,6,1,<>,battle_bgm.mp3,battle/scene/bg_tower.jpg,config/big_hero/normal/img_181_dl@.png,{y=0;x=0},,,1,1104,<>,100,500,500,,,,3,0,0,0,{510=0;gold=iconNumLittle=0;511=0},0,,,,,,{},{},,{},{},0,{},{y=0;x=0},,,{},,FALSE,0,{}
1106,赫拉克罗斯(地狱),赫拉克羅斯 (地獄),Heracross (Hell),Heracross (Địa ngục),헤라크로스 (지옥),Heracross (Inferno),เฮราครอส (นรก),,<>,<>,config/portrait/jinglingtouxiang1/img_214_hlkls@.png,6,21,1,5,1,6,1,<>,battle_bgm.mp3,battle/scene/bg_sd.jpg,config/big_hero/normal/img_214_hlkls@.png,{y=0;x=0},,,1,1105,<>,100,500,500,,,,3,0,0,0,{510=0;gold=iconNumLittle=0;511=0},0,,,,,,{},{},,{},{},0,{},{y=0;x=0},,,{},,FALSE,0,{}
1107,玛狃拉(地狱),瑪狃拉 (地獄),Weavile (Hell),Weavile (Địa ngục),포푸니라 (지옥),Weavile (Inferno),มานิวลา (นรก),,<>,<>,config/portrait/jinglingtouxiang1/img_461_mnl@.png,6,21,1,5,1,6,1,<>,battle_bgm.mp3,battle/scene/bg_red.jpg,config/big_hero/normal/img_461_mnl@.png,{y=0;x=0},,,1,1106,<>,100,500,500,,,,3,0,0,0,{510=0;gold=iconNumLittle=0;511=0},0,,,,,,{},{},,{},{},0,{},{y=0;x=0},,,{},,FALSE,0,{}
1108,黑鲁加(地狱),黑魯加 (地獄),Houndoom (Hell),Houndoom (Địa ngục),헬가 (지옥),Houndoom (Inferno),เฮลการ์ (นรก),,<>,<>,config/portrait/jinglingtouxiang1/img_229_hlj@.png,6,21,1,5,1,6,1,<>,battle_bgm.mp3,battle/scene/bg_night.jpg,config/big_hero/normal/img_229_hlj@.png,{y=0;x=0},,,1,1107,<>,100,500,500,,,,3,0,0,0,{510=0;gold=iconNumLittle=0;511=0},0,,,,,,{},{},,{},{},0,{},{y=0;x=0},,,{},,FALSE,0,{}
1109,班基拉斯(地狱),班基拉斯 (地獄),Tyranitar (Hell),Tyranitar (Địa ngục),마기라스 (지옥),Tyranitar (Inferno),บันกิรัส (นรก),,<>,<>,config/portrait/jinglingtouxiang1/img_248_bjls@.png,6,21,1,5,1,6,1,<>,battle_bgm.mp3,battle/scene/bg_tower.jpg,config/big_hero/normal/img_248_bjls@.png,{y=0;x=0},,,1,1108,<>,100,500,500,,,,3,0,0,0,{510=0;gold=iconNumLittle=0;511=0},0,,,,,,{},{},,{},{},0,{},{y=0;x=0},,,{},,FALSE,0,{}
1110,雷吉洛克(地狱),雷吉洛克 (地獄),Regirock (Hell),Regirock (Địa ngục),레지락 (지옥),Regirock (Inferno),เรจิร็อค (นรก),,<>,<>,config/portrait/jinglingtouxiang1/img_377_ljlk@.png,6,21,1,5,1,6,1,<>,battle_bgm.mp3,battle/scene/bg_tower.jpg,config/big_hero/normal/img_377_ljlk@.png,{y=0;x=0},,,1,1109,<>,100,500,500,,,,3,0,0,0,{510=0;gold=iconNumLittle=0;511=0},0,,,,,,{},{},,{},{},0,{},{y=0;x=0},,,{},,FALSE,0,{}
1111,雷吉艾斯(地狱),雷吉艾斯 (地獄),Regice (Hell),Regice (Địa ngục),레지아이스 (지옥),Regice (Inferno),เรจิไอซ์ (นรก),,<>,<>,config/portrait/jinglingtouxiang1/img_378_ljas@.png,6,21,1,5,1,6,1,<>,battle_bgm.mp3,battle/scene/bg_tower.jpg,config/big_hero/normal/img_378_ljas@.png,{y=0;x=0},,,1,1110,<>,100,500,500,,,,3,0,0,0,{510=0;gold=iconNumLittle=0;511=0},0,,,,,,{},{},,{},{},0,{},{y=0;x=0},,,{},,FALSE,0,{}
1112,雷吉斯奇鲁(地狱),雷吉斯奇魯 (地獄),Registeel (Hell),Registeel (Địa ngục),레지스틸 (지옥),Registeel (Inferno),เรจิสตีล (นรก),,<>,<>,config/portrait/jinglingtouxiang1/img_379_ljsql@.png,6,21,1,5,1,6,1,<>,battle_bgm.mp3,battle/scene/bg_tower.jpg,config/big_hero/normal/img_379_ljsql@.png,{y=0;x=0},,,1,1111,<>,100,500,500,,,,3,0,0,0,{510=0;gold=iconNumLittle=0;511=0},0,,,,,,{},{},,{},{},0,{},{y=0;x=0},,,{},,FALSE,0,{}
1113,大钢蛇(地狱),大鋼蛇 (地獄),Steelix (Hell),Steelix (Địa ngục),강철톤 (지옥),Steelix (Inferno),ฮากาเนล (นรก),,<>,<>,config/portrait/jinglingtouxiang1/img_208_dgs@.png,6,21,1,5,1,6,1,<>,battle_bgm.mp3,battle/scene/bg_tower.jpg,config/big_hero/normal/img_208_dgs@.png,{y=0;x=0},,,1,1112,<>,100,500,500,,,,3,0,0,0,{510=0;gold=iconNumLittle=0;511=0},0,,,,,,{},{},,{},{},0,{},{y=0;x=0},,,{},,FALSE,0,{}
1114,巨金怪(地狱),巨金怪 (地獄),Metagross (Hell),Metagross (Địa ngục),메타그로스 (지옥),Metagross (Inferno),เมทากรอส (นรก),,<>,<>,config/portrait/jinglingtouxiang1/img_376_jjg@.png,6,21,1,5,1,6,1,<>,battle_bgm.mp3,battle/scene/bg_tower.jpg,config/big_hero/normal/img_376_jjg@.png,{y=0;x=0},,,1,1113,<>,100,500,500,,,,3,0,0,0,{510=0;gold=iconNumLittle=0;511=0},0,,,,,,{},{},,{},{},0,{},{y=0;x=0},,,{},,FALSE,0,{}
1115,双斧战龙(地狱),雙斧戰龍 (地獄),Haxorus (Hell),Haxorus (Địa ngục),액스라이즈 (지옥),Haxorus (Inferno),โอโนโนคส์ (นรก),,<>,<>,config/portrait/jinglingtouxiang1/img_612_sfzl@.png,6,21,1,5,1,6,1,<>,battle_bgm.mp3,battle/scene/bg_tower.jpg,config/big_hero/normal/img_612_sfzl@.png,{y=0;x=0},,,1,1114,<>,100,500,500,,,,3,0,0,0,{510=0;gold=iconNumLittle=0;511=0},0,,,,,,{},{},,{},{},0,{},{y=0;x=0},,,{},,FALSE,0,{}
1116,路卡利欧(地狱),路卡利歐 (地獄),Lucario (Hell),Lucario (Địa ngục),루카리오 (지옥),Lucario (Inferno),ลูคาริโอ (นรก),,<>,<>,config/portrait/jinglingtouxiang1/img_448_lklo@.png,6,21,1,5,1,6,1,<>,battle_bgm.mp3,battle/scene/bg_tower.jpg,config/big_hero/normal/img_448_lklo@.png,{y=0;x=0},,,1,1115,<>,100,500,500,,,,3,0,0,0,{510=0;gold=iconNumLittle=0;511=0},0,,,,,,{},{},,{},{},0,{},{y=0;x=0},,,{},,FALSE,0,{}
1117,盖欧卡(地狱),蓋歐卡 (地獄),Kyogre (Hell),Kyogre (Địa ngục),가이오가 (지옥),Kyogre (Inferno),ไคโอกา (นรก),,<>,<>,config/portrait/jinglingtouxiang1/img_382_gok@.png,6,21,1,5,1,6,1,<>,battle_bgm.mp3,battle/scene/bg_tower.jpg,config/big_hero/normal/img_382_gok@.png,{y=0;x=0},,,1,1116,<>,100,500,500,,,,3,0,0,0,{510=0;gold=iconNumLittle=0;511=0},0,,,,,,{},{},,{},{},0,{},{y=0;x=0},,,{},,FALSE,0,{}
1118,固拉多(地狱),固拉多 (地獄),Groudon (Hell),Groudon (Địa ngục),그란돈 (지옥),Groudon (Inferno),กราดอน (นรก),,<>,<>,config/portrait/jinglingtouxiang1/img_383_gld@.png,6,21,1,5,1,6,1,<>,battle_bgm.mp3,battle/scene/bg_tower.jpg,config/big_hero/normal/img_383_gld@.png,{y=0;x=0},,,1,1117,<>,100,500,500,,,,3,0,0,0,{510=0;gold=iconNumLittle=0;511=0},0,,,,,,{},{},,{},{},0,{},{y=0;x=0},,,{},,FALSE,0,{}
1119,裂空座(地狱),烈空坐 (地獄),Rayquaza (Hell),Rayquaza (Địa ngục),레쿠쟈 (지옥),Rayquaza (Inferno),เร็คคูซา (นรก),,<>,<>,config/portrait/jinglingtouxiang1/img_384_lkz@.png,6,21,1,5,1,6,1,<>,battle_bgm.mp3,battle/scene/bg_tower.jpg,config/big_hero/normal/img_384_lkz@.png,{y=0;x=0},,,1,1118,<>,100,500,500,,,,3,0,0,0,{510=0;gold=iconNumLittle=0;511=0},0,,,,,,{},{},,{},{},0,{},{y=0;x=0},,,{},,FALSE,0,{}
10101,真新镇,真新鎮,Pallet Town,Pallet Town,태초마을,Pallet Town,Pallet Town,,<{level=1;unitId=60301;advance=1};{level=1;unitId=60301;advance=1}>,<{level=1;unitId=180302;advance=1}>,,1,4,2,20,1,6,1,<>,battle_bgm.mp3,battle/scene/bg_xcdg.jpg,config/big_hero/normal/img_75_lls@.png,{y=70;x=0},11,,1,,<{key=1;value=1};{key=2;value=2};{key=3;value=6}>,1,1,1,,,,9999,6,30,6,{5001=0;5000=0},875,从大木博士那里拿到了精灵，那么开始试试吧？,從大木博士那裡拿到了精靈，那麼開始試試吧？,,404404,"오박사한테서 포켓몬을 받았으니, 이제 시작해볼까?",{11=1},{11=2},,{},{},1,{},{y=936;x=966},,<<966;936>>,{},,FALSE,1,{}
10102,真新镇,真新鎮,Pallet Town,Pallet Town,태초마을,Pallet Town,Pallet Town,,<{level=1;unitId=53291;advance=1};{level=1;unitId=53291;advance=1}>,<{level=1;unitId=180601;advance=1}>,config/portrait/simple/img_240_yzbb@.png,1,4,2,20,1,6,1,<>,battle_bgm.mp3,battle/scene/bg_zz.jpg,config/big_hero/normal/img_240_yzbb@.png,{y=70;x=0},11,,1,,<{key=1;value=1};{key=2;value=2};{key=3;value=6}>,1,4,4,,,,9999,6,30,6,{5002=0;5000=0},875,回到家中，等待的人是？,回到家中，等待的人是？,,404404,"집에 돌아왔는데, 기다리고 있던 사람은?",{11=1},{11=2},,{},{},1,{gold=20000;rmb=20;5000=10},{y=782;x=690},{y=573;x=836},<<966;936>;<690;782>>,{},,FALSE,1,{}
10103,真新镇,真新鎮,Pallet Town,Pallet Town,태초마을,Pallet Town,Pallet Town,,<{level=2;unitId=50781;advance=1};{level=2;unitId=60541;advance=1};{level=2;unitId=50781;advance=1}>,<{level=2;unitId=181293;advance=1}>,,1,4,2,20,1,6,1,<>,battle_bgm.mp3,battle/scene/bg_xcdg.jpg,config/big_hero/normal/img_254_xyw@.png,{y=70;x=0},11,,1,,<{key=1;value=1};{key=2;value=2};{key=3;value=6}>,2,7,7,,,,9999,6,30,6,{5003=0;5000=0},875,第一次冒险，崭新的开始,第一次冒險，嶄新的開始,,404404,"첫 번째 모험, 새로운 시작",{11=1},{11=2},,{},{},1,{},{y=624;x=1118},,<<690;782>;<836;573>;<1118;624>>,{},,FALSE,1,{}
10104,真新镇,真新鎮,Pallet Town,Pallet Town,태초마을,Pallet Town,Pallet Town,,<{level=3;unitId=53011;advance=1};{level=3;unitId=53012;advance=1};{level=3;unitId=53011;advance=1}>,<{level=3;unitId=183472;advance=1}>,config/portrait/simple/img_693_gpbx@.png,1,4,2,20,1,6,1,<>,battle_bgm.mp3,battle/scene/bg_zz.jpg,config/big_hero/normal/img_693_gpbx@.png,{y=70;x=0},11,,1,,<{key=1;value=1};{key=2;value=2};{key=3;value=6}>,3,12,12,,,,9999,6,30,6,{5001=0;5000=0},875,忽然出现的神秘少女，她是谁,忽然出現的神秘少女，她是誰,,404404,"갑자기 나타난 수수께끼의 소녀, 그녀의 정체는",{11=1},{11=2},,{},{},0,{5001=1;5002=1;5003=1;rmb=10},{y=582;x=1415},{y=724;x=1584},<<1118;624>;<1415;582>>,{},,FALSE,0,{}
10105,真新镇,真新鎮,Pallet Town,Pallet Town,태초마을,Pallet Town,Pallet Town,,<>,<{level=3;unitId=183303;advance=1}>,config/portrait/simple/img_658_jhrw@.png,1,4,2,20,1,6,1,<>,battle_bgm.mp3,battle/scene/bg_zz.jpg,config/big_hero/normal/img_658_jhrw@.png,{y=70;x=0},11,,1,,<{key=1;value=1};{key=2;value=2};{key=3;value=6}>,3,20,20,,,,9999,6,30,6,{5002=0;5000=0},875,突如其来的危机，名叫“霸主”的精灵,突如其來的危機，名叫“霸主”的精靈,,404404,"예상치 못한 위기, “패왕”이라 불리는 포켓몬",{11=1},{11=2},,{},{},0,{},{y=742;x=1918},,<<1415;582>;<1584;724>;<1918;742>>,{},,FALSE,0,{}
10201,神秘部落,神秘部落,Mysterious Tribe,Mysterious Tribe,신비한 부락,Mysterious Tribe,Mysterious Tribe,,<{level=4;unitId=53472;advance=1};{level=4;unitId=53472;advance=1}>,<{level=4;unitId=70232;advance=1}>,,1,4,2,20,1,6,1,<>,battle_bgm.mp3,battle/scene/bg_xcdg.jpg,config/big_hero/normal/img_57_hbh@.png,{y=70;x=0},12,,1,,<{key=1;value=1};{key=2;value=2};{key=3;value=6}>,4,23,23,,,,9999,6,30,6,{5001=0;5000=0},910,未知的神秘部落,未知的神秘部落,,404404,미지의 신비한 부락,{11=2},{11=3},,{},{},1,{},{y=273;x=1398},,<<1398;273>>,{},,FALSE,1,{}
10202,神秘部落,神秘部落,Mysterious Tribe,Mysterious Tribe,신비한 부락,Mysterious Tribe,Mysterious Tribe,,<{level=4;unitId=60541;advance=1};{level=4;unitId=50791;advance=1};{level=4;unitId=60541;advance=1}>,<{level=4;unitId=70803;advance=1}>,config/portrait/simple/img_160_dle@.png,1,4,2,20,1,6,1,<>,battle_bgm.mp3,battle/scene/bg_zz.jpg,config/big_hero/normal/img_160_dle@.png,{y=70;x=0},12,,1,,<{key=1;value=1};{key=2;value=2};{key=3;value=6}>,4,25,25,,,,9999,6,30,6,{5001=0;5000=0},910,拦路的凶兽，其真面目是？,攔路的凶獸，其真面目是？,,404404,"길을 막아선 몬스터, 그의 진짜 정체는?",{11=2},{11=3},,{},{},0,{5001=1;5002=1;5003=1;rmb=10},{y=383;x=1099},{y=601;x=763},<<1398;273>;<1273;329>;<1099;383>>,{},,FALSE,0,{}
10203,神秘部落,神秘部落,Mysterious Tribe,Mysterious Tribe,신비한 부락,Mysterious Tribe,Mysterious Tribe,,<{level=4;unitId=61861;advance=1};{level=4;unitId=61861;advance=1}>,<{level=4;unitId=70632;advance=1}>,,1,4,2,20,1,6,1,<>,battle_bgm.mp3,battle/scene/bg_xcdg.jpg,config/big_hero/normal/img_130_bll@.png,{y=70;x=0},12,,1,,<{key=1;value=1};{key=2;value=2};{key=3;value=6}>,4,27,27,,,,9999,6,30,6,{5002=0;5000=0},910,,,,,,{11=2},{11=3},,{},{},1,{},{y=834;x=815},,<<1099;383>;<763;601>;<639;697>;<815;834>>,{},,FALSE,1,{}
10204,神秘部落,神秘部落,Mysterious Tribe,Mysterious Tribe,신비한 부락,Mysterious Tribe,Mysterious Tribe,,<{level=5;unitId=50021;advance=1};{level=5;unitId=60001;advance=1};{level=5;unitId=50011;advance=1}>,<{level=5;unitId=70092;advance=1}>,config/portrait/simple/img_25_pkq@.png,1,4,2,20,1,6,1,<>,battle_bgm.mp3,battle/scene/bg_zz.jpg,config/big_hero/normal/img_25_pkq@.png,{y=70;x=0},12,,1,,<{key=1;value=1};{key=2;value=2};{key=3;value=6}>,5,29,29,,,,9999,6,30,6,{5002=0;5000=0},910,奇怪的记者大姐姐,奇怪的記者大姐姐,,404404,이상한 기자 시스터,{11=2},{11=3},,{},{},0,{5001=1;5002=1;5003=1;rmb=10},{y=1052;x=1257},{y=909;x=1424},<<815;834>;<1052;901>;<1159;1018>;<1257;1052>>,{},,FALSE,0,{}
10205,神秘部落,神秘部落,Mysterious Tribe,Mysterious Tribe,신비한 부락,Mysterious Tribe,Mysterious Tribe,,<{level=5;unitId=50451;advance=1};{level=5;unitId=50451;advance=1}>,<{level=5;unitId=73293;advance=1}>,,1,4,2,20,1,6,1,<>,battle_bgm.mp3,battle/scene/bg_xcdg.jpg,config/big_hero/normal/img_655_yhhh@.png,{y=70;x=0},12,,1,,<{key=1;value=1};{key=2;value=2};{key=3;value=6}>,5,31,31,,,,9999,6,30,6,{5003=0;5000=0},910,祭典之前的试验,祭典之前的試驗,,404404,축제 전의 실험,{11=2},{11=3},,{},{},1,{},{y=801;x=1554},,<<1257;1052>;<1373;1085>;<1552;998>;<1424;909>;<1442;818>;<1554;801>>,{},,FALSE,1,{}
10206,神秘部落,神秘部落,Mysterious Tribe,Mysterious Tribe,신비한 부락,Mysterious Tribe,Mysterious Tribe,,<>,<{level=6;unitId=181303;advance=2}>,config/portrait/simple/img_257_hyj@.png,1,4,2,20,1,6,1,<>,battle_bgm.mp3,battle/scene/bg_xcdg.jpg,config/big_hero/normal/img_257_hyj@.png,{y=70;x=0},12,,1,,<{key=1;value=1};{key=2;value=2};{key=3;value=6}>,6,33,33,,,,9999,6,30,6,{5003=0;5000=0},910,祭典最终的对手,祭典最終的對手,,404404,축제의 최종 상대,{11=2},{11=3},,{},{},0,{},{y=963;x=1760},,<<1554;801>;<1725;871>;<1760;963>>,{},,FALSE,0,{}
10301,废弃城市,廢棄城市,Abandoned city,Abandoned city,버려진 도시,Abandoned city,Abandoned city,,<{level=7;unitId=50111;advance=1};{level=7;unitId=50121;advance=1}>,<{level=7;unitId=70122;advance=2}>,,1,4,2,20,1,6,1,<>,battle_bgm.mp3,battle/scene/bg_xcdg.jpg,config/big_hero/normal/img_33_ndln@.png,{y=70;x=0},13,,1,,<{key=1;value=1};{key=2;value=2};{key=3;value=6}>,7,36,36,,,,9999,6,35,6,{5001=0;5000=0},945,不会是有幽灵吧？,不會是有幽靈吧？,,404404,귀신이 있는 건 아니겠지?,{12=1},{11=1;12=1},,{},{},1,{},{y=623;x=1992},,<<1992;623>>,{},,FALSE,1,{}
10302,废弃城市,廢棄城市,Abandoned city,Abandoned city,버려진 도시,Abandoned city,Abandoned city,,<{level=8;unitId=50281;advance=1};{level=8;unitId=60281;advance=1};{level=8;unitId=50281;advance=1}>,<{level=8;unitId=71293;advance=2}>,config/portrait/simple/img_254_xyw@.png,1,4,2,20,1,6,1,<>,battle_bgm.mp3,battle/scene/bg_xcdg.jpg,config/big_hero/normal/img_254_xyw@.png,{y=70;x=0},13,,1,,<{key=1;value=1};{key=2;value=2};{key=3;value=6}>,8,39,39,,,,9999,6,35,6,{5001=0;5000=0},945,,,,,,{12=1},{11=1;12=1},,{},{},0,{5001=2;5002=2;5003=2;rmb=10},{y=424;x=1785},{y=345;x=1519},<<1992;623>;<1785;424>>,{},,FALSE,0,{}
10303,废弃城市,廢棄城市,Abandoned city,Abandoned city,버려진 도시,Abandoned city,Abandoned city,,<{level=8;unitId=52012;advance=1};{level=8;unitId=52012;advance=1};{level=8;unitId=60191;advance=1};{level=8;unitId=60191;advance=1}>,<{level=8;unitId=71353;advance=2}>,,1,4,2,20,1,6,1,<>,battle_bgm.mp3,battle/scene/bg_xcdg.jpg,config/big_hero/normal/img_272_ltht@.png,{y=70;x=0},13,,1,,<{key=1;value=1};{key=2;value=2};{key=3;value=6}>,8,42,42,,,,9999,6,35,6,{5001=0;5000=0},945,,,,,,{12=1},{11=1;12=1},,{},{},0,{},{y=412;x=1226},,<<1785;424>;<1519;345>;<1226;412>>,{},,FALSE,0,{}
10304,废弃城市,廢棄城市,Abandoned city,Abandoned city,버려진 도시,Abandoned city,Abandoned city,,<{level=8;unitId=50332;advance=1}>,<{level=8;unitId=70771;advance=2}>,config/portrait/simple/img_151_mh@.png,1,4,2,20,1,6,1,<>,battle_bgm.mp3,battle/scene/bg_xcdg.jpg,config/big_hero/normal/img_151_mh@.png,{y=70;x=0},13,,1,,<{key=1;value=1};{key=2;value=2};{key=3;value=6}>,8,45,45,,,,9999,6,35,6,{5002=0;5000=0},945,那声音，似乎是传闻中的幻之精灵，为什么会在这里遇到？,那聲音，似乎是傳聞中的幻之精靈，為什麼會在這裡遇到？,,404404,"그 소리는, 아마 소문속의 유령 포켓몬인 것 같은데, 어째서 이곳에서 만나는 거지?",{12=1},{11=1;12=1},,{},{},1,{5001=2;5002=2;5003=2;rmb=10},{y=442;x=985},{y=559;x=676},<<1226;412>;<985;442>>,{},,FALSE,1,{}
10305,废弃城市,廢棄城市,Abandoned city,Abandoned city,버려진 도시,Abandoned city,Abandoned city,,<{level=9;unitId=60102;advance=1};{level=9;unitId=60102;advance=1};{level=9;unitId=50451;advance=1};{level=9;unitId=50451;advance=1}>,<{level=9;unitId=70192;advance=2}>,,1,4,2,20,1,6,1,<>,battle_bgm.mp3,battle/scene/bg_xcdg.jpg,config/big_hero/normal/img_49_mle@.png,{y=70;x=0},13,,1,,<{key=1;value=1};{key=2;value=2};{key=3;value=6}>,9,48,48,,,,9999,6,35,6,{5002=0;5000=0},945,,,,,,{12=1},{11=1;12=1},,{},{},0,{},{y=646;x=500},,<<985;442>;<676;559>;<500;646>>,{},,FALSE,0,{}
10306,废弃城市,廢棄城市,Abandoned city,Abandoned city,버려진 도시,Abandoned city,Abandoned city,,<{level=9;unitId=50052;advance=1};{level=9;unitId=60262;advance=1};{level=9;unitId=50052;advance=1}>,<{level=9;unitId=73283;advance=2}>,config/portrait/simple/img_652_blkl@.png,1,4,2,20,1,6,1,<>,battle_bgm.mp3,battle/scene/bg_xcdg.jpg,config/big_hero/normal/img_652_blkl@.png,{y=70;x=0},13,,1,,<{key=1;value=1};{key=2;value=2};{key=3;value=6}>,9,51,51,,,,9999,6,35,6,{5002=0;5000=0},945,,,,,,{12=1},{11=1;12=1},,{},{},0,{5001=2;5002=2;5003=2;rmb=10},{y=896;x=676},{y=830;x=963},<<500;646>;<646;730>;<676;896>>,{},,FALSE,0,{}
10307,废弃城市,廢棄城市,Abandoned city,Abandoned city,버려진 도시,Abandoned city,Abandoned city,,<{level=10;unitId=50451;advance=1};{level=10;unitId=50451;advance=1};{level=10;unitId=60263;advance=1};{level=10;unitId=60263;advance=1}>,<{level=10;unitId=70263;advance=2}>,,1,4,2,20,1,6,1,<>,battle_bgm.mp3,battle/scene/bg_xcdg.jpg,config/big_hero/normal/img_65_hd@.png,{y=70;x=0},13,,1,,<{key=1;value=1};{key=2;value=2};{key=3;value=6}>,10,54,54,,,,9999,6,35,6,{5003=0;5000=0},945,,,,,,{12=1},{11=1;12=1},,{},{},1,{},{y=788;x=1192},,<<676;896>;<883;976>;<985;915>;<963;830>;<1192;788>>,{},,FALSE,1,{}
10308,废弃城市,廢棄城市,Abandoned city,Abandoned city,버려진 도시,Abandoned city,Abandoned city,,<>,<{level=10;unitId=180761;advance=2}>,config/portrait/simple/img_150_cm@.png,1,4,2,20,1,6,1,<>,battle_bgm.mp3,battle/scene/bg_xcdg.jpg,config/big_hero/normal/img_150_cm@.png,{y=70;x=0},13,,1,,<{key=1;value=1};{key=2;value=2};{key=3;value=6}>,10,57,57,,,,9999,6,35,6,{5003=0;5000=0},945,“我是谁，我究竟为何而生存”,“我是誰，我究竟為何而生存”,,404404,"“나는 누구, 나는 무엇을 위해 살아가는가”",{12=1},{11=1;12=1},,{},{},0,{},{y=940;x=1370},,<<1192;788>;<1370;772>;<1522;853>;<1370;940>>,{},,FALSE,0,{}
10401,度假岛,度假島,Resort Island,Resort Island,리조트 섬,Resort Island,Resort Island,,<{level=11;unitId=60022;advance=2};{level=11;unitId=60022;advance=2}>,<{level=11;unitId=70012;advance=3}>,,1,4,2,20,1,6,1,<>,battle_bgm.mp3,battle/scene/bg_xcdg.jpg,config/big_hero/normal/img_5_hkl@.png,{y=70;x=0},14,,1,,<{key=1;value=1};{key=2;value=2};{key=3;value=6}>,11,60,60,,,,9999,6,40,6,{5000=0;5004=0;5003=0;5002=0},980,去放松心情吧！,去放鬆心情吧！,,404404,릴렉스 하세요!,{11=1;12=1},{11=2;12=1},,{},{},1,{},{y=1125;x=1075},,<<1075;1125>>,{},,FALSE,1,{}
10402,度假岛,度假島,Resort Island,Resort Island,리조트 섬,Resort Island,Resort Island,,<{level=11;unitId=50011;advance=2};{level=11;unitId=50011;advance=2}>,<{level=11;unitId=73342;advance=3}>,config/portrait/simple/img_668_hys@.png,1,4,2,20,1,6,1,<>,battle_bgm.mp3,battle/scene/bg_xcdg.jpg,config/big_hero/normal/img_668_hys@.png,{y=70;x=0},14,,1,,<{key=1;value=1};{key=2;value=2};{key=3;value=6}>,11,63,63,,,,9999,6,40,6,{5000=0;5004=0;5003=0;5002=0},980,,,,,,{11=1;12=1},{11=2;12=1},,{},{},0,{gold=10000;5004=2;rmb=10},{y=1036;x=1375},{y=954;x=1161},<<1075;1125>;<1375;1036>>,{},,FALSE,0,{}
10403,度假岛,度假島,Resort Island,Resort Island,리조트 섬,Resort Island,Resort Island,,<{level=12;unitId=50601;advance=2};{level=12;unitId=50601;advance=2}>,<{level=12;unitId=70793;advance=3}>,,1,4,2,20,1,6,1,<>,battle_bgm.mp3,battle/scene/bg_xcdg.jpg,config/big_hero/normal/img_157_hbs@.png,{y=70;x=0},14,,1,,<{key=1;value=1};{key=2;value=2};{key=3;value=6}>,12,66,66,,,,9999,6,40,6,{5000=0;5004=0;5003=0;5002=0},980,,,,,,{11=1;12=1},{11=2;12=1},,{},{},0,{},{y=842;x=703},,<<1375;1036>;<1161;954>;<855;799>;<703;842>>,{},,FALSE,0,{}
10404,度假岛,度假島,Resort Island,Resort Island,리조트 섬,Resort Island,Resort Island,,<{level=13;unitId=53292;advance=2}>,<{level=13;unitId=70741;advance=3}>,config/portrait/simple/img_146_hyn@.png,1,4,2,20,1,6,1,<>,battle_bgm.mp3,battle/scene/bg_xcdg.jpg,config/big_hero/normal/img_146_hyn@.png,{y=70;x=0},14,,1,,<{key=1;value=1};{key=2;value=2};{key=3;value=6}>,13,69,69,,,,9999,6,40,6,{5000=0;5005=0;5003=0;5001=0},980,重逢的劲敌,重逢的勁敵,,404404,다시 만난 강적,{11=1;12=1},{11=2;12=1},,{},{},1,{gold=10000;5005=2;rmb=10},{y=663;x=895},{y=421;x=703},<<703;842>;<895;663>>,{},,FALSE,1,{}
10405,度假岛,度假島,Resort Island,Resort Island,리조트 섬,Resort Island,Resort Island,,<{level=13;unitId=63291;advance=2};{level=13;unitId=63291;advance=2}>,<{level=13;unitId=71612;advance=3}>,,1,4,2,20,1,6,1,<>,battle_bgm.mp3,battle/scene/bg_xcdg.jpg,config/big_hero/normal/img_323_pht@.png,{y=70;x=0},14,,1,,<{key=1;value=1};{key=2;value=2};{key=3;value=6}>,13,72,72,,,,9999,6,40,6,{5000=0;5005=0;5003=0;5001=0},980,,,,,,{11=1;12=1},{11=2;12=1},,{},{},0,{},{y=268;x=1010},,<<895;663>;<719;532>;<703;421>;<734;280>;<1010;268>>,{},,FALSE,0,{}
10406,度假岛,度假島,Resort Island,Resort Island,리조트 섬,Resort Island,Resort Island,,<{level=14;unitId=51611;advance=2};{level=14;unitId=61611;advance=2};{level=14;unitId=51611;advance=2}>,<{level=14;unitId=70603;advance=3}>,config/portrait/simple/img_467_yzys@.png,1,4,2,20,1,6,1,<>,battle_bgm.mp3,battle/scene/bg_xcdg.jpg,config/big_hero/normal/img_467_yzys@.png,{y=70;x=0},14,,1,,<{key=1;value=1};{key=2;value=2};{key=3;value=6}>,14,75,75,,,,9999,6,40,6,{5000=0;5005=0;5003=0;5001=0},980,,,,,,{11=1;12=1},{11=2;12=1},,{},{},0,{gold=10000;5006=2;rmb=10},{y=343;x=1331},{y=451;x=1510},<<1010;268>;<1331;343>>,{},,FALSE,0,{}
10407,度假岛,度假島,Resort Island,Resort Island,리조트 섬,Resort Island,Resort Island,,<{level=14;unitId=53341;advance=2};{level=14;unitId=53341;advance=2}>,<{level=14;unitId=71303;advance=3}>,,1,4,2,20,1,6,1,<>,battle_bgm.mp3,battle/scene/bg_xcdg.jpg,config/big_hero/normal/img_257_hyj@.png,{y=70;x=0},14,,1,,<{key=1;value=1};{key=2;value=2};{key=3;value=6}>,14,78,78,,,,9999,6,40,6,{5000=0;5006=0;5002=0;5001=0},980,,,,,,{11=1;12=1},{11=2;12=1},,{},{},1,{},{y=576;x=1637},,<<1331;343>;<1510;451>;<1637;576>>,{},,FALSE,1,{}
10408,度假岛,度假島,Resort Island,Resort Island,리조트 섬,Resort Island,Resort Island,,<>,<{level=15;unitId=181271;advance=3}>,config/portrait/simple/img_250_fw@.png,1,4,2,20,1,6,1,<>,battle_bgm.mp3,battle/scene/bg_xcdg.jpg,config/big_hero/normal/img_250_fw@.png,{y=70;x=0},14,,1,,<{key=1;value=1};{key=2;value=2};{key=3;value=6}>,15,81,81,,,,9999,6,40,6,{5000=0;5006=0;5002=0;5001=0},980,据说，遇到凤王会有好运！,據說，遇到鳳王會有好運！,,404404,"소문으로는, 칠색조를 만나면 행운이 따른 데!",{11=1;12=1},{11=2;12=1},,{},{},0,{},{y=620;x=1907},,<<1637;576>;<1907;620>>,{},,FALSE,0,{}
10501,砂石镇,砂石鎮,Sandgem Town,Sandgem Town,잔모래 마을,Sandgem Town,Sandgem Town,,<{level=16;unitId=60461;advance=2};{level=16;unitId=60461;advance=2}>,<{level=16;unitId=73562;advance=4}>,,1,4,3,20,1,6,1,<>,battle_bgm.mp3,battle/scene/bg_xcdg.jpg,config/big_hero/normal/img_709_xmy@.png,{y=70;x=0},15,,1,,<{key=1;value=1};{key=2;value=2};{key=3;value=6}>,16,84,84,,,,9999,6,45,6,{5000=0;5004=0},1015,黄沙之下，是贵重的矿山,黃沙之下，是貴重的礦山,,404404,"모래 밑에는, 귀중한 광산이 있어",{11=2;12=1},{11=1;12=2},,{},{},1,{},{y=824;x=443},,<<443;824>>,{},,FALSE,1,{}
10502,砂石镇,砂石鎮,Sandgem Town,Sandgem Town,잔모래 마을,Sandgem Town,Sandgem Town,,<{level=16;unitId=62271;advance=2};{level=16;unitId=62271;advance=2}>,<{level=16;unitId=73353;advance=4}>,config/portrait/simple/img_671_hjfr@.png,1,4,3,20,1,6,1,<>,battle_bgm.mp3,battle/scene/bg_xcdg.jpg,config/big_hero/normal/img_671_hjfr@.png,{y=70;x=0},15,,1,,<{key=1;value=1};{key=2;value=2};{key=3;value=6}>,16,87,87,,,,9999,6,45,6,{5000=0;5004=0},1015,,,,,,{11=2;12=1},{11=1;12=2},,{},{},0,{gold=10000;5004=3;rmb=10},{y=675;x=740},{y=582;x=579},<<443;824>;<740;675>>,{},,FALSE,0,{}
10503,砂石镇,砂石鎮,Sandgem Town,Sandgem Town,잔모래 마을,Sandgem Town,Sandgem Town,,<{level=17;unitId=63431;advance=2};{level=17;unitId=63431;advance=2}>,<{level=17;unitId=70891;advance=4}>,,1,4,3,20,1,6,1,<>,battle_bgm.mp3,battle/scene/bg_xcdg.jpg,config/big_hero/normal/img_298_lll@.png,{y=70;x=0},15,,1,,<{key=1;value=1};{key=2;value=2};{key=3;value=6}>,17,91,91,,,,9999,6,45,6,{5000=0;5004=0},1015,,,,,,{11=2;12=1},{11=1;12=2},,{},{},0,{},{y=484;x=876},,<<740;675>;<579;582>;<876;484>>,{},,FALSE,0,{}
10504,砂石镇,砂石鎮,Sandgem Town,Sandgem Town,잔모래 마을,Sandgem Town,Sandgem Town,,<{level=18;unitId=53281;advance=2};{level=18;unitId=60692;advance=2};{level=18;unitId=53281;advance=2}>,<{level=18;unitId=71813;advance=4}>,config/portrait/simple/img_477_hyml@.png,1,4,3,20,1,6,1,<>,battle_bgm.mp3,battle/scene/bg_xcdg.jpg,config/big_hero/normal/img_477_hyml@.png,{y=70;x=0},15,,1,,<{key=1;value=1};{key=2;value=2};{key=3;value=6}>,18,94,94,,,,9999,6,45,6,{5000=0;5004=0},1015,似乎是见鬼了！,似乎是見鬼了！,,404404,귀신이라도 본 건가!,{11=2;12=1},{11=1;12=2},,{},{},0,{gold=10000;5005=3;rmb=10},{y=372;x=1164},{y=298;x=1442},<<876;484>;<1164;372>>,{},,FALSE,0,{}
10505,砂石镇,砂石鎮,Sandgem Town,Sandgem Town,잔모래 마을,Sandgem Town,Sandgem Town,,<{level=18;unitId=60392;advance=2};{level=18;unitId=60392;advance=2}>,<{level=18;unitId=70131;advance=4}>,,1,4,3,20,1,6,1,<>,battle_bgm.mp3,battle/scene/bg_xcdg.jpg,config/big_hero/normal/img_173_pbb@.png,{y=70;x=0},15,,1,,<{key=1;value=1};{key=2;value=2};{key=3;value=6}>,18,98,98,,,,9999,6,45,6,{5000=0;5005=0},1015,,,,,,{11=2;12=1},{11=1;12=2},,{},{},1,{},{y=444;x=1573},,<<1164;372>;<1442;298>;<1573;444>>,{},,FALSE,1,{}
10506,砂石镇,砂石鎮,Sandgem Town,Sandgem Town,잔모래 마을,Sandgem Town,Sandgem Town,,<{level=19;unitId=60481;advance=2};{level=19;unitId=60481;advance=2}>,<{level=19;unitId=70393;advance=4}>,config/portrait/simple/img_94_gg@.png,1,4,3,20,1,6,1,<>,battle_bgm.mp3,battle/scene/bg_xcdg.jpg,config/big_hero/normal/img_94_gg@.png,{y=70;x=0},15,,1,,<{key=1;value=1};{key=2;value=2};{key=3;value=6}>,19,101,101,,,,9999,6,45,6,{5000=0;5005=0},1015,,,,,,{11=2;12=1},{11=1;12=2},,{},{},0,{gold=10000;5006=3;rmb=10},{y=665;x=1543},{y=758;x=1383},<<1573;444>;<1459;551>;<1543;665>>,{},,FALSE,0,{}
10507,砂石镇,砂石鎮,Sandgem Town,Sandgem Town,잔모래 마을,Sandgem Town,Sandgem Town,,<{level=19;unitId=60131;advance=2};{level=19;unitId=60131;advance=2}>,<{level=19;unitId=71392;advance=4}>,,1,4,3,20,1,6,1,<>,battle_bgm.mp3,battle/scene/bg_xcdg.jpg,config/big_hero/normal/img_281_qlla@.png,{y=70;x=0},15,,1,,<{key=1;value=1};{key=2;value=2};{key=3;value=6}>,19,105,105,,,,9999,6,45,6,{5000=0;5005=0},1015,,,,,,{11=2;12=1},{11=1;12=2},,{},{},0,{},{y=856;x=1161},,<<1543;665>;<1383;758>;<1161;856>>,{},,FALSE,0,{}
10508,砂石镇,砂石鎮,Sandgem Town,Sandgem Town,잔모래 마을,Sandgem Town,Sandgem Town,,<{level=20;unitId=51422;advance=2};{level=20;unitId=51422;advance=2};{level=20;unitId=63302;advance=2};{level=20;unitId=63302;advance=2}>,<{level=20;unitId=71394;advance=4}>,config/portrait/simple/img_475_alld@.png,1,4,3,20,1,6,1,<>,battle_bgm.mp3,battle/scene/bg_xcdg.jpg,config/big_hero/normal/img_475_alld@.png,{y=70;x=0},15,,1,,<{key=1;value=1};{key=2;value=2};{key=3;value=6}>,20,108,108,,,,9999,6,45,6,{5000=0;5006=0},1015,,,,,,{11=2;12=1},{11=1;12=2},,{},{},1,{gold=10000;talent_point=1;rmb=10},{y=1050;x=1364},{y=942;x=1573},<<1161;856>;<1189;984>;<1364;1050>>,{},,FALSE,1,{}
10509,砂石镇,砂石鎮,Sandgem Town,Sandgem Town,잔모래 마을,Sandgem Town,Sandgem Town,,<{level=21;unitId=63411;advance=3};{level=21;unitId=63411;advance=3}>,<{level=21;unitId=70263;advance=5}>,,1,4,3,20,1,6,1,<>,battle_bgm.mp3,battle/scene/bg_xcdg.jpg,config/big_hero/normal/img_65_hd@.png,{y=70;x=0},15,,1,,<{key=1;value=1};{key=2;value=2};{key=3;value=6}>,21,112,112,,,,9999,6,45,6,{5000=0;5006=0},1015,,,,,,{11=2;12=1},{11=1;12=2},,{},{},0,{},{y=870;x=1716},,<<1364;1050>;<1573;942>;<1716;870>>,{},,FALSE,0,{}
10510,砂石镇,砂石鎮,Sandgem Town,Sandgem Town,잔모래 마을,Sandgem Town,Sandgem Town,,<>,<{level=21;unitId=180761;advance=5}>,config/portrait/simple/img_150_cm@.png,1,4,3,20,1,6,1,<>,battle_bgm.mp3,battle/scene/bg_xcdg.jpg,config/big_hero/normal/img_150_cm@.png,{y=70;x=0},15,,1,,<{key=1;value=1};{key=2;value=2};{key=3;value=6}>,21,115,115,,,,9999,6,45,6,{5000=0;5006=0},1015,为什么，会在这里再一次见面,為什麼，會在這裡再一次見面,,404404,"왜, 이곳에서 다시 만나게 된 걸까",{11=2;12=1},{11=1;12=2},,{},{},0,{},{y=631;x=2044},,<<1716;870>;<2044;631>>,{},,FALSE,0,{}
10601,雪原,雪原,Snow field,Snow field,설원,Snow field,Snow field,,<{level=22;unitId=60191;advance=3};{level=22;unitId=60191;advance=3};{level=22;unitId=60191;advance=3}>,<{level=22;unitId=70102;advance=5}>,,1,4,3,20,1,6,1,<>,battle_bgm.mp3,battle/scene/bg_xcdg.jpg,config/big_hero/normal/img_28_csw@.png,{y=70;x=0},16,,1,,<{key=1;value=1};{key=2;value=2};{key=3;value=6}>,22,118,118,,,,9999,6,50,6,{5006=0;5005=0;5000=0;5007=0},1050,雪原的传说,雪原的傳說,,404404,설원의 전설,{12=2},{11=2;12=2},,{},{},1,{},{y=759;x=377},,<<377;759>>,{},,FALSE,1,{}
10602,雪原,雪原,Snow field,Snow field,설원,Snow field,Snow field,,<{level=23;unitId=52301;advance=3};{level=23;unitId=61352;advance=3};{level=23;unitId=52301;advance=3}>,<{level=23;unitId=70493;advance=5}>,config/portrait/simple/img_464_cjkx@.png,1,4,3,20,1,6,1,<>,battle_bgm.mp3,battle/scene/bg_xcdg.jpg,config/big_hero/normal/img_464_cjkx@.png,{y=70;x=0},16,,1,,<{key=1;value=1};{key=2;value=2};{key=3;value=6}>,23,121,121,,,,9999,6,50,6,{5006=0;5005=0;5000=0;5007=0},1050,农场大冒险,農場大冒險,,404404,농장 대모험,{12=2},{11=2;12=2},,{},{},0,{gold=10000;talent_point=1;rmb=10},{y=764;x=665},{y=935;x=906},<<377;759>;<665;764>>,{},,FALSE,0,{}
10603,雪原,雪原,Snow field,Snow field,설원,Snow field,Snow field,,<>,<{level=24;unitId=70451;advance=5}>,,1,4,3,20,1,6,1,<>,battle_bgm.mp3,battle/scene/bg_xcdg.jpg,config/big_hero/normal/img_104_klkl@.png,{y=70;x=0},16,,1,,<{key=1;value=1};{key=2;value=2};{key=3;value=6}>,24,124,124,,,,9999,6,50,6,{5006=0;5005=0;5000=0;5007=0},1050,,,,,,{12=2},{11=2;12=2},,{},{},0,{},{y=561;x=827},,<<665;764>;<906;935>;<827;561>>,{},,FALSE,0,{}
10604,雪原,雪原,Snow field,Snow field,설원,Snow field,Snow field,,<{level=24;unitId=62011;advance=3};{level=24;unitId=62011;advance=3}>,<{level=24;unitId=72723;advance=5}>,config/portrait/simple/img_553_lme@.png,1,4,3,20,1,6,1,<>,battle_bgm.mp3,battle/scene/bg_xcdg.jpg,config/big_hero/normal/img_553_lme@.png,{y=70;x=0},16,,1,,<{key=1;value=1};{key=2;value=2};{key=3;value=6}>,24,127,127,,,,9999,6,50,6,{5006=0;5005=0;5000=0;5007=0},1050,,,,,,{12=2},{11=2;12=2},,{},{},0,{gold=10000;talent_point=1;rmb=10},{y=325;x=1067},{y=321;x=1285},<<827;561>;<1067;325>>,{},,FALSE,0,{}
10605,雪原,雪原,Snow field,Snow field,설원,Snow field,Snow field,,<{level=25;unitId=60262;advance=3};{level=25;unitId=63282;advance=3};{level=25;unitId=60262;advance=3}>,<{level=25;unitId=72612;advance=5}>,,1,4,3,20,1,6,1,<>,battle_bgm.mp3,battle/scene/bg_xcdg.jpg,config/big_hero/normal/img_530_ltds@.png,{y=70;x=0},16,,1,,<{key=1;value=1};{key=2;value=2};{key=3;value=6}>,25,130,130,,,,9999,6,50,6,{5008=0;5000=0;5004=0;5006=0},1050,,,,,,{12=2},{11=2;12=2},,{},{},1,{},{y=340;x=1501},,<<1067;325>;<1285;321>;<1501;340>>,{},,FALSE,1,{}
10606,雪原,雪原,Snow field,Snow field,설원,Snow field,Snow field,,<{level=25;unitId=60482;advance=3}>,<{level=25;unitId=181503;advance=5}>,config/portrait/simple/img_306_bskdl@.png,1,4,3,20,1,6,1,<>,battle_bgm.mp3,battle/scene/bg_xcdg.jpg,config/big_hero/normal/img_306_bskdl@.png,{y=70;x=0},16,,1,,<{key=1;value=1};{key=2;value=2};{key=3;value=6}>,25,133,133,,,,9999,6,50,6,{5008=0;5000=0;5004=0;5006=0},1050,,,,,,{12=2},{11=2;12=2},,{},{},0,{gold=10000;talent_point=1;rmb=10},{y=550;x=1327},{y=704;x=1127},<<1501;340>;<1327;550>>,{},,FALSE,0,{}
10607,雪原,雪原,Snow field,Snow field,설원,Snow field,Snow field,,<{level=26;unitId=60371;advance=4};{level=26;unitId=60371;advance=4}>,<{level=26;unitId=70472;advance=6}>,,1,4,3,20,1,6,1,<>,battle_bgm.mp3,battle/scene/bg_xcdg.jpg,config/big_hero/normal/img_463_dst@.png,{y=70;x=0},16,,1,,<{key=1;value=1};{key=2;value=2};{key=3;value=6}>,26,136,136,,,,9999,6,50,6,{5008=0;5000=0;5004=0;5006=0},1050,,,,,,{12=2},{11=2;12=2},,{},{},0,{},{y=676;x=1563},,<<1327;550>;<1108;620>;<1127;704>;<1363;741>;<1563;676>>,{},,FALSE,0,{}
10608,雪原,雪原,Snow field,Snow field,설원,Snow field,Snow field,,<{level=27;unitId=61292;advance=4};{level=27;unitId=61292;advance=4};{level=27;unitId=60082;advance=4};{level=27;unitId=60082;advance=4}>,<{level=27;unitId=72633;advance=6}>,config/portrait/simple/img_534_xjlj@.png,1,4,3,20,1,6,1,<>,battle_bgm.mp3,battle/scene/bg_xcdg.jpg,config/big_hero/normal/img_534_xjlj@.png,{y=70;x=0},16,,1,,<{key=1;value=1};{key=2;value=2};{key=3;value=6}>,27,139,139,,,,9999,6,50,6,{5009=0;5005=0;5004=0;5000=0},1050,,,,,,{12=2},{11=2;12=2},,{},{},1,{gold=10000;talent_point=1;rmb=10},{y=688;x=1887},{y=694;x=2031},<<1563;676>;<1727;688>;<1887;688>>,{},,FALSE,1,{}
10609,雪原,雪原,Snow field,Snow field,설원,Snow field,Snow field,,<{level=27;unitId=60461;advance=4};{level=27;unitId=60461;advance=4};{level=27;unitId=60461;advance=4}>,<{level=27;unitId=71253;advance=6}>,,1,4,3,20,1,6,1,<>,battle_bgm.mp3,battle/scene/bg_xcdg.jpg,config/big_hero/normal/img_248_bjls@.png,{y=70;x=0},16,,1,,<{key=1;value=1};{key=2;value=2};{key=3;value=6}>,27,142,142,,,,9999,6,50,6,{5009=0;5005=0;5004=0;5000=0},1050,,,,,,{12=2},{11=2;12=2},,{},{},0,{},{y=862;x=2115},,<<1887;688>;<2031;694>;<2115;862>>,{},,FALSE,0,{}
10610,雪原,雪原,Snow field,Snow field,설원,Snow field,Snow field,,<>,<{level=28;unitId=180753;advance=6}>,config/portrait/simple/img_149_kl@.png,1,4,3,20,1,6,1,<>,battle_bgm.mp3,battle/scene/bg_xcdg.jpg,config/big_hero/normal/img_149_kl@.png,{y=70;x=0},16,,1,,<{key=1;value=1};{key=2;value=2};{key=3;value=6}>,28,145,145,,,,9999,6,50,6,{5009=0;5005=0;5004=0;5000=0},1050,雪山的王者,雪山的王者,,404404,설산의 왕,{12=2},{11=2;12=2},,{},{},0,{},{y=968;x=1886},,<<2115;862>;<1867;896>;<1886;968>>,{},,FALSE,0,{}
10701,波尼岛,波尼島,Poni Island,Poni Island,포니섬,Poni Island,Poni Island,,<{level=29;unitId=61353;advance=4};{level=29;unitId=60331;advance=4};{level=29;unitId=61353;advance=4};{level=29;unitId=60331;advance=4}>,<{level=29;unitId=70072;advance=6}>,,1,4,3,20,1,6,1,<>,battle_bgm.mp3,battle/scene/bg_xcdg.jpg,config/big_hero/normal/img_22_dzq@.png,{y=70;x=0},17,,1,,<{key=1;value=1};{key=2;value=2};{key=3;value=6}>,29,148,148,,,,9999,6,60,6,{5000=0;5005=0;5007=0},1085,诸岛巡礼的开端？,諸島巡禮的開端？,,404404,군도 순례의 시작?,{11=1;12=2},{11=1;12=3},,{},{},1,{},{y=291;x=1269},,<<1269;291>>,{},,FALSE,1,{}
10702,波尼岛,波尼島,Poni Island,Poni Island,포니섬,Poni Island,Poni Island,,<{level=29;unitId=60092;advance=4};{level=29;unitId=60092;advance=4};{level=29;unitId=63282;advance=4};{level=29;unitId=63282;advance=4}>,<{level=29;unitId=70053;advance=6}>,config/portrait/simple/img_18_dbn@.png,1,4,3,20,1,6,1,<>,battle_bgm.mp3,battle/scene/bg_xcdg.jpg,config/big_hero/normal/img_18_dbn@.png,{y=70;x=0},17,,1,,<{key=1;value=1};{key=2;value=2};{key=3;value=6}>,29,151,151,,,,9999,6,60,6,{5000=0;5005=0;5007=0},1085,,,,,,{11=1;12=2},{11=1;12=3},,{},{},0,{gold=10000;talent_point=1;rmb=10},{y=337;x=1065},{y=365;x=779},<<1269;291>;<1065;337>>,{},,FALSE,0,{}
10703,波尼岛,波尼島,Poni Island,Poni Island,포니섬,Poni Island,Poni Island,,<{level=29;unitId=60482;advance=4};{level=29;unitId=60082;advance=4};{level=29;unitId=60482;advance=4}>,<{level=29;unitId=70113;advance=6}>,,1,4,3,20,1,6,1,<>,battle_bgm.mp3,battle/scene/bg_xcdg.jpg,config/big_hero/normal/img_31_ndh@.png,{y=70;x=0},17,,1,,<{key=1;value=1};{key=2;value=2};{key=3;value=6}>,29,154,154,,,,9999,6,60,6,{5000=0;5005=0;5007=0},1085,,,,,,{11=1;12=2},{11=1;12=3},,{},{},0,{},{y=459;x=621},,<<1065;337>;<779;365>;<621;459>>,{},,FALSE,0,{}
10704,波尼岛,波尼島,Poni Island,Poni Island,포니섬,Poni Island,Poni Island,,<{level=30;unitId=52012;advance=4};{level=30;unitId=52012;advance=4};{level=30;unitId=60571;advance=4};{level=30;unitId=60571;advance=4}>,<{level=30;unitId=70572;advance=6}>,config/portrait/simple/img_212_jqtl@.png,1,4,3,20,1,6,1,<>,battle_bgm.mp3,battle/scene/bg_xcdg.jpg,config/big_hero/normal/img_212_jqtl@.png,{y=70;x=0},17,,1,,<{key=1;value=1};{key=2;value=2};{key=3;value=6}>,30,157,157,,,,9999,6,60,6,{5000=0;5005=0;5007=0},1085,,,,,,{11=1;12=2},{11=1;12=3},,{},{},0,{gold=10000;talent_point=1;rmb=10},{y=591;x=901},{y=609;x=1099},<<621;459>;<901;591>>,{},,FALSE,0,{}
10705,波尼岛,波尼島,Poni Island,Poni Island,포니섬,Poni Island,Poni Island,,<{level=30;unitId=61352;advance=4};{level=30;unitId=60793;advance=4};{level=30;unitId=61352;advance=4};{level=30;unitId=60793;advance=4}>,<{level=30;unitId=72891;advance=6}>,,1,4,3,20,1,6,1,<>,battle_bgm.mp3,battle/scene/bg_xcdg.jpg,config/big_hero/normal/img_587_dfs@.png,{y=70;x=0},17,,1,,<{key=1;value=1};{key=2;value=2};{key=3;value=6}>,30,160,160,,,,9999,6,60,6,{5000=0;5008=0;5006=0},1085,,,,,,{11=1;12=2},{11=1;12=3},,{},{},1,{},{y=556;x=1471},,<<901;591>;<1099;609>;<1471;556>>,{},,FALSE,1,{}
10706,波尼岛,波尼島,Poni Island,Poni Island,포니섬,Poni Island,Poni Island,,<{level=30;unitId=60881;advance=4};{level=30;unitId=60881;advance=4}>,<{level=30;unitId=180731;advance=6}>,config/portrait/simple/img_145_sdn@.png,1,4,3,20,1,6,1,<>,battle_bgm.mp3,battle/scene/bg_xcdg.jpg,config/big_hero/normal/img_145_sdn@.png,{y=70;x=0},17,,1,,<{key=1;value=1};{key=2;value=2};{key=3;value=6}>,30,163,163,,,,9999,6,60,6,{5000=0;5008=0;5006=0},1085,不安的雷鸣,不安的雷鳴,,404404,불안한 천둥 소리,{11=1;12=2},{11=1;12=3},,{},{},0,{gold=10000;talent_point=1;rmb=10},{y=636;x=1616},{y=642;x=1791},<<1471;556>;<1616;636>>,{},,FALSE,0,{}
10707,波尼岛,波尼島,Poni Island,Poni Island,포니섬,Poni Island,Poni Island,,<{level=31;unitId=63542;advance=5};{level=31;unitId=63542;advance=5}>,<{level=31;unitId=73511;advance=7}>,,1,4,3,20,1,6,1,<>,battle_bgm.mp3,battle/scene/bg_xcdg.jpg,config/big_hero/normal/img_701_sjyr@.png,{y=70;x=0},17,,1,,<{key=1;value=1};{key=2;value=2};{key=3;value=6}>,31,166,166,,,,9999,6,60,6,{5000=0;5008=0;5006=0},1085,,,,,,{11=1;12=2},{11=1;12=3},,{},{},0,{},{y=911;x=2039},,<<1616;636>;<1791;642>;<2039;911>>,{},,FALSE,0,{}
10708,波尼岛,波尼島,Poni Island,Poni Island,포니섬,Poni Island,Poni Island,,<{level=31;unitId=63021;advance=5}>,<{level=31;unitId=180721;advance=7}>,config/portrait/simple/img_144_jdn@.png,1,4,3,20,1,6,1,<>,battle_bgm.mp3,battle/scene/bg_xcdg.jpg,config/big_hero/normal/img_144_jdn@.png,{y=70;x=0},17,,1,,<{key=1;value=1};{key=2;value=2};{key=3;value=6}>,31,169,169,,,,9999,6,60,6,{5004=0;5009=0;5000=0},1085,忽然降温？,忽然降溫？,,404404,갑자기 온도가 내려간다?,{11=1;12=2},{11=1;12=3},,{},{},1,{gold=10000;talent_point=1;rmb=10},{y=964;x=1708},{y=927;x=1513},<<2039;911>;<1708;964>>,{},,FALSE,1,{}
10709,波尼岛,波尼島,Poni Island,Poni Island,포니섬,Poni Island,Poni Island,,<{level=31;unitId=61081;advance=5};{level=31;unitId=61081;advance=5}>,<{level=31;unitId=72483;advance=7}>,,1,4,3,20,1,6,1,<>,battle_bgm.mp3,battle/scene/bg_xcdg.jpg,config/big_hero/normal/img_500_yww@.png,{y=70;x=0},17,,1,,<{key=1;value=1};{key=2;value=2};{key=3;value=6}>,31,172,172,,,,9999,6,60,6,{5004=0;5009=0;5000=0},1085,,,,,,{11=1;12=2},{11=1;12=3},,{},{},0,{},{y=903;x=1229},,<<1708;964>;<1513;927>;<1229;903>>,{},,FALSE,0,{}
10710,波尼岛,波尼島,Poni Island,Poni Island,포니섬,Poni Island,Poni Island,,<>,<{level=32;unitId=181971;advance=7}>,config/portrait/simple/img_383_gld@.png,1,4,3,20,1,6,1,<>,battle_bgm.mp3,battle/scene/bg_xcdg.jpg,config/big_hero/normal/img_383_gld@.png,{y=70;x=0},17,,1,,<{key=1;value=1};{key=2;value=2};{key=3;value=6}>,32,175,175,,,,9999,6,60,6,{5004=0;5009=0;5000=0},1085,还有谁不会飞,還有誰不會飛,,404404,누가 또 날지 못하는 건가,{11=1;12=2},{11=1;12=3},,{},{},0,{},{y=957;x=862},,<<1229;903>;<1388;702>;<1334;664>;<1007;767>;<862;957>>,{},,FALSE,0,{}
10801,乌拉乌拉岛,烏拉烏拉島,Ula'ula Island,Ula'ula Island,울라울라섬,Ula'ula Island,Ula'ula Island,,<{level=32;unitId=63302;advance=5};{level=32;unitId=63302;advance=5};{level=32;unitId=63302;advance=5}>,<{level=32;unitId=70464;advance=7}>,,1,4,3,20,1,6,1,<>,battle_bgm.mp3,battle/scene/bg_xcdg.jpg,config/big_hero/normal/img_237_zwl@.png,{y=70;x=0},18,,1,,<{key=1;value=1};{key=2;value=2};{key=3;value=6}>,32,178,178,,,,9999,6,70,6,{5010=0;5003=0;5008=0;5000=0},1120,,,,,,{11=2;12=2},{11=2;12=3},,{},{},1,{},{y=970;x=701},,<<701;970>>,{},,FALSE,1,{}
10802,乌拉乌拉岛,烏拉烏拉島,Ula'ula Island,Ula'ula Island,울라울라섬,Ula'ula Island,Ula'ula Island,,<{level=32;unitId=50371;advance=5};{level=32;unitId=60371;advance=5};{level=32;unitId=50371;advance=5}>,<{level=32;unitId=70372;advance=7}>,config/portrait/simple/img_89_ccn@.png,1,4,3,20,1,6,1,<>,battle_bgm.mp3,battle/scene/bg_xcdg.jpg,config/big_hero/normal/img_89_ccn@.png,{y=70;x=0},18,,1,,<{key=1;value=1};{key=2;value=2};{key=3;value=6}>,32,181,181,,,,9999,6,70,6,{5010=0;5003=0;5008=0;5000=0},1120,海礁的拦路者,海礁的攔路者,,404404,해초의 방해꾼,{11=2;12=2},{11=2;12=3},,{},{},0,{gold=10000;talent_point=1;rmb=10},{y=845;x=406},{y=616;x=422},<<701;970>;<406;845>>,{},,FALSE,0,{}
10803,乌拉乌拉岛,烏拉烏拉島,Ula'ula Island,Ula'ula Island,울라울라섬,Ula'ula Island,Ula'ula Island,,<>,<{level=33;unitId=70552;advance=7}>,,1,4,3,20,1,6,1,<>,battle_bgm.mp3,battle/scene/bg_xcdg.jpg,config/big_hero/normal/img_121_bshx@.png,{y=70;x=0},18,,1,,<{key=1;value=1};{key=2;value=2};{key=3;value=6}>,33,184,184,,,,9999,6,70,6,{5010=0;5003=0;5008=0;5000=0},1120,,,,,,{11=2;12=2},{11=2;12=3},,{},{},0,{},{y=571;x=593},,<<406;845>;<422;616>;<593;571>>,{},,FALSE,0,{}
10804,乌拉乌拉岛,烏拉烏拉島,Ula'ula Island,Ula'ula Island,울라울라섬,Ula'ula Island,Ula'ula Island,,<>,<{level=33;unitId=71253;advance=7}>,config/portrait/simple/img_248_bjls@.png,1,4,3,20,1,6,1,<>,battle_bgm.mp3,battle/scene/bg_xcdg.jpg,config/big_hero/normal/img_248_bjls@.png,{y=70;x=0},18,,1,,<{key=1;value=1};{key=2;value=2};{key=3;value=6}>,33,187,187,,,,9999,6,70,6,{5010=0;5003=0;5008=0;5000=0},1120,,,,,,{11=2;12=2},{11=2;12=3},,{},{},0,{gold=10000;talent_point=1;rmb=10},{y=555;x=875},{y=360;x=985},<<593;571>;<875;555>>,{},,FALSE,0,{}
10805,乌拉乌拉岛,烏拉烏拉島,Ula'ula Island,Ula'ula Island,울라울라섬,Ula'ula Island,Ula'ula Island,,<{level=33;unitId=63302;advance=5};{level=33;unitId=60262;advance=5};{level=33;unitId=63302;advance=5}>,<{level=33;unitId=72873;advance=7}>,,1,4,3,20,1,6,1,<>,battle_bgm.mp3,battle/scene/bg_xcdg.jpg,config/big_hero/normal/img_584_sbddb@.png,{y=70;x=0},18,,1,,<{key=1;value=1};{key=2;value=2};{key=3;value=6}>,33,190,190,,,,9999,6,70,6,{5011=0;5000=0;5009=0;5001=0},1120,,,,,,{11=2;12=2},{11=2;12=3},,{},{},1,{},{y=469;x=1149},,<<875;555>;<985;360>;<1149;469>>,{},,FALSE,1,{}
10806,乌拉乌拉岛,烏拉烏拉島,Ula'ula Island,Ula'ula Island,울라울라섬,Ula'ula Island,Ula'ula Island,,<{level=34;unitId=60721;advance=5};{level=34;unitId=60593;advance=5};{level=34;unitId=60593;advance=5}>,<{level=34;unitId=181423;advance=7}>,config/portrait/simple/img_289_qjw@.png,1,4,3,20,1,6,1,<>,battle_bgm.mp3,battle/scene/bg_xcdg.jpg,config/big_hero/normal/img_289_qjw@.png,{y=70;x=0},18,,1,,<{key=1;value=1};{key=2;value=2};{key=3;value=6}>,34,193,193,,,,9999,6,70,6,{5011=0;5000=0;5009=0;5001=0},1120,怠惰的请假王,怠惰的請假王,,404404,게으름뱅이 게을킹,{11=2;12=2},{11=2;12=3},,{},{},0,{gold=10000;talent_point=1;rmb=10},{y=848;x=1179},{y=912;x=1381},<<1149;469>;<1179;848>>,{},,FALSE,0,{}
10807,乌拉乌拉岛,烏拉烏拉島,Ula'ula Island,Ula'ula Island,울라울라섬,Ula'ula Island,Ula'ula Island,,<{level=34;unitId=61422;advance=5};{level=34;unitId=60002;advance=5};{level=34;unitId=61422;advance=5};{level=34;unitId=60002;advance=5}>,<{level=34;unitId=73413;advance=7}>,,1,4,3,20,1,6,1,<>,battle_bgm.mp3,battle/scene/bg_xcdg.jpg,config/big_hero/normal/img_681_jdjg@.png,{y=70;x=0},18,,1,,<{key=1;value=1};{key=2;value=2};{key=3;value=6}>,34,196,196,,,,9999,6,70,6,{5011=0;5000=0;5009=0;5001=0},1120,,,,,,{11=2;12=2},{11=2;12=3},,{},{},0,{},{y=501;x=1549},,<<1179;848>;<1381;912>;<1502;825>;<1549;501>>,{},,FALSE,0,{}
10808,乌拉乌拉岛,烏拉烏拉島,Ula'ula Island,Ula'ula Island,울라울라섬,Ula'ula Island,Ula'ula Island,,<>,<{level=35;unitId=181303;advance=7}>,config/portrait/simple/img_257_hyj@.png,1,4,3,20,1,6,1,<>,battle_bgm.mp3,battle/scene/bg_xcdg.jpg,config/big_hero/normal/img_257_hyj@.png,{y=70;x=0},18,,1,,<{key=1;value=1};{key=2;value=2};{key=3;value=6}>,35,199,199,,,,9999,6,70,6,{5012=0;5000=0;5007=0;5002=0},1120,,,,,,{11=2;12=2},{11=2;12=3},,{},{},1,{gold=10000;talent_point=1;rmb=10},{y=546;x=1817},{y=581;x=2005},<<1549;501>;<1817;546>>,{},,FALSE,1,{}
10809,乌拉乌拉岛,烏拉烏拉島,Ula'ula Island,Ula'ula Island,울라울라섬,Ula'ula Island,Ula'ula Island,,<{level=35;unitId=62631;advance=5};{level=35;unitId=62611;advance=5};{level=35;unitId=62591;advance=5}>,<{level=35;unitId=72963;advance=7}>,,1,4,3,20,1,6,1,<>,battle_bgm.mp3,battle/scene/bg_xcdg.jpg,config/big_hero/normal/img_601_clg@.png,{y=70;x=0},18,,1,,<{key=1;value=1};{key=2;value=2};{key=3;value=6}>,35,202,202,,,,9999,6,70,6,{5012=0;5000=0;5007=0;5002=0},1120,,,,,,{11=2;12=2},{11=2;12=3},,{},{},0,{},{y=868;x=1831},,<<1817;546>;<2005;581>;<2009;729>;<1831;868>>,{},,FALSE,0,{}
10810,乌拉乌拉岛,烏拉烏拉島,Ula'ula Island,Ula'ula Island,울라울라섬,Ula'ula Island,Ula'ula Island,,<>,<{level=35;unitId=181901;advance=7}>,config/portrait/simple/img_374_tyl@.png,1,4,3,20,1,6,1,<>,battle_bgm.mp3,battle/scene/bg_xcdg.jpg,config/big_hero/normal/img_374_tyl@.png,{y=70;x=0},18,,1,,<{key=1;value=1};{key=2;value=2};{key=3;value=6}>,35,205,205,,,,9999,6,70,6,{5012=0;5000=0;5007=0;5002=0},1120,最终的试炼,最終的試煉,,404404,마지막 시련,{11=2;12=2},{11=2;12=3},,{},{},0,{},{y=873;x=2141},,<<1831;868>;<1967;944>;<2141;873>>,{},,FALSE,0,{}
10901,阿卡拉岛,阿卡拉島,Akala Island,Akala Island,아칼라섬,Akala Island,Akala Island,,<{level=36;unitId=63282;advance=6};{level=36;unitId=60552;advance=6};{level=36;unitId=63282;advance=6};{level=36;unitId=60552;advance=6}>,<{level=36;unitId=70082;advance=8}>,,1,4,3,20,1,6,1,<>,battle_bgm.mp3,battle/scene/bg_xcdg.jpg,config/big_hero/normal/img_24_abg@.png,{y=70;x=0},19,,1,,<{key=1;value=1};{key=2;value=2};{key=3;value=6}>,36,208,208,,,,9999,6,80,6,{5008=0;5010=0;5000=0},1155,,,,,,{13=1},{13=1;12=1},,{},{},1,{},{y=353;x=1023},,<<1023;353>>,{},,FALSE,1,{}
10902,阿卡拉岛,阿卡拉島,Akala Island,Akala Island,아칼라섬,Akala Island,Akala Island,,<{level=36;unitId=60602;advance=6};{level=36;unitId=60602;advance=6};{level=36;unitId=60331;advance=6};{level=36;unitId=60331;advance=6}>,<{level=36;unitId=70273;advance=8}>,config/portrait/simple/img_68_gl@.png,1,4,3,20,1,6,1,<>,battle_bgm.mp3,battle/scene/bg_xcdg.jpg,config/big_hero/normal/img_68_gl@.png,{y=70;x=0},19,,1,,<{key=1;value=1};{key=2;value=2};{key=3;value=6}>,36,211,211,,,,9999,6,80,6,{5008=0;5010=0;5000=0},1155,,,,,,{13=1},{13=1;12=1},,{},{},0,{gold=10000;talent_point=1;rmb=10},{y=295;x=1319},{y=353;x=1532},<<1023;353>;<1319;295>>,{},,FALSE,0,{}
10903,阿卡拉岛,阿卡拉島,Akala Island,Akala Island,아칼라섬,Akala Island,Akala Island,,<{level=36;unitId=60593;advance=6};{level=36;unitId=61292;advance=6};{level=36;unitId=60593;advance=6}>,<{level=36;unitId=70542;advance=8}>,,1,4,3,20,1,6,1,<>,battle_bgm.mp3,battle/scene/bg_xcdg.jpg,config/big_hero/normal/img_119_jyw@.png,{y=70;x=0},19,,1,,<{key=1;value=1};{key=2;value=2};{key=3;value=6}>,36,214,214,,,,9999,6,80,6,{5008=0;5010=0;5000=0},1155,,,,,,{13=1},{13=1;12=1},,{},{},0,{},{y=477;x=1592},,<<1319;295>;<1532;353>;<1592;477>>,{},,FALSE,0,{}
10904,阿卡拉岛,阿卡拉島,Akala Island,Akala Island,아칼라섬,Akala Island,Akala Island,,<{level=37;unitId=53472;advance=6};{level=37;unitId=60262;advance=6};{level=37;unitId=53472;advance=6}>,<{level=37;unitId=73143;advance=8}>,config/portrait/simple/img_635_ssel@.png,1,4,3,20,1,6,1,<>,battle_bgm.mp3,battle/scene/bg_xcdg.jpg,config/big_hero/normal/img_635_ssel@.png,{y=70;x=0},19,,1,,<{key=1;value=1};{key=2;value=2};{key=3;value=6}>,37,217,217,,,,9999,6,80,6,{5008=0;5010=0;5000=0},1155,,,,,,{13=1},{13=1;12=1},,{},{},0,{gold=10000;talent_point=1;rmb=10},{y=642;x=1154},{y=689;x=987},<<1592;477>;<1549;576>;<1290;660>;<1154;642>>,{},,FALSE,0,{}
10905,阿卡拉岛,阿卡拉島,Akala Island,Akala Island,아칼라섬,Akala Island,Akala Island,,<{level=37;unitId=60603;advance=6};{level=37;unitId=60592;advance=6};{level=37;unitId=60603;advance=6};{level=37;unitId=60592;advance=6}>,<{level=37;unitId=71863;advance=8}>,,1,4,3,20,1,6,1,<>,battle_bgm.mp3,battle/scene/bg_xcdg.jpg,config/big_hero/normal/img_365_dyhs@.png,{y=70;x=0},19,,1,,<{key=1;value=1};{key=2;value=2};{key=3;value=6}>,37,220,220,,,,9999,6,80,6,{5009=0;5011=0;5000=0},1155,,,,,,{13=1},{13=1;12=1},,{},{},1,{},{y=959;x=837},,<<1154;642>;<987;689>;<1012;795>;<837;959>>,{},,FALSE,1,{}
10906,阿卡拉岛,阿卡拉島,Akala Island,Akala Island,아칼라섬,Akala Island,Akala Island,,<{level=37;unitId=60393;advance=6};{level=37;unitId=60393;advance=6};{level=37;unitId=60132;advance=6};{level=37;unitId=60132;advance=6}>,<{level=37;unitId=183543;advance=8}>,config/portrait/simple/img_706_nml@.png,1,4,3,20,1,6,1,<>,battle_bgm.mp3,battle/scene/bg_xcdg.jpg,config/big_hero/normal/img_706_nml@.png,{y=70;x=0},19,,1,,<{key=1;value=1};{key=2;value=2};{key=3;value=6}>,37,223,223,,,,9999,6,80,6,{5009=0;5011=0;5000=0},1155,,,,,,{13=1},{13=1;12=1},,{},{},0,{gold=10000;talent_point=1;rmb=10},{y=1140;x=1081},{y=926;x=1280},<<837;959>;<970;997>;<1081;1140>>,{},,FALSE,0,{}
10907,阿卡拉岛,阿卡拉島,Akala Island,Akala Island,아칼라섬,Akala Island,Akala Island,,<{level=38;unitId=61353;advance=6};{level=38;unitId=62871;advance=6};{level=38;unitId=61353;advance=6}>,<{level=38;unitId=73432;advance=8}>,,1,4,3,20,1,6,1,<>,battle_bgm.mp3,battle/scene/bg_xcdg.jpg,config/big_hero/normal/img_685_ptn@.png,{y=70;x=0},19,,1,,<{key=1;value=1};{key=2;value=2};{key=3;value=6}>,38,226,226,,,,9999,6,80,6,{5009=0;5011=0;5000=0},1155,,,,,,{13=1},{13=1;12=1},,{},{},0,{},{y=809;x=1522},,<<1081;1140>;<1236;1112>;<1280;926>;<1522;809>>,{},,FALSE,0,{}
10908,阿卡拉岛,阿卡拉島,Akala Island,Akala Island,아칼라섬,Akala Island,Akala Island,,<{level=38;unitId=50602;advance=6};{level=38;unitId=61172;advance=6};{level=38;unitId=50602;advance=6};{level=38;unitId=60272;advance=6};{level=38;unitId=60272;advance=6}>,<{level=38;unitId=73472;advance=8}>,config/portrait/simple/img_693_gpbx@.png,1,4,3,20,1,6,1,<>,battle_bgm.mp3,battle/scene/bg_xcdg.jpg,config/big_hero/normal/img_693_gpbx@.png,{y=70;x=0},19,,1,,<{key=1;value=1};{key=2;value=2};{key=3;value=6}>,38,229,229,,,,9999,6,80,6,{5007=0;5012=0;5000=0},1155,,,,,,{13=1},{13=1;12=1},,{},{},1,{gold=10000;talent_point=1;rmb=10},{y=660;x=1804},{y=554;x=2050},<<1522;809>;<1804;660>>,{},,FALSE,1,{}
10909,阿卡拉岛,阿卡拉島,Akala Island,Akala Island,아칼라섬,Akala Island,Akala Island,,<{level=38;unitId=61292;advance=6};{level=38;unitId=63292;advance=6}>,<{level=38;unitId=183003;advance=8}>,,1,4,3,20,1,6,1,<>,battle_bgm.mp3,battle/scene/bg_xcdg.jpg,config/big_hero/normal/img_612_sfzl@.png,{y=70;x=0},19,,1,,<{key=1;value=1};{key=2;value=2};{key=3;value=6}>,38,232,232,,,,9999,6,80,6,{5007=0;5012=0;5000=0},1155,,,,,,{13=1},{13=1;12=1},,{},{},0,{},{y=764;x=2026},,<<1804;660>;<1874;521>;<2050;554>;<2026;764>>,{},,FALSE,0,{}
10910,阿卡拉岛,阿卡拉島,Akala Island,Akala Island,아칼라섬,Akala Island,Akala Island,,<{level=39;unitId=62481;advance=6};{level=39;unitId=61611;advance=6};{level=39;unitId=60741;advance=6};{level=39;unitId=61301;advance=6}>,<{level=39;unitId=71271;advance=8}>,config/portrait/simple/img_250_fw@.png,1,4,3,20,1,6,1,<>,battle_bgm.mp3,battle/scene/bg_xcdg.jpg,config/big_hero/normal/img_250_fw@.png,{y=70;x=0},19,,1,,<{key=1;value=1};{key=2;value=2};{key=3;value=6}>,39,235,235,,,,9999,6,80,6,{5007=0;5012=0;5000=0},1155,,,,,,{13=1},{13=1;12=1},,{},{},0,{},{y=1032;x=1911},,<<2026;764>;<1820;926>;<1911;1032>>,{},,FALSE,0,{}
11001,美乐美乐岛,美樂美樂島,Melemele Island,Melemele Island,멜레멜레섬,Melemele Island,Melemele Island,,<{level=39;unitId=60472;advance=6};{level=39;unitId=60132;advance=6};{level=39;unitId=60472;advance=6}>,<{level=39;unitId=70062;advance=8}>,,1,4,3,20,1,6,1,<>,battle_bgm.mp3,battle/scene/bg_xcdg.jpg,config/big_hero/normal/img_20_ld@.png,{y=70;x=0},20,,1,,<{key=1;value=1};{key=2;value=2};{key=3;value=6}>,39,238,238,,,,9999,6,90,6,{5011=0;5000=0;5013=0;5006=0},1190,,,,,,{11=1;13=1},{11=4;13=1},,{},{},1,{},{y=943;x=520},,<<520;943>>,{},,FALSE,1,{}
11002,美乐美乐岛,美樂美樂島,Melemele Island,Melemele Island,멜레멜레섬,Melemele Island,Melemele Island,,<{level=39;unitId=53301;advance=6};{level=39;unitId=53301;advance=6};{level=39;unitId=60022;advance=6};{level=39;unitId=60022;advance=6}>,<{level=39;unitId=70482;advance=8}>,config/portrait/simple/img_110_sdws@.png,1,4,3,20,1,6,1,<>,battle_bgm.mp3,battle/scene/bg_xcdg.jpg,config/big_hero/normal/img_110_sdws@.png,{y=70;x=0},20,,1,,<{key=1;value=1};{key=2;value=2};{key=3;value=6}>,39,241,241,,,,9999,6,90,6,{5011=0;5000=0;5013=0;5006=0},1190,,,,,,{11=1;13=1},{11=4;13=1},,{},{},0,{gold=10000;talent_point=1;rmb=10},{y=613;x=386},{y=495;x=560},<<520;943>;<357;679>;<386;613>>,{},,FALSE,0,{}
11003,美乐美乐岛,美樂美樂島,Melemele Island,Melemele Island,멜레멜레섬,Melemele Island,Melemele Island,,<{level=40;unitId=60472;advance=6};{level=40;unitId=60262;advance=6};{level=40;unitId=60472;advance=6};{level=40;unitId=60262;advance=6}>,<{level=40;unitId=70352;advance=8}>,,1,4,3,20,1,6,1,<>,battle_bgm.mp3,battle/scene/bg_xcdg.jpg,config/big_hero/normal/img_85_ddl@.png,{y=70;x=0},20,,1,,<{key=1;value=1};{key=2;value=2};{key=3;value=6}>,40,244,244,,,,9999,6,90,6,{5011=0;5000=0;5013=0;5006=0},1190,,,,,,{11=1;13=1},{11=4;13=1},,{},{},0,{},{y=405;x=788},,<<386;613>;<534;631>;<590;559>;<560;495>;<788;405>>,{},,FALSE,0,{}
11004,美乐美乐岛,美樂美樂島,Melemele Island,Melemele Island,멜레멜레섬,Melemele Island,Melemele Island,,<{level=40;unitId=60552;advance=6};{level=40;unitId=60552;advance=6};{level=40;unitId=61172;advance=6};{level=40;unitId=61172;advance=6}>,<{level=40;unitId=71893;advance=8}>,config/portrait/simple/img_373_bfl@.png,1,4,3,20,1,6,1,<>,battle_bgm.mp3,battle/scene/bg_xcdg.jpg,config/big_hero/normal/img_373_bfl@.png,{y=70;x=0},20,,1,,<{key=1;value=1};{key=2;value=2};{key=3;value=6}>,40,247,247,,,,9999,6,90,6,{5011=0;5000=0;5013=0;5006=0},1190,,,,,,{11=1;13=1},{11=4;13=1},,{},{},0,{gold=10000;talent_point=1;rmb=10},{y=321;x=1047},{y=365;x=1258},<<788;405>;<1047;321>>,{},,FALSE,0,{}
11005,美乐美乐岛,美樂美樂島,Melemele Island,Melemele Island,멜레멜레섬,Melemele Island,Melemele Island,,<{level=41;unitId=60552;advance=7};{level=41;unitId=60792;advance=7};{level=41;unitId=60552;advance=7}>,<{level=41;unitId=71443;advance=9}>,,1,4,3,20,1,6,1,<>,battle_bgm.mp3,battle/scene/bg_xcdg.jpg,config/big_hero/normal/img_295_byg@.png,{y=70;x=0},20,,1,,<{key=1;value=1};{key=2;value=2};{key=3;value=6}>,41,250,250,,,,9999,6,90,6,{5012=0;5000=0;5014=0;5004=0},1190,,,,,,{11=1;13=1},{11=4;13=1},,{},{},1,{},{y=583;x=1244},,<<1047;321>;<1258;365>;<1242;417>;<1043;519>;<1103;555>;<1244;583>>,{},,FALSE,1,{}
11006,美乐美乐岛,美樂美樂島,Melemele Island,Melemele Island,멜레멜레섬,Melemele Island,Melemele Island,,<{level=41;unitId=50691;advance=7};{level=41;unitId=50691;advance=7}>,<{level=41;unitId=183021;advance=9}>,config/portrait/simple/img_615_jhxh@.png,1,4,3,20,1,6,1,<>,battle_bgm.mp3,battle/scene/bg_xcdg.jpg,config/big_hero/normal/img_615_jhxh@.png,{y=70;x=0},20,,1,,<{key=1;value=1};{key=2;value=2};{key=3;value=6}>,41,253,253,,,,9999,6,90,6,{5012=0;5000=0;5014=0;5004=0},1190,,,,,,{11=1;13=1},{11=4;13=1},,{},{},0,{gold=10000;talent_point=1;rmb=10},{y=613;x=1534},{y=765;x=1746},<<1244;583>;<1534;613>>,{},,FALSE,0,{}
11007,美乐美乐岛,美樂美樂島,Melemele Island,Melemele Island,멜레멜레섬,Melemele Island,Melemele Island,,<{level=42;unitId=62591;advance=7};{level=42;unitId=62591;advance=7}>,<{level=42;unitId=73012;advance=9}>,,1,4,3,20,1,6,1,<>,battle_bgm.mp3,battle/scene/bg_xcdg.jpg,config/big_hero/normal/img_614_dyx@.png,{y=70;x=0},20,,1,,<{key=1;value=1};{key=2;value=2};{key=3;value=6}>,42,256,256,,,,9999,6,90,6,{5012=0;5000=0;5014=0;5004=0},1190,,,,,,{11=1;13=1},{11=4;13=1},,{},{},0,{},{y=866;x=1970},,<<1534;613>;<1668;652>;<1746;765>;<1970;866>>,{},,FALSE,0,{}
11008,美乐美乐岛,美樂美樂島,Melemele Island,Melemele Island,멜레멜레섬,Melemele Island,Melemele Island,,<{level=42;unitId=63011;advance=7};{level=42;unitId=63011;advance=7};{level=42;unitId=60603;advance=7};{level=42;unitId=60603;advance=7}>,<{level=42;unitId=73502;advance=9}>,config/portrait/simple/img_699_bxjl@.png,1,4,3,20,1,6,1,<>,battle_bgm.mp3,battle/scene/bg_xcdg.jpg,config/big_hero/normal/img_699_bxjl@.png,{y=70;x=0},20,,1,,<{key=1;value=1};{key=2;value=2};{key=3;value=6}>,42,259,259,,,,9999,6,90,6,{5010=0;5000=0;5015=0;5005=0},1190,,,,,,{11=1;13=1},{11=4;13=1},,{},{},1,{gold=10000;talent_point=1;rmb=10},{y=1027;x=1683},{y=927;x=1536},<<1970;866>;<1818;917>;<1806;1003>;<1683;1027>>,{},,FALSE,1,{}
11009,美乐美乐岛,美樂美樂島,Melemele Island,Melemele Island,멜레멜레섬,Melemele Island,Melemele Island,,<{level=43;unitId=61861;advance=7}>,<{level=43;unitId=182233;advance=9}>,,1,4,3,20,1,6,1,<>,battle_bgm.mp3,battle/scene/bg_xcdg.jpg,config/big_hero/normal/img_445_lyls@.png,{y=70;x=0},20,,1,,<{key=1;value=1};{key=2;value=2};{key=3;value=6}>,43,262,262,,,,9999,6,90,6,{5010=0;5000=0;5015=0;5005=0},1190,,,,,,{11=1;13=1},{11=4;13=1},,{},{},0,{},{y=975;x=1331},,<<1683;1027>;<1536;927>;<1331;975>>,{},,FALSE,0,{}
11010,美乐美乐岛,美樂美樂島,Melemele Island,Melemele Island,멜레멜레섬,Melemele Island,Melemele Island,,<>,<{level=43;unitId=181261;advance=9}>,config/portrait/simple/img_249_lqy@.png,1,4,3,20,1,6,1,<>,battle_bgm.mp3,battle/scene/bg_xcdg.jpg,config/big_hero/normal/img_249_lqy@.png,{y=70;x=0},20,,1,,<{key=1;value=1};{key=2;value=2};{key=3;value=6}>,43,265,265,,,,9999,6,90,6,{5010=0;5000=0;5015=0;5005=0},1190,,,,,,{11=1;13=1},{11=4;13=1},,{},{},0,{},{y=1093;x=1136},,<<1331;975>;<1136;1093>>,{},,FALSE,0,{}
11101,训练家学校,訓練家學校,Trainers Academy,Trainers Academy,트레이너 아카데미,Trainers Academy,Trainers Academy,,<{level=44;unitId=62482;advance=7};{level=44;unitId=61353;advance=7};{level=44;unitId=62482;advance=7};{level=44;unitId=61353;advance=7}>,<{level=44;unitId=70173;advance=9}>,,1,4,3,20,1,6,1,<>,battle_bgm.mp3,battle/scene/bg_xcdg.jpg,config/big_hero/normal/img_45_bwh@.png,{y=70;x=0},21,,1,,<{key=1;value=1};{key=2;value=2};{key=3;value=6}>,44,268,268,,,,9999,6,120,6,{5013=0;5011=0;5000=0},1225,,,,,,{13=1;12=1},{13=1;12=2},,{},{},1,{},{y=910;x=426},,<<426;910>>,{},,FALSE,1,{}
11102,训练家学校,訓練家學校,Trainers Academy,Trainers Academy,트레이너 아카데미,Trainers Academy,Trainers Academy,,<{level=44;unitId=63302;advance=7};{level=44;unitId=63302;advance=7};{level=44;unitId=60132;advance=7};{level=44;unitId=60132;advance=7}>,<{level=44;unitId=72272;advance=9}>,config/portrait/simple/img_454_dzw@.png,1,4,3,20,1,6,1,<>,battle_bgm.mp3,battle/scene/bg_xcdg.jpg,config/big_hero/normal/img_454_dzw@.png,{y=70;x=0},21,,1,,<{key=1;value=1};{key=2;value=2};{key=3;value=6}>,44,271,271,,,,9999,6,120,6,{5013=0;5011=0;5000=0},1225,,,,,,{13=1;12=1},{13=1;12=2},,{},{},0,{gold=10000;talent_point=1;rmb=10},{y=1045;x=676},{y=894;x=760},<<426;910>;<676;1045>>,{},,FALSE,0,{}
11103,训练家学校,訓練家學校,Trainers Academy,Trainers Academy,트레이너 아카데미,Trainers Academy,Trainers Academy,,<{level=45;unitId=60571;advance=7};{level=45;unitId=61352;advance=7};{level=45;unitId=60571;advance=7}>,<{level=45;unitId=72302;advance=9}>,,1,4,3,20,1,6,1,<>,battle_bgm.mp3,battle/scene/bg_xcdg.jpg,config/big_hero/normal/img_460_bxw@.png,{y=70;x=0},21,,1,,<{key=1;value=1};{key=2;value=2};{key=3;value=6}>,45,274,274,,,,9999,6,120,6,{5013=0;5011=0;5000=0},1225,,,,,,{13=1;12=1},{13=1;12=2},,{},{},0,{},{y=1048;x=988},,<<676;1045>;<760;894>;<796;1008>;<988;1048>>,{},,FALSE,0,{}
11104,训练家学校,訓練家學校,Trainers Academy,Trainers Academy,트레이너 아카데미,Trainers Academy,Trainers Academy,,<{level=46;unitId=50471;advance=8};{level=46;unitId=60593;advance=8};{level=46;unitId=50471;advance=8};{level=46;unitId=60482;advance=8};{level=46;unitId=60482;advance=8}>,<{level=46;unitId=71392;advance=10}>,config/portrait/simple/img_281_qlla@.png,1,4,3,20,1,6,1,<>,battle_bgm.mp3,battle/scene/bg_xcdg.jpg,config/big_hero/normal/img_281_qlla@.png,{y=70;x=0},21,,1,,<{key=1;value=1};{key=2;value=2};{key=3;value=6}>,46,277,277,,,,9999,6,120,6,{5013=0;5011=0;5000=0},1225,,,,,,{13=1;12=1},{13=1;12=2},,{},{},0,{gold=10000;talent_point=1;rmb=10},{y=1042;x=1342},{y=978;x=1482},<<988;1048>;<1169;988>;<1342;1042>>,{},,FALSE,0,{}
11105,训练家学校,訓練家學校,Trainers Academy,Trainers Academy,트레이너 아카데미,Trainers Academy,Trainers Academy,,<{level=46;unitId=60472;advance=8};{level=46;unitId=60053;advance=8};{level=46;unitId=60472;advance=8};{level=46;unitId=60053;advance=8}>,<{level=46;unitId=70283;advance=10}>,,1,4,3,20,1,6,1,<>,battle_bgm.mp3,battle/scene/bg_xcdg.jpg,config/big_hero/normal/img_71_dsh@.png,{y=70;x=0},21,,1,,<{key=1;value=1};{key=2;value=2};{key=3;value=6}>,46,280,280,,,,9999,6,120,6,{5014=0;5012=0;5000=0},1225,,,,,,{13=1;12=1},{13=1;12=2},,{},{},1,{},{y=788;x=1223},,<<1342;1042>;<1482;978>;<1231;949>;<1057;887>;<1125;810>;<1223;788>>,{},,FALSE,1,{}
11106,训练家学校,訓練家學校,Trainers Academy,Trainers Academy,트레이너 아카데미,Trainers Academy,Trainers Academy,,<{level=47;unitId=60092;advance=8};{level=47;unitId=60092;advance=8};{level=47;unitId=60263;advance=8};{level=47;unitId=60263;advance=8}>,<{level=47;unitId=183143;advance=10}>,config/portrait/simple/img_635_ssel@.png,1,4,3,20,1,6,1,<>,battle_bgm.mp3,battle/scene/bg_xcdg.jpg,config/big_hero/normal/img_635_ssel@.png,{y=70;x=0},21,,1,,<{key=1;value=1};{key=2;value=2};{key=3;value=6}>,47,283,283,,,,9999,6,120,6,{5014=0;5012=0;5000=0},1225,,,,,,{13=1;12=1},{13=1;12=2},,{},{},0,{gold=10000;talent_point=1;rmb=10},{y=749;x=1644},{y=662;x=1482},<<1223;788>;<1642;829>;<1644;749>>,{},,FALSE,0,{}
11107,训练家学校,訓練家學校,Trainers Academy,Trainers Academy,트레이너 아카데미,Trainers Academy,Trainers Academy,,<{level=47;unitId=60043;advance=8};{level=47;unitId=60592;advance=8};{level=47;unitId=60043;advance=8}>,<{level=47;unitId=70783;advance=10}>,,1,4,3,20,1,6,1,<>,battle_bgm.mp3,battle/scene/bg_xcdg.jpg,config/big_hero/normal/img_154_dzk@.png,{y=70;x=0},21,,1,,<{key=1;value=1};{key=2;value=2};{key=3;value=6}>,47,286,286,,,,9999,6,120,6,{5014=0;5012=0;5000=0},1225,,,,,,{13=1;12=1},{13=1;12=2},,{},{},0,{},{y=374;x=1158},,<<1644;749>;<1482;662>;<1166;528>;<1158;374>>,{},,FALSE,0,{}
11108,训练家学校,訓練家學校,Trainers Academy,Trainers Academy,트레이너 아카데미,Trainers Academy,Trainers Academy,,<{level=48;unitId=50451;advance=8};{level=48;unitId=60132;advance=8};{level=48;unitId=50451;advance=8};{level=48;unitId=60102;advance=8};{level=48;unitId=60102;advance=8}>,<{level=48;unitId=72013;advance=10}>,config/portrait/simple/img_389_ttg@.png,1,4,3,20,1,6,1,<>,battle_bgm.mp3,battle/scene/bg_xcdg.jpg,config/big_hero/normal/img_389_ttg@.png,{y=70;x=0},21,,1,,<{key=1;value=1};{key=2;value=2};{key=3;value=6}>,48,289,289,,,,9999,6,120,6,{5015=0;5010=0;5000=0},1225,,,,,,{13=1;12=1},{13=1;12=2},,{},{},1,{gold=10000;talent_point=1;rmb=10},{y=315;x=1478},{y=435;x=1663},<<1158;374>;<1478;315>>,{},,FALSE,1,{}
11109,训练家学校,訓練家學校,Trainers Academy,Trainers Academy,트레이너 아카데미,Trainers Academy,Trainers Academy,,<{level=49;unitId=60082;advance=8};{level=49;unitId=61353;advance=8};{level=49;unitId=60082;advance=8};{level=49;unitId=61353;advance=8}>,<{level=49;unitId=181293;advance=10}>,,1,4,3,20,1,6,1,<>,battle_bgm.mp3,battle/scene/bg_xcdg.jpg,config/big_hero/normal/img_254_xyw@.png,{y=70;x=0},21,,1,,<{key=1;value=1};{key=2;value=2};{key=3;value=6}>,49,292,292,,,,9999,6,120,6,{5015=0;5010=0;5000=0},1225,,,,,,{13=1;12=1},{13=1;12=2},,{},{},0,{},{y=493;x=1884},,<<1478;315>;<1663;435>;<1884;493>>,{},,FALSE,0,{}
11110,训练家学校,訓練家學校,Trainers Academy,Trainers Academy,트레이너 아카데미,Trainers Academy,Trainers Academy,,<>,<{level=49;unitId=181961;advance=10}>,config/portrait/simple/img_382_gok@.png,1,4,3,20,1,6,1,<>,battle_bgm.mp3,battle/scene/bg_xcdg.jpg,config/big_hero/normal/img_382_gok@.png,{y=70;x=0},21,,1,,<{key=1;value=1};{key=2;value=2};{key=3;value=6}>,49,295,295,,,,9999,6,120,6,{5015=0;5010=0;5000=0},1225,,,,,,{13=1;12=1},{13=1;12=2},,{},{},0,{},{y=676;x=2056},,<<1884;493>;<2056;676>>,{},,FALSE,0,{}
11201,好奥乐市,好奧樂市,Hau'oli City,Hau'oli City,하우올리시티,Hau'oli City,Hau'oli City,,<{level=50;unitId=60792;advance=8};{level=50;unitId=60571;advance=8};{level=50;unitId=60792;advance=8}>,<{level=50;unitId=70033;advance=10}>,,1,4,3,20,1,6,1,<>,battle_bgm.mp3,battle/scene/bg_xcdg.jpg,config/big_hero/normal/img_12_bdd@.png,{y=70;x=0},22,,1,,<{key=1;value=1};{key=2;value=2};{key=3;value=6}>,50,298,298,,,,9999,6,120,6,{5016=0;5008=0;5000=0},1890,,,,,,{13=1;12=2},{13=1;12=3},,{},{},1,{},{y=285;x=1554},,<<1554;285>>,{},,FALSE,1,{}
11202,好奥乐市,好奧樂市,Hau'oli City,Hau'oli City,하우올리시티,Hau'oli City,Hau'oli City,,<{level=51;unitId=50601;advance=9};{level=51;unitId=60692;advance=9};{level=51;unitId=50601;advance=9};{level=51;unitId=60482;advance=9};{level=51;unitId=60482;advance=9}>,<{level=51;unitId=72683;advance=11}>,config/portrait/simple/img_545_wgw@.png,1,4,3,20,1,6,1,<>,battle_bgm.mp3,battle/scene/bg_xcdg.jpg,config/big_hero/normal/img_545_wgw@.png,{y=70;x=0},22,,1,,<{key=1;value=1};{key=2;value=2};{key=3;value=6}>,51,301,301,,,,9999,6,120,6,{5016=0;5008=0;5000=0},1890,,,,,,{13=1;12=2},{13=1;12=3},,{},{},0,{gold=10000;talent_point=1;rmb=10},{y=446;x=1289},{y=323;x=1086},<<1554;285>;<1289;446>>,{},,FALSE,0,{}
11203,好奥乐市,好奧樂市,Hau'oli City,Hau'oli City,하우올리시티,Hau'oli City,Hau'oli City,,<{level=51;unitId=60603;advance=9};{level=51;unitId=60272;advance=9};{level=51;unitId=60603;advance=9};{level=51;unitId=60272;advance=9}>,<{level=51;unitId=70043;advance=11}>,,1,4,3,20,1,6,1,<>,battle_bgm.mp3,battle/scene/bg_xcdg.jpg,config/big_hero/normal/img_15_dzf@.png,{y=70;x=0},22,,1,,<{key=1;value=1};{key=2;value=2};{key=3;value=6}>,51,304,304,,,,9999,6,120,6,{5016=0;5008=0;5000=0},1890,,,,,,{13=1;12=2},{13=1;12=3},,{},{},0,{},{y=565;x=1045},,<<1289;446>;<1086;323>;<1045;565>>,{},,FALSE,0,{}
11204,好奥乐市,好奧樂市,Hau'oli City,Hau'oli City,하우올리시티,Hau'oli City,Hau'oli City,,<{level=52;unitId=60392;advance=9};{level=52;unitId=60392;advance=9};{level=52;unitId=60262;advance=9};{level=52;unitId=60262;advance=9}>,<{level=52;unitId=70333;advance=11}>,config/portrait/simple/img_462_zbcg@.png,1,4,3,20,1,6,1,<>,battle_bgm.mp3,battle/scene/bg_xcdg.jpg,config/big_hero/normal/img_462_zbcg@.png,{y=70;x=0},22,,1,,<{key=1;value=1};{key=2;value=2};{key=3;value=6}>,52,307,307,,,,9999,6,120,6,{5016=0;5008=0;5000=0},1890,,,,,,{13=1;12=2},{13=1;12=3},,{},{},0,{gold=10000;talent_point=1;rmb=10},{y=619;x=643},{y=730;x=809},<<1045;565>;<693;526>;<643;619>>,{},,FALSE,0,{}
11205,好奥乐市,好奧樂市,Hau'oli City,Hau'oli City,하우올리시티,Hau'oli City,Hau'oli City,,<{level=53;unitId=60392;advance=9};{level=53;unitId=60092;advance=9};{level=53;unitId=60392;advance=9}>,<{level=53;unitId=70572;advance=11}>,,1,4,3,20,1,6,1,<>,battle_bgm.mp3,battle/scene/bg_xcdg.jpg,config/big_hero/normal/img_212_jqtl@.png,{y=70;x=0},22,,1,,<{key=1;value=1};{key=2;value=2};{key=3;value=6}>,53,310,310,,,,9999,6,120,6,{5017=0;5009=0;5000=0},1890,,,,,,{13=1;12=2},{13=1;12=3},,{},{},1,{},{y=920;x=767},,<<643;619>;<809;730>;<887;812>;<767;920>>,{},,FALSE,1,{}
11206,好奥乐市,好奧樂市,Hau'oli City,Hau'oli City,하우올리시티,Hau'oli City,Hau'oli City,,<{level=54;unitId=50101;advance=9};{level=54;unitId=60571;advance=9};{level=54;unitId=50101;advance=9};{level=54;unitId=60133;advance=9};{level=54;unitId=60133;advance=9}>,<{level=54;unitId=180593;advance=11}>,config/portrait/simple/img_466_djms@.png,1,4,3,20,1,6,1,<>,battle_bgm.mp3,battle/scene/bg_xcdg.jpg,config/big_hero/normal/img_466_djms@.png,{y=70;x=0},22,,1,,<{key=1;value=1};{key=2;value=2};{key=3;value=6}>,54,313,313,,,,9999,6,120,6,{5017=0;5009=0;5000=0},1890,,,,,,{13=1;12=2},{13=1;12=3},,{},{},0,{gold=10000;talent_point=1;rmb=10},{y=1049;x=1178},{y=864;x=1314},<<767;920>;<1178;1049>>,{},,FALSE,0,{}
11207,好奥乐市,好奧樂市,Hau'oli City,Hau'oli City,하우올리시티,Hau'oli City,Hau'oli City,,<{level=55;unitId=60272;advance=9};{level=55;unitId=60392;advance=9};{level=55;unitId=60272;advance=9};{level=55;unitId=60392;advance=9}>,<{level=55;unitId=70883;advance=11}>,,1,4,3,20,1,6,1,<>,battle_bgm.mp3,battle/scene/bg_xcdg.jpg,config/big_hero/normal/img_181_dl@.png,{y=70;x=0},22,,1,,<{key=1;value=1};{key=2;value=2};{key=3;value=6}>,55,316,316,,,,9999,6,120,6,{5017=0;5009=0;5000=0},1890,,,,,,{13=1;12=2},{13=1;12=3},,{},{},0,{},{y=696;x=1527},,<<1178;1049>;<1268;1000>;<1314;864>;<1251;702>;<1527;696>>,{},,FALSE,0,{}
11208,好奥乐市,好奧樂市,Hau'oli City,Hau'oli City,하우올리시티,Hau'oli City,Hau'oli City,,<{level=55;unitId=60552;advance=9};{level=55;unitId=60552;advance=9};{level=55;unitId=61612;advance=9};{level=55;unitId=61612;advance=9}>,<{level=55;unitId=72073;advance=11}>,config/portrait/simple/img_405_lqm@.png,1,4,3,20,1,6,1,<>,battle_bgm.mp3,battle/scene/bg_xcdg.jpg,config/big_hero/normal/img_405_lqm@.png,{y=70;x=0},22,,1,,<{key=1;value=1};{key=2;value=2};{key=3;value=6}>,55,319,319,,,,9999,6,120,6,{5007=0;5018=0;5000=0},1890,,,,,,{13=1;12=2},{13=1;12=3},,{},{},1,{gold=10000;talent_point=1;rmb=10},{y=788;x=1716},{y=718;x=1965},<<1527;696>;<1716;788>>,{},,FALSE,1,{}
11209,好奥乐市,好奧樂市,Hau'oli City,Hau'oli City,하우올리시티,Hau'oli City,Hau'oli City,,<{level=56;unitId=62482;advance=10};{level=56;unitId=60572;advance=10};{level=56;unitId=62482;advance=10}>,<{level=56;unitId=181221;advance=12}>,,1,4,3,20,1,6,1,<>,battle_bgm.mp3,battle/scene/bg_xcdg.jpg,config/big_hero/normal/img_243_lg@.png,{y=70;x=0},22,,1,,<{key=1;value=1};{key=2;value=2};{key=3;value=6}>,56,322,322,,,,9999,6,120,6,{5007=0;5018=0;5000=0},1890,,,,,,{13=1;12=2},{13=1;12=3},,{},{},0,{},{y=856;x=2169},,<<1716;788>;<1965;718>;<2169;856>>,{},,FALSE,0,{}
11210,好奥乐市,好奧樂市,Hau'oli City,Hau'oli City,하우올리시티,Hau'oli City,Hau'oli City,,<>,<{level=57;unitId=183631;advance=12}>,config/portrait/simple/img_719_dax@.png,1,4,3,20,1,6,1,<>,battle_bgm.mp3,battle/scene/bg_xcdg.jpg,config/big_hero/normal/img_719_dax@.png,{y=70;x=0},22,,1,,<{key=1;value=1};{key=2;value=2};{key=3;value=6}>,57,325,325,,,,9999,6,120,6,{5007=0;5018=0;5000=0},1890,,,,,,{13=1;12=2},{13=1;12=3},,{},{},0,{},{y=1002;x=1892},,<<2169;856>;<1892;1002>>,{},,FALSE,0,{}
11301,对战开拓区,對戰開拓區,Battle in Mining Area,Battle in Mining Area,대전 개척 구역,Battle in Mining Area,Battle in Mining Area,,<{level=58;unitId=63302;advance=10};{level=58;unitId=63302;advance=10};{level=58;unitId=63302;advance=10}>,<{level=58;unitId=72822;advance=12}>,,1,4,3,20,1,6,1,<>,battle_bgm.mp3,battle/scene/bg_xcdg.jpg,config/big_hero/normal/img_571_slyk@.png,{y=70;x=0},23,,1,,<{key=1;value=1};{key=2;value=2};{key=3;value=6}>,58,329,329,,,,9999,6,120,6,{5016=0;5000=0},2100,,,,,,{13=2},{13=2;12=2},,{},{},1,{},{y=271;x=1446},,<<1446;271>>,{},,FALSE,1,{}
11302,对战开拓区,對戰開拓區,Battle in Mining Area,Battle in Mining Area,대전 개척 구역,Battle in Mining Area,Battle in Mining Area,,<{level=59;unitId=52271;advance=10};{level=59;unitId=60272;advance=10};{level=59;unitId=52271;advance=10};{level=59;unitId=60002;advance=10};{level=59;unitId=60002;advance=10}>,<{level=59;unitId=73143;advance=12}>,config/portrait/simple/img_635_ssel@.png,1,4,3,20,1,6,1,<>,battle_bgm.mp3,battle/scene/bg_xcdg.jpg,config/big_hero/normal/img_635_ssel@.png,{y=70;x=0},23,,1,,<{key=1;value=1};{key=2;value=2};{key=3;value=6}>,59,333,333,,,,9999,6,120,6,{5016=0;5000=0},2100,,,,,,{13=2},{13=2;12=2},,{},{},0,{gold=10000;talent_point=1;rmb=10},{y=425;x=1138},{y=392;x=1002},<<1446;271>;<1500;318>;<1214;455>;<1138;425>>,{},,FALSE,0,{}
11303,对战开拓区,對戰開拓區,Battle in Mining Area,Battle in Mining Area,대전 개척 구역,Battle in Mining Area,Battle in Mining Area,,<{level=59;unitId=60092;advance=10};{level=59;unitId=63542;advance=10};{level=59;unitId=60092;advance=10};{level=59;unitId=63542;advance=10}>,<{level=59;unitId=73303;advance=12}>,,1,4,3,20,1,6,1,<>,battle_bgm.mp3,battle/scene/bg_xcdg.jpg,config/big_hero/normal/img_658_jhrw@.png,{y=70;x=0},23,,1,,<{key=1;value=1};{key=2;value=2};{key=3;value=6}>,59,337,337,,,,9999,6,120,6,{5016=0;5000=0},2100,,,,,,{13=2},{13=2;12=2},,{},{},0,{},{y=652;x=777},,<<1138;425>;<1002;392>;<1102;495>;<777;652>>,{},,FALSE,0,{}
11304,对战开拓区,對戰開拓區,Battle in Mining Area,Battle in Mining Area,대전 개척 구역,Battle in Mining Area,Battle in Mining Area,,<{level=60;unitId=60792;advance=10};{level=60;unitId=60792;advance=10};{level=60;unitId=60571;advance=10};{level=60;unitId=60571;advance=10}>,<{level=60;unitId=70014;advance=12}>,config/portrait/simple/img_6_cjphlx@.png,1,4,3,20,1,6,1,<>,battle_bgm.mp3,battle/scene/bg_xcdg.jpg,config/big_hero/normal/img_6_cjphlx@.png,{y=70;x=0},23,,1,,<{key=1;value=1};{key=2;value=2};{key=3;value=6}>,60,341,341,,,,9999,6,120,6,{5016=0;5000=0},2100,,,,,,{13=2},{13=2;12=2},,{},{},0,{gold=10000;talent_point=1;rmb=10},{y=893;x=815},{y=912;x=974},<<777;652>;<843;745>;<874;866>;<815;893>>,{},,FALSE,0,{}
11305,对战开拓区,對戰開拓區,Battle in Mining Area,Battle in Mining Area,대전 개척 구역,Battle in Mining Area,Battle in Mining Area,,<{level=61;unitId=63302;advance=10};{level=61;unitId=60262;advance=10};{level=61;unitId=63302;advance=10}>,<{level=61;unitId=72231;advance=12}>,,1,4,3,20,1,6,1,<>,battle_bgm.mp3,battle/scene/bg_xcdg.jpg,config/big_hero/normal/img_443_yls@.png,{y=70;x=0},23,,1,,<{key=1;value=1};{key=2;value=2};{key=3;value=6}>,61,345,345,,,,9999,6,120,6,{5017=0;5000=0},2100,,,,,,{13=2},{13=2;12=2},,{},{},1,{},{y=813;x=1192},,<<815;893>;<974;912>;<1106;893>;<1192;813>>,{},,FALSE,1,{}
11306,对战开拓区,對戰開拓區,Battle in Mining Area,Battle in Mining Area,대전 개척 구역,Battle in Mining Area,Battle in Mining Area,,<{level=62;unitId=51421;advance=11};{level=62;unitId=60262;advance=11};{level=62;unitId=51421;advance=11};{level=62;unitId=60593;advance=11};{level=62;unitId=60593;advance=11}>,<{level=62;unitId=181893;advance=12}>,config/portrait/simple/img_373_bfl@.png,1,4,3,20,1,6,1,<>,battle_bgm.mp3,battle/scene/bg_xcdg.jpg,config/big_hero/normal/img_373_bfl@.png,{y=70;x=0},23,,1,,<{key=1;value=1};{key=2;value=2};{key=3;value=6}>,62,349,349,,,,9999,6,120,6,{5017=0;5000=0},2100,,,,,,{13=2},{13=2;12=2},,{},{},0,{gold=10000;talent_point=1;rmb=10},{y=690;x=1414},{y=575;x=1581},<<1192;813>;<1414;690>>,{},,FALSE,0,{}
11307,对战开拓区,對戰開拓區,Battle in Mining Area,Battle in Mining Area,대전 개척 구역,Battle in Mining Area,Battle in Mining Area,,<{level=63;unitId=61422;advance=11};{level=63;unitId=60002;advance=11};{level=63;unitId=61422;advance=11};{level=63;unitId=60002;advance=11}>,<{level=63;unitId=71841;advance=12}>,,1,4,3,20,1,6,1,<>,battle_bgm.mp3,battle/scene/bg_xcdg.jpg,config/big_hero/normal/img_359_absl@.png,{y=70;x=0},23,,1,,<{key=1;value=1};{key=2;value=2};{key=3;value=6}>,63,353,353,,,,9999,6,120,6,{5017=0;5000=0},2100,,,,,,{13=2},{13=2;12=2},,{},{},0,{},{y=766;x=1660},,<<1414;690>;<1581;575>;<1660;766>>,{},,FALSE,0,{}
11308,对战开拓区,對戰開拓區,Battle in Mining Area,Battle in Mining Area,대전 개척 구역,Battle in Mining Area,Battle in Mining Area,,<{level=63;unitId=60072;advance=11};{level=63;unitId=60072;advance=11};{level=63;unitId=60692;advance=11};{level=63;unitId=60692;advance=11}>,<{level=63;unitId=70493;advance=12}>,config/portrait/simple/img_464_cjkx@.png,1,4,3,20,1,6,1,<>,battle_bgm.mp3,battle/scene/bg_xcdg.jpg,config/big_hero/normal/img_464_cjkx@.png,{y=70;x=0},23,,1,,<{key=1;value=1};{key=2;value=2};{key=3;value=6}>,63,357,357,,,,9999,6,120,6,{5018=0;5000=0},2100,,,,,,{13=2},{13=2;12=2},,{},{},1,{gold=10000;talent_point=1;rmb=10},{y=641;x=1883},{y=784;x=2081},<<1660;766>;<1883;641>>,{},,FALSE,1,{}
11309,对战开拓区,對戰開拓區,Battle in Mining Area,Battle in Mining Area,대전 개척 구역,Battle in Mining Area,Battle in Mining Area,,<{level=64;unitId=63302;advance=11};{level=64;unitId=60333;advance=11};{level=64;unitId=63302;advance=11}>,<{level=64;unitId=193413;advance=13}>,,1,4,3,20,1,6,1,<>,battle_bgm.mp3,battle/scene/bg_xcdg.jpg,config/big_hero/normal/img_681_jdjg@.png,{y=70;x=0},23,,1,,<{key=1;value=1};{key=2;value=2};{key=3;value=6}>,64,361,361,,,,9999,6,120,6,{5018=0;5000=0},2100,,,,,,{13=2},{13=2;12=2},,{},{},0,{},{y=941;x=1808},,<<1883;641>;<1904;764>;<2081;784>;<1808;941>>,{},,FALSE,0,{}
11310,对战开拓区,對戰開拓區,Battle in Mining Area,Battle in Mining Area,대전 개척 구역,Battle in Mining Area,Battle in Mining Area,,<>,<{level=65;unitId=180394;advance=13}>,config/portrait/simple/img_94_cjgg@.png,1,4,3,20,1,6,1,<>,battle_bgm.mp3,battle/scene/bg_xcdg.jpg,config/big_hero/normal/img_94_cjgg@.png,{y=70;x=0},23,,1,,<{key=1;value=1};{key=2;value=2};{key=3;value=6}>,65,365,365,,,,9999,6,120,6,{5018=0;5000=0},2100,,,,,,{13=2},{13=2;12=2},,{},{},0,{},{y=1047;x=1567},,<<1808;941>;<1567;1047>>,{},,FALSE,0,{}
11401,圆朱市,圓朱市,Ecruteak City,Ecruteak City,인주시티,Ecruteak City,Ecruteak City,,<{level=66;unitId=60472;advance=10};{level=66;unitId=60132;advance=10};{level=66;unitId=60472;advance=10}>,<{level=66;unitId=70051;advance=12}>,,1,4,3,20,1,6,1,<>,battle_bgm.mp3,battle/scene/bg_xcdg.jpg,config/big_hero/normal/img_16_bb@.png,{y=70;x=0},24,,1,,<{key=1;value=1};{key=2;value=2};{key=3;value=6}>,66,369,369,,,,9999,6,120,6,{5019=0;5011=0;5000=0},2310,,,,,,{13=2;12=1},{13=2;12=3},,{},{},1,{},{y=459;x=629},,<<629;459>>,{},,FALSE,1,{}
11402,圆朱市,圓朱市,Ecruteak City,Ecruteak City,인주시티,Ecruteak City,Ecruteak City,,<{level=67;unitId=53301;advance=10};{level=67;unitId=61252;advance=10};{level=67;unitId=53301;advance=10};{level=67;unitId=60022;advance=10};{level=67;unitId=60022;advance=10}>,<{level=67;unitId=70571;advance=12}>,config/portrait/simple/img_123_fttl@.png,1,4,3,20,1,6,1,<>,battle_bgm.mp3,battle/scene/bg_xcdg.jpg,config/big_hero/normal/img_123_fttl@.png,{y=70;x=0},24,,1,,<{key=1;value=1};{key=2;value=2};{key=3;value=6}>,67,373,373,,,,9999,6,120,6,{5019=0;5011=0;5000=0},2310,,,,,,{13=2;12=1},{13=2;12=3},,{},{},0,{gold=10000;talent_point=1;rmb=10},{y=469;x=939},{y=577;x=1130},<<629;459>;<703;504>;<852;426>;<939;469>>,{},,FALSE,0,{}
11403,圆朱市,圓朱市,Ecruteak City,Ecruteak City,인주시티,Ecruteak City,Ecruteak City,,<{level=68;unitId=60472;advance=10};{level=68;unitId=60262;advance=10};{level=68;unitId=60472;advance=10};{level=68;unitId=60262;advance=10}>,<{level=68;unitId=70013;advance=12}>,,1,4,3,20,1,6,1,<>,battle_bgm.mp3,battle/scene/bg_xcdg.jpg,config/big_hero/normal/img_6_phl@.png,{y=70;x=0},24,,1,,<{key=1;value=1};{key=2;value=2};{key=3;value=6}>,68,377,377,,,,9999,6,120,6,{5019=0;5011=0;5000=0},2310,,,,,,{13=2;12=1},{13=2;12=3},,{},{},0,{},{y=769;x=797},,<<939;469>;<1130;577>;<797;769>>,{},,FALSE,0,{}
11404,圆朱市,圓朱市,Ecruteak City,Ecruteak City,인주시티,Ecruteak City,Ecruteak City,,<{level=69;unitId=60552;advance=10};{level=69;unitId=60552;advance=10};{level=69;unitId=61172;advance=10};{level=69;unitId=61172;advance=10}>,<{level=69;unitId=70044;advance=12}>,config/portrait/simple/img_15_cjdzf@.png,1,4,3,20,1,6,1,<>,battle_bgm.mp3,battle/scene/bg_xcdg.jpg,config/big_hero/normal/img_15_cjdzf@.png,{y=70;x=0},24,,1,,<{key=1;value=1};{key=2;value=2};{key=3;value=6}>,69,381,381,,,,9999,6,120,6,{5019=0;5011=0;5000=0},2310,,,,,,{13=2;12=1},{13=2;12=3},,{},{},0,{gold=10000;talent_point=1;rmb=10},{y=843;x=1061},{y=829;x=1213},<<797;769>;<892;769>;<1061;843>>,{},,FALSE,0,{}
11405,圆朱市,圓朱市,Ecruteak City,Ecruteak City,인주시티,Ecruteak City,Ecruteak City,,<{level=70;unitId=60552;advance=10};{level=70;unitId=60792;advance=10};{level=70;unitId=60552;advance=10}>,<{level=70;unitId=70632;advance=12}>,,1,4,3,20,1,6,1,<>,battle_bgm.mp3,battle/scene/bg_xcdg.jpg,config/big_hero/normal/img_130_bll@.png,{y=70;x=0},24,,1,,<{key=1;value=1};{key=2;value=2};{key=3;value=6}>,70,385,385,,,,9999,6,120,6,{5012=0;5020=0;5000=0},2310,,,,,,{13=2;12=1},{13=2;12=3},,{},{},1,{},{y=547;x=1333},,<<1061;843>;<1155;843>;<1213;829>;<1423;689>;<1271;631>;<1333;547>>,{},,FALSE,1,{}
11406,圆朱市,圓朱市,Ecruteak City,Ecruteak City,인주시티,Ecruteak City,Ecruteak City,,<{level=71;unitId=50021;advance=11};{level=71;unitId=60392;advance=11};{level=71;unitId=50021;advance=11};{level=71;unitId=62012;advance=11};{level=71;unitId=62012;advance=11}>,<{level=71;unitId=182233;advance=12}>,config/portrait/simple/img_445_lyls@.png,1,4,3,20,1,6,1,<>,battle_bgm.mp3,battle/scene/bg_xcdg.jpg,config/big_hero/normal/img_445_lyls@.png,{y=70;x=0},24,,1,,<{key=1;value=1};{key=2;value=2};{key=3;value=6}>,71,389,389,,,,9999,6,120,6,{5012=0;5020=0;5000=0},2310,,,,,,{13=2;12=1},{13=2;12=3},,{},{},0,{gold=10000;talent_point=1;rmb=10},{y=493;x=1609},{y=573;x=1760},<<1333;547>;<1516;448>;<1609;493>>,{},,FALSE,0,{}
11407,圆朱市,圓朱市,Ecruteak City,Ecruteak City,인주시티,Ecruteak City,Ecruteak City,,<{level=72;unitId=60092;advance=11};{level=72;unitId=60592;advance=11};{level=72;unitId=60092;advance=11};{level=72;unitId=60592;advance=11}>,<{level=72;unitId=73543;advance=12}>,,1,4,3,20,1,6,1,<>,battle_bgm.mp3,battle/scene/bg_xcdg.jpg,config/big_hero/normal/img_706_nml@.png,{y=70;x=0},24,,1,,<{key=1;value=1};{key=2;value=2};{key=3;value=6}>,72,393,393,,,,9999,6,120,6,{5012=0;5020=0;5000=0},2310,,,,,,{13=2;12=1},{13=2;12=3},,{},{},0,{},{y=642;x=1957},,<<1609;493>;<1760;573>;<1957;642>>,{},,FALSE,0,{}
11408,圆朱市,圓朱市,Ecruteak City,Ecruteak City,인주시티,Ecruteak City,Ecruteak City,,<{level=73;unitId=60572;advance=11};{level=73;unitId=60572;advance=11};{level=73;unitId=60603;advance=11};{level=73;unitId=60603;advance=11}>,<{level=73;unitId=73143;advance=12}>,config/portrait/simple/img_635_ssel@.png,1,4,3,20,1,6,1,<>,battle_bgm.mp3,battle/scene/bg_xcdg.jpg,config/big_hero/normal/img_635_ssel@.png,{y=70;x=0},24,,1,,<{key=1;value=1};{key=2;value=2};{key=3;value=6}>,73,397,397,,,,9999,6,120,6,{5021=0;5010=0;5000=0},2310,,,,,,{13=2;12=1},{13=2;12=3},,{},{},1,{gold=10000;talent_point=1;rmb=10},{y=947;x=1963},{y=843;x=1760},<<1957;642>;<1933;762>;<2016;893>;<1963;947>>,{},,FALSE,1,{}
11409,圆朱市,圓朱市,Ecruteak City,Ecruteak City,인주시티,Ecruteak City,Ecruteak City,,<{level=74;unitId=60793;advance=11};{level=74;unitId=63472;advance=11};{level=74;unitId=60793;advance=11}>,<{level=74;unitId=183003;advance=13}>,,1,4,3,20,1,6,1,<>,battle_bgm.mp3,battle/scene/bg_xcdg.jpg,config/big_hero/normal/img_612_sfzl@.png,{y=70;x=0},24,,1,,<{key=1;value=1};{key=2;value=2};{key=3;value=6}>,74,401,401,,,,9999,6,120,6,{5021=0;5010=0;5000=0},2310,,,,,,{13=2;12=1},{13=2;12=3},,{},{},0,{},{y=853;x=1566},,<<1963;947>;<1760;843>;<1639;815>;<1566;853>>,{},,FALSE,0,{}
11410,圆朱市,圓朱市,Ecruteak City,Ecruteak City,인주시티,Ecruteak City,Ecruteak City,,<>,<{level=75;unitId=181981;advance=13}>,config/portrait/simple/img_384_lkz@.png,1,4,3,20,1,6,1,<>,battle_bgm.mp3,battle/scene/bg_xcdg.jpg,config/big_hero/normal/img_384_lkz@.png,{y=70;x=0},24,,1,,<{key=1;value=1};{key=2;value=2};{key=3;value=6}>,75,405,405,,,,9999,6,120,6,{5021=0;5010=0;5000=0},2310,,,,,,{13=2;12=1},{13=2;12=3},,{},{},0,{},{y=951;x=1387},,<<1566;853>;<1387;951>>,{},,FALSE,0,{}
11501,古代祭坛,古代祭壇,Ancient Altar,Ancient Altar,고대의 제단,Ancient Altar,Ancient Altar,,<{level=76;unitId=62482;advance=11};{level=76;unitId=61353;advance=11}>,<{level=76;unitId=70173;advance=12}>,,1,4,3,20,1,6,1,<>,battle_bgm.mp3,battle/scene/bg_xcdg.jpg,config/big_hero/normal/img_45_bwh@.png,{y=70;x=0},25,,1,,<{key=1;value=1};{key=2;value=2};{key=3;value=6}>,76,409,409,,,,9999,6,120,6,{5019=0;5000=0},2520,,,,,,{13=2;12=2},{13=3;12=1},,{},{},1,{},{y=343;x=727},,<<727;343>>,{},,FALSE,1,{}
11502,古代祭坛,古代祭壇,Ancient Altar,Ancient Altar,고대의 제단,Ancient Altar,Ancient Altar,,<{level=77;unitId=53302;advance=11};{level=77;unitId=53302;advance=11};{level=77;unitId=60132;advance=11};{level=77;unitId=60132;advance=11}>,<{level=77;unitId=70283;advance=12}>,config/portrait/simple/img_71_dsh@.png,1,4,3,20,1,6,1,<>,battle_bgm.mp3,battle/scene/bg_xcdg.jpg,config/big_hero/normal/img_71_dsh@.png,{y=70;x=0},25,,1,,<{key=1;value=1};{key=2;value=2};{key=3;value=6}>,77,413,413,,,,9999,6,120,6,{5019=0;5000=0},2520,,,,,,{13=2;12=2},{13=3;12=1},,{},{},0,{gold=10000;talent_point=1;rmb=10},{y=590;x=417},{y=711;x=587},<<727;343>;<417;590>>,{},,FALSE,0,{}
11503,古代祭坛,古代祭壇,Ancient Altar,Ancient Altar,고대의 제단,Ancient Altar,Ancient Altar,,<{level=78;unitId=60571;advance=11};{level=78;unitId=60571;advance=11}>,<{level=78;unitId=71292;advance=12}>,,1,4,3,20,1,6,1,<>,battle_bgm.mp3,battle/scene/bg_xcdg.jpg,config/big_hero/normal/img_253_slxy@.png,{y=70;x=0},25,,1,,<{key=1;value=1};{key=2;value=2};{key=3;value=6}>,78,417,417,,,,9999,6,120,6,{5019=0;5000=0},2520,,,,,,{13=2;12=2},{13=3;12=1},,{},{},0,{},{y=868;x=664},,<<417;590>;<587;711>;<664;746>;<664;868>>,{},,FALSE,0,{}
11504,古代祭坛,古代祭壇,Ancient Altar,Ancient Altar,고대의 제단,Ancient Altar,Ancient Altar,,<{level=79;unitId=60471;advance=11};{level=79;unitId=60471;advance=11};{level=79;unitId=60482;advance=11};{level=79;unitId=60482;advance=11}>,<{level=79;unitId=73283;advance=12}>,config/portrait/simple/img_652_blkl@.png,1,4,3,20,1,6,1,<>,battle_bgm.mp3,battle/scene/bg_xcdg.jpg,config/big_hero/normal/img_652_blkl@.png,{y=70;x=0},25,,1,,<{key=1;value=1};{key=2;value=2};{key=3;value=6}>,79,421,421,,,,9999,6,120,6,{5019=0;5000=0},2520,,,,,,{13=2;12=2},{13=3;12=1},,{},{},0,{gold=10000;talent_point=1;rmb=10},{y=908;x=1001},{y=1007;x=1193},<<664;868>;<843;828>;<1001;908>>,{},,FALSE,0,{}
11505,古代祭坛,古代祭壇,Ancient Altar,Ancient Altar,고대의 제단,Ancient Altar,Ancient Altar,,<{level=80;unitId=60472;advance=11};{level=80;unitId=60053;advance=11}>,<{level=80;unitId=72013;advance=12}>,,1,4,3,20,1,6,1,<>,battle_bgm.mp3,battle/scene/bg_xcdg.jpg,config/big_hero/normal/img_389_ttg@.png,{y=70;x=0},25,,1,,<{key=1;value=1};{key=2;value=2};{key=3;value=6}>,80,425,425,,,,9999,6,120,6,{5020=0;5000=0},2520,,,,,,{13=2;12=2},{13=3;12=1},,{},{},1,{},{y=591;x=1171},,<<1001;908>;<1193;1007>;<1241;878>;<1171;788>;<1171;591>>,{},,FALSE,1,{}
11506,古代祭坛,古代祭壇,Ancient Altar,Ancient Altar,고대의 제단,Ancient Altar,Ancient Altar,,<{level=81;unitId=50092;advance=11};{level=81;unitId=50092;advance=11};{level=81;unitId=60263;advance=11};{level=81;unitId=60263;advance=11}>,<{level=81;unitId=181251;advance=12}>,config/portrait/simple/img_246_yjls@.png,1,4,3,20,1,6,1,<>,battle_bgm.mp3,battle/scene/bg_xcdg.jpg,config/big_hero/normal/img_246_yjls@.png,{y=70;x=0},25,,1,,<{key=1;value=1};{key=2;value=2};{key=3;value=6}>,81,429,429,,,,9999,6,120,6,{5020=0;5000=0},2520,,,,,,{13=2;12=2},{13=3;12=1},,{},{},0,{gold=10000;talent_point=1;rmb=10},{y=668;x=1417},{y=838;x=1565},<<1171;591>;<1335;601>;<1417;668>>,{},,FALSE,0,{}
11507,古代祭坛,古代祭壇,Ancient Altar,Ancient Altar,고대의 제단,Ancient Altar,Ancient Altar,,<{level=82;unitId=60043;advance=11};{level=82;unitId=60043;advance=11}>,<{level=82;unitId=70303;advance=12}>,,1,4,3,20,1,6,1,<>,battle_bgm.mp3,battle/scene/bg_xcdg.jpg,config/big_hero/normal/img_75_lls@.png,{y=70;x=0},25,,1,,<{key=1;value=1};{key=2;value=2};{key=3;value=6}>,82,433,433,,,,9999,6,120,6,{5020=0;5000=0},2520,,,,,,{13=2;12=2},{13=3;12=1},,{},{},0,{},{y=591;x=1774},,<<1417;668>;<1530;580>;<1643;689>;<1565;838>;<1774;591>>,{},,FALSE,0,{}
11508,古代祭坛,古代祭壇,Ancient Altar,Ancient Altar,고대의 제단,Ancient Altar,Ancient Altar,,<{level=83;unitId=60451;advance=11};{level=83;unitId=60451;advance=11};{level=83;unitId=60102;advance=11};{level=83;unitId=60102;advance=11}>,<{level=83;unitId=72591;advance=12}>,config/portrait/simple/img_524_swz@.png,1,4,3,20,1,6,1,<>,battle_bgm.mp3,battle/scene/bg_xcdg.jpg,config/big_hero/normal/img_524_swz@.png,{y=70;x=0},25,,1,,<{key=1;value=1};{key=2;value=2};{key=3;value=6}>,83,437,437,,,,9999,6,120,6,{5021=0;5000=0},2520,,,,,,{13=2;12=2},{13=3;12=1},,{},{},1,{gold=10000;talent_point=1;rmb=10},{y=669;x=2153},{y=841;x=1953},<<1774;591>;<1967;711>;<2153;669>>,{},,FALSE,1,{}
11509,古代祭坛,古代祭壇,Ancient Altar,Ancient Altar,고대의 제단,Ancient Altar,Ancient Altar,,<{level=84;unitId=60082;advance=11};{level=84;unitId=61353;advance=11}>,<{level=84;unitId=182593;advance=13}>,,1,4,3,20,1,6,1,<>,battle_bgm.mp3,battle/scene/bg_xcdg.jpg,config/big_hero/normal/img_526_pyg@.png,{y=70;x=0},25,,1,,<{key=1;value=1};{key=2;value=2};{key=3;value=6}>,84,441,441,,,,9999,6,120,6,{5021=0;5000=0},2520,,,,,,{13=2;12=2},{13=3;12=1},,{},{},0,{},{y=953;x=1702},,<<2153;669>;<1953;841>;<1702;953>>,{},,FALSE,0,{}
11510,古代祭坛,古代祭壇,Ancient Altar,Ancient Altar,고대의 제단,Ancient Altar,Ancient Altar,,<>,<{level=85;unitId=182303;advance=13}>,config/portrait/simple/img_460_cjbxw@.png,1,4,3,20,1,6,1,<>,battle_bgm.mp3,battle/scene/bg_xcdg.jpg,config/big_hero/normal/img_460_cjbxw@.png,{y=70;x=0},25,,1,,<{key=1;value=1};{key=2;value=2};{key=3;value=6}>,85,445,445,,,,9999,6,120,6,{5021=0;5000=0},2520,,,,,,{13=2;12=2},{13=3;12=1},,{},{},0,{},{y=1030;x=1869},,<<1702;953>;<1869;1030>>,{},,FALSE,0,{}
11601,凛冽冻原,凜冽凍原,Icy Cold Plains,Icy Cold Plains,서리의 광야,Icy Cold Plains,Icy Cold Plains,,<{level=86;unitId=60792;advance=11};{level=86;unitId=60571;advance=11};{level=86;unitId=60792;advance=11}>,<{level=86;unitId=71171;advance=12}>,,1,4,3,20,1,6,1,<>,battle_bgm.mp3,battle/scene/bg_xcdg.jpg,config/big_hero/normal/img_228_dlb@.png,{y=70;x=0},26,,1,,<{key=1;value=1};{key=2;value=2};{key=3;value=6}>,86,449,449,,,,9999,6,120,6,{5014=0;5022=0;5000=0},2730,,,,,,{14=1},{14=1;12=3},,{},{},1,{},{y=724;x=365},,<<365;724>>,{},,FALSE,1,{}
11602,凛冽冻原,凜冽凍原,Icy Cold Plains,Icy Cold Plains,서리의 광야,Icy Cold Plains,Icy Cold Plains,,<{level=87;unitId=50601;advance=11};{level=87;unitId=60692;advance=11};{level=87;unitId=50601;advance=11};{level=87;unitId=60482;advance=11};{level=87;unitId=60482;advance=11}>,<{level=87;unitId=73502;advance=12}>,config/portrait/simple/img_699_bxjl@.png,1,4,3,20,1,6,1,<>,battle_bgm.mp3,battle/scene/bg_xcdg.jpg,config/big_hero/normal/img_699_bxjl@.png,{y=70;x=0},26,,1,,<{key=1;value=1};{key=2;value=2};{key=3;value=6}>,87,453,453,,,,9999,6,120,6,{5014=0;5022=0;5000=0},2730,,,,,,{14=1},{14=1;12=3},,{},{},0,{gold=10000;talent_point=1;rmb=10},{y=830;x=719},{y=612;x=719},<<365;724>;<429;666>;<616;745>;<719;830>>,{},,FALSE,0,{}
11603,凛冽冻原,凜冽凍原,Icy Cold Plains,Icy Cold Plains,서리의 광야,Icy Cold Plains,Icy Cold Plains,,<{level=88;unitId=60603;advance=11};{level=88;unitId=60272;advance=11};{level=88;unitId=60603;advance=11};{level=88;unitId=60272;advance=11}>,<{level=88;unitId=72302;advance=12}>,,1,4,3,20,1,6,1,<>,battle_bgm.mp3,battle/scene/bg_xcdg.jpg,config/big_hero/normal/img_460_bxw@.png,{y=70;x=0},26,,1,,<{key=1;value=1};{key=2;value=2};{key=3;value=6}>,88,457,457,,,,9999,6,120,6,{5014=0;5022=0;5000=0},2730,,,,,,{14=1},{14=1;12=3},,{},{},0,{},{y=490;x=929},,<<719;830>;<719;612>;<794;556>;<929;490>>,{},,FALSE,0,{}
11604,凛冽冻原,凜冽凍原,Icy Cold Plains,Icy Cold Plains,서리의 광야,Icy Cold Plains,Icy Cold Plains,,<{level=89;unitId=60392;advance=11};{level=89;unitId=60392;advance=11};{level=89;unitId=60262;advance=11};{level=89;unitId=60262;advance=11}>,<{level=89;unitId=70393;advance=12}>,config/portrait/simple/img_94_gg@.png,1,4,3,20,1,6,1,<>,battle_bgm.mp3,battle/scene/bg_xcdg.jpg,config/big_hero/normal/img_94_gg@.png,{y=70;x=0},26,,1,,<{key=1;value=1};{key=2;value=2};{key=3;value=6}>,89,461,461,,,,9999,6,120,6,{5014=0;5022=0;5000=0},2730,,,,,,{14=1},{14=1;12=3},,{},{},0,{gold=10000;talent_point=1;rmb=10},{y=413;x=1229},{y=506;x=1404},<<929;490>;<1101;506>;<1229;413>>,{},,FALSE,0,{}
11605,凛冽冻原,凜冽凍原,Icy Cold Plains,Icy Cold Plains,서리의 광야,Icy Cold Plains,Icy Cold Plains,,<{level=90;unitId=60392;advance=11};{level=90;unitId=60092;advance=11};{level=90;unitId=60392;advance=11}>,<{level=90;unitId=71863;advance=12}>,,1,4,3,20,1,6,1,<>,battle_bgm.mp3,battle/scene/bg_xcdg.jpg,config/big_hero/normal/img_365_dyhs@.png,{y=70;x=0},26,,1,,<{key=1;value=1};{key=2;value=2};{key=3;value=6}>,90,465,465,,,,9999,6,120,6,{5015=0;5023=0;5000=0},2730,,,,,,{14=1},{14=1;12=3},,{},{},1,{},{y=642;x=1481},,<<1229;413>;<1404;506>;<1481;642>>,{},,FALSE,1,{}
11606,凛冽冻原,凜冽凍原,Icy Cold Plains,Icy Cold Plains,서리의 광야,Icy Cold Plains,Icy Cold Plains,,<{level=91;unitId=50101;advance=11};{level=91;unitId=60571;advance=11};{level=91;unitId=50101;advance=11};{level=91;unitId=60133;advance=11};{level=91;unitId=60133;advance=11}>,<{level=91;unitId=181082;advance=12}>,config/portrait/simple/img_461_mnl@.png,1,4,3,20,1,6,1,<>,battle_bgm.mp3,battle/scene/bg_xcdg.jpg,config/big_hero/normal/img_461_mnl@.png,{y=70;x=0},26,,1,,<{key=1;value=1};{key=2;value=2};{key=3;value=6}>,91,469,469,,,,9999,6,120,6,{5015=0;5023=0;5000=0},2730,,,,,,{14=1},{14=1;12=3},,{},{},0,{gold=10000;talent_point=1;rmb=10},{y=921;x=1302},{y=982;x=1512},<<1481;642>;<1481;776>;<1302;921>>,{},,FALSE,0,{}
11607,凛冽冻原,凜冽凍原,Icy Cold Plains,Icy Cold Plains,서리의 광야,Icy Cold Plains,Icy Cold Plains,,<{level=92;unitId=60272;advance=11};{level=92;unitId=60392;advance=11};{level=92;unitId=60272;advance=11};{level=92;unitId=60392;advance=11}>,<{level=92;unitId=72873;advance=12}>,,1,4,3,20,1,6,1,<>,battle_bgm.mp3,battle/scene/bg_xcdg.jpg,config/big_hero/normal/img_584_sbddb@.png,{y=70;x=0},26,,1,,<{key=1;value=1};{key=2;value=2};{key=3;value=6}>,92,473,473,,,,9999,6,120,6,{5015=0;5023=0;5000=0},2730,,,,,,{14=1},{14=1;12=3},,{},{},0,{},{y=891;x=1762},,<<1302;921>;<1512;982>;<1600;975>;<1762;891>>,{},,FALSE,0,{}
11608,凛冽冻原,凜冽凍原,Icy Cold Plains,Icy Cold Plains,서리의 광야,Icy Cold Plains,Icy Cold Plains,,<{level=93;unitId=60552;advance=11};{level=93;unitId=60552;advance=11};{level=93;unitId=61612;advance=11};{level=93;unitId=61612;advance=11}>,<{level=93;unitId=73012;advance=12}>,config/portrait/simple/img_614_dyx@.png,1,4,3,20,1,6,1,<>,battle_bgm.mp3,battle/scene/bg_xcdg.jpg,config/big_hero/normal/img_614_dyx@.png,{y=70;x=0},26,,1,,<{key=1;value=1};{key=2;value=2};{key=3;value=6}>,93,477,477,,,,9999,6,120,6,{5024=0;5013=0;5000=0},2730,,,,,,{14=1},{14=1;12=3},,{},{},1,{gold=10000;talent_point=1;rmb=10},{y=745;x=2019},{y=535;x=2108},<<1762;891>;<2019;745>>,{},,FALSE,1,{}
11609,凛冽冻原,凜冽凍原,Icy Cold Plains,Icy Cold Plains,서리의 광야,Icy Cold Plains,Icy Cold Plains,,<{level=94;unitId=62482;advance=11};{level=94;unitId=60572;advance=11};{level=94;unitId=62482;advance=11}>,<{level=94;unitId=183021;advance=13}>,,1,4,3,20,1,6,1,<>,battle_bgm.mp3,battle/scene/bg_xcdg.jpg,config/big_hero/normal/img_615_jhxh@.png,{y=70;x=0},26,,1,,<{key=1;value=1};{key=2;value=2};{key=3;value=6}>,94,481,481,,,,9999,6,120,6,{5024=0;5013=0;5000=0},2730,,,,,,{14=1},{14=1;12=3},,{},{},0,{},{y=577;x=1901},,<<2019;745>;<2125;656>;<2108;535>;<1901;577>>,{},,FALSE,0,{}
11610,凛冽冻原,凜冽凍原,Icy Cold Plains,Icy Cold Plains,서리의 광야,Icy Cold Plains,Icy Cold Plains,,<>,<{level=95;unitId=180721;advance=13}>,config/portrait/simple/img_144_jdn@.png,1,4,3,20,1,6,1,<>,battle_bgm.mp3,battle/scene/bg_xcdg.jpg,config/big_hero/normal/img_144_jdn@.png,{y=70;x=0},26,,1,,<{key=1;value=1};{key=2;value=2};{key=3;value=6}>,95,485,485,,,,9999,6,120,6,{5024=0;5013=0;5000=0},2730,,,,,,{14=1},{14=1;12=3},,{},{},0,{},{y=301;x=1708},,<<1901;577>;<1883;431>;<1708;301>>,{},,FALSE,0,{}
11701,游乐园,遊樂園,Amusement Park,Amusement Park,놀이공원,Amusement Park,Amusement Park,,<{level=96;unitId=63302;advance=12};{level=96;unitId=63302;advance=12};{level=96;unitId=63302;advance=12}>,<{level=96;unitId=70013;advance=12}>,,1,4,3,20,1,6,1,<>,battle_bgm.mp3,battle/scene/bg_xcdg.jpg,config/big_hero/normal/img_6_phl@.png,{y=70;x=0},27,,1,,<{key=1;value=1};{key=2;value=2};{key=3;value=6}>,96,490,490,,,,9999,6,120,6,{5022=0;5000=0},2940,,,,,,{14=1;13=1},{14=1;13=2},,{},{},1,{},{y=301;x=638},,<<638;301>>,{},,FALSE,1,{}
11702,游乐园,遊樂園,Amusement Park,Amusement Park,놀이공원,Amusement Park,Amusement Park,,<{level=97;unitId=52271;advance=12};{level=97;unitId=60272;advance=12};{level=97;unitId=52271;advance=12};{level=97;unitId=60002;advance=12};{level=97;unitId=60002;advance=12}>,<{level=97;unitId=70053;advance=12}>,config/portrait/simple/img_18_dbn@.png,1,4,3,20,1,6,1,<>,battle_bgm.mp3,battle/scene/bg_xcdg.jpg,config/big_hero/normal/img_18_dbn@.png,{y=70;x=0},27,,1,,<{key=1;value=1};{key=2;value=2};{key=3;value=6}>,97,495,495,,,,9999,6,120,6,{5022=0;5000=0},2940,,,,,,{14=1;13=1},{14=1;13=2},,{},{},0,{gold=10000;talent_point=1;rmb=10},{y=305;x=892},{y=380;x=1041},<<638;301>;<892;305>>,{},,FALSE,0,{}
11703,游乐园,遊樂園,Amusement Park,Amusement Park,놀이공원,Amusement Park,Amusement Park,,<{level=98;unitId=60092;advance=12};{level=98;unitId=63542;advance=12};{level=98;unitId=60092;advance=12};{level=98;unitId=63542;advance=12}>,<{level=98;unitId=71394;advance=12}>,,1,4,3,20,1,6,1,<>,battle_bgm.mp3,battle/scene/bg_xcdg.jpg,config/big_hero/normal/img_475_alld@.png,{y=70;x=0},27,,1,,<{key=1;value=1};{key=2;value=2};{key=3;value=6}>,98,500,500,,,,9999,6,120,6,{5022=0;5000=0},2940,,,,,,{14=1;13=1},{14=1;13=2},,{},{},0,{},{y=642;x=715},,<<892;305>;<1041;380>;<1023;487>;<715;642>>,{},,FALSE,0,{}
11704,游乐园,遊樂園,Amusement Park,Amusement Park,놀이공원,Amusement Park,Amusement Park,,<{level=99;unitId=60792;advance=12};{level=99;unitId=60792;advance=12};{level=99;unitId=60571;advance=12};{level=99;unitId=60571;advance=12}>,<{level=99;unitId=72013;advance=12}>,config/portrait/simple/img_389_ttg@.png,1,4,3,20,1,6,1,<>,battle_bgm.mp3,battle/scene/bg_xcdg.jpg,config/big_hero/normal/img_389_ttg@.png,{y=70;x=0},27,,1,,<{key=1;value=1};{key=2;value=2};{key=3;value=6}>,99,505,505,,,,9999,6,120,6,{5022=0;5000=0},2940,,,,,,{14=1;13=1},{14=1;13=2},,{},{},0,{gold=10000;talent_point=1;rmb=10},{y=582;x=1119},{y=459;x=1298},<<715;642>;<805;675>;<1083;538>;<1119;582>>,{},,FALSE,0,{}
11705,游乐园,遊樂園,Amusement Park,Amusement Park,놀이공원,Amusement Park,Amusement Park,,<{level=100;unitId=63302;advance=12};{level=100;unitId=60262;advance=12};{level=100;unitId=63302;advance=12}>,<{level=100;unitId=70552;advance=12}>,,1,4,3,20,1,6,1,<>,battle_bgm.mp3,battle/scene/bg_xcdg.jpg,config/big_hero/normal/img_121_bshx@.png,{y=70;x=0},27,,1,,<{key=1;value=1};{key=2;value=2};{key=3;value=6}>,100,510,510,,,,9999,6,120,6,{5023=0;5000=0},2940,,,,,,{14=1;13=1},{14=1;13=2},,{},{},1,{},{y=489;x=1452},,<<1119;582>;<1298;459>;<1452;489>>,{},,FALSE,1,{}
11706,游乐园,遊樂園,Amusement Park,Amusement Park,놀이공원,Amusement Park,Amusement Park,,<{level=101;unitId=51421;advance=12};{level=101;unitId=60262;advance=12};{level=101;unitId=51421;advance=12};{level=101;unitId=60593;advance=12};{level=101;unitId=60593;advance=12}>,<{level=101;unitId=180333;advance=12}>,config/portrait/simple/img_462_zbcg@.png,1,4,3,20,1,6,1,<>,battle_bgm.mp3,battle/scene/bg_xcdg.jpg,config/big_hero/normal/img_462_zbcg@.png,{y=70;x=0},27,,1,,<{key=1;value=1};{key=2;value=2};{key=3;value=6}>,101,515,515,,,,9999,6,120,6,{5023=0;5000=0},2940,,,,,,{14=1;13=1},{14=1;13=2},,{},{},0,{gold=10000;talent_point=1;rmb=10},{y=470;x=1751},{y=403;x=1947},<<1452;489>;<1626;523>;<1751;470>>,{},,FALSE,0,{}
11707,游乐园,遊樂園,Amusement Park,Amusement Park,놀이공원,Amusement Park,Amusement Park,,<{level=102;unitId=61422;advance=12};{level=102;unitId=60002;advance=12};{level=102;unitId=61422;advance=12};{level=102;unitId=60002;advance=12}>,<{level=102;unitId=70464;advance=12}>,,1,4,3,20,1,6,1,<>,battle_bgm.mp3,battle/scene/bg_xcdg.jpg,config/big_hero/normal/img_237_zwl@.png,{y=70;x=0},27,,1,,<{key=1;value=1};{key=2;value=2};{key=3;value=6}>,102,520,520,,,,9999,6,120,6,{5023=0;5000=0},2940,,,,,,{14=1;13=1},{14=1;13=2},,{},{},0,{},{y=538;x=2055},,<<1751;470>;<1947;403>;<1958;487>;<2055;538>>,{},,FALSE,0,{}
11708,游乐园,遊樂園,Amusement Park,Amusement Park,놀이공원,Amusement Park,Amusement Park,,<{level=103;unitId=60072;advance=12};{level=103;unitId=60072;advance=12};{level=103;unitId=60692;advance=12};{level=103;unitId=60692;advance=12}>,<{level=103;unitId=70793;advance=12}>,config/portrait/simple/img_157_hbs@.png,1,4,3,20,1,6,1,<>,battle_bgm.mp3,battle/scene/bg_xcdg.jpg,config/big_hero/normal/img_157_hbs@.png,{y=70;x=0},27,,1,,<{key=1;value=1};{key=2;value=2};{key=3;value=6}>,103,525,525,,,,9999,6,120,6,{5024=0;5000=0},2940,,,,,,{14=1;13=1},{14=1;13=2},,{},{},1,{gold=10000;talent_point=1;rmb=10},{y=793;x=1783},{y=811;x=1581},<<2055;538>;<2022;675>;<1783;793>>,{},,FALSE,1,{}
11709,游乐园,遊樂園,Amusement Park,Amusement Park,놀이공원,Amusement Park,Amusement Park,,<{level=104;unitId=63302;advance=12};{level=104;unitId=60333;advance=12};{level=104;unitId=63302;advance=12}>,<{level=104;unitId=181303;advance=13}>,,1,4,3,20,1,6,1,<>,battle_bgm.mp3,battle/scene/bg_xcdg.jpg,config/big_hero/normal/img_257_hyj@.png,{y=70;x=0},27,,1,,<{key=1;value=1};{key=2;value=2};{key=3;value=6}>,104,530,530,,,,9999,6,120,6,{5024=0;5000=0},2940,,,,,,{14=1;13=1},{14=1;13=2},,{},{},0,{},{y=857;x=1371},,<<1783;793>;<1697;781>;<1581;811>;<1371;857>>,{},,FALSE,0,{}
11710,游乐园,遊樂園,Amusement Park,Amusement Park,놀이공원,Amusement Park,Amusement Park,,<>,<{level=105;unitId=180753;advance=13}>,config/portrait/simple/img_149_kl@.png,1,4,3,20,1,6,1,<>,battle_bgm.mp3,battle/scene/bg_xcdg.jpg,config/big_hero/normal/img_149_kl@.png,{y=70;x=0},27,,1,,<{key=1;value=1};{key=2;value=2};{key=3;value=6}>,105,535,535,,,,9999,6,120,6,{5024=0;5000=0},2940,,,,,,{14=1;13=1},{14=1;13=2},,{},{},0,{},{y=1089;x=1390},,<<1371;857>;<1352;953>;<1435;1023>;<1390;1089>>,{},,FALSE,0,{}
11801,饲育家学校,飼育家學校,Breeder Academy,Breeder Academy,브리더 아카데미,Breeder Academy,Breeder Academy,,<{level=106;unitId=60472;advance=12};{level=106;unitId=60132;advance=12};{level=106;unitId=60472;advance=12}>,<{level=106;unitId=72073;advance=12}>,,1,4,3,20,1,6,1,<>,battle_bgm.mp3,battle/scene/bg_xcdg.jpg,config/big_hero/normal/img_405_lqm@.png,{y=70;x=0},28,,1,,<{key=1;value=1};{key=2;value=2};{key=3;value=6}>,106,540,540,,,,9999,6,120,6,{5025=0;5017=0;5000=0},3150,,,,,,{14=1;13=2},{14=2},,{},{},1,{},{y=246;x=1822},,<<1822;246>>,{},,FALSE,1,{}
11802,饲育家学校,飼育家學校,Breeder Academy,Breeder Academy,브리더 아카데미,Breeder Academy,Breeder Academy,,<{level=107;unitId=53301;advance=12};{level=107;unitId=61252;advance=12};{level=107;unitId=53301;advance=12};{level=107;unitId=60022;advance=12};{level=107;unitId=60022;advance=12}>,<{level=107;unitId=72683;advance=12}>,config/portrait/simple/img_545_wgw@.png,1,4,3,20,1,6,1,<>,battle_bgm.mp3,battle/scene/bg_xcdg.jpg,config/big_hero/normal/img_545_wgw@.png,{y=70;x=0},28,,1,,<{key=1;value=1};{key=2;value=2};{key=3;value=6}>,107,545,545,,,,9999,6,120,6,{5025=0;5017=0;5000=0},3150,,,,,,{14=1;13=2},{14=2},,{},{},0,{gold=10000;talent_point=1;rmb=10},{y=279;x=1290},{y=358;x=1456},<<1822;246>;<1290;279>>,{},,FALSE,0,{}
11803,饲育家学校,飼育家學校,Breeder Academy,Breeder Academy,브리더 아카데미,Breeder Academy,Breeder Academy,,<{level=108;unitId=60472;advance=12};{level=108;unitId=60262;advance=12};{level=108;unitId=60472;advance=12};{level=108;unitId=60262;advance=12}>,<{level=108;unitId=71423;advance=12}>,,1,4,3,20,1,6,1,<>,battle_bgm.mp3,battle/scene/bg_xcdg.jpg,config/big_hero/normal/img_289_qjw@.png,{y=70;x=0},28,,1,,<{key=1;value=1};{key=2;value=2};{key=3;value=6}>,108,550,550,,,,9999,6,120,6,{5025=0;5017=0;5000=0},3150,,,,,,{14=1;13=2},{14=2},,{},{},0,{},{y=519;x=1551},,<<1290;279>;<1456;358>;<1551;519>>,{},,FALSE,0,{}
11804,饲育家学校,飼育家學校,Breeder Academy,Breeder Academy,브리더 아카데미,Breeder Academy,Breeder Academy,,<{level=109;unitId=60552;advance=12};{level=109;unitId=60552;advance=12};{level=109;unitId=61172;advance=12};{level=109;unitId=61172;advance=12}>,<{level=109;unitId=70463;advance=12}>,config/portrait/simple/img_107_kql@.png,1,4,3,20,1,6,1,<>,battle_bgm.mp3,battle/scene/bg_xcdg.jpg,config/big_hero/normal/img_107_kql@.png,{y=70;x=0},28,,1,,<{key=1;value=1};{key=2;value=2};{key=3;value=6}>,109,555,555,,,,9999,6,120,6,{5025=0;5017=0;5000=0},3150,,,,,,{14=1;13=2},{14=2},,{},{},0,{gold=10000;talent_point=1;rmb=10},{y=599;x=2019},{y=867;x=1918},<<1551;519>;<1674;462>;<2019;599>>,{},,FALSE,0,{}
11805,饲育家学校,飼育家學校,Breeder Academy,Breeder Academy,브리더 아카데미,Breeder Academy,Breeder Academy,,<{level=110;unitId=60552;advance=12};{level=110;unitId=60792;advance=12};{level=110;unitId=60552;advance=12}>,<{level=110;unitId=73293;advance=12}>,,1,4,3,20,1,6,1,<>,battle_bgm.mp3,battle/scene/bg_xcdg.jpg,config/big_hero/normal/img_655_yhhh@.png,{y=70;x=0},28,,1,,<{key=1;value=1};{key=2;value=2};{key=3;value=6}>,110,560,560,,,,9999,6,120,6,{5026=0;5018=0;5000=0},3150,,,,,,{14=1;13=2},{14=2},,{},{},1,{},{y=960;x=1733},,<<2019;599>;<2119;709>;<1918;867>;<1733;960>>,{},,FALSE,1,{}
11806,饲育家学校,飼育家學校,Breeder Academy,Breeder Academy,브리더 아카데미,Breeder Academy,Breeder Academy,,<{level=111;unitId=50021;advance=12};{level=111;unitId=60392;advance=12};{level=111;unitId=50021;advance=12};{level=111;unitId=62012;advance=12};{level=111;unitId=62012;advance=12}>,<{level=111;unitId=180771;advance=12}>,config/portrait/simple/img_151_mh@.png,1,4,3,20,1,6,1,<>,battle_bgm.mp3,battle/scene/bg_xcdg.jpg,config/big_hero/normal/img_151_mh@.png,{y=70;x=0},28,,1,,<{key=1;value=1};{key=2;value=2};{key=3;value=6}>,111,565,565,,,,9999,6,120,6,{5026=0;5018=0;5000=0},3150,,,,,,{14=1;13=2},{14=2},,{},{},0,{gold=10000;talent_point=1;rmb=10},{y=960;x=1440},{y=852;x=1302},<<1733;960>;<1529;906>;<1440;960>>,{},,FALSE,0,{}
11807,饲育家学校,飼育家學校,Breeder Academy,Breeder Academy,브리더 아카데미,Breeder Academy,Breeder Academy,,<{level=112;unitId=60092;advance=12};{level=112;unitId=60592;advance=12};{level=112;unitId=60092;advance=12};{level=112;unitId=60592;advance=12}>,<{level=112;unitId=70273;advance=12}>,,1,4,3,20,1,6,1,<>,battle_bgm.mp3,battle/scene/bg_xcdg.jpg,config/big_hero/normal/img_68_gl@.png,{y=70;x=0},28,,1,,<{key=1;value=1};{key=2;value=2};{key=3;value=6}>,112,570,570,,,,9999,6,120,6,{5026=0;5018=0;5000=0},3150,,,,,,{14=1;13=2},{14=2},,{},{},0,{},{y=762;x=1060},,<<1440;960>;<1302;852>;<1060;762>>,{},,FALSE,0,{}
11808,饲育家学校,飼育家學校,Breeder Academy,Breeder Academy,브리더 아카데미,Breeder Academy,Breeder Academy,,<{level=113;unitId=60572;advance=12};{level=113;unitId=60572;advance=12};{level=113;unitId=60603;advance=12};{level=113;unitId=60603;advance=12}>,<{level=113;unitId=71172;advance=12}>,config/portrait/simple/img_229_hlj@.png,1,4,3,20,1,6,1,<>,battle_bgm.mp3,battle/scene/bg_xcdg.jpg,config/big_hero/normal/img_229_hlj@.png,{y=70;x=0},28,,1,,<{key=1;value=1};{key=2;value=2};{key=3;value=6}>,113,575,575,,,,9999,6,120,6,{5027=0;5016=0;5000=0},3150,,,,,,{14=1;13=2},{14=2},,{},{},1,{gold=10000;talent_point=1;rmb=10},{y=569;x=842},{y=598;x=631},<<1060;762>;<974;599>;<842;569>>,{},,FALSE,1,{}
11809,饲育家学校,飼育家學校,Breeder Academy,Breeder Academy,브리더 아카데미,Breeder Academy,Breeder Academy,,<{level=114;unitId=60793;advance=12};{level=114;unitId=63472;advance=12};{level=114;unitId=60793;advance=12}>,<{level=114;unitId=181903;advance=13}>,,1,4,3,20,1,6,1,<>,battle_bgm.mp3,battle/scene/bg_xcdg.jpg,config/big_hero/normal/img_376_jjg@.png,{y=70;x=0},28,,1,,<{key=1;value=1};{key=2;value=2};{key=3;value=6}>,114,580,580,,,,9999,6,120,6,{5027=0;5016=0;5000=0},3150,,,,,,{14=1;13=2},{14=2},,{},{},0,{},{y=788;x=590},,<<842;569>;<631;598>;<537;670>;<590;788>>,{},,FALSE,0,{}
11810,饲育家学校,飼育家學校,Breeder Academy,Breeder Academy,브리더 아카데미,Breeder Academy,Breeder Academy,,<>,<{level=115;unitId=180264;advance=13}>,config/portrait/simple/img_65_cjhd@.png,1,4,3,20,1,6,1,<>,battle_bgm.mp3,battle/scene/bg_xcdg.jpg,config/big_hero/normal/img_65_cjhd@.png,{y=70;x=0},28,,1,,<{key=1;value=1};{key=2;value=2};{key=3;value=6}>,115,585,585,,,,9999,6,120,6,{5027=0;5016=0;5000=0},3150,,,,,,{14=1;13=2},{14=2},,{},{},0,{},{y=1051;x=680},,<<590;788>;<646;878>;<590;1004>;<680;1051>>,{},,FALSE,0,{}
11901,马戏团,馬戲團,Circus,Rạp Xiếc,서커스,Circus,Circus,,<{level=116;unitId=60571;advance=13};{level=116;unitId=62822;advance=13};{level=116;unitId=60461;advance=13}>,<{level=116;unitId=70463;advance=15}>,,1,4,3,20,1,6,1,<>,battle_bgm.mp3,battle/scene/bg_xcdg.jpg,config/big_hero/normal/img_107_kql@.png,{y=70;x=0},29,,1,,<{key=1;value=1};{key=2;value=2};{key=3;value=6}>,116,590,590,,,,9999,6,120,6,{5028=0;5000=0},3360,,,,,,{14=2},{14=2;13=2},,{},{},1,{},{y=747;x=2071},,<<2071;747>>,{},,FALSE,1,{}
11902,马戏团,馬戲團,Circus,Rạp Xiếc,서커스,Circus,Circus,,<{level=117;unitId=53293;advance=13};{level=117;unitId=53301;advance=13};{level=117;unitId=60092;advance=13};{level=117;unitId=60302;advance=13}>,<{level=117;unitId=70053;advance=15}>,config/portrait/simple/img_18_dbn@.png,1,4,3,20,1,6,1,<>,battle_bgm.mp3,battle/scene/bg_xcdg.jpg,config/big_hero/normal/img_18_dbn@.png,{y=70;x=0},29,,1,,<{key=1;value=1};{key=2;value=2};{key=3;value=6}>,117,595,595,,,,9999,6,120,6,{5028=0;5000=0},3360,,,,,,{14=2},{14=2;13=2},,{},{},0,{gold=10000;talent_point=1;rmb=10},{y=540;x=1782},{y=331;x=1747},<<2071;747>;<1914;683>;<1914;581>;<1782;540>>,{},,FALSE,0,{}
11903,马戏团,馬戲團,Circus,Rạp Xiếc,서커스,Circus,Circus,,<{level=118;unitId=60302;advance=13};{level=118;unitId=60891;advance=13};{level=118;unitId=60001;advance=13};{level=118;unitId=62891;advance=13}>,<{level=118;unitId=71841;advance=15}>,,1,4,3,20,1,6,1,<>,battle_bgm.mp3,battle/scene/bg_xcdg.jpg,config/big_hero/normal/img_359_absl@.png,{y=70;x=0},29,,1,,<{key=1;value=1};{key=2;value=2};{key=3;value=6}>,118,600,600,,,,9999,6,120,6,{5028=0;5000=0},3360,,,,,,{14=2},{14=2;13=2},,{},{},0,{},{y=349;x=1417},,<<1782;540>;<1687;478>;<1838;359>;<1747;331>;<1561;289>;<1417;349>>,{},,FALSE,0,{}
11904,马戏团,馬戲團,Circus,Rạp Xiếc,서커스,Circus,Circus,,<{level=119;unitId=60022;advance=13};{level=119;unitId=60172;advance=13};{level=119;unitId=62681;advance=13};{level=119;unitId=63292;advance=13}>,<{level=119;unitId=70003;advance=15}>,config/portrait/simple/img_3_mwh@.png,1,4,3,20,1,6,1,<>,battle_bgm.mp3,battle/scene/bg_xcdg.jpg,config/big_hero/normal/img_3_mwh@.png,{y=70;x=0},29,,1,,<{key=1;value=1};{key=2;value=2};{key=3;value=6}>,119,605,605,,,,9999,6,120,6,{5028=0;5000=0},3360,,,,,,{14=2},{14=2;13=2},,{},{},0,{gold=10000;talent_point=1;rmb=10},{y=345;x=1034},{y=444;x=776},<<1417;349>;<1302;262>;<1034;345>>,{},,FALSE,0,{}
11905,马戏团,馬戲團,Circus,Rạp Xiếc,서커스,Circus,Circus,,<{level=120;unitId=60031;advance=13};{level=120;unitId=60372;advance=13};{level=120;unitId=60231;advance=13}>,<{level=120;unitId=70793;advance=15}>,,1,4,3,20,1,6,1,<>,battle_bgm.mp3,battle/scene/bg_xcdg.jpg,config/big_hero/normal/img_157_hbs@.png,{y=70;x=0},29,,1,,<{key=1;value=1};{key=2;value=2};{key=3;value=6}>,120,610,610,,,,9999,6,120,6,{5029=0;5000=0},3360,,,,,,{14=2},{14=2;13=2},,{},{},1,{},{y=549;x=625},,<<1034;345>;<923;420>;<776;444>;<759;518>;<625;549>>,{},,FALSE,1,{}
11906,马戏团,馬戲團,Circus,Rạp Xiếc,서커스,Circus,Circus,,<{level=121;unitId=50721;advance=13};{level=121;unitId=60031;advance=13};{level=121;unitId=50133;advance=13};{level=121;unitId=61893;advance=13};{level=121;unitId=60263;advance=13}>,<{level=121;unitId=70593;advance=15}>,config/portrait/simple/img_466_djms@.png,1,4,3,20,1,6,1,<>,battle_bgm.mp3,battle/scene/bg_xcdg.jpg,config/big_hero/normal/img_466_djms@.png,{y=70;x=0},29,,1,,<{key=1;value=1};{key=2;value=2};{key=3;value=6}>,121,615,615,,,,9999,6,120,6,{5029=0;5000=0},3360,,,,,,{14=2},{14=2;13=2},,{},{},0,{gold=10000;talent_point=1;rmb=10},{y=631;x=856},{y=663;x=1015},<<625;549>;<770;629>;<856;631>>,{},,FALSE,0,{}
11907,马戏团,馬戲團,Circus,Rạp Xiếc,서커스,Circus,Circus,,<{level=122;unitId=60023;advance=13};{level=122;unitId=60033;advance=13};{level=122;unitId=63001;advance=13};{level=122;unitId=62271;advance=13}>,<{level=122;unitId=70303;advance=15}>,,1,4,3,20,1,6,1,<>,battle_bgm.mp3,battle/scene/bg_xcdg.jpg,config/big_hero/normal/img_75_lls@.png,{y=70;x=0},29,,1,,<{key=1;value=1};{key=2;value=2};{key=3;value=6}>,122,620,620,,,,9999,6,120,6,{5029=0;5000=0},3360,,,,,,{14=2},{14=2;13=2},,{},{},0,{},{y=942;x=971},,<<856;631>;<1015;663>;<971;942>>,{},,FALSE,0,{}
11908,马戏团,馬戲團,Circus,Rạp Xiếc,서커스,Circus,Circus,,<{level=123;unitId=60792;advance=13};{level=123;unitId=62303;advance=13};{level=123;unitId=62612;advance=13};{level=123;unitId=63021;advance=13}>,<{level=123;unitId=70133;advance=15}>,config/portrait/simple/img_36_pkx@.png,1,4,3,20,1,6,1,<>,battle_bgm.mp3,battle/scene/bg_xcdg.jpg,config/big_hero/normal/img_36_pkx@.png,{y=70;x=0},29,,1,,<{key=1;value=1};{key=2;value=2};{key=3;value=6}>,123,625,625,,,,9999,6,120,6,{5030=0;5000=0},3360,,,,,,{14=2},{14=2;13=2},,{},{},1,{gold=10000;talent_point=1;rmb=10},{y=774;x=1204},{y=788;x=1402},<<971;942>;<1204;774>>,{},,FALSE,1,{}
11909,马戏团,馬戲團,Circus,Rạp Xiếc,서커스,Circus,Circus,,<{level=124;unitId=60332;advance=13};{level=124;unitId=61171;advance=13};{level=124;unitId=63543;advance=13}>,<{level=124;unitId=70173;advance=17}>,,1,4,3,20,1,6,1,<>,battle_bgm.mp3,battle/scene/bg_xcdg.jpg,config/big_hero/normal/img_45_bwh@.png,{y=70;x=0},29,,1,,<{key=1;value=1};{key=2;value=2};{key=3;value=6}>,124,630,630,,,,9999,6,120,6,{5030=0;5000=0},3360,,,,,,{14=2},{14=2;13=2},,{},{},0,{},{y=950;x=1484},,<<1204;774>;<1402;788>;<1484;950>>,{},,FALSE,0,{}
11910,马戏团,馬戲團,Circus,Rạp Xiếc,서커스,Circus,Circus,,<{level=125;unitId=50882;advance=13};{level=125;unitId=60491;advance=13};{level=125;unitId=51423;advance=13};{level=125;unitId=60463;advance=13};{level=125;unitId=60352;advance=13}>,<{level=125;unitId=73631;advance=17}>,config/portrait/simple/img_719_dax@.png,1,4,3,20,1,6,1,<>,battle_bgm.mp3,battle/scene/bg_xcdg.jpg,config/big_hero/normal/img_719_dax@.png,{y=70;x=0},29,,1,,<{key=1;value=1};{key=2;value=2};{key=3;value=6}>,125,635,635,,,,9999,6,120,6,{5030=0;5000=0},3360,,,,,,{14=2},{14=2;13=2},,{},{},0,{},{y=1066;x=1302},,<<1484;950>;<1458;1036>;<1302;1066>>,{},,FALSE,0,{}
12001,暗影山,暗影山,Shadow Mountain,Núi Bóng tối,그림자 산,Montanha das Sombras,ภูเขาเงา,,<{level=126;unitId=60731;advance=14};{level=126;unitId=62873;advance=14};{level=126;unitId=61901;advance=14}>,<{level=126;unitId=71253;advance=16}>,,1,4,3,20,1,6,1,<>,battle_bgm.mp3,battle/scene/bg_xcdg.jpg,config/big_hero/normal/img_248_bjls@.png,{y=70;x=0},30,,1,,<{key=1;value=1};{key=2;value=2};{key=3;value=6}>,126,640,640,,,,9999,6,120,6,{5031=0;5020=0;5000=0},3570,,,,,,{14=2;13=1},{14=3},,{},{},1,{},{y=267;x=1365},,<<1365;267>>,{},,FALSE,1,{}
12002,暗影山,暗影山,Shadow Mountain,Núi Bóng tối,그림자 산,Montanha das Sombras,ภูเขาเงา,,<{level=127;unitId=51612;advance=14};{level=127;unitId=51231;advance=14};{level=127;unitId=61611;advance=14};{level=127;unitId=60301;advance=14}>,<{level=127;unitId=72963;advance=16}>,config/portrait/simple/img_601_clg@.png,1,4,3,20,1,6,1,<>,battle_bgm.mp3,battle/scene/bg_xcdg.jpg,config/big_hero/normal/img_601_clg@.png,{y=70;x=0},30,,1,,<{key=1;value=1};{key=2;value=2};{key=3;value=6}>,127,645,645,,,,9999,6,120,6,{5031=0;5020=0;5000=0},3570,,,,,,{14=2;13=1},{14=3},,{},{},0,{gold=10000;talent_point=1;rmb=10},{y=419;x=1121},{y=373;x=854},<<1365;267>;<1234;385>;<1121;419>>,{},,FALSE,0,{}
12003,暗影山,暗影山,Shadow Mountain,Núi Bóng tối,그림자 산,Montanha das Sombras,ภูเขาเงา,,<{level=128;unitId=62962;advance=14};{level=128;unitId=62682;advance=14};{level=128;unitId=61443;advance=14};{level=128;unitId=61353;advance=14}>,<{level=128;unitId=70402;advance=16}>,,1,4,3,20,1,6,1,<>,battle_bgm.mp3,battle/scene/bg_xcdg.jpg,config/big_hero/normal/img_208_dgs@.png,{y=70;x=0},30,,1,,<{key=1;value=1};{key=2;value=2};{key=3;value=6}>,128,650,650,,,,9999,6,120,6,{5031=0;5020=0;5000=0},3570,,,,,,{14=2;13=1},{14=3},,{},{},0,{},{y=426;x=661},,<<1121;419>;<1009;323>;<854;373>;<661;426>>,{},,FALSE,0,{}
12004,暗影山,暗影山,Shadow Mountain,Núi Bóng tối,그림자 산,Montanha das Sombras,ภูเขาเงา,,<{level=129;unitId=60102;advance=14};{level=129;unitId=62872;advance=14};{level=129;unitId=62682;advance=14};{level=129;unitId=62873;advance=14}>,<{level=129;unitId=70493;advance=16}>,config/portrait/simple/img_464_cjkx@.png,1,4,3,20,1,6,1,<>,battle_bgm.mp3,battle/scene/bg_xcdg.jpg,config/big_hero/normal/img_464_cjkx@.png,{y=70;x=0},30,,1,,<{key=1;value=1};{key=2;value=2};{key=3;value=6}>,129,655,655,,,,9999,6,120,6,{5031=0;5020=0;5000=0},3570,,,,,,{14=2;13=1},{14=3},,{},{},0,{gold=10000;talent_point=1;rmb=10},{y=824;x=418},{y=747;x=713},<<661;426>;<529;533>;<511;662>;<418;824>>,{},,FALSE,0,{}
12005,暗影山,暗影山,Shadow Mountain,Núi Bóng tối,그림자 산,Montanha das Sombras,ภูเขาเงา,,<{level=130;unitId=60273;advance=14};{level=130;unitId=61302;advance=14};{level=130;unitId=62072;advance=14}>,<{level=130;unitId=71903;advance=16}>,,1,4,3,20,1,6,1,<>,battle_bgm.mp3,battle/scene/bg_xcdg.jpg,config/big_hero/normal/img_376_jjg@.png,{y=70;x=0},30,,1,,<{key=1;value=1};{key=2;value=2};{key=3;value=6}>,130,660,660,,,,9999,6,120,6,{5032=0;5021=0;5000=0},3570,,,,,,{14=2;13=1},{14=3},,{},{},1,{},{y=859;x=999},,<<418;824>;<551;759>;<713;747>;<999;859>>,{},,FALSE,1,{}
12006,暗影山,暗影山,Shadow Mountain,Núi Bóng tối,그림자 산,Montanha das Sombras,ภูเขาเงา,,<{level=131;unitId=52683;advance=14};{level=131;unitId=60012;advance=14};{level=131;unitId=52963;advance=14};{level=131;unitId=60632;advance=14};{level=131;unitId=60091;advance=14}>,<{level=131;unitId=70333;advance=16}>,config/portrait/simple/img_462_zbcg@.png,1,4,3,20,1,6,1,<>,battle_bgm.mp3,battle/scene/bg_xcdg.jpg,config/big_hero/normal/img_462_zbcg@.png,{y=70;x=0},30,,1,,<{key=1;value=1};{key=2;value=2};{key=3;value=6}>,131,665,665,,,,9999,6,120,6,{5032=0;5021=0;5000=0},3570,,,,,,{14=2;13=1},{14=3},,{},{},0,{gold=10000;talent_point=1;rmb=10},{y=693;x=1287},{y=673;x=1490},<<999;859>;<1287;693>>,{},,FALSE,0,{}
12007,暗影山,暗影山,Shadow Mountain,Núi Bóng tối,그림자 산,Montanha das Sombras,ภูเขาเงา,,<{level=132;unitId=60471;advance=14};{level=132;unitId=60371;advance=14}>,<{level=132;unitId=183413;advance=16}>,,1,4,3,20,1,6,1,<>,battle_bgm.mp3,battle/scene/bg_xcdg.jpg,config/big_hero/normal/img_681_jdjg@.png,{y=70;x=0},30,,1,,<{key=1;value=1};{key=2;value=2};{key=3;value=6}>,132,670,670,,,,9999,6,120,6,{5032=0;5021=0;5000=0},3570,,,,,,{14=2;13=1},{14=3},,{},{},0,{},{y=462;x=1713},,<<1287;693>;<1490;673>;<1574;508>;<1713;462>>,{},,FALSE,0,{}
12008,暗影山,暗影山,Shadow Mountain,Núi Bóng tối,그림자 산,Montanha das Sombras,ภูเขาเงา,,<{level=133;unitId=61071;advance=14};{level=133;unitId=60351;advance=14};{level=133;unitId=62633;advance=14};{level=133;unitId=61901;advance=14}>,<{level=133;unitId=71503;advance=16}>,config/portrait/simple/img_306_bskdl@.png,1,4,3,20,1,6,1,<>,battle_bgm.mp3,battle/scene/bg_xcdg.jpg,config/big_hero/normal/img_306_bskdl@.png,{y=70;x=0},30,,1,,<{key=1;value=1};{key=2;value=2};{key=3;value=6}>,133,675,675,,,,9999,6,120,6,{5033=0;5019=0;5000=0},3570,,,,,,{14=2;13=1},{14=3},,{},{},1,{gold=10000;talent_point=1;rmb=10},{y=610;x=2025},{y=902;x=1968},<<1713;462>;<1930;539>;<2025;610>>,{},,FALSE,1,{}
12009,暗影山,暗影山,Shadow Mountain,Núi Bóng tối,그림자 산,Montanha das Sombras,ภูเขาเงา,,<{level=134;unitId=60013;advance=14};{level=134;unitId=61503;advance=14};{level=134;unitId=63341;advance=14}>,<{level=134;unitId=182242;advance=18}>,,1,4,3,20,1,6,1,<>,battle_bgm.mp3,battle/scene/bg_xcdg.jpg,config/big_hero/normal/img_448_lklo@.png,{y=70;x=0},30,,1,,<{key=1;value=1};{key=2;value=2};{key=3;value=6}>,134,680,680,,,,9999,6,120,6,{5033=0;5019=0;5000=0},3570,,,,,,{14=2;13=1},{14=3},,{},{},0,{},{y=926;x=1753},,<<2025;610>;<1892;749>;<1968;902>;<1753;926>>,{},,FALSE,0,{}
12010,暗影山,暗影山,Shadow Mountain,Núi Bóng tối,그림자 산,Montanha das Sombras,ภูเขาเงา,,<{level=135;unitId=52231;advance=14};{level=135;unitId=62231;advance=14};{level=135;unitId=52301;advance=14};{level=135;unitId=60023;advance=14};{level=135;unitId=62073;advance=14}>,<{level=135;unitId=181981;advance=18}>,config/portrait/simple/img_384_lkz@.png,1,4,3,20,1,6,1,<>,battle_bgm.mp3,battle/scene/bg_xcdg.jpg,config/big_hero/normal/img_384_lkz@.png,{y=70;x=0},30,,1,,<{key=1;value=1};{key=2;value=2};{key=3;value=6}>,135,685,685,,,,9999,6,120,6,{5033=0;5019=0;5000=0},3570,,,,,,{14=2;13=1},{14=3},,{},{},0,{},{y=985;x=1461},,<<1753;926>;<1461;985>>,{},,FALSE,0,{}
12101,香薰市,香薰市,Aromassee,Thành phố Aromassee,아로마시티,Aromassee,เมืองอโรมัสซี,,<{level=136;unitId=60102;advance=15};{level=136;unitId=60542;advance=15};{level=136;unitId=62681;advance=15}>,<{level=136;unitId=70222;advance=17}>,,1,4,3,20,1,6,1,<>,battle_bgm.mp3,battle/scene/bg_xcdg.jpg,config/big_hero/normal/img_55_gdy@.png,{y=70;x=0},31,,1,,<{key=1;value=1};{key=2;value=2};{key=3;value=6}>,136,690,690,,,,9999,6,120,6,{5034=0;5000=0},3780,,,,,,{14=2;13=2},{14=3;13=1},,{},{},1,{},{y=397;x=463},,<<463;397>>,{},,FALSE,1,{}
12102,香薰市,香薰市,Aromassee,Thành phố Aromassee,아로마시티,Aromassee,เมืองอโรมัสซี,,<{level=137;unitId=50791;advance=15};{level=137;unitId=50072;advance=15};{level=137;unitId=60803;advance=15};{level=137;unitId=60803;advance=15}>,<{level=137;unitId=73303;advance=17}>,config/portrait/simple/img_658_jhrw@.png,1,4,3,20,1,6,1,<>,battle_bgm.mp3,battle/scene/bg_xcdg.jpg,config/big_hero/normal/img_658_jhrw@.png,{y=70;x=0},31,,1,,<{key=1;value=1};{key=2;value=2};{key=3;value=6}>,137,695,695,,,,9999,6,120,6,{5034=0;5000=0},3780,,,,,,{14=2;13=2},{14=3;13=1},,{},{},0,{gold=10000;talent_point=1;rmb=10},{y=345;x=752},{y=306;x=1005},<<463;397>;<752;345>>,{},,FALSE,0,{}
12103,香薰市,香薰市,Aromassee,Thành phố Aromassee,아로마시티,Aromassee,เมืองอโรมัสซี,,<{level=138;unitId=61071;advance=15};{level=138;unitId=62681;advance=15};{level=138;unitId=60572;advance=15};{level=138;unitId=62483;advance=15}>,<{level=138;unitId=70632;advance=17}>,,1,4,3,20,1,6,1,<>,battle_bgm.mp3,battle/scene/bg_xcdg.jpg,config/big_hero/normal/img_130_bll@.png,{y=70;x=0},31,,1,,<{key=1;value=1};{key=2;value=2};{key=3;value=6}>,138,700,700,,,,9999,6,120,6,{5034=0;5000=0},3780,,,,,,{14=2;13=2},{14=3;13=1},,{},{},0,{},{y=653;x=752},,<<752;345>;<881;283>;<1005;306>;<881;463>;<883;596>;<752;653>>,{},,FALSE,0,{}
12104,香薰市,香薰市,Aromassee,Thành phố Aromassee,아로마시티,Aromassee,เมืองอโรมัสซี,,<{level=139;unitId=60111;advance=15};{level=139;unitId=61902;advance=15};{level=139;unitId=60472;advance=15};{level=139;unitId=60803;advance=15}>,<{level=139;unitId=71241;advance=17}>,config/portrait/simple/img_245_sj@.png,1,4,3,20,1,6,1,<>,battle_bgm.mp3,battle/scene/bg_xcdg.jpg,config/big_hero/normal/img_245_sj@.png,{y=70;x=0},31,,1,,<{key=1;value=1};{key=2;value=2};{key=3;value=6}>,139,705,705,,,,9999,6,120,6,{5034=0;5000=0},3780,,,,,,{14=2;13=2},{14=3;13=1},,{},{},0,{gold=10000;talent_point=1;rmb=10},{y=448;x=1154},{y=337;x=1371},<<752;653>;<915;667>;<1154;448>>,{},,FALSE,0,{}
12105,香薰市,香薰市,Aromassee,Thành phố Aromassee,아로마시티,Aromassee,เมืองอโรมัสซี,,<{level=140;unitId=60333;advance=15};{level=140;unitId=60102;advance=15};{level=140;unitId=60792;advance=15}>,<{level=140;unitId=72233;advance=17}>,,1,4,3,20,1,6,1,<>,battle_bgm.mp3,battle/scene/bg_xcdg.jpg,config/big_hero/normal/img_445_lyls@.png,{y=70;x=0},31,,1,,<{key=1;value=1};{key=2;value=2};{key=3;value=6}>,140,710,710,,,,9999,6,120,6,{5035=0;5000=0},3780,,,,,,{14=2;13=2},{14=3;13=1},,{},{},1,{},{y=348;x=1567},,<<1154;448>;<1371;337>;<1567;348>>,{},,FALSE,1,{}
12106,香薰市,香薰市,Aromassee,Thành phố Aromassee,아로마시티,Aromassee,เมืองอโรมัสซี,,<{level=141;unitId=52481;advance=15};{level=141;unitId=60133;advance=15};{level=141;unitId=52681;advance=15};{level=141;unitId=60493;advance=15};{level=141;unitId=60062;advance=15}>,<{level=141;unitId=71303;advance=17}>,config/portrait/simple/img_257_hyj@.png,1,4,3,20,1,6,1,<>,battle_bgm.mp3,battle/scene/bg_xcdg.jpg,config/big_hero/normal/img_257_hyj@.png,{y=70;x=0},31,,1,,<{key=1;value=1};{key=2;value=2};{key=3;value=6}>,141,715,715,,,,9999,6,120,6,{5035=0;5000=0},3780,,,,,,{14=2;13=2},{14=3;13=1},,{},{},0,{gold=10000;talent_point=1;rmb=10},{y=663;x=1559},{y=663;x=1751},<<1567;348>;<1747;389>;<1746;499>;<1559;663>>,{},,FALSE,0,{}
12107,香薰市,香薰市,Aromassee,Thành phố Aromassee,아로마시티,Aromassee,เมืองอโรมัสซี,,<{level=142;unitId=60093;advance=15};{level=142;unitId=60262;advance=15}>,<{level=142;unitId=181082;advance=17}>,,1,4,3,20,1,6,1,<>,battle_bgm.mp3,battle/scene/bg_xcdg.jpg,config/big_hero/normal/img_461_mnl@.png,{y=70;x=0},31,,1,,<{key=1;value=1};{key=2;value=2};{key=3;value=6}>,142,720,720,,,,9999,6,120,6,{5035=0;5000=0},3780,,,,,,{14=2;13=2},{14=3;13=1},,{},{},0,{},{y=822;x=1835},,<<1559;663>;<1751;663>;<1835;822>>,{},,FALSE,0,{}
12108,香薰市,香薰市,Aromassee,Thành phố Aromassee,아로마시티,Aromassee,เมืองอโรมัสซี,,<{level=143;unitId=62633;advance=15};{level=143;unitId=60081;advance=15};{level=143;unitId=60272;advance=15};{level=143;unitId=60001;advance=15}>,<{level=143;unitId=73021;advance=17}>,config/portrait/simple/img_615_jhxh@.png,1,4,3,20,1,6,1,<>,battle_bgm.mp3,battle/scene/bg_xcdg.jpg,config/big_hero/normal/img_615_jhxh@.png,{y=70;x=0},31,,1,,<{key=1;value=1};{key=2;value=2};{key=3;value=6}>,143,725,725,,,,9999,6,120,6,{5036=0;5000=0},3780,,,,,,{14=2;13=2},{14=3;13=1},,{},{},1,{gold=10000;talent_point=1;rmb=10},{y=991;x=1489},{y=931;x=1034},<<1835;822>;<1601;956>;<1489;991>>,{},,FALSE,1,{}
12109,香薰市,香薰市,Aromassee,Thành phố Aromassee,아로마시티,Aromassee,เมืองอโรมัสซี,,<{level=144;unitId=62073;advance=15};{level=144;unitId=63011;advance=15};{level=144;unitId=61261;advance=15}>,<{level=144;unitId=180721;advance=19}>,,1,4,3,20,1,6,1,<>,battle_bgm.mp3,battle/scene/bg_xcdg.jpg,config/big_hero/normal/img_144_jdn@.png,{y=70;x=0},31,,1,,<{key=1;value=1};{key=2;value=2};{key=3;value=6}>,144,730,730,,,,9999,6,120,6,{5036=0;5000=0},3780,,,,,,{14=2;13=2},{14=3;13=1},,{},{},0,{},{y=994;x=881},,<<1489;991>;<1034;931>;<881;994>>,{},,FALSE,0,{}
12110,香薰市,香薰市,Aromassee,Thành phố Aromassee,아로마시티,Aromassee,เมืองอโรมัสซี,,<{level=145;unitId=50022;advance=15};{level=145;unitId=60192;advance=15};{level=145;unitId=50023;advance=15};{level=145;unitId=61861;advance=15};{level=145;unitId=60131;advance=15}>,<{level=145;unitId=181961;advance=19}>,config/portrait/simple/img_382_gok@.png,1,4,3,20,1,6,1,<>,battle_bgm.mp3,battle/scene/bg_xcdg.jpg,config/big_hero/normal/img_382_gok@.png,{y=70;x=0},31,,1,,<{key=1;value=1};{key=2;value=2};{key=3;value=6}>,145,735,735,,,,9999,6,120,6,{5036=0;5000=0},3780,,,,,,{14=2;13=2},{14=3;13=1},,{},{},0,{},{y=743;x=1278},,<<881;994>;<986;779>;<1278;743>>,{},,FALSE,0,{}
12201,枯叶市,枯葉市,Vermilion City,Thành phố Vermilion,갈색시티,Cidade de Vermilion,เมืองคุจิบะ,,<{level=146;unitId=60392;advance=16};{level=146;unitId=63292;advance=16};{level=146;unitId=63281;advance=16}>,<{level=146;unitId=73562;advance=18}>,,1,4,3,20,1,6,1,<>,battle_bgm.mp3,battle/scene/bg_xcdg.jpg,config/big_hero/normal/img_709_xmy@.png,{y=70;x=0},32,,1,,<{key=1;value=1};{key=2;value=2};{key=3;value=6}>,146,740,740,,,,9999,6,120,6,{5024=0;5037=0;5000=0},3990,,,,,,{14=3},{14=3;13=2},,{},{},1,{},{y=240;x=1600},,<<1600;240>>,{},,FALSE,1,{}
12202,枯叶市,枯葉市,Vermilion City,Thành phố Vermilion,갈색시티,Cidade de Vermilion,เมืองคุจิบะ,,<{level=147;unitId=52012;advance=16};{level=147;unitId=50022;advance=16};{level=147;unitId=60593;advance=16};{level=147;unitId=63542;advance=16}>,<{level=147;unitId=73353;advance=18}>,config/portrait/simple/img_671_hjfr@.png,1,4,3,20,1,6,1,<>,battle_bgm.mp3,battle/scene/bg_xcdg.jpg,config/big_hero/normal/img_671_hjfr@.png,{y=70;x=0},32,,1,,<{key=1;value=1};{key=2;value=2};{key=3;value=6}>,147,745,745,,,,9999,6,120,6,{5024=0;5037=0;5000=0},3990,,,,,,{14=3},{14=3;13=2},,{},{},0,{gold=10000;talent_point=1;rmb=10},{y=318;x=1196},{y=356;x=978},<<1600;240>;<1196;318>>,{},,FALSE,0,{}
12203,枯叶市,枯葉市,Vermilion City,Thành phố Vermilion,갈색시티,Cidade de Vermilion,เมืองคุจิบะ,,<{level=148;unitId=60471;advance=16};{level=148;unitId=62012;advance=16};{level=148;unitId=60392;advance=16};{level=148;unitId=63292;advance=16}>,<{level=148;unitId=70891;advance=18}>,,1,4,3,20,1,6,1,<>,battle_bgm.mp3,battle/scene/bg_xcdg.jpg,config/big_hero/normal/img_298_lll@.png,{y=70;x=0},32,,1,,<{key=1;value=1};{key=2;value=2};{key=3;value=6}>,148,750,750,,,,9999,6,120,6,{5024=0;5037=0;5000=0},3990,,,,,,{14=3},{14=3;13=2},,{},{},0,{},{y=574;x=790},,<<1196;318>;<978;356>;<978;356>;<790;574>>,{},,FALSE,0,{}
12204,枯叶市,枯葉市,Vermilion City,Thành phố Vermilion,갈색시티,Cidade de Vermilion,เมืองคุจิบะ,,<{level=149;unitId=60271;advance=16};{level=149;unitId=60602;advance=16};{level=149;unitId=60092;advance=16};{level=149;unitId=62012;advance=16}>,<{level=149;unitId=71813;advance=18}>,config/portrait/simple/img_477_hyml@.png,1,4,3,20,1,6,1,<>,battle_bgm.mp3,battle/scene/bg_xcdg.jpg,config/big_hero/normal/img_477_hyml@.png,{y=70;x=0},32,,1,,<{key=1;value=1};{key=2;value=2};{key=3;value=6}>,149,755,755,,,,9999,6,120,6,{5024=0;5037=0;5000=0},3990,,,,,,{14=3},{14=3;13=2},,{},{},0,{gold=10000;talent_point=1;rmb=10},{y=612;x=1276},{y=558;x=1436},<<790;574>;<1276;612>>,{},,FALSE,0,{}
12205,枯叶市,枯葉市,Vermilion City,Thành phố Vermilion,갈색시티,Cidade de Vermilion,เมืองคุจิบะ,,<{level=150;unitId=60072;advance=16};{level=150;unitId=61421;advance=16};{level=150;unitId=60692;advance=16}>,<{level=150;unitId=70131;advance=18}>,,1,4,3,20,1,6,1,<>,battle_bgm.mp3,battle/scene/bg_xcdg.jpg,config/big_hero/normal/img_173_pbb@.png,{y=70;x=0},32,,1,,<{key=1;value=1};{key=2;value=2};{key=3;value=6}>,150,760,760,,,,9999,6,120,6,{5038=0;5022=0;5000=0},3990,,,,,,{14=3},{14=3;13=2},,{},{},1,{},{y=718;x=1736},,<<1276;612>;<1436;558>;<1436;558>;<1736;718>>,{},,FALSE,1,{}
12206,枯叶市,枯葉市,Vermilion City,Thành phố Vermilion,갈색시티,Cidade de Vermilion,เมืองคุจิบะ,,<{level=151;unitId=53541;advance=16};{level=151;unitId=60092;advance=16};{level=151;unitId=50331;advance=16};{level=151;unitId=60033;advance=16};{level=151;unitId=60461;advance=16}>,<{level=151;unitId=70393;advance=18}>,config/portrait/simple/img_94_gg@.png,1,4,3,20,1,6,1,<>,battle_bgm.mp3,battle/scene/bg_xcdg.jpg,config/big_hero/normal/img_94_gg@.png,{y=70;x=0},32,,1,,<{key=1;value=1};{key=2;value=2};{key=3;value=6}>,151,765,765,,,,9999,6,120,6,{5038=0;5022=0;5000=0},3990,,,,,,{14=3},{14=3;13=2},,{},{},0,{gold=10000;talent_point=1;rmb=10},{y=840;x=1910},{y=968;x=1699},<<1736;718>;<1910;840>>,{},,FALSE,0,{}
12207,枯叶市,枯葉市,Vermilion City,Thành phố Vermilion,갈색시티,Cidade de Vermilion,เมืองคุจิบะ,,<{level=152;unitId=60452;advance=16};{level=152;unitId=61421;advance=16}>,<{level=152;unitId=181392;advance=18}>,,1,4,3,20,1,6,1,<>,battle_bgm.mp3,battle/scene/bg_xcdg.jpg,config/big_hero/normal/img_281_qlla@.png,{y=70;x=0},32,,1,,<{key=1;value=1};{key=2;value=2};{key=3;value=6}>,152,770,770,,,,9999,6,120,6,{5038=0;5022=0;5000=0},3990,,,,,,{14=3},{14=3;13=2},,{},{},0,{},{y=1096;x=1488},,<<1910;840>;<1699;968>;<1488;1096>>,{},,FALSE,0,{}
12208,枯叶市,枯葉市,Vermilion City,Thành phố Vermilion,갈색시티,Cidade de Vermilion,เมืองคุจิบะ,,<{level=153;unitId=61612;advance=16};{level=153;unitId=60071;advance=16};{level=153;unitId=62301;advance=16};{level=153;unitId=62301;advance=16}>,<{level=153;unitId=71394;advance=18}>,config/portrait/simple/img_475_alld@.png,1,4,3,20,1,6,1,<>,battle_bgm.mp3,battle/scene/bg_xcdg.jpg,config/big_hero/normal/img_475_alld@.png,{y=70;x=0},32,,1,,<{key=1;value=1};{key=2;value=2};{key=3;value=6}>,153,775,775,,,,9999,6,120,6,{5039=0;5023=0;5000=0},3990,,,,,,{14=3},{14=3;13=2},,{},{},1,{gold=10000;talent_point=1;rmb=10},{y=944;x=1260},{y=812;x=1118},<<1488;1096>;<1520;952>;<1260;944>>,{},,FALSE,1,{}
12209,枯叶市,枯葉市,Vermilion City,Thành phố Vermilion,갈색시티,Cidade de Vermilion,เมืองคุจิบะ,,<{level=154;unitId=62482;advance=16};{level=154;unitId=61231;advance=16};{level=154;unitId=61612;advance=16}>,<{level=154;unitId=180263;advance=20}>,,1,4,3,20,1,6,1,<>,battle_bgm.mp3,battle/scene/bg_xcdg.jpg,config/big_hero/normal/img_65_hd@.png,{y=70;x=0},32,,1,,<{key=1;value=1};{key=2;value=2};{key=3;value=6}>,154,780,780,,,,9999,6,120,6,{5039=0;5023=0;5000=0},3990,,,,,,{14=3},{14=3;13=2},,{},{},0,{},{y=680;x=976},,<<1260;944>;<1118;812>;<976;680>>,{},,FALSE,0,{}
12210,枯叶市,枯葉市,Vermilion City,Thành phố Vermilion,갈색시티,Cidade de Vermilion,เมืองคุจิบะ,,<{level=155;unitId=51292;advance=16};{level=155;unitId=63341;advance=16};{level=155;unitId=50602;advance=16};{level=155;unitId=61812;advance=16}>,<{level=155;unitId=180761;advance=20}>,config/portrait/simple/img_150_cm@.png,1,4,3,20,1,6,1,<>,battle_bgm.mp3,battle/scene/bg_xcdg.jpg,config/big_hero/normal/img_150_cm@.png,{y=70;x=0},32,,1,,<{key=1;value=1};{key=2;value=2};{key=3;value=6}>,155,785,785,,,,9999,6,120,6,{5039=0;5023=0;5000=0},3990,,,,,,{14=3},{14=3;13=2},,{},{},0,{},{y=898;x=576},,<<976;680>;<576;898>>,{},,FALSE,0,{}
12301,孔普斯镇,孔普斯镇,Compus Town,Thị trấn Compus,콤푸스 마을,Vila Compus,เมืองคอมปัส,,<{level=455;unitId=63302;advance=70};{level=455;unitId=63302;advance=70};{level=455;unitId=63302;advance=70}>,<{level=455;unitId=70013;advance=70}>,,1,4,3,20,1,6,1,<>,battle_bgm.mp3,battle/scene/bg_xcdg.jpg,config/big_hero/normal/img_6_phl@.png,{y=70;x=0},33,,1,,<{key=1;value=1};{key=2;value=2};{key=3;value=6}>,455,790,790,,,,9999,6,120,6,{5040=0;5000=0},4200,,,,,,{14=3;13=1},{14=4},,{},{},1,{},{y=747;x=2071},,<<2071;747>>,{},,FALSE,1,{}
12302,孔普斯镇,孔普斯镇,Compus Town,Thị trấn Compus,콤푸스 마을,Vila Compus,เมืองคอมปัส,,<{level=460;unitId=52271;advance=70};{level=460;unitId=60272;advance=70};{level=460;unitId=52271;advance=70};{level=460;unitId=60002;advance=70};{level=460;unitId=60002;advance=70}>,<{level=460;unitId=70053;advance=70}>,config/portrait/simple/img_18_dbn@.png,1,4,3,20,1,6,1,<>,battle_bgm.mp3,battle/scene/bg_xcdg.jpg,config/big_hero/normal/img_18_dbn@.png,{y=70;x=0},33,,1,,<{key=1;value=1};{key=2;value=2};{key=3;value=6}>,460,795,795,,,,9999,6,120,6,{5040=0;5000=0},4200,,,,,,{14=3;13=1},{14=4},,{},{},0,{gold=10000;talent_point=1;rmb=10},{y=540;x=1782},{y=331;x=1747},<<2071;747>;<1914;683>;<1914;581>;<1782;540>>,{},,FALSE,0,{}
12303,孔普斯镇,孔普斯镇,Compus Town,Thị trấn Compus,콤푸스 마을,Vila Compus,เมืองคอมปัส,,<{level=465;unitId=60092;advance=70};{level=465;unitId=63542;advance=70};{level=465;unitId=60092;advance=70};{level=465;unitId=63542;advance=70}>,<{level=465;unitId=71394;advance=70}>,,1,4,3,20,1,6,1,<>,battle_bgm.mp3,battle/scene/bg_xcdg.jpg,config/big_hero/normal/img_475_alld@.png,{y=70;x=0},33,,1,,<{key=1;value=1};{key=2;value=2};{key=3;value=6}>,465,800,800,,,,9999,6,120,6,{5040=0;5000=0},4200,,,,,,{14=3;13=1},{14=4},,{},{},0,{},{y=349;x=1417},,<<1782;540>;<1687;478>;<1838;359>;<1747;331>;<1561;289>;<1417;349>>,{},,FALSE,0,{}
12304,孔普斯镇,孔普斯镇,Compus Town,Thị trấn Compus,콤푸스 마을,Vila Compus,เมืองคอมปัส,,<{level=470;unitId=60792;advance=70};{level=470;unitId=60792;advance=70};{level=470;unitId=60571;advance=70};{level=470;unitId=60571;advance=70}>,<{level=470;unitId=72013;advance=70}>,config/portrait/simple/img_389_ttg@.png,1,4,3,20,1,6,1,<>,battle_bgm.mp3,battle/scene/bg_xcdg.jpg,config/big_hero/normal/img_389_ttg@.png,{y=70;x=0},33,,1,,<{key=1;value=1};{key=2;value=2};{key=3;value=6}>,470,805,805,,,,9999,6,120,6,{5040=0;5000=0},4200,,,,,,{14=3;13=1},{14=4},,{},{},0,{gold=10000;talent_point=1;rmb=10},{y=345;x=1034},{y=444;x=776},<<1417;349>;<1302;262>;<1034;345>>,{},,FALSE,0,{}
12305,孔普斯镇,孔普斯镇,Compus Town,Thị trấn Compus,콤푸스 마을,Vila Compus,เมืองคอมปัส,,<{level=475;unitId=63302;advance=70};{level=475;unitId=60262;advance=70};{level=475;unitId=63302;advance=70}>,<{level=475;unitId=70552;advance=70}>,,1,4,3,20,1,6,1,<>,battle_bgm.mp3,battle/scene/bg_xcdg.jpg,config/big_hero/normal/img_121_bshx@.png,{y=70;x=0},33,,1,,<{key=1;value=1};{key=2;value=2};{key=3;value=6}>,475,810,810,,,,9999,6,120,6,{5041=0;5000=0},4200,,,,,,{14=3;13=1},{14=4},,{},{},1,{},{y=549;x=625},,<<1034;345>;<923;420>;<776;444>;<759;518>;<625;549>>,{},,FALSE,1,{}
12306,孔普斯镇,孔普斯镇,Compus Town,Thị trấn Compus,콤푸스 마을,Vila Compus,เมืองคอมปัส,,<{level=480;unitId=51421;advance=70};{level=480;unitId=60262;advance=70};{level=480;unitId=51421;advance=70};{level=480;unitId=60593;advance=70};{level=480;unitId=60593;advance=70}>,<{level=480;unitId=180333;advance=70}>,config/portrait/simple/img_462_zbcg@.png,1,4,3,20,1,6,1,<>,battle_bgm.mp3,battle/scene/bg_xcdg.jpg,config/big_hero/normal/img_462_zbcg@.png,{y=70;x=0},33,,1,,<{key=1;value=1};{key=2;value=2};{key=3;value=6}>,480,815,815,,,,9999,6,120,6,{5041=0;5000=0},4200,,,,,,{14=3;13=1},{14=4},,{},{},0,{gold=10000;talent_point=1;rmb=10},{y=631;x=856},{y=663;x=1015},<<625;549>;<770;629>;<856;631>>,{},,FALSE,0,{}
12307,孔普斯镇,孔普斯镇,Compus Town,Thị trấn Compus,콤푸스 마을,Vila Compus,เมืองคอมปัส,,<{level=485;unitId=61422;advance=70};{level=485;unitId=60002;advance=70};{level=485;unitId=61422;advance=70};{level=485;unitId=60002;advance=70}>,<{level=485;unitId=70464;advance=70}>,,1,4,3,20,1,6,1,<>,battle_bgm.mp3,battle/scene/bg_xcdg.jpg,config/big_hero/normal/img_237_zwl@.png,{y=70;x=0},33,,1,,<{key=1;value=1};{key=2;value=2};{key=3;value=6}>,485,820,820,,,,9999,6,120,6,{5041=0;5000=0},4200,,,,,,{14=3;13=1},{14=4},,{},{},0,{},{y=942;x=971},,<<856;631>;<1015;663>;<971;942>>,{},,FALSE,0,{}
12308,孔普斯镇,孔普斯镇,Compus Town,Thị trấn Compus,콤푸스 마을,Vila Compus,เมืองคอมปัส,,<{level=490;unitId=60072;advance=70};{level=490;unitId=60072;advance=70};{level=490;unitId=60692;advance=70};{level=490;unitId=60692;advance=70}>,<{level=490;unitId=70793;advance=70}>,config/portrait/simple/img_157_hbs@.png,1,4,3,20,1,6,1,<>,battle_bgm.mp3,battle/scene/bg_xcdg.jpg,config/big_hero/normal/img_157_hbs@.png,{y=70;x=0},33,,1,,<{key=1;value=1};{key=2;value=2};{key=3;value=6}>,490,825,825,,,,9999,6,120,6,{5042=0;5000=0},4200,,,,,,{14=3;13=1},{14=4},,{},{},1,{gold=10000;talent_point=1;rmb=10},{y=774;x=1204},{y=788;x=1402},<<971;942>;<1204;774>>,{},,FALSE,1,{}
12309,孔普斯镇,孔普斯镇,Compus Town,Thị trấn Compus,콤푸스 마을,Vila Compus,เมืองคอมปัส,,<{level=495;unitId=63302;advance=70};{level=495;unitId=60333;advance=70};{level=495;unitId=63302;advance=70}>,<{level=495;unitId=181303;advance=70}>,,1,4,3,20,1,6,1,<>,battle_bgm.mp3,battle/scene/bg_xcdg.jpg,config/big_hero/normal/img_257_hyj@.png,{y=70;x=0},33,,1,,<{key=1;value=1};{key=2;value=2};{key=3;value=6}>,495,830,830,,,,9999,6,120,6,{5042=0;5000=0},4200,,,,,,{14=3;13=1},{14=4},,{},{},0,{},{y=950;x=1484},,<<1204;774>;<1402;788>;<1484;950>>,{},,FALSE,0,{}
12310,孔普斯镇,孔普斯镇,Compus Town,Thị trấn Compus,콤푸스 마을,Vila Compus,เมืองคอมปัส,,<>,<{level=500;unitId=180753;advance=70}>,config/portrait/simple/img_149_kl@.png,1,4,3,20,1,6,1,<>,battle_bgm.mp3,battle/scene/bg_xcdg.jpg,config/big_hero/normal/img_149_kl@.png,{y=70;x=0},33,,1,,<{key=1;value=1};{key=2;value=2};{key=3;value=6}>,500,835,835,,,,9999,6,120,6,{5042=0;5000=0},4200,,,,,,{14=3;13=1},{14=4},,{},{},0,{},{y=1066;x=1302},,<<1484;950>;<1458;1036>;<1302;1066>>,{},,FALSE,0,{}
12401,灯火市,灯火市,Lumiose City,Thành phố Lumiose,미르시티,Cidade de Lumiose,เมืองมิอาร์,,<{level=505;unitId=60472;advance=70};{level=505;unitId=60132;advance=70};{level=505;unitId=60472;advance=70}>,<{level=505;unitId=72073;advance=70}>,,1,4,3,20,1,6,1,<>,battle_bgm.mp3,battle/scene/bg_xcdg.jpg,config/big_hero/normal/img_405_lqm@.png,{y=70;x=0},34,,1,,<{key=1;value=1};{key=2;value=2};{key=3;value=6}>,505,840,840,,,,9999,6,120,6,{5043=0;5000=0},4410,,,,,,{14=3;13=2},{14=4;13=2},,{},{},1,{},{y=747;x=2071},,<<2071;747>>,{},,FALSE,1,{}
12402,灯火市,灯火市,Lumiose City,Thành phố Lumiose,미르시티,Cidade de Lumiose,เมืองมิอาร์,,<{level=510;unitId=53301;advance=70};{level=510;unitId=61252;advance=70};{level=510;unitId=53301;advance=70};{level=510;unitId=60022;advance=70};{level=510;unitId=60022;advance=70}>,<{level=510;unitId=72683;advance=70}>,config/portrait/simple/img_545_wgw@.png,1,4,3,20,1,6,1,<>,battle_bgm.mp3,battle/scene/bg_xcdg.jpg,config/big_hero/normal/img_545_wgw@.png,{y=70;x=0},34,,1,,<{key=1;value=1};{key=2;value=2};{key=3;value=6}>,510,845,845,,,,9999,6,120,6,{5043=0;5000=0},4410,,,,,,{14=3;13=2},{14=4;13=2},,{},{},0,{gold=10000;talent_point=1;rmb=10},{y=540;x=1782},{y=331;x=1747},<<2071;747>;<1914;683>;<1914;581>;<1782;540>>,{},,FALSE,0,{}
12403,灯火市,灯火市,Lumiose City,Thành phố Lumiose,미르시티,Cidade de Lumiose,เมืองมิอาร์,,<{level=515;unitId=60472;advance=70};{level=515;unitId=60262;advance=70};{level=515;unitId=60472;advance=70};{level=515;unitId=60262;advance=70}>,<{level=515;unitId=71423;advance=70}>,,1,4,3,20,1,6,1,<>,battle_bgm.mp3,battle/scene/bg_xcdg.jpg,config/big_hero/normal/img_289_qjw@.png,{y=70;x=0},34,,1,,<{key=1;value=1};{key=2;value=2};{key=3;value=6}>,515,850,850,,,,9999,6,120,6,{5043=0;5000=0},4410,,,,,,{14=3;13=2},{14=4;13=2},,{},{},0,{},{y=349;x=1417},,<<1782;540>;<1687;478>;<1838;359>;<1747;331>;<1561;289>;<1417;349>>,{},,FALSE,0,{}
12404,灯火市,灯火市,Lumiose City,Thành phố Lumiose,미르시티,Cidade de Lumiose,เมืองมิอาร์,,<{level=520;unitId=60552;advance=70};{level=520;unitId=60552;advance=70};{level=520;unitId=61172;advance=70};{level=520;unitId=61172;advance=70}>,<{level=520;unitId=70463;advance=70}>,config/portrait/simple/img_107_kql@.png,1,4,3,20,1,6,1,<>,battle_bgm.mp3,battle/scene/bg_xcdg.jpg,config/big_hero/normal/img_107_kql@.png,{y=70;x=0},34,,1,,<{key=1;value=1};{key=2;value=2};{key=3;value=6}>,520,855,855,,,,9999,6,120,6,{5043=0;5000=0},4410,,,,,,{14=3;13=2},{14=4;13=2},,{},{},0,{gold=10000;talent_point=1;rmb=10},{y=345;x=1034},{y=444;x=776},<<1417;349>;<1302;262>;<1034;345>>,{},,FALSE,0,{}
12405,灯火市,灯火市,Lumiose City,Thành phố Lumiose,미르시티,Cidade de Lumiose,เมืองมิอาร์,,<{level=525;unitId=60552;advance=70};{level=525;unitId=60792;advance=70};{level=525;unitId=60552;advance=70}>,<{level=525;unitId=73293;advance=70}>,,1,4,3,20,1,6,1,<>,battle_bgm.mp3,battle/scene/bg_xcdg.jpg,config/big_hero/normal/img_655_yhhh@.png,{y=70;x=0},34,,1,,<{key=1;value=1};{key=2;value=2};{key=3;value=6}>,525,860,860,,,,9999,6,120,6,{5044=0;5000=0},4410,,,,,,{14=3;13=2},{14=4;13=2},,{},{},1,{},{y=549;x=625},,<<1034;345>;<923;420>;<776;444>;<759;518>;<625;549>>,{},,FALSE,1,{}
12406,灯火市,灯火市,Lumiose City,Thành phố Lumiose,미르시티,Cidade de Lumiose,เมืองมิอาร์,,<{level=530;unitId=50021;advance=70};{level=530;unitId=60392;advance=70};{level=530;unitId=50021;advance=70};{level=530;unitId=62012;advance=70};{level=530;unitId=62012;advance=70}>,<{level=530;unitId=180771;advance=70}>,config/portrait/simple/img_151_mh@.png,1,4,3,20,1,6,1,<>,battle_bgm.mp3,battle/scene/bg_xcdg.jpg,config/big_hero/normal/img_151_mh@.png,{y=70;x=0},34,,1,,<{key=1;value=1};{key=2;value=2};{key=3;value=6}>,530,865,865,,,,9999,6,120,6,{5044=0;5000=0},4410,,,,,,{14=3;13=2},{14=4;13=2},,{},{},0,{gold=10000;talent_point=1;rmb=10},{y=631;x=856},{y=663;x=1015},<<625;549>;<770;629>;<856;631>>,{},,FALSE,0,{}
12407,灯火市,灯火市,Lumiose City,Thành phố Lumiose,미르시티,Cidade de Lumiose,เมืองมิอาร์,,<{level=535;unitId=60092;advance=70};{level=535;unitId=60592;advance=70};{level=535;unitId=60092;advance=70};{level=535;unitId=60592;advance=70}>,<{level=535;unitId=70273;advance=70}>,,1,4,3,20,1,6,1,<>,battle_bgm.mp3,battle/scene/bg_xcdg.jpg,config/big_hero/normal/img_68_gl@.png,{y=70;x=0},34,,1,,<{key=1;value=1};{key=2;value=2};{key=3;value=6}>,535,870,870,,,,9999,6,120,6,{5044=0;5000=0},4410,,,,,,{14=3;13=2},{14=4;13=2},,{},{},0,{},{y=942;x=971},,<<856;631>;<1015;663>;<971;942>>,{},,FALSE,0,{}
12408,灯火市,灯火市,Lumiose City,Thành phố Lumiose,미르시티,Cidade de Lumiose,เมืองมิอาร์,,<{level=540;unitId=60572;advance=70};{level=540;unitId=60572;advance=70};{level=540;unitId=60603;advance=70};{level=540;unitId=60603;advance=70}>,<{level=540;unitId=71172;advance=70}>,config/portrait/simple/img_229_hlj@.png,1,4,3,20,1,6,1,<>,battle_bgm.mp3,battle/scene/bg_xcdg.jpg,config/big_hero/normal/img_229_hlj@.png,{y=70;x=0},34,,1,,<{key=1;value=1};{key=2;value=2};{key=3;value=6}>,540,875,875,,,,9999,6,120,6,{5045=0;5000=2},4410,,,,,,{14=3;13=2},{14=4;13=2},,{},{},1,{gold=10000;talent_point=1;rmb=10},{y=774;x=1204},{y=788;x=1402},<<971;942>;<1204;774>>,{},,FALSE,1,{}
12409,灯火市,灯火市,Lumiose City,Thành phố Lumiose,미르시티,Cidade de Lumiose,เมืองมิอาร์,,<{level=545;unitId=60793;advance=70};{level=545;unitId=63472;advance=70};{level=545;unitId=60793;advance=70}>,<{level=545;unitId=181903;advance=70}>,,1,4,3,20,1,6,1,<>,battle_bgm.mp3,battle/scene/bg_xcdg.jpg,config/big_hero/normal/img_376_jjg@.png,{y=70;x=0},34,,1,,<{key=1;value=1};{key=2;value=2};{key=3;value=6}>,545,880,880,,,,9999,6,120,6,{5045=0;5000=2},4410,,,,,,{14=3;13=2},{14=4;13=2},,{},{},0,{},{y=950;x=1484},,<<1204;774>;<1402;788>;<1484;950>>,{},,FALSE,0,{}
12410,灯火市,灯火市,Lumiose City,Thành phố Lumiose,미르시티,Cidade de Lumiose,เมืองมิอาร์,,<>,<{level=550;unitId=180264;advance=70}>,config/portrait/simple/img_65_cjhd@.png,1,4,3,20,1,6,1,<>,battle_bgm.mp3,battle/scene/bg_xcdg.jpg,config/big_hero/normal/img_65_cjhd@.png,{y=70;x=0},34,,1,,<{key=1;value=1};{key=2;value=2};{key=3;value=6}>,550,885,885,,,,9999,6,120,6,{5045=0;5000=2},4410,,,,,,{14=3;13=2},{14=4;13=2},,{},{},0,{},{y=1066;x=1302},,<<1484;950>;<1458;1036>;<1302;1066>>,{},,FALSE,0,{}
12501,加布月镇,加布月镇,Gabumoon Town,Thị trấn Gabumoon,가부문 마을,Vila Gabumoon,เมืองกาบุมูน,,<{level=555;unitId=60571;advance=70};{level=555;unitId=62822;advance=70};{level=555;unitId=60461;advance=70}>,<{level=555;unitId=70463;advance=70}>,,1,4,3,20,1,6,1,<>,battle_bgm.mp3,battle/scene/bg_xcdg.jpg,config/big_hero/normal/img_107_kql@.png,{y=70;x=0},35,,1,,<{key=1;value=1};{key=2;value=2};{key=3;value=6}>,555,890,890,,,,9999,6,120,6,{5046=0;5000=0},4620,,,,,,{14=4},{14=5},,{},{},1,{},{y=747;x=2071},,<<2071;747>>,{},,FALSE,1,{}
12502,加布月镇,加布月镇,Gabumoon Town,Thị trấn Gabumoon,가부문 마을,Vila Gabumoon,เมืองกาบุมูน,,<{level=560;unitId=53293;advance=70};{level=560;unitId=53301;advance=70};{level=560;unitId=60092;advance=70};{level=560;unitId=60302;advance=70}>,<{level=560;unitId=70053;advance=70}>,config/portrait/simple/img_18_dbn@.png,1,4,3,20,1,6,1,<>,battle_bgm.mp3,battle/scene/bg_xcdg.jpg,config/big_hero/normal/img_18_dbn@.png,{y=70;x=0},35,,1,,<{key=1;value=1};{key=2;value=2};{key=3;value=6}>,560,895,895,,,,9999,6,120,6,{5046=0;5000=0},4620,,,,,,{14=4},{14=5},,{},{},0,{gold=10000;talent_point=1;rmb=10},{y=540;x=1782},{y=331;x=1747},<<2071;747>;<1914;683>;<1914;581>;<1782;540>>,{},,FALSE,0,{}
12503,加布月镇,加布月镇,Gabumoon Town,Thị trấn Gabumoon,가부문 마을,Vila Gabumoon,เมืองกาบุมูน,,<{level=565;unitId=60302;advance=70};{level=565;unitId=60891;advance=70};{level=565;unitId=60001;advance=70};{level=565;unitId=62891;advance=70}>,<{level=565;unitId=71841;advance=70}>,,1,4,3,20,1,6,1,<>,battle_bgm.mp3,battle/scene/bg_xcdg.jpg,config/big_hero/normal/img_359_absl@.png,{y=70;x=0},35,,1,,<{key=1;value=1};{key=2;value=2};{key=3;value=6}>,565,900,900,,,,9999,6,120,6,{5046=0;5000=0},4620,,,,,,{14=4},{14=5},,{},{},0,{},{y=349;x=1417},,<<1782;540>;<1687;478>;<1838;359>;<1747;331>;<1561;289>;<1417;349>>,{},,FALSE,0,{}
12504,加布月镇,加布月镇,Gabumoon Town,Thị trấn Gabumoon,가부문 마을,Vila Gabumoon,เมืองกาบุมูน,,<{level=570;unitId=60022;advance=70};{level=570;unitId=60172;advance=70};{level=570;unitId=62681;advance=70};{level=570;unitId=63292;advance=70}>,<{level=570;unitId=70003;advance=70}>,config/portrait/simple/img_3_mwh@.png,1,4,3,20,1,6,1,<>,battle_bgm.mp3,battle/scene/bg_xcdg.jpg,config/big_hero/normal/img_3_mwh@.png,{y=70;x=0},35,,1,,<{key=1;value=1};{key=2;value=2};{key=3;value=6}>,570,905,905,,,,9999,6,120,6,{5046=0;5000=0},4620,,,,,,{14=4},{14=5},,{},{},0,{gold=10000;talent_point=1;rmb=10},{y=345;x=1034},{y=444;x=776},<<1417;349>;<1302;262>;<1034;345>>,{},,FALSE,0,{}
12505,加布月镇,加布月镇,Gabumoon Town,Thị trấn Gabumoon,가부문 마을,Vila Gabumoon,เมืองกาบุมูน,,<{level=575;unitId=60031;advance=70};{level=575;unitId=60372;advance=70};{level=575;unitId=60231;advance=70}>,<{level=575;unitId=70793;advance=70}>,,1,4,3,20,1,6,1,<>,battle_bgm.mp3,battle/scene/bg_xcdg.jpg,config/big_hero/normal/img_157_hbs@.png,{y=70;x=0},35,,1,,<{key=1;value=1};{key=2;value=2};{key=3;value=6}>,575,910,910,,,,9999,6,120,6,{5047=0;5000=0},4620,,,,,,{14=4},{14=5},,{},{},1,{},{y=549;x=625},,<<1034;345>;<923;420>;<776;444>;<759;518>;<625;549>>,{},,FALSE,1,{}
12506,加布月镇,加布月镇,Gabumoon Town,Thị trấn Gabumoon,가부문 마을,Vila Gabumoon,เมืองกาบุมูน,,<{level=580;unitId=50721;advance=70};{level=580;unitId=60031;advance=70};{level=580;unitId=50133;advance=70};{level=580;unitId=61893;advance=70};{level=580;unitId=60263;advance=70}>,<{level=580;unitId=70593;advance=70}>,config/portrait/simple/img_466_djms@.png,1,4,3,20,1,6,1,<>,battle_bgm.mp3,battle/scene/bg_xcdg.jpg,config/big_hero/normal/img_466_djms@.png,{y=70;x=0},35,,1,,<{key=1;value=1};{key=2;value=2};{key=3;value=6}>,580,915,915,,,,9999,6,120,6,{5047=0;5000=0},4620,,,,,,{14=4},{14=5},,{},{},0,{gold=10000;talent_point=1;rmb=10},{y=631;x=856},{y=663;x=1015},<<625;549>;<770;629>;<856;631>>,{},,FALSE,0,{}
12507,加布月镇,加布月镇,Gabumoon Town,Thị trấn Gabumoon,가부문 마을,Vila Gabumoon,เมืองกาบุมูน,,<{level=585;unitId=60023;advance=70};{level=585;unitId=60033;advance=70};{level=585;unitId=63001;advance=70};{level=585;unitId=62271;advance=70}>,<{level=585;unitId=70303;advance=70}>,,1,4,3,20,1,6,1,<>,battle_bgm.mp3,battle/scene/bg_xcdg.jpg,config/big_hero/normal/img_75_lls@.png,{y=70;x=0},35,,1,,<{key=1;value=1};{key=2;value=2};{key=3;value=6}>,585,920,920,,,,9999,6,120,6,{5047=0;5000=0},4620,,,,,,{14=4},{14=5},,{},{},0,{},{y=942;x=971},,<<856;631>;<1015;663>;<971;942>>,{},,FALSE,0,{}
12508,加布月镇,加布月镇,Gabumoon Town,Thị trấn Gabumoon,가부문 마을,Vila Gabumoon,เมืองกาบุมูน,,<{level=590;unitId=60792;advance=70};{level=590;unitId=62303;advance=70};{level=590;unitId=62612;advance=70};{level=590;unitId=63021;advance=70}>,<{level=590;unitId=70133;advance=70}>,config/portrait/simple/img_36_pkx@.png,1,4,3,20,1,6,1,<>,battle_bgm.mp3,battle/scene/bg_xcdg.jpg,config/big_hero/normal/img_36_pkx@.png,{y=70;x=0},35,,1,,<{key=1;value=1};{key=2;value=2};{key=3;value=6}>,590,925,925,,,,9999,6,120,6,{5048=0;5000=0},4620,,,,,,{14=4},{14=5},,{},{},1,{gold=10000;talent_point=1;rmb=10},{y=774;x=1204},{y=788;x=1402},<<971;942>;<1204;774>>,{},,FALSE,1,{}
12509,加布月镇,加布月镇,Gabumoon Town,Thị trấn Gabumoon,가부문 마을,Vila Gabumoon,เมืองกาบุมูน,,<{level=595;unitId=60332;advance=70};{level=595;unitId=61171;advance=70};{level=595;unitId=63543;advance=70}>,<{level=595;unitId=70173;advance=70}>,,1,4,3,20,1,6,1,<>,battle_bgm.mp3,battle/scene/bg_xcdg.jpg,config/big_hero/normal/img_45_bwh@.png,{y=70;x=0},35,,1,,<{key=1;value=1};{key=2;value=2};{key=3;value=6}>,595,930,930,,,,9999,6,120,6,{5048=0;5000=0},4620,,,,,,{14=4},{14=5},,{},{},0,{},{y=950;x=1484},,<<1204;774>;<1402;788>;<1484;950>>,{},,FALSE,0,{}
12510,加布月镇,加布月镇,Gabumoon Town,Thị trấn Gabumoon,가부문 마을,Vila Gabumoon,เมืองกาบุมูน,,<{level=600;unitId=50882;advance=70};{level=600;unitId=60491;advance=70};{level=600;unitId=51423;advance=70};{level=600;unitId=60463;advance=70};{level=600;unitId=60352;advance=70}>,<{level=600;unitId=73631;advance=70}>,config/portrait/simple/img_719_dax@.png,1,4,3,20,1,6,1,<>,battle_bgm.mp3,battle/scene/bg_xcdg.jpg,config/big_hero/normal/img_719_dax@.png,{y=70;x=0},35,,1,,<{key=1;value=1};{key=2;value=2};{key=3;value=6}>,600,935,935,,,,9999,6,120,6,{5048=0;5000=0},4620,,,,,,{14=4},{14=5},,{},{},0,{},{y=1066;x=1302},,<<1484;950>;<1458;1036>;<1302;1066>>,{},,FALSE,0,{}
12601,菜草镇,菜草镇,Greensod Town,Thị trấn Greensod,채초 마을,Vila Greensod,เมืองไช่เฉ่า,,<{level=605;unitId=60731;advance=70};{level=605;unitId=62873;advance=70};{level=605;unitId=61901;advance=70}>,<{level=605;unitId=71253;advance=70}>,,1,4,3,20,1,6,1,<>,battle_bgm.mp3,battle/scene/bg_xcdg.jpg,config/big_hero/normal/img_248_bjls@.png,{y=70;x=0},36,,1,,<{key=1;value=1};{key=2;value=2};{key=3;value=6}>,605,940,940,,,,9999,6,120,6,{5049=0;5000=0},4830,,,,,,{14=4;13=1},{14=5;13=2},,{},{},1,{},{y=747;x=2071},,<<2071;747>>,{},,FALSE,1,{}
12602,菜草镇,菜草镇,Greensod Town,Thị trấn Greensod,채초 마을,Vila Greensod,เมืองไช่เฉ่า,,<{level=610;unitId=51612;advance=70};{level=610;unitId=51231;advance=70};{level=610;unitId=61611;advance=70};{level=610;unitId=60301;advance=70}>,<{level=610;unitId=72963;advance=70}>,config/portrait/simple/img_601_clg@.png,1,4,3,20,1,6,1,<>,battle_bgm.mp3,battle/scene/bg_xcdg.jpg,config/big_hero/normal/img_601_clg@.png,{y=70;x=0},36,,1,,<{key=1;value=1};{key=2;value=2};{key=3;value=6}>,610,945,945,,,,9999,6,120,6,{5049=0;5000=0},4830,,,,,,{14=4;13=1},{14=5;13=2},,{},{},0,{gold=10000;talent_point=1;rmb=10},{y=540;x=1782},{y=331;x=1747},<<2071;747>;<1914;683>;<1914;581>;<1782;540>>,{},,FALSE,0,{}
12603,菜草镇,菜草镇,Greensod Town,Thị trấn Greensod,채초 마을,Vila Greensod,เมืองไช่เฉ่า,,<{level=615;unitId=62962;advance=70};{level=615;unitId=62682;advance=70};{level=615;unitId=61443;advance=70};{level=615;unitId=61353;advance=70}>,<{level=615;unitId=70402;advance=70}>,,1,4,3,20,1,6,1,<>,battle_bgm.mp3,battle/scene/bg_xcdg.jpg,config/big_hero/normal/img_208_dgs@.png,{y=70;x=0},36,,1,,<{key=1;value=1};{key=2;value=2};{key=3;value=6}>,615,950,950,,,,9999,6,120,6,{5049=0;5000=0},4830,,,,,,{14=4;13=1},{14=5;13=2},,{},{},0,{},{y=349;x=1417},,<<1782;540>;<1687;478>;<1838;359>;<1747;331>;<1561;289>;<1417;349>>,{},,FALSE,0,{}
12604,菜草镇,菜草镇,Greensod Town,Thị trấn Greensod,채초 마을,Vila Greensod,เมืองไช่เฉ่า,,<{level=620;unitId=60102;advance=70};{level=620;unitId=62872;advance=70};{level=620;unitId=62682;advance=70};{level=620;unitId=62873;advance=70}>,<{level=620;unitId=70493;advance=70}>,config/portrait/simple/img_464_cjkx@.png,1,4,3,20,1,6,1,<>,battle_bgm.mp3,battle/scene/bg_xcdg.jpg,config/big_hero/normal/img_464_cjkx@.png,{y=70;x=0},36,,1,,<{key=1;value=1};{key=2;value=2};{key=3;value=6}>,620,955,955,,,,9999,6,120,6,{5049=0;5000=0},4830,,,,,,{14=4;13=1},{14=5;13=2},,{},{},0,{gold=10000;talent_point=1;rmb=10},{y=345;x=1034},{y=444;x=776},<<1417;349>;<1302;262>;<1034;345>>,{},,FALSE,0,{}
12605,菜草镇,菜草镇,Greensod Town,Thị trấn Greensod,채초 마을,Vila Greensod,เมืองไช่เฉ่า,,<{level=625;unitId=60273;advance=70};{level=625;unitId=61302;advance=70};{level=625;unitId=62072;advance=70}>,<{level=625;unitId=71903;advance=70}>,,1,4,3,20,1,6,1,<>,battle_bgm.mp3,battle/scene/bg_xcdg.jpg,config/big_hero/normal/img_376_jjg@.png,{y=70;x=0},36,,1,,<{key=1;value=1};{key=2;value=2};{key=3;value=6}>,625,960,960,,,,9999,6,120,6,{5050=0;5000=0},4830,,,,,,{14=4;13=1},{14=5;13=2},,{},{},1,{},{y=549;x=625},,<<1034;345>;<923;420>;<776;444>;<759;518>;<625;549>>,{},,FALSE,1,{}
12606,菜草镇,菜草镇,Greensod Town,Thị trấn Greensod,채초 마을,Vila Greensod,เมืองไช่เฉ่า,,<{level=630;unitId=52683;advance=70};{level=630;unitId=60012;advance=70};{level=630;unitId=52963;advance=70};{level=630;unitId=60632;advance=70};{level=630;unitId=60091;advance=70}>,<{level=630;unitId=70333;advance=70}>,config/portrait/simple/img_462_zbcg@.png,1,4,3,20,1,6,1,<>,battle_bgm.mp3,battle/scene/bg_xcdg.jpg,config/big_hero/normal/img_462_zbcg@.png,{y=70;x=0},36,,1,,<{key=1;value=1};{key=2;value=2};{key=3;value=6}>,630,965,965,,,,9999,6,120,6,{5050=0;5000=0},4830,,,,,,{14=4;13=1},{14=5;13=2},,{},{},0,{gold=10000;talent_point=1;rmb=10},{y=631;x=856},{y=663;x=1015},<<625;549>;<770;629>;<856;631>>,{},,FALSE,0,{}
12607,菜草镇,菜草镇,Greensod Town,Thị trấn Greensod,채초 마을,Vila Greensod,เมืองไช่เฉ่า,,<{level=635;unitId=60471;advance=70};{level=635;unitId=60371;advance=70}>,<{level=635;unitId=183413;advance=70}>,,1,4,3,20,1,6,1,<>,battle_bgm.mp3,battle/scene/bg_xcdg.jpg,config/big_hero/normal/img_681_jdjg@.png,{y=70;x=0},36,,1,,<{key=1;value=1};{key=2;value=2};{key=3;value=6}>,635,970,970,,,,9999,6,120,6,{5050=0;5000=0},4830,,,,,,{14=4;13=1},{14=5;13=2},,{},{},0,{},{y=942;x=971},,<<856;631>;<1015;663>;<971;942>>,{},,FALSE,0,{}
12608,菜草镇,菜草镇,Greensod Town,Thị trấn Greensod,채초 마을,Vila Greensod,เมืองไช่เฉ่า,,<{level=640;unitId=61071;advance=70};{level=640;unitId=60351;advance=70};{level=640;unitId=62633;advance=70};{level=640;unitId=61901;advance=70}>,<{level=640;unitId=71503;advance=70}>,config/portrait/simple/img_306_bskdl@.png,1,4,3,20,1,6,1,<>,battle_bgm.mp3,battle/scene/bg_xcdg.jpg,config/big_hero/normal/img_306_bskdl@.png,{y=70;x=0},36,,1,,<{key=1;value=1};{key=2;value=2};{key=3;value=6}>,640,975,975,,,,9999,6,120,6,{5051=0;5000=0},4830,,,,,,{14=4;13=1},{14=5;13=2},,{},{},1,{gold=10000;talent_point=1;rmb=10},{y=774;x=1204},{y=788;x=1402},<<971;942>;<1204;774>>,{},,FALSE,1,{}
12609,菜草镇,菜草镇,Greensod Town,Thị trấn Greensod,채초 마을,Vila Greensod,เมืองไช่เฉ่า,,<{level=645;unitId=60013;advance=70};{level=645;unitId=61503;advance=70};{level=645;unitId=63341;advance=70}>,<{level=645;unitId=182242;advance=70}>,,1,4,3,20,1,6,1,<>,battle_bgm.mp3,battle/scene/bg_xcdg.jpg,config/big_hero/normal/img_448_lklo@.png,{y=70;x=0},36,,1,,<{key=1;value=1};{key=2;value=2};{key=3;value=6}>,645,980,980,,,,9999,6,120,6,{5051=0;5000=0},4830,,,,,,{14=4;13=1},{14=5;13=2},,{},{},0,{},{y=950;x=1484},,<<1204;774>;<1402;788>;<1484;950>>,{},,FALSE,0,{}
12610,菜草镇,菜草镇,Greensod Town,Thị trấn Greensod,채초 마을,Vila Greensod,เมืองไช่เฉ่า,,<{level=650;unitId=52231;advance=70};{level=650;unitId=62231;advance=70};{level=650;unitId=52301;advance=70};{level=650;unitId=60023;advance=70};{level=650;unitId=62073;advance=70}>,<{level=650;unitId=181981;advance=70}>,config/portrait/simple/img_384_lkz@.png,1,4,3,20,1,6,1,<>,battle_bgm.mp3,battle/scene/bg_xcdg.jpg,config/big_hero/normal/img_384_lkz@.png,{y=70;x=0},36,,1,,<{key=1;value=1};{key=2;value=2};{key=3;value=6}>,650,985,985,,,,9999,6,120,6,{5051=0;5000=0},4830,,,,,,{14=4;13=1},{14=5;13=2},,{},{},0,{},{y=1066;x=1302},,<<1484;950>;<1458;1036>;<1302;1066>>,{},,FALSE,0,{}
12701,钟探镇,钟探镇,Bellchime Town,Thị trấn Bellchime,종탐 마을,Vila Bellchime,เมืองจงท่าน,,<{level=655;unitId=60102;advance=70};{level=655;unitId=60542;advance=70};{level=655;unitId=62681;advance=70}>,<{level=655;unitId=70222;advance=70}>,,1,4,3,20,1,6,1,<>,battle_bgm.mp3,battle/scene/bg_xcdg.jpg,config/big_hero/normal/img_55_gdy@.png,{y=70;x=0},37,,1,,<{key=1;value=1};{key=2;value=2};{key=3;value=6}>,655,990,990,,,,9999,6,120,6,{5052=0;5000=0},5040,,,,,,{14=5},{14=6},,{},{},1,{},{y=747;x=2071},,<<2071;747>>,{},,FALSE,1,{}
12702,钟探镇,钟探镇,Bellchime Town,Thị trấn Bellchime,종탐 마을,Vila Bellchime,เมืองจงท่าน,,<{level=660;unitId=50791;advance=70};{level=660;unitId=50072;advance=70};{level=660;unitId=60803;advance=70};{level=660;unitId=60803;advance=70}>,<{level=660;unitId=73303;advance=70}>,config/portrait/simple/img_658_jhrw@.png,1,4,3,20,1,6,1,<>,battle_bgm.mp3,battle/scene/bg_xcdg.jpg,config/big_hero/normal/img_658_jhrw@.png,{y=70;x=0},37,,1,,<{key=1;value=1};{key=2;value=2};{key=3;value=6}>,660,995,995,,,,9999,6,120,6,{5052=0;5000=0},5040,,,,,,{14=5},{14=6},,{},{},0,{gold=10000;talent_point=1;rmb=10},{y=540;x=1782},{y=331;x=1747},<<2071;747>;<1914;683>;<1914;581>;<1782;540>>,{},,FALSE,0,{}
12703,钟探镇,钟探镇,Bellchime Town,Thị trấn Bellchime,종탐 마을,Vila Bellchime,เมืองจงท่าน,,<{level=665;unitId=61071;advance=70};{level=665;unitId=62681;advance=70};{level=665;unitId=60572;advance=70};{level=665;unitId=62483;advance=70}>,<{level=665;unitId=70632;advance=70}>,,1,4,3,20,1,6,1,<>,battle_bgm.mp3,battle/scene/bg_xcdg.jpg,config/big_hero/normal/img_130_bll@.png,{y=70;x=0},37,,1,,<{key=1;value=1};{key=2;value=2};{key=3;value=6}>,665,1000,1000,,,,9999,6,120,6,{5052=0;5000=0},5040,,,,,,{14=5},{14=6},,{},{},0,{},{y=349;x=1417},,<<1782;540>;<1687;478>;<1838;359>;<1747;331>;<1561;289>;<1417;349>>,{},,FALSE,0,{}
12704,钟探镇,钟探镇,Bellchime Town,Thị trấn Bellchime,종탐 마을,Vila Bellchime,เมืองจงท่าน,,<{level=670;unitId=60111;advance=70};{level=670;unitId=61902;advance=70};{level=670;unitId=60472;advance=70};{level=670;unitId=60803;advance=70}>,<{level=670;unitId=71241;advance=70}>,config/portrait/simple/img_245_sj@.png,1,4,3,20,1,6,1,<>,battle_bgm.mp3,battle/scene/bg_xcdg.jpg,config/big_hero/normal/img_245_sj@.png,{y=70;x=0},37,,1,,<{key=1;value=1};{key=2;value=2};{key=3;value=6}>,670,1005,1005,,,,9999,6,120,6,{5052=0;5000=0},5040,,,,,,{14=5},{14=6},,{},{},0,{gold=10000;talent_point=1;rmb=10},{y=345;x=1034},{y=444;x=776},<<1417;349>;<1302;262>;<1034;345>>,{},,FALSE,0,{}
12705,钟探镇,钟探镇,Bellchime Town,Thị trấn Bellchime,종탐 마을,Vila Bellchime,เมืองจงท่าน,,<{level=675;unitId=60333;advance=70};{level=675;unitId=60102;advance=70};{level=675;unitId=60792;advance=70}>,<{level=675;unitId=72233;advance=70}>,,1,4,3,20,1,6,1,<>,battle_bgm.mp3,battle/scene/bg_xcdg.jpg,config/big_hero/normal/img_445_lyls@.png,{y=70;x=0},37,,1,,<{key=1;value=1};{key=2;value=2};{key=3;value=6}>,675,1010,1010,,,,9999,6,120,6,{5053=0;5000=0},5040,,,,,,{14=5},{14=6},,{},{},1,{},{y=549;x=625},,<<1034;345>;<923;420>;<776;444>;<759;518>;<625;549>>,{},,FALSE,1,{}
12706,钟探镇,钟探镇,Bellchime Town,Thị trấn Bellchime,종탐 마을,Vila Bellchime,เมืองจงท่าน,,<{level=680;unitId=52481;advance=70};{level=680;unitId=60133;advance=70};{level=680;unitId=52681;advance=70};{level=680;unitId=60493;advance=70};{level=680;unitId=60062;advance=70}>,<{level=680;unitId=71303;advance=70}>,config/portrait/simple/img_257_hyj@.png,1,4,3,20,1,6,1,<>,battle_bgm.mp3,battle/scene/bg_xcdg.jpg,config/big_hero/normal/img_257_hyj@.png,{y=70;x=0},37,,1,,<{key=1;value=1};{key=2;value=2};{key=3;value=6}>,680,1015,1015,,,,9999,6,120,6,{5053=0;5000=0},5040,,,,,,{14=5},{14=6},,{},{},0,{gold=10000;talent_point=1;rmb=10},{y=631;x=856},{y=663;x=1015},<<625;549>;<770;629>;<856;631>>,{},,FALSE,0,{}
12707,钟探镇,钟探镇,Bellchime Town,Thị trấn Bellchime,종탐 마을,Vila Bellchime,เมืองจงท่าน,,<{level=685;unitId=60093;advance=70};{level=685;unitId=60262;advance=70}>,<{level=685;unitId=181082;advance=70}>,,1,4,3,20,1,6,1,<>,battle_bgm.mp3,battle/scene/bg_xcdg.jpg,config/big_hero/normal/img_461_mnl@.png,{y=70;x=0},37,,1,,<{key=1;value=1};{key=2;value=2};{key=3;value=6}>,685,1020,1020,,,,9999,6,120,6,{5053=0;5000=0},5040,,,,,,{14=5},{14=6},,{},{},0,{},{y=942;x=971},,<<856;631>;<1015;663>;<971;942>>,{},,FALSE,0,{}
12708,钟探镇,钟探镇,Bellchime Town,Thị trấn Bellchime,종탐 마을,Vila Bellchime,เมืองจงท่าน,,<{level=690;unitId=62633;advance=70};{level=690;unitId=60081;advance=70};{level=690;unitId=60272;advance=70};{level=690;unitId=60001;advance=70}>,<{level=690;unitId=73021;advance=70}>,config/portrait/simple/img_615_jhxh@.png,1,4,3,20,1,6,1,<>,battle_bgm.mp3,battle/scene/bg_xcdg.jpg,config/big_hero/normal/img_615_jhxh@.png,{y=70;x=0},37,,1,,<{key=1;value=1};{key=2;value=2};{key=3;value=6}>,690,1025,1025,,,,9999,6,120,6,{5054=0;5000=0},5040,,,,,,{14=5},{14=6},,{},{},1,{gold=10000;talent_point=1;rmb=10},{y=774;x=1204},{y=788;x=1402},<<971;942>;<1204;774>>,{},,FALSE,1,{}
12709,钟探镇,钟探镇,Bellchime Town,Thị trấn Bellchime,종탐 마을,Vila Bellchime,เมืองจงท่าน,,<{level=695;unitId=62073;advance=70};{level=695;unitId=63011;advance=70};{level=695;unitId=61261;advance=70}>,<{level=695;unitId=180721;advance=70}>,,1,4,3,20,1,6,1,<>,battle_bgm.mp3,battle/scene/bg_xcdg.jpg,config/big_hero/normal/img_144_jdn@.png,{y=70;x=0},37,,1,,<{key=1;value=1};{key=2;value=2};{key=3;value=6}>,695,1030,1030,,,,9999,6,120,6,{5054=0;5000=0},5040,,,,,,{14=5},{14=6},,{},{},0,{},{y=950;x=1484},,<<1204;774>;<1402;788>;<1484;950>>,{},,FALSE,0,{}
12710,钟探镇,钟探镇,Bellchime Town,Thị trấn Bellchime,종탐 마을,Vila Bellchime,เมืองจงท่าน,,<{level=700;unitId=50022;advance=70};{level=700;unitId=60192;advance=70};{level=700;unitId=50023;advance=70};{level=700;unitId=61861;advance=70};{level=700;unitId=60131;advance=70}>,<{level=700;unitId=181961;advance=70}>,config/portrait/simple/img_382_gok@.png,1,4,3,20,1,6,1,<>,battle_bgm.mp3,battle/scene/bg_xcdg.jpg,config/big_hero/normal/img_382_gok@.png,{y=70;x=0},37,,1,,<{key=1;value=1};{key=2;value=2};{key=3;value=6}>,700,1035,1035,,,,9999,6,120,6,{5054=0;5000=0},5040,,,,,,{14=5},{14=6},,{},{},0,{},{y=1066;x=1302},,<<1484;950>;<1458;1036>;<1302;1066>>,{},,FALSE,0,{}
12801,马拉町,马拉町,Mela Town,Thị trấn Mela,마라 마을,Vila Mela,เมืองมาระ,,<{level=705;unitId=60392;advance=70};{level=705;unitId=63292;advance=70};{level=705;unitId=63281;advance=70}>,<{level=705;unitId=73562;advance=70}>,,1,4,3,20,1,6,1,<>,battle_bgm.mp3,battle/scene/bg_xcdg.jpg,config/big_hero/normal/img_709_xmy@.png,{y=70;x=0},38,,1,,<{key=1;value=1};{key=2;value=2};{key=3;value=6}>,705,1040,1040,,,,9999,6,120,6,{5055=0;5000=0},5250,,,,,,{14=5;13=2},{14=6;13=2},,{},{},1,{},{y=747;x=2071},,<<2071;747>>,{},,FALSE,1,{}
12802,马拉町,马拉町,Mela Town,Thị trấn Mela,마라 마을,Vila Mela,เมืองมาระ,,<{level=710;unitId=52012;advance=70};{level=710;unitId=50022;advance=70};{level=710;unitId=60593;advance=70};{level=710;unitId=63542;advance=70}>,<{level=710;unitId=73353;advance=70}>,config/portrait/simple/img_671_hjfr@.png,1,4,3,20,1,6,1,<>,battle_bgm.mp3,battle/scene/bg_xcdg.jpg,config/big_hero/normal/img_671_hjfr@.png,{y=70;x=0},38,,1,,<{key=1;value=1};{key=2;value=2};{key=3;value=6}>,710,1045,1045,,,,9999,6,120,6,{5055=0;5000=0},5250,,,,,,{14=5;13=2},{14=6;13=2},,{},{},0,{gold=10000;talent_point=1;rmb=10},{y=540;x=1782},{y=331;x=1747},<<2071;747>;<1914;683>;<1914;581>;<1782;540>>,{},,FALSE,0,{}
12803,马拉町,马拉町,Mela Town,Thị trấn Mela,마라 마을,Vila Mela,เมืองมาระ,,<{level=715;unitId=60471;advance=70};{level=715;unitId=62012;advance=70};{level=715;unitId=60392;advance=70};{level=715;unitId=63292;advance=70}>,<{level=715;unitId=70891;advance=70}>,,1,4,3,20,1,6,1,<>,battle_bgm.mp3,battle/scene/bg_xcdg.jpg,config/big_hero/normal/img_298_lll@.png,{y=70;x=0},38,,1,,<{key=1;value=1};{key=2;value=2};{key=3;value=6}>,715,1050,1050,,,,9999,6,120,6,{5055=0;5000=0},5250,,,,,,{14=5;13=2},{14=6;13=2},,{},{},0,{},{y=349;x=1417},,<<1782;540>;<1687;478>;<1838;359>;<1747;331>;<1561;289>;<1417;349>>,{},,FALSE,0,{}
12804,马拉町,马拉町,Mela Town,Thị trấn Mela,마라 마을,Vila Mela,เมืองมาระ,,<{level=720;unitId=60271;advance=70};{level=720;unitId=60602;advance=70};{level=720;unitId=60092;advance=70};{level=720;unitId=62012;advance=70}>,<{level=720;unitId=71813;advance=70}>,config/portrait/simple/img_477_hyml@.png,1,4,3,20,1,6,1,<>,battle_bgm.mp3,battle/scene/bg_xcdg.jpg,config/big_hero/normal/img_477_hyml@.png,{y=70;x=0},38,,1,,<{key=1;value=1};{key=2;value=2};{key=3;value=6}>,720,1055,1055,,,,9999,6,120,6,{5055=0;5000=0},5250,,,,,,{14=5;13=2},{14=6;13=2},,{},{},0,{gold=10000;talent_point=1;rmb=10},{y=345;x=1034},{y=444;x=776},<<1417;349>;<1302;262>;<1034;345>>,{},,FALSE,0,{}
12805,马拉町,马拉町,Mela Town,Thị trấn Mela,마라 마을,Vila Mela,เมืองมาระ,,<{level=725;unitId=60072;advance=70};{level=725;unitId=61421;advance=70};{level=725;unitId=60692;advance=70}>,<{level=725;unitId=70131;advance=70}>,,1,4,3,20,1,6,1,<>,battle_bgm.mp3,battle/scene/bg_xcdg.jpg,config/big_hero/normal/img_173_pbb@.png,{y=70;x=0},38,,1,,<{key=1;value=1};{key=2;value=2};{key=3;value=6}>,725,1060,1060,,,,9999,6,120,6,{5056=0;5000=0},5250,,,,,,{14=5;13=2},{14=6;13=2},,{},{},1,{},{y=549;x=625},,<<1034;345>;<923;420>;<776;444>;<759;518>;<625;549>>,{},,FALSE,1,{}
12806,马拉町,马拉町,Mela Town,Thị trấn Mela,마라 마을,Vila Mela,เมืองมาระ,,<{level=730;unitId=53541;advance=70};{level=730;unitId=60092;advance=70};{level=730;unitId=50331;advance=70};{level=730;unitId=60033;advance=70};{level=730;unitId=60461;advance=70}>,<{level=730;unitId=70393;advance=70}>,config/portrait/simple/img_94_gg@.png,1,4,3,20,1,6,1,<>,battle_bgm.mp3,battle/scene/bg_xcdg.jpg,config/big_hero/normal/img_94_gg@.png,{y=70;x=0},38,,1,,<{key=1;value=1};{key=2;value=2};{key=3;value=6}>,730,1065,1065,,,,9999,6,120,6,{5056=0;5000=0},5250,,,,,,{14=5;13=2},{14=6;13=2},,{},{},0,{gold=10000;talent_point=1;rmb=10},{y=631;x=856},{y=663;x=1015},<<625;549>;<770;629>;<856;631>>,{},,FALSE,0,{}
12807,马拉町,马拉町,Mela Town,Thị trấn Mela,마라 마을,Vila Mela,เมืองมาระ,,<{level=735;unitId=60452;advance=70};{level=735;unitId=61421;advance=70}>,<{level=735;unitId=181392;advance=70}>,,1,4,3,20,1,6,1,<>,battle_bgm.mp3,battle/scene/bg_xcdg.jpg,config/big_hero/normal/img_281_qlla@.png,{y=70;x=0},38,,1,,<{key=1;value=1};{key=2;value=2};{key=3;value=6}>,735,1070,1070,,,,9999,6,120,6,{5056=0;5000=0},5250,,,,,,{14=5;13=2},{14=6;13=2},,{},{},0,{},{y=942;x=971},,<<856;631>;<1015;663>;<971;942>>,{},,FALSE,0,{}
12808,马拉町,马拉町,Mela Town,Thị trấn Mela,마라 마을,Vila Mela,เมืองมาระ,,<{level=740;unitId=61612;advance=70};{level=740;unitId=60071;advance=70};{level=740;unitId=62301;advance=70};{level=740;unitId=62301;advance=70}>,<{level=740;unitId=71394;advance=70}>,config/portrait/simple/img_475_alld@.png,1,4,3,20,1,6,1,<>,battle_bgm.mp3,battle/scene/bg_xcdg.jpg,config/big_hero/normal/img_475_alld@.png,{y=70;x=0},38,,1,,<{key=1;value=1};{key=2;value=2};{key=3;value=6}>,740,1075,1075,,,,9999,6,120,6,{5057=0;5000=0},5250,,,,,,{14=5;13=2},{14=6;13=2},,{},{},1,{gold=10000;talent_point=1;rmb=10},{y=774;x=1204},{y=788;x=1402},<<971;942>;<1204;774>>,{},,FALSE,1,{}
12809,马拉町,马拉町,Mela Town,Thị trấn Mela,마라 마을,Vila Mela,เมืองมาระ,,<{level=745;unitId=62482;advance=70};{level=745;unitId=61231;advance=70};{level=745;unitId=61612;advance=70}>,<{level=745;unitId=180263;advance=70}>,,1,4,3,20,1,6,1,<>,battle_bgm.mp3,battle/scene/bg_xcdg.jpg,config/big_hero/normal/img_65_hd@.png,{y=70;x=0},38,,1,,<{key=1;value=1};{key=2;value=2};{key=3;value=6}>,745,1080,1080,,,,9999,6,120,6,{5057=0;5000=0},5250,,,,,,{14=5;13=2},{14=6;13=2},,{},{},0,{},{y=950;x=1484},,<<1204;774>;<1402;788>;<1484;950>>,{},,FALSE,0,{}
12810,马拉町,马拉町,Mela Town,Thị trấn Mela,마라 마을,Vila Mela,เมืองมาระ,,<{level=750;unitId=51292;advance=70};{level=750;unitId=63341;advance=70};{level=750;unitId=50602;advance=70};{level=750;unitId=61812;advance=70}>,<{level=750;unitId=180761;advance=70}>,config/portrait/simple/img_150_cm@.png,1,4,3,20,1,6,1,<>,battle_bgm.mp3,battle/scene/bg_xcdg.jpg,config/big_hero/normal/img_150_cm@.png,{y=70;x=0},38,,1,,<{key=1;value=1};{key=2;value=2};{key=3;value=6}>,750,1085,1085,,,,9999,6,120,6,{5057=0;5000=0},5250,,,,,,{14=5;13=2},{14=6;13=2},,{},{},0,{},{y=1066;x=1302},,<<1484;950>;<1458;1036>;<1302;1066>>,{},,FALSE,0,{}
12901,焰摩镇,焰摩镇,Flamora Town,Thị trấn Flamora,염마 마을,Vila Flamora,เมืองเฟลมโมรา,,<{level=755;unitId=60472;advance=70};{level=755;unitId=60132;advance=70};{level=755;unitId=60472;advance=70}>,<{level=755;unitId=72073;advance=70}>,,1,4,3,20,1,6,1,<>,battle_bgm.mp3,battle/scene/bg_xcdg.jpg,config/big_hero/normal/img_405_lqm@.png,{y=70;x=0},39,,1,,<{key=1;value=1};{key=2;value=2};{key=3;value=6}>,755,1090,1090,,,,9999,6,120,6,{5000=0;5058=0},5460,,,,,,{14=6},{14=7},,{},{},1,{},{y=747;x=2071},,<<2071;747>>,{},,FALSE,1,{}
12902,焰摩镇,焰摩镇,Flamora Town,Thị trấn Flamora,염마 마을,Vila Flamora,เมืองเฟลมโมรา,,<{level=760;unitId=53301;advance=70};{level=760;unitId=61252;advance=70};{level=760;unitId=53301;advance=70};{level=760;unitId=60022;advance=70};{level=760;unitId=60022;advance=70}>,<{level=760;unitId=72683;advance=70}>,config/portrait/simple/img_545_wgw@.png,1,4,3,20,1,6,1,<>,battle_bgm.mp3,battle/scene/bg_xcdg.jpg,config/big_hero/normal/img_545_wgw@.png,{y=70;x=0},39,,1,,<{key=1;value=1};{key=2;value=2};{key=3;value=6}>,760,1095,1095,,,,9999,6,120,6,{5000=0;5058=0},5460,,,,,,{14=6},{14=7},,{},{},0,{gold=10000;talent_point=1;rmb=10},{y=540;x=1782},{y=331;x=1747},<<2071;747>;<1914;683>;<1914;581>;<1782;540>>,{},,FALSE,0,{}
12903,焰摩镇,焰摩镇,Flamora Town,Thị trấn Flamora,염마 마을,Vila Flamora,เมืองเฟลมโมรา,,<{level=765;unitId=60472;advance=70};{level=765;unitId=60262;advance=70};{level=765;unitId=60472;advance=70};{level=765;unitId=60262;advance=70}>,<{level=765;unitId=71423;advance=70}>,,1,4,3,20,1,6,1,<>,battle_bgm.mp3,battle/scene/bg_xcdg.jpg,config/big_hero/normal/img_289_qjw@.png,{y=70;x=0},39,,1,,<{key=1;value=1};{key=2;value=2};{key=3;value=6}>,765,1100,1100,,,,9999,6,120,6,{5000=0;5058=0},5460,,,,,,{14=6},{14=7},,{},{},0,{},{y=349;x=1417},,<<1782;540>;<1687;478>;<1838;359>;<1747;331>;<1561;289>;<1417;349>>,{},,FALSE,0,{}
12904,焰摩镇,焰摩镇,Flamora Town,Thị trấn Flamora,염마 마을,Vila Flamora,เมืองเฟลมโมรา,,<{level=770;unitId=60552;advance=70};{level=770;unitId=60552;advance=70};{level=770;unitId=61172;advance=70};{level=770;unitId=61172;advance=70}>,<{level=770;unitId=70463;advance=70}>,config/portrait/simple/img_107_kql@.png,1,4,3,20,1,6,1,<>,battle_bgm.mp3,battle/scene/bg_xcdg.jpg,config/big_hero/normal/img_107_kql@.png,{y=70;x=0},39,,1,,<{key=1;value=1};{key=2;value=2};{key=3;value=6}>,770,1105,1105,,,,9999,6,120,6,{5000=0;5058=0},5460,,,,,,{14=6},{14=7},,{},{},0,{gold=10000;talent_point=1;rmb=10},{y=345;x=1034},{y=444;x=776},<<1417;349>;<1302;262>;<1034;345>>,{},,FALSE,0,{}
12905,焰摩镇,焰摩镇,Flamora Town,Thị trấn Flamora,염마 마을,Vila Flamora,เมืองเฟลมโมรา,,<{level=775;unitId=60552;advance=70};{level=775;unitId=60792;advance=70};{level=775;unitId=60552;advance=70}>,<{level=775;unitId=73293;advance=70}>,,1,4,3,20,1,6,1,<>,battle_bgm.mp3,battle/scene/bg_xcdg.jpg,config/big_hero/normal/img_655_yhhh@.png,{y=70;x=0},39,,1,,<{key=1;value=1};{key=2;value=2};{key=3;value=6}>,775,1110,1110,,,,9999,6,120,6,{5000=0;5059=0},5460,,,,,,{14=6},{14=7},,{},{},1,{},{y=549;x=625},,<<1034;345>;<923;420>;<776;444>;<759;518>;<625;549>>,{},,FALSE,1,{}
12906,焰摩镇,焰摩镇,Flamora Town,Thị trấn Flamora,염마 마을,Vila Flamora,เมืองเฟลมโมรา,,<{level=780;unitId=50021;advance=70};{level=780;unitId=60392;advance=70};{level=780;unitId=50021;advance=70};{level=780;unitId=62012;advance=70};{level=780;unitId=62012;advance=70}>,<{level=780;unitId=180771;advance=70}>,config/portrait/simple/img_151_mh@.png,1,4,3,20,1,6,1,<>,battle_bgm.mp3,battle/scene/bg_xcdg.jpg,config/big_hero/normal/img_151_mh@.png,{y=70;x=0},39,,1,,<{key=1;value=1};{key=2;value=2};{key=3;value=6}>,780,1115,1115,,,,9999,6,120,6,{5000=0;5059=0},5460,,,,,,{14=6},{14=7},,{},{},0,{gold=10000;talent_point=1;rmb=10},{y=631;x=856},{y=663;x=1015},<<625;549>;<770;629>;<856;631>>,{},,FALSE,0,{}
12907,焰摩镇,焰摩镇,Flamora Town,Thị trấn Flamora,염마 마을,Vila Flamora,เมืองเฟลมโมรา,,<{level=785;unitId=60092;advance=70};{level=785;unitId=60592;advance=70};{level=785;unitId=60092;advance=70};{level=785;unitId=60592;advance=70}>,<{level=785;unitId=70273;advance=70}>,,1,4,3,20,1,6,1,<>,battle_bgm.mp3,battle/scene/bg_xcdg.jpg,config/big_hero/normal/img_68_gl@.png,{y=70;x=0},39,,1,,<{key=1;value=1};{key=2;value=2};{key=3;value=6}>,785,1120,1120,,,,9999,6,120,6,{5000=0;5059=0},5460,,,,,,{14=6},{14=7},,{},{},0,{},{y=942;x=971},,<<856;631>;<1015;663>;<971;942>>,{},,FALSE,0,{}
12908,焰摩镇,焰摩镇,Flamora Town,Thị trấn Flamora,염마 마을,Vila Flamora,เมืองเฟลมโมรา,,<{level=790;unitId=60572;advance=70};{level=790;unitId=60572;advance=70};{level=790;unitId=60603;advance=70};{level=790;unitId=60603;advance=70}>,<{level=790;unitId=71172;advance=70}>,config/portrait/simple/img_229_hlj@.png,1,4,3,20,1,6,1,<>,battle_bgm.mp3,battle/scene/bg_xcdg.jpg,config/big_hero/normal/img_229_hlj@.png,{y=70;x=0},39,,1,,<{key=1;value=1};{key=2;value=2};{key=3;value=6}>,790,1125,1125,,,,9999,6,120,6,{5000=0;5060=0},5460,,,,,,{14=6},{14=7},,{},{},1,{gold=10000;talent_point=1;rmb=10},{y=774;x=1204},{y=788;x=1402},<<971;942>;<1204;774>>,{},,FALSE,1,{}
12909,焰摩镇,焰摩镇,Flamora Town,Thị trấn Flamora,염마 마을,Vila Flamora,เมืองเฟลมโมรา,,<{level=795;unitId=60793;advance=70};{level=795;unitId=63472;advance=70};{level=795;unitId=60793;advance=70}>,<{level=795;unitId=181903;advance=70}>,,1,4,3,20,1,6,1,<>,battle_bgm.mp3,battle/scene/bg_xcdg.jpg,config/big_hero/normal/img_376_jjg@.png,{y=70;x=0},39,,1,,<{key=1;value=1};{key=2;value=2};{key=3;value=6}>,795,1130,1130,,,,9999,6,120,6,{5000=0;5060=0},5460,,,,,,{14=6},{14=7},,{},{},0,{},{y=950;x=1484},,<<1204;774>;<1402;788>;<1484;950>>,{},,FALSE,0,{}
12910,焰摩镇,焰摩镇,Flamora Town,Thị trấn Flamora,염마 마을,Vila Flamora,เมืองเฟลมโมรา,,<>,<{level=800;unitId=180264;advance=70}>,config/portrait/simple/img_65_cjhd@.png,1,4,3,20,1,6,1,<>,battle_bgm.mp3,battle/scene/bg_xcdg.jpg,config/big_hero/normal/img_65_cjhd@.png,{y=70;x=0},39,,1,,<{key=1;value=1};{key=2;value=2};{key=3;value=6}>,800,1135,1135,,,,9999,6,120,6,{5000=0;5060=0},5460,,,,,,{14=6},{14=7},,{},{},0,{},{y=1066;x=1302},,<<1484;950>;<1458;1036>;<1302;1066>>,{},,FALSE,0,{}
13001,冻冻镇,冻冻镇,Frozefield Town,Thị trấn Frozefield,동동 마을,Vila Frozefield,เมืองโฟรซฟิลด์,,<{level=805;unitId=60571;advance=70};{level=805;unitId=62822;advance=70};{level=805;unitId=60461;advance=70}>,<{level=805;unitId=70463;advance=70}>,,1,4,3,20,1,6,1,<>,battle_bgm.mp3,battle/scene/bg_xcdg.jpg,config/big_hero/normal/img_107_kql@.png,{y=70;x=0},40,,1,,<{key=1;value=1};{key=2;value=2};{key=3;value=6}>,805,1140,1140,,,,9999,6,120,6,{5000=0;5061=0},5680,,,,,,{14=6;13=2},{14=7;13=2},,{},{},1,{},{y=747;x=2071},,<<2071;747>>,{},,FALSE,1,{}
13002,冻冻镇,冻冻镇,Frozefield Town,Thị trấn Frozefield,동동 마을,Vila Frozefield,เมืองโฟรซฟิลด์,,<{level=810;unitId=53293;advance=70};{level=810;unitId=53301;advance=70};{level=810;unitId=60092;advance=70};{level=810;unitId=60302;advance=70}>,<{level=810;unitId=70053;advance=70}>,config/portrait/simple/img_18_dbn@.png,1,4,3,20,1,6,1,<>,battle_bgm.mp3,battle/scene/bg_xcdg.jpg,config/big_hero/normal/img_18_dbn@.png,{y=70;x=0},40,,1,,<{key=1;value=1};{key=2;value=2};{key=3;value=6}>,810,1145,1145,,,,9999,6,120,6,{5000=0;5061=0},5680,,,,,,{14=6;13=2},{14=7;13=2},,{},{},0,{gold=10000;talent_point=1;rmb=10},{y=540;x=1782},{y=331;x=1747},<<2071;747>;<1914;683>;<1914;581>;<1782;540>>,{},,FALSE,0,{}
13003,冻冻镇,冻冻镇,Frozefield Town,Thị trấn Frozefield,동동 마을,Vila Frozefield,เมืองโฟรซฟิลด์,,<{level=815;unitId=60302;advance=70};{level=815;unitId=60891;advance=70};{level=815;unitId=60001;advance=70};{level=815;unitId=62891;advance=70}>,<{level=815;unitId=71841;advance=70}>,,1,4,3,20,1,6,1,<>,battle_bgm.mp3,battle/scene/bg_xcdg.jpg,config/big_hero/normal/img_359_absl@.png,{y=70;x=0},40,,1,,<{key=1;value=1};{key=2;value=2};{key=3;value=6}>,815,1150,1150,,,,9999,6,120,6,{5000=0;5061=0},5680,,,,,,{14=6;13=2},{14=7;13=2},,{},{},0,{},{y=349;x=1417},,<<1782;540>;<1687;478>;<1838;359>;<1747;331>;<1561;289>;<1417;349>>,{},,FALSE,0,{}
13004,冻冻镇,冻冻镇,Frozefield Town,Thị trấn Frozefield,동동 마을,Vila Frozefield,เมืองโฟรซฟิลด์,,<{level=820;unitId=60022;advance=70};{level=820;unitId=60172;advance=70};{level=820;unitId=62681;advance=70};{level=820;unitId=63292;advance=70}>,<{level=820;unitId=70003;advance=70}>,config/portrait/simple/img_3_mwh@.png,1,4,3,20,1,6,1,<>,battle_bgm.mp3,battle/scene/bg_xcdg.jpg,config/big_hero/normal/img_3_mwh@.png,{y=70;x=0},40,,1,,<{key=1;value=1};{key=2;value=2};{key=3;value=6}>,820,1155,1155,,,,9999,6,120,6,{5000=0;5061=0},5680,,,,,,{14=6;13=2},{14=7;13=2},,{},{},0,{gold=10000;talent_point=1;rmb=10},{y=345;x=1034},{y=444;x=776},<<1417;349>;<1302;262>;<1034;345>>,{},,FALSE,0,{}
13005,冻冻镇,冻冻镇,Frozefield Town,Thị trấn Frozefield,동동 마을,Vila Frozefield,เมืองโฟรซฟิลด์,,<{level=825;unitId=60031;advance=70};{level=825;unitId=60372;advance=70};{level=825;unitId=60231;advance=70}>,<{level=825;unitId=70793;advance=70}>,,1,4,3,20,1,6,1,<>,battle_bgm.mp3,battle/scene/bg_xcdg.jpg,config/big_hero/normal/img_157_hbs@.png,{y=70;x=0},40,,1,,<{key=1;value=1};{key=2;value=2};{key=3;value=6}>,825,1160,1160,,,,9999,6,120,6,{5000=0;5062=0},5680,,,,,,{14=6;13=2},{14=7;13=2},,{},{},1,{},{y=549;x=625},,<<1034;345>;<923;420>;<776;444>;<759;518>;<625;549>>,{},,FALSE,1,{}
13006,冻冻镇,冻冻镇,Frozefield Town,Thị trấn Frozefield,동동 마을,Vila Frozefield,เมืองโฟรซฟิลด์,,<{level=830;unitId=50721;advance=70};{level=830;unitId=60031;advance=70};{level=830;unitId=50133;advance=70};{level=830;unitId=61893;advance=70};{level=830;unitId=60263;advance=70}>,<{level=830;unitId=70593;advance=70}>,config/portrait/simple/img_466_djms@.png,1,4,3,20,1,6,1,<>,battle_bgm.mp3,battle/scene/bg_xcdg.jpg,config/big_hero/normal/img_466_djms@.png,{y=70;x=0},40,,1,,<{key=1;value=1};{key=2;value=2};{key=3;value=6}>,830,1165,1165,,,,9999,6,120,6,{5000=0;5062=0},5680,,,,,,{14=6;13=2},{14=7;13=2},,{},{},0,{gold=10000;talent_point=1;rmb=10},{y=631;x=856},{y=663;x=1015},<<625;549>;<770;629>;<856;631>>,{},,FALSE,0,{}
13007,冻冻镇,冻冻镇,Frozefield Town,Thị trấn Frozefield,동동 마을,Vila Frozefield,เมืองโฟรซฟิลด์,,<{level=835;unitId=60023;advance=70};{level=835;unitId=60033;advance=70};{level=835;unitId=63001;advance=70};{level=835;unitId=62271;advance=70}>,<{level=835;unitId=70303;advance=70}>,,1,4,3,20,1,6,1,<>,battle_bgm.mp3,battle/scene/bg_xcdg.jpg,config/big_hero/normal/img_75_lls@.png,{y=70;x=0},40,,1,,<{key=1;value=1};{key=2;value=2};{key=3;value=6}>,835,1170,1170,,,,9999,6,120,6,{5000=0;5062=0},5680,,,,,,{14=6;13=2},{14=7;13=2},,{},{},0,{},{y=942;x=971},,<<856;631>;<1015;663>;<971;942>>,{},,FALSE,0,{}
13008,冻冻镇,冻冻镇,Frozefield Town,Thị trấn Frozefield,동동 마을,Vila Frozefield,เมืองโฟรซฟิลด์,,<{level=840;unitId=60792;advance=70};{level=840;unitId=62303;advance=70};{level=840;unitId=62612;advance=70};{level=840;unitId=63021;advance=70}>,<{level=840;unitId=70133;advance=70}>,config/portrait/simple/img_36_pkx@.png,1,4,3,20,1,6,1,<>,battle_bgm.mp3,battle/scene/bg_xcdg.jpg,config/big_hero/normal/img_36_pkx@.png,{y=70;x=0},40,,1,,<{key=1;value=1};{key=2;value=2};{key=3;value=6}>,840,1175,1175,,,,9999,6,120,6,{5000=0;5063=0},5680,,,,,,{14=6;13=2},{14=7;13=2},,{},{},1,{gold=10000;talent_point=1;rmb=10},{y=774;x=1204},{y=788;x=1402},<<971;942>;<1204;774>>,{},,FALSE,1,{}
13009,冻冻镇,冻冻镇,Frozefield Town,Thị trấn Frozefield,동동 마을,Vila Frozefield,เมืองโฟรซฟิลด์,,<{level=845;unitId=60332;advance=70};{level=845;unitId=61171;advance=70};{level=845;unitId=63543;advance=70}>,<{level=845;unitId=70173;advance=70}>,,1,4,3,20,1,6,1,<>,battle_bgm.mp3,battle/scene/bg_xcdg.jpg,config/big_hero/normal/img_45_bwh@.png,{y=70;x=0},40,,1,,<{key=1;value=1};{key=2;value=2};{key=3;value=6}>,845,1180,1180,,,,9999,6,120,6,{5000=0;5063=0},5680,,,,,,{14=6;13=2},{14=7;13=2},,{},{},0,{},{y=950;x=1484},,<<1204;774>;<1402;788>;<1484;950>>,{},,FALSE,0,{}
13010,冻冻镇,冻冻镇,Frozefield Town,Thị trấn Frozefield,동동 마을,Vila Frozefield,เมืองโฟรซฟิลด์,,<{level=850;unitId=50882;advance=70};{level=850;unitId=60491;advance=70};{level=850;unitId=51423;advance=70};{level=850;unitId=60463;advance=70};{level=850;unitId=60352;advance=70}>,<{level=850;unitId=73631;advance=70}>,config/portrait/simple/img_719_dax@.png,1,4,3,20,1,6,1,<>,battle_bgm.mp3,battle/scene/bg_xcdg.jpg,config/big_hero/normal/img_719_dax@.png,{y=70;x=0},40,,1,,<{key=1;value=1};{key=2;value=2};{key=3;value=6}>,850,1185,1185,,,,9999,6,120,6,{5000=0;5063=0},5680,,,,,,{14=6;13=2},{14=7;13=2},,{},{},0,{},{y=1066;x=1302},,<<1484;950>;<1458;1036>;<1302;1066>>,{},,FALSE,0,{}
13101,宴宿镇,宴宿镇,Festa Town,Thị trấn Festa,연숙 마을,Vila Festa,เมืองเฟสต้า,,<{level=855;unitId=60731;advance=70};{level=855;unitId=62873;advance=70};{level=855;unitId=61901;advance=70}>,<{level=855;unitId=71253;advance=70}>,,1,4,3,20,1,6,1,<>,battle_bgm.mp3,battle/scene/bg_xcdg.jpg,config/big_hero/normal/img_248_bjls@.png,{y=70;x=0},41,,1,,<{key=1;value=1};{key=2;value=2};{key=3;value=6}>,855,1190,1190,,,,9999,6,120,6,{5064=0;5000=0},5890,,,,,,{14=7},{14=8},,{},{},1,{},{y=747;x=2071},,<<2071;747>>,{},,FALSE,1,{}
13102,宴宿镇,宴宿镇,Festa Town,Thị trấn Festa,연숙 마을,Vila Festa,เมืองเฟสต้า,,<{level=860;unitId=51612;advance=70};{level=860;unitId=51231;advance=70};{level=860;unitId=61611;advance=70};{level=860;unitId=60301;advance=70}>,<{level=860;unitId=72963;advance=70}>,config/portrait/simple/img_601_clg@.png,1,4,3,20,1,6,1,<>,battle_bgm.mp3,battle/scene/bg_xcdg.jpg,config/big_hero/normal/img_601_clg@.png,{y=70;x=0},41,,1,,<{key=1;value=1};{key=2;value=2};{key=3;value=6}>,860,1195,1195,,,,9999,6,120,6,{5064=0;5000=0},5890,,,,,,{14=7},{14=8},,{},{},0,{gold=10000;talent_point=1;rmb=10},{y=540;x=1782},{y=331;x=1747},<<2071;747>;<1914;683>;<1914;581>;<1782;540>>,{},,FALSE,0,{}
13103,宴宿镇,宴宿镇,Festa Town,Thị trấn Festa,연숙 마을,Vila Festa,เมืองเฟสต้า,,<{level=865;unitId=62962;advance=70};{level=865;unitId=62682;advance=70};{level=865;unitId=61443;advance=70};{level=865;unitId=61353;advance=70}>,<{level=865;unitId=70402;advance=70}>,,1,4,3,20,1,6,1,<>,battle_bgm.mp3,battle/scene/bg_xcdg.jpg,config/big_hero/normal/img_208_dgs@.png,{y=70;x=0},41,,1,,<{key=1;value=1};{key=2;value=2};{key=3;value=6}>,865,1200,1200,,,,9999,6,120,6,{5064=0;5000=0},5890,,,,,,{14=7},{14=8},,{},{},0,{},{y=349;x=1417},,<<1782;540>;<1687;478>;<1838;359>;<1747;331>;<1561;289>;<1417;349>>,{},,FALSE,0,{}
13104,宴宿镇,宴宿镇,Festa Town,Thị trấn Festa,연숙 마을,Vila Festa,เมืองเฟสต้า,,<{level=870;unitId=60102;advance=70};{level=870;unitId=62872;advance=70};{level=870;unitId=62682;advance=70};{level=870;unitId=62873;advance=70}>,<{level=870;unitId=70493;advance=70}>,config/portrait/simple/img_464_cjkx@.png,1,4,3,20,1,6,1,<>,battle_bgm.mp3,battle/scene/bg_xcdg.jpg,config/big_hero/normal/img_464_cjkx@.png,{y=70;x=0},41,,1,,<{key=1;value=1};{key=2;value=2};{key=3;value=6}>,870,1205,1205,,,,9999,6,120,6,{5064=0;5000=0},5890,,,,,,{14=7},{14=8},,{},{},0,{gold=10000;talent_point=1;rmb=10},{y=345;x=1034},{y=444;x=776},<<1417;349>;<1302;262>;<1034;345>>,{},,FALSE,0,{}
13105,宴宿镇,宴宿镇,Festa Town,Thị trấn Festa,연숙 마을,Vila Festa,เมืองเฟสต้า,,<{level=875;unitId=60273;advance=70};{level=875;unitId=61302;advance=70};{level=875;unitId=62072;advance=70}>,<{level=875;unitId=71903;advance=70}>,,1,4,3,20,1,6,1,<>,battle_bgm.mp3,battle/scene/bg_xcdg.jpg,config/big_hero/normal/img_376_jjg@.png,{y=70;x=0},41,,1,,<{key=1;value=1};{key=2;value=2};{key=3;value=6}>,875,1210,1210,,,,9999,6,120,6,{5065=0;5000=0},5890,,,,,,{14=7},{14=8},,{},{},1,{},{y=549;x=625},,<<1034;345>;<923;420>;<776;444>;<759;518>;<625;549>>,{},,FALSE,1,{}
13106,宴宿镇,宴宿镇,Festa Town,Thị trấn Festa,연숙 마을,Vila Festa,เมืองเฟสต้า,,<{level=880;unitId=52683;advance=70};{level=880;unitId=60012;advance=70};{level=880;unitId=52963;advance=70};{level=880;unitId=60632;advance=70};{level=880;unitId=60091;advance=70}>,<{level=880;unitId=70333;advance=70}>,config/portrait/simple/img_462_zbcg@.png,1,4,3,20,1,6,1,<>,battle_bgm.mp3,battle/scene/bg_xcdg.jpg,config/big_hero/normal/img_462_zbcg@.png,{y=70;x=0},41,,1,,<{key=1;value=1};{key=2;value=2};{key=3;value=6}>,880,1215,1215,,,,9999,6,120,6,{5065=0;5000=0},5890,,,,,,{14=7},{14=8},,{},{},0,{gold=10000;talent_point=1;rmb=10},{y=631;x=856},{y=663;x=1015},<<625;549>;<770;629>;<856;631>>,{},,FALSE,0,{}
13107,宴宿镇,宴宿镇,Festa Town,Thị trấn Festa,연숙 마을,Vila Festa,เมืองเฟสต้า,,<{level=885;unitId=60471;advance=70};{level=885;unitId=60371;advance=70}>,<{level=885;unitId=183413;advance=70}>,,1,4,3,20,1,6,1,<>,battle_bgm.mp3,battle/scene/bg_xcdg.jpg,config/big_hero/normal/img_681_jdjg@.png,{y=70;x=0},41,,1,,<{key=1;value=1};{key=2;value=2};{key=3;value=6}>,885,1220,1220,,,,9999,6,120,6,{5065=0;5000=0},5890,,,,,,{14=7},{14=8},,{},{},0,{},{y=942;x=971},,<<856;631>;<1015;663>;<971;942>>,{},,FALSE,0,{}
13108,宴宿镇,宴宿镇,Festa Town,Thị trấn Festa,연숙 마을,Vila Festa,เมืองเฟสต้า,,<{level=890;unitId=61071;advance=70};{level=890;unitId=60351;advance=70};{level=890;unitId=62633;advance=70};{level=890;unitId=61901;advance=70}>,<{level=890;unitId=71503;advance=70}>,config/portrait/simple/img_306_bskdl@.png,1,4,3,20,1,6,1,<>,battle_bgm.mp3,battle/scene/bg_xcdg.jpg,config/big_hero/normal/img_306_bskdl@.png,{y=70;x=0},41,,1,,<{key=1;value=1};{key=2;value=2};{key=3;value=6}>,890,1225,1225,,,,9999,6,120,6,{5066=0;5000=0},5890,,,,,,{14=7},{14=8},,{},{},1,{gold=10000;talent_point=1;rmb=10},{y=774;x=1204},{y=788;x=1402},<<971;942>;<1204;774>>,{},,FALSE,1,{}
13109,宴宿镇,宴宿镇,Festa Town,Thị trấn Festa,연숙 마을,Vila Festa,เมืองเฟสต้า,,<{level=895;unitId=60013;advance=70};{level=895;unitId=61503;advance=70};{level=895;unitId=63341;advance=70}>,<{level=895;unitId=182242;advance=70}>,,1,4,3,20,1,6,1,<>,battle_bgm.mp3,battle/scene/bg_xcdg.jpg,config/big_hero/normal/img_448_lklo@.png,{y=70;x=0},41,,1,,<{key=1;value=1};{key=2;value=2};{key=3;value=6}>,895,1230,1230,,,,9999,6,120,6,{5066=0;5000=0},5890,,,,,,{14=7},{14=8},,{},{},0,{},{y=950;x=1484},,<<1204;774>;<1402;788>;<1484;950>>,{},,FALSE,0,{}
13110,宴宿镇,宴宿镇,Festa Town,Thị trấn Festa,연숙 마을,Vila Festa,เมืองเฟสต้า,,<{level=900;unitId=52231;advance=70};{level=900;unitId=62231;advance=70};{level=900;unitId=52301;advance=70};{level=900;unitId=60023;advance=70};{level=900;unitId=62073;advance=70}>,<{level=900;unitId=181981;advance=70}>,config/portrait/simple/img_384_lkz@.png,1,4,3,20,1,6,1,<>,battle_bgm.mp3,battle/scene/bg_xcdg.jpg,config/big_hero/normal/img_384_lkz@.png,{y=70;x=0},41,,1,,<{key=1;value=1};{key=2;value=2};{key=3;value=6}>,900,1235,1235,,,,9999,6,120,6,{5066=0;5000=0},5890,,,,,,{14=7},{14=8},,{},{},0,{},{y=1066;x=1302},,<<1484;950>;<1458;1036>;<1302;1066>>,{},,FALSE,0,{}
13201,白铸镇,白铸镇,Blancast Town,Thị trấn Blancast,백주 마을,Vila Blancast,เมืองบลองคาสต์,,<{level=905;unitId=60102;advance=70};{level=905;unitId=60542;advance=70};{level=905;unitId=62681;advance=70}>,<{level=905;unitId=70222;advance=70}>,,1,4,3,20,1,6,1,<>,battle_bgm.mp3,battle/scene/bg_xcdg.jpg,config/big_hero/normal/img_55_gdy@.png,{y=70;x=0},42,,1,,<{key=1;value=1};{key=2;value=2};{key=3;value=6}>,905,1240,1240,,,,9999,6,120,6,{5067=0;5000=0},6100,,,,,,{14=7;13=2},{14=8;13=2},,{},{},1,{},{y=747;x=2071},,<<2071;747>>,{},,FALSE,1,{}
13202,白铸镇,白铸镇,Blancast Town,Thị trấn Blancast,백주 마을,Vila Blancast,เมืองบลองคาสต์,,<{level=910;unitId=50791;advance=70};{level=910;unitId=50072;advance=70};{level=910;unitId=60803;advance=70};{level=910;unitId=60803;advance=70}>,<{level=910;unitId=73303;advance=70}>,config/portrait/simple/img_658_jhrw@.png,1,4,3,20,1,6,1,<>,battle_bgm.mp3,battle/scene/bg_xcdg.jpg,config/big_hero/normal/img_658_jhrw@.png,{y=70;x=0},42,,1,,<{key=1;value=1};{key=2;value=2};{key=3;value=6}>,910,1245,1245,,,,9999,6,120,6,{5067=0;5000=0},6100,,,,,,{14=7;13=2},{14=8;13=2},,{},{},0,{gold=10000;talent_point=1;rmb=10},{y=540;x=1782},{y=331;x=1747},<<2071;747>;<1914;683>;<1914;581>;<1782;540>>,{},,FALSE,0,{}
13203,白铸镇,白铸镇,Blancast Town,Thị trấn Blancast,백주 마을,Vila Blancast,เมืองบลองคาสต์,,<{level=915;unitId=61071;advance=70};{level=915;unitId=62681;advance=70};{level=915;unitId=60572;advance=70};{level=915;unitId=62483;advance=70}>,<{level=915;unitId=70632;advance=70}>,,1,4,3,20,1,6,1,<>,battle_bgm.mp3,battle/scene/bg_xcdg.jpg,config/big_hero/normal/img_130_bll@.png,{y=70;x=0},42,,1,,<{key=1;value=1};{key=2;value=2};{key=3;value=6}>,915,1250,1250,,,,9999,6,120,6,{5067=0;5000=0},6100,,,,,,{14=7;13=2},{14=8;13=2},,{},{},0,{},{y=349;x=1417},,<<1782;540>;<1687;478>;<1838;359>;<1747;331>;<1561;289>;<1417;349>>,{},,FALSE,0,{}
13204,白铸镇,白铸镇,Blancast Town,Thị trấn Blancast,백주 마을,Vila Blancast,เมืองบลองคาสต์,,<{level=920;unitId=60111;advance=70};{level=920;unitId=61902;advance=70};{level=920;unitId=60472;advance=70};{level=920;unitId=60803;advance=70}>,<{level=920;unitId=71241;advance=70}>,config/portrait/simple/img_245_sj@.png,1,4,3,20,1,6,1,<>,battle_bgm.mp3,battle/scene/bg_xcdg.jpg,config/big_hero/normal/img_245_sj@.png,{y=70;x=0},42,,1,,<{key=1;value=1};{key=2;value=2};{key=3;value=6}>,920,1255,1255,,,,9999,6,120,6,{5067=0;5000=0},6100,,,,,,{14=7;13=2},{14=8;13=2},,{},{},0,{gold=10000;talent_point=1;rmb=10},{y=345;x=1034},{y=444;x=776},<<1417;349>;<1302;262>;<1034;345>>,{},,FALSE,0,{}
13205,白铸镇,白铸镇,Blancast Town,Thị trấn Blancast,백주 마을,Vila Blancast,เมืองบลองคาสต์,,<{level=925;unitId=60333;advance=70};{level=925;unitId=60102;advance=70};{level=925;unitId=60792;advance=70}>,<{level=925;unitId=72233;advance=70}>,,1,4,3,20,1,6,1,<>,battle_bgm.mp3,battle/scene/bg_xcdg.jpg,config/big_hero/normal/img_445_lyls@.png,{y=70;x=0},42,,1,,<{key=1;value=1};{key=2;value=2};{key=3;value=6}>,925,1260,1260,,,,9999,6,120,6,{5000=0;5068=0},6100,,,,,,{14=7;13=2},{14=8;13=2},,{},{},1,{},{y=549;x=625},,<<1034;345>;<923;420>;<776;444>;<759;518>;<625;549>>,{},,FALSE,1,{}
13206,白铸镇,白铸镇,Blancast Town,Thị trấn Blancast,백주 마을,Vila Blancast,เมืองบลองคาสต์,,<{level=930;unitId=52481;advance=70};{level=930;unitId=60133;advance=70};{level=930;unitId=52681;advance=70};{level=930;unitId=60493;advance=70};{level=930;unitId=60062;advance=70}>,<{level=930;unitId=71303;advance=70}>,config/portrait/simple/img_257_hyj@.png,1,4,3,20,1,6,1,<>,battle_bgm.mp3,battle/scene/bg_xcdg.jpg,config/big_hero/normal/img_257_hyj@.png,{y=70;x=0},42,,1,,<{key=1;value=1};{key=2;value=2};{key=3;value=6}>,930,1265,1265,,,,9999,6,120,6,{5000=0;5068=0},6100,,,,,,{14=7;13=2},{14=8;13=2},,{},{},0,{gold=10000;talent_point=1;rmb=10},{y=631;x=856},{y=663;x=1015},<<625;549>;<770;629>;<856;631>>,{},,FALSE,0,{}
13207,白铸镇,白铸镇,Blancast Town,Thị trấn Blancast,백주 마을,Vila Blancast,เมืองบลองคาสต์,,<{level=935;unitId=60093;advance=70};{level=935;unitId=60262;advance=70}>,<{level=935;unitId=181082;advance=70}>,,1,4,3,20,1,6,1,<>,battle_bgm.mp3,battle/scene/bg_xcdg.jpg,config/big_hero/normal/img_461_mnl@.png,{y=70;x=0},42,,1,,<{key=1;value=1};{key=2;value=2};{key=3;value=6}>,935,1270,1270,,,,9999,6,120,6,{5000=0;5068=0},6100,,,,,,{14=7;13=2},{14=8;13=2},,{},{},0,{},{y=942;x=971},,<<856;631>;<1015;663>;<971;942>>,{},,FALSE,0,{}
13208,白铸镇,白铸镇,Blancast Town,Thị trấn Blancast,백주 마을,Vila Blancast,เมืองบลองคาสต์,,<{level=940;unitId=62633;advance=70};{level=940;unitId=60081;advance=70};{level=940;unitId=60272;advance=70};{level=940;unitId=60001;advance=70}>,<{level=940;unitId=73021;advance=70}>,config/portrait/simple/img_615_jhxh@.png,1,4,3,20,1,6,1,<>,battle_bgm.mp3,battle/scene/bg_xcdg.jpg,config/big_hero/normal/img_615_jhxh@.png,{y=70;x=0},42,,1,,<{key=1;value=1};{key=2;value=2};{key=3;value=6}>,940,1275,1275,,,,9999,6,120,6,{5000=0;5069=0},6100,,,,,,{14=7;13=2},{14=8;13=2},,{},{},1,{gold=10000;talent_point=1;rmb=10},{y=774;x=1204},{y=788;x=1402},<<971;942>;<1204;774>>,{},,FALSE,1,{}
13209,白铸镇,白铸镇,Blancast Town,Thị trấn Blancast,백주 마을,Vila Blancast,เมืองบลองคาสต์,,<{level=945;unitId=62073;advance=70};{level=945;unitId=63011;advance=70};{level=945;unitId=61261;advance=70}>,<{level=945;unitId=180721;advance=70}>,,1,4,3,20,1,6,1,<>,battle_bgm.mp3,battle/scene/bg_xcdg.jpg,config/big_hero/normal/img_144_jdn@.png,{y=70;x=0},42,,1,,<{key=1;value=1};{key=2;value=2};{key=3;value=6}>,945,1280,1280,,,,9999,6,120,6,{5000=0;5069=0},6100,,,,,,{14=7;13=2},{14=8;13=2},,{},{},0,{},{y=950;x=1484},,<<1204;774>;<1402;788>;<1484;950>>,{},,FALSE,0,{}
13210,白铸镇,白铸镇,Blancast Town,Thị trấn Blancast,백주 마을,Vila Blancast,เมืองบลองคาสต์,,<{level=950;unitId=50022;advance=70};{level=950;unitId=60192;advance=70};{level=950;unitId=50023;advance=70};{level=950;unitId=61861;advance=70};{level=950;unitId=60131;advance=70}>,<{level=950;unitId=181961;advance=70}>,config/portrait/simple/img_382_gok@.png,1,4,3,20,1,6,1,<>,battle_bgm.mp3,battle/scene/bg_xcdg.jpg,config/big_hero/normal/img_382_gok@.png,{y=70;x=0},42,,1,,<{key=1;value=1};{key=2;value=2};{key=3;value=6}>,950,1285,1285,,,,9999,6,120,6,{5000=0;5069=0},6100,,,,,,{14=7;13=2},{14=8;13=2},,{},{},0,{},{y=1066;x=1302},,<<1484;950>;<1458;1036>;<1302;1066>>,{},,FALSE,0,{}
13301,安溪镇,安溪镇,Anxi Town,Thị trấn Anxi,안계 마을,Vila Anxi,เมืองอันซี,,<{level=955;unitId=60392;advance=70};{level=955;unitId=63292;advance=70};{level=955;unitId=63281;advance=70}>,<{level=955;unitId=73562;advance=70}>,,1,4,3,20,1,6,1,<>,battle_bgm.mp3,battle/scene/bg_xcdg.jpg,config/big_hero/normal/img_709_xmy@.png,{y=70;x=0},43,,1,,<{key=1;value=1};{key=2;value=2};{key=3;value=6}>,955,1290,1290,,,,9999,6,120,6,{5070=0;5000=0},6310,,,,,,{14=8},{14=9},,{},{},1,{},{y=747;x=2071},,<<2071;747>>,{},,FALSE,1,{}
13302,安溪镇,安溪镇,Anxi Town,Thị trấn Anxi,안계 마을,Vila Anxi,เมืองอันซี,,<{level=960;unitId=52012;advance=70};{level=960;unitId=50022;advance=70};{level=960;unitId=60593;advance=70};{level=960;unitId=63542;advance=70}>,<{level=960;unitId=73353;advance=70}>,config/portrait/simple/img_671_hjfr@.png,1,4,3,20,1,6,1,<>,battle_bgm.mp3,battle/scene/bg_xcdg.jpg,config/big_hero/normal/img_671_hjfr@.png,{y=70;x=0},43,,1,,<{key=1;value=1};{key=2;value=2};{key=3;value=6}>,960,1295,1295,,,,9999,6,120,6,{5070=0;5000=0},6310,,,,,,{14=8},{14=9},,{},{},0,{gold=10000;talent_point=1;rmb=10},{y=540;x=1782},{y=331;x=1747},<<2071;747>;<1914;683>;<1914;581>;<1782;540>>,{},,FALSE,0,{}
13303,安溪镇,安溪镇,Anxi Town,Thị trấn Anxi,안계 마을,Vila Anxi,เมืองอันซี,,<{level=965;unitId=60471;advance=70};{level=965;unitId=62012;advance=70};{level=965;unitId=60392;advance=70};{level=965;unitId=63292;advance=70}>,<{level=965;unitId=70891;advance=70}>,,1,4,3,20,1,6,1,<>,battle_bgm.mp3,battle/scene/bg_xcdg.jpg,config/big_hero/normal/img_298_lll@.png,{y=70;x=0},43,,1,,<{key=1;value=1};{key=2;value=2};{key=3;value=6}>,965,1300,1300,,,,9999,6,120,6,{5070=0;5000=0},6310,,,,,,{14=8},{14=9},,{},{},0,{},{y=349;x=1417},,<<1782;540>;<1687;478>;<1838;359>;<1747;331>;<1561;289>;<1417;349>>,{},,FALSE,0,{}
13304,安溪镇,安溪镇,Anxi Town,Thị trấn Anxi,안계 마을,Vila Anxi,เมืองอันซี,,<{level=970;unitId=60271;advance=70};{level=970;unitId=60602;advance=70};{level=970;unitId=60092;advance=70};{level=970;unitId=62012;advance=70}>,<{level=970;unitId=71813;advance=70}>,config/portrait/simple/img_477_hyml@.png,1,4,3,20,1,6,1,<>,battle_bgm.mp3,battle/scene/bg_xcdg.jpg,config/big_hero/normal/img_477_hyml@.png,{y=70;x=0},43,,1,,<{key=1;value=1};{key=2;value=2};{key=3;value=6}>,970,1305,1305,,,,9999,6,120,6,{5070=0;5000=0},6310,,,,,,{14=8},{14=9},,{},{},0,{gold=10000;talent_point=1;rmb=10},{y=345;x=1034},{y=444;x=776},<<1417;349>;<1302;262>;<1034;345>>,{},,FALSE,0,{}
13305,安溪镇,安溪镇,Anxi Town,Thị trấn Anxi,안계 마을,Vila Anxi,เมืองอันซี,,<{level=975;unitId=60072;advance=70};{level=975;unitId=61421;advance=70};{level=975;unitId=60692;advance=70}>,<{level=975;unitId=70131;advance=70}>,,1,4,3,20,1,6,1,<>,battle_bgm.mp3,battle/scene/bg_xcdg.jpg,config/big_hero/normal/img_173_pbb@.png,{y=70;x=0},43,,1,,<{key=1;value=1};{key=2;value=2};{key=3;value=6}>,975,1310,1310,,,,9999,6,120,6,{5071=0;5000=0},6310,,,,,,{14=8},{14=9},,{},{},1,{},{y=549;x=625},,<<1034;345>;<923;420>;<776;444>;<759;518>;<625;549>>,{},,FALSE,1,{}
13306,安溪镇,安溪镇,Anxi Town,Thị trấn Anxi,안계 마을,Vila Anxi,เมืองอันซี,,<{level=980;unitId=53541;advance=70};{level=980;unitId=60092;advance=70};{level=980;unitId=50331;advance=70};{level=980;unitId=60033;advance=70};{level=980;unitId=60461;advance=70}>,<{level=980;unitId=70393;advance=70}>,config/portrait/simple/img_94_gg@.png,1,4,3,20,1,6,1,<>,battle_bgm.mp3,battle/scene/bg_xcdg.jpg,config/big_hero/normal/img_94_gg@.png,{y=70;x=0},43,,1,,<{key=1;value=1};{key=2;value=2};{key=3;value=6}>,980,1315,1315,,,,9999,6,120,6,{5071=0;5000=0},6310,,,,,,{14=8},{14=9},,{},{},0,{gold=10000;talent_point=1;rmb=10},{y=631;x=856},{y=663;x=1015},<<625;549>;<770;629>;<856;631>>,{},,FALSE,0,{}
13307,安溪镇,安溪镇,Anxi Town,Thị trấn Anxi,안계 마을,Vila Anxi,เมืองอันซี,,<{level=985;unitId=60452;advance=70};{level=985;unitId=61421;advance=70}>,<{level=985;unitId=181392;advance=70}>,,1,4,3,20,1,6,1,<>,battle_bgm.mp3,battle/scene/bg_xcdg.jpg,config/big_hero/normal/img_281_qlla@.png,{y=70;x=0},43,,1,,<{key=1;value=1};{key=2;value=2};{key=3;value=6}>,985,1320,1320,,,,9999,6,120,6,{5071=0;5000=0},6310,,,,,,{14=8},{14=9},,{},{},0,{},{y=942;x=971},,<<856;631>;<1015;663>;<971;942>>,{},,FALSE,0,{}
13308,安溪镇,安溪镇,Anxi Town,Thị trấn Anxi,안계 마을,Vila Anxi,เมืองอันซี,,<{level=990;unitId=61612;advance=70};{level=990;unitId=60071;advance=70};{level=990;unitId=62301;advance=70};{level=990;unitId=62301;advance=70}>,<{level=990;unitId=71394;advance=70}>,config/portrait/simple/img_475_alld@.png,1,4,3,20,1,6,1,<>,battle_bgm.mp3,battle/scene/bg_xcdg.jpg,config/big_hero/normal/img_475_alld@.png,{y=70;x=0},43,,1,,<{key=1;value=1};{key=2;value=2};{key=3;value=6}>,990,1325,1325,,,,9999,6,120,6,{5072=0;5000=0},6310,,,,,,{14=8},{14=9},,{},{},1,{gold=10000;talent_point=1;rmb=10},{y=774;x=1204},{y=788;x=1402},<<971;942>;<1204;774>>,{},,FALSE,1,{}
13309,安溪镇,安溪镇,Anxi Town,Thị trấn Anxi,안계 마을,Vila Anxi,เมืองอันซี,,<{level=995;unitId=62482;advance=70};{level=995;unitId=61231;advance=70};{level=995;unitId=61612;advance=70}>,<{level=995;unitId=180263;advance=70}>,,1,4,3,20,1,6,1,<>,battle_bgm.mp3,battle/scene/bg_xcdg.jpg,config/big_hero/normal/img_65_hd@.png,{y=70;x=0},43,,1,,<{key=1;value=1};{key=2;value=2};{key=3;value=6}>,995,1330,1330,,,,9999,6,120,6,{5072=0;5000=0},6310,,,,,,{14=8},{14=9},,{},{},0,{},{y=950;x=1484},,<<1204;774>;<1402;788>;<1484;950>>,{},,FALSE,0,{}
13310,安溪镇,安溪镇,Anxi Town,Thị trấn Anxi,안계 마을,Vila Anxi,เมืองอันซี,,<{level=1000;unitId=51292;advance=70};{level=1000;unitId=63341;advance=70};{level=1000;unitId=50602;advance=70};{level=1000;unitId=61812;advance=70}>,<{level=1000;unitId=180761;advance=70}>,config/portrait/simple/img_150_cm@.png,1,4,3,20,1,6,1,<>,battle_bgm.mp3,battle/scene/bg_xcdg.jpg,config/big_hero/normal/img_150_cm@.png,{y=70;x=0},43,,1,,<{key=1;value=1};{key=2;value=2};{key=3;value=6}>,1000,1335,1335,,,,9999,6,120,6,{5072=0;5000=0},6310,,,,,,{14=8},{14=9},,{},{},0,{},{y=1066;x=1302},,<<1484;950>;<1458;1036>;<1302;1066>>,{},,FALSE,0,{}
13401,橙花学院,橙花学院,Naranja Academy,Học viện Naranja,오렌지아카데미,Academia Laranja,สถาบันอคาเดมีส้ม,,<{level=455;unitId=63302;advance=70};{level=455;unitId=63302;advance=70};{level=455;unitId=63302;advance=70}>,<{level=455;unitId=70013;advance=70}>,,1,4,3,20,1,6,1,<>,battle_bgm.mp3,battle/scene/bg_xcdg.jpg,config/big_hero/normal/img_6_phl@.png,{y=70;x=0},44,,1,,<{key=1;value=1};{key=2;value=2};{key=3;value=6}>,455,790,790,,,,9999,6,120,6,{5073=0;5000=0},6520,,,,,,{14=8;13=2},{14=9;13=2},,{},{},1,{},{y=747;x=2071},,<<2071;747>>,{},,FALSE,1,{}
13402,橙花学院,橙花学院,Naranja Academy,Học viện Naranja,오렌지아카데미,Academia Laranja,สถาบันอคาเดมีส้ม,,<{level=460;unitId=52271;advance=70};{level=460;unitId=60272;advance=70};{level=460;unitId=52271;advance=70};{level=460;unitId=60002;advance=70};{level=460;unitId=60002;advance=70}>,<{level=460;unitId=70053;advance=70}>,config/portrait/simple/img_18_dbn@.png,1,4,3,20,1,6,1,<>,battle_bgm.mp3,battle/scene/bg_xcdg.jpg,config/big_hero/normal/img_18_dbn@.png,{y=70;x=0},44,,1,,<{key=1;value=1};{key=2;value=2};{key=3;value=6}>,460,795,795,,,,9999,6,120,6,{5073=0;5000=0},6520,,,,,,{14=8;13=2},{14=9;13=2},,{},{},0,{gold=10000;talent_point=1;rmb=10},{y=540;x=1782},{y=331;x=1747},<<2071;747>;<1914;683>;<1914;581>;<1782;540>>,{},,FALSE,0,{}
13403,橙花学院,橙花学院,Naranja Academy,Học viện Naranja,오렌지아카데미,Academia Laranja,สถาบันอคาเดมีส้ม,,<{level=465;unitId=60092;advance=70};{level=465;unitId=63542;advance=70};{level=465;unitId=60092;advance=70};{level=465;unitId=63542;advance=70}>,<{level=465;unitId=71394;advance=70}>,,1,4,3,20,1,6,1,<>,battle_bgm.mp3,battle/scene/bg_xcdg.jpg,config/big_hero/normal/img_475_alld@.png,{y=70;x=0},44,,1,,<{key=1;value=1};{key=2;value=2};{key=3;value=6}>,465,800,800,,,,9999,6,120,6,{5073=0;5000=0},6520,,,,,,{14=8;13=2},{14=9;13=2},,{},{},0,{},{y=349;x=1417},,<<1782;540>;<1687;478>;<1838;359>;<1747;331>;<1561;289>;<1417;349>>,{},,FALSE,0,{}
13404,橙花学院,橙花学院,Naranja Academy,Học viện Naranja,오렌지아카데미,Academia Laranja,สถาบันอคาเดมีส้ม,,<{level=470;unitId=60792;advance=70};{level=470;unitId=60792;advance=70};{level=470;unitId=60571;advance=70};{level=470;unitId=60571;advance=70}>,<{level=470;unitId=72013;advance=70}>,config/portrait/simple/img_389_ttg@.png,1,4,3,20,1,6,1,<>,battle_bgm.mp3,battle/scene/bg_xcdg.jpg,config/big_hero/normal/img_389_ttg@.png,{y=70;x=0},44,,1,,<{key=1;value=1};{key=2;value=2};{key=3;value=6}>,470,805,805,,,,9999,6,120,6,{5073=0;5000=0},6520,,,,,,{14=8;13=2},{14=9;13=2},,{},{},0,{gold=10000;talent_point=1;rmb=10},{y=345;x=1034},{y=444;x=776},<<1417;349>;<1302;262>;<1034;345>>,{},,FALSE,0,{}
13405,橙花学院,橙花学院,Naranja Academy,Học viện Naranja,오렌지아카데미,Academia Laranja,สถาบันอคาเดมีส้ม,,<{level=475;unitId=63302;advance=70};{level=475;unitId=60262;advance=70};{level=475;unitId=63302;advance=70}>,<{level=475;unitId=70552;advance=70}>,,1,4,3,20,1,6,1,<>,battle_bgm.mp3,battle/scene/bg_xcdg.jpg,config/big_hero/normal/img_121_bshx@.png,{y=70;x=0},44,,1,,<{key=1;value=1};{key=2;value=2};{key=3;value=6}>,475,810,810,,,,9999,6,120,6,{5074=0;5000=0},6520,,,,,,{14=8;13=2},{14=9;13=2},,{},{},1,{},{y=549;x=625},,<<1034;345>;<923;420>;<776;444>;<759;518>;<625;549>>,{},,FALSE,1,{}
13406,橙花学院,橙花学院,Naranja Academy,Học viện Naranja,오렌지아카데미,Academia Laranja,สถาบันอคาเดมีส้ม,,<{level=480;unitId=51421;advance=70};{level=480;unitId=60262;advance=70};{level=480;unitId=51421;advance=70};{level=480;unitId=60593;advance=70};{level=480;unitId=60593;advance=70}>,<{level=480;unitId=180333;advance=70}>,config/portrait/simple/img_462_zbcg@.png,1,4,3,20,1,6,1,<>,battle_bgm.mp3,battle/scene/bg_xcdg.jpg,config/big_hero/normal/img_462_zbcg@.png,{y=70;x=0},44,,1,,<{key=1;value=1};{key=2;value=2};{key=3;value=6}>,480,815,815,,,,9999,6,120,6,{5074=0;5000=0},6520,,,,,,{14=8;13=2},{14=9;13=2},,{},{},0,{gold=10000;talent_point=1;rmb=10},{y=631;x=856},{y=663;x=1015},<<625;549>;<770;629>;<856;631>>,{},,FALSE,0,{}
13407,橙花学院,橙花学院,Naranja Academy,Học viện Naranja,오렌지아카데미,Academia Laranja,สถาบันอคาเดมีส้ม,,<{level=485;unitId=61422;advance=70};{level=485;unitId=60002;advance=70};{level=485;unitId=61422;advance=70};{level=485;unitId=60002;advance=70}>,<{level=485;unitId=70464;advance=70}>,,1,4,3,20,1,6,1,<>,battle_bgm.mp3,battle/scene/bg_xcdg.jpg,config/big_hero/normal/img_237_zwl@.png,{y=70;x=0},44,,1,,<{key=1;value=1};{key=2;value=2};{key=3;value=6}>,485,820,820,,,,9999,6,120,6,{5074=0;5000=0},6520,,,,,,{14=8;13=2},{14=9;13=2},,{},{},0,{},{y=942;x=971},,<<856;631>;<1015;663>;<971;942>>,{},,FALSE,0,{}
13408,橙花学院,橙花学院,Naranja Academy,Học viện Naranja,오렌지아카데미,Academia Laranja,สถาบันอคาเดมีส้ม,,<{level=490;unitId=60072;advance=70};{level=490;unitId=60072;advance=70};{level=490;unitId=60692;advance=70};{level=490;unitId=60692;advance=70}>,<{level=490;unitId=70793;advance=70}>,config/portrait/simple/img_157_hbs@.png,1,4,3,20,1,6,1,<>,battle_bgm.mp3,battle/scene/bg_xcdg.jpg,config/big_hero/normal/img_157_hbs@.png,{y=70;x=0},44,,1,,<{key=1;value=1};{key=2;value=2};{key=3;value=6}>,490,825,825,,,,9999,6,120,6,{5075=0;5000=0},6520,,,,,,{14=8;13=2},{14=9;13=2},,{},{},1,{gold=10000;talent_point=1;rmb=10},{y=774;x=1204},{y=788;x=1402},<<971;942>;<1204;774>>,{},,FALSE,1,{}
13409,橙花学院,橙花学院,Naranja Academy,Học viện Naranja,오렌지아카데미,Academia Laranja,สถาบันอคาเดมีส้ม,,<{level=495;unitId=63302;advance=70};{level=495;unitId=60333;advance=70};{level=495;unitId=63302;advance=70}>,<{level=495;unitId=181303;advance=70}>,,1,4,3,20,1,6,1,<>,battle_bgm.mp3,battle/scene/bg_xcdg.jpg,config/big_hero/normal/img_257_hyj@.png,{y=70;x=0},44,,1,,<{key=1;value=1};{key=2;value=2};{key=3;value=6}>,495,830,830,,,,9999,6,120,6,{5075=0;5000=0},6520,,,,,,{14=8;13=2},{14=9;13=2},,{},{},0,{},{y=950;x=1484},,<<1204;774>;<1402;788>;<1484;950>>,{},,FALSE,0,{}
13410,橙花学院,橙花学院,Naranja Academy,Học viện Naranja,오렌지아카데미,Academia Laranja,สถาบันอคาเดมีส้ม,,<>,<{level=500;unitId=180753;advance=70}>,config/portrait/simple/img_149_kl@.png,1,4,3,20,1,6,1,<>,battle_bgm.mp3,battle/scene/bg_xcdg.jpg,config/big_hero/normal/img_149_kl@.png,{y=70;x=0},44,,1,,<{key=1;value=1};{key=2;value=2};{key=3;value=6}>,500,835,835,,,,9999,6,120,6,{5075=0;5000=0},6520,,,,,,{14=8;13=2},{14=9;13=2},,{},{},0,{},{y=1066;x=1302},,<<1484;950>;<1458;1036>;<1302;1066>>,{},,FALSE,0,{}
13501,橙华镇,橙华镇,Petalburg City,Thành phố Petalburg,등화도시,Cidade de Petalburg,เมืองโทกะ,,<{level=505;unitId=60472;advance=70};{level=505;unitId=60132;advance=70};{level=505;unitId=60472;advance=70}>,<{level=505;unitId=72073;advance=70}>,,1,4,3,20,1,6,1,<>,battle_bgm.mp3,battle/scene/bg_xcdg.jpg,config/big_hero/normal/img_405_lqm@.png,{y=70;x=0},45,,1,,<{key=1;value=1};{key=2;value=2};{key=3;value=6}>,505,840,840,,,,9999,6,120,6,{5076=0;5000=0},6730,,,,,,{14=8;13=2},{14=9;13=2},,{},{},1,{},{y=747;x=2071},,<<2071;747>>,{},,FALSE,1,{}
13502,橙华镇,橙华镇,Petalburg City,Thành phố Petalburg,등화도시,Cidade de Petalburg,เมืองโทกะ,,<{level=510;unitId=53301;advance=70};{level=510;unitId=61252;advance=70};{level=510;unitId=53301;advance=70};{level=510;unitId=60022;advance=70};{level=510;unitId=60022;advance=70}>,<{level=510;unitId=72683;advance=70}>,config/portrait/simple/img_545_wgw@.png,1,4,3,20,1,6,1,<>,battle_bgm.mp3,battle/scene/bg_xcdg.jpg,config/big_hero/normal/img_545_wgw@.png,{y=70;x=0},45,,1,,<{key=1;value=1};{key=2;value=2};{key=3;value=6}>,510,845,845,,,,9999,6,120,6,{5076=0;5000=0},6730,,,,,,{14=8;13=2},{14=9;13=2},,{},{},0,{gold=10000;talent_point=1;rmb=10},{y=540;x=1782},{y=331;x=1747},<<2071;747>;<1914;683>;<1914;581>;<1782;540>>,{},,FALSE,0,{}
13503,橙华镇,橙华镇,Petalburg City,Thành phố Petalburg,등화도시,Cidade de Petalburg,เมืองโทกะ,,<{level=515;unitId=60472;advance=70};{level=515;unitId=60262;advance=70};{level=515;unitId=60472;advance=70};{level=515;unitId=60262;advance=70}>,<{level=515;unitId=71423;advance=70}>,,1,4,3,20,1,6,1,<>,battle_bgm.mp3,battle/scene/bg_xcdg.jpg,config/big_hero/normal/img_289_qjw@.png,{y=70;x=0},45,,1,,<{key=1;value=1};{key=2;value=2};{key=3;value=6}>,515,850,850,,,,9999,6,120,6,{5076=0;5000=0},6730,,,,,,{14=8;13=2},{14=9;13=2},,{},{},0,{},{y=349;x=1417},,<<1782;540>;<1687;478>;<1838;359>;<1747;331>;<1561;289>;<1417;349>>,{},,FALSE,0,{}
13504,橙华镇,橙华镇,Petalburg City,Thành phố Petalburg,등화도시,Cidade de Petalburg,เมืองโทกะ,,<{level=520;unitId=60552;advance=70};{level=520;unitId=60552;advance=70};{level=520;unitId=61172;advance=70};{level=520;unitId=61172;advance=70}>,<{level=520;unitId=70463;advance=70}>,config/portrait/simple/img_107_kql@.png,1,4,3,20,1,6,1,<>,battle_bgm.mp3,battle/scene/bg_xcdg.jpg,config/big_hero/normal/img_107_kql@.png,{y=70;x=0},45,,1,,<{key=1;value=1};{key=2;value=2};{key=3;value=6}>,520,855,855,,,,9999,6,120,6,{5076=0;5000=0},6730,,,,,,{14=8;13=2},{14=9;13=2},,{},{},0,{gold=10000;talent_point=1;rmb=10},{y=345;x=1034},{y=444;x=776},<<1417;349>;<1302;262>;<1034;345>>,{},,FALSE,0,{}
13505,橙华镇,橙华镇,Petalburg City,Thành phố Petalburg,등화도시,Cidade de Petalburg,เมืองโทกะ,,<{level=525;unitId=60552;advance=70};{level=525;unitId=60792;advance=70};{level=525;unitId=60552;advance=70}>,<{level=525;unitId=73293;advance=70}>,,1,4,3,20,1,6,1,<>,battle_bgm.mp3,battle/scene/bg_xcdg.jpg,config/big_hero/normal/img_655_yhhh@.png,{y=70;x=0},45,,1,,<{key=1;value=1};{key=2;value=2};{key=3;value=6}>,525,860,860,,,,9999,6,120,6,{5077=0;5000=0},6730,,,,,,{14=8;13=2},{14=9;13=2},,{},{},1,{},{y=549;x=625},,<<1034;345>;<923;420>;<776;444>;<759;518>;<625;549>>,{},,FALSE,1,{}
13506,橙华镇,橙华镇,Petalburg City,Thành phố Petalburg,등화도시,Cidade de Petalburg,เมืองโทกะ,,<{level=530;unitId=50021;advance=70};{level=530;unitId=60392;advance=70};{level=530;unitId=50021;advance=70};{level=530;unitId=62012;advance=70};{level=530;unitId=62012;advance=70}>,<{level=530;unitId=180771;advance=70}>,config/portrait/simple/img_151_mh@.png,1,4,3,20,1,6,1,<>,battle_bgm.mp3,battle/scene/bg_xcdg.jpg,config/big_hero/normal/img_151_mh@.png,{y=70;x=0},45,,1,,<{key=1;value=1};{key=2;value=2};{key=3;value=6}>,530,865,865,,,,9999,6,120,6,{5077=0;5000=0},6730,,,,,,{14=8;13=2},{14=9;13=2},,{},{},0,{gold=10000;talent_point=1;rmb=10},{y=631;x=856},{y=663;x=1015},<<625;549>;<770;629>;<856;631>>,{},,FALSE,0,{}
13507,橙华镇,橙华镇,Petalburg City,Thành phố Petalburg,등화도시,Cidade de Petalburg,เมืองโทกะ,,<{level=535;unitId=60092;advance=70};{level=535;unitId=60592;advance=70};{level=535;unitId=60092;advance=70};{level=535;unitId=60592;advance=70}>,<{level=535;unitId=70273;advance=70}>,,1,4,3,20,1,6,1,<>,battle_bgm.mp3,battle/scene/bg_xcdg.jpg,config/big_hero/normal/img_68_gl@.png,{y=70;x=0},45,,1,,<{key=1;value=1};{key=2;value=2};{key=3;value=6}>,535,870,870,,,,9999,6,120,6,{5077=0;5000=0},6730,,,,,,{14=8;13=2},{14=9;13=2},,{},{},0,{},{y=942;x=971},,<<856;631>;<1015;663>;<971;942>>,{},,FALSE,0,{}
13508,橙华镇,橙华镇,Petalburg City,Thành phố Petalburg,등화도시,Cidade de Petalburg,เมืองโทกะ,,<{level=540;unitId=60572;advance=70};{level=540;unitId=60572;advance=70};{level=540;unitId=60603;advance=70};{level=540;unitId=60603;advance=70}>,<{level=540;unitId=71172;advance=70}>,config/portrait/simple/img_229_hlj@.png,1,4,3,20,1,6,1,<>,battle_bgm.mp3,battle/scene/bg_xcdg.jpg,config/big_hero/normal/img_229_hlj@.png,{y=70;x=0},45,,1,,<{key=1;value=1};{key=2;value=2};{key=3;value=6}>,540,875,875,,,,9999,6,120,6,{5078=0;5000=2},6730,,,,,,{14=8;13=2},{14=9;13=2},,{},{},1,{gold=10000;talent_point=1;rmb=10},{y=774;x=1204},{y=788;x=1402},<<971;942>;<1204;774>>,{},,FALSE,1,{}
13509,橙华镇,橙华镇,Petalburg City,Thành phố Petalburg,등화도시,Cidade de Petalburg,เมืองโทกะ,,<{level=545;unitId=60793;advance=70};{level=545;unitId=63472;advance=70};{level=545;unitId=60793;advance=70}>,<{level=545;unitId=181903;advance=70}>,,1,4,3,20,1,6,1,<>,battle_bgm.mp3,battle/scene/bg_xcdg.jpg,config/big_hero/normal/img_376_jjg@.png,{y=70;x=0},45,,1,,<{key=1;value=1};{key=2;value=2};{key=3;value=6}>,545,880,880,,,,9999,6,120,6,{5078=0;5000=2},6730,,,,,,{14=8;13=2},{14=9;13=2},,{},{},0,{},{y=950;x=1484},,<<1204;774>;<1402;788>;<1484;950>>,{},,FALSE,0,{}
13510,橙华镇,橙华镇,Petalburg City,Thành phố Petalburg,등화도시,Cidade de Petalburg,เมืองโทกะ,,<>,<{level=550;unitId=180264;advance=70}>,config/portrait/simple/img_65_cjhd@.png,1,4,3,20,1,6,1,<>,battle_bgm.mp3,battle/scene/bg_xcdg.jpg,config/big_hero/normal/img_65_cjhd@.png,{y=70;x=0},45,,1,,<{key=1;value=1};{key=2;value=2};{key=3;value=6}>,550,885,885,,,,9999,6,120,6,{5078=0;5000=2},6730,,,,,,{14=8;13=2},{14=9;13=2},,{},{},0,{},{y=1066;x=1302},,<<1484;950>;<1458;1036>;<1302;1066>>,{},,FALSE,0,{}
13601,桌台市,桌台市,Mesagoza,Thành phố Mesagoza,테이블시티,Mesagoza,เมืองเทเบิล,,<{level=555;unitId=60571;advance=70};{level=555;unitId=62822;advance=70};{level=555;unitId=60461;advance=70}>,<{level=555;unitId=70463;advance=70}>,,1,4,3,20,1,6,1,<>,battle_bgm.mp3,battle/scene/bg_xcdg.jpg,config/big_hero/normal/img_107_kql@.png,{y=70;x=0},46,,1,,<{key=1;value=1};{key=2;value=2};{key=3;value=6}>,555,890,890,,,,9999,6,120,6,{5079=0;5000=0},6940,,,,,,{14=9},{14=10},,{},{},1,{},{y=747;x=2071},,<<2071;747>>,{},,FALSE,1,{}
13602,桌台市,桌台市,Mesagoza,Thành phố Mesagoza,테이블시티,Mesagoza,เมืองเทเบิล,,<{level=560;unitId=53293;advance=70};{level=560;unitId=53301;advance=70};{level=560;unitId=60092;advance=70};{level=560;unitId=60302;advance=70}>,<{level=560;unitId=70053;advance=70}>,config/portrait/simple/img_18_dbn@.png,1,4,3,20,1,6,1,<>,battle_bgm.mp3,battle/scene/bg_xcdg.jpg,config/big_hero/normal/img_18_dbn@.png,{y=70;x=0},46,,1,,<{key=1;value=1};{key=2;value=2};{key=3;value=6}>,560,895,895,,,,9999,6,120,6,{5079=0;5000=0},6940,,,,,,{14=9},{14=10},,{},{},0,{gold=10000;talent_point=1;rmb=10},{y=540;x=1782},{y=331;x=1747},<<2071;747>;<1914;683>;<1914;581>;<1782;540>>,{},,FALSE,0,{}
13603,桌台市,桌台市,Mesagoza,Thành phố Mesagoza,테이블시티,Mesagoza,เมืองเทเบิล,,<{level=565;unitId=60302;advance=70};{level=565;unitId=60891;advance=70};{level=565;unitId=60001;advance=70};{level=565;unitId=62891;advance=70}>,<{level=565;unitId=71841;advance=70}>,,1,4,3,20,1,6,1,<>,battle_bgm.mp3,battle/scene/bg_xcdg.jpg,config/big_hero/normal/img_359_absl@.png,{y=70;x=0},46,,1,,<{key=1;value=1};{key=2;value=2};{key=3;value=6}>,565,900,900,,,,9999,6,120,6,{5079=0;5000=0},6940,,,,,,{14=9},{14=10},,{},{},0,{},{y=349;x=1417},,<<1782;540>;<1687;478>;<1838;359>;<1747;331>;<1561;289>;<1417;349>>,{},,FALSE,0,{}
13604,桌台市,桌台市,Mesagoza,Thành phố Mesagoza,테이블시티,Mesagoza,เมืองเทเบิล,,<{level=570;unitId=60022;advance=70};{level=570;unitId=60172;advance=70};{level=570;unitId=62681;advance=70};{level=570;unitId=63292;advance=70}>,<{level=570;unitId=70003;advance=70}>,config/portrait/simple/img_3_mwh@.png,1,4,3,20,1,6,1,<>,battle_bgm.mp3,battle/scene/bg_xcdg.jpg,config/big_hero/normal/img_3_mwh@.png,{y=70;x=0},46,,1,,<{key=1;value=1};{key=2;value=2};{key=3;value=6}>,570,905,905,,,,9999,6,120,6,{5079=0;5000=0},6940,,,,,,{14=9},{14=10},,{},{},0,{gold=10000;talent_point=1;rmb=10},{y=345;x=1034},{y=444;x=776},<<1417;349>;<1302;262>;<1034;345>>,{},,FALSE,0,{}
13605,桌台市,桌台市,Mesagoza,Thành phố Mesagoza,테이블시티,Mesagoza,เมืองเทเบิล,,<{level=575;unitId=60031;advance=70};{level=575;unitId=60372;advance=70};{level=575;unitId=60231;advance=70}>,<{level=575;unitId=70793;advance=70}>,,1,4,3,20,1,6,1,<>,battle_bgm.mp3,battle/scene/bg_xcdg.jpg,config/big_hero/normal/img_157_hbs@.png,{y=70;x=0},46,,1,,<{key=1;value=1};{key=2;value=2};{key=3;value=6}>,575,910,910,,,,9999,6,120,6,{5080=0;5000=0},6940,,,,,,{14=9},{14=10},,{},{},1,{},{y=549;x=625},,<<1034;345>;<923;420>;<776;444>;<759;518>;<625;549>>,{},,FALSE,1,{}
13606,桌台市,桌台市,Mesagoza,Thành phố Mesagoza,테이블시티,Mesagoza,เมืองเทเบิล,,<{level=580;unitId=50721;advance=70};{level=580;unitId=60031;advance=70};{level=580;unitId=50133;advance=70};{level=580;unitId=61893;advance=70};{level=580;unitId=60263;advance=70}>,<{level=580;unitId=70593;advance=70}>,config/portrait/simple/img_466_djms@.png,1,4,3,20,1,6,1,<>,battle_bgm.mp3,battle/scene/bg_xcdg.jpg,config/big_hero/normal/img_466_djms@.png,{y=70;x=0},46,,1,,<{key=1;value=1};{key=2;value=2};{key=3;value=6}>,580,915,915,,,,9999,6,120,6,{5080=0;5000=0},6940,,,,,,{14=9},{14=10},,{},{},0,{gold=10000;talent_point=1;rmb=10},{y=631;x=856},{y=663;x=1015},<<625;549>;<770;629>;<856;631>>,{},,FALSE,0,{}
13607,桌台市,桌台市,Mesagoza,Thành phố Mesagoza,테이블시티,Mesagoza,เมืองเทเบิล,,<{level=585;unitId=60023;advance=70};{level=585;unitId=60033;advance=70};{level=585;unitId=63001;advance=70};{level=585;unitId=62271;advance=70}>,<{level=585;unitId=70303;advance=70}>,,1,4,3,20,1,6,1,<>,battle_bgm.mp3,battle/scene/bg_xcdg.jpg,config/big_hero/normal/img_75_lls@.png,{y=70;x=0},46,,1,,<{key=1;value=1};{key=2;value=2};{key=3;value=6}>,585,920,920,,,,9999,6,120,6,{5080=0;5000=0},6940,,,,,,{14=9},{14=10},,{},{},0,{},{y=942;x=971},,<<856;631>;<1015;663>;<971;942>>,{},,FALSE,0,{}
13608,桌台市,桌台市,Mesagoza,Thành phố Mesagoza,테이블시티,Mesagoza,เมืองเทเบิล,,<{level=590;unitId=60792;advance=70};{level=590;unitId=62303;advance=70};{level=590;unitId=62612;advance=70};{level=590;unitId=63021;advance=70}>,<{level=590;unitId=70133;advance=70}>,config/portrait/simple/img_36_pkx@.png,1,4,3,20,1,6,1,<>,battle_bgm.mp3,battle/scene/bg_xcdg.jpg,config/big_hero/normal/img_36_pkx@.png,{y=70;x=0},46,,1,,<{key=1;value=1};{key=2;value=2};{key=3;value=6}>,590,925,925,,,,9999,6,120,6,{5081=0;5000=0},6940,,,,,,{14=9},{14=10},,{},{},1,{gold=10000;talent_point=1;rmb=10},{y=774;x=1204},{y=788;x=1402},<<971;942>;<1204;774>>,{},,FALSE,1,{}
13609,桌台市,桌台市,Mesagoza,Thành phố Mesagoza,테이블시티,Mesagoza,เมืองเทเบิล,,<{level=595;unitId=60332;advance=70};{level=595;unitId=61171;advance=70};{level=595;unitId=63543;advance=70}>,<{level=595;unitId=70173;advance=70}>,,1,4,3,20,1,6,1,<>,battle_bgm.mp3,battle/scene/bg_xcdg.jpg,config/big_hero/normal/img_45_bwh@.png,{y=70;x=0},46,,1,,<{key=1;value=1};{key=2;value=2};{key=3;value=6}>,595,930,930,,,,9999,6,120,6,{5081=0;5000=0},6940,,,,,,{14=9},{14=10},,{},{},0,{},{y=950;x=1484},,<<1204;774>;<1402;788>;<1484;950>>,{},,FALSE,0,{}
13610,桌台市,桌台市,Mesagoza,Thành phố Mesagoza,테이블시티,Mesagoza,เมืองเทเบิล,,<{level=600;unitId=50882;advance=70};{level=600;unitId=60491;advance=70};{level=600;unitId=51423;advance=70};{level=600;unitId=60463;advance=70};{level=600;unitId=60352;advance=70}>,<{level=600;unitId=73631;advance=70}>,config/portrait/simple/img_719_dax@.png,1,4,3,20,1,6,1,<>,battle_bgm.mp3,battle/scene/bg_xcdg.jpg,config/big_hero/normal/img_719_dax@.png,{y=70;x=0},46,,1,,<{key=1;value=1};{key=2;value=2};{key=3;value=6}>,600,935,935,,,,9999,6,120,6,{5081=0;5000=0},6940,,,,,,{14=9},{14=10},,{},{},0,{},{y=1066;x=1302},,<<1484;950>;<1458;1036>;<1302;1066>>,{},,FALSE,0,{}
13701,水影镇,水影镇,Watervue Town,Thị trấn Watervue,수영 마을,Vila Watervue,เมืองวอเตอร์วู,,<{level=605;unitId=60731;advance=70};{level=605;unitId=62873;advance=70};{level=605;unitId=61901;advance=70}>,<{level=605;unitId=71253;advance=70}>,,1,4,3,20,1,6,1,<>,battle_bgm.mp3,battle/scene/bg_xcdg.jpg,config/big_hero/normal/img_248_bjls@.png,{y=70;x=0},47,,1,,<{key=1;value=1};{key=2;value=2};{key=3;value=6}>,605,940,940,,,,9999,6,120,6,{5082=0;5000=0},7150,,,,,,{14=9;13=1},{14=10;13=2},,{},{},1,{},{y=747;x=2071},,<<2071;747>>,{},,FALSE,1,{}
13702,水影镇,水影镇,Watervue Town,Thị trấn Watervue,수영 마을,Vila Watervue,เมืองวอเตอร์วู,,<{level=610;unitId=51612;advance=70};{level=610;unitId=51231;advance=70};{level=610;unitId=61611;advance=70};{level=610;unitId=60301;advance=70}>,<{level=610;unitId=72963;advance=70}>,config/portrait/simple/img_601_clg@.png,1,4,3,20,1,6,1,<>,battle_bgm.mp3,battle/scene/bg_xcdg.jpg,config/big_hero/normal/img_601_clg@.png,{y=70;x=0},47,,1,,<{key=1;value=1};{key=2;value=2};{key=3;value=6}>,610,945,945,,,,9999,6,120,6,{5082=0;5000=0},7150,,,,,,{14=9;13=1},{14=10;13=2},,{},{},0,{gold=10000;talent_point=1;rmb=10},{y=540;x=1782},{y=331;x=1747},<<2071;747>;<1914;683>;<1914;581>;<1782;540>>,{},,FALSE,0,{}
13703,水影镇,水影镇,Watervue Town,Thị trấn Watervue,수영 마을,Vila Watervue,เมืองวอเตอร์วู,,<{level=615;unitId=62962;advance=70};{level=615;unitId=62682;advance=70};{level=615;unitId=61443;advance=70};{level=615;unitId=61353;advance=70}>,<{level=615;unitId=70402;advance=70}>,,1,4,3,20,1,6,1,<>,battle_bgm.mp3,battle/scene/bg_xcdg.jpg,config/big_hero/normal/img_208_dgs@.png,{y=70;x=0},47,,1,,<{key=1;value=1};{key=2;value=2};{key=3;value=6}>,615,950,950,,,,9999,6,120,6,{5082=0;5000=0},7150,,,,,,{14=9;13=1},{14=10;13=2},,{},{},0,{},{y=349;x=1417},,<<1782;540>;<1687;478>;<1838;359>;<1747;331>;<1561;289>;<1417;349>>,{},,FALSE,0,{}
13704,水影镇,水影镇,Watervue Town,Thị trấn Watervue,수영 마을,Vila Watervue,เมืองวอเตอร์วู,,<{level=620;unitId=60102;advance=70};{level=620;unitId=62872;advance=70};{level=620;unitId=62682;advance=70};{level=620;unitId=62873;advance=70}>,<{level=620;unitId=70493;advance=70}>,config/portrait/simple/img_464_cjkx@.png,1,4,3,20,1,6,1,<>,battle_bgm.mp3,battle/scene/bg_xcdg.jpg,config/big_hero/normal/img_464_cjkx@.png,{y=70;x=0},47,,1,,<{key=1;value=1};{key=2;value=2};{key=3;value=6}>,620,955,955,,,,9999,6,120,6,{5082=0;5000=0},7150,,,,,,{14=9;13=1},{14=10;13=2},,{},{},0,{gold=10000;talent_point=1;rmb=10},{y=345;x=1034},{y=444;x=776},<<1417;349>;<1302;262>;<1034;345>>,{},,FALSE,0,{}
13705,水影镇,水影镇,Watervue Town,Thị trấn Watervue,수영 마을,Vila Watervue,เมืองวอเตอร์วู,,<{level=625;unitId=60273;advance=70};{level=625;unitId=61302;advance=70};{level=625;unitId=62072;advance=70}>,<{level=625;unitId=71903;advance=70}>,,1,4,3,20,1,6,1,<>,battle_bgm.mp3,battle/scene/bg_xcdg.jpg,config/big_hero/normal/img_376_jjg@.png,{y=70;x=0},47,,1,,<{key=1;value=1};{key=2;value=2};{key=3;value=6}>,625,960,960,,,,9999,6,120,6,{5083=0;5000=0},7150,,,,,,{14=9;13=1},{14=10;13=2},,{},{},1,{},{y=549;x=625},,<<1034;345>;<923;420>;<776;444>;<759;518>;<625;549>>,{},,FALSE,1,{}
13706,水影镇,水影镇,Watervue Town,Thị trấn Watervue,수영 마을,Vila Watervue,เมืองวอเตอร์วู,,<{level=630;unitId=52683;advance=70};{level=630;unitId=60012;advance=70};{level=630;unitId=52963;advance=70};{level=630;unitId=60632;advance=70};{level=630;unitId=60091;advance=70}>,<{level=630;unitId=70333;advance=70}>,config/portrait/simple/img_462_zbcg@.png,1,4,3,20,1,6,1,<>,battle_bgm.mp3,battle/scene/bg_xcdg.jpg,config/big_hero/normal/img_462_zbcg@.png,{y=70;x=0},47,,1,,<{key=1;value=1};{key=2;value=2};{key=3;value=6}>,630,965,965,,,,9999,6,120,6,{5083=0;5000=0},7150,,,,,,{14=9;13=1},{14=10;13=2},,{},{},0,{gold=10000;talent_point=1;rmb=10},{y=631;x=856},{y=663;x=1015},<<625;549>;<770;629>;<856;631>>,{},,FALSE,0,{}
13707,水影镇,水影镇,Watervue Town,Thị trấn Watervue,수영 마을,Vila Watervue,เมืองวอเตอร์วู,,<{level=635;unitId=60471;advance=70};{level=635;unitId=60371;advance=70}>,<{level=635;unitId=183413;advance=70}>,,1,4,3,20,1,6,1,<>,battle_bgm.mp3,battle/scene/bg_xcdg.jpg,config/big_hero/normal/img_681_jdjg@.png,{y=70;x=0},47,,1,,<{key=1;value=1};{key=2;value=2};{key=3;value=6}>,635,970,970,,,,9999,6,120,6,{5083=0;5000=0},7150,,,,,,{14=9;13=1},{14=10;13=2},,{},{},0,{},{y=942;x=971},,<<856;631>;<1015;663>;<971;942>>,{},,FALSE,0,{}
13708,水影镇,水影镇,Watervue Town,Thị trấn Watervue,수영 마을,Vila Watervue,เมืองวอเตอร์วู,,<{level=640;unitId=61071;advance=70};{level=640;unitId=60351;advance=70};{level=640;unitId=62633;advance=70};{level=640;unitId=61901;advance=70}>,<{level=640;unitId=71503;advance=70}>,config/portrait/simple/img_306_bskdl@.png,1,4,3,20,1,6,1,<>,battle_bgm.mp3,battle/scene/bg_xcdg.jpg,config/big_hero/normal/img_306_bskdl@.png,{y=70;x=0},47,,1,,<{key=1;value=1};{key=2;value=2};{key=3;value=6}>,640,975,975,,,,9999,6,120,6,{5084=0;5000=0},7150,,,,,,{14=9;13=1},{14=10;13=2},,{},{},1,{gold=10000;talent_point=1;rmb=10},{y=774;x=1204},{y=788;x=1402},<<971;942>;<1204;774>>,{},,FALSE,1,{}
13709,水影镇,水影镇,Watervue Town,Thị trấn Watervue,수영 마을,Vila Watervue,เมืองวอเตอร์วู,,<{level=645;unitId=60013;advance=70};{level=645;unitId=61503;advance=70};{level=645;unitId=63341;advance=70}>,<{level=645;unitId=182242;advance=70}>,,1,4,3,20,1,6,1,<>,battle_bgm.mp3,battle/scene/bg_xcdg.jpg,config/big_hero/normal/img_448_lklo@.png,{y=70;x=0},47,,1,,<{key=1;value=1};{key=2;value=2};{key=3;value=6}>,645,980,980,,,,9999,6,120,6,{5084=0;5000=0},7150,,,,,,{14=9;13=1},{14=10;13=2},,{},{},0,{},{y=950;x=1484},,<<1204;774>;<1402;788>;<1484;950>>,{},,FALSE,0,{}
13710,水影镇,水影镇,Watervue Town,Thị trấn Watervue,수영 마을,Vila Watervue,เมืองวอเตอร์วู,,<{level=650;unitId=52231;advance=70};{level=650;unitId=62231;advance=70};{level=650;unitId=52301;advance=70};{level=650;unitId=60023;advance=70};{level=650;unitId=62073;advance=70}>,<{level=650;unitId=181981;advance=70}>,config/portrait/simple/img_384_lkz@.png,1,4,3,20,1,6,1,<>,battle_bgm.mp3,battle/scene/bg_xcdg.jpg,config/big_hero/normal/img_384_lkz@.png,{y=70;x=0},47,,1,,<{key=1;value=1};{key=2;value=2};{key=3;value=6}>,650,985,985,,,,9999,6,120,6,{5084=0;5000=0},7150,,,,,,{14=9;13=1},{14=10;13=2},,{},{},0,{},{y=1066;x=1302},,<<1484;950>;<1458;1036>;<1302;1066>>,{},,FALSE,0,{}
13801,烤烟镇,烤烟镇,Tobacoil Town,Thị trấn Tobacoil,고연 마을,Vila Tobacoil,เมืองโทบาโคอิล,,<{level=655;unitId=60102;advance=70};{level=655;unitId=60542;advance=70};{level=655;unitId=62681;advance=70}>,<{level=655;unitId=70222;advance=70}>,,1,4,3,20,1,6,1,<>,battle_bgm.mp3,battle/scene/bg_xcdg.jpg,config/big_hero/normal/img_55_gdy@.png,{y=70;x=0},48,,1,,<{key=1;value=1};{key=2;value=2};{key=3;value=6}>,655,990,990,,,,9999,6,120,6,{5085=0;5000=0},7360,,,,,,{14=10},{14=11},,{},{},1,{},{y=747;x=2071},,<<2071;747>>,{},,FALSE,1,{}
13802,烤烟镇,烤烟镇,Tobacoil Town,Thị trấn Tobacoil,고연 마을,Vila Tobacoil,เมืองโทบาโคอิล,,<{level=660;unitId=50791;advance=70};{level=660;unitId=50072;advance=70};{level=660;unitId=60803;advance=70};{level=660;unitId=60803;advance=70}>,<{level=660;unitId=73303;advance=70}>,config/portrait/simple/img_658_jhrw@.png,1,4,3,20,1,6,1,<>,battle_bgm.mp3,battle/scene/bg_xcdg.jpg,config/big_hero/normal/img_658_jhrw@.png,{y=70;x=0},48,,1,,<{key=1;value=1};{key=2;value=2};{key=3;value=6}>,660,995,995,,,,9999,6,120,6,{5085=0;5000=0},7360,,,,,,{14=10},{14=11},,{},{},0,{gold=10000;talent_point=1;rmb=10},{y=540;x=1782},{y=331;x=1747},<<2071;747>;<1914;683>;<1914;581>;<1782;540>>,{},,FALSE,0,{}
13803,烤烟镇,烤烟镇,Tobacoil Town,Thị trấn Tobacoil,고연 마을,Vila Tobacoil,เมืองโทบาโคอิล,,<{level=665;unitId=61071;advance=70};{level=665;unitId=62681;advance=70};{level=665;unitId=60572;advance=70};{level=665;unitId=62483;advance=70}>,<{level=665;unitId=70632;advance=70}>,,1,4,3,20,1,6,1,<>,battle_bgm.mp3,battle/scene/bg_xcdg.jpg,config/big_hero/normal/img_130_bll@.png,{y=70;x=0},48,,1,,<{key=1;value=1};{key=2;value=2};{key=3;value=6}>,665,1000,1000,,,,9999,6,120,6,{5085=0;5000=0},7360,,,,,,{14=10},{14=11},,{},{},0,{},{y=349;x=1417},,<<1782;540>;<1687;478>;<1838;359>;<1747;331>;<1561;289>;<1417;349>>,{},,FALSE,0,{}
13804,烤烟镇,烤烟镇,Tobacoil Town,Thị trấn Tobacoil,고연 마을,Vila Tobacoil,เมืองโทบาโคอิล,,<{level=670;unitId=60111;advance=70};{level=670;unitId=61902;advance=70};{level=670;unitId=60472;advance=70};{level=670;unitId=60803;advance=70}>,<{level=670;unitId=71241;advance=70}>,config/portrait/simple/img_245_sj@.png,1,4,3,20,1,6,1,<>,battle_bgm.mp3,battle/scene/bg_xcdg.jpg,config/big_hero/normal/img_245_sj@.png,{y=70;x=0},48,,1,,<{key=1;value=1};{key=2;value=2};{key=3;value=6}>,670,1005,1005,,,,9999,6,120,6,{5085=0;5000=0},7360,,,,,,{14=10},{14=11},,{},{},0,{gold=10000;talent_point=1;rmb=10},{y=345;x=1034},{y=444;x=776},<<1417;349>;<1302;262>;<1034;345>>,{},,FALSE,0,{}
13805,烤烟镇,烤烟镇,Tobacoil Town,Thị trấn Tobacoil,고연 마을,Vila Tobacoil,เมืองโทบาโคอิล,,<{level=675;unitId=60333;advance=70};{level=675;unitId=60102;advance=70};{level=675;unitId=60792;advance=70}>,<{level=675;unitId=72233;advance=70}>,,1,4,3,20,1,6,1,<>,battle_bgm.mp3,battle/scene/bg_xcdg.jpg,config/big_hero/normal/img_445_lyls@.png,{y=70;x=0},48,,1,,<{key=1;value=1};{key=2;value=2};{key=3;value=6}>,675,1010,1010,,,,9999,6,120,6,{5086=0;5000=0},7360,,,,,,{14=10},{14=11},,{},{},1,{},{y=549;x=625},,<<1034;345>;<923;420>;<776;444>;<759;518>;<625;549>>,{},,FALSE,1,{}
13806,烤烟镇,烤烟镇,Tobacoil Town,Thị trấn Tobacoil,고연 마을,Vila Tobacoil,เมืองโทบาโคอิล,,<{level=680;unitId=52481;advance=70};{level=680;unitId=60133;advance=70};{level=680;unitId=52681;advance=70};{level=680;unitId=60493;advance=70};{level=680;unitId=60062;advance=70}>,<{level=680;unitId=71303;advance=70}>,config/portrait/simple/img_257_hyj@.png,1,4,3,20,1,6,1,<>,battle_bgm.mp3,battle/scene/bg_xcdg.jpg,config/big_hero/normal/img_257_hyj@.png,{y=70;x=0},48,,1,,<{key=1;value=1};{key=2;value=2};{key=3;value=6}>,680,1015,1015,,,,9999,6,120,6,{5086=0;5000=0},7360,,,,,,{14=10},{14=11},,{},{},0,{gold=10000;talent_point=1;rmb=10},{y=631;x=856},{y=663;x=1015},<<625;549>;<770;629>;<856;631>>,{},,FALSE,0,{}
13807,烤烟镇,烤烟镇,Tobacoil Town,Thị trấn Tobacoil,고연 마을,Vila Tobacoil,เมืองโทบาโคอิล,,<{level=685;unitId=60093;advance=70};{level=685;unitId=60262;advance=70}>,<{level=685;unitId=181082;advance=70}>,,1,4,3,20,1,6,1,<>,battle_bgm.mp3,battle/scene/bg_xcdg.jpg,config/big_hero/normal/img_461_mnl@.png,{y=70;x=0},48,,1,,<{key=1;value=1};{key=2;value=2};{key=3;value=6}>,685,1020,1020,,,,9999,6,120,6,{5086=0;5000=0},7360,,,,,,{14=10},{14=11},,{},{},0,{},{y=942;x=971},,<<856;631>;<1015;663>;<971;942>>,{},,FALSE,0,{}
13808,烤烟镇,烤烟镇,Tobacoil Town,Thị trấn Tobacoil,고연 마을,Vila Tobacoil,เมืองโทบาโคอิล,,<{level=690;unitId=62633;advance=70};{level=690;unitId=60081;advance=70};{level=690;unitId=60272;advance=70};{level=690;unitId=60001;advance=70}>,<{level=690;unitId=73021;advance=70}>,config/portrait/simple/img_615_jhxh@.png,1,4,3,20,1,6,1,<>,battle_bgm.mp3,battle/scene/bg_xcdg.jpg,config/big_hero/normal/img_615_jhxh@.png,{y=70;x=0},48,,1,,<{key=1;value=1};{key=2;value=2};{key=3;value=6}>,690,1025,1025,,,,9999,6,120,6,{5087=0;5000=0},7360,,,,,,{14=10},{14=11},,{},{},1,{gold=10000;talent_point=1;rmb=10},{y=774;x=1204},{y=788;x=1402},<<971;942>;<1204;774>>,{},,FALSE,1,{}
13809,烤烟镇,烤烟镇,Tobacoil Town,Thị trấn Tobacoil,고연 마을,Vila Tobacoil,เมืองโทบาโคอิล,,<{level=695;unitId=62073;advance=70};{level=695;unitId=63011;advance=70};{level=695;unitId=61261;advance=70}>,<{level=695;unitId=180721;advance=70}>,,1,4,3,20,1,6,1,<>,battle_bgm.mp3,battle/scene/bg_xcdg.jpg,config/big_hero/normal/img_144_jdn@.png,{y=70;x=0},48,,1,,<{key=1;value=1};{key=2;value=2};{key=3;value=6}>,695,1030,1030,,,,9999,6,120,6,{5087=0;5000=0},7360,,,,,,{14=10},{14=11},,{},{},0,{},{y=950;x=1484},,<<1204;774>;<1402;788>;<1484;950>>,{},,FALSE,0,{}
13810,烤烟镇,烤烟镇,Tobacoil Town,Thị trấn Tobacoil,고연 마을,Vila Tobacoil,เมืองโทบาโคอิล,,<{level=700;unitId=50022;advance=70};{level=700;unitId=60192;advance=70};{level=700;unitId=50023;advance=70};{level=700;unitId=61861;advance=70};{level=700;unitId=60131;advance=70}>,<{level=700;unitId=181961;advance=70}>,config/portrait/simple/img_382_gok@.png,1,4,3,20,1,6,1,<>,battle_bgm.mp3,battle/scene/bg_xcdg.jpg,config/big_hero/normal/img_382_gok@.png,{y=70;x=0},48,,1,,<{key=1;value=1};{key=2;value=2};{key=3;value=6}>,700,1035,1035,,,,9999,6,120,6,{5087=0;5000=0},7360,,,,,,{14=10},{14=11},,{},{},0,{},{y=1066;x=1302},,<<1484;950>;<1458;1036>;<1302;1066>>,{},,FALSE,0,{}
13901,苍星镇,苍星镇,Azuresky Town,Thị trấn Azuresky,창성 마을,Vila Azuresky,เมืองอะซูรสกาย,,<{level=705;unitId=60392;advance=70};{level=705;unitId=63292;advance=70};{level=705;unitId=63281;advance=70}>,<{level=705;unitId=73562;advance=70}>,,1,4,3,20,1,6,1,<>,battle_bgm.mp3,battle/scene/bg_xcdg.jpg,config/big_hero/normal/img_709_xmy@.png,{y=70;x=0},49,,1,,<{key=1;value=1};{key=2;value=2};{key=3;value=6}>,705,1040,1040,,,,9999,6,120,6,{5088=0;5000=0},7570,,,,,,{14=10;13=2},{14=11;13=2},,{},{},1,{},{y=747;x=2071},,<<2071;747>>,{},,FALSE,1,{}
13902,苍星镇,苍星镇,Azuresky Town,Thị trấn Azuresky,창성 마을,Vila Azuresky,เมืองอะซูรสกาย,,<{level=710;unitId=52012;advance=70};{level=710;unitId=50022;advance=70};{level=710;unitId=60593;advance=70};{level=710;unitId=63542;advance=70}>,<{level=710;unitId=73353;advance=70}>,config/portrait/simple/img_671_hjfr@.png,1,4,3,20,1,6,1,<>,battle_bgm.mp3,battle/scene/bg_xcdg.jpg,config/big_hero/normal/img_671_hjfr@.png,{y=70;x=0},49,,1,,<{key=1;value=1};{key=2;value=2};{key=3;value=6}>,710,1045,1045,,,,9999,6,120,6,{5088=0;5000=0},7570,,,,,,{14=10;13=3},{14=11;13=3},,{},{},0,{gold=10000;talent_point=1;rmb=10},{y=540;x=1782},{y=331;x=1747},<<2071;747>;<1914;683>;<1914;581>;<1782;540>>,{},,FALSE,0,{}
13903,苍星镇,苍星镇,Azuresky Town,Thị trấn Azuresky,창성 마을,Vila Azuresky,เมืองอะซูรสกาย,,<{level=715;unitId=60471;advance=70};{level=715;unitId=62012;advance=70};{level=715;unitId=60392;advance=70};{level=715;unitId=63292;advance=70}>,<{level=715;unitId=70891;advance=70}>,,1,4,3,20,1,6,1,<>,battle_bgm.mp3,battle/scene/bg_xcdg.jpg,config/big_hero/normal/img_298_lll@.png,{y=70;x=0},49,,1,,<{key=1;value=1};{key=2;value=2};{key=3;value=6}>,715,1050,1050,,,,9999,6,120,6,{5088=0;5000=0},7570,,,,,,{14=10;13=4},{14=11;13=4},,{},{},0,{},{y=349;x=1417},,<<1782;540>;<1687;478>;<1838;359>;<1747;331>;<1561;289>;<1417;349>>,{},,FALSE,0,{}
13904,苍星镇,苍星镇,Azuresky Town,Thị trấn Azuresky,창성 마을,Vila Azuresky,เมืองอะซูรสกาย,,<{level=720;unitId=60271;advance=70};{level=720;unitId=60602;advance=70};{level=720;unitId=60092;advance=70};{level=720;unitId=62012;advance=70}>,<{level=720;unitId=71813;advance=70}>,config/portrait/simple/img_477_hyml@.png,1,4,3,20,1,6,1,<>,battle_bgm.mp3,battle/scene/bg_xcdg.jpg,config/big_hero/normal/img_477_hyml@.png,{y=70;x=0},49,,1,,<{key=1;value=1};{key=2;value=2};{key=3;value=6}>,720,1055,1055,,,,9999,6,120,6,{5088=0;5000=0},7570,,,,,,{14=10;13=5},{14=11;13=5},,{},{},0,{gold=10000;talent_point=1;rmb=10},{y=345;x=1034},{y=444;x=776},<<1417;349>;<1302;262>;<1034;345>>,{},,FALSE,0,{}
13905,苍星镇,苍星镇,Azuresky Town,Thị trấn Azuresky,창성 마을,Vila Azuresky,เมืองอะซูรสกาย,,<{level=725;unitId=60072;advance=70};{level=725;unitId=61421;advance=70};{level=725;unitId=60692;advance=70}>,<{level=725;unitId=70131;advance=70}>,,1,4,3,20,1,6,1,<>,battle_bgm.mp3,battle/scene/bg_xcdg.jpg,config/big_hero/normal/img_173_pbb@.png,{y=70;x=0},49,,1,,<{key=1;value=1};{key=2;value=2};{key=3;value=6}>,725,1060,1060,,,,9999,6,120,6,{5089=0;5000=0},7570,,,,,,{14=10;13=6},{14=11;13=6},,{},{},1,{},{y=549;x=625},,<<1034;345>;<923;420>;<776;444>;<759;518>;<625;549>>,{},,FALSE,1,{}
13906,苍星镇,苍星镇,Azuresky Town,Thị trấn Azuresky,창성 마을,Vila Azuresky,เมืองอะซูรสกาย,,<{level=730;unitId=53541;advance=70};{level=730;unitId=60092;advance=70};{level=730;unitId=50331;advance=70};{level=730;unitId=60033;advance=70};{level=730;unitId=60461;advance=70}>,<{level=730;unitId=70393;advance=70}>,config/portrait/simple/img_94_gg@.png,1,4,3,20,1,6,1,<>,battle_bgm.mp3,battle/scene/bg_xcdg.jpg,config/big_hero/normal/img_94_gg@.png,{y=70;x=0},49,,1,,<{key=1;value=1};{key=2;value=2};{key=3;value=6}>,730,1065,1065,,,,9999,6,120,6,{5089=0;5000=0},7570,,,,,,{14=10;13=7},{14=11;13=7},,{},{},0,{gold=10000;talent_point=1;rmb=10},{y=631;x=856},{y=663;x=1015},<<625;549>;<770;629>;<856;631>>,{},,FALSE,0,{}
13907,苍星镇,苍星镇,Azuresky Town,Thị trấn Azuresky,창성 마을,Vila Azuresky,เมืองอะซูรสกาย,,<{level=735;unitId=60452;advance=70};{level=735;unitId=61421;advance=70}>,<{level=735;unitId=181392;advance=70}>,,1,4,3,20,1,6,1,<>,battle_bgm.mp3,battle/scene/bg_xcdg.jpg,config/big_hero/normal/img_281_qlla@.png,{y=70;x=0},49,,1,,<{key=1;value=1};{key=2;value=2};{key=3;value=6}>,735,1070,1070,,,,9999,6,120,6,{5089=0;5000=0},7570,,,,,,{14=10;13=8},{14=11;13=8},,{},{},0,{},{y=942;x=971},,<<856;631>;<1015;663>;<971;942>>,{},,FALSE,0,{}
13908,苍星镇,苍星镇,Azuresky Town,Thị trấn Azuresky,창성 마을,Vila Azuresky,เมืองอะซูรสกาย,,<{level=740;unitId=61612;advance=70};{level=740;unitId=60071;advance=70};{level=740;unitId=62301;advance=70};{level=740;unitId=62301;advance=70}>,<{level=740;unitId=71394;advance=70}>,config/portrait/simple/img_475_alld@.png,1,4,3,20,1,6,1,<>,battle_bgm.mp3,battle/scene/bg_xcdg.jpg,config/big_hero/normal/img_475_alld@.png,{y=70;x=0},49,,1,,<{key=1;value=1};{key=2;value=2};{key=3;value=6}>,740,1075,1075,,,,9999,6,120,6,{5090=0;5000=0},7570,,,,,,{14=10;13=9},{14=11;13=9},,{},{},1,{gold=10000;talent_point=1;rmb=10},{y=774;x=1204},{y=788;x=1402},<<971;942>;<1204;774>>,{},,FALSE,1,{}
13909,苍星镇,苍星镇,Azuresky Town,Thị trấn Azuresky,창성 마을,Vila Azuresky,เมืองอะซูรสกาย,,<{level=745;unitId=62482;advance=70};{level=745;unitId=61231;advance=70};{level=745;unitId=61612;advance=70}>,<{level=745;unitId=180263;advance=70}>,,1,4,3,20,1,6,1,<>,battle_bgm.mp3,battle/scene/bg_xcdg.jpg,config/big_hero/normal/img_65_hd@.png,{y=70;x=0},49,,1,,<{key=1;value=1};{key=2;value=2};{key=3;value=6}>,745,1080,1080,,,,9999,6,120,6,{5090=0;5000=0},7570,,,,,,{14=10;13=10},{14=11;13=10},,{},{},0,{},{y=950;x=1484},,<<1204;774>;<1402;788>;<1484;950>>,{},,FALSE,0,{}
13910,苍星镇,苍星镇,Azuresky Town,Thị trấn Azuresky,창성 마을,Vila Azuresky,เมืองอะซูรสกาย,,<{level=750;unitId=51292;advance=70};{level=750;unitId=63341;advance=70};{level=750;unitId=50602;advance=70};{level=750;unitId=61812;advance=70}>,<{level=750;unitId=180761;advance=70}>,config/portrait/simple/img_150_cm@.png,1,4,3,20,1,6,1,<>,battle_bgm.mp3,battle/scene/bg_xcdg.jpg,config/big_hero/normal/img_150_cm@.png,{y=70;x=0},49,,1,,<{key=1;value=1};{key=2;value=2};{key=3;value=6}>,750,1085,1085,,,,9999,6,120,6,{5090=0;5000=0},7570,,,,,,{14=10;13=11},{14=11;13=11},,{},{},0,{},{y=1066;x=1302},,<<1484;950>;<1458;1036>;<1302;1066>>,{},,FALSE,0,{}
14001,松针镇,松针镇,Pinetip Town,Thị trấn Pinetip,송침 마을,Vila Pinetip,เมืองไพน์ทิป,,<{level=755;unitId=60472;advance=70};{level=755;unitId=60132;advance=70};{level=755;unitId=60472;advance=70}>,<{level=755;unitId=72073;advance=70}>,,1,4,3,20,1,6,1,<>,battle_bgm.mp3,battle/scene/bg_xcdg.jpg,config/big_hero/normal/img_405_lqm@.png,{y=70;x=0},50,,1,,<{key=1;value=1};{key=2;value=2};{key=3;value=6}>,755,1090,1090,,,,9999,6,120,6,{5091=0;5000=0},7780,,,,,,{14=11},{14=12},,{},{},1,{},{y=747;x=2071},,<<2071;747>>,{},,FALSE,1,{}
14002,松针镇,松针镇,Pinetip Town,Thị trấn Pinetip,송침 마을,Vila Pinetip,เมืองไพน์ทิป,,<{level=760;unitId=53301;advance=70};{level=760;unitId=61252;advance=70};{level=760;unitId=53301;advance=70};{level=760;unitId=60022;advance=70};{level=760;unitId=60022;advance=70}>,<{level=760;unitId=72683;advance=70}>,config/portrait/simple/img_545_wgw@.png,1,4,3,20,1,6,1,<>,battle_bgm.mp3,battle/scene/bg_xcdg.jpg,config/big_hero/normal/img_545_wgw@.png,{y=70;x=0},50,,1,,<{key=1;value=1};{key=2;value=2};{key=3;value=6}>,760,1095,1095,,,,9999,6,120,6,{5091=0;5000=0},7780,,,,,,{14=11},{14=12},,{},{},0,{gold=10000;talent_point=1;rmb=10},{y=540;x=1782},{y=331;x=1747},<<2071;747>;<1914;683>;<1914;581>;<1782;540>>,{},,FALSE,0,{}
14003,松针镇,松针镇,Pinetip Town,Thị trấn Pinetip,송침 마을,Vila Pinetip,เมืองไพน์ทิป,,<{level=765;unitId=60472;advance=70};{level=765;unitId=60262;advance=70};{level=765;unitId=60472;advance=70};{level=765;unitId=60262;advance=70}>,<{level=765;unitId=71423;advance=70}>,,1,4,3,20,1,6,1,<>,battle_bgm.mp3,battle/scene/bg_xcdg.jpg,config/big_hero/normal/img_289_qjw@.png,{y=70;x=0},50,,1,,<{key=1;value=1};{key=2;value=2};{key=3;value=6}>,765,1100,1100,,,,9999,6,120,6,{5091=0;5000=0},7780,,,,,,{14=11},{14=12},,{},{},0,{},{y=349;x=1417},,<<1782;540>;<1687;478>;<1838;359>;<1747;331>;<1561;289>;<1417;349>>,{},,FALSE,0,{}
14004,松针镇,松针镇,Pinetip Town,Thị trấn Pinetip,송침 마을,Vila Pinetip,เมืองไพน์ทิป,,<{level=770;unitId=60552;advance=70};{level=770;unitId=60552;advance=70};{level=770;unitId=61172;advance=70};{level=770;unitId=61172;advance=70}>,<{level=770;unitId=70463;advance=70}>,config/portrait/simple/img_107_kql@.png,1,4,3,20,1,6,1,<>,battle_bgm.mp3,battle/scene/bg_xcdg.jpg,config/big_hero/normal/img_107_kql@.png,{y=70;x=0},50,,1,,<{key=1;value=1};{key=2;value=2};{key=3;value=6}>,770,1105,1105,,,,9999,6,120,6,{5091=0;5000=0},7780,,,,,,{14=11},{14=12},,{},{},0,{gold=10000;talent_point=1;rmb=10},{y=345;x=1034},{y=444;x=776},<<1417;349>;<1302;262>;<1034;345>>,{},,FALSE,0,{}
14005,松针镇,松针镇,Pinetip Town,Thị trấn Pinetip,송침 마을,Vila Pinetip,เมืองไพน์ทิป,,<{level=775;unitId=60552;advance=70};{level=775;unitId=60792;advance=70};{level=775;unitId=60552;advance=70}>,<{level=775;unitId=73293;advance=70}>,,1,4,3,20,1,6,1,<>,battle_bgm.mp3,battle/scene/bg_xcdg.jpg,config/big_hero/normal/img_655_yhhh@.png,{y=70;x=0},50,,1,,<{key=1;value=1};{key=2;value=2};{key=3;value=6}>,775,1110,1110,,,,9999,6,120,6,{5092=0;5000=0},7780,,,,,,{14=11},{14=12},,{},{},1,{},{y=549;x=625},,<<1034;345>;<923;420>;<776;444>;<759;518>;<625;549>>,{},,FALSE,1,{}
14006,松针镇,松针镇,Pinetip Town,Thị trấn Pinetip,송침 마을,Vila Pinetip,เมืองไพน์ทิป,,<{level=780;unitId=50021;advance=70};{level=780;unitId=60392;advance=70};{level=780;unitId=50021;advance=70};{level=780;unitId=62012;advance=70};{level=780;unitId=62012;advance=70}>,<{level=780;unitId=180771;advance=70}>,config/portrait/simple/img_151_mh@.png,1,4,3,20,1,6,1,<>,battle_bgm.mp3,battle/scene/bg_xcdg.jpg,config/big_hero/normal/img_151_mh@.png,{y=70;x=0},50,,1,,<{key=1;value=1};{key=2;value=2};{key=3;value=6}>,780,1115,1115,,,,9999,6,120,6,{5092=0;5000=0},7780,,,,,,{14=11},{14=12},,{},{},0,{gold=10000;talent_point=1;rmb=10},{y=631;x=856},{y=663;x=1015},<<625;549>;<770;629>;<856;631>>,{},,FALSE,0,{}
14007,松针镇,松针镇,Pinetip Town,Thị trấn Pinetip,송침 마을,Vila Pinetip,เมืองไพน์ทิป,,<{level=785;unitId=60092;advance=70};{level=785;unitId=60592;advance=70};{level=785;unitId=60092;advance=70};{level=785;unitId=60592;advance=70}>,<{level=785;unitId=70273;advance=70}>,,1,4,3,20,1,6,1,<>,battle_bgm.mp3,battle/scene/bg_xcdg.jpg,config/big_hero/normal/img_68_gl@.png,{y=70;x=0},50,,1,,<{key=1;value=1};{key=2;value=2};{key=3;value=6}>,785,1120,1120,,,,9999,6,120,6,{5092=0;5000=0},7780,,,,,,{14=11},{14=12},,{},{},0,{},{y=942;x=971},,<<856;631>;<1015;663>;<971;942>>,{},,FALSE,0,{}
14008,松针镇,松针镇,Pinetip Town,Thị trấn Pinetip,송침 마을,Vila Pinetip,เมืองไพน์ทิป,,<{level=790;unitId=60572;advance=70};{level=790;unitId=60572;advance=70};{level=790;unitId=60603;advance=70};{level=790;unitId=60603;advance=70}>,<{level=790;unitId=71172;advance=70}>,config/portrait/simple/img_229_hlj@.png,1,4,3,20,1,6,1,<>,battle_bgm.mp3,battle/scene/bg_xcdg.jpg,config/big_hero/normal/img_229_hlj@.png,{y=70;x=0},50,,1,,<{key=1;value=1};{key=2;value=2};{key=3;value=6}>,790,1125,1125,,,,9999,6,120,6,{5093=0;5000=0},7780,,,,,,{14=11},{14=12},,{},{},1,{gold=10000;talent_point=1;rmb=10},{y=774;x=1204},{y=788;x=1402},<<971;942>;<1204;774>>,{},,FALSE,1,{}
14009,松针镇,松针镇,Pinetip Town,Thị trấn Pinetip,송침 마을,Vila Pinetip,เมืองไพน์ทิป,,<{level=795;unitId=60793;advance=70};{level=795;unitId=63472;advance=70};{level=795;unitId=60793;advance=70}>,<{level=795;unitId=181903;advance=70}>,,1,4,3,20,1,6,1,<>,battle_bgm.mp3,battle/scene/bg_xcdg.jpg,config/big_hero/normal/img_376_jjg@.png,{y=70;x=0},50,,1,,<{key=1;value=1};{key=2;value=2};{key=3;value=6}>,795,1130,1130,,,,9999,6,120,6,{5093=0;5000=0},7780,,,,,,{14=11},{14=12},,{},{},0,{},{y=950;x=1484},,<<1204;774>;<1402;788>;<1484;950>>,{},,FALSE,0,{}
14010,松针镇,松针镇,Pinetip Town,Thị trấn Pinetip,송침 마을,Vila Pinetip,เมืองไพน์ทิป,,<>,<{level=800;unitId=180264;advance=70}>,config/portrait/simple/img_65_cjhd@.png,1,4,3,20,1,6,1,<>,battle_bgm.mp3,battle/scene/bg_xcdg.jpg,config/big_hero/normal/img_65_cjhd@.png,{y=70;x=0},50,,1,,<{key=1;value=1};{key=2;value=2};{key=3;value=6}>,800,1135,1135,,,,9999,6,120,6,{5093=0;5000=0},7780,,,,,,{14=11},{14=12},,{},{},0,{},{y=1066;x=1302},,<<1484;950>;<1458;1036>;<1302;1066>>,{},,FALSE,0,{}
14101,湖天城,湖天城,Lacuna City,Thành phố Lacuna,호천성,Cidade de Lacuna,เมืองลาคูนา,,<{level=805;unitId=60571;advance=70};{level=805;unitId=62822;advance=70};{level=805;unitId=60461;advance=70}>,<{level=805;unitId=70463;advance=70}>,,1,4,3,20,1,6,1,<>,battle_bgm.mp3,battle/scene/bg_xcdg.jpg,config/big_hero/normal/img_107_kql@.png,{y=70;x=0},51,,1,,<{key=1;value=1};{key=2;value=2};{key=3;value=6}>,805,1140,1140,,,,9999,6,120,6,{5094=0;5000=0},7990,,,,,,{14=11;13=2},{14=12;13=2},,{},{},1,{},{y=747;x=2071},,<<2071;747>>,{},,FALSE,1,{}
14102,湖天城,湖天城,Lacuna City,Thành phố Lacuna,호천성,Cidade de Lacuna,เมืองลาคูนา,,<{level=810;unitId=53293;advance=70};{level=810;unitId=53301;advance=70};{level=810;unitId=60092;advance=70};{level=810;unitId=60302;advance=70}>,<{level=810;unitId=70053;advance=70}>,config/portrait/simple/img_18_dbn@.png,1,4,3,20,1,6,1,<>,battle_bgm.mp3,battle/scene/bg_xcdg.jpg,config/big_hero/normal/img_18_dbn@.png,{y=70;x=0},51,,1,,<{key=1;value=1};{key=2;value=2};{key=3;value=6}>,810,1145,1145,,,,9999,6,120,6,{5094=0;5000=0},7990,,,,,,{14=11;13=2},{14=12;13=2},,{},{},0,{gold=10000;talent_point=1;rmb=10},{y=540;x=1782},{y=331;x=1747},<<2071;747>;<1914;683>;<1914;581>;<1782;540>>,{},,FALSE,0,{}
14103,湖天城,湖天城,Lacuna City,Thành phố Lacuna,호천성,Cidade de Lacuna,เมืองลาคูนา,,<{level=815;unitId=60302;advance=70};{level=815;unitId=60891;advance=70};{level=815;unitId=60001;advance=70};{level=815;unitId=62891;advance=70}>,<{level=815;unitId=71841;advance=70}>,,1,4,3,20,1,6,1,<>,battle_bgm.mp3,battle/scene/bg_xcdg.jpg,config/big_hero/normal/img_359_absl@.png,{y=70;x=0},51,,1,,<{key=1;value=1};{key=2;value=2};{key=3;value=6}>,815,1150,1150,,,,9999,6,120,6,{5094=0;5000=0},7990,,,,,,{14=11;13=2},{14=12;13=2},,{},{},0,{},{y=349;x=1417},,<<1782;540>;<1687;478>;<1838;359>;<1747;331>;<1561;289>;<1417;349>>,{},,FALSE,0,{}
14104,湖天城,湖天城,Lacuna City,Thành phố Lacuna,호천성,Cidade de Lacuna,เมืองลาคูนา,,<{level=820;unitId=60022;advance=70};{level=820;unitId=60172;advance=70};{level=820;unitId=62681;advance=70};{level=820;unitId=63292;advance=70}>,<{level=820;unitId=70003;advance=70}>,config/portrait/simple/img_3_mwh@.png,1,4,3,20,1,6,1,<>,battle_bgm.mp3,battle/scene/bg_xcdg.jpg,config/big_hero/normal/img_3_mwh@.png,{y=70;x=0},51,,1,,<{key=1;value=1};{key=2;value=2};{key=3;value=6}>,820,1155,1155,,,,9999,6,120,6,{5094=0;5000=0},7990,,,,,,{14=11;13=2},{14=12;13=2},,{},{},0,{gold=10000;talent_point=1;rmb=10},{y=345;x=1034},{y=444;x=776},<<1417;349>;<1302;262>;<1034;345>>,{},,FALSE,0,{}
14105,湖天城,湖天城,Lacuna City,Thành phố Lacuna,호천성,Cidade de Lacuna,เมืองลาคูนา,,<{level=825;unitId=60031;advance=70};{level=825;unitId=60372;advance=70};{level=825;unitId=60231;advance=70}>,<{level=825;unitId=70793;advance=70}>,,1,4,3,20,1,6,1,<>,battle_bgm.mp3,battle/scene/bg_xcdg.jpg,config/big_hero/normal/img_157_hbs@.png,{y=70;x=0},51,,1,,<{key=1;value=1};{key=2;value=2};{key=3;value=6}>,825,1160,1160,,,,9999,6,120,6,{5095=0;5000=0},7990,,,,,,{14=11;13=2},{14=12;13=2},,{},{},1,{},{y=549;x=625},,<<1034;345>;<923;420>;<776;444>;<759;518>;<625;549>>,{},,FALSE,1,{}
14106,湖天城,湖天城,Lacuna City,Thành phố Lacuna,호천성,Cidade de Lacuna,เมืองลาคูนา,,<{level=830;unitId=50721;advance=70};{level=830;unitId=60031;advance=70};{level=830;unitId=50133;advance=70};{level=830;unitId=61893;advance=70};{level=830;unitId=60263;advance=70}>,<{level=830;unitId=70593;advance=70}>,config/portrait/simple/img_466_djms@.png,1,4,3,20,1,6,1,<>,battle_bgm.mp3,battle/scene/bg_xcdg.jpg,config/big_hero/normal/img_466_djms@.png,{y=70;x=0},51,,1,,<{key=1;value=1};{key=2;value=2};{key=3;value=6}>,830,1165,1165,,,,9999,6,120,6,{5095=0;5000=0},7990,,,,,,{14=11;13=2},{14=12;13=2},,{},{},0,{gold=10000;talent_point=1;rmb=10},{y=631;x=856},{y=663;x=1015},<<625;549>;<770;629>;<856;631>>,{},,FALSE,0,{}
14107,湖天城,湖天城,Lacuna City,Thành phố Lacuna,호천성,Cidade de Lacuna,เมืองลาคูนา,,<{level=835;unitId=60023;advance=70};{level=835;unitId=60033;advance=70};{level=835;unitId=63001;advance=70};{level=835;unitId=62271;advance=70}>,<{level=835;unitId=70303;advance=70}>,,1,4,3,20,1,6,1,<>,battle_bgm.mp3,battle/scene/bg_xcdg.jpg,config/big_hero/normal/img_75_lls@.png,{y=70;x=0},51,,1,,<{key=1;value=1};{key=2;value=2};{key=3;value=6}>,835,1170,1170,,,,9999,6,120,6,{5095=0;5000=0},7990,,,,,,{14=11;13=2},{14=12;13=2},,{},{},0,{},{y=942;x=971},,<<856;631>;<1015;663>;<971;942>>,{},,FALSE,0,{}
14108,湖天城,湖天城,Lacuna City,Thành phố Lacuna,호천성,Cidade de Lacuna,เมืองลาคูนา,,<{level=840;unitId=60792;advance=70};{level=840;unitId=62303;advance=70};{level=840;unitId=62612;advance=70};{level=840;unitId=63021;advance=70}>,<{level=840;unitId=70133;advance=70}>,config/portrait/simple/img_36_pkx@.png,1,4,3,20,1,6,1,<>,battle_bgm.mp3,battle/scene/bg_xcdg.jpg,config/big_hero/normal/img_36_pkx@.png,{y=70;x=0},51,,1,,<{key=1;value=1};{key=2;value=2};{key=3;value=6}>,840,1175,1175,,,,9999,6,120,6,{5096=0;5000=0},7990,,,,,,{14=11;13=2},{14=12;13=2},,{},{},1,{gold=10000;talent_point=1;rmb=10},{y=774;x=1204},{y=788;x=1402},<<971;942>;<1204;774>>,{},,FALSE,1,{}
14109,湖天城,湖天城,Lacuna City,Thành phố Lacuna,호천성,Cidade de Lacuna,เมืองลาคูนา,,<{level=845;unitId=60332;advance=70};{level=845;unitId=61171;advance=70};{level=845;unitId=63543;advance=70}>,<{level=845;unitId=70173;advance=70}>,,1,4,3,20,1,6,1,<>,battle_bgm.mp3,battle/scene/bg_xcdg.jpg,config/big_hero/normal/img_45_bwh@.png,{y=70;x=0},51,,1,,<{key=1;value=1};{key=2;value=2};{key=3;value=6}>,845,1180,1180,,,,9999,6,120,6,{5096=0;5000=0},7990,,,,,,{14=11;13=2},{14=12;13=2},,{},{},0,{},{y=950;x=1484},,<<1204;774>;<1402;788>;<1484;950>>,{},,FALSE,0,{}
14110,湖天城,湖天城,Lacuna City,Thành phố Lacuna,호천성,Cidade de Lacuna,เมืองลาคูนา,,<{level=850;unitId=50882;advance=70};{level=850;unitId=60491;advance=70};{level=850;unitId=51423;advance=70};{level=850;unitId=60463;advance=70};{level=850;unitId=60352;advance=70}>,<{level=850;unitId=73631;advance=70}>,config/portrait/simple/img_719_dax@.png,1,4,3,20,1,6,1,<>,battle_bgm.mp3,battle/scene/bg_xcdg.jpg,config/big_hero/normal/img_719_dax@.png,{y=70;x=0},51,,1,,<{key=1;value=1};{key=2;value=2};{key=3;value=6}>,850,1185,1185,,,,9999,6,120,6,{5096=0;5000=0},7990,,,,,,{14=11;13=2},{14=12;13=2},,{},{},0,{},{y=1066;x=1302},,<<1484;950>;<1458;1036>;<1302;1066>>,{},,FALSE,0,{}
14201,山葵镇,山葵镇,Wasabi Town,Thị trấn Wasabi,와사비 마을,Vila Wasabi,เมืองวาซาบิ,,<{level=855;unitId=60731;advance=70};{level=855;unitId=62873;advance=70};{level=855;unitId=61901;advance=70}>,<{level=855;unitId=71253;advance=70}>,,1,4,3,20,1,6,1,<>,battle_bgm.mp3,battle/scene/bg_xcdg.jpg,config/big_hero/normal/img_248_bjls@.png,{y=70;x=0},52,,1,,<{key=1;value=1};{key=2;value=2};{key=3;value=6}>,855,1190,1190,,,,9999,6,120,6,{5097=0;5000=0},8200,,,,,,{14=12},{14=13},,{},{},1,{},{y=747;x=2071},,<<2071;747>>,{},,FALSE,1,{}
14202,山葵镇,山葵镇,Wasabi Town,Thị trấn Wasabi,와사비 마을,Vila Wasabi,เมืองวาซาบิ,,<{level=860;unitId=51612;advance=70};{level=860;unitId=51231;advance=70};{level=860;unitId=61611;advance=70};{level=860;unitId=60301;advance=70}>,<{level=860;unitId=72963;advance=70}>,config/portrait/simple/img_601_clg@.png,1,4,3,20,1,6,1,<>,battle_bgm.mp3,battle/scene/bg_xcdg.jpg,config/big_hero/normal/img_601_clg@.png,{y=70;x=0},52,,1,,<{key=1;value=1};{key=2;value=2};{key=3;value=6}>,860,1195,1195,,,,9999,6,120,6,{5097=0;5000=0},8200,,,,,,{14=12},{14=13},,{},{},0,{gold=10000;talent_point=1;rmb=10},{y=540;x=1782},{y=331;x=1747},<<2071;747>;<1914;683>;<1914;581>;<1782;540>>,{},,FALSE,0,{}
14203,山葵镇,山葵镇,Wasabi Town,Thị trấn Wasabi,와사비 마을,Vila Wasabi,เมืองวาซาบิ,,<{level=865;unitId=62962;advance=70};{level=865;unitId=62682;advance=70};{level=865;unitId=61443;advance=70};{level=865;unitId=61353;advance=70}>,<{level=865;unitId=70402;advance=70}>,,1,4,3,20,1,6,1,<>,battle_bgm.mp3,battle/scene/bg_xcdg.jpg,config/big_hero/normal/img_208_dgs@.png,{y=70;x=0},52,,1,,<{key=1;value=1};{key=2;value=2};{key=3;value=6}>,865,1200,1200,,,,9999,6,120,6,{5097=0;5000=0},8200,,,,,,{14=12},{14=13},,{},{},0,{},{y=349;x=1417},,<<1782;540>;<1687;478>;<1838;359>;<1747;331>;<1561;289>;<1417;349>>,{},,FALSE,0,{}
14204,山葵镇,山葵镇,Wasabi Town,Thị trấn Wasabi,와사비 마을,Vila Wasabi,เมืองวาซาบิ,,<{level=870;unitId=60102;advance=70};{level=870;unitId=62872;advance=70};{level=870;unitId=62682;advance=70};{level=870;unitId=62873;advance=70}>,<{level=870;unitId=70493;advance=70}>,config/portrait/simple/img_464_cjkx@.png,1,4,3,20,1,6,1,<>,battle_bgm.mp3,battle/scene/bg_xcdg.jpg,config/big_hero/normal/img_464_cjkx@.png,{y=70;x=0},52,,1,,<{key=1;value=1};{key=2;value=2};{key=3;value=6}>,870,1205,1205,,,,9999,6,120,6,{5097=0;5000=0},8200,,,,,,{14=12},{14=13},,{},{},0,{gold=10000;talent_point=1;rmb=10},{y=345;x=1034},{y=444;x=776},<<1417;349>;<1302;262>;<1034;345>>,{},,FALSE,0,{}
14205,山葵镇,山葵镇,Wasabi Town,Thị trấn Wasabi,와사비 마을,Vila Wasabi,เมืองวาซาบิ,,<{level=875;unitId=60273;advance=70};{level=875;unitId=61302;advance=70};{level=875;unitId=62072;advance=70}>,<{level=875;unitId=71903;advance=70}>,,1,4,3,20,1,6,1,<>,battle_bgm.mp3,battle/scene/bg_xcdg.jpg,config/big_hero/normal/img_376_jjg@.png,{y=70;x=0},52,,1,,<{key=1;value=1};{key=2;value=2};{key=3;value=6}>,875,1210,1210,,,,9999,6,120,6,{5098=0;5000=0},8200,,,,,,{14=12},{14=13},,{},{},1,{},{y=549;x=625},,<<1034;345>;<923;420>;<776;444>;<759;518>;<625;549>>,{},,FALSE,1,{}
14206,山葵镇,山葵镇,Wasabi Town,Thị trấn Wasabi,와사비 마을,Vila Wasabi,เมืองวาซาบิ,,<{level=880;unitId=52683;advance=70};{level=880;unitId=60012;advance=70};{level=880;unitId=52963;advance=70};{level=880;unitId=60632;advance=70};{level=880;unitId=60091;advance=70}>,<{level=880;unitId=70333;advance=70}>,config/portrait/simple/img_462_zbcg@.png,1,4,3,20,1,6,1,<>,battle_bgm.mp3,battle/scene/bg_xcdg.jpg,config/big_hero/normal/img_462_zbcg@.png,{y=70;x=0},52,,1,,<{key=1;value=1};{key=2;value=2};{key=3;value=6}>,880,1215,1215,,,,9999,6,120,6,{5098=0;5000=0},8200,,,,,,{14=12},{14=13},,{},{},0,{gold=10000;talent_point=1;rmb=10},{y=631;x=856},{y=663;x=1015},<<625;549>;<770;629>;<856;631>>,{},,FALSE,0,{}
14207,山葵镇,山葵镇,Wasabi Town,Thị trấn Wasabi,와사비 마을,Vila Wasabi,เมืองวาซาบิ,,<{level=885;unitId=60471;advance=70};{level=885;unitId=60371;advance=70}>,<{level=885;unitId=183413;advance=70}>,,1,4,3,20,1,6,1,<>,battle_bgm.mp3,battle/scene/bg_xcdg.jpg,config/big_hero/normal/img_681_jdjg@.png,{y=70;x=0},52,,1,,<{key=1;value=1};{key=2;value=2};{key=3;value=6}>,885,1220,1220,,,,9999,6,120,6,{5098=0;5000=0},8200,,,,,,{14=12},{14=13},,{},{},0,{},{y=942;x=971},,<<856;631>;<1015;663>;<971;942>>,{},,FALSE,0,{}
14208,山葵镇,山葵镇,Wasabi Town,Thị trấn Wasabi,와사비 마을,Vila Wasabi,เมืองวาซาบิ,,<{level=890;unitId=61071;advance=70};{level=890;unitId=60351;advance=70};{level=890;unitId=62633;advance=70};{level=890;unitId=61901;advance=70}>,<{level=890;unitId=71503;advance=70}>,config/portrait/simple/img_306_bskdl@.png,1,4,3,20,1,6,1,<>,battle_bgm.mp3,battle/scene/bg_xcdg.jpg,config/big_hero/normal/img_306_bskdl@.png,{y=70;x=0},52,,1,,<{key=1;value=1};{key=2;value=2};{key=3;value=6}>,890,1225,1225,,,,9999,6,120,6,{5099=0;5000=0},8200,,,,,,{14=12},{14=13},,{},{},1,{gold=10000;talent_point=1;rmb=10},{y=774;x=1204},{y=788;x=1402},<<971;942>;<1204;774>>,{},,FALSE,1,{}
14209,山葵镇,山葵镇,Wasabi Town,Thị trấn Wasabi,와사비 마을,Vila Wasabi,เมืองวาซาบิ,,<{level=895;unitId=60013;advance=70};{level=895;unitId=61503;advance=70};{level=895;unitId=63341;advance=70}>,<{level=895;unitId=182242;advance=70}>,,1,4,3,20,1,6,1,<>,battle_bgm.mp3,battle/scene/bg_xcdg.jpg,config/big_hero/normal/img_448_lklo@.png,{y=70;x=0},52,,1,,<{key=1;value=1};{key=2;value=2};{key=3;value=6}>,895,1230,1230,,,,9999,6,120,6,{5099=0;5000=0},8200,,,,,,{14=12},{14=13},,{},{},0,{},{y=950;x=1484},,<<1204;774>;<1402;788>;<1484;950>>,{},,FALSE,0,{}
14210,山葵镇,山葵镇,Wasabi Town,Thị trấn Wasabi,와사비 마을,Vila Wasabi,เมืองวาซาบิ,,<{level=900;unitId=52231;advance=70};{level=900;unitId=62231;advance=70};{level=900;unitId=52301;advance=70};{level=900;unitId=60023;advance=70};{level=900;unitId=62073;advance=70}>,<{level=900;unitId=181981;advance=70}>,config/portrait/simple/img_384_lkz@.png,1,4,3,20,1,6,1,<>,battle_bgm.mp3,battle/scene/bg_xcdg.jpg,config/big_hero/normal/img_384_lkz@.png,{y=70;x=0},52,,1,,<{key=1;value=1};{key=2;value=2};{key=3;value=6}>,900,1235,1235,,,,9999,6,120,6,{5099=0;5000=0},8200,,,,,,{14=12},{14=13},,{},{},0,{},{y=1066;x=1302},,<<1484;950>;<1458;1036>;<1302;1066>>,{},,FALSE,0,{}
14301,韵律镇,韵律镇,Rhythm Town,Thị trấn Rhythm,운율 마을,Vila Rhythm,เมืองริทึม,,<{level=905;unitId=60102;advance=70};{level=905;unitId=60542;advance=70};{level=905;unitId=62681;advance=70}>,<{level=905;unitId=70222;advance=70}>,,1,4,3,20,1,6,1,<>,battle_bgm.mp3,battle/scene/bg_xcdg.jpg,config/big_hero/normal/img_55_gdy@.png,{y=70;x=0},53,,1,,<{key=1;value=1};{key=2;value=2};{key=3;value=6}>,905,1240,1240,,,,9999,6,120,6,{5100=0;5000=0},8410,,,,,,{14=12;13=2},{14=13;13=2},,{},{},1,{},{y=747;x=2071},,<<2071;747>>,{},,FALSE,1,{}
14302,韵律镇,韵律镇,Rhythm Town,Thị trấn Rhythm,운율 마을,Vila Rhythm,เมืองริทึม,,<{level=910;unitId=50791;advance=70};{level=910;unitId=50072;advance=70};{level=910;unitId=60803;advance=70};{level=910;unitId=60803;advance=70}>,<{level=910;unitId=73303;advance=70}>,config/portrait/simple/img_658_jhrw@.png,1,4,3,20,1,6,1,<>,battle_bgm.mp3,battle/scene/bg_xcdg.jpg,config/big_hero/normal/img_658_jhrw@.png,{y=70;x=0},53,,1,,<{key=1;value=1};{key=2;value=2};{key=3;value=6}>,910,1245,1245,,,,9999,6,120,6,{5100=0;5000=0},8410,,,,,,{14=12;13=2},{14=13;13=2},,{},{},0,{gold=10000;talent_point=1;rmb=10},{y=540;x=1782},{y=331;x=1747},<<2071;747>;<1914;683>;<1914;581>;<1782;540>>,{},,FALSE,0,{}
14303,韵律镇,韵律镇,Rhythm Town,Thị trấn Rhythm,운율 마을,Vila Rhythm,เมืองริทึม,,<{level=915;unitId=61071;advance=70};{level=915;unitId=62681;advance=70};{level=915;unitId=60572;advance=70};{level=915;unitId=62483;advance=70}>,<{level=915;unitId=70632;advance=70}>,,1,4,3,20,1,6,1,<>,battle_bgm.mp3,battle/scene/bg_xcdg.jpg,config/big_hero/normal/img_130_bll@.png,{y=70;x=0},53,,1,,<{key=1;value=1};{key=2;value=2};{key=3;value=6}>,915,1250,1250,,,,9999,6,120,6,{5100=0;5000=0},8410,,,,,,{14=12;13=2},{14=13;13=2},,{},{},0,{},{y=349;x=1417},,<<1782;540>;<1687;478>;<1838;359>;<1747;331>;<1561;289>;<1417;349>>,{},,FALSE,0,{}
14304,韵律镇,韵律镇,Rhythm Town,Thị trấn Rhythm,운율 마을,Vila Rhythm,เมืองริทึม,,<{level=920;unitId=60111;advance=70};{level=920;unitId=61902;advance=70};{level=920;unitId=60472;advance=70};{level=920;unitId=60803;advance=70}>,<{level=920;unitId=71241;advance=70}>,config/portrait/simple/img_245_sj@.png,1,4,3,20,1,6,1,<>,battle_bgm.mp3,battle/scene/bg_xcdg.jpg,config/big_hero/normal/img_245_sj@.png,{y=70;x=0},53,,1,,<{key=1;value=1};{key=2;value=2};{key=3;value=6}>,920,1255,1255,,,,9999,6,120,6,{5100=0;5000=0},8410,,,,,,{14=12;13=2},{14=13;13=2},,{},{},0,{gold=10000;talent_point=1;rmb=10},{y=345;x=1034},{y=444;x=776},<<1417;349>;<1302;262>;<1034;345>>,{},,FALSE,0,{}
14305,韵律镇,韵律镇,Rhythm Town,Thị trấn Rhythm,운율 마을,Vila Rhythm,เมืองริทึม,,<{level=925;unitId=60333;advance=70};{level=925;unitId=60102;advance=70};{level=925;unitId=60792;advance=70}>,<{level=925;unitId=72233;advance=70}>,,1,4,3,20,1,6,1,<>,battle_bgm.mp3,battle/scene/bg_xcdg.jpg,config/big_hero/normal/img_445_lyls@.png,{y=70;x=0},53,,1,,<{key=1;value=1};{key=2;value=2};{key=3;value=6}>,925,1260,1260,,,,9999,6,120,6,{5101=0;5000=0},8410,,,,,,{14=12;13=2},{14=13;13=2},,{},{},1,{},{y=549;x=625},,<<1034;345>;<923;420>;<776;444>;<759;518>;<625;549>>,{},,FALSE,1,{}
14306,韵律镇,韵律镇,Rhythm Town,Thị trấn Rhythm,운율 마을,Vila Rhythm,เมืองริทึม,,<{level=930;unitId=52481;advance=70};{level=930;unitId=60133;advance=70};{level=930;unitId=52681;advance=70};{level=930;unitId=60493;advance=70};{level=930;unitId=60062;advance=70}>,<{level=930;unitId=71303;advance=70}>,config/portrait/simple/img_257_hyj@.png,1,4,3,20,1,6,1,<>,battle_bgm.mp3,battle/scene/bg_xcdg.jpg,config/big_hero/normal/img_257_hyj@.png,{y=70;x=0},53,,1,,<{key=1;value=1};{key=2;value=2};{key=3;value=6}>,930,1265,1265,,,,9999,6,120,6,{5101=0;5000=0},8410,,,,,,{14=12;13=2},{14=13;13=2},,{},{},0,{gold=10000;talent_point=1;rmb=10},{y=631;x=856},{y=663;x=1015},<<625;549>;<770;629>;<856;631>>,{},,FALSE,0,{}
14307,韵律镇,韵律镇,Rhythm Town,Thị trấn Rhythm,운율 마을,Vila Rhythm,เมืองริทึม,,<{level=935;unitId=60093;advance=70};{level=935;unitId=60262;advance=70}>,<{level=935;unitId=181082;advance=70}>,,1,4,3,20,1,6,1,<>,battle_bgm.mp3,battle/scene/bg_xcdg.jpg,config/big_hero/normal/img_461_mnl@.png,{y=70;x=0},53,,1,,<{key=1;value=1};{key=2;value=2};{key=3;value=6}>,935,1270,1270,,,,9999,6,120,6,{5101=0;5000=0},8410,,,,,,{14=12;13=2},{14=13;13=2},,{},{},0,{},{y=942;x=971},,<<856;631>;<1015;663>;<971;942>>,{},,FALSE,0,{}
14308,韵律镇,韵律镇,Rhythm Town,Thị trấn Rhythm,운율 마을,Vila Rhythm,เมืองริทึม,,<{level=940;unitId=62633;advance=70};{level=940;unitId=60081;advance=70};{level=940;unitId=60272;advance=70};{level=940;unitId=60001;advance=70}>,<{level=940;unitId=73021;advance=70}>,config/portrait/simple/img_615_jhxh@.png,1,4,3,20,1,6,1,<>,battle_bgm.mp3,battle/scene/bg_xcdg.jpg,config/big_hero/normal/img_615_jhxh@.png,{y=70;x=0},53,,1,,<{key=1;value=1};{key=2;value=2};{key=3;value=6}>,940,1275,1275,,,,9999,6,120,6,{5102=0;5000=0},8410,,,,,,{14=12;13=2},{14=13;13=2},,{},{},1,{gold=10000;talent_point=1;rmb=10},{y=774;x=1204},{y=788;x=1402},<<971;942>;<1204;774>>,{},,FALSE,1,{}
14309,韵律镇,韵律镇,Rhythm Town,Thị trấn Rhythm,운율 마을,Vila Rhythm,เมืองริทึม,,<{level=945;unitId=62073;advance=70};{level=945;unitId=63011;advance=70};{level=945;unitId=61261;advance=70}>,<{level=945;unitId=180721;advance=70}>,,1,4,3,20,1,6,1,<>,battle_bgm.mp3,battle/scene/bg_xcdg.jpg,config/big_hero/normal/img_144_jdn@.png,{y=70;x=0},53,,1,,<{key=1;value=1};{key=2;value=2};{key=3;value=6}>,945,1280,1280,,,,9999,6,120,6,{5102=0;5000=0},8410,,,,,,{14=12;13=2},{14=13;13=2},,{},{},0,{},{y=950;x=1484},,<<1204;774>;<1402;788>;<1484;950>>,{},,FALSE,0,{}
14310,韵律镇,韵律镇,Rhythm Town,Thị trấn Rhythm,운율 마을,Vila Rhythm,เมืองริทึม,,<{level=950;unitId=50022;advance=70};{level=950;unitId=60192;advance=70};{level=950;unitId=50023;advance=70};{level=950;unitId=61861;advance=70};{level=950;unitId=60131;advance=70}>,<{level=950;unitId=181961;advance=70}>,config/portrait/simple/img_382_gok@.png,1,4,3,20,1,6,1,<>,battle_bgm.mp3,battle/scene/bg_xcdg.jpg,config/big_hero/normal/img_382_gok@.png,{y=70;x=0},53,,1,,<{key=1;value=1};{key=2;value=2};{key=3;value=6}>,950,1285,1285,,,,9999,6,120,6,{5102=0;5000=0},8410,,,,,,{14=12;13=2},{14=13;13=2},,{},{},0,{},{y=1066;x=1302},,<<1484;950>;<1458;1036>;<1302;1066>>,{},,FALSE,0,{}
14401,斗士镇,斗士镇,Fighter Town,Thị trấn Fighter,투사 마을,Vila Fighter,เมืองไฟท์เตอร์,,<{level=955;unitId=60392;advance=70};{level=955;unitId=63292;advance=70};{level=955;unitId=63281;advance=70}>,<{level=955;unitId=73562;advance=70}>,,1,4,3,20,1,6,1,<>,battle_bgm.mp3,battle/scene/bg_xcdg.jpg,config/big_hero/normal/img_709_xmy@.png,{y=70;x=0},54,,1,,<{key=1;value=1};{key=2;value=2};{key=3;value=6}>,955,1290,1290,,,,9999,6,120,6,{5103=0;5000=0},8620,,,,,,{14=13},{14=14},,{},{},1,{},{y=747;x=2071},,<<2071;747>>,{},,FALSE,1,{}
14402,斗士镇,斗士镇,Fighter Town,Thị trấn Fighter,투사 마을,Vila Fighter,เมืองไฟท์เตอร์,,<{level=960;unitId=52012;advance=70};{level=960;unitId=50022;advance=70};{level=960;unitId=60593;advance=70};{level=960;unitId=63542;advance=70}>,<{level=960;unitId=73353;advance=70}>,config/portrait/simple/img_671_hjfr@.png,1,4,3,20,1,6,1,<>,battle_bgm.mp3,battle/scene/bg_xcdg.jpg,config/big_hero/normal/img_671_hjfr@.png,{y=70;x=0},54,,1,,<{key=1;value=1};{key=2;value=2};{key=3;value=6}>,960,1295,1295,,,,9999,6,120,6,{5103=0;5000=0},8620,,,,,,{14=13},{14=14},,{},{},0,{gold=10000;talent_point=1;rmb=10},{y=540;x=1782},{y=331;x=1747},<<2071;747>;<1914;683>;<1914;581>;<1782;540>>,{},,FALSE,0,{}
14403,斗士镇,斗士镇,Fighter Town,Thị trấn Fighter,투사 마을,Vila Fighter,เมืองไฟท์เตอร์,,<{level=965;unitId=60471;advance=70};{level=965;unitId=62012;advance=70};{level=965;unitId=60392;advance=70};{level=965;unitId=63292;advance=70}>,<{level=965;unitId=70891;advance=70}>,,1,4,3,20,1,6,1,<>,battle_bgm.mp3,battle/scene/bg_xcdg.jpg,config/big_hero/normal/img_298_lll@.png,{y=70;x=0},54,,1,,<{key=1;value=1};{key=2;value=2};{key=3;value=6}>,965,1300,1300,,,,9999,6,120,6,{5103=0;5000=0},8620,,,,,,{14=13},{14=14},,{},{},0,{},{y=349;x=1417},,<<1782;540>;<1687;478>;<1838;359>;<1747;331>;<1561;289>;<1417;349>>,{},,FALSE,0,{}
14404,斗士镇,斗士镇,Fighter Town,Thị trấn Fighter,투사 마을,Vila Fighter,เมืองไฟท์เตอร์,,<{level=970;unitId=60271;advance=70};{level=970;unitId=60602;advance=70};{level=970;unitId=60092;advance=70};{level=970;unitId=62012;advance=70}>,<{level=970;unitId=71813;advance=70}>,config/portrait/simple/img_477_hyml@.png,1,4,3,20,1,6,1,<>,battle_bgm.mp3,battle/scene/bg_xcdg.jpg,config/big_hero/normal/img_477_hyml@.png,{y=70;x=0},54,,1,,<{key=1;value=1};{key=2;value=2};{key=3;value=6}>,970,1305,1305,,,,9999,6,120,6,{5103=0;5000=0},8620,,,,,,{14=13},{14=14},,{},{},0,{gold=10000;talent_point=1;rmb=10},{y=345;x=1034},{y=444;x=776},<<1417;349>;<1302;262>;<1034;345>>,{},,FALSE,0,{}
14405,斗士镇,斗士镇,Fighter Town,Thị trấn Fighter,투사 마을,Vila Fighter,เมืองไฟท์เตอร์,,<{level=975;unitId=60072;advance=70};{level=975;unitId=61421;advance=70};{level=975;unitId=60692;advance=70}>,<{level=975;unitId=70131;advance=70}>,,1,4,3,20,1,6,1,<>,battle_bgm.mp3,battle/scene/bg_xcdg.jpg,config/big_hero/normal/img_173_pbb@.png,{y=70;x=0},54,,1,,<{key=1;value=1};{key=2;value=2};{key=3;value=6}>,975,1310,1310,,,,9999,6,120,6,{5104=0;5000=0},8620,,,,,,{14=13},{14=14},,{},{},1,{},{y=549;x=625},,<<1034;345>;<923;420>;<776;444>;<759;518>;<625;549>>,{},,FALSE,1,{}
14406,斗士镇,斗士镇,Fighter Town,Thị trấn Fighter,투사 마을,Vila Fighter,เมืองไฟท์เตอร์,,<{level=980;unitId=53541;advance=70};{level=980;unitId=60092;advance=70};{level=980;unitId=50331;advance=70};{level=980;unitId=60033;advance=70};{level=980;unitId=60461;advance=70}>,<{level=980;unitId=70393;advance=70}>,config/portrait/simple/img_94_gg@.png,1,4,3,20,1,6,1,<>,battle_bgm.mp3,battle/scene/bg_xcdg.jpg,config/big_hero/normal/img_94_gg@.png,{y=70;x=0},54,,1,,<{key=1;value=1};{key=2;value=2};{key=3;value=6}>,980,1315,1315,,,,9999,6,120,6,{5104=0;5000=0},8620,,,,,,{14=13},{14=14},,{},{},0,{gold=10000;talent_point=1;rmb=10},{y=631;x=856},{y=663;x=1015},<<625;549>;<770;629>;<856;631>>,{},,FALSE,0,{}
14407,斗士镇,斗士镇,Fighter Town,Thị trấn Fighter,투사 마을,Vila Fighter,เมืองไฟท์เตอร์,,<{level=985;unitId=60452;advance=70};{level=985;unitId=61421;advance=70}>,<{level=985;unitId=181392;advance=70}>,,1,4,3,20,1,6,1,<>,battle_bgm.mp3,battle/scene/bg_xcdg.jpg,config/big_hero/normal/img_281_qlla@.png,{y=70;x=0},54,,1,,<{key=1;value=1};{key=2;value=2};{key=3;value=6}>,985,1320,1320,,,,9999,6,120,6,{5104=0;5000=0},8620,,,,,,{14=13},{14=14},,{},{},0,{},{y=942;x=971},,<<856;631>;<1015;663>;<971;942>>,{},,FALSE,0,{}
14408,斗士镇,斗士镇,Fighter Town,Thị trấn Fighter,투사 마을,Vila Fighter,เมืองไฟท์เตอร์,,<{level=990;unitId=61612;advance=70};{level=990;unitId=60071;advance=70};{level=990;unitId=62301;advance=70};{level=990;unitId=62301;advance=70}>,<{level=990;unitId=71394;advance=70}>,config/portrait/simple/img_475_alld@.png,1,4,3,20,1,6,1,<>,battle_bgm.mp3,battle/scene/bg_xcdg.jpg,config/big_hero/normal/img_475_alld@.png,{y=70;x=0},54,,1,,<{key=1;value=1};{key=2;value=2};{key=3;value=6}>,990,1325,1325,,,,9999,6,120,6,{5105=0;5000=0},8620,,,,,,{14=13},{14=14},,{},{},1,{gold=10000;talent_point=1;rmb=10},{y=774;x=1204},{y=788;x=1402},<<971;942>;<1204;774>>,{},,FALSE,1,{}
14409,斗士镇,斗士镇,Fighter Town,Thị trấn Fighter,투사 마을,Vila Fighter,เมืองไฟท์เตอร์,,<{level=995;unitId=62482;advance=70};{level=995;unitId=61231;advance=70};{level=995;unitId=61612;advance=70}>,<{level=995;unitId=180263;advance=70}>,,1,4,3,20,1,6,1,<>,battle_bgm.mp3,battle/scene/bg_xcdg.jpg,config/big_hero/normal/img_65_hd@.png,{y=70;x=0},54,,1,,<{key=1;value=1};{key=2;value=2};{key=3;value=6}>,995,1330,1330,,,,9999,6,120,6,{5105=0;5000=0},8620,,,,,,{14=13},{14=14},,{},{},0,{},{y=950;x=1484},,<<1204;774>;<1402;788>;<1484;950>>,{},,FALSE,0,{}
14410,斗士镇,斗士镇,Fighter Town,Thị trấn Fighter,투사 마을,Vila Fighter,เมืองไฟท์เตอร์,,<{level=1000;unitId=51292;advance=70};{level=1000;unitId=63341;advance=70};{level=1000;unitId=50602;advance=70};{level=1000;unitId=61812;advance=70}>,<{level=1000;unitId=180761;advance=70}>,config/portrait/simple/img_150_cm@.png,1,4,3,20,1,6,1,<>,battle_bgm.mp3,battle/scene/bg_xcdg.jpg,config/big_hero/normal/img_150_cm@.png,{y=70;x=0},54,,1,,<{key=1;value=1};{key=2;value=2};{key=3;value=6}>,1000,1335,1335,,,,9999,6,120,6,{5105=0;5000=0},8620,,,,,,{14=13},{14=14},,{},{},0,{},{y=1066;x=1302},,<<1484;950>;<1458;1036>;<1302;1066>>,{},,FALSE,0,{}
14501,北上镇,北上镇,Kitakami,Kitakami,북신 마을,Kitakami,คิตาคามิ,,<{level=455;unitId=63302;advance=70};{level=455;unitId=63302;advance=70};{level=455;unitId=63302;advance=70}>,<{level=455;unitId=70013;advance=70}>,,1,4,3,20,1,6,1,<>,battle_bgm.mp3,battle/scene/bg_xcdg.jpg,config/big_hero/normal/img_6_phl@.png,{y=70;x=0},55,,1,,<{key=1;value=1};{key=2;value=2};{key=3;value=6}>,455,790,790,,,,9999,6,120,6,{5106=0;5000=0},8830,,,,,,{14=13;13=1},{14=14},,{},{},1,{},{y=747;x=2071},,<<2071;747>>,{},,FALSE,1,{}
14502,北上镇,北上镇,Kitakami,Kitakami,북신 마을,Kitakami,คิตาคามิ,,<{level=460;unitId=52271;advance=70};{level=460;unitId=60272;advance=70};{level=460;unitId=52271;advance=70};{level=460;unitId=60002;advance=70};{level=460;unitId=60002;advance=70}>,<{level=460;unitId=70053;advance=70}>,config/portrait/simple/img_18_dbn@.png,1,4,3,20,1,6,1,<>,battle_bgm.mp3,battle/scene/bg_xcdg.jpg,config/big_hero/normal/img_18_dbn@.png,{y=70;x=0},55,,1,,<{key=1;value=1};{key=2;value=2};{key=3;value=6}>,460,795,795,,,,9999,6,120,6,{5106=0;5000=0},8830,,,,,,{14=13;13=1},{14=14},,{},{},0,{gold=10000;talent_point=1;rmb=10},{y=540;x=1782},{y=331;x=1747},<<2071;747>;<1914;683>;<1914;581>;<1782;540>>,{},,FALSE,0,{}
14503,北上镇,北上镇,Kitakami,Kitakami,북신 마을,Kitakami,คิตาคามิ,,<{level=465;unitId=60092;advance=70};{level=465;unitId=63542;advance=70};{level=465;unitId=60092;advance=70};{level=465;unitId=63542;advance=70}>,<{level=465;unitId=71394;advance=70}>,,1,4,3,20,1,6,1,<>,battle_bgm.mp3,battle/scene/bg_xcdg.jpg,config/big_hero/normal/img_475_alld@.png,{y=70;x=0},55,,1,,<{key=1;value=1};{key=2;value=2};{key=3;value=6}>,465,800,800,,,,9999,6,120,6,{5106=0;5000=0},8830,,,,,,{14=13;13=1},{14=14},,{},{},0,{},{y=349;x=1417},,<<1782;540>;<1687;478>;<1838;359>;<1747;331>;<1561;289>;<1417;349>>,{},,FALSE,0,{}
14504,北上镇,北上镇,Kitakami,Kitakami,북신 마을,Kitakami,คิตาคามิ,,<{level=470;unitId=60792;advance=70};{level=470;unitId=60792;advance=70};{level=470;unitId=60571;advance=70};{level=470;unitId=60571;advance=70}>,<{level=470;unitId=72013;advance=70}>,config/portrait/simple/img_389_ttg@.png,1,4,3,20,1,6,1,<>,battle_bgm.mp3,battle/scene/bg_xcdg.jpg,config/big_hero/normal/img_389_ttg@.png,{y=70;x=0},55,,1,,<{key=1;value=1};{key=2;value=2};{key=3;value=6}>,470,805,805,,,,9999,6,120,6,{5106=0;5000=0},8830,,,,,,{14=13;13=1},{14=14},,{},{},0,{gold=10000;talent_point=1;rmb=10},{y=345;x=1034},{y=444;x=776},<<1417;349>;<1302;262>;<1034;345>>,{},,FALSE,0,{}
14505,北上镇,北上镇,Kitakami,Kitakami,북신 마을,Kitakami,คิตาคามิ,,<{level=475;unitId=63302;advance=70};{level=475;unitId=60262;advance=70};{level=475;unitId=63302;advance=70}>,<{level=475;unitId=70552;advance=70}>,,1,4,3,20,1,6,1,<>,battle_bgm.mp3,battle/scene/bg_xcdg.jpg,config/big_hero/normal/img_121_bshx@.png,{y=70;x=0},55,,1,,<{key=1;value=1};{key=2;value=2};{key=3;value=6}>,475,810,810,,,,9999,6,120,6,{5107=0;5000=0},8830,,,,,,{14=13;13=1},{14=14},,{},{},1,{},{y=549;x=625},,<<1034;345>;<923;420>;<776;444>;<759;518>;<625;549>>,{},,FALSE,1,{}
14506,北上镇,北上镇,Kitakami,Kitakami,북신 마을,Kitakami,คิตาคามิ,,<{level=480;unitId=51421;advance=70};{level=480;unitId=60262;advance=70};{level=480;unitId=51421;advance=70};{level=480;unitId=60593;advance=70};{level=480;unitId=60593;advance=70}>,<{level=480;unitId=180333;advance=70}>,config/portrait/simple/img_462_zbcg@.png,1,4,3,20,1,6,1,<>,battle_bgm.mp3,battle/scene/bg_xcdg.jpg,config/big_hero/normal/img_462_zbcg@.png,{y=70;x=0},55,,1,,<{key=1;value=1};{key=2;value=2};{key=3;value=6}>,480,815,815,,,,9999,6,120,6,{5107=0;5000=0},8830,,,,,,{14=13;13=1},{14=14},,{},{},0,{gold=10000;talent_point=1;rmb=10},{y=631;x=856},{y=663;x=1015},<<625;549>;<770;629>;<856;631>>,{},,FALSE,0,{}
14507,北上镇,北上镇,Kitakami,Kitakami,북신 마을,Kitakami,คิตาคามิ,,<{level=485;unitId=61422;advance=70};{level=485;unitId=60002;advance=70};{level=485;unitId=61422;advance=70};{level=485;unitId=60002;advance=70}>,<{level=485;unitId=70464;advance=70}>,,1,4,3,20,1,6,1,<>,battle_bgm.mp3,battle/scene/bg_xcdg.jpg,config/big_hero/normal/img_237_zwl@.png,{y=70;x=0},55,,1,,<{key=1;value=1};{key=2;value=2};{key=3;value=6}>,485,820,820,,,,9999,6,120,6,{5107=0;5000=0},8830,,,,,,{14=13;13=1},{14=14},,{},{},0,{},{y=942;x=971},,<<856;631>;<1015;663>;<971;942>>,{},,FALSE,0,{}
14508,北上镇,北上镇,Kitakami,Kitakami,북신 마을,Kitakami,คิตาคามิ,,<{level=490;unitId=60072;advance=70};{level=490;unitId=60072;advance=70};{level=490;unitId=60692;advance=70};{level=490;unitId=60692;advance=70}>,<{level=490;unitId=70793;advance=70}>,config/portrait/simple/img_157_hbs@.png,1,4,3,20,1,6,1,<>,battle_bgm.mp3,battle/scene/bg_xcdg.jpg,config/big_hero/normal/img_157_hbs@.png,{y=70;x=0},55,,1,,<{key=1;value=1};{key=2;value=2};{key=3;value=6}>,490,825,825,,,,9999,6,120,6,{5108=0;5000=0},8830,,,,,,{14=13;13=1},{14=14},,{},{},1,{gold=10000;talent_point=1;rmb=10},{y=774;x=1204},{y=788;x=1402},<<971;942>;<1204;774>>,{},,FALSE,1,{}
14509,北上镇,北上镇,Kitakami,Kitakami,북신 마을,Kitakami,คิตาคามิ,,<{level=495;unitId=63302;advance=70};{level=495;unitId=60333;advance=70};{level=495;unitId=63302;advance=70}>,<{level=495;unitId=181303;advance=70}>,,1,4,3,20,1,6,1,<>,battle_bgm.mp3,battle/scene/bg_xcdg.jpg,config/big_hero/normal/img_257_hyj@.png,{y=70;x=0},55,,1,,<{key=1;value=1};{key=2;value=2};{key=3;value=6}>,495,830,830,,,,9999,6,120,6,{5108=0;5000=0},8830,,,,,,{14=13;13=1},{14=14},,{},{},0,{},{y=950;x=1484},,<<1204;774>;<1402;788>;<1484;950>>,{},,FALSE,0,{}
14510,北上镇,北上镇,Kitakami,Kitakami,북신 마을,Kitakami,คิตาคามิ,,<>,<{level=500;unitId=180753;advance=70}>,config/portrait/simple/img_149_kl@.png,1,4,3,20,1,6,1,<>,battle_bgm.mp3,battle/scene/bg_xcdg.jpg,config/big_hero/normal/img_149_kl@.png,{y=70;x=0},55,,1,,<{key=1;value=1};{key=2;value=2};{key=3;value=6}>,500,835,835,,,,9999,6,120,6,{5108=0;5000=0},8830,,,,,,{14=13;13=1},{14=14},,{},{},0,{},{y=1066;x=1302},,<<1484;950>;<1458;1036>;<1302;1066>>,{},,FALSE,0,{}
20101,真新镇,真新鎮,Pallet Town,Thị trấn Pallet,태초마을,Cidade de Pallet,เมืองมาซาระ,,<{level=6;unitId=53301;advance=1};{level=6;unitId=60133;advance=1};{level=6;unitId=53301;advance=1};{level=6;unitId=62482;advance=1};{level=6;unitId=62482;advance=1}>,<{level=6;unitId=70783;advance=2}>,config/portrait/jinglingtouxiang1/img_154_dzk@.png,1,5,2,20,1,6,1,<>,battle_bgm.mp3,battle/scene/bg_xcdg.jpg,config/big_hero/normal/img_154_dzk@.png,{y=70;x=0},111,,1,,<{key=1;value=1};{key=2;value=2};{key=3;value=6}>,6,26,26,,,,9,12,80,12,{20781=0;100=0;5000=0},875,,,,,,{11=2},{11=4},,{},{},1,{gold=12000;talent_point=1;rmb=20},{y=936;x=966},{y=736;x=736},<<966;936>>,{},,FALSE,0,{}
20102,真新镇,真新鎮,Pallet Town,Thị trấn Pallet,태초마을,Cidade de Pallet,เมืองมาซาระ,,<{level=8;unitId=60472;advance=1};{level=8;unitId=60472;advance=1};{level=8;unitId=63472;advance=1};{level=8;unitId=63472;advance=1}>,<{level=8;unitId=72483;advance=2}>,config/portrait/jinglingtouxiang1/img_500_yww@.png,1,5,2,20,1,6,1,<>,battle_bgm.mp3,battle/scene/bg_zz.jpg,config/big_hero/normal/img_500_yww@.png,{y=70;x=0},111,,1,,<{key=1;value=1};{key=2;value=2};{key=3;value=6}>,8,32,32,,,,9,12,80,12,{22481=0;100=0;5000=0},875,,,,,,{11=2},{11=4},,{},{},1,{gold=12000;talent_point=1;rmb=20},{y=600;x=1200},{y=582;x=1408},<<966;936>;<736;736>;<1200;600>>,{},,FALSE,0,{}
20103,真新镇,真新鎮,Pallet Town,Thị trấn Pallet,태초마을,Cidade de Pallet,เมืองมาซาระ,,<{level=9;unitId=61353;advance=1};{level=9;unitId=60482;advance=1};{level=9;unitId=61353;advance=1};{level=9;unitId=60482;advance=1}>,<{level=9;unitId=180003;advance=2}>,config/portrait/jinglingtouxiang1/img_3_mwh@.png,1,5,2,20,1,6,1,<>,battle_bgm.mp3,battle/scene/bg_xcdg.jpg,config/big_hero/normal/img_3_mwh@.png,{y=70;x=0},111,,1,,<{key=1;value=1};{key=2;value=2};{key=3;value=6}>,9,41,41,,,,9,12,80,12,{20001=0;100=0;5000=0},875,,,,,,{11=2},{11=4},,{},{},1,{},{y=742;x=1918},,<<1200;600>;<1408;582>;<1918;742>>,{},,FALSE,0,{}
20201,神秘部落,神秘部落,Mysterious Tribe,Bộ lạc Bí ẩn,신비한 부족,Tribo Misteriosa,เผ่าลึกลับ,,<{level=12;unitId=63302;advance=2};{level=12;unitId=60062;advance=2};{level=12;unitId=63302;advance=2}>,<{level=12;unitId=70472;advance=3}>,config/portrait/jinglingtouxiang1/img_463_dst@.png,1,5,2,20,1,6,1,<>,battle_bgm.mp3,battle/scene/bg_xcdg.jpg,config/big_hero/normal/img_463_dst@.png,{y=70;x=0},112,,1,,<{key=1;value=1};{key=2;value=2};{key=3;value=6}>,12,48,48,,,,9,12,80,12,{20471=0;100=0;5000=0},910,,,,,,{11=4},{11=6},,{},{},1,{gold=12000;talent_point=1;rmb=20},{y=273;x=1398},{y=601;x=763},<<1398;273>>,{},,FALSE,0,{}
20202,神秘部落,神秘部落,Mysterious Tribe,Bộ lạc Bí ẩn,신비한 부족,Tribo Misteriosa,เผ่าลึกลับ,,<{level=13;unitId=51612;advance=2};{level=13;unitId=60053;advance=2};{level=13;unitId=51612;advance=2};{level=13;unitId=60053;advance=2};{level=13;unitId=60053;advance=2}>,<{level=13;unitId=70093;advance=3}>,config/portrait/jinglingtouxiang1/img_26_lq@.png,1,5,2,20,1,6,1,<>,battle_bgm.mp3,battle/scene/bg_zz.jpg,config/big_hero/normal/img_26_lq@.png,{y=70;x=0},112,,1,,<{key=1;value=1};{key=2;value=2};{key=3;value=6}>,13,55,55,,,,9,12,80,12,{100=0;20091=0;5000=0},910,,,,,,{11=4},{11=6},,{},{},1,{gold=12000;talent_point=1;rmb=20},{y=834;x=815},{y=909;x=1424},<<1398;273>;<1273;329>;<1099;383>;<763;601>;<639;697>;<815;834>>,{},,FALSE,0,{}
20203,神秘部落,神秘部落,Mysterious Tribe,Bộ lạc Bí ẩn,신비한 부족,Tribo Misteriosa,เผ่าลึกลับ,,<{level=14;unitId=61172;advance=2};{level=14;unitId=61172;advance=2};{level=14;unitId=62012;advance=2};{level=14;unitId=62012;advance=2}>,<{level=14;unitId=180333;advance=3}>,config/portrait/jinglingtouxiang1/img_462_zbcg@.png,1,5,2,20,1,6,1,<>,battle_bgm.mp3,battle/scene/bg_xcdg.jpg,config/big_hero/normal/img_462_zbcg@.png,{y=70;x=0},112,,1,,<{key=1;value=1};{key=2;value=2};{key=3;value=6}>,14,64,64,,,,9,12,80,12,{20331=0;100=0;5000=0},910,,,,,,{11=4},{11=6},,{},{},1,{},{y=963;x=1760},,<<815;834>;<1052;901>;<1159;1018>;<1257;1052>;<1373;1085>;<1552;998>;<1424;909>;<1442;818>;<1554;801>;<1725;871>;<1760;963>>,{},,FALSE,0,{}
20301,废弃城市,廢棄城市,Abandoned City,Thành phố Bị bỏ hoang,버려진 도시,Cidade Abandonada,เมืองร้าง,,<{level=15;unitId=60603;advance=2};{level=15;unitId=60392;advance=2};{level=15;unitId=60603;advance=2};{level=15;unitId=60392;advance=2}>,<{level=15;unitId=70053;advance=3}>,config/portrait/jinglingtouxiang1/img_18_dbn@.png,1,5,2,20,1,6,1,<>,battle_bgm.mp3,battle/scene/bg_xcdg.jpg,config/big_hero/normal/img_18_dbn@.png,{y=70;x=0},113,,1,,<{key=1;value=1};{key=2;value=2};{key=3;value=6}>,15,70,70,,,,9,12,80,12,{20051=0;100=0;5000=0},945,,,,,,{12=2},{11=2;12=2},,{},{},1,{gold=12000;talent_point=1;rmb=20},{y=623;x=1992},{y=345;x=1519},<<1992;623>>,{},,FALSE,0,{}
20302,废弃城市,廢棄城市,Abandoned City,Thành phố Bị bỏ hoang,버려진 도시,Cidade Abandonada,เมืองร้าง,,<{level=17;unitId=62012;advance=2};{level=17;unitId=60262;advance=2};{level=17;unitId=62012;advance=2}>,<{level=17;unitId=70273;advance=3}>,config/portrait/jinglingtouxiang1/img_68_gl@.png,1,5,2,20,1,6,1,<>,battle_bgm.mp3,battle/scene/bg_xcdg.jpg,config/big_hero/normal/img_68_gl@.png,{y=70;x=0},113,,1,,<{key=1;value=1};{key=2;value=2};{key=3;value=6}>,17,75,75,,,,9,12,80,12,{5000=0;100=0;20271=0},945,,,,,,{12=2},{11=2;12=2},,{},{},1,{gold=12000;talent_point=1;rmb=20},{y=412;x=1226},{y=559;x=676},<<1992;623>;<1785;424>;<1519;345>;<1226;412>>,{},,FALSE,0,{}
20303,废弃城市,廢棄城市,Abandoned City,Thành phố Bị bỏ hoang,버려진 도시,Cidade Abandonada,เมืองร้าง,,<{level=18;unitId=50262;advance=2};{level=18;unitId=60272;advance=2};{level=18;unitId=50262;advance=2};{level=18;unitId=63472;advance=2};{level=18;unitId=63472;advance=2}>,<{level=18;unitId=70023;advance=3}>,config/portrait/jinglingtouxiang1/img_9_sjg@.png,1,5,2,20,1,6,1,<>,battle_bgm.mp3,battle/scene/bg_xcdg.jpg,config/big_hero/normal/img_9_sjg@.png,{y=70;x=0},113,,1,,<{key=1;value=1};{key=2;value=2};{key=3;value=6}>,18,80,80,,,,9,12,80,12,{5000=0;100=0;20021=0},945,,,,,,{12=2},{11=2;12=2},,{},{},1,{gold=12000;talent_point=1;rmb=20},{y=646;x=500},{y=830;x=963},<<1226;412>;<985;442>;<676;559>;<500;646>>,{},,FALSE,0,{}
20304,废弃城市,廢棄城市,Abandoned City,Thành phố Bị bỏ hoang,버려진 도시,Cidade Abandonada,เมืองร้าง,,<{level=19;unitId=60133;advance=2};{level=19;unitId=60133;advance=2};{level=19;unitId=63542;advance=2};{level=19;unitId=63542;advance=2}>,<{level=19;unitId=183543;advance=3}>,config/portrait/jinglingtouxiang1/img_706_nml@.png,1,5,2,20,1,6,1,<>,battle_bgm.mp3,battle/scene/bg_xcdg.jpg,config/big_hero/normal/img_706_nml@.png,{y=70;x=0},113,,1,,<{key=1;value=1};{key=2;value=2};{key=3;value=6}>,19,85,85,,,,9,12,80,12,{23541=0;100=0;5000=0},945,,,,,,{12=2},{11=2;12=2},,{},{},1,{},{y=940;x=1370},,<<500;646>;<646;730>;<676;896>;<883;976>;<985;915>;<963;830>;<1192;788>;<1370;772>;<1522;853>;<1370;940>>,{},,FALSE,0,{}
20401,度假岛,度假島,Resort Island,Đảo Nghỉ dưỡng,휴양섬,Ilha Resort,เกาะพักร้อน,,<{level=20;unitId=60393;advance=2};{level=20;unitId=60602;advance=2};{level=20;unitId=60393;advance=2};{level=20;unitId=60602;advance=2}>,<{level=20;unitId=73342;advance=3}>,config/portrait/jinglingtouxiang1/img_668_hys@.png,1,5,2,20,1,6,1,<>,battle_bgm.mp3,battle/scene/bg_xcdg.jpg,config/big_hero/normal/img_668_hys@.png,{y=70;x=0},114,,1,,<{key=1;value=1};{key=2;value=2};{key=3;value=6}>,20,90,90,,,,9,12,80,12,{23341=0;100=0;5000=0},980,,,,,,{11=2;12=2},{11=4;12=2},,{},{},1,{gold=12000;talent_point=1;rmb=20},{y=1125;x=1075},{y=954;x=1161},<<1075;1125>>,{},,FALSE,0,{}
20402,度假岛,度假島,Resort Island,Đảo Nghỉ dưỡng,휴양섬,Ilha Resort,เกาะพักร้อน,,<{level=22;unitId=60602;advance=3}>,<{level=22;unitId=73293;advance=4}>,config/portrait/jinglingtouxiang1/img_655_yhhh@.png,1,5,2,20,1,6,1,<>,battle_bgm.mp3,battle/scene/bg_xcdg.jpg,config/big_hero/normal/img_655_yhhh@.png,{y=70;x=0},114,,1,,<{key=1;value=1};{key=2;value=2};{key=3;value=6}>,22,95,95,,,,9,12,80,12,{23291=0;100=0;5000=0},980,,,,,,{11=2;12=2},{11=4;12=2},,{},{},1,{gold=12000;talent_point=1;rmb=20},{y=842;x=703},{y=421;x=703},<<1075;1125>;<1375;1036>;<1161;954>;<855;799>;<703;842>>,{},,FALSE,0,{}
20403,度假岛,度假島,Resort Island,Đảo Nghỉ dưỡng,휴양섬,Ilha Resort,เกาะพักร้อน,,<{level=23;unitId=50331;advance=3};{level=23;unitId=60331;advance=3};{level=23;unitId=50331;advance=3};{level=23;unitId=60692;advance=3};{level=23;unitId=60692;advance=3}>,<{level=23;unitId=70013;advance=4}>,config/portrait/jinglingtouxiang1/img_6_phl@.png,1,5,2,20,1,6,1,<>,battle_bgm.mp3,battle/scene/bg_xcdg.jpg,config/big_hero/normal/img_6_phl@.png,{y=70;x=0},114,,1,,<{key=1;value=1};{key=2;value=2};{key=3;value=6}>,23,100,100,,,,9,12,80,12,{5000=0;100=0;20011=0},980,,,,,,{11=2;12=2},{11=4;12=2},,{},{},1,{gold=12000;talent_point=1;rmb=20},{y=268;x=1010},{y=451;x=1510},<<703;842>;<895;663>;<719;532>;<703;421>;<734;280>;<1010;268>>,{},,FALSE,0,{}
20404,度假岛,度假島,Resort Island,Đảo Nghỉ dưỡng,휴양섬,Ilha Resort,เกาะพักร้อน,,<{level=24;unitId=60472;advance=3};{level=24;unitId=60472;advance=3};{level=24;unitId=60133;advance=3};{level=24;unitId=60133;advance=3}>,<{level=24;unitId=180603;advance=4}>,config/portrait/jinglingtouxiang1/img_467_yzys@.png,1,5,2,20,1,6,1,<>,battle_bgm.mp3,battle/scene/bg_xcdg.jpg,config/big_hero/normal/img_467_yzys@.png,{y=70;x=0},114,,1,,<{key=1;value=1};{key=2;value=2};{key=3;value=6}>,24,105,105,,,,9,12,80,12,{100=0;20601=0;5000=0},980,,,,,,{11=2;12=2},{11=4;12=2},,{},{},1,{},{y=620;x=1907},,<<1010;268>;<1331;343>;<1510;451>;<1637;576>;<1907;620>>,{},,FALSE,0,{}
20501,砂石镇,砂石鎮,Sandstone Town,Thị trấn Cát Sỏi,모래돌 마을,Vila Sandstone,เมืองหินทราย,,<{level=25;unitId=60482;advance=3};{level=25;unitId=60603;advance=3};{level=25;unitId=60482;advance=3};{level=25;unitId=60603;advance=3}>,<{level=25;unitId=70464;advance=4}>,config/portrait/jinglingtouxiang1/img_237_zwl@.png,1,5,2,20,1,6,1,<>,battle_bgm.mp3,battle/scene/bg_xcdg.jpg,config/big_hero/normal/img_237_zwl@.png,{y=70;x=0},115,,1,,<{key=1;value=1};{key=2;value=2};{key=3;value=6}>,25,115,115,,,,9,12,80,12,{20461=0;100=0;5000=0},1015,,,,,,{11=4;12=2},{11=2;12=4},,{},{},1,{gold=12000;talent_point=1;rmb=20},{y=824;x=443},{y=582;x=579},<<443;824>>,{},,FALSE,0,{}
20502,砂石镇,砂石鎮,Sandstone Town,Thị trấn Cát Sỏi,모래돌 마을,Vila Sandstone,เมืองหินทราย,,<{level=26;unitId=60572;advance=4};{level=26;unitId=61352;advance=4};{level=26;unitId=60572;advance=4}>,<{level=26;unitId=70131;advance=5}>,config/portrait/jinglingtouxiang1/img_173_pbb@.png,1,5,2,20,1,6,1,<>,battle_bgm.mp3,battle/scene/bg_xcdg.jpg,config/big_hero/normal/img_173_pbb@.png,{y=70;x=0},115,,1,,<{key=1;value=1};{key=2;value=2};{key=3;value=6}>,26,122,122,,,,9,12,80,12,{20131=0;100=0;5000=0},1015,,,,,,{11=4;12=2},{11=2;12=4},,{},{},1,{gold=12000;talent_point=1;rmb=20},{y=484;x=876},{y=298;x=1442},<<443;824>;<740;675>;<579;582>;<876;484>>,{},,FALSE,0,{}
20503,砂石镇,砂石鎮,Sandstone Town,Thị trấn Cát Sỏi,모래돌 마을,Vila Sandstone,เมืองหินทราย,,<{level=27;unitId=53281;advance=4};{level=27;unitId=60571;advance=4};{level=27;unitId=53281;advance=4};{level=27;unitId=63282;advance=4};{level=27;unitId=63282;advance=4}>,<{level=27;unitId=180263;advance=5}>,config/portrait/jinglingtouxiang1/img_65_hd@.png,1,5,2,20,1,6,1,<>,battle_bgm.mp3,battle/scene/bg_xcdg.jpg,config/big_hero/normal/img_65_hd@.png,{y=70;x=0},115,,1,,<{key=1;value=1};{key=2;value=2};{key=3;value=6}>,27,129,129,,,,9,12,80,12,{20261=0;100=0;5000=0},1015,,,,,,{11=4;12=2},{11=2;12=4},,{},{},1,{gold=12000;talent_point=1;rmb=20},{y=444;x=1573},{y=758;x=1383},<<876;484>;<1164;372>;<1442;298>;<1573;444>>,{},,FALSE,0,{}
20504,砂石镇,砂石鎮,Sandstone Town,Thị trấn Cát Sỏi,모래돌 마을,Vila Sandstone,เมืองหินทราย,,<{level=28;unitId=60043;advance=4};{level=28;unitId=60043;advance=4};{level=28;unitId=63282;advance=4};{level=28;unitId=63282;advance=4}>,<{level=28;unitId=70283;advance=5}>,config/portrait/jinglingtouxiang1/img_71_dsh@.png,1,5,2,20,1,6,1,<>,battle_bgm.mp3,battle/scene/bg_xcdg.jpg,config/big_hero/normal/img_71_dsh@.png,{y=70;x=0},115,,1,,<{key=1;value=1};{key=2;value=2};{key=3;value=6}>,28,136,136,,,,9,12,80,12,{20281=0;100=0;5000=0},1015,,,,,,{11=4;12=2},{11=2;12=4},,{},{},1,{gold=12000;talent_point=1;rmb=20},{y=856;x=1161},{y=942;x=1573},<<1573;444>;<1459;551>;<1543;665>;<1383;758>;<1161;856>>,{},,FALSE,0,{}
20505,砂石镇,砂石鎮,Sandstone Town,Thị trấn Cát Sỏi,모래돌 마을,Vila Sandstone,เมืองหินทราย,,<{level=29;unitId=60571;advance=4};{level=29;unitId=63542;advance=4};{level=29;unitId=60571;advance=4};{level=29;unitId=63542;advance=4}>,<{level=29;unitId=183353;advance=5}>,config/portrait/jinglingtouxiang1/img_671_hjfr@.png,1,5,2,20,1,6,1,<>,battle_bgm.mp3,battle/scene/bg_xcdg.jpg,config/big_hero/normal/img_671_hjfr@.png,{y=70;x=0},115,,1,,<{key=1;value=1};{key=2;value=2};{key=3;value=6}>,29,143,143,,,,9,12,80,12,{23351=0;100=0;5000=0},1015,,,,,,{11=4;12=2},{11=2;12=4},,{},{},1,{},{y=631;x=2044},,<<1161;856>;<1189;984>;<1364;1050>;<1573;942>;<1716;870>;<2044;631>>,{},,FALSE,0,{}
20601,雪原,雪原,Snowfield,Cánh đồng Tuyết,설원,Campo de Neve,ทุ่งหิมะ,,<{level=30;unitId=60043;advance=4};{level=30;unitId=60262;advance=4};{level=30;unitId=60043;advance=4}>,<{level=30;unitId=71612;advance=5}>,config/portrait/jinglingtouxiang1/img_323_pht@.png,1,5,2,20,1,6,1,<>,battle_bgm.mp3,battle/scene/bg_xcdg.jpg,config/big_hero/normal/img_323_pht@.png,{y=70;x=0},116,,1,,<{key=1;value=1};{key=2;value=2};{key=3;value=6}>,30,153,153,,,,9,12,80,12,{21611=0;100=0;5000=0},1050,,,,,,{12=4},{11=4;12=4},,{},{},1,{gold=12000;talent_point=1;rmb=20},{y=759;x=377},{y=935;x=906},<<377;759>>,{},,FALSE,0,{}
20602,雪原,雪原,Snowfield,Cánh đồng Tuyết,설원,Campo de Neve,ทุ่งหิมะ,,<{level=31;unitId=53471;advance=5};{level=31;unitId=60692;advance=5};{level=31;unitId=53471;advance=5};{level=31;unitId=60012;advance=5};{level=31;unitId=60012;advance=5}>,<{level=31;unitId=70803;advance=6}>,config/portrait/jinglingtouxiang1/img_160_dle@.png,1,5,2,20,1,6,1,<>,battle_bgm.mp3,battle/scene/bg_xcdg.jpg,config/big_hero/normal/img_160_dle@.png,{y=70;x=0},116,,1,,<{key=1;value=1};{key=2;value=2};{key=3;value=6}>,31,160,160,,,,9,12,80,12,{20801=0;100=0;5000=0},1050,,,,,,{12=4},{11=4;12=4},,{},{},1,{gold=12000;talent_point=1;rmb=20},{y=561;x=827},{y=321;x=1285},<<377;759>;<665;764>;<906;935>;<827;561>>,{},,FALSE,0,{}
20603,雪原,雪原,Snowfield,Cánh đồng Tuyết,설원,Campo de Neve,ทุ่งหิมะ,,<{level=32;unitId=63472;advance=5};{level=32;unitId=63472;advance=5};{level=32;unitId=60331;advance=5};{level=32;unitId=60331;advance=5}>,<{level=32;unitId=180572;advance=6}>,config/portrait/jinglingtouxiang1/img_212_jqtl@.png,1,5,2,20,1,6,1,<>,battle_bgm.mp3,battle/scene/bg_xcdg.jpg,config/big_hero/normal/img_212_jqtl@.png,{y=70;x=0},116,,1,,<{key=1;value=1};{key=2;value=2};{key=3;value=6}>,32,167,167,,,,9,12,80,12,{100=0;20571=0;5000=0},1050,,,,,,{12=4},{11=4;12=4},,{},{},1,{gold=12000;talent_point=1;rmb=20},{y=340;x=1501},{y=704;x=1127},<<827;561>;<1067;325>;<1285;321>;<1501;340>>,{},,FALSE,0,{}
20604,雪原,雪原,Snowfield,Cánh đồng Tuyết,설원,Campo de Neve,ทุ่งหิมะ,,<{level=33;unitId=60043;advance=5};{level=33;unitId=61352;advance=5};{level=33;unitId=60043;advance=5};{level=33;unitId=61352;advance=5}>,<{level=33;unitId=70482;advance=6}>,config/portrait/jinglingtouxiang1/img_110_sdws@.png,1,5,2,20,1,6,1,<>,battle_bgm.mp3,battle/scene/bg_xcdg.jpg,config/big_hero/normal/img_110_sdws@.png,{y=70;x=0},116,,1,,<{key=1;value=1};{key=2;value=2};{key=3;value=6}>,33,174,174,,,,9,12,80,12,{100=0;20481=0;5000=0},1050,,,,,,{12=4},{11=4;12=4},,{},{},1,{gold=12000;talent_point=1;rmb=20},{y=676;x=1563},{y=694;x=2031},<<1501;340>;<1327;550>;<1108;620>;<1127;704>;<1363;741>;<1563;676>>,{},,FALSE,0,{}
20605,雪原,雪原,Snowfield,Cánh đồng Tuyết,설원,Campo de Neve,ทุ่งหิมะ,,<{level=34;unitId=62482;advance=5};{level=34;unitId=61172;advance=5};{level=34;unitId=62482;advance=5}>,<{level=34;unitId=180393;advance=6}>,config/portrait/jinglingtouxiang1/img_94_gg@.png,1,5,2,20,1,6,1,<>,battle_bgm.mp3,battle/scene/bg_xcdg.jpg,config/big_hero/normal/img_94_gg@.png,{y=70;x=0},116,,1,,<{key=1;value=1};{key=2;value=2};{key=3;value=6}>,34,181,181,,,,9,12,80,12,{20391=0;100=0;5000=0},1050,,,,,,{12=4},{11=4;12=4},,{},{},1,{},{y=968;x=1886},,<<1563;676>;<1727;688>;<1887;688>;<2031;694>;<2115;862>;<1867;896>;<1886;968>>,{},,FALSE,0,{}
20701,波尼岛,波尼島,Poni Island,Đảo Poni,포니섬,Ilha Poni,เกาะโพนี,,<{level=35;unitId=53282;advance=5};{level=35;unitId=60793;advance=5};{level=35;unitId=53282;advance=5};{level=35;unitId=60392;advance=5};{level=35;unitId=60392;advance=5}>,<{level=35;unitId=70372;advance=6}>,config/portrait/jinglingtouxiang1/img_89_ccn@.png,1,5,2,20,1,6,1,<>,battle_bgm.mp3,battle/scene/bg_xcdg.jpg,config/big_hero/normal/img_89_ccn@.png,{y=70;x=0},117,,1,,<{key=1;value=1};{key=2;value=2};{key=3;value=6}>,35,191,191,,,,9,12,80,12,{20371=0;100=0;5000=0},1085,,,,,,{11=2;12=4},{11=2;12=6},,{},{},1,{gold=12000;talent_point=1;rmb=20},{y=291;x=1269},{y=365;x=779},<<1269;291>>,{},,FALSE,0,{}
20702,波尼岛,波尼島,Poni Island,Đảo Poni,포니섬,Ilha Poni,เกาะโพนี,,<{level=37;unitId=60482;advance=6};{level=37;unitId=60482;advance=6};{level=37;unitId=63292;advance=6};{level=37;unitId=63292;advance=6}>,<{level=37;unitId=181443;advance=7}>,config/portrait/jinglingtouxiang1/img_295_byg@.png,1,5,2,20,1,6,1,<>,battle_bgm.mp3,battle/scene/bg_xcdg.jpg,config/big_hero/normal/img_295_byg@.png,{y=70;x=0},117,,1,,<{key=1;value=1};{key=2;value=2};{key=3;value=6}>,37,198,198,,,,9,12,80,12,{21441=0;100=0;5000=0},1085,,,,,,{11=2;12=4},{11=2;12=6},,{},{},1,{gold=12000;talent_point=1;rmb=20},{y=459;x=621},{y=609;x=1099},<<1269;291>;<1065;337>;<779;365>;<621;459>>,{},,FALSE,0,{}
20703,波尼岛,波尼島,Poni Island,Đảo Poni,포니섬,Ilha Poni,เกาะโพนี,,<{level=38;unitId=60472;advance=6};{level=38;unitId=60012;advance=6};{level=38;unitId=60472;advance=6};{level=38;unitId=60012;advance=6}>,<{level=38;unitId=180593;advance=7}>,config/portrait/jinglingtouxiang1/img_466_djms@.png,1,5,2,20,1,6,1,<>,battle_bgm.mp3,battle/scene/bg_xcdg.jpg,config/big_hero/normal/img_466_djms@.png,{y=70;x=0},117,,1,,<{key=1;value=1};{key=2;value=2};{key=3;value=6}>,38,205,205,,,,9,12,80,12,{100=0;20591=0;5000=0},1085,,,,,,{11=2;12=4},{11=2;12=6},,{},{},1,{gold=12000;talent_point=1;rmb=20},{y=556;x=1471},{y=642;x=1791},<<621;459>;<901;591>;<1099;609>;<1471;556>>,{},,FALSE,0,{}
20704,波尼岛,波尼島,Poni Island,Đảo Poni,포니섬,Ilha Poni,เกาะโพนี,,<{level=39;unitId=63542;advance=6};{level=39;unitId=62272;advance=6};{level=39;unitId=63542;advance=6}>,<{level=39;unitId=180303;advance=7}>,config/portrait/jinglingtouxiang1/img_75_lls@.png,1,5,2,20,1,6,1,<>,battle_bgm.mp3,battle/scene/bg_xcdg.jpg,config/big_hero/normal/img_75_lls@.png,{y=70;x=0},117,,1,,<{key=1;value=1};{key=2;value=2};{key=3;value=6}>,39,212,212,,,,9,12,80,12,{20301=0;100=0;5000=0},1085,,,,,,{11=2;12=4},{11=2;12=6},,{},{},1,{gold=12000;talent_point=1;rmb=20},{y=911;x=2039},{y=927;x=1513},<<1471;556>;<1616;636>;<1791;642>;<2039;911>>,{},,FALSE,0,{}
20705,波尼岛,波尼島,Poni Island,Đảo Poni,포니섬,Ilha Poni,เกาะโพนี,,<{level=40;unitId=53282;advance=6};{level=40;unitId=60333;advance=6};{level=40;unitId=53282;advance=6};{level=40;unitId=60331;advance=6};{level=40;unitId=60331;advance=6}>,<{level=40;unitId=181293;advance=7}>,config/portrait/jinglingtouxiang1/img_254_xyw@.png,1,5,2,20,1,6,1,<>,battle_bgm.mp3,battle/scene/bg_xcdg.jpg,config/big_hero/normal/img_254_xyw@.png,{y=70;x=0},117,,1,,<{key=1;value=1};{key=2;value=2};{key=3;value=6}>,40,219,219,,,,9,12,80,12,{21291=0;100=0;5000=0},1085,,,,,,{11=2;12=4},{11=2;12=6},,{},{},1,{},{y=957;x=862},,<<2039;911>;<1708;964>;<1513;927>;<1229;903>;<1388;702>;<1334;664>;<1007;767>;<862;957>>,{},,FALSE,0,{}
20801,乌拉乌拉岛,烏拉烏拉島,Ula'ula Island,Đảo Ula'ula,울라울라섬,Ilha Ula'ula,เกาะอุลาอุลา,,<{level=41;unitId=62012;advance=7};{level=41;unitId=62012;advance=7};{level=41;unitId=60072;advance=7};{level=41;unitId=60072;advance=7}>,<{level=41;unitId=73502;advance=8}>,config/portrait/jinglingtouxiang1/img_699_bxjl@.png,1,5,2,20,1,6,1,<>,battle_bgm.mp3,battle/scene/bg_xcdg.jpg,config/big_hero/normal/img_699_bxjl@.png,{y=70;x=0},118,,1,,<{key=1;value=1};{key=2;value=2};{key=3;value=6}>,41,229,229,,,,9,12,80,12,{23501=0;100=0;5000=0},1120,,,,,,{11=4;12=4},{11=4;12=6},,{},{},1,{gold=12000;talent_point=1;rmb=20},{y=970;x=701},{y=616;x=422},<<701;970>>,{},,FALSE,0,{}
20802,乌拉乌拉岛,烏拉烏拉島,Ula'ula Island,Đảo Ula'ula,울라울라섬,Ilha Ula'ula,เกาะอุลาอุลา,,<{level=43;unitId=60022;advance=7};{level=43;unitId=60043;advance=7};{level=43;unitId=60022;advance=7};{level=43;unitId=60043;advance=7}>,<{level=43;unitId=180552;advance=8}>,config/portrait/jinglingtouxiang1/img_121_bshx@.png,1,5,2,20,1,6,1,<>,battle_bgm.mp3,battle/scene/bg_xcdg.jpg,config/big_hero/normal/img_121_bshx@.png,{y=70;x=0},118,,1,,<{key=1;value=1};{key=2;value=2};{key=3;value=6}>,43,236,236,,,,9,12,80,12,{20551=0;100=0;5000=0},1120,,,,,,{11=4;12=4},{11=4;12=6},,{},{},1,{gold=12000;talent_point=1;rmb=20},{y=571;x=593},{y=360;x=985},<<701;970>;<406;845>;<422;616>;<593;571>>,{},,FALSE,0,{}
20803,乌拉乌拉岛,烏拉烏拉島,Ula'ula Island,Đảo Ula'ula,울라울라섬,Ilha Ula'ula,เกาะอุลาอุลา,,<{level=44;unitId=63542;advance=7};{level=44;unitId=61612;advance=7};{level=44;unitId=63542;advance=7}>,<{level=44;unitId=183021;advance=8}>,config/portrait/jinglingtouxiang1/img_615_jhxh@.png,1,5,2,20,1,6,1,<>,battle_bgm.mp3,battle/scene/bg_xcdg.jpg,config/big_hero/normal/img_615_jhxh@.png,{y=70;x=0},118,,1,,<{key=1;value=1};{key=2;value=2};{key=3;value=6}>,44,243,243,,,,9,12,80,12,{23021=0;100=0;5000=0},1120,,,,,,{11=4;12=4},{11=4;12=6},,{},{},1,{gold=12000;talent_point=1;rmb=20},{y=469;x=1149},{y=912;x=1381},<<593;571>;<875;555>;<985;360>;<1149;469>>,{},,FALSE,0,{}
20804,乌拉乌拉岛,烏拉烏拉島,Ula'ula Island,Đảo Ula'ula,울라울라섬,Ilha Ula'ula,เกาะอุลาอุลา,,<{level=46;unitId=50481;advance=7};{level=46;unitId=60092;advance=7};{level=46;unitId=50481;advance=7};{level=46;unitId=60133;advance=7};{level=46;unitId=60133;advance=7}>,<{level=46;unitId=182302;advance=8}>,config/portrait/jinglingtouxiang1/img_460_bxw@.png,1,5,2,20,1,6,1,<>,battle_bgm.mp3,battle/scene/bg_xcdg.jpg,config/big_hero/normal/img_460_bxw@.png,{y=70;x=0},118,,1,,<{key=1;value=1};{key=2;value=2};{key=3;value=6}>,46,250,250,,,,9,12,80,12,{22301=0;100=0;5000=0},1120,,,,,,{11=4;12=4},{11=4;12=6},,{},{},1,{gold=12000;talent_point=1;rmb=20},{y=501;x=1549},{y=581;x=2005},<<1149;469>;<1179;848>;<1381;912>;<1502;825>;<1549;501>>,{},,FALSE,0,{}
20805,乌拉乌拉岛,烏拉烏拉島,Ula'ula Island,Đảo Ula'ula,울라울라섬,Ilha Ula'ula,เกาะอุลาอุลา,,<{level=47;unitId=63542;advance=8};{level=47;unitId=63542;advance=8};{level=47;unitId=63543;advance=8};{level=47;unitId=63543;advance=8}>,<{level=47;unitId=182873;advance=9}>,config/portrait/jinglingtouxiang1/img_584_sbddb@.png,1,5,2,20,1,6,1,<>,battle_bgm.mp3,battle/scene/bg_xcdg.jpg,config/big_hero/normal/img_584_sbddb@.png,{y=70;x=0},118,,1,,<{key=1;value=1};{key=2;value=2};{key=3;value=6}>,47,257,257,,,,9,12,80,12,{22871=0;100=0;5000=0},1120,,,,,,{11=4;12=4},{11=4;12=6},,{},{},1,{},{y=873;x=2141},,<<1549;501>;<1817;546>;<2005;581>;<2009;729>;<1831;868>;<1967;944>;<2141;873>>,{},,FALSE,0,{}
20901,阿卡拉岛,阿卡拉島,Akala Island,Đảo Akala,아칼라섬,Ilha Akala,เกาะอาคาลา,,<{level=48;unitId=60133;advance=8};{level=48;unitId=61422;advance=8};{level=48;unitId=60133;advance=8};{level=48;unitId=61422;advance=8}>,<{level=48;unitId=72272;advance=9}>,config/portrait/jinglingtouxiang1/img_454_dzw@.png,1,5,2,20,1,6,1,<>,battle_bgm.mp3,battle/scene/bg_xcdg.jpg,config/big_hero/normal/img_454_dzw@.png,{y=70;x=0},119,,1,,<{key=1;value=1};{key=2;value=2};{key=3;value=6}>,48,267,267,,,,9,12,80,12,{22271=0;100=0;5000=0},1155,,,,,,{13=2},{13=2;12=2},,{},{},1,{gold=12000;talent_point=1;rmb=20},{y=353;x=1023},{y=353;x=1532},<<1023;353>>,{},,FALSE,0,{}
20902,阿卡拉岛,阿卡拉島,Akala Island,Đảo Akala,아칼라섬,Ilha Akala,เกาะอาคาลา,,<{level=50;unitId=60472;advance=8};{level=50;unitId=60472;advance=8}>,<{level=50;unitId=180793;advance=9}>,config/portrait/jinglingtouxiang1/img_157_hbs@.png,1,5,2,20,1,6,1,<>,battle_bgm.mp3,battle/scene/bg_xcdg.jpg,config/big_hero/normal/img_157_hbs@.png,{y=70;x=0},119,,1,,<{key=1;value=1};{key=2;value=2};{key=3;value=6}>,50,274,274,,,,9,12,80,12,{20791=0;100=0;5000=0},1155,,,,,,{13=2},{13=2;12=2},,{},{},1,{gold=12000;talent_point=1;rmb=20},{y=477;x=1592},{y=689;x=987},<<1023;353>;<1319;295>;<1532;353>;<1592;477>>,{},,FALSE,0,{}
20903,阿卡拉岛,阿卡拉島,Akala Island,Đảo Akala,아칼라섬,Ilha Akala,เกาะอาคาลา,,<{level=51;unitId=51611;advance=8};{level=51;unitId=60392;advance=8};{level=51;unitId=51611;advance=8};{level=51;unitId=63292;advance=8};{level=51;unitId=63292;advance=8}>,<{level=51;unitId=180883;advance=9}>,config/portrait/jinglingtouxiang1/img_181_dl@.png,1,5,2,20,1,6,1,<>,battle_bgm.mp3,battle/scene/bg_xcdg.jpg,config/big_hero/normal/img_181_dl@.png,{y=70;x=0},119,,1,,<{key=1;value=1};{key=2;value=2};{key=3;value=6}>,51,281,281,,,,9,12,80,12,{20881=0;100=0;5000=0},1155,,,,,,{13=2},{13=2;12=2},,{},{},1,{gold=12000;talent_point=1;rmb=20},{y=959;x=837},{y=926;x=1280},<<1592;477>;<1549;576>;<1290;660>;<1154;642>;<987;689>;<1012;795>;<837;959>>,{},,FALSE,0,{}
20904,阿卡拉岛,阿卡拉島,Akala Island,Đảo Akala,아칼라섬,Ilha Akala,เกาะอาคาลา,,<{level=53;unitId=60593;advance=8};{level=53;unitId=60593;advance=8};{level=53;unitId=60092;advance=8};{level=53;unitId=60092;advance=8}>,<{level=53;unitId=181863;advance=9}>,config/portrait/jinglingtouxiang1/img_365_dyhs@.png,1,5,2,20,1,6,1,<>,battle_bgm.mp3,battle/scene/bg_xcdg.jpg,config/big_hero/normal/img_365_dyhs@.png,{y=70;x=0},119,,1,,<{key=1;value=1};{key=2;value=2};{key=3;value=6}>,53,288,288,,,,9,12,80,12,{21861=0;100=0;5000=0},1155,,,,,,{13=2},{13=2;12=2},,{},{},1,{gold=12000;talent_point=1;rmb=20},{y=809;x=1522},{y=554;x=2050},<<837;959>;<970;997>;<1081;1140>;<1236;1112>;<1280;926>;<1522;809>>,{},,FALSE,0,{}
20905,阿卡拉岛,阿卡拉島,Akala Island,Đảo Akala,아칼라섬,Ilha Akala,เกาะอาคาลา,,<{level=54;unitId=62012;advance=9};{level=54;unitId=62482;advance=9};{level=54;unitId=62012;advance=9};{level=54;unitId=62482;advance=9}>,<{level=54;unitId=183143;advance=10}>,config/portrait/jinglingtouxiang1/img_635_ssel@.png,1,5,2,20,1,6,1,<>,battle_bgm.mp3,battle/scene/bg_xcdg.jpg,config/big_hero/normal/img_635_ssel@.png,{y=70;x=0},119,,1,,<{key=1;value=1};{key=2;value=2};{key=3;value=6}>,54,295,295,,,,9,12,80,12,{23141=0;100=0;5000=0},1155,,,,,,{13=2},{13=2;12=2},,{},{},1,{},{y=1032;x=1911},,<<1522;809>;<1804;660>;<1874;521>;<2050;554>;<2026;764>;<1820;926>;<1911;1032>>,{},,FALSE,0,{}
21001,美乐美乐岛,美樂美樂島,Melemele Island,Đảo Melemele,멜레멜레섬,Ilha Melemele,เกาะเมเลเมเล,,<{level=55;unitId=60333;advance=9};{level=55;unitId=60472;advance=9};{level=55;unitId=60333;advance=9}>,<{level=55;unitId=183012;advance=10}>,config/portrait/jinglingtouxiang1/img_614_dyx@.png,1,5,2,20,1,6,1,<>,battle_bgm.mp3,battle/scene/bg_xcdg.jpg,config/big_hero/normal/img_614_dyx@.png,{y=70;x=0},120,,1,,<{key=1;value=1};{key=2;value=2};{key=3;value=6}>,55,305,305,,,,9,12,80,12,{23011=0;100=0;5000=0},1190,,,,,,{11=2;13=2},{11=8;13=2},,{},{},1,{gold=12000;talent_point=1;rmb=20},{y=943;x=520},{y=495;x=560},<<520;943>>,{},,FALSE,0,{}
21002,美乐美乐岛,美樂美樂島,Melemele Island,Đảo Melemele,멜레멜레섬,Ilha Melemele,เกาะเมเลเมเล,,<{level=57;unitId=52012;advance=9};{level=57;unitId=61352;advance=9};{level=57;unitId=52012;advance=9};{level=57;unitId=60092;advance=9};{level=57;unitId=60092;advance=9}>,<{level=57;unitId=183432;advance=10}>,config/portrait/jinglingtouxiang1/img_685_ptn@.png,1,5,2,20,1,6,1,<>,battle_bgm.mp3,battle/scene/bg_xcdg.jpg,config/big_hero/normal/img_685_ptn@.png,{y=70;x=0},120,,1,,<{key=1;value=1};{key=2;value=2};{key=3;value=6}>,57,312,312,,,,9,12,80,12,{100=0;23431=0;5000=0},1190,,,,,,{11=2;13=2},{11=8;13=2},,{},{},1,{gold=12000;talent_point=1;rmb=20},{y=405;x=788},{y=365;x=1258},<<520;943>;<357;679>;<386;613>;<534;631>;<590;559>;<560;495>;<788;405>>,{},,FALSE,0,{}
21003,美乐美乐岛,美樂美樂島,Melemele Island,Đảo Melemele,멜레멜레섬,Ilha Melemele,เกาะเมเลเมเล,,<{level=58;unitId=60043;advance=9};{level=58;unitId=60043;advance=9};{level=58;unitId=60102;advance=9};{level=58;unitId=60102;advance=9}>,<{level=58;unitId=180632;advance=10}>,config/portrait/jinglingtouxiang1/img_130_bll@.png,1,5,2,20,1,6,1,<>,battle_bgm.mp3,battle/scene/bg_xcdg.jpg,config/big_hero/normal/img_130_bll@.png,{y=70;x=0},120,,1,,<{key=1;value=1};{key=2;value=2};{key=3;value=6}>,58,319,319,,,,9,12,80,12,{5000=0;100=0;20631=0},1190,,,,,,{11=2;13=2},{11=8;13=2},,{},{},1,{gold=12000;talent_point=1;rmb=20},{y=583;x=1244},{y=765;x=1746},<<788;405>;<1047;321>;<1258;365>;<1242;417>;<1043;519>;<1103;555>;<1244;583>>,{},,FALSE,0,{}
21004,美乐美乐岛,美樂美樂島,Melemele Island,Đảo Melemele,멜레멜레섬,Ilha Melemele,เกาะเมเลเมเล,,<{level=60;unitId=60593;advance=9};{level=60;unitId=60092;advance=9};{level=60;unitId=60593;advance=9};{level=60;unitId=60092;advance=9}>,<{level=60;unitId=182683;advance=10}>,config/portrait/jinglingtouxiang1/img_545_wgw@.png,1,5,2,20,1,6,1,<>,battle_bgm.mp3,battle/scene/bg_xcdg.jpg,config/big_hero/normal/img_545_wgw@.png,{y=70;x=0},120,,1,,<{key=1;value=1};{key=2;value=2};{key=3;value=6}>,60,326,326,,,,9,12,80,12,{22681=0;100=0;5000=0},1190,,,,,,{11=2;13=2},{11=8;13=2},,{},{},1,{gold=12000;talent_point=1;rmb=20},{y=866;x=1970},{y=927;x=1536},<<1244;583>;<1534;613>;<1668;652>;<1746;765>;<1970;866>>,{},,FALSE,0,{}
21005,美乐美乐岛,美樂美樂島,Melemele Island,Đảo Melemele,멜레멜레섬,Ilha Melemele,เกาะเมเลเมเล,,<{level=61;unitId=70062;advance=10}>,<{level=61;unitId=181813;advance=11}>,config/portrait/jinglingtouxiang1/img_477_hyml@.png,1,5,2,20,1,6,1,<>,battle_bgm.mp3,battle/scene/bg_xcdg.jpg,config/big_hero/normal/img_477_hyml@.png,{y=70;x=0},120,,1,,<{key=1;value=1};{key=2;value=2};{key=3;value=6}>,61,333,333,,,,9,12,80,12,{21811=0;100=0;5000=0},1190,,,,,,{11=2;13=2},{11=8;13=2},,{},{},1,{},{y=1093;x=1136},,<<1970;866>;<1818;917>;<1806;1003>;<1683;1027>;<1536;927>;<1331;975>;<1136;1093>>,{},,FALSE,0,{}
21101,训练家学校,訓練家學校,Trainer School,Trường học Nhà huấn luyện,트레이너 스쿨,Escola de Treinadores,โรงเรียนเทรนเนอร์,,<{level=62;unitId=50012;advance=10};{level=62;unitId=60792;advance=10};{level=62;unitId=50012;advance=10};{level=62;unitId=61292;advance=10};{level=62;unitId=61292;advance=10}>,<{level=62;unitId=73283;advance=11}>,config/portrait/jinglingtouxiang1/img_652_blkl@.png,1,5,2,20,1,6,1,<>,battle_bgm.mp3,battle/scene/bg_xcdg.jpg,config/big_hero/normal/img_652_blkl@.png,{y=70;x=0},121,,1,,<{key=1;value=1};{key=2;value=2};{key=3;value=6}>,62,343,343,,,,9,12,80,12,{23281=0;100=0;5000=0},1225,,,,,,{13=2;12=2},{13=2;12=4},,{},{},1,{gold=12000;talent_point=1;rmb=20},{y=910;x=426},{y=894;x=760},<<426;910>>,{},,FALSE,0,{}
21102,训练家学校,訓練家學校,Trainer School,Trường học Nhà huấn luyện,트레이너 스쿨,Escola de Treinadores,โรงเรียนเทรนเนอร์,,<{level=64;unitId=60082;advance=10};{level=64;unitId=60082;advance=10};{level=64;unitId=63543;advance=10};{level=64;unitId=63543;advance=10}>,<{level=64;unitId=183472;advance=11}>,config/portrait/jinglingtouxiang1/img_693_gpbx@.png,1,5,2,20,1,6,1,<>,battle_bgm.mp3,battle/scene/bg_xcdg.jpg,config/big_hero/normal/img_693_gpbx@.png,{y=70;x=0},121,,1,,<{key=1;value=1};{key=2;value=2};{key=3;value=6}>,64,350,350,,,,9,12,80,12,{23471=0;100=0;5000=0},1225,,,,,,{13=2;12=2},{13=2;12=4},,{},{},1,{gold=12000;talent_point=1;rmb=20},{y=1048;x=988},{y=978;x=1482},<<426;910>;<676;1045>;<760;894>;<796;1008>;<988;1048>>,{},,FALSE,0,{}
21103,训练家学校,訓練家學校,Trainer School,Trường học Nhà huấn luyện,트레이너 스쿨,Escola de Treinadores,โรงเรียนเทรนเนอร์,,<{level=65;unitId=60092;advance=10};{level=65;unitId=60593;advance=10};{level=65;unitId=60092;advance=10};{level=65;unitId=60593;advance=10}>,<{level=65;unitId=181423;advance=11}>,config/portrait/jinglingtouxiang1/img_289_qjw@.png,1,5,2,20,1,6,1,<>,battle_bgm.mp3,battle/scene/bg_xcdg.jpg,config/big_hero/normal/img_289_qjw@.png,{y=70;x=0},121,,1,,<{key=1;value=1};{key=2;value=2};{key=3;value=6}>,65,357,357,,,,9,12,80,12,{21421=0;100=0;5000=0},1225,,,,,,{13=2;12=2},{13=2;12=4},,{},{},1,{gold=12000;talent_point=1;rmb=20},{y=788;x=1223},{y=662;x=1482},<<988;1048>;<1169;988>;<1342;1042>;<1482;978>;<1231;949>;<1057;887>;<1125;810>;<1223;788>>,{},,FALSE,0,{}
21104,训练家学校,訓練家學校,Trainer School,Trường học Nhà huấn luyện,트레이너 스쿨,Escola de Treinadores,โรงเรียนเทรนเนอร์,,<{level=67;unitId=60062;advance=10};{level=67;unitId=60333;advance=10};{level=67;unitId=60062;advance=10}>,<{level=67;unitId=182073;advance=11}>,config/portrait/jinglingtouxiang1/img_405_lqm@.png,1,5,2,20,1,6,1,<>,battle_bgm.mp3,battle/scene/bg_xcdg.jpg,config/big_hero/normal/img_405_lqm@.png,{y=70;x=0},121,,1,,<{key=1;value=1};{key=2;value=2};{key=3;value=6}>,67,364,364,,,,9,12,80,12,{22071=0;100=0;5000=0},1225,,,,,,{13=2;12=2},{13=2;12=4},,{},{},1,{gold=12000;talent_point=1;rmb=20},{y=374;x=1158},{y=435;x=1663},<<1223;788>;<1642;829>;<1644;749>;<1482;662>;<1166;528>;<1158;374>>,{},,FALSE,0,{}
21105,训练家学校,訓練家學校,Trainer School,Trường học Nhà huấn luyện,트레이너 스쿨,Escola de Treinadores,โรงเรียนเทรนเนอร์,,<{level=68;unitId=50092;advance=10};{level=68;unitId=60002;advance=10};{level=68;unitId=50092;advance=10};{level=68;unitId=60692;advance=10};{level=68;unitId=60692;advance=10}>,<{level=68;unitId=181503;advance=11}>,config/portrait/jinglingtouxiang1/img_306_bskdl@.png,1,5,2,20,1,6,1,<>,battle_bgm.mp3,battle/scene/bg_xcdg.jpg,config/big_hero/normal/img_306_bskdl@.png,{y=70;x=0},121,,1,,<{key=1;value=1};{key=2;value=2};{key=3;value=6}>,68,371,371,,,,9,12,80,12,{21501=0;100=0;5000=0},1225,,,,,,{13=2;12=2},{13=2;12=4},,{},{},1,{},{y=676;x=2056},,<<1158;374>;<1478;315>;<1663;435>;<1884;493>;<2056;676>>,{},,FALSE,0,{}
21201,好奥乐市,好奧樂市,Hau'oli City,Thành phố Hau'oli,하우올리시티,Cidade de Hau'oli,เมืองเฮาโอลิ,,<{level=69;unitId=60053;advance=11};{level=69;unitId=60053;advance=11};{level=69;unitId=60002;advance=11};{level=69;unitId=60002;advance=11}>,<{level=69;unitId=72633;advance=12}>,config/portrait/jinglingtouxiang1/img_534_xjlj@.png,1,5,2,20,1,6,1,<>,battle_bgm.mp3,battle/scene/bg_xcdg.jpg,config/big_hero/normal/img_534_xjlj@.png,{y=70;x=0},122,,1,,<{key=1;value=1};{key=2;value=2};{key=3;value=6}>,69,381,381,,,,9,12,80,12,{5000=0;100=0;22631=0},1890,,,,,,{13=2;12=4},{13=2;12=6},,{},{},1,{gold=12000;talent_point=1;rmb=20},{y=285;x=1554},{y=323;x=1086},<<1554;285>>,{},,FALSE,0,{}
21202,好奥乐市,好奧樂市,Hau'oli City,Thành phố Hau'oli,하우올리시티,Cidade de Hau'oli,เมืองเฮาโอลิ,,<{level=71;unitId=60132;advance=11};{level=71;unitId=60472;advance=11};{level=71;unitId=60132;advance=11};{level=71;unitId=60472;advance=11}>,<{level=71;unitId=183413;advance=12}>,config/portrait/jinglingtouxiang1/img_681_jdjg@.png,1,5,2,20,1,6,1,<>,battle_bgm.mp3,battle/scene/bg_xcdg.jpg,config/big_hero/normal/img_681_jdjg@.png,{y=70;x=0},122,,1,,<{key=1;value=1};{key=2;value=2};{key=3;value=6}>,71,388,388,,,,9,12,80,12,{23411=0;100=0;5000=0},1890,,,,,,{13=2;12=4},{13=2;12=6},,{},{},1,{gold=12000;talent_point=1;rmb=20},{y=565;x=1045},{y=730;x=809},<<1554;285>;<1289;446>;<1086;323>;<1045;565>>,{},,FALSE,0,{}
21203,好奥乐市,好奧樂市,Hau'oli City,Thành phố Hau'oli,하우올리시티,Cidade de Hau'oli,เมืองเฮาโอลิ,,<{level=72;unitId=60043;advance=11};{level=72;unitId=60552;advance=11};{level=72;unitId=60043;advance=11}>,<{level=72;unitId=181394;advance=12}>,config/portrait/jinglingtouxiang1/img_475_alld@.png,1,5,2,20,1,6,1,<>,battle_bgm.mp3,battle/scene/bg_xcdg.jpg,config/big_hero/normal/img_475_alld@.png,{y=70;x=0},122,,1,,<{key=1;value=1};{key=2;value=2};{key=3;value=6}>,72,395,395,,,,9,12,80,12,{21391=0;100=0;5000=0},1890,,,,,,{13=2;12=4},{13=2;12=6},,{},{},1,{gold=12000;talent_point=1;rmb=20},{y=920;x=767},{y=864;x=1314},<<1045;565>;<693;526>;<643;619>;<809;730>;<887;812>;<767;920>>,{},,FALSE,0,{}
21204,好奥乐市,好奧樂市,Hau'oli City,Thành phố Hau'oli,하우올리시티,Cidade de Hau'oli,เมืองเฮาโอลิ,,<{level=74;unitId=50601;advance=11};{level=74;unitId=63282;advance=11};{level=74;unitId=50601;advance=11};{level=74;unitId=63282;advance=11};{level=74;unitId=63282;advance=11}>,<{level=74;unitId=182013;advance=12}>,config/portrait/jinglingtouxiang1/img_389_ttg@.png,1,5,2,20,1,6,1,<>,battle_bgm.mp3,battle/scene/bg_xcdg.jpg,config/big_hero/normal/img_389_ttg@.png,{y=70;x=0},122,,1,,<{key=1;value=1};{key=2;value=2};{key=3;value=6}>,74,402,402,,,,9,12,80,12,{22011=0;100=0;5000=0},1890,,,,,,{13=2;12=4},{13=2;12=6},,{},{},1,{gold=12000;talent_point=1;rmb=20},{y=696;x=1527},{y=718;x=1965},<<767;920>;<1178;1049>;<1268;1000>;<1314;864>;<1251;702>;<1527;696>>,{},,FALSE,0,{}
21205,好奥乐市,好奧樂市,Hau'oli City,Thành phố Hau'oli,하우올리시티,Cidade de Hau'oli,เมืองเฮาโอลิ,,<{level=75;unitId=60571;advance=12};{level=75;unitId=60571;advance=12};{level=75;unitId=63282;advance=12};{level=75;unitId=63282;advance=12}>,<{level=75;unitId=181071;advance=13}>,config/portrait/jinglingtouxiang1/img_214_hlkls@.png,1,5,2,20,1,6,1,<>,battle_bgm.mp3,battle/scene/bg_xcdg.jpg,config/big_hero/normal/img_214_hlkls@.png,{y=70;x=0},122,,1,,<{key=1;value=1};{key=2;value=2};{key=3;value=6}>,75,409,409,,,,9,12,80,12,{21071=0;100=0;5000=0},1890,,,,,,{13=2;12=4},{13=2;12=6},,{},{},1,{},{y=1002;x=1892},,<<1527;696>;<1716;788>;<1965;718>;<2169;856>;<1892;1002>>,{},,FALSE,0,{}
21301,对战开拓区,對戰開拓區,Battle Frontier,Khu vực Chiến đấu Biên giới,배틀프런티어,Fronteira da Batalha,แบทเทิลฟรอนเทียร์,,<{level=76;unitId=60053;advance=12};{level=76;unitId=60053;advance=12};{level=76;unitId=60002;advance=12};{level=76;unitId=60002;advance=12}>,<{level=76;unitId=70402;advance=13}>,config/portrait/jinglingtouxiang1/img_208_dgs@.png,1,5,2,20,1,6,1,<>,battle_bgm.mp3,battle/scene/bg_xcdg.jpg,config/big_hero/normal/img_208_dgs@.png,{y=70;x=0},123,,1,,<{key=1;value=1};{key=2;value=2};{key=3;value=6}>,76,416,416,,,,9,12,80,12,{20401=0;100=0;5000=0},2100,,,,,,{13=4},{13=4;12=4},,{},{},1,{gold=12000;talent_point=1;rmb=20},{y=271;x=1446},{y=392;x=1002},<<1446;271>>,{},,FALSE,0,{}
21302,对战开拓区,對戰開拓區,Battle Frontier,Khu vực Chiến đấu Biên giới,배틀프런티어,Fronteira da Batalha,แบทเทิลฟรอนเทียร์,,<{level=78;unitId=60132;advance=12};{level=78;unitId=60472;advance=12};{level=78;unitId=60132;advance=12};{level=78;unitId=60472;advance=12}>,<{level=78;unitId=182921;advance=13}>,config/portrait/jinglingtouxiang1/img_592_hqpp@.png,1,5,2,20,1,6,1,<>,battle_bgm.mp3,battle/scene/bg_xcdg.jpg,config/big_hero/normal/img_592_hqpp@.png,{y=70;x=0},123,,1,,<{key=1;value=1};{key=2;value=2};{key=3;value=6}>,78,423,423,,,,9,12,80,12,{22921=0;100=0;5000=0},2100,,,,,,{13=4},{13=4;12=4},,{},{},1,{gold=12000;talent_point=1;rmb=20},{y=652;x=777},{y=912;x=974},<<1446;271>;<1500;318>;<1214;455>;<1138;425>;<1002;392>;<1102;495>;<777;652>>,{},,FALSE,0,{}
21303,对战开拓区,對戰開拓區,Battle Frontier,Khu vực Chiến đấu Biên giới,배틀프런티어,Fronteira da Batalha,แบทเทิลฟรอนเทียร์,,<{level=79;unitId=60043;advance=12};{level=79;unitId=60552;advance=12};{level=79;unitId=60043;advance=12}>,<{level=79;unitId=181841;advance=13}>,config/portrait/jinglingtouxiang1/img_359_absl@.png,1,5,2,20,1,6,1,<>,battle_bgm.mp3,battle/scene/bg_xcdg.jpg,config/big_hero/normal/img_359_absl@.png,{y=70;x=0},123,,1,,<{key=1;value=1};{key=2;value=2};{key=3;value=6}>,79,430,430,,,,9,12,80,12,{21841=0;100=0;5000=0},2100,,,,,,{13=4},{13=4;12=4},,{},{},1,{gold=12000;talent_point=1;rmb=20},{y=813;x=1192},{y=575;x=1581},<<777;652>;<843;745>;<874;866>;<815;893>;<974;912>;<1106;893>;<1192;813>>,{},,FALSE,0,{}
21304,对战开拓区,對戰開拓區,Battle Frontier,Khu vực Chiến đấu Biên giới,배틀프런티어,Fronteira da Batalha,แบทเทิลฟรอนเทียร์,,<{level=81;unitId=50881;advance=12};{level=81;unitId=63282;advance=12};{level=81;unitId=50881;advance=12};{level=81;unitId=63282;advance=12};{level=81;unitId=63282;advance=12}>,<{level=81;unitId=182891;advance=13}>,config/portrait/jinglingtouxiang1/img_587_dfs@.png,1,5,2,20,1,6,1,<>,battle_bgm.mp3,battle/scene/bg_xcdg.jpg,config/big_hero/normal/img_587_dfs@.png,{y=70;x=0},123,,1,,<{key=1;value=1};{key=2;value=2};{key=3;value=6}>,81,437,437,,,,9,12,80,12,{5000=0;100=0;22891=0},2100,,,,,,{13=4},{13=4;12=4},,{},{},1,{gold=12000;talent_point=1;rmb=20},{y=766;x=1660},{y=784;x=2081},<<1192;813>;<1414;690>;<1581;575>;<1660;766>>,{},,FALSE,0,{}
21305,对战开拓区,對戰開拓區,Battle Frontier,Khu vực Chiến đấu Biên giới,배틀프런티어,Fronteira da Batalha,แบทเทิลฟรอนเทียร์,,<{level=82;unitId=60043;advance=13};{level=82;unitId=60043;advance=13};{level=82;unitId=63282;advance=13};{level=82;unitId=63282;advance=13}>,<{level=82;unitId=181171;advance=14}>,config/portrait/jinglingtouxiang1/img_228_dlb@.png,1,5,2,20,1,6,1,<>,battle_bgm.mp3,battle/scene/bg_xcdg.jpg,config/big_hero/normal/img_228_dlb@.png,{y=70;x=0},123,,1,,<{key=1;value=1};{key=2;value=2};{key=3;value=6}>,82,444,444,,,,9,12,80,12,{21171=0;100=0;5000=0},2100,,,,,,{13=4},{13=4;12=4},,{},{},1,{},{y=1047;x=1567},,<<1660;766>;<1883;641>;<1904;764>;<2081;784>;<1808;941>;<1567;1047>>,{},,FALSE,0,{}
21401,圆朱市,圓朱市,Ecruteak City,Thành phố Ecruteak,인주시티,Cidade de Ecruteak,เมืองเอ็นจู,,<{level=83;unitId=60333;advance=13};{level=83;unitId=60333;advance=13}>,<{level=83;unitId=70691;advance=14}>,config/portrait/jinglingtouxiang1/img_140_hsk@.png,1,5,2,20,1,6,1,<>,battle_bgm.mp3,battle/scene/bg_xcdg.jpg,config/big_hero/normal/img_140_hsk@.png,{y=70;x=0},124,,1,,<{key=1;value=1};{key=2;value=2};{key=3;value=6}>,83,451,451,,,,9,12,80,12,{20691=0;100=0;5000=0},2310,,,,,,{13=4;12=2},{13=4;12=6},,{},{},1,{gold=12000;talent_point=1;rmb=20},{y=459;x=629},{y=577;x=1130},<<629;459>>,{},,FALSE,0,{}
21402,圆朱市,圓朱市,Ecruteak City,Thành phố Ecruteak,인주시티,Cidade de Ecruteak,เมืองเอ็นจู,,<{level=85;unitId=62012;advance=13};{level=85;unitId=62012;advance=13};{level=85;unitId=60092;advance=13};{level=85;unitId=60092;advance=13}>,<{level=85;unitId=181221;advance=14}>,config/portrait/jinglingtouxiang1/img_243_lg@.png,1,5,2,20,1,6,1,<>,battle_bgm.mp3,battle/scene/bg_xcdg.jpg,config/big_hero/normal/img_243_lg@.png,{y=70;x=0},124,,1,,<{key=1;value=1};{key=2;value=2};{key=3;value=6}>,85,458,458,,,,9,12,80,12,{21221=0;100=0;5000=0},2310,,,,,,{13=4;12=2},{13=4;12=6},,{},{},1,{gold=12000;talent_point=1;rmb=20},{y=769;x=797},{y=829;x=1213},<<629;459>;<703;504>;<852;426>;<939;469>;<1130;577>;<797;769>>,{},,FALSE,0,{}
21403,圆朱市,圓朱市,Ecruteak City,Thành phố Ecruteak,인주시티,Cidade de Ecruteak,เมืองเอ็นจู,,<{level=86;unitId=60043;advance=13};{level=86;unitId=60043;advance=13}>,<{level=86;unitId=180264;advance=14}>,config/portrait/jinglingtouxiang1/img_65_cjhd@.png,1,5,2,20,1,6,1,<>,battle_bgm.mp3,battle/scene/bg_xcdg.jpg,config/big_hero/normal/img_65_cjhd@.png,{y=70;x=0},124,,1,,<{key=1;value=1};{key=2;value=2};{key=3;value=6}>,86,465,465,,,,9,12,80,12,{20261=0;100=0;5000=0},2310,,,,,,{13=4;12=2},{13=4;12=6},,{},{},1,{gold=12000;talent_point=1;rmb=20},{y=547;x=1333},{y=573;x=1760},<<797;769>;<892;769>;<1061;843>;<1155;843>;<1213;829>;<1423;689>;<1271;631>;<1333;547>>,{},,FALSE,0,{}
21404,圆朱市,圓朱市,Ecruteak City,Thành phố Ecruteak,인주시티,Cidade de Ecruteak,เมืองเอ็นจู,,<{level=88;unitId=50593;advance=13};{level=88;unitId=50092;advance=13};{level=88;unitId=60593;advance=13};{level=88;unitId=60092;advance=13}>,<{level=88;unitId=180093;advance=14}>,config/portrait/jinglingtouxiang1/img_26_lq@.png,1,5,2,20,1,6,1,<>,battle_bgm.mp3,battle/scene/bg_xcdg.jpg,config/big_hero/normal/img_26_lq@.png,{y=70;x=0},124,,1,,<{key=1;value=1};{key=2;value=2};{key=3;value=6}>,88,472,472,,,,9,12,80,12,{100=0;20091=0;5000=0},2310,,,,,,{13=4;12=2},{13=4;12=6},,{},{},1,{gold=12000;talent_point=1;rmb=20},{y=642;x=1957},{y=843;x=1760},<<1333;547>;<1516;448>;<1609;493>;<1760;573>;<1957;642>>,{},,FALSE,0,{}
21405,圆朱市,圓朱市,Ecruteak City,Thành phố Ecruteak,인주시티,Cidade de Ecruteak,เมืองเอ็นจู,,<{level=89;unitId=61252;advance=13};{level=89;unitId=61252;advance=13}>,<{level=89;unitId=180333;advance=14}>,config/portrait/jinglingtouxiang1/img_462_zbcg@.png,1,5,2,20,1,6,1,<>,battle_bgm.mp3,battle/scene/bg_xcdg.jpg,config/big_hero/normal/img_462_zbcg@.png,{y=70;x=0},124,,1,,<{key=1;value=1};{key=2;value=2};{key=3;value=6}>,89,479,479,,,,9,12,80,12,{20331=0;100=0;5000=0},2310,,,,,,{13=4;12=2},{13=4;12=6},,{},{},1,{},{y=951;x=1387},,<<1957;642>;<1933;762>;<2016;893>;<1963;947>;<1760;843>;<1639;815>;<1566;853>;<1387;951>>,{},,FALSE,0,{}
21501,古代祭坛,古代祭壇,Ancient Altar,Bàn thờ Cổ đại,고대 제단,Altar Antigo,แท่นบูชาโบราณ,,<{level=90;unitId=60012;advance=13};{level=90;unitId=60012;advance=13};{level=90;unitId=61292;advance=13};{level=90;unitId=61292;advance=13}>,<{level=90;unitId=70003;advance=14}>,config/portrait/jinglingtouxiang1/img_3_mwh@.png,1,5,2,20,1,6,1,<>,battle_bgm.mp3,battle/scene/bg_xcdg.jpg,config/big_hero/normal/img_3_mwh@.png,{y=70;x=0},125,,1,,<{key=1;value=1};{key=2;value=2};{key=3;value=6}>,90,486,486,,,,9,12,80,12,{20001=0;100=0;5000=0},2520,,,,,,{13=4;12=4},{13=6;12=2},,{},{},1,{gold=12000;talent_point=1;rmb=20},{y=343;x=727},{y=711;x=587},<<727;343>>,{},,FALSE,0,{}
21502,古代祭坛,古代祭壇,Ancient Altar,Bàn thờ Cổ đại,고대 제단,Altar Antigo,แท่นบูชาโบราณ,,<{level=92;unitId=60082;advance=13};{level=92;unitId=60082;advance=13};{level=92;unitId=63543;advance=13};{level=92;unitId=63543;advance=13}>,<{level=92;unitId=181293;advance=14}>,config/portrait/jinglingtouxiang1/img_254_xyw@.png,1,5,2,20,1,6,1,<>,battle_bgm.mp3,battle/scene/bg_xcdg.jpg,config/big_hero/normal/img_254_xyw@.png,{y=70;x=0},125,,1,,<{key=1;value=1};{key=2;value=2};{key=3;value=6}>,92,493,493,,,,9,12,80,12,{21291=0;100=0;5000=0},2520,,,,,,{13=4;12=4},{13=6;12=2},,{},{},1,{gold=12000;talent_point=1;rmb=20},{y=868;x=664},{y=1007;x=1193},<<727;343>;<417;590>;<587;711>;<664;746>;<664;868>>,{},,FALSE,0,{}
21503,古代祭坛,古代祭壇,Ancient Altar,Bàn thờ Cổ đại,고대 제단,Altar Antigo,แท่นบูชาโบราณ,,<{level=93;unitId=60092;advance=13};{level=93;unitId=60593;advance=13}>,<{level=93;unitId=181501;advance=14}>,config/portrait/jinglingtouxiang1/img_304_kkdl@.png,1,5,2,20,1,6,1,<>,battle_bgm.mp3,battle/scene/bg_xcdg.jpg,config/big_hero/normal/img_304_kkdl@.png,{y=70;x=0},125,,1,,<{key=1;value=1};{key=2;value=2};{key=3;value=6}>,93,500,500,,,,9,12,80,12,{21501=0;100=0;5000=0},2520,,,,,,{13=4;12=4},{13=6;12=2},,{},{},1,{gold=12000;talent_point=1;rmb=20},{y=591;x=1171},{y=838;x=1565},<<664;868>;<843;828>;<1001;908>;<1193;1007>;<1241;878>;<1171;788>;<1171;591>>,{},,FALSE,0,{}
21504,古代祭坛,古代祭壇,Ancient Altar,Bàn thờ Cổ đại,고대 제단,Altar Antigo,แท่นบูชาโบราณ,,<{level=95;unitId=50062;advance=13};{level=95;unitId=60333;advance=13};{level=95;unitId=50062;advance=13}>,<{level=95;unitId=181241;advance=14}>,config/portrait/jinglingtouxiang1/img_245_sj@.png,1,5,2,20,1,6,1,<>,battle_bgm.mp3,battle/scene/bg_xcdg.jpg,config/big_hero/normal/img_245_sj@.png,{y=70;x=0},125,,1,,<{key=1;value=1};{key=2;value=2};{key=3;value=6}>,95,507,507,,,,9,12,80,12,{21241=0;100=0;5000=0},2520,,,,,,{13=4;12=4},{13=6;12=2},,{},{},1,{gold=12000;talent_point=1;rmb=20},{y=591;x=1774},{y=841;x=1953},<<1171;591>;<1335;601>;<1417;668>;<1530;580>;<1643;689>;<1565;838>;<1774;591>>,{},,FALSE,0,{}
21505,古代祭坛,古代祭壇,Ancient Altar,Bàn thờ Cổ đại,고대 제단,Altar Antigo,แท่นบูชาโบราณ,,<{level=96;unitId=60092;advance=14};{level=96;unitId=60092;advance=14};{level=96;unitId=60692;advance=14};{level=96;unitId=60692;advance=14}>,<{level=96;unitId=181253;advance=15}>,config/portrait/jinglingtouxiang1/img_248_bjls@.png,1,5,2,20,1,6,1,<>,battle_bgm.mp3,battle/scene/bg_xcdg.jpg,config/big_hero/normal/img_248_bjls@.png,{y=70;x=0},125,,1,,<{key=1;value=1};{key=2;value=2};{key=3;value=6}>,96,514,514,,,,9,12,80,12,{21251=0;100=0;5000=0},2520,,,,,,{13=4;12=4},{13=6;12=2},,{},{},1,{},{y=1030;x=1869},,<<1774;591>;<1967;711>;<2153;669>;<1953;841>;<1702;953>;<1869;1030>>,{},,FALSE,0,{}
21601,凛冽冻原,凜冽凍原,Frigid Tundra,Cánh đồng Băng giá,혹한의 동토,Tundra Gelada,ทุ่งทุนดราเยือกแข็ง,,<{level=97;unitId=60053;advance=14};{level=97;unitId=60053;advance=14};{level=97;unitId=60002;advance=14};{level=97;unitId=60002;advance=14}>,<{level=97;unitId=72873;advance=15}>,config/portrait/jinglingtouxiang1/img_584_sbddb@.png,1,5,2,20,1,6,1,<>,battle_bgm.mp3,battle/scene/bg_xcdg.jpg,config/big_hero/normal/img_584_sbddb@.png,{y=70;x=0},126,,1,,<{key=1;value=1};{key=2;value=2};{key=3;value=6}>,97,521,521,,,,9,12,80,12,{22871=0;100=0;5000=0},2730,,,,,,{14=2},{14=2;12=6},,{},{},1,{gold=12000;talent_point=1;rmb=20},{y=724;x=365},{y=612;x=719},<<365;724>>,{},,FALSE,0,{}
21602,凛冽冻原,凜冽凍原,Frigid Tundra,Cánh đồng Băng giá,혹한의 동토,Tundra Gelada,ทุ่งทุนดราเยือกแข็ง,,<{level=99;unitId=60132;advance=14};{level=99;unitId=60472;advance=14};{level=99;unitId=60132;advance=14};{level=99;unitId=60472;advance=14}>,<{level=99;unitId=181423;advance=15}>,config/portrait/jinglingtouxiang1/img_289_qjw@.png,1,5,2,20,1,6,1,<>,battle_bgm.mp3,battle/scene/bg_xcdg.jpg,config/big_hero/normal/img_289_qjw@.png,{y=70;x=0},126,,1,,<{key=1;value=1};{key=2;value=2};{key=3;value=6}>,99,528,528,,,,9,12,80,12,{21421=0;100=0;5000=0},2730,,,,,,{14=2},{14=2;12=6},,{},{},1,{gold=12000;talent_point=1;rmb=20},{y=490;x=929},{y=506;x=1404},<<365;724>;<429;666>;<616;745>;<719;830>;<719;612>;<794;556>;<929;490>>,{},,FALSE,0,{}
21603,凛冽冻原,凜冽凍原,Frigid Tundra,Cánh đồng Băng giá,혹한의 동토,Tundra Gelada,ทุ่งทุนดราเยือกแข็ง,,<{level=100;unitId=60043;advance=14};{level=100;unitId=60552;advance=14};{level=100;unitId=60043;advance=14}>,<{level=100;unitId=183502;advance=15}>,config/portrait/jinglingtouxiang1/img_699_bxjl@.png,1,5,2,20,1,6,1,<>,battle_bgm.mp3,battle/scene/bg_xcdg.jpg,config/big_hero/normal/img_699_bxjl@.png,{y=70;x=0},126,,1,,<{key=1;value=1};{key=2;value=2};{key=3;value=6}>,100,535,535,,,,9,12,80,12,{23501=0;100=0;5000=0},2730,,,,,,{14=2},{14=2;12=6},,{},{},1,{gold=12000;talent_point=1;rmb=20},{y=642;x=1481},{y=982;x=1512},<<929;490>;<1101;506>;<1229;413>;<1404;506>;<1481;642>>,{},,FALSE,0,{}
21604,凛冽冻原,凜冽凍原,Frigid Tundra,Cánh đồng Băng giá,혹한의 동토,Tundra Gelada,ทุ่งทุนดราเยือกแข็ง,,<{level=102;unitId=50601;advance=14};{level=102;unitId=63282;advance=14};{level=102;unitId=50601;advance=14};{level=102;unitId=63282;advance=14};{level=102;unitId=63282;advance=14}>,<{level=102;unitId=181231;advance=15}>,config/portrait/jinglingtouxiang1/img_244_yd@.png,1,5,2,20,1,6,1,<>,battle_bgm.mp3,battle/scene/bg_xcdg.jpg,config/big_hero/normal/img_244_yd@.png,{y=70;x=0},126,,1,,<{key=1;value=1};{key=2;value=2};{key=3;value=6}>,102,542,542,,,,9,12,80,12,{21231=0;100=0;5000=0},2730,,,,,,{14=2},{14=2;12=6},,{},{},1,{gold=12000;talent_point=1;rmb=20},{y=891;x=1762},{y=535;x=2108},<<1481;642>;<1481;776>;<1302;921>;<1512;982>;<1600;975>;<1762;891>>,{},,FALSE,0,{}
21605,凛冽冻原,凜冽凍原,Frigid Tundra,Cánh đồng Băng giá,혹한의 동토,Tundra Gelada,ทุ่งทุนดราเยือกแข็ง,,<{level=103;unitId=60571;advance=14};{level=103;unitId=60571;advance=14};{level=103;unitId=63282;advance=14};{level=103;unitId=63282;advance=14}>,<{level=103;unitId=183021;advance=15}>,config/portrait/jinglingtouxiang1/img_615_jhxh@.png,1,5,2,20,1,6,1,<>,battle_bgm.mp3,battle/scene/bg_xcdg.jpg,config/big_hero/normal/img_615_jhxh@.png,{y=70;x=0},126,,1,,<{key=1;value=1};{key=2;value=2};{key=3;value=6}>,103,549,549,,,,9,12,80,12,{23021=0;100=0;5000=0},2730,,,,,,{14=2},{14=2;12=6},,{},{},1,{},{y=301;x=1708},,<<1762;891>;<2019;745>;<2125;656>;<2108;535>;<1901;577>;<1883;431>;<1708;301>>,{},,FALSE,0,{}
21701,游乐园,遊樂園,Amusement Park,Công viên Giải trí,놀이공원,Parque de Diversões,สวนสนุก,,<{level=104;unitId=60053;advance=14};{level=104;unitId=60053;advance=14};{level=104;unitId=60002;advance=14};{level=104;unitId=60002;advance=14}>,<{level=104;unitId=73471;advance=15}>,config/portrait/jinglingtouxiang1/img_692_tbqx@.png,1,5,2,20,1,6,1,<>,battle_bgm.mp3,battle/scene/bg_xcdg.jpg,config/big_hero/normal/img_692_tbqx@.png,{y=70;x=0},127,,1,,<{key=1;value=1};{key=2;value=2};{key=3;value=6}>,104,556,556,,,,9,12,80,12,{23471=0;100=0;5000=0},2940,,,,,,{14=2;13=2},{14=2;13=4},,{},{},1,{gold=12000;talent_point=1;rmb=20},{y=301;x=638},{y=380;x=1041},<<638;301>>,{},,FALSE,0,{}
21702,游乐园,遊樂園,Amusement Park,Công viên Giải trí,놀이공원,Parque de Diversões,สวนสนุก,,<{level=106;unitId=60132;advance=14};{level=106;unitId=60472;advance=14};{level=106;unitId=60132;advance=14};{level=106;unitId=60472;advance=14}>,<{level=106;unitId=183351;advance=15}>,config/portrait/jinglingtouxiang1/img_669_hbb@.png,1,5,2,20,1,6,1,<>,battle_bgm.mp3,battle/scene/bg_xcdg.jpg,config/big_hero/normal/img_669_hbb@.png,{y=70;x=0},127,,1,,<{key=1;value=1};{key=2;value=2};{key=3;value=6}>,106,563,563,,,,9,12,80,12,{23351=0;100=0;5000=0},2940,,,,,,{14=2;13=2},{14=2;13=4},,{},{},1,{gold=12000;talent_point=1;rmb=20},{y=642;x=715},{y=459;x=1298},<<638;301>;<892;305>;<1041;380>;<1023;487>;<715;642>>,{},,FALSE,0,{}
21703,游乐园,遊樂園,Amusement Park,Công viên Giải trí,놀이공원,Parque de Diversões,สวนสนุก,,<{level=107;unitId=60043;advance=14};{level=107;unitId=60552;advance=14};{level=107;unitId=60043;advance=14}>,<{level=107;unitId=183341;advance=15}>,config/portrait/jinglingtouxiang1/img_667_xss@.png,1,5,2,20,1,6,1,<>,battle_bgm.mp3,battle/scene/bg_xcdg.jpg,config/big_hero/normal/img_667_xss@.png,{y=70;x=0},127,,1,,<{key=1;value=1};{key=2;value=2};{key=3;value=6}>,107,570,570,,,,9,12,80,12,{23341=0;100=0;5000=0},2940,,,,,,{14=2;13=2},{14=2;13=4},,{},{},1,{gold=12000;talent_point=1;rmb=20},{y=489;x=1452},{y=403;x=1947},<<715;642>;<805;675>;<1083;538>;<1119;582>;<1298;459>;<1452;489>>,{},,FALSE,0,{}
21704,游乐园,遊樂園,Amusement Park,Công viên Giải trí,놀이공원,Parque de Diversões,สวนสนุก,,<{level=109;unitId=50601;advance=14};{level=109;unitId=63282;advance=14};{level=109;unitId=50601;advance=14};{level=109;unitId=63282;advance=14};{level=109;unitId=63282;advance=14}>,<{level=109;unitId=181171;advance=15}>,config/portrait/jinglingtouxiang1/img_228_dlb@.png,1,5,2,20,1,6,1,<>,battle_bgm.mp3,battle/scene/bg_xcdg.jpg,config/big_hero/normal/img_228_dlb@.png,{y=70;x=0},127,,1,,<{key=1;value=1};{key=2;value=2};{key=3;value=6}>,109,577,577,,,,9,12,80,12,{21171=0;100=0;5000=0},2940,,,,,,{14=2;13=2},{14=2;13=4},,{},{},1,{gold=12000;talent_point=1;rmb=20},{y=538;x=2055},{y=811;x=1581},<<1452;489>;<1626;523>;<1751;470>;<1947;403>;<1958;487>;<2055;538>>,{},,FALSE,0,{}
21705,游乐园,遊樂園,Amusement Park,Công viên Giải trí,놀이공원,Parque de Diversões,สวนสนุก,,<{level=110;unitId=60571;advance=15};{level=110;unitId=60571;advance=15};{level=110;unitId=63282;advance=15};{level=110;unitId=63282;advance=15}>,<{level=110;unitId=181811;advance=16}>,config/portrait/jinglingtouxiang1/img_355_yxl@.png,1,5,2,20,1,6,1,<>,battle_bgm.mp3,battle/scene/bg_xcdg.jpg,config/big_hero/normal/img_355_yxl@.png,{y=70;x=0},127,,1,,<{key=1;value=1};{key=2;value=2};{key=3;value=6}>,110,584,584,,,,9,12,80,12,{21811=0;100=0;5000=0},2940,,,,,,{14=2;13=2},{14=2;13=4},,{},{},1,{},{y=1089;x=1390},,<<2055;538>;<2022;675>;<1783;793>;<1697;781>;<1581;811>;<1371;857>;<1352;953>;<1435;1023>;<1390;1089>>,{},,FALSE,0,{}
21801,饲育家学校,飼育家學校,Breeder School,Trường học Người nhân giống,사육사 학교,Escola de Criadores,โรงเรียนผู้เพาะพันธุ์,,<{level=111;unitId=60333;advance=15};{level=111;unitId=60333;advance=15}>,<{level=111;unitId=70013;advance=16}>,config/portrait/jinglingtouxiang1/img_6_phl@.png,1,5,2,20,1,6,1,<>,battle_bgm.mp3,battle/scene/bg_xcdg.jpg,config/big_hero/normal/img_6_phl@.png,{y=70;x=0},128,,1,,<{key=1;value=1};{key=2;value=2};{key=3;value=6}>,111,591,591,,,,9,12,80,12,{5000=0;100=0;20011=0},3150,,,,,,{14=2;13=4},{14=4},,{},{},1,{gold=12000;talent_point=1;rmb=20},{y=246;x=1822},{y=358;x=1456},<<1822;246>>,{},,FALSE,0,{}
21802,饲育家学校,飼育家學校,Breeder School,Trường học Người nhân giống,사육사 학교,Escola de Criadores,โรงเรียนผู้เพาะพันธุ์,,<{level=113;unitId=62012;advance=15};{level=113;unitId=62012;advance=15};{level=113;unitId=60092;advance=15};{level=113;unitId=60092;advance=15}>,<{level=113;unitId=180593;advance=16}>,config/portrait/jinglingtouxiang1/img_466_djms@.png,1,5,2,20,1,6,1,<>,battle_bgm.mp3,battle/scene/bg_xcdg.jpg,config/big_hero/normal/img_466_djms@.png,{y=70;x=0},128,,1,,<{key=1;value=1};{key=2;value=2};{key=3;value=6}>,113,598,598,,,,9,12,80,12,{100=0;20591=0;5000=0},3150,,,,,,{14=2;13=4},{14=4},,{},{},1,{gold=12000;talent_point=1;rmb=20},{y=519;x=1551},{y=867;x=1918},<<1822;246>;<1290;279>;<1456;358>;<1551;519>>,{},,FALSE,0,{}
21803,饲育家学校,飼育家學校,Breeder School,Trường học Người nhân giống,사육사 학교,Escola de Criadores,โรงเรียนผู้เพาะพันธุ์,,<{level=114;unitId=60043;advance=15};{level=114;unitId=60043;advance=15}>,<{level=114;unitId=180053;advance=16}>,config/portrait/jinglingtouxiang1/img_18_dbn@.png,1,5,2,20,1,6,1,<>,battle_bgm.mp3,battle/scene/bg_xcdg.jpg,config/big_hero/normal/img_18_dbn@.png,{y=70;x=0},128,,1,,<{key=1;value=1};{key=2;value=2};{key=3;value=6}>,114,605,605,,,,9,12,80,12,{20051=0;100=0;5000=0},3150,,,,,,{14=2;13=4},{14=4},,{},{},1,{gold=12000;talent_point=1;rmb=20},{y=960;x=1733},{y=852;x=1302},<<1551;519>;<1674;462>;<2019;599>;<2119;709>;<1918;867>;<1733;960>>,{},,FALSE,0,{}
21804,饲育家学校,飼育家學校,Breeder School,Trường học Người nhân giống,사육사 학교,Escola de Criadores,โรงเรียนผู้เพาะพันธุ์,,<{level=116;unitId=50593;advance=15};{level=116;unitId=50092;advance=15};{level=116;unitId=60593;advance=15};{level=116;unitId=60092;advance=15}>,<{level=116;unitId=180883;advance=16}>,config/portrait/jinglingtouxiang1/img_181_dl@.png,1,5,2,20,1,6,1,<>,battle_bgm.mp3,battle/scene/bg_xcdg.jpg,config/big_hero/normal/img_181_dl@.png,{y=70;x=0},128,,1,,<{key=1;value=1};{key=2;value=2};{key=3;value=6}>,116,612,612,,,,9,12,80,12,{20881=0;100=0;5000=0},3150,,,,,,{14=2;13=4},{14=4},,{},{},1,{gold=12000;talent_point=1;rmb=20},{y=762;x=1060},{y=598;x=631},<<1733;960>;<1529;906>;<1440;960>;<1302;852>;<1060;762>>,{},,FALSE,0,{}
21805,饲育家学校,飼育家學校,Breeder School,Trường học Người nhân giống,사육사 학교,Escola de Criadores,โรงเรียนผู้เพาะพันธุ์,,<{level=117;unitId=61252;advance=15};{level=117;unitId=61252;advance=15}>,<{level=117;unitId=180393;advance=16}>,config/portrait/jinglingtouxiang1/img_94_gg@.png,1,5,2,20,1,6,1,<>,battle_bgm.mp3,battle/scene/bg_xcdg.jpg,config/big_hero/normal/img_94_gg@.png,{y=70;x=0},128,,1,,<{key=1;value=1};{key=2;value=2};{key=3;value=6}>,117,619,619,,,,9,12,80,12,{20391=0;100=0;5000=0},3150,,,,,,{14=2;13=4},{14=4},,{},{},1,{},{y=1051;x=680},,<<1060;762>;<974;599>;<842;569>;<631;598>;<537;670>;<590;788>;<646;878>;<590;1004>;<680;1051>>,{},,FALSE,0,{}
21901,马戏团,馬戲團,Circus,Rạp xiếc,서커스단,Circo,คณะละครสัตว์,,<{level=118;unitId=60061;advance=15};{level=118;unitId=61902;advance=15};{level=118;unitId=63543;advance=15};{level=118;unitId=63351;advance=15}>,<{level=118;unitId=70023;advance=16}>,config/portrait/jinglingtouxiang1/img_9_sjg@.png,1,5,2,20,1,6,1,<>,battle_bgm.mp3,battle/scene/bg_xcdg.jpg,config/big_hero/normal/img_9_sjg@.png,{y=70;x=0},129,,1,,<{key=1;value=1};{key=2;value=2};{key=3;value=6}>,118,626,626,,,,9,12,80,12,{5000=0;100=0;20021=0},3360,,,,,,{14=4},{14=4;13=4},,{},{},1,{gold=12000;talent_point=1;rmb=20},{y=747;x=2071},{y=331;x=1747},<<2071;747>>,{},,FALSE,0,{}
21902,马戏团,馬戲團,Circus,Rạp xiếc,서커스단,Circo,คณะละครสัตว์,,<{level=120;unitId=60121;advance=15};{level=120;unitId=60371;advance=15};{level=120;unitId=60071;advance=15};{level=120;unitId=61252;advance=15}>,<{level=120;unitId=180572;advance=16}>,config/portrait/jinglingtouxiang1/img_212_jqtl@.png,1,5,2,20,1,6,1,<>,battle_bgm.mp3,battle/scene/bg_xcdg.jpg,config/big_hero/normal/img_212_jqtl@.png,{y=70;x=0},129,,1,,<{key=1;value=1};{key=2;value=2};{key=3;value=6}>,120,633,633,,,,9,12,80,12,{100=0;20571=0;5000=0},3360,,,,,,{14=4},{14=4;13=4},,{},{},1,{gold=12000;talent_point=1;rmb=20},{y=349;x=1417},{y=444;x=776},<<2071;747>;<1914;683>;<1914;581>;<1782;540>;<1687;478>;<1838;359>;<1747;331>;<1561;289>;<1417;349>>,{},,FALSE,0,{}
21903,马戏团,馬戲團,Circus,Rạp xiếc,서커스단,Circo,คณะละครสัตว์,,<{level=121;unitId=61903;advance=15};{level=121;unitId=61501;advance=15};{level=121;unitId=60282;advance=15}>,<{level=121;unitId=180273;advance=16}>,config/portrait/jinglingtouxiang1/img_68_gl@.png,1,5,2,20,1,6,1,<>,battle_bgm.mp3,battle/scene/bg_xcdg.jpg,config/big_hero/normal/img_68_gl@.png,{y=70;x=0},129,,1,,<{key=1;value=1};{key=2;value=2};{key=3;value=6}>,121,640,640,,,,9,12,80,12,{5000=0;100=0;20271=0},3360,,,,,,{14=4},{14=4;13=4},,{},{},1,{gold=12000;talent_point=1;rmb=20},{y=549;x=625},{y=663;x=1015},<<1417;349>;<1302;262>;<1034;345>;<923;420>;<776;444>;<759;518>;<625;549>>,{},,FALSE,0,{}
21904,马戏团,馬戲團,Circus,Rạp xiếc,서커스단,Circo,คณะละครสัตว์,,<{level=123;unitId=50171;advance=15};{level=123;unitId=60464;advance=15};{level=123;unitId=53302;advance=15};{level=123;unitId=63561;advance=15};{level=123;unitId=60111;advance=15}>,<{level=123;unitId=180283;advance=16}>,config/portrait/jinglingtouxiang1/img_71_dsh@.png,1,5,2,20,1,6,1,<>,battle_bgm.mp3,battle/scene/bg_xcdg.jpg,config/big_hero/normal/img_71_dsh@.png,{y=70;x=0},129,,1,,<{key=1;value=1};{key=2;value=2};{key=3;value=6}>,123,647,647,,,,9,12,80,12,{20281=0;100=0;5000=0},3360,,,,,,{14=4},{14=4;13=4},,{},{},1,{gold=12000;talent_point=1;rmb=20},{y=942;x=971},{y=788;x=1402},<<625;549>;<770;629>;<856;631>;<1015;663>;<971;942>>,{},,FALSE,0,{}
21905,马戏团,馬戲團,Circus,Rạp xiếc,서커스단,Circo,คณะละครสัตว์,,<{level=124;unitId=60632;advance=15};{level=124;unitId=60132;advance=15};{level=124;unitId=60093;advance=15};{level=124;unitId=63502;advance=15}>,<{level=124;unitId=180603;advance=16}>,config/portrait/jinglingtouxiang1/img_467_yzys@.png,1,5,2,20,1,6,1,<>,battle_bgm.mp3,battle/scene/bg_xcdg.jpg,config/big_hero/normal/img_467_yzys@.png,{y=70;x=0},129,,1,,<{key=1;value=1};{key=2;value=2};{key=3;value=6}>,124,654,654,,,,9,12,80,12,{100=0;20601=0;5000=0},3360,,,,,,{14=4},{14=4;13=4},,{},{},1,{},{y=1066;x=1302},,<<971;942>;<1204;774>;<1402;788>;<1484;950>;<1458;1036>;<1302;1066>>,{},,FALSE,0,{}
22001,暗影山,暗影山,Shadow Mountain,Núi Bóng tối,그림자 산,Montanha das Sombras,ภูเขาเงา,,<{level=126;unitId=63303;advance=20};{level=126;unitId=63021;advance=20};{level=126;unitId=61812;advance=20};{level=126;unitId=60273;advance=20}>,<{level=126;unitId=70222;advance=22}>,config/portrait/jinglingtouxiang1/img_55_gdy@.png,1,5,2,20,1,6,1,<>,battle_bgm.mp3,battle/scene/bg_xcdg.jpg,config/big_hero/normal/img_55_gdy@.png,{y=70;x=0},130,,1,,<{key=1;value=1};{key=2;value=2};{key=3;value=6}>,126,666,666,,,,9,12,80,12,{20221=0;100=0;5000=0},3570,,,,,,{14=4;13=2},{14=6},,{},{},1,{gold=12000;talent_point=1;rmb=20},{y=267;x=1365},{y=373;x=854},<<1365;267>>,{},,FALSE,0,{}
22002,暗影山,暗影山,Shadow Mountain,Núi Bóng tối,그림자 산,Montanha das Sombras,ภูเขาเงา,,<{level=127;unitId=60052;advance=20};{level=127;unitId=60272;advance=20};{level=127;unitId=62633;advance=20};{level=127;unitId=63352;advance=20}>,<{level=127;unitId=180242;advance=22}>,config/portrait/jinglingtouxiang1/img_59_fsg@.png,1,5,2,20,1,6,1,<>,battle_bgm.mp3,battle/scene/bg_xcdg.jpg,config/big_hero/normal/img_59_fsg@.png,{y=70;x=0},130,,1,,<{key=1;value=1};{key=2;value=2};{key=3;value=6}>,127,673,673,,,,9,12,80,12,{5000=0;100=0;20241=0},3570,,,,,,{14=4;13=2},{14=6},,{},{},1,{gold=12000;talent_point=1;rmb=20},{y=426;x=661},{y=747;x=713},<<1365;267>;<1234;385>;<1121;419>;<1009;323>;<854;373>;<661;426>>,{},,FALSE,0,{}
22003,暗影山,暗影山,Shadow Mountain,Núi Bóng tối,그림자 산,Montanha das Sombras,ภูเขาเงา,,<{level=128;unitId=63411;advance=20};{level=128;unitId=63301;advance=20};{level=128;unitId=63541;advance=20}>,<{level=128;unitId=182843;advance=22}>,config/portrait/jinglingtouxiang1/img_576_gdxj@.png,1,5,2,20,1,6,1,<>,battle_bgm.mp3,battle/scene/bg_xcdg.jpg,config/big_hero/normal/img_576_gdxj@.png,{y=70;x=0},130,,1,,<{key=1;value=1};{key=2;value=2};{key=3;value=6}>,128,680,680,,,,9,12,80,12,{22841=0;100=0;5000=0},3570,,,,,,{14=4;13=2},{14=6},,{},{},1,{gold=12000;talent_point=1;rmb=20},{y=859;x=999},{y=673;x=1490},<<661;426>;<529;533>;<511;662>;<418;824>;<551;759>;<713;747>;<999;859>>,{},,FALSE,0,{}
22004,暗影山,暗影山,Shadow Mountain,Núi Bóng tối,그림자 산,Montanha das Sombras,ภูเขาเงา,,<{level=129;unitId=63543;advance=20};{level=129;unitId=62073;advance=20};{level=129;unitId=60301;advance=20};{level=129;unitId=60053;advance=20}>,<{level=129;unitId=182993;advance=22}>,config/portrait/jinglingtouxiang1/img_609_sjdhl@.png,1,5,2,20,1,6,1,<>,battle_bgm.mp3,battle/scene/bg_xcdg.jpg,config/big_hero/normal/img_609_sjdhl@.png,{y=70;x=0},130,,1,,<{key=1;value=1};{key=2;value=2};{key=3;value=6}>,129,687,687,,,,9,12,80,12,{22991=0;100=0;5000=0},3570,,,,,,{14=4;13=2},{14=6},,{},{},1,{gold=12000;talent_point=1;rmb=20},{y=462;x=1713},{y=902;x=1968},<<999;859>;<1287;693>;<1490;673>;<1574;508>;<1713;462>>,{},,FALSE,0,{}
22005,暗影山,暗影山,Shadow Mountain,Núi Bóng tối,그림자 산,Montanha das Sombras,ภูเขาเงา,,<{level=130;unitId=70102;advance=20};{level=130;unitId=70192;advance=20};{level=130;unitId=71443;advance=20};{level=130;unitId=70283;advance=20}>,<{level=130;unitId=183592;advance=22}>,config/portrait/jinglingtouxiang1/img_715_ybl@.png,1,5,2,20,1,6,1,<>,battle_bgm.mp3,battle/scene/bg_xcdg.jpg,config/big_hero/normal/img_715_ybl@.png,{y=70;x=0},130,,1,,<{key=1;value=1};{key=2;value=2};{key=3;value=6}>,130,694,694,,,,9,12,80,12,{23591=0;100=0;5000=0},3570,,,,,,{14=4;13=2},{14=6},,{},{},1,{},{y=985;x=1461},,<<1713;462>;<1930;539>;<2025;610>;<1892;749>;<1968;902>;<1753;926>;<1461;985>>,{},,FALSE,0,{}
22101,香薰市,香薰市,Aromassee,Thành phố Aromassee,아로마시티,Aromassee,เมืองอโรมัสซี,,<{level=131;unitId=62351;advance=21};{level=131;unitId=60171;advance=21};{level=131;unitId=60013;advance=21};{level=131;unitId=60033;advance=21}>,<{level=131;unitId=70341;advance=23}>,config/portrait/jinglingtouxiang1/img_83_dcy@.png,1,5,2,20,1,6,1,<>,battle_bgm.mp3,battle/scene/bg_xcdg.jpg,config/big_hero/normal/img_83_dcy@.png,{y=70;x=0},131,,1,,<{key=1;value=1};{key=2;value=2};{key=3;value=6}>,131,701,701,,,,9,12,80,12,{100=0;20341=0;5000=0},3570,,,,,,{14=4;13=2},{14=6},,{},{},1,{gold=12000;talent_point=1;rmb=20},{y=397;x=463},{y=306;x=1005},<<463;397>>,{},,FALSE,0,{}
22102,香薰市,香薰市,Aromassee,Thành phố Aromassee,아로마시티,Aromassee,เมืองอโรมัสซี,,<{level=132;unitId=60351;advance=21};{level=132;unitId=61241;advance=21};{level=132;unitId=61811;advance=21};{level=132;unitId=63562;advance=21}>,<{level=132;unitId=180491;advance=23}>,config/portrait/jinglingtouxiang1/img_111_djxn@.png,1,5,2,20,1,6,1,<>,battle_bgm.mp3,battle/scene/bg_xcdg.jpg,config/big_hero/normal/img_111_djxn@.png,{y=70;x=0},131,,1,,<{key=1;value=1};{key=2;value=2};{key=3;value=6}>,132,708,708,,,,9,12,80,12,{20491=0;100=0;5000=0},3570,,,,,,{14=4;13=2},{14=6},,{},{},1,{gold=12000;talent_point=1;rmb=20},{y=653;x=752},{y=337;x=1371},<<463;397>;<752;345>;<881;283>;<1005;306>;<881;463>;<883;596>;<752;653>>,{},,FALSE,0,{}
22103,香薰市,香薰市,Aromassee,Thành phố Aromassee,아로마시티,Aromassee,เมืองอโรมัสซี,,<{level=133;unitId=60351;advance=21};{level=133;unitId=62301;advance=21};{level=133;unitId=62303;advance=21}>,<{level=133;unitId=181311;advance=23}>,config/portrait/jinglingtouxiang1/img_258_syy@.png,1,5,2,20,1,6,1,<>,battle_bgm.mp3,battle/scene/bg_xcdg.jpg,config/big_hero/normal/img_258_syy@.png,{y=70;x=0},131,,1,,<{key=1;value=1};{key=2;value=2};{key=3;value=6}>,133,715,715,,,,9,12,80,12,{21311=0;100=0;5000=0},3570,,,,,,{14=4;13=2},{14=6},,{},{},1,{gold=12000;talent_point=1;rmb=20},{y=348;x=1567},{y=663;x=1751},<<752;653>;<915;667>;<1154;448>;<1371;337>;<1567;348>>,{},,FALSE,0,{}
22104,香薰市,香薰市,Aromassee,Thành phố Aromassee,아로마시티,Aromassee,เมืองอโรมัสซี,,<{level=134;unitId=62231;advance=21};{level=134;unitId=60332;advance=21};{level=134;unitId=63003;advance=21};{level=134;unitId=60331;advance=21}>,<{level=134;unitId=181802;advance=23}>,config/portrait/jinglingtouxiang1/img_354_zzww@.png,1,5,2,20,1,6,1,<>,battle_bgm.mp3,battle/scene/bg_xcdg.jpg,config/big_hero/normal/img_354_zzww@.png,{y=70;x=0},131,,1,,<{key=1;value=1};{key=2;value=2};{key=3;value=6}>,134,722,722,,,,9,12,80,12,{21801=0;100=0;5000=0},3570,,,,,,{14=4;13=2},{14=6},,{},{},1,{gold=12000;talent_point=1;rmb=20},{y=822;x=1835},{y=931;x=1034},<<1567;348>;<1747;389>;<1746;499>;<1559;663>;<1751;663>;<1835;822>>,{},,FALSE,0,{}
22105,香薰市,香薰市,Aromassee,Thành phố Aromassee,아로마시티,Aromassee,เมืองอโรมัสซี,,<{level=135;unitId=71901;advance=21};{level=135;unitId=70031;advance=21};{level=135;unitId=73143;advance=21};{level=135;unitId=70282;advance=21}>,<{level=135;unitId=182721;advance=23}>,config/portrait/jinglingtouxiang1/img_551_hye@.png,1,5,2,20,1,6,1,<>,battle_bgm.mp3,battle/scene/bg_xcdg.jpg,config/big_hero/normal/img_551_hye@.png,{y=70;x=0},131,,1,,<{key=1;value=1};{key=2;value=2};{key=3;value=6}>,135,729,729,,,,9,12,80,12,{22721=0;100=0;5000=0},3570,,,,,,{14=4;13=2},{14=6},,{},{},1,{},{y=743;x=1278},,<<1835;822>;<1601;956>;<1489;991>;<1034;931>;<881;994>;<986;779>;<1278;743>>,{},,FALSE,0,{}
22201,枯叶市,枯葉市,Vermilion City,Thành phố Vermilion,갈색시티,Cidade de Vermilion,เมืองคุจิบะ,,<{level=136;unitId=60601;advance=22};{level=136;unitId=61351;advance=22};{level=136;unitId=63282;advance=22};{level=136;unitId=61292;advance=22}>,<{level=136;unitId=180151;advance=24}>,config/portrait/jinglingtouxiang1/img_174_bbd@.png,1,5,2,20,1,6,1,<>,battle_bgm.mp3,battle/scene/bg_xcdg.jpg,config/big_hero/normal/img_174_bbd@.png,{y=70;x=0},132,,1,,<{key=1;value=1};{key=2;value=2};{key=3;value=6}>,136,736,736,,,,9,12,80,12,{20151=0;100=0;5000=0},3570,,,,,,{14=4;13=2},{14=6},,{},{},1,{gold=12000;talent_point=1;rmb=20},{y=240;x=1600},{y=356;x=978},<<1600;240>>,{},,FALSE,0,{}
22202,枯叶市,枯葉市,Vermilion City,Thành phố Vermilion,갈색시티,Cidade de Vermilion,เมืองคุจิบะ,,<{level=137;unitId=60601;advance=22};{level=137;unitId=63282;advance=22};{level=137;unitId=60302;advance=22}>,<{level=137;unitId=242031;advance=24}>,config/portrait/jinglingtouxiang1/img_393_bjm@.png,1,5,2,20,1,6,1,<>,battle_bgm.mp3,battle/scene/bg_xcdg.jpg,config/big_hero/normal/img_393_bjm@.png,{y=70;x=0},132,,1,,<{key=1;value=1};{key=2;value=2};{key=3;value=6}>,137,743,743,,,,9,12,80,12,{22031=0;100=0;5000=0},3570,,,,,,{14=4;13=2},{14=6},,{},{},1,{gold=12000;talent_point=1;rmb=20},{y=574;x=790},{y=558;x=1436},<<1600;240>;<1196;318>;<978;356>;<978;356>;<790;574>>,{},,FALSE,0,{}
22203,枯叶市,枯葉市,Vermilion City,Thành phố Vermilion,갈색시티,Cidade de Vermilion,เมืองคุจิบะ,,<{level=138;unitId=61421;advance=22};{level=138;unitId=61421;advance=22};{level=138;unitId=60892;advance=22};{level=138;unitId=60692;advance=22}>,<{level=138;unitId=183001;advance=24}>,config/portrait/jinglingtouxiang1/img_610_yy@.png,1,5,2,20,1,6,1,<>,battle_bgm.mp3,battle/scene/bg_xcdg.jpg,config/big_hero/normal/img_610_yy@.png,{y=70;x=0},132,,1,,<{key=1;value=1};{key=2;value=2};{key=3;value=6}>,138,750,750,,,,9,12,80,12,{23001=0;100=0;5000=0},3570,,,,,,{14=4;13=2},{14=6},,{},{},1,{gold=12000;talent_point=1;rmb=20},{y=718;x=1736},{y=1096;x=1488},<<790;574>;<1276;612>;<1436;558>;<1436;558>;<1736;718>>,{},,FALSE,0,{}
22204,枯叶市,枯葉市,Vermilion City,Thành phố Vermilion,갈색시티,Cidade de Vermilion,เมืองคุจิบะ,,<{level=139;unitId=72631;advance=22};{level=139;unitId=73302;advance=22};{level=139;unitId=70471;advance=22};{level=139;unitId=70791;advance=22}>,<{level=139;unitId=181081;advance=24}>,config/portrait/jinglingtouxiang1/img_215_nl@.png,1,5,2,20,1,6,1,<>,battle_bgm.mp3,battle/scene/bg_xcdg.jpg,config/big_hero/normal/img_215_nl@.png,{y=70;x=0},132,,1,,<{key=1;value=1};{key=2;value=2};{key=3;value=6}>,139,757,757,,,,9,12,80,12,{100=0;21081=0;5000=0},3570,,,,,,{14=4;13=2},{14=6},,{},{},1,{gold=12000;talent_point=1;rmb=20},{y=944;x=1260},{y=812;x=1118},<<1736;718>;<1910;840>;<1699;968>;<1488;1096>;<1520;952>;<1260;944>>,{},,FALSE,0,{}
22205,枯叶市,枯葉市,Vermilion City,Thành phố Vermilion,갈색시티,Cidade de Vermilion,เมืองคุจิบะ,,<{level=140;unitId=60052;advance=22};{level=140;unitId=61241;advance=22};{level=140;unitId=63011;advance=22};{level=140;unitId=60331;advance=22}>,<{level=140;unitId=183661;advance=24}>,config/portrait/jinglingtouxiang1/img_722_mmx@.png,1,5,2,20,1,6,1,<>,battle_bgm.mp3,battle/scene/bg_xcdg.jpg,config/big_hero/normal/img_722_mmx@.png,{y=70;x=0},132,,1,,<{key=1;value=1};{key=2;value=2};{key=3;value=6}>,140,764,764,,,,9,12,80,12,{5000=0;100=0;23661=0},3570,,,,,,{14=4;13=2},{14=6},,{},{},1,{},{y=898;x=576},,<<1260;944>;<1118;812>;<976;680>;<576;898>>,{},,FALSE,0,{}
22301,孔普斯镇,孔普斯镇,Compus Town,Thị trấn Compus,콤푸스 마을,Vila Compus,เมืองคอมปัส,,<{level=400;unitId=60053;advance=70};{level=400;unitId=60053;advance=70};{level=400;unitId=60002;advance=70};{level=400;unitId=60002;advance=70}>,<{level=400;unitId=73471;advance=70}>,config/portrait/jinglingtouxiang1/img_692_tbqx@.png,1,5,2,20,1,6,1,<>,battle_bgm.mp3,battle/scene/bg_xcdg.jpg,config/big_hero/normal/img_692_tbqx@.png,{y=70;x=0},133,,1,,<{key=1;value=1};{key=2;value=2};{key=3;value=6}>,400,771,771,,,,9,12,80,12,{23471=0;100=0;5000=0},3780,,,,,,{14=2;13=2},{14=2;13=4},,{},{},1,{gold=12000;talent_point=1;rmb=20},{y=301;x=638},{y=380;x=1041},<<638;301>>,{},,FALSE,0,{}
22302,孔普斯镇,孔普斯镇,Compus Town,Thị trấn Compus,콤푸스 마을,Vila Compus,เมืองคอมปัส,,<{level=410;unitId=60132;advance=70};{level=410;unitId=60472;advance=70};{level=410;unitId=60132;advance=70};{level=410;unitId=60472;advance=70}>,<{level=410;unitId=183351;advance=70}>,config/portrait/jinglingtouxiang1/img_669_hbb@.png,1,5,2,20,1,6,1,<>,battle_bgm.mp3,battle/scene/bg_xcdg.jpg,config/big_hero/normal/img_669_hbb@.png,{y=70;x=0},133,,1,,<{key=1;value=1};{key=2;value=2};{key=3;value=6}>,410,778,778,,,,9,12,80,12,{23351=0;100=0;5000=0},3780,,,,,,{14=2;13=2},{14=2;13=4},,{},{},1,{gold=12000;talent_point=1;rmb=20},{y=642;x=715},{y=459;x=1298},<<638;301>;<892;305>;<1041;380>;<1023;487>;<715;642>>,{},,FALSE,0,{}
22303,孔普斯镇,孔普斯镇,Compus Town,Thị trấn Compus,콤푸스 마을,Vila Compus,เมืองคอมปัส,,<{level=420;unitId=60043;advance=70};{level=420;unitId=60552;advance=70};{level=420;unitId=60043;advance=70}>,<{level=420;unitId=183341;advance=70}>,config/portrait/jinglingtouxiang1/img_667_xss@.png,1,5,2,20,1,6,1,<>,battle_bgm.mp3,battle/scene/bg_xcdg.jpg,config/big_hero/normal/img_667_xss@.png,{y=70;x=0},133,,1,,<{key=1;value=1};{key=2;value=2};{key=3;value=6}>,420,785,785,,,,9,12,80,12,{23341=0;100=0;5000=0},3780,,,,,,{14=2;13=2},{14=2;13=4},,{},{},1,{gold=12000;talent_point=1;rmb=20},{y=489;x=1452},{y=403;x=1947},<<715;642>;<805;675>;<1083;538>;<1119;582>;<1298;459>;<1452;489>>,{},,FALSE,0,{}
22304,孔普斯镇,孔普斯镇,Compus Town,Thị trấn Compus,콤푸스 마을,Vila Compus,เมืองคอมปัส,,<{level=430;unitId=50601;advance=70};{level=430;unitId=63282;advance=70};{level=430;unitId=50601;advance=70};{level=430;unitId=63282;advance=70};{level=430;unitId=63282;advance=70}>,<{level=430;unitId=181171;advance=70}>,config/portrait/jinglingtouxiang1/img_228_dlb@.png,1,5,2,20,1,6,1,<>,battle_bgm.mp3,battle/scene/bg_xcdg.jpg,config/big_hero/normal/img_228_dlb@.png,{y=70;x=0},133,,1,,<{key=1;value=1};{key=2;value=2};{key=3;value=6}>,430,792,792,,,,9,12,80,12,{21171=0;100=0;5000=0},3780,,,,,,{14=2;13=2},{14=2;13=4},,{},{},1,{gold=12000;talent_point=1;rmb=20},{y=538;x=2055},{y=811;x=1581},<<1452;489>;<1626;523>;<1751;470>;<1947;403>;<1958;487>;<2055;538>>,{},,FALSE,0,{}
22305,孔普斯镇,孔普斯镇,Compus Town,Thị trấn Compus,콤푸스 마을,Vila Compus,เมืองคอมปัส,,<{level=440;unitId=60571;advance=70};{level=440;unitId=60571;advance=70};{level=440;unitId=63282;advance=70};{level=440;unitId=63282;advance=70}>,<{level=440;unitId=181811;advance=70}>,config/portrait/jinglingtouxiang1/img_355_yxl@.png,1,5,2,20,1,6,1,<>,battle_bgm.mp3,battle/scene/bg_xcdg.jpg,config/big_hero/normal/img_355_yxl@.png,{y=70;x=0},133,,1,,<{key=1;value=1};{key=2;value=2};{key=3;value=6}>,440,799,799,,,,9,12,80,12,{21811=0;100=0;5000=0},3780,,,,,,{14=2;13=2},{14=2;13=4},,{},{},1,{},{y=1089;x=1390},,<<2055;538>;<2022;675>;<1783;793>;<1697;781>;<1581;811>;<1371;857>;<1352;953>;<1435;1023>;<1390;1089>>,{},,FALSE,0,{}
22401,灯火市,灯火市,Lumiose City,Thành phố Lumiose,미르시티,Cidade de Lumiose,เมืองมิอาร์,,<{level=450;unitId=60333;advance=70};{level=450;unitId=60333;advance=70}>,<{level=450;unitId=70013;advance=70}>,config/portrait/jinglingtouxiang1/img_6_phl@.png,1,5,2,20,1,6,1,<>,battle_bgm.mp3,battle/scene/bg_xcdg.jpg,config/big_hero/normal/img_6_phl@.png,{y=70;x=0},134,,1,,<{key=1;value=1};{key=2;value=2};{key=3;value=6}>,450,806,806,,,,9,12,80,12,{5000=0;100=0;20011=0},3990,,,,,,{14=2;13=4},{14=4},,{},{},1,{gold=12000;talent_point=1;rmb=20},{y=246;x=1822},{y=358;x=1456},<<1822;246>>,{},,FALSE,0,{}
22402,灯火市,灯火市,Lumiose City,Thành phố Lumiose,미르시티,Cidade de Lumiose,เมืองมิอาร์,,<{level=460;unitId=62012;advance=70};{level=460;unitId=62012;advance=70};{level=460;unitId=60092;advance=70};{level=460;unitId=60092;advance=70}>,<{level=460;unitId=180593;advance=70}>,config/portrait/jinglingtouxiang1/img_466_djms@.png,1,5,2,20,1,6,1,<>,battle_bgm.mp3,battle/scene/bg_xcdg.jpg,config/big_hero/normal/img_466_djms@.png,{y=70;x=0},134,,1,,<{key=1;value=1};{key=2;value=2};{key=3;value=6}>,460,813,813,,,,9,12,80,12,{100=0;20591=0;5000=0},3990,,,,,,{14=2;13=4},{14=4},,{},{},1,{gold=12000;talent_point=1;rmb=20},{y=519;x=1551},{y=867;x=1918},<<1822;246>;<1290;279>;<1456;358>;<1551;519>>,{},,FALSE,0,{}
22403,灯火市,灯火市,Lumiose City,Thành phố Lumiose,미르시티,Cidade de Lumiose,เมืองมิอาร์,,<{level=470;unitId=60043;advance=70};{level=470;unitId=60043;advance=70}>,<{level=470;unitId=180053;advance=70}>,config/portrait/jinglingtouxiang1/img_18_dbn@.png,1,5,2,20,1,6,1,<>,battle_bgm.mp3,battle/scene/bg_xcdg.jpg,config/big_hero/normal/img_18_dbn@.png,{y=70;x=0},134,,1,,<{key=1;value=1};{key=2;value=2};{key=3;value=6}>,470,820,820,,,,9,12,80,12,{20051=0;100=0;5000=0},3990,,,,,,{14=2;13=4},{14=4},,{},{},1,{gold=12000;talent_point=1;rmb=20},{y=960;x=1733},{y=852;x=1302},<<1551;519>;<1674;462>;<2019;599>;<2119;709>;<1918;867>;<1733;960>>,{},,FALSE,0,{}
22404,灯火市,灯火市,Lumiose City,Thành phố Lumiose,미르시티,Cidade de Lumiose,เมืองมิอาร์,,<{level=480;unitId=50593;advance=70};{level=480;unitId=50092;advance=70};{level=480;unitId=60593;advance=70};{level=480;unitId=60092;advance=70}>,<{level=480;unitId=180883;advance=70}>,config/portrait/jinglingtouxiang1/img_181_dl@.png,1,5,2,20,1,6,1,<>,battle_bgm.mp3,battle/scene/bg_xcdg.jpg,config/big_hero/normal/img_181_dl@.png,{y=70;x=0},134,,1,,<{key=1;value=1};{key=2;value=2};{key=3;value=6}>,480,827,827,,,,9,12,80,12,{20881=0;100=0;5000=0},3990,,,,,,{14=2;13=4},{14=4},,{},{},1,{gold=12000;talent_point=1;rmb=20},{y=762;x=1060},{y=598;x=631},<<1733;960>;<1529;906>;<1440;960>;<1302;852>;<1060;762>>,{},,FALSE,0,{}
22405,灯火市,灯火市,Lumiose City,Thành phố Lumiose,미르시티,Cidade de Lumiose,เมืองมิอาร์,,<{level=490;unitId=61252;advance=70};{level=490;unitId=61252;advance=70}>,<{level=490;unitId=180393;advance=70}>,config/portrait/jinglingtouxiang1/img_94_gg@.png,1,5,2,20,1,6,1,<>,battle_bgm.mp3,battle/scene/bg_xcdg.jpg,config/big_hero/normal/img_94_gg@.png,{y=70;x=0},134,,1,,<{key=1;value=1};{key=2;value=2};{key=3;value=6}>,490,834,834,,,,9,12,80,12,{20391=0;100=0;5000=0},3990,,,,,,{14=2;13=4},{14=4},,{},{},1,{},{y=1051;x=680},,<<1060;762>;<974;599>;<842;569>;<631;598>;<537;670>;<590;788>;<646;878>;<590;1004>;<680;1051>>,{},,FALSE,0,{}
22501,加布月镇,加布月镇,Gabumoon Town,Thị trấn Gabumoon,가부문 마을,Vila Gabumoon,เมืองกาบุมูน,,<{level=500;unitId=60061;advance=70};{level=500;unitId=61902;advance=70};{level=500;unitId=63543;advance=70};{level=500;unitId=63351;advance=70}>,<{level=500;unitId=70023;advance=70}>,config/portrait/jinglingtouxiang1/img_9_sjg@.png,1,5,2,20,1,6,1,<>,battle_bgm.mp3,battle/scene/bg_xcdg.jpg,config/big_hero/normal/img_9_sjg@.png,{y=70;x=0},135,,1,,<{key=1;value=1};{key=2;value=2};{key=3;value=6}>,500,841,841,,,,9,12,80,12,{5000=0;100=0;20021=0},4200,,,,,,{14=4},{14=4;13=4},,{},{},1,{gold=12000;talent_point=1;rmb=20},{y=747;x=2071},{y=331;x=1747},<<2071;747>>,{},,FALSE,0,{}
22502,加布月镇,加布月镇,Gabumoon Town,Thị trấn Gabumoon,가부문 마을,Vila Gabumoon,เมืองกาบุมูน,,<{level=510;unitId=60121;advance=70};{level=510;unitId=60371;advance=70};{level=510;unitId=60071;advance=70};{level=510;unitId=61252;advance=70}>,<{level=510;unitId=180572;advance=70}>,config/portrait/jinglingtouxiang1/img_212_jqtl@.png,1,5,2,20,1,6,1,<>,battle_bgm.mp3,battle/scene/bg_xcdg.jpg,config/big_hero/normal/img_212_jqtl@.png,{y=70;x=0},135,,1,,<{key=1;value=1};{key=2;value=2};{key=3;value=6}>,510,848,848,,,,9,12,80,12,{100=0;20571=0;5000=0},4200,,,,,,{14=4},{14=4;13=4},,{},{},1,{gold=12000;talent_point=1;rmb=20},{y=349;x=1417},{y=444;x=776},<<2071;747>;<1914;683>;<1914;581>;<1782;540>;<1687;478>;<1838;359>;<1747;331>;<1561;289>;<1417;349>>,{},,FALSE,0,{}
22503,加布月镇,加布月镇,Gabumoon Town,Thị trấn Gabumoon,가부문 마을,Vila Gabumoon,เมืองกาบุมูน,,<{level=520;unitId=61903;advance=70};{level=520;unitId=61501;advance=70};{level=520;unitId=60282;advance=70}>,<{level=520;unitId=180273;advance=70}>,config/portrait/jinglingtouxiang1/img_68_gl@.png,1,5,2,20,1,6,1,<>,battle_bgm.mp3,battle/scene/bg_xcdg.jpg,config/big_hero/normal/img_68_gl@.png,{y=70;x=0},135,,1,,<{key=1;value=1};{key=2;value=2};{key=3;value=6}>,520,855,855,,,,9,12,80,12,{5000=0;100=0;20271=0},4200,,,,,,{14=4},{14=4;13=4},,{},{},1,{gold=12000;talent_point=1;rmb=20},{y=549;x=625},{y=663;x=1015},<<1417;349>;<1302;262>;<1034;345>;<923;420>;<776;444>;<759;518>;<625;549>>,{},,FALSE,0,{}
22504,加布月镇,加布月镇,Gabumoon Town,Thị trấn Gabumoon,가부문 마을,Vila Gabumoon,เมืองกาบุมูน,,<{level=530;unitId=50171;advance=70};{level=530;unitId=60464;advance=70};{level=530;unitId=53302;advance=70};{level=530;unitId=63561;advance=70};{level=530;unitId=60111;advance=70}>,<{level=530;unitId=180283;advance=70}>,config/portrait/jinglingtouxiang1/img_71_dsh@.png,1,5,2,20,1,6,1,<>,battle_bgm.mp3,battle/scene/bg_xcdg.jpg,config/big_hero/normal/img_71_dsh@.png,{y=70;x=0},135,,1,,<{key=1;value=1};{key=2;value=2};{key=3;value=6}>,530,862,862,,,,9,12,80,12,{20281=0;100=0;5000=0},4200,,,,,,{14=4},{14=4;13=4},,{},{},1,{gold=12000;talent_point=1;rmb=20},{y=942;x=971},{y=788;x=1402},<<625;549>;<770;629>;<856;631>;<1015;663>;<971;942>>,{},,FALSE,0,{}
22505,加布月镇,加布月镇,Gabumoon Town,Thị trấn Gabumoon,가부문 마을,Vila Gabumoon,เมืองกาบุมูน,,<{level=540;unitId=60632;advance=70};{level=540;unitId=60132;advance=70};{level=540;unitId=60093;advance=70};{level=540;unitId=63502;advance=70}>,<{level=540;unitId=180603;advance=70}>,config/portrait/jinglingtouxiang1/img_467_yzys@.png,1,5,2,20,1,6,1,<>,battle_bgm.mp3,battle/scene/bg_xcdg.jpg,config/big_hero/normal/img_467_yzys@.png,{y=70;x=0},135,,1,,<{key=1;value=1};{key=2;value=2};{key=3;value=6}>,540,869,869,,,,9,12,80,12,{100=0;20601=0;5000=0},4200,,,,,,{14=4},{14=4;13=4},,{},{},1,{},{y=1066;x=1302},,<<971;942>;<1204;774>;<1402;788>;<1484;950>;<1458;1036>;<1302;1066>>,{},,FALSE,0,{}
22601,菜草镇,菜草镇,Greensod Town,Thị trấn Greensod,채초 마을,Vila Greensod,เมืองไช่เฉ่า,,<{level=550;unitId=63303;advance=70};{level=550;unitId=63021;advance=70};{level=550;unitId=61812;advance=70};{level=550;unitId=60273;advance=70}>,<{level=550;unitId=70222;advance=70}>,config/portrait/jinglingtouxiang1/img_55_gdy@.png,1,5,2,20,1,6,1,<>,battle_bgm.mp3,battle/scene/bg_xcdg.jpg,config/big_hero/normal/img_55_gdy@.png,{y=70;x=0},136,,1,,<{key=1;value=1};{key=2;value=2};{key=3;value=6}>,550,876,876,,,,9,12,80,12,{20221=0;100=0;5000=0},4410,,,,,,{14=4;13=2},{14=6},,{},{},1,{gold=12000;talent_point=1;rmb=20},{y=267;x=1365},{y=373;x=854},<<1365;267>>,{},,FALSE,0,{}
22602,菜草镇,菜草镇,Greensod Town,Thị trấn Greensod,채초 마을,Vila Greensod,เมืองไช่เฉ่า,,<{level=560;unitId=60052;advance=70};{level=560;unitId=60272;advance=70};{level=560;unitId=62633;advance=70};{level=560;unitId=63352;advance=70}>,<{level=560;unitId=180242;advance=70}>,config/portrait/jinglingtouxiang1/img_59_fsg@.png,1,5,2,20,1,6,1,<>,battle_bgm.mp3,battle/scene/bg_xcdg.jpg,config/big_hero/normal/img_59_fsg@.png,{y=70;x=0},136,,1,,<{key=1;value=1};{key=2;value=2};{key=3;value=6}>,560,883,883,,,,9,12,80,12,{5000=0;100=0;20241=0},4410,,,,,,{14=4;13=2},{14=6},,{},{},1,{gold=12000;talent_point=1;rmb=20},{y=426;x=661},{y=747;x=713},<<1365;267>;<1234;385>;<1121;419>;<1009;323>;<854;373>;<661;426>>,{},,FALSE,0,{}
22603,菜草镇,菜草镇,Greensod Town,Thị trấn Greensod,채초 마을,Vila Greensod,เมืองไช่เฉ่า,,<{level=570;unitId=63411;advance=70};{level=570;unitId=63301;advance=70};{level=570;unitId=63541;advance=70}>,<{level=570;unitId=182843;advance=70}>,config/portrait/jinglingtouxiang1/img_576_gdxj@.png,1,5,2,20,1,6,1,<>,battle_bgm.mp3,battle/scene/bg_xcdg.jpg,config/big_hero/normal/img_576_gdxj@.png,{y=70;x=0},136,,1,,<{key=1;value=1};{key=2;value=2};{key=3;value=6}>,570,890,890,,,,9,12,80,12,{22841=0;100=0;5000=0},4410,,,,,,{14=4;13=2},{14=6},,{},{},1,{gold=12000;talent_point=1;rmb=20},{y=859;x=999},{y=673;x=1490},<<661;426>;<529;533>;<511;662>;<418;824>;<551;759>;<713;747>;<999;859>>,{},,FALSE,0,{}
22604,菜草镇,菜草镇,Greensod Town,Thị trấn Greensod,채초 마을,Vila Greensod,เมืองไช่เฉ่า,,<{level=580;unitId=63543;advance=70};{level=580;unitId=62073;advance=70};{level=580;unitId=60301;advance=70};{level=580;unitId=60053;advance=70}>,<{level=580;unitId=182993;advance=70}>,config/portrait/jinglingtouxiang1/img_609_sjdhl@.png,1,5,2,20,1,6,1,<>,battle_bgm.mp3,battle/scene/bg_xcdg.jpg,config/big_hero/normal/img_609_sjdhl@.png,{y=70;x=0},136,,1,,<{key=1;value=1};{key=2;value=2};{key=3;value=6}>,580,897,897,,,,9,12,80,12,{22991=0;100=0;5000=0},4410,,,,,,{14=4;13=2},{14=6},,{},{},1,{gold=12000;talent_point=1;rmb=20},{y=462;x=1713},{y=902;x=1968},<<999;859>;<1287;693>;<1490;673>;<1574;508>;<1713;462>>,{},,FALSE,0,{}
22605,菜草镇,菜草镇,Greensod Town,Thị trấn Greensod,채초 마을,Vila Greensod,เมืองไช่เฉ่า,,<{level=590;unitId=70102;advance=70};{level=590;unitId=70192;advance=70};{level=590;unitId=71443;advance=70};{level=590;unitId=70283;advance=70}>,<{level=590;unitId=183592;advance=70}>,config/portrait/jinglingtouxiang1/img_715_ybl@.png,1,5,2,20,1,6,1,<>,battle_bgm.mp3,battle/scene/bg_xcdg.jpg,config/big_hero/normal/img_715_ybl@.png,{y=70;x=0},136,,1,,<{key=1;value=1};{key=2;value=2};{key=3;value=6}>,590,904,904,,,,9,12,80,12,{23591=0;100=0;5000=0},4410,,,,,,{14=4;13=2},{14=6},,{},{},1,{},{y=985;x=1461},,<<1713;462>;<1930;539>;<2025;610>;<1892;749>;<1968;902>;<1753;926>;<1461;985>>,{},,FALSE,0,{}
22701,钟探镇,钟探镇,Bellchime Town,Thị trấn Bellchime,종탐 마을,Vila Bellchime,เมืองจงท่าน,,<{level=600;unitId=62351;advance=70};{level=600;unitId=60171;advance=70};{level=600;unitId=60013;advance=70};{level=600;unitId=60033;advance=70}>,<{level=600;unitId=70341;advance=70}>,config/portrait/jinglingtouxiang1/img_83_dcy@.png,1,5,2,20,1,6,1,<>,battle_bgm.mp3,battle/scene/bg_xcdg.jpg,config/big_hero/normal/img_83_dcy@.png,{y=70;x=0},137,,1,,<{key=1;value=1};{key=2;value=2};{key=3;value=6}>,600,911,911,,,,9,12,80,12,{100=0;20341=0;5000=0},4620,,,,,,{14=4;13=2},{14=6},,{},{},1,{gold=12000;talent_point=1;rmb=20},{y=397;x=463},{y=306;x=1005},<<463;397>>,{},,FALSE,0,{}
22702,钟探镇,钟探镇,Bellchime Town,Thị trấn Bellchime,종탐 마을,Vila Bellchime,เมืองจงท่าน,,<{level=610;unitId=60351;advance=70};{level=610;unitId=61241;advance=70};{level=610;unitId=61811;advance=70};{level=610;unitId=63562;advance=70}>,<{level=610;unitId=180491;advance=70}>,config/portrait/jinglingtouxiang1/img_111_djxn@.png,1,5,2,20,1,6,1,<>,battle_bgm.mp3,battle/scene/bg_xcdg.jpg,config/big_hero/normal/img_111_djxn@.png,{y=70;x=0},137,,1,,<{key=1;value=1};{key=2;value=2};{key=3;value=6}>,610,918,918,,,,9,12,80,12,{20491=0;100=0;5000=0},4620,,,,,,{14=4;13=2},{14=6},,{},{},1,{gold=12000;talent_point=1;rmb=20},{y=653;x=752},{y=337;x=1371},<<463;397>;<752;345>;<881;283>;<1005;306>;<881;463>;<883;596>;<752;653>>,{},,FALSE,0,{}
22703,钟探镇,钟探镇,Bellchime Town,Thị trấn Bellchime,종탐 마을,Vila Bellchime,เมืองจงท่าน,,<{level=620;unitId=60351;advance=70};{level=620;unitId=62301;advance=70};{level=620;unitId=62303;advance=70}>,<{level=620;unitId=181311;advance=70}>,config/portrait/jinglingtouxiang1/img_258_syy@.png,1,5,2,20,1,6,1,<>,battle_bgm.mp3,battle/scene/bg_xcdg.jpg,config/big_hero/normal/img_258_syy@.png,{y=70;x=0},137,,1,,<{key=1;value=1};{key=2;value=2};{key=3;value=6}>,620,925,925,,,,9,12,80,12,{21311=0;100=0;5000=0},4620,,,,,,{14=4;13=2},{14=6},,{},{},1,{gold=12000;talent_point=1;rmb=20},{y=348;x=1567},{y=663;x=1751},<<752;653>;<915;667>;<1154;448>;<1371;337>;<1567;348>>,{},,FALSE,0,{}
22704,钟探镇,钟探镇,Bellchime Town,Thị trấn Bellchime,종탐 마을,Vila Bellchime,เมืองจงท่าน,,<{level=630;unitId=62231;advance=70};{level=630;unitId=60332;advance=70};{level=630;unitId=63003;advance=70};{level=630;unitId=60331;advance=70}>,<{level=630;unitId=181802;advance=70}>,config/portrait/jinglingtouxiang1/img_354_zzww@.png,1,5,2,20,1,6,1,<>,battle_bgm.mp3,battle/scene/bg_xcdg.jpg,config/big_hero/normal/img_354_zzww@.png,{y=70;x=0},137,,1,,<{key=1;value=1};{key=2;value=2};{key=3;value=6}>,630,932,932,,,,9,12,80,12,{21801=0;100=0;5000=0},4620,,,,,,{14=4;13=2},{14=6},,{},{},1,{gold=12000;talent_point=1;rmb=20},{y=822;x=1835},{y=931;x=1034},<<1567;348>;<1747;389>;<1746;499>;<1559;663>;<1751;663>;<1835;822>>,{},,FALSE,0,{}
22705,钟探镇,钟探镇,Bellchime Town,Thị trấn Bellchime,종탐 마을,Vila Bellchime,เมืองจงท่าน,,<{level=640;unitId=71901;advance=70};{level=640;unitId=70031;advance=70};{level=640;unitId=73143;advance=70};{level=640;unitId=70282;advance=70}>,<{level=640;unitId=182721;advance=70}>,config/portrait/jinglingtouxiang1/img_551_hye@.png,1,5,2,20,1,6,1,<>,battle_bgm.mp3,battle/scene/bg_xcdg.jpg,config/big_hero/normal/img_551_hye@.png,{y=70;x=0},137,,1,,<{key=1;value=1};{key=2;value=2};{key=3;value=6}>,640,939,939,,,,9,12,80,12,{22721=0;100=0;5000=0},4620,,,,,,{14=4;13=2},{14=6},,{},{},1,{},{y=743;x=1278},,<<1835;822>;<1601;956>;<1489;991>;<1034;931>;<881;994>;<986;779>;<1278;743>>,{},,FALSE,0,{}
22801,马拉町,马拉町,Mela Town,Thị trấn Mela,마라 마을,Vila Mela,เมืองมาระ,,<{level=650;unitId=60601;advance=70};{level=650;unitId=61351;advance=70};{level=650;unitId=63282;advance=70};{level=650;unitId=61292;advance=70}>,<{level=650;unitId=180151;advance=70}>,config/portrait/jinglingtouxiang1/img_174_bbd@.png,1,5,2,20,1,6,1,<>,battle_bgm.mp3,battle/scene/bg_xcdg.jpg,config/big_hero/normal/img_174_bbd@.png,{y=70;x=0},138,,1,,<{key=1;value=1};{key=2;value=2};{key=3;value=6}>,650,946,946,,,,9,12,80,12,{20151=0;100=0;5000=0},4830,,,,,,{14=4;13=2},{14=6},,{},{},1,{gold=12000;talent_point=1;rmb=20},{y=240;x=1600},{y=356;x=978},<<1600;240>>,{},,FALSE,0,{}
22802,马拉町,马拉町,Mela Town,Thị trấn Mela,마라 마을,Vila Mela,เมืองมาระ,,<{level=660;unitId=60601;advance=70};{level=660;unitId=63282;advance=70};{level=660;unitId=60302;advance=70}>,<{level=660;unitId=242031;advance=70}>,config/portrait/jinglingtouxiang1/img_393_bjm@.png,1,5,2,20,1,6,1,<>,battle_bgm.mp3,battle/scene/bg_xcdg.jpg,config/big_hero/normal/img_393_bjm@.png,{y=70;x=0},138,,1,,<{key=1;value=1};{key=2;value=2};{key=3;value=6}>,660,953,953,,,,9,12,80,12,{22031=0;100=0;5000=0},4830,,,,,,{14=4;13=2},{14=6},,{},{},1,{gold=12000;talent_point=1;rmb=20},{y=574;x=790},{y=558;x=1436},<<1600;240>;<1196;318>;<978;356>;<978;356>;<790;574>>,{},,FALSE,0,{}
22803,马拉町,马拉町,Mela Town,Thị trấn Mela,마라 마을,Vila Mela,เมืองมาระ,,<{level=670;unitId=61421;advance=70};{level=670;unitId=61421;advance=70};{level=670;unitId=60892;advance=70};{level=670;unitId=60692;advance=70}>,<{level=670;unitId=183001;advance=70}>,config/portrait/jinglingtouxiang1/img_610_yy@.png,1,5,2,20,1,6,1,<>,battle_bgm.mp3,battle/scene/bg_xcdg.jpg,config/big_hero/normal/img_610_yy@.png,{y=70;x=0},138,,1,,<{key=1;value=1};{key=2;value=2};{key=3;value=6}>,670,960,960,,,,9,12,80,12,{23001=0;100=0;5000=0},4830,,,,,,{14=4;13=2},{14=6},,{},{},1,{gold=12000;talent_point=1;rmb=20},{y=718;x=1736},{y=1096;x=1488},<<790;574>;<1276;612>;<1436;558>;<1436;558>;<1736;718>>,{},,FALSE,0,{}
22804,马拉町,马拉町,Mela Town,Thị trấn Mela,마라 마을,Vila Mela,เมืองมาระ,,<{level=680;unitId=72631;advance=70};{level=680;unitId=73302;advance=70};{level=680;unitId=70471;advance=70};{level=680;unitId=70791;advance=70}>,<{level=680;unitId=181081;advance=70}>,config/portrait/jinglingtouxiang1/img_215_nl@.png,1,5,2,20,1,6,1,<>,battle_bgm.mp3,battle/scene/bg_xcdg.jpg,config/big_hero/normal/img_215_nl@.png,{y=70;x=0},138,,1,,<{key=1;value=1};{key=2;value=2};{key=3;value=6}>,680,967,967,,,,9,12,80,12,{100=0;21081=0;5000=0},4830,,,,,,{14=4;13=2},{14=6},,{},{},1,{gold=12000;talent_point=1;rmb=20},{y=944;x=1260},{y=812;x=1118},<<1736;718>;<1910;840>;<1699;968>;<1488;1096>;<1520;952>;<1260;944>>,{},,FALSE,0,{}
22805,马拉町,马拉町,Mela Town,Thị trấn Mela,마라 마을,Vila Mela,เมืองมาระ,,<{level=690;unitId=60052;advance=70};{level=690;unitId=61241;advance=70};{level=690;unitId=63011;advance=70};{level=690;unitId=60331;advance=70}>,<{level=690;unitId=183661;advance=70}>,config/portrait/jinglingtouxiang1/img_722_mmx@.png,1,5,2,20,1,6,1,<>,battle_bgm.mp3,battle/scene/bg_xcdg.jpg,config/big_hero/normal/img_722_mmx@.png,{y=70;x=0},138,,1,,<{key=1;value=1};{key=2;value=2};{key=3;value=6}>,690,974,974,,,,9,12,80,12,{5000=0;100=0;23661=0},4830,,,,,,{14=4;13=2},{14=6},,{},{},1,{},{y=898;x=576},,<<1260;944>;<1118;812>;<976;680>;<576;898>>,{},,FALSE,0,{}
22901,焰摩镇,焰摩镇,Flamora Town,Thị trấn Flamora,염마 마을,Vila Flamora,เมืองเฟลมโมรา,,<{level=700;unitId=60333;advance=70};{level=700;unitId=60333;advance=70}>,<{level=700;unitId=70013;advance=70}>,config/portrait/jinglingtouxiang1/img_6_phl@.png,1,5,2,20,1,6,1,<>,battle_bgm.mp3,battle/scene/bg_xcdg.jpg,config/big_hero/normal/img_6_phl@.png,{y=70;x=0},139,,1,,<{key=1;value=1};{key=2;value=2};{key=3;value=6}>,700,981,981,,,,9,12,80,12,{5000=0;100=0;20011=0},5040,,,,,,{14=2;13=4},{14=4},,{},{},1,{gold=12000;talent_point=1;rmb=20},{y=246;x=1822},{y=358;x=1456},<<1822;246>>,{},,FALSE,0,{}
22902,焰摩镇,焰摩镇,Flamora Town,Thị trấn Flamora,염마 마을,Vila Flamora,เมืองเฟลมโมรา,,<{level=710;unitId=62012;advance=70};{level=710;unitId=62012;advance=70};{level=710;unitId=60092;advance=70};{level=710;unitId=60092;advance=70}>,<{level=710;unitId=180593;advance=70}>,config/portrait/jinglingtouxiang1/img_466_djms@.png,1,5,2,20,1,6,1,<>,battle_bgm.mp3,battle/scene/bg_xcdg.jpg,config/big_hero/normal/img_466_djms@.png,{y=70;x=0},139,,1,,<{key=1;value=1};{key=2;value=2};{key=3;value=6}>,710,988,988,,,,9,12,80,12,{100=0;20591=0;5000=0},5040,,,,,,{14=2;13=4},{14=4},,{},{},1,{gold=12000;talent_point=1;rmb=20},{y=519;x=1551},{y=867;x=1918},<<1822;246>;<1290;279>;<1456;358>;<1551;519>>,{},,FALSE,0,{}
22903,焰摩镇,焰摩镇,Flamora Town,Thị trấn Flamora,염마 마을,Vila Flamora,เมืองเฟลมโมรา,,<{level=720;unitId=60043;advance=70};{level=720;unitId=60043;advance=70}>,<{level=720;unitId=180053;advance=70}>,config/portrait/jinglingtouxiang1/img_18_dbn@.png,1,5,2,20,1,6,1,<>,battle_bgm.mp3,battle/scene/bg_xcdg.jpg,config/big_hero/normal/img_18_dbn@.png,{y=70;x=0},139,,1,,<{key=1;value=1};{key=2;value=2};{key=3;value=6}>,720,995,995,,,,9,12,80,12,{20051=0;100=0;5000=0},5040,,,,,,{14=2;13=4},{14=4},,{},{},1,{gold=12000;talent_point=1;rmb=20},{y=960;x=1733},{y=852;x=1302},<<1551;519>;<1674;462>;<2019;599>;<2119;709>;<1918;867>;<1733;960>>,{},,FALSE,0,{}
22904,焰摩镇,焰摩镇,Flamora Town,Thị trấn Flamora,염마 마을,Vila Flamora,เมืองเฟลมโมรา,,<{level=730;unitId=50593;advance=70};{level=730;unitId=50092;advance=70};{level=730;unitId=60593;advance=70};{level=730;unitId=60092;advance=70}>,<{level=730;unitId=180883;advance=70}>,config/portrait/jinglingtouxiang1/img_181_dl@.png,1,5,2,20,1,6,1,<>,battle_bgm.mp3,battle/scene/bg_xcdg.jpg,config/big_hero/normal/img_181_dl@.png,{y=70;x=0},139,,1,,<{key=1;value=1};{key=2;value=2};{key=3;value=6}>,730,1002,1002,,,,9,12,80,12,{20881=0;100=0;5000=0},5040,,,,,,{14=2;13=4},{14=4},,{},{},1,{gold=12000;talent_point=1;rmb=20},{y=762;x=1060},{y=598;x=631},<<1733;960>;<1529;906>;<1440;960>;<1302;852>;<1060;762>>,{},,FALSE,0,{}
22905,焰摩镇,焰摩镇,Flamora Town,Thị trấn Flamora,염마 마을,Vila Flamora,เมืองเฟลมโมรา,,<{level=740;unitId=61252;advance=70};{level=740;unitId=61252;advance=70}>,<{level=740;unitId=180393;advance=70}>,config/portrait/jinglingtouxiang1/img_94_gg@.png,1,5,2,20,1,6,1,<>,battle_bgm.mp3,battle/scene/bg_xcdg.jpg,config/big_hero/normal/img_94_gg@.png,{y=70;x=0},139,,1,,<{key=1;value=1};{key=2;value=2};{key=3;value=6}>,740,1009,1009,,,,9,12,80,12,{20391=0;100=0;5000=0},5040,,,,,,{14=2;13=4},{14=4},,{},{},1,{},{y=1051;x=680},,<<1060;762>;<974;599>;<842;569>;<631;598>;<537;670>;<590;788>;<646;878>;<590;1004>;<680;1051>>,{},,FALSE,0,{}
23001,冻冻镇,冻冻镇,Frozefield Town,Thị trấn Frozefield,동동 마을,Vila Frozefield,เมืองโฟรซฟิลด์,,<{level=750;unitId=60061;advance=70};{level=750;unitId=61902;advance=70};{level=750;unitId=63543;advance=70};{level=750;unitId=63351;advance=70}>,<{level=750;unitId=70023;advance=70}>,config/portrait/jinglingtouxiang1/img_9_sjg@.png,1,5,2,20,1,6,1,<>,battle_bgm.mp3,battle/scene/bg_xcdg.jpg,config/big_hero/normal/img_9_sjg@.png,{y=70;x=0},140,,1,,<{key=1;value=1};{key=2;value=2};{key=3;value=6}>,750,1016,1016,,,,9,12,80,12,{5000=0;100=0;20021=0},5250,,,,,,{14=4},{14=4;13=4},,{},{},1,{gold=12000;talent_point=1;rmb=20},{y=747;x=2071},{y=331;x=1747},<<2071;747>>,{},,FALSE,0,{}
23002,冻冻镇,冻冻镇,Frozefield Town,Thị trấn Frozefield,동동 마을,Vila Frozefield,เมืองโฟรซฟิลด์,,<{level=760;unitId=60121;advance=70};{level=760;unitId=60371;advance=70};{level=760;unitId=60071;advance=70};{level=760;unitId=61252;advance=70}>,<{level=760;unitId=180572;advance=70}>,config/portrait/jinglingtouxiang1/img_212_jqtl@.png,1,5,2,20,1,6,1,<>,battle_bgm.mp3,battle/scene/bg_xcdg.jpg,config/big_hero/normal/img_212_jqtl@.png,{y=70;x=0},140,,1,,<{key=1;value=1};{key=2;value=2};{key=3;value=6}>,760,1023,1023,,,,9,12,80,12,{100=0;20571=0;5000=0},5250,,,,,,{14=4},{14=4;13=4},,{},{},1,{gold=12000;talent_point=1;rmb=20},{y=349;x=1417},{y=444;x=776},<<2071;747>;<1914;683>;<1914;581>;<1782;540>;<1687;478>;<1838;359>;<1747;331>;<1561;289>;<1417;349>>,{},,FALSE,0,{}
23003,冻冻镇,冻冻镇,Frozefield Town,Thị trấn Frozefield,동동 마을,Vila Frozefield,เมืองโฟรซฟิลด์,,<{level=770;unitId=61903;advance=70};{level=770;unitId=61501;advance=70};{level=770;unitId=60282;advance=70}>,<{level=770;unitId=180273;advance=70}>,config/portrait/jinglingtouxiang1/img_68_gl@.png,1,5,2,20,1,6,1,<>,battle_bgm.mp3,battle/scene/bg_xcdg.jpg,config/big_hero/normal/img_68_gl@.png,{y=70;x=0},140,,1,,<{key=1;value=1};{key=2;value=2};{key=3;value=6}>,770,1030,1030,,,,9,12,80,12,{5000=0;100=0;20271=0},5250,,,,,,{14=4},{14=4;13=4},,{},{},1,{gold=12000;talent_point=1;rmb=20},{y=549;x=625},{y=663;x=1015},<<1417;349>;<1302;262>;<1034;345>;<923;420>;<776;444>;<759;518>;<625;549>>,{},,FALSE,0,{}
23004,冻冻镇,冻冻镇,Frozefield Town,Thị trấn Frozefield,동동 마을,Vila Frozefield,เมืองโฟรซฟิลด์,,<{level=780;unitId=50171;advance=70};{level=780;unitId=60464;advance=70};{level=780;unitId=53302;advance=70};{level=780;unitId=63561;advance=70};{level=780;unitId=60111;advance=70}>,<{level=780;unitId=180283;advance=70}>,config/portrait/jinglingtouxiang1/img_71_dsh@.png,1,5,2,20,1,6,1,<>,battle_bgm.mp3,battle/scene/bg_xcdg.jpg,config/big_hero/normal/img_71_dsh@.png,{y=70;x=0},140,,1,,<{key=1;value=1};{key=2;value=2};{key=3;value=6}>,780,1037,1037,,,,9,12,80,12,{20281=0;100=0;5000=0},5250,,,,,,{14=4},{14=4;13=4},,{},{},1,{gold=12000;talent_point=1;rmb=20},{y=942;x=971},{y=788;x=1402},<<625;549>;<770;629>;<856;631>;<1015;663>;<971;942>>,{},,FALSE,0,{}
23005,冻冻镇,冻冻镇,Frozefield Town,Thị trấn Frozefield,동동 마을,Vila Frozefield,เมืองโฟรซฟิลด์,,<{level=790;unitId=60632;advance=70};{level=790;unitId=60132;advance=70};{level=790;unitId=60093;advance=70};{level=790;unitId=63502;advance=70}>,<{level=790;unitId=180603;advance=70}>,config/portrait/jinglingtouxiang1/img_467_yzys@.png,1,5,2,20,1,6,1,<>,battle_bgm.mp3,battle/scene/bg_xcdg.jpg,config/big_hero/normal/img_467_yzys@.png,{y=70;x=0},140,,1,,<{key=1;value=1};{key=2;value=2};{key=3;value=6}>,790,1044,1044,,,,9,12,80,12,{100=0;20601=0;5000=0},5250,,,,,,{14=4},{14=4;13=4},,{},{},1,{},{y=1066;x=1302},,<<971;942>;<1204;774>;<1402;788>;<1484;950>;<1458;1036>;<1302;1066>>,{},,FALSE,0,{}
23101,宴宿镇,宴宿镇,Festa Town,Thị trấn Festa,연숙 마을,Vila Festa,เมืองเฟสต้า,,<{level=800;unitId=63303;advance=70};{level=800;unitId=63021;advance=70};{level=800;unitId=61812;advance=70};{level=800;unitId=60273;advance=70}>,<{level=800;unitId=70222;advance=70}>,config/portrait/jinglingtouxiang1/img_55_gdy@.png,1,5,2,20,1,6,1,<>,battle_bgm.mp3,battle/scene/bg_xcdg.jpg,config/big_hero/normal/img_55_gdy@.png,{y=70;x=0},141,,1,,<{key=1;value=1};{key=2;value=2};{key=3;value=6}>,800,1051,1051,,,,9,12,80,12,{20221=0;100=0;5000=0},5460,,,,,,{14=4;13=2},{14=6},,{},{},1,{gold=12000;talent_point=1;rmb=20},{y=267;x=1365},{y=373;x=854},<<1365;267>>,{},,FALSE,0,{}
23102,宴宿镇,宴宿镇,Festa Town,Thị trấn Festa,연숙 마을,Vila Festa,เมืองเฟสต้า,,<{level=810;unitId=60052;advance=70};{level=810;unitId=60272;advance=70};{level=810;unitId=62633;advance=70};{level=810;unitId=63352;advance=70}>,<{level=810;unitId=180242;advance=70}>,config/portrait/jinglingtouxiang1/img_59_fsg@.png,1,5,2,20,1,6,1,<>,battle_bgm.mp3,battle/scene/bg_xcdg.jpg,config/big_hero/normal/img_59_fsg@.png,{y=70;x=0},141,,1,,<{key=1;value=1};{key=2;value=2};{key=3;value=6}>,810,1058,1058,,,,9,12,80,12,{5000=0;100=0;20241=0},5460,,,,,,{14=4;13=2},{14=6},,{},{},1,{gold=12000;talent_point=1;rmb=20},{y=426;x=661},{y=747;x=713},<<1365;267>;<1234;385>;<1121;419>;<1009;323>;<854;373>;<661;426>>,{},,FALSE,0,{}
23103,宴宿镇,宴宿镇,Festa Town,Thị trấn Festa,연숙 마을,Vila Festa,เมืองเฟสต้า,,<{level=820;unitId=63411;advance=70};{level=820;unitId=63301;advance=70};{level=820;unitId=63541;advance=70}>,<{level=820;unitId=182843;advance=70}>,config/portrait/jinglingtouxiang1/img_576_gdxj@.png,1,5,2,20,1,6,1,<>,battle_bgm.mp3,battle/scene/bg_xcdg.jpg,config/big_hero/normal/img_576_gdxj@.png,{y=70;x=0},141,,1,,<{key=1;value=1};{key=2;value=2};{key=3;value=6}>,820,1065,1065,,,,9,12,80,12,{22841=0;100=0;5000=0},5460,,,,,,{14=4;13=2},{14=6},,{},{},1,{gold=12000;talent_point=1;rmb=20},{y=859;x=999},{y=673;x=1490},<<661;426>;<529;533>;<511;662>;<418;824>;<551;759>;<713;747>;<999;859>>,{},,FALSE,0,{}
23104,宴宿镇,宴宿镇,Festa Town,Thị trấn Festa,연숙 마을,Vila Festa,เมืองเฟสต้า,,<{level=830;unitId=63543;advance=70};{level=830;unitId=62073;advance=70};{level=830;unitId=60301;advance=70};{level=830;unitId=60053;advance=70}>,<{level=830;unitId=182993;advance=70}>,config/portrait/jinglingtouxiang1/img_609_sjdhl@.png,1,5,2,20,1,6,1,<>,battle_bgm.mp3,battle/scene/bg_xcdg.jpg,config/big_hero/normal/img_609_sjdhl@.png,{y=70;x=0},141,,1,,<{key=1;value=1};{key=2;value=2};{key=3;value=6}>,830,1072,1072,,,,9,12,80,12,{22991=0;100=0;5000=0},5460,,,,,,{14=4;13=2},{14=6},,{},{},1,{gold=12000;talent_point=1;rmb=20},{y=462;x=1713},{y=902;x=1968},<<999;859>;<1287;693>;<1490;673>;<1574;508>;<1713;462>>,{},,FALSE,0,{}
23105,宴宿镇,宴宿镇,Festa Town,Thị trấn Festa,연숙 마을,Vila Festa,เมืองเฟสต้า,,<{level=840;unitId=70102;advance=70};{level=840;unitId=70192;advance=70};{level=840;unitId=71443;advance=70};{level=840;unitId=70283;advance=70}>,<{level=840;unitId=183592;advance=70}>,config/portrait/jinglingtouxiang1/img_715_ybl@.png,1,5,2,20,1,6,1,<>,battle_bgm.mp3,battle/scene/bg_xcdg.jpg,config/big_hero/normal/img_715_ybl@.png,{y=70;x=0},141,,1,,<{key=1;value=1};{key=2;value=2};{key=3;value=6}>,840,1079,1079,,,,9,12,80,12,{23591=0;100=0;5000=0},5460,,,,,,{14=4;13=2},{14=6},,{},{},1,{},{y=985;x=1461},,<<1713;462>;<1930;539>;<2025;610>;<1892;749>;<1968;902>;<1753;926>;<1461;985>>,{},,FALSE,0,{}
23201,白铸镇,白铸镇,Blancast Town,Thị trấn Blancast,백주 마을,Vila Blancast,เมืองบลองคาสต์,,<{level=850;unitId=62351;advance=70};{level=850;unitId=60171;advance=70};{level=850;unitId=60013;advance=70};{level=850;unitId=60033;advance=70}>,<{level=850;unitId=70341;advance=70}>,config/portrait/jinglingtouxiang1/img_83_dcy@.png,1,5,2,20,1,6,1,<>,battle_bgm.mp3,battle/scene/bg_xcdg.jpg,config/big_hero/normal/img_83_dcy@.png,{y=70;x=0},142,,1,,<{key=1;value=1};{key=2;value=2};{key=3;value=6}>,850,1086,1086,,,,9,12,80,12,{100=0;20341=0;5000=0},5670,,,,,,{14=4},{14=4;13=4},,{},{},1,{gold=12000;talent_point=1;rmb=20},{y=397;x=463},{y=306;x=1005},<<463;397>>,{},,FALSE,0,{}
23202,白铸镇,白铸镇,Blancast Town,Thị trấn Blancast,백주 마을,Vila Blancast,เมืองบลองคาสต์,,<{level=860;unitId=60351;advance=70};{level=860;unitId=61241;advance=70};{level=860;unitId=61811;advance=70};{level=860;unitId=63562;advance=70}>,<{level=860;unitId=180491;advance=70}>,config/portrait/jinglingtouxiang1/img_111_djxn@.png,1,5,2,20,1,6,1,<>,battle_bgm.mp3,battle/scene/bg_xcdg.jpg,config/big_hero/normal/img_111_djxn@.png,{y=70;x=0},142,,1,,<{key=1;value=1};{key=2;value=2};{key=3;value=6}>,860,1093,1093,,,,9,12,80,12,{20491=0;100=0;5000=0},5670,,,,,,{14=4},{14=4;13=4},,{},{},1,{gold=12000;talent_point=1;rmb=20},{y=653;x=752},{y=337;x=1371},<<463;397>;<752;345>;<881;283>;<1005;306>;<881;463>;<883;596>;<752;653>>,{},,FALSE,0,{}
23203,白铸镇,白铸镇,Blancast Town,Thị trấn Blancast,백주 마을,Vila Blancast,เมืองบลองคาสต์,,<{level=870;unitId=60351;advance=70};{level=870;unitId=62301;advance=70};{level=870;unitId=62303;advance=70}>,<{level=870;unitId=181311;advance=70}>,config/portrait/jinglingtouxiang1/img_258_syy@.png,1,5,2,20,1,6,1,<>,battle_bgm.mp3,battle/scene/bg_xcdg.jpg,config/big_hero/normal/img_258_syy@.png,{y=70;x=0},142,,1,,<{key=1;value=1};{key=2;value=2};{key=3;value=6}>,870,1100,1100,,,,9,12,80,12,{21311=0;100=0;5000=0},5670,,,,,,{14=4},{14=4;13=4},,{},{},1,{gold=12000;talent_point=1;rmb=20},{y=348;x=1567},{y=663;x=1751},<<752;653>;<915;667>;<1154;448>;<1371;337>;<1567;348>>,{},,FALSE,0,{}
23204,白铸镇,白铸镇,Blancast Town,Thị trấn Blancast,백주 마을,Vila Blancast,เมืองบลองคาสต์,,<{level=880;unitId=62231;advance=70};{level=880;unitId=60332;advance=70};{level=880;unitId=63003;advance=70};{level=880;unitId=60331;advance=70}>,<{level=880;unitId=181802;advance=70}>,config/portrait/jinglingtouxiang1/img_354_zzww@.png,1,5,2,20,1,6,1,<>,battle_bgm.mp3,battle/scene/bg_xcdg.jpg,config/big_hero/normal/img_354_zzww@.png,{y=70;x=0},142,,1,,<{key=1;value=1};{key=2;value=2};{key=3;value=6}>,880,1107,1107,,,,9,12,80,12,{21801=0;100=0;5000=0},5670,,,,,,{14=4},{14=4;13=4},,{},{},1,{gold=12000;talent_point=1;rmb=20},{y=822;x=1835},{y=931;x=1034},<<1567;348>;<1747;389>;<1746;499>;<1559;663>;<1751;663>;<1835;822>>,{},,FALSE,0,{}
23205,白铸镇,白铸镇,Blancast Town,Thị trấn Blancast,백주 마을,Vila Blancast,เมืองบลองคาสต์,,<{level=890;unitId=71901;advance=70};{level=890;unitId=70031;advance=70};{level=890;unitId=73143;advance=70};{level=890;unitId=70282;advance=70}>,<{level=890;unitId=182721;advance=70}>,config/portrait/jinglingtouxiang1/img_551_hye@.png,1,5,2,20,1,6,1,<>,battle_bgm.mp3,battle/scene/bg_xcdg.jpg,config/big_hero/normal/img_551_hye@.png,{y=70;x=0},142,,1,,<{key=1;value=1};{key=2;value=2};{key=3;value=6}>,890,1114,1114,,,,9,12,80,12,{22721=0;100=0;5000=0},5670,,,,,,{14=4},{14=4;13=4},,{},{},1,{},{y=743;x=1278},,<<1835;822>;<1601;956>;<1489;991>;<1034;931>;<881;994>;<986;779>;<1278;743>>,{},,FALSE,0,{}
23301,安溪镇,安溪镇,Anxi Town,Thị trấn Anxi,안계 마을,Vila Anxi,เมืองอันซี,,<{level=900;unitId=60601;advance=70};{level=900;unitId=61351;advance=70};{level=900;unitId=63282;advance=70};{level=900;unitId=61292;advance=70}>,<{level=900;unitId=180151;advance=70}>,config/portrait/jinglingtouxiang1/img_174_bbd@.png,1,5,2,20,1,6,1,<>,battle_bgm.mp3,battle/scene/bg_xcdg.jpg,config/big_hero/normal/img_174_bbd@.png,{y=70;x=0},143,,1,,<{key=1;value=1};{key=2;value=2};{key=3;value=6}>,900,1121,1121,,,,9,12,80,12,{20151=0;100=0;5000=0},5880,,,,,,{14=4;13=2},{14=6},,{},{},1,{gold=12000;talent_point=1;rmb=20},{y=240;x=1600},{y=356;x=978},<<1600;240>>,{},,FALSE,0,{}
23302,安溪镇,安溪镇,Anxi Town,Thị trấn Anxi,안계 마을,Vila Anxi,เมืองอันซี,,<{level=910;unitId=60601;advance=70};{level=910;unitId=63282;advance=70};{level=910;unitId=60302;advance=70}>,<{level=910;unitId=242031;advance=70}>,config/portrait/jinglingtouxiang1/img_393_bjm@.png,1,5,2,20,1,6,1,<>,battle_bgm.mp3,battle/scene/bg_xcdg.jpg,config/big_hero/normal/img_393_bjm@.png,{y=70;x=0},143,,1,,<{key=1;value=1};{key=2;value=2};{key=3;value=6}>,910,1128,1128,,,,9,12,80,12,{22031=0;100=0;5000=0},5880,,,,,,{14=4;13=2},{14=6},,{},{},1,{gold=12000;talent_point=1;rmb=20},{y=574;x=790},{y=558;x=1436},<<1600;240>;<1196;318>;<978;356>;<978;356>;<790;574>>,{},,FALSE,0,{}
23303,安溪镇,安溪镇,Anxi Town,Thị trấn Anxi,안계 마을,Vila Anxi,เมืองอันซี,,<{level=920;unitId=61421;advance=70};{level=920;unitId=61421;advance=70};{level=920;unitId=60892;advance=70};{level=920;unitId=60692;advance=70}>,<{level=920;unitId=183001;advance=70}>,config/portrait/jinglingtouxiang1/img_610_yy@.png,1,5,2,20,1,6,1,<>,battle_bgm.mp3,battle/scene/bg_xcdg.jpg,config/big_hero/normal/img_610_yy@.png,{y=70;x=0},143,,1,,<{key=1;value=1};{key=2;value=2};{key=3;value=6}>,920,1135,1135,,,,9,12,80,12,{23001=0;100=0;5000=0},5880,,,,,,{14=4;13=2},{14=6},,{},{},1,{gold=12000;talent_point=1;rmb=20},{y=718;x=1736},{y=1096;x=1488},<<790;574>;<1276;612>;<1436;558>;<1436;558>;<1736;718>>,{},,FALSE,0,{}
23304,安溪镇,安溪镇,Anxi Town,Thị trấn Anxi,안계 마을,Vila Anxi,เมืองอันซี,,<{level=930;unitId=72631;advance=70};{level=930;unitId=73302;advance=70};{level=930;unitId=70471;advance=70};{level=930;unitId=70791;advance=70}>,<{level=930;unitId=181081;advance=70}>,config/portrait/jinglingtouxiang1/img_215_nl@.png,1,5,2,20,1,6,1,<>,battle_bgm.mp3,battle/scene/bg_xcdg.jpg,config/big_hero/normal/img_215_nl@.png,{y=70;x=0},143,,1,,<{key=1;value=1};{key=2;value=2};{key=3;value=6}>,930,1142,1142,,,,9,12,80,12,{100=0;21081=0;5000=0},5880,,,,,,{14=4;13=2},{14=6},,{},{},1,{gold=12000;talent_point=1;rmb=20},{y=944;x=1260},{y=812;x=1118},<<1736;718>;<1910;840>;<1699;968>;<1488;1096>;<1520;952>;<1260;944>>,{},,FALSE,0,{}
23305,安溪镇,安溪镇,Anxi Town,Thị trấn Anxi,안계 마을,Vila Anxi,เมืองอันซี,,<{level=940;unitId=60052;advance=70};{level=940;unitId=61241;advance=70};{level=940;unitId=63011;advance=70};{level=940;unitId=60331;advance=70}>,<{level=940;unitId=183661;advance=70}>,config/portrait/jinglingtouxiang1/img_722_mmx@.png,1,5,2,20,1,6,1,<>,battle_bgm.mp3,battle/scene/bg_xcdg.jpg,config/big_hero/normal/img_722_mmx@.png,{y=70;x=0},143,,1,,<{key=1;value=1};{key=2;value=2};{key=3;value=6}>,940,1149,1149,,,,9,12,80,12,{5000=0;100=0;23661=0},5880,,,,,,{14=4;13=2},{14=6},,{},{},1,{},{y=898;x=576},,<<1260;944>;<1118;812>;<976;680>;<576;898>>,{},,FALSE,0,{}
23401,橙花学院,橙花学院,Naranja Academy,Học viện Naranja,오렌지아카데미,Academia Laranja,สถาบันอคาเดมีส้ม,,<{level=400;unitId=60053;advance=70};{level=400;unitId=60053;advance=70};{level=400;unitId=60002;advance=70};{level=400;unitId=60002;advance=70}>,<{level=400;unitId=73471;advance=70}>,config/portrait/jinglingtouxiang1/img_692_tbqx@.png,1,5,2,20,1,6,1,<>,battle_bgm.mp3,battle/scene/bg_xcdg.jpg,config/big_hero/normal/img_692_tbqx@.png,{y=70;x=0},144,,1,,<{key=1;value=1};{key=2;value=2};{key=3;value=6}>,400,771,771,,,,9,12,80,12,{23471=0;100=0;5000=0},6000,,,,,,{14=4},{14=4;13=4},,{},{},1,{gold=12000;talent_point=1;rmb=20},{y=301;x=638},{y=380;x=1041},<<638;301>>,{},,FALSE,0,{}
23402,橙花学院,橙花学院,Naranja Academy,Học viện Naranja,오렌지아카데미,Academia Laranja,สถาบันอคาเดมีส้ม,,<{level=410;unitId=60132;advance=70};{level=410;unitId=60472;advance=70};{level=410;unitId=60132;advance=70};{level=410;unitId=60472;advance=70}>,<{level=410;unitId=183351;advance=70}>,config/portrait/jinglingtouxiang1/img_669_hbb@.png,1,5,2,20,1,6,1,<>,battle_bgm.mp3,battle/scene/bg_xcdg.jpg,config/big_hero/normal/img_669_hbb@.png,{y=70;x=0},144,,1,,<{key=1;value=1};{key=2;value=2};{key=3;value=6}>,410,778,778,,,,9,12,80,12,{23351=0;100=0;5000=0},6000,,,,,,{14=4},{14=4;13=4},,{},{},1,{gold=12000;talent_point=1;rmb=20},{y=642;x=715},{y=459;x=1298},<<638;301>;<892;305>;<1041;380>;<1023;487>;<715;642>>,{},,FALSE,0,{}
23403,橙花学院,橙花学院,Naranja Academy,Học viện Naranja,오렌지아카데미,Academia Laranja,สถาบันอคาเดมีส้ม,,<{level=420;unitId=60043;advance=70};{level=420;unitId=60552;advance=70};{level=420;unitId=60043;advance=70}>,<{level=420;unitId=183341;advance=70}>,config/portrait/jinglingtouxiang1/img_667_xss@.png,1,5,2,20,1,6,1,<>,battle_bgm.mp3,battle/scene/bg_xcdg.jpg,config/big_hero/normal/img_667_xss@.png,{y=70;x=0},144,,1,,<{key=1;value=1};{key=2;value=2};{key=3;value=6}>,420,785,785,,,,9,12,80,12,{23341=0;100=0;5000=0},6000,,,,,,{14=4},{14=4;13=4},,{},{},1,{gold=12000;talent_point=1;rmb=20},{y=489;x=1452},{y=403;x=1947},<<715;642>;<805;675>;<1083;538>;<1119;582>;<1298;459>;<1452;489>>,{},,FALSE,0,{}
23404,橙花学院,橙花学院,Naranja Academy,Học viện Naranja,오렌지아카데미,Academia Laranja,สถาบันอคาเดมีส้ม,,<{level=430;unitId=50601;advance=70};{level=430;unitId=63282;advance=70};{level=430;unitId=50601;advance=70};{level=430;unitId=63282;advance=70};{level=430;unitId=63282;advance=70}>,<{level=430;unitId=181171;advance=70}>,config/portrait/jinglingtouxiang1/img_228_dlb@.png,1,5,2,20,1,6,1,<>,battle_bgm.mp3,battle/scene/bg_xcdg.jpg,config/big_hero/normal/img_228_dlb@.png,{y=70;x=0},144,,1,,<{key=1;value=1};{key=2;value=2};{key=3;value=6}>,430,792,792,,,,9,12,80,12,{21171=0;100=0;5000=0},6000,,,,,,{14=4},{14=4;13=4},,{},{},1,{gold=12000;talent_point=1;rmb=20},{y=538;x=2055},{y=811;x=1581},<<1452;489>;<1626;523>;<1751;470>;<1947;403>;<1958;487>;<2055;538>>,{},,FALSE,0,{}
23405,橙花学院,橙花学院,Naranja Academy,Học viện Naranja,오렌지아카데미,Academia Laranja,สถาบันอคาเดมีส้ม,,<{level=440;unitId=60571;advance=70};{level=440;unitId=60571;advance=70};{level=440;unitId=63282;advance=70};{level=440;unitId=63282;advance=70}>,<{level=440;unitId=181811;advance=70}>,config/portrait/jinglingtouxiang1/img_355_yxl@.png,1,5,2,20,1,6,1,<>,battle_bgm.mp3,battle/scene/bg_xcdg.jpg,config/big_hero/normal/img_355_yxl@.png,{y=70;x=0},144,,1,,<{key=1;value=1};{key=2;value=2};{key=3;value=6}>,440,799,799,,,,9,12,80,12,{21811=0;100=0;5000=0},6000,,,,,,{14=4},{14=4;13=4},,{},{},1,{},{y=1089;x=1390},,<<2055;538>;<2022;675>;<1783;793>;<1697;781>;<1581;811>;<1371;857>;<1352;953>;<1435;1023>;<1390;1089>>,{},,FALSE,0,{}
23501,橙华镇,橙华镇,Petalburg City,Thành phố Petalburg,등화도시,Cidade de Petalburg,เมืองโทกะ,,<{level=450;unitId=60333;advance=70};{level=450;unitId=60333;advance=70}>,<{level=450;unitId=70013;advance=70}>,config/portrait/jinglingtouxiang1/img_6_phl@.png,1,5,2,20,1,6,1,<>,battle_bgm.mp3,battle/scene/bg_xcdg.jpg,config/big_hero/normal/img_6_phl@.png,{y=70;x=0},145,,1,,<{key=1;value=1};{key=2;value=2};{key=3;value=6}>,450,806,806,,,,9,12,80,12,{5000=0;100=0;20011=0},6000,,,,,,{14=4;13=2},{14=6},,{},{},1,{gold=12000;talent_point=1;rmb=20},{y=246;x=1822},{y=358;x=1456},<<1822;246>>,{},,FALSE,0,{}
23502,橙华镇,橙华镇,Petalburg City,Thành phố Petalburg,등화도시,Cidade de Petalburg,เมืองโทกะ,,<{level=460;unitId=62012;advance=70};{level=460;unitId=62012;advance=70};{level=460;unitId=60092;advance=70};{level=460;unitId=60092;advance=70}>,<{level=460;unitId=180593;advance=70}>,config/portrait/jinglingtouxiang1/img_466_djms@.png,1,5,2,20,1,6,1,<>,battle_bgm.mp3,battle/scene/bg_xcdg.jpg,config/big_hero/normal/img_466_djms@.png,{y=70;x=0},145,,1,,<{key=1;value=1};{key=2;value=2};{key=3;value=6}>,460,813,813,,,,9,12,80,12,{100=0;20591=0;5000=0},6000,,,,,,{14=4;13=2},{14=6},,{},{},1,{gold=12000;talent_point=1;rmb=20},{y=519;x=1551},{y=867;x=1918},<<1822;246>;<1290;279>;<1456;358>;<1551;519>>,{},,FALSE,0,{}
23503,橙华镇,橙华镇,Petalburg City,Thành phố Petalburg,등화도시,Cidade de Petalburg,เมืองโทกะ,,<{level=470;unitId=60043;advance=70};{level=470;unitId=60043;advance=70}>,<{level=470;unitId=180053;advance=70}>,config/portrait/jinglingtouxiang1/img_18_dbn@.png,1,5,2,20,1,6,1,<>,battle_bgm.mp3,battle/scene/bg_xcdg.jpg,config/big_hero/normal/img_18_dbn@.png,{y=70;x=0},145,,1,,<{key=1;value=1};{key=2;value=2};{key=3;value=6}>,470,820,820,,,,9,12,80,12,{20051=0;100=0;5000=0},6000,,,,,,{14=4;13=2},{14=6},,{},{},1,{gold=12000;talent_point=1;rmb=20},{y=960;x=1733},{y=852;x=1302},<<1551;519>;<1674;462>;<2019;599>;<2119;709>;<1918;867>;<1733;960>>,{},,FALSE,0,{}
23504,橙华镇,橙华镇,Petalburg City,Thành phố Petalburg,등화도시,Cidade de Petalburg,เมืองโทกะ,,<{level=480;unitId=50593;advance=70};{level=480;unitId=50092;advance=70};{level=480;unitId=60593;advance=70};{level=480;unitId=60092;advance=70}>,<{level=480;unitId=180883;advance=70}>,config/portrait/jinglingtouxiang1/img_181_dl@.png,1,5,2,20,1,6,1,<>,battle_bgm.mp3,battle/scene/bg_xcdg.jpg,config/big_hero/normal/img_181_dl@.png,{y=70;x=0},145,,1,,<{key=1;value=1};{key=2;value=2};{key=3;value=6}>,480,827,827,,,,9,12,80,12,{20881=0;100=0;5000=0},6000,,,,,,{14=4;13=2},{14=6},,{},{},1,{gold=12000;talent_point=1;rmb=20},{y=762;x=1060},{y=598;x=631},<<1733;960>;<1529;906>;<1440;960>;<1302;852>;<1060;762>>,{},,FALSE,0,{}
23505,橙华镇,橙华镇,Petalburg City,Thành phố Petalburg,등화도시,Cidade de Petalburg,เมืองโทกะ,,<{level=490;unitId=61252;advance=70};{level=490;unitId=61252;advance=70}>,<{level=490;unitId=180393;advance=70}>,config/portrait/jinglingtouxiang1/img_94_gg@.png,1,5,2,20,1,6,1,<>,battle_bgm.mp3,battle/scene/bg_xcdg.jpg,config/big_hero/normal/img_94_gg@.png,{y=70;x=0},145,,1,,<{key=1;value=1};{key=2;value=2};{key=3;value=6}>,490,834,834,,,,9,12,80,12,{20391=0;100=0;5000=0},6000,,,,,,{14=4;13=2},{14=6},,{},{},1,{},{y=1051;x=680},,<<1060;762>;<974;599>;<842;569>;<631;598>;<537;670>;<590;788>;<646;878>;<590;1004>;<680;1051>>,{},,FALSE,0,{}
23601,桌台市,桌台市,Mesagoza,Thành phố Mesagoza,테이블시티,Mesagoza,เมืองเทเบิล,,<{level=500;unitId=60061;advance=70};{level=500;unitId=61902;advance=70};{level=500;unitId=63543;advance=70};{level=500;unitId=63351;advance=70}>,<{level=500;unitId=70023;advance=70}>,config/portrait/jinglingtouxiang1/img_9_sjg@.png,1,5,2,20,1,6,1,<>,battle_bgm.mp3,battle/scene/bg_xcdg.jpg,config/big_hero/normal/img_9_sjg@.png,{y=70;x=0},146,,1,,<{key=1;value=1};{key=2;value=2};{key=3;value=6}>,500,841,841,,,,9,12,80,12,{5000=0;100=0;20021=0},6000,,,,,,{14=4},{14=4;13=4},,{},{},1,{gold=12000;talent_point=1;rmb=20},{y=747;x=2071},{y=331;x=1747},<<2071;747>>,{},,FALSE,0,{}
23602,桌台市,桌台市,Mesagoza,Thành phố Mesagoza,테이블시티,Mesagoza,เมืองเทเบิล,,<{level=510;unitId=60121;advance=70};{level=510;unitId=60371;advance=70};{level=510;unitId=60071;advance=70};{level=510;unitId=61252;advance=70}>,<{level=510;unitId=180572;advance=70}>,config/portrait/jinglingtouxiang1/img_212_jqtl@.png,1,5,2,20,1,6,1,<>,battle_bgm.mp3,battle/scene/bg_xcdg.jpg,config/big_hero/normal/img_212_jqtl@.png,{y=70;x=0},146,,1,,<{key=1;value=1};{key=2;value=2};{key=3;value=6}>,510,848,848,,,,9,12,80,12,{100=0;20571=0;5000=0},6000,,,,,,{14=4},{14=4;13=4},,{},{},1,{gold=12000;talent_point=1;rmb=20},{y=349;x=1417},{y=444;x=776},<<2071;747>;<1914;683>;<1914;581>;<1782;540>;<1687;478>;<1838;359>;<1747;331>;<1561;289>;<1417;349>>,{},,FALSE,0,{}
23603,桌台市,桌台市,Mesagoza,Thành phố Mesagoza,테이블시티,Mesagoza,เมืองเทเบิล,,<{level=520;unitId=61903;advance=70};{level=520;unitId=61501;advance=70};{level=520;unitId=60282;advance=70}>,<{level=520;unitId=180273;advance=70}>,config/portrait/jinglingtouxiang1/img_68_gl@.png,1,5,2,20,1,6,1,<>,battle_bgm.mp3,battle/scene/bg_xcdg.jpg,config/big_hero/normal/img_68_gl@.png,{y=70;x=0},146,,1,,<{key=1;value=1};{key=2;value=2};{key=3;value=6}>,520,855,855,,,,9,12,80,12,{5000=0;100=0;20271=0},6000,,,,,,{14=4},{14=4;13=4},,{},{},1,{gold=12000;talent_point=1;rmb=20},{y=549;x=625},{y=663;x=1015},<<1417;349>;<1302;262>;<1034;345>;<923;420>;<776;444>;<759;518>;<625;549>>,{},,FALSE,0,{}
23604,桌台市,桌台市,Mesagoza,Thành phố Mesagoza,테이블시티,Mesagoza,เมืองเทเบิล,,<{level=530;unitId=50171;advance=70};{level=530;unitId=60464;advance=70};{level=530;unitId=53302;advance=70};{level=530;unitId=63561;advance=70};{level=530;unitId=60111;advance=70}>,<{level=530;unitId=180283;advance=70}>,config/portrait/jinglingtouxiang1/img_71_dsh@.png,1,5,2,20,1,6,1,<>,battle_bgm.mp3,battle/scene/bg_xcdg.jpg,config/big_hero/normal/img_71_dsh@.png,{y=70;x=0},146,,1,,<{key=1;value=1};{key=2;value=2};{key=3;value=6}>,530,862,862,,,,9,12,80,12,{20281=0;100=0;5000=0},6000,,,,,,{14=4},{14=4;13=4},,{},{},1,{gold=12000;talent_point=1;rmb=20},{y=942;x=971},{y=788;x=1402},<<625;549>;<770;629>;<856;631>;<1015;663>;<971;942>>,{},,FALSE,0,{}
23605,桌台市,桌台市,Mesagoza,Thành phố Mesagoza,테이블시티,Mesagoza,เมืองเทเบิล,,<{level=540;unitId=60632;advance=70};{level=540;unitId=60132;advance=70};{level=540;unitId=60093;advance=70};{level=540;unitId=63502;advance=70}>,<{level=540;unitId=180603;advance=70}>,config/portrait/jinglingtouxiang1/img_467_yzys@.png,1,5,2,20,1,6,1,<>,battle_bgm.mp3,battle/scene/bg_xcdg.jpg,config/big_hero/normal/img_467_yzys@.png,{y=70;x=0},146,,1,,<{key=1;value=1};{key=2;value=2};{key=3;value=6}>,540,869,869,,,,9,12,80,12,{100=0;20601=0;5000=0},6000,,,,,,{14=4},{14=4;13=4},,{},{},1,{},{y=1066;x=1302},,<<971;942>;<1204;774>;<1402;788>;<1484;950>;<1458;1036>;<1302;1066>>,{},,FALSE,0,{}
23701,水影镇,水影镇,Watervue Town,Thị trấn Watervue,수영 마을,Vila Watervue,เมืองวอเตอร์วู,,<{level=550;unitId=63303;advance=70};{level=550;unitId=63021;advance=70};{level=550;unitId=61812;advance=70};{level=550;unitId=60273;advance=70}>,<{level=550;unitId=70222;advance=70}>,config/portrait/jinglingtouxiang1/img_55_gdy@.png,1,5,2,20,1,6,1,<>,battle_bgm.mp3,battle/scene/bg_xcdg.jpg,config/big_hero/normal/img_55_gdy@.png,{y=70;x=0},147,,1,,<{key=1;value=1};{key=2;value=2};{key=3;value=6}>,550,876,876,,,,9,12,80,12,{20221=0;100=0;5000=0},6000,,,,,,{14=4;13=2},{14=6},,{},{},1,{gold=12000;talent_point=1;rmb=20},{y=267;x=1365},{y=373;x=854},<<1365;267>>,{},,FALSE,0,{}
23702,水影镇,水影镇,Watervue Town,Thị trấn Watervue,수영 마을,Vila Watervue,เมืองวอเตอร์วู,,<{level=560;unitId=60052;advance=70};{level=560;unitId=60272;advance=70};{level=560;unitId=62633;advance=70};{level=560;unitId=63352;advance=70}>,<{level=560;unitId=180242;advance=70}>,config/portrait/jinglingtouxiang1/img_59_fsg@.png,1,5,2,20,1,6,1,<>,battle_bgm.mp3,battle/scene/bg_xcdg.jpg,config/big_hero/normal/img_59_fsg@.png,{y=70;x=0},147,,1,,<{key=1;value=1};{key=2;value=2};{key=3;value=6}>,560,883,883,,,,9,12,80,12,{5000=0;100=0;20241=0},6000,,,,,,{14=4;13=2},{14=6},,{},{},1,{gold=12000;talent_point=1;rmb=20},{y=426;x=661},{y=747;x=713},<<1365;267>;<1234;385>;<1121;419>;<1009;323>;<854;373>;<661;426>>,{},,FALSE,0,{}
23703,水影镇,水影镇,Watervue Town,Thị trấn Watervue,수영 마을,Vila Watervue,เมืองวอเตอร์วู,,<{level=570;unitId=63411;advance=70};{level=570;unitId=63301;advance=70};{level=570;unitId=63541;advance=70}>,<{level=570;unitId=182843;advance=70}>,config/portrait/jinglingtouxiang1/img_576_gdxj@.png,1,5,2,20,1,6,1,<>,battle_bgm.mp3,battle/scene/bg_xcdg.jpg,config/big_hero/normal/img_576_gdxj@.png,{y=70;x=0},147,,1,,<{key=1;value=1};{key=2;value=2};{key=3;value=6}>,570,890,890,,,,9,12,80,12,{22841=0;100=0;5000=0},6000,,,,,,{14=4;13=2},{14=6},,{},{},1,{gold=12000;talent_point=1;rmb=20},{y=859;x=999},{y=673;x=1490},<<661;426>;<529;533>;<511;662>;<418;824>;<551;759>;<713;747>;<999;859>>,{},,FALSE,0,{}
23704,水影镇,水影镇,Watervue Town,Thị trấn Watervue,수영 마을,Vila Watervue,เมืองวอเตอร์วู,,<{level=580;unitId=63543;advance=70};{level=580;unitId=62073;advance=70};{level=580;unitId=60301;advance=70};{level=580;unitId=60053;advance=70}>,<{level=580;unitId=182993;advance=70}>,config/portrait/jinglingtouxiang1/img_609_sjdhl@.png,1,5,2,20,1,6,1,<>,battle_bgm.mp3,battle/scene/bg_xcdg.jpg,config/big_hero/normal/img_609_sjdhl@.png,{y=70;x=0},147,,1,,<{key=1;value=1};{key=2;value=2};{key=3;value=6}>,580,897,897,,,,9,12,80,12,{22991=0;100=0;5000=0},6000,,,,,,{14=4;13=2},{14=6},,{},{},1,{gold=12000;talent_point=1;rmb=20},{y=462;x=1713},{y=902;x=1968},<<999;859>;<1287;693>;<1490;673>;<1574;508>;<1713;462>>,{},,FALSE,0,{}
23705,水影镇,水影镇,Watervue Town,Thị trấn Watervue,수영 마을,Vila Watervue,เมืองวอเตอร์วู,,<{level=590;unitId=70102;advance=70};{level=590;unitId=70192;advance=70};{level=590;unitId=71443;advance=70};{level=590;unitId=70283;advance=70}>,<{level=590;unitId=183592;advance=70}>,config/portrait/jinglingtouxiang1/img_715_ybl@.png,1,5,2,20,1,6,1,<>,battle_bgm.mp3,battle/scene/bg_xcdg.jpg,config/big_hero/normal/img_715_ybl@.png,{y=70;x=0},147,,1,,<{key=1;value=1};{key=2;value=2};{key=3;value=6}>,590,904,904,,,,9,12,80,12,{23591=0;100=0;5000=0},6000,,,,,,{14=4;13=2},{14=6},,{},{},1,{},{y=985;x=1461},,<<1713;462>;<1930;539>;<2025;610>;<1892;749>;<1968;902>;<1753;926>;<1461;985>>,{},,FALSE,0,{}
23801,烤烟镇,烤烟镇,Tobacoil Town,Thị trấn Tobacoil,고연 마을,Vila Tobacoil,เมืองโทบาโคอิล,,<{level=600;unitId=62351;advance=70};{level=600;unitId=60171;advance=70};{level=600;unitId=60013;advance=70};{level=600;unitId=60033;advance=70}>,<{level=600;unitId=70341;advance=70}>,config/portrait/jinglingtouxiang1/img_83_dcy@.png,1,5,2,20,1,6,1,<>,battle_bgm.mp3,battle/scene/bg_xcdg.jpg,config/big_hero/normal/img_83_dcy@.png,{y=70;x=0},148,,1,,<{key=1;value=1};{key=2;value=2};{key=3;value=6}>,600,911,911,,,,9,12,80,12,{100=0;20341=0;5000=0},6000,,,,,,{14=4},{14=4;13=4},,{},{},1,{gold=12000;talent_point=1;rmb=20},{y=397;x=463},{y=306;x=1005},<<463;397>>,{},,FALSE,0,{}
23802,烤烟镇,烤烟镇,Tobacoil Town,Thị trấn Tobacoil,고연 마을,Vila Tobacoil,เมืองโทบาโคอิล,,<{level=610;unitId=60351;advance=70};{level=610;unitId=61241;advance=70};{level=610;unitId=61811;advance=70};{level=610;unitId=63562;advance=70}>,<{level=610;unitId=180491;advance=70}>,config/portrait/jinglingtouxiang1/img_111_djxn@.png,1,5,2,20,1,6,1,<>,battle_bgm.mp3,battle/scene/bg_xcdg.jpg,config/big_hero/normal/img_111_djxn@.png,{y=70;x=0},148,,1,,<{key=1;value=1};{key=2;value=2};{key=3;value=6}>,610,918,918,,,,9,12,80,12,{20491=0;100=0;5000=0},6000,,,,,,{14=4},{14=4;13=4},,{},{},1,{gold=12000;talent_point=1;rmb=20},{y=653;x=752},{y=337;x=1371},<<463;397>;<752;345>;<881;283>;<1005;306>;<881;463>;<883;596>;<752;653>>,{},,FALSE,0,{}
23803,烤烟镇,烤烟镇,Tobacoil Town,Thị trấn Tobacoil,고연 마을,Vila Tobacoil,เมืองโทบาโคอิล,,<{level=620;unitId=60351;advance=70};{level=620;unitId=62301;advance=70};{level=620;unitId=62303;advance=70}>,<{level=620;unitId=181311;advance=70}>,config/portrait/jinglingtouxiang1/img_258_syy@.png,1,5,2,20,1,6,1,<>,battle_bgm.mp3,battle/scene/bg_xcdg.jpg,config/big_hero/normal/img_258_syy@.png,{y=70;x=0},148,,1,,<{key=1;value=1};{key=2;value=2};{key=3;value=6}>,620,925,925,,,,9,12,80,12,{21311=0;100=0;5000=0},6000,,,,,,{14=4},{14=4;13=4},,{},{},1,{gold=12000;talent_point=1;rmb=20},{y=348;x=1567},{y=663;x=1751},<<752;653>;<915;667>;<1154;448>;<1371;337>;<1567;348>>,{},,FALSE,0,{}
23804,烤烟镇,烤烟镇,Tobacoil Town,Thị trấn Tobacoil,고연 마을,Vila Tobacoil,เมืองโทบาโคอิล,,<{level=630;unitId=62231;advance=70};{level=630;unitId=60332;advance=70};{level=630;unitId=63003;advance=70};{level=630;unitId=60331;advance=70}>,<{level=630;unitId=181802;advance=70}>,config/portrait/jinglingtouxiang1/img_354_zzww@.png,1,5,2,20,1,6,1,<>,battle_bgm.mp3,battle/scene/bg_xcdg.jpg,config/big_hero/normal/img_354_zzww@.png,{y=70;x=0},148,,1,,<{key=1;value=1};{key=2;value=2};{key=3;value=6}>,630,932,932,,,,9,12,80,12,{21801=0;100=0;5000=0},6000,,,,,,{14=4},{14=4;13=4},,{},{},1,{gold=12000;talent_point=1;rmb=20},{y=822;x=1835},{y=931;x=1034},<<1567;348>;<1747;389>;<1746;499>;<1559;663>;<1751;663>;<1835;822>>,{},,FALSE,0,{}
23805,烤烟镇,烤烟镇,Tobacoil Town,Thị trấn Tobacoil,고연 마을,Vila Tobacoil,เมืองโทบาโคอิล,,<{level=640;unitId=71901;advance=70};{level=640;unitId=70031;advance=70};{level=640;unitId=73143;advance=70};{level=640;unitId=70282;advance=70}>,<{level=640;unitId=182721;advance=70}>,config/portrait/jinglingtouxiang1/img_551_hye@.png,1,5,2,20,1,6,1,<>,battle_bgm.mp3,battle/scene/bg_xcdg.jpg,config/big_hero/normal/img_551_hye@.png,{y=70;x=0},148,,1,,<{key=1;value=1};{key=2;value=2};{key=3;value=6}>,640,939,939,,,,9,12,80,12,{22721=0;100=0;5000=0},6000,,,,,,{14=4},{14=4;13=4},,{},{},1,{},{y=743;x=1278},,<<1835;822>;<1601;956>;<1489;991>;<1034;931>;<881;994>;<986;779>;<1278;743>>,{},,FALSE,0,{}
23901,苍星镇,苍星镇,Azuresky Town,Thị trấn Azuresky,창성 마을,Vila Azuresky,เมืองอะซูรสกาย,,<{level=650;unitId=60601;advance=70};{level=650;unitId=61351;advance=70};{level=650;unitId=63282;advance=70};{level=650;unitId=61292;advance=70}>,<{level=650;unitId=180151;advance=70}>,config/portrait/jinglingtouxiang1/img_174_bbd@.png,1,5,2,20,1,6,1,<>,battle_bgm.mp3,battle/scene/bg_xcdg.jpg,config/big_hero/normal/img_174_bbd@.png,{y=70;x=0},149,,1,,<{key=1;value=1};{key=2;value=2};{key=3;value=6}>,650,946,946,,,,9,12,80,12,{20151=0;100=0;5000=0},6000,,,,,,{14=4;13=2},{14=6},,{},{},1,{gold=12000;talent_point=1;rmb=20},{y=240;x=1600},{y=356;x=978},<<1600;240>>,{},,FALSE,0,{}
23902,苍星镇,苍星镇,Azuresky Town,Thị trấn Azuresky,창성 마을,Vila Azuresky,เมืองอะซูรสกาย,,<{level=660;unitId=60601;advance=70};{level=660;unitId=63282;advance=70};{level=660;unitId=60302;advance=70}>,<{level=660;unitId=242031;advance=70}>,config/portrait/jinglingtouxiang1/img_393_bjm@.png,1,5,2,20,1,6,1,<>,battle_bgm.mp3,battle/scene/bg_xcdg.jpg,config/big_hero/normal/img_393_bjm@.png,{y=70;x=0},149,,1,,<{key=1;value=1};{key=2;value=2};{key=3;value=6}>,660,953,953,,,,9,12,80,12,{22031=0;100=0;5000=0},6000,,,,,,{14=4;13=2},{14=6},,{},{},1,{gold=12000;talent_point=1;rmb=20},{y=574;x=790},{y=558;x=1436},<<1600;240>;<1196;318>;<978;356>;<978;356>;<790;574>>,{},,FALSE,0,{}
23903,苍星镇,苍星镇,Azuresky Town,Thị trấn Azuresky,창성 마을,Vila Azuresky,เมืองอะซูรสกาย,,<{level=670;unitId=61421;advance=70};{level=670;unitId=61421;advance=70};{level=670;unitId=60892;advance=70};{level=670;unitId=60692;advance=70}>,<{level=670;unitId=183001;advance=70}>,config/portrait/jinglingtouxiang1/img_610_yy@.png,1,5,2,20,1,6,1,<>,battle_bgm.mp3,battle/scene/bg_xcdg.jpg,config/big_hero/normal/img_610_yy@.png,{y=70;x=0},149,,1,,<{key=1;value=1};{key=2;value=2};{key=3;value=6}>,670,960,960,,,,9,12,80,12,{23001=0;100=0;5000=0},6000,,,,,,{14=4;13=2},{14=6},,{},{},1,{gold=12000;talent_point=1;rmb=20},{y=718;x=1736},{y=1096;x=1488},<<790;574>;<1276;612>;<1436;558>;<1436;558>;<1736;718>>,{},,FALSE,0,{}
23904,苍星镇,苍星镇,Azuresky Town,Thị trấn Azuresky,창성 마을,Vila Azuresky,เมืองอะซูรสกาย,,<{level=680;unitId=72631;advance=70};{level=680;unitId=73302;advance=70};{level=680;unitId=70471;advance=70};{level=680;unitId=70791;advance=70}>,<{level=680;unitId=181081;advance=70}>,config/portrait/jinglingtouxiang1/img_215_nl@.png,1,5,2,20,1,6,1,<>,battle_bgm.mp3,battle/scene/bg_xcdg.jpg,config/big_hero/normal/img_215_nl@.png,{y=70;x=0},149,,1,,<{key=1;value=1};{key=2;value=2};{key=3;value=6}>,680,967,967,,,,9,12,80,12,{100=0;21081=0;5000=0},6000,,,,,,{14=4;13=2},{14=6},,{},{},1,{gold=12000;talent_point=1;rmb=20},{y=944;x=1260},{y=812;x=1118},<<1736;718>;<1910;840>;<1699;968>;<1488;1096>;<1520;952>;<1260;944>>,{},,FALSE,0,{}
23905,苍星镇,苍星镇,Azuresky Town,Thị trấn Azuresky,창성 마을,Vila Azuresky,เมืองอะซูรสกาย,,<{level=690;unitId=60052;advance=70};{level=690;unitId=61241;advance=70};{level=690;unitId=63011;advance=70};{level=690;unitId=60331;advance=70}>,<{level=690;unitId=183661;advance=70}>,config/portrait/jinglingtouxiang1/img_722_mmx@.png,1,5,2,20,1,6,1,<>,battle_bgm.mp3,battle/scene/bg_xcdg.jpg,config/big_hero/normal/img_722_mmx@.png,{y=70;x=0},149,,1,,<{key=1;value=1};{key=2;value=2};{key=3;value=6}>,690,974,974,,,,9,12,80,12,{5000=0;100=0;23661=0},6000,,,,,,{14=4;13=2},{14=6},,{},{},1,{},{y=898;x=576},,<<1260;944>;<1118;812>;<976;680>;<576;898>>,{},,FALSE,0,{}
24001,松针镇,松针镇,Pinetip Town,Thị trấn Pinetip,송침 마을,Vila Pinetip,เมืองไพน์ทิป,,<{level=700;unitId=60333;advance=70};{level=700;unitId=60333;advance=70}>,<{level=700;unitId=70013;advance=70}>,config/portrait/jinglingtouxiang1/img_6_phl@.png,1,5,2,20,1,6,1,<>,battle_bgm.mp3,battle/scene/bg_xcdg.jpg,config/big_hero/normal/img_6_phl@.png,{y=70;x=0},150,,1,,<{key=1;value=1};{key=2;value=2};{key=3;value=6}>,700,981,981,,,,9,12,80,12,{5000=0;100=0;20011=0},6000,,,,,,{14=4},{14=4;13=4},,{},{},1,{gold=12000;talent_point=1;rmb=20},{y=246;x=1822},{y=358;x=1456},<<1822;246>>,{},,FALSE,0,{}
24002,松针镇,松针镇,Pinetip Town,Thị trấn Pinetip,송침 마을,Vila Pinetip,เมืองไพน์ทิป,,<{level=710;unitId=62012;advance=70};{level=710;unitId=62012;advance=70};{level=710;unitId=60092;advance=70};{level=710;unitId=60092;advance=70}>,<{level=710;unitId=180593;advance=70}>,config/portrait/jinglingtouxiang1/img_466_djms@.png,1,5,2,20,1,6,1,<>,battle_bgm.mp3,battle/scene/bg_xcdg.jpg,config/big_hero/normal/img_466_djms@.png,{y=70;x=0},150,,1,,<{key=1;value=1};{key=2;value=2};{key=3;value=6}>,710,988,988,,,,9,12,80,12,{100=0;20591=0;5000=0},6000,,,,,,{14=4},{14=4;13=4},,{},{},1,{gold=12000;talent_point=1;rmb=20},{y=519;x=1551},{y=867;x=1918},<<1822;246>;<1290;279>;<1456;358>;<1551;519>>,{},,FALSE,0,{}
24003,松针镇,松针镇,Pinetip Town,Thị trấn Pinetip,송침 마을,Vila Pinetip,เมืองไพน์ทิป,,<{level=720;unitId=60043;advance=70};{level=720;unitId=60043;advance=70}>,<{level=720;unitId=180053;advance=70}>,config/portrait/jinglingtouxiang1/img_18_dbn@.png,1,5,2,20,1,6,1,<>,battle_bgm.mp3,battle/scene/bg_xcdg.jpg,config/big_hero/normal/img_18_dbn@.png,{y=70;x=0},150,,1,,<{key=1;value=1};{key=2;value=2};{key=3;value=6}>,720,995,995,,,,9,12,80,12,{20051=0;100=0;5000=0},6000,,,,,,{14=4},{14=4;13=4},,{},{},1,{gold=12000;talent_point=1;rmb=20},{y=960;x=1733},{y=852;x=1302},<<1551;519>;<1674;462>;<2019;599>;<2119;709>;<1918;867>;<1733;960>>,{},,FALSE,0,{}
24004,松针镇,松针镇,Pinetip Town,Thị trấn Pinetip,송침 마을,Vila Pinetip,เมืองไพน์ทิป,,<{level=730;unitId=50593;advance=70};{level=730;unitId=50092;advance=70};{level=730;unitId=60593;advance=70};{level=730;unitId=60092;advance=70}>,<{level=730;unitId=180883;advance=70}>,config/portrait/jinglingtouxiang1/img_181_dl@.png,1,5,2,20,1,6,1,<>,battle_bgm.mp3,battle/scene/bg_xcdg.jpg,config/big_hero/normal/img_181_dl@.png,{y=70;x=0},150,,1,,<{key=1;value=1};{key=2;value=2};{key=3;value=6}>,730,1002,1002,,,,9,12,80,12,{20881=0;100=0;5000=0},6000,,,,,,{14=4},{14=4;13=4},,{},{},1,{gold=12000;talent_point=1;rmb=20},{y=762;x=1060},{y=598;x=631},<<1733;960>;<1529;906>;<1440;960>;<1302;852>;<1060;762>>,{},,FALSE,0,{}
24005,松针镇,松针镇,Pinetip Town,Thị trấn Pinetip,송침 마을,Vila Pinetip,เมืองไพน์ทิป,,<{level=740;unitId=61252;advance=70};{level=740;unitId=61252;advance=70}>,<{level=740;unitId=180393;advance=70}>,config/portrait/jinglingtouxiang1/img_94_gg@.png,1,5,2,20,1,6,1,<>,battle_bgm.mp3,battle/scene/bg_xcdg.jpg,config/big_hero/normal/img_94_gg@.png,{y=70;x=0},150,,1,,<{key=1;value=1};{key=2;value=2};{key=3;value=6}>,740,1009,1009,,,,9,12,80,12,{20391=0;100=0;5000=0},6000,,,,,,{14=4},{14=4;13=4},,{},{},1,{},{y=1051;x=680},,<<1060;762>;<974;599>;<842;569>;<631;598>;<537;670>;<590;788>;<646;878>;<590;1004>;<680;1051>>,{},,FALSE,0,{}
24101,湖天城,湖天城,Lacuna City,Thành phố Lacuna,호천성,Cidade de Lacuna,เมืองลาคูนา,,<{level=750;unitId=60061;advance=70};{level=750;unitId=61902;advance=70};{level=750;unitId=63543;advance=70};{level=750;unitId=63351;advance=70}>,<{level=750;unitId=70023;advance=70}>,config/portrait/jinglingtouxiang1/img_9_sjg@.png,1,5,2,20,1,6,1,<>,battle_bgm.mp3,battle/scene/bg_xcdg.jpg,config/big_hero/normal/img_9_sjg@.png,{y=70;x=0},151,,1,,<{key=1;value=1};{key=2;value=2};{key=3;value=6}>,750,1016,1016,,,,9,12,80,12,{5000=0;100=0;20021=0},6000,,,,,,{14=4;13=2},{14=6},,{},{},1,{gold=12000;talent_point=1;rmb=20},{y=747;x=2071},{y=331;x=1747},<<2071;747>>,{},,FALSE,0,{}
24102,湖天城,湖天城,Lacuna City,Thành phố Lacuna,호천성,Cidade de Lacuna,เมืองลาคูนา,,<{level=760;unitId=60121;advance=70};{level=760;unitId=60371;advance=70};{level=760;unitId=60071;advance=70};{level=760;unitId=61252;advance=70}>,<{level=760;unitId=180572;advance=70}>,config/portrait/jinglingtouxiang1/img_212_jqtl@.png,1,5,2,20,1,6,1,<>,battle_bgm.mp3,battle/scene/bg_xcdg.jpg,config/big_hero/normal/img_212_jqtl@.png,{y=70;x=0},151,,1,,<{key=1;value=1};{key=2;value=2};{key=3;value=6}>,760,1023,1023,,,,9,12,80,12,{100=0;20571=0;5000=0},6000,,,,,,{14=4;13=2},{14=6},,{},{},1,{gold=12000;talent_point=1;rmb=20},{y=349;x=1417},{y=444;x=776},<<2071;747>;<1914;683>;<1914;581>;<1782;540>;<1687;478>;<1838;359>;<1747;331>;<1561;289>;<1417;349>>,{},,FALSE,0,{}
24103,湖天城,湖天城,Lacuna City,Thành phố Lacuna,호천성,Cidade de Lacuna,เมืองลาคูนา,,<{level=770;unitId=61903;advance=70};{level=770;unitId=61501;advance=70};{level=770;unitId=60282;advance=70}>,<{level=770;unitId=180273;advance=70}>,config/portrait/jinglingtouxiang1/img_68_gl@.png,1,5,2,20,1,6,1,<>,battle_bgm.mp3,battle/scene/bg_xcdg.jpg,config/big_hero/normal/img_68_gl@.png,{y=70;x=0},151,,1,,<{key=1;value=1};{key=2;value=2};{key=3;value=6}>,770,1030,1030,,,,9,12,80,12,{5000=0;100=0;20271=0},6000,,,,,,{14=4;13=2},{14=6},,{},{},1,{gold=12000;talent_point=1;rmb=20},{y=549;x=625},{y=663;x=1015},<<1417;349>;<1302;262>;<1034;345>;<923;420>;<776;444>;<759;518>;<625;549>>,{},,FALSE,0,{}
24104,湖天城,湖天城,Lacuna City,Thành phố Lacuna,호천성,Cidade de Lacuna,เมืองลาคูนา,,<{level=780;unitId=50171;advance=70};{level=780;unitId=60464;advance=70};{level=780;unitId=53302;advance=70};{level=780;unitId=63561;advance=70};{level=780;unitId=60111;advance=70}>,<{level=780;unitId=180283;advance=70}>,config/portrait/jinglingtouxiang1/img_71_dsh@.png,1,5,2,20,1,6,1,<>,battle_bgm.mp3,battle/scene/bg_xcdg.jpg,config/big_hero/normal/img_71_dsh@.png,{y=70;x=0},151,,1,,<{key=1;value=1};{key=2;value=2};{key=3;value=6}>,780,1037,1037,,,,9,12,80,12,{20281=0;100=0;5000=0},6000,,,,,,{14=4;13=2},{14=6},,{},{},1,{gold=12000;talent_point=1;rmb=20},{y=942;x=971},{y=788;x=1402},<<625;549>;<770;629>;<856;631>;<1015;663>;<971;942>>,{},,FALSE,0,{}
24105,湖天城,湖天城,Lacuna City,Thành phố Lacuna,호천성,Cidade de Lacuna,เมืองลาคูนา,,<{level=790;unitId=60632;advance=70};{level=790;unitId=60132;advance=70};{level=790;unitId=60093;advance=70};{level=790;unitId=63502;advance=70}>,<{level=790;unitId=180603;advance=70}>,config/portrait/jinglingtouxiang1/img_467_yzys@.png,1,5,2,20,1,6,1,<>,battle_bgm.mp3,battle/scene/bg_xcdg.jpg,config/big_hero/normal/img_467_yzys@.png,{y=70;x=0},151,,1,,<{key=1;value=1};{key=2;value=2};{key=3;value=6}>,790,1044,1044,,,,9,12,80,12,{100=0;20601=0;5000=0},6000,,,,,,{14=4;13=2},{14=6},,{},{},1,{},{y=1066;x=1302},,<<971;942>;<1204;774>;<1402;788>;<1484;950>;<1458;1036>;<1302;1066>>,{},,FALSE,0,{}
24201,山葵镇,山葵镇,Wasabi Town,Thị trấn Wasabi,와사비 마을,Vila Wasabi,เมืองวาซาบิ,,<{level=800;unitId=63303;advance=70};{level=800;unitId=63021;advance=70};{level=800;unitId=61812;advance=70};{level=800;unitId=60273;advance=70}>,<{level=800;unitId=70222;advance=70}>,config/portrait/jinglingtouxiang1/img_55_gdy@.png,1,5,2,20,1,6,1,<>,battle_bgm.mp3,battle/scene/bg_xcdg.jpg,config/big_hero/normal/img_55_gdy@.png,{y=70;x=0},152,,1,,<{key=1;value=1};{key=2;value=2};{key=3;value=6}>,800,1051,1051,,,,9,12,80,12,{20221=0;100=0;5000=0},6000,,,,,,{14=4},{14=4;13=4},,{},{},1,{gold=12000;talent_point=1;rmb=20},{y=267;x=1365},{y=373;x=854},<<1365;267>>,{},,FALSE,0,{}
24202,山葵镇,山葵镇,Wasabi Town,Thị trấn Wasabi,와사비 마을,Vila Wasabi,เมืองวาซาบิ,,<{level=810;unitId=60052;advance=70};{level=810;unitId=60272;advance=70};{level=810;unitId=62633;advance=70};{level=810;unitId=63352;advance=70}>,<{level=810;unitId=180242;advance=70}>,config/portrait/jinglingtouxiang1/img_59_fsg@.png,1,5,2,20,1,6,1,<>,battle_bgm.mp3,battle/scene/bg_xcdg.jpg,config/big_hero/normal/img_59_fsg@.png,{y=70;x=0},152,,1,,<{key=1;value=1};{key=2;value=2};{key=3;value=6}>,810,1058,1058,,,,9,12,80,12,{5000=0;100=0;20241=0},6000,,,,,,{14=4},{14=4;13=4},,{},{},1,{gold=12000;talent_point=1;rmb=20},{y=426;x=661},{y=747;x=713},<<1365;267>;<1234;385>;<1121;419>;<1009;323>;<854;373>;<661;426>>,{},,FALSE,0,{}
24203,山葵镇,山葵镇,Wasabi Town,Thị trấn Wasabi,와사비 마을,Vila Wasabi,เมืองวาซาบิ,,<{level=820;unitId=63411;advance=70};{level=820;unitId=63301;advance=70};{level=820;unitId=63541;advance=70}>,<{level=820;unitId=182843;advance=70}>,config/portrait/jinglingtouxiang1/img_576_gdxj@.png,1,5,2,20,1,6,1,<>,battle_bgm.mp3,battle/scene/bg_xcdg.jpg,config/big_hero/normal/img_576_gdxj@.png,{y=70;x=0},152,,1,,<{key=1;value=1};{key=2;value=2};{key=3;value=6}>,820,1065,1065,,,,9,12,80,12,{22841=0;100=0;5000=0},6000,,,,,,{14=4},{14=4;13=4},,{},{},1,{gold=12000;talent_point=1;rmb=20},{y=859;x=999},{y=673;x=1490},<<661;426>;<529;533>;<511;662>;<418;824>;<551;759>;<713;747>;<999;859>>,{},,FALSE,0,{}
24204,山葵镇,山葵镇,Wasabi Town,Thị trấn Wasabi,와사비 마을,Vila Wasabi,เมืองวาซาบิ,,<{level=830;unitId=63543;advance=70};{level=830;unitId=62073;advance=70};{level=830;unitId=60301;advance=70};{level=830;unitId=60053;advance=70}>,<{level=830;unitId=182993;advance=70}>,config/portrait/jinglingtouxiang1/img_609_sjdhl@.png,1,5,2,20,1,6,1,<>,battle_bgm.mp3,battle/scene/bg_xcdg.jpg,config/big_hero/normal/img_609_sjdhl@.png,{y=70;x=0},152,,1,,<{key=1;value=1};{key=2;value=2};{key=3;value=6}>,830,1072,1072,,,,9,12,80,12,{22991=0;100=0;5000=0},6000,,,,,,{14=4},{14=4;13=4},,{},{},1,{gold=12000;talent_point=1;rmb=20},{y=462;x=1713},{y=902;x=1968},<<999;859>;<1287;693>;<1490;673>;<1574;508>;<1713;462>>,{},,FALSE,0,{}
24205,山葵镇,山葵镇,Wasabi Town,Thị trấn Wasabi,와사비 마을,Vila Wasabi,เมืองวาซาบิ,,<{level=840;unitId=70102;advance=70};{level=840;unitId=70192;advance=70};{level=840;unitId=71443;advance=70};{level=840;unitId=70283;advance=70}>,<{level=840;unitId=183592;advance=70}>,config/portrait/jinglingtouxiang1/img_715_ybl@.png,1,5,2,20,1,6,1,<>,battle_bgm.mp3,battle/scene/bg_xcdg.jpg,config/big_hero/normal/img_715_ybl@.png,{y=70;x=0},152,,1,,<{key=1;value=1};{key=2;value=2};{key=3;value=6}>,840,1079,1079,,,,9,12,80,12,{23591=0;100=0;5000=0},6000,,,,,,{14=4},{14=4;13=4},,{},{},1,{},{y=985;x=1461},,<<1713;462>;<1930;539>;<2025;610>;<1892;749>;<1968;902>;<1753;926>;<1461;985>>,{},,FALSE,0,{}
24301,韵律镇,韵律镇,Rhythm Town,Thị trấn Rhythm,운율 마을,Vila Rhythm,เมืองริทึม,,<{level=850;unitId=62351;advance=70};{level=850;unitId=60171;advance=70};{level=850;unitId=60013;advance=70};{level=850;unitId=60033;advance=70}>,<{level=850;unitId=70341;advance=70}>,config/portrait/jinglingtouxiang1/img_83_dcy@.png,1,5,2,20,1,6,1,<>,battle_bgm.mp3,battle/scene/bg_xcdg.jpg,config/big_hero/normal/img_83_dcy@.png,{y=70;x=0},153,,1,,<{key=1;value=1};{key=2;value=2};{key=3;value=6}>,850,1086,1086,,,,9,12,80,12,{100=0;20341=0;5000=0},6000,,,,,,{14=4;13=2},{14=6},,{},{},1,{gold=12000;talent_point=1;rmb=20},{y=397;x=463},{y=306;x=1005},<<463;397>>,{},,FALSE,0,{}
24302,韵律镇,韵律镇,Rhythm Town,Thị trấn Rhythm,운율 마을,Vila Rhythm,เมืองริทึม,,<{level=860;unitId=60351;advance=70};{level=860;unitId=61241;advance=70};{level=860;unitId=61811;advance=70};{level=860;unitId=63562;advance=70}>,<{level=860;unitId=180491;advance=70}>,config/portrait/jinglingtouxiang1/img_111_djxn@.png,1,5,2,20,1,6,1,<>,battle_bgm.mp3,battle/scene/bg_xcdg.jpg,config/big_hero/normal/img_111_djxn@.png,{y=70;x=0},153,,1,,<{key=1;value=1};{key=2;value=2};{key=3;value=6}>,860,1093,1093,,,,9,12,80,12,{20491=0;100=0;5000=0},6000,,,,,,{14=4;13=2},{14=6},,{},{},1,{gold=12000;talent_point=1;rmb=20},{y=653;x=752},{y=337;x=1371},<<463;397>;<752;345>;<881;283>;<1005;306>;<881;463>;<883;596>;<752;653>>,{},,FALSE,0,{}
24303,韵律镇,韵律镇,Rhythm Town,Thị trấn Rhythm,운율 마을,Vila Rhythm,เมืองริทึม,,<{level=870;unitId=60351;advance=70};{level=870;unitId=62301;advance=70};{level=870;unitId=62303;advance=70}>,<{level=870;unitId=181311;advance=70}>,config/portrait/jinglingtouxiang1/img_258_syy@.png,1,5,2,20,1,6,1,<>,battle_bgm.mp3,battle/scene/bg_xcdg.jpg,config/big_hero/normal/img_258_syy@.png,{y=70;x=0},153,,1,,<{key=1;value=1};{key=2;value=2};{key=3;value=6}>,870,1100,1100,,,,9,12,80,12,{21311=0;100=0;5000=0},6000,,,,,,{14=4;13=2},{14=6},,{},{},1,{gold=12000;talent_point=1;rmb=20},{y=348;x=1567},{y=663;x=1751},<<752;653>;<915;667>;<1154;448>;<1371;337>;<1567;348>>,{},,FALSE,0,{}
24304,韵律镇,韵律镇,Rhythm Town,Thị trấn Rhythm,운율 마을,Vila Rhythm,เมืองริทึม,,<{level=880;unitId=62231;advance=70};{level=880;unitId=60332;advance=70};{level=880;unitId=63003;advance=70};{level=880;unitId=60331;advance=70}>,<{level=880;unitId=181802;advance=70}>,config/portrait/jinglingtouxiang1/img_354_zzww@.png,1,5,2,20,1,6,1,<>,battle_bgm.mp3,battle/scene/bg_xcdg.jpg,config/big_hero/normal/img_354_zzww@.png,{y=70;x=0},153,,1,,<{key=1;value=1};{key=2;value=2};{key=3;value=6}>,880,1107,1107,,,,9,12,80,12,{21801=0;100=0;5000=0},6000,,,,,,{14=4;13=2},{14=6},,{},{},1,{gold=12000;talent_point=1;rmb=20},{y=822;x=1835},{y=931;x=1034},<<1567;348>;<1747;389>;<1746;499>;<1559;663>;<1751;663>;<1835;822>>,{},,FALSE,0,{}
24305,韵律镇,韵律镇,Rhythm Town,Thị trấn Rhythm,운율 마을,Vila Rhythm,เมืองริทึม,,<{level=890;unitId=71901;advance=70};{level=890;unitId=70031;advance=70};{level=890;unitId=73143;advance=70};{level=890;unitId=70282;advance=70}>,<{level=890;unitId=182721;advance=70}>,config/portrait/jinglingtouxiang1/img_551_hye@.png,1,5,2,20,1,6,1,<>,battle_bgm.mp3,battle/scene/bg_xcdg.jpg,config/big_hero/normal/img_551_hye@.png,{y=70;x=0},153,,1,,<{key=1;value=1};{key=2;value=2};{key=3;value=6}>,890,1114,1114,,,,9,12,80,12,{22721=0;100=0;5000=0},6000,,,,,,{14=4;13=2},{14=6},,{},{},1,{},{y=743;x=1278},,<<1835;822>;<1601;956>;<1489;991>;<1034;931>;<881;994>;<986;779>;<1278;743>>,{},,FALSE,0,{}
24401,斗士镇,斗士镇,Fighter Town,Thị trấn Fighter,투사 마을,Vila Fighter,เมืองไฟท์เตอร์,,<{level=900;unitId=60601;advance=70};{level=900;unitId=61351;advance=70};{level=900;unitId=63282;advance=70};{level=900;unitId=61292;advance=70}>,<{level=900;unitId=180151;advance=70}>,config/portrait/jinglingtouxiang1/img_174_bbd@.png,1,5,2,20,1,6,1,<>,battle_bgm.mp3,battle/scene/bg_xcdg.jpg,config/big_hero/normal/img_174_bbd@.png,{y=70;x=0},154,,1,,<{key=1;value=1};{key=2;value=2};{key=3;value=6}>,900,1121,1121,,,,9,12,80,12,{20151=0;100=0;5000=0},6000,,,,,,{14=4},{14=4;13=4},,{},{},1,{gold=12000;talent_point=1;rmb=20},{y=240;x=1600},{y=356;x=978},<<1600;240>>,{},,FALSE,0,{}
24402,斗士镇,斗士镇,Fighter Town,Thị trấn Fighter,투사 마을,Vila Fighter,เมืองไฟท์เตอร์,,<{level=910;unitId=60601;advance=70};{level=910;unitId=63282;advance=70};{level=910;unitId=60302;advance=70}>,<{level=910;unitId=242031;advance=70}>,config/portrait/jinglingtouxiang1/img_393_bjm@.png,1,5,2,20,1,6,1,<>,battle_bgm.mp3,battle/scene/bg_xcdg.jpg,config/big_hero/normal/img_393_bjm@.png,{y=70;x=0},154,,1,,<{key=1;value=1};{key=2;value=2};{key=3;value=6}>,910,1128,1128,,,,9,12,80,12,{22031=0;100=0;5000=0},6000,,,,,,{14=4},{14=4;13=4},,{},{},1,{gold=12000;talent_point=1;rmb=20},{y=574;x=790},{y=558;x=1436},<<1600;240>;<1196;318>;<978;356>;<978;356>;<790;574>>,{},,FALSE,0,{}
24403,斗士镇,斗士镇,Fighter Town,Thị trấn Fighter,투사 마을,Vila Fighter,เมืองไฟท์เตอร์,,<{level=920;unitId=61421;advance=70};{level=920;unitId=61421;advance=70};{level=920;unitId=60892;advance=70};{level=920;unitId=60692;advance=70}>,<{level=920;unitId=183001;advance=70}>,config/portrait/jinglingtouxiang1/img_610_yy@.png,1,5,2,20,1,6,1,<>,battle_bgm.mp3,battle/scene/bg_xcdg.jpg,config/big_hero/normal/img_610_yy@.png,{y=70;x=0},154,,1,,<{key=1;value=1};{key=2;value=2};{key=3;value=6}>,920,1135,1135,,,,9,12,80,12,{23001=0;100=0;5000=0},6000,,,,,,{14=4},{14=4;13=4},,{},{},1,{gold=12000;talent_point=1;rmb=20},{y=718;x=1736},{y=1096;x=1488},<<790;574>;<1276;612>;<1436;558>;<1436;558>;<1736;718>>,{},,FALSE,0,{}
24404,斗士镇,斗士镇,Fighter Town,Thị trấn Fighter,투사 마을,Vila Fighter,เมืองไฟท์เตอร์,,<{level=930;unitId=72631;advance=70};{level=930;unitId=73302;advance=70};{level=930;unitId=70471;advance=70};{level=930;unitId=70791;advance=70}>,<{level=930;unitId=181081;advance=70}>,config/portrait/jinglingtouxiang1/img_215_nl@.png,1,5,2,20,1,6,1,<>,battle_bgm.mp3,battle/scene/bg_xcdg.jpg,config/big_hero/normal/img_215_nl@.png,{y=70;x=0},154,,1,,<{key=1;value=1};{key=2;value=2};{key=3;value=6}>,930,1142,1142,,,,9,12,80,12,{100=0;21081=0;5000=0},6000,,,,,,{14=4},{14=4;13=4},,{},{},1,{gold=12000;talent_point=1;rmb=20},{y=944;x=1260},{y=812;x=1118},<<1736;718>;<1910;840>;<1699;968>;<1488;1096>;<1520;952>;<1260;944>>,{},,FALSE,0,{}
24405,斗士镇,斗士镇,Fighter Town,Thị trấn Fighter,투사 마을,Vila Fighter,เมืองไฟท์เตอร์,,<{level=940;unitId=60052;advance=70};{level=940;unitId=61241;advance=70};{level=940;unitId=63011;advance=70};{level=940;unitId=60331;advance=70}>,<{level=940;unitId=183661;advance=70}>,config/portrait/jinglingtouxiang1/img_722_mmx@.png,1,5,2,20,1,6,1,<>,battle_bgm.mp3,battle/scene/bg_xcdg.jpg,config/big_hero/normal/img_722_mmx@.png,{y=70;x=0},154,,1,,<{key=1;value=1};{key=2;value=2};{key=3;value=6}>,940,1149,1149,,,,9,12,80,12,{5000=0;100=0;23661=0},6000,,,,,,{14=4},{14=4;13=4},,{},{},1,{},{y=898;x=576},,<<1260;944>;<1118;812>;<976;680>;<576;898>>,{},,FALSE,0,{}
24501,北上镇,北上镇,Kitakami,Kitakami,북신 마을,Kitakami,คิตาคามิ,,<{level=400;unitId=60053;advance=70};{level=400;unitId=60053;advance=70};{level=400;unitId=60002;advance=70};{level=400;unitId=60002;advance=70}>,<{level=400;unitId=73471;advance=70}>,config/portrait/jinglingtouxiang1/img_692_tbqx@.png,1,5,2,20,1,6,1,<>,battle_bgm.mp3,battle/scene/bg_xcdg.jpg,config/big_hero/normal/img_692_tbqx@.png,{y=70;x=0},155,,1,,<{key=1;value=1};{key=2;value=2};{key=3;value=6}>,400,771,771,,,,9,12,80,12,{23471=0;100=0;5000=0},6000,,,,,,{14=4;13=2},{14=6},,{},{},1,{gold=12000;talent_point=1;rmb=20},{y=301;x=638},{y=380;x=1041},<<638;301>>,{},,FALSE,0,{}
24502,北上镇,北上镇,Kitakami,Kitakami,북신 마을,Kitakami,คิตาคามิ,,<{level=410;unitId=60132;advance=70};{level=410;unitId=60472;advance=70};{level=410;unitId=60132;advance=70};{level=410;unitId=60472;advance=70}>,<{level=410;unitId=183351;advance=70}>,config/portrait/jinglingtouxiang1/img_669_hbb@.png,1,5,2,20,1,6,1,<>,battle_bgm.mp3,battle/scene/bg_xcdg.jpg,config/big_hero/normal/img_669_hbb@.png,{y=70;x=0},155,,1,,<{key=1;value=1};{key=2;value=2};{key=3;value=6}>,410,778,778,,,,9,12,80,12,{23351=0;100=0;5000=0},6000,,,,,,{14=4;13=2},{14=6},,{},{},1,{gold=12000;talent_point=1;rmb=20},{y=642;x=715},{y=459;x=1298},<<638;301>;<892;305>;<1041;380>;<1023;487>;<715;642>>,{},,FALSE,0,{}
24503,北上镇,北上镇,Kitakami,Kitakami,북신 마을,Kitakami,คิตาคามิ,,<{level=420;unitId=60043;advance=70};{level=420;unitId=60552;advance=70};{level=420;unitId=60043;advance=70}>,<{level=420;unitId=183341;advance=70}>,config/portrait/jinglingtouxiang1/img_667_xss@.png,1,5,2,20,1,6,1,<>,battle_bgm.mp3,battle/scene/bg_xcdg.jpg,config/big_hero/normal/img_667_xss@.png,{y=70;x=0},155,,1,,<{key=1;value=1};{key=2;value=2};{key=3;value=6}>,420,785,785,,,,9,12,80,12,{23341=0;100=0;5000=0},6000,,,,,,{14=4;13=2},{14=6},,{},{},1,{gold=12000;talent_point=1;rmb=20},{y=489;x=1452},{y=403;x=1947},<<715;642>;<805;675>;<1083;538>;<1119;582>;<1298;459>;<1452;489>>,{},,FALSE,0,{}
24504,北上镇,北上镇,Kitakami,Kitakami,북신 마을,Kitakami,คิตาคามิ,,<{level=430;unitId=50601;advance=70};{level=430;unitId=63282;advance=70};{level=430;unitId=50601;advance=70};{level=430;unitId=63282;advance=70};{level=430;unitId=63282;advance=70}>,<{level=430;unitId=181171;advance=70}>,config/portrait/jinglingtouxiang1/img_228_dlb@.png,1,5,2,20,1,6,1,<>,battle_bgm.mp3,battle/scene/bg_xcdg.jpg,config/big_hero/normal/img_228_dlb@.png,{y=70;x=0},155,,1,,<{key=1;value=1};{key=2;value=2};{key=3;value=6}>,430,792,792,,,,9,12,80,12,{21171=0;100=0;5000=0},6000,,,,,,{14=4;13=2},{14=6},,{},{},1,{gold=12000;talent_point=1;rmb=20},{y=538;x=2055},{y=811;x=1581},<<1452;489>;<1626;523>;<1751;470>;<1947;403>;<1958;487>;<2055;538>>,{},,FALSE,0,{}
24505,北上镇,北上镇,Kitakami,Kitakami,북신 마을,Kitakami,คิตาคามิ,,<{level=440;unitId=60571;advance=70};{level=440;unitId=60571;advance=70};{level=440;unitId=63282;advance=70};{level=440;unitId=63282;advance=70}>,<{level=440;unitId=181811;advance=70}>,config/portrait/jinglingtouxiang1/img_355_yxl@.png,1,5,2,20,1,6,1,<>,battle_bgm.mp3,battle/scene/bg_xcdg.jpg,config/big_hero/normal/img_355_yxl@.png,{y=70;x=0},155,,1,,<{key=1;value=1};{key=2;value=2};{key=3;value=6}>,440,799,799,,,,9,12,80,12,{21811=0;100=0;5000=0},6000,,,,,,{14=4;13=2},{14=6},,{},{},1,{},{y=1089;x=1390},,<<2055;538>;<2022;675>;<1783;793>;<1697;781>;<1581;811>;<1371;857>;<1352;953>;<1435;1023>;<1390;1089>>,{},,FALSE,0,{}
30101,真新镇,真新鎮,Pallet Town,Thị trấn Pallet,태초마을,Cidade de Pallet,เมืองมาซาระ,,<{level=9;unitId=60051;advance=9};{level=9;unitId=60592;advance=9};{level=9;unitId=60793;advance=9};{level=9;unitId=60302;advance=9};{level=9;unitId=60482;advance=9}>,<{level=9;unitId=260001;advance=9}>,config/portrait/jinglingtouxiang1/img_212_jqtl@.png,1,6,2,20,1,6,1,<>,battle_bgm.mp3,battle/scene/bg_xcdg.jpg,config/big_hero/normal/img_212_jqtl@.png,{y=70;x=0},211,,1,,<{key=1;value=1};{key=2;value=2};{key=3;value=6}>,9,205,205,,,,9999,12,80,12,{20451=0;100=0;5000=0},625,上阵毒、地面、火属性的精灵会额外提升10%物攻和特攻,上陣毒、地面、火屬性的精靈會額外提升10%物攻和特攻,"Pokémons with poison, ground, and fire attributes will gain an additional 10% physical and special attacks",404404,"독, 바위, 불꽃 타입의 포켓몬 출전 시 공격 및 특수 공격이 추가로 10% 증가한다",{},{},,{502=1;850=120;talent_point=1},{851=20;502=1;talent_point=2},0,{},{y=936;x=966},,<<0;0>>,{},,FALSE,0,{}
30102,真新镇,真新鎮,Pallet Town,Thị trấn Pallet,태초마을,Cidade de Pallet,เมืองมาซาระ,,<{level=12;unitId=63302;advance=9};{level=12;unitId=260002;advance=9};{level=12;unitId=60551;advance=9};{level=12;unitId=60601;advance=9};{level=12;unitId=60592;advance=9}>,<{level=12;unitId=260003;advance=9}>,config/portrait/jinglingtouxiang1/img_254_xyw@.png,1,6,2,20,1,6,1,<>,battle_bgm.mp3,battle/scene/bg_zz.jpg,config/big_hero/normal/img_254_xyw@.png,{y=70;x=0},211,,1,,<{key=1;value=1};{key=2;value=2};{key=3;value=6}>,12,219,219,,,,9999,12,80,12,{100=0;20041=0;5000=0},625,请时刻关注精灵们的闲言碎语,請時刻關注精靈們的閒言碎語,Please always pay attention to the gossip of the Pokémons,404404,항상 포켓몬들이 잡다한 얘기를 귀담아들으세요,{},{},,{502=1;850=120;talent_point=1},{851=20;502=1;talent_point=2},0,{},{y=600;x=1200},,<<0;0>>,{},,FALSE,0,{}
30201,神秘部落,神秘部落,Mysterious Tribe,Bộ lạc Bí ẩn,신비한 부족,Tribo Misteriosa,เผ่าลึกลับ,,<{level=18;unitId=60002;advance=10};{level=18;unitId=60001;advance=10};{level=18;unitId=63302;advance=10};{level=18;unitId=61612;advance=10};{level=18;unitId=60002;advance=10}>,<{level=18;unitId=260004;advance=10}>,config/portrait/jinglingtouxiang1/img_130_bll@.png,1,6,2,20,1,6,1,<>,battle_bgm.mp3,battle/scene/bg_xcdg.jpg,config/big_hero/normal/img_130_bll@.png,{y=70;x=0},212,,1,,<{key=1;value=1};{key=2;value=2};{key=3;value=6}>,18,243,243,,,,9999,12,80,12,{100=0;21351=0;5000=0},650,上阵草、电、冰属性的精灵会额外提升10%物攻和特攻,上陣草、電、冰屬性的精靈會額外提升10%物攻和特攻,"Pokémons with grass, electricity, and ice attributes will gain an additional 10% physical and special attacks.",404404,"독, 땅, 불꽃 타입의 포켓몬 출전 시 공격 및 특수 공격이 추가로 10% 증가한다",{},{},,{502=1;850=125;talent_point=1},{851=25;502=1;talent_point=2},0,{},{y=601;x=763},,<<0;0>>,{},,FALSE,0,{}
30202,神秘部落,神秘部落,Mysterious Tribe,Bộ lạc Bí ẩn,신비한 부족,Tribo Misteriosa,เผ่าลึกลับ,,<{level=19;unitId=260005;advance=10};{level=19;unitId=60053;advance=10};{level=19;unitId=70013;advance=10};{level=19;unitId=60731;advance=10};{level=19;unitId=60741;advance=10}>,<{level=19;unitId=260006;advance=10}>,config/portrait/jinglingtouxiang1/img_635_ssel@.png,1,6,2,20,1,6,1,<>,battle_bgm.mp3,battle/scene/bg_zz.jpg,config/big_hero/normal/img_635_ssel@.png,{y=70;x=0},212,,1,,<{key=1;value=1};{key=2;value=2};{key=3;value=6}>,19,257,257,,,,9999,12,80,12,{5000=0;100=0;20011=0},650,请时刻关注精灵们的闲言碎语,請時刻關注精靈們的閒言碎語,Please always pay attention to the gossip of the Pokémons,404404,항상 포켓몬들이 잡다한 얘기를 귀담아들으세요,{},{},,{502=1;850=125;talent_point=1},{851=25;502=1;talent_point=2},0,{},{y=963;x=1760},,<<0;0>>,{},,FALSE,0,{}
30301,废弃城市,廢棄城市,Abandoned City,Thành phố Bị bỏ hoang,버려진 도시,Cidade Abandonada,เมืองร้าง,,<{level=22;unitId=60133;advance=10};{level=22;unitId=60392;advance=10};{level=22;unitId=62271;advance=10};{level=22;unitId=62482;advance=10};{level=22;unitId=60092;advance=10}>,<{level=22;unitId=260007;advance=10}>,config/portrait/jinglingtouxiang1/img_248_bjls@.png,1,6,2,20,1,6,1,<>,battle_bgm.mp3,battle/scene/bg_xcdg.jpg,config/big_hero/normal/img_248_bjls@.png,{y=70;x=0},213,,1,20801,<{key=1;value=1};{key=2;value=2};{key=3;value=6}>,22,281,281,,,,9999,12,80,12,{20071=0;100=0;5000=0},675,上阵格斗、虫、妖精属性的精灵会额外提升10%物攻和特攻,上陣格鬥、蟲、妖精屬性的精靈會額外提升10%物攻和特攻,"Pokémons with combat, insect, and goblin attributes will gain an additional 10% physical and special attacks",404404,"격투, 벌레, 요정 타입의 포켓몬 출전 시 공격 및 특수 공격이 추가로 10% 증가한다",{},{},,{502=1;850=130;talent_point=1},{851=30;502=1;talent_point=2},0,{},{y=442;x=985},,<<0;0>>,{},,FALSE,0,{}
30302,废弃城市,廢棄城市,Abandoned City,Thành phố Bị bỏ hoang,버려진 도시,Cidade Abandonada,เมืองร้าง,,<{level=25;unitId=60552;advance=10};{level=25;unitId=70692;advance=10};{level=25;unitId=63471;advance=10};{level=25;unitId=72271;advance=10};{level=25;unitId=71351;advance=10}>,<{level=25;unitId=260008;advance=10}>,config/portrait/jinglingtouxiang1/img_214_hlkls@.png,1,6,2,20,1,6,1,<>,battle_bgm.mp3,battle/scene/bg_xcdg.jpg,config/big_hero/normal/img_214_hlkls@.png,{y=70;x=0},213,,1,20801,<{key=1;value=1};{key=2;value=2};{key=3;value=6}>,25,295,295,,,,9999,12,80,12,{100=0;20091=0;5000=0},675,请时刻关注精灵们的闲言碎语,請時刻關注精靈們的閒言碎語,Please always pay attention to the gossip of the Pokémons,404404,항상 포켓몬들이 잡다한 얘기를 귀담아들으세요,{},{},,{502=1;850=130;talent_point=1},{851=30;502=1;talent_point=2},0,{},{y=940;x=1370},,<<0;0>>,{},,FALSE,0,{}
30401,度假岛,度假島,Resort Island,Đảo Nghỉ dưỡng,휴양섬,Ilha Resort,เกาะพักร้อน,,<{level=30;unitId=60602;advance=11};{level=30;unitId=60552;advance=11};{level=30;unitId=60482;advance=11};{level=30;unitId=60262;advance=11};{level=30;unitId=61422;advance=11}>,<{level=30;unitId=260009;advance=11}>,config/portrait/jinglingtouxiang1/img_467_yzys@.png,1,6,2,20,1,6,1,<>,battle_bgm.mp3,battle/scene/bg_xcdg.jpg,config/big_hero/normal/img_467_yzys@.png,{y=70;x=0},214,,1,20901,<{key=1;value=1};{key=2;value=2};{key=3;value=6}>,30,319,319,,,,9999,12,80,12,{20061=0;100=0;5000=0},700,上阵地面、岩石、水属性的精灵会额外提升10%物攻和特攻,上陣地面、岩石、水屬性的精靈會額外提升10%物攻和特攻,"Pokémons in the ground, rock, and water attributes will gain an additional 10% physical and special attacks",404404,"땅, 바위, 물 타입의 포켓몬 출전 시 공격 및 특수 공격이 추가로 10% 증가한다",{},{},,{502=1;850=135;talent_point=1},{851=35;502=1;talent_point=2},0,{},{y=842;x=703},,<<0;0>>,{},,FALSE,0,{}
30402,度假岛,度假島,Resort Island,Đảo Nghỉ dưỡng,휴양섬,Ilha Resort,เกาะพักร้อน,,<{level=33;unitId=70332;advance=11};{level=33;unitId=63302;advance=11};{level=33;unitId=70893;advance=11};{level=33;unitId=260022;advance=11};{level=33;unitId=61351;advance=11}>,<{level=33;unitId=260010;advance=11}>,config/portrait/jinglingtouxiang1/img_260_jzg@.png,1,6,2,20,1,6,1,<>,battle_bgm.mp3,battle/scene/bg_xcdg.jpg,config/big_hero/normal/img_260_jzg@.png,{y=70;x=0},214,,1,20901,<{key=1;value=1};{key=2;value=2};{key=3;value=6}>,33,333,333,,,,9999,12,80,12,{20261=0;100=0;5000=0},700,请时刻关注精灵们的闲言碎语,請時刻關注精靈們的閒言碎語,Please always pay attention to the gossip of the Pokémons,404404,항상 포켓몬들이 잡다한 얘기를 귀담아들으세요,{},{},,{502=1;850=135;talent_point=1},{851=35;502=1;talent_point=2},0,{},{y=620;x=1907},,<<0;0>>,{},,FALSE,0,{}
30501,砂石镇,砂石鎮,Sandstone Town,Thị trấn Cát Sỏi,모래돌 마을,Vila Sandstone,เมืองหินทราย,,<{level=37;unitId=60271;advance=11};{level=37;unitId=50071;advance=11};{level=37;unitId=62271;advance=11};{level=37;unitId=61351;advance=11};{level=37;unitId=61422;advance=11}>,<{level=37;unitId=260011;advance=11}>,config/portrait/jinglingtouxiang1/img_445_lyls@.png,1,6,2,20,1,6,1,<>,battle_bgm.mp3,battle/scene/bg_xcdg.jpg,config/big_hero/normal/img_445_lyls@.png,{y=70;x=0},215,,1,20903,<{key=1;value=1};{key=2;value=2};{key=3;value=6}>,37,357,357,,,,9999,12,80,12,{20101=0;100=0;5000=0},725,上阵冰、龙、妖精属性的精灵会额外提升10%物攻和特攻,上陣冰、龍、妖精屬性的精靈會額外提升10%物攻和特攻,"Pokémons with ice, dragon, and Fairy type will gain an additional 10% physical and special attacks",404404,"얼음, 드래곤, 요정 타입의 포켓몬 출전 시 공격 및 특수 공격이 추가로 10% 증가한다",{},{},,{502=1;850=140;talent_point=1},{851=40;502=1;talent_point=2},0,{},{y=484;x=876},,<<0;0>>,{},,FALSE,0,{}
30502,砂石镇,砂石鎮,Sandstone Town,Thị trấn Cát Sỏi,모래돌 마을,Vila Sandstone,เมืองหินทราย,,<{level=40;unitId=60052;advance=11};{level=40;unitId=70001;advance=11};{level=40;unitId=60551;advance=11};{level=40;unitId=70132;advance=11};{level=40;unitId=70301;advance=11}>,<{level=40;unitId=260012;advance=11}>,config/portrait/jinglingtouxiang1/img_150_cm@.png,1,6,2,20,1,6,1,<>,battle_bgm.mp3,battle/scene/bg_xcdg.jpg,config/big_hero/normal/img_150_cm@.png,{y=70;x=0},215,,1,20903,<{key=1;value=1};{key=2;value=2};{key=3;value=6}>,40,371,371,,,,9999,12,80,12,{20051=0;100=0;5000=0},725,请时刻关注精灵们的闲言碎语,請時刻關注精靈們的閒言碎語,Please always pay attention to the gossip of the Pokémons,404404,항상 포켓몬들이 잡다한 얘기를 귀담아들으세요,{},{},,{502=1;850=140;talent_point=1},{851=40;502=1;talent_point=2},0,{},{y=631;x=2044},,<<0;0>>,{},,FALSE,0,{}
30601,雪原,雪原,Snowfield,Cánh đồng Tuyết,설원,Campo de Neve,ทุ่งหิมะ,,<{level=44;unitId=61422;advance=12};{level=44;unitId=60061;advance=12};{level=44;unitId=62012;advance=12};{level=44;unitId=61421;advance=12};{level=44;unitId=60092;advance=12}>,<{level=44;unitId=260013;advance=12}>,config/portrait/jinglingtouxiang1/img_615_jhxh@.png,1,6,2,20,1,6,1,<>,battle_bgm.mp3,battle/scene/bg_xcdg.jpg,config/big_hero/normal/img_615_jhxh@.png,{y=70;x=0},216,,1,21001,<{key=1;value=1};{key=2;value=2};{key=3;value=6}>,44,381,381,,,,9999,12,80,12,{20101=0;100=0;5000=0},750,上阵格斗、岩石、钢属性的精灵会额外提升10%物攻和特攻,上陣格鬥、岩石、鋼屬性的精靈會額外提升10%物攻和特攻,"Fighting, rock, and steel Pokémons will increase physical attack and special attack by 10%.",404404,"격투, 바위, 강철 타입의 포켓몬 출전 시 공격 및 특수 공격이 추가로 10% 증가한다",{},{},,{502=1;850=145;talent_point=1},{851=45;502=1;talent_point=2},0,{},{y=561;x=827},,<<0;0>>,{},,FALSE,0,{}
30602,雪原,雪原,Snowfield,Cánh đồng Tuyết,설원,Campo de Neve,ทุ่งหิมะ,,<{level=47;unitId=61351;advance=12};{level=47;unitId=61292;advance=12};{level=47;unitId=60053;advance=12};{level=47;unitId=60001;advance=12};{level=47;unitId=60262;advance=12}>,<{level=47;unitId=260014;advance=12}>,config/portrait/jinglingtouxiang1/img_477_hyml@.png,1,6,2,20,1,6,1,<>,battle_bgm.mp3,battle/scene/bg_xcdg.jpg,config/big_hero/normal/img_477_hyml@.png,{y=70;x=0},216,,1,21001,<{key=1;value=1};{key=2;value=2};{key=3;value=6}>,47,395,395,,,,9999,12,80,12,{20051=0;100=0;5000=0},750,上阵幽灵、恶、超能属性的精灵会额外提升10%物攻和特攻,上陣幽靈、惡、超能屬性的精靈會額外提升10%物攻和特攻,"Pokémons with ghost, evil, and super powers will gain an additional 10% physical and special attacks",404404,"유령, 악마, 에스퍼 타입의 포켓몬 출전 시 공격 및 특수 공격이 추가로 10% 증가한다",{},{},,{502=1;850=145;talent_point=1},{851=45;502=1;talent_point=2},0,{},{y=340;x=1501},,<<0;0>>,{},,FALSE,0,{}
30603,雪原,雪原,Snowfield,Cánh đồng Tuyết,설원,Campo de Neve,ทุ่งหิมะ,,<{level=50;unitId=60013;advance=12};{level=50;unitId=71971;advance=12};{level=50;unitId=60793;advance=12};{level=50;unitId=61231;advance=12};{level=50;unitId=60741;advance=12}>,<{level=50;unitId=260015;advance=12}>,config/portrait/jinglingtouxiang1/img_250_fw@.png,1,6,2,20,1,6,1,<>,battle_bgm.mp3,battle/scene/bg_xcdg.jpg,config/big_hero/normal/img_250_fw@.png,{y=70;x=0},216,,1,21001,<{key=1;value=1};{key=2;value=2};{key=3;value=6}>,50,409,409,,,,9999,12,80,12,{100=0;20591=0;5000=0},750,请时刻关注精灵们的闲言碎语,請時刻關注精靈們的閒言碎語,Please always pay attention to the gossip of the Pokémons,404404,항상 포켓몬들이 잡다한 얘기를 귀담아들으세요,{},{},,{502=1;850=145;talent_point=1},{851=45;502=1;talent_point=2},0,{},{y=968;x=1886},,<<0;0>>,{},,FALSE,0,{}
30701,波尼岛,波尼島,Poni Island,Đảo Poni,포니섬,Ilha Poni,เกาะโพนี,,<{level=55;unitId=60551;advance=12};{level=55;unitId=61352;advance=12};{level=55;unitId=60043;advance=12};{level=55;unitId=60571;advance=12};{level=55;unitId=60391;advance=12}>,<{level=55;unitId=260016;advance=12}>,config/portrait/jinglingtouxiang1/img_706_nml@.png,1,6,2,20,1,6,1,<>,battle_bgm.mp3,battle/scene/bg_xcdg.jpg,config/big_hero/normal/img_706_nml@.png,{y=70;x=0},217,,1,21003,<{key=1;value=1};{key=2;value=2};{key=3;value=6}>,55,416,416,,,,9999,12,80,12,{20101=0;100=0;5000=0},775,上阵冰、龙、妖精属性的精灵会额外提升10%物攻和特攻,上陣冰、龍、妖精屬性的精靈會額外提升10%物攻和特攻,"Pokémons with ice, dragon, and goblin attributes will gain an additional 10% physical and special attacks",404404,"얼음, 드래곤, 요정 타입의 포켓몬 출전 시 공격 및 특수 공격이 추가로 10% 증가한다",{},{},,{502=1;850=150;talent_point=1},{851=50;502=1;talent_point=2},0,{},{y=459;x=621},,<<0;0>>,{},,FALSE,0,{}
30702,波尼岛,波尼島,Poni Island,Đảo Poni,포니섬,Ilha Poni,เกาะโพนี,,<{level=58;unitId=60592;advance=12};{level=58;unitId=60043;advance=12};{level=58;unitId=60552;advance=12};{level=58;unitId=60011;advance=12};{level=58;unitId=63291;advance=12}>,<{level=58;unitId=260017;advance=12}>,config/portrait/jinglingtouxiang1/img_658_jhrw@.png,1,6,2,20,1,6,1,<>,battle_bgm.mp3,battle/scene/bg_xcdg.jpg,config/big_hero/normal/img_658_jhrw@.png,{y=70;x=0},217,,1,21003,<{key=1;value=1};{key=2;value=2};{key=3;value=6}>,58,430,430,,,,9999,12,80,12,{20051=0;100=0;5000=0},775,上阵草、电、虫属性的精灵会额外提升10%物攻和特攻,上陣草、電、蟲屬性的精靈會額外提升10%物攻和特攻,"Pokémons with the attributes of grass, electricity, and insects will have an additional 10% physical and special attacks.",404404,"풀, 전기, 벌레 타입의 포켓몬 출전 시 공격 및 특수 공격이 추가로 10% 증가한다",{},{},,{502=1;850=150;talent_point=1},{851=50;502=1;talent_point=2},0,{},{y=556;x=1471},,<<0;0>>,{},,FALSE,0,{}
30703,波尼岛,波尼島,Poni Island,Đảo Poni,포니섬,Ilha Poni,เกาะโพนี,,<{level=61;unitId=60593;advance=12};{level=61;unitId=71303;advance=12};{level=61;unitId=61293;advance=12};{level=61;unitId=60263;advance=12};{level=61;unitId=60393;advance=12}>,<{level=61;unitId=260018;advance=12}>,config/portrait/jinglingtouxiang1/img_289_qjw@.png,1,6,2,20,1,6,1,<>,battle_bgm.mp3,battle/scene/bg_xcdg.jpg,config/big_hero/normal/img_289_qjw@.png,{y=70;x=0},217,,1,21003,<{key=1;value=1};{key=2;value=2};{key=3;value=6}>,61,444,444,,,,9999,12,80,12,{100=0;20591=0;5000=0},775,请时刻关注精灵们的闲言碎语,請時刻關注精靈們的閒言碎語,Please always pay attention to the gossip of the Pokémons,404404,항상 포켓몬들이 잡다한 얘기를 귀담아들으세요,{},{},,{502=1;850=150;talent_point=1},{851=50;502=1;talent_point=2},0,{},{y=964;x=1708},,<<0;0>>,{},,FALSE,0,{}
30801,乌拉乌拉岛,烏拉烏拉島,Ula'ula Island,Đảo Ula'ula,울라울라섬,Ilha Ula'ula,เกาะอุลาอุลา,,<{level=66;unitId=50452;advance=13};{level=66;unitId=63291;advance=13};{level=66;unitId=50271;advance=13};{level=66;unitId=60011;advance=13};{level=66;unitId=63283;advance=13}>,<{level=66;unitId=260019;advance=13}>,config/portrait/jinglingtouxiang1/img_245_sj@.png,1,6,2,20,1,6,1,<>,battle_bgm.mp3,battle/scene/bg_xcdg.jpg,config/big_hero/normal/img_245_sj@.png,{y=70;x=0},218,,1,21101,<{key=1;value=1};{key=2;value=2};{key=3;value=6}>,66,451,451,,,,9999,12,80,12,{20101=0;100=0;5000=0},800,上阵草、电、一般属性的精灵会额外提升10%物攻和特攻,上陣草、電、一般屬性的精靈會額外提升10%物攻和特攻,"Pokémons with grass, electricity, and general attributes will gain an additional 10% physical and special attacks",404404,"풀, 전기, 노말 타입의 포켓몬 출전 시 공격 및 특수 공격이 추가로 10% 증가한다",{},{},,{502=1;850=155;talent_point=1},{851=55;502=1;talent_point=2},0,{},{y=555;x=875},,<<0;0>>,{},,FALSE,0,{}
30802,乌拉乌拉岛,烏拉烏拉島,Ula'ula Island,Đảo Ula'ula,울라울라섬,Ilha Ula'ula,เกาะอุลาอุลา,,<{level=69;unitId=63301;advance=13};{level=69;unitId=50001;advance=13};{level=69;unitId=60592;advance=13};{level=69;unitId=60603;advance=13};{level=69;unitId=60792;advance=13}>,<{level=69;unitId=260020;advance=13}>,config/portrait/jinglingtouxiang1/img_149_kl@.png,1,6,2,20,1,6,1,<>,battle_bgm.mp3,battle/scene/bg_xcdg.jpg,config/big_hero/normal/img_149_kl@.png,{y=70;x=0},218,,1,21101,<{key=1;value=1};{key=2;value=2};{key=3;value=6}>,69,465,465,,,,9999,12,80,12,{20051=0;100=0;5000=0},800,上阵冰、龙、恶属性的精灵会额外提升10%物攻和特攻,上陣冰、龍、惡屬性的精靈會額外提升10%物攻和特攻,"Pokémons with ice, dragon, and evil attributes will gain an additional 10% physical and special attacks",404404,"얼음, 드래곤, 악마 타입의 포켓몬 출전 시 공격 및 특수 공격이 추가로 10% 증가한다",{},{},,{502=1;850=155;talent_point=1},{851=55;502=1;talent_point=2},0,{},{y=501;x=1549},,<<0;0>>,{},,FALSE,0,{}
30803,乌拉乌拉岛,烏拉烏拉島,Ula'ula Island,Đảo Ula'ula,울라울라섬,Ilha Ula'ula,เกาะอุลาอุลา,,<{level=72;unitId=60552;advance=13};{level=72;unitId=71313;advance=13};{level=72;unitId=60273;advance=13};{level=72;unitId=62233;advance=13};{level=72;unitId=60333;advance=13}>,<{level=72;unitId=260021;advance=13}>,config/portrait/jinglingtouxiang1/img_464_cjkx@.png,1,6,2,20,1,6,1,<>,battle_bgm.mp3,battle/scene/bg_xcdg.jpg,config/big_hero/normal/img_464_cjkx@.png,{y=70;x=0},218,,1,21101,<{key=1;value=1};{key=2;value=2};{key=3;value=6}>,72,479,479,,,,9999,12,80,12,{100=0;20591=0;5000=0},800,请时刻关注精灵们的闲言碎语,請時刻關注精靈們的閒言碎語,Please always pay attention to the gossip of the Pokémons,404404,항상 포켓몬들이 잡다한 얘기를 귀담아들으세요,{},{},,{502=1;850=155;talent_point=1},{851=55;502=1;talent_point=2},0,{},{y=873;x=2141},,<<0;0>>,{},,FALSE,0,{}
30901,阿卡拉岛,阿卡拉島,Akala Island,Đảo Akala,아칼라섬,Ilha Akala,เกาะอาคาลา,,<{level=77;unitId=53301;advance=13};{level=77;unitId=60133;advance=13};{level=77;unitId=53301;advance=13};{level=77;unitId=62482;advance=13};{level=77;unitId=62482;advance=13}>,<{level=77;unitId=260023;advance=13}>,config/portrait/jinglingtouxiang1/img_462_zbcg@.png,1,6,2,20,1,6,1,<>,battle_bgm.mp3,battle/scene/bg_xcdg.jpg,config/big_hero/normal/img_462_zbcg@.png,{y=70;x=0},219,,1,21201,<{key=1;value=1};{key=2;value=2};{key=3;value=6}>,77,486,486,,,,9999,12,80,12,{20101=0;100=0;5000=0},725,上阵毒、地面、火属性的精灵会额外提升10%物攻和特攻,上陣毒、地面、火屬性的精靈會額外提升10%物攻和特攻,"Pokémons with poison, ground, and fire attributes will gain an additional 10% physical and special attacks",404404,"독, 바위, 불꽃 타입의 포켓몬 출전 시 공격 및 특수 공격이 추가로 10% 증가한다",{},{},,{502=1;850=160;talent_point=1},{851=60;502=1;talent_point=2},0,{},{y=477;x=1592},,<<0;0>>,{},,FALSE,0,{}
30902,阿卡拉岛,阿卡拉島,Akala Island,Đảo Akala,아칼라섬,Ilha Akala,เกาะอาคาลา,,<{level=80;unitId=60472;advance=13};{level=80;unitId=60472;advance=13};{level=80;unitId=63472;advance=13};{level=80;unitId=63472;advance=13}>,<{level=80;unitId=260024;advance=13}>,config/portrait/jinglingtouxiang1/img_229_hlj@.png,1,6,2,20,1,6,1,<>,battle_bgm.mp3,battle/scene/bg_xcdg.jpg,config/big_hero/normal/img_229_hlj@.png,{y=70;x=0},219,,1,21201,<{key=1;value=1};{key=2;value=2};{key=3;value=6}>,80,493,493,,,,9999,12,80,12,{20051=0;100=0;5000=0},725,上阵草、电、冰属性的精灵会额外提升10%物攻和特攻,上陣草、電、冰屬性的精靈會額外提升10%物攻和特攻,"Pokémons with grass, electricity, and ice attributes will gain an additional 10% physical and special attacks.",404404,"독, 땅, 불꽃 타입의 포켓몬 출전 시 공격 및 특수 공격이 추가로 10% 증가한다",{},{},,{502=1;850=160;talent_point=1},{851=60;502=1;talent_point=2},0,{},{y=959;x=837},,<<0;0>>,{},,FALSE,0,{}
30903,阿卡拉岛,阿卡拉島,Akala Island,Đảo Akala,아칼라섬,Ilha Akala,เกาะอาคาลา,,<{level=83;unitId=61353;advance=13};{level=83;unitId=60482;advance=13};{level=83;unitId=260026;advance=13};{level=83;unitId=60482;advance=13}>,<{level=83;unitId=260025;advance=13}>,config/portrait/jinglingtouxiang1/img_94_gg@.png,1,6,2,20,1,6,1,<>,battle_bgm.mp3,battle/scene/bg_xcdg.jpg,config/big_hero/normal/img_94_gg@.png,{y=70;x=0},219,,1,21201,<{key=1;value=1};{key=2;value=2};{key=3;value=6}>,83,503,503,,,,9999,12,80,12,{100=0;20591=0;5000=0},725,请时刻关注精灵们的闲言碎语,請時刻關注精靈們的閒言碎語,Please always pay attention to the gossip of the Pokémons,404404,항상 포켓몬들이 잡다한 얘기를 귀담아들으세요,{},{},,{502=1;850=160;talent_point=1},{851=60;502=1;talent_point=2},0,{},{y=809;x=1522},,<<0;0>>,{},,FALSE,0,{}
31001,美乐美乐岛,美樂美樂島,Melemele Island,Đảo Melemele,멜레멜레섬,Ilha Melemele,เกาะเมเลเมเล,,<{level=92;unitId=53302;advance=13};{level=92;unitId=60062;advance=13};{level=92;unitId=53302;advance=13}>,<{level=92;unitId=260027;advance=13}>,config/portrait/jinglingtouxiang1/img_306_bskdl@.png,1,6,2,20,1,6,1,<>,battle_bgm.mp3,battle/scene/bg_xcdg.jpg,config/big_hero/normal/img_306_bskdl@.png,{y=70;x=0},220,,1,21301,<{key=1;value=1};{key=2;value=2};{key=3;value=6}>,92,510,510,,,,9999,12,80,12,{20101=0;100=0;5000=0},725,上阵格斗、虫、妖精属性的精灵会额外提升10%物攻和特攻,上陣格鬥、蟲、妖精屬性的精靈會額外提升10%物攻和特攻,"Pokémons with combat, insect, and goblin attributes will gain an additional 10% physical and special attacks",404404,"격투, 벌레, 요정 타입의 포켓몬 출전 시 공격 및 특수 공격이 추가로 10% 증가한다",{},{},,{502=1;850=165;talent_point=1},{851=65;502=1;talent_point=2},0,{},{y=405;x=788},,<<0;0>>,{},,FALSE,0,{}
31002,美乐美乐岛,美樂美樂島,Melemele Island,Đảo Melemele,멜레멜레섬,Ilha Melemele,เกาะเมเลเมเล,,<{level=95;unitId=61612;advance=13};{level=95;unitId=50053;advance=13};{level=95;unitId=61612;advance=13};{level=95;unitId=60053;advance=13};{level=95;unitId=60053;advance=13}>,<{level=95;unitId=260028;advance=13}>,config/portrait/jinglingtouxiang1/img_553_lme@.png,1,6,2,20,1,6,1,<>,battle_bgm.mp3,battle/scene/bg_xcdg.jpg,config/big_hero/normal/img_553_lme@.png,{y=70;x=0},220,,1,21301,<{key=1;value=1};{key=2;value=2};{key=3;value=6}>,95,517,517,,,,9999,12,80,12,{20051=0;100=0;5000=0},725,上阵地面、岩石、水属性的精灵会额外提升10%物攻和特攻,上陣地面、岩石、水屬性的精靈會額外提升10%物攻和特攻,"Pokémons in the ground, rock, and water attributes will gain an additional 10% physical and special attacks",404404,"땅, 바위, 물 타입의 포켓몬 출전 시 공격 및 특수 공격이 추가로 10% 증가한다",{},{},,{502=1;850=165;talent_point=1},{851=65;502=1;talent_point=2},0,{},{y=866;x=1970},,<<0;0>>,{},,FALSE,0,{}
31003,美乐美乐岛,美樂美樂島,Melemele Island,Đảo Melemele,멜레멜레섬,Ilha Melemele,เกาะเมเลเมเล,,<{level=98;unitId=61172;advance=13};{level=98;unitId=61172;advance=13};{level=98;unitId=62012;advance=13};{level=98;unitId=62012;advance=13}>,<{level=98;unitId=260029;advance=13}>,config/portrait/jinglingtouxiang1/img_65_hd@.png,1,6,2,20,1,6,1,<>,battle_bgm.mp3,battle/scene/bg_xcdg.jpg,config/big_hero/normal/img_65_hd@.png,{y=70;x=0},220,,1,21301,<{key=1;value=1};{key=2;value=2};{key=3;value=6}>,98,527,527,,,,9999,12,80,12,{100=0;20591=0;5000=0},725,请时刻关注精灵们的闲言碎语,請時刻關注精靈們的閒言碎語,Please always pay attention to the gossip of the Pokémons,404404,항상 포켓몬들이 잡다한 얘기를 귀담아들으세요,{},{},,{502=1;850=165;talent_point=1},{851=65;502=1;talent_point=2},0,{},{y=1093;x=1136},,<<0;0>>,{},,FALSE,0,{}
31101,训练家学校,訓練家學校,Trainer School,Trường học Nhà huấn luyện,트레이너 스쿨,Escola de Treinadores,โรงเรียนเทรนเนอร์,,<{level=107;unitId=60603;advance=14};{level=107;unitId=60392;advance=14};{level=107;unitId=60603;advance=14};{level=107;unitId=60392;advance=14}>,<{level=107;unitId=260030;advance=14}>,config/portrait/jinglingtouxiang1/img_612_sfzl@.png,1,6,2,20,1,6,1,<>,battle_bgm.mp3,battle/scene/bg_xcdg.jpg,config/big_hero/normal/img_612_sfzl@.png,{y=70;x=0},221,,1,21401,<{key=1;value=1};{key=2;value=2};{key=3;value=6}>,107,533,533,,,,9999,12,80,12,{20101=0;100=0;5000=0},725,上阵冰、龙、妖精属性的精灵会额外提升10%物攻和特攻,上陣冰、龍、妖精屬性的精靈會額外提升10%物攻和特攻,"Pokémons with ice, dragon, and goblin attributes will gain an additional 10% physical and special attacks",404404,"얼음, 드래곤, 요정 타입의 포켓몬 출전 시 공격 및 특수 공격이 추가로 10% 증가한다",{},{},,{502=1;850=170;talent_point=1},{851=70;502=1;talent_point=2},0,{},{y=1048;x=988},,<<0;0>>,{},,FALSE,0,{}
31102,训练家学校,訓練家學校,Trainer School,Trường học Nhà huấn luyện,트레이너 스쿨,Escola de Treinadores,โรงเรียนเทรนเนอร์,,<{level=110;unitId=62012;advance=14};{level=110;unitId=60262;advance=14};{level=110;unitId=62012;advance=14}>,<{level=110;unitId=260031;advance=14}>,config/portrait/jinglingtouxiang1/img_282_snd@.png,1,6,2,20,1,6,1,<>,battle_bgm.mp3,battle/scene/bg_xcdg.jpg,config/big_hero/normal/img_282_snd@.png,{y=70;x=0},221,,1,21401,<{key=1;value=1};{key=2;value=2};{key=3;value=6}>,110,539,539,,,,9999,12,80,12,{20051=0;100=0;5000=0},725,上阵格斗、岩石、钢属性的精灵会额外提升10%物攻和特攻,上陣格鬥、岩石、鋼屬性的精靈會額外提升10%物攻和特攻,"Fighting, rock, and steel Pokémons will increase physical attack and special attack by 10%.",404404,"격투, 바위, 강철 타입의 포켓몬 출전 시 공격 및 특수 공격이 추가로 10% 증가한다",{},{},,{502=1;850=170;talent_point=1},{851=70;502=1;talent_point=2},0,{},{y=788;x=1223},,<<0;0>>,{},,FALSE,0,{}
31103,训练家学校,訓練家學校,Trainer School,Trường học Nhà huấn luyện,트레이너 스쿨,Escola de Treinadores,โรงเรียนเทรนเนอร์,,<{level=113;unitId=60262;advance=14};{level=113;unitId=60272;advance=14};{level=113;unitId=60262;advance=14};{level=113;unitId=63472;advance=14};{level=113;unitId=63472;advance=14}>,<{level=113;unitId=260032;advance=14}>,config/portrait/jinglingtouxiang1/img_475_alld@.png,1,6,2,20,1,6,1,<>,battle_bgm.mp3,battle/scene/bg_xcdg.jpg,config/big_hero/normal/img_475_alld@.png,{y=70;x=0},221,,1,21401,<{key=1;value=1};{key=2;value=2};{key=3;value=6}>,113,545,545,,,,9999,12,80,12,{100=0;20591=0;5000=0},725,上阵幽灵、恶、超能属性的精灵会额外提升10%物攻和特攻,上陣幽靈、惡、超能屬性的精靈會額外提升10%物攻和特攻,"Pokémons with ghost, evil, and super powers will gain an additional 10% physical and special attacks",404404,"유령, 악마, 에스퍼 타입의 포켓몬 출전 시 공격 및 특수 공격이 추가로 10% 증가한다",{},{},,{502=1;850=170;talent_point=1},{851=70;502=1;talent_point=2},0,{},{y=374;x=1158},,<<0;0>>,{},,FALSE,0,{}
31104,训练家学校,訓練家學校,Trainer School,Trường học Nhà huấn luyện,트레이너 스쿨,Escola de Treinadores,โรงเรียนเทรนเนอร์,,<{level=122;unitId=60133;advance=14};{level=122;unitId=60133;advance=14};{level=122;unitId=73542;advance=14};{level=122;unitId=73542;advance=14}>,<{level=122;unitId=260033;advance=14}>,config/portrait/jinglingtouxiang1/img_383_gld@.png,1,6,2,20,1,6,1,<>,battle_bgm.mp3,battle/scene/bg_xcdg.jpg,config/big_hero/normal/img_383_gld@.png,{y=70;x=0},221,,1,21401,<{key=1;value=1};{key=2;value=2};{key=3;value=6}>,122,555,555,,,,9999,12,80,12,{20101=0;100=0;5000=0},725,请时刻关注精灵们的闲言碎语,請時刻關注精靈們的閒言碎語,Please always pay attention to the gossip of the Pokémons,404404,항상 포켓몬들이 잡다한 얘기를 귀담아들으세요,{},{},,{502=1;850=170;talent_point=1},{851=70;502=1;talent_point=2},0,{},{y=676;x=2056},,<<0;0>>,{},,FALSE,0,{}
31201,好奥乐市,好奧樂市,Hau'oli City,Thành phố Hau'oli,하우올리시티,Cidade de Hau'oli,เมืองเฮาโอลิ,,<{level=125;unitId=60393;advance=14};{level=125;unitId=60602;advance=14};{level=125;unitId=60393;advance=14};{level=125;unitId=60602;advance=14}>,<{level=125;unitId=260034;advance=14}>,config/portrait/jinglingtouxiang1/img_181_dl@.png,1,6,2,20,1,6,1,<>,battle_bgm.mp3,battle/scene/bg_xcdg.jpg,config/big_hero/normal/img_181_dl@.png,{y=70;x=0},222,,1,21401,<{key=1;value=1};{key=2;value=2};{key=3;value=6}>,125,561,561,,,,9999,12,80,12,{20051=0;100=0;5000=0},725,上阵冰、龙、妖精属性的精灵会额外提升10%物攻和特攻,上陣冰、龍、妖精屬性的精靈會額外提升10%物攻和特攻,"Pokémons with ice, dragon, and goblin attributes will gain an additional 10% physical and special attacks",404404,"얼음, 드래곤, 요정 타입의 포켓몬 출전 시 공격 및 특수 공격이 추가로 10% 증가한다",{},{},,{502=1;850=175;talent_point=1},{851=75;502=1;talent_point=2},0,{},{y=446;x=1289},,<<0;0>>,{},,FALSE,0,{}
31202,好奥乐市,好奧樂市,Hau'oli City,Thành phố Hau'oli,하우올리시티,Cidade de Hau'oli,เมืองเฮาโอลิ,,<{level=128;unitId=61252;advance=14};{level=128;unitId=60602;advance=14};{level=128;unitId=61252;advance=14}>,<{level=128;unitId=260035;advance=14}>,config/portrait/jinglingtouxiang1/img_461_mnl@.png,1,6,2,20,1,6,1,<>,battle_bgm.mp3,battle/scene/bg_xcdg.jpg,config/big_hero/normal/img_461_mnl@.png,{y=70;x=0},222,,1,21401,<{key=1;value=1};{key=2;value=2};{key=3;value=6}>,128,567,567,,,,9999,12,80,12,{100=0;20591=0;5000=0},725,上阵草、电、虫属性的精灵会额外提升10%物攻和特攻,上陣草、電、蟲屬性的精靈會額外提升10%物攻和特攻,"Pokémons with the attributes of grass, electricity, and insects will have an additional 10% physical and special attacks.",404404,"풀, 전기, 벌레 타입의 포켓몬 출전 시 공격 및 특수 공격이 추가로 10% 증가한다",{},{},,{502=1;850=175;talent_point=1},{851=75;502=1;talent_point=2},0,{},{y=920;x=767},,<<0;0>>,{},,FALSE,0,{}
31203,好奥乐市,好奧樂市,Hau'oli City,Thành phố Hau'oli,하우올리시티,Cidade de Hau'oli,เมืองเฮาโอลิ,,<{level=137;unitId=60331;advance=14};{level=137;unitId=60331;advance=14};{level=137;unitId=60331;advance=14};{level=137;unitId=60692;advance=14};{level=137;unitId=60692;advance=14}>,<{level=137;unitId=260036;advance=14}>,config/portrait/jinglingtouxiang1/img_376_jjg@.png,1,6,2,20,1,6,1,<>,battle_bgm.mp3,battle/scene/bg_xcdg.jpg,config/big_hero/normal/img_376_jjg@.png,{y=70;x=0},222,,1,21401,<{key=1;value=1};{key=2;value=2};{key=3;value=6}>,137,573,573,,,,9999,12,80,12,{100=0;20591=0;5000=0},725,上阵草、电、一般属性的精灵会额外提升10%物攻和特攻,上陣草、電、一般屬性的精靈會額外提升10%物攻和特攻,"Pokémons with grass, electricity, and general attributes will gain an additional 10% physical and special attacks",404404,"풀, 전기, 노말 타입의 포켓몬 출전 시 공격 및 특수 공격이 추가로 10% 증가한다",{},{},,{502=1;850=175;talent_point=1},{851=75;502=1;talent_point=2},0,{},{y=696;x=1527},,<<0;0>>,{},,FALSE,0,{}
31204,好奥乐市,好奧樂市,Hau'oli City,Thành phố Hau'oli,하우올리시티,Cidade de Hau'oli,เมืองเฮาโอลิ,,<{level=140;unitId=60472;advance=14};{level=140;unitId=60472;advance=14};{level=140;unitId=260039;advance=14};{level=140;unitId=260038;advance=14}>,<{level=140;unitId=260037;advance=14}>,config/portrait/jinglingtouxiang1/img_257_hyj@.png,1,6,2,20,1,6,1,<>,battle_bgm.mp3,battle/scene/bg_xcdg.jpg,config/big_hero/normal/img_257_hyj@.png,{y=70;x=0},222,,1,21401,<{key=1;value=1};{key=2;value=2};{key=3;value=6}>,140,583,583,,,,9999,12,80,12,{20101=0;100=0;5000=0},725,请时刻关注精灵们的闲言碎语,請時刻關注精靈們的閒言碎語,Please always pay attention to the gossip of the Pokémons,404404,항상 포켓몬들이 잡다한 얘기를 귀담아들으세요,{},{},,{502=1;850=175;talent_point=1},{851=75;502=1;talent_point=2},0,{},{y=1002;x=1892},,<<0;0>>,{},,FALSE,0,{}
31301,对战开拓区,對戰開拓區,Battle Frontier,Khu vực Chiến đấu Biên giới,배틀프런티어,Fronteira da Batalha,แบทเทิลฟรอนเทียร์,,<{level=143;unitId=60482;advance=15};{level=143;unitId=60603;advance=15};{level=143;unitId=60482;advance=15};{level=143;unitId=60603;advance=15}>,<{level=143;unitId=260040;advance=15}>,config/portrait/jinglingtouxiang1/img_145_sdn@.png,1,6,2,20,1,6,1,<>,battle_bgm.mp3,battle/scene/bg_xcdg.jpg,config/big_hero/normal/img_145_sdn@.png,{y=70;x=0},223,,1,21501,<{key=1;value=1};{key=2;value=2};{key=3;value=6}>,143,589,589,,,,9999,12,80,12,{20051=0;100=0;5000=0},725,上阵冰、龙、恶属性的精灵会额外提升10%物攻和特攻,上陣冰、龍、惡屬性的精靈會額外提升10%物攻和特攻,"Pokémons with ice, dragon, and evil attributes will gain an additional 10% physical and special attacks",404404,"얼음, 드래곤, 악마 타입의 포켓몬 출전 시 공격 및 특수 공격이 추가로 10% 증가한다",{},{},,{502=1;850=180;talent_point=1},{851=80;502=1;talent_point=2},0,{},{y=652;x=777},,<<0;0>>,{},,FALSE,0,{}
31302,对战开拓区,對戰開拓區,Battle Frontier,Khu vực Chiến đấu Biên giới,배틀프런티어,Fronteira da Batalha,แบทเทิลฟรอนเทียร์,,<{level=152;unitId=60572;advance=15};{level=152;unitId=61352;advance=15};{level=152;unitId=60572;advance=15}>,<{level=152;unitId=260041;advance=15}>,config/portrait/jinglingtouxiang1/img_144_jdn@.png,1,6,2,20,1,6,1,<>,battle_bgm.mp3,battle/scene/bg_xcdg.jpg,config/big_hero/normal/img_144_jdn@.png,{y=70;x=0},223,,1,21501,<{key=1;value=1};{key=2;value=2};{key=3;value=6}>,152,595,595,,,,9999,12,80,12,{100=0;20591=0;5000=0},725,上阵毒、地面、火属性的精灵会额外提升10%物攻和特攻,上陣毒、地面、火屬性的精靈會額外提升10%物攻和特攻,"Pokémons with poison, ground, and fire attributes will gain an additional 10% physical and special attacks",404404,"독, 바위, 불꽃 타입의 포켓몬 출전 시 공격 및 특수 공격이 추가로 10% 증가한다",{},{},,{502=1;850=180;talent_point=1},{851=80;502=1;talent_point=2},0,{},{y=813;x=1192},,<<0;0>>,{},,FALSE,0,{}
31303,对战开拓区,對戰開拓區,Battle Frontier,Khu vực Chiến đấu Biên giới,배틀프런티어,Fronteira da Batalha,แบทเทิลฟรอนเทียร์,,<{level=155;unitId=63281;advance=15};{level=155;unitId=60571;advance=15};{level=155;unitId=63281;advance=15};{level=155;unitId=63282;advance=15};{level=155;unitId=63282;advance=15}>,<{level=155;unitId=260042;advance=15}>,config/portrait/jinglingtouxiang1/img_146_hyn@.png,1,6,2,20,1,6,1,<>,battle_bgm.mp3,battle/scene/bg_xcdg.jpg,config/big_hero/normal/img_146_hyn@.png,{y=70;x=0},223,,1,21501,<{key=1;value=1};{key=2;value=2};{key=3;value=6}>,155,601,601,,,,9999,12,80,12,{100=0;20591=0;5000=0},725,上阵草、电、冰属性的精灵会额外提升10%物攻和特攻,上陣草、電、冰屬性的精靈會額外提升10%物攻和特攻,"Pokémons with grass, electricity, and ice attributes will gain an additional 10% physical and special attacks.",404404,"독, 땅, 불꽃 타입의 포켓몬 출전 시 공격 및 특수 공격이 추가로 10% 증가한다",{},{},,{502=1;850=180;talent_point=1},{851=80;502=1;talent_point=2},0,{},{y=641;x=1883},,<<0;0>>,{},,FALSE,0,{}
31304,对战开拓区,對戰開拓區,Battle Frontier,Khu vực Chiến đấu Biên giới,배틀프런티어,Fronteira da Batalha,แบทเทิลฟรอนเทียร์,,<{level=158;unitId=60071;advance=15};{level=158;unitId=60592;advance=15};{level=158;unitId=60071;advance=15};{level=158;unitId=260044;advance=15};{level=158;unitId=260045;advance=15}>,<{level=158;unitId=260043;advance=15}>,config/portrait/jinglingtouxiang1/img_244_yd@.png,1,6,2,20,1,6,1,<>,battle_bgm.mp3,battle/scene/bg_xcdg.jpg,config/big_hero/normal/img_244_yd@.png,{y=70;x=0},223,,1,21501,<{key=1;value=1};{key=2;value=2};{key=3;value=6}>,158,611,611,,,,9999,12,80,12,{100=0;20591=0;5000=0},725,请时刻关注精灵们的闲言碎语,請時刻關注精靈們的閒言碎語,Please always pay attention to the gossip of the Pokémons,404404,항상 포켓몬들이 잡다한 얘기를 귀담아들으세요,{},{},,{502=1;850=180;talent_point=1},{851=80;502=1;talent_point=2},0,{},{y=1047;x=1567},,<<0;0>>,{},,FALSE,0,{}
31401,圆朱市,圓朱市,Ecruteak City,Thành phố Ecruteak,인주시티,Cidade de Ecruteak,เมืองเอ็นจู,,<{level=167;unitId=60571;advance=15};{level=167;unitId=63542;advance=15};{level=167;unitId=60571;advance=15};{level=167;unitId=63542;advance=15}>,<{level=167;unitId=260046;advance=15}>,config/portrait/jinglingtouxiang1/img_243_lg@.png,1,6,2,20,1,6,1,<>,battle_bgm.mp3,battle/scene/bg_xcdg.jpg,config/big_hero/normal/img_243_lg@.png,{y=70;x=0},224,,1,21501,<{key=1;value=1};{key=2;value=2};{key=3;value=6}>,167,617,617,,,,9999,12,80,12,{100=0;20591=0;5000=0},725,上阵格斗、虫、妖精属性的精灵会额外提升10%物攻和特攻,上陣格鬥、蟲、妖精屬性的精靈會額外提升10%物攻和特攻,"Pokémons with combat, insect, and goblin attributes will gain an additional 10% physical and special attacks",404404,"격투, 벌레, 요정 타입의 포켓몬 출전 시 공격 및 특수 공격이 추가로 10% 증가한다",{},{},,{502=1;850=180;talent_point=1},{851=80;502=1;talent_point=2},0,{},{y=769;x=797},,<<0;0>>,{},,FALSE,0,{}
31402,圆朱市,圓朱市,Ecruteak City,Thành phố Ecruteak,인주시티,Cidade de Ecruteak,เมืองเอ็นจู,,<{level=170;unitId=60043;advance=15};{level=170;unitId=60262;advance=15};{level=170;unitId=60043;advance=15}>,<{level=170;unitId=260047;advance=15}>,config/portrait/jinglingtouxiang1/img_245_sj@.png,1,6,2,20,1,6,1,<>,battle_bgm.mp3,battle/scene/bg_xcdg.jpg,config/big_hero/normal/img_245_sj@.png,{y=70;x=0},224,,1,21501,<{key=1;value=1};{key=2;value=2};{key=3;value=6}>,170,623,623,,,,9999,12,80,12,{100=0;20591=0;5000=0},725,上阵地面、岩石、水属性的精灵会额外提升10%物攻和特攻,上陣地面、岩石、水屬性的精靈會額外提升10%物攻和特攻,"Pokémons in the ground, rock, and water attributes will gain an additional 10% physical and special attacks",404404,"땅, 바위, 물 타입의 포켓몬 출전 시 공격 및 특수 공격이 추가로 10% 증가한다",{},{},,{502=1;850=180;talent_point=1},{851=80;502=1;talent_point=2},0,{},{y=547;x=1333},,<<0;0>>,{},,FALSE,0,{}
31403,圆朱市,圓朱市,Ecruteak City,Thành phố Ecruteak,인주시티,Cidade de Ecruteak,เมืองเอ็นจู,,<{level=173;unitId=63471;advance=15};{level=173;unitId=60692;advance=15};{level=173;unitId=63471;advance=15};{level=173;unitId=60012;advance=15};{level=173;unitId=60012;advance=15}>,<{level=173;unitId=260048;advance=15}>,config/portrait/jinglingtouxiang1/img_149_kl@.png,1,6,2,20,1,6,1,<>,battle_bgm.mp3,battle/scene/bg_xcdg.jpg,config/big_hero/normal/img_149_kl@.png,{y=70;x=0},224,,1,21501,<{key=1;value=1};{key=2;value=2};{key=3;value=6}>,173,629,629,,,,9999,12,80,12,{100=0;20591=0;5000=0},725,上阵冰、龙、妖精属性的精灵会额外提升10%物攻和特攻,上陣冰、龍、妖精屬性的精靈會額外提升10%物攻和特攻,"Pokémons with ice, dragon, and goblin attributes will gain an additional 10% physical and special attacks",404404,"얼음, 드래곤, 요정 타입의 포켓몬 출전 시 공격 및 특수 공격이 추가로 10% 증가한다",{},{},,{502=1;850=180;talent_point=1},{851=80;502=1;talent_point=2},0,{},{y=947;x=1963},,<<0;0>>,{},,FALSE,0,{}
31404,圆朱市,圓朱市,Ecruteak City,Thành phố Ecruteak,인주시티,Cidade de Ecruteak,เมืองเอ็นจู,,<{level=182;unitId=63472;advance=15};{level=182;unitId=63472;advance=15};{level=182;unitId=70331;advance=15};{level=182;unitId=70331;advance=15}>,<{level=182;unitId=260049;advance=15}>,config/portrait/jinglingtouxiang1/img_719_dax@.png,1,6,2,20,1,6,1,<>,battle_bgm.mp3,battle/scene/bg_xcdg.jpg,config/big_hero/normal/img_719_dax@.png,{y=70;x=0},224,,1,21501,<{key=1;value=1};{key=2;value=2};{key=3;value=6}>,182,639,639,,,,9999,12,80,12,{100=0;20591=0;5000=0},725,请时刻关注精灵们的闲言碎语,請時刻關注精靈們的閒言碎語,Please always pay attention to the gossip of the Pokémons,404404,항상 포켓몬들이 잡다한 얘기를 귀담아들으세요,{},{},,{502=1;850=180;talent_point=1},{851=80;502=1;talent_point=2},0,{},{y=951;x=1387},,<<0;0>>,{},,FALSE,0,{}
31501,古代祭坛,古代祭壇,Ancient Altar,Bàn thờ Cổ đại,고대 제단,Altar Antigo,แท่นบูชาโบราณ,,<{level=185;unitId=60043;advance=16};{level=185;unitId=61352;advance=16};{level=185;unitId=60043;advance=16};{level=185;unitId=61352;advance=16}>,<{level=185;unitId=260050;advance=16}>,config/portrait/jinglingtouxiang1/img_466_djms@.png,1,6,2,20,1,6,1,<>,battle_bgm.mp3,battle/scene/bg_xcdg.jpg,config/big_hero/normal/img_466_djms@.png,{y=70;x=0},225,,1,21601,<{key=1;value=1};{key=2;value=2};{key=3;value=6}>,185,645,645,,,,9999,12,80,12,{100=0;20591=0;5000=0},725,上阵冰、龙、妖精属性的精灵会额外提升10%物攻和特攻,上陣冰、龍、妖精屬性的精靈會額外提升10%物攻和特攻,"Pokémons with ice, dragon, and goblin attributes will gain an additional 10% physical and special attacks",404404,"얼음, 드래곤, 요정 타입의 포켓몬 출전 시 공격 및 특수 공격이 추가로 10% 증가한다",{},{},,{502=1;850=180;talent_point=1},{851=80;502=1;talent_point=2},0,{},{y=868;x=664},,<<0;0>>,{},,FALSE,0,{}
31502,古代祭坛,古代祭壇,Ancient Altar,Bàn thờ Cổ đại,고대 제단,Altar Antigo,แท่นบูชาโบราณ,,<{level=188;unitId=62482;advance=16};{level=188;unitId=61172;advance=16};{level=188;unitId=62482;advance=16}>,<{level=188;unitId=260051;advance=16}>,config/portrait/jinglingtouxiang1/img_65_hd@.png,1,6,2,20,1,6,1,<>,battle_bgm.mp3,battle/scene/bg_xcdg.jpg,config/big_hero/normal/img_65_hd@.png,{y=70;x=0},225,,1,21601,<{key=1;value=1};{key=2;value=2};{key=3;value=6}>,188,651,651,,,,9999,12,80,12,{100=0;20591=0;5000=0},725,上阵草、电、虫属性的精灵会额外提升10%物攻和特攻,上陣草、電、蟲屬性的精靈會額外提升10%物攻和特攻,"Pokémons with the attributes of grass, electricity, and insects will have an additional 10% physical and special attacks.",404404,"풀, 전기, 벌레 타입의 포켓몬 출전 시 공격 및 특수 공격이 추가로 10% 증가한다",{},{},,{502=1;850=180;talent_point=1},{851=80;502=1;talent_point=2},0,{},{y=591;x=1171},,<<0;0>>,{},,FALSE,0,{}
31503,古代祭坛,古代祭壇,Ancient Altar,Bàn thờ Cổ đại,고대 제단,Altar Antigo,แท่นบูชาโบราณ,,<{level=197;unitId=63282;advance=16};{level=197;unitId=60793;advance=16};{level=197;unitId=63282;advance=16};{level=197;unitId=60392;advance=16};{level=197;unitId=60392;advance=16}>,<{level=197;unitId=260052;advance=16}>,config/portrait/jinglingtouxiang1/img_94_gg@.png,1,6,2,20,1,6,1,<>,battle_bgm.mp3,battle/scene/bg_xcdg.jpg,config/big_hero/normal/img_94_gg@.png,{y=70;x=0},225,,1,21601,<{key=1;value=1};{key=2;value=2};{key=3;value=6}>,197,657,657,,,,9999,12,80,12,{100=0;20591=0;5000=0},725,上阵草、电、一般属性的精灵会额外提升10%物攻和特攻,上陣草、電、一般屬性的精靈會額外提升10%物攻和特攻,"Pokémons with grass, electricity, and general attributes will gain an additional 10% physical and special attacks",404404,"풀, 전기, 노말 타입의 포켓몬 출전 시 공격 및 특수 공격이 추가로 10% 증가한다",{},{},,{502=1;850=180;talent_point=1},{851=80;502=1;talent_point=2},0,{},{y=669;x=2153},,<<0;0>>,{},,FALSE,0,{}
31504,古代祭坛,古代祭壇,Ancient Altar,Bàn thờ Cổ đại,고대 제단,Altar Antigo,แท่นบูชาโบราณ,,<{level=200;unitId=70482;advance=16};{level=200;unitId=70482;advance=16};{level=200;unitId=73292;advance=16};{level=200;unitId=73292;advance=16}>,<{level=200;unitId=260053;advance=16}>,config/portrait/jinglingtouxiang1/img_6_phlx@.png,1,6,2,20,1,6,1,<>,battle_bgm.mp3,battle/scene/bg_xcdg.jpg,config/big_hero/normal/img_6_cjphlx@.png,{y=70;x=0},225,,1,21601,<{key=1;value=1};{key=2;value=2};{key=3;value=6}>,200,667,667,,,,9999,12,80,12,{100=0;20591=0;5000=0},725,请时刻关注精灵们的闲言碎语,請時刻關注精靈們的閒言碎語,Please always pay attention to the gossip of the Pokémons,404404,항상 포켓몬들이 잡다한 얘기를 귀담아들으세요,{},{},,{502=1;850=180;talent_point=1},{851=80;502=1;talent_point=2},0,{},{y=1030;x=1869},,<<0;0>>,{},,FALSE,0,{}
31601,凛冽冻原,凜冽凍原,Frigid Tundra,Cánh đồng Băng giá,혹한의 동토,Tundra Gelada,ทุ่งทุนดราเยือกแข็ง,,<{level=203;unitId=60471;advance=17};{level=203;unitId=63291;advance=17};{level=203;unitId=61393;advance=17};{level=203;unitId=60741;advance=17};{level=203;unitId=61252;advance=17}>,<{level=203;unitId=260054;advance=17}>,config/portrait/jinglingtouxiang1/img_151_mh@.png,1,6,2,20,1,6,1,<>,battle_bgm.mp3,battle/scene/bg_xcdg.jpg,config/big_hero/normal/img_151_mh@.png,{y=70;x=0},226,,1,21601,<{key=1;value=1};{key=2;value=2};{key=3;value=7}>,203,673,673,,,,9999,12,80,12,{100=0;20591=0;5000=0},725,上阵冰、龙、恶属性的精灵会额外提升10%物攻和特攻,上陣冰、龍、惡屬性的精靈會額外提升10%物攻和特攻,"Pokémons with ice, dragon, and evil attributes will gain an additional 10% physical and special attacks",404404,"얼음, 드래곤, 악마 타입의 포켓몬 출전 시 공격 및 특수 공격이 추가로 10% 증가한다",{},{},,{502=1;850=180;talent_point=1},{851=80;502=1;talent_point=2},0,{},{y=490;x=929},,<<0;0>>,{},,FALSE,0,{}
31602,凛冽冻原,凜冽凍原,Frigid Tundra,Cánh đồng Băng giá,혹한의 동토,Tundra Gelada,ทุ่งทุนดราเยือกแข็ง,,<{level=212;unitId=61892;advance=17};{level=212;unitId=60003;advance=17};{level=212;unitId=60172;advance=17};{level=212;unitId=60601;advance=17};{level=212;unitId=62011;advance=17}>,<{level=212;unitId=260055;advance=17}>,config/portrait/jinglingtouxiang1/img_635_ssel@.png,1,6,2,20,1,6,1,<>,battle_bgm.mp3,battle/scene/bg_xcdg.jpg,config/big_hero/normal/img_635_ssel@.png,{y=70;x=0},226,,1,21601,<{key=1;value=1};{key=2;value=2};{key=3;value=8}>,212,679,679,,,,9999,12,80,12,{100=0;20591=0;5000=0},725,上阵毒、地面、火属性的精灵会额外提升10%物攻和特攻,上陣毒、地面、火屬性的精靈會額外提升10%物攻和特攻,"Pokémons with poison, ground, and fire attributes will gain an additional 10% physical and special attacks",404404,"독, 바위, 불꽃 타입의 포켓몬 출전 시 공격 및 특수 공격이 추가로 10% 증가한다",{},{},,{502=1;850=180;talent_point=1},{851=80;502=1;talent_point=2},0,{},{y=642;x=1481},,<<0;0>>,{},,FALSE,0,{}
31603,凛冽冻原,凜冽凍原,Frigid Tundra,Cánh đồng Băng giá,혹한의 동토,Tundra Gelada,ทุ่งทุนดราเยือกแข็ง,,<{level=215;unitId=60464;advance=17};{level=215;unitId=60261;advance=17};{level=215;unitId=62011;advance=17};{level=215;unitId=61903;advance=17};{level=215;unitId=60132;advance=17}>,<{level=215;unitId=260056;advance=17}>,config/portrait/jinglingtouxiang1/img_59_fsg@.png,1,6,2,20,1,6,1,<>,battle_bgm.mp3,battle/scene/bg_xcdg.jpg,config/big_hero/normal/img_59_fsg@.png,{y=70;x=0},226,,1,21601,<{key=1;value=1};{key=2;value=2};{key=3;value=9}>,215,685,685,,,,9999,12,80,12,{100=0;20591=0;5000=0},725,上阵草、电、冰属性的精灵会额外提升10%物攻和特攻,上陣草、電、冰屬性的精靈會額外提升10%物攻和特攻,"Pokémons with grass, electricity, and ice attributes will gain an additional 10% physical and special attacks.",404404,"독, 땅, 불꽃 타입의 포켓몬 출전 시 공격 및 특수 공격이 추가로 10% 증가한다",{},{},,{502=1;850=180;talent_point=1},{851=80;502=1;talent_point=2},0,{},{y=745;x=2019},,<<0;0>>,{},,FALSE,0,{}
31604,凛冽冻原,凜冽凍原,Frigid Tundra,Cánh đồng Băng giá,혹한의 동토,Tundra Gelada,ทุ่งทุนดราเยือกแข็ง,,<{level=218;unitId=70542;advance=17};{level=218;unitId=70052;advance=17};{level=218;unitId=73511;advance=17};{level=218;unitId=260058;advance=17};{level=218;unitId=260059;advance=17}>,<{level=218;unitId=260057;advance=17}>,config/portrait/jinglingtouxiang1/img_249_lqy@.png,1,6,2,20,1,6,1,<>,battle_bgm.mp3,battle/scene/bg_xcdg.jpg,config/big_hero/normal/img_249_lqy@.png,{y=70;x=0},226,,1,21601,<{key=1;value=1};{key=2;value=2};{key=3;value=10}>,218,695,695,,,,9999,12,80,12,{100=0;20591=0;5000=0},725,请时刻关注精灵们的闲言碎语,請時刻關注精靈們的閒言碎語,Please always pay attention to the gossip of the Pokémons,404404,항상 포켓몬들이 잡다한 얘기를 귀담아들으세요,{},{},,{502=1;850=180;talent_point=1},{851=80;502=1;talent_point=2},0,{},{y=301;x=1708},,<<0;0>>,{},,FALSE,0,{}
31701,游乐园,遊樂園,Amusement Park,Công viên Giải trí,놀이공원,Parque de Diversões,สวนสนุก,,<{level=227;unitId=61253;advance=18};{level=227;unitId=60191;advance=18};{level=227;unitId=60791;advance=18};{level=227;unitId=60132;advance=18};{level=227;unitId=60471;advance=18}>,<{level=227;unitId=260060;advance=18}>,config/portrait/jinglingtouxiang1/img_671_hjfr@.png,1,6,2,20,1,6,1,<>,battle_bgm.mp3,battle/scene/bg_xcdg.jpg,config/big_hero/normal/img_671_hjfr@.png,{y=70;x=0},227,,1,21701,<{key=1;value=1};{key=2;value=2};{key=3;value=11}>,227,701,701,,,,9999,12,80,12,{100=0;20591=0;5000=0},725,上阵格斗、虫、妖精属性的精灵会额外提升10%物攻和特攻,上陣格鬥、蟲、妖精屬性的精靈會額外提升10%物攻和特攻,"Pokémons with combat, insect, and goblin attributes will gain an additional 10% physical and special attacks",404404,"격투, 벌레, 요정 타입의 포켓몬 출전 시 공격 및 특수 공격이 추가로 10% 증가한다",{},{},,{502=1;850=180;talent_point=1},{851=80;502=1;talent_point=2},0,{},{y=642;x=715},,<<0;0>>,{},,FALSE,0,{}
31702,游乐园,遊樂園,Amusement Park,Công viên Giải trí,놀이공원,Parque de Diversões,สวนสนุก,,<{level=230;unitId=61442;advance=18};{level=230;unitId=61443;advance=18};{level=230;unitId=62631;advance=18};{level=230;unitId=63351;advance=18};{level=230;unitId=60464;advance=18}>,<{level=230;unitId=260061;advance=18}>,config/portrait/jinglingtouxiang1/img_658_jhrw@.png,1,6,2,20,1,6,1,<>,battle_bgm.mp3,battle/scene/bg_xcdg.jpg,config/big_hero/normal/img_658_jhrw@.png,{y=70;x=0},227,,1,21701,<{key=1;value=1};{key=2;value=2};{key=3;value=12}>,230,707,707,,,,9999,12,80,12,{100=0;20591=0;5000=0},725,上阵地面、岩石、水属性的精灵会额外提升10%物攻和特攻,上陣地面、岩石、水屬性的精靈會額外提升10%物攻和特攻,"Pokémons in the ground, rock, and water attributes will gain an additional 10% physical and special attacks",404404,"땅, 바위, 물 타입의 포켓몬 출전 시 공격 및 특수 공격이 추가로 10% 증가한다",{},{},,{502=1;850=180;talent_point=1},{851=80;502=1;talent_point=2},0,{},{y=489;x=1452},,<<0;0>>,{},,FALSE,0,{}
31703,游乐园,遊樂園,Amusement Park,Công viên Giải trí,놀이공원,Parque de Diversões,สวนสนุก,,<{level=233;unitId=60062;advance=18};{level=233;unitId=60131;advance=18};{level=233;unitId=63352;advance=18};{level=233;unitId=60492;advance=18};{level=233;unitId=60741;advance=18}>,<{level=233;unitId=260062;advance=18}>,config/portrait/jinglingtouxiang1/img_706_nml@.png,1,6,2,20,1,6,1,<>,battle_bgm.mp3,battle/scene/bg_xcdg.jpg,config/big_hero/normal/img_706_nml@.png,{y=70;x=0},227,,1,21701,<{key=1;value=1};{key=2;value=2};{key=3;value=13}>,233,713,713,,,,9999,12,80,12,{100=0;20591=0;5000=0},725,上阵冰、龙、妖精属性的精灵会额外提升10%物攻和特攻,上陣冰、龍、妖精屬性的精靈會額外提升10%物攻和特攻,"Pokémons with ice, dragon, and goblin attributes will gain an additional 10% physical and special attacks",404404,"얼음, 드래곤, 요정 타입의 포켓몬 출전 시 공격 및 특수 공격이 추가로 10% 증가한다",{},{},,{502=1;850=180;talent_point=1},{851=80;502=1;talent_point=2},0,{},{y=793;x=1783},,<<0;0>>,{},,FALSE,0,{}
31704,游乐园,遊樂園,Amusement Park,Công viên Giải trí,놀이공원,Parque de Diversões,สวนสนุก,,<{level=242;unitId=70171;advance=18};{level=242;unitId=70301;advance=18};{level=242;unitId=70012;advance=18};{level=242;unitId=260064;advance=18};{level=242;unitId=260065;advance=18}>,<{level=242;unitId=260063;advance=18}>,config/portrait/jinglingtouxiang1/img_373_bfl@.png,1,6,2,20,1,6,1,<>,battle_bgm.mp3,battle/scene/bg_xcdg.jpg,config/big_hero/normal/img_373_bfl@.png,{y=70;x=0},227,,1,21701,<{key=1;value=1};{key=2;value=2};{key=3;value=14}>,242,723,723,,,,9999,12,80,12,{100=0;20591=0;5000=0},725,请时刻关注精灵们的闲言碎语,請時刻關注精靈們的閒言碎語,Please always pay attention to the gossip of the Pokémons,404404,항상 포켓몬들이 잡다한 얘기를 귀담아들으세요,{},{},,{502=1;850=180;talent_point=1},{851=80;502=1;talent_point=2},0,{},{y=1089;x=1390},,<<0;0>>,{},,FALSE,0,{}
31801,饲育家学校,飼育家學校,Breeder School,Trường học Người nhân giống,사육사 학교,Escola de Criadores,โรงเรียนผู้เพาะพันธุ์,,<{level=245;unitId=53561;advance=19};{level=245;unitId=60761;advance=19};{level=245;unitId=51392;advance=19};{level=245;unitId=61313;advance=19};{level=245;unitId=60541;advance=19}>,<{level=245;unitId=260066;advance=19}>,config/portrait/jinglingtouxiang1/img_212_jqtl@.png,1,6,2,20,1,6,1,<>,battle_bgm.mp3,battle/scene/bg_xcdg.jpg,config/big_hero/normal/img_212_jqtl@.png,{y=70;x=0},228,,1,21801,<{key=1;value=1};{key=2;value=2};{key=3;value=14}>,251,729,729,,,,9999,12,80,12,{5000=0;100=0;20011=0},725,上阵冰、龙、恶属性的精灵会额外提升10%物攻和特攻,上陣冰、龍、惡屬性的精靈會額外提升10%物攻和特攻,"Pokémons with ice, dragon, and evil attributes will gain an additional 10% physical and special attacks",404404,"얼음, 드래곤, 악마 타입의 포켓몬 출전 시 공격 및 특수 공격이 추가로 10% 증가한다",{},{},,{502=1;850=180;talent_point=1},{851=80;502=1;talent_point=2},0,{},{y=246;x=1822},,<<0;0>>,{},,FALSE,0,{}
31802,饲育家学校,飼育家學校,Breeder School,Trường học Người nhân giống,사육사 학교,Escola de Criadores,โรงเรียนผู้เพาะพันธุ์,,<{level=248;unitId=63631;advance=19};{level=248;unitId=60464;advance=19};{level=248;unitId=60592;advance=19};{level=248;unitId=60231;advance=19};{level=248;unitId=63281;advance=19}>,<{level=248;unitId=260067;advance=19}>,config/portrait/jinglingtouxiang1/img_248_bjls@.png,1,6,2,20,1,6,1,<>,battle_bgm.mp3,battle/scene/bg_xcdg.jpg,config/big_hero/normal/img_248_bjls@.png,{y=70;x=0},228,,1,21801,<{key=1;value=1};{key=2;value=2};{key=3;value=14}>,254,735,735,,,,9999,12,80,12,{100=0;20591=0;5000=0},725,上阵毒、地面、火属性的精灵会额外提升10%物攻和特攻,上陣毒、地面、火屬性的精靈會額外提升10%物攻和特攻,"Pokémons with poison, ground, and fire attributes will gain an additional 10% physical and special attacks",404404,"독, 바위, 불꽃 타입의 포켓몬 출전 시 공격 및 특수 공격이 추가로 10% 증가한다",{},{},,{502=1;850=180;talent_point=1},{851=80;502=1;talent_point=2},0,{},{y=519;x=1551},,<<0;0>>,{},,FALSE,0,{}
31803,饲育家学校,飼育家學校,Breeder School,Trường học Người nhân giống,사육사 학교,Escola de Criadores,โรงเรียนผู้เพาะพันธุ์,,<{level=257;unitId=60273;advance=19};{level=257;unitId=62821;advance=19};{level=257;unitId=60301;advance=19};{level=257;unitId=61901;advance=19};{level=257;unitId=61442;advance=19}>,<{level=257;unitId=260068;advance=19}>,config/portrait/jinglingtouxiang1/img_475_alld@.png,1,6,2,20,1,6,1,<>,battle_bgm.mp3,battle/scene/bg_xcdg.jpg,config/big_hero/normal/img_475_alld@.png,{y=70;x=0},228,,1,21801,<{key=1;value=1};{key=2;value=2};{key=3;value=14}>,258,741,741,,,,9999,12,80,12,{20051=0;100=0;5000=0},725,上阵草、电、冰属性的精灵会额外提升10%物攻和特攻,上陣草、電、冰屬性的精靈會額外提升10%物攻和特攻,"Pokémons with grass, electricity, and ice attributes will gain an additional 10% physical and special attacks.",404404,"독, 땅, 불꽃 타입의 포켓몬 출전 시 공격 및 특수 공격이 추가로 10% 증가한다",{},{},,{502=1;850=180;talent_point=1},{851=80;502=1;talent_point=2},0,{},{y=960;x=1733},,<<0;0>>,{},,FALSE,0,{}
31804,饲育家学校,飼育家學校,Breeder School,Trường học Người nhân giống,사육사 학교,Escola de Criadores,โรงเรียนผู้เพาะพันธุ์,,<{level=260;unitId=60753;advance=19};{level=260;unitId=60101;advance=19};{level=260;unitId=61503;advance=19};{level=260;unitId=60043;advance=19};{level=260;unitId=60002;advance=19}>,<{level=260;unitId=260069;advance=19}>,config/portrait/jinglingtouxiang1/img_461_mnl@.png,1,6,2,20,1,6,1,<>,battle_bgm.mp3,battle/scene/bg_xcdg.jpg,config/big_hero/normal/img_461_mnl@.png,{y=70;x=0},228,,1,21801,<{key=1;value=1};{key=2;value=2};{key=3;value=14}>,261,747,747,,,,9999,12,80,12,{20881=0;100=0;5000=0},725,上阵冰、龙、妖精属性的精灵会额外提升10%物攻和特攻,上陣冰、龍、妖精屬性的精靈會額外提升10%物攻和特攻,"Pokémons with ice, dragon, and goblin attributes will gain an additional 10% physical and special attacks",404404,"얼음, 드래곤, 요정 타입의 포켓몬 출전 시 공격 및 특수 공격이 추가로 10% 증가한다",{},{},,{502=1;850=180;talent_point=1},{851=80;502=1;talent_point=2},0,{},{y=762;x=1060},,<<0;0>>,{},,FALSE,0,{}
31805,饲育家学校,飼育家學校,Breeder School,Trường học Người nhân giống,사육사 학교,Escola de Criadores,โรงเรียนผู้เพาะพันธุ์,,<{level=263;unitId=70021;advance=19};{level=263;unitId=70482;advance=19};{level=263;unitId=72873;advance=19};{level=263;unitId=71901;advance=19};{level=263;unitId=70372;advance=19}>,<{level=263;unitId=260070;advance=19}>,config/portrait/jinglingtouxiang1/img_384_lkz@.png,1,6,2,20,1,6,1,<>,battle_bgm.mp3,battle/scene/bg_xcdg.jpg,config/big_hero/normal/img_384_lkz@.png,{y=70;x=0},228,,1,21801,<{key=1;value=1};{key=2;value=2};{key=3;value=14}>,264,757,757,,,,9999,12,80,12,{20391=0;100=0;5000=0},725,请时刻关注精灵们的闲言碎语,請時刻關注精靈們的閒言碎語,Please always pay attention to the gossip of the Pokémons,404404,항상 포켓몬들이 잡다한 얘기를 귀담아들으세요,{},{},,{502=1;850=180;talent_point=1},{851=80;502=1;talent_point=2},0,{},{y=1051;x=680},,<<0;0>>,{},,FALSE,0,{}
31901,马戏团,馬戲團,Circus,Rạp xiếc,서커스단,Circo,คณะละครสัตว์,,<{level=272;unitId=60463;advance=20};{level=272;unitId=60482;advance=20};{level=272;unitId=63353;advance=20};{level=272;unitId=61393;advance=20};{level=272;unitId=61841;advance=20}>,<{level=272;unitId=260071;advance=20}>,config/portrait/jinglingtouxiang1/img_376_jjg@.png,1,6,2,20,1,6,1,<>,battle_bgm.mp3,battle/scene/bg_xcdg.jpg,config/big_hero/normal/img_376_jjg@.png,{y=70;x=0},229,,1,21901,<{key=1;value=1};{key=2;value=2};{key=3;value=14}>,273,763,763,,,,9999,12,80,12,{5000=0;100=0;20021=0},725,上阵冰、龙、恶属性的精灵会额外提升10%物攻和特攻,上陣冰、龍、惡屬性的精靈會額外提升10%物攻和特攻,"Pokémons with ice, dragon, and evil attributes will gain an additional 10% physical and special attacks",404404,"얼음, 드래곤, 악마 타입의 포켓몬 출전 시 공격 및 특수 공격이 추가로 10% 증가한다",{},{},,{502=1;850=180;talent_point=1},{851=80;502=1;talent_point=2},0,{},{y=747;x=2071},,<<0;0>>,{},,FALSE,0,{}
31902,马戏团,馬戲團,Circus,Rạp xiếc,서커스단,Circo,คณะละครสัตว์,,<{level=275;unitId=62682;advance=20};{level=275;unitId=60541;advance=20};{level=275;unitId=61253;advance=20};{level=275;unitId=61903;advance=20};{level=275;unitId=60492;advance=20}>,<{level=275;unitId=260072;advance=20}>,config/portrait/jinglingtouxiang1/img_635_ssel@.png,1,6,2,20,1,6,1,<>,battle_bgm.mp3,battle/scene/bg_xcdg.jpg,config/big_hero/normal/img_635_ssel@.png,{y=70;x=0},229,,1,21901,<{key=1;value=1};{key=2;value=2};{key=3;value=14}>,276,769,769,,,,9999,12,80,12,{100=0;20571=0;5000=0},725,上阵毒、地面、火属性的精灵会额外提升10%物攻和特攻,上陣毒、地面、火屬性的精靈會額外提升10%物攻和特攻,"Pokémons with poison, ground, and fire attributes will gain an additional 10% physical and special attacks",404404,"독, 바위, 불꽃 타입의 포켓몬 출전 시 공격 및 특수 공격이 추가로 10% 증가한다",{},{},,{502=1;850=180;talent_point=1},{851=80;502=1;talent_point=2},0,{},{y=349;x=1417},,<<0;0>>,{},,FALSE,0,{}
31903,马戏团,馬戲團,Circus,Rạp xiếc,서커스단,Circo,คณะละครสัตว์,,<{level=278;unitId=63341;advance=20};{level=278;unitId=61391;advance=20};{level=278;unitId=61251;advance=20};{level=278;unitId=61271;advance=20};{level=278;unitId=60122;advance=20}>,<{level=278;unitId=260073;advance=20}>,config/portrait/jinglingtouxiang1/img_151_mh@.png,1,6,2,20,1,6,1,<>,battle_bgm.mp3,battle/scene/bg_xcdg.jpg,config/big_hero/normal/img_151_mh@.png,{y=70;x=0},229,,1,21901,<{key=1;value=1};{key=2;value=2};{key=3;value=14}>,279,775,775,,,,9999,12,80,12,{5000=0;100=0;20271=0},725,上阵草、电、冰属性的精灵会额外提升10%物攻和特攻,上陣草、電、冰屬性的精靈會額外提升10%物攻和特攻,"Pokémons with grass, electricity, and ice attributes will gain an additional 10% physical and special attacks.",404404,"독, 땅, 불꽃 타입의 포켓몬 출전 시 공격 및 특수 공격이 추가로 10% 증가한다",{},{},,{502=1;850=180;talent_point=1},{851=80;502=1;talent_point=2},0,{},{y=549;x=625},,<<0;0>>,{},,FALSE,0,{}
31904,马戏团,馬戲團,Circus,Rạp xiếc,서커스단,Circo,คณะละครสัตว์,,<{level=287;unitId=60091;advance=20};{level=287;unitId=60051;advance=20};{level=287;unitId=61221;advance=20};{level=287;unitId=63561;advance=20}>,<{level=287;unitId=260074;advance=20}>,config/portrait/jinglingtouxiang1/img_94_gg@.png,1,6,2,20,1,6,1,<>,battle_bgm.mp3,battle/scene/bg_xcdg.jpg,config/big_hero/normal/img_94_gg@.png,{y=70;x=0},229,,1,21901,<{key=1;value=1};{key=2;value=2};{key=3;value=14}>,282,781,781,,,,9999,12,80,12,{20281=0;100=0;5000=0},725,上阵冰、龙、妖精属性的精灵会额外提升10%物攻和特攻,上陣冰、龍、妖精屬性的精靈會額外提升10%物攻和特攻,"Pokémons with ice, dragon, and goblin attributes will gain an additional 10% physical and special attacks",404404,"얼음, 드래곤, 요정 타입의 포켓몬 출전 시 공격 및 특수 공격이 추가로 10% 증가한다",{},{},,{502=1;850=180;talent_point=1},{851=80;502=1;talent_point=2},0,{},{y=942;x=971},,<<0;0>>,{},,FALSE,0,{}
31905,马戏团,馬戲團,Circus,Rạp xiếc,서커스단,Circo,คณะละครสัตว์,,<{level=290;unitId=71394;advance=20};{level=290;unitId=71423;advance=20};{level=290;unitId=70463;advance=20};{level=290;unitId=181971;advance=20};{level=290;unitId=180753;advance=20}>,<{level=290;unitId=260075;advance=20}>,config/portrait/jinglingtouxiang1/img_150_cm@.png,1,6,2,20,1,6,1,<>,battle_bgm.mp3,battle/scene/bg_xcdg.jpg,config/big_hero/normal/img_150_cm@.png,{y=70;x=0},229,,1,21901,<{key=1;value=1};{key=2;value=2};{key=3;value=14}>,285,791,791,,,,9999,12,80,12,{100=0;20601=0;5000=0},725,请时刻关注精灵们的闲言碎语,請時刻關注精靈們的閒言碎語,Please always pay attention to the gossip of the Pokémons,404404,항상 포켓몬들이 잡다한 얘기를 귀담아들으세요,{},{},,{502=1;850=180;talent_point=1},{851=80;502=1;talent_point=2},0,{},{y=1066;x=1302},,<<0;0>>,{},,FALSE,0,{}
32001,暗影山,暗影山,Shadow Mountain,Núi Bóng tối,그림자 산,Montanha das Sombras,ภูเขาเงา,,<{level=293;unitId=60372;advance=21};{level=293;unitId=63281;advance=21};{level=293;unitId=60113;advance=21};{level=293;unitId=60593;advance=21};{level=293;unitId=60002;advance=21}>,<{level=293;unitId=70753;advance=21}>,config/portrait/jinglingtouxiang1/img_149_kl@.png,1,6,2,20,1,6,1,<>,battle_bgm.mp3,battle/scene/bg_xcdg.jpg,config/big_hero/normal/img_149_kl@.png,{y=70;x=0},230,,1,22001,<{key=1;value=1};{key=2;value=2};{key=3;value=14}>,293,801,801,,,,9999,12,80,12,{5000=0;100=0;20021=0},725,上阵冰、龙、恶属性的精灵会额外提升10%物攻和特攻,上陣冰、龍、惡屬性的精靈會額外提升10%物攻和特攻,"Pokémons with ice, dragon, and evil attributes will gain an additional 10% physical and special attacks",404404,"얼음, 드래곤, 악마 타입의 포켓몬 출전 시 공격 및 특수 공격이 추가로 10% 증가한다",{},{},,{502=1;850=180;talent_point=1},{851=80;502=1;talent_point=2},0,{},{y=267;x=1365},,<<0;0>>,{},,FALSE,0,{}
32002,暗影山,暗影山,Shadow Mountain,Núi Bóng tối,그림자 산,Montanha das Sombras,ภูเขาเงา,,<{level=302;unitId=61423;advance=21};{level=302;unitId=60392;advance=21};{level=302;unitId=61891;advance=21};{level=302;unitId=61293;advance=21};{level=302;unitId=60172;advance=21}>,<{level=302;unitId=71921;advance=21}>,config/portrait/jinglingtouxiang1/img_378_ljas@.png,1,6,2,20,1,6,1,<>,battle_bgm.mp3,battle/scene/bg_xcdg.jpg,config/big_hero/normal/img_378_ljas@.png,{y=70;x=0},230,,1,22001,<{key=1;value=1};{key=2;value=2};{key=3;value=14}>,302,811,811,,,,9999,12,80,12,{100=0;20571=0;5000=0},725,上阵毒、地面、火属性的精灵会额外提升10%物攻和特攻,上陣毒、地面、火屬性的精靈會額外提升10%物攻和特攻,"Pokémons with poison, ground, and fire attributes will gain an additional 10% physical and special attacks",404404,"독, 바위, 불꽃 타입의 포켓몬 출전 시 공격 및 특수 공격이 추가로 10% 증가한다",{},{},,{502=1;850=180;talent_point=1},{851=80;502=1;talent_point=2},0,{},{y=426;x=661},,<<0;0>>,{},,FALSE,0,{}
32003,暗影山,暗影山,Shadow Mountain,Núi Bóng tối,그림자 산,Montanha das Sombras,ภูเขาเงา,,<{level=305;unitId=60802;advance=21};{level=305;unitId=62241;advance=21};{level=305;unitId=60792;advance=21};{level=305;unitId=62271;advance=21};{level=305;unitId=60793;advance=21}>,<{level=305;unitId=72993;advance=21}>,config/portrait/jinglingtouxiang1/img_609_sjdhl@.png,1,6,2,20,1,6,1,<>,battle_bgm.mp3,battle/scene/bg_xcdg.jpg,config/big_hero/normal/img_609_sjdhl@.png,{y=70;x=0},230,,1,22001,<{key=1;value=1};{key=2;value=2};{key=3;value=14}>,305,821,821,,,,9999,12,80,12,{5000=0;100=0;20271=0},725,上阵草、电、冰属性的精灵会额外提升10%物攻和特攻,上陣草、電、冰屬性的精靈會額外提升10%物攻和特攻,"Pokémons with grass, electricity, and ice attributes will gain an additional 10% physical and special attacks.",404404,"독, 땅, 불꽃 타입의 포켓몬 출전 시 공격 및 특수 공격이 추가로 10% 증가한다",{},{},,{502=1;850=180;talent_point=1},{851=80;502=1;talent_point=2},0,{},{y=859;x=999},,<<0;0>>,{},,FALSE,0,{}
32004,暗影山,暗影山,Shadow Mountain,Núi Bóng tối,그림자 산,Montanha das Sombras,ภูเขาเงา,,<{level=308;unitId=60013;advance=21};{level=308;unitId=60781;advance=21};{level=308;unitId=63543;advance=21};{level=308;unitId=61503;advance=21};{level=308;unitId=62871;advance=21}>,<{level=308;unitId=71271;advance=21}>,config/portrait/jinglingtouxiang1/img_250_fw@.png,1,6,2,20,1,6,1,<>,battle_bgm.mp3,battle/scene/bg_xcdg.jpg,config/big_hero/normal/img_250_fw@.png,{y=70;x=0},230,,1,22001,<{key=1;value=1};{key=2;value=2};{key=3;value=14}>,308,831,831,,,,9999,12,80,12,{20281=0;100=0;5000=0},725,上阵冰、龙、妖精属性的精灵会额外提升10%物攻和特攻,上陣冰、龍、妖精屬性的精靈會額外提升10%物攻和特攻,"Pokémons with ice, dragon, and goblin attributes will gain an additional 10% physical and special attacks",404404,"얼음, 드래곤, 요정 타입의 포켓몬 출전 시 공격 및 특수 공격이 추가로 10% 증가한다",{},{},,{502=1;850=180;talent_point=1},{851=80;502=1;talent_point=2},0,{},{y=462;x=1713},,<<0;0>>,{},,FALSE,0,{}
32005,暗影山,暗影山,Shadow Mountain,Núi Bóng tối,그림자 산,Montanha das Sombras,ภูเขาเงา,,<{level=317;unitId=70352;advance=21};{level=317;unitId=70753;advance=21};{level=317;unitId=70371;advance=21};{level=317;unitId=260077;advance=21};{level=317;unitId=181394;advance=21}>,<{level=317;unitId=260076;advance=21}>,config/portrait/jinglingtouxiang1/img_249_lqy@.png,1,6,2,20,1,6,1,<>,battle_bgm.mp3,battle/scene/bg_xcdg.jpg,config/big_hero/normal/img_249_lqy@.png,{y=70;x=0},230,,1,22001,<{key=1;value=1};{key=2;value=2};{key=3;value=14}>,317,841,841,,,,9999,12,80,12,{100=0;20601=0;5000=0},725,请时刻关注精灵们的闲言碎语,請時刻關注精靈們的閒言碎語,Please always pay attention to the gossip of the Pokémons,404404,항상 포켓몬들이 잡다한 얘기를 귀담아들으세요,{},{},,{502=1;850=180;talent_point=1},{851=80;502=1;talent_point=2},0,{},{y=985;x=1461},,<<0;0>>,{},,FALSE,0,{}
32101,香薰市,香薰市,Aromassee,Thành phố Aromassee,아로마시티,Aromassee,เมืองอโรมัสซี,,<{level=320;unitId=62611;advance=22};{level=320;unitId=61391;advance=22};{level=320;unitId=63502;advance=22};{level=320;unitId=60452;advance=22};{level=320;unitId=62891;advance=22}>,<{level=320;unitId=73143;advance=22}>,config/portrait/jinglingtouxiang1/img_635_ssel@.png,1,6,2,20,1,6,1,<>,battle_bgm.mp3,battle/scene/bg_xcdg.jpg,config/big_hero/normal/img_635_ssel@.png,{y=70;x=0},231,,1,22101,<{key=1;value=1};{key=2;value=2};{key=3;value=14}>,320,851,851,,,,9999,12,80,12,{5000=0;100=0;20021=0},725,,,,,,{},{},,{502=1;850=180;talent_point=1},{851=80;502=1;talent_point=2},0,{},{y=397;x=463},,<<0;0>>,{},,FALSE,0,{}
32102,香薰市,香薰市,Aromassee,Thành phố Aromassee,아로마시티,Aromassee,เมืองอโรมัสซี,,<{level=329;unitId=60171;advance=22};{level=329;unitId=60301;advance=22};{level=329;unitId=60012;advance=22};{level=329;unitId=61903;advance=22};{level=329;unitId=60492;advance=22}>,<{level=329;unitId=71893;advance=22}>,config/portrait/jinglingtouxiang1/img_373_bfl@.png,1,6,2,20,1,6,1,<>,battle_bgm.mp3,battle/scene/bg_xcdg.jpg,config/big_hero/normal/img_373_bfl@.png,{y=70;x=0},231,,1,22101,<{key=1;value=1};{key=2;value=2};{key=3;value=14}>,329,861,861,,,,9999,12,80,12,{100=0;20571=0;5000=0},725,,,,,,{},{},,{502=1;850=180;talent_point=1},{851=80;502=1;talent_point=2},0,{},{y=653;x=752},,<<0;0>>,{},,FALSE,0,{}
32103,香薰市,香薰市,Aromassee,Thành phố Aromassee,아로마시티,Aromassee,เมืองอโรมัสซี,,<{level=332;unitId=60881;advance=22};{level=332;unitId=60131;advance=22};{level=332;unitId=60593;advance=22};{level=332;unitId=60551;advance=22};{level=332;unitId=62241;advance=22}>,<{level=332;unitId=70593;advance=22}>,config/portrait/jinglingtouxiang1/img_466_djms@.png,1,6,2,20,1,6,1,<>,battle_bgm.mp3,battle/scene/bg_xcdg.jpg,config/big_hero/normal/img_466_djms@.png,{y=70;x=0},231,,1,22101,<{key=1;value=1};{key=2;value=2};{key=3;value=14}>,332,871,871,,,,9999,12,80,12,{5000=0;100=0;20271=0},725,,,,,,{},{},,{502=1;850=180;talent_point=1},{851=80;502=1;talent_point=2},0,{},{y=348;x=1567},,<<0;0>>,{},,FALSE,0,{}
32104,香薰市,香薰市,Aromassee,Thành phố Aromassee,아로마시티,Aromassee,เมืองอโรมัสซี,,<{level=335;unitId=60601;advance=22};{level=335;unitId=60262;advance=22};{level=335;unitId=60592;advance=22};{level=335;unitId=63003;advance=22};{level=335;unitId=62483;advance=22}>,<{level=335;unitId=70753;advance=22}>,config/portrait/jinglingtouxiang1/img_149_kl@.png,1,6,2,20,1,6,1,<>,battle_bgm.mp3,battle/scene/bg_xcdg.jpg,config/big_hero/normal/img_149_kl@.png,{y=70;x=0},231,,1,22101,<{key=1;value=1};{key=2;value=2};{key=3;value=14}>,335,881,881,,,,9999,12,80,12,{20281=0;100=0;5000=0},725,,,,,,{},{},,{502=1;850=180;talent_point=1},{851=80;502=1;talent_point=2},0,{},{y=991;x=1489},,<<0;0>>,{},,FALSE,0,{}
32105,香薰市,香薰市,Aromassee,Thành phố Aromassee,아로마시티,Aromassee,เมืองอโรมัสซี,,<{level=344;unitId=70263;advance=22};{level=344;unitId=260079;advance=22};{level=344;unitId=70721;advance=22};{level=344;unitId=183021;advance=22};{level=344;unitId=180771;advance=22}>,<{level=344;unitId=260078;advance=22}>,config/portrait/jinglingtouxiang1/img_445_lyls@.png,1,6,2,20,1,6,1,<>,battle_bgm.mp3,battle/scene/bg_xcdg.jpg,config/big_hero/normal/img_445_lyls@.png,{y=70;x=0},231,,1,22101,<{key=1;value=1};{key=2;value=2};{key=3;value=14}>,344,891,891,,,,9999,12,80,12,{100=0;20601=0;5000=0},725,请时刻关注精灵们的闲言碎语,,,404404,항상 포켓몬들이 잡다한 얘기를 귀담아들으세요,{},{},,{502=1;850=180;talent_point=1},{851=80;502=1;talent_point=2},0,{},{y=743;x=1278},,<<0;0>>,{},,FALSE,0,{}
32201,枯叶市,枯葉市,Vermilion City,Thành phố Vermilion,갈색시티,Cidade de Vermilion,เมืองคุจิบะ,,<{level=347;unitId=61422;advance=23};{level=347;unitId=60001;advance=23};{level=347;unitId=60392;advance=23};{level=347;unitId=60071;advance=23};{level=347;unitId=60482;advance=23}>,<{level=347;unitId=73003;advance=23}>,config/portrait/jinglingtouxiang1/img_612_sfzl@.png,1,6,2,20,1,6,1,<>,battle_bgm.mp3,battle/scene/bg_xcdg.jpg,config/big_hero/normal/img_612_sfzl@.png,{y=70;x=0},232,,1,22201,<{key=1;value=1};{key=2;value=2};{key=3;value=14}>,347,901,901,,,,9999,12,80,12,{5000=0;100=0;20021=0},725,,,,,,{},{},,{502=1;850=180;talent_point=1},{851=80;502=1;talent_point=2},0,{},{y=240;x=1600},,<<0;0>>,{},,FALSE,0,{}
32202,枯叶市,枯葉市,Vermilion City,Thành phố Vermilion,갈색시티,Cidade de Vermilion,เมืองคุจิบะ,,<{level=356;unitId=60592;advance=23};{level=356;unitId=60053;advance=23};{level=356;unitId=60002;advance=23};{level=356;unitId=60603;advance=23};{level=356;unitId=60603;advance=23}>,<{level=356;unitId=71303;advance=23}>,config/portrait/jinglingtouxiang1/img_257_hyj@.png,1,6,2,20,1,6,1,<>,battle_bgm.mp3,battle/scene/bg_xcdg.jpg,config/big_hero/normal/img_257_hyj@.png,{y=70;x=0},232,,1,22201,<{key=1;value=1};{key=2;value=2};{key=3;value=14}>,356,911,911,,,,9999,12,80,12,{100=0;20571=0;5000=0},725,,,,,,{},{},,{502=1;850=180;talent_point=1},{851=80;502=1;talent_point=2},0,{},{y=574;x=790},,<<0;0>>,{},,FALSE,0,{}
32203,枯叶市,枯葉市,Vermilion City,Thành phố Vermilion,갈색시티,Cidade de Vermilion,เมืองคุจิบะ,,<{level=359;unitId=61902;advance=23};{level=359;unitId=62482;advance=23};{level=359;unitId=60592;advance=23};{level=359;unitId=63472;advance=23};{level=359;unitId=60492;advance=23}>,<{level=359;unitId=70094;advance=23}>,config/portrait/jinglingtouxiang1/img_25_xzpkq@.png,1,6,2,20,1,6,1,<>,battle_bgm.mp3,battle/scene/bg_xcdg.jpg,config/big_hero/normal/img_25_xzpkq@.png,{y=70;x=0},232,,1,22201,<{key=1;value=1};{key=2;value=2};{key=3;value=14}>,359,921,921,,,,9999,12,80,12,{5000=0;100=0;20271=0},725,,,,,,{},{},,{502=1;850=180;talent_point=1},{851=80;502=1;talent_point=2},0,{},{y=718;x=1736},,<<0;0>>,{},,FALSE,0,{}
32204,枯叶市,枯葉市,Vermilion City,Thành phố Vermilion,갈색시티,Cidade de Vermilion,เมืองคุจิบะ,,<{level=362;unitId=60091;advance=23};{level=362;unitId=60482;advance=23};{level=362;unitId=61253;advance=23};{level=362;unitId=60113;advance=23};{level=362;unitId=60002;advance=23}>,<{level=362;unitId=71971;advance=23}>,config/portrait/jinglingtouxiang1/img_383_gld@.png,1,6,2,20,1,6,1,<>,battle_bgm.mp3,battle/scene/bg_xcdg.jpg,config/big_hero/normal/img_383_gld@.png,{y=70;x=0},232,,1,22201,<{key=1;value=1};{key=2;value=2};{key=3;value=14}>,362,931,931,,,,9999,12,80,12,{20281=0;100=0;5000=0},725,,,,,,{},{},,{502=1;850=180;talent_point=1},{851=80;502=1;talent_point=2},0,{},{y=944;x=1260},,<<0;0>>,{},,FALSE,0,{}
32205,枯叶市,枯葉市,Vermilion City,Thành phố Vermilion,갈색시티,Cidade de Vermilion,เมืองคุจิบะ,,<{level=371;unitId=260081;advance=23};{level=371;unitId=260082;advance=23};{level=371;unitId=260083;advance=23};{level=371;unitId=260084;advance=23};{level=371;unitId=260085;advance=23}>,<{level=371;unitId=260080;advance=23}>,config/portrait/jinglingtouxiang1/img_95_dysl@.png,1,6,2,20,1,6,1,<>,battle_bgm.mp3,battle/scene/bg_xcdg.jpg,config/big_hero/normal/img_95_dysl@.png,{y=70;x=0},232,,1,22201,<{key=1;value=1};{key=2;value=2};{key=3;value=14}>,371,941,941,,,,9999,12,80,12,{100=0;20601=0;5000=0},725,请时刻关注精灵们的闲言碎语,,,404404,항상 포켓몬들이 잡다한 얘기를 귀담아들으세요,{},{},,{502=1;850=180;talent_point=1},{851=80;502=1;talent_point=2},0,{},{y=898;x=576},,<<0;0>>,{},,FALSE,0,{}
32301,孔普斯镇,孔普斯镇,Compus Town,Thị trấn Compus,콤푸스 마을,Vila Compus,เมืองคอมปัส,,<{level=700;unitId=61253;advance=70};{level=700;unitId=60191;advance=70};{level=700;unitId=60791;advance=70};{level=700;unitId=60132;advance=70};{level=700;unitId=60471;advance=70}>,<{level=700;unitId=260060;advance=70}>,config/portrait/jinglingtouxiang1/img_671_hjfr@.png,1,6,2,20,1,6,1,<>,battle_bgm.mp3,battle/scene/bg_xcdg.jpg,config/big_hero/normal/img_671_hjfr@.png,{y=70;x=0},233,,1,22301,<{key=1;value=1};{key=2;value=2};{key=3;value=11}>,700,951,951,,,,9999,12,80,12,{100=0;20591=0;5000=0},725,上阵格斗、虫、妖精属性的精灵会额外提升10%物攻和特攻,上陣格鬥、蟲、妖精屬性的精靈會額外提升10%物攻和特攻,"Pokémons with combat, insect, and goblin attributes will gain an additional 10% physical and special attacks",404404,"격투, 벌레, 요정 타입의 포켓몬 출전 시 공격 및 특수 공격이 추가로 10% 증가한다",{},{},,{502=1;850=180;talent_point=1},{851=80;502=1;talent_point=2},0,{},{y=642;x=715},,<<0;0>>,{},,FALSE,0,{}
32302,孔普斯镇,孔普斯镇,Compus Town,Thị trấn Compus,콤푸스 마을,Vila Compus,เมืองคอมปัส,,<{level=720;unitId=61442;advance=70};{level=720;unitId=61443;advance=70};{level=720;unitId=62631;advance=70};{level=720;unitId=63351;advance=70};{level=720;unitId=60464;advance=70}>,<{level=720;unitId=260061;advance=70}>,config/portrait/jinglingtouxiang1/img_658_jhrw@.png,1,6,2,20,1,6,1,<>,battle_bgm.mp3,battle/scene/bg_xcdg.jpg,config/big_hero/normal/img_658_jhrw@.png,{y=70;x=0},233,,1,22301,<{key=1;value=1};{key=2;value=2};{key=3;value=12}>,720,961,961,,,,9999,12,80,12,{100=0;20591=0;5000=0},725,上阵地面、岩石、水属性的精灵会额外提升10%物攻和特攻,上陣地面、岩石、水屬性的精靈會額外提升10%物攻和特攻,"Pokémons in the ground, rock, and water attributes will gain an additional 10% physical and special attacks",404404,"땅, 바위, 물 타입의 포켓몬 출전 시 공격 및 특수 공격이 추가로 10% 증가한다",{},{},,{502=1;850=180;talent_point=1},{851=80;502=1;talent_point=2},0,{},{y=489;x=1452},,<<0;0>>,{},,FALSE,0,{}
32303,孔普斯镇,孔普斯镇,Compus Town,Thị trấn Compus,콤푸스 마을,Vila Compus,เมืองคอมปัส,,<{level=740;unitId=60062;advance=70};{level=740;unitId=60131;advance=70};{level=740;unitId=63352;advance=70};{level=740;unitId=60492;advance=70};{level=740;unitId=60741;advance=70}>,<{level=740;unitId=260062;advance=70}>,config/portrait/jinglingtouxiang1/img_706_nml@.png,1,6,2,20,1,6,1,<>,battle_bgm.mp3,battle/scene/bg_xcdg.jpg,config/big_hero/normal/img_706_nml@.png,{y=70;x=0},233,,1,22301,<{key=1;value=1};{key=2;value=2};{key=3;value=13}>,740,971,971,,,,9999,12,80,12,{100=0;20591=0;5000=0},725,上阵冰、龙、妖精属性的精灵会额外提升10%物攻和特攻,上陣冰、龍、妖精屬性的精靈會額外提升10%物攻和特攻,"Pokémons with ice, dragon, and goblin attributes will gain an additional 10% physical and special attacks",404404,"얼음, 드래곤, 요정 타입의 포켓몬 출전 시 공격 및 특수 공격이 추가로 10% 증가한다",{},{},,{502=1;850=180;talent_point=1},{851=80;502=1;talent_point=2},0,{},{y=793;x=1783},,<<0;0>>,{},,FALSE,0,{}
32304,孔普斯镇,孔普斯镇,Compus Town,Thị trấn Compus,콤푸스 마을,Vila Compus,เมืองคอมปัส,,<{level=760;unitId=70171;advance=70};{level=760;unitId=70301;advance=70};{level=760;unitId=70012;advance=70};{level=760;unitId=260064;advance=70};{level=760;unitId=260065;advance=70}>,<{level=760;unitId=260063;advance=70}>,config/portrait/jinglingtouxiang1/img_373_bfl@.png,1,6,2,20,1,6,1,<>,battle_bgm.mp3,battle/scene/bg_xcdg.jpg,config/big_hero/normal/img_373_bfl@.png,{y=70;x=0},233,,1,22301,<{key=1;value=1};{key=2;value=2};{key=3;value=14}>,760,981,981,,,,9999,12,80,12,{100=0;20591=0;5000=0},725,请时刻关注精灵们的闲言碎语,請時刻關注精靈們的閒言碎語,Please always pay attention to the gossip of the Pokémons,404404,항상 포켓몬들이 잡다한 얘기를 귀담아들으세요,{},{},,{502=1;850=180;talent_point=1},{851=80;502=1;talent_point=2},0,{},{y=1089;x=1390},,<<0;0>>,{},,FALSE,0,{}
32401,灯火市,灯火市,Lumiose City,Thành phố Lumiose,미르시티,Cidade de Lumiose,เมืองมิอาร์,,<{level=780;unitId=53561;advance=70};{level=780;unitId=60761;advance=70};{level=780;unitId=51392;advance=70};{level=780;unitId=61313;advance=70};{level=780;unitId=60541;advance=70}>,<{level=780;unitId=260066;advance=70}>,config/portrait/jinglingtouxiang1/img_212_jqtl@.png,1,6,2,20,1,6,1,<>,battle_bgm.mp3,battle/scene/bg_xcdg.jpg,config/big_hero/normal/img_212_jqtl@.png,{y=70;x=0},234,,1,22401,<{key=1;value=1};{key=2;value=2};{key=3;value=14}>,780,991,991,,,,9999,12,80,12,{5000=0;100=0;20011=0},725,上阵冰、龙、恶属性的精灵会额外提升10%物攻和特攻,上陣冰、龍、惡屬性的精靈會額外提升10%物攻和特攻,"Pokémons with ice, dragon, and evil attributes will gain an additional 10% physical and special attacks",404404,"얼음, 드래곤, 악마 타입의 포켓몬 출전 시 공격 및 특수 공격이 추가로 10% 증가한다",{},{},,{502=1;850=180;talent_point=1},{851=80;502=1;talent_point=2},0,{},{y=246;x=1822},,<<0;0>>,{},,FALSE,0,{}
32402,灯火市,灯火市,Lumiose City,Thành phố Lumiose,미르시티,Cidade de Lumiose,เมืองมิอาร์,,<{level=800;unitId=63631;advance=70};{level=800;unitId=60464;advance=70};{level=800;unitId=60592;advance=70};{level=800;unitId=60231;advance=70};{level=800;unitId=63281;advance=70}>,<{level=800;unitId=260067;advance=70}>,config/portrait/jinglingtouxiang1/img_248_bjls@.png,1,6,2,20,1,6,1,<>,battle_bgm.mp3,battle/scene/bg_xcdg.jpg,config/big_hero/normal/img_248_bjls@.png,{y=70;x=0},234,,1,22401,<{key=1;value=1};{key=2;value=2};{key=3;value=14}>,800,1001,1001,,,,9999,12,80,12,{100=0;20591=0;5000=0},725,上阵毒、地面、火属性的精灵会额外提升10%物攻和特攻,上陣毒、地面、火屬性的精靈會額外提升10%物攻和特攻,"Pokémons with poison, ground, and fire attributes will gain an additional 10% physical and special attacks",404404,"독, 바위, 불꽃 타입의 포켓몬 출전 시 공격 및 특수 공격이 추가로 10% 증가한다",{},{},,{502=1;850=180;talent_point=1},{851=80;502=1;talent_point=2},0,{},{y=519;x=1551},,<<0;0>>,{},,FALSE,0,{}
32403,灯火市,灯火市,Lumiose City,Thành phố Lumiose,미르시티,Cidade de Lumiose,เมืองมิอาร์,,<{level=820;unitId=60273;advance=70};{level=820;unitId=62821;advance=70};{level=820;unitId=60301;advance=70};{level=820;unitId=61901;advance=70};{level=820;unitId=61442;advance=70}>,<{level=820;unitId=260068;advance=70}>,config/portrait/jinglingtouxiang1/img_475_alld@.png,1,6,2,20,1,6,1,<>,battle_bgm.mp3,battle/scene/bg_xcdg.jpg,config/big_hero/normal/img_475_alld@.png,{y=70;x=0},234,,1,22401,<{key=1;value=1};{key=2;value=2};{key=3;value=14}>,820,1011,1011,,,,9999,12,80,12,{20051=0;100=0;5000=0},725,上阵草、电、冰属性的精灵会额外提升10%物攻和特攻,上陣草、電、冰屬性的精靈會額外提升10%物攻和特攻,"Pokémons with grass, electricity, and ice attributes will gain an additional 10% physical and special attacks.",404404,"독, 땅, 불꽃 타입의 포켓몬 출전 시 공격 및 특수 공격이 추가로 10% 증가한다",{},{},,{502=1;850=180;talent_point=1},{851=80;502=1;talent_point=2},0,{},{y=960;x=1733},,<<0;0>>,{},,FALSE,0,{}
32404,灯火市,灯火市,Lumiose City,Thành phố Lumiose,미르시티,Cidade de Lumiose,เมืองมิอาร์,,<{level=840;unitId=60753;advance=70};{level=840;unitId=60101;advance=70};{level=840;unitId=61503;advance=70};{level=840;unitId=60043;advance=70};{level=840;unitId=60002;advance=70}>,<{level=840;unitId=260069;advance=70}>,config/portrait/jinglingtouxiang1/img_461_mnl@.png,1,6,2,20,1,6,1,<>,battle_bgm.mp3,battle/scene/bg_xcdg.jpg,config/big_hero/normal/img_461_mnl@.png,{y=70;x=0},234,,1,22401,<{key=1;value=1};{key=2;value=2};{key=3;value=14}>,840,1021,1021,,,,9999,12,80,12,{20881=0;100=0;5000=0},725,上阵冰、龙、妖精属性的精灵会额外提升10%物攻和特攻,上陣冰、龍、妖精屬性的精靈會額外提升10%物攻和特攻,"Pokémons with ice, dragon, and goblin attributes will gain an additional 10% physical and special attacks",404404,"얼음, 드래곤, 요정 타입의 포켓몬 출전 시 공격 및 특수 공격이 추가로 10% 증가한다",{},{},,{502=1;850=180;talent_point=1},{851=80;502=1;talent_point=2},0,{},{y=762;x=1060},,<<0;0>>,{},,FALSE,0,{}
32405,灯火市,灯火市,Lumiose City,Thành phố Lumiose,미르시티,Cidade de Lumiose,เมืองมิอาร์,,<{level=860;unitId=70021;advance=70};{level=860;unitId=70482;advance=70};{level=860;unitId=72873;advance=70};{level=860;unitId=71901;advance=70};{level=860;unitId=70372;advance=70}>,<{level=860;unitId=260070;advance=70}>,config/portrait/jinglingtouxiang1/img_384_lkz@.png,1,6,2,20,1,6,1,<>,battle_bgm.mp3,battle/scene/bg_xcdg.jpg,config/big_hero/normal/img_384_lkz@.png,{y=70;x=0},234,,1,22401,<{key=1;value=1};{key=2;value=2};{key=3;value=14}>,860,1031,1031,,,,9999,12,80,12,{20391=0;100=0;5000=0},725,请时刻关注精灵们的闲言碎语,請時刻關注精靈們的閒言碎語,Please always pay attention to the gossip of the Pokémons,404404,항상 포켓몬들이 잡다한 얘기를 귀담아들으세요,{},{},,{502=1;850=180;talent_point=1},{851=80;502=1;talent_point=2},0,{},{y=1051;x=680},,<<0;0>>,{},,FALSE,0,{}
32501,加布月镇,加布月镇,Gabumoon Town,Thị trấn Gabumoon,가부문 마을,Vila Gabumoon,เมืองกาบุมูน,,<{level=880;unitId=60463;advance=70};{level=880;unitId=60482;advance=70};{level=880;unitId=63353;advance=70};{level=880;unitId=61393;advance=70};{level=880;unitId=61841;advance=70}>,<{level=880;unitId=260071;advance=70}>,config/portrait/jinglingtouxiang1/img_376_jjg@.png,1,6,2,20,1,6,1,<>,battle_bgm.mp3,battle/scene/bg_xcdg.jpg,config/big_hero/normal/img_376_jjg@.png,{y=70;x=0},235,,1,22501,<{key=1;value=1};{key=2;value=2};{key=3;value=14}>,880,1041,1041,,,,9999,12,80,12,{5000=0;100=0;20021=0},725,上阵冰、龙、恶属性的精灵会额外提升10%物攻和特攻,上陣冰、龍、惡屬性的精靈會額外提升10%物攻和特攻,"Pokémons with ice, dragon, and evil attributes will gain an additional 10% physical and special attacks",404404,"얼음, 드래곤, 악마 타입의 포켓몬 출전 시 공격 및 특수 공격이 추가로 10% 증가한다",{},{},,{502=1;850=180;talent_point=1},{851=80;502=1;talent_point=2},0,{},{y=747;x=2071},,<<0;0>>,{},,FALSE,0,{}
32502,加布月镇,加布月镇,Gabumoon Town,Thị trấn Gabumoon,가부문 마을,Vila Gabumoon,เมืองกาบุมูน,,<{level=900;unitId=62682;advance=70};{level=900;unitId=60541;advance=70};{level=900;unitId=61253;advance=70};{level=900;unitId=61903;advance=70};{level=900;unitId=60492;advance=70}>,<{level=900;unitId=260072;advance=70}>,config/portrait/jinglingtouxiang1/img_635_ssel@.png,1,6,2,20,1,6,1,<>,battle_bgm.mp3,battle/scene/bg_xcdg.jpg,config/big_hero/normal/img_635_ssel@.png,{y=70;x=0},235,,1,22501,<{key=1;value=1};{key=2;value=2};{key=3;value=14}>,900,1051,1051,,,,9999,12,80,12,{100=0;20571=0;5000=0},725,上阵毒、地面、火属性的精灵会额外提升10%物攻和特攻,上陣毒、地面、火屬性的精靈會額外提升10%物攻和特攻,"Pokémons with poison, ground, and fire attributes will gain an additional 10% physical and special attacks",404404,"독, 바위, 불꽃 타입의 포켓몬 출전 시 공격 및 특수 공격이 추가로 10% 증가한다",{},{},,{502=1;850=180;talent_point=1},{851=80;502=1;talent_point=2},0,{},{y=349;x=1417},,<<0;0>>,{},,FALSE,0,{}
32503,加布月镇,加布月镇,Gabumoon Town,Thị trấn Gabumoon,가부문 마을,Vila Gabumoon,เมืองกาบุมูน,,<{level=920;unitId=63341;advance=70};{level=920;unitId=61391;advance=70};{level=920;unitId=61251;advance=70};{level=920;unitId=61271;advance=70};{level=920;unitId=60122;advance=70}>,<{level=920;unitId=260073;advance=70}>,config/portrait/jinglingtouxiang1/img_151_mh@.png,1,6,2,20,1,6,1,<>,battle_bgm.mp3,battle/scene/bg_xcdg.jpg,config/big_hero/normal/img_151_mh@.png,{y=70;x=0},235,,1,22501,<{key=1;value=1};{key=2;value=2};{key=3;value=14}>,920,1061,1061,,,,9999,12,80,12,{5000=0;100=0;20271=0},725,上阵草、电、冰属性的精灵会额外提升10%物攻和特攻,上陣草、電、冰屬性的精靈會額外提升10%物攻和特攻,"Pokémons with grass, electricity, and ice attributes will gain an additional 10% physical and special attacks.",404404,"독, 땅, 불꽃 타입의 포켓몬 출전 시 공격 및 특수 공격이 추가로 10% 증가한다",{},{},,{502=1;850=180;talent_point=1},{851=80;502=1;talent_point=2},0,{},{y=549;x=625},,<<0;0>>,{},,FALSE,0,{}
32504,加布月镇,加布月镇,Gabumoon Town,Thị trấn Gabumoon,가부문 마을,Vila Gabumoon,เมืองกาบุมูน,,<{level=940;unitId=60091;advance=70};{level=940;unitId=60051;advance=70};{level=940;unitId=61221;advance=70};{level=940;unitId=63561;advance=70}>,<{level=940;unitId=260074;advance=70}>,config/portrait/jinglingtouxiang1/img_94_gg@.png,1,6,2,20,1,6,1,<>,battle_bgm.mp3,battle/scene/bg_xcdg.jpg,config/big_hero/normal/img_94_gg@.png,{y=70;x=0},235,,1,22501,<{key=1;value=1};{key=2;value=2};{key=3;value=14}>,940,1071,1071,,,,9999,12,80,12,{20281=0;100=0;5000=0},725,上阵冰、龙、妖精属性的精灵会额外提升10%物攻和特攻,上陣冰、龍、妖精屬性的精靈會額外提升10%物攻和特攻,"Pokémons with ice, dragon, and goblin attributes will gain an additional 10% physical and special attacks",404404,"얼음, 드래곤, 요정 타입의 포켓몬 출전 시 공격 및 특수 공격이 추가로 10% 증가한다",{},{},,{502=1;850=180;talent_point=1},{851=80;502=1;talent_point=2},0,{},{y=942;x=971},,<<0;0>>,{},,FALSE,0,{}
32505,加布月镇,加布月镇,Gabumoon Town,Thị trấn Gabumoon,가부문 마을,Vila Gabumoon,เมืองกาบุมูน,,<{level=960;unitId=71394;advance=70};{level=960;unitId=71423;advance=70};{level=960;unitId=70463;advance=70};{level=960;unitId=181971;advance=70};{level=960;unitId=180753;advance=70}>,<{level=960;unitId=260075;advance=70}>,config/portrait/jinglingtouxiang1/img_150_cm@.png,1,6,2,20,1,6,1,<>,battle_bgm.mp3,battle/scene/bg_xcdg.jpg,config/big_hero/normal/img_150_cm@.png,{y=70;x=0},235,,1,22501,<{key=1;value=1};{key=2;value=2};{key=3;value=14}>,960,1081,1081,,,,9999,12,80,12,{100=0;20601=0;5000=0},725,请时刻关注精灵们的闲言碎语,請時刻關注精靈們的閒言碎語,Please always pay attention to the gossip of the Pokémons,404404,항상 포켓몬들이 잡다한 얘기를 귀담아들으세요,{},{},,{502=1;850=180;talent_point=1},{851=80;502=1;talent_point=2},0,{},{y=1066;x=1302},,<<0;0>>,{},,FALSE,0,{}
32601,菜草镇,菜草镇,Greensod Town,Thị trấn Greensod,채초 마을,Vila Greensod,เมืองไช่เฉ่า,,<{level=980;unitId=60372;advance=70};{level=980;unitId=63281;advance=70};{level=980;unitId=60113;advance=70};{level=980;unitId=60593;advance=70};{level=980;unitId=60002;advance=70}>,<{level=980;unitId=70753;advance=70}>,config/portrait/jinglingtouxiang1/img_149_kl@.png,1,6,2,20,1,6,1,<>,battle_bgm.mp3,battle/scene/bg_xcdg.jpg,config/big_hero/normal/img_149_kl@.png,{y=70;x=0},236,,1,22601,<{key=1;value=1};{key=2;value=2};{key=3;value=14}>,980,1091,1091,,,,9999,12,80,12,{5000=0;100=0;20021=0},725,上阵冰、龙、恶属性的精灵会额外提升10%物攻和特攻,上陣冰、龍、惡屬性的精靈會額外提升10%物攻和特攻,"Pokémons with ice, dragon, and evil attributes will gain an additional 10% physical and special attacks",404404,"얼음, 드래곤, 악마 타입의 포켓몬 출전 시 공격 및 특수 공격이 추가로 10% 증가한다",{},{},,{502=1;850=180;talent_point=1},{851=80;502=1;talent_point=2},0,{},{y=267;x=1365},,<<0;0>>,{},,FALSE,0,{}
32602,菜草镇,菜草镇,Greensod Town,Thị trấn Greensod,채초 마을,Vila Greensod,เมืองไช่เฉ่า,,<{level=1000;unitId=61423;advance=70};{level=1000;unitId=60392;advance=70};{level=1000;unitId=61891;advance=70};{level=1000;unitId=61293;advance=70};{level=1000;unitId=60172;advance=70}>,<{level=1000;unitId=71921;advance=70}>,config/portrait/jinglingtouxiang1/img_378_ljas@.png,1,6,2,20,1,6,1,<>,battle_bgm.mp3,battle/scene/bg_xcdg.jpg,config/big_hero/normal/img_378_ljas@.png,{y=70;x=0},236,,1,22601,<{key=1;value=1};{key=2;value=2};{key=3;value=14}>,1000,1101,1101,,,,9999,12,80,12,{100=0;20571=0;5000=0},725,上阵毒、地面、火属性的精灵会额外提升10%物攻和特攻,上陣毒、地面、火屬性的精靈會額外提升10%物攻和特攻,"Pokémons with poison, ground, and fire attributes will gain an additional 10% physical and special attacks",404404,"독, 바위, 불꽃 타입의 포켓몬 출전 시 공격 및 특수 공격이 추가로 10% 증가한다",{},{},,{502=1;850=180;talent_point=1},{851=80;502=1;talent_point=2},0,{},{y=426;x=661},,<<0;0>>,{},,FALSE,0,{}
32603,菜草镇,菜草镇,Greensod Town,Thị trấn Greensod,채초 마을,Vila Greensod,เมืองไช่เฉ่า,,<{level=1020;unitId=60802;advance=70};{level=1020;unitId=62241;advance=70};{level=1020;unitId=60792;advance=70};{level=1020;unitId=62271;advance=70};{level=1020;unitId=60793;advance=70}>,<{level=1020;unitId=72993;advance=70}>,config/portrait/jinglingtouxiang1/img_609_sjdhl@.png,1,6,2,20,1,6,1,<>,battle_bgm.mp3,battle/scene/bg_xcdg.jpg,config/big_hero/normal/img_609_sjdhl@.png,{y=70;x=0},236,,1,22601,<{key=1;value=1};{key=2;value=2};{key=3;value=14}>,1020,1111,1111,,,,9999,12,80,12,{5000=0;100=0;20271=0},725,上阵草、电、冰属性的精灵会额外提升10%物攻和特攻,上陣草、電、冰屬性的精靈會額外提升10%物攻和特攻,"Pokémons with grass, electricity, and ice attributes will gain an additional 10% physical and special attacks.",404404,"독, 땅, 불꽃 타입의 포켓몬 출전 시 공격 및 특수 공격이 추가로 10% 증가한다",{},{},,{502=1;850=180;talent_point=1},{851=80;502=1;talent_point=2},0,{},{y=859;x=999},,<<0;0>>,{},,FALSE,0,{}
32604,菜草镇,菜草镇,Greensod Town,Thị trấn Greensod,채초 마을,Vila Greensod,เมืองไช่เฉ่า,,<{level=1040;unitId=60013;advance=70};{level=1040;unitId=60781;advance=70};{level=1040;unitId=63543;advance=70};{level=1040;unitId=61503;advance=70};{level=1040;unitId=62871;advance=70}>,<{level=1040;unitId=71271;advance=70}>,config/portrait/jinglingtouxiang1/img_250_fw@.png,1,6,2,20,1,6,1,<>,battle_bgm.mp3,battle/scene/bg_xcdg.jpg,config/big_hero/normal/img_250_fw@.png,{y=70;x=0},236,,1,22601,<{key=1;value=1};{key=2;value=2};{key=3;value=14}>,1040,1121,1121,,,,9999,12,80,12,{20281=0;100=0;5000=0},725,上阵冰、龙、妖精属性的精灵会额外提升10%物攻和特攻,上陣冰、龍、妖精屬性的精靈會額外提升10%物攻和特攻,"Pokémons with ice, dragon, and goblin attributes will gain an additional 10% physical and special attacks",404404,"얼음, 드래곤, 요정 타입의 포켓몬 출전 시 공격 및 특수 공격이 추가로 10% 증가한다",{},{},,{502=1;850=180;talent_point=1},{851=80;502=1;talent_point=2},0,{},{y=462;x=1713},,<<0;0>>,{},,FALSE,0,{}
32605,菜草镇,菜草镇,Greensod Town,Thị trấn Greensod,채초 마을,Vila Greensod,เมืองไช่เฉ่า,,<{level=1060;unitId=70352;advance=70};{level=1060;unitId=70753;advance=70};{level=1060;unitId=70371;advance=70};{level=1060;unitId=260077;advance=70};{level=1060;unitId=181394;advance=70}>,<{level=1060;unitId=260076;advance=70}>,config/portrait/jinglingtouxiang1/img_249_lqy@.png,1,6,2,20,1,6,1,<>,battle_bgm.mp3,battle/scene/bg_xcdg.jpg,config/big_hero/normal/img_249_lqy@.png,{y=70;x=0},236,,1,22601,<{key=1;value=1};{key=2;value=2};{key=3;value=14}>,1060,1131,1131,,,,9999,12,80,12,{100=0;20601=0;5000=0},725,请时刻关注精灵们的闲言碎语,請時刻關注精靈們的閒言碎語,Please always pay attention to the gossip of the Pokémons,404404,항상 포켓몬들이 잡다한 얘기를 귀담아들으세요,{},{},,{502=1;850=180;talent_point=1},{851=80;502=1;talent_point=2},0,{},{y=985;x=1461},,<<0;0>>,{},,FALSE,0,{}
32701,钟探镇,钟探镇,Bellchime Town,Thị trấn Bellchime,종탐 마을,Vila Bellchime,เมืองจงท่าน,,<{level=1080;unitId=62611;advance=70};{level=1080;unitId=61391;advance=70};{level=1080;unitId=63502;advance=70};{level=1080;unitId=60452;advance=70};{level=1080;unitId=62891;advance=70}>,<{level=1080;unitId=73143;advance=70}>,config/portrait/jinglingtouxiang1/img_635_ssel@.png,1,6,2,20,1,6,1,<>,battle_bgm.mp3,battle/scene/bg_xcdg.jpg,config/big_hero/normal/img_635_ssel@.png,{y=70;x=0},237,,1,22701,<{key=1;value=1};{key=2;value=2};{key=3;value=14}>,1080,1141,1141,,,,9999,12,80,12,{5000=0;100=0;20021=0},725,,,,,,{},{},,{502=1;850=180;talent_point=1},{851=80;502=1;talent_point=2},0,{},{y=397;x=463},,<<0;0>>,{},,FALSE,0,{}
32702,钟探镇,钟探镇,Bellchime Town,Thị trấn Bellchime,종탐 마을,Vila Bellchime,เมืองจงท่าน,,<{level=1100;unitId=60171;advance=70};{level=1100;unitId=60301;advance=70};{level=1100;unitId=60012;advance=70};{level=1100;unitId=61903;advance=70};{level=1100;unitId=60492;advance=70}>,<{level=1100;unitId=71893;advance=70}>,config/portrait/jinglingtouxiang1/img_373_bfl@.png,1,6,2,20,1,6,1,<>,battle_bgm.mp3,battle/scene/bg_xcdg.jpg,config/big_hero/normal/img_373_bfl@.png,{y=70;x=0},237,,1,22701,<{key=1;value=1};{key=2;value=2};{key=3;value=14}>,1100,1151,1151,,,,9999,12,80,12,{100=0;20571=0;5000=0},725,,,,,,{},{},,{502=1;850=180;talent_point=1},{851=80;502=1;talent_point=2},0,{},{y=653;x=752},,<<0;0>>,{},,FALSE,0,{}
32703,钟探镇,钟探镇,Bellchime Town,Thị trấn Bellchime,종탐 마을,Vila Bellchime,เมืองจงท่าน,,<{level=1120;unitId=60881;advance=70};{level=1120;unitId=60131;advance=70};{level=1120;unitId=60593;advance=70};{level=1120;unitId=60551;advance=70};{level=1120;unitId=62241;advance=70}>,<{level=1120;unitId=70593;advance=70}>,config/portrait/jinglingtouxiang1/img_466_djms@.png,1,6,2,20,1,6,1,<>,battle_bgm.mp3,battle/scene/bg_xcdg.jpg,config/big_hero/normal/img_466_djms@.png,{y=70;x=0},237,,1,22701,<{key=1;value=1};{key=2;value=2};{key=3;value=14}>,1120,1161,1161,,,,9999,12,80,12,{5000=0;100=0;20271=0},725,,,,,,{},{},,{502=1;850=180;talent_point=1},{851=80;502=1;talent_point=2},0,{},{y=348;x=1567},,<<0;0>>,{},,FALSE,0,{}
32704,钟探镇,钟探镇,Bellchime Town,Thị trấn Bellchime,종탐 마을,Vila Bellchime,เมืองจงท่าน,,<{level=1140;unitId=60601;advance=70};{level=1140;unitId=60262;advance=70};{level=1140;unitId=60592;advance=70};{level=1140;unitId=63003;advance=70};{level=1140;unitId=62483;advance=70}>,<{level=1140;unitId=70753;advance=70}>,config/portrait/jinglingtouxiang1/img_149_kl@.png,1,6,2,20,1,6,1,<>,battle_bgm.mp3,battle/scene/bg_xcdg.jpg,config/big_hero/normal/img_149_kl@.png,{y=70;x=0},237,,1,22701,<{key=1;value=1};{key=2;value=2};{key=3;value=14}>,1140,1171,1171,,,,9999,12,80,12,{20281=0;100=0;5000=0},725,,,,,,{},{},,{502=1;850=180;talent_point=1},{851=80;502=1;talent_point=2},0,{},{y=991;x=1489},,<<0;0>>,{},,FALSE,0,{}
32705,钟探镇,钟探镇,Bellchime Town,Thị trấn Bellchime,종탐 마을,Vila Bellchime,เมืองจงท่าน,,<{level=1160;unitId=70263;advance=70};{level=1160;unitId=260079;advance=70};{level=1160;unitId=70721;advance=70};{level=1160;unitId=183021;advance=70};{level=1160;unitId=180771;advance=70}>,<{level=1160;unitId=260078;advance=70}>,config/portrait/jinglingtouxiang1/img_445_lyls@.png,1,6,2,20,1,6,1,<>,battle_bgm.mp3,battle/scene/bg_xcdg.jpg,config/big_hero/normal/img_445_lyls@.png,{y=70;x=0},237,,1,22701,<{key=1;value=1};{key=2;value=2};{key=3;value=14}>,1160,1181,1181,,,,9999,12,80,12,{100=0;20601=0;5000=0},725,请时刻关注精灵们的闲言碎语,,,404404,항상 포켓몬들이 잡다한 얘기를 귀담아들으세요,{},{},,{502=1;850=180;talent_point=1},{851=80;502=1;talent_point=2},0,{},{y=743;x=1278},,<<0;0>>,{},,FALSE,0,{}
32801,马拉町,马拉町,Mela Town,Thị trấn Mela,마라 마을,Vila Mela,เมืองมาระ,,<{level=1180;unitId=61422;advance=70};{level=1180;unitId=60001;advance=70};{level=1180;unitId=60392;advance=70};{level=1180;unitId=60071;advance=70};{level=1180;unitId=60482;advance=70}>,<{level=1180;unitId=73003;advance=70}>,config/portrait/jinglingtouxiang1/img_612_sfzl@.png,1,6,2,20,1,6,1,<>,battle_bgm.mp3,battle/scene/bg_xcdg.jpg,config/big_hero/normal/img_612_sfzl@.png,{y=70;x=0},238,,1,22801,<{key=1;value=1};{key=2;value=2};{key=3;value=14}>,1180,1191,1191,,,,9999,12,80,12,{5000=0;100=0;20021=0},725,,,,,,{},{},,{502=1;850=180;talent_point=1},{851=80;502=1;talent_point=2},0,{},{y=240;x=1600},,<<0;0>>,{},,FALSE,0,{}
32802,马拉町,马拉町,Mela Town,Thị trấn Mela,마라 마을,Vila Mela,เมืองมาระ,,<{level=1200;unitId=60592;advance=70};{level=1200;unitId=60053;advance=70};{level=1200;unitId=60002;advance=70};{level=1200;unitId=60603;advance=70};{level=1200;unitId=60603;advance=70}>,<{level=1200;unitId=71303;advance=70}>,config/portrait/jinglingtouxiang1/img_257_hyj@.png,1,6,2,20,1,6,1,<>,battle_bgm.mp3,battle/scene/bg_xcdg.jpg,config/big_hero/normal/img_257_hyj@.png,{y=70;x=0},238,,1,22801,<{key=1;value=1};{key=2;value=2};{key=3;value=14}>,1200,1201,1201,,,,9999,12,80,12,{100=0;20571=0;5000=0},725,,,,,,{},{},,{502=1;850=180;talent_point=1},{851=80;502=1;talent_point=2},0,{},{y=574;x=790},,<<0;0>>,{},,FALSE,0,{}
32803,马拉町,马拉町,Mela Town,Thị trấn Mela,마라 마을,Vila Mela,เมืองมาระ,,<{level=1220;unitId=61902;advance=70};{level=1220;unitId=62482;advance=70};{level=1220;unitId=60592;advance=70};{level=1220;unitId=63472;advance=70};{level=1220;unitId=60492;advance=70}>,<{level=1220;unitId=70094;advance=70}>,config/portrait/jinglingtouxiang1/img_25_xzpkq@.png,1,6,2,20,1,6,1,<>,battle_bgm.mp3,battle/scene/bg_xcdg.jpg,config/big_hero/normal/img_25_xzpkq@.png,{y=70;x=0},238,,1,22801,<{key=1;value=1};{key=2;value=2};{key=3;value=14}>,1220,1211,1211,,,,9999,12,80,12,{5000=0;100=0;20271=0},725,,,,,,{},{},,{502=1;850=180;talent_point=1},{851=80;502=1;talent_point=2},0,{},{y=718;x=1736},,<<0;0>>,{},,FALSE,0,{}
32804,马拉町,马拉町,Mela Town,Thị trấn Mela,마라 마을,Vila Mela,เมืองมาระ,,<{level=1240;unitId=60091;advance=70};{level=1240;unitId=60482;advance=70};{level=1240;unitId=61253;advance=70};{level=1240;unitId=60113;advance=70};{level=1240;unitId=60002;advance=70}>,<{level=1240;unitId=71971;advance=70}>,config/portrait/jinglingtouxiang1/img_383_gld@.png,1,6,2,20,1,6,1,<>,battle_bgm.mp3,battle/scene/bg_xcdg.jpg,config/big_hero/normal/img_383_gld@.png,{y=70;x=0},238,,1,22801,<{key=1;value=1};{key=2;value=2};{key=3;value=14}>,1240,1221,1221,,,,9999,12,80,12,{20281=0;100=0;5000=0},725,,,,,,{},{},,{502=1;850=180;talent_point=1},{851=80;502=1;talent_point=2},0,{},{y=944;x=1260},,<<0;0>>,{},,FALSE,0,{}
32805,马拉町,马拉町,Mela Town,Thị trấn Mela,마라 마을,Vila Mela,เมืองมาระ,,<{level=1260;unitId=260081;advance=70};{level=1260;unitId=260082;advance=70};{level=1260;unitId=260083;advance=70};{level=1260;unitId=260084;advance=70};{level=1260;unitId=260085;advance=70}>,<{level=1260;unitId=260080;advance=70}>,config/portrait/jinglingtouxiang1/img_95_dysl@.png,1,6,2,20,1,6,1,<>,battle_bgm.mp3,battle/scene/bg_xcdg.jpg,config/big_hero/normal/img_95_dysl@.png,{y=70;x=0},238,,1,22801,<{key=1;value=1};{key=2;value=2};{key=3;value=14}>,1260,1231,1231,,,,9999,12,80,12,{100=0;20601=0;5000=0},725,请时刻关注精灵们的闲言碎语,,,404404,항상 포켓몬들이 잡다한 얘기를 귀담아들으세요,{},{},,{502=1;850=180;talent_point=1},{851=80;502=1;talent_point=2},0,{},{y=898;x=576},,<<0;0>>,{},,FALSE,0,{}
32901,焰摩镇,焰摩镇,Flamora Town,Thị trấn Flamora,염마 마을,Vila Flamora,เมืองเฟลมโมรา,,<{level=1280;unitId=53561;advance=70};{level=1280;unitId=60761;advance=70};{level=1280;unitId=51392;advance=70};{level=1280;unitId=61313;advance=70};{level=1280;unitId=60541;advance=70}>,<{level=1280;unitId=260066;advance=70}>,config/portrait/jinglingtouxiang1/img_212_jqtl@.png,1,6,2,20,1,6,1,<>,battle_bgm.mp3,battle/scene/bg_xcdg.jpg,config/big_hero/normal/img_212_jqtl@.png,{y=70;x=0},239,,1,22901,<{key=1;value=1};{key=2;value=2};{key=3;value=14}>,1280,1241,1241,,,,9999,12,80,12,{5000=0;100=0;20011=0},725,上阵冰、龙、恶属性的精灵会额外提升10%物攻和特攻,上陣冰、龍、惡屬性的精靈會額外提升10%物攻和特攻,"Pokémons with ice, dragon, and evil attributes will gain an additional 10% physical and special attacks",404404,"얼음, 드래곤, 악마 타입의 포켓몬 출전 시 공격 및 특수 공격이 추가로 10% 증가한다",{},{},,{502=1;850=180;talent_point=1},{851=80;502=1;talent_point=2},0,{},{y=246;x=1822},,<<0;0>>,{},,FALSE,0,{}
32902,焰摩镇,焰摩镇,Flamora Town,Thị trấn Flamora,염마 마을,Vila Flamora,เมืองเฟลมโมรา,,<{level=1300;unitId=63631;advance=70};{level=1300;unitId=60464;advance=70};{level=1300;unitId=60592;advance=70};{level=1300;unitId=60231;advance=70};{level=1300;unitId=63281;advance=70}>,<{level=1300;unitId=260067;advance=70}>,config/portrait/jinglingtouxiang1/img_248_bjls@.png,1,6,2,20,1,6,1,<>,battle_bgm.mp3,battle/scene/bg_xcdg.jpg,config/big_hero/normal/img_248_bjls@.png,{y=70;x=0},239,,1,22901,<{key=1;value=1};{key=2;value=2};{key=3;value=14}>,1300,1251,1251,,,,9999,12,80,12,{100=0;20591=0;5000=0},725,上阵毒、地面、火属性的精灵会额外提升10%物攻和特攻,上陣毒、地面、火屬性的精靈會額外提升10%物攻和特攻,"Pokémons with poison, ground, and fire attributes will gain an additional 10% physical and special attacks",404404,"독, 바위, 불꽃 타입의 포켓몬 출전 시 공격 및 특수 공격이 추가로 10% 증가한다",{},{},,{502=1;850=180;talent_point=1},{851=80;502=1;talent_point=2},0,{},{y=519;x=1551},,<<0;0>>,{},,FALSE,0,{}
32903,焰摩镇,焰摩镇,Flamora Town,Thị trấn Flamora,염마 마을,Vila Flamora,เมืองเฟลมโมรา,,<{level=1320;unitId=60273;advance=70};{level=1320;unitId=62821;advance=70};{level=1320;unitId=60301;advance=70};{level=1320;unitId=61901;advance=70};{level=1320;unitId=61442;advance=70}>,<{level=1320;unitId=260068;advance=70}>,config/portrait/jinglingtouxiang1/img_475_alld@.png,1,6,2,20,1,6,1,<>,battle_bgm.mp3,battle/scene/bg_xcdg.jpg,config/big_hero/normal/img_475_alld@.png,{y=70;x=0},239,,1,22901,<{key=1;value=1};{key=2;value=2};{key=3;value=14}>,1320,1261,1261,,,,9999,12,80,12,{20051=0;100=0;5000=0},725,上阵草、电、冰属性的精灵会额外提升10%物攻和特攻,上陣草、電、冰屬性的精靈會額外提升10%物攻和特攻,"Pokémons with grass, electricity, and ice attributes will gain an additional 10% physical and special attacks.",404404,"독, 땅, 불꽃 타입의 포켓몬 출전 시 공격 및 특수 공격이 추가로 10% 증가한다",{},{},,{502=1;850=180;talent_point=1},{851=80;502=1;talent_point=2},0,{},{y=960;x=1733},,<<0;0>>,{},,FALSE,0,{}
32904,焰摩镇,焰摩镇,Flamora Town,Thị trấn Flamora,염마 마을,Vila Flamora,เมืองเฟลมโมรา,,<{level=1340;unitId=60753;advance=70};{level=1340;unitId=60101;advance=70};{level=1340;unitId=61503;advance=70};{level=1340;unitId=60043;advance=70};{level=1340;unitId=60002;advance=70}>,<{level=1340;unitId=260069;advance=70}>,config/portrait/jinglingtouxiang1/img_461_mnl@.png,1,6,2,20,1,6,1,<>,battle_bgm.mp3,battle/scene/bg_xcdg.jpg,config/big_hero/normal/img_461_mnl@.png,{y=70;x=0},239,,1,22901,<{key=1;value=1};{key=2;value=2};{key=3;value=14}>,1340,1271,1271,,,,9999,12,80,12,{20881=0;100=0;5000=0},725,上阵冰、龙、妖精属性的精灵会额外提升10%物攻和特攻,上陣冰、龍、妖精屬性的精靈會額外提升10%物攻和特攻,"Pokémons with ice, dragon, and goblin attributes will gain an additional 10% physical and special attacks",404404,"얼음, 드래곤, 요정 타입의 포켓몬 출전 시 공격 및 특수 공격이 추가로 10% 증가한다",{},{},,{502=1;850=180;talent_point=1},{851=80;502=1;talent_point=2},0,{},{y=762;x=1060},,<<0;0>>,{},,FALSE,0,{}
32905,焰摩镇,焰摩镇,Flamora Town,Thị trấn Flamora,염마 마을,Vila Flamora,เมืองเฟลมโมรา,,<{level=1360;unitId=70021;advance=70};{level=1360;unitId=70482;advance=70};{level=1360;unitId=72873;advance=70};{level=1360;unitId=71901;advance=70};{level=1360;unitId=70372;advance=70}>,<{level=1360;unitId=260070;advance=70}>,config/portrait/jinglingtouxiang1/img_384_lkz@.png,1,6,2,20,1,6,1,<>,battle_bgm.mp3,battle/scene/bg_xcdg.jpg,config/big_hero/normal/img_384_lkz@.png,{y=70;x=0},239,,1,22901,<{key=1;value=1};{key=2;value=2};{key=3;value=14}>,1360,1281,1281,,,,9999,12,80,12,{20391=0;100=0;5000=0},725,请时刻关注精灵们的闲言碎语,請時刻關注精靈們的閒言碎語,Please always pay attention to the gossip of the Pokémons,404404,항상 포켓몬들이 잡다한 얘기를 귀담아들으세요,{},{},,{502=1;850=180;talent_point=1},{851=80;502=1;talent_point=2},0,{},{y=1051;x=680},,<<0;0>>,{},,FALSE,0,{}
33001,冻冻镇,冻冻镇,Frozefield Town,Thị trấn Frozefield,동동 마을,Vila Frozefield,เมืองโฟรซฟิลด์,,<{level=1380;unitId=60463;advance=70};{level=1380;unitId=60482;advance=70};{level=1380;unitId=63353;advance=70};{level=1380;unitId=61393;advance=70};{level=1380;unitId=61841;advance=70}>,<{level=1380;unitId=260071;advance=70}>,config/portrait/jinglingtouxiang1/img_376_jjg@.png,1,6,2,20,1,6,1,<>,battle_bgm.mp3,battle/scene/bg_xcdg.jpg,config/big_hero/normal/img_376_jjg@.png,{y=70;x=0},240,,1,23001,<{key=1;value=1};{key=2;value=2};{key=3;value=14}>,1380,1291,1291,,,,9999,12,80,12,{5000=0;100=0;20021=0},725,上阵冰、龙、恶属性的精灵会额外提升10%物攻和特攻,上陣冰、龍、惡屬性的精靈會額外提升10%物攻和特攻,"Pokémons with ice, dragon, and evil attributes will gain an additional 10% physical and special attacks",404404,"얼음, 드래곤, 악마 타입의 포켓몬 출전 시 공격 및 특수 공격이 추가로 10% 증가한다",{},{},,{502=1;850=180;talent_point=1},{851=80;502=1;talent_point=2},0,{},{y=747;x=2071},,<<0;0>>,{},,FALSE,0,{}
33002,冻冻镇,冻冻镇,Frozefield Town,Thị trấn Frozefield,동동 마을,Vila Frozefield,เมืองโฟรซฟิลด์,,<{level=1400;unitId=62682;advance=70};{level=1400;unitId=60541;advance=70};{level=1400;unitId=61253;advance=70};{level=1400;unitId=61903;advance=70};{level=1400;unitId=60492;advance=70}>,<{level=1400;unitId=260072;advance=70}>,config/portrait/jinglingtouxiang1/img_635_ssel@.png,1,6,2,20,1,6,1,<>,battle_bgm.mp3,battle/scene/bg_xcdg.jpg,config/big_hero/normal/img_635_ssel@.png,{y=70;x=0},240,,1,23001,<{key=1;value=1};{key=2;value=2};{key=3;value=14}>,1400,1301,1301,,,,9999,12,80,12,{100=0;20571=0;5000=0},725,上阵毒、地面、火属性的精灵会额外提升10%物攻和特攻,上陣毒、地面、火屬性的精靈會額外提升10%物攻和特攻,"Pokémons with poison, ground, and fire attributes will gain an additional 10% physical and special attacks",404404,"독, 바위, 불꽃 타입의 포켓몬 출전 시 공격 및 특수 공격이 추가로 10% 증가한다",{},{},,{502=1;850=180;talent_point=1},{851=80;502=1;talent_point=2},0,{},{y=349;x=1417},,<<0;0>>,{},,FALSE,0,{}
33003,冻冻镇,冻冻镇,Frozefield Town,Thị trấn Frozefield,동동 마을,Vila Frozefield,เมืองโฟรซฟิลด์,,<{level=1420;unitId=63341;advance=70};{level=1420;unitId=61391;advance=70};{level=1420;unitId=61251;advance=70};{level=1420;unitId=61271;advance=70};{level=1420;unitId=60122;advance=70}>,<{level=1420;unitId=260073;advance=70}>,config/portrait/jinglingtouxiang1/img_151_mh@.png,1,6,2,20,1,6,1,<>,battle_bgm.mp3,battle/scene/bg_xcdg.jpg,config/big_hero/normal/img_151_mh@.png,{y=70;x=0},240,,1,23001,<{key=1;value=1};{key=2;value=2};{key=3;value=14}>,1420,1311,1311,,,,9999,12,80,12,{5000=0;100=0;20271=0},725,上阵草、电、冰属性的精灵会额外提升10%物攻和特攻,上陣草、電、冰屬性的精靈會額外提升10%物攻和特攻,"Pokémons with grass, electricity, and ice attributes will gain an additional 10% physical and special attacks.",404404,"독, 땅, 불꽃 타입의 포켓몬 출전 시 공격 및 특수 공격이 추가로 10% 증가한다",{},{},,{502=1;850=180;talent_point=1},{851=80;502=1;talent_point=2},0,{},{y=549;x=625},,<<0;0>>,{},,FALSE,0,{}
33004,冻冻镇,冻冻镇,Frozefield Town,Thị trấn Frozefield,동동 마을,Vila Frozefield,เมืองโฟรซฟิลด์,,<{level=1440;unitId=60091;advance=70};{level=1440;unitId=60051;advance=70};{level=1440;unitId=61221;advance=70};{level=1440;unitId=63561;advance=70}>,<{level=1440;unitId=260074;advance=70}>,config/portrait/jinglingtouxiang1/img_94_gg@.png,1,6,2,20,1,6,1,<>,battle_bgm.mp3,battle/scene/bg_xcdg.jpg,config/big_hero/normal/img_94_gg@.png,{y=70;x=0},240,,1,23001,<{key=1;value=1};{key=2;value=2};{key=3;value=14}>,1440,1321,1321,,,,9999,12,80,12,{20281=0;100=0;5000=0},725,上阵冰、龙、妖精属性的精灵会额外提升10%物攻和特攻,上陣冰、龍、妖精屬性的精靈會額外提升10%物攻和特攻,"Pokémons with ice, dragon, and goblin attributes will gain an additional 10% physical and special attacks",404404,"얼음, 드래곤, 요정 타입의 포켓몬 출전 시 공격 및 특수 공격이 추가로 10% 증가한다",{},{},,{502=1;850=180;talent_point=1},{851=80;502=1;talent_point=2},0,{},{y=942;x=971},,<<0;0>>,{},,FALSE,0,{}
33005,冻冻镇,冻冻镇,Frozefield Town,Thị trấn Frozefield,동동 마을,Vila Frozefield,เมืองโฟรซฟิลด์,,<{level=1460;unitId=71394;advance=70};{level=1460;unitId=71423;advance=70};{level=1460;unitId=70463;advance=70};{level=1460;unitId=181971;advance=70};{level=1460;unitId=180753;advance=70}>,<{level=1460;unitId=260075;advance=70}>,config/portrait/jinglingtouxiang1/img_150_cm@.png,1,6,2,20,1,6,1,<>,battle_bgm.mp3,battle/scene/bg_xcdg.jpg,config/big_hero/normal/img_150_cm@.png,{y=70;x=0},240,,1,23001,<{key=1;value=1};{key=2;value=2};{key=3;value=14}>,1460,1331,1331,,,,9999,12,80,12,{100=0;20601=0;5000=0},725,请时刻关注精灵们的闲言碎语,請時刻關注精靈們的閒言碎語,Please always pay attention to the gossip of the Pokémons,404404,항상 포켓몬들이 잡다한 얘기를 귀담아들으세요,{},{},,{502=1;850=180;talent_point=1},{851=80;502=1;talent_point=2},0,{},{y=1066;x=1302},,<<0;0>>,{},,FALSE,0,{}
33101,宴宿镇,宴宿镇,Festa Town,Thị trấn Festa,연숙 마을,Vila Festa,เมืองเฟสต้า,,<{level=1480;unitId=60372;advance=70};{level=1480;unitId=63281;advance=70};{level=1480;unitId=60113;advance=70};{level=1480;unitId=60593;advance=70};{level=1480;unitId=60002;advance=70}>,<{level=1480;unitId=70753;advance=70}>,config/portrait/jinglingtouxiang1/img_149_kl@.png,1,6,2,20,1,6,1,<>,battle_bgm.mp3,battle/scene/bg_xcdg.jpg,config/big_hero/normal/img_149_kl@.png,{y=70;x=0},241,,1,23101,<{key=1;value=1};{key=2;value=2};{key=3;value=14}>,1480,1341,1341,,,,9999,12,80,12,{5000=0;100=0;20021=0},725,上阵冰、龙、恶属性的精灵会额外提升10%物攻和特攻,上陣冰、龍、惡屬性的精靈會額外提升10%物攻和特攻,"Pokémons with ice, dragon, and evil attributes will gain an additional 10% physical and special attacks",404404,"얼음, 드래곤, 악마 타입의 포켓몬 출전 시 공격 및 특수 공격이 추가로 10% 증가한다",{},{},,{502=1;850=180;talent_point=1},{851=80;502=1;talent_point=2},0,{},{y=267;x=1365},,<<0;0>>,{},,FALSE,0,{}
33102,宴宿镇,宴宿镇,Festa Town,Thị trấn Festa,연숙 마을,Vila Festa,เมืองเฟสต้า,,<{level=1500;unitId=61423;advance=70};{level=1500;unitId=60392;advance=70};{level=1500;unitId=61891;advance=70};{level=1500;unitId=61293;advance=70};{level=1500;unitId=60172;advance=70}>,<{level=1500;unitId=71921;advance=70}>,config/portrait/jinglingtouxiang1/img_378_ljas@.png,1,6,2,20,1,6,1,<>,battle_bgm.mp3,battle/scene/bg_xcdg.jpg,config/big_hero/normal/img_378_ljas@.png,{y=70;x=0},241,,1,23101,<{key=1;value=1};{key=2;value=2};{key=3;value=14}>,1500,1351,1351,,,,9999,12,80,12,{100=0;20571=0;5000=0},725,上阵毒、地面、火属性的精灵会额外提升10%物攻和特攻,上陣毒、地面、火屬性的精靈會額外提升10%物攻和特攻,"Pokémons with poison, ground, and fire attributes will gain an additional 10% physical and special attacks",404404,"독, 바위, 불꽃 타입의 포켓몬 출전 시 공격 및 특수 공격이 추가로 10% 증가한다",{},{},,{502=1;850=180;talent_point=1},{851=80;502=1;talent_point=2},0,{},{y=426;x=661},,<<0;0>>,{},,FALSE,0,{}
33103,宴宿镇,宴宿镇,Festa Town,Thị trấn Festa,연숙 마을,Vila Festa,เมืองเฟสต้า,,<{level=1520;unitId=60802;advance=70};{level=1520;unitId=62241;advance=70};{level=1520;unitId=60792;advance=70};{level=1520;unitId=62271;advance=70};{level=1520;unitId=60793;advance=70}>,<{level=1520;unitId=72993;advance=70}>,config/portrait/jinglingtouxiang1/img_609_sjdhl@.png,1,6,2,20,1,6,1,<>,battle_bgm.mp3,battle/scene/bg_xcdg.jpg,config/big_hero/normal/img_609_sjdhl@.png,{y=70;x=0},241,,1,23101,<{key=1;value=1};{key=2;value=2};{key=3;value=14}>,1520,1361,1361,,,,9999,12,80,12,{5000=0;100=0;20271=0},725,上阵草、电、冰属性的精灵会额外提升10%物攻和特攻,上陣草、電、冰屬性的精靈會額外提升10%物攻和特攻,"Pokémons with grass, electricity, and ice attributes will gain an additional 10% physical and special attacks.",404404,"독, 땅, 불꽃 타입의 포켓몬 출전 시 공격 및 특수 공격이 추가로 10% 증가한다",{},{},,{502=1;850=180;talent_point=1},{851=80;502=1;talent_point=2},0,{},{y=859;x=999},,<<0;0>>,{},,FALSE,0,{}
33104,宴宿镇,宴宿镇,Festa Town,Thị trấn Festa,연숙 마을,Vila Festa,เมืองเฟสต้า,,<{level=1540;unitId=60013;advance=70};{level=1540;unitId=60781;advance=70};{level=1540;unitId=63543;advance=70};{level=1540;unitId=61503;advance=70};{level=1540;unitId=62871;advance=70}>,<{level=1540;unitId=71271;advance=70}>,config/portrait/jinglingtouxiang1/img_250_fw@.png,1,6,2,20,1,6,1,<>,battle_bgm.mp3,battle/scene/bg_xcdg.jpg,config/big_hero/normal/img_250_fw@.png,{y=70;x=0},241,,1,23101,<{key=1;value=1};{key=2;value=2};{key=3;value=14}>,1540,1371,1371,,,,9999,12,80,12,{20281=0;100=0;5000=0},725,上阵冰、龙、妖精属性的精灵会额外提升10%物攻和特攻,上陣冰、龍、妖精屬性的精靈會額外提升10%物攻和特攻,"Pokémons with ice, dragon, and goblin attributes will gain an additional 10% physical and special attacks",404404,"얼음, 드래곤, 요정 타입의 포켓몬 출전 시 공격 및 특수 공격이 추가로 10% 증가한다",{},{},,{502=1;850=180;talent_point=1},{851=80;502=1;talent_point=2},0,{},{y=462;x=1713},,<<0;0>>,{},,FALSE,0,{}
33105,宴宿镇,宴宿镇,Festa Town,Thị trấn Festa,연숙 마을,Vila Festa,เมืองเฟสต้า,,<{level=1560;unitId=70352;advance=70};{level=1560;unitId=70753;advance=70};{level=1560;unitId=70371;advance=70};{level=1560;unitId=260077;advance=70};{level=1560;unitId=181394;advance=70}>,<{level=1560;unitId=260076;advance=70}>,config/portrait/jinglingtouxiang1/img_249_lqy@.png,1,6,2,20,1,6,1,<>,battle_bgm.mp3,battle/scene/bg_xcdg.jpg,config/big_hero/normal/img_249_lqy@.png,{y=70;x=0},241,,1,23101,<{key=1;value=1};{key=2;value=2};{key=3;value=14}>,1560,1381,1381,,,,9999,12,80,12,{100=0;20601=0;5000=0},725,请时刻关注精灵们的闲言碎语,請時刻關注精靈們的閒言碎語,Please always pay attention to the gossip of the Pokémons,404404,항상 포켓몬들이 잡다한 얘기를 귀담아들으세요,{},{},,{502=1;850=180;talent_point=1},{851=80;502=1;talent_point=2},0,{},{y=985;x=1461},,<<0;0>>,{},,FALSE,0,{}
33201,白铸镇,白铸镇,Blancast Town,Thị trấn Blancast,백주 마을,Vila Blancast,เมืองบลองคาสต์,,<{level=1580;unitId=62611;advance=70};{level=1580;unitId=61391;advance=70};{level=1580;unitId=63502;advance=70};{level=1580;unitId=60452;advance=70};{level=1580;unitId=62891;advance=70}>,<{level=1580;unitId=73143;advance=70}>,config/portrait/jinglingtouxiang1/img_635_ssel@.png,1,6,2,20,1,6,1,<>,battle_bgm.mp3,battle/scene/bg_xcdg.jpg,config/big_hero/normal/img_635_ssel@.png,{y=70;x=0},242,,1,23201,<{key=1;value=1};{key=2;value=2};{key=3;value=14}>,1580,1391,1391,,,,9999,12,80,12,{5000=0;100=0;20021=0},725,,,,,,{},{},,{502=1;850=180;talent_point=1},{851=80;502=1;talent_point=2},0,{},{y=397;x=463},,<<0;0>>,{},,FALSE,0,{}
33202,白铸镇,白铸镇,Blancast Town,Thị trấn Blancast,백주 마을,Vila Blancast,เมืองบลองคาสต์,,<{level=1600;unitId=60171;advance=70};{level=1600;unitId=60301;advance=70};{level=1600;unitId=60012;advance=70};{level=1600;unitId=61903;advance=70};{level=1600;unitId=60492;advance=70}>,<{level=1600;unitId=71893;advance=70}>,config/portrait/jinglingtouxiang1/img_373_bfl@.png,1,6,2,20,1,6,1,<>,battle_bgm.mp3,battle/scene/bg_xcdg.jpg,config/big_hero/normal/img_373_bfl@.png,{y=70;x=0},242,,1,23201,<{key=1;value=1};{key=2;value=2};{key=3;value=14}>,1600,1401,1401,,,,9999,12,80,12,{100=0;20571=0;5000=0},725,,,,,,{},{},,{502=1;850=180;talent_point=1},{851=80;502=1;talent_point=2},0,{},{y=653;x=752},,<<0;0>>,{},,FALSE,0,{}
33203,白铸镇,白铸镇,Blancast Town,Thị trấn Blancast,백주 마을,Vila Blancast,เมืองบลองคาสต์,,<{level=1620;unitId=60881;advance=70};{level=1620;unitId=60131;advance=70};{level=1620;unitId=60593;advance=70};{level=1620;unitId=60551;advance=70};{level=1620;unitId=62241;advance=70}>,<{level=1620;unitId=70593;advance=70}>,config/portrait/jinglingtouxiang1/img_466_djms@.png,1,6,2,20,1,6,1,<>,battle_bgm.mp3,battle/scene/bg_xcdg.jpg,config/big_hero/normal/img_466_djms@.png,{y=70;x=0},242,,1,23201,<{key=1;value=1};{key=2;value=2};{key=3;value=14}>,1620,1411,1411,,,,9999,12,80,12,{5000=0;100=0;20271=0},725,,,,,,{},{},,{502=1;850=180;talent_point=1},{851=80;502=1;talent_point=2},0,{},{y=348;x=1567},,<<0;0>>,{},,FALSE,0,{}
33204,白铸镇,白铸镇,Blancast Town,Thị trấn Blancast,백주 마을,Vila Blancast,เมืองบลองคาสต์,,<{level=1640;unitId=60601;advance=70};{level=1640;unitId=60262;advance=70};{level=1640;unitId=60592;advance=70};{level=1640;unitId=63003;advance=70};{level=1640;unitId=62483;advance=70}>,<{level=1640;unitId=70753;advance=70}>,config/portrait/jinglingtouxiang1/img_149_kl@.png,1,6,2,20,1,6,1,<>,battle_bgm.mp3,battle/scene/bg_xcdg.jpg,config/big_hero/normal/img_149_kl@.png,{y=70;x=0},242,,1,23201,<{key=1;value=1};{key=2;value=2};{key=3;value=14}>,1640,1421,1421,,,,9999,12,80,12,{20281=0;100=0;5000=0},725,,,,,,{},{},,{502=1;850=180;talent_point=1},{851=80;502=1;talent_point=2},0,{},{y=991;x=1489},,<<0;0>>,{},,FALSE,0,{}
33205,白铸镇,白铸镇,Blancast Town,Thị trấn Blancast,백주 마을,Vila Blancast,เมืองบลองคาสต์,,<{level=1660;unitId=70263;advance=70};{level=1660;unitId=260079;advance=70};{level=1660;unitId=70721;advance=70};{level=1660;unitId=183021;advance=70};{level=1660;unitId=180771;advance=70}>,<{level=1660;unitId=260078;advance=70}>,config/portrait/jinglingtouxiang1/img_445_lyls@.png,1,6,2,20,1,6,1,<>,battle_bgm.mp3,battle/scene/bg_xcdg.jpg,config/big_hero/normal/img_445_lyls@.png,{y=70;x=0},242,,1,23201,<{key=1;value=1};{key=2;value=2};{key=3;value=14}>,1660,1431,1431,,,,9999,12,80,12,{100=0;20601=0;5000=0},725,请时刻关注精灵们的闲言碎语,,,404404,항상 포켓몬들이 잡다한 얘기를 귀담아들으세요,{},{},,{502=1;850=180;talent_point=1},{851=80;502=1;talent_point=2},0,{},{y=743;x=1278},,<<0;0>>,{},,FALSE,0,{}
33301,安溪镇,安溪镇,Anxi Town,Thị trấn Anxi,안계 마을,Vila Anxi,เมืองอันซี,,<{level=1680;unitId=61422;advance=70};{level=1680;unitId=60001;advance=70};{level=1680;unitId=60392;advance=70};{level=1680;unitId=60071;advance=70};{level=1680;unitId=60482;advance=70}>,<{level=1680;unitId=73003;advance=70}>,config/portrait/jinglingtouxiang1/img_612_sfzl@.png,1,6,2,20,1,6,1,<>,battle_bgm.mp3,battle/scene/bg_xcdg.jpg,config/big_hero/normal/img_612_sfzl@.png,{y=70;x=0},243,,1,23301,<{key=1;value=1};{key=2;value=2};{key=3;value=14}>,1680,1441,1441,,,,9999,12,80,12,{5000=0;100=0;20021=0},725,,,,,,{},{},,{502=1;850=180;talent_point=1},{851=80;502=1;talent_point=2},0,{},{y=240;x=1600},,<<0;0>>,{},,FALSE,0,{}
33302,安溪镇,安溪镇,Anxi Town,Thị trấn Anxi,안계 마을,Vila Anxi,เมืองอันซี,,<{level=1700;unitId=60592;advance=70};{level=1700;unitId=60053;advance=70};{level=1700;unitId=60002;advance=70};{level=1700;unitId=60603;advance=70};{level=1700;unitId=60603;advance=70}>,<{level=1700;unitId=71303;advance=70}>,config/portrait/jinglingtouxiang1/img_257_hyj@.png,1,6,2,20,1,6,1,<>,battle_bgm.mp3,battle/scene/bg_xcdg.jpg,config/big_hero/normal/img_257_hyj@.png,{y=70;x=0},243,,1,23301,<{key=1;value=1};{key=2;value=2};{key=3;value=14}>,1700,1451,1451,,,,9999,12,80,12,{100=0;20571=0;5000=0},725,,,,,,{},{},,{502=1;850=180;talent_point=1},{851=80;502=1;talent_point=2},0,{},{y=574;x=790},,<<0;0>>,{},,FALSE,0,{}
33303,安溪镇,安溪镇,Anxi Town,Thị trấn Anxi,안계 마을,Vila Anxi,เมืองอันซี,,<{level=1720;unitId=61902;advance=70};{level=1720;unitId=62482;advance=70};{level=1720;unitId=60592;advance=70};{level=1720;unitId=63472;advance=70};{level=1720;unitId=60492;advance=70}>,<{level=1720;unitId=70094;advance=70}>,config/portrait/jinglingtouxiang1/img_25_xzpkq@.png,1,6,2,20,1,6,1,<>,battle_bgm.mp3,battle/scene/bg_xcdg.jpg,config/big_hero/normal/img_25_xzpkq@.png,{y=70;x=0},243,,1,23301,<{key=1;value=1};{key=2;value=2};{key=3;value=14}>,1720,1461,1461,,,,9999,12,80,12,{5000=0;100=0;20271=0},725,,,,,,{},{},,{502=1;850=180;talent_point=1},{851=80;502=1;talent_point=2},0,{},{y=718;x=1736},,<<0;0>>,{},,FALSE,0,{}
33304,安溪镇,安溪镇,Anxi Town,Thị trấn Anxi,안계 마을,Vila Anxi,เมืองอันซี,,<{level=1740;unitId=60091;advance=70};{level=1740;unitId=60482;advance=70};{level=1740;unitId=61253;advance=70};{level=1740;unitId=60113;advance=70};{level=1740;unitId=60002;advance=70}>,<{level=1740;unitId=71971;advance=70}>,config/portrait/jinglingtouxiang1/img_383_gld@.png,1,6,2,20,1,6,1,<>,battle_bgm.mp3,battle/scene/bg_xcdg.jpg,config/big_hero/normal/img_383_gld@.png,{y=70;x=0},243,,1,23301,<{key=1;value=1};{key=2;value=2};{key=3;value=14}>,1740,1471,1471,,,,9999,12,80,12,{20281=0;100=0;5000=0},725,,,,,,{},{},,{502=1;850=180;talent_point=1},{851=80;502=1;talent_point=2},0,{},{y=944;x=1260},,<<0;0>>,{},,FALSE,0,{}
33305,安溪镇,安溪镇,Anxi Town,Thị trấn Anxi,안계 마을,Vila Anxi,เมืองอันซี,,<{level=1760;unitId=260081;advance=70};{level=1760;unitId=260082;advance=70};{level=1760;unitId=260083;advance=70};{level=1760;unitId=260084;advance=70};{level=1760;unitId=260085;advance=70}>,<{level=1760;unitId=260080;advance=70}>,config/portrait/jinglingtouxiang1/img_95_dysl@.png,1,6,2,20,1,6,1,<>,battle_bgm.mp3,battle/scene/bg_xcdg.jpg,config/big_hero/normal/img_95_dysl@.png,{y=70;x=0},243,,1,23301,<{key=1;value=1};{key=2;value=2};{key=3;value=14}>,1760,1481,1481,,,,9999,12,80,12,{100=0;20601=0;5000=0},725,请时刻关注精灵们的闲言碎语,,,404404,항상 포켓몬들이 잡다한 얘기를 귀담아들으세요,{},{},,{502=1;850=180;talent_point=1},{851=80;502=1;talent_point=2},0,{},{y=898;x=576},,<<0;0>>,{},,FALSE,0,{}
33401,橙花学院,橙花学院,Naranja Academy,Học viện Naranja,오렌지아카데미,Academia Laranja,สถาบันอคาเดมีส้ม,,<{level=700;unitId=61253;advance=70};{level=700;unitId=60191;advance=70};{level=700;unitId=60791;advance=70};{level=700;unitId=60132;advance=70};{level=700;unitId=60471;advance=70}>,<{level=700;unitId=260060;advance=70}>,config/portrait/jinglingtouxiang1/img_671_hjfr@.png,1,6,2,20,1,6,1,<>,battle_bgm.mp3,battle/scene/bg_xcdg.jpg,config/big_hero/normal/img_671_hjfr@.png,{y=70;x=0},244,,1,23401,<{key=1;value=1};{key=2;value=2};{key=3;value=11}>,700,951,951,,,,9999,12,80,12,{100=0;20591=0;5000=0},725,上阵格斗、虫、妖精属性的精灵会额外提升10%物攻和特攻,上陣格鬥、蟲、妖精屬性的精靈會額外提升10%物攻和特攻,"Pokémons with combat, insect, and goblin attributes will gain an additional 10% physical and special attacks",404404,"격투, 벌레, 요정 타입의 포켓몬 출전 시 공격 및 특수 공격이 추가로 10% 증가한다",{},{},,{502=1;850=180;talent_point=1},{851=80;502=1;talent_point=2},0,{},{y=642;x=715},,<<0;0>>,{},,FALSE,0,{}
33402,橙花学院,橙花学院,Naranja Academy,Học viện Naranja,오렌지아카데미,Academia Laranja,สถาบันอคาเดมีส้ม,,<{level=720;unitId=61442;advance=70};{level=720;unitId=61443;advance=70};{level=720;unitId=62631;advance=70};{level=720;unitId=63351;advance=70};{level=720;unitId=60464;advance=70}>,<{level=720;unitId=260061;advance=70}>,config/portrait/jinglingtouxiang1/img_658_jhrw@.png,1,6,2,20,1,6,1,<>,battle_bgm.mp3,battle/scene/bg_xcdg.jpg,config/big_hero/normal/img_658_jhrw@.png,{y=70;x=0},244,,1,23401,<{key=1;value=1};{key=2;value=2};{key=3;value=12}>,720,961,961,,,,9999,12,80,12,{100=0;20591=0;5000=0},725,上阵地面、岩石、水属性的精灵会额外提升10%物攻和特攻,上陣地面、岩石、水屬性的精靈會額外提升10%物攻和特攻,"Pokémons in the ground, rock, and water attributes will gain an additional 10% physical and special attacks",404404,"땅, 바위, 물 타입의 포켓몬 출전 시 공격 및 특수 공격이 추가로 10% 증가한다",{},{},,{502=1;850=180;talent_point=1},{851=80;502=1;talent_point=2},0,{},{y=489;x=1452},,<<0;0>>,{},,FALSE,0,{}
33403,橙花学院,橙花学院,Naranja Academy,Học viện Naranja,오렌지아카데미,Academia Laranja,สถาบันอคาเดมีส้ม,,<{level=740;unitId=60062;advance=70};{level=740;unitId=60131;advance=70};{level=740;unitId=63352;advance=70};{level=740;unitId=60492;advance=70};{level=740;unitId=60741;advance=70}>,<{level=740;unitId=260062;advance=70}>,config/portrait/jinglingtouxiang1/img_706_nml@.png,1,6,2,20,1,6,1,<>,battle_bgm.mp3,battle/scene/bg_xcdg.jpg,config/big_hero/normal/img_706_nml@.png,{y=70;x=0},244,,1,23401,<{key=1;value=1};{key=2;value=2};{key=3;value=13}>,740,971,971,,,,9999,12,80,12,{100=0;20591=0;5000=0},725,上阵冰、龙、妖精属性的精灵会额外提升10%物攻和特攻,上陣冰、龍、妖精屬性的精靈會額外提升10%物攻和特攻,"Pokémons with ice, dragon, and goblin attributes will gain an additional 10% physical and special attacks",404404,"얼음, 드래곤, 요정 타입의 포켓몬 출전 시 공격 및 특수 공격이 추가로 10% 증가한다",{},{},,{502=1;850=180;talent_point=1},{851=80;502=1;talent_point=2},0,{},{y=793;x=1783},,<<0;0>>,{},,FALSE,0,{}
33404,橙花学院,橙花学院,Naranja Academy,Học viện Naranja,오렌지아카데미,Academia Laranja,สถาบันอคาเดมีส้ม,,<{level=760;unitId=70171;advance=70};{level=760;unitId=70301;advance=70};{level=760;unitId=70012;advance=70};{level=760;unitId=260064;advance=70};{level=760;unitId=260065;advance=70}>,<{level=760;unitId=260063;advance=70}>,config/portrait/jinglingtouxiang1/img_373_bfl@.png,1,6,2,20,1,6,1,<>,battle_bgm.mp3,battle/scene/bg_xcdg.jpg,config/big_hero/normal/img_373_bfl@.png,{y=70;x=0},244,,1,23401,<{key=1;value=1};{key=2;value=2};{key=3;value=14}>,760,981,981,,,,9999,12,80,12,{100=0;20591=0;5000=0},725,请时刻关注精灵们的闲言碎语,請時刻關注精靈們的閒言碎語,Please always pay attention to the gossip of the Pokémons,404404,항상 포켓몬들이 잡다한 얘기를 귀담아들으세요,{},{},,{502=1;850=180;talent_point=1},{851=80;502=1;talent_point=2},0,{},{y=1089;x=1390},,<<0;0>>,{},,FALSE,0,{}
33501,橙华镇,橙华镇,Petalburg City,Thành phố Petalburg,등화도시,Cidade de Petalburg,เมืองโทกะ,,<{level=780;unitId=53561;advance=70};{level=780;unitId=60761;advance=70};{level=780;unitId=51392;advance=70};{level=780;unitId=61313;advance=70};{level=780;unitId=60541;advance=70}>,<{level=780;unitId=260066;advance=70}>,config/portrait/jinglingtouxiang1/img_212_jqtl@.png,1,6,2,20,1,6,1,<>,battle_bgm.mp3,battle/scene/bg_xcdg.jpg,config/big_hero/normal/img_212_jqtl@.png,{y=70;x=0},245,,1,23501,<{key=1;value=1};{key=2;value=2};{key=3;value=14}>,780,991,991,,,,9999,12,80,12,{5000=0;100=0;20011=0},725,上阵冰、龙、恶属性的精灵会额外提升10%物攻和特攻,上陣冰、龍、惡屬性的精靈會額外提升10%物攻和特攻,"Pokémons with ice, dragon, and evil attributes will gain an additional 10% physical and special attacks",404404,"얼음, 드래곤, 악마 타입의 포켓몬 출전 시 공격 및 특수 공격이 추가로 10% 증가한다",{},{},,{502=1;850=180;talent_point=1},{851=80;502=1;talent_point=2},0,{},{y=246;x=1822},,<<0;0>>,{},,FALSE,0,{}
33502,橙华镇,橙华镇,Petalburg City,Thành phố Petalburg,등화도시,Cidade de Petalburg,เมืองโทกะ,,<{level=800;unitId=63631;advance=70};{level=800;unitId=60464;advance=70};{level=800;unitId=60592;advance=70};{level=800;unitId=60231;advance=70};{level=800;unitId=63281;advance=70}>,<{level=800;unitId=260067;advance=70}>,config/portrait/jinglingtouxiang1/img_248_bjls@.png,1,6,2,20,1,6,1,<>,battle_bgm.mp3,battle/scene/bg_xcdg.jpg,config/big_hero/normal/img_248_bjls@.png,{y=70;x=0},245,,1,23501,<{key=1;value=1};{key=2;value=2};{key=3;value=14}>,800,1001,1001,,,,9999,12,80,12,{100=0;20591=0;5000=0},725,上阵毒、地面、火属性的精灵会额外提升10%物攻和特攻,上陣毒、地面、火屬性的精靈會額外提升10%物攻和特攻,"Pokémons with poison, ground, and fire attributes will gain an additional 10% physical and special attacks",404404,"독, 바위, 불꽃 타입의 포켓몬 출전 시 공격 및 특수 공격이 추가로 10% 증가한다",{},{},,{502=1;850=180;talent_point=1},{851=80;502=1;talent_point=2},0,{},{y=519;x=1551},,<<0;0>>,{},,FALSE,0,{}
33503,橙华镇,橙华镇,Petalburg City,Thành phố Petalburg,등화도시,Cidade de Petalburg,เมืองโทกะ,,<{level=820;unitId=60273;advance=70};{level=820;unitId=62821;advance=70};{level=820;unitId=60301;advance=70};{level=820;unitId=61901;advance=70};{level=820;unitId=61442;advance=70}>,<{level=820;unitId=260068;advance=70}>,config/portrait/jinglingtouxiang1/img_475_alld@.png,1,6,2,20,1,6,1,<>,battle_bgm.mp3,battle/scene/bg_xcdg.jpg,config/big_hero/normal/img_475_alld@.png,{y=70;x=0},245,,1,23501,<{key=1;value=1};{key=2;value=2};{key=3;value=14}>,820,1011,1011,,,,9999,12,80,12,{20051=0;100=0;5000=0},725,上阵草、电、冰属性的精灵会额外提升10%物攻和特攻,上陣草、電、冰屬性的精靈會額外提升10%物攻和特攻,"Pokémons with grass, electricity, and ice attributes will gain an additional 10% physical and special attacks.",404404,"독, 땅, 불꽃 타입의 포켓몬 출전 시 공격 및 특수 공격이 추가로 10% 증가한다",{},{},,{502=1;850=180;talent_point=1},{851=80;502=1;talent_point=2},0,{},{y=960;x=1733},,<<0;0>>,{},,FALSE,0,{}
33504,橙华镇,橙华镇,Petalburg City,Thành phố Petalburg,등화도시,Cidade de Petalburg,เมืองโทกะ,,<{level=840;unitId=60753;advance=70};{level=840;unitId=60101;advance=70};{level=840;unitId=61503;advance=70};{level=840;unitId=60043;advance=70};{level=840;unitId=60002;advance=70}>,<{level=840;unitId=260069;advance=70}>,config/portrait/jinglingtouxiang1/img_461_mnl@.png,1,6,2,20,1,6,1,<>,battle_bgm.mp3,battle/scene/bg_xcdg.jpg,config/big_hero/normal/img_461_mnl@.png,{y=70;x=0},245,,1,23501,<{key=1;value=1};{key=2;value=2};{key=3;value=14}>,840,1021,1021,,,,9999,12,80,12,{20881=0;100=0;5000=0},725,上阵冰、龙、妖精属性的精灵会额外提升10%物攻和特攻,上陣冰、龍、妖精屬性的精靈會額外提升10%物攻和特攻,"Pokémons with ice, dragon, and goblin attributes will gain an additional 10% physical and special attacks",404404,"얼음, 드래곤, 요정 타입의 포켓몬 출전 시 공격 및 특수 공격이 추가로 10% 증가한다",{},{},,{502=1;850=180;talent_point=1},{851=80;502=1;talent_point=2},0,{},{y=762;x=1060},,<<0;0>>,{},,FALSE,0,{}
33505,橙华镇,橙华镇,Petalburg City,Thành phố Petalburg,등화도시,Cidade de Petalburg,เมืองโทกะ,,<{level=860;unitId=70021;advance=70};{level=860;unitId=70482;advance=70};{level=860;unitId=72873;advance=70};{level=860;unitId=71901;advance=70};{level=860;unitId=70372;advance=70}>,<{level=860;unitId=260070;advance=70}>,config/portrait/jinglingtouxiang1/img_384_lkz@.png,1,6,2,20,1,6,1,<>,battle_bgm.mp3,battle/scene/bg_xcdg.jpg,config/big_hero/normal/img_384_lkz@.png,{y=70;x=0},245,,1,23501,<{key=1;value=1};{key=2;value=2};{key=3;value=14}>,860,1031,1031,,,,9999,12,80,12,{20391=0;100=0;5000=0},725,请时刻关注精灵们的闲言碎语,請時刻關注精靈們的閒言碎語,Please always pay attention to the gossip of the Pokémons,404404,항상 포켓몬들이 잡다한 얘기를 귀담아들으세요,{},{},,{502=1;850=180;talent_point=1},{851=80;502=1;talent_point=2},0,{},{y=1051;x=680},,<<0;0>>,{},,FALSE,0,{}
33601,桌台市,桌台市,Mesagoza,Thành phố Mesagoza,테이블시티,Mesagoza,เมืองเทเบิล,,<{level=880;unitId=60463;advance=70};{level=880;unitId=60482;advance=70};{level=880;unitId=63353;advance=70};{level=880;unitId=61393;advance=70};{level=880;unitId=61841;advance=70}>,<{level=880;unitId=260071;advance=70}>,config/portrait/jinglingtouxiang1/img_376_jjg@.png,1,6,2,20,1,6,1,<>,battle_bgm.mp3,battle/scene/bg_xcdg.jpg,config/big_hero/normal/img_376_jjg@.png,{y=70;x=0},246,,1,23601,<{key=1;value=1};{key=2;value=2};{key=3;value=14}>,880,1041,1041,,,,9999,12,80,12,{5000=0;100=0;20021=0},725,上阵冰、龙、恶属性的精灵会额外提升10%物攻和特攻,上陣冰、龍、惡屬性的精靈會額外提升10%物攻和特攻,"Pokémons with ice, dragon, and evil attributes will gain an additional 10% physical and special attacks",404404,"얼음, 드래곤, 악마 타입의 포켓몬 출전 시 공격 및 특수 공격이 추가로 10% 증가한다",{},{},,{502=1;850=180;talent_point=1},{851=80;502=1;talent_point=2},0,{},{y=747;x=2071},,<<0;0>>,{},,FALSE,0,{}
33602,桌台市,桌台市,Mesagoza,Thành phố Mesagoza,테이블시티,Mesagoza,เมืองเทเบิล,,<{level=900;unitId=62682;advance=70};{level=900;unitId=60541;advance=70};{level=900;unitId=61253;advance=70};{level=900;unitId=61903;advance=70};{level=900;unitId=60492;advance=70}>,<{level=900;unitId=260072;advance=70}>,config/portrait/jinglingtouxiang1/img_635_ssel@.png,1,6,2,20,1,6,1,<>,battle_bgm.mp3,battle/scene/bg_xcdg.jpg,config/big_hero/normal/img_635_ssel@.png,{y=70;x=0},246,,1,23601,<{key=1;value=1};{key=2;value=2};{key=3;value=14}>,900,1051,1051,,,,9999,12,80,12,{100=0;20571=0;5000=0},725,上阵毒、地面、火属性的精灵会额外提升10%物攻和特攻,上陣毒、地面、火屬性的精靈會額外提升10%物攻和特攻,"Pokémons with poison, ground, and fire attributes will gain an additional 10% physical and special attacks",404404,"독, 바위, 불꽃 타입의 포켓몬 출전 시 공격 및 특수 공격이 추가로 10% 증가한다",{},{},,{502=1;850=180;talent_point=1},{851=80;502=1;talent_point=2},0,{},{y=349;x=1417},,<<0;0>>,{},,FALSE,0,{}
33603,桌台市,桌台市,Mesagoza,Thành phố Mesagoza,테이블시티,Mesagoza,เมืองเทเบิล,,<{level=920;unitId=63341;advance=70};{level=920;unitId=61391;advance=70};{level=920;unitId=61251;advance=70};{level=920;unitId=61271;advance=70};{level=920;unitId=60122;advance=70}>,<{level=920;unitId=260073;advance=70}>,config/portrait/jinglingtouxiang1/img_151_mh@.png,1,6,2,20,1,6,1,<>,battle_bgm.mp3,battle/scene/bg_xcdg.jpg,config/big_hero/normal/img_151_mh@.png,{y=70;x=0},246,,1,23601,<{key=1;value=1};{key=2;value=2};{key=3;value=14}>,920,1061,1061,,,,9999,12,80,12,{5000=0;100=0;20271=0},725,上阵草、电、冰属性的精灵会额外提升10%物攻和特攻,上陣草、電、冰屬性的精靈會額外提升10%物攻和特攻,"Pokémons with grass, electricity, and ice attributes will gain an additional 10% physical and special attacks.",404404,"독, 땅, 불꽃 타입의 포켓몬 출전 시 공격 및 특수 공격이 추가로 10% 증가한다",{},{},,{502=1;850=180;talent_point=1},{851=80;502=1;talent_point=2},0,{},{y=549;x=625},,<<0;0>>,{},,FALSE,0,{}
33604,桌台市,桌台市,Mesagoza,Thành phố Mesagoza,테이블시티,Mesagoza,เมืองเทเบิล,,<{level=940;unitId=60091;advance=70};{level=940;unitId=60051;advance=70};{level=940;unitId=61221;advance=70};{level=940;unitId=63561;advance=70}>,<{level=940;unitId=260074;advance=70}>,config/portrait/jinglingtouxiang1/img_94_gg@.png,1,6,2,20,1,6,1,<>,battle_bgm.mp3,battle/scene/bg_xcdg.jpg,config/big_hero/normal/img_94_gg@.png,{y=70;x=0},246,,1,23601,<{key=1;value=1};{key=2;value=2};{key=3;value=14}>,940,1071,1071,,,,9999,12,80,12,{20281=0;100=0;5000=0},725,上阵冰、龙、妖精属性的精灵会额外提升10%物攻和特攻,上陣冰、龍、妖精屬性的精靈會額外提升10%物攻和特攻,"Pokémons with ice, dragon, and goblin attributes will gain an additional 10% physical and special attacks",404404,"얼음, 드래곤, 요정 타입의 포켓몬 출전 시 공격 및 특수 공격이 추가로 10% 증가한다",{},{},,{502=1;850=180;talent_point=1},{851=80;502=1;talent_point=2},0,{},{y=942;x=971},,<<0;0>>,{},,FALSE,0,{}
33605,桌台市,桌台市,Mesagoza,Thành phố Mesagoza,테이블시티,Mesagoza,เมืองเทเบิล,,<{level=960;unitId=71394;advance=70};{level=960;unitId=71423;advance=70};{level=960;unitId=70463;advance=70};{level=960;unitId=181971;advance=70};{level=960;unitId=180753;advance=70}>,<{level=960;unitId=260075;advance=70}>,config/portrait/jinglingtouxiang1/img_150_cm@.png,1,6,2,20,1,6,1,<>,battle_bgm.mp3,battle/scene/bg_xcdg.jpg,config/big_hero/normal/img_150_cm@.png,{y=70;x=0},246,,1,23601,<{key=1;value=1};{key=2;value=2};{key=3;value=14}>,960,1081,1081,,,,9999,12,80,12,{100=0;20601=0;5000=0},725,请时刻关注精灵们的闲言碎语,請時刻關注精靈們的閒言碎語,Please always pay attention to the gossip of the Pokémons,404404,항상 포켓몬들이 잡다한 얘기를 귀담아들으세요,{},{},,{502=1;850=180;talent_point=1},{851=80;502=1;talent_point=2},0,{},{y=1066;x=1302},,<<0;0>>,{},,FALSE,0,{}
33701,水影镇,水影镇,Watervue Town,Thị trấn Watervue,수영 마을,Vila Watervue,เมืองวอเตอร์วู,,<{level=980;unitId=60372;advance=70};{level=980;unitId=63281;advance=70};{level=980;unitId=60113;advance=70};{level=980;unitId=60593;advance=70};{level=980;unitId=60002;advance=70}>,<{level=980;unitId=70753;advance=70}>,config/portrait/jinglingtouxiang1/img_149_kl@.png,1,6,2,20,1,6,1,<>,battle_bgm.mp3,battle/scene/bg_xcdg.jpg,config/big_hero/normal/img_149_kl@.png,{y=70;x=0},247,,1,23701,<{key=1;value=1};{key=2;value=2};{key=3;value=14}>,980,1091,1091,,,,9999,12,80,12,{5000=0;100=0;20021=0},725,上阵冰、龙、恶属性的精灵会额外提升10%物攻和特攻,上陣冰、龍、惡屬性的精靈會額外提升10%物攻和特攻,"Pokémons with ice, dragon, and evil attributes will gain an additional 10% physical and special attacks",404404,"얼음, 드래곤, 악마 타입의 포켓몬 출전 시 공격 및 특수 공격이 추가로 10% 증가한다",{},{},,{502=1;850=180;talent_point=1},{851=80;502=1;talent_point=2},0,{},{y=267;x=1365},,<<0;0>>,{},,FALSE,0,{}
33702,水影镇,水影镇,Watervue Town,Thị trấn Watervue,수영 마을,Vila Watervue,เมืองวอเตอร์วู,,<{level=1000;unitId=61423;advance=70};{level=1000;unitId=60392;advance=70};{level=1000;unitId=61891;advance=70};{level=1000;unitId=61293;advance=70};{level=1000;unitId=60172;advance=70}>,<{level=1000;unitId=71921;advance=70}>,config/portrait/jinglingtouxiang1/img_378_ljas@.png,1,6,2,20,1,6,1,<>,battle_bgm.mp3,battle/scene/bg_xcdg.jpg,config/big_hero/normal/img_378_ljas@.png,{y=70;x=0},247,,1,23701,<{key=1;value=1};{key=2;value=2};{key=3;value=14}>,1000,1101,1101,,,,9999,12,80,12,{100=0;20571=0;5000=0},725,上阵毒、地面、火属性的精灵会额外提升10%物攻和特攻,上陣毒、地面、火屬性的精靈會額外提升10%物攻和特攻,"Pokémons with poison, ground, and fire attributes will gain an additional 10% physical and special attacks",404404,"독, 바위, 불꽃 타입의 포켓몬 출전 시 공격 및 특수 공격이 추가로 10% 증가한다",{},{},,{502=1;850=180;talent_point=1},{851=80;502=1;talent_point=2},0,{},{y=426;x=661},,<<0;0>>,{},,FALSE,0,{}
33703,水影镇,水影镇,Watervue Town,Thị trấn Watervue,수영 마을,Vila Watervue,เมืองวอเตอร์วู,,<{level=1020;unitId=60802;advance=70};{level=1020;unitId=62241;advance=70};{level=1020;unitId=60792;advance=70};{level=1020;unitId=62271;advance=70};{level=1020;unitId=60793;advance=70}>,<{level=1020;unitId=72993;advance=70}>,config/portrait/jinglingtouxiang1/img_609_sjdhl@.png,1,6,2,20,1,6,1,<>,battle_bgm.mp3,battle/scene/bg_xcdg.jpg,config/big_hero/normal/img_609_sjdhl@.png,{y=70;x=0},247,,1,23701,<{key=1;value=1};{key=2;value=2};{key=3;value=14}>,1020,1111,1111,,,,9999,12,80,12,{5000=0;100=0;20271=0},725,上阵草、电、冰属性的精灵会额外提升10%物攻和特攻,上陣草、電、冰屬性的精靈會額外提升10%物攻和特攻,"Pokémons with grass, electricity, and ice attributes will gain an additional 10% physical and special attacks.",404404,"독, 땅, 불꽃 타입의 포켓몬 출전 시 공격 및 특수 공격이 추가로 10% 증가한다",{},{},,{502=1;850=180;talent_point=1},{851=80;502=1;talent_point=2},0,{},{y=859;x=999},,<<0;0>>,{},,FALSE,0,{}
33704,水影镇,水影镇,Watervue Town,Thị trấn Watervue,수영 마을,Vila Watervue,เมืองวอเตอร์วู,,<{level=1040;unitId=60013;advance=70};{level=1040;unitId=60781;advance=70};{level=1040;unitId=63543;advance=70};{level=1040;unitId=61503;advance=70};{level=1040;unitId=62871;advance=70}>,<{level=1040;unitId=71271;advance=70}>,config/portrait/jinglingtouxiang1/img_250_fw@.png,1,6,2,20,1,6,1,<>,battle_bgm.mp3,battle/scene/bg_xcdg.jpg,config/big_hero/normal/img_250_fw@.png,{y=70;x=0},247,,1,23701,<{key=1;value=1};{key=2;value=2};{key=3;value=14}>,1040,1121,1121,,,,9999,12,80,12,{20281=0;100=0;5000=0},725,上阵冰、龙、妖精属性的精灵会额外提升10%物攻和特攻,上陣冰、龍、妖精屬性的精靈會額外提升10%物攻和特攻,"Pokémons with ice, dragon, and goblin attributes will gain an additional 10% physical and special attacks",404404,"얼음, 드래곤, 요정 타입의 포켓몬 출전 시 공격 및 특수 공격이 추가로 10% 증가한다",{},{},,{502=1;850=180;talent_point=1},{851=80;502=1;talent_point=2},0,{},{y=462;x=1713},,<<0;0>>,{},,FALSE,0,{}
33705,水影镇,水影镇,Watervue Town,Thị trấn Watervue,수영 마을,Vila Watervue,เมืองวอเตอร์วู,,<{level=1060;unitId=70352;advance=70};{level=1060;unitId=70753;advance=70};{level=1060;unitId=70371;advance=70};{level=1060;unitId=260077;advance=70};{level=1060;unitId=181394;advance=70}>,<{level=1060;unitId=260076;advance=70}>,config/portrait/jinglingtouxiang1/img_249_lqy@.png,1,6,2,20,1,6,1,<>,battle_bgm.mp3,battle/scene/bg_xcdg.jpg,config/big_hero/normal/img_249_lqy@.png,{y=70;x=0},247,,1,23701,<{key=1;value=1};{key=2;value=2};{key=3;value=14}>,1060,1131,1131,,,,9999,12,80,12,{100=0;20601=0;5000=0},725,请时刻关注精灵们的闲言碎语,請時刻關注精靈們的閒言碎語,Please always pay attention to the gossip of the Pokémons,404404,항상 포켓몬들이 잡다한 얘기를 귀담아들으세요,{},{},,{502=1;850=180;talent_point=1},{851=80;502=1;talent_point=2},0,{},{y=985;x=1461},,<<0;0>>,{},,FALSE,0,{}
33801,烤烟镇,烤烟镇,Tobacoil Town,Thị trấn Tobacoil,고연 마을,Vila Tobacoil,เมืองโทบาโคอิล,,<{level=1080;unitId=62611;advance=70};{level=1080;unitId=61391;advance=70};{level=1080;unitId=63502;advance=70};{level=1080;unitId=60452;advance=70};{level=1080;unitId=62891;advance=70}>,<{level=1080;unitId=73143;advance=70}>,config/portrait/jinglingtouxiang1/img_635_ssel@.png,1,6,2,20,1,6,1,<>,battle_bgm.mp3,battle/scene/bg_xcdg.jpg,config/big_hero/normal/img_635_ssel@.png,{y=70;x=0},248,,1,23801,<{key=1;value=1};{key=2;value=2};{key=3;value=14}>,1080,1141,1141,,,,9999,12,80,12,{5000=0;100=0;20021=0},725,,,,,,{},{},,{502=1;850=180;talent_point=1},{851=80;502=1;talent_point=2},0,{},{y=397;x=463},,<<0;0>>,{},,FALSE,0,{}
33802,烤烟镇,烤烟镇,Tobacoil Town,Thị trấn Tobacoil,고연 마을,Vila Tobacoil,เมืองโทบาโคอิล,,<{level=1100;unitId=60171;advance=70};{level=1100;unitId=60301;advance=70};{level=1100;unitId=60012;advance=70};{level=1100;unitId=61903;advance=70};{level=1100;unitId=60492;advance=70}>,<{level=1100;unitId=71893;advance=70}>,config/portrait/jinglingtouxiang1/img_373_bfl@.png,1,6,2,20,1,6,1,<>,battle_bgm.mp3,battle/scene/bg_xcdg.jpg,config/big_hero/normal/img_373_bfl@.png,{y=70;x=0},248,,1,23801,<{key=1;value=1};{key=2;value=2};{key=3;value=14}>,1100,1151,1151,,,,9999,12,80,12,{100=0;20571=0;5000=0},725,,,,,,{},{},,{502=1;850=180;talent_point=1},{851=80;502=1;talent_point=2},0,{},{y=653;x=752},,<<0;0>>,{},,FALSE,0,{}
33803,烤烟镇,烤烟镇,Tobacoil Town,Thị trấn Tobacoil,고연 마을,Vila Tobacoil,เมืองโทบาโคอิล,,<{level=1120;unitId=60881;advance=70};{level=1120;unitId=60131;advance=70};{level=1120;unitId=60593;advance=70};{level=1120;unitId=60551;advance=70};{level=1120;unitId=62241;advance=70}>,<{level=1120;unitId=70593;advance=70}>,config/portrait/jinglingtouxiang1/img_466_djms@.png,1,6,2,20,1,6,1,<>,battle_bgm.mp3,battle/scene/bg_xcdg.jpg,config/big_hero/normal/img_466_djms@.png,{y=70;x=0},248,,1,23801,<{key=1;value=1};{key=2;value=2};{key=3;value=14}>,1120,1161,1161,,,,9999,12,80,12,{5000=0;100=0;20271=0},725,,,,,,{},{},,{502=1;850=180;talent_point=1},{851=80;502=1;talent_point=2},0,{},{y=348;x=1567},,<<0;0>>,{},,FALSE,0,{}
33804,烤烟镇,烤烟镇,Tobacoil Town,Thị trấn Tobacoil,고연 마을,Vila Tobacoil,เมืองโทบาโคอิล,,<{level=1140;unitId=60601;advance=70};{level=1140;unitId=60262;advance=70};{level=1140;unitId=60592;advance=70};{level=1140;unitId=63003;advance=70};{level=1140;unitId=62483;advance=70}>,<{level=1140;unitId=70753;advance=70}>,config/portrait/jinglingtouxiang1/img_149_kl@.png,1,6,2,20,1,6,1,<>,battle_bgm.mp3,battle/scene/bg_xcdg.jpg,config/big_hero/normal/img_149_kl@.png,{y=70;x=0},248,,1,23801,<{key=1;value=1};{key=2;value=2};{key=3;value=14}>,1140,1171,1171,,,,9999,12,80,12,{20281=0;100=0;5000=0},725,,,,,,{},{},,{502=1;850=180;talent_point=1},{851=80;502=1;talent_point=2},0,{},{y=991;x=1489},,<<0;0>>,{},,FALSE,0,{}
33805,烤烟镇,烤烟镇,Tobacoil Town,Thị trấn Tobacoil,고연 마을,Vila Tobacoil,เมืองโทบาโคอิล,,<{level=1160;unitId=70263;advance=70};{level=1160;unitId=260079;advance=70};{level=1160;unitId=70721;advance=70};{level=1160;unitId=183021;advance=70};{level=1160;unitId=180771;advance=70}>,<{level=1160;unitId=260078;advance=70}>,config/portrait/jinglingtouxiang1/img_445_lyls@.png,1,6,2,20,1,6,1,<>,battle_bgm.mp3,battle/scene/bg_xcdg.jpg,config/big_hero/normal/img_445_lyls@.png,{y=70;x=0},248,,1,23801,<{key=1;value=1};{key=2;value=2};{key=3;value=14}>,1160,1181,1181,,,,9999,12,80,12,{100=0;20601=0;5000=0},725,请时刻关注精灵们的闲言碎语,,,404404,항상 포켓몬들이 잡다한 얘기를 귀담아들으세요,{},{},,{502=1;850=180;talent_point=1},{851=80;502=1;talent_point=2},0,{},{y=743;x=1278},,<<0;0>>,{},,FALSE,0,{}
33901,苍星镇,苍星镇,Azuresky Town,Thị trấn Azuresky,창성 마을,Vila Azuresky,เมืองอะซูรสกาย,,<{level=1180;unitId=61422;advance=70};{level=1180;unitId=60001;advance=70};{level=1180;unitId=60392;advance=70};{level=1180;unitId=60071;advance=70};{level=1180;unitId=60482;advance=70}>,<{level=1180;unitId=73003;advance=70}>,config/portrait/jinglingtouxiang1/img_612_sfzl@.png,1,6,2,20,1,6,1,<>,battle_bgm.mp3,battle/scene/bg_xcdg.jpg,config/big_hero/normal/img_612_sfzl@.png,{y=70;x=0},249,,1,23901,<{key=1;value=1};{key=2;value=2};{key=3;value=14}>,1180,1191,1191,,,,9999,12,80,12,{5000=0;100=0;20021=0},725,,,,,,{},{},,{502=1;850=180;talent_point=1},{851=80;502=1;talent_point=2},0,{},{y=240;x=1600},,<<0;0>>,{},,FALSE,0,{}
33902,苍星镇,苍星镇,Azuresky Town,Thị trấn Azuresky,창성 마을,Vila Azuresky,เมืองอะซูรสกาย,,<{level=1200;unitId=60592;advance=70};{level=1200;unitId=60053;advance=70};{level=1200;unitId=60002;advance=70};{level=1200;unitId=60603;advance=70};{level=1200;unitId=60603;advance=70}>,<{level=1200;unitId=71303;advance=70}>,config/portrait/jinglingtouxiang1/img_257_hyj@.png,1,6,2,20,1,6,1,<>,battle_bgm.mp3,battle/scene/bg_xcdg.jpg,config/big_hero/normal/img_257_hyj@.png,{y=70;x=0},249,,1,23901,<{key=1;value=1};{key=2;value=2};{key=3;value=14}>,1200,1201,1201,,,,9999,12,80,12,{100=0;20571=0;5000=0},725,,,,,,{},{},,{502=1;850=180;talent_point=1},{851=80;502=1;talent_point=2},0,{},{y=574;x=790},,<<0;0>>,{},,FALSE,0,{}
33903,苍星镇,苍星镇,Azuresky Town,Thị trấn Azuresky,창성 마을,Vila Azuresky,เมืองอะซูรสกาย,,<{level=1220;unitId=61902;advance=70};{level=1220;unitId=62482;advance=70};{level=1220;unitId=60592;advance=70};{level=1220;unitId=63472;advance=70};{level=1220;unitId=60492;advance=70}>,<{level=1220;unitId=70094;advance=70}>,config/portrait/jinglingtouxiang1/img_25_xzpkq@.png,1,6,2,20,1,6,1,<>,battle_bgm.mp3,battle/scene/bg_xcdg.jpg,config/big_hero/normal/img_25_xzpkq@.png,{y=70;x=0},249,,1,23901,<{key=1;value=1};{key=2;value=2};{key=3;value=14}>,1220,1211,1211,,,,9999,12,80,12,{5000=0;100=0;20271=0},725,,,,,,{},{},,{502=1;850=180;talent_point=1},{851=80;502=1;talent_point=2},0,{},{y=718;x=1736},,<<0;0>>,{},,FALSE,0,{}
33904,苍星镇,苍星镇,Azuresky Town,Thị trấn Azuresky,창성 마을,Vila Azuresky,เมืองอะซูรสกาย,,<{level=1240;unitId=60091;advance=70};{level=1240;unitId=60482;advance=70};{level=1240;unitId=61253;advance=70};{level=1240;unitId=60113;advance=70};{level=1240;unitId=60002;advance=70}>,<{level=1240;unitId=71971;advance=70}>,config/portrait/jinglingtouxiang1/img_383_gld@.png,1,6,2,20,1,6,1,<>,battle_bgm.mp3,battle/scene/bg_xcdg.jpg,config/big_hero/normal/img_383_gld@.png,{y=70;x=0},249,,1,23901,<{key=1;value=1};{key=2;value=2};{key=3;value=14}>,1240,1221,1221,,,,9999,12,80,12,{20281=0;100=0;5000=0},725,,,,,,{},{},,{502=1;850=180;talent_point=1},{851=80;502=1;talent_point=2},0,{},{y=944;x=1260},,<<0;0>>,{},,FALSE,0,{}
33905,苍星镇,苍星镇,Azuresky Town,Thị trấn Azuresky,창성 마을,Vila Azuresky,เมืองอะซูรสกาย,,<{level=1260;unitId=260081;advance=70};{level=1260;unitId=260082;advance=70};{level=1260;unitId=260083;advance=70};{level=1260;unitId=260084;advance=70};{level=1260;unitId=260085;advance=70}>,<{level=1260;unitId=260080;advance=70}>,config/portrait/jinglingtouxiang1/img_95_dysl@.png,1,6,2,20,1,6,1,<>,battle_bgm.mp3,battle/scene/bg_xcdg.jpg,config/big_hero/normal/img_95_dysl@.png,{y=70;x=0},249,,1,23901,<{key=1;value=1};{key=2;value=2};{key=3;value=14}>,1260,1231,1231,,,,9999,12,80,12,{100=0;20601=0;5000=0},725,请时刻关注精灵们的闲言碎语,,,404404,항상 포켓몬들이 잡다한 얘기를 귀담아들으세요,{},{},,{502=1;850=180;talent_point=1},{851=80;502=1;talent_point=2},0,{},{y=898;x=576},,<<0;0>>,{},,FALSE,0,{}
34001,松针镇,松针镇,Pinetip Town,Thị trấn Pinetip,송침 마을,Vila Pinetip,เมืองไพน์ทิป,,<{level=1280;unitId=53561;advance=70};{level=1280;unitId=60761;advance=70};{level=1280;unitId=51392;advance=70};{level=1280;unitId=61313;advance=70};{level=1280;unitId=60541;advance=70}>,<{level=1280;unitId=260066;advance=70}>,config/portrait/jinglingtouxiang1/img_212_jqtl@.png,1,6,2,20,1,6,1,<>,battle_bgm.mp3,battle/scene/bg_xcdg.jpg,config/big_hero/normal/img_212_jqtl@.png,{y=70;x=0},250,,1,24001,<{key=1;value=1};{key=2;value=2};{key=3;value=14}>,1280,1241,1241,,,,9999,12,80,12,{5000=0;100=0;20011=0},725,上阵冰、龙、恶属性的精灵会额外提升10%物攻和特攻,上陣冰、龍、惡屬性的精靈會額外提升10%物攻和特攻,"Pokémons with ice, dragon, and evil attributes will gain an additional 10% physical and special attacks",404404,"얼음, 드래곤, 악마 타입의 포켓몬 출전 시 공격 및 특수 공격이 추가로 10% 증가한다",{},{},,{502=1;850=180;talent_point=1},{851=80;502=1;talent_point=2},0,{},{y=246;x=1822},,<<0;0>>,{},,FALSE,0,{}
34002,松针镇,松针镇,Pinetip Town,Thị trấn Pinetip,송침 마을,Vila Pinetip,เมืองไพน์ทิป,,<{level=1300;unitId=63631;advance=70};{level=1300;unitId=60464;advance=70};{level=1300;unitId=60592;advance=70};{level=1300;unitId=60231;advance=70};{level=1300;unitId=63281;advance=70}>,<{level=1300;unitId=260067;advance=70}>,config/portrait/jinglingtouxiang1/img_248_bjls@.png,1,6,2,20,1,6,1,<>,battle_bgm.mp3,battle/scene/bg_xcdg.jpg,config/big_hero/normal/img_248_bjls@.png,{y=70;x=0},250,,1,24001,<{key=1;value=1};{key=2;value=2};{key=3;value=14}>,1300,1251,1251,,,,9999,12,80,12,{100=0;20591=0;5000=0},725,上阵毒、地面、火属性的精灵会额外提升10%物攻和特攻,上陣毒、地面、火屬性的精靈會額外提升10%物攻和特攻,"Pokémons with poison, ground, and fire attributes will gain an additional 10% physical and special attacks",404404,"독, 바위, 불꽃 타입의 포켓몬 출전 시 공격 및 특수 공격이 추가로 10% 증가한다",{},{},,{502=1;850=180;talent_point=1},{851=80;502=1;talent_point=2},0,{},{y=519;x=1551},,<<0;0>>,{},,FALSE,0,{}
34003,松针镇,松针镇,Pinetip Town,Thị trấn Pinetip,송침 마을,Vila Pinetip,เมืองไพน์ทิป,,<{level=1320;unitId=60273;advance=70};{level=1320;unitId=62821;advance=70};{level=1320;unitId=60301;advance=70};{level=1320;unitId=61901;advance=70};{level=1320;unitId=61442;advance=70}>,<{level=1320;unitId=260068;advance=70}>,config/portrait/jinglingtouxiang1/img_475_alld@.png,1,6,2,20,1,6,1,<>,battle_bgm.mp3,battle/scene/bg_xcdg.jpg,config/big_hero/normal/img_475_alld@.png,{y=70;x=0},250,,1,24001,<{key=1;value=1};{key=2;value=2};{key=3;value=14}>,1320,1261,1261,,,,9999,12,80,12,{20051=0;100=0;5000=0},725,上阵草、电、冰属性的精灵会额外提升10%物攻和特攻,上陣草、電、冰屬性的精靈會額外提升10%物攻和特攻,"Pokémons with grass, electricity, and ice attributes will gain an additional 10% physical and special attacks.",404404,"독, 땅, 불꽃 타입의 포켓몬 출전 시 공격 및 특수 공격이 추가로 10% 증가한다",{},{},,{502=1;850=180;talent_point=1},{851=80;502=1;talent_point=2},0,{},{y=960;x=1733},,<<0;0>>,{},,FALSE,0,{}
34004,松针镇,松针镇,Pinetip Town,Thị trấn Pinetip,송침 마을,Vila Pinetip,เมืองไพน์ทิป,,<{level=1340;unitId=60753;advance=70};{level=1340;unitId=60101;advance=70};{level=1340;unitId=61503;advance=70};{level=1340;unitId=60043;advance=70};{level=1340;unitId=60002;advance=70}>,<{level=1340;unitId=260069;advance=70}>,config/portrait/jinglingtouxiang1/img_461_mnl@.png,1,6,2,20,1,6,1,<>,battle_bgm.mp3,battle/scene/bg_xcdg.jpg,config/big_hero/normal/img_461_mnl@.png,{y=70;x=0},250,,1,24001,<{key=1;value=1};{key=2;value=2};{key=3;value=14}>,1340,1271,1271,,,,9999,12,80,12,{20881=0;100=0;5000=0},725,上阵冰、龙、妖精属性的精灵会额外提升10%物攻和特攻,上陣冰、龍、妖精屬性的精靈會額外提升10%物攻和特攻,"Pokémons with ice, dragon, and goblin attributes will gain an additional 10% physical and special attacks",404404,"얼음, 드래곤, 요정 타입의 포켓몬 출전 시 공격 및 특수 공격이 추가로 10% 증가한다",{},{},,{502=1;850=180;talent_point=1},{851=80;502=1;talent_point=2},0,{},{y=762;x=1060},,<<0;0>>,{},,FALSE,0,{}
34005,松针镇,松针镇,Pinetip Town,Thị trấn Pinetip,송침 마을,Vila Pinetip,เมืองไพน์ทิป,,<{level=1360;unitId=70021;advance=70};{level=1360;unitId=70482;advance=70};{level=1360;unitId=72873;advance=70};{level=1360;unitId=71901;advance=70};{level=1360;unitId=70372;advance=70}>,<{level=1360;unitId=260070;advance=70}>,config/portrait/jinglingtouxiang1/img_384_lkz@.png,1,6,2,20,1,6,1,<>,battle_bgm.mp3,battle/scene/bg_xcdg.jpg,config/big_hero/normal/img_384_lkz@.png,{y=70;x=0},250,,1,24001,<{key=1;value=1};{key=2;value=2};{key=3;value=14}>,1360,1281,1281,,,,9999,12,80,12,{20391=0;100=0;5000=0},725,请时刻关注精灵们的闲言碎语,請時刻關注精靈們的閒言碎語,Please always pay attention to the gossip of the Pokémons,404404,항상 포켓몬들이 잡다한 얘기를 귀담아들으세요,{},{},,{502=1;850=180;talent_point=1},{851=80;502=1;talent_point=2},0,{},{y=1051;x=680},,<<0;0>>,{},,FALSE,0,{}
34101,湖天城,湖天城,Lacuna City,Thành phố Lacuna,호천성,Cidade de Lacuna,เมืองลาคูนา,,<{level=1380;unitId=60463;advance=70};{level=1380;unitId=60482;advance=70};{level=1380;unitId=63353;advance=70};{level=1380;unitId=61393;advance=70};{level=1380;unitId=61841;advance=70}>,<{level=1380;unitId=260071;advance=70}>,config/portrait/jinglingtouxiang1/img_376_jjg@.png,1,6,2,20,1,6,1,<>,battle_bgm.mp3,battle/scene/bg_xcdg.jpg,config/big_hero/normal/img_376_jjg@.png,{y=70;x=0},251,,1,24101,<{key=1;value=1};{key=2;value=2};{key=3;value=14}>,1380,1291,1291,,,,9999,12,80,12,{5000=0;100=0;20021=0},725,上阵冰、龙、恶属性的精灵会额外提升10%物攻和特攻,上陣冰、龍、惡屬性的精靈會額外提升10%物攻和特攻,"Pokémons with ice, dragon, and evil attributes will gain an additional 10% physical and special attacks",404404,"얼음, 드래곤, 악마 타입의 포켓몬 출전 시 공격 및 특수 공격이 추가로 10% 증가한다",{},{},,{502=1;850=180;talent_point=1},{851=80;502=1;talent_point=2},0,{},{y=747;x=2071},,<<0;0>>,{},,FALSE,0,{}
34102,湖天城,湖天城,Lacuna City,Thành phố Lacuna,호천성,Cidade de Lacuna,เมืองลาคูนา,,<{level=1400;unitId=62682;advance=70};{level=1400;unitId=60541;advance=70};{level=1400;unitId=61253;advance=70};{level=1400;unitId=61903;advance=70};{level=1400;unitId=60492;advance=70}>,<{level=1400;unitId=260072;advance=70}>,config/portrait/jinglingtouxiang1/img_635_ssel@.png,1,6,2,20,1,6,1,<>,battle_bgm.mp3,battle/scene/bg_xcdg.jpg,config/big_hero/normal/img_635_ssel@.png,{y=70;x=0},251,,1,24101,<{key=1;value=1};{key=2;value=2};{key=3;value=14}>,1400,1301,1301,,,,9999,12,80,12,{100=0;20571=0;5000=0},725,上阵毒、地面、火属性的精灵会额外提升10%物攻和特攻,上陣毒、地面、火屬性的精靈會額外提升10%物攻和特攻,"Pokémons with poison, ground, and fire attributes will gain an additional 10% physical and special attacks",404404,"독, 바위, 불꽃 타입의 포켓몬 출전 시 공격 및 특수 공격이 추가로 10% 증가한다",{},{},,{502=1;850=180;talent_point=1},{851=80;502=1;talent_point=2},0,{},{y=349;x=1417},,<<0;0>>,{},,FALSE,0,{}
34103,湖天城,湖天城,Lacuna City,Thành phố Lacuna,호천성,Cidade de Lacuna,เมืองลาคูนา,,<{level=1420;unitId=63341;advance=70};{level=1420;unitId=61391;advance=70};{level=1420;unitId=61251;advance=70};{level=1420;unitId=61271;advance=70};{level=1420;unitId=60122;advance=70}>,<{level=1420;unitId=260073;advance=70}>,config/portrait/jinglingtouxiang1/img_151_mh@.png,1,6,2,20,1,6,1,<>,battle_bgm.mp3,battle/scene/bg_xcdg.jpg,config/big_hero/normal/img_151_mh@.png,{y=70;x=0},251,,1,24101,<{key=1;value=1};{key=2;value=2};{key=3;value=14}>,1420,1311,1311,,,,9999,12,80,12,{5000=0;100=0;20271=0},725,上阵草、电、冰属性的精灵会额外提升10%物攻和特攻,上陣草、電、冰屬性的精靈會額外提升10%物攻和特攻,"Pokémons with grass, electricity, and ice attributes will gain an additional 10% physical and special attacks.",404404,"독, 땅, 불꽃 타입의 포켓몬 출전 시 공격 및 특수 공격이 추가로 10% 증가한다",{},{},,{502=1;850=180;talent_point=1},{851=80;502=1;talent_point=2},0,{},{y=549;x=625},,<<0;0>>,{},,FALSE,0,{}
34104,湖天城,湖天城,Lacuna City,Thành phố Lacuna,호천성,Cidade de Lacuna,เมืองลาคูนา,,<{level=1440;unitId=60091;advance=70};{level=1440;unitId=60051;advance=70};{level=1440;unitId=61221;advance=70};{level=1440;unitId=63561;advance=70}>,<{level=1440;unitId=260074;advance=70}>,config/portrait/jinglingtouxiang1/img_94_gg@.png,1,6,2,20,1,6,1,<>,battle_bgm.mp3,battle/scene/bg_xcdg.jpg,config/big_hero/normal/img_94_gg@.png,{y=70;x=0},251,,1,24101,<{key=1;value=1};{key=2;value=2};{key=3;value=14}>,1440,1321,1321,,,,9999,12,80,12,{20281=0;100=0;5000=0},725,上阵冰、龙、妖精属性的精灵会额外提升10%物攻和特攻,上陣冰、龍、妖精屬性的精靈會額外提升10%物攻和特攻,"Pokémons with ice, dragon, and goblin attributes will gain an additional 10% physical and special attacks",404404,"얼음, 드래곤, 요정 타입의 포켓몬 출전 시 공격 및 특수 공격이 추가로 10% 증가한다",{},{},,{502=1;850=180;talent_point=1},{851=80;502=1;talent_point=2},0,{},{y=942;x=971},,<<0;0>>,{},,FALSE,0,{}
34105,湖天城,湖天城,Lacuna City,Thành phố Lacuna,호천성,Cidade de Lacuna,เมืองลาคูนา,,<{level=1460;unitId=71394;advance=70};{level=1460;unitId=71423;advance=70};{level=1460;unitId=70463;advance=70};{level=1460;unitId=181971;advance=70};{level=1460;unitId=180753;advance=70}>,<{level=1460;unitId=260075;advance=70}>,config/portrait/jinglingtouxiang1/img_150_cm@.png,1,6,2,20,1,6,1,<>,battle_bgm.mp3,battle/scene/bg_xcdg.jpg,config/big_hero/normal/img_150_cm@.png,{y=70;x=0},251,,1,24101,<{key=1;value=1};{key=2;value=2};{key=3;value=14}>,1460,1331,1331,,,,9999,12,80,12,{100=0;20601=0;5000=0},725,请时刻关注精灵们的闲言碎语,請時刻關注精靈們的閒言碎語,Please always pay attention to the gossip of the Pokémons,404404,항상 포켓몬들이 잡다한 얘기를 귀담아들으세요,{},{},,{502=1;850=180;talent_point=1},{851=80;502=1;talent_point=2},0,{},{y=1066;x=1302},,<<0;0>>,{},,FALSE,0,{}
34201,山葵镇,山葵镇,Wasabi Town,Thị trấn Wasabi,와사비 마을,Vila Wasabi,เมืองวาซาบิ,,<{level=1480;unitId=60372;advance=70};{level=1480;unitId=63281;advance=70};{level=1480;unitId=60113;advance=70};{level=1480;unitId=60593;advance=70};{level=1480;unitId=60002;advance=70}>,<{level=1480;unitId=70753;advance=70}>,config/portrait/jinglingtouxiang1/img_149_kl@.png,1,6,2,20,1,6,1,<>,battle_bgm.mp3,battle/scene/bg_xcdg.jpg,config/big_hero/normal/img_149_kl@.png,{y=70;x=0},252,,1,24201,<{key=1;value=1};{key=2;value=2};{key=3;value=14}>,1480,1341,1341,,,,9999,12,80,12,{5000=0;100=0;20021=0},725,上阵冰、龙、恶属性的精灵会额外提升10%物攻和特攻,上陣冰、龍、惡屬性的精靈會額外提升10%物攻和特攻,"Pokémons with ice, dragon, and evil attributes will gain an additional 10% physical and special attacks",404404,"얼음, 드래곤, 악마 타입의 포켓몬 출전 시 공격 및 특수 공격이 추가로 10% 증가한다",{},{},,{502=1;850=180;talent_point=1},{851=80;502=1;talent_point=2},0,{},{y=267;x=1365},,<<0;0>>,{},,FALSE,0,{}
34202,山葵镇,山葵镇,Wasabi Town,Thị trấn Wasabi,와사비 마을,Vila Wasabi,เมืองวาซาบิ,,<{level=1500;unitId=61423;advance=70};{level=1500;unitId=60392;advance=70};{level=1500;unitId=61891;advance=70};{level=1500;unitId=61293;advance=70};{level=1500;unitId=60172;advance=70}>,<{level=1500;unitId=71921;advance=70}>,config/portrait/jinglingtouxiang1/img_378_ljas@.png,1,6,2,20,1,6,1,<>,battle_bgm.mp3,battle/scene/bg_xcdg.jpg,config/big_hero/normal/img_378_ljas@.png,{y=70;x=0},252,,1,24201,<{key=1;value=1};{key=2;value=2};{key=3;value=14}>,1500,1351,1351,,,,9999,12,80,12,{100=0;20571=0;5000=0},725,上阵毒、地面、火属性的精灵会额外提升10%物攻和特攻,上陣毒、地面、火屬性的精靈會額外提升10%物攻和特攻,"Pokémons with poison, ground, and fire attributes will gain an additional 10% physical and special attacks",404404,"독, 바위, 불꽃 타입의 포켓몬 출전 시 공격 및 특수 공격이 추가로 10% 증가한다",{},{},,{502=1;850=180;talent_point=1},{851=80;502=1;talent_point=2},0,{},{y=426;x=661},,<<0;0>>,{},,FALSE,0,{}
34203,山葵镇,山葵镇,Wasabi Town,Thị trấn Wasabi,와사비 마을,Vila Wasabi,เมืองวาซาบิ,,<{level=1520;unitId=60802;advance=70};{level=1520;unitId=62241;advance=70};{level=1520;unitId=60792;advance=70};{level=1520;unitId=62271;advance=70};{level=1520;unitId=60793;advance=70}>,<{level=1520;unitId=72993;advance=70}>,config/portrait/jinglingtouxiang1/img_609_sjdhl@.png,1,6,2,20,1,6,1,<>,battle_bgm.mp3,battle/scene/bg_xcdg.jpg,config/big_hero/normal/img_609_sjdhl@.png,{y=70;x=0},252,,1,24201,<{key=1;value=1};{key=2;value=2};{key=3;value=14}>,1520,1361,1361,,,,9999,12,80,12,{5000=0;100=0;20271=0},725,上阵草、电、冰属性的精灵会额外提升10%物攻和特攻,上陣草、電、冰屬性的精靈會額外提升10%物攻和特攻,"Pokémons with grass, electricity, and ice attributes will gain an additional 10% physical and special attacks.",404404,"독, 땅, 불꽃 타입의 포켓몬 출전 시 공격 및 특수 공격이 추가로 10% 증가한다",{},{},,{502=1;850=180;talent_point=1},{851=80;502=1;talent_point=2},0,{},{y=859;x=999},,<<0;0>>,{},,FALSE,0,{}
34204,山葵镇,山葵镇,Wasabi Town,Thị trấn Wasabi,와사비 마을,Vila Wasabi,เมืองวาซาบิ,,<{level=1540;unitId=60013;advance=70};{level=1540;unitId=60781;advance=70};{level=1540;unitId=63543;advance=70};{level=1540;unitId=61503;advance=70};{level=1540;unitId=62871;advance=70}>,<{level=1540;unitId=71271;advance=70}>,config/portrait/jinglingtouxiang1/img_250_fw@.png,1,6,2,20,1,6,1,<>,battle_bgm.mp3,battle/scene/bg_xcdg.jpg,config/big_hero/normal/img_250_fw@.png,{y=70;x=0},252,,1,24201,<{key=1;value=1};{key=2;value=2};{key=3;value=14}>,1540,1371,1371,,,,9999,12,80,12,{20281=0;100=0;5000=0},725,上阵冰、龙、妖精属性的精灵会额外提升10%物攻和特攻,上陣冰、龍、妖精屬性的精靈會額外提升10%物攻和特攻,"Pokémons with ice, dragon, and goblin attributes will gain an additional 10% physical and special attacks",404404,"얼음, 드래곤, 요정 타입의 포켓몬 출전 시 공격 및 특수 공격이 추가로 10% 증가한다",{},{},,{502=1;850=180;talent_point=1},{851=80;502=1;talent_point=2},0,{},{y=462;x=1713},,<<0;0>>,{},,FALSE,0,{}
34205,山葵镇,山葵镇,Wasabi Town,Thị trấn Wasabi,와사비 마을,Vila Wasabi,เมืองวาซาบิ,,<{level=1560;unitId=70352;advance=70};{level=1560;unitId=70753;advance=70};{level=1560;unitId=70371;advance=70};{level=1560;unitId=260077;advance=70};{level=1560;unitId=181394;advance=70}>,<{level=1560;unitId=260076;advance=70}>,config/portrait/jinglingtouxiang1/img_249_lqy@.png,1,6,2,20,1,6,1,<>,battle_bgm.mp3,battle/scene/bg_xcdg.jpg,config/big_hero/normal/img_249_lqy@.png,{y=70;x=0},252,,1,24201,<{key=1;value=1};{key=2;value=2};{key=3;value=14}>,1560,1381,1381,,,,9999,12,80,12,{100=0;20601=0;5000=0},725,请时刻关注精灵们的闲言碎语,請時刻關注精靈們的閒言碎語,Please always pay attention to the gossip of the Pokémons,404404,항상 포켓몬들이 잡다한 얘기를 귀담아들으세요,{},{},,{502=1;850=180;talent_point=1},{851=80;502=1;talent_point=2},0,{},{y=985;x=1461},,<<0;0>>,{},,FALSE,0,{}
34301,韵律镇,韵律镇,Rhythm Town,Thị trấn Rhythm,운율 마을,Vila Rhythm,เมืองริทึม,,<{level=1580;unitId=62611;advance=70};{level=1580;unitId=61391;advance=70};{level=1580;unitId=63502;advance=70};{level=1580;unitId=60452;advance=70};{level=1580;unitId=62891;advance=70}>,<{level=1580;unitId=73143;advance=70}>,config/portrait/jinglingtouxiang1/img_635_ssel@.png,1,6,2,20,1,6,1,<>,battle_bgm.mp3,battle/scene/bg_xcdg.jpg,config/big_hero/normal/img_635_ssel@.png,{y=70;x=0},253,,1,24301,<{key=1;value=1};{key=2;value=2};{key=3;value=14}>,1580,1391,1391,,,,9999,12,80,12,{5000=0;100=0;20021=0},725,,,,,,{},{},,{502=1;850=180;talent_point=1},{851=80;502=1;talent_point=2},0,{},{y=397;x=463},,<<0;0>>,{},,FALSE,0,{}
34302,韵律镇,韵律镇,Rhythm Town,Thị trấn Rhythm,운율 마을,Vila Rhythm,เมืองริทึม,,<{level=1600;unitId=60171;advance=70};{level=1600;unitId=60301;advance=70};{level=1600;unitId=60012;advance=70};{level=1600;unitId=61903;advance=70};{level=1600;unitId=60492;advance=70}>,<{level=1600;unitId=71893;advance=70}>,config/portrait/jinglingtouxiang1/img_373_bfl@.png,1,6,2,20,1,6,1,<>,battle_bgm.mp3,battle/scene/bg_xcdg.jpg,config/big_hero/normal/img_373_bfl@.png,{y=70;x=0},253,,1,24301,<{key=1;value=1};{key=2;value=2};{key=3;value=14}>,1600,1401,1401,,,,9999,12,80,12,{100=0;20571=0;5000=0},725,,,,,,{},{},,{502=1;850=180;talent_point=1},{851=80;502=1;talent_point=2},0,{},{y=653;x=752},,<<0;0>>,{},,FALSE,0,{}
34303,韵律镇,韵律镇,Rhythm Town,Thị trấn Rhythm,운율 마을,Vila Rhythm,เมืองริทึม,,<{level=1620;unitId=60881;advance=70};{level=1620;unitId=60131;advance=70};{level=1620;unitId=60593;advance=70};{level=1620;unitId=60551;advance=70};{level=1620;unitId=62241;advance=70}>,<{level=1620;unitId=70593;advance=70}>,config/portrait/jinglingtouxiang1/img_466_djms@.png,1,6,2,20,1,6,1,<>,battle_bgm.mp3,battle/scene/bg_xcdg.jpg,config/big_hero/normal/img_466_djms@.png,{y=70;x=0},253,,1,24301,<{key=1;value=1};{key=2;value=2};{key=3;value=14}>,1620,1411,1411,,,,9999,12,80,12,{5000=0;100=0;20271=0},725,,,,,,{},{},,{502=1;850=180;talent_point=1},{851=80;502=1;talent_point=2},0,{},{y=348;x=1567},,<<0;0>>,{},,FALSE,0,{}
34304,韵律镇,韵律镇,Rhythm Town,Thị trấn Rhythm,운율 마을,Vila Rhythm,เมืองริทึม,,<{level=1640;unitId=60601;advance=70};{level=1640;unitId=60262;advance=70};{level=1640;unitId=60592;advance=70};{level=1640;unitId=63003;advance=70};{level=1640;unitId=62483;advance=70}>,<{level=1640;unitId=70753;advance=70}>,config/portrait/jinglingtouxiang1/img_149_kl@.png,1,6,2,20,1,6,1,<>,battle_bgm.mp3,battle/scene/bg_xcdg.jpg,config/big_hero/normal/img_149_kl@.png,{y=70;x=0},253,,1,24301,<{key=1;value=1};{key=2;value=2};{key=3;value=14}>,1640,1421,1421,,,,9999,12,80,12,{20281=0;100=0;5000=0},725,,,,,,{},{},,{502=1;850=180;talent_point=1},{851=80;502=1;talent_point=2},0,{},{y=991;x=1489},,<<0;0>>,{},,FALSE,0,{}
34305,韵律镇,韵律镇,Rhythm Town,Thị trấn Rhythm,운율 마을,Vila Rhythm,เมืองริทึม,,<{level=1660;unitId=70263;advance=70};{level=1660;unitId=260079;advance=70};{level=1660;unitId=70721;advance=70};{level=1660;unitId=183021;advance=70};{level=1660;unitId=180771;advance=70}>,<{level=1660;unitId=260078;advance=70}>,config/portrait/jinglingtouxiang1/img_445_lyls@.png,1,6,2,20,1,6,1,<>,battle_bgm.mp3,battle/scene/bg_xcdg.jpg,config/big_hero/normal/img_445_lyls@.png,{y=70;x=0},253,,1,24301,<{key=1;value=1};{key=2;value=2};{key=3;value=14}>,1660,1431,1431,,,,9999,12,80,12,{100=0;20601=0;5000=0},725,请时刻关注精灵们的闲言碎语,,,404404,항상 포켓몬들이 잡다한 얘기를 귀담아들으세요,{},{},,{502=1;850=180;talent_point=1},{851=80;502=1;talent_point=2},0,{},{y=743;x=1278},,<<0;0>>,{},,FALSE,0,{}
34401,斗士镇,斗士镇,Fighter Town,Thị trấn Fighter,투사 마을,Vila Fighter,เมืองไฟท์เตอร์,,<{level=1680;unitId=61422;advance=70};{level=1680;unitId=60001;advance=70};{level=1680;unitId=60392;advance=70};{level=1680;unitId=60071;advance=70};{level=1680;unitId=60482;advance=70}>,<{level=1680;unitId=73003;advance=70}>,config/portrait/jinglingtouxiang1/img_612_sfzl@.png,1,6,2,20,1,6,1,<>,battle_bgm.mp3,battle/scene/bg_xcdg.jpg,config/big_hero/normal/img_612_sfzl@.png,{y=70;x=0},254,,1,24401,<{key=1;value=1};{key=2;value=2};{key=3;value=14}>,1680,1441,1441,,,,9999,12,80,12,{5000=0;100=0;20021=0},725,,,,,,{},{},,{502=1;850=180;talent_point=1},{851=80;502=1;talent_point=2},0,{},{y=240;x=1600},,<<0;0>>,{},,FALSE,0,{}
34402,斗士镇,斗士镇,Fighter Town,Thị trấn Fighter,투사 마을,Vila Fighter,เมืองไฟท์เตอร์,,<{level=1700;unitId=60592;advance=70};{level=1700;unitId=60053;advance=70};{level=1700;unitId=60002;advance=70};{level=1700;unitId=60603;advance=70};{level=1700;unitId=60603;advance=70}>,<{level=1700;unitId=71303;advance=70}>,config/portrait/jinglingtouxiang1/img_257_hyj@.png,1,6,2,20,1,6,1,<>,battle_bgm.mp3,battle/scene/bg_xcdg.jpg,config/big_hero/normal/img_257_hyj@.png,{y=70;x=0},254,,1,24401,<{key=1;value=1};{key=2;value=2};{key=3;value=14}>,1700,1451,1451,,,,9999,12,80,12,{100=0;20571=0;5000=0},725,,,,,,{},{},,{502=1;850=180;talent_point=1},{851=80;502=1;talent_point=2},0,{},{y=574;x=790},,<<0;0>>,{},,FALSE,0,{}
34403,斗士镇,斗士镇,Fighter Town,Thị trấn Fighter,투사 마을,Vila Fighter,เมืองไฟท์เตอร์,,<{level=1720;unitId=61902;advance=70};{level=1720;unitId=62482;advance=70};{level=1720;unitId=60592;advance=70};{level=1720;unitId=63472;advance=70};{level=1720;unitId=60492;advance=70}>,<{level=1720;unitId=70094;advance=70}>,config/portrait/jinglingtouxiang1/img_25_xzpkq@.png,1,6,2,20,1,6,1,<>,battle_bgm.mp3,battle/scene/bg_xcdg.jpg,config/big_hero/normal/img_25_xzpkq@.png,{y=70;x=0},254,,1,24401,<{key=1;value=1};{key=2;value=2};{key=3;value=14}>,1720,1461,1461,,,,9999,12,80,12,{5000=0;100=0;20271=0},725,,,,,,{},{},,{502=1;850=180;talent_point=1},{851=80;502=1;talent_point=2},0,{},{y=718;x=1736},,<<0;0>>,{},,FALSE,0,{}
34404,斗士镇,斗士镇,Fighter Town,Thị trấn Fighter,투사 마을,Vila Fighter,เมืองไฟท์เตอร์,,<{level=1740;unitId=60091;advance=70};{level=1740;unitId=60482;advance=70};{level=1740;unitId=61253;advance=70};{level=1740;unitId=60113;advance=70};{level=1740;unitId=60002;advance=70}>,<{level=1740;unitId=71971;advance=70}>,config/portrait/jinglingtouxiang1/img_383_gld@.png,1,6,2,20,1,6,1,<>,battle_bgm.mp3,battle/scene/bg_xcdg.jpg,config/big_hero/normal/img_383_gld@.png,{y=70;x=0},254,,1,24401,<{key=1;value=1};{key=2;value=2};{key=3;value=14}>,1740,1471,1471,,,,9999,12,80,12,{20281=0;100=0;5000=0},725,,,,,,{},{},,{502=1;850=180;talent_point=1},{851=80;502=1;talent_point=2},0,{},{y=944;x=1260},,<<0;0>>,{},,FALSE,0,{}
34405,斗士镇,斗士镇,Fighter Town,Thị trấn Fighter,투사 마을,Vila Fighter,เมืองไฟท์เตอร์,,<{level=1760;unitId=260081;advance=70};{level=1760;unitId=260082;advance=70};{level=1760;unitId=260083;advance=70};{level=1760;unitId=260084;advance=70};{level=1760;unitId=260085;advance=70}>,<{level=1760;unitId=260080;advance=70}>,config/portrait/jinglingtouxiang1/img_95_dysl@.png,1,6,2,20,1,6,1,<>,battle_bgm.mp3,battle/scene/bg_xcdg.jpg,config/big_hero/normal/img_95_dysl@.png,{y=70;x=0},254,,1,24401,<{key=1;value=1};{key=2;value=2};{key=3;value=14}>,1760,1481,1481,,,,9999,12,80,12,{100=0;20601=0;5000=0},725,请时刻关注精灵们的闲言碎语,,,404404,항상 포켓몬들이 잡다한 얘기를 귀담아들으세요,{},{},,{502=1;850=180;talent_point=1},{851=80;502=1;talent_point=2},0,{},{y=898;x=576},,<<0;0>>,{},,FALSE,0,{}
34501,北上镇,北上镇,Kitakami,Kitakami,북신 마을,Kitakami,คิตาคามิ,,<{level=700;unitId=61253;advance=70};{level=700;unitId=60191;advance=70};{level=700;unitId=60791;advance=70};{level=700;unitId=60132;advance=70};{level=700;unitId=60471;advance=70}>,<{level=700;unitId=260060;advance=70}>,config/portrait/jinglingtouxiang1/img_671_hjfr@.png,1,6,2,20,1,6,1,<>,battle_bgm.mp3,battle/scene/bg_xcdg.jpg,config/big_hero/normal/img_671_hjfr@.png,{y=70;x=0},255,,1,24501,<{key=1;value=1};{key=2;value=2};{key=3;value=11}>,700,951,951,,,,9999,12,80,12,{100=0;20591=0;5000=0},725,上阵格斗、虫、妖精属性的精灵会额外提升10%物攻和特攻,上陣格鬥、蟲、妖精屬性的精靈會額外提升10%物攻和特攻,"Pokémons with combat, insect, and goblin attributes will gain an additional 10% physical and special attacks",404404,"격투, 벌레, 요정 타입의 포켓몬 출전 시 공격 및 특수 공격이 추가로 10% 증가한다",{},{},,{502=1;850=180;talent_point=1},{851=80;502=1;talent_point=2},0,{},{y=642;x=715},,<<0;0>>,{},,FALSE,0,{}
34502,北上镇,北上镇,Kitakami,Kitakami,북신 마을,Kitakami,คิตาคามิ,,<{level=720;unitId=61442;advance=70};{level=720;unitId=61443;advance=70};{level=720;unitId=62631;advance=70};{level=720;unitId=63351;advance=70};{level=720;unitId=60464;advance=70}>,<{level=720;unitId=260061;advance=70}>,config/portrait/jinglingtouxiang1/img_658_jhrw@.png,1,6,2,20,1,6,1,<>,battle_bgm.mp3,battle/scene/bg_xcdg.jpg,config/big_hero/normal/img_658_jhrw@.png,{y=70;x=0},255,,1,24501,<{key=1;value=1};{key=2;value=2};{key=3;value=12}>,720,961,961,,,,9999,12,80,12,{100=0;20591=0;5000=0},725,上阵地面、岩石、水属性的精灵会额外提升10%物攻和特攻,上陣地面、岩石、水屬性的精靈會額外提升10%物攻和特攻,"Pokémons in the ground, rock, and water attributes will gain an additional 10% physical and special attacks",404404,"땅, 바위, 물 타입의 포켓몬 출전 시 공격 및 특수 공격이 추가로 10% 증가한다",{},{},,{502=1;850=180;talent_point=1},{851=80;502=1;talent_point=2},0,{},{y=489;x=1452},,<<0;0>>,{},,FALSE,0,{}
34503,北上镇,北上镇,Kitakami,Kitakami,북신 마을,Kitakami,คิตาคามิ,,<{level=740;unitId=60062;advance=70};{level=740;unitId=60131;advance=70};{level=740;unitId=63352;advance=70};{level=740;unitId=60492;advance=70};{level=740;unitId=60741;advance=70}>,<{level=740;unitId=260062;advance=70}>,config/portrait/jinglingtouxiang1/img_706_nml@.png,1,6,2,20,1,6,1,<>,battle_bgm.mp3,battle/scene/bg_xcdg.jpg,config/big_hero/normal/img_706_nml@.png,{y=70;x=0},255,,1,24501,<{key=1;value=1};{key=2;value=2};{key=3;value=13}>,740,971,971,,,,9999,12,80,12,{100=0;20591=0;5000=0},725,上阵冰、龙、妖精属性的精灵会额外提升10%物攻和特攻,上陣冰、龍、妖精屬性的精靈會額外提升10%物攻和特攻,"Pokémons with ice, dragon, and goblin attributes will gain an additional 10% physical and special attacks",404404,"얼음, 드래곤, 요정 타입의 포켓몬 출전 시 공격 및 특수 공격이 추가로 10% 증가한다",{},{},,{502=1;850=180;talent_point=1},{851=80;502=1;talent_point=2},0,{},{y=793;x=1783},,<<0;0>>,{},,FALSE,0,{}
34504,北上镇,北上镇,Kitakami,Kitakami,북신 마을,Kitakami,คิตาคามิ,,<{level=760;unitId=70171;advance=70};{level=760;unitId=70301;advance=70};{level=760;unitId=70012;advance=70};{level=760;unitId=260064;advance=70};{level=760;unitId=260065;advance=70}>,<{level=760;unitId=260063;advance=70}>,config/portrait/jinglingtouxiang1/img_373_bfl@.png,1,6,2,20,1,6,1,<>,battle_bgm.mp3,battle/scene/bg_xcdg.jpg,config/big_hero/normal/img_373_bfl@.png,{y=70;x=0},255,,1,24501,<{key=1;value=1};{key=2;value=2};{key=3;value=14}>,760,981,981,,,,9999,12,80,12,{100=0;20591=0;5000=0},725,请时刻关注精灵们的闲言碎语,請時刻關注精靈們的閒言碎語,Please always pay attention to the gossip of the Pokémons,404404,항상 포켓몬들이 잡다한 얘기를 귀담아들으세요,{},{},,{502=1;850=180;talent_point=1},{851=80;502=1;talent_point=2},0,{},{y=1089;x=1390},,<<0;0>>,{},,FALSE,0,{}
60001,金币关卡1,金幣關卡1,Gold Stage 1,Màn Vàng 1,골드 스테이지 1,Estágio de Ouro 1,ด่านเหรียญทอง 1,,<>,<>,city/adventure/exp/icon_jd.png,3,11,1,5,1,6,1,<>,battle_bgm.mp3,battle/scene/bg_dg.jpg,,{y=70;x=0},,,18,,<>,18,90,90,,,,2,0,0,0,{510=0;gold=iconNumLittle;511=0},0,,,,,,{},{},,{},{},0,{},{y=0;x=0},,,{},,FALSE,0,{}
60002,金币关卡2,金幣關卡2,Gold Stage 2,Màn Vàng 2,골드 스테이지 2,Estágio de Ouro 2,ด่านเหรียญทอง 2,,<>,<>,city/adventure/exp/icon_kn.png,3,11,1,5,1,6,1,<>,battle_bgm.mp3,battle/scene/bg_dg.jpg,,{y=70;x=0},,,30,60001,<>,30,150,150,,,,2,0,0,0,{gold=iconNumNormal;512=0;511=0},0,,,,,,{},{},,{},{},0,{},{y=0;x=0},,,{},,FALSE,0,{}
60003,金币关卡3,金幣關卡3,Gold Stage 3,Màn Vàng 3,골드 스테이지 3,Estágio de Ouro 3,ด่านเหรียญทอง 3,,<>,<>,city/adventure/exp/icon_jj.png,3,11,1,5,1,6,1,<>,battle_bgm.mp3,battle/scene/bg_dg.jpg,,{y=70;x=0},,,42,60002,<>,42,210,210,,,,2,0,0,0,{gold=iconNumMany;513=0;512=0},0,,,,,,{},{},,{},{},0,{},{y=0;x=0},,,{},,FALSE,0,{}
60004,金币关卡4,金幣關卡4,Gold Stage 4,Màn Vàng 4,골드 스테이지 4,Estágio de Ouro 4,ด่านเหรียญทอง 4,,<>,<>,city/adventure/exp/icon_ds.png,3,11,1,5,1,6,1,<>,battle_bgm.mp3,battle/scene/bg_dg.jpg,,{y=70;x=0},,,55,60003,<>,55,275,275,,,,2,0,0,0,{gold=iconNumLarge;513=0;514=0},0,,,,,,{},{},,{},{},0,{},{y=0;x=0},,,{},,FALSE,0,{}
60005,金币关卡5,金幣關卡5,Gold Stage 5,Màn Vàng 5,골드 스테이지 5,Estágio de Ouro 5,ด่านเหรียญทอง 5,,<>,<>,city/adventure/exp/icon_ly.png,3,11,1,5,1,6,1,<>,battle_bgm.mp3,battle/scene/bg_dg.jpg,,{y=70;x=0},,,70,60004,<>,70,350,350,,,,2,0,0,0,{gold=iconNumHuge;513=0;514=0},0,,,,,,{},{},,{},{},0,{},{y=0;x=0},,,{},,FALSE,0,{}
60006,金币关卡6,金幣關卡6,Gold Stage 6,Màn Vàng 6,골드 스테이지 6,Estágio de Ouro 6,ด่านเหรียญทอง 6,,<>,<>,city/adventure/exp/icon_sy.png,3,11,1,5,1,6,1,<>,battle_bgm.mp3,battle/scene/bg_dg.jpg,,{y=70;x=0},,,84,60005,<>,84,420,420,,,,2,0,0,0,{gold=iconNumOut;513=0;514=0},0,,,,,,{},{},,{},{},0,{},{y=0;x=0},,,{},,FALSE,0,{}
60007,金币关卡7,金幣關卡7,Gold Stage 7,Màn Vàng 7,골드 스테이지 7,Estágio de Ouro 7,ด่านเหรียญทอง 7,,<>,<>,city/adventure/exp/icon_zj.png,3,11,1,5,1,6,1,<>,battle_bgm.mp3,battle/scene/bg_dg.jpg,,{y=70;x=0},,,93,60006,<>,93,490,490,,,,2,0,0,0,{gold=iconNumBest;513=0;514=0},0,,,,,,{},{},,{},{},0,{},{y=0;x=0},,,{},,FALSE,0,{}
60010,金币关卡终极模式1,金幣關卡終極模式1,Gold Stage Ultimate Mode 1,Màn Vàng Chế độ Cực hạn 1,골드 스테이지 얼티밋 모드 1,Estágio de Ouro Modo Supremo 1,ด่านเหรียญทองโหมดอัลติเมท 1,,<>,<>,city/adventure/exp/icon_jx.png,3,11,1,5,1,6,1,<>,battle_bgm.mp3,battle/scene/bg_dg.jpg,,{y=70;x=0},,,100,60007,<>,100,490,490,,,,2,0,0,0,{gold=iconNumBest;513=0;514=0},0,,,,,,{},{},,{},{},0,{},{y=0;x=0},,,{},,FALSE,0,{}
60011,金币关卡终极模式2,金幣關卡終極模式2,Gold Stage Ultimate Mode 2,Màn Vàng Chế độ Cực hạn 2,골드 스테이지 얼티밋 모드 2,Estágio de Ouro Modo Supremo 2,ด่านเหรียญทองโหมดอัลติเมท 2,,<>,<>,city/adventure/exp/icon_jx.png,3,11,1,5,1,6,1,<>,battle_bgm.mp3,battle/scene/bg_dg.jpg,,{y=70;x=0},,,100,60010,<>,100,490,490,,,,2,0,0,0,{gold=iconNumBest;513=0;514=0},0,,,,,,{},{},,{},{},0,{},{y=0;x=0},,,{},,FALSE,0,{}
60012,金币关卡终极模式3,金幣關卡終極模式3,Gold Stage Ultimate Mode 3,Màn Vàng Chế độ Cực hạn 3,골드 스테이지 얼티밋 모드 3,Estágio de Ouro Modo Supremo 3,ด่านเหรียญทองโหมดอัลติเมท 3,,<>,<>,city/adventure/exp/icon_jx.png,3,11,1,5,1,6,1,<>,battle_bgm.mp3,battle/scene/bg_dg.jpg,,{y=70;x=0},,,100,60011,<>,100,490,490,,,,2,0,0,0,{gold=iconNumBest;513=0;514=0},0,,,,,,{},{},,{},{},0,{},{y=0;x=0},,,{},,FALSE,0,{}
60013,金币关卡终极模式4,金幣關卡終極模式4,Gold Stage Ultimate Mode 4,Màn Vàng Chế độ Cực hạn 4,골드 스테이지 얼티밋 모드 4,Estágio de Ouro Modo Supremo 4,ด่านเหรียญทองโหมดอัลติเมท 4,,<>,<>,city/adventure/exp/icon_jx.png,3,11,1,5,1,6,1,<>,battle_bgm.mp3,battle/scene/bg_dg.jpg,,{y=70;x=0},,,100,60012,<>,100,490,490,,,,2,0,0,0,{gold=iconNumBest;513=0;514=0},0,,,,,,{},{},,{},{},0,{},{y=0;x=0},,,{},,FALSE,0,{}
60014,金币关卡终极模式5,金幣關卡終極模式5,Gold Stage Ultimate Mode 5,Màn Vàng Chế độ Cực hạn 5,골드 스테이지 얼티밋 모드 5,Estágio de Ouro Modo Supremo 5,ด่านเหรียญทองโหมดอัลติเมท 5,,<>,<>,city/adventure/exp/icon_jx.png,3,11,1,5,1,6,1,<>,battle_bgm.mp3,battle/scene/bg_dg.jpg,,{y=70;x=0},,,100,60013,<>,100,490,490,,,,2,0,0,0,{gold=iconNumBest;513=0;514=0},0,,,,,,{},{},,{},{},0,{},{y=0;x=0},,,{},,FALSE,0,{}
60015,金币关卡终极模式6,金幣關卡終極模式6,Gold Stage Ultimate Mode 6,Màn Vàng Chế độ Cực hạn 6,골드 스테이지 얼티밋 모드 6,Estágio de Ouro Modo Supremo 6,ด่านเหรียญทองโหมดอัลติเมท 6,,<>,<>,city/adventure/exp/icon_jx.png,3,11,1,5,1,6,1,<>,battle_bgm.mp3,battle/scene/bg_dg.jpg,,{y=70;x=0},,,100,60014,<>,100,490,490,,,,2,0,0,0,{gold=iconNumBest;513=0;514=0},0,,,,,,{},{},,{},{},0,{},{y=0;x=0},,,{},,FALSE,0,{}
60016,金币关卡终极模式7,金幣關卡終極模式7,Gold Stage Ultimate Mode 7,Màn Vàng Chế độ Cực hạn 7,골드 스테이지 얼티밋 모드 7,Estágio de Ouro Modo Supremo 7,ด่านเหรียญทองโหมดอัลติเมท 7,,<>,<>,city/adventure/exp/icon_jx.png,3,11,1,5,1,6,1,<>,battle_bgm.mp3,battle/scene/bg_dg.jpg,,{y=70;x=0},,,100,60015,<>,100,490,490,,,,2,0,0,0,{gold=iconNumBest;513=0;514=0},0,,,,,,{},{},,{},{},0,{},{y=0;x=0},,,{},,FALSE,0,{}
60017,金币关卡终极模式8,金幣關卡終極模式8,Gold Stage Ultimate Mode 8,Màn Vàng Chế độ Cực hạn 8,골드 스테이지 얼티밋 모드 8,Estágio de Ouro Modo Supremo 8,ด่านเหรียญทองโหมดอัลติเมท 8,,<>,<>,city/adventure/exp/icon_jx.png,3,11,1,5,1,6,1,<>,battle_bgm.mp3,battle/scene/bg_dg.jpg,,{y=70;x=0},,,100,60016,<>,100,490,490,,,,2,0,0,0,{gold=iconNumBest;513=0;514=0},0,,,,,,{},{},,{},{},0,{},{y=0;x=0},,,{},,FALSE,0,{}
60018,金币关卡终极模式9,金幣關卡終極模式9,Gold Stage Ultimate Mode 9,Màn Vàng Chế độ Cực hạn 9,골드 스테이지 얼티밋 모드 9,Estágio de Ouro Modo Supremo 9,ด่านเหรียญทองโหมดอัลติเมท 9,,<>,<>,city/adventure/exp/icon_jx.png,3,11,1,5,1,6,1,<>,battle_bgm.mp3,battle/scene/bg_dg.jpg,,{y=70;x=0},,,100,60017,<>,100,490,490,,,,2,0,0,0,{gold=iconNumBest;513=0;514=0},0,,,,,,{},{},,{},{},0,{},{y=0;x=0},,,{},,FALSE,0,{}
60019,金币关卡终极模式10,金幣關卡終極模式10,Gold Stage Ultimate Mode 10,Màn Vàng Chế độ Cực hạn 10,골드 스테이지 얼티밋 모드 10,Estágio de Ouro Modo Supremo 10,ด่านเหรียญทองโหมดอัลติเมท 10,,<>,<>,city/adventure/exp/icon_jx.png,3,11,1,5,1,6,1,<>,battle_bgm.mp3,battle/scene/bg_dg.jpg,,{y=70;x=0},,,100,60018,<>,100,490,490,,,,2,0,0,0,{gold=iconNumBest;513=0;514=0},0,,,,,,{},{},,{},{},0,{},{y=0;x=0},,,{},,FALSE,0,{}
60020,金币关卡终极模式11,金幣關卡終極模式11,Gold Stage Ultimate Mode 11,Màn Vàng Chế độ Cực hạn 11,골드 스테이지 얼티밋 모드 11,Estágio de Ouro Modo Supremo 11,ด่านเหรียญทองโหมดอัลติเมท 11,,<>,<>,city/adventure/exp/icon_jx.png,3,11,1,5,1,6,1,<>,battle_bgm.mp3,battle/scene/bg_dg.jpg,,{y=70;x=0},,,100,60019,<>,100,490,490,,,,2,0,0,0,{gold=iconNumBest;513=0;514=0},0,,,,,,{},{},,{},{},0,{},{y=0;x=0},,,{},,FALSE,0,{}
60021,金币关卡终极模式12,金幣關卡終極模式12,Gold Stage Ultimate Mode 12,Màn Vàng Chế độ Cực hạn 12,골드 스테이지 얼티밋 모드 12,Estágio de Ouro Modo Supremo 12,ด่านเหรียญทองโหมดอัลติเมท 12,,<>,<>,city/adventure/exp/icon_jx.png,3,11,1,5,1,6,1,<>,battle_bgm.mp3,battle/scene/bg_dg.jpg,,{y=70;x=0},,,100,60020,<>,100,490,490,,,,2,0,0,0,{gold=iconNumBest;513=0;514=0},0,,,,,,{},{},,{},{},0,{},{y=0;x=0},,,{},,FALSE,0,{}
60022,金币关卡终极模式13,金幣關卡終極模式13,Gold Stage Ultimate Mode 13,Màn Vàng Chế độ Cực hạn 13,골드 스테이지 얼티밋 모드 13,Estágio de Ouro Modo Supremo 13,ด่านเหรียญทองโหมดอัลติเมท 13,,<>,<>,city/adventure/exp/icon_jx.png,3,11,1,5,1,6,1,<>,battle_bgm.mp3,battle/scene/bg_dg.jpg,,{y=70;x=0},,,100,60021,<>,100,490,490,,,,2,0,0,0,{gold=iconNumBest;513=0;514=0},0,,,,,,{},{},,{},{},0,{},{y=0;x=0},,,{},,FALSE,0,{}
60023,金币关卡终极模式14,金幣關卡終極模式14,Gold Stage Ultimate Mode 14,Màn Vàng Chế độ Cực hạn 14,골드 스테이지 얼티밋 모드 14,Estágio de Ouro Modo Supremo 14,ด่านเหรียญทองโหมดอัลติเมท 14,,<>,<>,city/adventure/exp/icon_jx.png,3,11,1,5,1,6,1,<>,battle_bgm.mp3,battle/scene/bg_dg.jpg,,{y=70;x=0},,,100,60022,<>,100,490,490,,,,2,0,0,0,{gold=iconNumBest;513=0;514=0},0,,,,,,{},{},,{},{},0,{},{y=0;x=0},,,{},,FALSE,0,{}
60024,金币关卡终极模式15,金幣關卡終極模式15,Gold Stage Ultimate Mode 15,Màn Vàng Chế độ Cực hạn 15,골드 스테이지 얼티밋 모드 15,Estágio de Ouro Modo Supremo 15,ด่านเหรียญทองโหมดอัลติเมท 15,,<>,<>,city/adventure/exp/icon_jx.png,3,11,1,5,1,6,1,<>,battle_bgm.mp3,battle/scene/bg_dg.jpg,,{y=70;x=0},,,100,60023,<>,100,490,490,,,,2,0,0,0,{gold=iconNumBest;513=0;514=0},0,,,,,,{},{},,{},{},0,{},{y=0;x=0},,,{},,FALSE,0,{}
60025,金币关卡终极模式16,金幣關卡終極模式16,Gold Stage Ultimate Mode 16,Màn Vàng Chế độ Cực hạn 16,골드 스테이지 얼티밋 모드 16,Estágio de Ouro Modo Supremo 16,ด่านเหรียญทองโหมดอัลติเมท 16,,<>,<>,city/adventure/exp/icon_jx.png,3,11,1,5,1,6,1,<>,battle_bgm.mp3,battle/scene/bg_dg.jpg,,{y=70;x=0},,,100,60024,<>,100,490,490,,,,2,0,0,0,{gold=iconNumBest;513=0;514=0},0,,,,,,{},{},,{},{},0,{},{y=0;x=0},,,{},,FALSE,0,{}
60026,金币关卡终极模式17,金幣關卡終極模式17,Gold Stage Ultimate Mode 17,Màn Vàng Chế độ Cực hạn 17,골드 스테이지 얼티밋 모드 17,Estágio de Ouro Modo Supremo 17,ด่านเหรียญทองโหมดอัลติเมท 17,,<>,<>,city/adventure/exp/icon_jx.png,3,11,1,5,1,6,1,<>,battle_bgm.mp3,battle/scene/bg_dg.jpg,,{y=70;x=0},,,100,60025,<>,100,490,490,,,,2,0,0,0,{gold=iconNumBest;513=0;514=0},0,,,,,,{},{},,{},{},0,{},{y=0;x=0},,,{},,FALSE,0,{}
60027,金币关卡终极模式18,金幣關卡終極模式18,Gold Stage Ultimate Mode 18,Màn Vàng Chế độ Cực hạn 18,골드 스테이지 얼티밋 모드 18,Estágio de Ouro Modo Supremo 18,ด่านเหรียญทองโหมดอัลติเมท 18,,<>,<>,city/adventure/exp/icon_jx.png,3,11,1,5,1,6,1,<>,battle_bgm.mp3,battle/scene/bg_dg.jpg,,{y=70;x=0},,,100,60026,<>,100,490,490,,,,2,0,0,0,{gold=iconNumBest;513=0;514=0},0,,,,,,{},{},,{},{},0,{},{y=0;x=0},,,{},,FALSE,0,{}
60028,金币关卡终极模式19,金幣關卡終極模式19,Gold Stage Ultimate Mode 19,Màn Vàng Chế độ Cực hạn 19,골드 스테이지 얼티밋 모드 19,Estágio de Ouro Modo Supremo 19,ด่านเหรียญทองโหมดอัลติเมท 19,,<>,<>,city/adventure/exp/icon_jx.png,3,11,1,5,1,6,1,<>,battle_bgm.mp3,battle/scene/bg_dg.jpg,,{y=70;x=0},,,100,60027,<>,100,490,490,,,,2,0,0,0,{gold=iconNumBest;513=0;514=0},0,,,,,,{},{},,{},{},0,{},{y=0;x=0},,,{},,FALSE,0,{}
60029,金币关卡终极模式20,金幣關卡終極模式20,Gold Stage Ultimate Mode 20,Màn Vàng Chế độ Cực hạn 20,골드 스테이지 얼티밋 모드 20,Estágio de Ouro Modo Supremo 20,ด่านเหรียญทองโหมดอัลติเมท 20,,<>,<>,city/adventure/exp/icon_jx.png,3,11,1,5,1,6,1,<>,battle_bgm.mp3,battle/scene/bg_dg.jpg,,{y=70;x=0},,,100,60028,<>,100,490,490,,,,2,0,0,0,{gold=iconNumBest;513=0;514=0},0,,,,,,{},{},,{},{},0,{},{y=0;x=0},,,{},,FALSE,0,{}
60030,金币关卡终极模式21,金幣關卡終極模式21,Gold Stage Ultimate Mode 21,Màn Vàng Chế độ Cực hạn 21,골드 스테이지 얼티밋 모드 21,Estágio de Ouro Modo Supremo 21,ด่านเหรียญทองโหมดอัลติเมท 21,,<>,<>,city/adventure/exp/icon_jx.png,3,11,1,5,1,6,1,<>,battle_bgm.mp3,battle/scene/bg_dg.jpg,,{y=70;x=0},,,100,60029,<>,100,490,490,,,,2,0,0,0,{gold=iconNumBest;513=0;514=0},0,,,,,,{},{},,{},{},0,{},{y=0;x=0},,,{},,FALSE,0,{}
60031,金币关卡终极模式22,金幣關卡終極模式22,Gold Stage Ultimate Mode 22,Màn Vàng Chế độ Cực hạn 22,골드 스테이지 얼티밋 모드 22,Estágio de Ouro Modo Supremo 22,ด่านเหรียญทองโหมดอัลติเมท 22,,<>,<>,city/adventure/exp/icon_jx.png,3,11,1,5,1,6,1,<>,battle_bgm.mp3,battle/scene/bg_dg.jpg,,{y=70;x=0},,,100,60030,<>,100,490,490,,,,2,0,0,0,{gold=iconNumBest;513=0;514=0},0,,,,,,{},{},,{},{},0,{},{y=0;x=0},,,{},,FALSE,0,{}
60032,金币关卡终极模式23,金幣關卡終極模式23,Gold Stage Ultimate Mode 23,Màn Vàng Chế độ Cực hạn 23,골드 스테이지 얼티밋 모드 23,Estágio de Ouro Modo Supremo 23,ด่านเหรียญทองโหมดอัลติเมท 23,,<>,<>,city/adventure/exp/icon_jx.png,3,11,1,5,1,6,1,<>,battle_bgm.mp3,battle/scene/bg_dg.jpg,,{y=70;x=0},,,100,60031,<>,100,490,490,,,,2,0,0,0,{gold=iconNumBest;513=0;514=0},0,,,,,,{},{},,{},{},0,{},{y=0;x=0},,,{},,FALSE,0,{}
60033,金币关卡终极模式24,金幣關卡終極模式24,Gold Stage Ultimate Mode 24,Màn Vàng Chế độ Cực hạn 24,골드 스테이지 얼티밋 모드 24,Estágio de Ouro Modo Supremo 24,ด่านเหรียญทองโหมดอัลติเมท 24,,<>,<>,city/adventure/exp/icon_jx.png,3,11,1,5,1,6,1,<>,battle_bgm.mp3,battle/scene/bg_dg.jpg,,{y=70;x=0},,,100,60032,<>,100,490,490,,,,2,0,0,0,{gold=iconNumBest;513=0;514=0},0,,,,,,{},{},,{},{},0,{},{y=0;x=0},,,{},,FALSE,0,{}
60034,金币关卡终极模式25,金幣關卡終極模式25,Gold Stage Ultimate Mode 25,Màn Vàng Chế độ Cực hạn 25,골드 스테이지 얼티밋 모드 25,Estágio de Ouro Modo Supremo 25,ด่านเหรียญทองโหมดอัลติเมท 25,,<>,<>,city/adventure/exp/icon_jx.png,3,11,1,5,1,6,1,<>,battle_bgm.mp3,battle/scene/bg_dg.jpg,,{y=70;x=0},,,100,60033,<>,100,490,490,,,,2,0,0,0,{gold=iconNumBest;513=0;514=0},0,,,,,,{},{},,{},{},0,{},{y=0;x=0},,,{},,FALSE,0,{}
60035,金币关卡终极模式26,金幣關卡終極模式26,Gold Stage Ultimate Mode 26,Màn Vàng Chế độ Cực hạn 26,골드 스테이지 얼티밋 모드 26,Estágio de Ouro Modo Supremo 26,ด่านเหรียญทองโหมดอัลติเมท 26,,<>,<>,city/adventure/exp/icon_jx.png,3,11,1,5,1,6,1,<>,battle_bgm.mp3,battle/scene/bg_dg.jpg,,{y=70;x=0},,,100,60034,<>,100,490,490,,,,2,0,0,0,{gold=iconNumBest;513=0;514=0},0,,,,,,{},{},,{},{},0,{},{y=0;x=0},,,{},,FALSE,0,{}
60036,金币关卡终极模式27,金幣關卡終極模式27,Gold Stage Ultimate Mode 27,Màn Vàng Chế độ Cực hạn 27,골드 스테이지 얼티밋 모드 27,Estágio de Ouro Modo Supremo 27,ด่านเหรียญทองโหมดอัลติเมท 27,,<>,<>,city/adventure/exp/icon_jx.png,3,11,1,5,1,6,1,<>,battle_bgm.mp3,battle/scene/bg_dg.jpg,,{y=70;x=0},,,100,60035,<>,100,490,490,,,,2,0,0,0,{gold=iconNumBest;513=0;514=0},0,,,,,,{},{},,{},{},0,{},{y=0;x=0},,,{},,FALSE,0,{}
60037,金币关卡终极模式28,金幣關卡終極模式28,Gold Stage Ultimate Mode 28,Màn Vàng Chế độ Cực hạn 28,골드 스테이지 얼티밋 모드 28,Estágio de Ouro Modo Supremo 28,ด่านเหรียญทองโหมดอัลติเมท 28,,<>,<>,city/adventure/exp/icon_jx.png,3,11,1,5,1,6,1,<>,battle_bgm.mp3,battle/scene/bg_dg.jpg,,{y=70;x=0},,,100,60036,<>,100,490,490,,,,2,0,0,0,{gold=iconNumBest;513=0;514=0},0,,,,,,{},{},,{},{},0,{},{y=0;x=0},,,{},,FALSE,0,{}
60038,金币关卡终极模式29,金幣關卡終極模式29,Gold Stage Ultimate Mode 29,Màn Vàng Chế độ Cực hạn 29,골드 스테이지 얼티밋 모드 29,Estágio de Ouro Modo Supremo 29,ด่านเหรียญทองโหมดอัลติเมท 29,,<>,<>,city/adventure/exp/icon_jx.png,3,11,1,5,1,6,1,<>,battle_bgm.mp3,battle/scene/bg_dg.jpg,,{y=70;x=0},,,100,60037,<>,100,490,490,,,,2,0,0,0,{gold=iconNumBest;513=0;514=0},0,,,,,,{},{},,{},{},0,{},{y=0;x=0},,,{},,FALSE,0,{}
60039,金币关卡终极模式30,金幣關卡終極模式30,Gold Stage Ultimate Mode 30,Màn Vàng Chế độ Cực hạn 30,골드 스테이지 얼티밋 모드 30,Estágio de Ouro Modo Supremo 30,ด่านเหรียญทองโหมดอัลติเมท 30,,<>,<>,city/adventure/exp/icon_jx.png,3,11,1,5,1,6,1,<>,battle_bgm.mp3,battle/scene/bg_dg.jpg,,{y=70;x=0},,,100,60038,<>,100,490,490,,,,2,0,0,0,{gold=iconNumBest;513=0;514=0},0,,,,,,{},{},,{},{},0,{},{y=0;x=0},,,{},,FALSE,0,{}
60040,金币关卡终极模式31,金幣關卡終極模式31,Gold Stage Ultimate Mode 31,Màn Vàng Chế độ Cực hạn 31,골드 스테이지 얼티밋 모드 31,Estágio de Ouro Modo Supremo 31,ด่านเหรียญทองโหมดอัลติเมท 31,,<>,<>,city/adventure/exp/icon_jx.png,3,11,1,5,1,6,1,<>,battle_bgm.mp3,battle/scene/bg_dg.jpg,,{y=70;x=0},,,100,60039,<>,100,490,490,,,,2,0,0,0,{gold=iconNumBest;513=0;514=0},0,,,,,,{},{},,{},{},0,{},{y=0;x=0},,,{},,FALSE,0,{}
60041,金币关卡终极模式32,金幣關卡終極模式32,Gold Stage Ultimate Mode 32,Màn Vàng Chế độ Cực hạn 32,골드 스테이지 얼티밋 모드 32,Estágio de Ouro Modo Supremo 32,ด่านเหรียญทองโหมดอัลติเมท 32,,<>,<>,city/adventure/exp/icon_jx.png,3,11,1,5,1,6,1,<>,battle_bgm.mp3,battle/scene/bg_dg.jpg,,{y=70;x=0},,,100,60040,<>,100,490,490,,,,2,0,0,0,{gold=iconNumBest;513=0;514=0},0,,,,,,{},{},,{},{},0,{},{y=0;x=0},,,{},,FALSE,0,{}
60042,金币关卡终极模式33,金幣關卡終極模式33,Gold Stage Ultimate Mode 33,Màn Vàng Chế độ Cực hạn 33,골드 스테이지 얼티밋 모드 33,Estágio de Ouro Modo Supremo 33,ด่านเหรียญทองโหมดอัลติเมท 33,,<>,<>,city/adventure/exp/icon_jx.png,3,11,1,5,1,6,1,<>,battle_bgm.mp3,battle/scene/bg_dg.jpg,,{y=70;x=0},,,100,60041,<>,100,490,490,,,,2,0,0,0,{gold=iconNumBest;513=0;514=0},0,,,,,,{},{},,{},{},0,{},{y=0;x=0},,,{},,FALSE,0,{}
60043,金币关卡终极模式34,金幣關卡終極模式34,Gold Stage Ultimate Mode 34,Màn Vàng Chế độ Cực hạn 34,골드 스테이지 얼티밋 모드 34,Estágio de Ouro Modo Supremo 34,ด่านเหรียญทองโหมดอัลติเมท 34,,<>,<>,city/adventure/exp/icon_jx.png,3,11,1,5,1,6,1,<>,battle_bgm.mp3,battle/scene/bg_dg.jpg,,{y=70;x=0},,,100,60042,<>,100,490,490,,,,2,0,0,0,{gold=iconNumBest;513=0;514=0},0,,,,,,{},{},,{},{},0,{},{y=0;x=0},,,{},,FALSE,0,{}
60044,金币关卡终极模式35,金幣關卡終極模式35,Gold Stage Ultimate Mode 35,Màn Vàng Chế độ Cực hạn 35,골드 스테이지 얼티밋 모드 35,Estágio de Ouro Modo Supremo 35,ด่านเหรียญทองโหมดอัลติเมท 35,,<>,<>,city/adventure/exp/icon_jx.png,3,11,1,5,1,6,1,<>,battle_bgm.mp3,battle/scene/bg_dg.jpg,,{y=70;x=0},,,100,60043,<>,100,490,490,,,,2,0,0,0,{gold=iconNumBest;513=0;514=0},0,,,,,,{},{},,{},{},0,{},{y=0;x=0},,,{},,FALSE,0,{}
60045,金币关卡终极模式36,金幣關卡終極模式36,Gold Stage Ultimate Mode 36,Màn Vàng Chế độ Cực hạn 36,골드 스테이지 얼티밋 모드 36,Estágio de Ouro Modo Supremo 36,ด่านเหรียญทองโหมดอัลติเมท 36,,<>,<>,city/adventure/exp/icon_jx.png,3,11,1,5,1,6,1,<>,battle_bgm.mp3,battle/scene/bg_dg.jpg,,{y=70;x=0},,,100,60044,<>,100,490,490,,,,2,0,0,0,{gold=iconNumBest;513=0;514=0},0,,,,,,{},{},,{},{},0,{},{y=0;x=0},,,{},,FALSE,0,{}
60046,金币关卡终极模式37,金幣關卡終極模式37,Gold Stage Ultimate Mode 37,Màn Vàng Chế độ Cực hạn 37,골드 스테이지 얼티밋 모드 37,Estágio de Ouro Modo Supremo 37,ด่านเหรียญทองโหมดอัลติเมท 37,,<>,<>,city/adventure/exp/icon_jx.png,3,11,1,5,1,6,1,<>,battle_bgm.mp3,battle/scene/bg_dg.jpg,,{y=70;x=0},,,100,60045,<>,100,490,490,,,,2,0,0,0,{gold=iconNumBest;513=0;514=0},0,,,,,,{},{},,{},{},0,{},{y=0;x=0},,,{},,FALSE,0,{}
60047,金币关卡终极模式38,金幣關卡終極模式38,Gold Stage Ultimate Mode 38,Màn Vàng Chế độ Cực hạn 38,골드 스테이지 얼티밋 모드 38,Estágio de Ouro Modo Supremo 38,ด่านเหรียญทองโหมดอัลติเมท 38,,<>,<>,city/adventure/exp/icon_jx.png,3,11,1,5,1,6,1,<>,battle_bgm.mp3,battle/scene/bg_dg.jpg,,{y=70;x=0},,,100,60046,<>,100,490,490,,,,2,0,0,0,{gold=iconNumBest;513=0;514=0},0,,,,,,{},{},,{},{},0,{},{y=0;x=0},,,{},,FALSE,0,{}
60048,金币关卡终极模式39,金幣關卡終極模式39,Gold Stage Ultimate Mode 39,Màn Vàng Chế độ Cực hạn 39,골드 스테이지 얼티밋 모드 39,Estágio de Ouro Modo Supremo 39,ด่านเหรียญทองโหมดอัลติเมท 39,,<>,<>,city/adventure/exp/icon_jx.png,3,11,1,5,1,6,1,<>,battle_bgm.mp3,battle/scene/bg_dg.jpg,,{y=70;x=0},,,100,60047,<>,100,490,490,,,,2,0,0,0,{gold=iconNumBest;513=0;514=0},0,,,,,,{},{},,{},{},0,{},{y=0;x=0},,,{},,FALSE,0,{}
60049,金币关卡终极模式40,金幣關卡終極模式40,Gold Stage Ultimate Mode 40,Màn Vàng Chế độ Cực hạn 40,골드 스테이지 얼티밋 모드 40,Estágio de Ouro Modo Supremo 40,ด่านเหรียญทองโหมดอัลติเมท 40,,<>,<>,city/adventure/exp/icon_jx.png,3,11,1,5,1,6,1,<>,battle_bgm.mp3,battle/scene/bg_dg.jpg,,{y=70;x=0},,,100,60048,<>,100,490,490,,,,2,0,0,0,{gold=iconNumBest;513=0;514=0},0,,,,,,{},{},,{},{},0,{},{y=0;x=0},,,{},,FALSE,0,{}
60050,金币关卡终极模式41,金幣關卡終極模式41,Gold Stage Ultimate Mode 41,Màn Vàng Chế độ Cực hạn 41,골드 스테이지 얼티밋 모드 41,Estágio de Ouro Modo Supremo 41,ด่านเหรียญทองโหมดอัลติเมท 41,,<>,<>,city/adventure/exp/icon_jx.png,3,11,1,5,1,6,1,<>,battle_bgm.mp3,battle/scene/bg_dg.jpg,,{y=70;x=0},,,100,60049,<>,100,490,490,,,,2,0,0,0,{gold=iconNumBest;513=0;514=0},0,,,,,,{},{},,{},{},0,{},{y=0;x=0},,,{},,FALSE,0,{}
60051,金币关卡终极模式42,金幣關卡終極模式42,Gold Stage Ultimate Mode 42,Màn Vàng Chế độ Cực hạn 42,골드 스테이지 얼티밋 모드 42,Estágio de Ouro Modo Supremo 42,ด่านเหรียญทองโหมดอัลติเมท 42,,<>,<>,city/adventure/exp/icon_jx.png,3,11,1,5,1,6,1,<>,battle_bgm.mp3,battle/scene/bg_dg.jpg,,{y=70;x=0},,,100,60050,<>,100,490,490,,,,2,0,0,0,{gold=iconNumBest;513=0;514=0},0,,,,,,{},{},,{},{},0,{},{y=0;x=0},,,{},,FALSE,0,{}
60052,金币关卡终极模式43,金幣關卡終極模式43,Gold Stage Ultimate Mode 43,Màn Vàng Chế độ Cực hạn 43,골드 스테이지 얼티밋 모드 43,Estágio de Ouro Modo Supremo 43,ด่านเหรียญทองโหมดอัลติเมท 43,,<>,<>,city/adventure/exp/icon_jx.png,3,11,1,5,1,6,1,<>,battle_bgm.mp3,battle/scene/bg_dg.jpg,,{y=70;x=0},,,100,60051,<>,100,490,490,,,,2,0,0,0,{gold=iconNumBest;513=0;514=0},0,,,,,,{},{},,{},{},0,{},{y=0;x=0},,,{},,FALSE,0,{}
60053,金币关卡终极模式44,金幣關卡終極模式44,Gold Stage Ultimate Mode 44,Màn Vàng Chế độ Cực hạn 44,골드 스테이지 얼티밋 모드 44,Estágio de Ouro Modo Supremo 44,ด่านเหรียญทองโหมดอัลติเมท 44,,<>,<>,city/adventure/exp/icon_jx.png,3,11,1,5,1,6,1,<>,battle_bgm.mp3,battle/scene/bg_dg.jpg,,{y=70;x=0},,,100,60052,<>,100,490,490,,,,2,0,0,0,{gold=iconNumBest;513=0;514=0},0,,,,,,{},{},,{},{},0,{},{y=0;x=0},,,{},,FALSE,0,{}
60054,金币关卡终极模式45,金幣關卡終極模式45,Gold Stage Ultimate Mode 45,Màn Vàng Chế độ Cực hạn 45,골드 스테이지 얼티밋 모드 45,Estágio de Ouro Modo Supremo 45,ด่านเหรียญทองโหมดอัลติเมท 45,,<>,<>,city/adventure/exp/icon_jx.png,3,11,1,5,1,6,1,<>,battle_bgm.mp3,battle/scene/bg_dg.jpg,,{y=70;x=0},,,100,60053,<>,100,490,490,,,,2,0,0,0,{gold=iconNumBest;513=0;514=0},0,,,,,,{},{},,{},{},0,{},{y=0;x=0},,,{},,FALSE,0,{}
60055,金币关卡终极模式46,金幣關卡終極模式46,Gold Stage Ultimate Mode 46,Màn Vàng Chế độ Cực hạn 46,골드 스테이지 얼티밋 모드 46,Estágio de Ouro Modo Supremo 46,ด่านเหรียญทองโหมดอัลติเมท 46,,<>,<>,city/adventure/exp/icon_jx.png,3,11,1,5,1,6,1,<>,battle_bgm.mp3,battle/scene/bg_dg.jpg,,{y=70;x=0},,,100,60054,<>,100,490,490,,,,2,0,0,0,{gold=iconNumBest;513=0;514=0},0,,,,,,{},{},,{},{},0,{},{y=0;x=0},,,{},,FALSE,0,{}
60056,金币关卡终极模式47,金幣關卡終極模式47,Gold Stage Ultimate Mode 47,Màn Vàng Chế độ Cực hạn 47,골드 스테이지 얼티밋 모드 47,Estágio de Ouro Modo Supremo 47,ด่านเหรียญทองโหมดอัลติเมท 47,,<>,<>,city/adventure/exp/icon_jx.png,3,11,1,5,1,6,1,<>,battle_bgm.mp3,battle/scene/bg_dg.jpg,,{y=70;x=0},,,100,60055,<>,100,490,490,,,,2,0,0,0,{gold=iconNumBest;513=0;514=0},0,,,,,,{},{},,{},{},0,{},{y=0;x=0},,,{},,FALSE,0,{}
60057,金币关卡终极模式48,金幣關卡終極模式48,Gold Stage Ultimate Mode 48,Màn Vàng Chế độ Cực hạn 48,골드 스테이지 얼티밋 모드 48,Estágio de Ouro Modo Supremo 48,ด่านเหรียญทองโหมดอัลติเมท 48,,<>,<>,city/adventure/exp/icon_jx.png,3,11,1,5,1,6,1,<>,battle_bgm.mp3,battle/scene/bg_dg.jpg,,{y=70;x=0},,,100,60056,<>,100,490,490,,,,2,0,0,0,{gold=iconNumBest;513=0;514=0},0,,,,,,{},{},,{},{},0,{},{y=0;x=0},,,{},,FALSE,0,{}
60058,金币关卡终极模式49,金幣關卡終極模式49,Gold Stage Ultimate Mode 49,Màn Vàng Chế độ Cực hạn 49,골드 스테이지 얼티밋 모드 49,Estágio de Ouro Modo Supremo 49,ด่านเหรียญทองโหมดอัลติเมท 49,,<>,<>,city/adventure/exp/icon_jx.png,3,11,1,5,1,6,1,<>,battle_bgm.mp3,battle/scene/bg_dg.jpg,,{y=70;x=0},,,100,60057,<>,100,490,490,,,,2,0,0,0,{gold=iconNumBest;513=0;514=0},0,,,,,,{},{},,{},{},0,{},{y=0;x=0},,,{},,FALSE,0,{}
60059,金币关卡终极模式50,金幣關卡終極模式50,Gold Stage Ultimate Mode 50,Màn Vàng Chế độ Cực hạn 50,골드 스테이지 얼티밋 모드 50,Estágio de Ouro Modo Supremo 50,ด่านเหรียญทองโหมดอัลติเมท 50,,<>,<>,city/adventure/exp/icon_jx.png,3,11,1,5,1,6,1,<>,battle_bgm.mp3,battle/scene/bg_dg.jpg,,{y=70;x=0},,,100,60058,<>,100,490,490,,,,2,0,0,0,{gold=iconNumBest;513=0;514=0},0,,,,,,{},{},,{},{},0,{},{y=0;x=0},,,{},,FALSE,0,{}
60101,经验关卡1,經驗關卡1,EXP Stage 1,Màn Kinh nghiệm 1,경험치 스테이지 1,Estágio de EXP 1,ด่านประสบการณ์ 1,,<>,<>,city/adventure/exp/icon_jd.png,4,12,1,5,1,6,1,<>,battle_bgm.mp3,battle/scene/bg_shm.jpg,,{y=70;x=0},,,26,,<>,26,150,150,,,,2,0,0,0,{11=0;12=0},0,,,,,,{},{},,{},{},0,{},{y=0;x=0},,,{40041=6;40021=14},{killNumber=20},FALSE,0,{}
60102,经验关卡2,經驗關卡2,EXP Stage 2,Màn Kinh nghiệm 2,경험치 스테이지 2,Estágio de EXP 2,ด่านประสบการณ์ 2,,<>,<>,city/adventure/exp/icon_kn.png,4,12,1,5,1,6,1,<>,battle_bgm.mp3,battle/scene/bg_shm.jpg,,{y=70;x=0},,,36,60101,<>,36,180,180,,,,2,0,0,0,{11=0;13=0;12=0},0,,,,,,{},{},,{},{},0,{},{y=0;x=0},,,{40022=14;40042=6},{killNumber=20},FALSE,0,{}
60103,经验关卡3,經驗關卡3,EXP Stage 3,Màn Kinh nghiệm 3,경험치 스테이지 3,Estágio de EXP 3,ด่านประสบการณ์ 3,,<>,<>,city/adventure/exp/icon_jj.png,4,12,1,5,1,6,1,<>,battle_bgm.mp3,battle/scene/bg_shm.jpg,,{y=70;x=0},,,48,60102,<>,48,240,240,,,,2,0,0,0,{11=0;13=0;12=0},0,,,,,,{},{},,{},{},0,{},{y=0;x=0},,,{40023=14;40043=6},{killNumber=20},FALSE,0,{}
60104,经验关卡4,經驗關卡4,EXP Stage 4,Màn Kinh nghiệm 4,경험치 스테이지 4,Estágio de EXP 4,ด่านประสบการณ์ 4,,<>,<>,city/adventure/exp/icon_ds.png,4,12,1,5,1,6,1,<>,battle_bgm.mp3,battle/scene/bg_shm.jpg,,{y=70;x=0},,,62,60103,<>,62,310,310,,,,2,0,0,0,{14=0;13=0;12=0},0,,,,,,{},{},,{},{},0,{},{y=0;x=0},,,{40044=6;40024=14},{killNumber=20},FALSE,0,{}
60105,经验关卡5,經驗關卡5,EXP Stage 5,Màn Kinh nghiệm 5,경험치 스테이지 5,Estágio de EXP 5,ด่านประสบการณ์ 5,,<>,<>,city/adventure/exp/icon_ly.png,4,12,1,5,1,6,1,<>,battle_bgm.mp3,battle/scene/bg_shm.jpg,,{y=70;x=0},,,76,60104,<>,76,380,380,,,,2,0,0,0,{14=0;13=0;12=0},0,,,,,,{},{},,{},{},0,{},{y=0;x=0},,,{40045=6;40025=14},{killNumber=20},FALSE,0,{}
60106,经验关卡6,經驗關卡6,EXP Stage 6,Màn Kinh nghiệm 6,경험치 스테이지 6,Estágio de EXP 6,ด่านประสบการณ์ 6,,<>,<>,city/adventure/exp/icon_sy.png,4,12,1,5,1,6,1,<>,battle_bgm.mp3,battle/scene/bg_shm.jpg,,{y=70;x=0},,,89,60105,<>,89,445,445,,,,2,0,0,0,{14=0;13=0;15=0},0,,,,,,{},{},,{},{},0,{},{y=0;x=0},,,{40026=14;40046=6},{killNumber=20},FALSE,0,{}
60107,经验关卡7,經驗關卡7,EXP Stage 7,Màn Kinh nghiệm 7,경험치 스테이지 7,Estágio de EXP 7,ด่านประสบการณ์ 7,,<>,<>,city/adventure/exp/icon_zj.png,4,12,1,5,1,6,1,<>,battle_bgm.mp3,battle/scene/bg_shm.jpg,,{y=70;x=0},,,97,60106,<>,97,510,510,,,,2,0,0,0,{14=0;13=0;15=0},0,,,,,,{},{},,{},{},0,{},{y=0;x=0},,,{40027=14;40047=6},{killNumber=20},FALSE,0,{}
60110,经验关卡终极模式1,經驗關卡終極模式1,EXP Stage Ultimate Mode 1,Màn Kinh nghiệm Chế độ Cực hạn 1,경험치 스테이지 얼티밋 모드 1,Estágio de EXP Modo Supremo 1,ด่านประสบการณ์โหมดอัลติเมท 1,,<>,<>,city/adventure/exp/icon_jx.png,4,12,1,5,1,6,1,<>,battle_bgm.mp3,battle/scene/bg_shm.jpg,,{y=70;x=0},,,104,60107,<>,100,510,510,,,,2,0,0,0,{14=0;13=0;15=0},0,,,,,,{},{},,{},{},0,{},{y=0;x=0},,,{40027=14;40047=6},{killNumber=20},FALSE,0,{}
60111,经验关卡终极模式2,經驗關卡終極模式2,EXP Stage Ultimate Mode 2,Màn Kinh nghiệm Chế độ Cực hạn 2,경험치 스테이지 얼티밋 모드 2,Estágio de EXP Modo Supremo 2,ด่านประสบการณ์โหมดอัลติเมท 2,,<>,<>,city/adventure/exp/icon_jx.png,4,12,1,5,1,6,1,<>,battle_bgm.mp3,battle/scene/bg_shm.jpg,,{y=70;x=0},,,104,60110,<>,100,510,510,,,,2,0,0,0,{14=0;13=0;15=0},0,,,,,,{},{},,{},{},0,{},{y=0;x=0},,,{40027=14;40047=6},{killNumber=20},FALSE,0,{}
60112,经验关卡终极模式3,經驗關卡終極模式3,EXP Stage Ultimate Mode 3,Màn Kinh nghiệm Chế độ Cực hạn 3,경험치 스테이지 얼티밋 모드 3,Estágio de EXP Modo Supremo 3,ด่านประสบการณ์โหมดอัลติเมท 3,,<>,<>,city/adventure/exp/icon_jx.png,4,12,1,5,1,6,1,<>,battle_bgm.mp3,battle/scene/bg_shm.jpg,,{y=70;x=0},,,104,60111,<>,100,510,510,,,,2,0,0,0,{14=0;13=0;15=0},0,,,,,,{},{},,{},{},0,{},{y=0;x=0},,,{40027=14;40047=6},{killNumber=20},FALSE,0,{}
60113,经验关卡终极模式4,經驗關卡終極模式4,EXP Stage Ultimate Mode 4,Màn Kinh nghiệm Chế độ Cực hạn 4,경험치 스테이지 얼티밋 모드 4,Estágio de EXP Modo Supremo 4,ด่านประสบการณ์โหมดอัลติเมท 4,,<>,<>,city/adventure/exp/icon_jx.png,4,12,1,5,1,6,1,<>,battle_bgm.mp3,battle/scene/bg_shm.jpg,,{y=70;x=0},,,104,60112,<>,100,510,510,,,,2,0,0,0,{14=0;13=0;15=0},0,,,,,,{},{},,{},{},0,{},{y=0;x=0},,,{40027=14;40047=6},{killNumber=20},FALSE,0,{}
60114,经验关卡终极模式5,經驗關卡終極模式5,EXP Stage Ultimate Mode 5,Màn Kinh nghiệm Chế độ Cực hạn 5,경험치 스테이지 얼티밋 모드 5,Estágio de EXP Modo Supremo 5,ด่านประสบการณ์โหมดอัลติเมท 5,,<>,<>,city/adventure/exp/icon_jx.png,4,12,1,5,1,6,1,<>,battle_bgm.mp3,battle/scene/bg_shm.jpg,,{y=70;x=0},,,104,60113,<>,100,510,510,,,,2,0,0,0,{14=0;13=0;15=0},0,,,,,,{},{},,{},{},0,{},{y=0;x=0},,,{40027=14;40047=6},{killNumber=20},FALSE,0,{}
60115,经验关卡终极模式6,經驗關卡終極模式6,EXP Stage Ultimate Mode 6,Màn Kinh nghiệm Chế độ Cực hạn 6,경험치 스테이지 얼티밋 모드 6,Estágio de EXP Modo Supremo 6,ด่านประสบการณ์โหมดอัลติเมท 6,,<>,<>,city/adventure/exp/icon_jx.png,4,12,1,5,1,6,1,<>,battle_bgm.mp3,battle/scene/bg_shm.jpg,,{y=70;x=0},,,104,60114,<>,100,510,510,,,,2,0,0,0,{14=0;13=0;15=0},0,,,,,,{},{},,{},{},0,{},{y=0;x=0},,,{40027=14;40047=6},{killNumber=20},FALSE,0,{}
60116,经验关卡终极模式7,經驗關卡終極模式7,EXP Stage Ultimate Mode 7,Màn Kinh nghiệm Chế độ Cực hạn 7,경험치 스테이지 얼티밋 모드 7,Estágio de EXP Modo Supremo 7,ด่านประสบการณ์โหมดอัลติเมท 7,,<>,<>,city/adventure/exp/icon_jx.png,4,12,1,5,1,6,1,<>,battle_bgm.mp3,battle/scene/bg_shm.jpg,,{y=70;x=0},,,104,60115,<>,100,510,510,,,,2,0,0,0,{14=0;13=0;15=0},0,,,,,,{},{},,{},{},0,{},{y=0;x=0},,,{40027=14;40047=6},{killNumber=20},FALSE,0,{}
60117,经验关卡终极模式8,經驗關卡終極模式8,EXP Stage Ultimate Mode 8,Màn Kinh nghiệm Chế độ Cực hạn 8,경험치 스테이지 얼티밋 모드 8,Estágio de EXP Modo Supremo 8,ด่านประสบการณ์โหมดอัลติเมท 8,,<>,<>,city/adventure/exp/icon_jx.png,4,12,1,5,1,6,1,<>,battle_bgm.mp3,battle/scene/bg_shm.jpg,,{y=70;x=0},,,104,60116,<>,100,510,510,,,,2,0,0,0,{14=0;13=0;15=0},0,,,,,,{},{},,{},{},0,{},{y=0;x=0},,,{40027=14;40047=6},{killNumber=20},FALSE,0,{}
60118,经验关卡终极模式9,經驗關卡終極模式9,EXP Stage Ultimate Mode 9,Màn Kinh nghiệm Chế độ Cực hạn 9,경험치 스테이지 얼티밋 모드 9,Estágio de EXP Modo Supremo 9,ด่านประสบการณ์โหมดอัลติเมท 9,,<>,<>,city/adventure/exp/icon_jx.png,4,12,1,5,1,6,1,<>,battle_bgm.mp3,battle/scene/bg_shm.jpg,,{y=70;x=0},,,104,60117,<>,100,510,510,,,,2,0,0,0,{14=0;13=0;15=0},0,,,,,,{},{},,{},{},0,{},{y=0;x=0},,,{40027=14;40047=6},{killNumber=20},FALSE,0,{}
60119,经验关卡终极模式10,經驗關卡終極模式10,EXP Stage Ultimate Mode 10,Màn Kinh nghiệm Chế độ Cực hạn 10,경험치 스테이지 얼티밋 모드 10,Estágio de EXP Modo Supremo 10,ด่านประสบการณ์โหมดอัลติเมท 10,,<>,<>,city/adventure/exp/icon_jx.png,4,12,1,5,1,6,1,<>,battle_bgm.mp3,battle/scene/bg_shm.jpg,,{y=70;x=0},,,104,60118,<>,100,510,510,,,,2,0,0,0,{14=0;13=0;15=0},0,,,,,,{},{},,{},{},0,{},{y=0;x=0},,,{40027=14;40047=6},{killNumber=20},FALSE,0,{}
60120,经验关卡终极模式11,經驗關卡終極模式11,EXP Stage Ultimate Mode 11,Màn Kinh nghiệm Chế độ Cực hạn 11,경험치 스테이지 얼티밋 모드 11,Estágio de EXP Modo Supremo 11,ด่านประสบการณ์โหมดอัลติเมท 11,,<>,<>,city/adventure/exp/icon_jx.png,4,12,1,5,1,6,1,<>,battle_bgm.mp3,battle/scene/bg_shm.jpg,,{y=70;x=0},,,104,60119,<>,100,510,510,,,,2,0,0,0,{14=0;13=0;15=0},0,,,,,,{},{},,{},{},0,{},{y=0;x=0},,,{40027=14;40047=6},{killNumber=20},FALSE,0,{}
60121,经验关卡终极模式12,經驗關卡終極模式12,EXP Stage Ultimate Mode 12,Màn Kinh nghiệm Chế độ Cực hạn 12,경험치 스테이지 얼티밋 모드 12,Estágio de EXP Modo Supremo 12,ด่านประสบการณ์โหมดอัลติเมท 12,,<>,<>,city/adventure/exp/icon_jx.png,4,12,1,5,1,6,1,<>,battle_bgm.mp3,battle/scene/bg_shm.jpg,,{y=70;x=0},,,104,60120,<>,100,510,510,,,,2,0,0,0,{14=0;13=0;15=0},0,,,,,,{},{},,{},{},0,{},{y=0;x=0},,,{40027=14;40047=6},{killNumber=20},FALSE,0,{}
60122,经验关卡终极模式13,經驗關卡終極模式13,EXP Stage Ultimate Mode 13,Màn Kinh nghiệm Chế độ Cực hạn 13,경험치 스테이지 얼티밋 모드 13,Estágio de EXP Modo Supremo 13,ด่านประสบการณ์โหมดอัลติเมท 13,,<>,<>,city/adventure/exp/icon_jx.png,4,12,1,5,1,6,1,<>,battle_bgm.mp3,battle/scene/bg_shm.jpg,,{y=70;x=0},,,104,60121,<>,100,510,510,,,,2,0,0,0,{14=0;13=0;15=0},0,,,,,,{},{},,{},{},0,{},{y=0;x=0},,,{40027=14;40047=6},{killNumber=20},FALSE,0,{}
60123,经验关卡终极模式14,經驗關卡終極模式14,EXP Stage Ultimate Mode 14,Màn Kinh nghiệm Chế độ Cực hạn 14,경험치 스테이지 얼티밋 모드 14,Estágio de EXP Modo Supremo 14,ด่านประสบการณ์โหมดอัลติเมท 14,,<>,<>,city/adventure/exp/icon_jx.png,4,12,1,5,1,6,1,<>,battle_bgm.mp3,battle/scene/bg_shm.jpg,,{y=70;x=0},,,104,60122,<>,100,510,510,,,,2,0,0,0,{14=0;13=0;15=0},0,,,,,,{},{},,{},{},0,{},{y=0;x=0},,,{40027=14;40047=6},{killNumber=20},FALSE,0,{}
60124,经验关卡终极模式15,經驗關卡終極模式15,EXP Stage Ultimate Mode 15,Màn Kinh nghiệm Chế độ Cực hạn 15,경험치 스테이지 얼티밋 모드 15,Estágio de EXP Modo Supremo 15,ด่านประสบการณ์โหมดอัลติเมท 15,,<>,<>,city/adventure/exp/icon_jx.png,4,12,1,5,1,6,1,<>,battle_bgm.mp3,battle/scene/bg_shm.jpg,,{y=70;x=0},,,104,60123,<>,100,510,510,,,,2,0,0,0,{14=0;13=0;15=0},0,,,,,,{},{},,{},{},0,{},{y=0;x=0},,,{40027=14;40047=6},{killNumber=20},FALSE,0,{}
60125,经验关卡终极模式16,經驗關卡終極模式16,EXP Stage Ultimate Mode 16,Màn Kinh nghiệm Chế độ Cực hạn 16,경험치 스테이지 얼티밋 모드 16,Estágio de EXP Modo Supremo 16,ด่านประสบการณ์โหมดอัลติเมท 16,,<>,<>,city/adventure/exp/icon_jx.png,4,12,1,5,1,6,1,<>,battle_bgm.mp3,battle/scene/bg_shm.jpg,,{y=70;x=0},,,104,60124,<>,100,510,510,,,,2,0,0,0,{14=0;13=0;15=0},0,,,,,,{},{},,{},{},0,{},{y=0;x=0},,,{40027=14;40047=6},{killNumber=20},FALSE,0,{}
60126,经验关卡终极模式17,經驗關卡終極模式17,EXP Stage Ultimate Mode 17,Màn Kinh nghiệm Chế độ Cực hạn 17,경험치 스테이지 얼티밋 모드 17,Estágio de EXP Modo Supremo 17,ด่านประสบการณ์โหมดอัลติเมท 17,,<>,<>,city/adventure/exp/icon_jx.png,4,12,1,5,1,6,1,<>,battle_bgm.mp3,battle/scene/bg_shm.jpg,,{y=70;x=0},,,104,60125,<>,100,510,510,,,,2,0,0,0,{14=0;13=0;15=0},0,,,,,,{},{},,{},{},0,{},{y=0;x=0},,,{40027=14;40047=6},{killNumber=20},FALSE,0,{}
60127,经验关卡终极模式18,經驗關卡終極模式18,EXP Stage Ultimate Mode 18,Màn Kinh nghiệm Chế độ Cực hạn 18,경험치 스테이지 얼티밋 모드 18,Estágio de EXP Modo Supremo 18,ด่านประสบการณ์โหมดอัลติเมท 18,,<>,<>,city/adventure/exp/icon_jx.png,4,12,1,5,1,6,1,<>,battle_bgm.mp3,battle/scene/bg_shm.jpg,,{y=70;x=0},,,104,60126,<>,100,510,510,,,,2,0,0,0,{14=0;13=0;15=0},0,,,,,,{},{},,{},{},0,{},{y=0;x=0},,,{40027=14;40047=6},{killNumber=20},FALSE,0,{}
60128,经验关卡终极模式19,經驗關卡終極模式19,EXP Stage Ultimate Mode 19,Màn Kinh nghiệm Chế độ Cực hạn 19,경험치 스테이지 얼티밋 모드 19,Estágio de EXP Modo Supremo 19,ด่านประสบการณ์โหมดอัลติเมท 19,,<>,<>,city/adventure/exp/icon_jx.png,4,12,1,5,1,6,1,<>,battle_bgm.mp3,battle/scene/bg_shm.jpg,,{y=70;x=0},,,104,60127,<>,100,510,510,,,,2,0,0,0,{14=0;13=0;15=0},0,,,,,,{},{},,{},{},0,{},{y=0;x=0},,,{40027=14;40047=6},{killNumber=20},FALSE,0,{}
60129,经验关卡终极模式20,經驗關卡終極模式20,EXP Stage Ultimate Mode 20,Màn Kinh nghiệm Chế độ Cực hạn 20,경험치 스테이지 얼티밋 모드 20,Estágio de EXP Modo Supremo 20,ด่านประสบการณ์โหมดอัลติเมท 20,,<>,<>,city/adventure/exp/icon_jx.png,4,12,1,5,1,6,1,<>,battle_bgm.mp3,battle/scene/bg_shm.jpg,,{y=70;x=0},,,104,60128,<>,100,510,510,,,,2,0,0,0,{14=0;13=0;15=0},0,,,,,,{},{},,{},{},0,{},{y=0;x=0},,,{40027=14;40047=6},{killNumber=20},FALSE,0,{}
60130,经验关卡终极模式21,經驗關卡終極模式21,EXP Stage Ultimate Mode 21,Màn Kinh nghiệm Chế độ Cực hạn 21,경험치 스테이지 얼티밋 모드 21,Estágio de EXP Modo Supremo 21,ด่านประสบการณ์โหมดอัลติเมท 21,,<>,<>,city/adventure/exp/icon_jx.png,4,12,1,5,1,6,1,<>,battle_bgm.mp3,battle/scene/bg_shm.jpg,,{y=70;x=0},,,104,60129,<>,100,510,510,,,,2,0,0,0,{14=0;13=0;15=0},0,,,,,,{},{},,{},{},0,{},{y=0;x=0},,,{40027=14;40047=6},{killNumber=20},FALSE,0,{}
60131,经验关卡终极模式22,經驗關卡終極模式22,EXP Stage Ultimate Mode 22,Màn Kinh nghiệm Chế độ Cực hạn 22,경험치 스테이지 얼티밋 모드 22,Estágio de EXP Modo Supremo 22,ด่านประสบการณ์โหมดอัลติเมท 22,,<>,<>,city/adventure/exp/icon_jx.png,4,12,1,5,1,6,1,<>,battle_bgm.mp3,battle/scene/bg_shm.jpg,,{y=70;x=0},,,104,60130,<>,100,510,510,,,,2,0,0,0,{14=0;13=0;15=0},0,,,,,,{},{},,{},{},0,{},{y=0;x=0},,,{40027=14;40047=6},{killNumber=20},FALSE,0,{}
60132,经验关卡终极模式23,經驗關卡終極模式23,EXP Stage Ultimate Mode 23,Màn Kinh nghiệm Chế độ Cực hạn 23,경험치 스테이지 얼티밋 모드 23,Estágio de EXP Modo Supremo 23,ด่านประสบการณ์โหมดอัลติเมท 23,,<>,<>,city/adventure/exp/icon_jx.png,4,12,1,5,1,6,1,<>,battle_bgm.mp3,battle/scene/bg_shm.jpg,,{y=70;x=0},,,104,60131,<>,100,510,510,,,,2,0,0,0,{14=0;13=0;15=0},0,,,,,,{},{},,{},{},0,{},{y=0;x=0},,,{40027=14;40047=6},{killNumber=20},FALSE,0,{}
60133,经验关卡终极模式24,經驗關卡終極模式24,EXP Stage Ultimate Mode 24,Màn Kinh nghiệm Chế độ Cực hạn 24,경험치 스테이지 얼티밋 모드 24,Estágio de EXP Modo Supremo 24,ด่านประสบการณ์โหมดอัลติเมท 24,,<>,<>,city/adventure/exp/icon_jx.png,4,12,1,5,1,6,1,<>,battle_bgm.mp3,battle/scene/bg_shm.jpg,,{y=70;x=0},,,104,60132,<>,100,510,510,,,,2,0,0,0,{14=0;13=0;15=0},0,,,,,,{},{},,{},{},0,{},{y=0;x=0},,,{40027=14;40047=6},{killNumber=20},FALSE,0,{}
60134,经验关卡终极模式25,經驗關卡終極模式25,EXP Stage Ultimate Mode 25,Màn Kinh nghiệm Chế độ Cực hạn 25,경험치 스테이지 얼티밋 모드 25,Estágio de EXP Modo Supremo 25,ด่านประสบการณ์โหมดอัลติเมท 25,,<>,<>,city/adventure/exp/icon_jx.png,4,12,1,5,1,6,1,<>,battle_bgm.mp3,battle/scene/bg_shm.jpg,,{y=70;x=0},,,104,60133,<>,100,510,510,,,,2,0,0,0,{14=0;13=0;15=0},0,,,,,,{},{},,{},{},0,{},{y=0;x=0},,,{40027=14;40047=6},{killNumber=20},FALSE,0,{}
60135,经验关卡终极模式26,經驗關卡終極模式26,EXP Stage Ultimate Mode 26,Màn Kinh nghiệm Chế độ Cực hạn 26,경험치 스테이지 얼티밋 모드 26,Estágio de EXP Modo Supremo 26,ด่านประสบการณ์โหมดอัลติเมท 26,,<>,<>,city/adventure/exp/icon_jx.png,4,12,1,5,1,6,1,<>,battle_bgm.mp3,battle/scene/bg_shm.jpg,,{y=70;x=0},,,104,60134,<>,100,510,510,,,,2,0,0,0,{14=0;13=0;15=0},0,,,,,,{},{},,{},{},0,{},{y=0;x=0},,,{40027=14;40047=6},{killNumber=20},FALSE,0,{}
60136,经验关卡终极模式27,經驗關卡終極模式27,EXP Stage Ultimate Mode 27,Màn Kinh nghiệm Chế độ Cực hạn 27,경험치 스테이지 얼티밋 모드 27,Estágio de EXP Modo Supremo 27,ด่านประสบการณ์โหมดอัลติเมท 27,,<>,<>,city/adventure/exp/icon_jx.png,4,12,1,5,1,6,1,<>,battle_bgm.mp3,battle/scene/bg_shm.jpg,,{y=70;x=0},,,104,60135,<>,100,510,510,,,,2,0,0,0,{14=0;13=0;15=0},0,,,,,,{},{},,{},{},0,{},{y=0;x=0},,,{40027=14;40047=6},{killNumber=20},FALSE,0,{}
60137,经验关卡终极模式28,經驗關卡終極模式28,EXP Stage Ultimate Mode 28,Màn Kinh nghiệm Chế độ Cực hạn 28,경험치 스테이지 얼티밋 모드 28,Estágio de EXP Modo Supremo 28,ด่านประสบการณ์โหมดอัลติเมท 28,,<>,<>,city/adventure/exp/icon_jx.png,4,12,1,5,1,6,1,<>,battle_bgm.mp3,battle/scene/bg_shm.jpg,,{y=70;x=0},,,104,60136,<>,100,510,510,,,,2,0,0,0,{14=0;13=0;15=0},0,,,,,,{},{},,{},{},0,{},{y=0;x=0},,,{40027=14;40047=6},{killNumber=20},FALSE,0,{}
60138,经验关卡终极模式29,經驗關卡終極模式29,EXP Stage Ultimate Mode 29,Màn Kinh nghiệm Chế độ Cực hạn 29,경험치 스테이지 얼티밋 모드 29,Estágio de EXP Modo Supremo 29,ด่านประสบการณ์โหมดอัลติเมท 29,,<>,<>,city/adventure/exp/icon_jx.png,4,12,1,5,1,6,1,<>,battle_bgm.mp3,battle/scene/bg_shm.jpg,,{y=70;x=0},,,104,60137,<>,100,510,510,,,,2,0,0,0,{14=0;13=0;15=0},0,,,,,,{},{},,{},{},0,{},{y=0;x=0},,,{40027=14;40047=6},{killNumber=20},FALSE,0,{}
60139,经验关卡终极模式30,經驗關卡終極模式30,EXP Stage Ultimate Mode 30,Màn Kinh nghiệm Chế độ Cực hạn 30,경험치 스테이지 얼티밋 모드 30,Estágio de EXP Modo Supremo 30,ด่านประสบการณ์โหมดอัลติเมท 30,,<>,<>,city/adventure/exp/icon_jx.png,4,12,1,5,1,6,1,<>,battle_bgm.mp3,battle/scene/bg_shm.jpg,,{y=70;x=0},,,104,60138,<>,100,510,510,,,,2,0,0,0,{14=0;13=0;15=0},0,,,,,,{},{},,{},{},0,{},{y=0;x=0},,,{40027=14;40047=6},{killNumber=20},FALSE,0,{}
60140,经验关卡终极模式31,經驗關卡終極模式31,EXP Stage Ultimate Mode 31,Màn Kinh nghiệm Chế độ Cực hạn 31,경험치 스테이지 얼티밋 모드 31,Estágio de EXP Modo Supremo 31,ด่านประสบการณ์โหมดอัลติเมท 31,,<>,<>,city/adventure/exp/icon_jx.png,4,12,1,5,1,6,1,<>,battle_bgm.mp3,battle/scene/bg_shm.jpg,,{y=70;x=0},,,104,60139,<>,100,510,510,,,,2,0,0,0,{14=0;13=0;15=0},0,,,,,,{},{},,{},{},0,{},{y=0;x=0},,,{40027=14;40047=6},{killNumber=20},FALSE,0,{}
60141,经验关卡终极模式32,經驗關卡終極模式32,EXP Stage Ultimate Mode 32,Màn Kinh nghiệm Chế độ Cực hạn 32,경험치 스테이지 얼티밋 모드 32,Estágio de EXP Modo Supremo 32,ด่านประสบการณ์โหมดอัลติเมท 32,,<>,<>,city/adventure/exp/icon_jx.png,4,12,1,5,1,6,1,<>,battle_bgm.mp3,battle/scene/bg_shm.jpg,,{y=70;x=0},,,104,60140,<>,100,510,510,,,,2,0,0,0,{14=0;13=0;15=0},0,,,,,,{},{},,{},{},0,{},{y=0;x=0},,,{40027=14;40047=6},{killNumber=20},FALSE,0,{}
60142,经验关卡终极模式33,經驗關卡終極模式33,EXP Stage Ultimate Mode 33,Màn Kinh nghiệm Chế độ Cực hạn 33,경험치 스테이지 얼티밋 모드 33,Estágio de EXP Modo Supremo 33,ด่านประสบการณ์โหมดอัลติเมท 33,,<>,<>,city/adventure/exp/icon_jx.png,4,12,1,5,1,6,1,<>,battle_bgm.mp3,battle/scene/bg_shm.jpg,,{y=70;x=0},,,104,60141,<>,100,510,510,,,,2,0,0,0,{14=0;13=0;15=0},0,,,,,,{},{},,{},{},0,{},{y=0;x=0},,,{40027=14;40047=6},{killNumber=20},FALSE,0,{}
60143,经验关卡终极模式34,經驗關卡終極模式34,EXP Stage Ultimate Mode 34,Màn Kinh nghiệm Chế độ Cực hạn 34,경험치 스테이지 얼티밋 모드 34,Estágio de EXP Modo Supremo 34,ด่านประสบการณ์โหมดอัลติเมท 34,,<>,<>,city/adventure/exp/icon_jx.png,4,12,1,5,1,6,1,<>,battle_bgm.mp3,battle/scene/bg_shm.jpg,,{y=70;x=0},,,104,60142,<>,100,510,510,,,,2,0,0,0,{14=0;13=0;15=0},0,,,,,,{},{},,{},{},0,{},{y=0;x=0},,,{40027=14;40047=6},{killNumber=20},FALSE,0,{}
60144,经验关卡终极模式35,經驗關卡終極模式35,EXP Stage Ultimate Mode 35,Màn Kinh nghiệm Chế độ Cực hạn 35,경험치 스테이지 얼티밋 모드 35,Estágio de EXP Modo Supremo 35,ด่านประสบการณ์โหมดอัลติเมท 35,,<>,<>,city/adventure/exp/icon_jx.png,4,12,1,5,1,6,1,<>,battle_bgm.mp3,battle/scene/bg_shm.jpg,,{y=70;x=0},,,104,60143,<>,100,510,510,,,,2,0,0,0,{14=0;13=0;15=0},0,,,,,,{},{},,{},{},0,{},{y=0;x=0},,,{40027=14;40047=6},{killNumber=20},FALSE,0,{}
60145,经验关卡终极模式36,經驗關卡終極模式36,EXP Stage Ultimate Mode 36,Màn Kinh nghiệm Chế độ Cực hạn 36,경험치 스테이지 얼티밋 모드 36,Estágio de EXP Modo Supremo 36,ด่านประสบการณ์โหมดอัลติเมท 36,,<>,<>,city/adventure/exp/icon_jx.png,4,12,1,5,1,6,1,<>,battle_bgm.mp3,battle/scene/bg_shm.jpg,,{y=70;x=0},,,104,60144,<>,100,510,510,,,,2,0,0,0,{14=0;13=0;15=0},0,,,,,,{},{},,{},{},0,{},{y=0;x=0},,,{40027=14;40047=6},{killNumber=20},FALSE,0,{}
60146,经验关卡终极模式37,經驗關卡終極模式37,EXP Stage Ultimate Mode 37,Màn Kinh nghiệm Chế độ Cực hạn 37,경험치 스테이지 얼티밋 모드 37,Estágio de EXP Modo Supremo 37,ด่านประสบการณ์โหมดอัลติเมท 37,,<>,<>,city/adventure/exp/icon_jx.png,4,12,1,5,1,6,1,<>,battle_bgm.mp3,battle/scene/bg_shm.jpg,,{y=70;x=0},,,104,60145,<>,100,510,510,,,,2,0,0,0,{14=0;13=0;15=0},0,,,,,,{},{},,{},{},0,{},{y=0;x=0},,,{40027=14;40047=6},{killNumber=20},FALSE,0,{}
60147,经验关卡终极模式38,經驗關卡終極模式38,EXP Stage Ultimate Mode 38,Màn Kinh nghiệm Chế độ Cực hạn 38,경험치 스테이지 얼티밋 모드 38,Estágio de EXP Modo Supremo 38,ด่านประสบการณ์โหมดอัลติเมท 38,,<>,<>,city/adventure/exp/icon_jx.png,4,12,1,5,1,6,1,<>,battle_bgm.mp3,battle/scene/bg_shm.jpg,,{y=70;x=0},,,104,60146,<>,100,510,510,,,,2,0,0,0,{14=0;13=0;15=0},0,,,,,,{},{},,{},{},0,{},{y=0;x=0},,,{40027=14;40047=6},{killNumber=20},FALSE,0,{}
60148,经验关卡终极模式39,經驗關卡終極模式39,EXP Stage Ultimate Mode 39,Màn Kinh nghiệm Chế độ Cực hạn 39,경험치 스테이지 얼티밋 모드 39,Estágio de EXP Modo Supremo 39,ด่านประสบการณ์โหมดอัลติเมท 39,,<>,<>,city/adventure/exp/icon_jx.png,4,12,1,5,1,6,1,<>,battle_bgm.mp3,battle/scene/bg_shm.jpg,,{y=70;x=0},,,104,60147,<>,100,510,510,,,,2,0,0,0,{14=0;13=0;15=0},0,,,,,,{},{},,{},{},0,{},{y=0;x=0},,,{40027=14;40047=6},{killNumber=20},FALSE,0,{}
60149,经验关卡终极模式40,經驗關卡終極模式40,EXP Stage Ultimate Mode 40,Màn Kinh nghiệm Chế độ Cực hạn 40,경험치 스테이지 얼티밋 모드 40,Estágio de EXP Modo Supremo 40,ด่านประสบการณ์โหมดอัลติเมท 40,,<>,<>,city/adventure/exp/icon_jx.png,4,12,1,5,1,6,1,<>,battle_bgm.mp3,battle/scene/bg_shm.jpg,,{y=70;x=0},,,104,60148,<>,100,510,510,,,,2,0,0,0,{14=0;13=0;15=0},0,,,,,,{},{},,{},{},0,{},{y=0;x=0},,,{40027=14;40047=6},{killNumber=20},FALSE,0,{}
60150,经验关卡终极模式41,經驗關卡終極模式41,EXP Stage Ultimate Mode 41,Màn Kinh nghiệm Chế độ Cực hạn 41,경험치 스테이지 얼티밋 모드 41,Estágio de EXP Modo Supremo 41,ด่านประสบการณ์โหมดอัลติเมท 41,,<>,<>,city/adventure/exp/icon_jx.png,4,12,1,5,1,6,1,<>,battle_bgm.mp3,battle/scene/bg_shm.jpg,,{y=70;x=0},,,104,60149,<>,100,510,510,,,,2,0,0,0,{14=0;13=0;15=0},0,,,,,,{},{},,{},{},0,{},{y=0;x=0},,,{40027=14;40047=6},{killNumber=20},FALSE,0,{}
60151,经验关卡终极模式42,經驗關卡終極模式42,EXP Stage Ultimate Mode 42,Màn Kinh nghiệm Chế độ Cực hạn 42,경험치 스테이지 얼티밋 모드 42,Estágio de EXP Modo Supremo 42,ด่านประสบการณ์โหมดอัลติเมท 42,,<>,<>,city/adventure/exp/icon_jx.png,4,12,1,5,1,6,1,<>,battle_bgm.mp3,battle/scene/bg_shm.jpg,,{y=70;x=0},,,104,60150,<>,100,510,510,,,,2,0,0,0,{14=0;13=0;15=0},0,,,,,,{},{},,{},{},0,{},{y=0;x=0},,,{40027=14;40047=6},{killNumber=20},FALSE,0,{}
60152,经验关卡终极模式43,經驗關卡終極模式43,EXP Stage Ultimate Mode 43,Màn Kinh nghiệm Chế độ Cực hạn 43,경험치 스테이지 얼티밋 모드 43,Estágio de EXP Modo Supremo 43,ด่านประสบการณ์โหมดอัลติเมท 43,,<>,<>,city/adventure/exp/icon_jx.png,4,12,1,5,1,6,1,<>,battle_bgm.mp3,battle/scene/bg_shm.jpg,,{y=70;x=0},,,104,60151,<>,100,510,510,,,,2,0,0,0,{14=0;13=0;15=0},0,,,,,,{},{},,{},{},0,{},{y=0;x=0},,,{40027=14;40047=6},{killNumber=20},FALSE,0,{}
60153,经验关卡终极模式44,經驗關卡終極模式44,EXP Stage Ultimate Mode 44,Màn Kinh nghiệm Chế độ Cực hạn 44,경험치 스테이지 얼티밋 모드 44,Estágio de EXP Modo Supremo 44,ด่านประสบการณ์โหมดอัลติเมท 44,,<>,<>,city/adventure/exp/icon_jx.png,4,12,1,5,1,6,1,<>,battle_bgm.mp3,battle/scene/bg_shm.jpg,,{y=70;x=0},,,104,60152,<>,100,510,510,,,,2,0,0,0,{14=0;13=0;15=0},0,,,,,,{},{},,{},{},0,{},{y=0;x=0},,,{40027=14;40047=6},{killNumber=20},FALSE,0,{}
60154,经验关卡终极模式45,經驗關卡終極模式45,EXP Stage Ultimate Mode 45,Màn Kinh nghiệm Chế độ Cực hạn 45,경험치 스테이지 얼티밋 모드 45,Estágio de EXP Modo Supremo 45,ด่านประสบการณ์โหมดอัลติเมท 45,,<>,<>,city/adventure/exp/icon_jx.png,4,12,1,5,1,6,1,<>,battle_bgm.mp3,battle/scene/bg_shm.jpg,,{y=70;x=0},,,104,60153,<>,100,510,510,,,,2,0,0,0,{14=0;13=0;15=0},0,,,,,,{},{},,{},{},0,{},{y=0;x=0},,,{40027=14;40047=6},{killNumber=20},FALSE,0,{}
60155,经验关卡终极模式46,經驗關卡終極模式46,EXP Stage Ultimate Mode 46,Màn Kinh nghiệm Chế độ Cực hạn 46,경험치 스테이지 얼티밋 모드 46,Estágio de EXP Modo Supremo 46,ด่านประสบการณ์โหมดอัลติเมท 46,,<>,<>,city/adventure/exp/icon_jx.png,4,12,1,5,1,6,1,<>,battle_bgm.mp3,battle/scene/bg_shm.jpg,,{y=70;x=0},,,104,60154,<>,100,510,510,,,,2,0,0,0,{14=0;13=0;15=0},0,,,,,,{},{},,{},{},0,{},{y=0;x=0},,,{40027=14;40047=6},{killNumber=20},FALSE,0,{}
60156,经验关卡终极模式47,經驗關卡終極模式47,EXP Stage Ultimate Mode 47,Màn Kinh nghiệm Chế độ Cực hạn 47,경험치 스테이지 얼티밋 모드 47,Estágio de EXP Modo Supremo 47,ด่านประสบการณ์โหมดอัลติเมท 47,,<>,<>,city/adventure/exp/icon_jx.png,4,12,1,5,1,6,1,<>,battle_bgm.mp3,battle/scene/bg_shm.jpg,,{y=70;x=0},,,104,60155,<>,100,510,510,,,,2,0,0,0,{14=0;13=0;15=0},0,,,,,,{},{},,{},{},0,{},{y=0;x=0},,,{40027=14;40047=6},{killNumber=20},FALSE,0,{}
60157,经验关卡终极模式48,經驗關卡終極模式48,EXP Stage Ultimate Mode 48,Màn Kinh nghiệm Chế độ Cực hạn 48,경험치 스테이지 얼티밋 모드 48,Estágio de EXP Modo Supremo 48,ด่านประสบการณ์โหมดอัลติเมท 48,,<>,<>,city/adventure/exp/icon_jx.png,4,12,1,5,1,6,1,<>,battle_bgm.mp3,battle/scene/bg_shm.jpg,,{y=70;x=0},,,104,60156,<>,100,510,510,,,,2,0,0,0,{14=0;13=0;15=0},0,,,,,,{},{},,{},{},0,{},{y=0;x=0},,,{40027=14;40047=6},{killNumber=20},FALSE,0,{}
60158,经验关卡终极模式49,經驗關卡終極模式49,EXP Stage Ultimate Mode 49,Màn Kinh nghiệm Chế độ Cực hạn 49,경험치 스테이지 얼티밋 모드 49,Estágio de EXP Modo Supremo 49,ด่านประสบการณ์โหมดอัลติเมท 49,,<>,<>,city/adventure/exp/icon_jx.png,4,12,1,5,1,6,1,<>,battle_bgm.mp3,battle/scene/bg_shm.jpg,,{y=70;x=0},,,104,60157,<>,100,510,510,,,,2,0,0,0,{14=0;13=0;15=0},0,,,,,,{},{},,{},{},0,{},{y=0;x=0},,,{40027=14;40047=6},{killNumber=20},FALSE,0,{}
60159,经验关卡终极模式50,經驗關卡終極模式50,EXP Stage Ultimate Mode 50,Màn Kinh nghiệm Chế độ Cực hạn 50,경험치 스테이지 얼티밋 모드 50,Estágio de EXP Modo Supremo 50,ด่านประสบการณ์โหมดอัลติเมท 50,,<>,<>,city/adventure/exp/icon_jx.png,4,12,1,5,1,6,1,<>,battle_bgm.mp3,battle/scene/bg_shm.jpg,,{y=70;x=0},,,104,60158,<>,100,510,510,,,,2,0,0,0,{14=0;13=0;15=0},0,,,,,,{},{},,{},{},0,{},{y=0;x=0},,,{40027=14;40047=6},{killNumber=20},FALSE,0,{}
60201,礼物副本物免1,禮物副本物免1,Gift Dungeon P.DEF-Immune 1,Phó bản Quà Miễn P.DEF 1,선물 던전 물리 면역 1,Masmorra de Presente Imune a DEF.F. 1,ดันเจี้ยนของขวัญต้านทานกายภาพ 1,,<>,<>,city/adventure/exp/icon_jd.png,7,13,2,5,1,6,1,<>,battle_bgm.mp3,battle/scene/bg_grass.jpg,,{y=70;x=0},,,30,,<>,30,120,120,,,,2,0,0,0,{900=0;901=0},0,,,,,,{},{},,{},{},0,{},{y=0;x=0},,,{},,FALSE,0,{}
60202,礼物副本物免2,禮物副本物免2,Gift Dungeon P.DEF-Immune 2,Phó bản Quà Miễn P.DEF 2,선물 던전 물리 면역 2,Masmorra de Presente Imune a DEF.F. 2,ดันเจี้ยนของขวัญต้านทานกายภาพ 2,,<>,<>,city/adventure/exp/icon_kn.png,7,13,2,5,1,6,1,<>,battle_bgm.mp3,battle/scene/bg_night.jpg,,{y=70;x=0},,,40,,<>,40,160,160,,,,2,0,0,0,{900=0;901=0},0,,,,,,{},{},,{},{},0,{},{y=0;x=0},,,{},,FALSE,0,{}
60203,礼物副本物免3,禮物副本物免3,Gift Dungeon P.DEF-Immune 3,Phó bản Quà Miễn P.DEF 3,선물 던전 물리 면역 3,Masmorra de Presente Imune a DEF.F. 3,ดันเจี้ยนของขวัญต้านทานกายภาพ 3,,<>,<>,city/adventure/exp/icon_jj.png,7,13,2,5,1,6,1,<>,battle_bgm.mp3,battle/scene/bg_tower.jpg,,{y=70;x=0},,,52,,<>,52,208,208,,,,2,0,0,0,{900=0;902=0},0,,,,,,{},{},,{},{},0,{},{y=0;x=0},,,{},,FALSE,0,{}
60204,礼物副本物免4,禮物副本物免4,Gift Dungeon P.DEF-Immune 4,Phó bản Quà Miễn P.DEF 4,선물 던전 물리 면역 4,Masmorra de Presente Imune a DEF.F. 4,ดันเจี้ยนของขวัญต้านทานกายภาพ 4,,<>,<>,city/adventure/exp/icon_ds.png,7,13,2,5,1,6,1,<>,battle_bgm.mp3,battle/scene/bg_sd.jpg,,{y=70;x=0},,,64,,<>,64,256,256,,,,2,0,0,0,{900=0;901=0;902=0},0,,,,,,{},{},,{},{},0,{},{y=0;x=0},,,{},,FALSE,0,{}
60205,礼物副本物免5,禮物副本物免5,Gift Dungeon P.DEF-Immune 5,Phó bản Quà Miễn P.DEF 5,선물 던전 물리 면역 5,Masmorra de Presente Imune a DEF.F. 5,ดันเจี้ยนของขวัญต้านทานกายภาพ 5,,<>,<>,city/adventure/exp/icon_ly.png,7,13,2,5,1,6,1,<>,battle_bgm.mp3,battle/scene/bg_red.jpg,,{y=70;x=0},,,78,,<>,78,312,312,,,,2,0,0,0,{900=0;901=0;902=0},0,,,,,,{},{},,{},{},0,{},{y=0;x=0},,,{},,FALSE,0,{}
60206,礼物副本物免6,禮物副本物免6,Gift Dungeon P.DEF-Immune 6,Phó bản Quà Miễn P.DEF 6,선물 던전 물리 면역 6,Masmorra de Presente Imune a DEF.F. 6,ดันเจี้ยนของขวัญต้านทานกายภาพ 6,,<>,<>,city/adventure/exp/icon_sy.png,7,13,2,5,1,6,1,<>,battle_bgm.mp3,battle/scene/bg_grass.jpg,,{y=70;x=0},,,91,,<>,91,364,364,,,,2,0,0,0,{900=0;901=0;902=0},0,,,,,,{},{},,{},{},0,{},{y=0;x=0},,,{},,FALSE,0,{}
60207,礼物副本物免7,禮物副本物免7,Gift Dungeon P.DEF-Immune 7,Phó bản Quà Miễn P.DEF 7,선물 던전 물리 면역 7,Masmorra de Presente Imune a DEF.F. 7,ดันเจี้ยนของขวัญต้านทานกายภาพ 7,,<>,<>,city/adventure/exp/icon_zj.png,7,13,2,5,1,6,1,<>,battle_bgm.mp3,battle/scene/bg_grass.jpg,,{y=70;x=0},,,100,,<>,100,416,416,,,,2,0,0,0,{900=0;901=0;902=0},0,,,,,,{},{},,{},{},0,{},{y=0;x=0},,,{},,FALSE,0,{}
60251,礼物副本物免1,禮物副本物免1,Gift Dungeon SP.DEF-Immune 1,Phó bản Quà Miễn SP.DEF 1,선물 던전 특수 면역 1,Masmorra de Presente Imune a DEF.E. 1,ดันเจี้ยนของขวัญต้านทานพิเศษ 1,,<>,<>,city/adventure/exp/icon_jd.png,7,13,2,5,1,6,1,<>,battle_bgm.mp3,battle/scene/bg_tower.jpg,,{y=70;x=0},,,30,,<>,30,120,120,,,,2,0,0,0,{900=0;901=0},0,,,,,,{},{},,{},{},0,{},{y=0;x=0},,,{},,FALSE,0,{}
60252,礼物副本物免2,禮物副本物免2,Gift Dungeon SP.DEF-Immune 2,Phó bản Quà Miễn SP.DEF 2,선물 던전 특수 면역 2,Masmorra de Presente Imune a DEF.E. 2,ดันเจี้ยนของขวัญต้านทานพิเศษ 2,,<>,<>,city/adventure/exp/icon_kn.png,7,13,2,5,1,6,1,<>,battle_bgm.mp3,battle/scene/bg_sd.jpg,,{y=70;x=0},,,40,,<>,40,160,160,,,,2,0,0,0,{900=0;901=0},0,,,,,,{},{},,{},{},0,{},{y=0;x=0},,,{},,FALSE,0,{}
60253,礼物副本物免3,禮物副本物免3,Gift Dungeon SP.DEF-Immune 3,Phó bản Quà Miễn SP.DEF 3,선물 던전 특수 면역 3,Masmorra de Presente Imune a DEF.E. 3,ดันเจี้ยนของขวัญต้านทานพิเศษ 3,,<>,<>,city/adventure/exp/icon_jj.png,7,13,2,5,1,6,1,<>,battle_bgm.mp3,battle/scene/bg_red.jpg,,{y=70;x=0},,,52,,<>,52,208,208,,,,2,0,0,0,{900=0;902=0},0,,,,,,{},{},,{},{},0,{},{y=0;x=0},,,{},,FALSE,0,{}
60254,礼物副本物免4,禮物副本物免4,Gift Dungeon SP.DEF-Immune 4,Phó bản Quà Miễn SP.DEF 4,선물 던전 특수 면역 4,Masmorra de Presente Imune a DEF.E. 4,ดันเจี้ยนของขวัญต้านทานพิเศษ 4,,<>,<>,city/adventure/exp/icon_ds.png,7,13,2,5,1,6,1,<>,battle_bgm.mp3,battle/scene/bg_grass.jpg,,{y=70;x=0},,,64,,<>,64,256,256,,,,2,0,0,0,{900=0;901=0;902=0},0,,,,,,{},{},,{},{},0,{},{y=0;x=0},,,{},,FALSE,0,{}
60255,礼物副本物免5,禮物副本物免5,Gift Dungeon SP.DEF-Immune 5,Phó bản Quà Miễn SP.DEF 5,선물 던전 특수 면역 5,Masmorra de Presente Imune a DEF.E. 5,ดันเจี้ยนของขวัญต้านทานพิเศษ 5,,<>,<>,city/adventure/exp/icon_ly.png,7,13,2,5,1,6,1,<>,battle_bgm.mp3,battle/scene/bg_night.jpg,,{y=70;x=0},,,78,,<>,78,312,312,,,,2,0,0,0,{900=0;901=0;902=0},0,,,,,,{},{},,{},{},0,{},{y=0;x=0},,,{},,FALSE,0,{}
60256,礼物副本物免6,禮物副本物免6,Gift Dungeon SP.DEF-Immune 6,Phó bản Quà Miễn SP.DEF 6,선물 던전 특수 면역 6,Masmorra de Presente Imune a DEF.E. 6,ดันเจี้ยนของขวัญต้านทานพิเศษ 6,,<>,<>,city/adventure/exp/icon_sy.png,7,13,2,5,1,6,1,<>,battle_bgm.mp3,battle/scene/bg_tower.jpg,,{y=70;x=0},,,91,,<>,91,364,364,,,,2,0,0,0,{900=0;901=0;902=0},0,,,,,,{},{},,{},{},0,{},{y=0;x=0},,,{},,FALSE,0,{}
60257,礼物副本物免7,禮物副本物免7,Gift Dungeon SP.DEF-Immune 7,Phó bản Quà Miễn SP.DEF 7,선물 던전 특수 면역 7,Masmorra de Presente Imune a DEF.E. 7,ดันเจี้ยนของขวัญต้านทานพิเศษ 7,,<>,<>,city/adventure/exp/icon_zj.png,7,13,2,5,1,6,1,<>,battle_bgm.mp3,battle/scene/bg_grass.jpg,,{y=70;x=0},,,100,,<>,100,416,416,,,,2,0,0,0,{900=0;901=0;902=0},0,,,,,,{},{},,{},{},0,{},{y=0;x=0},,,{},,FALSE,0,{}
60301,碎片本组1,碎片本組1,Shard Dungeon Group 1,Nhóm Phó bản Mảnh vỡ 1,조각 던전 그룹 1,Grupo de Masmorra de Fragmentos 1,ดันเจี้ยนชิ้นส่วนกลุ่ม 1,,<>,<>,city/adventure/exp/icon_jd.png,8,14,1,5,1,6,1,<>,battle_bgm.mp3,battle/scene/bg_red.jpg,,{y=70;x=0},,,36,,<>,36,144,144,,,,2,0,0,0,{900=0;901=0},0,,,,,,{},{},,{},{},0,{},{y=0;x=0},,,{},,FALSE,0,{}
60302,碎片本组1,碎片本組1,Shard Dungeon Group 1,Nhóm Phó bản Mảnh vỡ 1,조각 던전 그룹 1,Grupo de Masmorra de Fragmentos 1,ดันเจี้ยนชิ้นส่วนกลุ่ม 1,,<>,<>,city/adventure/exp/icon_kn.png,8,14,1,5,1,6,1,<>,battle_bgm.mp3,battle/scene/bg_grass.jpg,,{y=70;x=0},,,45,,<>,45,180,180,,,,2,0,0,0,{851=0;850=0;901=0;900=0},0,,,,,,{},{},,{},{},0,{},{y=0;x=0},,,{},,FALSE,0,{}
60303,碎片本组1,碎片本組1,Shard Dungeon Group 1,Nhóm Phó bản Mảnh vỡ 1,조각 던전 그룹 1,Grupo de Masmorra de Fragmentos 1,ดันเจี้ยนชิ้นส่วนกลุ่ม 1,,<>,<>,city/adventure/exp/icon_jj.png,8,14,1,5,1,6,1,<>,battle_bgm.mp3,battle/scene/bg_night.jpg,,{y=70;x=0},,,56,,<>,56,224,224,,,,2,0,0,0,{851=0;850=0;901=0;900=0},0,,,,,,{},{},,{},{},0,{},{y=0;x=0},,,{},,FALSE,0,{}
60304,碎片本组1,碎片本組1,Shard Dungeon Group 1,Nhóm Phó bản Mảnh vỡ 1,조각 던전 그룹 1,Grupo de Masmorra de Fragmentos 1,ดันเจี้ยนชิ้นส่วนกลุ่ม 1,,<>,<>,city/adventure/exp/icon_ds.png,8,14,1,5,1,6,1,<>,battle_bgm.mp3,battle/scene/bg_tower.jpg,,{y=70;x=0},,,68,,<>,68,272,272,,,,2,0,0,0,{851=0;850=0;901=0;902=0},0,,,,,,{},{},,{},{},0,{},{y=0;x=0},,,{},,FALSE,0,{}
60305,碎片本组1,碎片本組1,Shard Dungeon Group 1,Nhóm Phó bản Mảnh vỡ 1,조각 던전 그룹 1,Grupo de Masmorra de Fragmentos 1,ดันเจี้ยนชิ้นส่วนกลุ่ม 1,,<>,<>,city/adventure/exp/icon_ly.png,8,14,1,5,1,6,1,<>,battle_bgm.mp3,battle/scene/bg_sd.jpg,,{y=70;x=0},,,80,,<>,80,320,320,,,,2,0,0,0,{851=0;850=0;901=0;902=0},0,,,,,,{},{},,{},{},0,{},{y=0;x=0},,,{},,FALSE,0,{}
60306,碎片本组1,碎片本組1,Shard Dungeon Group 1,Nhóm Phó bản Mảnh vỡ 1,조각 던전 그룹 1,Grupo de Masmorra de Fragmentos 1,ดันเจี้ยนชิ้นส่วนกลุ่ม 1,,<>,<>,city/adventure/exp/icon_sy.png,8,14,1,5,1,6,1,<>,battle_bgm.mp3,battle/scene/bg_red.jpg,,{y=70;x=0},,,95,,<>,95,380,380,,,,2,0,0,0,{851=0;850=0;901=0;902=0},0,,,,,,{},{},,{},{},0,{},{y=0;x=0},,,{},,FALSE,0,{}
60307,碎片本组1,碎片本組1,Shard Dungeon Group 1,Nhóm Phó bản Mảnh vỡ 1,조각 던전 그룹 1,Grupo de Masmorra de Fragmentos 1,ดันเจี้ยนชิ้นส่วนกลุ่ม 1,,<>,<>,city/adventure/exp/icon_zj.png,8,14,1,5,1,6,1,<>,battle_bgm.mp3,battle/scene/bg_red.jpg,,{y=70;x=0},,,104,,<>,104,440,440,,,,2,0,0,0,{851=0;850=0;901=0;902=0},0,,,,,,{},{},,{},{},0,{},{y=0;x=0},,,{},,FALSE,0,{}
60321,碎片本组2,碎片本組2,Shard Dungeon Group 2,Nhóm Phó bản Mảnh vỡ 2,조각 던전 그룹 2,Grupo de Masmorra de Fragmentos 2,ดันเจี้ยนชิ้นส่วนกลุ่ม 2,,<>,<>,city/adventure/exp/icon_jd.png,8,14,1,5,1,6,1,<>,battle_bgm.mp3,battle/scene/bg_night.jpg,,{y=70;x=0},,,36,,<>,36,144,144,,,,2,0,0,0,{900=0;901=0},0,,,,,,{},{},,{},{},0,{},{y=0;x=0},,,{},,FALSE,0,{}
60322,碎片本组2,碎片本組2,Shard Dungeon Group 2,Nhóm Phó bản Mảnh vỡ 2,조각 던전 그룹 2,Grupo de Masmorra de Fragmentos 2,ดันเจี้ยนชิ้นส่วนกลุ่ม 2,,<>,<>,city/adventure/exp/icon_kn.png,8,14,1,5,1,6,1,<>,battle_bgm.mp3,battle/scene/bg_tower.jpg,,{y=70;x=0},,,45,,<>,45,180,180,,,,2,0,0,0,{851=0;850=0;901=0;900=0},0,,,,,,{},{},,{},{},0,{},{y=0;x=0},,,{},,FALSE,0,{}
60323,碎片本组2,碎片本組2,Shard Dungeon Group 2,Nhóm Phó bản Mảnh vỡ 2,조각 던전 그룹 2,Grupo de Masmorra de Fragmentos 2,ดันเจี้ยนชิ้นส่วนกลุ่ม 2,,<>,<>,city/adventure/exp/icon_jj.png,8,14,1,5,1,6,1,<>,battle_bgm.mp3,battle/scene/bg_sd.jpg,,{y=70;x=0},,,56,,<>,56,224,224,,,,2,0,0,0,{851=0;850=0;901=0;900=0},0,,,,,,{},{},,{},{},0,{},{y=0;x=0},,,{},,FALSE,0,{}
60324,碎片本组2,碎片本組2,Shard Dungeon Group 2,Nhóm Phó bản Mảnh vỡ 2,조각 던전 그룹 2,Grupo de Masmorra de Fragmentos 2,ดันเจี้ยนชิ้นส่วนกลุ่ม 2,,<>,<>,city/adventure/exp/icon_ds.png,8,14,1,5,1,6,1,<>,battle_bgm.mp3,battle/scene/bg_red.jpg,,{y=70;x=0},,,68,,<>,68,272,272,,,,2,0,0,0,{851=0;850=0;901=0;902=0},0,,,,,,{},{},,{},{},0,{},{y=0;x=0},,,{},,FALSE,0,{}
60325,碎片本组2,碎片本組2,Shard Dungeon Group 2,Nhóm Phó bản Mảnh vỡ 2,조각 던전 그룹 2,Grupo de Masmorra de Fragmentos 2,ดันเจี้ยนชิ้นส่วนกลุ่ม 2,,<>,<>,city/adventure/exp/icon_ly.png,8,14,1,5,1,6,1,<>,battle_bgm.mp3,battle/scene/bg_grass.jpg,,{y=70;x=0},,,80,,<>,80,320,320,,,,2,0,0,0,{851=0;850=0;901=0;902=0},0,,,,,,{},{},,{},{},0,{},{y=0;x=0},,,{},,FALSE,0,{}
60326,碎片本组2,碎片本組2,Shard Dungeon Group 2,Nhóm Phó bản Mảnh vỡ 2,조각 던전 그룹 2,Grupo de Masmorra de Fragmentos 2,ดันเจี้ยนชิ้นส่วนกลุ่ม 2,,<>,<>,city/adventure/exp/icon_sy.png,8,14,1,5,1,6,1,<>,battle_bgm.mp3,battle/scene/bg_night.jpg,,{y=70;x=0},,,95,,<>,95,380,380,,,,2,0,0,0,{851=0;850=0;901=0;902=0},0,,,,,,{},{},,{},{},0,{},{y=0;x=0},,,{},,FALSE,0,{}
60327,碎片本组2,碎片本組2,Shard Dungeon Group 2,Nhóm Phó bản Mảnh vỡ 2,조각 던전 그룹 2,Grupo de Masmorra de Fragmentos 2,ดันเจี้ยนชิ้นส่วนกลุ่ม 2,,<>,<>,city/adventure/exp/icon_zj.png,8,14,1,5,1,6,1,<>,battle_bgm.mp3,battle/scene/bg_night.jpg,,{y=70;x=0},,,104,,<>,104,440,440,,,,2,0,0,0,{851=0;850=0;901=0;902=0},0,,,,,,{},{},,{},{},0,{},{y=0;x=0},,,{},,FALSE,0,{}
60341,碎片本组3,碎片本組3,Shard Dungeon Group 3,Nhóm Phó bản Mảnh vỡ 3,조각 던전 그룹 3,Grupo de Masmorra de Fragmentos 3,ดันเจี้ยนชิ้นส่วนกลุ่ม 3,,<>,<>,city/adventure/exp/icon_jd.png,8,14,1,5,1,6,1,<>,battle_bgm.mp3,battle/scene/bg_night.jpg,,{y=70;x=0},,,36,,<>,36,144,144,,,,2,0,0,0,{900=0;901=0},0,,,,,,{},{},,{},{},0,{},{y=0;x=0},,,{},,FALSE,0,{}
60342,碎片本组3,碎片本組3,Shard Dungeon Group 3,Nhóm Phó bản Mảnh vỡ 3,조각 던전 그룹 3,Grupo de Masmorra de Fragmentos 3,ดันเจี้ยนชิ้นส่วนกลุ่ม 3,,<>,<>,city/adventure/exp/icon_kn.png,8,14,1,5,1,6,1,<>,battle_bgm.mp3,battle/scene/bg_tower.jpg,,{y=70;x=0},,,45,,<>,45,180,180,,,,2,0,0,0,{851=0;850=0;901=0;900=0},0,,,,,,{},{},,{},{},0,{},{y=0;x=0},,,{},,FALSE,0,{}
60343,碎片本组3,碎片本組3,Shard Dungeon Group 3,Nhóm Phó bản Mảnh vỡ 3,조각 던전 그룹 3,Grupo de Masmorra de Fragmentos 3,ดันเจี้ยนชิ้นส่วนกลุ่ม 3,,<>,<>,city/adventure/exp/icon_jj.png,8,14,1,5,1,6,1,<>,battle_bgm.mp3,battle/scene/bg_sd.jpg,,{y=70;x=0},,,56,,<>,56,224,224,,,,2,0,0,0,{851=0;850=0;901=0;900=0},0,,,,,,{},{},,{},{},0,{},{y=0;x=0},,,{},,FALSE,0,{}
60344,碎片本组3,碎片本組3,Shard Dungeon Group 3,Nhóm Phó bản Mảnh vỡ 3,조각 던전 그룹 3,Grupo de Masmorra de Fragmentos 3,ดันเจี้ยนชิ้นส่วนกลุ่ม 3,,<>,<>,city/adventure/exp/icon_ds.png,8,14,1,5,1,6,1,<>,battle_bgm.mp3,battle/scene/bg_red.jpg,,{y=70;x=0},,,68,,<>,68,272,272,,,,2,0,0,0,{851=0;850=0;901=0;902=0},0,,,,,,{},{},,{},{},0,{},{y=0;x=0},,,{},,FALSE,0,{}
60345,碎片本组3,碎片本組3,Shard Dungeon Group 3,Nhóm Phó bản Mảnh vỡ 3,조각 던전 그룹 3,Grupo de Masmorra de Fragmentos 3,ดันเจี้ยนชิ้นส่วนกลุ่ม 3,,<>,<>,city/adventure/exp/icon_ly.png,8,14,1,5,1,6,1,<>,battle_bgm.mp3,battle/scene/bg_grass.jpg,,{y=70;x=0},,,80,,<>,80,320,320,,,,2,0,0,0,{851=0;850=0;901=0;902=0},0,,,,,,{},{},,{},{},0,{},{y=0;x=0},,,{},,FALSE,0,{}
60346,碎片本组3,碎片本組3,Shard Dungeon Group 3,Nhóm Phó bản Mảnh vỡ 3,조각 던전 그룹 3,Grupo de Masmorra de Fragmentos 3,ดันเจี้ยนชิ้นส่วนกลุ่ม 3,,<>,<>,city/adventure/exp/icon_sy.png,8,14,1,5,1,6,1,<>,battle_bgm.mp3,battle/scene/bg_night.jpg,,{y=70;x=0},,,95,,<>,95,380,380,,,,2,0,0,0,{851=0;850=0;901=0;902=0},0,,,,,,{},{},,{},{},0,{},{y=0;x=0},,,{},,FALSE,0,{}
60347,碎片本组3,碎片本組3,Shard Dungeon Group 3,Nhóm Phó bản Mảnh vỡ 3,조각 던전 그룹 3,Grupo de Masmorra de Fragmentos 3,ดันเจี้ยนชิ้นส่วนกลุ่ม 3,,<>,<>,city/adventure/exp/icon_zj.png,8,14,1,5,1,6,1,<>,battle_bgm.mp3,battle/scene/bg_night.jpg,,{y=70;x=0},,,104,,<>,104,440,440,,,,2,0,0,0,{851=0;850=0;901=0;902=0},0,,,,,,{},{},,{},{},0,{},{y=0;x=0},,,{},,FALSE,0,{}
60361,碎片本组4,碎片本組4,Shard Dungeon Group 4,Nhóm Phó bản Mảnh vỡ 4,조각 던전 그룹 4,Grupo de Masmorra de Fragmentos 4,ดันเจี้ยนชิ้นส่วนกลุ่ม 4,,<>,<>,city/adventure/exp/icon_jd.png,8,14,1,5,1,6,1,<>,battle_bgm.mp3,battle/scene/bg_night.jpg,,{y=70;x=0},,,36,,<>,36,144,144,,,,2,0,0,0,{900=0;901=0},0,,,,,,{},{},,{},{},0,{},{y=0;x=0},,,{},,FALSE,0,{}
60362,碎片本组4,碎片本組4,Shard Dungeon Group 4,Nhóm Phó bản Mảnh vỡ 4,조각 던전 그룹 4,Grupo de Masmorra de Fragmentos 4,ดันเจี้ยนชิ้นส่วนกลุ่ม 4,,<>,<>,city/adventure/exp/icon_kn.png,8,14,1,5,1,6,1,<>,battle_bgm.mp3,battle/scene/bg_tower.jpg,,{y=70;x=0},,,45,,<>,45,180,180,,,,2,0,0,0,{851=0;850=0;901=0;900=0},0,,,,,,{},{},,{},{},0,{},{y=0;x=0},,,{},,FALSE,0,{}
60363,碎片本组4,碎片本組4,Shard Dungeon Group 4,Nhóm Phó bản Mảnh vỡ 4,조각 던전 그룹 4,Grupo de Masmorra de Fragmentos 4,ดันเจี้ยนชิ้นส่วนกลุ่ม 4,,<>,<>,city/adventure/exp/icon_jj.png,8,14,1,5,1,6,1,<>,battle_bgm.mp3,battle/scene/bg_sd.jpg,,{y=70;x=0},,,56,,<>,56,224,224,,,,2,0,0,0,{851=0;850=0;901=0;900=0},0,,,,,,{},{},,{},{},0,{},{y=0;x=0},,,{},,FALSE,0,{}
60364,碎片本组4,碎片本組4,Shard Dungeon Group 4,Nhóm Phó bản Mảnh vỡ 4,조각 던전 그룹 4,Grupo de Masmorra de Fragmentos 4,ดันเจี้ยนชิ้นส่วนกลุ่ม 4,,<>,<>,city/adventure/exp/icon_ds.png,8,14,1,5,1,6,1,<>,battle_bgm.mp3,battle/scene/bg_red.jpg,,{y=70;x=0},,,68,,<>,68,272,272,,,,2,0,0,0,{851=0;850=0;901=0;902=0},0,,,,,,{},{},,{},{},0,{},{y=0;x=0},,,{},,FALSE,0,{}
60365,碎片本组4,碎片本組4,Shard Dungeon Group 4,Nhóm Phó bản Mảnh vỡ 4,조각 던전 그룹 4,Grupo de Masmorra de Fragmentos 4,ดันเจี้ยนชิ้นส่วนกลุ่ม 4,,<>,<>,city/adventure/exp/icon_ly.png,8,14,1,5,1,6,1,<>,battle_bgm.mp3,battle/scene/bg_grass.jpg,,{y=70;x=0},,,80,,<>,80,320,320,,,,2,0,0,0,{851=0;850=0;901=0;902=0},0,,,,,,{},{},,{},{},0,{},{y=0;x=0},,,{},,FALSE,0,{}
60366,碎片本组4,碎片本組4,Shard Dungeon Group 4,Nhóm Phó bản Mảnh vỡ 4,조각 던전 그룹 4,Grupo de Masmorra de Fragmentos 4,ดันเจี้ยนชิ้นส่วนกลุ่ม 4,,<>,<>,city/adventure/exp/icon_sy.png,8,14,1,5,1,6,1,<>,battle_bgm.mp3,battle/scene/bg_night.jpg,,{y=70;x=0},,,95,,<>,95,380,380,,,,2,0,0,0,{851=0;850=0;901=0;902=0},0,,,,,,{},{},,{},{},0,{},{y=0;x=0},,,{},,FALSE,0,{}
60367,碎片本组4,碎片本組4,Shard Dungeon Group 4,Nhóm Phó bản Mảnh vỡ 4,조각 던전 그룹 4,Grupo de Masmorra de Fragmentos 4,ดันเจี้ยนชิ้นส่วนกลุ่ม 4,,<>,<>,city/adventure/exp/icon_zj.png,8,14,1,5,1,6,1,<>,battle_bgm.mp3,battle/scene/bg_night.jpg,,{y=70;x=0},,,104,,<>,104,440,440,,,,2,0,0,0,{851=0;850=0;901=0;902=0},0,,,,,,{},{},,{},{},0,{},{y=0;x=0},,,{},,FALSE,0,{}
60381,碎片本组5,碎片本組5,Shard Dungeon Group 5,Nhóm Phó bản Mảnh vỡ 5,조각 던전 그룹 5,Grupo de Masmorra de Fragmentos 5,ดันเจี้ยนชิ้นส่วนกลุ่ม 5,,<>,<>,city/adventure/exp/icon_jd.png,8,14,1,5,1,6,1,<>,battle_bgm.mp3,battle/scene/bg_night.jpg,,{y=70;x=0},,,36,,<>,36,144,144,,,,2,0,0,0,{900=0;901=0},0,,,,,,{},{},,{},{},0,{},{y=0;x=0},,,{},,FALSE,0,{}
60382,碎片本组5,碎片本組5,Shard Dungeon Group 5,Nhóm Phó bản Mảnh vỡ 5,조각 던전 그룹 5,Grupo de Masmorra de Fragmentos 5,ดันเจี้ยนชิ้นส่วนกลุ่ม 5,,<>,<>,city/adventure/exp/icon_kn.png,8,14,1,5,1,6,1,<>,battle_bgm.mp3,battle/scene/bg_tower.jpg,,{y=70;x=0},,,45,,<>,45,180,180,,,,2,0,0,0,{851=0;850=0;901=0;900=0},0,,,,,,{},{},,{},{},0,{},{y=0;x=0},,,{},,FALSE,0,{}
60383,碎片本组5,碎片本組5,Shard Dungeon Group 5,Nhóm Phó bản Mảnh vỡ 5,조각 던전 그룹 5,Grupo de Masmorra de Fragmentos 5,ดันเจี้ยนชิ้นส่วนกลุ่ม 5,,<>,<>,city/adventure/exp/icon_jj.png,8,14,1,5,1,6,1,<>,battle_bgm.mp3,battle/scene/bg_sd.jpg,,{y=70;x=0},,,56,,<>,56,224,224,,,,2,0,0,0,{851=0;850=0;901=0;900=0},0,,,,,,{},{},,{},{},0,{},{y=0;x=0},,,{},,FALSE,0,{}
60384,碎片本组5,碎片本組5,Shard Dungeon Group 5,Nhóm Phó bản Mảnh vỡ 5,조각 던전 그룹 5,Grupo de Masmorra de Fragmentos 5,ดันเจี้ยนชิ้นส่วนกลุ่ม 5,,<>,<>,city/adventure/exp/icon_ds.png,8,14,1,5,1,6,1,<>,battle_bgm.mp3,battle/scene/bg_red.jpg,,{y=70;x=0},,,68,,<>,68,272,272,,,,2,0,0,0,{851=0;850=0;901=0;902=0},0,,,,,,{},{},,{},{},0,{},{y=0;x=0},,,{},,FALSE,0,{}
60385,碎片本组5,碎片本組5,Shard Dungeon Group 5,Nhóm Phó bản Mảnh vỡ 5,조각 던전 그룹 5,Grupo de Masmorra de Fragmentos 5,ดันเจี้ยนชิ้นส่วนกลุ่ม 5,,<>,<>,city/adventure/exp/icon_ly.png,8,14,1,5,1,6,1,<>,battle_bgm.mp3,battle/scene/bg_grass.jpg,,{y=70;x=0},,,80,,<>,80,320,320,,,,2,0,0,0,{851=0;850=0;901=0;902=0},0,,,,,,{},{},,{},{},0,{},{y=0;x=0},,,{},,FALSE,0,{}
60386,碎片本组5,碎片本組5,Shard Dungeon Group 5,Nhóm Phó bản Mảnh vỡ 5,조각 던전 그룹 5,Grupo de Masmorra de Fragmentos 5,ดันเจี้ยนชิ้นส่วนกลุ่ม 5,,<>,<>,city/adventure/exp/icon_sy.png,8,14,1,5,1,6,1,<>,battle_bgm.mp3,battle/scene/bg_night.jpg,,{y=70;x=0},,,95,,<>,95,380,380,,,,2,0,0,0,{851=0;850=0;901=0;902=0},0,,,,,,{},{},,{},{},0,{},{y=0;x=0},,,{},,FALSE,0,{}
60387,碎片本组5,碎片本組5,Shard Dungeon Group 5,Nhóm Phó bản Mảnh vỡ 5,조각 던전 그룹 5,Grupo de Masmorra de Fragmentos 5,ดันเจี้ยนชิ้นส่วนกลุ่ม 5,,<>,<>,city/adventure/exp/icon_zj.png,8,14,1,5,1,6,1,<>,battle_bgm.mp3,battle/scene/bg_night.jpg,,{y=70;x=0},,,104,,<>,104,440,440,,,,2,0,0,0,{851=0;850=0;901=0;902=0},0,,,,,,{},{},,{},{},0,{},{y=0;x=0},,,{},,FALSE,0,{}
60401,碎片本组6,碎片本組6,Shard Dungeon Group 6,Nhóm Phó bản Mảnh vỡ 6,조각 던전 그룹 6,Grupo de Masmorra de Fragmentos 6,ดันเจี้ยนชิ้นส่วนกลุ่ม 6,,<>,<>,city/adventure/exp/icon_jd.png,8,14,1,5,1,6,1,<>,battle_bgm.mp3,battle/scene/bg_night.jpg,,{y=70;x=0},,,36,,<>,36,144,144,,,,2,0,0,0,{900=0;901=0},0,,,,,,{},{},,{},{},0,{},{y=0;x=0},,,{},,FALSE,0,{}
60402,碎片本组6,碎片本組6,Shard Dungeon Group 6,Nhóm Phó bản Mảnh vỡ 6,조각 던전 그룹 6,Grupo de Masmorra de Fragmentos 6,ดันเจี้ยนชิ้นส่วนกลุ่ม 6,,<>,<>,city/adventure/exp/icon_kn.png,8,14,1,5,1,6,1,<>,battle_bgm.mp3,battle/scene/bg_tower.jpg,,{y=70;x=0},,,45,,<>,45,180,180,,,,2,0,0,0,{851=0;850=0;901=0;900=0},0,,,,,,{},{},,{},{},0,{},{y=0;x=0},,,{},,FALSE,0,{}
60403,碎片本组6,碎片本組6,Shard Dungeon Group 6,Nhóm Phó bản Mảnh vỡ 6,조각 던전 그룹 6,Grupo de Masmorra de Fragmentos 6,ดันเจี้ยนชิ้นส่วนกลุ่ม 6,,<>,<>,city/adventure/exp/icon_jj.png,8,14,1,5,1,6,1,<>,battle_bgm.mp3,battle/scene/bg_sd.jpg,,{y=70;x=0},,,56,,<>,56,224,224,,,,2,0,0,0,{851=0;850=0;901=0;900=0},0,,,,,,{},{},,{},{},0,{},{y=0;x=0},,,{},,FALSE,0,{}
60404,碎片本组6,碎片本組6,Shard Dungeon Group 6,Nhóm Phó bản Mảnh vỡ 6,조각 던전 그룹 6,Grupo de Masmorra de Fragmentos 6,ดันเจี้ยนชิ้นส่วนกลุ่ม 6,,<>,<>,city/adventure/exp/icon_ds.png,8,14,1,5,1,6,1,<>,battle_bgm.mp3,battle/scene/bg_red.jpg,,{y=70;x=0},,,68,,<>,68,272,272,,,,2,0,0,0,{851=0;850=0;901=0;902=0},0,,,,,,{},{},,{},{},0,{},{y=0;x=0},,,{},,FALSE,0,{}
60405,碎片本组6,碎片本組6,Shard Dungeon Group 6,Nhóm Phó bản Mảnh vỡ 6,조각 던전 그룹 6,Grupo de Masmorra de Fragmentos 6,ดันเจี้ยนชิ้นส่วนกลุ่ม 6,,<>,<>,city/adventure/exp/icon_ly.png,8,14,1,5,1,6,1,<>,battle_bgm.mp3,battle/scene/bg_grass.jpg,,{y=70;x=0},,,80,,<>,80,320,320,,,,2,0,0,0,{851=0;850=0;901=0;902=0},0,,,,,,{},{},,{},{},0,{},{y=0;x=0},,,{},,FALSE,0,{}
60406,碎片本组6,碎片本組6,Shard Dungeon Group 6,Nhóm Phó bản Mảnh vỡ 6,조각 던전 그룹 6,Grupo de Masmorra de Fragmentos 6,ดันเจี้ยนชิ้นส่วนกลุ่ม 6,,<>,<>,city/adventure/exp/icon_sy.png,8,14,1,5,1,6,1,<>,battle_bgm.mp3,battle/scene/bg_night.jpg,,{y=70;x=0},,,95,,<>,95,380,380,,,,2,0,0,0,{851=0;850=0;901=0;902=0},0,,,,,,{},{},,{},{},0,{},{y=0;x=0},,,{},,FALSE,0,{}
60407,碎片本组6,碎片本組6,Shard Dungeon Group 6,Nhóm Phó bản Mảnh vỡ 6,조각 던전 그룹 6,Grupo de Masmorra de Fragmentos 6,ดันเจี้ยนชิ้นส่วนกลุ่ม 6,,<>,<>,city/adventure/exp/icon_zj.png,8,14,1,5,1,6,1,<>,battle_bgm.mp3,battle/scene/bg_night.jpg,,{y=70;x=0},,,104,,<>,104,440,440,,,,2,0,0,0,{851=0;850=0;901=0;902=0},0,,,,,,{},{},,{},{},0,{},{y=0;x=0},,,{},,FALSE,0,{}
60411,碎片本组7,碎片本組7,Shard Dungeon Group 7,Nhóm Phó bản Mảnh vỡ 7,조각 던전 그룹 7,Grupo de Masmorra de Fragmentos 7,ดันเจี้ยนชิ้นส่วนกลุ่ม 7,,<>,<>,city/adventure/exp/icon_jd.png,8,14,1,5,1,6,1,<>,battle_bgm.mp3,battle/scene/bg_night.jpg,,{y=70;x=0},,,36,,<>,36,144,144,,,,2,0,0,0,{900=0;901=0},0,,,,,,{},{},,{},{},0,{},{y=0;x=0},,,{},,FALSE,0,{}
60412,碎片本组7,碎片本組7,Shard Dungeon Group 7,Nhóm Phó bản Mảnh vỡ 7,조각 던전 그룹 7,Grupo de Masmorra de Fragmentos 7,ดันเจี้ยนชิ้นส่วนกลุ่ม 7,,<>,<>,city/adventure/exp/icon_kn.png,8,14,1,5,1,6,1,<>,battle_bgm.mp3,battle/scene/bg_tower.jpg,,{y=70;x=0},,,45,,<>,45,180,180,,,,2,0,0,0,{851=0;850=0;901=0;900=0},0,,,,,,{},{},,{},{},0,{},{y=0;x=0},,,{},,FALSE,0,{}
60413,碎片本组7,碎片本組7,Shard Dungeon Group 7,Nhóm Phó bản Mảnh vỡ 7,조각 던전 그룹 7,Grupo de Masmorra de Fragmentos 7,ดันเจี้ยนชิ้นส่วนกลุ่ม 7,,<>,<>,city/adventure/exp/icon_jj.png,8,14,1,5,1,6,1,<>,battle_bgm.mp3,battle/scene/bg_sd.jpg,,{y=70;x=0},,,56,,<>,56,224,224,,,,2,0,0,0,{851=0;850=0;901=0;900=0},0,,,,,,{},{},,{},{},0,{},{y=0;x=0},,,{},,FALSE,0,{}
60414,碎片本组7,碎片本組7,Shard Dungeon Group 7,Nhóm Phó bản Mảnh vỡ 7,조각 던전 그룹 7,Grupo de Masmorra de Fragmentos 7,ดันเจี้ยนชิ้นส่วนกลุ่ม 7,,<>,<>,city/adventure/exp/icon_ds.png,8,14,1,5,1,6,1,<>,battle_bgm.mp3,battle/scene/bg_red.jpg,,{y=70;x=0},,,68,,<>,68,272,272,,,,2,0,0,0,{851=0;850=0;901=0;902=0},0,,,,,,{},{},,{},{},0,{},{y=0;x=0},,,{},,FALSE,0,{}
60415,碎片本组7,碎片本組7,Shard Dungeon Group 7,Nhóm Phó bản Mảnh vỡ 7,조각 던전 그룹 7,Grupo de Masmorra de Fragmentos 7,ดันเจี้ยนชิ้นส่วนกลุ่ม 7,,<>,<>,city/adventure/exp/icon_ly.png,8,14,1,5,1,6,1,<>,battle_bgm.mp3,battle/scene/bg_grass.jpg,,{y=70;x=0},,,80,,<>,80,320,320,,,,2,0,0,0,{851=0;850=0;901=0;902=0},0,,,,,,{},{},,{},{},0,{},{y=0;x=0},,,{},,FALSE,0,{}
60416,碎片本组7,碎片本組7,Shard Dungeon Group 7,Nhóm Phó bản Mảnh vỡ 7,조각 던전 그룹 7,Grupo de Masmorra de Fragmentos 7,ดันเจี้ยนชิ้นส่วนกลุ่ม 7,,<>,<>,city/adventure/exp/icon_sy.png,8,14,1,5,1,6,1,<>,battle_bgm.mp3,battle/scene/bg_night.jpg,,{y=70;x=0},,,95,,<>,95,380,380,,,,2,0,0,0,{851=0;850=0;901=0;902=0},0,,,,,,{},{},,{},{},0,{},{y=0;x=0},,,{},,FALSE,0,{}
60417,碎片本组7,碎片本組7,Shard Dungeon Group 7,Nhóm Phó bản Mảnh vỡ 7,조각 던전 그룹 7,Grupo de Masmorra de Fragmentos 7,ดันเจี้ยนชิ้นส่วนกลุ่ม 7,,<>,<>,city/adventure/exp/icon_zj.png,8,14,1,5,1,6,1,<>,battle_bgm.mp3,battle/scene/bg_night.jpg,,{y=70;x=0},,,104,,<>,104,440,440,,,,2,0,0,0,{851=0;850=0;901=0;902=0},0,,,,,,{},{},,{},{},0,{},{y=0;x=0},,,{},,FALSE,0,{}
60421,碎片本组8,碎片本組8,Shard Dungeon Group 8,Nhóm Phó bản Mảnh vỡ 8,조각 던전 그룹 8,Grupo de Masmorra de Fragmentos 8,ดันเจี้ยนชิ้นส่วนกลุ่ม 8,,<>,<>,city/adventure/exp/icon_jd.png,8,14,1,5,1,6,1,<>,battle_bgm.mp3,battle/scene/bg_night.jpg,,{y=70;x=0},,,36,,<>,36,144,144,,,,2,0,0,0,{900=0;901=0},0,,,,,,{},{},,{},{},0,{},{y=0;x=0},,,{},,FALSE,0,{}
60422,碎片本组8,碎片本組8,Shard Dungeon Group 8,Nhóm Phó bản Mảnh vỡ 8,조각 던전 그룹 8,Grupo de Masmorra de Fragmentos 8,ดันเจี้ยนชิ้นส่วนกลุ่ม 8,,<>,<>,city/adventure/exp/icon_kn.png,8,14,1,5,1,6,1,<>,battle_bgm.mp3,battle/scene/bg_tower.jpg,,{y=70;x=0},,,45,,<>,45,180,180,,,,2,0,0,0,{851=0;850=0;901=0;900=0},0,,,,,,{},{},,{},{},0,{},{y=0;x=0},,,{},,FALSE,0,{}
60423,碎片本组8,碎片本組8,Shard Dungeon Group 8,Nhóm Phó bản Mảnh vỡ 8,조각 던전 그룹 8,Grupo de Masmorra de Fragmentos 8,ดันเจี้ยนชิ้นส่วนกลุ่ม 8,,<>,<>,city/adventure/exp/icon_jj.png,8,14,1,5,1,6,1,<>,battle_bgm.mp3,battle/scene/bg_sd.jpg,,{y=70;x=0},,,56,,<>,56,224,224,,,,2,0,0,0,{851=0;850=0;901=0;900=0},0,,,,,,{},{},,{},{},0,{},{y=0;x=0},,,{},,FALSE,0,{}
60424,碎片本组8,碎片本組8,Shard Dungeon Group 8,Nhóm Phó bản Mảnh vỡ 8,조각 던전 그룹 8,Grupo de Masmorra de Fragmentos 8,ดันเจี้ยนชิ้นส่วนกลุ่ม 8,,<>,<>,city/adventure/exp/icon_ds.png,8,14,1,5,1,6,1,<>,battle_bgm.mp3,battle/scene/bg_red.jpg,,{y=70;x=0},,,68,,<>,68,272,272,,,,2,0,0,0,{851=0;850=0;901=0;902=0},0,,,,,,{},{},,{},{},0,{},{y=0;x=0},,,{},,FALSE,0,{}
60425,碎片本组8,碎片本組8,Shard Dungeon Group 8,Nhóm Phó bản Mảnh vỡ 8,조각 던전 그룹 8,Grupo de Masmorra de Fragmentos 8,ดันเจี้ยนชิ้นส่วนกลุ่ม 8,,<>,<>,city/adventure/exp/icon_ly.png,8,14,1,5,1,6,1,<>,battle_bgm.mp3,battle/scene/bg_grass.jpg,,{y=70;x=0},,,80,,<>,80,320,320,,,,2,0,0,0,{851=0;850=0;901=0;902=0},0,,,,,,{},{},,{},{},0,{},{y=0;x=0},,,{},,FALSE,0,{}
60426,碎片本组8,碎片本組8,Shard Dungeon Group 8,Nhóm Phó bản Mảnh vỡ 8,조각 던전 그룹 8,Grupo de Masmorra de Fragmentos 8,ดันเจี้ยนชิ้นส่วนกลุ่ม 8,,<>,<>,city/adventure/exp/icon_sy.png,8,14,1,5,1,6,1,<>,battle_bgm.mp3,battle/scene/bg_night.jpg,,{y=70;x=0},,,95,,<>,95,380,380,,,,2,0,0,0,{851=0;850=0;901=0;902=0},0,,,,,,{},{},,{},{},0,{},{y=0;x=0},,,{},,FALSE,0,{}
60427,碎片本组8,碎片本組8,Shard Dungeon Group 8,Nhóm Phó bản Mảnh vỡ 8,조각 던전 그룹 8,Grupo de Masmorra de Fragmentos 8,ดันเจี้ยนชิ้นส่วนกลุ่ม 8,,<>,<>,city/adventure/exp/icon_zj.png,8,14,1,5,1,6,1,<>,battle_bgm.mp3,battle/scene/bg_night.jpg,,{y=70;x=0},,,104,,<>,104,440,440,,,,2,0,0,0,{851=0;850=0;901=0;902=0},0,,,,,,{},{},,{},{},0,{},{y=0;x=0},,,{},,FALSE,0,{}
60431,碎片本组9,碎片本組9,Shard Dungeon Group 9,Nhóm Phó bản Mảnh vỡ 9,조각 던전 그룹 9,Grupo de Masmorra de Fragmentos 9,ดันเจี้ยนชิ้นส่วนกลุ่ม 9,,<>,<>,city/adventure/exp/icon_jd.png,8,14,1,5,1,6,1,<>,battle_bgm.mp3,battle/scene/bg_night.jpg,,{y=70;x=0},,,36,,<>,36,144,144,,,,2,0,0,0,{900=0;901=0},0,,,,,,{},{},,{},{},0,{},{y=0;x=0},,,{},,FALSE,0,{}
60432,碎片本组9,碎片本組9,Shard Dungeon Group 9,Nhóm Phó bản Mảnh vỡ 9,조각 던전 그룹 9,Grupo de Masmorra de Fragmentos 9,ดันเจี้ยนชิ้นส่วนกลุ่ม 9,,<>,<>,city/adventure/exp/icon_kn.png,8,14,1,5,1,6,1,<>,battle_bgm.mp3,battle/scene/bg_tower.jpg,,{y=70;x=0},,,45,,<>,45,180,180,,,,2,0,0,0,{851=0;850=0;901=0;900=0},0,,,,,,{},{},,{},{},0,{},{y=0;x=0},,,{},,FALSE,0,{}
60433,碎片本组9,碎片本組9,Shard Dungeon Group 9,Nhóm Phó bản Mảnh vỡ 9,조각 던전 그룹 9,Grupo de Masmorra de Fragmentos 9,ดันเจี้ยนชิ้นส่วนกลุ่ม 9,,<>,<>,city/adventure/exp/icon_jj.png,8,14,1,5,1,6,1,<>,battle_bgm.mp3,battle/scene/bg_sd.jpg,,{y=70;x=0},,,56,,<>,56,224,224,,,,2,0,0,0,{851=0;850=0;901=0;900=0},0,,,,,,{},{},,{},{},0,{},{y=0;x=0},,,{},,FALSE,0,{}
60434,碎片本组9,碎片本組9,Shard Dungeon Group 9,Nhóm Phó bản Mảnh vỡ 9,조각 던전 그룹 9,Grupo de Masmorra de Fragmentos 9,ดันเจี้ยนชิ้นส่วนกลุ่ม 9,,<>,<>,city/adventure/exp/icon_ds.png,8,14,1,5,1,6,1,<>,battle_bgm.mp3,battle/scene/bg_red.jpg,,{y=70;x=0},,,68,,<>,68,272,272,,,,2,0,0,0,{851=0;850=0;901=0;902=0},0,,,,,,{},{},,{},{},0,{},{y=0;x=0},,,{},,FALSE,0,{}
60435,碎片本组9,碎片本組9,Shard Dungeon Group 9,Nhóm Phó bản Mảnh vỡ 9,조각 던전 그룹 9,Grupo de Masmorra de Fragmentos 9,ดันเจี้ยนชิ้นส่วนกลุ่ม 9,,<>,<>,city/adventure/exp/icon_ly.png,8,14,1,5,1,6,1,<>,battle_bgm.mp3,battle/scene/bg_grass.jpg,,{y=70;x=0},,,80,,<>,80,320,320,,,,2,0,0,0,{851=0;850=0;901=0;902=0},0,,,,,,{},{},,{},{},0,{},{y=0;x=0},,,{},,FALSE,0,{}
60436,碎片本组9,碎片本組9,Shard Dungeon Group 9,Nhóm Phó bản Mảnh vỡ 9,조각 던전 그룹 9,Grupo de Masmorra de Fragmentos 9,ดันเจี้ยนชิ้นส่วนกลุ่ม 9,,<>,<>,city/adventure/exp/icon_sy.png,8,14,1,5,1,6,1,<>,battle_bgm.mp3,battle/scene/bg_night.jpg,,{y=70;x=0},,,95,,<>,95,380,380,,,,2,0,0,0,{851=0;850=0;901=0;902=0},0,,,,,,{},{},,{},{},0,{},{y=0;x=0},,,{},,FALSE,0,{}
60437,碎片本组9,碎片本組9,Shard Dungeon Group 9,Nhóm Phó bản Mảnh vỡ 9,조각 던전 그룹 9,Grupo de Masmorra de Fragmentos 9,ดันเจี้ยนชิ้นส่วนกลุ่ม 9,,<>,<>,city/adventure/exp/icon_zj.png,8,14,1,5,1,6,1,<>,battle_bgm.mp3,battle/scene/bg_night.jpg,,{y=70;x=0},,,104,,<>,104,440,440,,,,2,0,0,0,{851=0;850=0;901=0;902=0},0,,,,,,{},{},,{},{},0,{},{y=0;x=0},,,{},,FALSE,0,{}
60441,碎片本组10,碎片本組10,Shard Dungeon Group 10,Nhóm Phó bản Mảnh vỡ 10,조각 던전 그룹 10,Grupo de Masmorra de Fragmentos 10,ดันเจี้ยนชิ้นส่วนกลุ่ม 10,,<>,<>,city/adventure/exp/icon_jd.png,8,14,1,5,1,6,1,<>,battle_bgm.mp3,battle/scene/bg_night.jpg,,{y=70;x=0},,,36,,<>,36,144,144,,,,2,0,0,0,{900=0;901=0},0,,,,,,{},{},,{},{},0,{},{y=0;x=0},,,{},,FALSE,0,{}
60442,碎片本组10,碎片本組10,Shard Dungeon Group 10,Nhóm Phó bản Mảnh vỡ 10,조각 던전 그룹 10,Grupo de Masmorra de Fragmentos 10,ดันเจี้ยนชิ้นส่วนกลุ่ม 10,,<>,<>,city/adventure/exp/icon_kn.png,8,14,1,5,1,6,1,<>,battle_bgm.mp3,battle/scene/bg_tower.jpg,,{y=70;x=0},,,45,,<>,45,180,180,,,,2,0,0,0,{851=0;850=0;901=0;900=0},0,,,,,,{},{},,{},{},0,{},{y=0;x=0},,,{},,FALSE,0,{}
60443,碎片本组10,碎片本組10,Shard Dungeon Group 10,Nhóm Phó bản Mảnh vỡ 10,조각 던전 그룹 10,Grupo de Masmorra de Fragmentos 10,ดันเจี้ยนชิ้นส่วนกลุ่ม 10,,<>,<>,city/adventure/exp/icon_jj.png,8,14,1,5,1,6,1,<>,battle_bgm.mp3,battle/scene/bg_sd.jpg,,{y=70;x=0},,,56,,<>,56,224,224,,,,2,0,0,0,{851=0;850=0;901=0;900=0},0,,,,,,{},{},,{},{},0,{},{y=0;x=0},,,{},,FALSE,0,{}
60444,碎片本组10,碎片本組10,Shard Dungeon Group 10,Nhóm Phó bản Mảnh vỡ 10,조각 던전 그룹 10,Grupo de Masmorra de Fragmentos 10,ดันเจี้ยนชิ้นส่วนกลุ่ม 10,,<>,<>,city/adventure/exp/icon_ds.png,8,14,1,5,1,6,1,<>,battle_bgm.mp3,battle/scene/bg_red.jpg,,{y=70;x=0},,,68,,<>,68,272,272,,,,2,0,0,0,{851=0;850=0;901=0;902=0},0,,,,,,{},{},,{},{},0,{},{y=0;x=0},,,{},,FALSE,0,{}
60445,碎片本组10,碎片本組10,Shard Dungeon Group 10,Nhóm Phó bản Mảnh vỡ 10,조각 던전 그룹 10,Grupo de Masmorra de Fragmentos 10,ดันเจี้ยนชิ้นส่วนกลุ่ม 10,,<>,<>,city/adventure/exp/icon_ly.png,8,14,1,5,1,6,1,<>,battle_bgm.mp3,battle/scene/bg_grass.jpg,,{y=70;x=0},,,80,,<>,80,320,320,,,,2,0,0,0,{851=0;850=0;901=0;902=0},0,,,,,,{},{},,{},{},0,{},{y=0;x=0},,,{},,FALSE,0,{}
60446,碎片本组10,碎片本組10,Shard Dungeon Group 10,Nhóm Phó bản Mảnh vỡ 10,조각 던전 그룹 10,Grupo de Masmorra de Fragmentos 10,ดันเจี้ยนชิ้นส่วนกลุ่ม 10,,<>,<>,city/adventure/exp/icon_sy.png,8,14,1,5,1,6,1,<>,battle_bgm.mp3,battle/scene/bg_night.jpg,,{y=70;x=0},,,95,,<>,95,380,380,,,,2,0,0,0,{851=0;850=0;901=0;902=0},0,,,,,,{},{},,{},{},0,{},{y=0;x=0},,,{},,FALSE,0,{}
60447,碎片本组10,碎片本組10,Shard Dungeon Group 10,Nhóm Phó bản Mảnh vỡ 10,조각 던전 그룹 10,Grupo de Masmorra de Fragmentos 10,ดันเจี้ยนชิ้นส่วนกลุ่ม 10,,<>,<>,city/adventure/exp/icon_zj.png,8,14,1,5,1,6,1,<>,battle_bgm.mp3,battle/scene/bg_night.jpg,,{y=70;x=0},,,104,,<>,104,440,440,,,,2,0,0,0,{851=0;850=0;901=0;902=0},0,,,,,,{},{},,{},{},0,{},{y=0;x=0},,,{},,FALSE,0,{}
60601,劳动节活动副本,勞動節活動副本,Labor Day Event Dungeon,Phó bản Sự kiện Ngày Lao động,노동절 이벤트 던전,Masmorra de Evento do Dia do Trabalho,ดันเจี้ยนกิจกรรมวันแรงงาน,,<>,<>,city/adventure/exp/icon_jd.png,16,15,1,15,1,6,1,<>,battle_bgm.mp3,battle/scene/bg_night.jpg,,{y=70;x=0},,,24,,<{key=1;value=1};{key=5;value=1};{key=3;value=20}>,36,1,1,boss501,,,2,0,0,0,{20711=0;gold=0;6346=0},0,,,,,,{},{},,{},{},0,{},{y=0;x=0},,,{},,FALSE,0,{}
60602,劳动节活动副本,勞動節活動副本,Labor Day Event Dungeon,Phó bản Sự kiện Ngày Lao động,노동절 이벤트 던전,Masmorra de Evento do Dia do Trabalho,ดันเจี้ยนกิจกรรมวันแรงงาน,,<>,<>,city/adventure/exp/icon_kn.png,16,15,1,15,1,6,1,<>,battle_bgm.mp3,battle/scene/bg_tower.jpg,,{y=70;x=0},,,24,,<{key=1;value=1};{key=5;value=1};{key=3;value=20}>,45,1,1,boss502,,,2,0,0,0,{20711=0;gold=0;6346=0},0,,,,,,{},{},,{},{},0,{},{y=0;x=0},,,{},,FALSE,0,{}
60603,劳动节活动副本,勞動節活動副本,Labor Day Event Dungeon,Phó bản Sự kiện Ngày Lao động,노동절 이벤트 던전,Masmorra de Evento do Dia do Trabalho,ดันเจี้ยนกิจกรรมวันแรงงาน,,<>,<>,city/adventure/exp/icon_jj.png,16,15,1,15,1,6,1,<>,battle_bgm.mp3,battle/scene/bg_sd.jpg,,{y=70;x=0},,,24,,<{key=1;value=1};{key=5;value=1};{key=3;value=20}>,56,1,1,boss503,,,2,0,0,0,{20711=0;gold=0;6346=0},0,,,,,,{},{},,{},{},0,{},{y=0;x=0},,,{},,FALSE,0,{}
60604,劳动节活动副本,勞動節活動副本,Labor Day Event Dungeon,Phó bản Sự kiện Ngày Lao động,노동절 이벤트 던전,Masmorra de Evento do Dia do Trabalho,ดันเจี้ยนกิจกรรมวันแรงงาน,,<>,<>,city/adventure/exp/icon_ds.png,16,15,1,15,1,6,1,<>,battle_bgm.mp3,battle/scene/bg_red.jpg,,{y=70;x=0},,,24,,<{key=1;value=1};{key=5;value=1};{key=3;value=20}>,68,1,1,boss504,,,2,0,0,0,{20711=0;gold=0;6346=0},0,,,,,,{},{},,{},{},0,{},{y=0;x=0},,,{},,FALSE,0,{}
60605,劳动节活动副本,勞動節活動副本,Labor Day Event Dungeon,Phó bản Sự kiện Ngày Lao động,노동절 이벤트 던전,Masmorra de Evento do Dia do Trabalho,ดันเจี้ยนกิจกรรมวันแรงงาน,,<>,<>,city/adventure/exp/icon_ly.png,16,15,1,15,1,6,1,<>,battle_bgm.mp3,battle/scene/bg_grass.jpg,,{y=70;x=0},,,24,,<{key=1;value=1};{key=5;value=1};{key=3;value=20}>,80,1,1,boss505,,,2,0,0,0,{20711=0;gold=0;6346=0},0,,,,,,{},{},,{},{},0,{},{y=0;x=0},,,{},,FALSE,0,{}
60606,劳动节活动副本,勞動節活動副本,Labor Day Event Dungeon,Phó bản Sự kiện Ngày Lao động,노동절 이벤트 던전,Masmorra de Evento do Dia do Trabalho,ดันเจี้ยนกิจกรรมวันแรงงาน,,<>,<>,city/adventure/exp/icon_sy.png,16,15,1,15,1,6,1,<>,battle_bgm.mp3,battle/scene/bg_night.jpg,,{y=70;x=0},,,24,,<{key=1;value=1};{key=5;value=1};{key=3;value=20}>,95,1,1,boss506,,,2,0,0,0,{20711=0;gold=0;6346=0},0,,,,,,{},{},,{},{},0,{},{y=0;x=0},,,{},,FALSE,0,{}
60701,圣诞节活动副本,耶誕節活動副本,Christmas Event Dungeon,Phó bản Sự kiện Giáng sinh,크리스마스 이벤트 던전,Masmorra de Evento de Natal,ดันเจี้ยนกิจกรรมคริสต์มาส,,<>,<>,city/adventure/exp/icon_jd.png,16,15,1,20,1,6,1,<>,battle_bgm.mp3,battle/scene/bg_night.jpg,,{y=70;x=0},,,24,,<{key=1;value=1};{key=5;value=1};{key=3;value=20}>,36,1,1,,60701,,2,0,0,0,{6325=0;gold=0;21941=0;21951=0},0,,,,,,{},{},,{},{},0,{},{y=0;x=0},,,{},,FALSE,0,{}
60702,圣诞节活动副本,耶誕節活動副本,Christmas Event Dungeon,Phó bản Sự kiện Giáng sinh,크리스마스 이벤트 던전,Masmorra de Evento de Natal,ดันเจี้ยนกิจกรรมคริสต์มาส,,<>,<>,city/adventure/exp/icon_kn.png,16,15,1,20,1,6,1,<>,battle_bgm.mp3,battle/scene/bg_tower.jpg,,{y=70;x=0},,,24,,<{key=1;value=1};{key=5;value=1};{key=3;value=20}>,45,1,1,,60702,,2,0,0,0,{6325=0;gold=0;21941=0;21951=0},0,,,,,,{},{},,{},{},0,{},{y=0;x=0},,,{},,FALSE,0,{}
60703,圣诞节活动副本,耶誕節活動副本,Christmas Event Dungeon,Phó bản Sự kiện Giáng sinh,크리스마스 이벤트 던전,Masmorra de Evento de Natal,ดันเจี้ยนกิจกรรมคริสต์มาส,,<>,<>,city/adventure/exp/icon_jj.png,16,15,1,20,1,6,1,<>,battle_bgm.mp3,battle/scene/bg_sd.jpg,,{y=70;x=0},,,24,,<{key=1;value=1};{key=5;value=1};{key=3;value=20}>,56,1,1,,60703,,2,0,0,0,{6325=0;gold=0;21941=0;21951=0},0,,,,,,{},{},,{},{},0,{},{y=0;x=0},,,{},,FALSE,0,{}
60704,圣诞节活动副本,耶誕節活動副本,Christmas Event Dungeon,Phó bản Sự kiện Giáng sinh,크리스마스 이벤트 던전,Masmorra de Evento de Natal,ดันเจี้ยนกิจกรรมคริสต์มาส,,<>,<>,city/adventure/exp/icon_ds.png,16,15,1,20,1,6,1,<>,battle_bgm.mp3,battle/scene/bg_red.jpg,,{y=70;x=0},,,24,,<{key=1;value=1};{key=5;value=1};{key=3;value=20}>,68,1,1,,60704,,2,0,0,0,{6325=0;gold=0;21941=0;21951=0},0,,,,,,{},{},,{},{},0,{},{y=0;x=0},,,{},,FALSE,0,{}
60705,圣诞节活动副本,耶誕節活動副本,Christmas Event Dungeon,Phó bản Sự kiện Giáng sinh,크리스마스 이벤트 던전,Masmorra de Evento de Natal,ดันเจี้ยนกิจกรรมคริสต์มาส,,<>,<>,city/adventure/exp/icon_ly.png,16,15,1,20,1,6,1,<>,battle_bgm.mp3,battle/scene/bg_grass.jpg,,{y=70;x=0},,,24,,<{key=1;value=1};{key=5;value=1};{key=3;value=20}>,80,1,1,,60705,,2,0,0,0,{6325=0;gold=0;21941=0;21951=0},0,,,,,,{},{},,{},{},0,{},{y=0;x=0},,,{},,FALSE,0,{}
60706,圣诞节活动副本,耶誕節活動副本,Christmas Event Dungeon,Phó bản Sự kiện Giáng sinh,크리스마스 이벤트 던전,Masmorra de Evento de Natal,ดันเจี้ยนกิจกรรมคริสต์มาส,,<>,<>,city/adventure/exp/icon_sy.png,16,15,1,20,1,6,1,<>,battle_bgm.mp3,battle/scene/bg_night.jpg,,{y=70;x=0},,,24,,<{key=1;value=1};{key=5;value=1};{key=3;value=20}>,95,1,1,,60706,,2,0,0,0,{6325=0;gold=0;21941=0;21951=0},0,,,,,,{},{},,{},{},0,{},{y=0;x=0},,,{},,FALSE,0,{}
60801,劳动节活动副本,劳动节活动副本,Labor Day Event Dungeon,Phó bản Sự kiện Ngày Lao động,노동절 이벤트 던전,Masmorra de Evento do Dia do Trabalho,ดันเจี้ยนกิจกรรมวันแรงงาน,,<>,<>,city/adventure/exp/icon_jd.png,16,15,1,10,1,6,1,<>,battle_bgm.mp3,battle/scene/bg_night.jpg,,{y=70;x=0},,,24,,<{key=1;value=1};{key=5;value=1};{key=3;value=20}>,36,1,20,,60801,,2,0,0,0,{20701=0;gold=0;8118=0},0,,,,,,{},{},,{},{},0,{},{y=0;x=0},,,{},,FALSE,0,{}
60802,劳动节活动副本,劳动节活动副本,Labor Day Event Dungeon,Phó bản Sự kiện Ngày Lao động,노동절 이벤트 던전,Masmorra de Evento do Dia do Trabalho,ดันเจี้ยนกิจกรรมวันแรงงาน,,<>,<>,city/adventure/exp/icon_kn.png,16,15,1,10,1,6,1,<>,battle_bgm.mp3,battle/scene/bg_tower.jpg,,{y=70;x=0},,,24,,<{key=1;value=1};{key=5;value=1};{key=3;value=20}>,45,1,30,,60802,,2,0,0,0,{20701=0;gold=0;8118=0},0,,,,,,{},{},,{},{},0,{},{y=0;x=0},,,{},,FALSE,0,{}
60803,劳动节活动副本,劳动节活动副本,Labor Day Event Dungeon,Phó bản Sự kiện Ngày Lao động,노동절 이벤트 던전,Masmorra de Evento do Dia do Trabalho,ดันเจี้ยนกิจกรรมวันแรงงาน,,<>,<>,city/adventure/exp/icon_jj.png,16,15,1,10,1,6,1,<>,battle_bgm.mp3,battle/scene/bg_sd.jpg,,{y=70;x=0},,,24,,<{key=1;value=1};{key=5;value=1};{key=3;value=20}>,56,1,40,,60803,,2,0,0,0,{20701=0;gold=0;8118=0},0,,,,,,{},{},,{},{},0,{},{y=0;x=0},,,{},,FALSE,0,{}
60804,劳动节活动副本,劳动节活动副本,Labor Day Event Dungeon,Phó bản Sự kiện Ngày Lao động,노동절 이벤트 던전,Masmorra de Evento do Dia do Trabalho,ดันเจี้ยนกิจกรรมวันแรงงาน,,<>,<>,city/adventure/exp/icon_ds.png,16,15,1,10,1,6,1,<>,battle_bgm.mp3,battle/scene/bg_red.jpg,,{y=70;x=0},,,24,,<{key=1;value=1};{key=5;value=1};{key=3;value=20}>,68,1,68,,60804,,2,0,0,0,{20701=0;gold=0;8118=0},0,,,,,,{},{},,{},{},0,{},{y=0;x=0},,,{},,FALSE,0,{}
60805,劳动节活动副本,劳动节活动副本,Labor Day Event Dungeon,Phó bản Sự kiện Ngày Lao động,노동절 이벤트 던전,Masmorra de Evento do Dia do Trabalho,ดันเจี้ยนกิจกรรมวันแรงงาน,,<>,<>,city/adventure/exp/icon_ly.png,16,15,1,10,1,6,1,<>,battle_bgm.mp3,battle/scene/bg_grass.jpg,,{y=70;x=0},,,24,,<{key=1;value=1};{key=5;value=1};{key=3;value=20}>,80,1,80,,60805,,2,0,0,0,{20701=0;gold=0;8118=0},0,,,,,,{},{},,{},{},0,{},{y=0;x=0},,,{},,FALSE,0,{}
60806,劳动节活动副本,劳动节活动副本,Labor Day Event Dungeon,Phó bản Sự kiện Ngày Lao động,노동절 이벤트 던전,Masmorra de Evento do Dia do Trabalho,ดันเจี้ยนกิจกรรมวันแรงงาน,,<>,<>,city/adventure/exp/icon_sy.png,16,15,1,10,1,6,1,<>,battle_bgm.mp3,battle/scene/bg_night.jpg,,{y=70;x=0},,,24,,<{key=1;value=1};{key=5;value=1};{key=3;value=20}>,95,1,95,,60806,,2,0,0,0,{20701=0;gold=0;8118=0},0,,,,,,{},{},,{},{},0,{},{y=0;x=0},,,{},,FALSE,0,{}
60901,国庆节活动副本,国庆节活动副本,National Day Event Dungeon,Phó bản Sự kiện Quốc khánh,국경절 이벤트 던전,Masmorra de Evento do Dia Nacional,ดันเจี้ยนกิจกรรมวันชาติ,,<>,<>,city/adventure/exp/icon_jd.png,16,15,1,20,1,6,1,<>,battle_bgm.mp3,battle/scene/bg_night.jpg,,{y=70;x=0},,,24,,<{key=1;value=1};{key=5;value=1};{key=3;value=20}>,36,1,20,,60901,,2,0,0,0,{930=0;5000=0;901=0;22021=0;900=0},0,,,,,,{},{},,{},{},0,{},{y=0;x=0},,,{},,FALSE,0,{}
60902,国庆节活动副本,国庆节活动副本,National Day Event Dungeon,Phó bản Sự kiện Quốc khánh,국경절 이벤트 던전,Masmorra de Evento do Dia Nacional,ดันเจี้ยนกิจกรรมวันชาติ,,<>,<>,city/adventure/exp/icon_kn.png,16,15,1,20,1,6,1,<>,battle_bgm.mp3,battle/scene/bg_tower.jpg,,{y=70;x=0},,,24,,<{key=1;value=1};{key=5;value=1};{key=3;value=20}>,45,1,30,,60902,,2,0,0,0,{930=0;5000=0;901=0;22021=0;900=0},0,,,,,,{},{},,{},{},0,{},{y=0;x=0},,,{},,FALSE,0,{}
60903,国庆节活动副本,国庆节活动副本,National Day Event Dungeon,Phó bản Sự kiện Quốc khánh,국경절 이벤트 던전,Masmorra de Evento do Dia Nacional,ดันเจี้ยนกิจกรรมวันชาติ,,<>,<>,city/adventure/exp/icon_jj.png,16,15,1,20,1,6,1,<>,battle_bgm.mp3,battle/scene/bg_sd.jpg,,{y=70;x=0},,,24,,<{key=1;value=1};{key=5;value=1};{key=3;value=20}>,56,1,40,,60903,,2,0,0,0,{930=0;5000=0;901=0;22021=0;900=0},0,,,,,,{},{},,{},{},0,{},{y=0;x=0},,,{},,FALSE,0,{}
60904,国庆节活动副本,国庆节活动副本,National Day Event Dungeon,Phó bản Sự kiện Quốc khánh,국경절 이벤트 던전,Masmorra de Evento do Dia Nacional,ดันเจี้ยนกิจกรรมวันชาติ,,<>,<>,city/adventure/exp/icon_ds.png,16,15,1,20,1,6,1,<>,battle_bgm.mp3,battle/scene/bg_red.jpg,,{y=70;x=0},,,24,,<{key=1;value=1};{key=5;value=1};{key=3;value=20}>,68,1,68,,60904,,2,0,0,0,{930=0;5000=0;901=0;22021=0;900=0},0,,,,,,{},{},,{},{},0,{},{y=0;x=0},,,{},,FALSE,0,{}
60905,国庆节活动副本,国庆节活动副本,National Day Event Dungeon,Phó bản Sự kiện Quốc khánh,국경절 이벤트 던전,Masmorra de Evento do Dia Nacional,ดันเจี้ยนกิจกรรมวันชาติ,,<>,<>,city/adventure/exp/icon_ly.png,16,15,1,20,1,6,1,<>,battle_bgm.mp3,battle/scene/bg_grass.jpg,,{y=70;x=0},,,24,,<{key=1;value=1};{key=5;value=1};{key=3;value=20}>,80,1,80,,60905,,2,0,0,0,{930=0;5000=0;901=0;22021=0;900=0},0,,,,,,{},{},,{},{},0,{},{y=0;x=0},,,{},,FALSE,0,{}
60906,国庆节活动副本,国庆节活动副本,National Day Event Dungeon,Phó bản Sự kiện Quốc khánh,국경절 이벤트 던전,Masmorra de Evento do Dia Nacional,ดันเจี้ยนกิจกรรมวันชาติ,,<>,<>,city/adventure/exp/icon_sy.png,16,15,1,20,1,6,1,<>,battle_bgm.mp3,battle/scene/bg_night.jpg,,{y=70;x=0},,,24,,<{key=1;value=1};{key=5;value=1};{key=3;value=20}>,95,1,95,,60906,,2,0,0,0,{930=0;5000=0;901=0;22021=0;900=0},0,,,,,,{},{},,{},{},0,{},{y=0;x=0},,,{},,FALSE,0,{}
61001,怨影娃娃,怨影娃娃,Shuppet,Shuppet,어둠대신,Shuppet,Shuppet,,<{level=90;unitId=21001;advance=13};{level=90;unitId=21001;advance=13};{level=90;unitId=21002;advance=13};{level=90;unitId=21002;advance=13};{level=90;unitId=21002;advance=13}>,<{level=90;unitId=21001;advance=13}>,,22,22,1,20,1,6,1,<>,battle_bgm.mp3,battle/scene/bg_xszd.jpg,,{y=70;x=0},,,20,,<>,90,1,1,,61001,61001,1,0,0,0,{22991=0;20391=0;6382=0;21811=0;6381=0},0,娃娃在万圣之夜会变得更加强大,娃娃在萬聖之夜會變得更加強大,Shuppet will become stronger at Halloween,,인형은 할로윈의 밤에 더 강해진다.,{},{},,{},{},0,{},{y=0;x=0},,,{},,FALSE,0,{}
61002,怨影娃娃,怨影娃娃,Shuppet,Shuppet,어둠대신,Shuppet,Shuppet,,<{level=90;unitId=21002;advance=13};{level=90;unitId=21001;advance=13}>,<{level=90;unitId=21002;advance=13}>,,22,22,1,20,1,6,1,<>,battle_bgm.mp3,battle/scene/bg_xszd.jpg,,{y=70;x=0},,,20,,<>,90,1,1,,61002,61002,1,0,0,0,{22991=0;20391=0;6382=0;21811=0;6381=0},0,娃娃在万圣之夜会变得更加强大,娃娃在萬聖之夜會變得更加強大,Shuppet will become stronger at Halloween,,인형은 할로윈의 밤에 더 강해진다.,{},{},,{},{},0,{},{y=0;x=0},,,{},,FALSE,0,{}
61003,怨影娃娃,怨影娃娃,Shuppet,Shuppet,어둠대신,Shuppet,Shuppet,,<{level=90;unitId=21001;advance=13};{level=90;unitId=21002;advance=13}>,<{level=90;unitId=21001;advance=13}>,,22,22,1,20,1,6,1,<>,battle_bgm.mp3,battle/scene/bg_xszd.jpg,,{y=70;x=0},,,20,,<>,90,1,1,,61003,61003,1,0,0,0,{22991=0;20391=0;6382=0;21811=0;6381=0},0,娃娃在万圣之夜会变得更加强大,娃娃在萬聖之夜會變得更加強大,Shuppet will become stronger at Halloween,,인형은 할로윈의 밤에 더 강해진다.,{},{},,{},{},0,{},{y=0;x=0},,,{},,FALSE,0,{}
61004,怨影娃娃,怨影娃娃,Shuppet,Shuppet,어둠대신,Shuppet,Shuppet,,<{level=90;unitId=21001;advance=13};{level=90;unitId=21002;advance=13};{level=90;unitId=21001;advance=13}>,<{level=90;unitId=21002;advance=13}>,,22,22,1,20,1,6,1,<>,battle_bgm.mp3,battle/scene/bg_xszd.jpg,,{y=70;x=0},,,20,,<>,90,1,1,,61004,61004,1,0,0,0,{22991=0;20391=0;6382=0;21811=0;6381=0},0,娃娃在万圣之夜会变得更加强大,娃娃在萬聖之夜會變得更加強大,Shuppet will become stronger at Halloween,,인형은 할로윈의 밤에 더 강해진다.,{},{},,{},{},0,{},{y=0;x=0},,,{},,FALSE,0,{}
61011,耿鬼,耿鬼,Gengar,Gengar,팬텀,Gengar,Gengar,,<{level=95;unitId=21011;advance=14};{level=95;unitId=21011;advance=14}>,<{level=95;unitId=21011;advance=14}>,,22,22,1,20,1,6,1,<>,battle_bgm.mp3,battle/scene/bg_xszd.jpg,,{y=70;x=0},,,20,,<>,90,1,1,,61011,61011,1,0,0,0,{22991=0;20391=0;6382=0;21811=0;6381=0},0,请击杀说真话的耿鬼！,請擊殺說真話的耿鬼！,Please Kill the Gengar that speaking the truth,,진실을 말하는 팬텀을 격살하세요!,{},{},,{},{},0,{},{y=0;x=0},,,{},,FALSE,0,{}
61012,耿鬼,耿鬼,Gengar,Gengar,팬텀,Gengar,Gengar,,<{level=95;unitId=21011;advance=14};{level=95;unitId=21011;advance=14}>,<{level=95;unitId=21011;advance=14}>,,22,22,1,20,1,6,1,<>,battle_bgm.mp3,battle/scene/bg_xszd.jpg,,{y=70;x=0},,,20,,<>,90,1,1,,61012,61012,1,0,0,0,{22991=0;20391=0;6382=0;21811=0;6381=0},0,请击杀说真话的耿鬼！,請擊殺說真話的耿鬼！,Please Kill the Gengar that speaking the truth,,진실을 말하는 팬텀을 격살하세요!,{},{},,{},{},0,{},{y=0;x=0},,,{},,FALSE,0,{}
61013,耿鬼,耿鬼,Gengar,Gengar,팬텀,Gengar,Gengar,,<{level=95;unitId=21011;advance=14};{level=95;unitId=21011;advance=14}>,<{level=95;unitId=21011;advance=14}>,,22,22,1,20,1,6,1,<>,battle_bgm.mp3,battle/scene/bg_xszd.jpg,,{y=70;x=0},,,20,,<>,90,1,1,,61013,61013,1,0,0,0,{22991=0;20391=0;6382=0;21811=0;6381=0},0,请击杀说真话的耿鬼！,請擊殺說真話的耿鬼！,Please Kill the Gengar that speaking the truth,,진실을 말하는 팬텀을 격살하세요!,{},{},,{},{},0,{},{y=0;x=0},,,{},,FALSE,0,{}
61014,超级耿鬼,超級耿鬼,Mega Gengar,Mega Gengar,메가팬텀,Mega Gengar,Mega Gengar,,<{level=95;unitId=21012;advance=14};{level=95;unitId=21012;advance=14};{level=95;unitId=21012;advance=14};{level=95;unitId=21012;advance=14};{level=95;unitId=21012;advance=14}>,<{level=95;unitId=21012;advance=14}>,,22,22,1,20,1,6,1,<>,battle_bgm.mp3,battle/scene/bg_xszd.jpg,,{y=70;x=0},,,20,,<>,90,1,1,,61014,61014,1,0,0,0,{22991=0;20391=0;6382=0;21811=0;6381=0},0,不要惊扰沉睡中的耿鬼,不要驚擾沉睡中的耿鬼,Don't disturb the Gengar that is sleeping,,잠자고 있는 팬텀을 놀래지 마세요.,{},{},,{},{},0,{},{y=0;x=0},,,{},,FALSE,0,{}
61021,骑拉帝纳·起源,騎拉帝納·起源,Giratina·Origin,Giratina·Origin,기라티나: 오리진폼,Giratina·Origin,Giratina·Origin,,<{level=100;unitId=21021;advance=15};{level=100;unitId=21026;advance=15};{level=100;unitId=21025;advance=15};{level=100;unitId=21024;advance=15};{level=100;unitId=21023;advance=15}>,<{level=100;unitId=21022;advance=15}>,,22,22,1,20,1,6,1,<>,battle_bgm.mp3,battle/scene/bg_xszd.jpg,,{y=70;x=0},,,20,,<>,90,1,1,,61021,61021,1,0,0,0,{22991=0;20391=0;6382=0;21811=0;6381=0},0,骑拉帝纳在毁灭世界与现实世界穿梭，起源形态拥有强大的复苏能力，请小心谨慎对待；其中一个世界毁灭另一个世界也会随之毁灭！,騎拉帝納在毀滅世界與現實世界穿梭，起源形態擁有強大的復蘇能力，請小心謹慎對待；其中一個世界毀滅另一個世界也會隨之毀滅！,"Giratina shuttle bac and forth in Distortion World and Real World, Origin Forme has powerful recovery power, please take care. When one of the world destroy, the other world will destroy too!",,"기라티나는 파멸 세계와 현실 세계를 넘나들며, 오리진폼이 강력한 회복 능력을 가지고 있으니 조심히 대처하세요. 한 세계가 파멸되면 다른 세계도 따라서 파멸하게 될 것이다!",{},{},,{},{},0,{},{y=0;x=0},,,{},,FALSE,0,{}
61022,骑拉帝纳·起源,騎拉帝納·起源,Giratina·Origin,Giratina·Origin,기라티나: 오리진폼,Giratina·Origin,Giratina·Origin,,<{level=100;unitId=21031;advance=15}>,<{level=100;unitId=21032;advance=15}>,,22,22,1,20,1,6,1,<>,battle_bgm.mp3,battle/scene/bg_xszd.jpg,,{y=70;x=0},,,20,,<>,90,1,1,,61022,61022,1,0,0,0,{22991=0;20391=0;6382=0;21811=0;6381=0},0,毁灭世界与现实世界相连，请在同一时刻击杀,毀滅世界與現實世界相連，請在同一時刻擊殺,"Distortion World is connected with real world, please defeat in same time",,파멸 세계와 현실 세계를 연결되어 있으니 같은 시각에 격살해주세요.,{},{},,{},{},0,{},{y=0;x=0},,,{},,FALSE,0,{}
61023,骑拉帝纳·起源,騎拉帝納·起源,Giratina·Origin,Giratina·Origin,기라티나: 오리진폼,Giratina·Origin,Giratina·Origin,,<{level=100;unitId=21041;advance=15};{level=100;unitId=21042;advance=15};{level=100;unitId=21041;advance=15};{level=100;unitId=21042;advance=15};{level=100;unitId=21041;advance=15}>,<{level=100;unitId=21042;advance=15}>,,22,22,1,20,1,6,1,<>,battle_bgm.mp3,battle/scene/bg_xszd.jpg,,{y=70;x=0},,,20,,<>,90,1,1,,61023,61023,1,0,0,0,{22991=0;20391=0;6382=0;21811=0;6381=0},0,在颠倒的世界中会使己方必杀技的力量逐渐消亡！,在顛倒的世界中會使己方必殺技的力量逐漸消亡！,Power of ally Ult Skill will fade away in the Reversed World,,뒤바뀐 세상 속에서 아군 필살기의 힘이 점점 사라지게 될 것이다!,{},{},,{},{},0,{},{y=0;x=0},,,{},,FALSE,0,{}
61024,骑拉帝纳·起源,騎拉帝納·起源,Giratina·Origin,Giratina·Origin,기라티나: 오리진폼,Giratina·Origin,Giratina·Origin,,<{level=100;unitId=21051;advance=15};{level=100;unitId=21051;advance=15}>,<{level=100;unitId=21052;advance=15}>,,22,22,1,20,1,6,1,<>,battle_bgm.mp3,battle/scene/bg_xszd.jpg,,{y=70;x=0},,,20,,<>,90,1,1,,61024,61024,1,0,0,0,{22991=0;20391=0;6382=0;21811=0;6381=0},0,头晕请入眠，驱散清我心！,頭暈請入眠，驅散清我心！,"Schizy Dizzy, breezy make me easy",,어지러우면 잠이 들어 디스펠할 수 있다!,{},{},,{},{},0,{},{y=0;x=0},,,{},,FALSE,0,{}
62001,怨影娃娃,怨影娃娃,Shuppet,Shuppet,어둠대신,Shuppet,Shuppet,,<{level=90;unitId=21001;advance=13};{level=90;unitId=21001;advance=13};{level=90;unitId=21002;advance=13};{level=90;unitId=21002;advance=13};{level=90;unitId=21002;advance=13}>,<{level=90;unitId=21001;advance=13}>,,22,22,1,20,1,6,1,<>,battle_bgm.mp3,battle/scene/bg_xszd.jpg,,{y=70;x=0},,,20,,<>,90,1,1,,62001,62001,1,0,0,0,{20971=0;21811=0;22991=0;6381=0;6382=0;20391=0},0,娃娃在万圣之夜会变得更加强大,娃娃在萬聖之夜會變得更加強大,Shuppet will become stronger at Halloween,,인형은 할로윈의 밤에 더 강해진다.,{},{},,{},{},0,{},{y=0;x=0},,,{},,FALSE,0,{}
62002,怨影娃娃,怨影娃娃,Shuppet,Shuppet,어둠대신,Shuppet,Shuppet,,<{level=90;unitId=21002;advance=13};{level=90;unitId=21001;advance=13}>,<{level=90;unitId=21002;advance=13}>,,22,22,1,20,1,6,1,<>,battle_bgm.mp3,battle/scene/bg_xszd.jpg,,{y=70;x=0},,,20,,<>,90,1,1,,62002,62002,1,0,0,0,{20971=0;21811=0;22991=0;6381=0;6382=0;20391=0},0,娃娃在万圣之夜会变得更加强大,娃娃在萬聖之夜會變得更加強大,Shuppet will become stronger at Halloween,,인형은 할로윈의 밤에 더 강해진다.,{},{},,{},{},0,{},{y=0;x=0},,,{},,FALSE,0,{}
62003,怨影娃娃,怨影娃娃,Shuppet,Shuppet,어둠대신,Shuppet,Shuppet,,<{level=90;unitId=21001;advance=13};{level=90;unitId=21002;advance=13}>,<{level=90;unitId=21001;advance=13}>,,22,22,1,20,1,6,1,<>,battle_bgm.mp3,battle/scene/bg_xszd.jpg,,{y=70;x=0},,,20,,<>,90,1,1,,62003,62003,1,0,0,0,{20971=0;21811=0;22991=0;6381=0;6382=0;20391=0},0,娃娃在万圣之夜会变得更加强大,娃娃在萬聖之夜會變得更加強大,Shuppet will become stronger at Halloween,,인형은 할로윈의 밤에 더 강해진다.,{},{},,{},{},0,{},{y=0;x=0},,,{},,FALSE,0,{}
62004,怨影娃娃,怨影娃娃,Shuppet,Shuppet,어둠대신,Shuppet,Shuppet,,<{level=90;unitId=21001;advance=13};{level=90;unitId=21002;advance=13};{level=90;unitId=21001;advance=13}>,<{level=90;unitId=21002;advance=13}>,,22,22,1,20,1,6,1,<>,battle_bgm.mp3,battle/scene/bg_xszd.jpg,,{y=70;x=0},,,20,,<>,90,1,1,,62004,62004,1,0,0,0,{20971=0;21811=0;22991=0;6381=0;6382=0;20391=0},0,娃娃在万圣之夜会变得更加强大,娃娃在萬聖之夜會變得更加強大,Shuppet will become stronger at Halloween,,인형은 할로윈의 밤에 더 강해진다.,{},{},,{},{},0,{},{y=0;x=0},,,{},,FALSE,0,{}
62011,耿鬼,耿鬼,Gengar,Gengar,팬텀,Gengar,Gengar,,<{level=95;unitId=21011;advance=14};{level=95;unitId=21011;advance=14}>,<{level=95;unitId=21011;advance=14}>,,22,22,1,20,1,6,1,<>,battle_bgm.mp3,battle/scene/bg_xszd.jpg,,{y=70;x=0},,,20,,<>,90,1,1,,62011,62011,1,0,0,0,{20971=0;21811=0;22991=0;6381=0;6382=0;20391=0},0,请击杀说真话的耿鬼！,請擊殺說真話的耿鬼！,Please Kill the Gengar that speaking the truth,,진실을 말하는 팬텀을 격살하세요!,{},{},,{},{},0,{},{y=0;x=0},,,{},,FALSE,0,{}
62012,耿鬼,耿鬼,Gengar,Gengar,팬텀,Gengar,Gengar,,<{level=95;unitId=21011;advance=14};{level=95;unitId=21011;advance=14}>,<{level=95;unitId=21011;advance=14}>,,22,22,1,20,1,6,1,<>,battle_bgm.mp3,battle/scene/bg_xszd.jpg,,{y=70;x=0},,,20,,<>,90,1,1,,62012,62012,1,0,0,0,{20971=0;21811=0;22991=0;6381=0;6382=0;20391=0},0,请击杀说真话的耿鬼！,請擊殺說真話的耿鬼！,Please Kill the Gengar that speaking the truth,,진실을 말하는 팬텀을 격살하세요!,{},{},,{},{},0,{},{y=0;x=0},,,{},,FALSE,0,{}
62013,耿鬼,耿鬼,Gengar,Gengar,팬텀,Gengar,Gengar,,<{level=95;unitId=21011;advance=14};{level=95;unitId=21011;advance=14}>,<{level=95;unitId=21011;advance=14}>,,22,22,1,20,1,6,1,<>,battle_bgm.mp3,battle/scene/bg_xszd.jpg,,{y=70;x=0},,,20,,<>,90,1,1,,62013,62013,1,0,0,0,{20971=0;21811=0;22991=0;6381=0;6382=0;20391=0},0,请击杀说真话的耿鬼！,請擊殺說真話的耿鬼！,Please Kill the Gengar that speaking the truth,,진실을 말하는 팬텀을 격살하세요!,{},{},,{},{},0,{},{y=0;x=0},,,{},,FALSE,0,{}
62014,超级耿鬼,超級耿鬼,Mega Gengar,Mega Gengar,메가팬텀,Mega Gengar,Mega Gengar,,<{level=95;unitId=21012;advance=14};{level=95;unitId=21012;advance=14};{level=95;unitId=21012;advance=14};{level=95;unitId=21012;advance=14};{level=95;unitId=21012;advance=14}>,<{level=95;unitId=21012;advance=14}>,,22,22,1,20,1,6,1,<>,battle_bgm.mp3,battle/scene/bg_xszd.jpg,,{y=70;x=0},,,20,,<>,90,1,1,,62014,62014,1,0,0,0,{20971=0;21811=0;22991=0;6381=0;6382=0;20391=0},0,不要惊扰沉睡中的耿鬼,不要驚擾沉睡中的耿鬼,Don't disturb the Gengar that is sleeping,,잠자고 있는 팬텀을 놀래지 마세요.,{},{},,{},{},0,{},{y=0;x=0},,,{},,FALSE,0,{}
62021,骑拉帝纳·起源,騎拉帝納·起源,Giratina·Origin,Giratina·Origin,기라티나: 오리진폼,Giratina·Origin,Giratina·Origin,,<{level=100;unitId=21021;advance=15};{level=100;unitId=21026;advance=15};{level=100;unitId=21025;advance=15};{level=100;unitId=21024;advance=15};{level=100;unitId=21023;advance=15}>,<{level=100;unitId=21022;advance=15}>,,22,22,1,20,1,6,1,<>,battle_bgm.mp3,battle/scene/bg_xszd.jpg,,{y=70;x=0},,,20,,<>,90,1,1,,62021,62021,1,0,0,0,{20971=0;21811=0;22991=0;6381=0;6382=0;20391=0},0,骑拉帝纳在毁灭世界与现实世界穿梭，起源形态拥有强大的复苏能力，请小心谨慎对待；其中一个世界毁灭另一个世界也会随之毁灭！,騎拉帝納在毀滅世界與現實世界穿梭，起源形態擁有強大的復蘇能力，請小心謹慎對待；其中一個世界毀滅另一個世界也會隨之毀滅！,"Giratina shuttle bac and forth in Distortion World and Real World, Origin Forme has powerful recovery power, please take care. When one of the world destroy, the other world will destroy too!",,"기라티나는 파멸 세계와 현실 세계를 넘나들며, 오리진폼이 강력한 회복 능력을 가지고 있으니 조심히 대처하세요. 한 세계가 파멸되면 다른 세계도 따라서 파멸하게 될 것이다!",{},{},,{},{},0,{},{y=0;x=0},,,{},,FALSE,0,{}
62022,骑拉帝纳·起源,騎拉帝納·起源,Giratina·Origin,Giratina·Origin,기라티나: 오리진폼,Giratina·Origin,Giratina·Origin,,<{level=100;unitId=21031;advance=15}>,<{level=100;unitId=21032;advance=15}>,,22,22,1,20,1,6,1,<>,battle_bgm.mp3,battle/scene/bg_xszd.jpg,,{y=70;x=0},,,20,,<>,90,1,1,,62022,62022,1,0,0,0,{20971=0;21811=0;22991=0;6381=0;6382=0;20391=0},0,毁灭世界与现实世界相连，请在同一时刻击杀,毀滅世界與現實世界相連，請在同一時刻擊殺,"Distortion World is connected with real world, please defeat in same time",,파멸 세계와 현실 세계를 연결되어 있으니 같은 시각에 격살해주세요.,{},{},,{},{},0,{},{y=0;x=0},,,{},,FALSE,0,{}
62023,骑拉帝纳·起源,騎拉帝納·起源,Giratina·Origin,Giratina·Origin,기라티나: 오리진폼,Giratina·Origin,Giratina·Origin,,<{level=100;unitId=21041;advance=15};{level=100;unitId=21042;advance=15};{level=100;unitId=21041;advance=15};{level=100;unitId=21042;advance=15};{level=100;unitId=21041;advance=15}>,<{level=100;unitId=21042;advance=15}>,,22,22,1,20,1,6,1,<>,battle_bgm.mp3,battle/scene/bg_xszd.jpg,,{y=70;x=0},,,20,,<>,90,1,1,,62023,62023,1,0,0,0,{20971=0;21811=0;22991=0;6381=0;6382=0;20391=0},0,在颠倒的世界中会使己方必杀技的力量逐渐消亡！,在顛倒的世界中會使己方必殺技的力量逐漸消亡！,Power of ally Ult Skill will fade away in the Reversed World,,뒤바뀐 세상 속에서 아군 필살기의 힘이 점점 사라지게 될 것이다!,{},{},,{},{},0,{},{y=0;x=0},,,{},,FALSE,0,{}
62024,骑拉帝纳·起源,騎拉帝納·起源,Giratina·Origin,Giratina·Origin,기라티나: 오리진폼,Giratina·Origin,Giratina·Origin,,<{level=100;unitId=21051;advance=15};{level=100;unitId=21051;advance=15}>,<{level=100;unitId=21052;advance=15}>,,22,22,1,20,1,6,1,<>,battle_bgm.mp3,battle/scene/bg_xszd.jpg,,{y=70;x=0},,,20,,<>,90,1,1,,62024,62024,1,0,0,0,{20971=0;21811=0;22991=0;6381=0;6382=0;20391=0},0,头晕请入眠，驱散清我心！,頭暈請入眠，驅散清我心！,"Schizy Dizzy, breezy make me easy",,어지러우면 잠이 들어 디스펠할 수 있다!,{},{},,{},{},0,{},{y=0;x=0},,,{},,FALSE,0,{}
62031,梦妖魔,夢妖魔,Mismagius,Mismagius,Mismagius,Mismagius,Mismagius,,<{level=100;unitId=22012;advance=15};{level=100;unitId=22012;advance=15};{level=100;unitId=22012;advance=15};{level=100;unitId=22012;advance=15};{level=100;unitId=22012;advance=15}>,<{level=100;unitId=22011;advance=15}>,,22,22,1,20,1,6,1,<>,battle_bgm.mp3,battle/scene/bg_xszd.jpg,,{y=70;x=0},,,20,,<>,90,1,1,,62031,62031,1,0,0,0,{20971=0;21811=0;22991=0;6381=0;6382=0;20391=0},0,梦魇降临！梦妖魔准备出击！,,,,,{},{},,{},{},0,{},{y=0;x=0},,,{},,FALSE,0,{}
62032,梦妖魔,夢妖魔,Mismagius,Mismagius,Mismagius,Mismagius,Mismagius,,<{level=100;unitId=22014;advance=15};{level=100;unitId=22013;advance=15};{level=100;unitId=22014;advance=15};{level=100;unitId=22013;advance=15};{level=100;unitId=22013;advance=15}>,<{level=100;unitId=22014;advance=15}>,,22,22,1,20,1,6,1,<>,battle_bgm.mp3,battle/scene/bg_xszd.jpg,,{y=70;x=0},,,20,,<>,90,1,1,,62032,62032,1,0,0,0,{20971=0;21811=0;22991=0;6381=0;6382=0;20391=0},0,梦妖天生愚钝，血量较低时会混乱攻击队友,,,,,{},{},,{},{},0,{},{y=0;x=0},,,{},,FALSE,0,{}
62033,梦妖魔,夢妖魔,Mismagius,Mismagius,Mismagius,Mismagius,Mismagius,,<{level=100;unitId=22014;advance=15};{level=100;unitId=22014;advance=15};{level=100;unitId=22014;advance=15};{level=100;unitId=22014;advance=15};{level=100;unitId=22014;advance=15}>,<{level=100;unitId=22015;advance=15}>,,22,22,1,20,1,6,1,<>,battle_bgm.mp3,battle/scene/bg_xszd.jpg,,{y=70;x=0},,,20,,<>,90,1,1,,62033,62033,1,0,0,0,{20971=0;21811=0;22991=0;6381=0;6382=0;20391=0},0,黑夜就是我的面纱，红眼让我感到焕发！,,,,,{},{},,{},{},0,{},{y=0;x=0},,,{},,FALSE,0,{}
62034,梦妖魔,夢妖魔,Mismagius,Mismagius,Mismagius,Mismagius,Mismagius,,<{level=100;unitId=22017;advance=15};{level=100;unitId=22016;advance=15};{level=100;unitId=22017;advance=15};{level=100;unitId=22017;advance=15};{level=100;unitId=22017;advance=15}>,<{level=100;unitId=22017;advance=15}>,,22,22,1,20,1,6,1,<>,battle_bgm.mp3,battle/scene/bg_xszd.jpg,,{y=70;x=0},,,20,,<>,90,1,1,,62034,62034,1,0,0,0,{20971=0;21811=0;22991=0;6381=0;6382=0;20391=0},0,梦妖魔在黑夜中异常凶残，大回合内受到到主动技能会变狂暴,,,,,{},{},,{},{},0,{},{y=0;x=0},,,{},,FALSE,0,{}
62041,惩戒胡帕,懲戒胡帕,Hoopa Confined,Hoopa Confined,Hoopa Confined,Hoopa Confined,Hoopa Confined,,<{level=95;unitId=223641;advance=14};{level=95;unitId=223641;advance=14};{level=95;unitId=223641;advance=14};{level=95;unitId=223641;advance=14};{level=95;unitId=223641;advance=14}>,<{level=100;unitId=22005;advance=15}>,,22,22,1,20,1,6,1,<>,battle_bgm.mp3,battle/scene/bg_xszd.jpg,,{y=70;x=0},,,20,,<>,90,1,1,,62041,62041,1,0,0,0,{20971=0;21811=0;22991=0;6381=0;6382=0;20391=0},0,小胡帕最喜欢和大家一起玩了，人越多越好！,,,,,{},{},,{},{},0,{},{y=0;x=0},,,{},,FALSE,0,{}
62042,惩戒胡帕,懲戒胡帕,Hoopa Confined,Hoopa Confined,Hoopa Confined,Hoopa Confined,Hoopa Confined,,<{level=95;unitId=223641;advance=14};{level=95;unitId=223641;advance=14};{level=95;unitId=223641;advance=14};{level=95;unitId=223641;advance=14};{level=95;unitId=223641;advance=14}>,<{level=100;unitId=223641;advance=15}>,,22,22,1,20,1,6,1,<>,battle_bgm.mp3,battle/scene/bg_xszd.jpg,,{y=70;x=0},,,20,,<>,90,1,1,,62042,62042,1,0,0,0,{20971=0;21811=0;22991=0;6381=0;6382=0;20391=0},0,小胡帕祝大家万圣节快乐！,,,,,{},{},,{},{},0,{},{y=0;x=0},,,{},,FALSE,0,{}
62043,惩戒胡帕,懲戒胡帕,Hoopa Confined,Hoopa Confined,Hoopa Confined,Hoopa Confined,Hoopa Confined,,<{level=95;unitId=22006;advance=14};{level=95;unitId=22006;advance=14}>,<{level=100;unitId=22007;advance=15}>,,22,22,1,20,1,6,1,<>,battle_bgm.mp3,battle/scene/bg_xszd.jpg,,{y=70;x=0},,,20,,<>,90,1,1,,62043,62043,1,0,0,0,{20971=0;21811=0;22991=0;6381=0;6382=0;20391=0},0,说好了玩一回合休息一回合，你们可别不讲武德,,,,,{},{},,{},{},0,{},{y=0;x=0},,,{},,FALSE,0,{}
62044,惩戒胡帕,懲戒胡帕,Hoopa Confined,Hoopa Confined,Hoopa Confined,Hoopa Confined,Hoopa Confined,,<{level=95;unitId=22006;advance=14};{level=95;unitId=22006;advance=14}>,<{level=100;unitId=22003;advance=15}>,,22,22,1,20,1,6,1,<>,battle_bgm.mp3,battle/scene/bg_xszd.jpg,,{y=70;x=0},,,20,,<>,90,1,1,,62044,62044,1,0,0,0,{20971=0;21811=0;22991=0;6381=0;6382=0;20391=0},0,等它玩累吧，或者你觉得打得过也行,,,,,{},{},,{},{},0,{},{y=0;x=0},,,{},,FALSE,0,{}
70001,世界BOSS,世界BOSS,World Boss,World Boss,월드보스,World Boss,World Boss,,<>,<>,,15,11,1,20,1,6,1,<>,battle_bgm.mp3,battle/scene/bg_xszd.jpg,,{y=70;x=0},,,20,,<>,50,1,1,boss601,,,3,0,0,0,{851=0;850=0;901=0;902=0},0,,,,,,{},{},,{},{},0,{},{y=0;x=0},,,{},,FALSE,0,{}
70002,世界BOSS,世界BOSS,World Boss,World Boss,월드보스,World Boss,World Boss,,<>,<>,,15,11,1,20,1,6,1,<>,battle_bgm.mp3,battle/scene/bg_xszd.jpg,,{y=70;x=0},,,20,,<>,50,1,1,boss601,,,3,0,0,0,{851=0;850=0;901=0;902=0},0,,,,,,{},{},,{},{},0,{},{y=0;x=0},,,{},,FALSE,0,{}
70003,世界BOSS,世界BOSS,World Boss,World Boss,월드보스,World Boss,World Boss,,<>,<>,,15,11,1,20,1,6,1,<>,battle_bgm.mp3,battle/scene/bg_xszd.jpg,,{y=70;x=0},,,20,,<>,50,1,1,boss601,,,3,0,0,0,{851=0;850=0;901=0;902=0},0,,,,,,{},{},,{},{},0,{},{y=0;x=0},,,{},,FALSE,0,{}
71001,资源战BOSS,資源戰BOSS,Resource War BOSS,BOSS Chiến tranh Tài nguyên,자원전 보스,Chefe da Guerra de Recursos,บอสสงครามทรัพยากร,,<>,<{level=500;unitId=42001;advance=30};{level=500;unitId=42002;advance=30}>,,24,18,1,7,1,6,1,<>,battle_bgm.mp3,battle/scene/bg_xszd.jpg,,{y=70;x=0},,,1,,<>,500,500,500,mineboss1,,,9999,1,0,0,{510=0;gold=iconNumLittle=0;511=0},0,,,,,,{},{},,{},{},0,{},{y=0;x=0},,,{},,FALSE,0,{}
71002,资源战BOSS,資源戰BOSS,Resource War BOSS,BOSS Chiến tranh Tài nguyên,자원전 보스,Chefe da Guerra de Recursos,บอสสงครามทรัพยากร,,<>,<{level=500;unitId=42003;advance=30};{level=500;unitId=42004;advance=30}>,,24,18,1,7,1,6,1,<>,battle_bgm.mp3,battle/scene/bg_xszd.jpg,,{y=70;x=0},,,1,,<>,500,500,500,mineboss1,,,9999,1,0,0,{510=0;gold=iconNumLittle=0;511=0},0,,,,,,{},{},,{},{},0,{},{y=0;x=0},,,{},,FALSE,0,{}
71003,资源战BOSS,資源戰BOSS,Resource War BOSS,BOSS Chiến tranh Tài nguyên,자원전 보스,Chefe da Guerra de Recursos,บอสสงครามทรัพยากร,,<>,<{level=500;unitId=42005;advance=30};{level=500;unitId=42006;advance=30}>,,24,18,1,7,1,6,1,<>,battle_bgm.mp3,battle/scene/bg_xszd.jpg,,{y=70;x=0},,,1,,<>,500,500,500,mineboss2,,,9999,1,0,0,{510=0;gold=iconNumLittle=0;511=0},0,,,,,,{},{},,{},{},0,{},{y=0;x=0},,,{},,FALSE,0,{}
71004,资源战BOSS,資源戰BOSS,Resource War BOSS,BOSS Chiến tranh Tài nguyên,자원전 보스,Chefe da Guerra de Recursos,บอสสงครามทรัพยากร,,<>,<{level=500;unitId=42009;advance=30};{level=500;unitId=42007;advance=30};{level=500;unitId=42008;advance=30}>,,24,18,1,7,1,6,1,<>,battle_bgm.mp3,battle/scene/bg_xszd.jpg,,{y=70;x=0},,,1,,<>,500,500,500,mineboss3,,,9999,1,0,0,{510=0;gold=iconNumLittle=0;511=0},0,,,,,,{},{},,{},{},0,{},{y=0;x=0},,,{},,FALSE,0,{}
80001,道馆副本,道館副本,Gym Dungeon,Phó bản Nhà thi đấu,체육관 던전,Masmorra de Ginásio,ดันเจี้ยนยิม,,<{level=65;unitId=292591;advance=10};{level=65;unitId=292591;advance=10};{level=65;unitId=292591;advance=10};{level=65;unitId=292592;advance=10};{level=65;unitId=292592;advance=10}>,<{level=65;unitId=300011;advance=11}>,,18,23,1,20,1,6,1,<>,battle_bgm.mp3,battle/scene/bg_xszd.jpg,,{y=70;x=0},,,1,,<>,65,1,65,,80001,,9999,0,0,0,{529=0;151=0;gold=0},0,,,,,,{},{},,{},{},0,{},{y=0;x=0},,,{},,FALSE,0,{}
80002,道馆副本,道館副本,Gym Dungeon,Phó bản Nhà thi đấu,체육관 던전,Masmorra de Ginásio,ดันเจี้ยนยิม,,<{level=65;unitId=290101;advance=10};{level=65;unitId=290451;advance=10};{level=65;unitId=291611;advance=10};{level=65;unitId=291251;advance=10};{level=65;unitId=290691;advance=10}>,<{level=65;unitId=300021;advance=11}>,,18,23,1,20,1,6,1,<>,battle_bgm.mp3,battle/scene/bg_xszd.jpg,,{y=70;x=0},,,1,,<>,65,1,65,,80002,,9999,0,0,0,{529=0;151=0;gold=0},0,,,,,,{},{},,{},{},0,{},{y=0;x=0},,,{},,FALSE,0,{}
80003,道馆副本,道館副本,Gym Dungeon,Phó bản Nhà thi đấu,체육관 던전,Masmorra de Ginásio,ดันเจี้ยนยิม,,<{level=65;unitId=290301;advance=10};{level=65;unitId=290302;advance=10};{level=65;unitId=290303;advance=10}>,<{level=65;unitId=300031;advance=11}>,,18,23,1,20,1,6,1,<>,battle_bgm.mp3,battle/scene/bg_xszd.jpg,,{y=70;x=0},,,1,,<>,65,1,65,,80003,,9999,0,0,0,{529=0;151=0;gold=0},0,,,,,,{},{},,{},{},0,{},{y=0;x=0},,,{},,FALSE,0,{}
80004,道馆副本,道館副本,Gym Dungeon,Phó bản Nhà thi đấu,체육관 던전,Masmorra de Ginásio,ดันเจี้ยนยิม,,<>,<>,,18,23,1,20,1,6,1,<>,battle_bgm.mp3,battle/scene/bg_xszd.jpg,,{y=70;x=0},,,1,,<>,65,1,65,,80004,,9999,0,0,0,{529=0;151=0;gold=0},0,,,,,,{},{},,{},{},0,{},{y=0;x=0},,,{},,FALSE,0,{}
80005,道馆副本,道館副本,Gym Dungeon,Phó bản Nhà thi đấu,체육관 던전,Masmorra de Ginásio,ดันเจี้ยนยิม,,<>,<>,,18,23,1,20,1,6,1,<>,battle_bgm.mp3,battle/scene/bg_xszd.jpg,,{y=70;x=0},,,1,,<>,65,1,65,,80005,,9999,0,0,0,{529=0;151=0;gold=0},0,,,,,,{},{},,{},{},0,{},{y=0;x=0},,,{},,FALSE,0,{}
80006,道馆副本,道館副本,Gym Dungeon,Phó bản Nhà thi đấu,체육관 던전,Masmorra de Ginásio,ดันเจี้ยนยิม,,<>,<>,,18,23,1,20,1,6,1,<>,battle_bgm.mp3,battle/scene/bg_xszd.jpg,,{y=70;x=0},,,1,,<>,65,1,65,,80006,,9999,0,0,0,{529=0;151=0;gold=0},0,,,,,,{},{},,{},{},0,{},{y=0;x=0},,,{},,FALSE,0,{}
80011,道馆副本,道館副本,Gym Dungeon,Phó bản Nhà thi đấu,체육관 던전,Masmorra de Ginásio,ดันเจี้ยนยิม,,<{level=68;unitId=290401;advance=10};{level=68;unitId=291252;advance=10};{level=68;unitId=290491;advance=10};{level=68;unitId=290692;advance=10};{level=68;unitId=291502;advance=10}>,<{level=68;unitId=300111;advance=11}>,,18,23,1,20,1,6,1,<>,battle_bgm.mp3,battle/scene/bg_xszd.jpg,,{y=70;x=0},,,1,,<>,68,1,68,,80011,,9999,0,0,0,{529=0;151=0;gold=0},0,,,,,,{},{},,{},{},0,{},{y=0;x=0},,,{},,FALSE,0,{}
80012,道馆副本,道館副本,Gym Dungeon,Phó bản Nhà thi đấu,체육관 던전,Masmorra de Ginásio,ดันเจี้ยนยิม,,<{level=68;unitId=292611;advance=10};{level=68;unitId=292611;advance=10};{level=68;unitId=292611;advance=10};{level=68;unitId=292611;advance=10};{level=68;unitId=292611;advance=10}>,<{level=68;unitId=300121;advance=11}>,,18,23,1,20,1,6,1,<>,battle_bgm.mp3,battle/scene/bg_xszd.jpg,,{y=70;x=0},,,1,,<>,68,1,68,,80012,,9999,0,0,0,{529=0;151=0;gold=0},0,,,,,,{},{},,{},{},0,{},{y=0;x=0},,,{},,FALSE,0,{}
80013,道馆副本,道館副本,Gym Dungeon,Phó bản Nhà thi đấu,체육관 던전,Masmorra de Ginásio,ดันเจี้ยนยิม,,<{level=68;unitId=290102;advance=10};{level=68;unitId=290102;advance=10};{level=68;unitId=290102;advance=10};{level=68;unitId=290452;advance=10};{level=68;unitId=290452;advance=10}>,<{level=68;unitId=300131;advance=11}>,,18,23,1,20,1,6,1,<>,battle_bgm.mp3,battle/scene/bg_xszd.jpg,,{y=70;x=0},,,1,,<>,68,1,68,,80013,,9999,0,0,0,{529=0;151=0;gold=0},0,,,,,,{},{},,{},{},0,{},{y=0;x=0},,,{},,FALSE,0,{}
80014,道馆副本,道館副本,Gym Dungeon,Phó bản Nhà thi đấu,체육관 던전,Masmorra de Ginásio,ดันเจี้ยนยิม,,<>,<>,,18,23,1,20,1,6,1,<>,battle_bgm.mp3,battle/scene/bg_xszd.jpg,,{y=70;x=0},,,1,,<>,68,1,68,,80014,,9999,0,0,0,{529=0;151=0;gold=0},0,,,,,,{},{},,{},{},0,{},{y=0;x=0},,,{},,FALSE,0,{}
80015,道馆副本,道館副本,Gym Dungeon,Phó bản Nhà thi đấu,체육관 던전,Masmorra de Ginásio,ดันเจี้ยนยิม,,<>,<>,,18,23,1,20,1,6,1,<>,battle_bgm.mp3,battle/scene/bg_xszd.jpg,,{y=70;x=0},,,1,,<>,68,1,68,,80015,,9999,0,0,0,{529=0;151=0;gold=0},0,,,,,,{},{},,{},{},0,{},{y=0;x=0},,,{},,FALSE,0,{}
80016,道馆副本,道館副本,Gym Dungeon,Phó bản Nhà thi đấu,체육관 던전,Masmorra de Ginásio,ดันเจี้ยนยิม,,<>,<>,,18,23,1,20,1,6,1,<>,battle_bgm.mp3,battle/scene/bg_xszd.jpg,,{y=70;x=0},,,1,,<>,68,1,68,,80016,,9999,0,0,0,{529=0;151=0;gold=0},0,,,,,,{},{},,{},{},0,{},{y=0;x=0},,,{},,FALSE,0,{}
80021,道馆副本,道館副本,Gym Dungeon,Phó bản Nhà thi đấu,체육관 던전,Masmorra de Ginásio,ดันเจี้ยนยิม,,<{level=71;unitId=291911;advance=10};{level=71;unitId=291911;advance=10};{level=71;unitId=291911;advance=10};{level=71;unitId=291911;advance=10};{level=71;unitId=291911;advance=10}>,<{level=71;unitId=300211;advance=11}>,,18,23,1,20,1,6,1,<>,battle_bgm.mp3,battle/scene/bg_xszd.jpg,,{y=70;x=0},,,1,,<>,71,1,71,,80021,,9999,0,0,0,{529=0;151=0;gold=0;152=0},0,,,,,,{},{},,{},{},0,{},{y=0;x=0},,,{},,FALSE,0,{}
80022,道馆副本,道館副本,Gym Dungeon,Phó bản Nhà thi đấu,체육관 던전,Masmorra de Ginásio,ดันเจี้ยนยิม,,<>,<>,,18,23,1,20,1,6,1,<>,battle_bgm.mp3,battle/scene/bg_xszd.jpg,,{y=70;x=0},,,1,,<>,71,1,71,,80022,,9999,0,0,0,{529=0;151=0;gold=0;152=0},0,,,,,,{},{},,{},{},0,{},{y=0;x=0},,,{},,FALSE,0,{}
80023,道馆副本,道館副本,Gym Dungeon,Phó bản Nhà thi đấu,체육관 던전,Masmorra de Ginásio,ดันเจี้ยนยิม,,<{level=71;unitId=293171;advance=10};{level=71;unitId=293171;advance=10};{level=71;unitId=293171;advance=10};{level=71;unitId=293171;advance=10};{level=71;unitId=293171;advance=10}>,<{level=71;unitId=300231;advance=11}>,,18,23,1,20,1,6,1,<>,battle_bgm.mp3,battle/scene/bg_xszd.jpg,,{y=70;x=0},,,1,,<>,71,1,71,,80023,,9999,0,0,0,{529=0;151=0;gold=0;152=0},0,,,,,,{},{},,{},{},0,{},{y=0;x=0},,,{},,FALSE,0,{}
80024,道馆副本,道館副本,Gym Dungeon,Phó bản Nhà thi đấu,체육관 던전,Masmorra de Ginásio,ดันเจี้ยนยิม,,<>,<>,,18,23,1,20,1,6,1,<>,battle_bgm.mp3,battle/scene/bg_xszd.jpg,,{y=70;x=0},,,1,,<>,71,1,71,,80024,,9999,0,0,0,{529=0;151=0;gold=0;152=0},0,,,,,,{},{},,{},{},0,{},{y=0;x=0},,,{},,FALSE,0,{}
80025,道馆副本,道館副本,Gym Dungeon,Phó bản Nhà thi đấu,체육관 던전,Masmorra de Ginásio,ดันเจี้ยนยิม,,<>,<>,,18,23,1,20,1,6,1,<>,battle_bgm.mp3,battle/scene/bg_xszd.jpg,,{y=70;x=0},,,1,,<>,71,1,71,,80025,,9999,0,0,0,{529=0;151=0;gold=0;152=0},0,,,,,,{},{},,{},{},0,{},{y=0;x=0},,,{},,FALSE,0,{}
80026,道馆副本,道館副本,Gym Dungeon,Phó bản Nhà thi đấu,체육관 던전,Masmorra de Ginásio,ดันเจี้ยนยิม,,<>,<>,,18,23,1,20,1,6,1,<>,battle_bgm.mp3,battle/scene/bg_xszd.jpg,,{y=70;x=0},,,1,,<>,71,1,71,,80026,,9999,0,0,0,{529=0;151=0;gold=0;152=0},0,,,,,,{},{},,{},{},0,{},{y=0;x=0},,,{},,FALSE,0,{}
80031,道馆副本,道館副本,Gym Dungeon,Phó bản Nhà thi đấu,체육관 던전,Masmorra de Ginásio,ดันเจี้ยนยิม,,<{level=74;unitId=291253;advance=10};{level=74;unitId=290492;advance=10};{level=74;unitId=292233;advance=10};{level=74;unitId=292723;advance=10};{level=74;unitId=291313;advance=10}>,<{level=74;unitId=300311;advance=11}>,,18,23,1,20,1,6,1,<>,battle_bgm.mp3,battle/scene/bg_xszd.jpg,,{y=70;x=0},,,1,,<>,74,1,74,,80031,,9999,0,0,0,{529=0;151=0;gold=0;152=0},0,,,,,,{},{},,{},{},0,{},{y=0;x=0},,,{},,FALSE,0,{}
80032,道馆副本,道館副本,Gym Dungeon,Phó bản Nhà thi đấu,체육관 던전,Masmorra de Ginásio,ดันเจี้ยนยิม,,<{level=74;unitId=290493;advance=10};{level=74;unitId=290493;advance=10};{level=74;unitId=290493;advance=10};{level=74;unitId=291503;advance=10};{level=74;unitId=291503;advance=10}>,<{level=74;unitId=300321;advance=11}>,,18,23,1,20,1,6,1,<>,battle_bgm.mp3,battle/scene/bg_xszd.jpg,,{y=70;x=0},,,1,,<>,74,1,74,,80032,,9999,0,0,0,{529=0;151=0;gold=0;152=0},0,,,,,,{},{},,{},{},0,{},{y=0;x=0},,,{},,FALSE,0,{}
80033,道馆副本,道館副本,Gym Dungeon,Phó bản Nhà thi đấu,체육관 던전,Masmorra de Ginásio,ดันเจี้ยนยิม,,<{level=74;unitId=290401;advance=10};{level=74;unitId=290401;advance=10};{level=74;unitId=290401;advance=10};{level=74;unitId=290401;advance=10};{level=74;unitId=290401;advance=10}>,<{level=74;unitId=300331;advance=11}>,,18,23,1,20,1,6,1,<>,battle_bgm.mp3,battle/scene/bg_xszd.jpg,,{y=70;x=0},,,1,,<>,74,1,74,,80033,,9999,0,0,0,{529=0;151=0;gold=0;152=0},0,,,,,,{},{},,{},{},0,{},{y=0;x=0},,,{},,FALSE,0,{}
80034,道馆副本,道館副本,Gym Dungeon,Phó bản Nhà thi đấu,체육관 던전,Masmorra de Ginásio,ดันเจี้ยนยิม,,<>,<>,,18,23,1,20,1,6,1,<>,battle_bgm.mp3,battle/scene/bg_xszd.jpg,,{y=70;x=0},,,1,,<>,74,1,74,,80034,,9999,0,0,0,{529=0;151=0;gold=0;152=0},0,,,,,,{},{},,{},{},0,{},{y=0;x=0},,,{},,FALSE,0,{}
80035,道馆副本,道館副本,Gym Dungeon,Phó bản Nhà thi đấu,체육관 던전,Masmorra de Ginásio,ดันเจี้ยนยิม,,<>,<>,,18,23,1,20,1,6,1,<>,battle_bgm.mp3,battle/scene/bg_xszd.jpg,,{y=70;x=0},,,1,,<>,74,1,74,,80035,,9999,0,0,0,{529=0;151=0;gold=0;152=0},0,,,,,,{},{},,{},{},0,{},{y=0;x=0},,,{},,FALSE,0,{}
80036,道馆副本,道館副本,Gym Dungeon,Phó bản Nhà thi đấu,체육관 던전,Masmorra de Ginásio,ดันเจี้ยนยิม,,<>,<>,,18,23,1,20,1,6,1,<>,battle_bgm.mp3,battle/scene/bg_xszd.jpg,,{y=70;x=0},,,1,,<>,74,1,74,,80036,,9999,0,0,0,{529=0;151=0;gold=0;152=0},0,,,,,,{},{},,{},{},0,{},{y=0;x=0},,,{},,FALSE,0,{}
80041,道馆副本,道館副本,Gym Dungeon,Phó bản Nhà thi đấu,체육관 던전,Masmorra de Ginásio,ดันเจี้ยนยิม,,<{level=77;unitId=291253;advance=10};{level=77;unitId=291253;advance=10};{level=77;unitId=291253;advance=10};{level=77;unitId=291971;advance=10};{level=77;unitId=291971;advance=10}>,<{level=77;unitId=300411;advance=11}>,,18,23,1,20,1,6,1,<>,battle_bgm.mp3,battle/scene/bg_xszd.jpg,,{y=70;x=0},,,1,,<>,77,1,77,,80041,,9999,0,0,0,{529=0;151=0;gold=0;152=0},0,,,,,,{},{},,{},{},0,{},{y=0;x=0},,,{},,FALSE,0,{}
80042,道馆副本,道館副本,Gym Dungeon,Phó bản Nhà thi đấu,체육관 던전,Masmorra de Ginásio,ดันเจี้ยนยิม,,<>,<{level=77;unitId=300421;advance=11}>,,18,23,1,20,1,6,1,<>,battle_bgm.mp3,battle/scene/bg_xszd.jpg,,{y=70;x=0},,,1,,<>,77,1,77,,80042,,9999,0,0,0,{529=0;151=0;gold=0;152=0},0,,,,,,{},{},,{},{},0,{},{y=0;x=0},,,{},,FALSE,0,{}
80043,道馆副本,道館副本,Gym Dungeon,Phó bản Nhà thi đấu,체육관 던전,Masmorra de Ginásio,ดันเจี้ยนยิม,,<{level=77;unitId=292593;advance=10};{level=77;unitId=292593;advance=10};{level=77;unitId=292593;advance=10}>,<{level=77;unitId=300431;advance=11}>,,18,23,1,20,1,6,1,<>,battle_bgm.mp3,battle/scene/bg_xszd.jpg,,{y=70;x=0},,,1,,<>,77,1,77,,80043,,9999,0,0,0,{529=0;151=0;gold=0;152=0},0,,,,,,{},{},,{},{},0,{},{y=0;x=0},,,{},,FALSE,0,{}
80044,道馆副本,道館副本,Gym Dungeon,Phó bản Nhà thi đấu,체육관 던전,Masmorra de Ginásio,ดันเจี้ยนยิม,,<>,<{level=999;unitId=300441;advance=29};{level=999;unitId=300442;advance=29}>,,18,23,1,20,1,6,1,<>,battle_bgm.mp3,battle/scene/bg_xszd.jpg,,{y=70;x=0},,,1,,<>,77,1,77,,80044,,9999,0,0,0,{529=0;151=0;gold=0;152=0},0,,,,,,{},{},,{},{},0,{},{y=0;x=0},,,{},,FALSE,0,{}
80045,道馆副本,道館副本,Gym Dungeon,Phó bản Nhà thi đấu,체육관 던전,Masmorra de Ginásio,ดันเจี้ยนยิม,,<>,<>,,18,23,1,20,1,6,1,<>,battle_bgm.mp3,battle/scene/bg_xszd.jpg,,{y=70;x=0},,,1,,<>,77,1,77,,80045,,9999,0,0,0,{529=0;151=0;gold=0;152=0},0,,,,,,{},{},,{},{},0,{},{y=0;x=0},,,{},,FALSE,0,{}
80046,道馆副本,道館副本,Gym Dungeon,Phó bản Nhà thi đấu,체육관 던전,Masmorra de Ginásio,ดันเจี้ยนยิม,,<>,<>,,18,23,1,20,1,6,1,<>,battle_bgm.mp3,battle/scene/bg_xszd.jpg,,{y=70;x=0},,,1,,<>,77,1,77,,80046,,9999,0,0,0,{529=0;151=0;gold=0;152=0},0,,,,,,{},{},,{},{},0,{},{y=0;x=0},,,{},,FALSE,0,{}
80051,道馆副本,道館副本,Gym Dungeon,Phó bản Nhà thi đấu,체육관 던전,Masmorra de Ginásio,ดันเจี้ยนยิม,,<{level=80;unitId=291314;advance=15};{level=80;unitId=291503;advance=15};{level=80;unitId=291253;advance=15};{level=80;unitId=292233;advance=15};{level=80;unitId=291911;advance=15}>,<{level=80;unitId=300511;advance=16}>,,18,23,1,20,1,6,1,<>,battle_bgm.mp3,battle/scene/bg_xszd.jpg,,{y=70;x=0},,,1,,<>,80,1,80,,80051,,9999,0,0,0,{529=0;151=0;gold=0;152=0},0,,,,,,{},{},,{},{},0,{},{y=0;x=0},,,{},,FALSE,0,{}
80101,道馆副本,道館副本,Gym Dungeon,Phó bản Nhà thi đấu,체육관 던전,Masmorra de Ginásio,ดันเจี้ยนยิม,,<{level=70;unitId=290551;advance=11};{level=70;unitId=293471;advance=11};{level=70;unitId=290691;advance=11};{level=70;unitId=290541;advance=11};{level=70;unitId=290541;advance=11}>,<{level=70;unitId=301011;advance=12}>,,18,23,1,20,1,6,1,<>,battle_bgm.mp3,battle/scene/bg_xszd.jpg,,{y=70;x=0},,,1,,<>,70,1,70,,80101,,9999,0,0,0,{529=0;151=0;gold=0},0,,,,,,{},{},,{},{},0,{},{y=0;x=0},,,{},,FALSE,0,{}
80102,道馆副本,道館副本,Gym Dungeon,Phó bản Nhà thi đấu,체육관 던전,Masmorra de Ginásio,ดันเจี้ยนยิม,,<{level=70;unitId=292871;advance=11};{level=70;unitId=293011;advance=11};{level=70;unitId=291861;advance=11};{level=70;unitId=292301;advance=11};{level=70;unitId=291851;advance=11}>,<{level=70;unitId=301021;advance=12}>,,18,23,1,20,1,6,1,<>,battle_bgm.mp3,battle/scene/bg_xszd.jpg,,{y=70;x=0},,,1,,<>,70,1,70,,80102,,9999,0,0,0,{529=0;151=0;gold=0},0,,,,,,{},{},,{},{},0,{},{y=0;x=0},,,{},,FALSE,0,{}
80103,道馆副本,道館副本,Gym Dungeon,Phó bản Nhà thi đấu,체육관 던전,Masmorra de Ginásio,ดันเจี้ยนยิม,,<{level=70;unitId=290552;advance=11};{level=70;unitId=291352;advance=11};{level=70;unitId=291081;advance=11};{level=70;unitId=292031;advance=11}>,<{level=70;unitId=301031;advance=12}>,,18,23,1,20,1,6,1,<>,battle_bgm.mp3,battle/scene/bg_xszd.jpg,,{y=70;x=0},,,1,,<>,70,1,70,,80103,,9999,0,0,0,{529=0;151=0;gold=0},0,,,,,,{},{},,{},{},0,{},{y=0;x=0},,,{},,FALSE,0,{}
80104,道馆副本,道館副本,Gym Dungeon,Phó bản Nhà thi đấu,체육관 던전,Masmorra de Ginásio,ดันเจี้ยนยิม,,<>,<>,,18,23,1,20,1,6,1,<>,battle_bgm.mp3,battle/scene/bg_xszd.jpg,,{y=70;x=0},,,1,,<>,70,1,70,,80104,,9999,0,0,0,{529=0;151=0;gold=0},0,,,,,,{},{},,{},{},0,{},{y=0;x=0},,,{},,FALSE,0,{}
80105,道馆副本,道館副本,Gym Dungeon,Phó bản Nhà thi đấu,체육관 던전,Masmorra de Ginásio,ดันเจี้ยนยิม,,<>,<>,,18,23,1,20,1,6,1,<>,battle_bgm.mp3,battle/scene/bg_xszd.jpg,,{y=70;x=0},,,1,,<>,70,1,70,,80105,,9999,0,0,0,{529=0;151=0;gold=0},0,,,,,,{},{},,{},{},0,{},{y=0;x=0},,,{},,FALSE,0,{}
80106,道馆副本,道館副本,Gym Dungeon,Phó bản Nhà thi đấu,체육관 던전,Masmorra de Ginásio,ดันเจี้ยนยิม,,<>,<>,,18,23,1,20,1,6,1,<>,battle_bgm.mp3,battle/scene/bg_xszd.jpg,,{y=70;x=0},,,1,,<>,70,1,70,,80106,,9999,0,0,0,{529=0;151=0;gold=0},0,,,,,,{},{},,{},{},0,{},{y=0;x=0},,,{},,FALSE,0,{}
80111,道馆副本,道館副本,Gym Dungeon,Phó bản Nhà thi đấu,체육관 던전,Masmorra de Ginásio,ดันเจี้ยนยิม,,<{level=73;unitId=290021;advance=11};{level=73;unitId=293301;advance=11};{level=73;unitId=290801;advance=11};{level=73;unitId=292031;advance=11}>,<{level=73;unitId=301111;advance=12}>,,18,23,1,20,1,6,1,<>,battle_bgm.mp3,battle/scene/bg_xszd.jpg,,{y=70;x=0},,,1,,<>,73,1,73,,80111,,9999,0,0,0,{529=0;151=0;gold=0},0,,,,,,{},{},,{},{},0,{},{y=0;x=0},,,{},,FALSE,0,{}
80112,道馆副本,道館副本,Gym Dungeon,Phó bản Nhà thi đấu,체육관 던전,Masmorra de Ginásio,ดันเจี้ยนยิม,,<{level=73;unitId=292921;advance=11};{level=73;unitId=291353;advance=11};{level=73;unitId=292922;advance=11};{level=73;unitId=292923;advance=11};{level=73;unitId=292924;advance=11}>,<{level=73;unitId=301121;advance=12}>,,18,23,1,20,1,6,1,<>,battle_bgm.mp3,battle/scene/bg_xszd.jpg,,{y=70;x=0},,,1,,<>,73,1,73,,80112,,9999,0,0,0,{529=0;151=0;gold=0},0,,,,,,{},{},,{},{},0,{},{y=0;x=0},,,{},,FALSE,0,{}
80113,道馆副本,道館副本,Gym Dungeon,Phó bản Nhà thi đấu,체육관 던전,Masmorra de Ginásio,ดันเจี้ยนยิม,,<>,<{level=73;unitId=301131;advance=12}>,,18,23,1,20,1,6,1,<>,battle_bgm.mp3,battle/scene/bg_xszd.jpg,,{y=70;x=0},,,1,,<>,73,1,73,,80113,,9999,0,0,0,{529=0;151=0;gold=0},0,,,,,,{},{},,{},{},0,{},{y=0;x=0},,,{},,FALSE,0,{}
80114,道馆副本,道館副本,Gym Dungeon,Phó bản Nhà thi đấu,체육관 던전,Masmorra de Ginásio,ดันเจี้ยนยิม,,<>,<>,,18,23,1,20,1,6,1,<>,battle_bgm.mp3,battle/scene/bg_xszd.jpg,,{y=70;x=0},,,1,,<>,73,1,73,,80114,,9999,0,0,0,{529=0;151=0;gold=0},0,,,,,,{},{},,{},{},0,{},{y=0;x=0},,,{},,FALSE,0,{}
80115,道馆副本,道館副本,Gym Dungeon,Phó bản Nhà thi đấu,체육관 던전,Masmorra de Ginásio,ดันเจี้ยนยิม,,<>,<>,,18,23,1,20,1,6,1,<>,battle_bgm.mp3,battle/scene/bg_xszd.jpg,,{y=70;x=0},,,1,,<>,73,1,73,,80115,,9999,0,0,0,{529=0;151=0;gold=0},0,,,,,,{},{},,{},{},0,{},{y=0;x=0},,,{},,FALSE,0,{}
80116,道馆副本,道館副本,Gym Dungeon,Phó bản Nhà thi đấu,체육관 던전,Masmorra de Ginásio,ดันเจี้ยนยิม,,<>,<>,,18,23,1,20,1,6,1,<>,battle_bgm.mp3,battle/scene/bg_xszd.jpg,,{y=70;x=0},,,1,,<>,73,1,73,,80116,,9999,0,0,0,{529=0;151=0;gold=0},0,,,,,,{},{},,{},{},0,{},{y=0;x=0},,,{},,FALSE,0,{}
80121,道馆副本,道館副本,Gym Dungeon,Phó bản Nhà thi đấu,체육관 던전,Masmorra de Ginásio,ดันเจี้ยนยิม,,<>,<>,,18,23,1,20,1,6,1,<>,battle_bgm.mp3,battle/scene/bg_xszd.jpg,,{y=70;x=0},,,1,,<>,76,1,76,,80121,,9999,0,0,0,{529=0;151=0;gold=0;152=0},0,,,,,,{},{},,{},{},0,{},{y=0;x=0},,,{},,FALSE,0,{}
80122,道馆副本,道館副本,Gym Dungeon,Phó bản Nhà thi đấu,체육관 던전,Masmorra de Ginásio,ดันเจี้ยนยิม,,<{level=76;unitId=292871;advance=11};{level=76;unitId=292871;advance=11};{level=76;unitId=292871;advance=11};{level=76;unitId=292872;advance=11};{level=76;unitId=292872;advance=11}>,<{level=76;unitId=301221;advance=12}>,,18,23,2,20,1,6,1,<>,battle_bgm.mp3,battle/scene/bg_xszd.jpg,,{y=70;x=0},,,1,,<>,76,1,76,,80122,,9999,0,0,0,{529=0;151=0;gold=0;152=0},0,,,,,,{},{},,{},{},0,{},{y=0;x=0},,,{},,FALSE,0,{}
80123,道馆副本,道館副本,Gym Dungeon,Phó bản Nhà thi đấu,체육관 던전,Masmorra de Ginásio,ดันเจี้ยนยิม,,<{level=76;unitId=291851;advance=11};{level=76;unitId=291851;advance=11}>,<{level=76;unitId=301231;advance=12}>,,18,23,1,20,1,6,1,<>,battle_bgm.mp3,battle/scene/bg_xszd.jpg,,{y=70;x=0},,,1,,<>,76,1,76,,80123,,9999,0,0,0,{529=0;151=0;gold=0;152=0},0,,,,,,{},{},,{},{},0,{},{y=0;x=0},,,{},,FALSE,0,{}
80124,道馆副本,道館副本,Gym Dungeon,Phó bản Nhà thi đấu,체육관 던전,Masmorra de Ginásio,ดันเจี้ยนยิม,,<{level=76;unitId=301241;advance=11};{level=76;unitId=291772;advance=11}>,<>,,18,23,1,20,1,6,1,<>,battle_bgm.mp3,battle/scene/bg_xszd.jpg,,{y=70;x=0},,,1,,<>,76,1,76,,80124,,9999,0,0,0,{529=0;151=0;gold=0;152=0},0,,,,,,{},{},,{},{},0,{},{y=0;x=0},,,{},,FALSE,0,{}
80125,道馆副本,道館副本,Gym Dungeon,Phó bản Nhà thi đấu,체육관 던전,Masmorra de Ginásio,ดันเจี้ยนยิม,,<{level=76;unitId=291921;advance=11};{level=76;unitId=291921;advance=11};{level=76;unitId=291921;advance=11};{level=76;unitId=291921;advance=11};{level=76;unitId=291921;advance=11}>,<{level=76;unitId=301251;advance=12}>,,18,23,1,20,1,6,1,<>,battle_bgm.mp3,battle/scene/bg_xszd.jpg,,{y=70;x=0},,,1,,<>,76,1,76,,80125,,9999,0,0,0,{529=0;151=0;gold=0;152=0},0,,,,,,{},{},,{},{},0,{},{y=0;x=0},,,{},,FALSE,0,{}
80126,道馆副本,道館副本,Gym Dungeon,Phó bản Nhà thi đấu,체육관 던전,Masmorra de Ginásio,ดันเจี้ยนยิม,,<>,<>,,18,23,1,20,1,6,1,<>,battle_bgm.mp3,battle/scene/bg_xszd.jpg,,{y=70;x=0},,,1,,<>,76,1,76,,80126,,9999,0,0,0,{529=0;151=0;gold=0;152=0},0,,,,,,{},{},,{},{},0,{},{y=0;x=0},,,{},,FALSE,0,{}
80131,道馆副本,道館副本,Gym Dungeon,Phó bản Nhà thi đấu,체육관 던전,Masmorra de Ginásio,ดันเจี้ยนยิม,,<{level=79;unitId=293021;advance=11};{level=79;unitId=293021;advance=11};{level=79;unitId=293021;advance=11};{level=79;unitId=291082;advance=11};{level=79;unitId=291082;advance=11}>,<{level=79;unitId=301311;advance=12}>,,18,23,1,20,1,6,1,<>,battle_bgm.mp3,battle/scene/bg_xszd.jpg,,{y=70;x=0},,,1,,<>,79,1,79,,80131,,9999,0,0,0,{529=0;151=0;gold=0;152=0},0,,,,,,{},{},,{},{},0,{},{y=0;x=0},,,{},,FALSE,0,{}
80132,道馆副本,道館副本,Gym Dungeon,Phó bản Nhà thi đấu,체육관 던전,Masmorra de Ginásio,ดันเจี้ยนยิม,,<{level=79;unitId=290641;advance=11};{level=79;unitId=290641;advance=11};{level=79;unitId=290641;advance=11};{level=79;unitId=292361;advance=11};{level=79;unitId=292361;advance=11}>,<{level=79;unitId=301321;advance=12}>,,18,23,1,20,1,6,1,<>,battle_bgm.mp3,battle/scene/bg_xszd.jpg,,{y=70;x=0},,,1,,<>,79,1,79,,80132,,9999,0,0,0,{529=0;151=0;gold=0;152=0},0,,,,,,{},{},,{},{},0,{},{y=0;x=0},,,{},,FALSE,0,{}
80133,道馆副本,道館副本,Gym Dungeon,Phó bản Nhà thi đấu,체육관 던전,Masmorra de Ginásio,ดันเจี้ยนยิม,,<{level=79;unitId=290632;advance=11};{level=79;unitId=290632;advance=11};{level=79;unitId=290632;advance=11};{level=79;unitId=290632;advance=11};{level=79;unitId=290632;advance=11}>,<{level=79;unitId=301331;advance=12}>,,18,23,1,20,1,6,1,<>,battle_bgm.mp3,battle/scene/bg_xszd.jpg,,{y=70;x=0},,,1,,<>,79,1,79,,80133,,9999,0,0,0,{529=0;151=0;gold=0;152=0},0,,,,,,{},{},,{},{},0,{},{y=0;x=0},,,{},,FALSE,0,{}
80134,道馆副本,道館副本,Gym Dungeon,Phó bản Nhà thi đấu,체육관 던전,Masmorra de Ginásio,ดันเจี้ยนยิม,,<{level=79;unitId=290632;advance=11};{level=79;unitId=290632;advance=11};{level=79;unitId=290632;advance=11};{level=79;unitId=290632;advance=11};{level=79;unitId=290632;advance=11}>,<{level=79;unitId=301341;advance=12}>,,18,23,1,20,1,6,1,<>,battle_bgm.mp3,battle/scene/bg_xszd.jpg,,{y=70;x=0},,,1,,<>,79,1,79,,80134,,9999,0,0,0,{529=0;151=0;gold=0;152=0},0,,,,,,{},{},,{},{},0,{},{y=0;x=0},,,{},,FALSE,0,{}
80135,道馆副本,道館副本,Gym Dungeon,Phó bản Nhà thi đấu,체육관 던전,Masmorra de Ginásio,ดันเจี้ยนยิม,,<>,<>,,18,23,1,20,1,6,1,<>,battle_bgm.mp3,battle/scene/bg_xszd.jpg,,{y=70;x=0},,,1,,<>,79,1,79,,80135,,9999,0,0,0,{529=0;151=0;gold=0;152=0},0,,,,,,{},{},,{},{},0,{},{y=0;x=0},,,{},,FALSE,0,{}
80136,道馆副本,道館副本,Gym Dungeon,Phó bản Nhà thi đấu,체육관 던전,Masmorra de Ginásio,ดันเจี้ยนยิม,,<>,<>,,18,23,1,20,1,6,1,<>,battle_bgm.mp3,battle/scene/bg_xszd.jpg,,{y=70;x=0},,,1,,<>,79,1,79,,80136,,9999,0,0,0,{529=0;151=0;gold=0;152=0},0,,,,,,{},{},,{},{},0,{},{y=0;x=0},,,{},,FALSE,0,{}
80141,道馆副本,道館副本,Gym Dungeon,Phó bản Nhà thi đấu,체육관 던전,Masmorra de Ginásio,ดันเจี้ยนยิม,,<{level=82;unitId=291313;advance=11};{level=82;unitId=290632;advance=11};{level=82;unitId=290024;advance=11};{level=82;unitId=291241;advance=11};{level=82;unitId=293303;advance=11}>,<{level=82;unitId=301411;advance=12}>,,18,23,1,20,1,6,1,<>,battle_bgm.mp3,battle/scene/bg_xszd.jpg,,{y=70;x=0},,,1,,<>,82,1,82,,80141,,9999,0,0,0,{529=0;151=0;gold=0;152=0},0,,,,,,{},{},,{},{},0,{},{y=0;x=0},,,{},,FALSE,0,{}
80142,道馆副本,道館副本,Gym Dungeon,Phó bản Nhà thi đấu,체육관 던전,Masmorra de Ginásio,ดันเจี้ยนยิม,,<{level=82;unitId=292302;advance=11};{level=82;unitId=293021;advance=11};{level=82;unitId=291921;advance=11};{level=82;unitId=291082;advance=11};{level=82;unitId=293502;advance=11}>,<{level=82;unitId=301421;advance=12}>,,18,23,1,20,1,6,1,<>,battle_bgm.mp3,battle/scene/bg_xszd.jpg,,{y=70;x=0},,,1,,<>,82,1,82,,80142,,9999,0,0,0,{529=0;151=0;gold=0;152=0},0,,,,,,{},{},,{},{},0,{},{y=0;x=0},,,{},,FALSE,0,{}
80143,道馆副本,道館副本,Gym Dungeon,Phó bản Nhà thi đấu,체육관 던전,Masmorra de Ginásio,ดันเจี้ยนยิม,,<{level=82;unitId=291241;advance=11}>,<{level=82;unitId=301431;advance=12}>,,18,23,1,20,1,6,1,<>,battle_bgm.mp3,battle/scene/bg_xszd.jpg,,{y=70;x=0},,,1,,<>,82,1,82,,80143,,9999,0,0,0,{529=0;151=0;gold=0;152=0},0,,,,,,{},{},,{},{},0,{},{y=0;x=0},,,{},,FALSE,0,{}
80144,道馆副本,道館副本,Gym Dungeon,Phó bản Nhà thi đấu,체육관 던전,Masmorra de Ginásio,ดันเจี้ยนยิม,,<>,<{level=82;unitId=301441;advance=20}>,,18,23,1,20,1,6,1,<>,battle_bgm.mp3,battle/scene/bg_xszd.jpg,,{y=70;x=0},,,1,,<>,82,1,82,,80144,,9999,0,0,0,{529=0;151=0;gold=0;152=0},0,,,,,,{},{},,{},{},0,{},{y=0;x=0},,,{},,FALSE,0,{}
80145,道馆副本,道館副本,Gym Dungeon,Phó bản Nhà thi đấu,체육관 던전,Masmorra de Ginásio,ดันเจี้ยนยิม,,<>,<>,,18,23,1,20,1,6,1,<>,battle_bgm.mp3,battle/scene/bg_xszd.jpg,,{y=70;x=0},,,1,,<>,82,1,82,,80145,,9999,0,0,0,{529=0;151=0;gold=0;152=0},0,,,,,,{},{},,{},{},0,{},{y=0;x=0},,,{},,FALSE,0,{}
80146,道馆副本,道館副本,Gym Dungeon,Phó bản Nhà thi đấu,체육관 던전,Masmorra de Ginásio,ดันเจี้ยนยิม,,<>,<>,,18,23,1,20,1,6,1,<>,battle_bgm.mp3,battle/scene/bg_xszd.jpg,,{y=70;x=0},,,1,,<>,82,1,82,,80146,,9999,0,0,0,{529=0;151=0;gold=0;152=0},0,,,,,,{},{},,{},{},0,{},{y=0;x=0},,,{},,FALSE,0,{}
80151,道馆副本,道館副本,Gym Dungeon,Phó bản Nhà thi đấu,체육관 던전,Masmorra de Ginásio,ดันเจี้ยนยิม,,<{level=85;unitId=291921;advance=16};{level=85;unitId=290382;advance=16};{level=85;unitId=290024;advance=16};{level=85;unitId=291241;advance=16};{level=85;unitId=291961;advance=16}>,<{level=85;unitId=301511;advance=17}>,,18,23,1,20,1,6,1,<>,battle_bgm.mp3,battle/scene/bg_xszd.jpg,,{y=70;x=0},,,1,,<>,85,1,85,,80151,,9999,0,0,0,{529=0;151=0;gold=0;152=0},0,,,,,,{},{},,{},{},0,{},{y=0;x=0},,,{},,FALSE,0,{}
80201,道馆副本,道館副本,Gym Dungeon,Phó bản Nhà thi đấu,체육관 던전,Masmorra de Ginásio,ดันเจี้ยนยิม,,<{level=75;unitId=290171;advance=12};{level=75;unitId=290282;advance=12};{level=75;unitId=292301;advance=12};{level=75;unitId=293561;advance=12}>,<{level=75;unitId=302011;advance=13}>,,18,23,1,20,1,6,1,<>,battle_bgm.mp3,battle/scene/bg_xszd.jpg,,{y=70;x=0},,,1,,<>,75,1,75,,80201,,9999,0,0,0,{529=0;151=0;gold=0},0,,,,,,{},{},,{},{},0,{},{y=0;x=0},,,{},,FALSE,0,{}
80202,道馆副本,道館副本,Gym Dungeon,Phó bản Nhà thi đấu,체육관 던전,Masmorra de Ginásio,ดันเจี้ยนยิม,,<{level=75;unitId=290341;advance=12};{level=75;unitId=290071;advance=12};{level=75;unitId=290351;advance=12};{level=75;unitId=290033;advance=12};{level=75;unitId=290051;advance=12}>,<{level=75;unitId=302021;advance=13}>,,18,23,1,20,1,6,1,<>,battle_bgm.mp3,battle/scene/bg_xszd.jpg,,{y=70;x=0},,,1,,<>,75,1,75,,80202,,9999,0,0,0,{529=0;151=0;gold=0},0,,,,,,{},{},,{},{},0,{},{y=0;x=0},,,{},,FALSE,0,{}
80203,道馆副本,道館副本,Gym Dungeon,Phó bản Nhà thi đấu,체육관 던전,Masmorra de Ginásio,ดันเจี้ยนยิม,,<{level=75;unitId=290711;advance=12};{level=75;unitId=291421;advance=12};{level=75;unitId=290061;advance=12};{level=75;unitId=290471;advance=12};{level=75;unitId=291442;advance=12}>,<{level=75;unitId=302031;advance=13}>,,18,23,1,20,1,6,1,<>,battle_bgm.mp3,battle/scene/bg_xszd.jpg,,{y=70;x=0},,,1,,<>,75,1,75,,80203,,9999,0,0,0,{529=0;151=0;gold=0},0,,,,,,{},{},,{},{},0,{},{y=0;x=0},,,{},,FALSE,0,{}
80204,道馆副本,道館副本,Gym Dungeon,Phó bản Nhà thi đấu,체육관 던전,Masmorra de Ginásio,ดันเจี้ยนยิม,,<{level=75;unitId=299001;advance=12};{level=75;unitId=299001;advance=12};{level=75;unitId=299001;advance=12};{level=75;unitId=299002;advance=12};{level=75;unitId=299002;advance=12}>,<{level=75;unitId=302041;advance=13}>,,18,23,1,20,1,6,1,<>,battle_bgm.mp3,battle/scene/bg_xszd.jpg,,{y=70;x=0},,,1,,<>,75,1,75,,80204,,9999,0,0,0,{529=0;151=0;gold=0},0,,,,,,{},{},,{},{},0,{},{y=0;x=0},,,{},,FALSE,0,{}
80205,道馆副本,道館副本,Gym Dungeon,Phó bản Nhà thi đấu,체육관 던전,Masmorra de Ginásio,ดันเจี้ยนยิม,,<>,<>,,18,23,1,20,1,6,1,<>,battle_bgm.mp3,battle/scene/bg_xszd.jpg,,{y=70;x=0},,,1,,<>,75,1,75,,80205,,9999,0,0,0,{529=0;151=0;gold=0},0,,,,,,{},{},,{},{},0,{},{y=0;x=0},,,{},,FALSE,0,{}
80206,道馆副本,道館副本,Gym Dungeon,Phó bản Nhà thi đấu,체육관 던전,Masmorra de Ginásio,ดันเจี้ยนยิม,,<>,<>,,18,23,1,20,1,6,1,<>,battle_bgm.mp3,battle/scene/bg_xszd.jpg,,{y=70;x=0},,,1,,<>,75,1,75,,80206,,9999,0,0,0,{529=0;151=0;gold=0},0,,,,,,{},{},,{},{},0,{},{y=0;x=0},,,{},,FALSE,0,{}
80211,道馆副本,道館副本,Gym Dungeon,Phó bản Nhà thi đấu,체육관 던전,Masmorra de Ginásio,ดันเจี้ยนยิม,,<{level=78;unitId=290001;advance=12};{level=78;unitId=291291;advance=12};{level=78;unitId=293281;advance=12};{level=78;unitId=292011;advance=12};{level=78;unitId=292471;advance=12}>,<{level=78;unitId=302111;advance=13}>,,18,23,1,20,1,6,1,<>,battle_bgm.mp3,battle/scene/bg_xszd.jpg,,{y=70;x=0},,,1,,<>,78,1,78,,80211,,9999,0,0,0,{529=0;151=0;gold=0},0,,,,,,{},{},,{},{},0,{},{y=0;x=0},,,{},,FALSE,0,{}
80212,道馆副本,道館副本,Gym Dungeon,Phó bản Nhà thi đấu,체육관 던전,Masmorra de Ginásio,ดันเจี้ยนยิม,,<>,<>,,18,23,1,20,1,6,1,<>,battle_bgm.mp3,battle/scene/bg_xszd.jpg,,{y=70;x=0},,,1,,<>,78,1,78,,80212,,9999,0,0,0,{529=0;151=0;gold=0},0,,,,,,{},{},,{},{},0,{},{y=0;x=0},,,{},,FALSE,0,{}
80213,道馆副本,道館副本,Gym Dungeon,Phó bản Nhà thi đấu,체육관 던전,Masmorra de Ginásio,ดันเจี้ยนยิม,,<{level=78;unitId=291441;advance=12};{level=78;unitId=291441;advance=12};{level=78;unitId=291441;advance=12};{level=78;unitId=291442;advance=12};{level=78;unitId=291442;advance=12}>,<{level=78;unitId=302131;advance=13}>,,18,23,1,20,1,6,1,<>,battle_bgm.mp3,battle/scene/bg_xszd.jpg,,{y=70;x=0},,,1,,<>,78,1,78,,80213,,9999,0,0,0,{529=0;151=0;gold=0},0,,,,,,{},{},,{},{},0,{},{y=0;x=0},,,{},,FALSE,0,{}
80214,道馆副本,道館副本,Gym Dungeon,Phó bản Nhà thi đấu,체육관 던전,Masmorra de Ginásio,ดันเจี้ยนยิม,,<{level=78;unitId=299003;advance=12};{level=78;unitId=299003;advance=12};{level=78;unitId=299003;advance=12};{level=78;unitId=299003;advance=12};{level=78;unitId=299003;advance=12}>,<{level=78;unitId=302141;advance=13}>,,18,23,1,20,1,6,1,<>,battle_bgm.mp3,battle/scene/bg_xszd.jpg,,{y=70;x=0},,,1,,<>,78,1,78,,80214,,9999,0,0,0,{529=0;151=0;gold=0},0,,,,,,{},{},,{},{},0,{},{y=0;x=0},,,{},,FALSE,0,{}
80215,道馆副本,道館副本,Gym Dungeon,Phó bản Nhà thi đấu,체육관 던전,Masmorra de Ginásio,ดันเจี้ยนยิม,,<>,<>,,18,23,1,20,1,6,1,<>,battle_bgm.mp3,battle/scene/bg_xszd.jpg,,{y=70;x=0},,,1,,<>,78,1,78,,80215,,9999,0,0,0,{529=0;151=0;gold=0},0,,,,,,{},{},,{},{},0,{},{y=0;x=0},,,{},,FALSE,0,{}
80216,道馆副本,道館副本,Gym Dungeon,Phó bản Nhà thi đấu,체육관 던전,Masmorra de Ginásio,ดันเจี้ยนยิม,,<>,<>,,18,23,1,20,1,6,1,<>,battle_bgm.mp3,battle/scene/bg_xszd.jpg,,{y=70;x=0},,,1,,<>,78,1,78,,80216,,9999,0,0,0,{529=0;151=0;gold=0},0,,,,,,{},{},,{},{},0,{},{y=0;x=0},,,{},,FALSE,0,{}
80221,道馆副本,道館副本,Gym Dungeon,Phó bản Nhà thi đấu,체육관 던전,Masmorra de Ginásio,ดันเจี้ยนยิม,,<{level=81;unitId=290003;advance=12};{level=81;unitId=290003;advance=12};{level=81;unitId=290003;advance=12};{level=81;unitId=290782;advance=12};{level=81;unitId=290782;advance=12}>,<{level=81;unitId=302211;advance=13}>,,18,23,1,20,1,6,1,<>,battle_bgm.mp3,battle/scene/bg_xszd.jpg,,{y=70;x=0},,,1,,<>,81,1,81,,80221,,9999,0,0,0,{529=0;151=0;gold=0;152=0},0,,,,,,{},{},,{},{},0,{},{y=0;x=0},,,{},,FALSE,0,{}
80222,道馆副本,道館副本,Gym Dungeon,Phó bản Nhà thi đấu,체육관 던전,Masmorra de Ginásio,ดันเจี้ยนยิม,,<{level=81;unitId=293592;advance=12};{level=81;unitId=293592;advance=12};{level=81;unitId=293592;advance=12};{level=81;unitId=290571;advance=12};{level=81;unitId=290571;advance=12}>,<{level=81;unitId=302221;advance=13}>,,18,23,1,20,1,6,1,<>,battle_bgm.mp3,battle/scene/bg_xszd.jpg,,{y=70;x=0},,,1,,<>,81,1,81,,80222,,9999,0,0,0,{529=0;151=0;gold=0;152=0},0,,,,,,{},{},,{},{},0,{},{y=0;x=0},,,{},,FALSE,0,{}
80223,道馆副本,道館副本,Gym Dungeon,Phó bản Nhà thi đấu,체육관 던전,Masmorra de Ginásio,ดันเจี้ยนยิม,,<{level=81;unitId=291423;advance=12};{level=81;unitId=291423;advance=12};{level=81;unitId=291423;advance=12};{level=81;unitId=291423;advance=12};{level=81;unitId=291423;advance=12}>,<{level=81;unitId=302231;advance=13}>,,18,23,1,20,1,6,1,<>,battle_bgm.mp3,battle/scene/bg_xszd.jpg,,{y=70;x=0},,,1,,<>,81,1,81,,80223,,9999,0,0,0,{529=0;151=0;gold=0;152=0},0,,,,,,{},{},,{},{},0,{},{y=0;x=0},,,{},,FALSE,0,{}
80224,道馆副本,道館副本,Gym Dungeon,Phó bản Nhà thi đấu,체육관 던전,Masmorra de Ginásio,ดันเจี้ยนยิม,,<>,<>,,18,23,1,20,1,6,1,<>,battle_bgm.mp3,battle/scene/bg_xszd.jpg,,{y=70;x=0},,,1,,<>,81,1,81,,80224,,9999,0,0,0,{529=0;151=0;gold=0;152=0},0,,,,,,{},{},,{},{},0,{},{y=0;x=0},,,{},,FALSE,0,{}
80225,道馆副本,道館副本,Gym Dungeon,Phó bản Nhà thi đấu,체육관 던전,Masmorra de Ginásio,ดันเจี้ยนยิม,,<>,<>,,18,23,1,20,1,6,1,<>,battle_bgm.mp3,battle/scene/bg_xszd.jpg,,{y=70;x=0},,,1,,<>,81,1,81,,80225,,9999,0,0,0,{529=0;151=0;gold=0;152=0},0,,,,,,{},{},,{},{},0,{},{y=0;x=0},,,{},,FALSE,0,{}
80226,道馆副本,道館副本,Gym Dungeon,Phó bản Nhà thi đấu,체육관 던전,Masmorra de Ginásio,ดันเจี้ยนยิม,,<>,<>,,18,23,1,20,1,6,1,<>,battle_bgm.mp3,battle/scene/bg_xszd.jpg,,{y=70;x=0},,,1,,<>,81,1,81,,80226,,9999,0,0,0,{529=0;151=0;gold=0;152=0},0,,,,,,{},{},,{},{},0,{},{y=0;x=0},,,{},,FALSE,0,{}
80231,道馆副本,道館副本,Gym Dungeon,Phó bản Nhà thi đấu,체육관 던전,Masmorra de Ginásio,ดันเจี้ยนยิม,,<{level=84;unitId=292473;advance=12};{level=84;unitId=293663;advance=12};{level=84;unitId=290004;advance=12};{level=84;unitId=291293;advance=12};{level=84;unitId=293843;advance=12}>,<{level=84;unitId=302311;advance=13}>,,18,23,1,20,1,6,1,<>,battle_bgm.mp3,battle/scene/bg_xszd.jpg,,{y=70;x=0},,,1,,<>,84,1,84,,80231,,9999,0,0,0,{529=0;151=0;gold=0;152=0},0,,,,,,{},{},,{},{},0,{},{y=0;x=0},,,{},,FALSE,0,{}
80232,道馆副本,道館副本,Gym Dungeon,Phó bản Nhà thi đấu,체육관 던전,Masmorra de Ginásio,ดันเจี้ยนยิม,,<{level=84;unitId=290712;advance=12};{level=84;unitId=290712;advance=12};{level=84;unitId=290712;advance=12};{level=84;unitId=293663;advance=12};{level=84;unitId=293663;advance=12}>,<{level=84;unitId=302321;advance=13}>,,18,23,1,20,1,6,1,<>,battle_bgm.mp3,battle/scene/bg_xszd.jpg,,{y=70;x=0},,,1,,<>,84,1,84,,80232,,9999,0,0,0,{529=0;151=0;gold=0;152=0},0,,,,,,{},{},,{},{},0,{},{y=0;x=0},,,{},,FALSE,0,{}
80233,道馆副本,道館副本,Gym Dungeon,Phó bản Nhà thi đấu,체육관 던전,Masmorra de Ginásio,ดันเจี้ยนยิม,,<{level=84;unitId=290731;advance=12};{level=84;unitId=290741;advance=12};{level=84;unitId=290721;advance=12};{level=84;unitId=290053;advance=12};{level=84;unitId=290072;advance=12}>,<{level=84;unitId=302331;advance=13}>,,18,23,1,20,1,6,1,<>,battle_bgm.mp3,battle/scene/bg_xszd.jpg,,{y=70;x=0},,,1,,<>,84,1,84,,80233,,9999,0,0,0,{529=0;151=0;gold=0;152=0},0,,,,,,{},{},,{},{},0,{},{y=0;x=0},,,{},,FALSE,0,{}
80234,道馆副本,道館副本,Gym Dungeon,Phó bản Nhà thi đấu,체육관 던전,Masmorra de Ginásio,ดันเจี้ยนยิม,,<>,<>,,18,23,1,20,1,6,1,<>,battle_bgm.mp3,battle/scene/bg_xszd.jpg,,{y=70;x=0},,,1,,<>,84,1,84,,80234,,9999,0,0,0,{529=0;151=0;gold=0;152=0},0,,,,,,{},{},,{},{},0,{},{y=0;x=0},,,{},,FALSE,0,{}
80235,道馆副本,道館副本,Gym Dungeon,Phó bản Nhà thi đấu,체육관 던전,Masmorra de Ginásio,ดันเจี้ยนยิม,,<>,<>,,18,23,1,20,1,6,1,<>,battle_bgm.mp3,battle/scene/bg_xszd.jpg,,{y=70;x=0},,,1,,<>,84,1,84,,80235,,9999,0,0,0,{529=0;151=0;gold=0;152=0},0,,,,,,{},{},,{},{},0,{},{y=0;x=0},,,{},,FALSE,0,{}
80236,道馆副本,道館副本,Gym Dungeon,Phó bản Nhà thi đấu,체육관 던전,Masmorra de Ginásio,ดันเจี้ยนยิม,,<>,<>,,18,23,1,20,1,6,1,<>,battle_bgm.mp3,battle/scene/bg_xszd.jpg,,{y=70;x=0},,,1,,<>,84,1,84,,80236,,9999,0,0,0,{529=0;151=0;gold=0;152=0},0,,,,,,{},{},,{},{},0,{},{y=0;x=0},,,{},,FALSE,0,{}
80241,道馆副本,道館副本,Gym Dungeon,Phó bản Nhà thi đấu,체육관 던전,Masmorra de Ginásio,ดันเจี้ยนยิม,,<{level=87;unitId=292381;advance=12};{level=87;unitId=292381;advance=12};{level=87;unitId=292381;advance=12}>,<{level=87;unitId=302411;advance=13}>,,18,23,1,20,1,6,1,<>,battle_bgm.mp3,battle/scene/bg_xszd.jpg,,{y=70;x=0},,,1,,<>,87,1,87,,80241,,9999,0,0,0,{529=0;151=0;gold=0;152=0},0,,,,,,{},{},,{},{},0,{},{y=0;x=0},,,{},,FALSE,0,{}
80242,道馆副本,道館副本,Gym Dungeon,Phó bản Nhà thi đấu,체육관 던전,Masmorra de Ginásio,ดันเจี้ยนยิม,,<{level=87;unitId=290731;advance=12};{level=87;unitId=290721;advance=12}>,<{level=87;unitId=302421;advance=13}>,,18,23,1,20,1,6,1,<>,battle_bgm.mp3,battle/scene/bg_xszd.jpg,,{y=70;x=0},,,1,,<>,87,1,87,,80242,,9999,0,0,0,{529=0;151=0;gold=0;152=0},0,,,,,,{},{},,{},{},0,{},{y=0;x=0},,,{},,FALSE,0,{}
80243,道馆副本,道館副本,Gym Dungeon,Phó bản Nhà thi đấu,체육관 던전,Masmorra de Ginásio,ดันเจี้ยนยิม,,<{level=87;unitId=290731;advance=12};{level=87;unitId=290741;advance=12};{level=87;unitId=290721;advance=12};{level=87;unitId=290053;advance=12};{level=87;unitId=290072;advance=12}>,<{level=87;unitId=302431;advance=13}>,,18,23,1,20,1,6,1,<>,battle_bgm.mp3,battle/scene/bg_xszd.jpg,,{y=70;x=0},,,1,,<>,87,1,87,,80243,,9999,0,0,0,{529=0;151=0;gold=0;152=0},0,,,,,,{},{},,{},{},0,{},{y=0;x=0},,,{},,FALSE,0,{}
80244,道馆副本,道館副本,Gym Dungeon,Phó bản Nhà thi đấu,체육관 던전,Masmorra de Ginásio,ดันเจี้ยนยิม,,<{level=87;unitId=291281;advance=20};{level=87;unitId=291281;advance=20};{level=87;unitId=291281;advance=20};{level=87;unitId=291281;advance=20};{level=87;unitId=291281;advance=20}>,<{level=87;unitId=302441;advance=21}>,,18,23,1,20,1,6,1,<>,battle_bgm.mp3,battle/scene/bg_xszd.jpg,,{y=70;x=0},,,1,,<>,87,1,87,,80244,,9999,0,0,0,{529=0;151=0;gold=0;152=0},0,,,,,,{},{},,{},{},0,{},{y=0;x=0},,,{},,FALSE,0,{}
80245,道馆副本,道館副本,Gym Dungeon,Phó bản Nhà thi đấu,체육관 던전,Masmorra de Ginásio,ดันเจี้ยนยิม,,<>,<>,,18,23,1,20,1,6,1,<>,battle_bgm.mp3,battle/scene/bg_xszd.jpg,,{y=70;x=0},,,1,,<>,87,1,87,,80245,,9999,0,0,0,{529=0;151=0;gold=0;152=0},0,,,,,,{},{},,{},{},0,{},{y=0;x=0},,,{},,FALSE,0,{}
80246,道馆副本,道館副本,Gym Dungeon,Phó bản Nhà thi đấu,체육관 던전,Masmorra de Ginásio,ดันเจี้ยนยิม,,<>,<>,,18,23,1,20,1,6,1,<>,battle_bgm.mp3,battle/scene/bg_xszd.jpg,,{y=70;x=0},,,1,,<>,87,1,87,,80246,,9999,0,0,0,{529=0;151=0;gold=0;152=0},0,,,,,,{},{},,{},{},0,{},{y=0;x=0},,,{},,FALSE,0,{}
80251,道馆副本,道館副本,Gym Dungeon,Phó bản Nhà thi đấu,체육관 던전,Masmorra de Ginásio,ดันเจี้ยนยิม,,<{level=90;unitId=291261;advance=17};{level=90;unitId=290731;advance=17};{level=90;unitId=292442;advance=17};{level=90;unitId=290721;advance=17};{level=90;unitId=290741;advance=17}>,<{level=90;unitId=302511;advance=18}>,,18,23,1,20,1,6,1,<>,battle_bgm.mp3,battle/scene/bg_xszd.jpg,,{y=70;x=0},,,1,,<>,90,1,90,,80251,,9999,0,0,0,{529=0;151=0;gold=0;152=0},0,,,,,,{},{},,{},{},0,{},{y=0;x=0},,,{},,FALSE,0,{}
80301,道馆副本,道館副本,Gym Dungeon,Phó bản Nhà thi đấu,체육관 던전,Masmorra de Ginásio,ดันเจี้ยนยิม,,<{level=80;unitId=293291;advance=13};{level=80;unitId=290601;advance=13};{level=80;unitId=291171;advance=13};{level=80;unitId=291611;advance=13};{level=80;unitId=291611;advance=13}>,<{level=80;unitId=303011;advance=14}>,,18,23,1,20,1,6,1,<>,battle_bgm.mp3,battle/scene/bg_xszd.jpg,,{y=70;x=0},,,1,,<>,80,1,80,,80301,,9999,0,0,0,{529=0;151=0;gold=0},0,,,,,,{},{},,{},{},0,{},{y=0;x=0},,,{},,FALSE,0,{}
80302,道馆副本,道館副本,Gym Dungeon,Phó bản Nhà thi đấu,체육관 던전,Masmorra de Ginásio,ดันเจี้ยนยิม,,<{level=80;unitId=290271;advance=13};{level=80;unitId=290461;advance=13};{level=80;unitId=292271;advance=13};{level=80;unitId=292631;advance=13};{level=80;unitId=292241;advance=13}>,<{level=80;unitId=303021;advance=14}>,,18,23,1,20,1,6,1,<>,battle_bgm.mp3,battle/scene/bg_xszd.jpg,,{y=70;x=0},,,1,,<>,80,1,80,,80302,,9999,0,0,0,{529=0;151=0;gold=0},0,,,,,,{},{},,{},{},0,{},{y=0;x=0},,,{},,FALSE,0,{}
80303,道馆副本,道館副本,Gym Dungeon,Phó bản Nhà thi đấu,체육관 던전,Masmorra de Ginásio,ดันเจี้ยนยิม,,<>,<>,,18,23,1,20,1,6,1,<>,battle_bgm.mp3,battle/scene/bg_xszd.jpg,,{y=70;x=0},,,1,,<>,80,1,80,,80303,,9999,0,0,0,{529=0;151=0;gold=0},0,,,,,,{},{},,{},{},0,{},{y=0;x=0},,,{},,FALSE,0,{}
80304,道馆副本,道館副本,Gym Dungeon,Phó bản Nhà thi đấu,체육관 던전,Masmorra de Ginásio,ดันเจี้ยนยิม,,<>,<>,,18,23,1,20,1,6,1,<>,battle_bgm.mp3,battle/scene/bg_xszd.jpg,,{y=70;x=0},,,1,,<>,80,1,80,,80304,,9999,0,0,0,{529=0;151=0;gold=0},0,,,,,,{},{},,{},{},0,{},{y=0;x=0},,,{},,FALSE,0,{}
80305,道馆副本,道館副本,Gym Dungeon,Phó bản Nhà thi đấu,체육관 던전,Masmorra de Ginásio,ดันเจี้ยนยิม,,<>,<>,,18,23,1,20,1,6,1,<>,battle_bgm.mp3,battle/scene/bg_xszd.jpg,,{y=70;x=0},,,1,,<>,80,1,80,,80305,,9999,0,0,0,{529=0;151=0;gold=0},0,,,,,,{},{},,{},{},0,{},{y=0;x=0},,,{},,FALSE,0,{}
80306,道馆副本,道館副本,Gym Dungeon,Phó bản Nhà thi đấu,체육관 던전,Masmorra de Ginásio,ดันเจี้ยนยิม,,<>,<>,,18,23,1,20,1,6,1,<>,battle_bgm.mp3,battle/scene/bg_xszd.jpg,,{y=70;x=0},,,1,,<>,80,1,80,,80306,,9999,0,0,0,{529=0;151=0;gold=0},0,,,,,,{},{},,{},{},0,{},{y=0;x=0},,,{},,FALSE,0,{}
80311,道馆副本,道館副本,Gym Dungeon,Phó bản Nhà thi đấu,체육관 던전,Masmorra de Ginásio,ดันเจี้ยนยิม,,<{level=83;unitId=292481;advance=13};{level=83;unitId=293291;advance=13};{level=83;unitId=290011;advance=13};{level=83;unitId=290791;advance=13}>,<{level=83;unitId=303111;advance=14}>,,18,23,1,20,1,6,1,<>,battle_bgm.mp3,battle/scene/bg_xszd.jpg,,{y=70;x=0},,,1,,<>,83,1,83,,80311,,9999,0,0,0,{529=0;151=0;gold=0},0,,,,,,{},{},,{},{},0,{},{y=0;x=0},,,{},,FALSE,0,{}
80312,道馆副本,道館副本,Gym Dungeon,Phó bản Nhà thi đấu,체육관 던전,Masmorra de Ginásio,ดันเจี้ยนยิม,,<{level=83;unitId=290273;advance=13};{level=83;unitId=290273;advance=13};{level=83;unitId=290273;advance=13};{level=83;unitId=290273;advance=13};{level=83;unitId=290273;advance=13}>,<{level=83;unitId=303121;advance=14}>,,18,23,1,20,1,6,1,<>,battle_bgm.mp3,battle/scene/bg_xszd.jpg,,{y=70;x=0},,,1,,<>,83,1,83,,80312,,9999,0,0,0,{529=0;151=0;gold=0},0,,,,,,{},{},,{},{},0,{},{y=0;x=0},,,{},,FALSE,0,{}
80313,道馆副本,道館副本,Gym Dungeon,Phó bản Nhà thi đấu,체육관 던전,Masmorra de Ginásio,ดันเจี้ยนยิม,,<{level=83;unitId=290012;advance=13};{level=83;unitId=290013;advance=13};{level=83;unitId=290014;advance=13};{level=83;unitId=290015;advance=13}>,<{level=83;unitId=303131;advance=14}>,,18,23,1,20,1,6,1,<>,battle_bgm.mp3,battle/scene/bg_xszd.jpg,,{y=70;x=0},,,1,,<>,83,1,83,,80313,,9999,0,0,0,{529=0;151=0;gold=0},0,,,,,,{},{},,{},{},0,{},{y=0;x=0},,,{},,FALSE,0,{}
80314,道馆副本,道館副本,Gym Dungeon,Phó bản Nhà thi đấu,체육관 던전,Masmorra de Ginásio,ดันเจี้ยนยิม,,<>,<>,,18,23,1,20,1,6,1,<>,battle_bgm.mp3,battle/scene/bg_xszd.jpg,,{y=70;x=0},,,1,,<>,83,1,83,,80314,,9999,0,0,0,{529=0;151=0;gold=0},0,,,,,,{},{},,{},{},0,{},{y=0;x=0},,,{},,FALSE,0,{}
80315,道馆副本,道館副本,Gym Dungeon,Phó bản Nhà thi đấu,체육관 던전,Masmorra de Ginásio,ดันเจี้ยนยิม,,<>,<>,,18,23,1,20,1,6,1,<>,battle_bgm.mp3,battle/scene/bg_xszd.jpg,,{y=70;x=0},,,1,,<>,83,1,83,,80315,,9999,0,0,0,{529=0;151=0;gold=0},0,,,,,,{},{},,{},{},0,{},{y=0;x=0},,,{},,FALSE,0,{}
80316,道馆副本,道館副本,Gym Dungeon,Phó bản Nhà thi đấu,체육관 던전,Masmorra de Ginásio,ดันเจี้ยนยิม,,<>,<>,,18,23,1,20,1,6,1,<>,battle_bgm.mp3,battle/scene/bg_xszd.jpg,,{y=70;x=0},,,1,,<>,83,1,83,,80316,,9999,0,0,0,{529=0;151=0;gold=0},0,,,,,,{},{},,{},{},0,{},{y=0;x=0},,,{},,FALSE,0,{}
80321,道馆副本,道館副本,Gym Dungeon,Phó bản Nhà thi đấu,체육관 던전,Masmorra de Ginásio,ดันเจี้ยนยิม,,<{level=86;unitId=290241;advance=13};{level=86;unitId=290241;advance=13};{level=86;unitId=290241;advance=13};{level=86;unitId=290242;advance=13};{level=86;unitId=290242;advance=13}>,<{level=86;unitId=303211;advance=14}>,,18,23,1,20,1,6,1,<>,battle_bgm.mp3,battle/scene/bg_xszd.jpg,,{y=70;x=0},,,1,,<>,86,1,86,,80321,,9999,0,0,0,{529=0;151=0;gold=0;152=0},0,,,,,,{},{},,{},{},0,{},{y=0;x=0},,,{},,FALSE,0,{}
80322,道馆副本,道館副本,Gym Dungeon,Phó bản Nhà thi đấu,체육관 던전,Masmorra de Ginásio,ดันเจี้ยนยิม,,<{level=86;unitId=290463;advance=13};{level=86;unitId=290464;advance=13}>,<{level=86;unitId=303221;advance=14}>,,18,23,1,20,1,6,1,<>,battle_bgm.mp3,battle/scene/bg_xszd.jpg,,{y=70;x=0},,,1,,<>,86,1,86,,80322,,9999,0,0,0,{529=0;151=0;gold=0;152=0},0,,,,,,{},{},,{},{},0,{},{y=0;x=0},,,{},,FALSE,0,{}
80323,道馆副本,道館副本,Gym Dungeon,Phó bản Nhà thi đấu,체육관 던전,Masmorra de Ginásio,ดันเจี้ยนยิม,,<{level=86;unitId=292991;advance=13};{level=86;unitId=292992;advance=13};{level=86;unitId=292993;advance=13};{level=86;unitId=290741;advance=13};{level=86;unitId=290741;advance=13}>,<{level=86;unitId=303231;advance=14}>,,18,23,1,20,1,6,1,<>,battle_bgm.mp3,battle/scene/bg_xszd.jpg,,{y=70;x=0},,,1,,<>,86,1,86,,80323,,9999,0,0,0,{529=0;151=0;gold=0;152=0},0,,,,,,{},{},,{},{},0,{},{y=0;x=0},,,{},,FALSE,0,{}
80324,道馆副本,道館副本,Gym Dungeon,Phó bản Nhà thi đấu,체육관 던전,Masmorra de Ginásio,ดันเจี้ยนยิม,,<>,<>,,18,23,1,20,1,6,1,<>,battle_bgm.mp3,battle/scene/bg_xszd.jpg,,{y=70;x=0},,,1,,<>,86,1,86,,80324,,9999,0,0,0,{529=0;151=0;gold=0;152=0},0,,,,,,{},{},,{},{},0,{},{y=0;x=0},,,{},,FALSE,0,{}
80325,道馆副本,道館副本,Gym Dungeon,Phó bản Nhà thi đấu,체육관 던전,Masmorra de Ginásio,ดันเจี้ยนยิม,,<>,<>,,18,23,1,20,1,6,1,<>,battle_bgm.mp3,battle/scene/bg_xszd.jpg,,{y=70;x=0},,,1,,<>,86,1,86,,80325,,9999,0,0,0,{529=0;151=0;gold=0;152=0},0,,,,,,{},{},,{},{},0,{},{y=0;x=0},,,{},,FALSE,0,{}
80326,道馆副本,道館副本,Gym Dungeon,Phó bản Nhà thi đấu,체육관 던전,Masmorra de Ginásio,ดันเจี้ยนยิม,,<>,<>,,18,23,1,20,1,6,1,<>,battle_bgm.mp3,battle/scene/bg_xszd.jpg,,{y=70;x=0},,,1,,<>,86,1,86,,80326,,9999,0,0,0,{529=0;151=0;gold=0;152=0},0,,,,,,{},{},,{},{},0,{},{y=0;x=0},,,{},,FALSE,0,{}
80331,道馆副本,道館副本,Gym Dungeon,Phó bản Nhà thi đấu,체육관 던전,Masmorra de Ginásio,ดันเจี้ยนยิม,,<{level=89;unitId=293511;advance=13};{level=89;unitId=293283;advance=13};{level=89;unitId=292242;advance=13};{level=89;unitId=291071;advance=13};{level=89;unitId=291303;advance=13}>,<{level=89;unitId=303316;advance=14}>,,18,23,11,20,1,6,1,<>,battle_bgm.mp3,battle/scene/bg_xszd.jpg,,{y=70;x=0},,,1,,<>,89,1,89,,80331,,9999,0,0,0,{529=0;151=0;gold=0;152=0},0,,,,,,{},{},,{},{},0,{},{y=0;x=0},,,{},,FALSE,0,{}
80332,道馆副本,道館副本,Gym Dungeon,Phó bản Nhà thi đấu,체육관 던전,Masmorra de Ginásio,ดันเจี้ยนยิม,,<{level=89;unitId=303321;advance=13};{level=89;unitId=303322;advance=13};{level=89;unitId=303323;advance=13};{level=89;unitId=303324;advance=13};{level=89;unitId=303325;advance=13}>,<{level=89;unitId=303326;advance=14}>,,18,23,11,20,1,6,1,<>,battle_bgm.mp3,battle/scene/bg_xszd.jpg,,{y=70;x=0},,,1,,<>,89,1,89,,80332,,9999,0,0,0,{529=0;151=0;gold=0;152=0},0,,,,,,{},{},,{},{},0,{},{y=0;x=0},,,{},,FALSE,0,{}
80333,道馆副本,道館副本,Gym Dungeon,Phó bản Nhà thi đấu,체육관 던전,Masmorra de Ginásio,ดันเจี้ยนยิม,,<{level=89;unitId=291271;advance=13};{level=89;unitId=291271;advance=13};{level=89;unitId=291271;advance=13};{level=89;unitId=290241;advance=13};{level=89;unitId=290241;advance=13}>,<{level=89;unitId=303331;advance=14}>,,18,23,1,20,1,6,1,<>,battle_bgm.mp3,battle/scene/bg_xszd.jpg,,{y=70;x=0},,,1,,<>,89,1,89,,80333,,9999,0,0,0,{529=0;151=0;gold=0;152=0},0,,,,,,{},{},,{},{},0,{},{y=0;x=0},,,{},,FALSE,0,{}
80334,道馆副本,道館副本,Gym Dungeon,Phó bản Nhà thi đấu,체육관 던전,Masmorra de Ginásio,ดันเจี้ยนยิม,,<{level=89;unitId=290741;advance=13};{level=89;unitId=303341;advance=13};{level=89;unitId=291303;advance=13};{level=89;unitId=290014;advance=13};{level=89;unitId=290015;advance=13}>,<{level=89;unitId=290603;advance=14}>,,18,23,1,20,1,6,1,<>,battle_bgm.mp3,battle/scene/bg_xszd.jpg,,{y=70;x=0},,,1,,<>,89,1,89,,80334,,9999,0,0,0,{529=0;151=0;gold=0;152=0},0,,,,,,{},{},,{},{},0,{},{y=0;x=0},,,{},,FALSE,0,{}
80335,道馆副本,道館副本,Gym Dungeon,Phó bản Nhà thi đấu,체육관 던전,Masmorra de Ginásio,ดันเจี้ยนยิม,,<>,<>,,18,23,1,20,1,6,1,<>,battle_bgm.mp3,battle/scene/bg_xszd.jpg,,{y=70;x=0},,,1,,<>,89,1,89,,80335,,9999,0,0,0,{529=0;151=0;gold=0;152=0},0,,,,,,{},{},,{},{},0,{},{y=0;x=0},,,{},,FALSE,0,{}
80336,道馆副本,道館副本,Gym Dungeon,Phó bản Nhà thi đấu,체육관 던전,Masmorra de Ginásio,ดันเจี้ยนยิม,,<>,<>,,18,23,1,20,1,6,1,<>,battle_bgm.mp3,battle/scene/bg_xszd.jpg,,{y=70;x=0},,,1,,<>,89,1,89,,80336,,9999,0,0,0,{529=0;151=0;gold=0;152=0},0,,,,,,{},{},,{},{},0,{},{y=0;x=0},,,{},,FALSE,0,{}
80341,道馆副本,道館副本,Gym Dungeon,Phó bản Nhà thi đấu,체육관 던전,Masmorra de Ginásio,ดันเจี้ยนยิม,,<{level=92;unitId=290741;advance=13};{level=92;unitId=291231;advance=13};{level=92;unitId=291172;advance=13};{level=92;unitId=290603;advance=13};{level=92;unitId=291303;advance=13}>,<{level=92;unitId=303411;advance=14}>,,18,23,1,20,1,6,1,<>,battle_bgm.mp3,battle/scene/bg_xszd.jpg,,{y=70;x=0},,,1,,<>,92,1,92,,80341,,9999,0,0,0,{529=0;151=0;gold=0;152=0},0,,,,,,{},{},,{},{},0,{},{y=0;x=0},,,{},,FALSE,0,{}
80342,道馆副本,道館副本,Gym Dungeon,Phó bản Nhà thi đấu,체육관 던전,Masmorra de Ginásio,ดันเจี้ยนยิม,,<{level=92;unitId=291394;advance=13};{level=92;unitId=291303;advance=13};{level=92;unitId=291071;advance=13};{level=92;unitId=290232;advance=13};{level=92;unitId=291423;advance=13}>,<{level=92;unitId=303421;advance=14}>,,18,23,1,20,1,6,1,<>,battle_bgm.mp3,battle/scene/bg_xszd.jpg,,{y=70;x=0},,,1,,<>,92,1,92,,80342,,9999,0,0,0,{529=0;151=0;gold=0;152=0},0,,,,,,{},{},,{},{},0,{},{y=0;x=0},,,{},,FALSE,0,{}
80343,道馆副本,道館副本,Gym Dungeon,Phó bản Nhà thi đấu,체육관 던전,Masmorra de Ginásio,ดันเจี้ยนยิม,,<{level=92;unitId=291071;advance=13};{level=92;unitId=291303;advance=13};{level=92;unitId=291394;advance=13};{level=92;unitId=292242;advance=13};{level=92;unitId=292242;advance=13}>,<{level=92;unitId=303431;advance=14}>,,18,23,1,20,1,6,1,<>,battle_bgm.mp3,battle/scene/bg_xszd.jpg,,{y=70;x=0},,,1,,<>,92,1,92,,80343,,9999,0,0,0,{529=0;151=0;gold=0;152=0},0,,,,,,{},{},,{},{},0,{},{y=0;x=0},,,{},,FALSE,0,{}
80344,道馆副本,道館副本,Gym Dungeon,Phó bản Nhà thi đấu,체육관 던전,Masmorra de Ginásio,ดันเจี้ยนยิม,,<{level=92;unitId=291271;advance=21};{level=92;unitId=291271;advance=21};{level=92;unitId=291271;advance=21};{level=92;unitId=291271;advance=21};{level=92;unitId=291271;advance=21}>,<{level=92;unitId=303441;advance=22}>,,18,23,1,20,1,6,1,<>,battle_bgm.mp3,battle/scene/bg_xszd.jpg,,{y=70;x=0},,,1,,<>,92,1,92,,80344,,9999,0,0,0,{529=0;151=0;gold=0;152=0},0,,,,,,{},{},,{},{},0,{},{y=0;x=0},,,{},,FALSE,0,{}
80345,道馆副本,道館副本,Gym Dungeon,Phó bản Nhà thi đấu,체육관 던전,Masmorra de Ginásio,ดันเจี้ยนยิม,,<>,<>,,18,23,1,20,1,6,1,<>,battle_bgm.mp3,battle/scene/bg_xszd.jpg,,{y=70;x=0},,,1,,<>,92,1,92,,80345,,9999,0,0,0,{529=0;151=0;gold=0;152=0},0,,,,,,{},{},,{},{},0,{},{y=0;x=0},,,{},,FALSE,0,{}
80346,道馆副本,道館副本,Gym Dungeon,Phó bản Nhà thi đấu,체육관 던전,Masmorra de Ginásio,ดันเจี้ยนยิม,,<>,<>,,18,23,1,20,1,6,1,<>,battle_bgm.mp3,battle/scene/bg_xszd.jpg,,{y=70;x=0},,,1,,<>,92,1,92,,80346,,9999,0,0,0,{529=0;151=0;gold=0;152=0},0,,,,,,{},{},,{},{},0,{},{y=0;x=0},,,{},,FALSE,0,{}
80351,道馆副本,道館副本,Gym Dungeon,Phó bản Nhà thi đấu,체육관 던전,Masmorra de Ginásio,ดันเจี้ยนยิม,,<{level=95;unitId=293262;advance=18};{level=95;unitId=291303;advance=18};{level=95;unitId=291231;advance=18};{level=95;unitId=290014;advance=18};{level=95;unitId=290015;advance=18}>,<{level=95;unitId=303511;advance=19}>,,18,23,1,20,1,6,1,<>,battle_bgm.mp3,battle/scene/bg_xszd.jpg,,{y=70;x=0},,,1,,<>,95,1,95,,80351,,9999,0,0,0,{529=0;151=0;gold=0;152=0},0,,,,,,{},{},,{},{},0,{},{y=0;x=0},,,{},,FALSE,0,{}
80401,道馆副本,道館副本,Gym Dungeon,Phó bản Nhà thi đấu,체육관 던전,Masmorra de Ginásio,ดันเจี้ยนยิม,,<{level=85;unitId=293001;advance=14};{level=85;unitId=292231;advance=14};{level=85;unitId=291891;advance=14};{level=85;unitId=293541;advance=14};{level=85;unitId=290031;advance=14}>,<{level=85;unitId=304011;advance=15}>,,18,23,1,20,1,6,1,<>,battle_bgm.mp3,battle/scene/bg_xszd.jpg,,{y=70;x=0},,,1,,<>,85,1,85,,80401,,9999,0,0,0,{529=0;151=0;gold=0},0,,,,,,{},{},,{},{},0,{},{y=0;x=0},,,{},,FALSE,0,{}
80402,道馆副本,道館副本,Gym Dungeon,Phó bản Nhà thi đấu,체육관 던전,Masmorra de Ginásio,ดันเจี้ยนยิม,,<{level=85;unitId=292071;advance=14};{level=85;unitId=290881;advance=14};{level=85;unitId=290331;advance=14};{level=85;unitId=290591;advance=14};{level=85;unitId=292891;advance=14}>,<{level=85;unitId=304021;advance=15}>,,18,23,1,20,1,6,1,<>,battle_bgm.mp3,battle/scene/bg_xszd.jpg,,{y=70;x=0},,,1,,<>,85,1,85,,80402,,9999,0,0,0,{529=0;151=0;gold=0},0,,,,,,{},{},,{},{},0,{},{y=0;x=0},,,{},,FALSE,0,{}
80403,道馆副本,道館副本,Gym Dungeon,Phó bản Nhà thi đấu,체육관 던전,Masmorra de Ginásio,ดันเจี้ยนยิม,,<{level=85;unitId=290882;advance=14};{level=85;unitId=290592;advance=14};{level=85;unitId=292232;advance=14};{level=85;unitId=293002;advance=14};{level=85;unitId=291892;advance=14}>,<{level=85;unitId=304031;advance=15}>,,18,23,1,20,1,6,1,<>,battle_bgm.mp3,battle/scene/bg_xszd.jpg,,{y=70;x=0},,,1,,<>,85,1,85,,80403,,9999,0,0,0,{529=0;151=0;gold=0},0,,,,,,{},{},,{},{},0,{},{y=0;x=0},,,{},,FALSE,0,{}
80404,道馆副本,道館副本,Gym Dungeon,Phó bản Nhà thi đấu,체육관 던전,Masmorra de Ginásio,ดันเจี้ยนยิม,,<{level=85;unitId=290751;advance=14};{level=85;unitId=290751;advance=14};{level=85;unitId=290751;advance=14};{level=85;unitId=290752;advance=14};{level=85;unitId=290752;advance=14}>,<{level=85;unitId=304041;advance=15}>,,18,23,1,20,1,6,1,<>,battle_bgm.mp3,battle/scene/bg_xszd.jpg,,{y=70;x=0},,,1,,<>,85,1,85,,80404,,9999,0,0,0,{529=0;151=0;gold=0},0,,,,,,{},{},,{},{},0,{},{y=0;x=0},,,{},,FALSE,0,{}
80405,道馆副本,道館副本,Gym Dungeon,Phó bản Nhà thi đấu,체육관 던전,Masmorra de Ginásio,ดันเจี้ยนยิม,,<>,<>,,18,23,1,20,1,6,1,<>,battle_bgm.mp3,battle/scene/bg_xszd.jpg,,{y=70;x=0},,,1,,<>,85,1,85,,80405,,9999,0,0,0,{529=0;151=0;gold=0},0,,,,,,{},{},,{},{},0,{},{y=0;x=0},,,{},,FALSE,0,{}
80406,道馆副本,道館副本,Gym Dungeon,Phó bản Nhà thi đấu,체육관 던전,Masmorra de Ginásio,ดันเจี้ยนยิม,,<>,<>,,18,23,1,20,1,6,1,<>,battle_bgm.mp3,battle/scene/bg_xszd.jpg,,{y=70;x=0},,,1,,<>,85,1,85,,80406,,9999,0,0,0,{529=0;151=0;gold=0},0,,,,,,{},{},,{},{},0,{},{y=0;x=0},,,{},,FALSE,0,{}
80411,道馆副本,道館副本,Gym Dungeon,Phó bản Nhà thi đấu,체육관 던전,Masmorra de Ginásio,ดันเจี้ยนยิม,,<>,<>,,18,23,1,20,1,6,1,<>,battle_bgm.mp3,battle/scene/bg_xszd.jpg,,{y=70;x=0},,,1,,<>,88,1,88,,80411,,9999,0,0,0,{529=0;151=0;gold=0},0,,,,,,{},{},,{},{},0,{},{y=0;x=0},,,{},,FALSE,0,{}
80412,道馆副本,道館副本,Gym Dungeon,Phó bản Nhà thi đấu,체육관 던전,Masmorra de Ginásio,ดันเจี้ยนยิม,,<{level=88;unitId=290593;advance=14};{level=88;unitId=290593;advance=14};{level=88;unitId=290593;advance=14};{level=88;unitId=290883;advance=14};{level=88;unitId=290883;advance=14}>,<{level=88;unitId=304121;advance=15}>,,18,23,1,20,1,6,1,<>,battle_bgm.mp3,battle/scene/bg_xszd.jpg,,{y=70;x=0},,,1,,<>,88,1,88,,80412,,9999,0,0,0,{529=0;151=0;gold=0},0,,,,,,{},{},,{},{},0,{},{y=0;x=0},,,{},,FALSE,0,{}
80413,道馆副本,道館副本,Gym Dungeon,Phó bản Nhà thi đấu,체육관 던전,Masmorra de Ginásio,ดันเจี้ยนยิม,,<>,<>,,18,23,1,20,1,6,1,<>,battle_bgm.mp3,battle/scene/bg_xszd.jpg,,{y=70;x=0},,,1,,<>,88,1,88,,80413,,9999,0,0,0,{529=0;151=0;gold=0},0,,,,,,{},{},,{},{},0,{},{y=0;x=0},,,{},,FALSE,0,{}
80414,道馆副本,道館副本,Gym Dungeon,Phó bản Nhà thi đấu,체육관 던전,Masmorra de Ginásio,ดันเจี้ยนยิม,,<>,<>,,18,23,1,20,1,6,1,<>,battle_bgm.mp3,battle/scene/bg_xszd.jpg,,{y=70;x=0},,,1,,<>,88,1,88,,80414,,9999,0,0,0,{529=0;151=0;gold=0},0,,,,,,{},{},,{},{},0,{},{y=0;x=0},,,{},,FALSE,0,{}
80415,道馆副本,道館副本,Gym Dungeon,Phó bản Nhà thi đấu,체육관 던전,Masmorra de Ginásio,ดันเจี้ยนยิม,,<>,<>,,18,23,1,20,1,6,1,<>,battle_bgm.mp3,battle/scene/bg_xszd.jpg,,{y=70;x=0},,,1,,<>,88,1,88,,80415,,9999,0,0,0,{529=0;151=0;gold=0},0,,,,,,{},{},,{},{},0,{},{y=0;x=0},,,{},,FALSE,0,{}
80416,道馆副本,道館副本,Gym Dungeon,Phó bản Nhà thi đấu,체육관 던전,Masmorra de Ginásio,ดันเจี้ยนยิม,,<>,<>,,18,23,1,20,1,6,1,<>,battle_bgm.mp3,battle/scene/bg_xszd.jpg,,{y=70;x=0},,,1,,<>,88,1,88,,80416,,9999,0,0,0,{529=0;151=0;gold=0},0,,,,,,{},{},,{},{},0,{},{y=0;x=0},,,{},,FALSE,0,{}
80421,道馆副本,道館副本,Gym Dungeon,Phó bản Nhà thi đấu,체육관 던전,Masmorra de Ginásio,ดันเจี้ยนยิม,,<{level=91;unitId=293543;advance=14};{level=91;unitId=293543;advance=14};{level=91;unitId=293543;advance=14}>,<{level=91;unitId=304211;advance=15}>,,18,23,1,20,1,6,1,<>,battle_bgm.mp3,battle/scene/bg_xszd.jpg,,{y=70;x=0},,,1,,<>,91,1,91,,80421,,9999,0,0,0,{529=0;151=0;gold=0;152=0},0,,,,,,{},{},,{},{},0,{},{y=0;x=0},,,{},,FALSE,0,{}
80422,道馆副本,道館副本,Gym Dungeon,Phó bản Nhà thi đấu,체육관 던전,Masmorra de Ginásio,ดันเจี้ยนยิม,,<>,<{level=91;unitId=304221;advance=15}>,,18,23,1,20,1,6,1,<>,battle_bgm.mp3,battle/scene/bg_xszd.jpg,,{y=70;x=0},,,1,,<>,91,1,91,,80422,,9999,0,0,0,{529=0;151=0;gold=0;152=0},0,,,,,,{},{},,{},{},0,{},{y=0;x=0},,,{},,FALSE,0,{}
80423,道馆副本,道館副本,Gym Dungeon,Phó bản Nhà thi đấu,체육관 던전,Masmorra de Ginásio,ดันเจี้ยนยิม,,<>,<>,,18,23,1,20,1,6,1,<>,battle_bgm.mp3,battle/scene/bg_xszd.jpg,,{y=70;x=0},,,1,,<>,91,1,91,,80423,,9999,0,0,0,{529=0;151=0;gold=0;152=0},0,,,,,,{},{},,{},{},0,{},{y=0;x=0},,,{},,FALSE,0,{}
80424,道馆副本,道館副本,Gym Dungeon,Phó bản Nhà thi đấu,체육관 던전,Masmorra de Ginásio,ดันเจี้ยนยิม,,<>,<>,,18,23,1,20,1,6,1,<>,battle_bgm.mp3,battle/scene/bg_xszd.jpg,,{y=70;x=0},,,1,,<>,91,1,91,,80424,,9999,0,0,0,{529=0;151=0;gold=0;152=0},0,,,,,,{},{},,{},{},0,{},{y=0;x=0},,,{},,FALSE,0,{}
80425,道馆副本,道館副本,Gym Dungeon,Phó bản Nhà thi đấu,체육관 던전,Masmorra de Ginásio,ดันเจี้ยนยิม,,<>,<>,,18,23,1,20,1,6,1,<>,battle_bgm.mp3,battle/scene/bg_xszd.jpg,,{y=70;x=0},,,1,,<>,91,1,91,,80425,,9999,0,0,0,{529=0;151=0;gold=0;152=0},0,,,,,,{},{},,{},{},0,{},{y=0;x=0},,,{},,FALSE,0,{}
80426,道馆副本,道館副本,Gym Dungeon,Phó bản Nhà thi đấu,체육관 던전,Masmorra de Ginásio,ดันเจี้ยนยิม,,<>,<>,,18,23,1,20,1,6,1,<>,battle_bgm.mp3,battle/scene/bg_xszd.jpg,,{y=70;x=0},,,1,,<>,91,1,91,,80426,,9999,0,0,0,{529=0;151=0;gold=0;152=0},0,,,,,,{},{},,{},{},0,{},{y=0;x=0},,,{},,FALSE,0,{}
80431,道馆副本,道館副本,Gym Dungeon,Phó bản Nhà thi đấu,체육관 던전,Masmorra de Ginásio,ดันเจี้ยนยิม,,<{level=94;unitId=291941;advance=14};{level=94;unitId=292361;advance=14}>,<{level=94;unitId=291951;advance=15};{level=94;unitId=292351;advance=15}>,,18,23,3,20,1,6,1,<>,battle_bgm.mp3,battle/scene/bg_xszd.jpg,,{y=70;x=0},,,1,,<>,94,1,94,,80431,,9999,0,0,0,{529=0;151=0;gold=0;152=0},0,,,,,,{},{},,{},{},0,{},{y=0;x=0},,,{},,FALSE,0,{}
80432,道馆副本,道館副本,Gym Dungeon,Phó bản Nhà thi đấu,체육관 던전,Masmorra de Ginásio,ดันเจี้ยนยิม,,<{level=94;unitId=291221;advance=14};{level=94;unitId=291221;advance=14};{level=94;unitId=291221;advance=14};{level=94;unitId=290883;advance=14};{level=94;unitId=290883;advance=14}>,<{level=94;unitId=304321;advance=15}>,,18,23,1,20,1,6,1,<>,battle_bgm.mp3,battle/scene/bg_xszd.jpg,,{y=70;x=0},,,1,,<>,94,1,94,,80432,,9999,0,0,0,{529=0;151=0;gold=0;152=0},0,,,,,,{},{},,{},{},0,{},{y=0;x=0},,,{},,FALSE,0,{}
80433,道馆副本,道館副本,Gym Dungeon,Phó bản Nhà thi đấu,체육관 던전,Masmorra de Ginásio,ดันเจี้ยนยิม,,<{level=94;unitId=290333;advance=14};{level=94;unitId=290593;advance=14};{level=94;unitId=291221;advance=14};{level=94;unitId=290731;advance=14};{level=94;unitId=290884;advance=14}>,<{level=94;unitId=304331;advance=15}>,,18,23,1,20,1,6,1,<>,battle_bgm.mp3,battle/scene/bg_xszd.jpg,,{y=70;x=0},,,1,,<>,94,1,94,,80433,,9999,0,0,0,{529=0;151=0;gold=0;152=0},0,,,,,,{},{},,{},{},0,{},{y=0;x=0},,,{},,FALSE,0,{}
80434,道馆副本,道館副本,Gym Dungeon,Phó bản Nhà thi đấu,체육관 던전,Masmorra de Ginásio,ดันเจี้ยนยิม,,<>,<>,,18,23,1,20,1,6,1,<>,battle_bgm.mp3,battle/scene/bg_xszd.jpg,,{y=70;x=0},,,1,,<>,94,1,94,,80434,,9999,0,0,0,{529=0;151=0;gold=0;152=0},0,,,,,,{},{},,{},{},0,{},{y=0;x=0},,,{},,FALSE,0,{}
80435,道馆副本,道館副本,Gym Dungeon,Phó bản Nhà thi đấu,체육관 던전,Masmorra de Ginásio,ดันเจี้ยนยิม,,<>,<>,,18,23,1,20,1,6,1,<>,battle_bgm.mp3,battle/scene/bg_xszd.jpg,,{y=70;x=0},,,1,,<>,94,1,94,,80435,,9999,0,0,0,{529=0;151=0;gold=0;152=0},0,,,,,,{},{},,{},{},0,{},{y=0;x=0},,,{},,FALSE,0,{}
80436,道馆副本,道館副本,Gym Dungeon,Phó bản Nhà thi đấu,체육관 던전,Masmorra de Ginásio,ดันเจี้ยนยิม,,<>,<>,,18,23,1,20,1,6,1,<>,battle_bgm.mp3,battle/scene/bg_xszd.jpg,,{y=70;x=0},,,1,,<>,94,1,94,,80436,,9999,0,0,0,{529=0;151=0;gold=0;152=0},0,,,,,,{},{},,{},{},0,{},{y=0;x=0},,,{},,FALSE,0,{}
80441,道馆副本,道館副本,Gym Dungeon,Phó bản Nhà thi đấu,체육관 던전,Masmorra de Ginásio,ดันเจี้ยนยิม,,<{level=97;unitId=293003;advance=14};{level=97;unitId=292233;advance=14};{level=97;unitId=293143;advance=14};{level=97;unitId=291893;advance=14};{level=97;unitId=290753;advance=14}>,<{level=97;unitId=304411;advance=15}>,,18,23,1,20,1,6,1,<>,battle_bgm.mp3,battle/scene/bg_xszd.jpg,,{y=70;x=0},,,1,,<>,97,1,97,,80441,,9999,0,0,0,{529=0;151=0;gold=0;152=0},0,,,,,,{},{},,{},{},0,{},{y=0;x=0},,,{},,FALSE,0,{}
80442,道馆副本,道館副本,Gym Dungeon,Phó bản Nhà thi đấu,체육관 던전,Masmorra de Ginásio,ดันเจี้ยนยิม,,<{level=97;unitId=290331;advance=14};{level=97;unitId=290331;advance=14};{level=97;unitId=290331;advance=14};{level=97;unitId=290332;advance=14};{level=97;unitId=290332;advance=14}>,<{level=97;unitId=304421;advance=15}>,,18,23,1,20,1,6,1,<>,battle_bgm.mp3,battle/scene/bg_xszd.jpg,,{y=70;x=0},,,1,,<>,97,1,97,,80442,,9999,0,0,0,{529=0;151=0;gold=0;152=0},0,,,,,,{},{},,{},{},0,{},{y=0;x=0},,,{},,FALSE,0,{}
80443,道馆副本,道館副本,Gym Dungeon,Phó bản Nhà thi đấu,체육관 던전,Masmorra de Ginásio,ดันเจี้ยนยิม,,<{level=97;unitId=292351;advance=14};{level=97;unitId=292361;advance=14}>,<{level=97;unitId=304431;advance=15}>,,18,23,1,20,1,6,1,<>,battle_bgm.mp3,battle/scene/bg_xszd.jpg,,{y=70;x=0},,,1,,<>,97,1,97,,80443,,9999,0,0,0,{529=0;151=0;gold=0;152=0},0,,,,,,{},{},,{},{},0,{},{y=0;x=0},,,{},,FALSE,0,{}
80444,道馆副本,道館副本,Gym Dungeon,Phó bản Nhà thi đấu,체육관 던전,Masmorra de Ginásio,ดันเจี้ยนยิม,,<>,<{level=97;unitId=304441;advance=26}>,,18,23,1,20,1,6,1,<>,battle_bgm.mp3,battle/scene/bg_xszd.jpg,,{y=70;x=0},,,1,,<>,97,1,97,,80444,,9999,0,0,0,{529=0;151=0;gold=0;152=0},0,,,,,,{},{},,{},{},0,{},{y=0;x=0},,,{},,FALSE,0,{}
80445,道馆副本,道館副本,Gym Dungeon,Phó bản Nhà thi đấu,체육관 던전,Masmorra de Ginásio,ดันเจี้ยนยิม,,<>,<>,,18,23,1,20,1,6,1,<>,battle_bgm.mp3,battle/scene/bg_xszd.jpg,,{y=70;x=0},,,1,,<>,97,1,97,,80445,,9999,0,0,0,{529=0;151=0;gold=0;152=0},0,,,,,,{},{},,{},{},0,{},{y=0;x=0},,,{},,FALSE,0,{}
80446,道馆副本,道館副本,Gym Dungeon,Phó bản Nhà thi đấu,체육관 던전,Masmorra de Ginásio,ดันเจี้ยนยิม,,<>,<>,,18,23,1,20,1,6,1,<>,battle_bgm.mp3,battle/scene/bg_xszd.jpg,,{y=70;x=0},,,1,,<>,97,1,97,,80446,,9999,0,0,0,{529=0;151=0;gold=0;152=0},0,,,,,,{},{},,{},{},0,{},{y=0;x=0},,,{},,FALSE,0,{}
80451,道馆副本,道館副本,Gym Dungeon,Phó bản Nhà thi đấu,체육관 던전,Masmorra de Ginásio,ดันเจี้ยนยิม,,<{level=100;unitId=291941;advance=19};{level=100;unitId=290753;advance=19};{level=100;unitId=291951;advance=19};{level=100;unitId=293221;advance=19};{level=100;unitId=292361;advance=19}>,<{level=100;unitId=304511;advance=20}>,,18,23,1,20,1,6,1,<>,battle_bgm.mp3,battle/scene/bg_xszd.jpg,,{y=70;x=0},,,1,,<>,100,1,100,,80451,,9999,0,0,0,{529=0;151=0;gold=0;152=0},0,,,,,,{},{},,{},{},0,{},{y=0;x=0},,,{},,FALSE,0,{}
80501,道馆副本,道館副本,Gym Dungeon,Phó bản Nhà thi đấu,체육관 던전,Masmorra de Ginásio,ดันเจี้ยนยิม,,<{level=90;unitId=292821;advance=15};{level=90;unitId=292721;advance=15};{level=90;unitId=293141;advance=15};{level=90;unitId=291171;advance=15}>,<{level=90;unitId=305011;advance=16}>,,18,23,1,20,1,6,1,<>,battle_bgm.mp3,battle/scene/bg_xszd.jpg,,{y=70;x=0},,,1,,<>,90,1,90,,80501,,9999,0,0,0,{529=0;151=0;gold=0},0,,,,,,{},{},,{},{},0,{},{y=0;x=0},,,{},,FALSE,0,{}
80502,道馆副本,道館副本,Gym Dungeon,Phó bản Nhà thi đấu,체육관 던전,Masmorra de Ginásio,ดันเจี้ยนยิม,,<{level=90;unitId=290391;advance=15};{level=90;unitId=291811;advance=15};{level=90;unitId=293561;advance=15};{level=90;unitId=291801;advance=15};{level=90;unitId=293411;advance=15}>,<{level=90;unitId=305021;advance=16}>,,18,23,1,20,1,6,1,<>,battle_bgm.mp3,battle/scene/bg_xszd.jpg,,{y=70;x=0},,,1,,<>,90,1,90,,80502,,9999,0,0,0,{529=0;151=0;gold=0},0,,,,,,{},{},,{},{},0,{},{y=0;x=0},,,{},,FALSE,0,{}
80503,道馆副本,道館副本,Gym Dungeon,Phó bản Nhà thi đấu,체육관 던전,Masmorra de Ginásio,ดันเจี้ยนยิม,,<{level=90;unitId=290392;advance=15};{level=90;unitId=292992;advance=15};{level=90;unitId=293142;advance=15};{level=90;unitId=291812;advance=15};{level=90;unitId=293412;advance=15}>,<{level=90;unitId=305031;advance=16}>,,18,23,1,20,1,6,1,<>,battle_bgm.mp3,battle/scene/bg_xszd.jpg,,{y=70;x=0},,,1,,<>,90,1,90,,80503,,9999,0,0,0,{529=0;151=0;gold=0},0,,,,,,{},{},,{},{},0,{},{y=0;x=0},,,{},,FALSE,0,{}
80504,道馆副本,道館副本,Gym Dungeon,Phó bản Nhà thi đấu,체육관 던전,Masmorra de Ginásio,ดันเจี้ยนยิม,,<>,<>,,18,23,1,20,1,6,1,<>,battle_bgm.mp3,battle/scene/bg_xszd.jpg,,{y=70;x=0},,,1,,<>,90,1,90,,80504,,9999,0,0,0,{529=0;151=0;gold=0},0,,,,,,{},{},,{},{},0,{},{y=0;x=0},,,{},,FALSE,0,{}
80505,道馆副本,道館副本,Gym Dungeon,Phó bản Nhà thi đấu,체육관 던전,Masmorra de Ginásio,ดันเจี้ยนยิม,,<>,<>,,18,23,1,20,1,6,1,<>,battle_bgm.mp3,battle/scene/bg_xszd.jpg,,{y=70;x=0},,,1,,<>,90,1,90,,80505,,9999,0,0,0,{529=0;151=0;gold=0},0,,,,,,{},{},,{},{},0,{},{y=0;x=0},,,{},,FALSE,0,{}
80506,道馆副本,道館副本,Gym Dungeon,Phó bản Nhà thi đấu,체육관 던전,Masmorra de Ginásio,ดันเจี้ยนยิม,,<>,<>,,18,23,1,20,1,6,1,<>,battle_bgm.mp3,battle/scene/bg_xszd.jpg,,{y=70;x=0},,,1,,<>,90,1,90,,80506,,9999,0,0,0,{529=0;151=0;gold=0},0,,,,,,{},{},,{},{},0,{},{y=0;x=0},,,{},,FALSE,0,{}
80511,道馆副本,道館副本,Gym Dungeon,Phó bản Nhà thi đấu,체육관 던전,Masmorra de Ginásio,ดันเจี้ยนยิม,,<{level=93;unitId=292992;advance=15};{level=93;unitId=291811;advance=15};{level=93;unitId=293561;advance=15};{level=93;unitId=290392;advance=15};{level=93;unitId=290391;advance=15}>,<{level=93;unitId=305111;advance=16}>,,18,23,1,20,1,6,1,<>,battle_bgm.mp3,battle/scene/bg_xszd.jpg,,{y=70;x=0},,,1,,<>,93,1,93,,80511,,9999,0,0,0,{529=0;151=0;gold=0},0,,,,,,{},{},,{},{},0,{},{y=0;x=0},,,{},,FALSE,0,{}
80512,道馆副本,道館副本,Gym Dungeon,Phó bản Nhà thi đấu,체육관 던전,Masmorra de Ginásio,ดันเจี้ยนยิม,,<{level=93;unitId=292992;advance=15};{level=93;unitId=291811;advance=15};{level=93;unitId=293561;advance=15};{level=93;unitId=290392;advance=15};{level=93;unitId=290391;advance=15}>,<{level=93;unitId=305121;advance=16}>,,18,23,1,20,1,6,1,<>,battle_bgm.mp3,battle/scene/bg_xszd.jpg,,{y=70;x=0},,,1,,<>,93,1,93,,80512,,9999,0,0,0,{529=0;151=0;gold=0},0,,,,,,{},{},,{},{},0,{},{y=0;x=0},,,{},,FALSE,0,{}
80513,道馆副本,道館副本,Gym Dungeon,Phó bản Nhà thi đấu,체육관 던전,Masmorra de Ginásio,ดันเจี้ยนยิม,,<>,<>,,18,23,1,20,1,6,1,<>,battle_bgm.mp3,battle/scene/bg_xszd.jpg,,{y=70;x=0},,,1,,<>,93,1,93,,80513,,9999,0,0,0,{529=0;151=0;gold=0},0,,,,,,{},{},,{},{},0,{},{y=0;x=0},,,{},,FALSE,0,{}
80514,道馆副本,道館副本,Gym Dungeon,Phó bản Nhà thi đấu,체육관 던전,Masmorra de Ginásio,ดันเจี้ยนยิม,,<>,<>,,18,23,1,20,1,6,1,<>,battle_bgm.mp3,battle/scene/bg_xszd.jpg,,{y=70;x=0},,,1,,<>,93,1,93,,80514,,9999,0,0,0,{529=0;151=0;gold=0},0,,,,,,{},{},,{},{},0,{},{y=0;x=0},,,{},,FALSE,0,{}
80515,道馆副本,道館副本,Gym Dungeon,Phó bản Nhà thi đấu,체육관 던전,Masmorra de Ginásio,ดันเจี้ยนยิม,,<>,<>,,18,23,1,20,1,6,1,<>,battle_bgm.mp3,battle/scene/bg_xszd.jpg,,{y=70;x=0},,,1,,<>,93,1,93,,80515,,9999,0,0,0,{529=0;151=0;gold=0},0,,,,,,{},{},,{},{},0,{},{y=0;x=0},,,{},,FALSE,0,{}
80516,道馆副本,道館副本,Gym Dungeon,Phó bản Nhà thi đấu,체육관 던전,Masmorra de Ginásio,ดันเจี้ยนยิม,,<>,<>,,18,23,1,20,1,6,1,<>,battle_bgm.mp3,battle/scene/bg_xszd.jpg,,{y=70;x=0},,,1,,<>,93,1,93,,80516,,9999,0,0,0,{529=0;151=0;gold=0},0,,,,,,{},{},,{},{},0,{},{y=0;x=0},,,{},,FALSE,0,{}
80521,道馆副本,道館副本,Gym Dungeon,Phó bản Nhà thi đấu,체육관 던전,Masmorra de Ginásio,ดันเจี้ยนยิม,,<{level=96;unitId=292822;advance=15};{level=96;unitId=292822;advance=15};{level=96;unitId=292822;advance=15};{level=96;unitId=292822;advance=15};{level=96;unitId=292822;advance=15}>,<{level=96;unitId=305211;advance=16}>,,18,23,1,20,1,6,1,<>,battle_bgm.mp3,battle/scene/bg_xszd.jpg,,{y=70;x=0},,,1,,<>,96,1,96,,80521,,9999,0,0,0,{529=0;151=0;gold=0;152=0},0,,,,,,{},{},,{},{},0,{},{y=0;x=0},,,{},,FALSE,0,{}
80522,道馆副本,道館副本,Gym Dungeon,Phó bản Nhà thi đấu,체육관 던전,Masmorra de Ginásio,ดันเจี้ยนยิม,,<{level=96;unitId=291813;advance=15};{level=96;unitId=291801;advance=15};{level=96;unitId=291813;advance=15};{level=96;unitId=291801;advance=15};{level=96;unitId=291801;advance=15}>,<{level=96;unitId=305221;advance=16}>,,18,23,1,20,1,6,1,<>,battle_bgm.mp3,battle/scene/bg_xszd.jpg,,{y=70;x=0},,,1,,<>,96,1,96,,80522,,9999,0,0,0,{529=0;151=0;gold=0;152=0},0,,,,,,{},{},,{},{},0,{},{y=0;x=0},,,{},,FALSE,0,{}
80523,道馆副本,道館副本,Gym Dungeon,Phó bản Nhà thi đấu,체육관 던전,Masmorra de Ginásio,ดันเจี้ยนยิม,,<{level=96;unitId=291813;advance=15};{level=96;unitId=291813;advance=15};{level=96;unitId=291813;advance=15};{level=96;unitId=291813;advance=15};{level=96;unitId=291813;advance=15}>,<{level=96;unitId=305231;advance=16}>,,18,23,1,20,1,6,1,<>,battle_bgm.mp3,battle/scene/bg_xszd.jpg,,{y=70;x=0},,,1,,<>,96,1,96,,80523,,9999,0,0,0,{529=0;151=0;gold=0;152=0},0,,,,,,{},{},,{},{},0,{},{y=0;x=0},,,{},,FALSE,0,{}
80524,道馆副本,道館副本,Gym Dungeon,Phó bản Nhà thi đấu,체육관 던전,Masmorra de Ginásio,ดันเจี้ยนยิม,,<{level=96;unitId=305241;advance=15};{level=96;unitId=305241;advance=15};{level=96;unitId=305241;advance=15};{level=96;unitId=305241;advance=15}>,<{level=96;unitId=305241;advance=16}>,,18,23,1,20,1,6,1,<>,battle_bgm.mp3,battle/scene/bg_xszd.jpg,,{y=70;x=0},,,1,,<>,96,1,96,,80524,,9999,0,0,0,{529=0;151=0;gold=0;152=0},0,,,,,,{},{},,{},{},0,{},{y=0;x=0},,,{},,FALSE,0,{}
80525,道馆副本,道館副本,Gym Dungeon,Phó bản Nhà thi đấu,체육관 던전,Masmorra de Ginásio,ดันเจี้ยนยิม,,<>,<>,,18,23,1,20,1,6,1,<>,battle_bgm.mp3,battle/scene/bg_xszd.jpg,,{y=70;x=0},,,1,,<>,96,1,96,,80525,,9999,0,0,0,{529=0;151=0;gold=0;152=0},0,,,,,,{},{},,{},{},0,{},{y=0;x=0},,,{},,FALSE,0,{}
80526,道馆副本,道館副本,Gym Dungeon,Phó bản Nhà thi đấu,체육관 던전,Masmorra de Ginásio,ดันเจี้ยนยิม,,<>,<>,,18,23,1,20,1,6,1,<>,battle_bgm.mp3,battle/scene/bg_xszd.jpg,,{y=70;x=0},,,1,,<>,96,1,96,,80526,,9999,0,0,0,{529=0;151=0;gold=0;152=0},0,,,,,,{},{},,{},{},0,{},{y=0;x=0},,,{},,FALSE,0,{}
80531,道馆副本,道館副本,Gym Dungeon,Phó bản Nhà thi đấu,체육관 던전,Masmorra de Ginásio,ดันเจี้ยนยิม,,<{level=99;unitId=293303;advance=15};{level=99;unitId=291253;advance=15};{level=99;unitId=293143;advance=15};{level=99;unitId=291172;advance=15};{level=99;unitId=292723;advance=15}>,<{level=99;unitId=305311;advance=16}>,,18,23,1,20,1,6,1,<>,battle_bgm.mp3,battle/scene/bg_xszd.jpg,,{y=70;x=0},,,1,,<>,99,1,99,,80531,,9999,0,0,0,{529=0;151=0;gold=0;152=0},0,,,,,,{},{},,{},{},0,{},{y=0;x=0},,,{},,FALSE,0,{}
80532,道馆副本,道館副本,Gym Dungeon,Phó bản Nhà thi đấu,체육관 던전,Masmorra de Ginásio,ดันเจี้ยนยิม,,<{level=99;unitId=292993;advance=15};{level=99;unitId=292993;advance=15};{level=99;unitId=292993;advance=15};{level=99;unitId=293562;advance=15};{level=99;unitId=293663;advance=15}>,<{level=99;unitId=305321;advance=16}>,,18,23,1,20,1,6,1,<>,battle_bgm.mp3,battle/scene/bg_xszd.jpg,,{y=70;x=0},,,1,,<>,99,1,99,,80532,,9999,0,0,0,{529=0;151=0;gold=0;152=0},0,,,,,,{},{},,{},{},0,{},{y=0;x=0},,,{},,FALSE,0,{}
80533,道馆副本,道館副本,Gym Dungeon,Phó bản Nhà thi đấu,체육관 던전,Masmorra de Ginásio,ดันเจี้ยนยิม,,<{level=99;unitId=290391;advance=15};{level=99;unitId=290392;advance=15};{level=99;unitId=290393;advance=15}>,<{level=99;unitId=290394;advance=16}>,,18,23,4,20,1,6,1,<>,battle_bgm.mp3,battle/scene/bg_xszd.jpg,,{y=70;x=0},,,1,,<>,99,1,99,,80533,,9999,0,0,0,{529=0;151=0;gold=0;152=0},0,,,,,,{},{},,{},{},0,{},{y=0;x=0},,,{},,FALSE,0,{}
80534,道馆副本,道館副本,Gym Dungeon,Phó bản Nhà thi đấu,체육관 던전,Masmorra de Ginásio,ดันเจี้ยนยิม,,<>,<>,,18,23,1,20,1,6,1,<>,battle_bgm.mp3,battle/scene/bg_xszd.jpg,,{y=70;x=0},,,1,,<>,99,1,99,,80534,,9999,0,0,0,{529=0;151=0;gold=0;152=0},0,,,,,,{},{},,{},{},0,{},{y=0;x=0},,,{},,FALSE,0,{}
80535,道馆副本,道館副本,Gym Dungeon,Phó bản Nhà thi đấu,체육관 던전,Masmorra de Ginásio,ดันเจี้ยนยิม,,<>,<>,,18,23,1,20,1,6,1,<>,battle_bgm.mp3,battle/scene/bg_xszd.jpg,,{y=70;x=0},,,1,,<>,99,1,99,,80535,,9999,0,0,0,{529=0;151=0;gold=0;152=0},0,,,,,,{},{},,{},{},0,{},{y=0;x=0},,,{},,FALSE,0,{}
80536,道馆副本,道館副本,Gym Dungeon,Phó bản Nhà thi đấu,체육관 던전,Masmorra de Ginásio,ดันเจี้ยนยิม,,<>,<>,,18,23,1,20,1,6,1,<>,battle_bgm.mp3,battle/scene/bg_xszd.jpg,,{y=70;x=0},,,1,,<>,99,1,99,,80536,,9999,0,0,0,{529=0;151=0;gold=0;152=0},0,,,,,,{},{},,{},{},0,{},{y=0;x=0},,,{},,FALSE,0,{}
80541,道馆副本,道館副本,Gym Dungeon,Phó bản Nhà thi đấu,체육관 던전,Masmorra de Ginásio,ดันเจี้ยนยิม,,<>,<{level=102;unitId=305411;advance=16}>,,18,23,3,20,1,6,1,<>,battle_bgm.mp3,battle/scene/bg_xszd.jpg,,{y=70;x=0},,,1,,<>,102,1,102,,80541,,9999,0,0,0,{529=0;151=0;gold=0;152=0},0,,,,,,{},{},,{},{},0,{},{y=0;x=0},,,{},,FALSE,0,{}
80542,道馆副本,道館副本,Gym Dungeon,Phó bản Nhà thi đấu,체육관 던전,Masmorra de Ginásio,ดันเจี้ยนยิม,,<{level=102;unitId=293611;advance=15};{level=102;unitId=293611;advance=15};{level=102;unitId=293611;advance=15};{level=102;unitId=293611;advance=15};{level=102;unitId=293611;advance=15}>,<{level=102;unitId=305421;advance=16}>,,18,23,3,20,1,6,1,<>,battle_bgm.mp3,battle/scene/bg_xszd.jpg,,{y=70;x=0},,,1,,<>,102,1,102,,80542,,9999,0,0,0,{529=0;151=0;gold=0;152=0},0,,,,,,{},{},,{},{},0,{},{y=0;x=0},,,{},,FALSE,0,{}
80543,道馆副本,道館副本,Gym Dungeon,Phó bản Nhà thi đấu,체육관 던전,Masmorra de Ginásio,ดันเจี้ยนยิม,,<>,<{level=102;unitId=305431;advance=16}>,,18,23,1,20,1,6,1,<>,battle_bgm.mp3,battle/scene/bg_xszd.jpg,,{y=70;x=0},,,1,,<>,102,1,102,,80543,,9999,0,0,0,{529=0;151=0;gold=0;152=0},0,,,,,,{},{},,{},{},0,{},{y=0;x=0},,,{},,FALSE,0,{}
80544,道馆副本,道館副本,Gym Dungeon,Phó bản Nhà thi đấu,체육관 던전,Masmorra de Ginásio,ดันเจี้ยนยิม,,<>,<{level=102;unitId=305441;advance=24}>,,18,23,1,20,1,6,1,<>,battle_bgm.mp3,battle/scene/bg_xszd.jpg,,{y=70;x=0},,,1,,<>,102,1,102,,80544,,9999,0,0,0,{529=0;151=0;gold=0;152=0},0,,,,,,{},{},,{},{},0,{},{y=0;x=0},,,{},,FALSE,0,{}
80545,道馆副本,道館副本,Gym Dungeon,Phó bản Nhà thi đấu,체육관 던전,Masmorra de Ginásio,ดันเจี้ยนยิม,,<>,<>,,18,23,1,20,1,6,1,<>,battle_bgm.mp3,battle/scene/bg_xszd.jpg,,{y=70;x=0},,,1,,<>,102,1,102,,80545,,9999,0,0,0,{529=0;151=0;gold=0;152=0},0,,,,,,{},{},,{},{},0,{},{y=0;x=0},,,{},,FALSE,0,{}
80546,道馆副本,道館副本,Gym Dungeon,Phó bản Nhà thi đấu,체육관 던전,Masmorra de Ginásio,ดันเจี้ยนยิม,,<>,<>,,18,23,1,20,1,6,1,<>,battle_bgm.mp3,battle/scene/bg_xszd.jpg,,{y=70;x=0},,,1,,<>,102,1,102,,80546,,9999,0,0,0,{529=0;151=0;gold=0;152=0},0,,,,,,{},{},,{},{},0,{},{y=0;x=0},,,{},,FALSE,0,{}
80551,道馆副本,道館副本,Gym Dungeon,Phó bản Nhà thi đấu,체육관 던전,Masmorra de Ginásio,ดันเจี้ยนยิม,,<{level=105;unitId=293642;advance=20};{level=105;unitId=292391;advance=20};{level=105;unitId=291813;advance=20};{level=105;unitId=292431;advance=20};{level=105;unitId=290394;advance=20}>,<{level=105;unitId=305511;advance=21}>,,18,23,1,20,1,6,1,<>,battle_bgm.mp3,battle/scene/bg_xszd.jpg,,{y=70;x=0},,,1,,<>,105,1,105,,80551,,9999,0,0,0,{529=0;151=0;gold=0;152=0},0,,,,,,{},{},,{},{},0,{},{y=0;x=0},,,{},,FALSE,0,{}
80601,道馆副本,道館副本,Gym Dungeon,Phó bản Nhà thi đấu,체육관 던전,Masmorra de Ginásio,ดันเจี้ยนยิม,,<{level=95;unitId=290331;advance=16};{level=95;unitId=291901;advance=16};{level=95;unitId=292961;advance=16};{level=95;unitId=291502;advance=16};{level=95;unitId=293411;advance=16}>,<{level=95;unitId=306011;advance=17}>,,18,23,1,20,1,6,1,<>,battle_bgm.mp3,battle/scene/bg_xszd.jpg,,{y=70;x=0},,,1,,<>,95,1,95,,80601,,9999,0,0,0,{529=0;151=0;gold=0},0,,,,,,{},{},,{},{},0,{},{y=0;x=0},,,{},,FALSE,0,{}
80602,道馆副本,道館副本,Gym Dungeon,Phó bản Nhà thi đấu,체육관 던전,Masmorra de Ginásio,ดันเจี้ยนยิม,,<{level=95;unitId=290031;advance=16};{level=95;unitId=290031;advance=16};{level=95;unitId=290031;advance=16};{level=95;unitId=290031;advance=16};{level=95;unitId=290031;advance=16}>,<{level=95;unitId=306021;advance=17}>,,18,23,1,20,1,6,1,<>,battle_bgm.mp3,battle/scene/bg_xszd.jpg,,{y=70;x=0},,,1,,<>,95,1,95,,80602,,9999,0,0,0,{529=0;151=0;gold=0},0,,,,,,{},{},,{},{},0,{},{y=0;x=0},,,{},,FALSE,0,{}
80603,道馆副本,道館副本,Gym Dungeon,Phó bản Nhà thi đấu,체육관 던전,Masmorra de Ginásio,ดันเจี้ยนยิม,,<{level=95;unitId=290001;advance=16};{level=95;unitId=290371;advance=16};{level=95;unitId=290481;advance=16};{level=95;unitId=290111;advance=16};{level=95;unitId=292271;advance=16}>,<{level=95;unitId=306031;advance=17}>,,18,23,1,20,1,6,1,<>,battle_bgm.mp3,battle/scene/bg_xszd.jpg,,{y=70;x=0},,,1,,<>,95,1,95,,80603,,9999,0,0,0,{529=0;151=0;gold=0},0,,,,,,{},{},,{},{},0,{},{y=0;x=0},,,{},,FALSE,0,{}
80604,道馆副本,道館副本,Gym Dungeon,Phó bản Nhà thi đấu,체육관 던전,Masmorra de Ginásio,ดันเจี้ยนยิม,,<{level=95;unitId=290192;advance=16};{level=95;unitId=292682;advance=16};{level=95;unitId=292681;advance=16};{level=95;unitId=290191;advance=16};{level=95;unitId=290043;advance=16}>,<{level=95;unitId=306041;advance=17}>,,18,23,1,20,1,6,1,<>,battle_bgm.mp3,battle/scene/bg_xszd.jpg,,{y=70;x=0},,,1,,<>,95,1,95,,80604,,9999,0,0,0,{529=0;151=0;gold=0},0,,,,,,{},{},,{},{},0,{},{y=0;x=0},,,{},,FALSE,0,{}
80605,道馆副本,道館副本,Gym Dungeon,Phó bản Nhà thi đấu,체육관 던전,Masmorra de Ginásio,ดันเจี้ยนยิม,,<>,<>,,18,23,1,20,1,6,1,<>,battle_bgm.mp3,battle/scene/bg_xszd.jpg,,{y=70;x=0},,,1,,<>,95,1,95,,80605,,9999,0,0,0,{529=0;151=0;gold=0},0,,,,,,{},{},,{},{},0,{},{y=0;x=0},,,{},,FALSE,0,{}
80606,道馆副本,道館副本,Gym Dungeon,Phó bản Nhà thi đấu,체육관 던전,Masmorra de Ginásio,ดันเจี้ยนยิม,,<>,<>,,18,23,1,20,1,6,1,<>,battle_bgm.mp3,battle/scene/bg_xszd.jpg,,{y=70;x=0},,,1,,<>,95,1,95,,80606,,9999,0,0,0,{529=0;151=0;gold=0},0,,,,,,{},{},,{},{},0,{},{y=0;x=0},,,{},,FALSE,0,{}
80611,道馆副本,道館副本,Gym Dungeon,Phó bản Nhà thi đấu,체육관 던전,Masmorra de Ginásio,ดันเจี้ยนยิม,,<{level=98;unitId=292681;advance=16};{level=98;unitId=290191;advance=16};{level=98;unitId=293151;advance=16}>,<{level=98;unitId=306111;advance=17}>,,18,23,1,20,1,6,1,<>,battle_bgm.mp3,battle/scene/bg_xszd.jpg,,{y=70;x=0},,,1,,<>,98,1,98,,80611,,9999,0,0,0,{529=0;151=0;gold=0},0,,,,,,{},{},,{},{},0,{},{y=0;x=0},,,{},,FALSE,0,{}
80612,道馆副本,道館副本,Gym Dungeon,Phó bản Nhà thi đấu,체육관 던전,Masmorra de Ginásio,ดันเจี้ยนยิม,,<{level=98;unitId=290002;advance=16};{level=98;unitId=290081;advance=16};{level=98;unitId=290372;advance=16};{level=98;unitId=290392;advance=16};{level=98;unitId=290283;advance=16}>,<{level=98;unitId=306121;advance=17}>,,18,23,1,20,1,6,1,<>,battle_bgm.mp3,battle/scene/bg_xszd.jpg,,{y=70;x=0},,,1,,<>,98,1,98,,80612,,9999,0,0,0,{529=0;151=0;gold=0},0,,,,,,{},{},,{},{},0,{},{y=0;x=0},,,{},,FALSE,0,{}
80613,道馆副本,道館副本,Gym Dungeon,Phó bản Nhà thi đấu,체육관 던전,Masmorra de Ginásio,ดันเจี้ยนยิม,,<{level=98;unitId=290121;advance=16};{level=98;unitId=290122;advance=16};{level=98;unitId=290123;advance=16};{level=98;unitId=290111;advance=16};{level=98;unitId=290113;advance=16}>,<{level=98;unitId=306131;advance=17}>,,18,23,1,20,1,6,1,<>,battle_bgm.mp3,battle/scene/bg_xszd.jpg,,{y=70;x=0},,,1,,<>,98,1,98,,80613,,9999,0,0,0,{529=0;151=0;gold=0},0,,,,,,{},{},,{},{},0,{},{y=0;x=0},,,{},,FALSE,0,{}
80614,道馆副本,道館副本,Gym Dungeon,Phó bản Nhà thi đấu,체육관 던전,Masmorra de Ginásio,ดันเจี้ยนยิม,,<>,<>,,18,23,1,20,1,6,1,<>,battle_bgm.mp3,battle/scene/bg_xszd.jpg,,{y=70;x=0},,,1,,<>,98,1,98,,80614,,9999,0,0,0,{529=0;151=0;gold=0},0,,,,,,{},{},,{},{},0,{},{y=0;x=0},,,{},,FALSE,0,{}
80615,道馆副本,道館副本,Gym Dungeon,Phó bản Nhà thi đấu,체육관 던전,Masmorra de Ginásio,ดันเจี้ยนยิม,,<>,<>,,18,23,1,20,1,6,1,<>,battle_bgm.mp3,battle/scene/bg_xszd.jpg,,{y=70;x=0},,,1,,<>,98,1,98,,80615,,9999,0,0,0,{529=0;151=0;gold=0},0,,,,,,{},{},,{},{},0,{},{y=0;x=0},,,{},,FALSE,0,{}
80616,道馆副本,道館副本,Gym Dungeon,Phó bản Nhà thi đấu,체육관 던전,Masmorra de Ginásio,ดันเจี้ยนยิม,,<>,<>,,18,23,1,20,1,6,1,<>,battle_bgm.mp3,battle/scene/bg_xszd.jpg,,{y=70;x=0},,,1,,<>,98,1,98,,80616,,9999,0,0,0,{529=0;151=0;gold=0},0,,,,,,{},{},,{},{},0,{},{y=0;x=0},,,{},,FALSE,0,{}
80621,道馆副本,道館副本,Gym Dungeon,Phó bản Nhà thi đấu,체육관 던전,Masmorra de Ginásio,ดันเจี้ยนยิม,,<{level=101;unitId=290333;advance=16};{level=101;unitId=290333;advance=16};{level=101;unitId=290333;advance=16};{level=101;unitId=290572;advance=16};{level=101;unitId=290572;advance=16}>,<{level=101;unitId=306211;advance=17}>,,18,23,1,20,1,6,1,<>,battle_bgm.mp3,battle/scene/bg_xszd.jpg,,{y=70;x=0},,,1,,<>,101,1,101,,80621,,9999,0,0,0,{529=0;151=0;gold=0;152=0},0,,,,,,{},{},,{},{},0,{},{y=0;x=0},,,{},,FALSE,0,{}
80622,道馆副本,道館副本,Gym Dungeon,Phó bản Nhà thi đấu,체육관 던전,Masmorra de Ginásio,ดันเจี้ยนยิม,,<{level=101;unitId=290481;advance=16};{level=101;unitId=290481;advance=16};{level=101;unitId=290481;advance=16};{level=101;unitId=290482;advance=16};{level=101;unitId=290482;advance=16}>,<{level=101;unitId=306221;advance=17}>,,18,23,1,20,1,6,1,<>,battle_bgm.mp3,battle/scene/bg_xszd.jpg,,{y=70;x=0},,,1,,<>,101,1,101,,80622,,9999,0,0,0,{529=0;151=0;gold=0;152=0},0,,,,,,{},{},,{},{},0,{},{y=0;x=0},,,{},,FALSE,0,{}
80623,道馆副本,道館副本,Gym Dungeon,Phó bản Nhà thi đấu,체육관 던전,Masmorra de Ginásio,ดันเจี้ยนยิม,,<{level=101;unitId=290004;advance=16};{level=101;unitId=290004;advance=16};{level=101;unitId=290004;advance=16};{level=101;unitId=290044;advance=16};{level=101;unitId=290044;advance=16}>,<{level=101;unitId=306231;advance=17}>,,18,23,1,20,1,6,1,<>,battle_bgm.mp3,battle/scene/bg_xszd.jpg,,{y=70;x=0},,,1,,<>,101,1,101,,80623,,9999,0,0,0,{529=0;151=0;gold=0;152=0},0,,,,,,{},{},,{},{},0,{},{y=0;x=0},,,{},,FALSE,0,{}
80624,道馆副本,道館副本,Gym Dungeon,Phó bản Nhà thi đấu,체육관 던전,Masmorra de Ginásio,ดันเจี้ยนยิม,,<>,<>,,18,23,1,20,1,6,1,<>,battle_bgm.mp3,battle/scene/bg_xszd.jpg,,{y=70;x=0},,,1,,<>,101,1,101,,80624,,9999,0,0,0,{529=0;151=0;gold=0;152=0},0,,,,,,{},{},,{},{},0,{},{y=0;x=0},,,{},,FALSE,0,{}
80625,道馆副本,道館副本,Gym Dungeon,Phó bản Nhà thi đấu,체육관 던전,Masmorra de Ginásio,ดันเจี้ยนยิม,,<>,<>,,18,23,1,20,1,6,1,<>,battle_bgm.mp3,battle/scene/bg_xszd.jpg,,{y=70;x=0},,,1,,<>,101,1,101,,80625,,9999,0,0,0,{529=0;151=0;gold=0;152=0},0,,,,,,{},{},,{},{},0,{},{y=0;x=0},,,{},,FALSE,0,{}
80626,道馆副本,道館副本,Gym Dungeon,Phó bản Nhà thi đấu,체육관 던전,Masmorra de Ginásio,ดันเจี้ยนยิม,,<>,<>,,18,23,1,20,1,6,1,<>,battle_bgm.mp3,battle/scene/bg_xszd.jpg,,{y=70;x=0},,,1,,<>,101,1,101,,80626,,9999,0,0,0,{529=0;151=0;gold=0;152=0},0,,,,,,{},{},,{},{},0,{},{y=0;x=0},,,{},,FALSE,0,{}
80631,道馆副本,道館副本,Gym Dungeon,Phó bản Nhà thi đấu,체육관 던전,Masmorra de Ginásio,ดันเจี้ยนยิม,,<{level=104;unitId=293411;advance=16};{level=104;unitId=293411;advance=16};{level=104;unitId=293411;advance=16};{level=104;unitId=293412;advance=16};{level=104;unitId=293412;advance=16}>,<{level=104;unitId=306311;advance=17}>,,18,23,1,20,1,6,1,<>,battle_bgm.mp3,battle/scene/bg_xszd.jpg,,{y=70;x=0},,,1,,<>,104,1,104,,80631,,9999,0,0,0,{529=0;151=0;gold=0;152=0},0,,,,,,{},{},,{},{},0,{},{y=0;x=0},,,{},,FALSE,0,{}
80632,道馆副本,道館副本,Gym Dungeon,Phó bản Nhà thi đấu,체육관 던전,Masmorra de Ginásio,ดันเจี้ยนยิม,,<{level=104;unitId=290033;advance=16};{level=104;unitId=292683;advance=16};{level=104;unitId=291071;advance=16};{level=104;unitId=290571;advance=16};{level=104;unitId=290044;advance=16}>,<{level=104;unitId=306321;advance=17}>,,18,23,1,20,1,6,1,<>,battle_bgm.mp3,battle/scene/bg_xszd.jpg,,{y=70;x=0},,,1,,<>,104,1,104,,80632,,9999,0,0,0,{529=0;151=0;gold=0;152=0},0,,,,,,{},{},,{},{},0,{},{y=0;x=0},,,{},,FALSE,0,{}
80633,道馆副本,道館副本,Gym Dungeon,Phó bản Nhà thi đấu,체육관 던전,Masmorra de Ginásio,ดันเจี้ยนยิม,,<{level=104;unitId=291903;advance=16};{level=104;unitId=291931;advance=16};{level=104;unitId=291503;advance=16};{level=104;unitId=292242;advance=16};{level=104;unitId=290572;advance=16}>,<{level=104;unitId=306331;advance=17}>,,18,23,1,20,1,6,1,<>,battle_bgm.mp3,battle/scene/bg_xszd.jpg,,{y=70;x=0},,,1,,<>,104,1,104,,80633,,9999,0,0,0,{529=0;151=0;gold=0;152=0},0,,,,,,{},{},,{},{},0,{},{y=0;x=0},,,{},,FALSE,0,{}
80634,道馆副本,道館副本,Gym Dungeon,Phó bản Nhà thi đấu,체육관 던전,Masmorra de Ginásio,ดันเจี้ยนยิม,,<{level=104;unitId=293771;advance=16};{level=104;unitId=293771;advance=16};{level=104;unitId=293771;advance=16};{level=104;unitId=293771;advance=16};{level=104;unitId=293771;advance=16}>,<{level=104;unitId=306341;advance=17}>,,18,23,1,20,1,6,1,<>,battle_bgm.mp3,battle/scene/bg_xszd.jpg,,{y=70;x=0},,,1,,<>,104,1,104,,80634,,9999,0,0,0,{529=0;151=0;gold=0;152=0},0,,,,,,{},{},,{},{},0,{},{y=0;x=0},,,{},,FALSE,0,{}
80635,道馆副本,道館副本,Gym Dungeon,Phó bản Nhà thi đấu,체육관 던전,Masmorra de Ginásio,ดันเจี้ยนยิม,,<>,<>,,18,23,1,20,1,6,1,<>,battle_bgm.mp3,battle/scene/bg_xszd.jpg,,{y=70;x=0},,,1,,<>,104,1,104,,80635,,9999,0,0,0,{529=0;151=0;gold=0;152=0},0,,,,,,{},{},,{},{},0,{},{y=0;x=0},,,{},,FALSE,0,{}
80636,道馆副本,道館副本,Gym Dungeon,Phó bản Nhà thi đấu,체육관 던전,Masmorra de Ginásio,ดันเจี้ยนยิม,,<>,<>,,18,23,1,20,1,6,1,<>,battle_bgm.mp3,battle/scene/bg_xszd.jpg,,{y=70;x=0},,,1,,<>,104,1,104,,80636,,9999,0,0,0,{529=0;151=0;gold=0;152=0},0,,,,,,{},{},,{},{},0,{},{y=0;x=0},,,{},,FALSE,0,{}
80641,道馆副本,道館副本,Gym Dungeon,Phó bản Nhà thi đấu,체육관 던전,Masmorra de Ginásio,ดันเจี้ยนยิม,,<{level=107;unitId=291503;advance=16};{level=107;unitId=291503;advance=16};{level=107;unitId=291503;advance=16}>,<{level=107;unitId=306411;advance=17}>,,18,23,1,20,1,6,1,<>,battle_bgm.mp3,battle/scene/bg_xszd.jpg,,{y=70;x=0},,,1,,<>,107,1,107,,80641,,9999,0,0,0,{529=0;151=0;gold=0;152=0},0,,,,,,{},{},,{},{},0,{},{y=0;x=0},,,{},,FALSE,0,{}
80642,道馆副本,道館副本,Gym Dungeon,Phó bản Nhà thi đấu,체육관 던전,Masmorra de Ginásio,ดันเจี้ยนยิม,,<{level=107;unitId=291071;advance=16};{level=107;unitId=293151;advance=16};{level=107;unitId=291071;advance=16};{level=107;unitId=290571;advance=16};{level=107;unitId=290572;advance=16}>,<{level=107;unitId=306421;advance=17}>,,18,23,1,20,1,6,1,<>,battle_bgm.mp3,battle/scene/bg_xszd.jpg,,{y=70;x=0},,,1,,<>,107,1,107,,80642,,9999,0,0,0,{529=0;151=0;gold=0;152=0},0,,,,,,{},{},,{},{},0,{},{y=0;x=0},,,{},,FALSE,0,{}
80643,道馆副本,道館副本,Gym Dungeon,Phó bản Nhà thi đấu,체육관 던전,Masmorra de Ginásio,ดันเจี้ยนยิม,,<{level=107;unitId=293152;advance=16};{level=107;unitId=292351;advance=16};{level=107;unitId=293413;advance=16};{level=107;unitId=290402;advance=16};{level=107;unitId=290572;advance=16}>,<{level=107;unitId=306431;advance=17}>,,18,23,1,20,1,6,1,<>,battle_bgm.mp3,battle/scene/bg_xszd.jpg,,{y=70;x=0},,,1,,<>,107,1,107,,80643,,9999,0,0,0,{529=0;151=0;gold=0;152=0},0,,,,,,{},{},,{},{},0,{},{y=0;x=0},,,{},,FALSE,0,{}
80644,道馆副本,道館副本,Gym Dungeon,Phó bản Nhà thi đấu,체육관 던전,Masmorra de Ginásio,ดันเจี้ยนยิม,,<{level=107;unitId=294172;advance=24};{level=107;unitId=294172;advance=24};{level=107;unitId=294172;advance=24}>,<{level=107;unitId=306441;advance=25}>,,18,23,1,20,1,6,1,<>,battle_bgm.mp3,battle/scene/bg_xszd.jpg,,{y=70;x=0},,,1,,<>,107,1,107,,80644,,9999,0,0,0,{529=0;151=0;gold=0;152=0},0,,,,,,{},{},,{},{},0,{},{y=0;x=0},,,{},,FALSE,0,{}
80645,道馆副本,道館副本,Gym Dungeon,Phó bản Nhà thi đấu,체육관 던전,Masmorra de Ginásio,ดันเจี้ยนยิม,,<>,<>,,18,23,1,20,1,6,1,<>,battle_bgm.mp3,battle/scene/bg_xszd.jpg,,{y=70;x=0},,,1,,<>,107,1,107,,80645,,9999,0,0,0,{529=0;151=0;gold=0;152=0},0,,,,,,{},{},,{},{},0,{},{y=0;x=0},,,{},,FALSE,0,{}
80646,道馆副本,道館副本,Gym Dungeon,Phó bản Nhà thi đấu,체육관 던전,Masmorra de Ginásio,ดันเจี้ยนยิม,,<>,<>,,18,23,1,20,1,6,1,<>,battle_bgm.mp3,battle/scene/bg_xszd.jpg,,{y=70;x=0},,,1,,<>,107,1,107,,80646,,9999,0,0,0,{529=0;151=0;gold=0;152=0},0,,,,,,{},{},,{},{},0,{},{y=0;x=0},,,{},,FALSE,0,{}
80651,道馆副本,道館副本,Gym Dungeon,Phó bản Nhà thi đấu,체육관 던전,Masmorra de Ginásio,ดันเจี้ยนยิม,,<{level=110;unitId=290333;advance=21};{level=110;unitId=294172;advance=21};{level=110;unitId=293413;advance=21};{level=110;unitId=293271;advance=21};{level=110;unitId=290574;advance=21}>,<{level=110;unitId=306511;advance=22}>,,18,23,1,20,1,6,1,<>,battle_bgm.mp3,battle/scene/bg_xszd.jpg,,{y=70;x=0},,,1,,<>,110,1,110,,80651,,9999,0,0,0,{529=0;151=0;gold=0;152=0},0,,,,,,{},{},,{},{},0,{},{y=0;x=0},,,{},,FALSE,0,{}
80701,道馆副本,道館副本,Gym Dungeon,Phó bản Nhà thi đấu,체육관 던전,Masmorra de Ginásio,ดันเจี้ยนยิม,,<{level=100;unitId=290552;advance=17};{level=100;unitId=290261;advance=17};{level=100;unitId=291901;advance=17};{level=100;unitId=290131;advance=17};{level=100;unitId=290132;advance=17}>,<{level=100;unitId=307011;advance=18}>,,18,23,1,20,1,6,1,<>,battle_bgm.mp3,battle/scene/bg_xszd.jpg,,{y=70;x=0},,,1,,<>,100,1,100,,80701,,9999,0,0,0,{529=0;151=0;gold=0},0,,,,,,{},{},,{},{},0,{},{y=0;x=0},,,{},,FALSE,0,{canHandle=false;isAuto=true}
80702,道馆副本,道館副本,Gym Dungeon,Phó bản Nhà thi đấu,체육관 던전,Masmorra de Ginásio,ดันเจี้ยนยิม,,<{level=100;unitId=290892;advance=17};{level=100;unitId=290891;advance=17};{level=100;unitId=290893;advance=17};{level=100;unitId=291391;advance=17};{level=100;unitId=290151;advance=17}>,<{level=100;unitId=307021;advance=18}>,,18,23,1,20,1,6,1,<>,battle_bgm.mp3,battle/scene/bg_xszd.jpg,,{y=70;x=0},,,1,,<>,100,1,100,,80702,,9999,0,0,0,{529=0;151=0;gold=0},0,,,,,,{},{},,{},{},0,{},{y=0;x=0},,,{},,FALSE,0,{}
80703,道馆副本,道館副本,Gym Dungeon,Phó bản Nhà thi đấu,체육관 던전,Masmorra de Ginásio,ดันเจี้ยนยิม,,<{level=100;unitId=290153;advance=17};{level=100;unitId=290262;advance=17};{level=100;unitId=292841;advance=17};{level=100;unitId=290552;advance=17};{level=100;unitId=293293;advance=17}>,<{level=100;unitId=307031;advance=18}>,,18,23,1,20,1,6,1,<>,battle_bgm.mp3,battle/scene/bg_xszd.jpg,,{y=70;x=0},,,1,,<>,100,1,100,,80703,,9999,0,0,0,{529=0;151=0;gold=0},0,,,,,,{},{},,{},{},0,{},{y=0;x=0},,,{},,FALSE,0,{}
80704,道馆副本,道館副本,Gym Dungeon,Phó bản Nhà thi đấu,체육관 던전,Masmorra de Ginásio,ดันเจี้ยนยิม,,<>,<>,,18,23,1,20,1,6,1,<>,battle_bgm.mp3,battle/scene/bg_xszd.jpg,,{y=70;x=0},,,1,,<>,100,1,100,,80704,,9999,0,0,0,{529=0;151=0;gold=0},0,,,,,,{},{},,{},{},0,{},{y=0;x=0},,,{},,FALSE,0,{}
80705,道馆副本,道館副本,Gym Dungeon,Phó bản Nhà thi đấu,체육관 던전,Masmorra de Ginásio,ดันเจี้ยนยิม,,<>,<>,,18,23,1,20,1,6,1,<>,battle_bgm.mp3,battle/scene/bg_xszd.jpg,,{y=70;x=0},,,1,,<>,100,1,100,,80705,,9999,0,0,0,{529=0;151=0;gold=0},0,,,,,,{},{},,{},{},0,{},{y=0;x=0},,,{},,FALSE,0,{}
80706,道馆副本,道館副本,Gym Dungeon,Phó bản Nhà thi đấu,체육관 던전,Masmorra de Ginásio,ดันเจี้ยนยิม,,<>,<>,,18,23,1,20,1,6,1,<>,battle_bgm.mp3,battle/scene/bg_xszd.jpg,,{y=70;x=0},,,1,,<>,100,1,100,,80706,,9999,0,0,0,{529=0;151=0;gold=0},0,,,,,,{},{},,{},{},0,{},{y=0;x=0},,,{},,FALSE,0,{}
80711,道馆副本,道館副本,Gym Dungeon,Phó bản Nhà thi đấu,체육관 던전,Masmorra de Ginásio,ดันเจี้ยนยิม,,<{level=103;unitId=290263;advance=17};{level=103;unitId=292843;advance=17};{level=103;unitId=290771;advance=17};{level=103;unitId=291391;advance=17};{level=103;unitId=291393;advance=17}>,<{level=103;unitId=307111;advance=18}>,,18,23,1,20,1,6,1,<>,battle_bgm.mp3,battle/scene/bg_xszd.jpg,,{y=70;x=0},,,1,,<>,103,1,103,,80711,,9999,0,0,0,{529=0;151=0;gold=0},0,,,,,,{},{},,{},{},0,{},{y=0;x=0},,,{},,FALSE,0,{canHandle=false;isAuto=true}
80712,道馆副本,道館副本,Gym Dungeon,Phó bản Nhà thi đấu,체육관 던전,Masmorra de Ginásio,ดันเจี้ยนยิม,,<{level=103;unitId=290771;advance=17};{level=103;unitId=290771;advance=17}>,<{level=103;unitId=307121;advance=18}>,,18,23,1,20,1,6,1,<>,battle_bgm.mp3,battle/scene/bg_xszd.jpg,,{y=70;x=0},,,1,,<>,103,1,103,,80712,,9999,0,0,0,{529=0;151=0;gold=0},0,,,,,,{},{},,{},{},0,{},{y=0;x=0},,,{},,FALSE,0,{}
80713,道馆副本,道館副本,Gym Dungeon,Phó bản Nhà thi đấu,체육관 던전,Masmorra de Ginásio,ดันเจี้ยนยิม,,<>,<>,,18,23,1,20,1,6,1,<>,battle_bgm.mp3,battle/scene/bg_xszd.jpg,,{y=70;x=0},,,1,,<>,103,1,103,,80713,,9999,0,0,0,{529=0;151=0;gold=0},0,,,,,,{},{},,{},{},0,{},{y=0;x=0},,,{},,FALSE,0,{}
80714,道馆副本,道館副本,Gym Dungeon,Phó bản Nhà thi đấu,체육관 던전,Masmorra de Ginásio,ดันเจี้ยนยิม,,<>,<>,,18,23,1,20,1,6,1,<>,battle_bgm.mp3,battle/scene/bg_xszd.jpg,,{y=70;x=0},,,1,,<>,103,1,103,,80714,,9999,0,0,0,{529=0;151=0;gold=0},0,,,,,,{},{},,{},{},0,{},{y=0;x=0},,,{},,FALSE,0,{}
80715,道馆副本,道館副本,Gym Dungeon,Phó bản Nhà thi đấu,체육관 던전,Masmorra de Ginásio,ดันเจี้ยนยิม,,<>,<>,,18,23,1,20,1,6,1,<>,battle_bgm.mp3,battle/scene/bg_xszd.jpg,,{y=70;x=0},,,1,,<>,103,1,103,,80715,,9999,0,0,0,{529=0;151=0;gold=0},0,,,,,,{},{},,{},{},0,{},{y=0;x=0},,,{},,FALSE,0,{}
80716,道馆副本,道館副本,Gym Dungeon,Phó bản Nhà thi đấu,체육관 던전,Masmorra de Ginásio,ดันเจี้ยนยิม,,<>,<>,,18,23,1,20,1,6,1,<>,battle_bgm.mp3,battle/scene/bg_xszd.jpg,,{y=70;x=0},,,1,,<>,103,1,103,,80716,,9999,0,0,0,{529=0;151=0;gold=0},0,,,,,,{},{},,{},{},0,{},{y=0;x=0},,,{},,FALSE,0,{}
80721,道馆副本,道館副本,Gym Dungeon,Phó bản Nhà thi đấu,체육관 던전,Masmorra de Ginásio,ดันเจี้ยนยิม,,<{level=106;unitId=290761;advance=17};{level=106;unitId=290761;advance=17};{level=106;unitId=290761;advance=17};{level=106;unitId=290761;advance=17};{level=106;unitId=290761;advance=17}>,<{level=106;unitId=307211;advance=18}>,,18,23,1,20,1,6,1,<>,battle_bgm.mp3,battle/scene/bg_xszd.jpg,,{y=70;x=0},,,1,,<>,106,1,106,,80721,,9999,0,0,0,{529=0;151=0;gold=0;152=0},0,,,,,,{},{},,{},{},0,{},{y=0;x=0},,,{},,FALSE,0,{canHandle=false;isAuto=true}
80722,道馆副本,道館副本,Gym Dungeon,Phó bản Nhà thi đấu,체육관 던전,Masmorra de Ginásio,ดันเจี้ยนยิม,,<>,<{level=106;unitId=307221;advance=18}>,,18,23,1,20,1,6,1,<>,battle_bgm.mp3,battle/scene/bg_xszd.jpg,,{y=70;x=0},,,1,,<>,106,1,106,,80722,,9999,0,0,0,{529=0;151=0;gold=0;152=0},0,,,,,,{},{},,{},{},0,{},{y=0;x=0},,,{},,FALSE,0,{}
80723,道馆副本,道館副本,Gym Dungeon,Phó bản Nhà thi đấu,체육관 던전,Masmorra de Ginásio,ดันเจี้ยนยิม,,<>,<>,,18,23,1,20,1,6,1,<>,battle_bgm.mp3,battle/scene/bg_xszd.jpg,,{y=70;x=0},,,1,,<>,106,1,106,,80723,,9999,0,0,0,{529=0;151=0;gold=0;152=0},0,,,,,,{},{},,{},{},0,{},{y=0;x=0},,,{},,FALSE,0,{}
80724,道馆副本,道館副本,Gym Dungeon,Phó bản Nhà thi đấu,체육관 던전,Masmorra de Ginásio,ดันเจี้ยนยิม,,<>,<>,,18,23,1,20,1,6,1,<>,battle_bgm.mp3,battle/scene/bg_xszd.jpg,,{y=70;x=0},,,1,,<>,106,1,106,,80724,,9999,0,0,0,{529=0;151=0;gold=0;152=0},0,,,,,,{},{},,{},{},0,{},{y=0;x=0},,,{},,FALSE,0,{}
80725,道馆副本,道館副本,Gym Dungeon,Phó bản Nhà thi đấu,체육관 던전,Masmorra de Ginásio,ดันเจี้ยนยิม,,<>,<>,,18,23,1,20,1,6,1,<>,battle_bgm.mp3,battle/scene/bg_xszd.jpg,,{y=70;x=0},,,1,,<>,106,1,106,,80725,,9999,0,0,0,{529=0;151=0;gold=0;152=0},0,,,,,,{},{},,{},{},0,{},{y=0;x=0},,,{},,FALSE,0,{}
80726,道馆副本,道館副本,Gym Dungeon,Phó bản Nhà thi đấu,체육관 던전,Masmorra de Ginásio,ดันเจี้ยนยิม,,<>,<>,,18,23,1,20,1,6,1,<>,battle_bgm.mp3,battle/scene/bg_xszd.jpg,,{y=70;x=0},,,1,,<>,106,1,106,,80726,,9999,0,0,0,{529=0;151=0;gold=0;152=0},0,,,,,,{},{},,{},{},0,{},{y=0;x=0},,,{},,FALSE,0,{}
80731,道馆副本,道館副本,Gym Dungeon,Phó bản Nhà thi đấu,체육관 던전,Masmorra de Ginásio,ดันเจี้ยนยิม,,<{level=109;unitId=293431;advance=17};{level=109;unitId=293432;advance=17};{level=109;unitId=293431;advance=17};{level=109;unitId=293353;advance=17};{level=109;unitId=291393;advance=17}>,<{level=109;unitId=307311;advance=18}>,,18,23,1,20,1,6,1,<>,battle_bgm.mp3,battle/scene/bg_xszd.jpg,,{y=70;x=0},,,1,,<>,109,1,109,,80731,,9999,0,0,0,{529=0;151=0;gold=0;152=0},0,,,,,,{},{},,{},{},0,{},{y=0;x=0},,,{},,FALSE,0,{}
80732,道馆副本,道館副本,Gym Dungeon,Phó bản Nhà thi đấu,체육관 던전,Masmorra de Ginásio,ดันเจี้ยนยิม,,<{level=109;unitId=291261;advance=17};{level=109;unitId=291261;advance=17};{level=109;unitId=291261;advance=17};{level=109;unitId=291261;advance=17};{level=109;unitId=291261;advance=17}>,<{level=109;unitId=307321;advance=18}>,,18,23,1,20,1,6,1,<>,battle_bgm.mp3,battle/scene/bg_xszd.jpg,,{y=70;x=0},,,1,,<>,109,1,109,,80732,,9999,0,0,0,{529=0;151=0;gold=0;152=0},0,,,,,,{},{},,{},{},0,{},{y=0;x=0},,,{},,FALSE,0,{}
80733,道馆副本,道館副本,Gym Dungeon,Phó bản Nhà thi đấu,체육관 던전,Masmorra de Ginásio,ดันเจี้ยนยิม,,<{level=109;unitId=291392;advance=17};{level=109;unitId=291394;advance=17};{level=109;unitId=291391;advance=17};{level=109;unitId=291393;advance=17};{level=109;unitId=291395;advance=17}>,<{level=109;unitId=307331;advance=18}>,,18,23,1,20,1,6,1,<>,battle_bgm.mp3,battle/scene/bg_xszd.jpg,,{y=70;x=0},,,1,,<>,109,1,109,,80733,,9999,0,0,0,{529=0;151=0;gold=0;152=0},0,,,,,,{},{},,{},{},0,{},{y=0;x=0},,,{},,FALSE,0,{}
80734,道馆副本,道館副本,Gym Dungeon,Phó bản Nhà thi đấu,체육관 던전,Masmorra de Ginásio,ดันเจี้ยนยิม,,<>,<>,,18,23,1,20,1,6,1,<>,battle_bgm.mp3,battle/scene/bg_xszd.jpg,,{y=70;x=0},,,1,,<>,109,1,109,,80734,,9999,0,0,0,{529=0;151=0;gold=0;152=0},0,,,,,,{},{},,{},{},0,{},{y=0;x=0},,,{},,FALSE,0,{}
80735,道馆副本,道館副本,Gym Dungeon,Phó bản Nhà thi đấu,체육관 던전,Masmorra de Ginásio,ดันเจี้ยนยิม,,<>,<>,,18,23,1,20,1,6,1,<>,battle_bgm.mp3,battle/scene/bg_xszd.jpg,,{y=70;x=0},,,1,,<>,109,1,109,,80735,,9999,0,0,0,{529=0;151=0;gold=0;152=0},0,,,,,,{},{},,{},{},0,{},{y=0;x=0},,,{},,FALSE,0,{}
80736,道馆副本,道館副本,Gym Dungeon,Phó bản Nhà thi đấu,체육관 던전,Masmorra de Ginásio,ดันเจี้ยนยิม,,<>,<>,,18,23,1,20,1,6,1,<>,battle_bgm.mp3,battle/scene/bg_xszd.jpg,,{y=70;x=0},,,1,,<>,109,1,109,,80736,,9999,0,0,0,{529=0;151=0;gold=0;152=0},0,,,,,,{},{},,{},{},0,{},{y=0;x=0},,,{},,FALSE,0,{}
80741,道馆副本,道館副本,Gym Dungeon,Phó bản Nhà thi đấu,체육관 던전,Masmorra de Ginásio,ดันเจี้ยนยิม,,<{level=112;unitId=292401;advance=17}>,<{level=112;unitId=307411;advance=18}>,,18,23,1,20,1,6,1,<>,battle_bgm.mp3,battle/scene/bg_xszd.jpg,,{y=70;x=0},,,1,,<>,112,1,112,,80741,,9999,0,0,0,{529=0;151=0;gold=0;152=0},0,,,,,,{},{},,{},{},0,{},{y=0;x=0},,,{},,FALSE,0,{}
80742,道馆副本,道館副本,Gym Dungeon,Phó bản Nhà thi đấu,체육관 던전,Masmorra de Ginásio,ดันเจี้ยนยิม,,<{level=112;unitId=290731;advance=17};{level=112;unitId=290741;advance=17};{level=112;unitId=290721;advance=17}>,<{level=112;unitId=307421;advance=18}>,,18,23,1,20,1,6,1,<>,battle_bgm.mp3,battle/scene/bg_xszd.jpg,,{y=70;x=0},,,1,,<>,112,1,112,,80742,,9999,0,0,0,{529=0;151=0;gold=0;152=0},0,,,,,,{},{},,{},{},0,{},{y=0;x=0},,,{},,FALSE,0,{}
80743,道馆副本,道館副本,Gym Dungeon,Phó bản Nhà thi đấu,체육관 던전,Masmorra de Ginásio,ดันเจี้ยนยิม,,<{level=112;unitId=290771;advance=17};{level=112;unitId=290771;advance=17}>,<{level=112;unitId=307431;advance=18}>,,18,23,1,20,1,6,1,<>,battle_bgm.mp3,battle/scene/bg_xszd.jpg,,{y=70;x=0},,,1,,<>,112,1,112,,80743,,9999,0,0,0,{529=0;151=0;gold=0;152=0},0,,,,,,{},{},,{},{},0,{},{y=0;x=0},,,{},,FALSE,0,{}
80744,道馆副本,道館副本,Gym Dungeon,Phó bản Nhà thi đấu,체육관 던전,Masmorra de Ginásio,ดันเจี้ยนยิม,,<>,<{level=112;unitId=307441;advance=26}>,,18,23,4,20,1,6,1,<>,battle_bgm.mp3,battle/scene/bg_xszd.jpg,,{y=70;x=0},,,1,,<>,112,1,112,,80744,,9999,0,0,0,{529=0;151=0;gold=0;152=0},0,,,,,,{},{},,{},{},0,{},{y=0;x=0},,,{},,FALSE,0,{}
80745,道馆副本,道館副本,Gym Dungeon,Phó bản Nhà thi đấu,체육관 던전,Masmorra de Ginásio,ดันเจี้ยนยิม,,<>,<>,,18,23,1,20,1,6,1,<>,battle_bgm.mp3,battle/scene/bg_xszd.jpg,,{y=70;x=0},,,1,,<>,112,1,112,,80745,,9999,0,0,0,{529=0;151=0;gold=0;152=0},0,,,,,,{},{},,{},{},0,{},{y=0;x=0},,,{},,FALSE,0,{}
80746,道馆副本,道館副本,Gym Dungeon,Phó bản Nhà thi đấu,체육관 던전,Masmorra de Ginásio,ดันเจี้ยนยิม,,<>,<>,,18,23,1,20,1,6,1,<>,battle_bgm.mp3,battle/scene/bg_xszd.jpg,,{y=70;x=0},,,1,,<>,112,1,112,,80746,,9999,0,0,0,{529=0;151=0;gold=0;152=0},0,,,,,,{},{},,{},{},0,{},{y=0;x=0},,,{},,FALSE,0,{}
80751,道馆副本,道館副本,Gym Dungeon,Phó bản Nhà thi đấu,체육관 던전,Masmorra de Ginásio,ดันเจี้ยนยิม,,<{level=115;unitId=293631;advance=22};{level=115;unitId=291281;advance=22};{level=115;unitId=293641;advance=22};{level=115;unitId=291991;advance=22};{level=115;unitId=291396;advance=22}>,<{level=115;unitId=307511;advance=23}>,,18,23,1,20,1,6,1,<>,battle_bgm.mp3,battle/scene/bg_xszd.jpg,,{y=70;x=0},,,1,,<>,115,1,115,,80751,,9999,0,0,0,{529=0;151=0;gold=0;152=0},0,,,,,,{},{},,{},{},0,{},{y=0;x=0},,,{},,FALSE,0,{}
999999,测试场景,測試場景,Trial mode,Map Test,테스트 장소,,,,<>,<>,,999,1,1,20,1,6,1,<>,battle_bgm.mp3,battle/scene/bg_xszd.jpg,,{y=70;x=0},,,1,,<>,99,1,1,,,,9999,0,0,0,{},0,,,,,,{},{},,{},{},0,{},{y=0;x=0},,,{},,FALSE,0,{}
