变量名,zawakeID,_beizhu,awakeSeqID,pos,scale,awakeDes1,awakeDes1_tw,awakeDes1_en,awakeDes1_vn,awakeDes1_kr,awakeDes1_pt,awakeDes1_th,isOpen,unlockType1,unlockLimit1,unlockType2,unlockLimit2
默认值,0,,0,{},0.5,"""""","""""","""""","""""","""""","""""","""""",1,-1,{},-1,{}
ID,z觉醒id,精灵备注,觉醒阶段ID,结点位置坐标,结点缩放,觉醒阶段强化效果简要描述,觉醒阶段强化效果简要描述,觉醒阶段强化效果简要描述,觉醒阶段强化效果简要描述,觉醒阶段强化效果简要描述,觉醒阶段强化效果简要描述,觉醒阶段强化效果简要描述,开启状态：1.当前版本开启，2.当前版本未开启可预览，3.当前版本未开启,开启条件1类型：(-1)自身养成; (markID)其他精灵,开启条件1具体参数：1.觉醒阶段参数 2.其他养成具体参数(goodFeel:好感度等级;equipStarSum:饰品总星级;equipAwakeSum:饰品总觉醒;equipSignetAdvanceSum:饰品总刻印等级;zawakeStage:Z觉醒阶段;star:精灵星级;nvalueSum:个体值总和;advance:突破阶段;effort:精灵努力值阶段;gemQuality:符石指数),开启条件2类型,开启条件2具体参数
10101,1,,1,{},0.5,属性获得增强,屬性獲得增強,Attribute has been enhanced,Thuộc tính đã được tăng cường,속성이 강화되었습니다,Atributo foi aprimorado,คุณสมบัติได้รับการเสริมพลัง,1,-1,{star=8;advance=13;goodFeel=100},-1,{}
10102,1,,2,{},0.5,普攻技能获得强化提升!,普攻技能獲得強化提升！,Normal skill has been enhanced!,Kỹ năng thường đã được tăng cường!,일반 스킬이 강화되었습니다!,Habilidade normal foi fortalecida!,สกิลปกติได้รับการเสริมพลัง!,1,-1,{effort=7;zawakeStage=108;equipStarSum=6;equipAwakeSum=2},-1,{}
10103,1,,3,{},0.5,小技能获得强化提升!,小技能獲得強化提升！,Minor skill has been enhanced!,Kỹ năng nhỏ đã được tăng cường!,소형 스킬이 강화되었습니다!,Habilidade menor foi aprimorada!,สกิลย่อยได้รับการเสริมพลัง!,1,-1,{star=9;goodFeel=150;zawakeStage=208;advance=14},-1,{}
10104,1,,4,{},0.5,被动技能获得强化提升!,被動技能獲得強化提升！,Passive skill has been enhanced!,Kỹ năng bị động đã được tăng cường!,패시브 스킬이 강화되었습니다!,Habilidade passiva foi fortalecida!,สกิลพาสซีฟได้รับการเสริมพลัง!,1,-1,{effort=9;equipStarSum=8;zawakeStage=308;nvalueSum=140},-1,{}
10105,1,,5,{},0.5,属性获得增强,屬性獲得增強,Attribute has been enhanced,Thuộc tính đã được tăng cường,속성이 강화되었습니다,Atributo foi aprimorado,คุณสมบัติได้รับการเสริมพลัง,1,-1,{star=10;goodFeel=200;zawakeStage=408;advance=15},-1,{}
10106,1,,6,{},0.5,大招技能获得强化提升!,終極技能獲得強化提升！,Ultimate skill has been enhanced!,Kỹ năng tối thượng đã được tăng cường!,궁극 스킬이 강화되었습니다!,Habilidade suprema foi fortalecida!,สกิลอัลติเมตได้รับการเสริมพลัง!,1,-1,{effort=11;zawakeStage=508;equipStarSum=10;equipAwakeSum=4},-1,{}
10107,1,,7,{},0.5,属性获得增强,屬性獲得增強,Attribute has been enhanced,Thuộc tính đã được tăng cường,속성이 강화되었습니다,Atributo foi aprimorado,คุณสมบัติได้รับการเสริมพลัง,1,-1,{star=11;goodFeel=250;zawakeStage=608;advance=16},-1,{}
10108,1,,8,{},0.5,属性获得增强,屬性獲得增強,Attribute has been enhanced,Thuộc tính đã được tăng cường,속성이 강화되었습니다,Atributo foi aprimorado,คุณสมบัติได้รับการเสริมพลัง,1,-1,{effort=13;equipStarSum=12;zawakeStage=708;nvalueSum=140},-1,{}
10201,2,,1,{},0.5,属性获得增强,屬性獲得增強,Attribute has been enhanced,Thuộc tính đã được tăng cường,속성이 강화되었습니다,Atributo foi aprimorado,คุณสมบัติได้รับการเสริมพลัง,1,-1,{star=8;advance=13;goodFeel=100},-1,{}
10202,2,,2,{},0.5,普攻技能获得强化提升!,普攻技能獲得強化提升！,Normal skill has been enhanced!,Kỹ năng thường đã được tăng cường!,일반 스킬이 강화되었습니다!,Habilidade normal foi fortalecida!,สกิลปกติได้รับการเสริมพลัง!,1,-1,{effort=7;zawakeStage=108;equipStarSum=6;equipAwakeSum=2},-1,{}
10203,2,,3,{},0.5,小技能获得强化提升!,小技能獲得強化提升！,Minor skill has been enhanced!,Kỹ năng nhỏ đã được tăng cường!,소형 스킬이 강화되었습니다!,Habilidade menor foi aprimorada!,สกิลย่อยได้รับการเสริมพลัง!,1,-1,{star=9;goodFeel=160;zawakeStage=208;advance=15},-1,{}
10204,2,,4,{},0.5,被动技能获得强化提升!,被動技能獲得強化提升！,Passive skill has been enhanced!,Kỹ năng bị động đã được tăng cường!,패시브 스킬이 강화되었습니다!,Habilidade passiva foi fortalecida!,สกิลพาสซีฟได้รับการเสริมพลัง!,1,-1,{effort=9;equipStarSum=9;zawakeStage=308;nvalueSum=140},-1,{}
10205,2,,5,{},0.5,属性获得增强,屬性獲得增強,Attribute has been enhanced,Thuộc tính đã được tăng cường,속성이 강화되었습니다,Atributo foi aprimorado,คุณสมบัติได้รับการเสริมพลัง,1,-1,{star=10;goodFeel=220;zawakeStage=408;advance=16},-1,{}
10206,2,,6,{},0.5,大招技能获得强化提升!,終極技能獲得強化提升！,Ultimate skill has been enhanced!,Kỹ năng tối thượng đã được tăng cường!,궁극 스킬이 강화되었습니다!,Habilidade suprema foi fortalecida!,สกิลอัลติเมตได้รับการเสริมพลัง!,1,-1,{effort=11;zawakeStage=508;equipStarSum=12;equipAwakeSum=4},-1,{}
10207,2,,7,{},0.5,属性获得增强,屬性獲得增強,Attribute has been enhanced,Thuộc tính đã được tăng cường,속성이 강화되었습니다,Atributo foi aprimorado,คุณสมบัติได้รับการเสริมพลัง,1,-1,{star=11;goodFeel=300;zawakeStage=608;advance=17},-1,{}
10208,2,,8,{},0.5,属性获得增强,屬性獲得增強,Attribute has been enhanced,Thuộc tính đã được tăng cường,속성이 강화되었습니다,Atributo foi aprimorado,คุณสมบัติได้รับการเสริมพลัง,1,-1,{effort=13;equipStarSum=15;zawakeStage=708;nvalueSum=140},-1,{}
11101,11,,1,{},0.5,属性获得增强,屬性獲得增強,Attribute has been enhanced,Thuộc tính đã được tăng cường,속성이 강화되었습니다,Atributo foi aprimorado,คุณสมบัติได้รับการเสริมพลัง,1,-1,{star=8;advance=13;goodFeel=100},-1,{}
11102,11,,2,{},0.5,普攻技能获得强化提升!,普攻技能獲得強化提升！,Normal skill has been enhanced!,Kỹ năng thường đã được tăng cường!,일반 스킬이 강화되었습니다!,Habilidade normal foi fortalecida!,สกิลปกติได้รับการเสริมพลัง!,1,-1,{effort=7;zawakeStage=108;equipStarSum=6;equipAwakeSum=2},-1,{}
11103,11,,3,{},0.5,小技能获得强化提升!,小技能獲得強化提升！,Minor skill has been enhanced!,Kỹ năng nhỏ đã được tăng cường!,소형 스킬이 강화되었습니다!,Habilidade menor foi aprimorada!,สกิลย่อยได้รับการเสริมพลัง!,1,-1,{star=9;goodFeel=150;zawakeStage=208;advance=14},-1,{}
11104,11,,4,{},0.5,被动技能获得强化提升!,被動技能獲得強化提升！,Passive skill has been enhanced!,Kỹ năng bị động đã được tăng cường!,패시브 스킬이 강화되었습니다!,Habilidade passiva foi fortalecida!,สกิลพาสซีฟได้รับการเสริมพลัง!,1,-1,{effort=9;equipStarSum=8;zawakeStage=308;nvalueSum=140},-1,{}
11105,11,,5,{},0.5,属性获得增强,屬性獲得增強,Attribute has been enhanced,Thuộc tính đã được tăng cường,속성이 강화되었습니다,Atributo foi aprimorado,คุณสมบัติได้รับการเสริมพลัง,1,-1,{star=10;goodFeel=200;zawakeStage=408;advance=15},-1,{}
11106,11,,6,{},0.5,大招技能获得强化提升!,終極技能獲得強化提升！,Ultimate skill has been enhanced!,Kỹ năng tối thượng đã được tăng cường!,궁극 스킬이 강화되었습니다!,Habilidade suprema foi fortalecida!,สกิลอัลติเมตได้รับการเสริมพลัง!,1,-1,{effort=11;zawakeStage=508;equipStarSum=10;equipAwakeSum=4},-1,{}
11107,11,,7,{},0.5,属性获得增强,屬性獲得增強,Attribute has been enhanced,Thuộc tính đã được tăng cường,속성이 강화되었습니다,Atributo foi aprimorado,คุณสมบัติได้รับการเสริมพลัง,1,-1,{star=11;goodFeel=250;zawakeStage=608;advance=16},-1,{}
11108,11,,8,{},0.5,属性获得增强,屬性獲得增強,Attribute has been enhanced,Thuộc tính đã được tăng cường,속성이 강화되었습니다,Atributo foi aprimorado,คุณสมบัติได้รับการเสริมพลัง,1,-1,{effort=13;equipStarSum=12;zawakeStage=708;nvalueSum=140},-1,{}
11201,12,,1,{},0.5,属性获得增强,屬性獲得增強,Attribute has been enhanced,Thuộc tính đã được tăng cường,속성이 강화되었습니다,Atributo foi aprimorado,คุณสมบัติได้รับการเสริมพลัง,1,-1,{star=8;advance=13;goodFeel=100},-1,{}
11202,12,,2,{},0.5,普攻技能获得强化提升!,普攻技能獲得強化提升！,Normal skill has been enhanced!,Kỹ năng thường đã được tăng cường!,일반 스킬이 강화되었습니다!,Habilidade normal foi fortalecida!,สกิลปกติได้รับการเสริมพลัง!,1,-1,{effort=7;zawakeStage=108;equipStarSum=6;equipAwakeSum=2},-1,{}
11203,12,,3,{},0.5,小技能获得强化提升!,小技能獲得強化提升！,Minor skill has been enhanced!,Kỹ năng nhỏ đã được tăng cường!,소형 스킬이 강화되었습니다!,Habilidade menor foi aprimorada!,สกิลย่อยได้รับการเสริมพลัง!,1,-1,{star=9;goodFeel=160;zawakeStage=208;advance=15},-1,{}
11204,12,,4,{},0.5,被动技能获得强化提升!,被動技能獲得強化提升！,Passive skill has been enhanced!,Kỹ năng bị động đã được tăng cường!,패시브 스킬이 강화되었습니다!,Habilidade passiva foi fortalecida!,สกิลพาสซีฟได้รับการเสริมพลัง!,1,-1,{effort=9;equipStarSum=9;zawakeStage=308;nvalueSum=140},-1,{}
11205,12,,5,{},0.5,属性获得增强,屬性獲得增強,Attribute has been enhanced,Thuộc tính đã được tăng cường,속성이 강화되었습니다,Atributo foi aprimorado,คุณสมบัติได้รับการเสริมพลัง,1,-1,{star=10;goodFeel=220;zawakeStage=408;advance=16},-1,{}
11206,12,,6,{},0.5,大招技能获得强化提升!,終極技能獲得強化提升！,Ultimate skill has been enhanced!,Kỹ năng tối thượng đã được tăng cường!,궁극 스킬이 강화되었습니다!,Habilidade suprema foi fortalecida!,สกิลอัลติเมตได้รับการเสริมพลัง!,1,-1,{effort=11;zawakeStage=508;equipStarSum=12;equipAwakeSum=4},-1,{}
11207,12,,7,{},0.5,属性获得增强,屬性獲得增強,Attribute has been enhanced,Thuộc tính đã được tăng cường,속성이 강화되었습니다,Atributo foi aprimorado,คุณสมบัติได้รับการเสริมพลัง,1,-1,{star=11;goodFeel=300;zawakeStage=608;advance=17},-1,{}
11208,12,,8,{},0.5,属性获得增强,屬性獲得增強,Attribute has been enhanced,Thuộc tính đã được tăng cường,속성이 강화되었습니다,Atributo foi aprimorado,คุณสมบัติได้รับการเสริมพลัง,1,-1,{effort=13;equipStarSum=15;zawakeStage=708;nvalueSum=140},-1,{}
11301,13,,1,{},0.5,属性获得增强,屬性獲得增強,Attribute has been enhanced,Thuộc tính đã được tăng cường,속성이 강화되었습니다,Atributo foi aprimorado,คุณสมบัติได้รับการเสริมพลัง,1,-1,{star=8;advance=13;goodFeel=100},-1,{}
11302,13,,2,{},0.5,普攻技能获得强化提升!,普攻技能獲得強化提升！,Normal skill has been enhanced!,Kỹ năng thường đã được tăng cường!,일반 스킬이 강화되었습니다!,Habilidade normal foi fortalecida!,สกิลปกติได้รับการเสริมพลัง!,1,-1,{effort=7;zawakeStage=108;equipStarSum=6;equipAwakeSum=2},-1,{}
11303,13,,3,{},0.5,小技能获得强化提升!,小技能獲得強化提升！,Minor skill has been enhanced!,Kỹ năng nhỏ đã được tăng cường!,소형 스킬이 강화되었습니다!,Habilidade menor foi aprimorada!,สกิลย่อยได้รับการเสริมพลัง!,1,-1,{star=9;goodFeel=160;zawakeStage=208;advance=15},-1,{}
11304,13,,4,{},0.5,被动技能获得强化提升!,被動技能獲得強化提升！,Passive skill has been enhanced!,Kỹ năng bị động đã được tăng cường!,패시브 스킬이 강화되었습니다!,Habilidade passiva foi fortalecida!,สกิลพาสซีฟได้รับการเสริมพลัง!,1,-1,{effort=9;equipStarSum=9;zawakeStage=308;nvalueSum=140},-1,{}
11305,13,,5,{},0.5,属性获得增强,屬性獲得增強,Attribute has been enhanced,Thuộc tính đã được tăng cường,속성이 강화되었습니다,Atributo foi aprimorado,คุณสมบัติได้รับการเสริมพลัง,1,-1,{star=10;goodFeel=220;zawakeStage=408;advance=16},-1,{}
11306,13,,6,{},0.5,大招技能获得强化提升!,終極技能獲得強化提升！,Ultimate skill has been enhanced!,Kỹ năng tối thượng đã được tăng cường!,궁극 스킬이 강화되었습니다!,Habilidade suprema foi fortalecida!,สกิลอัลติเมตได้รับการเสริมพลัง!,1,-1,{effort=11;zawakeStage=508;equipStarSum=12;equipAwakeSum=4},-1,{}
11307,13,,7,{},0.5,属性获得增强,屬性獲得增強,Attribute has been enhanced,Thuộc tính đã được tăng cường,속성이 강화되었습니다,Atributo foi aprimorado,คุณสมบัติได้รับการเสริมพลัง,1,-1,{star=11;goodFeel=300;zawakeStage=608;advance=17},-1,{}
11308,13,,8,{},0.5,属性获得增强,屬性獲得增強,Attribute has been enhanced,Thuộc tính đã được tăng cường,속성이 강화되었습니다,Atributo foi aprimorado,คุณสมบัติได้รับการเสริมพลัง,1,-1,{effort=13;equipStarSum=15;zawakeStage=708;nvalueSum=140},-1,{}
12101,21,,1,{},0.5,属性获得增强,屬性獲得增強,Attribute has been enhanced,Thuộc tính đã được tăng cường,속성이 강화되었습니다,Atributo foi aprimorado,คุณสมบัติได้รับการเสริมพลัง,1,-1,{star=8;advance=13;goodFeel=100},-1,{}
12102,21,,2,{},0.5,普攻技能获得强化提升!,普攻技能獲得強化提升！,Normal skill has been enhanced!,Kỹ năng thường đã được tăng cường!,일반 스킬이 강화되었습니다!,Habilidade normal foi fortalecida!,สกิลปกติได้รับการเสริมพลัง!,1,-1,{effort=7;zawakeStage=108;equipStarSum=6;equipAwakeSum=2},-1,{}
12103,21,,3,{},0.5,小技能获得强化提升!,小技能獲得強化提升！,Minor skill has been enhanced!,Kỹ năng nhỏ đã được tăng cường!,소형 스킬이 강화되었습니다!,Habilidade menor foi aprimorada!,สกิลย่อยได้รับการเสริมพลัง!,1,-1,{star=9;goodFeel=150;zawakeStage=208;advance=14},-1,{}
12104,21,,4,{},0.5,被动技能获得强化提升!,被動技能獲得強化提升！,Passive skill has been enhanced!,Kỹ năng bị động đã được tăng cường!,패시브 스킬이 강화되었습니다!,Habilidade passiva foi fortalecida!,สกิลพาสซีฟได้รับการเสริมพลัง!,1,-1,{effort=9;equipStarSum=8;zawakeStage=308;nvalueSum=140},-1,{}
12105,21,,5,{},0.5,属性获得增强,屬性獲得增強,Attribute has been enhanced,Thuộc tính đã được tăng cường,속성이 강화되었습니다,Atributo foi aprimorado,คุณสมบัติได้รับการเสริมพลัง,1,-1,{star=10;goodFeel=200;zawakeStage=408;advance=15},-1,{}
12106,21,,6,{},0.5,大招技能获得强化提升!,終極技能獲得強化提升！,Ultimate skill has been enhanced!,Kỹ năng tối thượng đã được tăng cường!,궁극 스킬이 강화되었습니다!,Habilidade suprema foi fortalecida!,สกิลอัลติเมตได้รับการเสริมพลัง!,1,-1,{effort=11;zawakeStage=508;equipStarSum=10;equipAwakeSum=4},-1,{}
12107,21,,7,{},0.5,属性获得增强,屬性獲得增強,Attribute has been enhanced,Thuộc tính đã được tăng cường,속성이 강화되었습니다,Atributo foi aprimorado,คุณสมบัติได้รับการเสริมพลัง,1,-1,{star=11;goodFeel=250;zawakeStage=608;advance=16},-1,{}
12108,21,,8,{},0.5,属性获得增强,屬性獲得增強,Attribute has been enhanced,Thuộc tính đã được tăng cường,속성이 강화되었습니다,Atributo foi aprimorado,คุณสมบัติได้รับการเสริมพลัง,1,-1,{effort=13;equipStarSum=12;zawakeStage=708;nvalueSum=140},-1,{}
12201,22,,1,{},0.5,属性获得增强,屬性獲得增強,Attribute has been enhanced,Thuộc tính đã được tăng cường,속성이 강화되었습니다,Atributo foi aprimorado,คุณสมบัติได้รับการเสริมพลัง,1,-1,{star=8;advance=13;goodFeel=100},-1,{}
12202,22,,2,{},0.5,普攻技能获得强化提升!,普攻技能獲得強化提升！,Normal skill has been enhanced!,Kỹ năng thường đã được tăng cường!,일반 스킬이 강화되었습니다!,Habilidade normal foi fortalecida!,สกิลปกติได้รับการเสริมพลัง!,1,-1,{effort=7;zawakeStage=108;equipStarSum=6;equipAwakeSum=2},-1,{}
12203,22,,3,{},0.5,小技能获得强化提升!,小技能獲得強化提升！,Minor skill has been enhanced!,Kỹ năng nhỏ đã được tăng cường!,소형 스킬이 강화되었습니다!,Habilidade menor foi aprimorada!,สกิลย่อยได้รับการเสริมพลัง!,1,-1,{star=9;goodFeel=160;zawakeStage=208;advance=15},-1,{}
12204,22,,4,{},0.5,被动技能获得强化提升!,被動技能獲得強化提升！,Passive skill has been enhanced!,Kỹ năng bị động đã được tăng cường!,패시브 스킬이 강화되었습니다!,Habilidade passiva foi fortalecida!,สกิลพาสซีฟได้รับการเสริมพลัง!,1,-1,{effort=9;equipStarSum=9;zawakeStage=308;nvalueSum=140},-1,{}
12205,22,,5,{},0.5,属性获得增强,屬性獲得增強,Attribute has been enhanced,Thuộc tính đã được tăng cường,속성이 강화되었습니다,Atributo foi aprimorado,คุณสมบัติได้รับการเสริมพลัง,1,-1,{star=10;goodFeel=220;zawakeStage=408;advance=16},-1,{}
12206,22,,6,{},0.5,大招技能获得强化提升!,終極技能獲得強化提升！,Ultimate skill has been enhanced!,Kỹ năng tối thượng đã được tăng cường!,궁극 스킬이 강화되었습니다!,Habilidade suprema foi fortalecida!,สกิลอัลติเมตได้รับการเสริมพลัง!,1,-1,{effort=11;zawakeStage=508;equipStarSum=12;equipAwakeSum=4},-1,{}
12207,22,,7,{},0.5,属性获得增强,屬性獲得增強,Attribute has been enhanced,Thuộc tính đã được tăng cường,속성이 강화되었습니다,Atributo foi aprimorado,คุณสมบัติได้รับการเสริมพลัง,1,-1,{star=11;goodFeel=300;zawakeStage=608;advance=17},-1,{}
12208,22,,8,{},0.5,属性获得增强,屬性獲得增強,Attribute has been enhanced,Thuộc tính đã được tăng cường,속성이 강화되었습니다,Atributo foi aprimorado,คุณสมบัติได้รับการเสริมพลัง,1,-1,{effort=13;equipStarSum=15;zawakeStage=708;nvalueSum=140},-1,{}
13101,31,,1,{},0.5,属性获得增强,屬性獲得增強,Attribute has been enhanced,Thuộc tính đã được tăng cường,속성이 강화되었습니다,Atributo foi aprimorado,คุณสมบัติได้รับการเสริมพลัง,1,-1,{star=8;advance=13;goodFeel=100},-1,{}
13102,31,,2,{},0.5,普攻技能获得强化提升!,普攻技能獲得強化提升！,Normal skill has been enhanced!,Kỹ năng thường đã được tăng cường!,일반 스킬이 강화되었습니다!,Habilidade normal foi fortalecida!,สกิลปกติได้รับการเสริมพลัง!,1,-1,{effort=7;zawakeStage=108;equipStarSum=6;equipAwakeSum=2},-1,{}
13103,31,,3,{},0.5,小技能获得强化提升!,小技能獲得強化提升！,Minor skill has been enhanced!,Kỹ năng nhỏ đã được tăng cường!,소형 스킬이 강화되었습니다!,Habilidade menor foi aprimorada!,สกิลย่อยได้รับการเสริมพลัง!,1,-1,{star=9;goodFeel=150;zawakeStage=208;advance=14},-1,{}
13104,31,,4,{},0.5,被动技能获得强化提升!,被動技能獲得強化提升！,Passive skill has been enhanced!,Kỹ năng bị động đã được tăng cường!,패시브 스킬이 강화되었습니다!,Habilidade passiva foi fortalecida!,สกิลพาสซีฟได้รับการเสริมพลัง!,1,-1,{effort=9;equipStarSum=8;zawakeStage=308;nvalueSum=140},-1,{}
13105,31,,5,{},0.5,属性获得增强,屬性獲得增強,Attribute has been enhanced,Thuộc tính đã được tăng cường,속성이 강화되었습니다,Atributo foi aprimorado,คุณสมบัติได้รับการเสริมพลัง,1,-1,{star=10;goodFeel=200;zawakeStage=408;advance=15},-1,{}
13106,31,,6,{},0.5,大招技能获得强化提升!,終極技能獲得強化提升！,Ultimate skill has been enhanced!,Kỹ năng tối thượng đã được tăng cường!,궁극 스킬이 강화되었습니다!,Habilidade suprema foi fortalecida!,สกิลอัลติเมตได้รับการเสริมพลัง!,1,-1,{effort=11;zawakeStage=508;equipStarSum=10;equipAwakeSum=4},-1,{}
13107,31,,7,{},0.5,属性获得增强,屬性獲得增強,Attribute has been enhanced,Thuộc tính đã được tăng cường,속성이 강화되었습니다,Atributo foi aprimorado,คุณสมบัติได้รับการเสริมพลัง,1,-1,{star=11;goodFeel=250;zawakeStage=608;advance=16},-1,{}
13108,31,,8,{},0.5,属性获得增强,屬性獲得增強,Attribute has been enhanced,Thuộc tính đã được tăng cường,속성이 강화되었습니다,Atributo foi aprimorado,คุณสมบัติได้รับการเสริมพลัง,1,-1,{effort=13;equipStarSum=12;zawakeStage=708;nvalueSum=140},-1,{}
14101,41,,1,{},0.5,属性获得增强,屬性獲得增強,Attribute has been enhanced,Thuộc tính đã được tăng cường,속성이 강화되었습니다,Atributo foi aprimorado,คุณสมบัติได้รับการเสริมพลัง,1,-1,{star=8;advance=13;goodFeel=100},-1,{}
14102,41,,2,{},0.5,普攻技能获得强化提升!,普攻技能獲得強化提升！,Normal skill has been enhanced!,Kỹ năng thường đã được tăng cường!,일반 스킬이 강화되었습니다!,Habilidade normal foi fortalecida!,สกิลปกติได้รับการเสริมพลัง!,1,-1,{effort=7;zawakeStage=108;equipStarSum=6;equipAwakeSum=2},-1,{}
14103,41,,3,{},0.5,小技能获得强化提升!,小技能獲得強化提升！,Minor skill has been enhanced!,Kỹ năng nhỏ đã được tăng cường!,소형 스킬이 강화되었습니다!,Habilidade menor foi aprimorada!,สกิลย่อยได้รับการเสริมพลัง!,1,-1,{star=9;goodFeel=150;zawakeStage=208;advance=14},-1,{}
14104,41,,4,{},0.5,被动技能获得强化提升!,被動技能獲得強化提升！,Passive skill has been enhanced!,Kỹ năng bị động đã được tăng cường!,패시브 스킬이 강화되었습니다!,Habilidade passiva foi fortalecida!,สกิลพาสซีฟได้รับการเสริมพลัง!,1,-1,{effort=9;equipStarSum=8;zawakeStage=308;nvalueSum=140},-1,{}
14105,41,,5,{},0.5,属性获得增强,屬性獲得增強,Attribute has been enhanced,Thuộc tính đã được tăng cường,속성이 강화되었습니다,Atributo foi aprimorado,คุณสมบัติได้รับการเสริมพลัง,1,-1,{star=10;goodFeel=200;zawakeStage=408;advance=15},-1,{}
14106,41,,6,{},0.5,大招技能获得强化提升!,終極技能獲得強化提升！,Ultimate skill has been enhanced!,Kỹ năng tối thượng đã được tăng cường!,궁극 스킬이 강화되었습니다!,Habilidade suprema foi fortalecida!,สกิลอัลติเมตได้รับการเสริมพลัง!,1,-1,{effort=11;zawakeStage=508;equipStarSum=10;equipAwakeSum=4},-1,{}
14107,41,,7,{},0.5,属性获得增强,屬性獲得增強,Attribute has been enhanced,Thuộc tính đã được tăng cường,속성이 강화되었습니다,Atributo foi aprimorado,คุณสมบัติได้รับการเสริมพลัง,1,-1,{star=11;goodFeel=250;zawakeStage=608;advance=16},-1,{}
14108,41,,8,{},0.5,属性获得增强,屬性獲得增強,Attribute has been enhanced,Thuộc tính đã được tăng cường,속성이 강화되었습니다,Atributo foi aprimorado,คุณสมบัติได้รับการเสริมพลัง,1,-1,{effort=13;equipStarSum=12;zawakeStage=708;nvalueSum=140},-1,{}
14201,42,,1,{},0.5,属性获得增强,屬性獲得增強,Attribute has been enhanced,Thuộc tính đã được tăng cường,속성이 강화되었습니다,Atributo foi aprimorado,คุณสมบัติได้รับการเสริมพลัง,1,-1,{star=8;advance=13;goodFeel=100},-1,{}
14202,42,,2,{},0.5,普攻技能获得强化提升!,普攻技能獲得強化提升！,Normal skill has been enhanced!,Kỹ năng thường đã được tăng cường!,일반 스킬이 강화되었습니다!,Habilidade normal foi fortalecida!,สกิลปกติได้รับการเสริมพลัง!,1,-1,{effort=7;zawakeStage=108;equipStarSum=6;equipAwakeSum=2},-1,{}
14203,42,,3,{},0.5,小技能获得强化提升!,小技能獲得強化提升！,Minor skill has been enhanced!,Kỹ năng nhỏ đã được tăng cường!,소형 스킬이 강화되었습니다!,Habilidade menor foi aprimorada!,สกิลย่อยได้รับการเสริมพลัง!,1,-1,{star=9;goodFeel=150;zawakeStage=208;advance=14},-1,{}
14204,42,,4,{},0.5,被动技能获得强化提升!,被動技能獲得強化提升！,Passive skill has been enhanced!,Kỹ năng bị động đã được tăng cường!,패시브 스킬이 강화되었습니다!,Habilidade passiva foi fortalecida!,สกิลพาสซีฟได้รับการเสริมพลัง!,1,-1,{effort=9;equipStarSum=8;zawakeStage=308;nvalueSum=140},-1,{}
14205,42,,5,{},0.5,属性获得增强,屬性獲得增強,Attribute has been enhanced,Thuộc tính đã được tăng cường,속성이 강화되었습니다,Atributo foi aprimorado,คุณสมบัติได้รับการเสริมพลัง,1,-1,{star=10;goodFeel=200;zawakeStage=408;advance=15},-1,{}
14206,42,,6,{},0.5,大招技能获得强化提升!,終極技能獲得強化提升！,Ultimate skill has been enhanced!,Kỹ năng tối thượng đã được tăng cường!,궁극 스킬이 강화되었습니다!,Habilidade suprema foi fortalecida!,สกิลอัลติเมตได้รับการเสริมพลัง!,1,-1,{effort=11;zawakeStage=508;equipStarSum=10;equipAwakeSum=4},-1,{}
14207,42,,7,{},0.5,属性获得增强,屬性獲得增強,Attribute has been enhanced,Thuộc tính đã được tăng cường,속성이 강화되었습니다,Atributo foi aprimorado,คุณสมบัติได้รับการเสริมพลัง,1,-1,{star=11;goodFeel=250;zawakeStage=608;advance=16},-1,{}
14208,42,,8,{},0.5,属性获得增强,屬性獲得增強,Attribute has been enhanced,Thuộc tính đã được tăng cường,속성이 강화되었습니다,Atributo foi aprimorado,คุณสมบัติได้รับการเสริมพลัง,1,-1,{effort=13;equipStarSum=12;zawakeStage=708;nvalueSum=140},-1,{}
15101,51,,1,{},0.5,属性获得增强,屬性獲得增強,Attribute has been enhanced,Thuộc tính đã được tăng cường,속성이 강화되었습니다,Atributo foi aprimorado,คุณสมบัติได้รับการเสริมพลัง,1,-1,{star=8;advance=13;goodFeel=100},-1,{}
15102,51,,2,{},0.5,普攻技能获得强化提升!,普攻技能獲得強化提升！,Normal skill has been enhanced!,Kỹ năng thường đã được tăng cường!,일반 스킬이 강화되었습니다!,Habilidade normal foi fortalecida!,สกิลปกติได้รับการเสริมพลัง!,1,-1,{effort=7;zawakeStage=108;equipStarSum=6;equipAwakeSum=2},-1,{}
15103,51,,3,{},0.5,小技能获得强化提升!,小技能獲得強化提升！,Minor skill has been enhanced!,Kỹ năng nhỏ đã được tăng cường!,소형 스킬이 강화되었습니다!,Habilidade menor foi aprimorada!,สกิลย่อยได้รับการเสริมพลัง!,1,-1,{star=9;goodFeel=150;zawakeStage=208;advance=14},-1,{}
15104,51,,4,{},0.5,被动技能获得强化提升!,被動技能獲得強化提升！,Passive skill has been enhanced!,Kỹ năng bị động đã được tăng cường!,패시브 스킬이 강화되었습니다!,Habilidade passiva foi fortalecida!,สกิลพาสซีฟได้รับการเสริมพลัง!,1,-1,{effort=9;equipStarSum=8;zawakeStage=308;nvalueSum=140},-1,{}
15105,51,,5,{},0.5,属性获得增强,屬性獲得增強,Attribute has been enhanced,Thuộc tính đã được tăng cường,속성이 강화되었습니다,Atributo foi aprimorado,คุณสมบัติได้รับการเสริมพลัง,1,-1,{star=10;goodFeel=200;zawakeStage=408;advance=15},-1,{}
15106,51,,6,{},0.5,大招技能获得强化提升!,終極技能獲得強化提升！,Ultimate skill has been enhanced!,Kỹ năng tối thượng đã được tăng cường!,궁극 스킬이 강화되었습니다!,Habilidade suprema foi fortalecida!,สกิลอัลติเมตได้รับการเสริมพลัง!,1,-1,{effort=11;zawakeStage=508;equipStarSum=10;equipAwakeSum=4},-1,{}
15107,51,,7,{},0.5,属性获得增强,屬性獲得增強,Attribute has been enhanced,Thuộc tính đã được tăng cường,속성이 강화되었습니다,Atributo foi aprimorado,คุณสมบัติได้รับการเสริมพลัง,1,-1,{star=11;goodFeel=250;zawakeStage=608;advance=16},-1,{}
15108,51,,8,{},0.5,属性获得增强,屬性獲得增強,Attribute has been enhanced,Thuộc tính đã được tăng cường,속성이 강화되었습니다,Atributo foi aprimorado,คุณสมบัติได้รับการเสริมพลัง,1,-1,{effort=13;equipStarSum=12;zawakeStage=708;nvalueSum=140},-1,{}
15401,54,,1,{},0.5,属性获得增强,屬性獲得增強,Attribute has been enhanced,Thuộc tính đã được tăng cường,속성이 강화되었습니다,Atributo foi aprimorado,คุณสมบัติได้รับการเสริมพลัง,1,-1,{star=8;advance=13;goodFeel=100},-1,{}
15402,54,,2,{},0.5,普攻技能获得强化提升!,普攻技能獲得強化提升！,Normal skill has been enhanced!,Kỹ năng thường đã được tăng cường!,일반 스킬이 강화되었습니다!,Habilidade normal foi fortalecida!,สกิลปกติได้รับการเสริมพลัง!,1,-1,{effort=7;zawakeStage=108;equipStarSum=6;equipAwakeSum=2},-1,{}
15403,54,,3,{},0.5,小技能获得强化提升!,小技能獲得強化提升！,Minor skill has been enhanced!,Kỹ năng nhỏ đã được tăng cường!,소형 스킬이 강화되었습니다!,Habilidade menor foi aprimorada!,สกิลย่อยได้รับการเสริมพลัง!,1,-1,{star=9;goodFeel=150;zawakeStage=208;advance=14},-1,{}
15404,54,,4,{},0.5,被动技能获得强化提升!,被動技能獲得強化提升！,Passive skill has been enhanced!,Kỹ năng bị động đã được tăng cường!,패시브 스킬이 강화되었습니다!,Habilidade passiva foi fortalecida!,สกิลพาสซีฟได้รับการเสริมพลัง!,1,-1,{effort=9;equipStarSum=8;zawakeStage=308;nvalueSum=140},-1,{}
15405,54,,5,{},0.5,属性获得增强,屬性獲得增強,Attribute has been enhanced,Thuộc tính đã được tăng cường,속성이 강화되었습니다,Atributo foi aprimorado,คุณสมบัติได้รับการเสริมพลัง,1,-1,{star=10;goodFeel=200;zawakeStage=408;advance=15},-1,{}
15406,54,,6,{},0.5,大招技能获得强化提升!,終極技能獲得強化提升！,Ultimate skill has been enhanced!,Kỹ năng tối thượng đã được tăng cường!,궁극 스킬이 강화되었습니다!,Habilidade suprema foi fortalecida!,สกิลอัลติเมตได้รับการเสริมพลัง!,1,-1,{effort=11;zawakeStage=508;equipStarSum=10;equipAwakeSum=4},-1,{}
15407,54,,7,{},0.5,属性获得增强,屬性獲得增強,Attribute has been enhanced,Thuộc tính đã được tăng cường,속성이 강화되었습니다,Atributo foi aprimorado,คุณสมบัติได้รับการเสริมพลัง,1,-1,{star=11;goodFeel=250;zawakeStage=608;advance=16},-1,{}
15408,54,,8,{},0.5,属性获得增强,屬性獲得增強,Attribute has been enhanced,Thuộc tính đã được tăng cường,속성이 강화되었습니다,Atributo foi aprimorado,คุณสมบัติได้รับการเสริมพลัง,1,-1,{effort=13;equipStarSum=12;zawakeStage=708;nvalueSum=140},-1,{}
16101,61,,1,{},0.5,属性获得增强,屬性獲得增強,Attribute has been enhanced,Thuộc tính đã được tăng cường,속성이 강화되었습니다,Atributo foi aprimorado,คุณสมบัติได้รับการเสริมพลัง,1,-1,{star=8;advance=13;goodFeel=100},-1,{}
16102,61,,2,{},0.5,普攻技能获得强化提升!,普攻技能獲得強化提升！,Normal skill has been enhanced!,Kỹ năng thường đã được tăng cường!,일반 스킬이 강화되었습니다!,Habilidade normal foi fortalecida!,สกิลปกติได้รับการเสริมพลัง!,1,-1,{effort=7;zawakeStage=108;equipStarSum=6;equipAwakeSum=2},-1,{}
16103,61,,3,{},0.5,小技能获得强化提升!,小技能獲得強化提升！,Minor skill has been enhanced!,Kỹ năng nhỏ đã được tăng cường!,소형 스킬이 강화되었습니다!,Habilidade menor foi aprimorada!,สกิลย่อยได้รับการเสริมพลัง!,1,-1,{star=9;goodFeel=150;zawakeStage=208;advance=14},-1,{}
16104,61,,4,{},0.5,被动技能获得强化提升!,被動技能獲得強化提升！,Passive skill has been enhanced!,Kỹ năng bị động đã được tăng cường!,패시브 스킬이 강화되었습니다!,Habilidade passiva foi fortalecida!,สกิลพาสซีฟได้รับการเสริมพลัง!,1,-1,{effort=9;equipStarSum=8;zawakeStage=308;nvalueSum=140},-1,{}
16105,61,,5,{},0.5,属性获得增强,屬性獲得增強,Attribute has been enhanced,Thuộc tính đã được tăng cường,속성이 강화되었습니다,Atributo foi aprimorado,คุณสมบัติได้รับการเสริมพลัง,1,-1,{star=10;goodFeel=200;zawakeStage=408;advance=15},-1,{}
16106,61,,6,{},0.5,大招技能获得强化提升!,終極技能獲得強化提升！,Ultimate skill has been enhanced!,Kỹ năng tối thượng đã được tăng cường!,궁극 스킬이 강화되었습니다!,Habilidade suprema foi fortalecida!,สกิลอัลติเมตได้รับการเสริมพลัง!,1,-1,{effort=11;zawakeStage=508;equipStarSum=10;equipAwakeSum=4},-1,{}
16107,61,,7,{},0.5,属性获得增强,屬性獲得增強,Attribute has been enhanced,Thuộc tính đã được tăng cường,속성이 강화되었습니다,Atributo foi aprimorado,คุณสมบัติได้รับการเสริมพลัง,1,-1,{star=11;goodFeel=250;zawakeStage=608;advance=16},-1,{}
16108,61,,8,{},0.5,属性获得增强,屬性獲得增強,Attribute has been enhanced,Thuộc tính đã được tăng cường,속성이 강화되었습니다,Atributo foi aprimorado,คุณสมบัติได้รับการเสริมพลัง,1,-1,{effort=13;equipStarSum=12;zawakeStage=708;nvalueSum=140},-1,{}
17101,71,,1,{},0.5,属性获得增强,屬性獲得增強,Attribute has been enhanced,Thuộc tính đã được tăng cường,속성이 강화되었습니다,Atributo foi aprimorado,คุณสมบัติได้รับการเสริมพลัง,1,-1,{star=8;advance=13;goodFeel=100},-1,{}
17102,71,,2,{},0.5,普攻技能获得强化提升!,普攻技能獲得強化提升！,Normal skill has been enhanced!,Kỹ năng thường đã được tăng cường!,일반 스킬이 강화되었습니다!,Habilidade normal foi fortalecida!,สกิลปกติได้รับการเสริมพลัง!,1,-1,{effort=7;zawakeStage=108;equipStarSum=6;equipAwakeSum=2},-1,{}
17103,71,,3,{},0.5,小技能获得强化提升!,小技能獲得強化提升！,Minor skill has been enhanced!,Kỹ năng nhỏ đã được tăng cường!,소형 스킬이 강화되었습니다!,Habilidade menor foi aprimorada!,สกิลย่อยได้รับการเสริมพลัง!,1,-1,{star=9;goodFeel=150;zawakeStage=208;advance=14},-1,{}
17104,71,,4,{},0.5,被动技能获得强化提升!,被動技能獲得強化提升！,Passive skill has been enhanced!,Kỹ năng bị động đã được tăng cường!,패시브 스킬이 강화되었습니다!,Habilidade passiva foi fortalecida!,สกิลพาสซีฟได้รับการเสริมพลัง!,1,-1,{effort=9;equipStarSum=8;zawakeStage=308;nvalueSum=140},-1,{}
17105,71,,5,{},0.5,属性获得增强,屬性獲得增強,Attribute has been enhanced,Thuộc tính đã được tăng cường,속성이 강화되었습니다,Atributo foi aprimorado,คุณสมบัติได้รับการเสริมพลัง,1,-1,{star=10;goodFeel=200;zawakeStage=408;advance=15},-1,{}
17106,71,,6,{},0.5,大招技能获得强化提升!,終極技能獲得強化提升！,Ultimate skill has been enhanced!,Kỹ năng tối thượng đã được tăng cường!,궁극 스킬이 강화되었습니다!,Habilidade suprema foi fortalecida!,สกิลอัลติเมตได้รับการเสริมพลัง!,1,-1,{effort=11;zawakeStage=508;equipStarSum=10;equipAwakeSum=4},-1,{}
17107,71,,7,{},0.5,属性获得增强,屬性獲得增強,Attribute has been enhanced,Thuộc tính đã được tăng cường,속성이 강화되었습니다,Atributo foi aprimorado,คุณสมบัติได้รับการเสริมพลัง,1,-1,{star=11;goodFeel=250;zawakeStage=608;advance=16},-1,{}
17108,71,,8,{},0.5,属性获得增强,屬性獲得增強,Attribute has been enhanced,Thuộc tính đã được tăng cường,속성이 강화되었습니다,Atributo foi aprimorado,คุณสมบัติได้รับการเสริมพลัง,1,-1,{effort=13;equipStarSum=12;zawakeStage=708;nvalueSum=140},-1,{}
18101,81,,1,{},0.5,属性获得增强,屬性獲得增強,Attribute has been enhanced,Thuộc tính đã được tăng cường,속성이 강화되었습니다,Atributo foi aprimorado,คุณสมบัติได้รับการเสริมพลัง,1,-1,{star=8;advance=13;goodFeel=100},-1,{}
18102,81,,2,{},0.5,普攻技能获得强化提升!,普攻技能獲得強化提升！,Normal skill has been enhanced!,Kỹ năng thường đã được tăng cường!,일반 스킬이 강화되었습니다!,Habilidade normal foi fortalecida!,สกิลปกติได้รับการเสริมพลัง!,1,-1,{effort=7;zawakeStage=108;equipStarSum=6;equipAwakeSum=2},-1,{}
18103,81,,3,{},0.5,小技能获得强化提升!,小技能獲得強化提升！,Minor skill has been enhanced!,Kỹ năng nhỏ đã được tăng cường!,소형 스킬이 강화되었습니다!,Habilidade menor foi aprimorada!,สกิลย่อยได้รับการเสริมพลัง!,1,-1,{star=9;goodFeel=150;zawakeStage=208;advance=14},-1,{}
18104,81,,4,{},0.5,被动技能获得强化提升!,被動技能獲得強化提升！,Passive skill has been enhanced!,Kỹ năng bị động đã được tăng cường!,패시브 스킬이 강화되었습니다!,Habilidade passiva foi fortalecida!,สกิลพาสซีฟได้รับการเสริมพลัง!,1,-1,{effort=9;equipStarSum=8;zawakeStage=308;nvalueSum=140},-1,{}
18105,81,,5,{},0.5,属性获得增强,屬性獲得增強,Attribute has been enhanced,Thuộc tính đã được tăng cường,속성이 강화되었습니다,Atributo foi aprimorado,คุณสมบัติได้รับการเสริมพลัง,1,-1,{star=10;goodFeel=200;zawakeStage=408;advance=15},-1,{}
18106,81,,6,{},0.5,大招技能获得强化提升!,終極技能獲得強化提升！,Ultimate skill has been enhanced!,Kỹ năng tối thượng đã được tăng cường!,궁극 스킬이 강화되었습니다!,Habilidade suprema foi fortalecida!,สกิลอัลติเมตได้รับการเสริมพลัง!,1,-1,{effort=11;zawakeStage=508;equipStarSum=10;equipAwakeSum=4},-1,{}
18107,81,,7,{},0.5,属性获得增强,屬性獲得增強,Attribute has been enhanced,Thuộc tính đã được tăng cường,속성이 강화되었습니다,Atributo foi aprimorado,คุณสมบัติได้รับการเสริมพลัง,1,-1,{star=11;goodFeel=250;zawakeStage=608;advance=16},-1,{}
18108,81,,8,{},0.5,属性获得增强,屬性獲得增強,Attribute has been enhanced,Thuộc tính đã được tăng cường,속성이 강화되었습니다,Atributo foi aprimorado,คุณสมบัติได้รับการเสริมพลัง,1,-1,{effort=13;equipStarSum=12;zawakeStage=708;nvalueSum=140},-1,{}
19101,91,,1,{},0.5,属性获得增强,屬性獲得增強,Attribute has been enhanced,Thuộc tính đã được tăng cường,속성이 강화되었습니다,Atributo foi aprimorado,คุณสมบัติได้รับการเสริมพลัง,1,-1,{star=8;advance=13;goodFeel=100},-1,{}
19102,91,,2,{},0.5,普攻技能获得强化提升!,普攻技能獲得強化提升！,Normal skill has been enhanced!,Kỹ năng thường đã được tăng cường!,일반 스킬이 강화되었습니다!,Habilidade normal foi fortalecida!,สกิลปกติได้รับการเสริมพลัง!,1,-1,{effort=7;zawakeStage=108;equipStarSum=6;equipAwakeSum=2},-1,{}
19103,91,,3,{},0.5,小技能获得强化提升!,小技能獲得強化提升！,Minor skill has been enhanced!,Kỹ năng nhỏ đã được tăng cường!,소형 스킬이 강화되었습니다!,Habilidade menor foi aprimorada!,สกิลย่อยได้รับการเสริมพลัง!,1,-1,{star=9;goodFeel=150;zawakeStage=208;advance=14},-1,{}
19104,91,,4,{},0.5,被动技能获得强化提升!,被動技能獲得強化提升！,Passive skill has been enhanced!,Kỹ năng bị động đã được tăng cường!,패시브 스킬이 강화되었습니다!,Habilidade passiva foi fortalecida!,สกิลพาสซีฟได้รับการเสริมพลัง!,1,-1,{effort=9;equipStarSum=8;zawakeStage=308;nvalueSum=140},-1,{}
19105,91,,5,{},0.5,属性获得增强,屬性獲得增強,Attribute has been enhanced,Thuộc tính đã được tăng cường,속성이 강화되었습니다,Atributo foi aprimorado,คุณสมบัติได้รับการเสริมพลัง,1,-1,{star=10;goodFeel=200;zawakeStage=408;advance=15},-1,{}
19106,91,,6,{},0.5,大招技能获得强化提升!,終極技能獲得強化提升！,Ultimate skill has been enhanced!,Kỹ năng tối thượng đã được tăng cường!,궁극 스킬이 강화되었습니다!,Habilidade suprema foi fortalecida!,สกิลอัลติเมตได้รับการเสริมพลัง!,1,-1,{effort=11;zawakeStage=508;equipStarSum=10;equipAwakeSum=4},-1,{}
19107,91,,7,{},0.5,属性获得增强,屬性獲得增強,Attribute has been enhanced,Thuộc tính đã được tăng cường,속성이 강화되었습니다,Atributo foi aprimorado,คุณสมบัติได้รับการเสริมพลัง,1,-1,{star=11;goodFeel=250;zawakeStage=608;advance=16},-1,{}
19108,91,,8,{},0.5,属性获得增强,屬性獲得增強,Attribute has been enhanced,Thuộc tính đã được tăng cường,속성이 강화되었습니다,Atributo foi aprimorado,คุณสมบัติได้รับการเสริมพลัง,1,-1,{effort=13;equipStarSum=12;zawakeStage=708;nvalueSum=140},-1,{}
20101,101,,1,{},0.5,属性获得增强,屬性獲得增強,Attribute has been enhanced,Thuộc tính đã được tăng cường,속성이 강화되었습니다,Atributo foi aprimorado,คุณสมบัติได้รับการเสริมพลัง,1,-1,{star=8;advance=13;goodFeel=100},-1,{}
20102,101,,2,{},0.5,普攻技能获得强化提升!,普攻技能獲得強化提升！,Normal skill has been enhanced!,Kỹ năng thường đã được tăng cường!,일반 스킬이 강화되었습니다!,Habilidade normal foi fortalecida!,สกิลปกติได้รับการเสริมพลัง!,1,-1,{effort=7;zawakeStage=108;equipStarSum=6;equipAwakeSum=2},-1,{}
20103,101,,3,{},0.5,小技能获得强化提升!,小技能獲得強化提升！,Minor skill has been enhanced!,Kỹ năng nhỏ đã được tăng cường!,소형 스킬이 강화되었습니다!,Habilidade menor foi aprimorada!,สกิลย่อยได้รับการเสริมพลัง!,1,-1,{star=9;goodFeel=150;zawakeStage=208;advance=14},-1,{}
20104,101,,4,{},0.5,被动技能获得强化提升!,被動技能獲得強化提升！,Passive skill has been enhanced!,Kỹ năng bị động đã được tăng cường!,패시브 스킬이 강화되었습니다!,Habilidade passiva foi fortalecida!,สกิลพาสซีฟได้รับการเสริมพลัง!,1,-1,{effort=9;equipStarSum=8;zawakeStage=308;nvalueSum=140},-1,{}
20105,101,,5,{},0.5,属性获得增强,屬性獲得增強,Attribute has been enhanced,Thuộc tính đã được tăng cường,속성이 강화되었습니다,Atributo foi aprimorado,คุณสมบัติได้รับการเสริมพลัง,1,-1,{star=10;goodFeel=200;zawakeStage=408;advance=15},-1,{}
20106,101,,6,{},0.5,大招技能获得强化提升!,終極技能獲得強化提升！,Ultimate skill has been enhanced!,Kỹ năng tối thượng đã được tăng cường!,궁극 스킬이 강화되었습니다!,Habilidade suprema foi fortalecida!,สกิลอัลติเมตได้รับการเสริมพลัง!,1,-1,{effort=11;zawakeStage=508;equipStarSum=10;equipAwakeSum=4},-1,{}
20107,101,,7,{},0.5,属性获得增强,屬性獲得增強,Attribute has been enhanced,Thuộc tính đã được tăng cường,속성이 강화되었습니다,Atributo foi aprimorado,คุณสมบัติได้รับการเสริมพลัง,1,-1,{star=11;goodFeel=250;zawakeStage=608;advance=16},-1,{}
20108,101,,8,{},0.5,属性获得增强,屬性獲得增強,Attribute has been enhanced,Thuộc tính đã được tăng cường,속성이 강화되었습니다,Atributo foi aprimorado,คุณสมบัติได้รับการเสริมพลัง,1,-1,{effort=13;equipStarSum=12;zawakeStage=708;nvalueSum=140},-1,{}
21101,111,,1,{},0.5,属性获得增强,屬性獲得增強,Attribute has been enhanced,Thuộc tính đã được tăng cường,속성이 강화되었습니다,Atributo foi aprimorado,คุณสมบัติได้รับการเสริมพลัง,1,-1,{star=8;advance=13;goodFeel=100},-1,{}
21102,111,,2,{},0.5,普攻技能获得强化提升!,普攻技能獲得強化提升！,Normal skill has been enhanced!,Kỹ năng thường đã được tăng cường!,일반 스킬이 강화되었습니다!,Habilidade normal foi fortalecida!,สกิลปกติได้รับการเสริมพลัง!,1,-1,{effort=7;zawakeStage=108;equipStarSum=6;equipAwakeSum=2},-1,{}
21103,111,,3,{},0.5,小技能获得强化提升!,小技能獲得強化提升！,Minor skill has been enhanced!,Kỹ năng nhỏ đã được tăng cường!,소형 스킬이 강화되었습니다!,Habilidade menor foi aprimorada!,สกิลย่อยได้รับการเสริมพลัง!,1,-1,{star=9;goodFeel=150;zawakeStage=208;advance=14},-1,{}
21104,111,,4,{},0.5,被动技能获得强化提升!,被動技能獲得強化提升！,Passive skill has been enhanced!,Kỹ năng bị động đã được tăng cường!,패시브 스킬이 강화되었습니다!,Habilidade passiva foi fortalecida!,สกิลพาสซีฟได้รับการเสริมพลัง!,1,-1,{effort=9;equipStarSum=8;zawakeStage=308;nvalueSum=140},-1,{}
21105,111,,5,{},0.5,属性获得增强,屬性獲得增強,Attribute has been enhanced,Thuộc tính đã được tăng cường,속성이 강화되었습니다,Atributo foi aprimorado,คุณสมบัติได้รับการเสริมพลัง,1,-1,{star=10;goodFeel=200;zawakeStage=408;advance=15},-1,{}
21106,111,,6,{},0.5,大招技能获得强化提升!,終極技能獲得強化提升！,Ultimate skill has been enhanced!,Kỹ năng tối thượng đã được tăng cường!,궁극 스킬이 강화되었습니다!,Habilidade suprema foi fortalecida!,สกิลอัลติเมตได้รับการเสริมพลัง!,1,-1,{effort=11;zawakeStage=508;equipStarSum=10;equipAwakeSum=4},-1,{}
21107,111,,7,{},0.5,属性获得增强,屬性獲得增強,Attribute has been enhanced,Thuộc tính đã được tăng cường,속성이 강화되었습니다,Atributo foi aprimorado,คุณสมบัติได้รับการเสริมพลัง,1,-1,{star=11;goodFeel=250;zawakeStage=608;advance=16},-1,{}
21108,111,,8,{},0.5,属性获得增强,屬性獲得增強,Attribute has been enhanced,Thuộc tính đã được tăng cường,속성이 강화되었습니다,Atributo foi aprimorado,คุณสมบัติได้รับการเสริมพลัง,1,-1,{effort=13;equipStarSum=12;zawakeStage=708;nvalueSum=140},-1,{}
22101,121,,1,{},0.5,属性获得增强,屬性獲得增強,Attribute has been enhanced,Thuộc tính đã được tăng cường,속성이 강화되었습니다,Atributo foi aprimorado,คุณสมบัติได้รับการเสริมพลัง,1,-1,{star=8;advance=13;goodFeel=100},-1,{}
22102,121,,2,{},0.5,普攻技能获得强化提升!,普攻技能獲得強化提升！,Normal skill has been enhanced!,Kỹ năng thường đã được tăng cường!,일반 스킬이 강화되었습니다!,Habilidade normal foi fortalecida!,สกิลปกติได้รับการเสริมพลัง!,1,-1,{effort=7;zawakeStage=108;equipStarSum=6;equipAwakeSum=2},-1,{}
22103,121,,3,{},0.5,小技能获得强化提升!,小技能獲得強化提升！,Minor skill has been enhanced!,Kỹ năng nhỏ đã được tăng cường!,소형 스킬이 강화되었습니다!,Habilidade menor foi aprimorada!,สกิลย่อยได้รับการเสริมพลัง!,1,-1,{star=9;goodFeel=150;zawakeStage=208;advance=14},-1,{}
22104,121,,4,{},0.5,被动技能获得强化提升!,被動技能獲得強化提升！,Passive skill has been enhanced!,Kỹ năng bị động đã được tăng cường!,패시브 스킬이 강화되었습니다!,Habilidade passiva foi fortalecida!,สกิลพาสซีฟได้รับการเสริมพลัง!,1,-1,{effort=9;equipStarSum=8;zawakeStage=308;nvalueSum=140},-1,{}
22105,121,,5,{},0.5,属性获得增强,屬性獲得增強,Attribute has been enhanced,Thuộc tính đã được tăng cường,속성이 강화되었습니다,Atributo foi aprimorado,คุณสมบัติได้รับการเสริมพลัง,1,-1,{star=10;goodFeel=200;zawakeStage=408;advance=15},-1,{}
22106,121,,6,{},0.5,大招技能获得强化提升!,終極技能獲得強化提升！,Ultimate skill has been enhanced!,Kỹ năng tối thượng đã được tăng cường!,궁극 스킬이 강화되었습니다!,Habilidade suprema foi fortalecida!,สกิลอัลติเมตได้รับการเสริมพลัง!,1,-1,{effort=11;zawakeStage=508;equipStarSum=10;equipAwakeSum=4},-1,{}
22107,121,,7,{},0.5,属性获得增强,屬性獲得增強,Attribute has been enhanced,Thuộc tính đã được tăng cường,속성이 강화되었습니다,Atributo foi aprimorado,คุณสมบัติได้รับการเสริมพลัง,1,-1,{star=11;goodFeel=250;zawakeStage=608;advance=16},-1,{}
22108,121,,8,{},0.5,属性获得增强,屬性獲得增強,Attribute has been enhanced,Thuộc tính đã được tăng cường,속성이 강화되었습니다,Atributo foi aprimorado,คุณสมบัติได้รับการเสริมพลัง,1,-1,{effort=13;equipStarSum=12;zawakeStage=708;nvalueSum=140},-1,{}
23101,131,,1,{},0.5,属性获得增强,屬性獲得增強,Attribute has been enhanced,Thuộc tính đã được tăng cường,속성이 강화되었습니다,Atributo foi aprimorado,คุณสมบัติได้รับการเสริมพลัง,1,-1,{star=8;advance=13;goodFeel=100},-1,{}
23102,131,,2,{},0.5,普攻技能获得强化提升!,普攻技能獲得強化提升！,Normal skill has been enhanced!,Kỹ năng thường đã được tăng cường!,일반 스킬이 강화되었습니다!,Habilidade normal foi fortalecida!,สกิลปกติได้รับการเสริมพลัง!,1,-1,{effort=7;zawakeStage=108;equipStarSum=6;equipAwakeSum=2},-1,{}
23103,131,,3,{},0.5,小技能获得强化提升!,小技能獲得強化提升！,Minor skill has been enhanced!,Kỹ năng nhỏ đã được tăng cường!,소형 스킬이 강화되었습니다!,Habilidade menor foi aprimorada!,สกิลย่อยได้รับการเสริมพลัง!,1,-1,{star=9;goodFeel=150;zawakeStage=208;advance=14},-1,{}
23104,131,,4,{},0.5,被动技能获得强化提升!,被動技能獲得強化提升！,Passive skill has been enhanced!,Kỹ năng bị động đã được tăng cường!,패시브 스킬이 강화되었습니다!,Habilidade passiva foi fortalecida!,สกิลพาสซีฟได้รับการเสริมพลัง!,1,-1,{effort=9;equipStarSum=8;zawakeStage=308;nvalueSum=140},-1,{}
23105,131,,5,{},0.5,属性获得增强,屬性獲得增強,Attribute has been enhanced,Thuộc tính đã được tăng cường,속성이 강화되었습니다,Atributo foi aprimorado,คุณสมบัติได้รับการเสริมพลัง,1,-1,{star=10;goodFeel=200;zawakeStage=408;advance=15},-1,{}
23106,131,,6,{},0.5,大招技能获得强化提升!,終極技能獲得強化提升！,Ultimate skill has been enhanced!,Kỹ năng tối thượng đã được tăng cường!,궁극 스킬이 강화되었습니다!,Habilidade suprema foi fortalecida!,สกิลอัลติเมตได้รับการเสริมพลัง!,1,-1,{effort=11;zawakeStage=508;equipStarSum=10;equipAwakeSum=4},-1,{}
23107,131,,7,{},0.5,属性获得增强,屬性獲得增強,Attribute has been enhanced,Thuộc tính đã được tăng cường,속성이 강화되었습니다,Atributo foi aprimorado,คุณสมบัติได้รับการเสริมพลัง,1,-1,{star=11;goodFeel=250;zawakeStage=608;advance=16},-1,{}
23108,131,,8,{},0.5,属性获得增强,屬性獲得增強,Attribute has been enhanced,Thuộc tính đã được tăng cường,속성이 강화되었습니다,Atributo foi aprimorado,คุณสมบัติได้รับการเสริมพลัง,1,-1,{effort=13;equipStarSum=12;zawakeStage=708;nvalueSum=140},-1,{}
25101,151,,1,{},0.5,属性获得增强,屬性獲得增強,Attribute has been enhanced,Thuộc tính đã được tăng cường,속성이 강화되었습니다,Atributo foi aprimorado,คุณสมบัติได้รับการเสริมพลัง,1,-1,{star=8;advance=13;goodFeel=100},-1,{}
25102,151,,2,{},0.5,普攻技能获得强化提升!,普攻技能獲得強化提升！,Normal skill has been enhanced!,Kỹ năng thường đã được tăng cường!,일반 스킬이 강화되었습니다!,Habilidade normal foi fortalecida!,สกิลปกติได้รับการเสริมพลัง!,1,-1,{effort=7;zawakeStage=108;equipStarSum=6;equipAwakeSum=2},-1,{}
25103,151,,3,{},0.5,小技能获得强化提升!,小技能獲得強化提升！,Minor skill has been enhanced!,Kỹ năng nhỏ đã được tăng cường!,소형 스킬이 강화되었습니다!,Habilidade menor foi aprimorada!,สกิลย่อยได้รับการเสริมพลัง!,1,-1,{star=9;goodFeel=150;zawakeStage=208;advance=14},-1,{}
25104,151,,4,{},0.5,被动技能获得强化提升!,被動技能獲得強化提升！,Passive skill has been enhanced!,Kỹ năng bị động đã được tăng cường!,패시브 스킬이 강화되었습니다!,Habilidade passiva foi fortalecida!,สกิลพาสซีฟได้รับการเสริมพลัง!,1,-1,{effort=9;equipStarSum=8;zawakeStage=308;nvalueSum=140},-1,{}
25105,151,,5,{},0.5,属性获得增强,屬性獲得增強,Attribute has been enhanced,Thuộc tính đã được tăng cường,속성이 강화되었습니다,Atributo foi aprimorado,คุณสมบัติได้รับการเสริมพลัง,1,-1,{star=10;goodFeel=200;zawakeStage=408;advance=15},-1,{}
25106,151,,6,{},0.5,大招技能获得强化提升!,終極技能獲得強化提升！,Ultimate skill has been enhanced!,Kỹ năng tối thượng đã được tăng cường!,궁극 스킬이 강화되었습니다!,Habilidade suprema foi fortalecida!,สกิลอัลติเมตได้รับการเสริมพลัง!,1,-1,{effort=11;zawakeStage=508;equipStarSum=10;equipAwakeSum=4},-1,{}
25107,151,,7,{},0.5,属性获得增强,屬性獲得增強,Attribute has been enhanced,Thuộc tính đã được tăng cường,속성이 강화되었습니다,Atributo foi aprimorado,คุณสมบัติได้รับการเสริมพลัง,1,-1,{star=11;goodFeel=250;zawakeStage=608;advance=16},-1,{}
25108,151,,8,{},0.5,属性获得增强,屬性獲得增強,Attribute has been enhanced,Thuộc tính đã được tăng cường,속성이 강화되었습니다,Atributo foi aprimorado,คุณสมบัติได้รับการเสริมพลัง,1,-1,{effort=13;equipStarSum=12;zawakeStage=708;nvalueSum=140},-1,{}
26101,161,,1,{},0.5,属性获得增强,屬性獲得增強,Attribute has been enhanced,Thuộc tính đã được tăng cường,속성이 강화되었습니다,Atributo foi aprimorado,คุณสมบัติได้รับการเสริมพลัง,1,-1,{star=8;advance=13;goodFeel=100},-1,{}
26102,161,,2,{},0.5,普攻技能获得强化提升!,普攻技能獲得強化提升！,Normal skill has been enhanced!,Kỹ năng thường đã được tăng cường!,일반 스킬이 강화되었습니다!,Habilidade normal foi fortalecida!,สกิลปกติได้รับการเสริมพลัง!,1,-1,{effort=7;zawakeStage=108;equipStarSum=6;equipAwakeSum=2},-1,{}
26103,161,,3,{},0.5,小技能获得强化提升!,小技能獲得強化提升！,Minor skill has been enhanced!,Kỹ năng nhỏ đã được tăng cường!,소형 스킬이 강화되었습니다!,Habilidade menor foi aprimorada!,สกิลย่อยได้รับการเสริมพลัง!,1,-1,{star=9;goodFeel=160;zawakeStage=208;advance=15},-1,{}
26104,161,,4,{},0.5,被动技能获得强化提升!,被動技能獲得強化提升！,Passive skill has been enhanced!,Kỹ năng bị động đã được tăng cường!,패시브 스킬이 강화되었습니다!,Habilidade passiva foi fortalecida!,สกิลพาสซีฟได้รับการเสริมพลัง!,1,-1,{effort=9;equipStarSum=9;zawakeStage=308;nvalueSum=140},-1,{}
26105,161,,5,{},0.5,属性获得增强,屬性獲得增強,Attribute has been enhanced,Thuộc tính đã được tăng cường,속성이 강화되었습니다,Atributo foi aprimorado,คุณสมบัติได้รับการเสริมพลัง,1,-1,{star=10;goodFeel=220;zawakeStage=408;advance=16},-1,{}
26106,161,,6,{},0.5,大招技能获得强化提升!,終極技能獲得強化提升！,Ultimate skill has been enhanced!,Kỹ năng tối thượng đã được tăng cường!,궁극 스킬이 강화되었습니다!,Habilidade suprema foi fortalecida!,สกิลอัลติเมตได้รับการเสริมพลัง!,1,-1,{effort=11;zawakeStage=508;equipStarSum=12;equipAwakeSum=4},-1,{}
26107,161,,7,{},0.5,属性获得增强,屬性獲得增強,Attribute has been enhanced,Thuộc tính đã được tăng cường,속성이 강화되었습니다,Atributo foi aprimorado,คุณสมบัติได้รับการเสริมพลัง,1,-1,{star=11;goodFeel=300;zawakeStage=608;advance=17},-1,{}
26108,161,,8,{},0.5,属性获得增强,屬性獲得增強,Attribute has been enhanced,Thuộc tính đã được tăng cường,속성이 강화되었습니다,Atributo foi aprimorado,คุณสมบัติได้รับการเสริมพลัง,1,-1,{effort=13;equipStarSum=15;zawakeStage=708;nvalueSum=140},-1,{}
27101,171,,1,{},0.5,属性获得增强,屬性獲得增強,Attribute has been enhanced,Thuộc tính đã được tăng cường,속성이 강화되었습니다,Atributo foi aprimorado,คุณสมบัติได้รับการเสริมพลัง,1,-1,{star=8;advance=13;goodFeel=100},-1,{}
27102,171,,2,{},0.5,普攻技能获得强化提升!,普攻技能獲得強化提升！,Normal skill has been enhanced!,Kỹ năng thường đã được tăng cường!,일반 스킬이 강화되었습니다!,Habilidade normal foi fortalecida!,สกิลปกติได้รับการเสริมพลัง!,1,-1,{effort=7;zawakeStage=108;equipStarSum=6;equipAwakeSum=2},-1,{}
27103,171,,3,{},0.5,小技能获得强化提升!,小技能獲得強化提升！,Minor skill has been enhanced!,Kỹ năng nhỏ đã được tăng cường!,소형 스킬이 강화되었습니다!,Habilidade menor foi aprimorada!,สกิลย่อยได้รับการเสริมพลัง!,1,-1,{star=9;goodFeel=150;zawakeStage=208;advance=14},-1,{}
27104,171,,4,{},0.5,被动技能获得强化提升!,被動技能獲得強化提升！,Passive skill has been enhanced!,Kỹ năng bị động đã được tăng cường!,패시브 스킬이 강화되었습니다!,Habilidade passiva foi fortalecida!,สกิลพาสซีฟได้รับการเสริมพลัง!,1,-1,{effort=9;equipStarSum=8;zawakeStage=308;nvalueSum=140},-1,{}
27105,171,,5,{},0.5,属性获得增强,屬性獲得增強,Attribute has been enhanced,Thuộc tính đã được tăng cường,속성이 강화되었습니다,Atributo foi aprimorado,คุณสมบัติได้รับการเสริมพลัง,1,-1,{star=10;goodFeel=200;zawakeStage=408;advance=15},-1,{}
27106,171,,6,{},0.5,大招技能获得强化提升!,終極技能獲得強化提升！,Ultimate skill has been enhanced!,Kỹ năng tối thượng đã được tăng cường!,궁극 스킬이 강화되었습니다!,Habilidade suprema foi fortalecida!,สกิลอัลติเมตได้รับการเสริมพลัง!,1,-1,{effort=11;zawakeStage=508;equipStarSum=10;equipAwakeSum=4},-1,{}
27107,171,,7,{},0.5,属性获得增强,屬性獲得增強,Attribute has been enhanced,Thuộc tính đã được tăng cường,속성이 강화되었습니다,Atributo foi aprimorado,คุณสมบัติได้รับการเสริมพลัง,1,-1,{star=11;goodFeel=250;zawakeStage=608;advance=16},-1,{}
27108,171,,8,{},0.5,属性获得增强,屬性獲得增強,Attribute has been enhanced,Thuộc tính đã được tăng cường,속성이 강화되었습니다,Atributo foi aprimorado,คุณสมบัติได้รับการเสริมพลัง,1,-1,{effort=13;equipStarSum=12;zawakeStage=708;nvalueSum=140},-1,{}
29101,191,,1,{},0.5,属性获得增强,屬性獲得增強,Attribute has been enhanced,Thuộc tính đã được tăng cường,속성이 강화되었습니다,Atributo foi aprimorado,คุณสมบัติได้รับการเสริมพลัง,1,-1,{star=8;advance=13;goodFeel=100},-1,{}
29102,191,,2,{},0.5,普攻技能获得强化提升!,普攻技能獲得強化提升！,Normal skill has been enhanced!,Kỹ năng thường đã được tăng cường!,일반 스킬이 강화되었습니다!,Habilidade normal foi fortalecida!,สกิลปกติได้รับการเสริมพลัง!,1,-1,{effort=7;zawakeStage=108;equipStarSum=6;equipAwakeSum=2},-1,{}
29103,191,,3,{},0.5,小技能获得强化提升!,小技能獲得強化提升！,Minor skill has been enhanced!,Kỹ năng nhỏ đã được tăng cường!,소형 스킬이 강화되었습니다!,Habilidade menor foi aprimorada!,สกิลย่อยได้รับการเสริมพลัง!,1,-1,{star=9;goodFeel=150;zawakeStage=208;advance=14},-1,{}
29104,191,,4,{},0.5,被动技能获得强化提升!,被動技能獲得強化提升！,Passive skill has been enhanced!,Kỹ năng bị động đã được tăng cường!,패시브 스킬이 강화되었습니다!,Habilidade passiva foi fortalecida!,สกิลพาสซีฟได้รับการเสริมพลัง!,1,-1,{effort=9;equipStarSum=8;zawakeStage=308;nvalueSum=140},-1,{}
29105,191,,5,{},0.5,属性获得增强,屬性獲得增強,Attribute has been enhanced,Thuộc tính đã được tăng cường,속성이 강화되었습니다,Atributo foi aprimorado,คุณสมบัติได้รับการเสริมพลัง,1,-1,{star=10;goodFeel=200;zawakeStage=408;advance=15},-1,{}
29106,191,,6,{},0.5,大招技能获得强化提升!,終極技能獲得強化提升！,Ultimate skill has been enhanced!,Kỹ năng tối thượng đã được tăng cường!,궁극 스킬이 강화되었습니다!,Habilidade suprema foi fortalecida!,สกิลอัลติเมตได้รับการเสริมพลัง!,1,-1,{effort=11;zawakeStage=508;equipStarSum=10;equipAwakeSum=4},-1,{}
29107,191,,7,{},0.5,属性获得增强,屬性獲得增強,Attribute has been enhanced,Thuộc tính đã được tăng cường,속성이 강화되었습니다,Atributo foi aprimorado,คุณสมบัติได้รับการเสริมพลัง,1,-1,{star=11;goodFeel=250;zawakeStage=608;advance=16},-1,{}
29108,191,,8,{},0.5,属性获得增强,屬性獲得增強,Attribute has been enhanced,Thuộc tính đã được tăng cường,속성이 강화되었습니다,Atributo foi aprimorado,คุณสมบัติได้รับการเสริมพลัง,1,-1,{effort=13;equipStarSum=12;zawakeStage=708;nvalueSum=140},-1,{}
32101,221,,1,{},0.5,属性获得增强,屬性獲得增強,Attribute has been enhanced,Thuộc tính đã được tăng cường,속성이 강화되었습니다,Atributo foi aprimorado,คุณสมบัติได้รับการเสริมพลัง,1,-1,{star=8;advance=13;goodFeel=100},-1,{}
32102,221,,2,{},0.5,普攻技能获得强化提升!,普攻技能獲得強化提升！,Normal skill has been enhanced!,Kỹ năng thường đã được tăng cường!,일반 스킬이 강화되었습니다!,Habilidade normal foi fortalecida!,สกิลปกติได้รับการเสริมพลัง!,1,-1,{effort=7;zawakeStage=108;equipStarSum=6;equipAwakeSum=2},-1,{}
32103,221,,3,{},0.5,小技能获得强化提升!,小技能獲得強化提升！,Minor skill has been enhanced!,Kỹ năng nhỏ đã được tăng cường!,소형 스킬이 강화되었습니다!,Habilidade menor foi aprimorada!,สกิลย่อยได้รับการเสริมพลัง!,1,-1,{star=9;goodFeel=150;zawakeStage=208;advance=14},-1,{}
32104,221,,4,{},0.5,被动技能获得强化提升!,被動技能獲得強化提升！,Passive skill has been enhanced!,Kỹ năng bị động đã được tăng cường!,패시브 스킬이 강화되었습니다!,Habilidade passiva foi fortalecida!,สกิลพาสซีฟได้รับการเสริมพลัง!,1,-1,{effort=9;equipStarSum=8;zawakeStage=308;nvalueSum=140},-1,{}
32105,221,,5,{},0.5,属性获得增强,屬性獲得增強,Attribute has been enhanced,Thuộc tính đã được tăng cường,속성이 강화되었습니다,Atributo foi aprimorado,คุณสมบัติได้รับการเสริมพลัง,1,-1,{star=10;goodFeel=200;zawakeStage=408;advance=15},-1,{}
32106,221,,6,{},0.5,大招技能获得强化提升!,終極技能獲得強化提升！,Ultimate skill has been enhanced!,Kỹ năng tối thượng đã được tăng cường!,궁극 스킬이 강화되었습니다!,Habilidade suprema foi fortalecida!,สกิลอัลติเมตได้รับการเสริมพลัง!,1,-1,{effort=11;zawakeStage=508;equipStarSum=10;equipAwakeSum=4},-1,{}
32107,221,,7,{},0.5,属性获得增强,屬性獲得增強,Attribute has been enhanced,Thuộc tính đã được tăng cường,속성이 강화되었습니다,Atributo foi aprimorado,คุณสมบัติได้รับการเสริมพลัง,1,-1,{star=11;goodFeel=250;zawakeStage=608;advance=16},-1,{}
32108,221,,8,{},0.5,属性获得增强,屬性獲得增強,Attribute has been enhanced,Thuộc tính đã được tăng cường,속성이 강화되었습니다,Atributo foi aprimorado,คุณสมบัติได้รับการเสริมพลัง,1,-1,{effort=13;equipStarSum=12;zawakeStage=708;nvalueSum=140},-1,{}
33101,231,,1,{},0.5,属性获得增强,屬性獲得增強,Attribute has been enhanced,Thuộc tính đã được tăng cường,속성이 강화되었습니다,Atributo foi aprimorado,คุณสมบัติได้รับการเสริมพลัง,1,-1,{star=8;advance=13;goodFeel=100},-1,{}
33102,231,,2,{},0.5,普攻技能获得强化提升!,普攻技能獲得強化提升！,Normal skill has been enhanced!,Kỹ năng thường đã được tăng cường!,일반 스킬이 강화되었습니다!,Habilidade normal foi fortalecida!,สกิลปกติได้รับการเสริมพลัง!,1,-1,{effort=7;zawakeStage=108;equipStarSum=6;equipAwakeSum=2},-1,{}
33103,231,,3,{},0.5,小技能获得强化提升!,小技能獲得強化提升！,Minor skill has been enhanced!,Kỹ năng nhỏ đã được tăng cường!,소형 스킬이 강화되었습니다!,Habilidade menor foi aprimorada!,สกิลย่อยได้รับการเสริมพลัง!,1,-1,{star=9;goodFeel=150;zawakeStage=208;advance=14},-1,{}
33104,231,,4,{},0.5,被动技能获得强化提升!,被動技能獲得強化提升！,Passive skill has been enhanced!,Kỹ năng bị động đã được tăng cường!,패시브 스킬이 강화되었습니다!,Habilidade passiva foi fortalecida!,สกิลพาสซีฟได้รับการเสริมพลัง!,1,-1,{effort=9;equipStarSum=8;zawakeStage=308;nvalueSum=140},-1,{}
33105,231,,5,{},0.5,属性获得增强,屬性獲得增強,Attribute has been enhanced,Thuộc tính đã được tăng cường,속성이 강화되었습니다,Atributo foi aprimorado,คุณสมบัติได้รับการเสริมพลัง,1,-1,{star=10;goodFeel=200;zawakeStage=408;advance=15},-1,{}
33106,231,,6,{},0.5,大招技能获得强化提升!,終極技能獲得強化提升！,Ultimate skill has been enhanced!,Kỹ năng tối thượng đã được tăng cường!,궁극 스킬이 강화되었습니다!,Habilidade suprema foi fortalecida!,สกิลอัลติเมตได้รับการเสริมพลัง!,1,-1,{effort=11;zawakeStage=508;equipStarSum=10;equipAwakeSum=4},-1,{}
33107,231,,7,{},0.5,属性获得增强,屬性獲得增強,Attribute has been enhanced,Thuộc tính đã được tăng cường,속성이 강화되었습니다,Atributo foi aprimorado,คุณสมบัติได้รับการเสริมพลัง,1,-1,{star=11;goodFeel=250;zawakeStage=608;advance=16},-1,{}
33108,231,,8,{},0.5,属性获得增强,屬性獲得增強,Attribute has been enhanced,Thuộc tính đã được tăng cường,속성이 강화되었습니다,Atributo foi aprimorado,คุณสมบัติได้รับการเสริมพลัง,1,-1,{effort=13;equipStarSum=12;zawakeStage=708;nvalueSum=140},-1,{}
34101,241,,1,{},0.5,属性获得增强,屬性獲得增強,Attribute has been enhanced,Thuộc tính đã được tăng cường,속성이 강화되었습니다,Atributo foi aprimorado,คุณสมบัติได้รับการเสริมพลัง,1,-1,{star=8;advance=13;goodFeel=100},-1,{}
34102,241,,2,{},0.5,普攻技能获得强化提升!,普攻技能獲得強化提升！,Normal skill has been enhanced!,Kỹ năng thường đã được tăng cường!,일반 스킬이 강화되었습니다!,Habilidade normal foi fortalecida!,สกิลปกติได้รับการเสริมพลัง!,1,-1,{effort=7;zawakeStage=108;equipStarSum=6;equipAwakeSum=2},-1,{}
34103,241,,3,{},0.5,小技能获得强化提升!,小技能獲得強化提升！,Minor skill has been enhanced!,Kỹ năng nhỏ đã được tăng cường!,소형 스킬이 강화되었습니다!,Habilidade menor foi aprimorada!,สกิลย่อยได้รับการเสริมพลัง!,1,-1,{star=9;goodFeel=160;zawakeStage=208;advance=15},-1,{}
34104,241,,4,{},0.5,被动技能获得强化提升!,被動技能獲得強化提升！,Passive skill has been enhanced!,Kỹ năng bị động đã được tăng cường!,패시브 스킬이 강화되었습니다!,Habilidade passiva foi fortalecida!,สกิลพาสซีฟได้รับการเสริมพลัง!,1,-1,{effort=9;equipStarSum=9;zawakeStage=308;nvalueSum=140},-1,{}
34105,241,,5,{},0.5,属性获得增强,屬性獲得增強,Attribute has been enhanced,Thuộc tính đã được tăng cường,속성이 강화되었습니다,Atributo foi aprimorado,คุณสมบัติได้รับการเสริมพลัง,1,-1,{star=10;goodFeel=220;zawakeStage=408;advance=16},-1,{}
34106,241,,6,{},0.5,大招技能获得强化提升!,終極技能獲得強化提升！,Ultimate skill has been enhanced!,Kỹ năng tối thượng đã được tăng cường!,궁극 스킬이 강화되었습니다!,Habilidade suprema foi fortalecida!,สกิลอัลติเมตได้รับการเสริมพลัง!,1,-1,{effort=11;zawakeStage=508;equipStarSum=12;equipAwakeSum=4},-1,{}
34107,241,,7,{},0.5,属性获得增强,屬性獲得增強,Attribute has been enhanced,Thuộc tính đã được tăng cường,속성이 강화되었습니다,Atributo foi aprimorado,คุณสมบัติได้รับการเสริมพลัง,1,-1,{star=11;goodFeel=300;zawakeStage=608;advance=17},-1,{}
34108,241,,8,{},0.5,属性获得增强,屬性獲得增強,Attribute has been enhanced,Thuộc tính đã được tăng cường,속성이 강화되었습니다,Atributo foi aprimorado,คุณสมบัติได้รับการเสริมพลัง,1,-1,{effort=13;equipStarSum=15;zawakeStage=708;nvalueSum=140},-1,{}
35101,251,,1,{},0.5,属性获得增强,屬性獲得增強,Attribute has been enhanced,Thuộc tính đã được tăng cường,속성이 강화되었습니다,Atributo foi aprimorado,คุณสมบัติได้รับการเสริมพลัง,1,-1,{star=8;advance=13;goodFeel=100},-1,{}
35102,251,,2,{},0.5,普攻技能获得强化提升!,普攻技能獲得強化提升！,Normal skill has been enhanced!,Kỹ năng thường đã được tăng cường!,일반 스킬이 강화되었습니다!,Habilidade normal foi fortalecida!,สกิลปกติได้รับการเสริมพลัง!,1,-1,{effort=7;zawakeStage=108;equipStarSum=6;equipAwakeSum=2},-1,{}
35103,251,,3,{},0.5,小技能获得强化提升!,小技能獲得強化提升！,Minor skill has been enhanced!,Kỹ năng nhỏ đã được tăng cường!,소형 스킬이 강화되었습니다!,Habilidade menor foi aprimorada!,สกิลย่อยได้รับการเสริมพลัง!,1,-1,{star=9;goodFeel=160;zawakeStage=208;advance=15},-1,{}
35104,251,,4,{},0.5,被动技能获得强化提升!,被動技能獲得強化提升！,Passive skill has been enhanced!,Kỹ năng bị động đã được tăng cường!,패시브 스킬이 강화되었습니다!,Habilidade passiva foi fortalecida!,สกิลพาสซีฟได้รับการเสริมพลัง!,1,-1,{effort=9;equipStarSum=9;zawakeStage=308;nvalueSum=140},-1,{}
35105,251,,5,{},0.5,属性获得增强,屬性獲得增強,Attribute has been enhanced,Thuộc tính đã được tăng cường,속성이 강화되었습니다,Atributo foi aprimorado,คุณสมบัติได้รับการเสริมพลัง,1,-1,{star=10;goodFeel=220;zawakeStage=408;advance=16},-1,{}
35106,251,,6,{},0.5,大招技能获得强化提升!,終極技能獲得強化提升！,Ultimate skill has been enhanced!,Kỹ năng tối thượng đã được tăng cường!,궁극 스킬이 강화되었습니다!,Habilidade suprema foi fortalecida!,สกิลอัลติเมตได้รับการเสริมพลัง!,1,-1,{effort=11;zawakeStage=508;equipStarSum=12;equipAwakeSum=4},-1,{}
35107,251,,7,{},0.5,属性获得增强,屬性獲得增強,Attribute has been enhanced,Thuộc tính đã được tăng cường,속성이 강화되었습니다,Atributo foi aprimorado,คุณสมบัติได้รับการเสริมพลัง,1,-1,{star=11;goodFeel=300;zawakeStage=608;advance=17},-1,{}
35108,251,,8,{},0.5,属性获得增强,屬性獲得增強,Attribute has been enhanced,Thuộc tính đã được tăng cường,속성이 강화되었습니다,Atributo foi aprimorado,คุณสมบัติได้รับการเสริมพลัง,1,-1,{effort=13;equipStarSum=15;zawakeStage=708;nvalueSum=140},-1,{}
36101,261,,1,{},0.5,属性获得增强,屬性獲得增強,Attribute has been enhanced,Thuộc tính đã được tăng cường,속성이 강화되었습니다,Atributo foi aprimorado,คุณสมบัติได้รับการเสริมพลัง,1,-1,{star=8;advance=13;goodFeel=100},-1,{}
36102,261,,2,{},0.5,普攻技能获得强化提升!,普攻技能獲得強化提升！,Normal skill has been enhanced!,Kỹ năng thường đã được tăng cường!,일반 스킬이 강화되었습니다!,Habilidade normal foi fortalecida!,สกิลปกติได้รับการเสริมพลัง!,1,-1,{effort=7;zawakeStage=108;equipStarSum=6;equipAwakeSum=2},-1,{}
36103,261,,3,{},0.5,小技能获得强化提升!,小技能獲得強化提升！,Minor skill has been enhanced!,Kỹ năng nhỏ đã được tăng cường!,소형 스킬이 강화되었습니다!,Habilidade menor foi aprimorada!,สกิลย่อยได้รับการเสริมพลัง!,1,-1,{star=9;goodFeel=160;zawakeStage=208;advance=15},-1,{}
36104,261,,4,{},0.5,被动技能获得强化提升!,被動技能獲得強化提升！,Passive skill has been enhanced!,Kỹ năng bị động đã được tăng cường!,패시브 스킬이 강화되었습니다!,Habilidade passiva foi fortalecida!,สกิลพาสซีฟได้รับการเสริมพลัง!,1,-1,{effort=9;equipStarSum=9;zawakeStage=308;nvalueSum=140},-1,{}
36105,261,,5,{},0.5,属性获得增强,屬性獲得增強,Attribute has been enhanced,Thuộc tính đã được tăng cường,속성이 강화되었습니다,Atributo foi aprimorado,คุณสมบัติได้รับการเสริมพลัง,1,-1,{star=10;goodFeel=220;zawakeStage=408;advance=16},-1,{}
36106,261,,6,{},0.5,大招技能获得强化提升!,終極技能獲得強化提升！,Ultimate skill has been enhanced!,Kỹ năng tối thượng đã được tăng cường!,궁극 스킬이 강화되었습니다!,Habilidade suprema foi fortalecida!,สกิลอัลติเมตได้รับการเสริมพลัง!,1,-1,{effort=11;zawakeStage=508;equipStarSum=12;equipAwakeSum=4},-1,{}
36107,261,,7,{},0.5,属性获得增强,屬性獲得增強,Attribute has been enhanced,Thuộc tính đã được tăng cường,속성이 강화되었습니다,Atributo foi aprimorado,คุณสมบัติได้รับการเสริมพลัง,1,-1,{star=11;goodFeel=300;zawakeStage=608;advance=17},-1,{}
36108,261,,8,{},0.5,属性获得增强,屬性獲得增強,Attribute has been enhanced,Thuộc tính đã được tăng cường,속성이 강화되었습니다,Atributo foi aprimorado,คุณสมบัติได้รับการเสริมพลัง,1,-1,{effort=13;equipStarSum=15;zawakeStage=708;nvalueSum=140},-1,{}
36201,262,,1,{},0.5,属性获得增强,屬性獲得增強,Attribute has been enhanced,Thuộc tính đã được tăng cường,속성이 강화되었습니다,Atributo foi aprimorado,คุณสมบัติได้รับการเสริมพลัง,1,-1,{star=8;advance=13;goodFeel=100},-1,{}
36202,262,,2,{},0.5,普攻技能获得强化提升!,普攻技能獲得強化提升！,Normal skill has been enhanced!,Kỹ năng thường đã được tăng cường!,일반 스킬이 강화되었습니다!,Habilidade normal foi fortalecida!,สกิลปกติได้รับการเสริมพลัง!,1,-1,{effort=7;zawakeStage=108;equipStarSum=6;equipAwakeSum=2},-1,{}
36203,262,,3,{},0.5,小技能获得强化提升!,小技能獲得強化提升！,Minor skill has been enhanced!,Kỹ năng nhỏ đã được tăng cường!,소형 스킬이 강화되었습니다!,Habilidade menor foi aprimorada!,สกิลย่อยได้รับการเสริมพลัง!,1,-1,{star=9;goodFeel=160;zawakeStage=208;advance=15},-1,{}
36204,262,,4,{},0.5,被动技能获得强化提升!,被動技能獲得強化提升！,Passive skill has been enhanced!,Kỹ năng bị động đã được tăng cường!,패시브 스킬이 강화되었습니다!,Habilidade passiva foi fortalecida!,สกิลพาสซีฟได้รับการเสริมพลัง!,1,-1,{effort=9;equipStarSum=9;zawakeStage=308;nvalueSum=140},-1,{}
36205,262,,5,{},0.5,属性获得增强,屬性獲得增強,Attribute has been enhanced,Thuộc tính đã được tăng cường,속성이 강화되었습니다,Atributo foi aprimorado,คุณสมบัติได้รับการเสริมพลัง,1,-1,{star=10;goodFeel=220;zawakeStage=408;advance=16},-1,{}
36206,262,,6,{},0.5,大招技能获得强化提升!,終極技能獲得強化提升！,Ultimate skill has been enhanced!,Kỹ năng tối thượng đã được tăng cường!,궁극 스킬이 강화되었습니다!,Habilidade suprema foi fortalecida!,สกิลอัลติเมตได้รับการเสริมพลัง!,1,-1,{effort=11;zawakeStage=508;equipStarSum=12;equipAwakeSum=4},-1,{}
36207,262,,7,{},0.5,属性获得增强,屬性獲得增強,Attribute has been enhanced,Thuộc tính đã được tăng cường,속성이 강화되었습니다,Atributo foi aprimorado,คุณสมบัติได้รับการเสริมพลัง,1,-1,{star=11;goodFeel=300;zawakeStage=608;advance=17},-1,{}
36208,262,,8,{},0.5,属性获得增强,屬性獲得增強,Attribute has been enhanced,Thuộc tính đã được tăng cường,속성이 강화되었습니다,Atributo foi aprimorado,คุณสมบัติได้รับการเสริมพลัง,1,-1,{effort=13;equipStarSum=15;zawakeStage=708;nvalueSum=140},-1,{}
37101,271,,1,{},0.5,属性获得增强,屬性獲得增強,Attribute has been enhanced,Thuộc tính đã được tăng cường,속성이 강화되었습니다,Atributo foi aprimorado,คุณสมบัติได้รับการเสริมพลัง,1,-1,{star=8;advance=13;goodFeel=100},-1,{}
37102,271,,2,{},0.5,普攻技能获得强化提升!,普攻技能獲得強化提升！,Normal skill has been enhanced!,Kỹ năng thường đã được tăng cường!,일반 스킬이 강화되었습니다!,Habilidade normal foi fortalecida!,สกิลปกติได้รับการเสริมพลัง!,1,-1,{effort=7;zawakeStage=108;equipStarSum=6;equipAwakeSum=2},-1,{}
37103,271,,3,{},0.5,小技能获得强化提升!,小技能獲得強化提升！,Minor skill has been enhanced!,Kỹ năng nhỏ đã được tăng cường!,소형 스킬이 강화되었습니다!,Habilidade menor foi aprimorada!,สกิลย่อยได้รับการเสริมพลัง!,1,-1,{star=9;goodFeel=150;zawakeStage=208;advance=14},-1,{}
37104,271,,4,{},0.5,被动技能获得强化提升!,被動技能獲得強化提升！,Passive skill has been enhanced!,Kỹ năng bị động đã được tăng cường!,패시브 스킬이 강화되었습니다!,Habilidade passiva foi fortalecida!,สกิลพาสซีฟได้รับการเสริมพลัง!,1,-1,{effort=9;equipStarSum=8;zawakeStage=308;nvalueSum=140},-1,{}
37105,271,,5,{},0.5,属性获得增强,屬性獲得增強,Attribute has been enhanced,Thuộc tính đã được tăng cường,속성이 강화되었습니다,Atributo foi aprimorado,คุณสมบัติได้รับการเสริมพลัง,1,-1,{star=10;goodFeel=200;zawakeStage=408;advance=15},-1,{}
37106,271,,6,{},0.5,大招技能获得强化提升!,終極技能獲得強化提升！,Ultimate skill has been enhanced!,Kỹ năng tối thượng đã được tăng cường!,궁극 스킬이 강화되었습니다!,Habilidade suprema foi fortalecida!,สกิลอัลติเมตได้รับการเสริมพลัง!,1,-1,{effort=11;zawakeStage=508;equipStarSum=10;equipAwakeSum=4},-1,{}
37107,271,,7,{},0.5,属性获得增强,屬性獲得增強,Attribute has been enhanced,Thuộc tính đã được tăng cường,속성이 강화되었습니다,Atributo foi aprimorado,คุณสมบัติได้รับการเสริมพลัง,1,-1,{star=11;goodFeel=250;zawakeStage=608;advance=16},-1,{}
37108,271,,8,{},0.5,属性获得增强,屬性獲得增強,Attribute has been enhanced,Thuộc tính đã được tăng cường,속성이 강화되었습니다,Atributo foi aprimorado,คุณสมบัติได้รับการเสริมพลัง,1,-1,{effort=13;equipStarSum=12;zawakeStage=708;nvalueSum=140},-1,{}
38101,281,,1,{},0.5,属性获得增强,屬性獲得增強,Attribute has been enhanced,Thuộc tính đã được tăng cường,속성이 강화되었습니다,Atributo foi aprimorado,คุณสมบัติได้รับการเสริมพลัง,1,-1,{star=8;advance=13;goodFeel=100},-1,{}
38102,281,,2,{},0.5,普攻技能获得强化提升!,普攻技能獲得強化提升！,Normal skill has been enhanced!,Kỹ năng thường đã được tăng cường!,일반 스킬이 강화되었습니다!,Habilidade normal foi fortalecida!,สกิลปกติได้รับการเสริมพลัง!,1,-1,{effort=7;zawakeStage=108;equipStarSum=6;equipAwakeSum=2},-1,{}
38103,281,,3,{},0.5,小技能获得强化提升!,小技能獲得強化提升！,Minor skill has been enhanced!,Kỹ năng nhỏ đã được tăng cường!,소형 스킬이 강화되었습니다!,Habilidade menor foi aprimorada!,สกิลย่อยได้รับการเสริมพลัง!,1,-1,{star=9;goodFeel=150;zawakeStage=208;advance=14},-1,{}
38104,281,,4,{},0.5,被动技能获得强化提升!,被動技能獲得強化提升！,Passive skill has been enhanced!,Kỹ năng bị động đã được tăng cường!,패시브 스킬이 강화되었습니다!,Habilidade passiva foi fortalecida!,สกิลพาสซีฟได้รับการเสริมพลัง!,1,-1,{effort=9;equipStarSum=8;zawakeStage=308;nvalueSum=140},-1,{}
38105,281,,5,{},0.5,属性获得增强,屬性獲得增強,Attribute has been enhanced,Thuộc tính đã được tăng cường,속성이 강화되었습니다,Atributo foi aprimorado,คุณสมบัติได้รับการเสริมพลัง,1,-1,{star=10;goodFeel=200;zawakeStage=408;advance=15},-1,{}
38106,281,,6,{},0.5,大招技能获得强化提升!,終極技能獲得強化提升！,Ultimate skill has been enhanced!,Kỹ năng tối thượng đã được tăng cường!,궁극 스킬이 강화되었습니다!,Habilidade suprema foi fortalecida!,สกิลอัลติเมตได้รับการเสริมพลัง!,1,-1,{effort=11;zawakeStage=508;equipStarSum=10;equipAwakeSum=4},-1,{}
38107,281,,7,{},0.5,属性获得增强,屬性獲得增強,Attribute has been enhanced,Thuộc tính đã được tăng cường,속성이 강화되었습니다,Atributo foi aprimorado,คุณสมบัติได้รับการเสริมพลัง,1,-1,{star=11;goodFeel=250;zawakeStage=608;advance=16},-1,{}
38108,281,,8,{},0.5,属性获得增强,屬性獲得增強,Attribute has been enhanced,Thuộc tính đã được tăng cường,속성이 강화되었습니다,Atributo foi aprimorado,คุณสมบัติได้รับการเสริมพลัง,1,-1,{effort=13;equipStarSum=12;zawakeStage=708;nvalueSum=140},-1,{}
40101,301,,1,{},0.5,属性获得增强,屬性獲得增強,Attribute has been enhanced,Thuộc tính đã được tăng cường,속성이 강화되었습니다,Atributo foi aprimorado,คุณสมบัติได้รับการเสริมพลัง,1,-1,{star=8;advance=13;goodFeel=100},-1,{}
40102,301,,2,{},0.5,普攻技能获得强化提升!,普攻技能獲得強化提升！,Normal skill has been enhanced!,Kỹ năng thường đã được tăng cường!,일반 스킬이 강화되었습니다!,Habilidade normal foi fortalecida!,สกิลปกติได้รับการเสริมพลัง!,1,-1,{effort=7;zawakeStage=108;equipStarSum=6;equipAwakeSum=2},-1,{}
40103,301,,3,{},0.5,小技能获得强化提升!,小技能獲得強化提升！,Minor skill has been enhanced!,Kỹ năng nhỏ đã được tăng cường!,소형 스킬이 강화되었습니다!,Habilidade menor foi aprimorada!,สกิลย่อยได้รับการเสริมพลัง!,1,-1,{star=9;goodFeel=150;zawakeStage=208;advance=14},-1,{}
40104,301,,4,{},0.5,被动技能获得强化提升!,被動技能獲得強化提升！,Passive skill has been enhanced!,Kỹ năng bị động đã được tăng cường!,패시브 스킬이 강화되었습니다!,Habilidade passiva foi fortalecida!,สกิลพาสซีฟได้รับการเสริมพลัง!,1,-1,{effort=9;equipStarSum=8;zawakeStage=308;nvalueSum=140},-1,{}
40105,301,,5,{},0.5,属性获得增强,屬性獲得增強,Attribute has been enhanced,Thuộc tính đã được tăng cường,속성이 강화되었습니다,Atributo foi aprimorado,คุณสมบัติได้รับการเสริมพลัง,1,-1,{star=10;goodFeel=200;zawakeStage=408;advance=15},-1,{}
40106,301,,6,{},0.5,大招技能获得强化提升!,終極技能獲得強化提升！,Ultimate skill has been enhanced!,Kỹ năng tối thượng đã được tăng cường!,궁극 스킬이 강화되었습니다!,Habilidade suprema foi fortalecida!,สกิลอัลติเมตได้รับการเสริมพลัง!,1,-1,{effort=11;zawakeStage=508;equipStarSum=10;equipAwakeSum=4},-1,{}
40107,301,,7,{},0.5,属性获得增强,屬性獲得增強,Attribute has been enhanced,Thuộc tính đã được tăng cường,속성이 강화되었습니다,Atributo foi aprimorado,คุณสมบัติได้รับการเสริมพลัง,1,-1,{star=11;goodFeel=250;zawakeStage=608;advance=16},-1,{}
40108,301,,8,{},0.5,属性获得增强,屬性獲得增強,Attribute has been enhanced,Thuộc tính đã được tăng cường,속성이 강화되었습니다,Atributo foi aprimorado,คุณสมบัติได้รับการเสริมพลัง,1,-1,{effort=13;equipStarSum=12;zawakeStage=708;nvalueSum=140},-1,{}
42101,321,,1,{},0.5,属性获得增强,屬性獲得增強,Attribute has been enhanced,Thuộc tính đã được tăng cường,속성이 강화되었습니다,Atributo foi aprimorado,คุณสมบัติได้รับการเสริมพลัง,1,-1,{star=8;advance=13;goodFeel=100},-1,{}
42102,321,,2,{},0.5,普攻技能获得强化提升!,普攻技能獲得強化提升！,Normal skill has been enhanced!,Kỹ năng thường đã được tăng cường!,일반 스킬이 강화되었습니다!,Habilidade normal foi fortalecida!,สกิลปกติได้รับการเสริมพลัง!,1,-1,{effort=7;zawakeStage=108;equipStarSum=6;equipAwakeSum=2},-1,{}
42103,321,,3,{},0.5,小技能获得强化提升!,小技能獲得強化提升！,Minor skill has been enhanced!,Kỹ năng nhỏ đã được tăng cường!,소형 스킬이 강화되었습니다!,Habilidade menor foi aprimorada!,สกิลย่อยได้รับการเสริมพลัง!,1,-1,{star=9;goodFeel=150;zawakeStage=208;advance=14},-1,{}
42104,321,,4,{},0.5,被动技能获得强化提升!,被動技能獲得強化提升！,Passive skill has been enhanced!,Kỹ năng bị động đã được tăng cường!,패시브 스킬이 강화되었습니다!,Habilidade passiva foi fortalecida!,สกิลพาสซีฟได้รับการเสริมพลัง!,1,-1,{effort=9;equipStarSum=8;zawakeStage=308;nvalueSum=140},-1,{}
42105,321,,5,{},0.5,属性获得增强,屬性獲得增強,Attribute has been enhanced,Thuộc tính đã được tăng cường,속성이 강화되었습니다,Atributo foi aprimorado,คุณสมบัติได้รับการเสริมพลัง,1,-1,{star=10;goodFeel=200;zawakeStage=408;advance=15},-1,{}
42106,321,,6,{},0.5,大招技能获得强化提升!,終極技能獲得強化提升！,Ultimate skill has been enhanced!,Kỹ năng tối thượng đã được tăng cường!,궁극 스킬이 강화되었습니다!,Habilidade suprema foi fortalecida!,สกิลอัลติเมตได้รับการเสริมพลัง!,1,-1,{effort=11;zawakeStage=508;equipStarSum=10;equipAwakeSum=4},-1,{}
42107,321,,7,{},0.5,属性获得增强,屬性獲得增強,Attribute has been enhanced,Thuộc tính đã được tăng cường,속성이 강화되었습니다,Atributo foi aprimorado,คุณสมบัติได้รับการเสริมพลัง,1,-1,{star=11;goodFeel=250;zawakeStage=608;advance=16},-1,{}
42108,321,,8,{},0.5,属性获得增强,屬性獲得增強,Attribute has been enhanced,Thuộc tính đã được tăng cường,속성이 강화되었습니다,Atributo foi aprimorado,คุณสมบัติได้รับการเสริมพลัง,1,-1,{effort=13;equipStarSum=12;zawakeStage=708;nvalueSum=140},-1,{}
43101,331,,1,{},0.5,属性获得增强,屬性獲得增強,Attribute has been enhanced,Thuộc tính đã được tăng cường,속성이 강화되었습니다,Atributo foi aprimorado,คุณสมบัติได้รับการเสริมพลัง,1,-1,{star=8;advance=13;goodFeel=100},-1,{}
43102,331,,2,{},0.5,普攻技能获得强化提升!,普攻技能獲得強化提升！,Normal skill has been enhanced!,Kỹ năng thường đã được tăng cường!,일반 스킬이 강화되었습니다!,Habilidade normal foi fortalecida!,สกิลปกติได้รับการเสริมพลัง!,1,-1,{effort=7;zawakeStage=108;equipStarSum=6;equipAwakeSum=2},-1,{}
43103,331,,3,{},0.5,小技能获得强化提升!,小技能獲得強化提升！,Minor skill has been enhanced!,Kỹ năng nhỏ đã được tăng cường!,소형 스킬이 강화되었습니다!,Habilidade menor foi aprimorada!,สกิลย่อยได้รับการเสริมพลัง!,1,-1,{star=9;goodFeel=160;zawakeStage=208;advance=15},-1,{}
43104,331,,4,{},0.5,被动技能获得强化提升!,被動技能獲得強化提升！,Passive skill has been enhanced!,Kỹ năng bị động đã được tăng cường!,패시브 스킬이 강화되었습니다!,Habilidade passiva foi fortalecida!,สกิลพาสซีฟได้รับการเสริมพลัง!,1,-1,{effort=9;equipStarSum=9;zawakeStage=308;nvalueSum=140},-1,{}
43105,331,,5,{},0.5,属性获得增强,屬性獲得增強,Attribute has been enhanced,Thuộc tính đã được tăng cường,속성이 강화되었습니다,Atributo foi aprimorado,คุณสมบัติได้รับการเสริมพลัง,1,-1,{star=10;goodFeel=220;zawakeStage=408;advance=16},-1,{}
43106,331,,6,{},0.5,大招技能获得强化提升!,終極技能獲得強化提升！,Ultimate skill has been enhanced!,Kỹ năng tối thượng đã được tăng cường!,궁극 스킬이 강화되었습니다!,Habilidade suprema foi fortalecida!,สกิลอัลติเมตได้รับการเสริมพลัง!,1,-1,{effort=11;zawakeStage=508;equipStarSum=12;equipAwakeSum=4},-1,{}
43107,331,,7,{},0.5,属性获得增强,屬性獲得增強,Attribute has been enhanced,Thuộc tính đã được tăng cường,속성이 강화되었습니다,Atributo foi aprimorado,คุณสมบัติได้รับการเสริมพลัง,1,-1,{star=11;goodFeel=300;zawakeStage=608;advance=17},-1,{}
43108,331,,8,{},0.5,属性获得增强,屬性獲得增強,Attribute has been enhanced,Thuộc tính đã được tăng cường,속성이 강화되었습니다,Atributo foi aprimorado,คุณสมบัติได้รับการเสริมพลัง,1,-1,{effort=13;equipStarSum=15;zawakeStage=708;nvalueSum=140},-1,{}
44101,341,,1,{},0.5,属性获得增强,屬性獲得增強,Attribute has been enhanced,Thuộc tính đã được tăng cường,속성이 강화되었습니다,Atributo foi aprimorado,คุณสมบัติได้รับการเสริมพลัง,1,-1,{star=8;advance=13;goodFeel=100},-1,{}
44102,341,,2,{},0.5,普攻技能获得强化提升!,普攻技能獲得強化提升！,Normal skill has been enhanced!,Kỹ năng thường đã được tăng cường!,일반 스킬이 강화되었습니다!,Habilidade normal foi fortalecida!,สกิลปกติได้รับการเสริมพลัง!,1,-1,{effort=7;zawakeStage=108;equipStarSum=6;equipAwakeSum=2},-1,{}
44103,341,,3,{},0.5,小技能获得强化提升!,小技能獲得強化提升！,Minor skill has been enhanced!,Kỹ năng nhỏ đã được tăng cường!,소형 스킬이 강화되었습니다!,Habilidade menor foi aprimorada!,สกิลย่อยได้รับการเสริมพลัง!,1,-1,{star=9;goodFeel=150;zawakeStage=208;advance=14},-1,{}
44104,341,,4,{},0.5,被动技能获得强化提升!,被動技能獲得強化提升！,Passive skill has been enhanced!,Kỹ năng bị động đã được tăng cường!,패시브 스킬이 강화되었습니다!,Habilidade passiva foi fortalecida!,สกิลพาสซีฟได้รับการเสริมพลัง!,1,-1,{effort=9;equipStarSum=8;zawakeStage=308;nvalueSum=140},-1,{}
44105,341,,5,{},0.5,属性获得增强,屬性獲得增強,Attribute has been enhanced,Thuộc tính đã được tăng cường,속성이 강화되었습니다,Atributo foi aprimorado,คุณสมบัติได้รับการเสริมพลัง,1,-1,{star=10;goodFeel=200;zawakeStage=408;advance=15},-1,{}
44106,341,,6,{},0.5,大招技能获得强化提升!,終極技能獲得強化提升！,Ultimate skill has been enhanced!,Kỹ năng tối thượng đã được tăng cường!,궁극 스킬이 강화되었습니다!,Habilidade suprema foi fortalecida!,สกิลอัลติเมตได้รับการเสริมพลัง!,1,-1,{effort=11;zawakeStage=508;equipStarSum=10;equipAwakeSum=4},-1,{}
44107,341,,7,{},0.5,属性获得增强,屬性獲得增強,Attribute has been enhanced,Thuộc tính đã được tăng cường,속성이 강화되었습니다,Atributo foi aprimorado,คุณสมบัติได้รับการเสริมพลัง,1,-1,{star=11;goodFeel=250;zawakeStage=608;advance=16},-1,{}
44108,341,,8,{},0.5,属性获得增强,屬性獲得增強,Attribute has been enhanced,Thuộc tính đã được tăng cường,속성이 강화되었습니다,Atributo foi aprimorado,คุณสมบัติได้รับการเสริมพลัง,1,-1,{effort=13;equipStarSum=12;zawakeStage=708;nvalueSum=140},-1,{}
45101,351,,1,{},0.5,属性获得增强,屬性獲得增強,Attribute has been enhanced,Thuộc tính đã được tăng cường,속성이 강화되었습니다,Atributo foi aprimorado,คุณสมบัติได้รับการเสริมพลัง,1,-1,{star=8;advance=13;goodFeel=100},-1,{}
45102,351,,2,{},0.5,普攻技能获得强化提升!,普攻技能獲得強化提升！,Normal skill has been enhanced!,Kỹ năng thường đã được tăng cường!,일반 스킬이 강화되었습니다!,Habilidade normal foi fortalecida!,สกิลปกติได้รับการเสริมพลัง!,1,-1,{effort=7;zawakeStage=108;equipStarSum=6;equipAwakeSum=2},-1,{}
45103,351,,3,{},0.5,小技能获得强化提升!,小技能獲得強化提升！,Minor skill has been enhanced!,Kỹ năng nhỏ đã được tăng cường!,소형 스킬이 강화되었습니다!,Habilidade menor foi aprimorada!,สกิลย่อยได้รับการเสริมพลัง!,1,-1,{star=9;goodFeel=150;zawakeStage=208;advance=14},-1,{}
45104,351,,4,{},0.5,被动技能获得强化提升!,被動技能獲得強化提升！,Passive skill has been enhanced!,Kỹ năng bị động đã được tăng cường!,패시브 스킬이 강화되었습니다!,Habilidade passiva foi fortalecida!,สกิลพาสซีฟได้รับการเสริมพลัง!,1,-1,{effort=9;equipStarSum=8;zawakeStage=308;nvalueSum=140},-1,{}
45105,351,,5,{},0.5,属性获得增强,屬性獲得增強,Attribute has been enhanced,Thuộc tính đã được tăng cường,속성이 강화되었습니다,Atributo foi aprimorado,คุณสมบัติได้รับการเสริมพลัง,1,-1,{star=10;goodFeel=200;zawakeStage=408;advance=15},-1,{}
45106,351,,6,{},0.5,大招技能获得强化提升!,終極技能獲得強化提升！,Ultimate skill has been enhanced!,Kỹ năng tối thượng đã được tăng cường!,궁극 스킬이 강화되었습니다!,Habilidade suprema foi fortalecida!,สกิลอัลติเมตได้รับการเสริมพลัง!,1,-1,{effort=11;zawakeStage=508;equipStarSum=10;equipAwakeSum=4},-1,{}
45107,351,,7,{},0.5,属性获得增强,屬性獲得增強,Attribute has been enhanced,Thuộc tính đã được tăng cường,속성이 강화되었습니다,Atributo foi aprimorado,คุณสมบัติได้รับการเสริมพลัง,1,-1,{star=11;goodFeel=250;zawakeStage=608;advance=16},-1,{}
45108,351,,8,{},0.5,属性获得增强,屬性獲得增強,Attribute has been enhanced,Thuộc tính đã được tăng cường,속성이 강화되었습니다,Atributo foi aprimorado,คุณสมบัติได้รับการเสริมพลัง,1,-1,{effort=13;equipStarSum=12;zawakeStage=708;nvalueSum=140},-1,{}
47101,371,,1,{},0.5,属性获得增强,屬性獲得增強,Attribute has been enhanced,Thuộc tính đã được tăng cường,속성이 강화되었습니다,Atributo foi aprimorado,คุณสมบัติได้รับการเสริมพลัง,1,-1,{star=8;advance=13;goodFeel=100},-1,{}
47102,371,,2,{},0.5,普攻技能获得强化提升!,普攻技能獲得強化提升！,Normal skill has been enhanced!,Kỹ năng thường đã được tăng cường!,일반 스킬이 강화되었습니다!,Habilidade normal foi fortalecida!,สกิลปกติได้รับการเสริมพลัง!,1,-1,{effort=7;zawakeStage=108;equipStarSum=6;equipAwakeSum=2},-1,{}
47103,371,,3,{},0.5,小技能获得强化提升!,小技能獲得強化提升！,Minor skill has been enhanced!,Kỹ năng nhỏ đã được tăng cường!,소형 스킬이 강화되었습니다!,Habilidade menor foi aprimorada!,สกิลย่อยได้รับการเสริมพลัง!,1,-1,{star=9;goodFeel=150;zawakeStage=208;advance=14},-1,{}
47104,371,,4,{},0.5,被动技能获得强化提升!,被動技能獲得強化提升！,Passive skill has been enhanced!,Kỹ năng bị động đã được tăng cường!,패시브 스킬이 강화되었습니다!,Habilidade passiva foi fortalecida!,สกิลพาสซีฟได้รับการเสริมพลัง!,1,-1,{effort=9;equipStarSum=8;zawakeStage=308;nvalueSum=140},-1,{}
47105,371,,5,{},0.5,属性获得增强,屬性獲得增強,Attribute has been enhanced,Thuộc tính đã được tăng cường,속성이 강화되었습니다,Atributo foi aprimorado,คุณสมบัติได้รับการเสริมพลัง,1,-1,{star=10;goodFeel=200;zawakeStage=408;advance=15},-1,{}
47106,371,,6,{},0.5,大招技能获得强化提升!,終極技能獲得強化提升！,Ultimate skill has been enhanced!,Kỹ năng tối thượng đã được tăng cường!,궁극 스킬이 강화되었습니다!,Habilidade suprema foi fortalecida!,สกิลอัลติเมตได้รับการเสริมพลัง!,1,-1,{effort=11;zawakeStage=508;equipStarSum=10;equipAwakeSum=4},-1,{}
47107,371,,7,{},0.5,属性获得增强,屬性獲得增強,Attribute has been enhanced,Thuộc tính đã được tăng cường,속성이 강화되었습니다,Atributo foi aprimorado,คุณสมบัติได้รับการเสริมพลัง,1,-1,{star=11;goodFeel=250;zawakeStage=608;advance=16},-1,{}
47108,371,,8,{},0.5,属性获得增强,屬性獲得增強,Attribute has been enhanced,Thuộc tính đã được tăng cường,속성이 강화되었습니다,Atributo foi aprimorado,คุณสมบัติได้รับการเสริมพลัง,1,-1,{effort=13;equipStarSum=12;zawakeStage=708;nvalueSum=140},-1,{}
48101,381,,1,{},0.5,属性获得增强,屬性獲得增強,Attribute has been enhanced,Thuộc tính đã được tăng cường,속성이 강화되었습니다,Atributo foi aprimorado,คุณสมบัติได้รับการเสริมพลัง,1,-1,{star=8;advance=13;goodFeel=100},-1,{}
48102,381,,2,{},0.5,普攻技能获得强化提升!,普攻技能獲得強化提升！,Normal skill has been enhanced!,Kỹ năng thường đã được tăng cường!,일반 스킬이 강화되었습니다!,Habilidade normal foi fortalecida!,สกิลปกติได้รับการเสริมพลัง!,1,-1,{effort=7;zawakeStage=108;equipStarSum=6;equipAwakeSum=2},-1,{}
48103,381,,3,{},0.5,小技能获得强化提升!,小技能獲得強化提升！,Minor skill has been enhanced!,Kỹ năng nhỏ đã được tăng cường!,소형 스킬이 강화되었습니다!,Habilidade menor foi aprimorada!,สกิลย่อยได้รับการเสริมพลัง!,1,-1,{star=9;goodFeel=160;zawakeStage=208;advance=15},-1,{}
48104,381,,4,{},0.5,被动技能获得强化提升!,被動技能獲得強化提升！,Passive skill has been enhanced!,Kỹ năng bị động đã được tăng cường!,패시브 스킬이 강화되었습니다!,Habilidade passiva foi fortalecida!,สกิลพาสซีฟได้รับการเสริมพลัง!,1,-1,{effort=9;equipStarSum=9;zawakeStage=308;nvalueSum=140},-1,{}
48105,381,,5,{},0.5,属性获得增强,屬性獲得增強,Attribute has been enhanced,Thuộc tính đã được tăng cường,속성이 강화되었습니다,Atributo foi aprimorado,คุณสมบัติได้รับการเสริมพลัง,1,-1,{star=10;goodFeel=220;zawakeStage=408;advance=16},-1,{}
48106,381,,6,{},0.5,大招技能获得强化提升!,終極技能獲得強化提升！,Ultimate skill has been enhanced!,Kỹ năng tối thượng đã được tăng cường!,궁극 스킬이 강화되었습니다!,Habilidade suprema foi fortalecida!,สกิลอัลติเมตได้รับการเสริมพลัง!,1,-1,{effort=11;zawakeStage=508;equipStarSum=12;equipAwakeSum=4},-1,{}
48107,381,,7,{},0.5,属性获得增强,屬性獲得增強,Attribute has been enhanced,Thuộc tính đã được tăng cường,속성이 강화되었습니다,Atributo foi aprimorado,คุณสมบัติได้รับการเสริมพลัง,1,-1,{star=11;goodFeel=300;zawakeStage=608;advance=17},-1,{}
48108,381,,8,{},0.5,属性获得增强,屬性獲得增強,Attribute has been enhanced,Thuộc tính đã được tăng cường,속성이 강화되었습니다,Atributo foi aprimorado,คุณสมบัติได้รับการเสริมพลัง,1,-1,{effort=13;equipStarSum=15;zawakeStage=708;nvalueSum=140},-1,{}
49101,391,,1,{},0.5,属性获得增强,屬性獲得增強,Attribute has been enhanced,Thuộc tính đã được tăng cường,속성이 강화되었습니다,Atributo foi aprimorado,คุณสมบัติได้รับการเสริมพลัง,1,-1,{star=8;advance=13;goodFeel=100},-1,{}
49102,391,,2,{},0.5,普攻技能获得强化提升!,普攻技能獲得強化提升！,Normal skill has been enhanced!,Kỹ năng thường đã được tăng cường!,일반 스킬이 강화되었습니다!,Habilidade normal foi fortalecida!,สกิลปกติได้รับการเสริมพลัง!,1,-1,{effort=7;zawakeStage=108;equipStarSum=6;equipAwakeSum=2},-1,{}
49103,391,,3,{},0.5,小技能获得强化提升!,小技能獲得強化提升！,Minor skill has been enhanced!,Kỹ năng nhỏ đã được tăng cường!,소형 스킬이 강화되었습니다!,Habilidade menor foi aprimorada!,สกิลย่อยได้รับการเสริมพลัง!,1,-1,{star=9;goodFeel=160;zawakeStage=208;advance=15},-1,{}
49104,391,,4,{},0.5,被动技能获得强化提升!,被動技能獲得強化提升！,Passive skill has been enhanced!,Kỹ năng bị động đã được tăng cường!,패시브 스킬이 강화되었습니다!,Habilidade passiva foi fortalecida!,สกิลพาสซีฟได้รับการเสริมพลัง!,1,-1,{effort=9;equipStarSum=9;zawakeStage=308;nvalueSum=140},-1,{}
49105,391,,5,{},0.5,属性获得增强,屬性獲得增強,Attribute has been enhanced,Thuộc tính đã được tăng cường,속성이 강화되었습니다,Atributo foi aprimorado,คุณสมบัติได้รับการเสริมพลัง,1,-1,{star=10;goodFeel=220;zawakeStage=408;advance=16},-1,{}
49106,391,,6,{},0.5,大招技能获得强化提升!,終極技能獲得強化提升！,Ultimate skill has been enhanced!,Kỹ năng tối thượng đã được tăng cường!,궁극 스킬이 강화되었습니다!,Habilidade suprema foi fortalecida!,สกิลอัลติเมตได้รับการเสริมพลัง!,1,-1,{effort=11;zawakeStage=508;equipStarSum=12;equipAwakeSum=4},-1,{}
49107,391,,7,{},0.5,属性获得增强,屬性獲得增強,Attribute has been enhanced,Thuộc tính đã được tăng cường,속성이 강화되었습니다,Atributo foi aprimorado,คุณสมบัติได้รับการเสริมพลัง,1,-1,{star=11;goodFeel=300;zawakeStage=608;advance=17},-1,{}
49108,391,,8,{},0.5,属性获得增强,屬性獲得增強,Attribute has been enhanced,Thuộc tính đã được tăng cường,속성이 강화되었습니다,Atributo foi aprimorado,คุณสมบัติได้รับการเสริมพลัง,1,-1,{effort=13;equipStarSum=15;zawakeStage=708;nvalueSum=140},-1,{}
49201,392,,1,{},0.5,属性获得增强,屬性獲得增強,Attribute has been enhanced,Thuộc tính đã được tăng cường,속성이 강화되었습니다,Atributo foi aprimorado,คุณสมบัติได้รับการเสริมพลัง,1,-1,{star=8;advance=13;goodFeel=100},-1,{}
49202,392,,2,{},0.5,普攻技能获得强化提升!,普攻技能獲得強化提升！,Normal skill has been enhanced!,Kỹ năng thường đã được tăng cường!,일반 스킬이 강화되었습니다!,Habilidade normal foi fortalecida!,สกิลปกติได้รับการเสริมพลัง!,1,-1,{effort=7;zawakeStage=108;equipStarSum=6;equipAwakeSum=2},-1,{}
49203,392,,3,{},0.5,小技能获得强化提升!,小技能獲得強化提升！,Minor skill has been enhanced!,Kỹ năng nhỏ đã được tăng cường!,소형 스킬이 강화되었습니다!,Habilidade menor foi aprimorada!,สกิลย่อยได้รับการเสริมพลัง!,1,-1,{star=9;goodFeel=160;zawakeStage=208;advance=15},-1,{}
49204,392,,4,{},0.5,被动技能获得强化提升!,被動技能獲得強化提升！,Passive skill has been enhanced!,Kỹ năng bị động đã được tăng cường!,패시브 스킬이 강화되었습니다!,Habilidade passiva foi fortalecida!,สกิลพาสซีฟได้รับการเสริมพลัง!,1,-1,{effort=9;equipStarSum=9;zawakeStage=308;nvalueSum=140},-1,{}
49205,392,,5,{},0.5,属性获得增强,屬性獲得增強,Attribute has been enhanced,Thuộc tính đã được tăng cường,속성이 강화되었습니다,Atributo foi aprimorado,คุณสมบัติได้รับการเสริมพลัง,1,-1,{star=10;goodFeel=220;zawakeStage=408;advance=16},-1,{}
49206,392,,6,{},0.5,大招技能获得强化提升!,終極技能獲得強化提升！,Ultimate skill has been enhanced!,Kỹ năng tối thượng đã được tăng cường!,궁극 스킬이 강화되었습니다!,Habilidade suprema foi fortalecida!,สกิลอัลติเมตได้รับการเสริมพลัง!,1,-1,{effort=11;zawakeStage=508;equipStarSum=12;equipAwakeSum=4},-1,{}
49207,392,,7,{},0.5,属性获得增强,屬性獲得增強,Attribute has been enhanced,Thuộc tính đã được tăng cường,속성이 강화되었습니다,Atributo foi aprimorado,คุณสมบัติได้รับการเสริมพลัง,1,-1,{star=11;goodFeel=300;zawakeStage=608;advance=17},-1,{}
49208,392,,8,{},0.5,属性获得增强,屬性獲得增強,Attribute has been enhanced,Thuộc tính đã được tăng cường,속성이 강화되었습니다,Atributo foi aprimorado,คุณสมบัติได้รับการเสริมพลัง,1,-1,{effort=13;equipStarSum=15;zawakeStage=708;nvalueSum=140},-1,{}
50101,401,,1,{},0.5,属性获得增强,屬性獲得增強,Attribute has been enhanced,Thuộc tính đã được tăng cường,속성이 강화되었습니다,Atributo foi aprimorado,คุณสมบัติได้รับการเสริมพลัง,1,-1,{star=8;advance=13;goodFeel=100},-1,{}
50102,401,,2,{},0.5,普攻技能获得强化提升!,普攻技能獲得強化提升！,Normal skill has been enhanced!,Kỹ năng thường đã được tăng cường!,일반 스킬이 강화되었습니다!,Habilidade normal foi fortalecida!,สกิลปกติได้รับการเสริมพลัง!,1,-1,{effort=7;zawakeStage=108;equipStarSum=6;equipAwakeSum=2},-1,{}
50103,401,,3,{},0.5,小技能获得强化提升!,小技能獲得強化提升！,Minor skill has been enhanced!,Kỹ năng nhỏ đã được tăng cường!,소형 스킬이 강화되었습니다!,Habilidade menor foi aprimorada!,สกิลย่อยได้รับการเสริมพลัง!,1,-1,{star=9;goodFeel=160;zawakeStage=208;advance=15},-1,{}
50104,401,,4,{},0.5,被动技能获得强化提升!,被動技能獲得強化提升！,Passive skill has been enhanced!,Kỹ năng bị động đã được tăng cường!,패시브 스킬이 강화되었습니다!,Habilidade passiva foi fortalecida!,สกิลพาสซีฟได้รับการเสริมพลัง!,1,-1,{effort=9;equipStarSum=9;zawakeStage=308;nvalueSum=140},-1,{}
50105,401,,5,{},0.5,属性获得增强,屬性獲得增強,Attribute has been enhanced,Thuộc tính đã được tăng cường,속성이 강화되었습니다,Atributo foi aprimorado,คุณสมบัติได้รับการเสริมพลัง,1,-1,{star=10;goodFeel=220;zawakeStage=408;advance=16},-1,{}
50106,401,,6,{},0.5,大招技能获得强化提升!,終極技能獲得強化提升！,Ultimate skill has been enhanced!,Kỹ năng tối thượng đã được tăng cường!,궁극 스킬이 강화되었습니다!,Habilidade suprema foi fortalecida!,สกิลอัลติเมตได้รับการเสริมพลัง!,1,-1,{effort=11;zawakeStage=508;equipStarSum=12;equipAwakeSum=4},-1,{}
50107,401,,7,{},0.5,属性获得增强,屬性獲得增強,Attribute has been enhanced,Thuộc tính đã được tăng cường,속성이 강화되었습니다,Atributo foi aprimorado,คุณสมบัติได้รับการเสริมพลัง,1,-1,{star=11;goodFeel=300;zawakeStage=608;advance=17},-1,{}
50108,401,,8,{},0.5,属性获得增强,屬性獲得增強,Attribute has been enhanced,Thuộc tính đã được tăng cường,속성이 강화되었습니다,Atributo foi aprimorado,คุณสมบัติได้รับการเสริมพลัง,1,-1,{effort=13;equipStarSum=15;zawakeStage=708;nvalueSum=140},-1,{}
50301,403,,1,{},0.5,属性获得增强,屬性獲得增強,Attribute has been enhanced,Thuộc tính đã được tăng cường,속성이 강화되었습니다,Atributo foi aprimorado,คุณสมบัติได้รับการเสริมพลัง,1,-1,{star=8;advance=13;goodFeel=100},-1,{}
50302,403,,2,{},0.5,普攻技能获得强化提升!,普攻技能獲得強化提升！,Normal skill has been enhanced!,Kỹ năng thường đã được tăng cường!,일반 스킬이 강화되었습니다!,Habilidade normal foi fortalecida!,สกิลปกติได้รับการเสริมพลัง!,1,-1,{effort=7;zawakeStage=108;equipStarSum=6;equipAwakeSum=2},-1,{}
50303,403,,3,{},0.5,小技能获得强化提升!,小技能獲得強化提升！,Minor skill has been enhanced!,Kỹ năng nhỏ đã được tăng cường!,소형 스킬이 강화되었습니다!,Habilidade menor foi aprimorada!,สกิลย่อยได้รับการเสริมพลัง!,1,-1,{star=9;goodFeel=160;zawakeStage=208;advance=15},-1,{}
50304,403,,4,{},0.5,被动技能获得强化提升!,被動技能獲得強化提升！,Passive skill has been enhanced!,Kỹ năng bị động đã được tăng cường!,패시브 스킬이 강화되었습니다!,Habilidade passiva foi fortalecida!,สกิลพาสซีฟได้รับการเสริมพลัง!,1,-1,{effort=9;equipStarSum=9;zawakeStage=308;nvalueSum=140},-1,{}
50305,403,,5,{},0.5,属性获得增强,屬性獲得增強,Attribute has been enhanced,Thuộc tính đã được tăng cường,속성이 강화되었습니다,Atributo foi aprimorado,คุณสมบัติได้รับการเสริมพลัง,1,-1,{star=10;goodFeel=220;zawakeStage=408;advance=16},-1,{}
50306,403,,6,{},0.5,大招技能获得强化提升!,終極技能獲得強化提升！,Ultimate skill has been enhanced!,Kỹ năng tối thượng đã được tăng cường!,궁극 스킬이 강화되었습니다!,Habilidade suprema foi fortalecida!,สกิลอัลติเมตได้รับการเสริมพลัง!,1,-1,{effort=11;zawakeStage=508;equipStarSum=12;equipAwakeSum=4},-1,{}
50307,403,,7,{},0.5,属性获得增强,屬性獲得增強,Attribute has been enhanced,Thuộc tính đã được tăng cường,속성이 강화되었습니다,Atributo foi aprimorado,คุณสมบัติได้รับการเสริมพลัง,1,-1,{star=11;goodFeel=300;zawakeStage=608;advance=17},-1,{}
50308,403,,8,{},0.5,属性获得增强,屬性獲得增強,Attribute has been enhanced,Thuộc tính đã được tăng cường,속성이 강화되었습니다,Atributo foi aprimorado,คุณสมบัติได้รับการเสริมพลัง,1,-1,{effort=13;equipStarSum=15;zawakeStage=708;nvalueSum=140},-1,{}
54101,441,,1,{},0.5,属性获得增强,屬性獲得增強,Attribute has been enhanced,Thuộc tính đã được tăng cường,속성이 강화되었습니다,Atributo foi aprimorado,คุณสมบัติได้รับการเสริมพลัง,1,-1,{star=8;advance=13;goodFeel=100},-1,{}
54102,441,,2,{},0.5,普攻技能获得强化提升!,普攻技能獲得強化提升！,Normal skill has been enhanced!,Kỹ năng thường đã được tăng cường!,일반 스킬이 강화되었습니다!,Habilidade normal foi fortalecida!,สกิลปกติได้รับการเสริมพลัง!,1,-1,{effort=7;zawakeStage=108;equipStarSum=6;equipAwakeSum=2},-1,{}
54103,441,,3,{},0.5,小技能获得强化提升!,小技能獲得強化提升！,Minor skill has been enhanced!,Kỹ năng nhỏ đã được tăng cường!,소형 스킬이 강화되었습니다!,Habilidade menor foi aprimorada!,สกิลย่อยได้รับการเสริมพลัง!,1,-1,{star=9;goodFeel=160;zawakeStage=208;advance=15},-1,{}
54104,441,,4,{},0.5,被动技能获得强化提升!,被動技能獲得強化提升！,Passive skill has been enhanced!,Kỹ năng bị động đã được tăng cường!,패시브 스킬이 강화되었습니다!,Habilidade passiva foi fortalecida!,สกิลพาสซีฟได้รับการเสริมพลัง!,1,-1,{effort=9;equipStarSum=9;zawakeStage=308;nvalueSum=140},-1,{}
54105,441,,5,{},0.5,属性获得增强,屬性獲得增強,Attribute has been enhanced,Thuộc tính đã được tăng cường,속성이 강화되었습니다,Atributo foi aprimorado,คุณสมบัติได้รับการเสริมพลัง,1,-1,{star=10;goodFeel=220;zawakeStage=408;advance=16},-1,{}
54106,441,,6,{},0.5,大招技能获得强化提升!,終極技能獲得強化提升！,Ultimate skill has been enhanced!,Kỹ năng tối thượng đã được tăng cường!,궁극 스킬이 강화되었습니다!,Habilidade suprema foi fortalecida!,สกิลอัลติเมตได้รับการเสริมพลัง!,1,-1,{effort=11;zawakeStage=508;equipStarSum=12;equipAwakeSum=4},-1,{}
54107,441,,7,{},0.5,属性获得增强,屬性獲得增強,Attribute has been enhanced,Thuộc tính đã được tăng cường,속성이 강화되었습니다,Atributo foi aprimorado,คุณสมบัติได้รับการเสริมพลัง,1,-1,{star=11;goodFeel=300;zawakeStage=608;advance=17},-1,{}
54108,441,,8,{},0.5,属性获得增强,屬性獲得增強,Attribute has been enhanced,Thuộc tính đã được tăng cường,속성이 강화되었습니다,Atributo foi aprimorado,คุณสมบัติได้รับการเสริมพลัง,1,-1,{effort=13;equipStarSum=15;zawakeStage=708;nvalueSum=140},-1,{}
55101,451,,1,{},0.5,属性获得增强,屬性獲得增強,Attribute has been enhanced,Thuộc tính đã được tăng cường,속성이 강화되었습니다,Atributo foi aprimorado,คุณสมบัติได้รับการเสริมพลัง,1,-1,{star=8;advance=13;goodFeel=100},-1,{}
55102,451,,2,{},0.5,普攻技能获得强化提升!,普攻技能獲得強化提升！,Normal skill has been enhanced!,Kỹ năng thường đã được tăng cường!,일반 스킬이 강화되었습니다!,Habilidade normal foi fortalecida!,สกิลปกติได้รับการเสริมพลัง!,1,-1,{effort=7;zawakeStage=108;equipStarSum=6;equipAwakeSum=2},-1,{}
55103,451,,3,{},0.5,小技能获得强化提升!,小技能獲得強化提升！,Minor skill has been enhanced!,Kỹ năng nhỏ đã được tăng cường!,소형 스킬이 강화되었습니다!,Habilidade menor foi aprimorada!,สกิลย่อยได้รับการเสริมพลัง!,1,-1,{star=9;goodFeel=150;zawakeStage=208;advance=14},-1,{}
55104,451,,4,{},0.5,被动技能获得强化提升!,被動技能獲得強化提升！,Passive skill has been enhanced!,Kỹ năng bị động đã được tăng cường!,패시브 스킬이 강화되었습니다!,Habilidade passiva foi fortalecida!,สกิลพาสซีฟได้รับการเสริมพลัง!,1,-1,{effort=9;equipStarSum=8;zawakeStage=308;nvalueSum=140},-1,{}
55105,451,,5,{},0.5,属性获得增强,屬性獲得增強,Attribute has been enhanced,Thuộc tính đã được tăng cường,속성이 강화되었습니다,Atributo foi aprimorado,คุณสมบัติได้รับการเสริมพลัง,1,-1,{star=10;goodFeel=200;zawakeStage=408;advance=15},-1,{}
55106,451,,6,{},0.5,大招技能获得强化提升!,終極技能獲得強化提升！,Ultimate skill has been enhanced!,Kỹ năng tối thượng đã được tăng cường!,궁극 스킬이 강화되었습니다!,Habilidade suprema foi fortalecida!,สกิลอัลติเมตได้รับการเสริมพลัง!,1,-1,{effort=11;zawakeStage=508;equipStarSum=10;equipAwakeSum=4},-1,{}
55107,451,,7,{},0.5,属性获得增强,屬性獲得增強,Attribute has been enhanced,Thuộc tính đã được tăng cường,속성이 강화되었습니다,Atributo foi aprimorado,คุณสมบัติได้รับการเสริมพลัง,1,-1,{star=11;goodFeel=250;zawakeStage=608;advance=16},-1,{}
55108,451,,8,{},0.5,属性获得增强,屬性獲得增強,Attribute has been enhanced,Thuộc tính đã được tăng cường,속성이 강화되었습니다,Atributo foi aprimorado,คุณสมบัติได้รับการเสริมพลัง,1,-1,{effort=13;equipStarSum=12;zawakeStage=708;nvalueSum=140},-1,{}
56101,461,,1,{},0.5,属性获得增强,屬性獲得增強,Attribute has been enhanced,Thuộc tính đã được tăng cường,속성이 강화되었습니다,Atributo foi aprimorado,คุณสมบัติได้รับการเสริมพลัง,1,-1,{star=8;advance=13;goodFeel=100},-1,{}
56102,461,,2,{},0.5,普攻技能获得强化提升!,普攻技能獲得強化提升！,Normal skill has been enhanced!,Kỹ năng thường đã được tăng cường!,일반 스킬이 강화되었습니다!,Habilidade normal foi fortalecida!,สกิลปกติได้รับการเสริมพลัง!,1,-1,{effort=7;zawakeStage=108;equipStarSum=6;equipAwakeSum=2},-1,{}
56103,461,,3,{},0.5,小技能获得强化提升!,小技能獲得強化提升！,Minor skill has been enhanced!,Kỹ năng nhỏ đã được tăng cường!,소형 스킬이 강화되었습니다!,Habilidade menor foi aprimorada!,สกิลย่อยได้รับการเสริมพลัง!,1,-1,{star=9;goodFeel=150;zawakeStage=208;advance=14},-1,{}
56104,461,,4,{},0.5,被动技能获得强化提升!,被動技能獲得強化提升！,Passive skill has been enhanced!,Kỹ năng bị động đã được tăng cường!,패시브 스킬이 강화되었습니다!,Habilidade passiva foi fortalecida!,สกิลพาสซีฟได้รับการเสริมพลัง!,1,-1,{effort=9;equipStarSum=8;zawakeStage=308;nvalueSum=140},-1,{}
56105,461,,5,{},0.5,属性获得增强,屬性獲得增強,Attribute has been enhanced,Thuộc tính đã được tăng cường,속성이 강화되었습니다,Atributo foi aprimorado,คุณสมบัติได้รับการเสริมพลัง,1,-1,{star=10;goodFeel=200;zawakeStage=408;advance=15},-1,{}
56106,461,,6,{},0.5,大招技能获得强化提升!,終極技能獲得強化提升！,Ultimate skill has been enhanced!,Kỹ năng tối thượng đã được tăng cường!,궁극 스킬이 강화되었습니다!,Habilidade suprema foi fortalecida!,สกิลอัลติเมตได้รับการเสริมพลัง!,1,-1,{effort=11;zawakeStage=508;equipStarSum=10;equipAwakeSum=4},-1,{}
56107,461,,7,{},0.5,属性获得增强,屬性獲得增強,Attribute has been enhanced,Thuộc tính đã được tăng cường,속성이 강화되었습니다,Atributo foi aprimorado,คุณสมบัติได้รับการเสริมพลัง,1,-1,{star=11;goodFeel=250;zawakeStage=608;advance=16},-1,{}
56108,461,,8,{},0.5,属性获得增强,屬性獲得增強,Attribute has been enhanced,Thuộc tính đã được tăng cường,속성이 강화되었습니다,Atributo foi aprimorado,คุณสมบัติได้รับการเสริมพลัง,1,-1,{effort=13;equipStarSum=12;zawakeStage=708;nvalueSum=140},-1,{}
56201,462,,1,{},0.5,属性获得增强,屬性獲得增強,Attribute has been enhanced,Thuộc tính đã được tăng cường,속성이 강화되었습니다,Atributo foi aprimorado,คุณสมบัติได้รับการเสริมพลัง,1,-1,{star=8;advance=13;goodFeel=100},-1,{}
56202,462,,2,{},0.5,普攻技能获得强化提升!,普攻技能獲得強化提升！,Normal skill has been enhanced!,Kỹ năng thường đã được tăng cường!,일반 스킬이 강화되었습니다!,Habilidade normal foi fortalecida!,สกิลปกติได้รับการเสริมพลัง!,1,-1,{effort=7;zawakeStage=108;equipStarSum=6;equipAwakeSum=2},-1,{}
56203,462,,3,{},0.5,小技能获得强化提升!,小技能獲得強化提升！,Minor skill has been enhanced!,Kỹ năng nhỏ đã được tăng cường!,소형 스킬이 강화되었습니다!,Habilidade menor foi aprimorada!,สกิลย่อยได้รับการเสริมพลัง!,1,-1,{star=9;goodFeel=150;zawakeStage=208;advance=14},-1,{}
56204,462,,4,{},0.5,被动技能获得强化提升!,被動技能獲得強化提升！,Passive skill has been enhanced!,Kỹ năng bị động đã được tăng cường!,패시브 스킬이 강화되었습니다!,Habilidade passiva foi fortalecida!,สกิลพาสซีฟได้รับการเสริมพลัง!,1,-1,{effort=9;equipStarSum=8;zawakeStage=308;nvalueSum=140},-1,{}
56205,462,,5,{},0.5,属性获得增强,屬性獲得增強,Attribute has been enhanced,Thuộc tính đã được tăng cường,속성이 강화되었습니다,Atributo foi aprimorado,คุณสมบัติได้รับการเสริมพลัง,1,-1,{star=10;goodFeel=200;zawakeStage=408;advance=15},-1,{}
56206,462,,6,{},0.5,大招技能获得强化提升!,終極技能獲得強化提升！,Ultimate skill has been enhanced!,Kỹ năng tối thượng đã được tăng cường!,궁극 스킬이 강화되었습니다!,Habilidade suprema foi fortalecida!,สกิลอัลติเมตได้รับการเสริมพลัง!,1,-1,{effort=11;zawakeStage=508;equipStarSum=10;equipAwakeSum=4},-1,{}
56207,462,,7,{},0.5,属性获得增强,屬性獲得增強,Attribute has been enhanced,Thuộc tính đã được tăng cường,속성이 강화되었습니다,Atributo foi aprimorado,คุณสมบัติได้รับการเสริมพลัง,1,-1,{star=11;goodFeel=250;zawakeStage=608;advance=16},-1,{}
56208,462,,8,{},0.5,属性获得增强,屬性獲得增強,Attribute has been enhanced,Thuộc tính đã được tăng cường,속성이 강화되었습니다,Atributo foi aprimorado,คุณสมบัติได้รับการเสริมพลัง,1,-1,{effort=13;equipStarSum=12;zawakeStage=708;nvalueSum=140},-1,{}
56301,463,,1,{},0.5,属性获得增强,屬性獲得增強,Attribute has been enhanced,Thuộc tính đã được tăng cường,속성이 강화되었습니다,Atributo foi aprimorado,คุณสมบัติได้รับการเสริมพลัง,1,-1,{star=8;advance=13;goodFeel=100},-1,{}
56302,463,,2,{},0.5,普攻技能获得强化提升!,普攻技能獲得強化提升！,Normal skill has been enhanced!,Kỹ năng thường đã được tăng cường!,일반 스킬이 강화되었습니다!,Habilidade normal foi fortalecida!,สกิลปกติได้รับการเสริมพลัง!,1,-1,{effort=7;zawakeStage=108;equipStarSum=6;equipAwakeSum=2},-1,{}
56303,463,,3,{},0.5,小技能获得强化提升!,小技能獲得強化提升！,Minor skill has been enhanced!,Kỹ năng nhỏ đã được tăng cường!,소형 스킬이 강화되었습니다!,Habilidade menor foi aprimorada!,สกิลย่อยได้รับการเสริมพลัง!,1,-1,{star=9;goodFeel=150;zawakeStage=208;advance=14},-1,{}
56304,463,,4,{},0.5,被动技能获得强化提升!,被動技能獲得強化提升！,Passive skill has been enhanced!,Kỹ năng bị động đã được tăng cường!,패시브 스킬이 강화되었습니다!,Habilidade passiva foi fortalecida!,สกิลพาสซีฟได้รับการเสริมพลัง!,1,-1,{effort=9;equipStarSum=8;zawakeStage=308;nvalueSum=140},-1,{}
56305,463,,5,{},0.5,属性获得增强,屬性獲得增強,Attribute has been enhanced,Thuộc tính đã được tăng cường,속성이 강화되었습니다,Atributo foi aprimorado,คุณสมบัติได้รับการเสริมพลัง,1,-1,{star=10;goodFeel=200;zawakeStage=408;advance=15},-1,{}
56306,463,,6,{},0.5,大招技能获得强化提升!,終極技能獲得強化提升！,Ultimate skill has been enhanced!,Kỹ năng tối thượng đã được tăng cường!,궁극 스킬이 강화되었습니다!,Habilidade suprema foi fortalecida!,สกิลอัลติเมตได้รับการเสริมพลัง!,1,-1,{effort=11;zawakeStage=508;equipStarSum=10;equipAwakeSum=4},-1,{}
56307,463,,7,{},0.5,属性获得增强,屬性獲得增強,Attribute has been enhanced,Thuộc tính đã được tăng cường,속성이 강화되었습니다,Atributo foi aprimorado,คุณสมบัติได้รับการเสริมพลัง,1,-1,{star=11;goodFeel=250;zawakeStage=608;advance=16},-1,{}
56308,463,,8,{},0.5,属性获得增强,屬性獲得增強,Attribute has been enhanced,Thuộc tính đã được tăng cường,속성이 강화되었습니다,Atributo foi aprimorado,คุณสมบัติได้รับการเสริมพลัง,1,-1,{effort=13;equipStarSum=12;zawakeStage=708;nvalueSum=140},-1,{}
57101,471,,1,{},0.5,属性获得增强,屬性獲得增強,Attribute has been enhanced,Thuộc tính đã được tăng cường,속성이 강화되었습니다,Atributo foi aprimorado,คุณสมบัติได้รับการเสริมพลัง,1,-1,{star=8;advance=13;goodFeel=100},-1,{}
57102,471,,2,{},0.5,普攻技能获得强化提升!,普攻技能獲得強化提升！,Normal skill has been enhanced!,Kỹ năng thường đã được tăng cường!,일반 스킬이 강화되었습니다!,Habilidade normal foi fortalecida!,สกิลปกติได้รับการเสริมพลัง!,1,-1,{effort=7;zawakeStage=108;equipStarSum=6;equipAwakeSum=2},-1,{}
57103,471,,3,{},0.5,小技能获得强化提升!,小技能獲得強化提升！,Minor skill has been enhanced!,Kỹ năng nhỏ đã được tăng cường!,소형 스킬이 강화되었습니다!,Habilidade menor foi aprimorada!,สกิลย่อยได้รับการเสริมพลัง!,1,-1,{star=9;goodFeel=150;zawakeStage=208;advance=14},-1,{}
57104,471,,4,{},0.5,被动技能获得强化提升!,被動技能獲得強化提升！,Passive skill has been enhanced!,Kỹ năng bị động đã được tăng cường!,패시브 스킬이 강화되었습니다!,Habilidade passiva foi fortalecida!,สกิลพาสซีฟได้รับการเสริมพลัง!,1,-1,{effort=9;equipStarSum=8;zawakeStage=308;nvalueSum=140},-1,{}
57105,471,,5,{},0.5,属性获得增强,屬性獲得增強,Attribute has been enhanced,Thuộc tính đã được tăng cường,속성이 강화되었습니다,Atributo foi aprimorado,คุณสมบัติได้รับการเสริมพลัง,1,-1,{star=10;goodFeel=200;zawakeStage=408;advance=15},-1,{}
57106,471,,6,{},0.5,大招技能获得强化提升!,終極技能獲得強化提升！,Ultimate skill has been enhanced!,Kỹ năng tối thượng đã được tăng cường!,궁극 스킬이 강화되었습니다!,Habilidade suprema foi fortalecida!,สกิลอัลติเมตได้รับการเสริมพลัง!,1,-1,{effort=11;zawakeStage=508;equipStarSum=10;equipAwakeSum=4},-1,{}
57107,471,,7,{},0.5,属性获得增强,屬性獲得增強,Attribute has been enhanced,Thuộc tính đã được tăng cường,속성이 강화되었습니다,Atributo foi aprimorado,คุณสมบัติได้รับการเสริมพลัง,1,-1,{star=11;goodFeel=250;zawakeStage=608;advance=16},-1,{}
57108,471,,8,{},0.5,属性获得增强,屬性獲得增強,Attribute has been enhanced,Thuộc tính đã được tăng cường,속성이 강화되었습니다,Atributo foi aprimorado,คุณสมบัติได้รับการเสริมพลัง,1,-1,{effort=13;equipStarSum=12;zawakeStage=708;nvalueSum=140},-1,{}
58101,481,,1,{},0.5,属性获得增强,屬性獲得增強,Attribute has been enhanced,Thuộc tính đã được tăng cường,속성이 강화되었습니다,Atributo foi aprimorado,คุณสมบัติได้รับการเสริมพลัง,1,-1,{star=8;advance=13;goodFeel=100},-1,{}
58102,481,,2,{},0.5,普攻技能获得强化提升!,普攻技能獲得強化提升！,Normal skill has been enhanced!,Kỹ năng thường đã được tăng cường!,일반 스킬이 강화되었습니다!,Habilidade normal foi fortalecida!,สกิลปกติได้รับการเสริมพลัง!,1,-1,{effort=7;zawakeStage=108;equipStarSum=6;equipAwakeSum=2},-1,{}
58103,481,,3,{},0.5,小技能获得强化提升!,小技能獲得強化提升！,Minor skill has been enhanced!,Kỹ năng nhỏ đã được tăng cường!,소형 스킬이 강화되었습니다!,Habilidade menor foi aprimorada!,สกิลย่อยได้รับการเสริมพลัง!,1,-1,{star=9;goodFeel=150;zawakeStage=208;advance=14},-1,{}
58104,481,,4,{},0.5,被动技能获得强化提升!,被動技能獲得強化提升！,Passive skill has been enhanced!,Kỹ năng bị động đã được tăng cường!,패시브 스킬이 강화되었습니다!,Habilidade passiva foi fortalecida!,สกิลพาสซีฟได้รับการเสริมพลัง!,1,-1,{effort=9;equipStarSum=8;zawakeStage=308;nvalueSum=140},-1,{}
58105,481,,5,{},0.5,属性获得增强,屬性獲得增強,Attribute has been enhanced,Thuộc tính đã được tăng cường,속성이 강화되었습니다,Atributo foi aprimorado,คุณสมบัติได้รับการเสริมพลัง,1,-1,{star=10;goodFeel=200;zawakeStage=408;advance=15},-1,{}
58106,481,,6,{},0.5,大招技能获得强化提升!,終極技能獲得強化提升！,Ultimate skill has been enhanced!,Kỹ năng tối thượng đã được tăng cường!,궁극 스킬이 강화되었습니다!,Habilidade suprema foi fortalecida!,สกิลอัลติเมตได้รับการเสริมพลัง!,1,-1,{effort=11;zawakeStage=508;equipStarSum=10;equipAwakeSum=4},-1,{}
58107,481,,7,{},0.5,属性获得增强,屬性獲得增強,Attribute has been enhanced,Thuộc tính đã được tăng cường,속성이 강화되었습니다,Atributo foi aprimorado,คุณสมบัติได้รับการเสริมพลัง,1,-1,{star=11;goodFeel=250;zawakeStage=608;advance=16},-1,{}
58108,481,,8,{},0.5,属性获得增强,屬性獲得增強,Attribute has been enhanced,Thuộc tính đã được tăng cường,속성이 강화되었습니다,Atributo foi aprimorado,คุณสมบัติได้รับการเสริมพลัง,1,-1,{effort=13;equipStarSum=12;zawakeStage=708;nvalueSum=140},-1,{}
59101,491,,1,{},0.5,属性获得增强,屬性獲得增強,Attribute has been enhanced,Thuộc tính đã được tăng cường,속성이 강화되었습니다,Atributo foi aprimorado,คุณสมบัติได้รับการเสริมพลัง,1,-1,{star=8;advance=13;goodFeel=100},-1,{}
59102,491,,2,{},0.5,普攻技能获得强化提升!,普攻技能獲得強化提升！,Normal skill has been enhanced!,Kỹ năng thường đã được tăng cường!,일반 스킬이 강화되었습니다!,Habilidade normal foi fortalecida!,สกิลปกติได้รับการเสริมพลัง!,1,-1,{effort=7;zawakeStage=108;equipStarSum=6;equipAwakeSum=2},-1,{}
59103,491,,3,{},0.5,小技能获得强化提升!,小技能獲得強化提升！,Minor skill has been enhanced!,Kỹ năng nhỏ đã được tăng cường!,소형 스킬이 강화되었습니다!,Habilidade menor foi aprimorada!,สกิลย่อยได้รับการเสริมพลัง!,1,-1,{star=9;goodFeel=160;zawakeStage=208;advance=15},-1,{}
59104,491,,4,{},0.5,被动技能获得强化提升!,被動技能獲得強化提升！,Passive skill has been enhanced!,Kỹ năng bị động đã được tăng cường!,패시브 스킬이 강화되었습니다!,Habilidade passiva foi fortalecida!,สกิลพาสซีฟได้รับการเสริมพลัง!,1,-1,{effort=9;equipStarSum=9;zawakeStage=308;nvalueSum=140},-1,{}
59105,491,,5,{},0.5,属性获得增强,屬性獲得增強,Attribute has been enhanced,Thuộc tính đã được tăng cường,속성이 강화되었습니다,Atributo foi aprimorado,คุณสมบัติได้รับการเสริมพลัง,1,-1,{star=10;goodFeel=220;zawakeStage=408;advance=16},-1,{}
59106,491,,6,{},0.5,大招技能获得强化提升!,終極技能獲得強化提升！,Ultimate skill has been enhanced!,Kỹ năng tối thượng đã được tăng cường!,궁극 스킬이 강화되었습니다!,Habilidade suprema foi fortalecida!,สกิลอัลติเมตได้รับการเสริมพลัง!,1,-1,{effort=11;zawakeStage=508;equipStarSum=12;equipAwakeSum=4},-1,{}
59107,491,,7,{},0.5,属性获得增强,屬性獲得增強,Attribute has been enhanced,Thuộc tính đã được tăng cường,속성이 강화되었습니다,Atributo foi aprimorado,คุณสมบัติได้รับการเสริมพลัง,1,-1,{star=11;goodFeel=300;zawakeStage=608;advance=17},-1,{}
59108,491,,8,{},0.5,属性获得增强,屬性獲得增強,Attribute has been enhanced,Thuộc tính đã được tăng cường,속성이 강화되었습니다,Atributo foi aprimorado,คุณสมบัติได้รับการเสริมพลัง,1,-1,{effort=13;equipStarSum=15;zawakeStage=708;nvalueSum=140},-1,{}
60101,501,,1,{},0.5,属性获得增强,屬性獲得增強,Attribute has been enhanced,Thuộc tính đã được tăng cường,속성이 강화되었습니다,Atributo foi aprimorado,คุณสมบัติได้รับการเสริมพลัง,1,-1,{star=8;advance=13;goodFeel=100},-1,{}
60102,501,,2,{},0.5,普攻技能获得强化提升!,普攻技能獲得強化提升！,Normal skill has been enhanced!,Kỹ năng thường đã được tăng cường!,일반 스킬이 강화되었습니다!,Habilidade normal foi fortalecida!,สกิลปกติได้รับการเสริมพลัง!,1,-1,{effort=7;zawakeStage=108;equipStarSum=6;equipAwakeSum=2},-1,{}
60103,501,,3,{},0.5,小技能获得强化提升!,小技能獲得強化提升！,Minor skill has been enhanced!,Kỹ năng nhỏ đã được tăng cường!,소형 스킬이 강화되었습니다!,Habilidade menor foi aprimorada!,สกิลย่อยได้รับการเสริมพลัง!,1,-1,{star=9;goodFeel=160;zawakeStage=208;advance=15},-1,{}
60104,501,,4,{},0.5,被动技能获得强化提升!,被動技能獲得強化提升！,Passive skill has been enhanced!,Kỹ năng bị động đã được tăng cường!,패시브 스킬이 강화되었습니다!,Habilidade passiva foi fortalecida!,สกิลพาสซีฟได้รับการเสริมพลัง!,1,-1,{effort=9;equipStarSum=9;zawakeStage=308;nvalueSum=140},-1,{}
60105,501,,5,{},0.5,属性获得增强,屬性獲得增強,Attribute has been enhanced,Thuộc tính đã được tăng cường,속성이 강화되었습니다,Atributo foi aprimorado,คุณสมบัติได้รับการเสริมพลัง,1,-1,{star=10;goodFeel=220;zawakeStage=408;advance=16},-1,{}
60106,501,,6,{},0.5,大招技能获得强化提升!,終極技能獲得強化提升！,Ultimate skill has been enhanced!,Kỹ năng tối thượng đã được tăng cường!,궁극 스킬이 강화되었습니다!,Habilidade suprema foi fortalecida!,สกิลอัลติเมตได้รับการเสริมพลัง!,1,-1,{effort=11;zawakeStage=508;equipStarSum=12;equipAwakeSum=4},-1,{}
60107,501,,7,{},0.5,属性获得增强,屬性獲得增強,Attribute has been enhanced,Thuộc tính đã được tăng cường,속성이 강화되었습니다,Atributo foi aprimorado,คุณสมบัติได้รับการเสริมพลัง,1,-1,{star=11;goodFeel=300;zawakeStage=608;advance=17},-1,{}
60108,501,,8,{},0.5,属性获得增强,屬性獲得增強,Attribute has been enhanced,Thuộc tính đã được tăng cường,속성이 강화되었습니다,Atributo foi aprimorado,คุณสมบัติได้รับการเสริมพลัง,1,-1,{effort=13;equipStarSum=15;zawakeStage=708;nvalueSum=140},-1,{}
64101,541,,1,{},0.5,属性获得增强,屬性獲得增強,Attribute has been enhanced,Thuộc tính đã được tăng cường,속성이 강화되었습니다,Atributo foi aprimorado,คุณสมบัติได้รับการเสริมพลัง,1,-1,{star=8;advance=13;goodFeel=100},-1,{}
64102,541,,2,{},0.5,普攻技能获得强化提升!,普攻技能獲得強化提升！,Normal skill has been enhanced!,Kỹ năng thường đã được tăng cường!,일반 스킬이 강화되었습니다!,Habilidade normal foi fortalecida!,สกิลปกติได้รับการเสริมพลัง!,1,-1,{effort=7;zawakeStage=108;equipStarSum=6;equipAwakeSum=2},-1,{}
64103,541,,3,{},0.5,小技能获得强化提升!,小技能獲得強化提升！,Minor skill has been enhanced!,Kỹ năng nhỏ đã được tăng cường!,소형 스킬이 강화되었습니다!,Habilidade menor foi aprimorada!,สกิลย่อยได้รับการเสริมพลัง!,1,-1,{star=9;goodFeel=150;zawakeStage=208;advance=14},-1,{}
64104,541,,4,{},0.5,被动技能获得强化提升!,被動技能獲得強化提升！,Passive skill has been enhanced!,Kỹ năng bị động đã được tăng cường!,패시브 스킬이 강화되었습니다!,Habilidade passiva foi fortalecida!,สกิลพาสซีฟได้รับการเสริมพลัง!,1,-1,{effort=9;equipStarSum=8;zawakeStage=308;nvalueSum=140},-1,{}
64105,541,,5,{},0.5,属性获得增强,屬性獲得增強,Attribute has been enhanced,Thuộc tính đã được tăng cường,속성이 강화되었습니다,Atributo foi aprimorado,คุณสมบัติได้รับการเสริมพลัง,1,-1,{star=10;goodFeel=200;zawakeStage=408;advance=15},-1,{}
64106,541,,6,{},0.5,大招技能获得强化提升!,終極技能獲得強化提升！,Ultimate skill has been enhanced!,Kỹ năng tối thượng đã được tăng cường!,궁극 스킬이 강화되었습니다!,Habilidade suprema foi fortalecida!,สกิลอัลติเมตได้รับการเสริมพลัง!,1,-1,{effort=11;zawakeStage=508;equipStarSum=10;equipAwakeSum=4},-1,{}
64107,541,,7,{},0.5,属性获得增强,屬性獲得增強,Attribute has been enhanced,Thuộc tính đã được tăng cường,속성이 강화되었습니다,Atributo foi aprimorado,คุณสมบัติได้รับการเสริมพลัง,1,-1,{star=11;goodFeel=250;zawakeStage=608;advance=16},-1,{}
64108,541,,8,{},0.5,属性获得增强,屬性獲得增強,Attribute has been enhanced,Thuộc tính đã được tăng cường,속성이 강화되었습니다,Atributo foi aprimorado,คุณสมบัติได้รับการเสริมพลัง,1,-1,{effort=13;equipStarSum=12;zawakeStage=708;nvalueSum=140},-1,{}
65101,551,,1,{},0.5,属性获得增强,屬性獲得增強,Attribute has been enhanced,Thuộc tính đã được tăng cường,속성이 강화되었습니다,Atributo foi aprimorado,คุณสมบัติได้รับการเสริมพลัง,1,-1,{star=8;advance=13;goodFeel=100},-1,{}
65102,551,,2,{},0.5,普攻技能获得强化提升!,普攻技能獲得強化提升！,Normal skill has been enhanced!,Kỹ năng thường đã được tăng cường!,일반 스킬이 강화되었습니다!,Habilidade normal foi fortalecida!,สกิลปกติได้รับการเสริมพลัง!,1,-1,{effort=7;zawakeStage=108;equipStarSum=6;equipAwakeSum=2},-1,{}
65103,551,,3,{},0.5,小技能获得强化提升!,小技能獲得強化提升！,Minor skill has been enhanced!,Kỹ năng nhỏ đã được tăng cường!,소형 스킬이 강화되었습니다!,Habilidade menor foi aprimorada!,สกิลย่อยได้รับการเสริมพลัง!,1,-1,{star=9;goodFeel=150;zawakeStage=208;advance=14},-1,{}
65104,551,,4,{},0.5,被动技能获得强化提升!,被動技能獲得強化提升！,Passive skill has been enhanced!,Kỹ năng bị động đã được tăng cường!,패시브 스킬이 강화되었습니다!,Habilidade passiva foi fortalecida!,สกิลพาสซีฟได้รับการเสริมพลัง!,1,-1,{effort=9;equipStarSum=8;zawakeStage=308;nvalueSum=140},-1,{}
65105,551,,5,{},0.5,属性获得增强,屬性獲得增強,Attribute has been enhanced,Thuộc tính đã được tăng cường,속성이 강화되었습니다,Atributo foi aprimorado,คุณสมบัติได้รับการเสริมพลัง,1,-1,{star=10;goodFeel=200;zawakeStage=408;advance=15},-1,{}
65106,551,,6,{},0.5,大招技能获得强化提升!,終極技能獲得強化提升！,Ultimate skill has been enhanced!,Kỹ năng tối thượng đã được tăng cường!,궁극 스킬이 강화되었습니다!,Habilidade suprema foi fortalecida!,สกิลอัลติเมตได้รับการเสริมพลัง!,1,-1,{effort=11;zawakeStage=508;equipStarSum=10;equipAwakeSum=4},-1,{}
65107,551,,7,{},0.5,属性获得增强,屬性獲得增強,Attribute has been enhanced,Thuộc tính đã được tăng cường,속성이 강화되었습니다,Atributo foi aprimorado,คุณสมบัติได้รับการเสริมพลัง,1,-1,{star=11;goodFeel=250;zawakeStage=608;advance=16},-1,{}
65108,551,,8,{},0.5,属性获得增强,屬性獲得增強,Attribute has been enhanced,Thuộc tính đã được tăng cường,속성이 강화되었습니다,Atributo foi aprimorado,คุณสมบัติได้รับการเสริมพลัง,1,-1,{effort=13;equipStarSum=12;zawakeStage=708;nvalueSum=140},-1,{}
66101,561,,1,{},0.5,属性获得增强,屬性獲得增強,Attribute has been enhanced,Thuộc tính đã được tăng cường,속성이 강화되었습니다,Atributo foi aprimorado,คุณสมบัติได้รับการเสริมพลัง,1,-1,{star=8;advance=13;goodFeel=100},-1,{}
66102,561,,2,{},0.5,普攻技能获得强化提升!,普攻技能獲得強化提升！,Normal skill has been enhanced!,Kỹ năng thường đã được tăng cường!,일반 스킬이 강화되었습니다!,Habilidade normal foi fortalecida!,สกิลปกติได้รับการเสริมพลัง!,1,-1,{effort=7;zawakeStage=108;equipStarSum=6;equipAwakeSum=2},-1,{}
66103,561,,3,{},0.5,小技能获得强化提升!,小技能獲得強化提升！,Minor skill has been enhanced!,Kỹ năng nhỏ đã được tăng cường!,소형 스킬이 강화되었습니다!,Habilidade menor foi aprimorada!,สกิลย่อยได้รับการเสริมพลัง!,1,-1,{star=9;goodFeel=160;zawakeStage=208;advance=15},-1,{}
66104,561,,4,{},0.5,被动技能获得强化提升!,被動技能獲得強化提升！,Passive skill has been enhanced!,Kỹ năng bị động đã được tăng cường!,패시브 스킬이 강화되었습니다!,Habilidade passiva foi fortalecida!,สกิลพาสซีฟได้รับการเสริมพลัง!,1,-1,{effort=9;equipStarSum=9;zawakeStage=308;nvalueSum=140},-1,{}
66105,561,,5,{},0.5,属性获得增强,屬性獲得增強,Attribute has been enhanced,Thuộc tính đã được tăng cường,속성이 강화되었습니다,Atributo foi aprimorado,คุณสมบัติได้รับการเสริมพลัง,1,-1,{star=10;goodFeel=220;zawakeStage=408;advance=16},-1,{}
66106,561,,6,{},0.5,大招技能获得强化提升!,終極技能獲得強化提升！,Ultimate skill has been enhanced!,Kỹ năng tối thượng đã được tăng cường!,궁극 스킬이 강화되었습니다!,Habilidade suprema foi fortalecida!,สกิลอัลติเมตได้รับการเสริมพลัง!,1,-1,{effort=11;zawakeStage=508;equipStarSum=12;equipAwakeSum=4},-1,{}
66107,561,,7,{},0.5,属性获得增强,屬性獲得增強,Attribute has been enhanced,Thuộc tính đã được tăng cường,속성이 강화되었습니다,Atributo foi aprimorado,คุณสมบัติได้รับการเสริมพลัง,1,-1,{star=11;goodFeel=300;zawakeStage=608;advance=17},-1,{}
66108,561,,8,{},0.5,属性获得增强,屬性獲得增強,Attribute has been enhanced,Thuộc tính đã được tăng cường,속성이 강화되었습니다,Atributo foi aprimorado,คุณสมบัติได้รับการเสริมพลัง,1,-1,{effort=13;equipStarSum=15;zawakeStage=708;nvalueSum=140},-1,{}
67101,571,,1,{},0.5,属性获得增强,屬性獲得增強,Attribute has been enhanced,Thuộc tính đã được tăng cường,속성이 강화되었습니다,Atributo foi aprimorado,คุณสมบัติได้รับการเสริมพลัง,1,-1,{star=8;advance=13;goodFeel=100},-1,{}
67102,571,,2,{},0.5,普攻技能获得强化提升!,普攻技能獲得強化提升！,Normal skill has been enhanced!,Kỹ năng thường đã được tăng cường!,일반 스킬이 강화되었습니다!,Habilidade normal foi fortalecida!,สกิลปกติได้รับการเสริมพลัง!,1,-1,{effort=7;zawakeStage=108;equipStarSum=6;equipAwakeSum=2},-1,{}
67103,571,,3,{},0.5,小技能获得强化提升!,小技能獲得強化提升！,Minor skill has been enhanced!,Kỹ năng nhỏ đã được tăng cường!,소형 스킬이 강화되었습니다!,Habilidade menor foi aprimorada!,สกิลย่อยได้รับการเสริมพลัง!,1,-1,{star=9;goodFeel=160;zawakeStage=208;advance=15},-1,{}
67104,571,,4,{},0.5,被动技能获得强化提升!,被動技能獲得強化提升！,Passive skill has been enhanced!,Kỹ năng bị động đã được tăng cường!,패시브 스킬이 강화되었습니다!,Habilidade passiva foi fortalecida!,สกิลพาสซีฟได้รับการเสริมพลัง!,1,-1,{effort=9;equipStarSum=9;zawakeStage=308;nvalueSum=140},-1,{}
67105,571,,5,{},0.5,属性获得增强,屬性獲得增強,Attribute has been enhanced,Thuộc tính đã được tăng cường,속성이 강화되었습니다,Atributo foi aprimorado,คุณสมบัติได้รับการเสริมพลัง,1,-1,{star=10;goodFeel=220;zawakeStage=408;advance=16},-1,{}
67106,571,,6,{},0.5,大招技能获得强化提升!,終極技能獲得強化提升！,Ultimate skill has been enhanced!,Kỹ năng tối thượng đã được tăng cường!,궁극 스킬이 강화되었습니다!,Habilidade suprema foi fortalecida!,สกิลอัลติเมตได้รับการเสริมพลัง!,1,-1,{effort=11;zawakeStage=508;equipStarSum=12;equipAwakeSum=4},-1,{}
67107,571,,7,{},0.5,属性获得增强,屬性獲得增強,Attribute has been enhanced,Thuộc tính đã được tăng cường,속성이 강화되었습니다,Atributo foi aprimorado,คุณสมบัติได้รับการเสริมพลัง,1,-1,{star=11;goodFeel=300;zawakeStage=608;advance=17},-1,{}
67108,571,,8,{},0.5,属性获得增强,屬性獲得增強,Attribute has been enhanced,Thuộc tính đã được tăng cường,속성이 강화되었습니다,Atributo foi aprimorado,คุณสมบัติได้รับการเสริมพลัง,1,-1,{effort=13;equipStarSum=15;zawakeStage=708;nvalueSum=140},-1,{}
67201,572,,1,{},0.5,属性获得增强,屬性獲得增強,Attribute has been enhanced,Thuộc tính đã được tăng cường,속성이 강화되었습니다,Atributo foi aprimorado,คุณสมบัติได้รับการเสริมพลัง,1,-1,{star=8;advance=13;goodFeel=100},-1,{}
67202,572,,2,{},0.5,普攻技能获得强化提升!,普攻技能獲得強化提升！,Normal skill has been enhanced!,Kỹ năng thường đã được tăng cường!,일반 스킬이 강화되었습니다!,Habilidade normal foi fortalecida!,สกิลปกติได้รับการเสริมพลัง!,1,-1,{effort=7;zawakeStage=108;equipStarSum=6;equipAwakeSum=2},-1,{}
67203,572,,3,{},0.5,小技能获得强化提升!,小技能獲得強化提升！,Minor skill has been enhanced!,Kỹ năng nhỏ đã được tăng cường!,소형 스킬이 강화되었습니다!,Habilidade menor foi aprimorada!,สกิลย่อยได้รับการเสริมพลัง!,1,-1,{star=9;goodFeel=160;zawakeStage=208;advance=15},-1,{}
67204,572,,4,{},0.5,被动技能获得强化提升!,被動技能獲得強化提升！,Passive skill has been enhanced!,Kỹ năng bị động đã được tăng cường!,패시브 스킬이 강화되었습니다!,Habilidade passiva foi fortalecida!,สกิลพาสซีฟได้รับการเสริมพลัง!,1,-1,{effort=9;equipStarSum=9;zawakeStage=308;nvalueSum=140},-1,{}
67205,572,,5,{},0.5,属性获得增强,屬性獲得增強,Attribute has been enhanced,Thuộc tính đã được tăng cường,속성이 강화되었습니다,Atributo foi aprimorado,คุณสมบัติได้รับการเสริมพลัง,1,-1,{star=10;goodFeel=220;zawakeStage=408;advance=16},-1,{}
67206,572,,6,{},0.5,大招技能获得强化提升!,終極技能獲得強化提升！,Ultimate skill has been enhanced!,Kỹ năng tối thượng đã được tăng cường!,궁극 스킬이 강화되었습니다!,Habilidade suprema foi fortalecida!,สกิลอัลติเมตได้รับการเสริมพลัง!,1,-1,{effort=11;zawakeStage=508;equipStarSum=12;equipAwakeSum=4},-1,{}
67207,572,,7,{},0.5,属性获得增强,屬性獲得增強,Attribute has been enhanced,Thuộc tính đã được tăng cường,속성이 강화되었습니다,Atributo foi aprimorado,คุณสมบัติได้รับการเสริมพลัง,1,-1,{star=11;goodFeel=300;zawakeStage=608;advance=17},-1,{}
67208,572,,8,{},0.5,属性获得增强,屬性獲得增強,Attribute has been enhanced,Thuộc tính đã được tăng cường,속성이 강화되었습니다,Atributo foi aprimorado,คุณสมบัติได้รับการเสริมพลัง,1,-1,{effort=13;equipStarSum=15;zawakeStage=708;nvalueSum=140},-1,{}
69101,591,,1,{},0.5,属性获得增强,屬性獲得增強,Attribute has been enhanced,Thuộc tính đã được tăng cường,속성이 강화되었습니다,Atributo foi aprimorado,คุณสมบัติได้รับการเสริมพลัง,1,-1,{star=8;advance=13;goodFeel=100},-1,{}
69102,591,,2,{},0.5,普攻技能获得强化提升!,普攻技能獲得強化提升！,Normal skill has been enhanced!,Kỹ năng thường đã được tăng cường!,일반 스킬이 강화되었습니다!,Habilidade normal foi fortalecida!,สกิลปกติได้รับการเสริมพลัง!,1,-1,{effort=7;zawakeStage=108;equipStarSum=6;equipAwakeSum=2},-1,{}
69103,591,,3,{},0.5,小技能获得强化提升!,小技能獲得強化提升！,Minor skill has been enhanced!,Kỹ năng nhỏ đã được tăng cường!,소형 스킬이 강화되었습니다!,Habilidade menor foi aprimorada!,สกิลย่อยได้รับการเสริมพลัง!,1,-1,{star=9;goodFeel=160;zawakeStage=208;advance=15},-1,{}
69104,591,,4,{},0.5,被动技能获得强化提升!,被動技能獲得強化提升！,Passive skill has been enhanced!,Kỹ năng bị động đã được tăng cường!,패시브 스킬이 강화되었습니다!,Habilidade passiva foi fortalecida!,สกิลพาสซีฟได้รับการเสริมพลัง!,1,-1,{effort=9;equipStarSum=9;zawakeStage=308;nvalueSum=140},-1,{}
69105,591,,5,{},0.5,属性获得增强,屬性獲得增強,Attribute has been enhanced,Thuộc tính đã được tăng cường,속성이 강화되었습니다,Atributo foi aprimorado,คุณสมบัติได้รับการเสริมพลัง,1,-1,{star=10;goodFeel=220;zawakeStage=408;advance=16},-1,{}
69106,591,,6,{},0.5,大招技能获得强化提升!,終極技能獲得強化提升！,Ultimate skill has been enhanced!,Kỹ năng tối thượng đã được tăng cường!,궁극 스킬이 강화되었습니다!,Habilidade suprema foi fortalecida!,สกิลอัลติเมตได้รับการเสริมพลัง!,1,-1,{effort=11;zawakeStage=508;equipStarSum=12;equipAwakeSum=4},-1,{}
69107,591,,7,{},0.5,属性获得增强,屬性獲得增強,Attribute has been enhanced,Thuộc tính đã được tăng cường,속성이 강화되었습니다,Atributo foi aprimorado,คุณสมบัติได้รับการเสริมพลัง,1,-1,{star=11;goodFeel=300;zawakeStage=608;advance=17},-1,{}
69108,591,,8,{},0.5,属性获得增强,屬性獲得增強,Attribute has been enhanced,Thuộc tính đã được tăng cường,속성이 강화되었습니다,Atributo foi aprimorado,คุณสมบัติได้รับการเสริมพลัง,1,-1,{effort=13;equipStarSum=15;zawakeStage=708;nvalueSum=140},-1,{}
70101,601,,1,{},0.5,属性获得增强,屬性獲得增強,Attribute has been enhanced,Thuộc tính đã được tăng cường,속성이 강화되었습니다,Atributo foi aprimorado,คุณสมบัติได้รับการเสริมพลัง,1,-1,{star=8;advance=13;goodFeel=100},-1,{}
70102,601,,2,{},0.5,普攻技能获得强化提升!,普攻技能獲得強化提升！,Normal skill has been enhanced!,Kỹ năng thường đã được tăng cường!,일반 스킬이 강화되었습니다!,Habilidade normal foi fortalecida!,สกิลปกติได้รับการเสริมพลัง!,1,-1,{effort=7;zawakeStage=108;equipStarSum=6;equipAwakeSum=2},-1,{}
70103,601,,3,{},0.5,小技能获得强化提升!,小技能獲得強化提升！,Minor skill has been enhanced!,Kỹ năng nhỏ đã được tăng cường!,소형 스킬이 강화되었습니다!,Habilidade menor foi aprimorada!,สกิลย่อยได้รับการเสริมพลัง!,1,-1,{star=9;goodFeel=160;zawakeStage=208;advance=15},-1,{}
70104,601,,4,{},0.5,被动技能获得强化提升!,被動技能獲得強化提升！,Passive skill has been enhanced!,Kỹ năng bị động đã được tăng cường!,패시브 스킬이 강화되었습니다!,Habilidade passiva foi fortalecida!,สกิลพาสซีฟได้รับการเสริมพลัง!,1,-1,{effort=9;equipStarSum=9;zawakeStage=308;nvalueSum=140},-1,{}
70105,601,,5,{},0.5,属性获得增强,屬性獲得增強,Attribute has been enhanced,Thuộc tính đã được tăng cường,속성이 강화되었습니다,Atributo foi aprimorado,คุณสมบัติได้รับการเสริมพลัง,1,-1,{star=10;goodFeel=220;zawakeStage=408;advance=16},-1,{}
70106,601,,6,{},0.5,大招技能获得强化提升!,終極技能獲得強化提升！,Ultimate skill has been enhanced!,Kỹ năng tối thượng đã được tăng cường!,궁극 스킬이 강화되었습니다!,Habilidade suprema foi fortalecida!,สกิลอัลติเมตได้รับการเสริมพลัง!,1,-1,{effort=11;zawakeStage=508;equipStarSum=12;equipAwakeSum=4},-1,{}
70107,601,,7,{},0.5,属性获得增强,屬性獲得增強,Attribute has been enhanced,Thuộc tính đã được tăng cường,속성이 강화되었습니다,Atributo foi aprimorado,คุณสมบัติได้รับการเสริมพลัง,1,-1,{star=11;goodFeel=300;zawakeStage=608;advance=17},-1,{}
70108,601,,8,{},0.5,属性获得增强,屬性獲得增強,Attribute has been enhanced,Thuộc tính đã được tăng cường,속성이 강화되었습니다,Atributo foi aprimorado,คุณสมบัติได้รับการเสริมพลัง,1,-1,{effort=13;equipStarSum=15;zawakeStage=708;nvalueSum=140},-1,{}
71101,611,,1,{},0.5,属性获得增强,屬性獲得增強,Attribute has been enhanced,Thuộc tính đã được tăng cường,속성이 강화되었습니다,Atributo foi aprimorado,คุณสมบัติได้รับการเสริมพลัง,1,-1,{star=8;advance=13;goodFeel=100},-1,{}
71102,611,,2,{},0.5,普攻技能获得强化提升!,普攻技能獲得強化提升！,Normal skill has been enhanced!,Kỹ năng thường đã được tăng cường!,일반 스킬이 강화되었습니다!,Habilidade normal foi fortalecida!,สกิลปกติได้รับการเสริมพลัง!,1,-1,{effort=7;zawakeStage=108;equipStarSum=6;equipAwakeSum=2},-1,{}
71103,611,,3,{},0.5,小技能获得强化提升!,小技能獲得強化提升！,Minor skill has been enhanced!,Kỹ năng nhỏ đã được tăng cường!,소형 스킬이 강화되었습니다!,Habilidade menor foi aprimorada!,สกิลย่อยได้รับการเสริมพลัง!,1,-1,{star=9;goodFeel=160;zawakeStage=208;advance=15},-1,{}
71104,611,,4,{},0.5,被动技能获得强化提升!,被動技能獲得強化提升！,Passive skill has been enhanced!,Kỹ năng bị động đã được tăng cường!,패시브 스킬이 강화되었습니다!,Habilidade passiva foi fortalecida!,สกิลพาสซีฟได้รับการเสริมพลัง!,1,-1,{effort=9;equipStarSum=9;zawakeStage=308;nvalueSum=140},-1,{}
71105,611,,5,{},0.5,属性获得增强,屬性獲得增強,Attribute has been enhanced,Thuộc tính đã được tăng cường,속성이 강화되었습니다,Atributo foi aprimorado,คุณสมบัติได้รับการเสริมพลัง,1,-1,{star=10;goodFeel=220;zawakeStage=408;advance=16},-1,{}
71106,611,,6,{},0.5,大招技能获得强化提升!,終極技能獲得強化提升！,Ultimate skill has been enhanced!,Kỹ năng tối thượng đã được tăng cường!,궁극 스킬이 강화되었습니다!,Habilidade suprema foi fortalecida!,สกิลอัลติเมตได้รับการเสริมพลัง!,1,-1,{effort=11;zawakeStage=508;equipStarSum=12;equipAwakeSum=4},-1,{}
71107,611,,7,{},0.5,属性获得增强,屬性獲得增強,Attribute has been enhanced,Thuộc tính đã được tăng cường,속성이 강화되었습니다,Atributo foi aprimorado,คุณสมบัติได้รับการเสริมพลัง,1,-1,{star=11;goodFeel=300;zawakeStage=608;advance=17},-1,{}
71108,611,,8,{},0.5,属性获得增强,屬性獲得增強,Attribute has been enhanced,Thuộc tính đã được tăng cường,속성이 강화되었습니다,Atributo foi aprimorado,คุณสมบัติได้รับการเสริมพลัง,1,-1,{effort=13;equipStarSum=15;zawakeStage=708;nvalueSum=140},-1,{}
73101,631,,1,{},0.5,属性获得增强,屬性獲得增強,Attribute has been enhanced,Thuộc tính đã được tăng cường,속성이 강화되었습니다,Atributo foi aprimorado,คุณสมบัติได้รับการเสริมพลัง,1,-1,{star=8;advance=13;goodFeel=100},-1,{}
73102,631,,2,{},0.5,普攻技能获得强化提升!,普攻技能獲得強化提升！,Normal skill has been enhanced!,Kỹ năng thường đã được tăng cường!,일반 스킬이 강화되었습니다!,Habilidade normal foi fortalecida!,สกิลปกติได้รับการเสริมพลัง!,1,-1,{effort=7;zawakeStage=108;equipStarSum=6;equipAwakeSum=2},-1,{}
73103,631,,3,{},0.5,小技能获得强化提升!,小技能獲得強化提升！,Minor skill has been enhanced!,Kỹ năng nhỏ đã được tăng cường!,소형 스킬이 강화되었습니다!,Habilidade menor foi aprimorada!,สกิลย่อยได้รับการเสริมพลัง!,1,-1,{star=9;goodFeel=160;zawakeStage=208;advance=15},-1,{}
73104,631,,4,{},0.5,被动技能获得强化提升!,被動技能獲得強化提升！,Passive skill has been enhanced!,Kỹ năng bị động đã được tăng cường!,패시브 스킬이 강화되었습니다!,Habilidade passiva foi fortalecida!,สกิลพาสซีฟได้รับการเสริมพลัง!,1,-1,{effort=9;equipStarSum=9;zawakeStage=308;nvalueSum=140},-1,{}
73105,631,,5,{},0.5,属性获得增强,屬性獲得增強,Attribute has been enhanced,Thuộc tính đã được tăng cường,속성이 강화되었습니다,Atributo foi aprimorado,คุณสมบัติได้รับการเสริมพลัง,1,-1,{star=10;goodFeel=220;zawakeStage=408;advance=16},-1,{}
73106,631,,6,{},0.5,大招技能获得强化提升!,終極技能獲得強化提升！,Ultimate skill has been enhanced!,Kỹ năng tối thượng đã được tăng cường!,궁극 스킬이 강화되었습니다!,Habilidade suprema foi fortalecida!,สกิลอัลติเมตได้รับการเสริมพลัง!,1,-1,{effort=11;zawakeStage=508;equipStarSum=12;equipAwakeSum=4},-1,{}
73107,631,,7,{},0.5,属性获得增强,屬性獲得增強,Attribute has been enhanced,Thuộc tính đã được tăng cường,속성이 강화되었습니다,Atributo foi aprimorado,คุณสมบัติได้รับการเสริมพลัง,1,-1,{star=11;goodFeel=300;zawakeStage=608;advance=17},-1,{}
73108,631,,8,{},0.5,属性获得增强,屬性獲得增強,Attribute has been enhanced,Thuộc tính đã được tăng cường,속성이 강화되었습니다,Atributo foi aprimorado,คุณสมบัติได้รับการเสริมพลัง,1,-1,{effort=13;equipStarSum=15;zawakeStage=708;nvalueSum=140},-1,{}
73201,632,,1,{},0.5,属性获得增强,屬性獲得增強,Attribute has been enhanced,Thuộc tính đã được tăng cường,속성이 강화되었습니다,Atributo foi aprimorado,คุณสมบัติได้รับการเสริมพลัง,1,-1,{star=8;advance=13;goodFeel=100},-1,{}
73202,632,,2,{},0.5,普攻技能获得强化提升!,普攻技能獲得強化提升！,Normal skill has been enhanced!,Kỹ năng thường đã được tăng cường!,일반 스킬이 강화되었습니다!,Habilidade normal foi fortalecida!,สกิลปกติได้รับการเสริมพลัง!,1,-1,{effort=7;zawakeStage=108;equipStarSum=6;equipAwakeSum=2},-1,{}
73203,632,,3,{},0.5,小技能获得强化提升!,小技能獲得強化提升！,Minor skill has been enhanced!,Kỹ năng nhỏ đã được tăng cường!,소형 스킬이 강화되었습니다!,Habilidade menor foi aprimorada!,สกิลย่อยได้รับการเสริมพลัง!,1,-1,{star=9;goodFeel=160;zawakeStage=208;advance=15},-1,{}
73204,632,,4,{},0.5,被动技能获得强化提升!,被動技能獲得強化提升！,Passive skill has been enhanced!,Kỹ năng bị động đã được tăng cường!,패시브 스킬이 강화되었습니다!,Habilidade passiva foi fortalecida!,สกิลพาสซีฟได้รับการเสริมพลัง!,1,-1,{effort=9;equipStarSum=9;zawakeStage=308;nvalueSum=140},-1,{}
73205,632,,5,{},0.5,属性获得增强,屬性獲得增強,Attribute has been enhanced,Thuộc tính đã được tăng cường,속성이 강화되었습니다,Atributo foi aprimorado,คุณสมบัติได้รับการเสริมพลัง,1,-1,{star=10;goodFeel=220;zawakeStage=408;advance=16},-1,{}
73206,632,,6,{},0.5,大招技能获得强化提升!,終極技能獲得強化提升！,Ultimate skill has been enhanced!,Kỹ năng tối thượng đã được tăng cường!,궁극 스킬이 강화되었습니다!,Habilidade suprema foi fortalecida!,สกิลอัลติเมตได้รับการเสริมพลัง!,1,-1,{effort=11;zawakeStage=508;equipStarSum=12;equipAwakeSum=4},-1,{}
73207,632,,7,{},0.5,属性获得增强,屬性獲得增強,Attribute has been enhanced,Thuộc tính đã được tăng cường,속성이 강화되었습니다,Atributo foi aprimorado,คุณสมบัติได้รับการเสริมพลัง,1,-1,{star=11;goodFeel=300;zawakeStage=608;advance=17},-1,{}
73208,632,,8,{},0.5,属性获得增强,屬性獲得增強,Attribute has been enhanced,Thuộc tính đã được tăng cường,속성이 강화되었습니다,Atributo foi aprimorado,คุณสมบัติได้รับการเสริมพลัง,1,-1,{effort=13;equipStarSum=15;zawakeStage=708;nvalueSum=140},-1,{}
74101,641,,1,{},0.5,属性获得增强,屬性獲得增強,Attribute has been enhanced,Thuộc tính đã được tăng cường,속성이 강화되었습니다,Atributo foi aprimorado,คุณสมบัติได้รับการเสริมพลัง,1,-1,{star=8;advance=13;goodFeel=100},-1,{}
74102,641,,2,{},0.5,普攻技能获得强化提升!,普攻技能獲得強化提升！,Normal skill has been enhanced!,Kỹ năng thường đã được tăng cường!,일반 스킬이 강화되었습니다!,Habilidade normal foi fortalecida!,สกิลปกติได้รับการเสริมพลัง!,1,-1,{effort=7;zawakeStage=108;equipStarSum=6;equipAwakeSum=2},-1,{}
74103,641,,3,{},0.5,小技能获得强化提升!,小技能獲得強化提升！,Minor skill has been enhanced!,Kỹ năng nhỏ đã được tăng cường!,소형 스킬이 강화되었습니다!,Habilidade menor foi aprimorada!,สกิลย่อยได้รับการเสริมพลัง!,1,-1,{star=9;goodFeel=160;zawakeStage=208;advance=15},-1,{}
74104,641,,4,{},0.5,被动技能获得强化提升!,被動技能獲得強化提升！,Passive skill has been enhanced!,Kỹ năng bị động đã được tăng cường!,패시브 스킬이 강화되었습니다!,Habilidade passiva foi fortalecida!,สกิลพาสซีฟได้รับการเสริมพลัง!,1,-1,{effort=9;equipStarSum=9;zawakeStage=308;nvalueSum=140},-1,{}
74105,641,,5,{},0.5,属性获得增强,屬性獲得增強,Attribute has been enhanced,Thuộc tính đã được tăng cường,속성이 강화되었습니다,Atributo foi aprimorado,คุณสมบัติได้รับการเสริมพลัง,1,-1,{star=10;goodFeel=220;zawakeStage=408;advance=16},-1,{}
74106,641,,6,{},0.5,大招技能获得强化提升!,終極技能獲得強化提升！,Ultimate skill has been enhanced!,Kỹ năng tối thượng đã được tăng cường!,궁극 스킬이 강화되었습니다!,Habilidade suprema foi fortalecida!,สกิลอัลติเมตได้รับการเสริมพลัง!,1,-1,{effort=11;zawakeStage=508;equipStarSum=12;equipAwakeSum=4},-1,{}
74107,641,,7,{},0.5,属性获得增强,屬性獲得增強,Attribute has been enhanced,Thuộc tính đã được tăng cường,속성이 강화되었습니다,Atributo foi aprimorado,คุณสมบัติได้รับการเสริมพลัง,1,-1,{star=11;goodFeel=300;zawakeStage=608;advance=17},-1,{}
74108,641,,8,{},0.5,属性获得增强,屬性獲得增強,Attribute has been enhanced,Thuộc tính đã được tăng cường,속성이 강화되었습니다,Atributo foi aprimorado,คุณสมบัติได้รับการเสริมพลัง,1,-1,{effort=13;equipStarSum=15;zawakeStage=708;nvalueSum=140},-1,{}
79101,691,,1,{},0.5,属性获得增强,屬性獲得增強,Attribute has been enhanced,Thuộc tính đã được tăng cường,속성이 강화되었습니다,Atributo foi aprimorado,คุณสมบัติได้รับการเสริมพลัง,1,-1,{star=8;advance=13;goodFeel=100},-1,{}
79102,691,,2,{},0.5,普攻技能获得强化提升!,普攻技能獲得強化提升！,Normal skill has been enhanced!,Kỹ năng thường đã được tăng cường!,일반 스킬이 강화되었습니다!,Habilidade normal foi fortalecida!,สกิลปกติได้รับการเสริมพลัง!,1,-1,{effort=7;zawakeStage=108;equipStarSum=6;equipAwakeSum=2},-1,{}
79103,691,,3,{},0.5,小技能获得强化提升!,小技能獲得強化提升！,Minor skill has been enhanced!,Kỹ năng nhỏ đã được tăng cường!,소형 스킬이 강화되었습니다!,Habilidade menor foi aprimorada!,สกิลย่อยได้รับการเสริมพลัง!,1,-1,{star=9;goodFeel=150;zawakeStage=208;advance=14},-1,{}
79104,691,,4,{},0.5,被动技能获得强化提升!,被動技能獲得強化提升！,Passive skill has been enhanced!,Kỹ năng bị động đã được tăng cường!,패시브 스킬이 강화되었습니다!,Habilidade passiva foi fortalecida!,สกิลพาสซีฟได้รับการเสริมพลัง!,1,-1,{effort=9;equipStarSum=8;zawakeStage=308;nvalueSum=140},-1,{}
79105,691,,5,{},0.5,属性获得增强,屬性獲得增強,Attribute has been enhanced,Thuộc tính đã được tăng cường,속성이 강화되었습니다,Atributo foi aprimorado,คุณสมบัติได้รับการเสริมพลัง,1,-1,{star=10;goodFeel=200;zawakeStage=408;advance=15},-1,{}
79106,691,,6,{},0.5,大招技能获得强化提升!,終極技能獲得強化提升！,Ultimate skill has been enhanced!,Kỹ năng tối thượng đã được tăng cường!,궁극 스킬이 강화되었습니다!,Habilidade suprema foi fortalecida!,สกิลอัลติเมตได้รับการเสริมพลัง!,1,-1,{effort=11;zawakeStage=508;equipStarSum=10;equipAwakeSum=4},-1,{}
79107,691,,7,{},0.5,属性获得增强,屬性獲得增強,Attribute has been enhanced,Thuộc tính đã được tăng cường,속성이 강화되었습니다,Atributo foi aprimorado,คุณสมบัติได้รับการเสริมพลัง,1,-1,{star=11;goodFeel=250;zawakeStage=608;advance=16},-1,{}
79108,691,,8,{},0.5,属性获得增强,屬性獲得增強,Attribute has been enhanced,Thuộc tính đã được tăng cường,속성이 강화되었습니다,Atributo foi aprimorado,คุณสมบัติได้รับการเสริมพลัง,1,-1,{effort=13;equipStarSum=12;zawakeStage=708;nvalueSum=140},-1,{}
80101,701,,1,{},0.5,属性获得增强,屬性獲得增強,Attribute has been enhanced,Thuộc tính đã được tăng cường,속성이 강화되었습니다,Atributo foi aprimorado,คุณสมบัติได้รับการเสริมพลัง,1,-1,{star=8;advance=13;goodFeel=100},-1,{}
80102,701,,2,{},0.5,普攻技能获得强化提升!,普攻技能獲得強化提升！,Normal skill has been enhanced!,Kỹ năng thường đã được tăng cường!,일반 스킬이 강화되었습니다!,Habilidade normal foi fortalecida!,สกิลปกติได้รับการเสริมพลัง!,1,-1,{effort=7;zawakeStage=108;equipStarSum=6;equipAwakeSum=2},-1,{}
80103,701,,3,{},0.5,小技能获得强化提升!,小技能獲得強化提升！,Minor skill has been enhanced!,Kỹ năng nhỏ đã được tăng cường!,소형 스킬이 강화되었습니다!,Habilidade menor foi aprimorada!,สกิลย่อยได้รับการเสริมพลัง!,1,-1,{star=9;goodFeel=160;zawakeStage=208;advance=15},-1,{}
80104,701,,4,{},0.5,被动技能获得强化提升!,被動技能獲得強化提升！,Passive skill has been enhanced!,Kỹ năng bị động đã được tăng cường!,패시브 스킬이 강화되었습니다!,Habilidade passiva foi fortalecida!,สกิลพาสซีฟได้รับการเสริมพลัง!,1,-1,{effort=9;equipStarSum=9;zawakeStage=308;nvalueSum=140},-1,{}
80105,701,,5,{},0.5,属性获得增强,屬性獲得增強,Attribute has been enhanced,Thuộc tính đã được tăng cường,속성이 강화되었습니다,Atributo foi aprimorado,คุณสมบัติได้รับการเสริมพลัง,1,-1,{star=10;goodFeel=220;zawakeStage=408;advance=16},-1,{}
80106,701,,6,{},0.5,大招技能获得强化提升!,終極技能獲得強化提升！,Ultimate skill has been enhanced!,Kỹ năng tối thượng đã được tăng cường!,궁극 스킬이 강화되었습니다!,Habilidade suprema foi fortalecida!,สกิลอัลติเมตได้รับการเสริมพลัง!,1,-1,{effort=11;zawakeStage=508;equipStarSum=12;equipAwakeSum=4},-1,{}
80107,701,,7,{},0.5,属性获得增强,屬性獲得增強,Attribute has been enhanced,Thuộc tính đã được tăng cường,속성이 강화되었습니다,Atributo foi aprimorado,คุณสมบัติได้รับการเสริมพลัง,1,-1,{star=11;goodFeel=300;zawakeStage=608;advance=17},-1,{}
80108,701,,8,{},0.5,属性获得增强,屬性獲得增強,Attribute has been enhanced,Thuộc tính đã được tăng cường,속성이 강화되었습니다,Atributo foi aprimorado,คุณสมบัติได้รับการเสริมพลัง,1,-1,{effort=13;equipStarSum=15;zawakeStage=708;nvalueSum=140},-1,{}
81101,711,,1,{},0.5,属性获得增强,屬性獲得增強,Attribute has been enhanced,Thuộc tính đã được tăng cường,속성이 강화되었습니다,Atributo foi aprimorado,คุณสมบัติได้รับการเสริมพลัง,1,-1,{star=8;advance=13;goodFeel=100},-1,{}
81102,711,,2,{},0.5,普攻技能获得强化提升!,普攻技能獲得強化提升！,Normal skill has been enhanced!,Kỹ năng thường đã được tăng cường!,일반 스킬이 강화되었습니다!,Habilidade normal foi fortalecida!,สกิลปกติได้รับการเสริมพลัง!,1,-1,{effort=7;zawakeStage=108;equipStarSum=6;equipAwakeSum=2},-1,{}
81103,711,,3,{},0.5,小技能获得强化提升!,小技能獲得強化提升！,Minor skill has been enhanced!,Kỹ năng nhỏ đã được tăng cường!,소형 스킬이 강화되었습니다!,Habilidade menor foi aprimorada!,สกิลย่อยได้รับการเสริมพลัง!,1,-1,{star=9;goodFeel=160;zawakeStage=208;advance=15},-1,{}
81104,711,,4,{},0.5,被动技能获得强化提升!,被動技能獲得強化提升！,Passive skill has been enhanced!,Kỹ năng bị động đã được tăng cường!,패시브 스킬이 강화되었습니다!,Habilidade passiva foi fortalecida!,สกิลพาสซีฟได้รับการเสริมพลัง!,1,-1,{effort=9;equipStarSum=9;zawakeStage=308;nvalueSum=140},-1,{}
81105,711,,5,{},0.5,属性获得增强,屬性獲得增強,Attribute has been enhanced,Thuộc tính đã được tăng cường,속성이 강화되었습니다,Atributo foi aprimorado,คุณสมบัติได้รับการเสริมพลัง,1,-1,{star=10;goodFeel=220;zawakeStage=408;advance=16},-1,{}
81106,711,,6,{},0.5,大招技能获得强化提升!,終極技能獲得強化提升！,Ultimate skill has been enhanced!,Kỹ năng tối thượng đã được tăng cường!,궁극 스킬이 강화되었습니다!,Habilidade suprema foi fortalecida!,สกิลอัลติเมตได้รับการเสริมพลัง!,1,-1,{effort=11;zawakeStage=508;equipStarSum=12;equipAwakeSum=4},-1,{}
81107,711,,7,{},0.5,属性获得增强,屬性獲得增強,Attribute has been enhanced,Thuộc tính đã được tăng cường,속성이 강화되었습니다,Atributo foi aprimorado,คุณสมบัติได้รับการเสริมพลัง,1,-1,{star=11;goodFeel=300;zawakeStage=608;advance=17},-1,{}
81108,711,,8,{},0.5,属性获得增强,屬性獲得增強,Attribute has been enhanced,Thuộc tính đã được tăng cường,속성이 강화되었습니다,Atributo foi aprimorado,คุณสมบัติได้รับการเสริมพลัง,1,-1,{effort=13;equipStarSum=15;zawakeStage=708;nvalueSum=140},-1,{}
82101,721,,1,{},0.5,属性获得增强,屬性獲得增強,Attribute has been enhanced,Thuộc tính đã được tăng cường,속성이 강화되었습니다,Atributo foi aprimorado,คุณสมบัติได้รับการเสริมพลัง,1,-1,{star=8;advance=13;goodFeel=100},-1,{}
82102,721,,2,{},0.5,普攻技能获得强化提升!,普攻技能獲得強化提升！,Normal skill has been enhanced!,Kỹ năng thường đã được tăng cường!,일반 스킬이 강화되었습니다!,Habilidade normal foi fortalecida!,สกิลปกติได้รับการเสริมพลัง!,1,-1,{effort=7;zawakeStage=108;equipStarSum=6;equipAwakeSum=2},-1,{}
82103,721,,3,{},0.5,小技能获得强化提升!,小技能獲得強化提升！,Minor skill has been enhanced!,Kỹ năng nhỏ đã được tăng cường!,소형 스킬이 강화되었습니다!,Habilidade menor foi aprimorada!,สกิลย่อยได้รับการเสริมพลัง!,1,-1,{star=9;goodFeel=160;zawakeStage=208;advance=15},-1,{}
82104,721,,4,{},0.5,被动技能获得强化提升!,被動技能獲得強化提升！,Passive skill has been enhanced!,Kỹ năng bị động đã được tăng cường!,패시브 스킬이 강화되었습니다!,Habilidade passiva foi fortalecida!,สกิลพาสซีฟได้รับการเสริมพลัง!,1,-1,{effort=9;equipStarSum=9;zawakeStage=308;nvalueSum=140},-1,{}
82105,721,,5,{},0.5,属性获得增强,屬性獲得增強,Attribute has been enhanced,Thuộc tính đã được tăng cường,속성이 강화되었습니다,Atributo foi aprimorado,คุณสมบัติได้รับการเสริมพลัง,1,-1,{star=10;goodFeel=220;zawakeStage=408;advance=16},-1,{}
82106,721,,6,{},0.5,大招技能获得强化提升!,終極技能獲得強化提升！,Ultimate skill has been enhanced!,Kỹ năng tối thượng đã được tăng cường!,궁극 스킬이 강화되었습니다!,Habilidade suprema foi fortalecida!,สกิลอัลติเมตได้รับการเสริมพลัง!,1,-1,{effort=11;zawakeStage=508;equipStarSum=12;equipAwakeSum=4},-1,{}
82107,721,,7,{},0.5,属性获得增强,屬性獲得增強,Attribute has been enhanced,Thuộc tính đã được tăng cường,속성이 강화되었습니다,Atributo foi aprimorado,คุณสมบัติได้รับการเสริมพลัง,1,-1,{star=11;goodFeel=300;zawakeStage=608;advance=17},-1,{}
82108,721,,8,{},0.5,属性获得增强,屬性獲得增強,Attribute has been enhanced,Thuộc tính đã được tăng cường,속성이 강화되었습니다,Atributo foi aprimorado,คุณสมบัติได้รับการเสริมพลัง,1,-1,{effort=13;equipStarSum=15;zawakeStage=708;nvalueSum=140},-1,{}
83101,731,,1,{},0.5,属性获得增强,屬性獲得增強,Attribute has been enhanced,Thuộc tính đã được tăng cường,속성이 강화되었습니다,Atributo foi aprimorado,คุณสมบัติได้รับการเสริมพลัง,1,-1,{star=8;advance=13;goodFeel=100},-1,{}
83102,731,,2,{},0.5,普攻技能获得强化提升!,普攻技能獲得強化提升！,Normal skill has been enhanced!,Kỹ năng thường đã được tăng cường!,일반 스킬이 강화되었습니다!,Habilidade normal foi fortalecida!,สกิลปกติได้รับการเสริมพลัง!,1,-1,{effort=7;zawakeStage=108;equipStarSum=6;equipAwakeSum=2},-1,{}
83103,731,,3,{},0.5,小技能获得强化提升!,小技能獲得強化提升！,Minor skill has been enhanced!,Kỹ năng nhỏ đã được tăng cường!,소형 스킬이 강화되었습니다!,Habilidade menor foi aprimorada!,สกิลย่อยได้รับการเสริมพลัง!,1,-1,{star=9;goodFeel=160;zawakeStage=208;advance=15},-1,{}
83104,731,,4,{},0.5,被动技能获得强化提升!,被動技能獲得強化提升！,Passive skill has been enhanced!,Kỹ năng bị động đã được tăng cường!,패시브 스킬이 강화되었습니다!,Habilidade passiva foi fortalecida!,สกิลพาสซีฟได้รับการเสริมพลัง!,1,-1,{effort=9;equipStarSum=9;zawakeStage=308;nvalueSum=140},-1,{}
83105,731,,5,{},0.5,属性获得增强,屬性獲得增強,Attribute has been enhanced,Thuộc tính đã được tăng cường,속성이 강화되었습니다,Atributo foi aprimorado,คุณสมบัติได้รับการเสริมพลัง,1,-1,{star=10;goodFeel=220;zawakeStage=408;advance=16},-1,{}
83106,731,,6,{},0.5,大招技能获得强化提升!,終極技能獲得強化提升！,Ultimate skill has been enhanced!,Kỹ năng tối thượng đã được tăng cường!,궁극 스킬이 강화되었습니다!,Habilidade suprema foi fortalecida!,สกิลอัลติเมตได้รับการเสริมพลัง!,1,-1,{effort=11;zawakeStage=508;equipStarSum=12;equipAwakeSum=4},-1,{}
83107,731,,7,{},0.5,属性获得增强,屬性獲得增強,Attribute has been enhanced,Thuộc tính đã được tăng cường,속성이 강화되었습니다,Atributo foi aprimorado,คุณสมบัติได้รับการเสริมพลัง,1,-1,{star=11;goodFeel=300;zawakeStage=608;advance=17},-1,{}
83108,731,,8,{},0.5,属性获得增强,屬性獲得增強,Attribute has been enhanced,Thuộc tính đã được tăng cường,속성이 강화되었습니다,Atributo foi aprimorado,คุณสมบัติได้รับการเสริมพลัง,1,-1,{effort=13;equipStarSum=15;zawakeStage=708;nvalueSum=140},-1,{}
84101,741,,1,{},0.5,属性获得增强,屬性獲得增強,Attribute has been enhanced,Thuộc tính đã được tăng cường,속성이 강화되었습니다,Atributo foi aprimorado,คุณสมบัติได้รับการเสริมพลัง,1,-1,{star=8;advance=13;goodFeel=100},-1,{}
84102,741,,2,{},0.5,普攻技能获得强化提升!,普攻技能獲得強化提升！,Normal skill has been enhanced!,Kỹ năng thường đã được tăng cường!,일반 스킬이 강화되었습니다!,Habilidade normal foi fortalecida!,สกิลปกติได้รับการเสริมพลัง!,1,-1,{effort=7;zawakeStage=108;equipStarSum=6;equipAwakeSum=2},-1,{}
84103,741,,3,{},0.5,小技能获得强化提升!,小技能獲得強化提升！,Minor skill has been enhanced!,Kỹ năng nhỏ đã được tăng cường!,소형 스킬이 강화되었습니다!,Habilidade menor foi aprimorada!,สกิลย่อยได้รับการเสริมพลัง!,1,-1,{star=9;goodFeel=160;zawakeStage=208;advance=15},-1,{}
84104,741,,4,{},0.5,被动技能获得强化提升!,被動技能獲得強化提升！,Passive skill has been enhanced!,Kỹ năng bị động đã được tăng cường!,패시브 스킬이 강화되었습니다!,Habilidade passiva foi fortalecida!,สกิลพาสซีฟได้รับการเสริมพลัง!,1,-1,{effort=9;equipStarSum=9;zawakeStage=308;nvalueSum=140},-1,{}
84105,741,,5,{},0.5,属性获得增强,屬性獲得增強,Attribute has been enhanced,Thuộc tính đã được tăng cường,속성이 강화되었습니다,Atributo foi aprimorado,คุณสมบัติได้รับการเสริมพลัง,1,-1,{star=10;goodFeel=220;zawakeStage=408;advance=16},-1,{}
84106,741,,6,{},0.5,大招技能获得强化提升!,終極技能獲得強化提升！,Ultimate skill has been enhanced!,Kỹ năng tối thượng đã được tăng cường!,궁극 스킬이 강화되었습니다!,Habilidade suprema foi fortalecida!,สกิลอัลติเมตได้รับการเสริมพลัง!,1,-1,{effort=11;zawakeStage=508;equipStarSum=12;equipAwakeSum=4},-1,{}
84107,741,,7,{},0.5,属性获得增强,屬性獲得增強,Attribute has been enhanced,Thuộc tính đã được tăng cường,속성이 강화되었습니다,Atributo foi aprimorado,คุณสมบัติได้รับการเสริมพลัง,1,-1,{star=11;goodFeel=300;zawakeStage=608;advance=17},-1,{}
84108,741,,8,{},0.5,属性获得增强,屬性獲得增強,Attribute has been enhanced,Thuộc tính đã được tăng cường,속성이 강화되었습니다,Atributo foi aprimorado,คุณสมบัติได้รับการเสริมพลัง,1,-1,{effort=13;equipStarSum=15;zawakeStage=708;nvalueSum=140},-1,{}
85101,751,,1,{},0.5,属性获得增强,屬性獲得增強,Attribute has been enhanced,Thuộc tính đã được tăng cường,속성이 강화되었습니다,Atributo foi aprimorado,คุณสมบัติได้รับการเสริมพลัง,1,-1,{star=8;advance=13;goodFeel=100},-1,{}
85102,751,,2,{},0.5,普攻技能获得强化提升!,普攻技能獲得強化提升！,Normal skill has been enhanced!,Kỹ năng thường đã được tăng cường!,일반 스킬이 강화되었습니다!,Habilidade normal foi fortalecida!,สกิลปกติได้รับการเสริมพลัง!,1,-1,{effort=7;zawakeStage=108;equipStarSum=6;equipAwakeSum=2},-1,{}
85103,751,,3,{},0.5,小技能获得强化提升!,小技能獲得強化提升！,Minor skill has been enhanced!,Kỹ năng nhỏ đã được tăng cường!,소형 스킬이 강화되었습니다!,Habilidade menor foi aprimorada!,สกิลย่อยได้รับการเสริมพลัง!,1,-1,{star=9;goodFeel=160;zawakeStage=208;advance=15},-1,{}
85104,751,,4,{},0.5,被动技能获得强化提升!,被動技能獲得強化提升！,Passive skill has been enhanced!,Kỹ năng bị động đã được tăng cường!,패시브 스킬이 강화되었습니다!,Habilidade passiva foi fortalecida!,สกิลพาสซีฟได้รับการเสริมพลัง!,1,-1,{effort=9;equipStarSum=9;zawakeStage=308;nvalueSum=140},-1,{}
85105,751,,5,{},0.5,属性获得增强,屬性獲得增強,Attribute has been enhanced,Thuộc tính đã được tăng cường,속성이 강화되었습니다,Atributo foi aprimorado,คุณสมบัติได้รับการเสริมพลัง,1,-1,{star=10;goodFeel=220;zawakeStage=408;advance=16},-1,{}
85106,751,,6,{},0.5,大招技能获得强化提升!,終極技能獲得強化提升！,Ultimate skill has been enhanced!,Kỹ năng tối thượng đã được tăng cường!,궁극 스킬이 강화되었습니다!,Habilidade suprema foi fortalecida!,สกิลอัลติเมตได้รับการเสริมพลัง!,1,-1,{effort=11;zawakeStage=508;equipStarSum=12;equipAwakeSum=4},-1,{}
85107,751,,7,{},0.5,属性获得增强,屬性獲得增強,Attribute has been enhanced,Thuộc tính đã được tăng cường,속성이 강화되었습니다,Atributo foi aprimorado,คุณสมบัติได้รับการเสริมพลัง,1,-1,{star=11;goodFeel=300;zawakeStage=608;advance=17},-1,{}
85108,751,,8,{},0.5,属性获得增强,屬性獲得增強,Attribute has been enhanced,Thuộc tính đã được tăng cường,속성이 강화되었습니다,Atributo foi aprimorado,คุณสมบัติได้รับการเสริมพลัง,1,-1,{effort=13;equipStarSum=15;zawakeStage=708;nvalueSum=140},-1,{}
86101,761,,1,{},0.5,属性获得增强,屬性獲得增強,Attribute has been enhanced,Thuộc tính đã được tăng cường,속성이 강화되었습니다,Atributo foi aprimorado,คุณสมบัติได้รับการเสริมพลัง,1,-1,{star=8;advance=13;goodFeel=100},-1,{}
86102,761,,2,{},0.5,普攻技能获得强化提升!,普攻技能獲得強化提升！,Normal skill has been enhanced!,Kỹ năng thường đã được tăng cường!,일반 스킬이 강화되었습니다!,Habilidade normal foi fortalecida!,สกิลปกติได้รับการเสริมพลัง!,1,-1,{effort=7;zawakeStage=108;equipStarSum=6;equipAwakeSum=2},-1,{}
86103,761,,3,{},0.5,小技能获得强化提升!,小技能獲得強化提升！,Minor skill has been enhanced!,Kỹ năng nhỏ đã được tăng cường!,소형 스킬이 강화되었습니다!,Habilidade menor foi aprimorada!,สกิลย่อยได้รับการเสริมพลัง!,1,-1,{star=9;goodFeel=180;zawakeStage=208;advance=15},-1,{}
86104,761,,4,{},0.5,被动技能获得强化提升!,被動技能獲得強化提升！,Passive skill has been enhanced!,Kỹ năng bị động đã được tăng cường!,패시브 스킬이 강화되었습니다!,Habilidade passiva foi fortalecida!,สกิลพาสซีฟได้รับการเสริมพลัง!,1,-1,{effort=9;equipStarSum=12;zawakeStage=308;nvalueSum=160},-1,{}
86105,761,,5,{},0.5,属性获得增强,屬性獲得增強,Attribute has been enhanced,Thuộc tính đã được tăng cường,속성이 강화되었습니다,Atributo foi aprimorado,คุณสมบัติได้รับการเสริมพลัง,1,-1,{star=10;goodFeel=260;zawakeStage=408;advance=17},-1,{}
86106,761,,6,{},0.5,大招技能获得强化提升!,終極技能獲得強化提升！,Ultimate skill has been enhanced!,Kỹ năng tối thượng đã được tăng cường!,궁극 스킬이 강화되었습니다!,Habilidade suprema foi fortalecida!,สกิลอัลติเมตได้รับการเสริมพลัง!,1,-1,{effort=11;zawakeStage=508;equipStarSum=18;equipAwakeSum=6},-1,{}
86107,761,,7,{},0.5,属性获得增强,屬性獲得增強,Attribute has been enhanced,Thuộc tính đã được tăng cường,속성이 강화되었습니다,Atributo foi aprimorado,คุณสมบัติได้รับการเสริมพลัง,1,-1,{star=11;goodFeel=350;zawakeStage=608;advance=19},-1,{}
86108,761,,8,{},0.5,属性获得增强,屬性獲得增強,Attribute has been enhanced,Thuộc tính đã được tăng cường,속성이 강화되었습니다,Atributo foi aprimorado,คุณสมบัติได้รับการเสริมพลัง,1,-1,{effort=13;equipStarSum=24;zawakeStage=708;nvalueSum=160},-1,{}
87101,771,,1,{},0.5,属性获得增强,屬性獲得增強,Attribute has been enhanced,Thuộc tính đã được tăng cường,속성이 강화되었습니다,Atributo foi aprimorado,คุณสมบัติได้รับการเสริมพลัง,1,-1,{star=8;advance=13;goodFeel=100},-1,{}
87102,771,,2,{},0.5,普攻技能获得强化提升!,普攻技能獲得強化提升！,Normal skill has been enhanced!,Kỹ năng thường đã được tăng cường!,일반 스킬이 강화되었습니다!,Habilidade normal foi fortalecida!,สกิลปกติได้รับการเสริมพลัง!,1,-1,{effort=7;zawakeStage=108;equipStarSum=6;equipAwakeSum=2},-1,{}
87103,771,,3,{},0.5,小技能获得强化提升!,小技能獲得強化提升！,Minor skill has been enhanced!,Kỹ năng nhỏ đã được tăng cường!,소형 스킬이 강화되었습니다!,Habilidade menor foi aprimorada!,สกิลย่อยได้รับการเสริมพลัง!,1,-1,{star=9;goodFeel=160;zawakeStage=208;advance=15},-1,{}
87104,771,,4,{},0.5,被动技能获得强化提升!,被動技能獲得強化提升！,Passive skill has been enhanced!,Kỹ năng bị động đã được tăng cường!,패시브 스킬이 강화되었습니다!,Habilidade passiva foi fortalecida!,สกิลพาสซีฟได้รับการเสริมพลัง!,1,-1,{effort=9;equipStarSum=9;zawakeStage=308;nvalueSum=140},-1,{}
87105,771,,5,{},0.5,属性获得增强,屬性獲得增強,Attribute has been enhanced,Thuộc tính đã được tăng cường,속성이 강화되었습니다,Atributo foi aprimorado,คุณสมบัติได้รับการเสริมพลัง,1,-1,{star=10;goodFeel=220;zawakeStage=408;advance=16},-1,{}
87106,771,,6,{},0.5,大招技能获得强化提升!,終極技能獲得強化提升！,Ultimate skill has been enhanced!,Kỹ năng tối thượng đã được tăng cường!,궁극 스킬이 강화되었습니다!,Habilidade suprema foi fortalecida!,สกิลอัลติเมตได้รับการเสริมพลัง!,1,-1,{effort=11;zawakeStage=508;equipStarSum=12;equipAwakeSum=4},-1,{}
87107,771,,7,{},0.5,属性获得增强,屬性獲得增強,Attribute has been enhanced,Thuộc tính đã được tăng cường,속성이 강화되었습니다,Atributo foi aprimorado,คุณสมบัติได้รับการเสริมพลัง,1,-1,{star=11;goodFeel=300;zawakeStage=608;advance=17},-1,{}
87108,771,,8,{},0.5,属性获得增强,屬性獲得增強,Attribute has been enhanced,Thuộc tính đã được tăng cường,속성이 강화되었습니다,Atributo foi aprimorado,คุณสมบัติได้รับการเสริมพลัง,1,-1,{effort=13;equipStarSum=15;zawakeStage=708;nvalueSum=140},-1,{}
88101,781,,1,{},0.5,属性获得增强,屬性獲得增強,Attribute has been enhanced,Thuộc tính đã được tăng cường,속성이 강화되었습니다,Atributo foi aprimorado,คุณสมบัติได้รับการเสริมพลัง,1,-1,{star=8;advance=13;goodFeel=100},-1,{}
88102,781,,2,{},0.5,普攻技能获得强化提升!,普攻技能獲得強化提升！,Normal skill has been enhanced!,Kỹ năng thường đã được tăng cường!,일반 스킬이 강화되었습니다!,Habilidade normal foi fortalecida!,สกิลปกติได้รับการเสริมพลัง!,1,-1,{effort=7;zawakeStage=108;equipStarSum=6;equipAwakeSum=2},-1,{}
88103,781,,3,{},0.5,小技能获得强化提升!,小技能獲得強化提升！,Minor skill has been enhanced!,Kỹ năng nhỏ đã được tăng cường!,소형 스킬이 강화되었습니다!,Habilidade menor foi aprimorada!,สกิลย่อยได้รับการเสริมพลัง!,1,-1,{star=9;goodFeel=150;zawakeStage=208;advance=14},-1,{}
88104,781,,4,{},0.5,被动技能获得强化提升!,被動技能獲得強化提升！,Passive skill has been enhanced!,Kỹ năng bị động đã được tăng cường!,패시브 스킬이 강화되었습니다!,Habilidade passiva foi fortalecida!,สกิลพาสซีฟได้รับการเสริมพลัง!,1,-1,{effort=9;equipStarSum=8;zawakeStage=308;nvalueSum=140},-1,{}
88105,781,,5,{},0.5,属性获得增强,屬性獲得增強,Attribute has been enhanced,Thuộc tính đã được tăng cường,속성이 강화되었습니다,Atributo foi aprimorado,คุณสมบัติได้รับการเสริมพลัง,1,-1,{star=10;goodFeel=200;zawakeStage=408;advance=15},-1,{}
88106,781,,6,{},0.5,大招技能获得强化提升!,終極技能獲得強化提升！,Ultimate skill has been enhanced!,Kỹ năng tối thượng đã được tăng cường!,궁극 스킬이 강화되었습니다!,Habilidade suprema foi fortalecida!,สกิลอัลติเมตได้รับการเสริมพลัง!,1,-1,{effort=11;zawakeStage=508;equipStarSum=10;equipAwakeSum=4},-1,{}
88107,781,,7,{},0.5,属性获得增强,屬性獲得增強,Attribute has been enhanced,Thuộc tính đã được tăng cường,속성이 강화되었습니다,Atributo foi aprimorado,คุณสมบัติได้รับการเสริมพลัง,1,-1,{star=11;goodFeel=250;zawakeStage=608;advance=16},-1,{}
88108,781,,8,{},0.5,属性获得增强,屬性獲得增強,Attribute has been enhanced,Thuộc tính đã được tăng cường,속성이 강화되었습니다,Atributo foi aprimorado,คุณสมบัติได้รับการเสริมพลัง,1,-1,{effort=13;equipStarSum=12;zawakeStage=708;nvalueSum=140},-1,{}
89101,791,,1,{},0.5,属性获得增强,屬性獲得增強,Attribute has been enhanced,Thuộc tính đã được tăng cường,속성이 강화되었습니다,Atributo foi aprimorado,คุณสมบัติได้รับการเสริมพลัง,1,-1,{star=8;advance=13;goodFeel=100},-1,{}
89102,791,,2,{},0.5,普攻技能获得强化提升!,普攻技能獲得強化提升！,Normal skill has been enhanced!,Kỹ năng thường đã được tăng cường!,일반 스킬이 강화되었습니다!,Habilidade normal foi fortalecida!,สกิลปกติได้รับการเสริมพลัง!,1,-1,{effort=7;zawakeStage=108;equipStarSum=6;equipAwakeSum=2},-1,{}
89103,791,,3,{},0.5,小技能获得强化提升!,小技能獲得強化提升！,Minor skill has been enhanced!,Kỹ năng nhỏ đã được tăng cường!,소형 스킬이 강화되었습니다!,Habilidade menor foi aprimorada!,สกิลย่อยได้รับการเสริมพลัง!,1,-1,{star=9;goodFeel=150;zawakeStage=208;advance=14},-1,{}
89104,791,,4,{},0.5,被动技能获得强化提升!,被動技能獲得強化提升！,Passive skill has been enhanced!,Kỹ năng bị động đã được tăng cường!,패시브 스킬이 강화되었습니다!,Habilidade passiva foi fortalecida!,สกิลพาสซีฟได้รับการเสริมพลัง!,1,-1,{effort=9;equipStarSum=8;zawakeStage=308;nvalueSum=140},-1,{}
89105,791,,5,{},0.5,属性获得增强,屬性獲得增強,Attribute has been enhanced,Thuộc tính đã được tăng cường,속성이 강화되었습니다,Atributo foi aprimorado,คุณสมบัติได้รับการเสริมพลัง,1,-1,{star=10;goodFeel=200;zawakeStage=408;advance=15},-1,{}
89106,791,,6,{},0.5,大招技能获得强化提升!,終極技能獲得強化提升！,Ultimate skill has been enhanced!,Kỹ năng tối thượng đã được tăng cường!,궁극 스킬이 강화되었습니다!,Habilidade suprema foi fortalecida!,สกิลอัลติเมตได้รับการเสริมพลัง!,1,-1,{effort=11;zawakeStage=508;equipStarSum=10;equipAwakeSum=4},-1,{}
89107,791,,7,{},0.5,属性获得增强,屬性獲得增強,Attribute has been enhanced,Thuộc tính đã được tăng cường,속성이 강화되었습니다,Atributo foi aprimorado,คุณสมบัติได้รับการเสริมพลัง,1,-1,{star=11;goodFeel=250;zawakeStage=608;advance=16},-1,{}
89108,791,,8,{},0.5,属性获得增强,屬性獲得增強,Attribute has been enhanced,Thuộc tính đã được tăng cường,속성이 강화되었습니다,Atributo foi aprimorado,คุณสมบัติได้รับการเสริมพลัง,1,-1,{effort=13;equipStarSum=12;zawakeStage=708;nvalueSum=140},-1,{}
90101,801,,1,{},0.5,属性获得增强,屬性獲得增強,Attribute has been enhanced,Thuộc tính đã được tăng cường,속성이 강화되었습니다,Atributo foi aprimorado,คุณสมบัติได้รับการเสริมพลัง,1,-1,{star=8;advance=13;goodFeel=100},-1,{}
90102,801,,2,{},0.5,普攻技能获得强化提升!,普攻技能獲得強化提升！,Normal skill has been enhanced!,Kỹ năng thường đã được tăng cường!,일반 스킬이 강화되었습니다!,Habilidade normal foi fortalecida!,สกิลปกติได้รับการเสริมพลัง!,1,-1,{effort=7;zawakeStage=108;equipStarSum=6;equipAwakeSum=2},-1,{}
90103,801,,3,{},0.5,小技能获得强化提升!,小技能獲得強化提升！,Minor skill has been enhanced!,Kỹ năng nhỏ đã được tăng cường!,소형 스킬이 강화되었습니다!,Habilidade menor foi aprimorada!,สกิลย่อยได้รับการเสริมพลัง!,1,-1,{star=9;goodFeel=150;zawakeStage=208;advance=14},-1,{}
90104,801,,4,{},0.5,被动技能获得强化提升!,被動技能獲得強化提升！,Passive skill has been enhanced!,Kỹ năng bị động đã được tăng cường!,패시브 스킬이 강화되었습니다!,Habilidade passiva foi fortalecida!,สกิลพาสซีฟได้รับการเสริมพลัง!,1,-1,{effort=9;equipStarSum=8;zawakeStage=308;nvalueSum=140},-1,{}
90105,801,,5,{},0.5,属性获得增强,屬性獲得增強,Attribute has been enhanced,Thuộc tính đã được tăng cường,속성이 강화되었습니다,Atributo foi aprimorado,คุณสมบัติได้รับการเสริมพลัง,1,-1,{star=10;goodFeel=200;zawakeStage=408;advance=15},-1,{}
90106,801,,6,{},0.5,大招技能获得强化提升!,終極技能獲得強化提升！,Ultimate skill has been enhanced!,Kỹ năng tối thượng đã được tăng cường!,궁극 스킬이 강화되었습니다!,Habilidade suprema foi fortalecida!,สกิลอัลติเมตได้รับการเสริมพลัง!,1,-1,{effort=11;zawakeStage=508;equipStarSum=10;equipAwakeSum=4},-1,{}
90107,801,,7,{},0.5,属性获得增强,屬性獲得增強,Attribute has been enhanced,Thuộc tính đã được tăng cường,속성이 강화되었습니다,Atributo foi aprimorado,คุณสมบัติได้รับการเสริมพลัง,1,-1,{star=11;goodFeel=250;zawakeStage=608;advance=16},-1,{}
90108,801,,8,{},0.5,属性获得增强,屬性獲得增強,Attribute has been enhanced,Thuộc tính đã được tăng cường,속성이 강화되었습니다,Atributo foi aprimorado,คุณสมบัติได้รับการเสริมพลัง,1,-1,{effort=13;equipStarSum=12;zawakeStage=708;nvalueSum=140},-1,{}
96101,861,,1,{},0.5,属性获得增强,屬性獲得增強,Attribute has been enhanced,Thuộc tính đã được tăng cường,속성이 강화되었습니다,Atributo foi aprimorado,คุณสมบัติได้รับการเสริมพลัง,1,-1,{star=8;advance=13;goodFeel=100},-1,{}
96102,861,,2,{},0.5,普攻技能获得强化提升!,普攻技能獲得強化提升！,Normal skill has been enhanced!,Kỹ năng thường đã được tăng cường!,일반 스킬이 강화되었습니다!,Habilidade normal foi fortalecida!,สกิลปกติได้รับการเสริมพลัง!,1,-1,{effort=7;zawakeStage=108;equipStarSum=6;equipAwakeSum=2},-1,{}
96103,861,,3,{},0.5,小技能获得强化提升!,小技能獲得強化提升！,Minor skill has been enhanced!,Kỹ năng nhỏ đã được tăng cường!,소형 스킬이 강화되었습니다!,Habilidade menor foi aprimorada!,สกิลย่อยได้รับการเสริมพลัง!,1,-1,{star=9;goodFeel=160;zawakeStage=208;advance=15},-1,{}
96104,861,,4,{},0.5,被动技能获得强化提升!,被動技能獲得強化提升！,Passive skill has been enhanced!,Kỹ năng bị động đã được tăng cường!,패시브 스킬이 강화되었습니다!,Habilidade passiva foi fortalecida!,สกิลพาสซีฟได้รับการเสริมพลัง!,1,-1,{effort=9;equipStarSum=9;zawakeStage=308;nvalueSum=140},-1,{}
96105,861,,5,{},0.5,属性获得增强,屬性獲得增強,Attribute has been enhanced,Thuộc tính đã được tăng cường,속성이 강화되었습니다,Atributo foi aprimorado,คุณสมบัติได้รับการเสริมพลัง,1,-1,{star=10;goodFeel=220;zawakeStage=408;advance=16},-1,{}
96106,861,,6,{},0.5,大招技能获得强化提升!,終極技能獲得強化提升！,Ultimate skill has been enhanced!,Kỹ năng tối thượng đã được tăng cường!,궁극 스킬이 강화되었습니다!,Habilidade suprema foi fortalecida!,สกิลอัลติเมตได้รับการเสริมพลัง!,1,-1,{effort=11;zawakeStage=508;equipStarSum=12;equipAwakeSum=4},-1,{}
96107,861,,7,{},0.5,属性获得增强,屬性獲得增強,Attribute has been enhanced,Thuộc tính đã được tăng cường,속성이 강화되었습니다,Atributo foi aprimorado,คุณสมบัติได้รับการเสริมพลัง,1,-1,{star=11;goodFeel=300;zawakeStage=608;advance=17},-1,{}
96108,861,,8,{},0.5,属性获得增强,屬性獲得增強,Attribute has been enhanced,Thuộc tính đã được tăng cường,속성이 강화되었습니다,Atributo foi aprimorado,คุณสมบัติได้รับการเสริมพลัง,1,-1,{effort=13;equipStarSum=15;zawakeStage=708;nvalueSum=140},-1,{}
98101,881,,1,{},0.5,属性获得增强,屬性獲得增強,Attribute has been enhanced,Thuộc tính đã được tăng cường,속성이 강화되었습니다,Atributo foi aprimorado,คุณสมบัติได้รับการเสริมพลัง,1,-1,{star=8;advance=13;goodFeel=100},-1,{}
98102,881,,2,{},0.5,普攻技能获得强化提升!,普攻技能獲得強化提升！,Normal skill has been enhanced!,Kỹ năng thường đã được tăng cường!,일반 스킬이 강화되었습니다!,Habilidade normal foi fortalecida!,สกิลปกติได้รับการเสริมพลัง!,1,-1,{effort=7;zawakeStage=108;equipStarSum=6;equipAwakeSum=2},-1,{}
98103,881,,3,{},0.5,小技能获得强化提升!,小技能獲得強化提升！,Minor skill has been enhanced!,Kỹ năng nhỏ đã được tăng cường!,소형 스킬이 강화되었습니다!,Habilidade menor foi aprimorada!,สกิลย่อยได้รับการเสริมพลัง!,1,-1,{star=9;goodFeel=160;zawakeStage=208;advance=15},-1,{}
98104,881,,4,{},0.5,被动技能获得强化提升!,被動技能獲得強化提升！,Passive skill has been enhanced!,Kỹ năng bị động đã được tăng cường!,패시브 스킬이 강화되었습니다!,Habilidade passiva foi fortalecida!,สกิลพาสซีฟได้รับการเสริมพลัง!,1,-1,{effort=9;equipStarSum=9;zawakeStage=308;nvalueSum=140},-1,{}
98105,881,,5,{},0.5,属性获得增强,屬性獲得增強,Attribute has been enhanced,Thuộc tính đã được tăng cường,속성이 강화되었습니다,Atributo foi aprimorado,คุณสมบัติได้รับการเสริมพลัง,1,-1,{star=10;goodFeel=220;zawakeStage=408;advance=16},-1,{}
98106,881,,6,{},0.5,大招技能获得强化提升!,終極技能獲得強化提升！,Ultimate skill has been enhanced!,Kỹ năng tối thượng đã được tăng cường!,궁극 스킬이 강화되었습니다!,Habilidade suprema foi fortalecida!,สกิลอัลติเมตได้รับการเสริมพลัง!,1,-1,{effort=11;zawakeStage=508;equipStarSum=12;equipAwakeSum=4},-1,{}
98107,881,,7,{},0.5,属性获得增强,屬性獲得增強,Attribute has been enhanced,Thuộc tính đã được tăng cường,속성이 강화되었습니다,Atributo foi aprimorado,คุณสมบัติได้รับการเสริมพลัง,1,-1,{star=11;goodFeel=300;zawakeStage=608;advance=17},-1,{}
98108,881,,8,{},0.5,属性获得增强,屬性獲得增強,Attribute has been enhanced,Thuộc tính đã được tăng cường,속성이 강화되었습니다,Atributo foi aprimorado,คุณสมบัติได้รับการเสริมพลัง,1,-1,{effort=13;equipStarSum=15;zawakeStage=708;nvalueSum=140},-1,{}
98201,882,,1,{},0.5,属性获得增强,屬性獲得增強,Attribute has been enhanced,Thuộc tính đã được tăng cường,속성이 강화되었습니다,Atributo foi aprimorado,คุณสมบัติได้รับการเสริมพลัง,1,-1,{star=8;advance=13;goodFeel=100},-1,{}
98202,882,,2,{},0.5,普攻技能获得强化提升!,普攻技能獲得強化提升！,Normal skill has been enhanced!,Kỹ năng thường đã được tăng cường!,일반 스킬이 강화되었습니다!,Habilidade normal foi fortalecida!,สกิลปกติได้รับการเสริมพลัง!,1,-1,{effort=7;zawakeStage=108;equipStarSum=6;equipAwakeSum=2},-1,{}
98203,882,,3,{},0.5,小技能获得强化提升!,小技能獲得強化提升！,Minor skill has been enhanced!,Kỹ năng nhỏ đã được tăng cường!,소형 스킬이 강화되었습니다!,Habilidade menor foi aprimorada!,สกิลย่อยได้รับการเสริมพลัง!,1,-1,{star=9;goodFeel=160;zawakeStage=208;advance=15},-1,{}
98204,882,,4,{},0.5,被动技能获得强化提升!,被動技能獲得強化提升！,Passive skill has been enhanced!,Kỹ năng bị động đã được tăng cường!,패시브 스킬이 강화되었습니다!,Habilidade passiva foi fortalecida!,สกิลพาสซีฟได้รับการเสริมพลัง!,1,-1,{effort=9;equipStarSum=9;zawakeStage=308;nvalueSum=140},-1,{}
98205,882,,5,{},0.5,属性获得增强,屬性獲得增強,Attribute has been enhanced,Thuộc tính đã được tăng cường,속성이 강화되었습니다,Atributo foi aprimorado,คุณสมบัติได้รับการเสริมพลัง,1,-1,{star=10;goodFeel=220;zawakeStage=408;advance=16},-1,{}
98206,882,,6,{},0.5,大招技能获得强化提升!,終極技能獲得強化提升！,Ultimate skill has been enhanced!,Kỹ năng tối thượng đã được tăng cường!,궁극 스킬이 강화되었습니다!,Habilidade suprema foi fortalecida!,สกิลอัลติเมตได้รับการเสริมพลัง!,1,-1,{effort=11;zawakeStage=508;equipStarSum=12;equipAwakeSum=4},-1,{}
98207,882,,7,{},0.5,属性获得增强,屬性獲得增強,Attribute has been enhanced,Thuộc tính đã được tăng cường,속성이 강화되었습니다,Atributo foi aprimorado,คุณสมบัติได้รับการเสริมพลัง,1,-1,{star=11;goodFeel=300;zawakeStage=608;advance=17},-1,{}
98208,882,,8,{},0.5,属性获得增强,屬性獲得增強,Attribute has been enhanced,Thuộc tính đã được tăng cường,속성이 강화되었습니다,Atributo foi aprimorado,คุณสมบัติได้รับการเสริมพลัง,1,-1,{effort=13;equipStarSum=15;zawakeStage=708;nvalueSum=140},-1,{}
99101,891,,1,{},0.5,属性获得增强,屬性獲得增強,Attribute has been enhanced,Thuộc tính đã được tăng cường,속성이 강화되었습니다,Atributo foi aprimorado,คุณสมบัติได้รับการเสริมพลัง,1,-1,{star=8;advance=13;goodFeel=100},-1,{}
99102,891,,2,{},0.5,普攻技能获得强化提升!,普攻技能獲得強化提升！,Normal skill has been enhanced!,Kỹ năng thường đã được tăng cường!,일반 스킬이 강화되었습니다!,Habilidade normal foi fortalecida!,สกิลปกติได้รับการเสริมพลัง!,1,-1,{effort=7;zawakeStage=108;equipStarSum=6;equipAwakeSum=2},-1,{}
99103,891,,3,{},0.5,小技能获得强化提升!,小技能獲得強化提升！,Minor skill has been enhanced!,Kỹ năng nhỏ đã được tăng cường!,소형 스킬이 강화되었습니다!,Habilidade menor foi aprimorada!,สกิลย่อยได้รับการเสริมพลัง!,1,-1,{star=9;goodFeel=150;zawakeStage=208;advance=14},-1,{}
99104,891,,4,{},0.5,被动技能获得强化提升!,被動技能獲得強化提升！,Passive skill has been enhanced!,Kỹ năng bị động đã được tăng cường!,패시브 스킬이 강화되었습니다!,Habilidade passiva foi fortalecida!,สกิลพาสซีฟได้รับการเสริมพลัง!,1,-1,{effort=9;equipStarSum=8;zawakeStage=308;nvalueSum=140},-1,{}
99105,891,,5,{},0.5,属性获得增强,屬性獲得增強,Attribute has been enhanced,Thuộc tính đã được tăng cường,속성이 강화되었습니다,Atributo foi aprimorado,คุณสมบัติได้รับการเสริมพลัง,1,-1,{star=10;goodFeel=200;zawakeStage=408;advance=15},-1,{}
99106,891,,6,{},0.5,大招技能获得强化提升!,終極技能獲得強化提升！,Ultimate skill has been enhanced!,Kỹ năng tối thượng đã được tăng cường!,궁극 스킬이 강화되었습니다!,Habilidade suprema foi fortalecida!,สกิลอัลติเมตได้รับการเสริมพลัง!,1,-1,{effort=11;zawakeStage=508;equipStarSum=10;equipAwakeSum=4},-1,{}
99107,891,,7,{},0.5,属性获得增强,屬性獲得增強,Attribute has been enhanced,Thuộc tính đã được tăng cường,속성이 강화되었습니다,Atributo foi aprimorado,คุณสมบัติได้รับการเสริมพลัง,1,-1,{star=11;goodFeel=250;zawakeStage=608;advance=16},-1,{}
99108,891,,8,{},0.5,属性获得增强,屬性獲得增強,Attribute has been enhanced,Thuộc tính đã được tăng cường,속성이 강화되었습니다,Atributo foi aprimorado,คุณสมบัติได้รับการเสริมพลัง,1,-1,{effort=13;equipStarSum=12;zawakeStage=708;nvalueSum=140},-1,{}
107101,971,,1,{},0.5,属性获得增强,屬性獲得增強,Attribute has been enhanced,Thuộc tính đã được tăng cường,속성이 강화되었습니다,Atributo foi aprimorado,คุณสมบัติได้รับการเสริมพลัง,1,-1,{star=8;advance=13;goodFeel=100},-1,{}
107102,971,,2,{},0.5,普攻技能获得强化提升!,普攻技能獲得強化提升！,Normal skill has been enhanced!,Kỹ năng thường đã được tăng cường!,일반 스킬이 강화되었습니다!,Habilidade normal foi fortalecida!,สกิลปกติได้รับการเสริมพลัง!,1,-1,{effort=7;zawakeStage=108;equipStarSum=6;equipAwakeSum=2},-1,{}
107103,971,,3,{},0.5,小技能获得强化提升!,小技能獲得強化提升！,Minor skill has been enhanced!,Kỹ năng nhỏ đã được tăng cường!,소형 스킬이 강화되었습니다!,Habilidade menor foi aprimorada!,สกิลย่อยได้รับการเสริมพลัง!,1,-1,{star=9;goodFeel=150;zawakeStage=208;advance=14},-1,{}
107104,971,,4,{},0.5,被动技能获得强化提升!,被動技能獲得強化提升！,Passive skill has been enhanced!,Kỹ năng bị động đã được tăng cường!,패시브 스킬이 강화되었습니다!,Habilidade passiva foi fortalecida!,สกิลพาสซีฟได้รับการเสริมพลัง!,1,-1,{effort=9;equipStarSum=8;zawakeStage=308;nvalueSum=140},-1,{}
107105,971,,5,{},0.5,属性获得增强,屬性獲得增強,Attribute has been enhanced,Thuộc tính đã được tăng cường,속성이 강화되었습니다,Atributo foi aprimorado,คุณสมบัติได้รับการเสริมพลัง,1,-1,{star=10;goodFeel=200;zawakeStage=408;advance=15},-1,{}
107106,971,,6,{},0.5,大招技能获得强化提升!,終極技能獲得強化提升！,Ultimate skill has been enhanced!,Kỹ năng tối thượng đã được tăng cường!,궁극 스킬이 강화되었습니다!,Habilidade suprema foi fortalecida!,สกิลอัลติเมตได้รับการเสริมพลัง!,1,-1,{effort=11;zawakeStage=508;equipStarSum=10;equipAwakeSum=4},-1,{}
107107,971,,7,{},0.5,属性获得增强,屬性獲得增強,Attribute has been enhanced,Thuộc tính đã được tăng cường,속성이 강화되었습니다,Atributo foi aprimorado,คุณสมบัติได้รับการเสริมพลัง,1,-1,{star=11;goodFeel=250;zawakeStage=608;advance=16},-1,{}
107108,971,,8,{},0.5,属性获得增强,屬性獲得增強,Attribute has been enhanced,Thuộc tính đã được tăng cường,속성이 강화되었습니다,Atributo foi aprimorado,คุณสมบัติได้รับการเสริมพลัง,1,-1,{effort=13;equipStarSum=12;zawakeStage=708;nvalueSum=140},-1,{}
113101,1031,,1,{},0.5,属性获得增强,屬性獲得增強,Attribute has been enhanced,Thuộc tính đã được tăng cường,속성이 강화되었습니다,Atributo foi aprimorado,คุณสมบัติได้รับการเสริมพลัง,1,-1,{star=8;advance=13;goodFeel=100},-1,{}
113102,1031,,2,{},0.5,普攻技能获得强化提升!,普攻技能獲得強化提升！,Normal skill has been enhanced!,Kỹ năng thường đã được tăng cường!,일반 스킬이 강화되었습니다!,Habilidade normal foi fortalecida!,สกิลปกติได้รับการเสริมพลัง!,1,-1,{effort=7;zawakeStage=108;equipStarSum=6;equipAwakeSum=2},-1,{}
113103,1031,,3,{},0.5,小技能获得强化提升!,小技能獲得強化提升！,Minor skill has been enhanced!,Kỹ năng nhỏ đã được tăng cường!,소형 스킬이 강화되었습니다!,Habilidade menor foi aprimorada!,สกิลย่อยได้รับการเสริมพลัง!,1,-1,{star=9;goodFeel=160;zawakeStage=208;advance=15},-1,{}
113104,1031,,4,{},0.5,被动技能获得强化提升!,被動技能獲得強化提升！,Passive skill has been enhanced!,Kỹ năng bị động đã được tăng cường!,패시브 스킬이 강화되었습니다!,Habilidade passiva foi fortalecida!,สกิลพาสซีฟได้รับการเสริมพลัง!,1,-1,{effort=9;equipStarSum=9;zawakeStage=308;nvalueSum=140},-1,{}
113105,1031,,5,{},0.5,属性获得增强,屬性獲得增強,Attribute has been enhanced,Thuộc tính đã được tăng cường,속성이 강화되었습니다,Atributo foi aprimorado,คุณสมบัติได้รับการเสริมพลัง,1,-1,{star=10;goodFeel=220;zawakeStage=408;advance=16},-1,{}
113106,1031,,6,{},0.5,大招技能获得强化提升!,終極技能獲得強化提升！,Ultimate skill has been enhanced!,Kỹ năng tối thượng đã được tăng cường!,궁극 스킬이 강화되었습니다!,Habilidade suprema foi fortalecida!,สกิลอัลติเมตได้รับการเสริมพลัง!,1,-1,{effort=11;zawakeStage=508;equipStarSum=12;equipAwakeSum=4},-1,{}
113107,1031,,7,{},0.5,属性获得增强,屬性獲得增強,Attribute has been enhanced,Thuộc tính đã được tăng cường,속성이 강화되었습니다,Atributo foi aprimorado,คุณสมบัติได้รับการเสริมพลัง,1,-1,{star=11;goodFeel=300;zawakeStage=608;advance=17},-1,{}
113108,1031,,8,{},0.5,属性获得增强,屬性獲得增強,Attribute has been enhanced,Thuộc tính đã được tăng cường,속성이 강화되었습니다,Atributo foi aprimorado,คุณสมบัติได้รับการเสริมพลัง,1,-1,{effort=13;equipStarSum=15;zawakeStage=708;nvalueSum=140},-1,{}
117101,1071,,1,{},0.5,属性获得增强,屬性獲得增強,Attribute has been enhanced,Thuộc tính đã được tăng cường,속성이 강화되었습니다,Atributo foi aprimorado,คุณสมบัติได้รับการเสริมพลัง,1,-1,{star=8;advance=13;goodFeel=100},-1,{}
117102,1071,,2,{},0.5,普攻技能获得强化提升!,普攻技能獲得強化提升！,Normal skill has been enhanced!,Kỹ năng thường đã được tăng cường!,일반 스킬이 강화되었습니다!,Habilidade normal foi fortalecida!,สกิลปกติได้รับการเสริมพลัง!,1,-1,{effort=7;zawakeStage=108;equipStarSum=6;equipAwakeSum=2},-1,{}
117103,1071,,3,{},0.5,小技能获得强化提升!,小技能獲得強化提升！,Minor skill has been enhanced!,Kỹ năng nhỏ đã được tăng cường!,소형 스킬이 강화되었습니다!,Habilidade menor foi aprimorada!,สกิลย่อยได้รับการเสริมพลัง!,1,-1,{star=9;goodFeel=160;zawakeStage=208;advance=15},-1,{}
117104,1071,,4,{},0.5,被动技能获得强化提升!,被動技能獲得強化提升！,Passive skill has been enhanced!,Kỹ năng bị động đã được tăng cường!,패시브 스킬이 강화되었습니다!,Habilidade passiva foi fortalecida!,สกิลพาสซีฟได้รับการเสริมพลัง!,1,-1,{effort=9;equipStarSum=9;zawakeStage=308;nvalueSum=140},-1,{}
117105,1071,,5,{},0.5,属性获得增强,屬性獲得增強,Attribute has been enhanced,Thuộc tính đã được tăng cường,속성이 강화되었습니다,Atributo foi aprimorado,คุณสมบัติได้รับการเสริมพลัง,1,-1,{star=10;goodFeel=220;zawakeStage=408;advance=16},-1,{}
117106,1071,,6,{},0.5,大招技能获得强化提升!,終極技能獲得強化提升！,Ultimate skill has been enhanced!,Kỹ năng tối thượng đã được tăng cường!,궁극 스킬이 강화되었습니다!,Habilidade suprema foi fortalecida!,สกิลอัลติเมตได้รับการเสริมพลัง!,1,-1,{effort=11;zawakeStage=508;equipStarSum=12;equipAwakeSum=4},-1,{}
117107,1071,,7,{},0.5,属性获得增强,屬性獲得增強,Attribute has been enhanced,Thuộc tính đã được tăng cường,속성이 강화되었습니다,Atributo foi aprimorado,คุณสมบัติได้รับการเสริมพลัง,1,-1,{star=11;goodFeel=300;zawakeStage=608;advance=17},-1,{}
117108,1071,,8,{},0.5,属性获得增强,屬性獲得增強,Attribute has been enhanced,Thuộc tính đã được tăng cường,속성이 강화되었습니다,Atributo foi aprimorado,คุณสมบัติได้รับการเสริมพลัง,1,-1,{effort=13;equipStarSum=15;zawakeStage=708;nvalueSum=140},-1,{}
117201,1072,,1,{},0.5,属性获得增强,屬性獲得增強,Attribute has been enhanced,Thuộc tính đã được tăng cường,속성이 강화되었습니다,Atributo foi aprimorado,คุณสมบัติได้รับการเสริมพลัง,1,-1,{star=8;advance=13;goodFeel=100},-1,{}
117202,1072,,2,{},0.5,普攻技能获得强化提升!,普攻技能獲得強化提升！,Normal skill has been enhanced!,Kỹ năng thường đã được tăng cường!,일반 스킬이 강화되었습니다!,Habilidade normal foi fortalecida!,สกิลปกติได้รับการเสริมพลัง!,1,-1,{effort=7;zawakeStage=108;equipStarSum=6;equipAwakeSum=2},-1,{}
117203,1072,,3,{},0.5,小技能获得强化提升!,小技能獲得強化提升！,Minor skill has been enhanced!,Kỹ năng nhỏ đã được tăng cường!,소형 스킬이 강화되었습니다!,Habilidade menor foi aprimorada!,สกิลย่อยได้รับการเสริมพลัง!,1,-1,{star=9;goodFeel=160;zawakeStage=208;advance=15},-1,{}
117204,1072,,4,{},0.5,被动技能获得强化提升!,被動技能獲得強化提升！,Passive skill has been enhanced!,Kỹ năng bị động đã được tăng cường!,패시브 스킬이 강화되었습니다!,Habilidade passiva foi fortalecida!,สกิลพาสซีฟได้รับการเสริมพลัง!,1,-1,{effort=9;equipStarSum=9;zawakeStage=308;nvalueSum=140},-1,{}
117205,1072,,5,{},0.5,属性获得增强,屬性獲得增強,Attribute has been enhanced,Thuộc tính đã được tăng cường,속성이 강화되었습니다,Atributo foi aprimorado,คุณสมบัติได้รับการเสริมพลัง,1,-1,{star=10;goodFeel=220;zawakeStage=408;advance=16},-1,{}
117206,1072,,6,{},0.5,大招技能获得强化提升!,終極技能獲得強化提升！,Ultimate skill has been enhanced!,Kỹ năng tối thượng đã được tăng cường!,궁극 스킬이 강화되었습니다!,Habilidade suprema foi fortalecida!,สกิลอัลติเมตได้รับการเสริมพลัง!,1,-1,{effort=11;zawakeStage=508;equipStarSum=12;equipAwakeSum=4},-1,{}
117207,1072,,7,{},0.5,属性获得增强,屬性獲得增強,Attribute has been enhanced,Thuộc tính đã được tăng cường,속성이 강화되었습니다,Atributo foi aprimorado,คุณสมบัติได้รับการเสริมพลัง,1,-1,{star=11;goodFeel=300;zawakeStage=608;advance=17},-1,{}
117208,1072,,8,{},0.5,属性获得增强,屬性獲得增強,Attribute has been enhanced,Thuộc tính đã được tăng cường,속성이 강화되었습니다,Atributo foi aprimorado,คุณสมบัติได้รับการเสริมพลัง,1,-1,{effort=13;equipStarSum=15;zawakeStage=708;nvalueSum=140},-1,{}
118101,1081,,1,{},0.5,属性获得增强,屬性獲得增強,Attribute has been enhanced,Thuộc tính đã được tăng cường,속성이 강화되었습니다,Atributo foi aprimorado,คุณสมบัติได้รับการเสริมพลัง,1,-1,{star=8;advance=13;goodFeel=100},-1,{}
118102,1081,,2,{},0.5,普攻技能获得强化提升!,普攻技能獲得強化提升！,Normal skill has been enhanced!,Kỹ năng thường đã được tăng cường!,일반 스킬이 강화되었습니다!,Habilidade normal foi fortalecida!,สกิลปกติได้รับการเสริมพลัง!,1,-1,{effort=7;zawakeStage=108;equipStarSum=6;equipAwakeSum=2},-1,{}
118103,1081,,3,{},0.5,小技能获得强化提升!,小技能獲得強化提升！,Minor skill has been enhanced!,Kỹ năng nhỏ đã được tăng cường!,소형 스킬이 강화되었습니다!,Habilidade menor foi aprimorada!,สกิลย่อยได้รับการเสริมพลัง!,1,-1,{star=9;goodFeel=160;zawakeStage=208;advance=15},-1,{}
118104,1081,,4,{},0.5,被动技能获得强化提升!,被動技能獲得強化提升！,Passive skill has been enhanced!,Kỹ năng bị động đã được tăng cường!,패시브 스킬이 강화되었습니다!,Habilidade passiva foi fortalecida!,สกิลพาสซีฟได้รับการเสริมพลัง!,1,-1,{effort=9;equipStarSum=9;zawakeStage=308;nvalueSum=140},-1,{}
118105,1081,,5,{},0.5,属性获得增强,屬性獲得增強,Attribute has been enhanced,Thuộc tính đã được tăng cường,속성이 강화되었습니다,Atributo foi aprimorado,คุณสมบัติได้รับการเสริมพลัง,1,-1,{star=10;goodFeel=220;zawakeStage=408;advance=16},-1,{}
118106,1081,,6,{},0.5,大招技能获得强化提升!,終極技能獲得強化提升！,Ultimate skill has been enhanced!,Kỹ năng tối thượng đã được tăng cường!,궁극 스킬이 강화되었습니다!,Habilidade suprema foi fortalecida!,สกิลอัลติเมตได้รับการเสริมพลัง!,1,-1,{effort=11;zawakeStage=508;equipStarSum=12;equipAwakeSum=4},-1,{}
118107,1081,,7,{},0.5,属性获得增强,屬性獲得增強,Attribute has been enhanced,Thuộc tính đã được tăng cường,속성이 강화되었습니다,Atributo foi aprimorado,คุณสมบัติได้รับการเสริมพลัง,1,-1,{star=11;goodFeel=300;zawakeStage=608;advance=17},-1,{}
118108,1081,,8,{},0.5,属性获得增强,屬性獲得增強,Attribute has been enhanced,Thuộc tính đã được tăng cường,속성이 강화되었습니다,Atributo foi aprimorado,คุณสมบัติได้รับการเสริมพลัง,1,-1,{effort=13;equipStarSum=15;zawakeStage=708;nvalueSum=140},-1,{}
127101,1171,,1,{},0.5,属性获得增强,屬性獲得增強,Attribute has been enhanced,Thuộc tính đã được tăng cường,속성이 강화되었습니다,Atributo foi aprimorado,คุณสมบัติได้รับการเสริมพลัง,1,-1,{star=8;advance=13;goodFeel=100},-1,{}
127102,1171,,2,{},0.5,普攻技能获得强化提升!,普攻技能獲得強化提升！,Normal skill has been enhanced!,Kỹ năng thường đã được tăng cường!,일반 스킬이 강화되었습니다!,Habilidade normal foi fortalecida!,สกิลปกติได้รับการเสริมพลัง!,1,-1,{effort=7;zawakeStage=108;equipStarSum=6;equipAwakeSum=2},-1,{}
127103,1171,,3,{},0.5,小技能获得强化提升!,小技能獲得強化提升！,Minor skill has been enhanced!,Kỹ năng nhỏ đã được tăng cường!,소형 스킬이 강화되었습니다!,Habilidade menor foi aprimorada!,สกิลย่อยได้รับการเสริมพลัง!,1,-1,{star=9;goodFeel=160;zawakeStage=208;advance=15},-1,{}
127104,1171,,4,{},0.5,被动技能获得强化提升!,被動技能獲得強化提升！,Passive skill has been enhanced!,Kỹ năng bị động đã được tăng cường!,패시브 스킬이 강화되었습니다!,Habilidade passiva foi fortalecida!,สกิลพาสซีฟได้รับการเสริมพลัง!,1,-1,{effort=9;equipStarSum=9;zawakeStage=308;nvalueSum=140},-1,{}
127105,1171,,5,{},0.5,属性获得增强,屬性獲得增強,Attribute has been enhanced,Thuộc tính đã được tăng cường,속성이 강화되었습니다,Atributo foi aprimorado,คุณสมบัติได้รับการเสริมพลัง,1,-1,{star=10;goodFeel=220;zawakeStage=408;advance=16},-1,{}
127106,1171,,6,{},0.5,大招技能获得强化提升!,終極技能獲得強化提升！,Ultimate skill has been enhanced!,Kỹ năng tối thượng đã được tăng cường!,궁극 스킬이 강화되었습니다!,Habilidade suprema foi fortalecida!,สกิลอัลติเมตได้รับการเสริมพลัง!,1,-1,{effort=11;zawakeStage=508;equipStarSum=12;equipAwakeSum=4},-1,{}
127107,1171,,7,{},0.5,属性获得增强,屬性獲得增強,Attribute has been enhanced,Thuộc tính đã được tăng cường,속성이 강화되었습니다,Atributo foi aprimorado,คุณสมบัติได้รับการเสริมพลัง,1,-1,{star=11;goodFeel=300;zawakeStage=608;advance=17},-1,{}
127108,1171,,8,{},0.5,属性获得增强,屬性獲得增強,Attribute has been enhanced,Thuộc tính đã được tăng cường,속성이 강화되었습니다,Atributo foi aprimorado,คุณสมบัติได้รับการเสริมพลัง,1,-1,{effort=13;equipStarSum=15;zawakeStage=708;nvalueSum=140},-1,{}
127301,1173,,1,{},0.5,属性获得增强,屬性獲得增強,Attribute has been enhanced,Thuộc tính đã được tăng cường,속성이 강화되었습니다,Atributo foi aprimorado,คุณสมบัติได้รับการเสริมพลัง,1,-1,{star=8;advance=13;goodFeel=100},-1,{}
127302,1173,,2,{},0.5,普攻技能获得强化提升!,普攻技能獲得強化提升！,Normal skill has been enhanced!,Kỹ năng thường đã được tăng cường!,일반 스킬이 강화되었습니다!,Habilidade normal foi fortalecida!,สกิลปกติได้รับการเสริมพลัง!,1,-1,{effort=7;zawakeStage=108;equipStarSum=6;equipAwakeSum=2},-1,{}
127303,1173,,3,{},0.5,小技能获得强化提升!,小技能獲得強化提升！,Minor skill has been enhanced!,Kỹ năng nhỏ đã được tăng cường!,소형 스킬이 강화되었습니다!,Habilidade menor foi aprimorada!,สกิลย่อยได้รับการเสริมพลัง!,1,-1,{star=9;goodFeel=160;zawakeStage=208;advance=15},-1,{}
127304,1173,,4,{},0.5,被动技能获得强化提升!,被動技能獲得強化提升！,Passive skill has been enhanced!,Kỹ năng bị động đã được tăng cường!,패시브 스킬이 강화되었습니다!,Habilidade passiva foi fortalecida!,สกิลพาสซีฟได้รับการเสริมพลัง!,1,-1,{effort=9;equipStarSum=9;zawakeStage=308;nvalueSum=140},-1,{}
127305,1173,,5,{},0.5,属性获得增强,屬性獲得增強,Attribute has been enhanced,Thuộc tính đã được tăng cường,속성이 강화되었습니다,Atributo foi aprimorado,คุณสมบัติได้รับการเสริมพลัง,1,-1,{star=10;goodFeel=220;zawakeStage=408;advance=16},-1,{}
127306,1173,,6,{},0.5,大招技能获得强化提升!,終極技能獲得強化提升！,Ultimate skill has been enhanced!,Kỹ năng tối thượng đã được tăng cường!,궁극 스킬이 강화되었습니다!,Habilidade suprema foi fortalecida!,สกิลอัลติเมตได้รับการเสริมพลัง!,1,-1,{effort=11;zawakeStage=508;equipStarSum=12;equipAwakeSum=4},-1,{}
127307,1173,,7,{},0.5,属性获得增强,屬性獲得增強,Attribute has been enhanced,Thuộc tính đã được tăng cường,속성이 강화되었습니다,Atributo foi aprimorado,คุณสมบัติได้รับการเสริมพลัง,1,-1,{star=11;goodFeel=300;zawakeStage=608;advance=17},-1,{}
127308,1173,,8,{},0.5,属性获得增强,屬性獲得增強,Attribute has been enhanced,Thuộc tính đã được tăng cường,속성이 강화되었습니다,Atributo foi aprimorado,คุณสมบัติได้รับการเสริมพลัง,1,-1,{effort=13;equipStarSum=15;zawakeStage=708;nvalueSum=140},-1,{}
132101,1221,,1,{},0.5,属性获得增强,屬性獲得增強,Attribute has been enhanced,Thuộc tính đã được tăng cường,속성이 강화되었습니다,Atributo foi aprimorado,คุณสมบัติได้รับการเสริมพลัง,1,-1,{star=8;advance=13;goodFeel=100},-1,{}
132102,1221,,2,{},0.5,普攻技能获得强化提升!,普攻技能獲得強化提升！,Normal skill has been enhanced!,Kỹ năng thường đã được tăng cường!,일반 스킬이 강화되었습니다!,Habilidade normal foi fortalecida!,สกิลปกติได้รับการเสริมพลัง!,1,-1,{effort=7;zawakeStage=108;equipStarSum=6;equipAwakeSum=2},-1,{}
132103,1221,,3,{},0.5,小技能获得强化提升!,小技能獲得強化提升！,Minor skill has been enhanced!,Kỹ năng nhỏ đã được tăng cường!,소형 스킬이 강화되었습니다!,Habilidade menor foi aprimorada!,สกิลย่อยได้รับการเสริมพลัง!,1,-1,{star=9;goodFeel=160;zawakeStage=208;advance=15},-1,{}
132104,1221,,4,{},0.5,被动技能获得强化提升!,被動技能獲得強化提升！,Passive skill has been enhanced!,Kỹ năng bị động đã được tăng cường!,패시브 스킬이 강화되었습니다!,Habilidade passiva foi fortalecida!,สกิลพาสซีฟได้รับการเสริมพลัง!,1,-1,{effort=9;equipStarSum=9;zawakeStage=308;nvalueSum=140},-1,{}
132105,1221,,5,{},0.5,属性获得增强,屬性獲得增強,Attribute has been enhanced,Thuộc tính đã được tăng cường,속성이 강화되었습니다,Atributo foi aprimorado,คุณสมบัติได้รับการเสริมพลัง,1,-1,{star=10;goodFeel=220;zawakeStage=408;advance=16},-1,{}
132106,1221,,6,{},0.5,大招技能获得强化提升!,終極技能獲得強化提升！,Ultimate skill has been enhanced!,Kỹ năng tối thượng đã được tăng cường!,궁극 스킬이 강화되었습니다!,Habilidade suprema foi fortalecida!,สกิลอัลติเมตได้รับการเสริมพลัง!,1,-1,{effort=11;zawakeStage=508;equipStarSum=12;equipAwakeSum=4},-1,{}
132107,1221,,7,{},0.5,属性获得增强,屬性獲得增強,Attribute has been enhanced,Thuộc tính đã được tăng cường,속성이 강화되었습니다,Atributo foi aprimorado,คุณสมบัติได้รับการเสริมพลัง,1,-1,{star=11;goodFeel=300;zawakeStage=608;advance=17},-1,{}
132108,1221,,8,{},0.5,属性获得增强,屬性獲得增強,Attribute has been enhanced,Thuộc tính đã được tăng cường,속성이 강화되었습니다,Atributo foi aprimorado,คุณสมบัติได้รับการเสริมพลัง,1,-1,{effort=13;equipStarSum=15;zawakeStage=708;nvalueSum=140},-1,{}
133101,1231,,1,{},0.5,属性获得增强,屬性獲得增強,Attribute has been enhanced,Thuộc tính đã được tăng cường,속성이 강화되었습니다,Atributo foi aprimorado,คุณสมบัติได้รับการเสริมพลัง,1,-1,{star=8;advance=13;goodFeel=100},-1,{}
133102,1231,,2,{},0.5,普攻技能获得强化提升!,普攻技能獲得強化提升！,Normal skill has been enhanced!,Kỹ năng thường đã được tăng cường!,일반 스킬이 강화되었습니다!,Habilidade normal foi fortalecida!,สกิลปกติได้รับการเสริมพลัง!,1,-1,{effort=7;zawakeStage=108;equipStarSum=6;equipAwakeSum=2},-1,{}
133103,1231,,3,{},0.5,小技能获得强化提升!,小技能獲得強化提升！,Minor skill has been enhanced!,Kỹ năng nhỏ đã được tăng cường!,소형 스킬이 강화되었습니다!,Habilidade menor foi aprimorada!,สกิลย่อยได้รับการเสริมพลัง!,1,-1,{star=9;goodFeel=160;zawakeStage=208;advance=15},-1,{}
133104,1231,,4,{},0.5,被动技能获得强化提升!,被動技能獲得強化提升！,Passive skill has been enhanced!,Kỹ năng bị động đã được tăng cường!,패시브 스킬이 강화되었습니다!,Habilidade passiva foi fortalecida!,สกิลพาสซีฟได้รับการเสริมพลัง!,1,-1,{effort=9;equipStarSum=9;zawakeStage=308;nvalueSum=140},-1,{}
133105,1231,,5,{},0.5,属性获得增强,屬性獲得增強,Attribute has been enhanced,Thuộc tính đã được tăng cường,속성이 강화되었습니다,Atributo foi aprimorado,คุณสมบัติได้รับการเสริมพลัง,1,-1,{star=10;goodFeel=220;zawakeStage=408;advance=16},-1,{}
133106,1231,,6,{},0.5,大招技能获得强化提升!,終極技能獲得強化提升！,Ultimate skill has been enhanced!,Kỹ năng tối thượng đã được tăng cường!,궁극 스킬이 강화되었습니다!,Habilidade suprema foi fortalecida!,สกิลอัลติเมตได้รับการเสริมพลัง!,1,-1,{effort=11;zawakeStage=508;equipStarSum=12;equipAwakeSum=4},-1,{}
133107,1231,,7,{},0.5,属性获得增强,屬性獲得增強,Attribute has been enhanced,Thuộc tính đã được tăng cường,속성이 강화되었습니다,Atributo foi aprimorado,คุณสมบัติได้รับการเสริมพลัง,1,-1,{star=11;goodFeel=300;zawakeStage=608;advance=17},-1,{}
133108,1231,,8,{},0.5,属性获得增强,屬性獲得增強,Attribute has been enhanced,Thuộc tính đã được tăng cường,속성이 강화되었습니다,Atributo foi aprimorado,คุณสมบัติได้รับการเสริมพลัง,1,-1,{effort=13;equipStarSum=15;zawakeStage=708;nvalueSum=140},-1,{}
134101,1241,,1,{},0.5,属性获得增强,屬性獲得增強,Attribute has been enhanced,Thuộc tính đã được tăng cường,속성이 강화되었습니다,Atributo foi aprimorado,คุณสมบัติได้รับการเสริมพลัง,1,-1,{star=8;advance=13;goodFeel=100},-1,{}
134102,1241,,2,{},0.5,普攻技能获得强化提升!,普攻技能獲得強化提升！,Normal skill has been enhanced!,Kỹ năng thường đã được tăng cường!,일반 스킬이 강화되었습니다!,Habilidade normal foi fortalecida!,สกิลปกติได้รับการเสริมพลัง!,1,-1,{effort=7;zawakeStage=108;equipStarSum=6;equipAwakeSum=2},-1,{}
134103,1241,,3,{},0.5,小技能获得强化提升!,小技能獲得強化提升！,Minor skill has been enhanced!,Kỹ năng nhỏ đã được tăng cường!,소형 스킬이 강화되었습니다!,Habilidade menor foi aprimorada!,สกิลย่อยได้รับการเสริมพลัง!,1,-1,{star=9;goodFeel=160;zawakeStage=208;advance=15},-1,{}
134104,1241,,4,{},0.5,被动技能获得强化提升!,被動技能獲得強化提升！,Passive skill has been enhanced!,Kỹ năng bị động đã được tăng cường!,패시브 스킬이 강화되었습니다!,Habilidade passiva foi fortalecida!,สกิลพาสซีฟได้รับการเสริมพลัง!,1,-1,{effort=9;equipStarSum=9;zawakeStage=308;nvalueSum=140},-1,{}
134105,1241,,5,{},0.5,属性获得增强,屬性獲得增強,Attribute has been enhanced,Thuộc tính đã được tăng cường,속성이 강화되었습니다,Atributo foi aprimorado,คุณสมบัติได้รับการเสริมพลัง,1,-1,{star=10;goodFeel=220;zawakeStage=408;advance=16},-1,{}
134106,1241,,6,{},0.5,大招技能获得强化提升!,終極技能獲得強化提升！,Ultimate skill has been enhanced!,Kỹ năng tối thượng đã được tăng cường!,궁극 스킬이 강화되었습니다!,Habilidade suprema foi fortalecida!,สกิลอัลติเมตได้รับการเสริมพลัง!,1,-1,{effort=11;zawakeStage=508;equipStarSum=12;equipAwakeSum=4},-1,{}
134107,1241,,7,{},0.5,属性获得增强,屬性獲得增強,Attribute has been enhanced,Thuộc tính đã được tăng cường,속성이 강화되었습니다,Atributo foi aprimorado,คุณสมบัติได้รับการเสริมพลัง,1,-1,{star=11;goodFeel=300;zawakeStage=608;advance=17},-1,{}
134108,1241,,8,{},0.5,属性获得增强,屬性獲得增強,Attribute has been enhanced,Thuộc tính đã được tăng cường,속성이 강화되었습니다,Atributo foi aprimorado,คุณสมบัติได้รับการเสริมพลัง,1,-1,{effort=13;equipStarSum=15;zawakeStage=708;nvalueSum=140},-1,{}
135101,1251,,1,{},0.5,属性获得增强,屬性獲得增強,Attribute has been enhanced,Thuộc tính đã được tăng cường,속성이 강화되었습니다,Atributo foi aprimorado,คุณสมบัติได้รับการเสริมพลัง,1,-1,{star=8;advance=13;goodFeel=100},-1,{}
135102,1251,,2,{},0.5,普攻技能获得强化提升!,普攻技能獲得強化提升！,Normal skill has been enhanced!,Kỹ năng thường đã được tăng cường!,일반 스킬이 강화되었습니다!,Habilidade normal foi fortalecida!,สกิลปกติได้รับการเสริมพลัง!,1,-1,{effort=7;zawakeStage=108;equipStarSum=6;equipAwakeSum=2},-1,{}
135103,1251,,3,{},0.5,小技能获得强化提升!,小技能獲得強化提升！,Minor skill has been enhanced!,Kỹ năng nhỏ đã được tăng cường!,소형 스킬이 강화되었습니다!,Habilidade menor foi aprimorada!,สกิลย่อยได้รับการเสริมพลัง!,1,-1,{star=9;goodFeel=160;zawakeStage=208;advance=15},-1,{}
135104,1251,,4,{},0.5,被动技能获得强化提升!,被動技能獲得強化提升！,Passive skill has been enhanced!,Kỹ năng bị động đã được tăng cường!,패시브 스킬이 강화되었습니다!,Habilidade passiva foi fortalecida!,สกิลพาสซีฟได้รับการเสริมพลัง!,1,-1,{effort=9;equipStarSum=9;zawakeStage=308;nvalueSum=140},-1,{}
135105,1251,,5,{},0.5,属性获得增强,屬性獲得增強,Attribute has been enhanced,Thuộc tính đã được tăng cường,속성이 강화되었습니다,Atributo foi aprimorado,คุณสมบัติได้รับการเสริมพลัง,1,-1,{star=10;goodFeel=220;zawakeStage=408;advance=16},-1,{}
135106,1251,,6,{},0.5,大招技能获得强化提升!,終極技能獲得強化提升！,Ultimate skill has been enhanced!,Kỹ năng tối thượng đã được tăng cường!,궁극 스킬이 강화되었습니다!,Habilidade suprema foi fortalecida!,สกิลอัลติเมตได้รับการเสริมพลัง!,1,-1,{effort=11;zawakeStage=508;equipStarSum=12;equipAwakeSum=4},-1,{}
135107,1251,,7,{},0.5,属性获得增强,屬性獲得增強,Attribute has been enhanced,Thuộc tính đã được tăng cường,속성이 강화되었습니다,Atributo foi aprimorado,คุณสมบัติได้รับการเสริมพลัง,1,-1,{star=11;goodFeel=300;zawakeStage=608;advance=17},-1,{}
135108,1251,,8,{},0.5,属性获得增强,屬性獲得增強,Attribute has been enhanced,Thuộc tính đã được tăng cường,속성이 강화되었습니다,Atributo foi aprimorado,คุณสมบัติได้รับการเสริมพลัง,1,-1,{effort=13;equipStarSum=15;zawakeStage=708;nvalueSum=140},-1,{}
135401,1254,,1,{},0.5,属性获得增强,屬性獲得增強,Attribute has been enhanced,Thuộc tính đã được tăng cường,속성이 강화되었습니다,Atributo foi aprimorado,คุณสมบัติได้รับการเสริมพลัง,1,-1,{star=8;advance=13;goodFeel=100},-1,{}
135402,1254,,2,{},0.5,普攻技能获得强化提升!,普攻技能獲得強化提升！,Normal skill has been enhanced!,Kỹ năng thường đã được tăng cường!,일반 스킬이 강화되었습니다!,Habilidade normal foi fortalecida!,สกิลปกติได้รับการเสริมพลัง!,1,-1,{effort=7;zawakeStage=108;equipStarSum=6;equipAwakeSum=2},-1,{}
135403,1254,,3,{},0.5,小技能获得强化提升!,小技能獲得強化提升！,Minor skill has been enhanced!,Kỹ năng nhỏ đã được tăng cường!,소형 스킬이 강화되었습니다!,Habilidade menor foi aprimorada!,สกิลย่อยได้รับการเสริมพลัง!,1,-1,{star=9;goodFeel=160;zawakeStage=208;advance=15},-1,{}
135404,1254,,4,{},0.5,被动技能获得强化提升!,被動技能獲得強化提升！,Passive skill has been enhanced!,Kỹ năng bị động đã được tăng cường!,패시브 스킬이 강화되었습니다!,Habilidade passiva foi fortalecida!,สกิลพาสซีฟได้รับการเสริมพลัง!,1,-1,{effort=9;equipStarSum=9;zawakeStage=308;nvalueSum=140},-1,{}
135405,1254,,5,{},0.5,属性获得增强,屬性獲得增強,Attribute has been enhanced,Thuộc tính đã được tăng cường,속성이 강화되었습니다,Atributo foi aprimorado,คุณสมบัติได้รับการเสริมพลัง,1,-1,{star=10;goodFeel=220;zawakeStage=408;advance=16},-1,{}
135406,1254,,6,{},0.5,大招技能获得强化提升!,終極技能獲得強化提升！,Ultimate skill has been enhanced!,Kỹ năng tối thượng đã được tăng cường!,궁극 스킬이 강화되었습니다!,Habilidade suprema foi fortalecida!,สกิลอัลติเมตได้รับการเสริมพลัง!,1,-1,{effort=11;zawakeStage=508;equipStarSum=12;equipAwakeSum=4},-1,{}
135407,1254,,7,{},0.5,属性获得增强,屬性獲得增強,Attribute has been enhanced,Thuộc tính đã được tăng cường,속성이 강화되었습니다,Atributo foi aprimorado,คุณสมบัติได้รับการเสริมพลัง,1,-1,{star=11;goodFeel=300;zawakeStage=608;advance=17},-1,{}
135408,1254,,8,{},0.5,属性获得增强,屬性獲得增強,Attribute has been enhanced,Thuộc tính đã được tăng cường,속성이 강화되었습니다,Atributo foi aprimorado,คุณสมบัติได้รับการเสริมพลัง,1,-1,{effort=13;equipStarSum=15;zawakeStage=708;nvalueSum=140},-1,{}
136101,1261,,1,{},0.5,属性获得增强,屬性獲得增強,Attribute has been enhanced,Thuộc tính đã được tăng cường,속성이 강화되었습니다,Atributo foi aprimorado,คุณสมบัติได้รับการเสริมพลัง,1,-1,{star=8;advance=13;goodFeel=100},-1,{}
136102,1261,,2,{},0.5,普攻技能获得强化提升!,普攻技能獲得強化提升！,Normal skill has been enhanced!,Kỹ năng thường đã được tăng cường!,일반 스킬이 강화되었습니다!,Habilidade normal foi fortalecida!,สกิลปกติได้รับการเสริมพลัง!,1,-1,{effort=7;zawakeStage=108;equipStarSum=6;equipAwakeSum=2},-1,{}
136103,1261,,3,{},0.5,小技能获得强化提升!,小技能獲得強化提升！,Minor skill has been enhanced!,Kỹ năng nhỏ đã được tăng cường!,소형 스킬이 강화되었습니다!,Habilidade menor foi aprimorada!,สกิลย่อยได้รับการเสริมพลัง!,1,-1,{star=9;goodFeel=180;zawakeStage=208;advance=15},-1,{}
136104,1261,,4,{},0.5,被动技能获得强化提升!,被動技能獲得強化提升！,Passive skill has been enhanced!,Kỹ năng bị động đã được tăng cường!,패시브 스킬이 강화되었습니다!,Habilidade passiva foi fortalecida!,สกิลพาสซีฟได้รับการเสริมพลัง!,1,-1,{effort=9;equipStarSum=12;zawakeStage=308;nvalueSum=160},-1,{}
136105,1261,,5,{},0.5,属性获得增强,屬性獲得增強,Attribute has been enhanced,Thuộc tính đã được tăng cường,속성이 강화되었습니다,Atributo foi aprimorado,คุณสมบัติได้รับการเสริมพลัง,1,-1,{star=10;goodFeel=260;zawakeStage=408;advance=17},-1,{}
136106,1261,,6,{},0.5,大招技能获得强化提升!,終極技能獲得強化提升！,Ultimate skill has been enhanced!,Kỹ năng tối thượng đã được tăng cường!,궁극 스킬이 강화되었습니다!,Habilidade suprema foi fortalecida!,สกิลอัลติเมตได้รับการเสริมพลัง!,1,-1,{effort=11;zawakeStage=508;equipStarSum=18;equipAwakeSum=6},-1,{}
136107,1261,,7,{},0.5,属性获得增强,屬性獲得增強,Attribute has been enhanced,Thuộc tính đã được tăng cường,속성이 강화되었습니다,Atributo foi aprimorado,คุณสมบัติได้รับการเสริมพลัง,1,-1,{star=11;goodFeel=350;zawakeStage=608;advance=19},-1,{}
136108,1261,,8,{},0.5,属性获得增强,屬性獲得增強,Attribute has been enhanced,Thuộc tính đã được tăng cường,속성이 강화되었습니다,Atributo foi aprimorado,คุณสมบัติได้รับการเสริมพลัง,1,-1,{effort=13;equipStarSum=24;zawakeStage=708;nvalueSum=160},-1,{}
137101,1271,,1,{},0.5,属性获得增强,屬性獲得增強,Attribute has been enhanced,Thuộc tính đã được tăng cường,속성이 강화되었습니다,Atributo foi aprimorado,คุณสมบัติได้รับการเสริมพลัง,1,-1,{star=8;advance=13;goodFeel=100},-1,{}
137102,1271,,2,{},0.5,普攻技能获得强化提升!,普攻技能獲得強化提升！,Normal skill has been enhanced!,Kỹ năng thường đã được tăng cường!,일반 스킬이 강화되었습니다!,Habilidade normal foi fortalecida!,สกิลปกติได้รับการเสริมพลัง!,1,-1,{effort=7;zawakeStage=108;equipStarSum=6;equipAwakeSum=2},-1,{}
137103,1271,,3,{},0.5,小技能获得强化提升!,小技能獲得強化提升！,Minor skill has been enhanced!,Kỹ năng nhỏ đã được tăng cường!,소형 스킬이 강화되었습니다!,Habilidade menor foi aprimorada!,สกิลย่อยได้รับการเสริมพลัง!,1,-1,{star=9;goodFeel=180;zawakeStage=208;advance=15},-1,{}
137104,1271,,4,{},0.5,被动技能获得强化提升!,被動技能獲得強化提升！,Passive skill has been enhanced!,Kỹ năng bị động đã được tăng cường!,패시브 스킬이 강화되었습니다!,Habilidade passiva foi fortalecida!,สกิลพาสซีฟได้รับการเสริมพลัง!,1,-1,{effort=9;equipStarSum=12;zawakeStage=308;nvalueSum=160},-1,{}
137105,1271,,5,{},0.5,属性获得增强,屬性獲得增強,Attribute has been enhanced,Thuộc tính đã được tăng cường,속성이 강화되었습니다,Atributo foi aprimorado,คุณสมบัติได้รับการเสริมพลัง,1,-1,{star=10;goodFeel=260;zawakeStage=408;advance=17},-1,{}
137106,1271,,6,{},0.5,大招技能获得强化提升!,終極技能獲得強化提升！,Ultimate skill has been enhanced!,Kỹ năng tối thượng đã được tăng cường!,궁극 스킬이 강화되었습니다!,Habilidade suprema foi fortalecida!,สกิลอัลติเมตได้รับการเสริมพลัง!,1,-1,{effort=11;zawakeStage=508;equipStarSum=18;equipAwakeSum=6},-1,{}
137107,1271,,7,{},0.5,属性获得增强,屬性獲得增強,Attribute has been enhanced,Thuộc tính đã được tăng cường,속성이 강화되었습니다,Atributo foi aprimorado,คุณสมบัติได้รับการเสริมพลัง,1,-1,{star=11;goodFeel=350;zawakeStage=608;advance=19},-1,{}
137108,1271,,8,{},0.5,属性获得增强,屬性獲得增強,Attribute has been enhanced,Thuộc tính đã được tăng cường,속성이 강화되었습니다,Atributo foi aprimorado,คุณสมบัติได้รับการเสริมพลัง,1,-1,{effort=13;equipStarSum=24;zawakeStage=708;nvalueSum=160},-1,{}
138101,1281,,1,{},0.5,属性获得增强,屬性獲得增強,Attribute has been enhanced,Thuộc tính đã được tăng cường,속성이 강화되었습니다,Atributo foi aprimorado,คุณสมบัติได้รับการเสริมพลัง,1,-1,{star=8;advance=13;goodFeel=100},-1,{}
138102,1281,,2,{},0.5,普攻技能获得强化提升!,普攻技能獲得強化提升！,Normal skill has been enhanced!,Kỹ năng thường đã được tăng cường!,일반 스킬이 강화되었습니다!,Habilidade normal foi fortalecida!,สกิลปกติได้รับการเสริมพลัง!,1,-1,{effort=7;zawakeStage=108;equipStarSum=6;equipAwakeSum=2},-1,{}
138103,1281,,3,{},0.5,小技能获得强化提升!,小技能獲得強化提升！,Minor skill has been enhanced!,Kỹ năng nhỏ đã được tăng cường!,소형 스킬이 강화되었습니다!,Habilidade menor foi aprimorada!,สกิลย่อยได้รับการเสริมพลัง!,1,-1,{star=9;goodFeel=160;zawakeStage=208;advance=15},-1,{}
138104,1281,,4,{},0.5,被动技能获得强化提升!,被動技能獲得強化提升！,Passive skill has been enhanced!,Kỹ năng bị động đã được tăng cường!,패시브 스킬이 강화되었습니다!,Habilidade passiva foi fortalecida!,สกิลพาสซีฟได้รับการเสริมพลัง!,1,-1,{effort=9;equipStarSum=9;zawakeStage=308;nvalueSum=140},-1,{}
138105,1281,,5,{},0.5,属性获得增强,屬性獲得增強,Attribute has been enhanced,Thuộc tính đã được tăng cường,속성이 강화되었습니다,Atributo foi aprimorado,คุณสมบัติได้รับการเสริมพลัง,1,-1,{star=10;goodFeel=220;zawakeStage=408;advance=16},-1,{}
138106,1281,,6,{},0.5,大招技能获得强化提升!,終極技能獲得強化提升！,Ultimate skill has been enhanced!,Kỹ năng tối thượng đã được tăng cường!,궁극 스킬이 강화되었습니다!,Habilidade suprema foi fortalecida!,สกิลอัลติเมตได้รับการเสริมพลัง!,1,-1,{effort=11;zawakeStage=508;equipStarSum=12;equipAwakeSum=4},-1,{}
138107,1281,,7,{},0.5,属性获得增强,屬性獲得增強,Attribute has been enhanced,Thuộc tính đã được tăng cường,속성이 강화되었습니다,Atributo foi aprimorado,คุณสมบัติได้รับการเสริมพลัง,1,-1,{star=11;goodFeel=300;zawakeStage=608;advance=17},-1,{}
138108,1281,,8,{},0.5,属性获得增强,屬性獲得增強,Attribute has been enhanced,Thuộc tính đã được tăng cường,속성이 강화되었습니다,Atributo foi aprimorado,คุณสมบัติได้รับการเสริมพลัง,1,-1,{effort=13;equipStarSum=15;zawakeStage=708;nvalueSum=140},-1,{}
139101,1291,,1,{},0.5,属性获得增强,屬性獲得增強,Attribute has been enhanced,Thuộc tính đã được tăng cường,속성이 강화되었습니다,Atributo foi aprimorado,คุณสมบัติได้รับการเสริมพลัง,1,-1,{star=8;advance=13;goodFeel=100},-1,{}
139102,1291,,2,{},0.5,普攻技能获得强化提升!,普攻技能獲得強化提升！,Normal skill has been enhanced!,Kỹ năng thường đã được tăng cường!,일반 스킬이 강화되었습니다!,Habilidade normal foi fortalecida!,สกิลปกติได้รับการเสริมพลัง!,1,-1,{effort=7;zawakeStage=108;equipStarSum=6;equipAwakeSum=2},-1,{}
139103,1291,,3,{},0.5,小技能获得强化提升!,小技能獲得強化提升！,Minor skill has been enhanced!,Kỹ năng nhỏ đã được tăng cường!,소형 스킬이 강화되었습니다!,Habilidade menor foi aprimorada!,สกิลย่อยได้รับการเสริมพลัง!,1,-1,{star=9;goodFeel=160;zawakeStage=208;advance=15},-1,{}
139104,1291,,4,{},0.5,被动技能获得强化提升!,被動技能獲得強化提升！,Passive skill has been enhanced!,Kỹ năng bị động đã được tăng cường!,패시브 스킬이 강화되었습니다!,Habilidade passiva foi fortalecida!,สกิลพาสซีฟได้รับการเสริมพลัง!,1,-1,{effort=9;equipStarSum=9;zawakeStage=308;nvalueSum=140},-1,{}
139105,1291,,5,{},0.5,属性获得增强,屬性獲得增強,Attribute has been enhanced,Thuộc tính đã được tăng cường,속성이 강화되었습니다,Atributo foi aprimorado,คุณสมบัติได้รับการเสริมพลัง,1,-1,{star=10;goodFeel=220;zawakeStage=408;advance=16},-1,{}
139106,1291,,6,{},0.5,大招技能获得强化提升!,終極技能獲得強化提升！,Ultimate skill has been enhanced!,Kỹ năng tối thượng đã được tăng cường!,궁극 스킬이 강화되었습니다!,Habilidade suprema foi fortalecida!,สกิลอัลติเมตได้รับการเสริมพลัง!,1,-1,{effort=11;zawakeStage=508;equipStarSum=12;equipAwakeSum=4},-1,{}
139107,1291,,7,{},0.5,属性获得增强,屬性獲得增強,Attribute has been enhanced,Thuộc tính đã được tăng cường,속성이 강화되었습니다,Atributo foi aprimorado,คุณสมบัติได้รับการเสริมพลัง,1,-1,{star=11;goodFeel=300;zawakeStage=608;advance=17},-1,{}
139108,1291,,8,{},0.5,属性获得增强,屬性獲得增強,Attribute has been enhanced,Thuộc tính đã được tăng cường,속성이 강화되었습니다,Atributo foi aprimorado,คุณสมบัติได้รับการเสริมพลัง,1,-1,{effort=13;equipStarSum=15;zawakeStage=708;nvalueSum=140},-1,{}
140101,1301,,1,{},0.5,属性获得增强,屬性獲得增強,Attribute has been enhanced,Thuộc tính đã được tăng cường,속성이 강화되었습니다,Atributo foi aprimorado,คุณสมบัติได้รับการเสริมพลัง,1,-1,{star=8;advance=13;goodFeel=100},-1,{}
140102,1301,,2,{},0.5,普攻技能获得强化提升!,普攻技能獲得強化提升！,Normal skill has been enhanced!,Kỹ năng thường đã được tăng cường!,일반 스킬이 강화되었습니다!,Habilidade normal foi fortalecida!,สกิลปกติได้รับการเสริมพลัง!,1,-1,{effort=7;zawakeStage=108;equipStarSum=6;equipAwakeSum=2},-1,{}
140103,1301,,3,{},0.5,小技能获得强化提升!,小技能獲得強化提升！,Minor skill has been enhanced!,Kỹ năng nhỏ đã được tăng cường!,소형 스킬이 강화되었습니다!,Habilidade menor foi aprimorada!,สกิลย่อยได้รับการเสริมพลัง!,1,-1,{star=9;goodFeel=160;zawakeStage=208;advance=15},-1,{}
140104,1301,,4,{},0.5,被动技能获得强化提升!,被動技能獲得強化提升！,Passive skill has been enhanced!,Kỹ năng bị động đã được tăng cường!,패시브 스킬이 강화되었습니다!,Habilidade passiva foi fortalecida!,สกิลพาสซีฟได้รับการเสริมพลัง!,1,-1,{effort=9;equipStarSum=9;zawakeStage=308;nvalueSum=140},-1,{}
140105,1301,,5,{},0.5,属性获得增强,屬性獲得增強,Attribute has been enhanced,Thuộc tính đã được tăng cường,속성이 강화되었습니다,Atributo foi aprimorado,คุณสมบัติได้รับการเสริมพลัง,1,-1,{star=10;goodFeel=220;zawakeStage=408;advance=16},-1,{}
140106,1301,,6,{},0.5,大招技能获得强化提升!,終極技能獲得強化提升！,Ultimate skill has been enhanced!,Kỹ năng tối thượng đã được tăng cường!,궁극 스킬이 강화되었습니다!,Habilidade suprema foi fortalecida!,สกิลอัลติเมตได้รับการเสริมพลัง!,1,-1,{effort=11;zawakeStage=508;equipStarSum=12;equipAwakeSum=4},-1,{}
140107,1301,,7,{},0.5,属性获得增强,屬性獲得增強,Attribute has been enhanced,Thuộc tính đã được tăng cường,속성이 강화되었습니다,Atributo foi aprimorado,คุณสมบัติได้รับการเสริมพลัง,1,-1,{star=11;goodFeel=300;zawakeStage=608;advance=17},-1,{}
140108,1301,,8,{},0.5,属性获得增强,屬性獲得增強,Attribute has been enhanced,Thuộc tính đã được tăng cường,속성이 강화되었습니다,Atributo foi aprimorado,คุณสมบัติได้รับการเสริมพลัง,1,-1,{effort=13;equipStarSum=15;zawakeStage=708;nvalueSum=140},-1,{}
140401,1304,,1,{},0.5,属性获得增强,屬性獲得增強,Attribute has been enhanced,Thuộc tính đã được tăng cường,속성이 강화되었습니다,Atributo foi aprimorado,คุณสมบัติได้รับการเสริมพลัง,1,-1,{star=8;advance=13;goodFeel=100},-1,{}
140402,1304,,2,{},0.5,普攻技能获得强化提升!,普攻技能獲得強化提升！,Normal skill has been enhanced!,Kỹ năng thường đã được tăng cường!,일반 스킬이 강화되었습니다!,Habilidade normal foi fortalecida!,สกิลปกติได้รับการเสริมพลัง!,1,-1,{effort=7;zawakeStage=108;equipStarSum=6;equipAwakeSum=2},-1,{}
140403,1304,,3,{},0.5,小技能获得强化提升!,小技能獲得強化提升！,Minor skill has been enhanced!,Kỹ năng nhỏ đã được tăng cường!,소형 스킬이 강화되었습니다!,Habilidade menor foi aprimorada!,สกิลย่อยได้รับการเสริมพลัง!,1,-1,{star=9;goodFeel=160;zawakeStage=208;advance=15},-1,{}
140404,1304,,4,{},0.5,被动技能获得强化提升!,被動技能獲得強化提升！,Passive skill has been enhanced!,Kỹ năng bị động đã được tăng cường!,패시브 스킬이 강화되었습니다!,Habilidade passiva foi fortalecida!,สกิลพาสซีฟได้รับการเสริมพลัง!,1,-1,{effort=9;equipStarSum=9;zawakeStage=308;nvalueSum=140},-1,{}
140405,1304,,5,{},0.5,属性获得增强,屬性獲得增強,Attribute has been enhanced,Thuộc tính đã được tăng cường,속성이 강화되었습니다,Atributo foi aprimorado,คุณสมบัติได้รับการเสริมพลัง,1,-1,{star=10;goodFeel=220;zawakeStage=408;advance=16},-1,{}
140406,1304,,6,{},0.5,大招技能获得强化提升!,終極技能獲得強化提升！,Ultimate skill has been enhanced!,Kỹ năng tối thượng đã được tăng cường!,궁극 스킬이 강화되었습니다!,Habilidade suprema foi fortalecida!,สกิลอัลติเมตได้รับการเสริมพลัง!,1,-1,{effort=11;zawakeStage=508;equipStarSum=12;equipAwakeSum=4},-1,{}
140407,1304,,7,{},0.5,属性获得增强,屬性獲得增強,Attribute has been enhanced,Thuộc tính đã được tăng cường,속성이 강화되었습니다,Atributo foi aprimorado,คุณสมบัติได้รับการเสริมพลัง,1,-1,{star=11;goodFeel=300;zawakeStage=608;advance=17},-1,{}
140408,1304,,8,{},0.5,属性获得增强,屬性獲得增強,Attribute has been enhanced,Thuộc tính đã được tăng cường,속성이 강화되었습니다,Atributo foi aprimorado,คุณสมบัติได้รับการเสริมพลัง,1,-1,{effort=13;equipStarSum=15;zawakeStage=708;nvalueSum=140},-1,{}
141101,1311,,1,{},0.5,属性获得增强,屬性獲得增強,Attribute has been enhanced,Thuộc tính đã được tăng cường,속성이 강화되었습니다,Atributo foi aprimorado,คุณสมบัติได้รับการเสริมพลัง,1,-1,{star=8;advance=13;goodFeel=100},-1,{}
141102,1311,,2,{},0.5,普攻技能获得强化提升!,普攻技能獲得強化提升！,Normal skill has been enhanced!,Kỹ năng thường đã được tăng cường!,일반 스킬이 강화되었습니다!,Habilidade normal foi fortalecida!,สกิลปกติได้รับการเสริมพลัง!,1,-1,{effort=7;zawakeStage=108;equipStarSum=6;equipAwakeSum=2},-1,{}
141103,1311,,3,{},0.5,小技能获得强化提升!,小技能獲得強化提升！,Minor skill has been enhanced!,Kỹ năng nhỏ đã được tăng cường!,소형 스킬이 강화되었습니다!,Habilidade menor foi aprimorada!,สกิลย่อยได้รับการเสริมพลัง!,1,-1,{star=9;goodFeel=160;zawakeStage=208;advance=15},-1,{}
141104,1311,,4,{},0.5,被动技能获得强化提升!,被動技能獲得強化提升！,Passive skill has been enhanced!,Kỹ năng bị động đã được tăng cường!,패시브 스킬이 강화되었습니다!,Habilidade passiva foi fortalecida!,สกิลพาสซีฟได้รับการเสริมพลัง!,1,-1,{effort=9;equipStarSum=9;zawakeStage=308;nvalueSum=140},-1,{}
141105,1311,,5,{},0.5,属性获得增强,屬性獲得增強,Attribute has been enhanced,Thuộc tính đã được tăng cường,속성이 강화되었습니다,Atributo foi aprimorado,คุณสมบัติได้รับการเสริมพลัง,1,-1,{star=10;goodFeel=220;zawakeStage=408;advance=16},-1,{}
141106,1311,,6,{},0.5,大招技能获得强化提升!,終極技能獲得強化提升！,Ultimate skill has been enhanced!,Kỹ năng tối thượng đã được tăng cường!,궁극 스킬이 강화되었습니다!,Habilidade suprema foi fortalecida!,สกิลอัลติเมตได้รับการเสริมพลัง!,1,-1,{effort=11;zawakeStage=508;equipStarSum=12;equipAwakeSum=4},-1,{}
141107,1311,,7,{},0.5,属性获得增强,屬性獲得增強,Attribute has been enhanced,Thuộc tính đã được tăng cường,속성이 강화되었습니다,Atributo foi aprimorado,คุณสมบัติได้รับการเสริมพลัง,1,-1,{star=11;goodFeel=300;zawakeStage=608;advance=17},-1,{}
141108,1311,,8,{},0.5,属性获得增强,屬性獲得增強,Attribute has been enhanced,Thuộc tính đã được tăng cường,속성이 강화되었습니다,Atributo foi aprimorado,คุณสมบัติได้รับการเสริมพลัง,1,-1,{effort=13;equipStarSum=15;zawakeStage=708;nvalueSum=140},-1,{}
141201,1312,,1,{},0.5,属性获得增强,屬性獲得增強,Attribute has been enhanced,Thuộc tính đã được tăng cường,속성이 강화되었습니다,Atributo foi aprimorado,คุณสมบัติได้รับการเสริมพลัง,1,-1,{star=8;advance=13;goodFeel=100},-1,{}
141202,1312,,2,{},0.5,普攻技能获得强化提升!,普攻技能獲得強化提升！,Normal skill has been enhanced!,Kỹ năng thường đã được tăng cường!,일반 스킬이 강화되었습니다!,Habilidade normal foi fortalecida!,สกิลปกติได้รับการเสริมพลัง!,1,-1,{effort=7;zawakeStage=108;equipStarSum=6;equipAwakeSum=2},-1,{}
141203,1312,,3,{},0.5,小技能获得强化提升!,小技能獲得強化提升！,Minor skill has been enhanced!,Kỹ năng nhỏ đã được tăng cường!,소형 스킬이 강화되었습니다!,Habilidade menor foi aprimorada!,สกิลย่อยได้รับการเสริมพลัง!,1,-1,{star=9;goodFeel=160;zawakeStage=208;advance=15},-1,{}
141204,1312,,4,{},0.5,被动技能获得强化提升!,被動技能獲得強化提升！,Passive skill has been enhanced!,Kỹ năng bị động đã được tăng cường!,패시브 스킬이 강화되었습니다!,Habilidade passiva foi fortalecida!,สกิลพาสซีฟได้รับการเสริมพลัง!,1,-1,{effort=9;equipStarSum=9;zawakeStage=308;nvalueSum=140},-1,{}
141205,1312,,5,{},0.5,属性获得增强,屬性獲得增強,Attribute has been enhanced,Thuộc tính đã được tăng cường,속성이 강화되었습니다,Atributo foi aprimorado,คุณสมบัติได้รับการเสริมพลัง,1,-1,{star=10;goodFeel=220;zawakeStage=408;advance=16},-1,{}
141206,1312,,6,{},0.5,大招技能获得强化提升!,終極技能獲得強化提升！,Ultimate skill has been enhanced!,Kỹ năng tối thượng đã được tăng cường!,궁극 스킬이 강화되었습니다!,Habilidade suprema foi fortalecida!,สกิลอัลติเมตได้รับการเสริมพลัง!,1,-1,{effort=11;zawakeStage=508;equipStarSum=12;equipAwakeSum=4},-1,{}
141207,1312,,7,{},0.5,属性获得增强,屬性獲得增強,Attribute has been enhanced,Thuộc tính đã được tăng cường,속성이 강화되었습니다,Atributo foi aprimorado,คุณสมบัติได้รับการเสริมพลัง,1,-1,{star=11;goodFeel=300;zawakeStage=608;advance=17},-1,{}
141208,1312,,8,{},0.5,属性获得增强,屬性獲得增強,Attribute has been enhanced,Thuộc tính đã được tăng cường,속성이 강화되었습니다,Atributo foi aprimorado,คุณสมบัติได้รับการเสริมพลัง,1,-1,{effort=13;equipStarSum=15;zawakeStage=708;nvalueSum=140},-1,{}
145101,1351,,1,{},0.5,属性获得增强,屬性獲得增強,Attribute has been enhanced,Thuộc tính đã được tăng cường,속성이 강화되었습니다,Atributo foi aprimorado,คุณสมบัติได้รับการเสริมพลัง,1,-1,{star=8;advance=13;goodFeel=100},-1,{}
145102,1351,,2,{},0.5,普攻技能获得强化提升!,普攻技能獲得強化提升！,Normal skill has been enhanced!,Kỹ năng thường đã được tăng cường!,일반 스킬이 강화되었습니다!,Habilidade normal foi fortalecida!,สกิลปกติได้รับการเสริมพลัง!,1,-1,{effort=7;zawakeStage=108;equipStarSum=6;equipAwakeSum=2},-1,{}
145103,1351,,3,{},0.5,小技能获得强化提升!,小技能獲得強化提升！,Minor skill has been enhanced!,Kỹ năng nhỏ đã được tăng cường!,소형 스킬이 강화되었습니다!,Habilidade menor foi aprimorada!,สกิลย่อยได้รับการเสริมพลัง!,1,-1,{star=9;goodFeel=150;zawakeStage=208;advance=14},-1,{}
145104,1351,,4,{},0.5,被动技能获得强化提升!,被動技能獲得強化提升！,Passive skill has been enhanced!,Kỹ năng bị động đã được tăng cường!,패시브 스킬이 강화되었습니다!,Habilidade passiva foi fortalecida!,สกิลพาสซีฟได้รับการเสริมพลัง!,1,-1,{effort=9;equipStarSum=8;zawakeStage=308;nvalueSum=140},-1,{}
145105,1351,,5,{},0.5,属性获得增强,屬性獲得增強,Attribute has been enhanced,Thuộc tính đã được tăng cường,속성이 강화되었습니다,Atributo foi aprimorado,คุณสมบัติได้รับการเสริมพลัง,1,-1,{star=10;goodFeel=200;zawakeStage=408;advance=15},-1,{}
145106,1351,,6,{},0.5,大招技能获得强化提升!,終極技能獲得強化提升！,Ultimate skill has been enhanced!,Kỹ năng tối thượng đã được tăng cường!,궁극 스킬이 강화되었습니다!,Habilidade suprema foi fortalecida!,สกิลอัลติเมตได้รับการเสริมพลัง!,1,-1,{effort=11;zawakeStage=508;equipStarSum=10;equipAwakeSum=4},-1,{}
145107,1351,,7,{},0.5,属性获得增强,屬性獲得增強,Attribute has been enhanced,Thuộc tính đã được tăng cường,속성이 강화되었습니다,Atributo foi aprimorado,คุณสมบัติได้รับการเสริมพลัง,1,-1,{star=11;goodFeel=250;zawakeStage=608;advance=16},-1,{}
145108,1351,,8,{},0.5,属性获得增强,屬性獲得增強,Attribute has been enhanced,Thuộc tính đã được tăng cường,속성이 강화되었습니다,Atributo foi aprimorado,คุณสมบัติได้รับการเสริมพลัง,1,-1,{effort=13;equipStarSum=12;zawakeStage=708;nvalueSum=140},-1,{}
149101,1391,,1,{},0.5,属性获得增强,屬性獲得增強,Attribute has been enhanced,Thuộc tính đã được tăng cường,속성이 강화되었습니다,Atributo foi aprimorado,คุณสมบัติได้รับการเสริมพลัง,1,-1,{star=8;advance=13;goodFeel=100},-1,{}
149102,1391,,2,{},0.5,普攻技能获得强化提升!,普攻技能獲得強化提升！,Normal skill has been enhanced!,Kỹ năng thường đã được tăng cường!,일반 스킬이 강화되었습니다!,Habilidade normal foi fortalecida!,สกิลปกติได้รับการเสริมพลัง!,1,-1,{effort=7;zawakeStage=108;equipStarSum=6;equipAwakeSum=2},-1,{}
149103,1391,,3,{},0.5,小技能获得强化提升!,小技能獲得強化提升！,Minor skill has been enhanced!,Kỹ năng nhỏ đã được tăng cường!,소형 스킬이 강화되었습니다!,Habilidade menor foi aprimorada!,สกิลย่อยได้รับการเสริมพลัง!,1,-1,{star=9;goodFeel=160;zawakeStage=208;advance=15},-1,{}
149104,1391,,4,{},0.5,被动技能获得强化提升!,被動技能獲得強化提升！,Passive skill has been enhanced!,Kỹ năng bị động đã được tăng cường!,패시브 스킬이 강화되었습니다!,Habilidade passiva foi fortalecida!,สกิลพาสซีฟได้รับการเสริมพลัง!,1,-1,{effort=9;equipStarSum=9;zawakeStage=308;nvalueSum=140},-1,{}
149105,1391,,5,{},0.5,属性获得增强,屬性獲得增強,Attribute has been enhanced,Thuộc tính đã được tăng cường,속성이 강화되었습니다,Atributo foi aprimorado,คุณสมบัติได้รับการเสริมพลัง,1,-1,{star=10;goodFeel=220;zawakeStage=408;advance=16},-1,{}
149106,1391,,6,{},0.5,大招技能获得强化提升!,終極技能獲得強化提升！,Ultimate skill has been enhanced!,Kỹ năng tối thượng đã được tăng cường!,궁극 스킬이 강화되었습니다!,Habilidade suprema foi fortalecida!,สกิลอัลติเมตได้รับการเสริมพลัง!,1,-1,{effort=11;zawakeStage=508;equipStarSum=12;equipAwakeSum=4},-1,{}
149107,1391,,7,{},0.5,属性获得增强,屬性獲得增強,Attribute has been enhanced,Thuộc tính đã được tăng cường,속성이 강화되었습니다,Atributo foi aprimorado,คุณสมบัติได้รับการเสริมพลัง,1,-1,{star=11;goodFeel=300;zawakeStage=608;advance=17},-1,{}
149108,1391,,8,{},0.5,属性获得增强,屬性獲得增強,Attribute has been enhanced,Thuộc tính đã được tăng cường,속성이 강화되었습니다,Atributo foi aprimorado,คุณสมบัติได้รับการเสริมพลัง,1,-1,{effort=13;equipStarSum=15;zawakeStage=708;nvalueSum=140},-1,{}
149701,1397,,1,{},0.5,属性获得增强,屬性獲得增強,Attribute has been enhanced,Thuộc tính đã được tăng cường,속성이 강화되었습니다,Atributo foi aprimorado,คุณสมบัติได้รับการเสริมพลัง,1,-1,{star=8;advance=13;goodFeel=100},-1,{}
149702,1397,,2,{},0.5,普攻技能获得强化提升!,普攻技能獲得強化提升！,Normal skill has been enhanced!,Kỹ năng thường đã được tăng cường!,일반 스킬이 강화되었습니다!,Habilidade normal foi fortalecida!,สกิลปกติได้รับการเสริมพลัง!,1,-1,{effort=7;zawakeStage=108;equipStarSum=6;equipAwakeSum=2},-1,{}
149703,1397,,3,{},0.5,小技能获得强化提升!,小技能獲得強化提升！,Minor skill has been enhanced!,Kỹ năng nhỏ đã được tăng cường!,소형 스킬이 강화되었습니다!,Habilidade menor foi aprimorada!,สกิลย่อยได้รับการเสริมพลัง!,1,-1,{star=9;goodFeel=160;zawakeStage=208;advance=15},-1,{}
149704,1397,,4,{},0.5,被动技能获得强化提升!,被動技能獲得強化提升！,Passive skill has been enhanced!,Kỹ năng bị động đã được tăng cường!,패시브 스킬이 강화되었습니다!,Habilidade passiva foi fortalecida!,สกิลพาสซีฟได้รับการเสริมพลัง!,1,-1,{effort=9;equipStarSum=9;zawakeStage=308;nvalueSum=140},-1,{}
149705,1397,,5,{},0.5,属性获得增强,屬性獲得增強,Attribute has been enhanced,Thuộc tính đã được tăng cường,속성이 강화되었습니다,Atributo foi aprimorado,คุณสมบัติได้รับการเสริมพลัง,1,-1,{star=10;goodFeel=220;zawakeStage=408;advance=16},-1,{}
149706,1397,,6,{},0.5,大招技能获得强化提升!,終極技能獲得強化提升！,Ultimate skill has been enhanced!,Kỹ năng tối thượng đã được tăng cường!,궁극 스킬이 강화되었습니다!,Habilidade suprema foi fortalecida!,สกิลอัลติเมตได้รับการเสริมพลัง!,1,-1,{effort=11;zawakeStage=508;equipStarSum=12;equipAwakeSum=4},-1,{}
149707,1397,,7,{},0.5,属性获得增强,屬性獲得增強,Attribute has been enhanced,Thuộc tính đã được tăng cường,속성이 강화되었습니다,Atributo foi aprimorado,คุณสมบัติได้รับการเสริมพลัง,1,-1,{star=11;goodFeel=300;zawakeStage=608;advance=17},-1,{}
149708,1397,,8,{},0.5,属性获得增强,屬性獲得增強,Attribute has been enhanced,Thuộc tính đã được tăng cường,속성이 강화되었습니다,Atributo foi aprimorado,คุณสมบัติได้รับการเสริมพลัง,1,-1,{effort=13;equipStarSum=15;zawakeStage=708;nvalueSum=140},-1,{}
152101,1421,,1,{},0.5,属性获得增强,屬性獲得增強,Attribute has been enhanced,Thuộc tính đã được tăng cường,속성이 강화되었습니다,Atributo foi aprimorado,คุณสมบัติได้รับการเสริมพลัง,1,-1,{star=8;advance=13;goodFeel=100},-1,{}
152102,1421,,2,{},0.5,普攻技能获得强化提升!,普攻技能獲得強化提升！,Normal skill has been enhanced!,Kỹ năng thường đã được tăng cường!,일반 스킬이 강화되었습니다!,Habilidade normal foi fortalecida!,สกิลปกติได้รับการเสริมพลัง!,1,-1,{effort=7;zawakeStage=108;equipStarSum=6;equipAwakeSum=2},-1,{}
152103,1421,,3,{},0.5,小技能获得强化提升!,小技能獲得強化提升！,Minor skill has been enhanced!,Kỹ năng nhỏ đã được tăng cường!,소형 스킬이 강화되었습니다!,Habilidade menor foi aprimorada!,สกิลย่อยได้รับการเสริมพลัง!,1,-1,{star=9;goodFeel=160;zawakeStage=208;advance=15},-1,{}
152104,1421,,4,{},0.5,被动技能获得强化提升!,被動技能獲得強化提升！,Passive skill has been enhanced!,Kỹ năng bị động đã được tăng cường!,패시브 스킬이 강화되었습니다!,Habilidade passiva foi fortalecida!,สกิลพาสซีฟได้รับการเสริมพลัง!,1,-1,{effort=9;equipStarSum=9;zawakeStage=308;nvalueSum=140},-1,{}
152105,1421,,5,{},0.5,属性获得增强,屬性獲得增強,Attribute has been enhanced,Thuộc tính đã được tăng cường,속성이 강화되었습니다,Atributo foi aprimorado,คุณสมบัติได้รับการเสริมพลัง,1,-1,{star=10;goodFeel=220;zawakeStage=408;advance=16},-1,{}
152106,1421,,6,{},0.5,大招技能获得强化提升!,終極技能獲得強化提升！,Ultimate skill has been enhanced!,Kỹ năng tối thượng đã được tăng cường!,궁극 스킬이 강화되었습니다!,Habilidade suprema foi fortalecida!,สกิลอัลติเมตได้รับการเสริมพลัง!,1,-1,{effort=11;zawakeStage=508;equipStarSum=12;equipAwakeSum=4},-1,{}
152107,1421,,7,{},0.5,属性获得增强,屬性獲得增強,Attribute has been enhanced,Thuộc tính đã được tăng cường,속성이 강화되었습니다,Atributo foi aprimorado,คุณสมบัติได้รับการเสริมพลัง,1,-1,{star=11;goodFeel=300;zawakeStage=608;advance=17},-1,{}
152108,1421,,8,{},0.5,属性获得增强,屬性獲得增強,Attribute has been enhanced,Thuộc tính đã được tăng cường,속성이 강화되었습니다,Atributo foi aprimorado,คุณสมบัติได้รับการเสริมพลัง,1,-1,{effort=13;equipStarSum=15;zawakeStage=708;nvalueSum=140},-1,{}
154101,1441,,1,{},0.5,属性获得增强,屬性獲得增強,Attribute has been enhanced,Thuộc tính đã được tăng cường,속성이 강화되었습니다,Atributo foi aprimorado,คุณสมบัติได้รับการเสริมพลัง,1,-1,{star=8;advance=13;goodFeel=100},-1,{}
154102,1441,,2,{},0.5,普攻技能获得强化提升!,普攻技能獲得強化提升！,Normal skill has been enhanced!,Kỹ năng thường đã được tăng cường!,일반 스킬이 강화되었습니다!,Habilidade normal foi fortalecida!,สกิลปกติได้รับการเสริมพลัง!,1,-1,{effort=7;zawakeStage=108;equipStarSum=6;equipAwakeSum=2},-1,{}
154103,1441,,3,{},0.5,小技能获得强化提升!,小技能獲得強化提升！,Minor skill has been enhanced!,Kỹ năng nhỏ đã được tăng cường!,소형 스킬이 강화되었습니다!,Habilidade menor foi aprimorada!,สกิลย่อยได้รับการเสริมพลัง!,1,-1,{star=9;goodFeel=150;zawakeStage=208;advance=14},-1,{}
154104,1441,,4,{},0.5,被动技能获得强化提升!,被動技能獲得強化提升！,Passive skill has been enhanced!,Kỹ năng bị động đã được tăng cường!,패시브 스킬이 강화되었습니다!,Habilidade passiva foi fortalecida!,สกิลพาสซีฟได้รับการเสริมพลัง!,1,-1,{effort=9;equipStarSum=8;zawakeStage=308;nvalueSum=140},-1,{}
154105,1441,,5,{},0.5,属性获得增强,屬性獲得增強,Attribute has been enhanced,Thuộc tính đã được tăng cường,속성이 강화되었습니다,Atributo foi aprimorado,คุณสมบัติได้รับการเสริมพลัง,1,-1,{star=10;goodFeel=200;zawakeStage=408;advance=15},-1,{}
154106,1441,,6,{},0.5,大招技能获得强化提升!,終極技能獲得強化提升！,Ultimate skill has been enhanced!,Kỹ năng tối thượng đã được tăng cường!,궁극 스킬이 강화되었습니다!,Habilidade suprema foi fortalecida!,สกิลอัลติเมตได้รับการเสริมพลัง!,1,-1,{effort=11;zawakeStage=508;equipStarSum=10;equipAwakeSum=4},-1,{}
154107,1441,,7,{},0.5,属性获得增强,屬性獲得增強,Attribute has been enhanced,Thuộc tính đã được tăng cường,속성이 강화되었습니다,Atributo foi aprimorado,คุณสมบัติได้รับการเสริมพลัง,1,-1,{star=11;goodFeel=250;zawakeStage=608;advance=16},-1,{}
154108,1441,,8,{},0.5,属性获得增强,屬性獲得增強,Attribute has been enhanced,Thuộc tính đã được tăng cường,속성이 강화되었습니다,Atributo foi aprimorado,คุณสมบัติได้รับการเสริมพลัง,1,-1,{effort=13;equipStarSum=12;zawakeStage=708;nvalueSum=140},-1,{}
158101,1481,,1,{},0.5,属性获得增强,屬性獲得增強,Attribute has been enhanced,Thuộc tính đã được tăng cường,속성이 강화되었습니다,Atributo foi aprimorado,คุณสมบัติได้รับการเสริมพลัง,1,-1,{star=8;advance=13;goodFeel=100},-1,{}
158102,1481,,2,{},0.5,普攻技能获得强化提升!,普攻技能獲得強化提升！,Normal skill has been enhanced!,Kỹ năng thường đã được tăng cường!,일반 스킬이 강화되었습니다!,Habilidade normal foi fortalecida!,สกิลปกติได้รับการเสริมพลัง!,1,-1,{effort=7;zawakeStage=108;equipStarSum=6;equipAwakeSum=2},-1,{}
158103,1481,,3,{},0.5,小技能获得强化提升!,小技能獲得強化提升！,Minor skill has been enhanced!,Kỹ năng nhỏ đã được tăng cường!,소형 스킬이 강화되었습니다!,Habilidade menor foi aprimorada!,สกิลย่อยได้รับการเสริมพลัง!,1,-1,{star=9;goodFeel=150;zawakeStage=208;advance=14},-1,{}
158104,1481,,4,{},0.5,被动技能获得强化提升!,被動技能獲得強化提升！,Passive skill has been enhanced!,Kỹ năng bị động đã được tăng cường!,패시브 스킬이 강화되었습니다!,Habilidade passiva foi fortalecida!,สกิลพาสซีฟได้รับการเสริมพลัง!,1,-1,{effort=9;equipStarSum=8;zawakeStage=308;nvalueSum=140},-1,{}
158105,1481,,5,{},0.5,属性获得增强,屬性獲得增強,Attribute has been enhanced,Thuộc tính đã được tăng cường,속성이 강화되었습니다,Atributo foi aprimorado,คุณสมบัติได้รับการเสริมพลัง,1,-1,{star=10;goodFeel=200;zawakeStage=408;advance=15},-1,{}
158106,1481,,6,{},0.5,大招技能获得强化提升!,終極技能獲得強化提升！,Ultimate skill has been enhanced!,Kỹ năng tối thượng đã được tăng cường!,궁극 스킬이 강화되었습니다!,Habilidade suprema foi fortalecida!,สกิลอัลติเมตได้รับการเสริมพลัง!,1,-1,{effort=11;zawakeStage=508;equipStarSum=10;equipAwakeSum=4},-1,{}
158107,1481,,7,{},0.5,属性获得增强,屬性獲得增強,Attribute has been enhanced,Thuộc tính đã được tăng cường,속성이 강화되었습니다,Atributo foi aprimorado,คุณสมบัติได้รับการเสริมพลัง,1,-1,{star=11;goodFeel=250;zawakeStage=608;advance=16},-1,{}
158108,1481,,8,{},0.5,属性获得增强,屬性獲得增強,Attribute has been enhanced,Thuộc tính đã được tăng cường,속성이 강화되었습니다,Atributo foi aprimorado,คุณสมบัติได้รับการเสริมพลัง,1,-1,{effort=13;equipStarSum=12;zawakeStage=708;nvalueSum=140},-1,{}
160101,1501,,1,{},0.5,属性获得增强,屬性獲得增強,Attribute has been enhanced,Thuộc tính đã được tăng cường,속성이 강화되었습니다,Atributo foi aprimorado,คุณสมบัติได้รับการเสริมพลัง,1,-1,{star=8;advance=13;goodFeel=100},-1,{}
160102,1501,,2,{},0.5,普攻技能获得强化提升!,普攻技能獲得強化提升！,Normal skill has been enhanced!,Kỹ năng thường đã được tăng cường!,일반 스킬이 강화되었습니다!,Habilidade normal foi fortalecida!,สกิลปกติได้รับการเสริมพลัง!,1,-1,{effort=7;zawakeStage=108;equipStarSum=6;equipAwakeSum=2},-1,{}
160103,1501,,3,{},0.5,小技能获得强化提升!,小技能獲得強化提升！,Minor skill has been enhanced!,Kỹ năng nhỏ đã được tăng cường!,소형 스킬이 강화되었습니다!,Habilidade menor foi aprimorada!,สกิลย่อยได้รับการเสริมพลัง!,1,-1,{star=9;goodFeel=160;zawakeStage=208;advance=15},-1,{}
160104,1501,,4,{},0.5,被动技能获得强化提升!,被動技能獲得強化提升！,Passive skill has been enhanced!,Kỹ năng bị động đã được tăng cường!,패시브 스킬이 강화되었습니다!,Habilidade passiva foi fortalecida!,สกิลพาสซีฟได้รับการเสริมพลัง!,1,-1,{effort=9;equipStarSum=9;zawakeStage=308;nvalueSum=140},-1,{}
160105,1501,,5,{},0.5,属性获得增强,屬性獲得增強,Attribute has been enhanced,Thuộc tính đã được tăng cường,속성이 강화되었습니다,Atributo foi aprimorado,คุณสมบัติได้รับการเสริมพลัง,1,-1,{star=10;goodFeel=220;zawakeStage=408;advance=16},-1,{}
160106,1501,,6,{},0.5,大招技能获得强化提升!,終極技能獲得強化提升！,Ultimate skill has been enhanced!,Kỹ năng tối thượng đã được tăng cường!,궁극 스킬이 강화되었습니다!,Habilidade suprema foi fortalecida!,สกิลอัลติเมตได้รับการเสริมพลัง!,1,-1,{effort=11;zawakeStage=508;equipStarSum=12;equipAwakeSum=4},-1,{}
160107,1501,,7,{},0.5,属性获得增强,屬性獲得增強,Attribute has been enhanced,Thuộc tính đã được tăng cường,속성이 강화되었습니다,Atributo foi aprimorado,คุณสมบัติได้รับการเสริมพลัง,1,-1,{star=11;goodFeel=300;zawakeStage=608;advance=17},-1,{}
160108,1501,,8,{},0.5,属性获得增强,屬性獲得增強,Attribute has been enhanced,Thuộc tính đã được tăng cường,속성이 강화되었습니다,Atributo foi aprimorado,คุณสมบัติได้รับการเสริมพลัง,1,-1,{effort=13;equipStarSum=15;zawakeStage=708;nvalueSum=140},-1,{}
171101,1611,,1,{},0.5,属性获得增强,屬性獲得增強,Attribute has been enhanced,Thuộc tính đã được tăng cường,속성이 강화되었습니다,Atributo foi aprimorado,คุณสมบัติได้รับการเสริมพลัง,1,-1,{star=8;advance=13;goodFeel=100},-1,{}
171102,1611,,2,{},0.5,普攻技能获得强化提升!,普攻技能獲得強化提升！,Normal skill has been enhanced!,Kỹ năng thường đã được tăng cường!,일반 스킬이 강화되었습니다!,Habilidade normal foi fortalecida!,สกิลปกติได้รับการเสริมพลัง!,1,-1,{effort=7;zawakeStage=108;equipStarSum=6;equipAwakeSum=2},-1,{}
171103,1611,,3,{},0.5,小技能获得强化提升!,小技能獲得強化提升！,Minor skill has been enhanced!,Kỹ năng nhỏ đã được tăng cường!,소형 스킬이 강화되었습니다!,Habilidade menor foi aprimorada!,สกิลย่อยได้รับการเสริมพลัง!,1,-1,{star=9;goodFeel=150;zawakeStage=208;advance=14},-1,{}
171104,1611,,4,{},0.5,被动技能获得强化提升!,被動技能獲得強化提升！,Passive skill has been enhanced!,Kỹ năng bị động đã được tăng cường!,패시브 스킬이 강화되었습니다!,Habilidade passiva foi fortalecida!,สกิลพาสซีฟได้รับการเสริมพลัง!,1,-1,{effort=9;equipStarSum=8;zawakeStage=308;nvalueSum=140},-1,{}
171105,1611,,5,{},0.5,属性获得增强,屬性獲得增強,Attribute has been enhanced,Thuộc tính đã được tăng cường,속성이 강화되었습니다,Atributo foi aprimorado,คุณสมบัติได้รับการเสริมพลัง,1,-1,{star=10;goodFeel=200;zawakeStage=408;advance=15},-1,{}
171106,1611,,6,{},0.5,大招技能获得强化提升!,終極技能獲得強化提升！,Ultimate skill has been enhanced!,Kỹ năng tối thượng đã được tăng cường!,궁극 스킬이 강화되었습니다!,Habilidade suprema foi fortalecida!,สกิลอัลติเมตได้รับการเสริมพลัง!,1,-1,{effort=11;zawakeStage=508;equipStarSum=10;equipAwakeSum=4},-1,{}
171107,1611,,7,{},0.5,属性获得增强,屬性獲得增強,Attribute has been enhanced,Thuộc tính đã được tăng cường,속성이 강화되었습니다,Atributo foi aprimorado,คุณสมบัติได้รับการเสริมพลัง,1,-1,{star=11;goodFeel=250;zawakeStage=608;advance=16},-1,{}
171108,1611,,8,{},0.5,属性获得增强,屬性獲得增強,Attribute has been enhanced,Thuộc tính đã được tăng cường,속성이 강화되었습니다,Atributo foi aprimorado,คุณสมบัติได้รับการเสริมพลัง,1,-1,{effort=13;equipStarSum=12;zawakeStage=708;nvalueSum=140},-1,{}
174101,1641,,1,{},0.5,属性获得增强,屬性獲得增強,Attribute has been enhanced,Thuộc tính đã được tăng cường,속성이 강화되었습니다,Atributo foi aprimorado,คุณสมบัติได้รับการเสริมพลัง,1,-1,{star=8;advance=13;goodFeel=100},-1,{}
174102,1641,,2,{},0.5,普攻技能获得强化提升!,普攻技能獲得強化提升！,Normal skill has been enhanced!,Kỹ năng thường đã được tăng cường!,일반 스킬이 강화되었습니다!,Habilidade normal foi fortalecida!,สกิลปกติได้รับการเสริมพลัง!,1,-1,{effort=7;zawakeStage=108;equipStarSum=6;equipAwakeSum=2},-1,{}
174103,1641,,3,{},0.5,小技能获得强化提升!,小技能獲得強化提升！,Minor skill has been enhanced!,Kỹ năng nhỏ đã được tăng cường!,소형 스킬이 강화되었습니다!,Habilidade menor foi aprimorada!,สกิลย่อยได้รับการเสริมพลัง!,1,-1,{star=9;goodFeel=150;zawakeStage=208;advance=14},-1,{}
174104,1641,,4,{},0.5,被动技能获得强化提升!,被動技能獲得強化提升！,Passive skill has been enhanced!,Kỹ năng bị động đã được tăng cường!,패시브 스킬이 강화되었습니다!,Habilidade passiva foi fortalecida!,สกิลพาสซีฟได้รับการเสริมพลัง!,1,-1,{effort=9;equipStarSum=8;zawakeStage=308;nvalueSum=140},-1,{}
174105,1641,,5,{},0.5,属性获得增强,屬性獲得增強,Attribute has been enhanced,Thuộc tính đã được tăng cường,속성이 강화되었습니다,Atributo foi aprimorado,คุณสมบัติได้รับการเสริมพลัง,1,-1,{star=10;goodFeel=200;zawakeStage=408;advance=15},-1,{}
174106,1641,,6,{},0.5,大招技能获得强化提升!,終極技能獲得強化提升！,Ultimate skill has been enhanced!,Kỹ năng tối thượng đã được tăng cường!,궁극 스킬이 강화되었습니다!,Habilidade suprema foi fortalecida!,สกิลอัลติเมตได้รับการเสริมพลัง!,1,-1,{effort=11;zawakeStage=508;equipStarSum=10;equipAwakeSum=4},-1,{}
174107,1641,,7,{},0.5,属性获得增强,屬性獲得增強,Attribute has been enhanced,Thuộc tính đã được tăng cường,속성이 강화되었습니다,Atributo foi aprimorado,คุณสมบัติได้รับการเสริมพลัง,1,-1,{star=11;goodFeel=250;zawakeStage=608;advance=16},-1,{}
174108,1641,,8,{},0.5,属性获得增强,屬性獲得增強,Attribute has been enhanced,Thuộc tính đã được tăng cường,속성이 강화되었습니다,Atributo foi aprimorado,คุณสมบัติได้รับการเสริมพลัง,1,-1,{effort=13;equipStarSum=12;zawakeStage=708;nvalueSum=140},-1,{}
187101,1771,,1,{},0.5,属性获得增强,屬性獲得增強,Attribute has been enhanced,Thuộc tính đã được tăng cường,속성이 강화되었습니다,Atributo foi aprimorado,คุณสมบัติได้รับการเสริมพลัง,1,-1,{star=8;advance=13;goodFeel=100},-1,{}
187102,1771,,2,{},0.5,普攻技能获得强化提升!,普攻技能獲得強化提升！,Normal skill has been enhanced!,Kỹ năng thường đã được tăng cường!,일반 스킬이 강화되었습니다!,Habilidade normal foi fortalecida!,สกิลปกติได้รับการเสริมพลัง!,1,-1,{effort=7;zawakeStage=108;equipStarSum=6;equipAwakeSum=2},-1,{}
187103,1771,,3,{},0.5,小技能获得强化提升!,小技能獲得強化提升！,Minor skill has been enhanced!,Kỹ năng nhỏ đã được tăng cường!,소형 스킬이 강화되었습니다!,Habilidade menor foi aprimorada!,สกิลย่อยได้รับการเสริมพลัง!,1,-1,{star=9;goodFeel=150;zawakeStage=208;advance=14},-1,{}
187104,1771,,4,{},0.5,被动技能获得强化提升!,被動技能獲得強化提升！,Passive skill has been enhanced!,Kỹ năng bị động đã được tăng cường!,패시브 스킬이 강화되었습니다!,Habilidade passiva foi fortalecida!,สกิลพาสซีฟได้รับการเสริมพลัง!,1,-1,{effort=9;equipStarSum=8;zawakeStage=308;nvalueSum=140},-1,{}
187105,1771,,5,{},0.5,属性获得增强,屬性獲得增強,Attribute has been enhanced,Thuộc tính đã được tăng cường,속성이 강화되었습니다,Atributo foi aprimorado,คุณสมบัติได้รับการเสริมพลัง,1,-1,{star=10;goodFeel=200;zawakeStage=408;advance=15},-1,{}
187106,1771,,6,{},0.5,大招技能获得强化提升!,終極技能獲得強化提升！,Ultimate skill has been enhanced!,Kỹ năng tối thượng đã được tăng cường!,궁극 스킬이 강화되었습니다!,Habilidade suprema foi fortalecida!,สกิลอัลติเมตได้รับการเสริมพลัง!,1,-1,{effort=11;zawakeStage=508;equipStarSum=10;equipAwakeSum=4},-1,{}
187107,1771,,7,{},0.5,属性获得增强,屬性獲得增強,Attribute has been enhanced,Thuộc tính đã được tăng cường,속성이 강화되었습니다,Atributo foi aprimorado,คุณสมบัติได้รับการเสริมพลัง,1,-1,{star=11;goodFeel=250;zawakeStage=608;advance=16},-1,{}
187108,1771,,8,{},0.5,属性获得增强,屬性獲得增強,Attribute has been enhanced,Thuộc tính đã được tăng cường,속성이 강화되었습니다,Atributo foi aprimorado,คุณสมบัติได้รับการเสริมพลัง,1,-1,{effort=13;equipStarSum=12;zawakeStage=708;nvalueSum=140},-1,{}
190101,1801,,1,{},0.5,属性获得增强,屬性獲得增強,Attribute has been enhanced,Thuộc tính đã được tăng cường,속성이 강화되었습니다,Atributo foi aprimorado,คุณสมบัติได้รับการเสริมพลัง,1,-1,{star=8;advance=13;goodFeel=100},-1,{}
190102,1801,,2,{},0.5,普攻技能获得强化提升!,普攻技能獲得強化提升！,Normal skill has been enhanced!,Kỹ năng thường đã được tăng cường!,일반 스킬이 강화되었습니다!,Habilidade normal foi fortalecida!,สกิลปกติได้รับการเสริมพลัง!,1,-1,{effort=7;zawakeStage=108;equipStarSum=6;equipAwakeSum=2},-1,{}
190103,1801,,3,{},0.5,小技能获得强化提升!,小技能獲得強化提升！,Minor skill has been enhanced!,Kỹ năng nhỏ đã được tăng cường!,소형 스킬이 강화되었습니다!,Habilidade menor foi aprimorada!,สกิลย่อยได้รับการเสริมพลัง!,1,-1,{star=9;goodFeel=150;zawakeStage=208;advance=14},-1,{}
190104,1801,,4,{},0.5,被动技能获得强化提升!,被動技能獲得強化提升！,Passive skill has been enhanced!,Kỹ năng bị động đã được tăng cường!,패시브 스킬이 강화되었습니다!,Habilidade passiva foi fortalecida!,สกิลพาสซีฟได้รับการเสริมพลัง!,1,-1,{effort=9;equipStarSum=8;zawakeStage=308;nvalueSum=140},-1,{}
190105,1801,,5,{},0.5,属性获得增强,屬性獲得增強,Attribute has been enhanced,Thuộc tính đã được tăng cường,속성이 강화되었습니다,Atributo foi aprimorado,คุณสมบัติได้รับการเสริมพลัง,1,-1,{star=10;goodFeel=200;zawakeStage=408;advance=15},-1,{}
190106,1801,,6,{},0.5,大招技能获得强化提升!,終極技能獲得強化提升！,Ultimate skill has been enhanced!,Kỹ năng tối thượng đã được tăng cường!,궁극 스킬이 강화되었습니다!,Habilidade suprema foi fortalecida!,สกิลอัลติเมตได้รับการเสริมพลัง!,1,-1,{effort=11;zawakeStage=508;equipStarSum=10;equipAwakeSum=4},-1,{}
190107,1801,,7,{},0.5,属性获得增强,屬性獲得增強,Attribute has been enhanced,Thuộc tính đã được tăng cường,속성이 강화되었습니다,Atributo foi aprimorado,คุณสมบัติได้รับการเสริมพลัง,1,-1,{star=11;goodFeel=250;zawakeStage=608;advance=16},-1,{}
190108,1801,,8,{},0.5,属性获得增强,屬性獲得增強,Attribute has been enhanced,Thuộc tính đã được tăng cường,속성이 강화되었습니다,Atributo foi aprimorado,คุณสมบัติได้รับการเสริมพลัง,1,-1,{effort=13;equipStarSum=12;zawakeStage=708;nvalueSum=140},-1,{}
191101,1811,,1,{},0.5,属性获得增强,屬性獲得增強,Attribute has been enhanced,Thuộc tính đã được tăng cường,속성이 강화되었습니다,Atributo foi aprimorado,คุณสมบัติได้รับการเสริมพลัง,1,-1,{star=8;advance=13;goodFeel=100},-1,{}
191102,1811,,2,{},0.5,普攻技能获得强化提升!,普攻技能獲得強化提升！,Normal skill has been enhanced!,Kỹ năng thường đã được tăng cường!,일반 스킬이 강화되었습니다!,Habilidade normal foi fortalecida!,สกิลปกติได้รับการเสริมพลัง!,1,-1,{effort=7;zawakeStage=108;equipStarSum=6;equipAwakeSum=2},-1,{}
191103,1811,,3,{},0.5,小技能获得强化提升!,小技能獲得強化提升！,Minor skill has been enhanced!,Kỹ năng nhỏ đã được tăng cường!,소형 스킬이 강화되었습니다!,Habilidade menor foi aprimorada!,สกิลย่อยได้รับการเสริมพลัง!,1,-1,{star=9;goodFeel=160;zawakeStage=208;advance=15},-1,{}
191104,1811,,4,{},0.5,被动技能获得强化提升!,被動技能獲得強化提升！,Passive skill has been enhanced!,Kỹ năng bị động đã được tăng cường!,패시브 스킬이 강화되었습니다!,Habilidade passiva foi fortalecida!,สกิลพาสซีฟได้รับการเสริมพลัง!,1,-1,{effort=9;equipStarSum=9;zawakeStage=308;nvalueSum=140},-1,{}
191105,1811,,5,{},0.5,属性获得增强,屬性獲得增強,Attribute has been enhanced,Thuộc tính đã được tăng cường,속성이 강화되었습니다,Atributo foi aprimorado,คุณสมบัติได้รับการเสริมพลัง,1,-1,{star=10;goodFeel=220;zawakeStage=408;advance=16},-1,{}
191106,1811,,6,{},0.5,大招技能获得强化提升!,終極技能獲得強化提升！,Ultimate skill has been enhanced!,Kỹ năng tối thượng đã được tăng cường!,궁극 스킬이 강화되었습니다!,Habilidade suprema foi fortalecida!,สกิลอัลติเมตได้รับการเสริมพลัง!,1,-1,{effort=11;zawakeStage=508;equipStarSum=12;equipAwakeSum=4},-1,{}
191107,1811,,7,{},0.5,属性获得增强,屬性獲得增強,Attribute has been enhanced,Thuộc tính đã được tăng cường,속성이 강화되었습니다,Atributo foi aprimorado,คุณสมบัติได้รับการเสริมพลัง,1,-1,{star=11;goodFeel=300;zawakeStage=608;advance=17},-1,{}
191108,1811,,8,{},0.5,属性获得增强,屬性獲得增強,Attribute has been enhanced,Thuộc tính đã được tăng cường,속성이 강화되었습니다,Atributo foi aprimorado,คุณสมบัติได้รับการเสริมพลัง,1,-1,{effort=13;equipStarSum=15;zawakeStage=708;nvalueSum=140},-1,{}
194101,1841,,1,{},0.5,属性获得增强,屬性獲得增強,Attribute has been enhanced,Thuộc tính đã được tăng cường,속성이 강화되었습니다,Atributo foi aprimorado,คุณสมบัติได้รับการเสริมพลัง,1,-1,{star=8;advance=13;goodFeel=100},-1,{}
194102,1841,,2,{},0.5,普攻技能获得强化提升!,普攻技能獲得強化提升！,Normal skill has been enhanced!,Kỹ năng thường đã được tăng cường!,일반 스킬이 강화되었습니다!,Habilidade normal foi fortalecida!,สกิลปกติได้รับการเสริมพลัง!,1,-1,{effort=7;zawakeStage=108;equipStarSum=6;equipAwakeSum=2},-1,{}
194103,1841,,3,{},0.5,小技能获得强化提升!,小技能獲得強化提升！,Minor skill has been enhanced!,Kỹ năng nhỏ đã được tăng cường!,소형 스킬이 강화되었습니다!,Habilidade menor foi aprimorada!,สกิลย่อยได้รับการเสริมพลัง!,1,-1,{star=9;goodFeel=160;zawakeStage=208;advance=15},-1,{}
194104,1841,,4,{},0.5,被动技能获得强化提升!,被動技能獲得強化提升！,Passive skill has been enhanced!,Kỹ năng bị động đã được tăng cường!,패시브 스킬이 강화되었습니다!,Habilidade passiva foi fortalecida!,สกิลพาสซีฟได้รับการเสริมพลัง!,1,-1,{effort=9;equipStarSum=9;zawakeStage=308;nvalueSum=140},-1,{}
194105,1841,,5,{},0.5,属性获得增强,屬性獲得增強,Attribute has been enhanced,Thuộc tính đã được tăng cường,속성이 강화되었습니다,Atributo foi aprimorado,คุณสมบัติได้รับการเสริมพลัง,1,-1,{star=10;goodFeel=220;zawakeStage=408;advance=16},-1,{}
194106,1841,,6,{},0.5,大招技能获得强化提升!,終極技能獲得強化提升！,Ultimate skill has been enhanced!,Kỹ năng tối thượng đã được tăng cường!,궁극 스킬이 강화되었습니다!,Habilidade suprema foi fortalecida!,สกิลอัลติเมตได้รับการเสริมพลัง!,1,-1,{effort=11;zawakeStage=508;equipStarSum=12;equipAwakeSum=4},-1,{}
194107,1841,,7,{},0.5,属性获得增强,屬性獲得增強,Attribute has been enhanced,Thuộc tính đã được tăng cường,속성이 강화되었습니다,Atributo foi aprimorado,คุณสมบัติได้รับการเสริมพลัง,1,-1,{star=11;goodFeel=300;zawakeStage=608;advance=17},-1,{}
194108,1841,,8,{},0.5,属性获得增强,屬性獲得增強,Attribute has been enhanced,Thuộc tính đã được tăng cường,속성이 강화되었습니다,Atributo foi aprimorado,คุณสมบัติได้รับการเสริมพลัง,1,-1,{effort=13;equipStarSum=15;zawakeStage=708;nvalueSum=140},-1,{}
195101,1851,,1,{},0.5,属性获得增强,屬性獲得增強,Attribute has been enhanced,Thuộc tính đã được tăng cường,속성이 강화되었습니다,Atributo foi aprimorado,คุณสมบัติได้รับการเสริมพลัง,1,-1,{star=8;advance=13;goodFeel=100},-1,{}
195102,1851,,2,{},0.5,普攻技能获得强化提升!,普攻技能獲得強化提升！,Normal skill has been enhanced!,Kỹ năng thường đã được tăng cường!,일반 스킬이 강화되었습니다!,Habilidade normal foi fortalecida!,สกิลปกติได้รับการเสริมพลัง!,1,-1,{effort=7;zawakeStage=108;equipStarSum=6;equipAwakeSum=2},-1,{}
195103,1851,,3,{},0.5,小技能获得强化提升!,小技能獲得強化提升！,Minor skill has been enhanced!,Kỹ năng nhỏ đã được tăng cường!,소형 스킬이 강화되었습니다!,Habilidade menor foi aprimorada!,สกิลย่อยได้รับการเสริมพลัง!,1,-1,{star=9;goodFeel=150;zawakeStage=208;advance=14},-1,{}
195104,1851,,4,{},0.5,被动技能获得强化提升!,被動技能獲得強化提升！,Passive skill has been enhanced!,Kỹ năng bị động đã được tăng cường!,패시브 스킬이 강화되었습니다!,Habilidade passiva foi fortalecida!,สกิลพาสซีฟได้รับการเสริมพลัง!,1,-1,{effort=9;equipStarSum=8;zawakeStage=308;nvalueSum=140},-1,{}
195105,1851,,5,{},0.5,属性获得增强,屬性獲得增強,Attribute has been enhanced,Thuộc tính đã được tăng cường,속성이 강화되었습니다,Atributo foi aprimorado,คุณสมบัติได้รับการเสริมพลัง,1,-1,{star=10;goodFeel=200;zawakeStage=408;advance=15},-1,{}
195106,1851,,6,{},0.5,大招技能获得强化提升!,終極技能獲得強化提升！,Ultimate skill has been enhanced!,Kỹ năng tối thượng đã được tăng cường!,궁극 스킬이 강화되었습니다!,Habilidade suprema foi fortalecida!,สกิลอัลติเมตได้รับการเสริมพลัง!,1,-1,{effort=11;zawakeStage=508;equipStarSum=10;equipAwakeSum=4},-1,{}
195107,1851,,7,{},0.5,属性获得增强,屬性獲得增強,Attribute has been enhanced,Thuộc tính đã được tăng cường,속성이 강화되었습니다,Atributo foi aprimorado,คุณสมบัติได้รับการเสริมพลัง,1,-1,{star=11;goodFeel=250;zawakeStage=608;advance=16},-1,{}
195108,1851,,8,{},0.5,属性获得增强,屬性獲得增強,Attribute has been enhanced,Thuộc tính đã được tăng cường,속성이 강화되었습니다,Atributo foi aprimorado,คุณสมบัติได้รับการเสริมพลัง,1,-1,{effort=13;equipStarSum=12;zawakeStage=708;nvalueSum=140},-1,{}
195201,1852,,1,{},0.5,属性获得增强,屬性獲得增強,Attribute has been enhanced,Thuộc tính đã được tăng cường,속성이 강화되었습니다,Atributo foi aprimorado,คุณสมบัติได้รับการเสริมพลัง,1,-1,{star=8;advance=13;goodFeel=100},-1,{}
195202,1852,,2,{},0.5,普攻技能获得强化提升!,普攻技能獲得強化提升！,Normal skill has been enhanced!,Kỹ năng thường đã được tăng cường!,일반 스킬이 강화되었습니다!,Habilidade normal foi fortalecida!,สกิลปกติได้รับการเสริมพลัง!,1,-1,{effort=7;zawakeStage=108;equipStarSum=6;equipAwakeSum=2},-1,{}
195203,1852,,3,{},0.5,小技能获得强化提升!,小技能獲得強化提升！,Minor skill has been enhanced!,Kỹ năng nhỏ đã được tăng cường!,소형 스킬이 강화되었습니다!,Habilidade menor foi aprimorada!,สกิลย่อยได้รับการเสริมพลัง!,1,-1,{star=9;goodFeel=150;zawakeStage=208;advance=14},-1,{}
195204,1852,,4,{},0.5,被动技能获得强化提升!,被動技能獲得強化提升！,Passive skill has been enhanced!,Kỹ năng bị động đã được tăng cường!,패시브 스킬이 강화되었습니다!,Habilidade passiva foi fortalecida!,สกิลพาสซีฟได้รับการเสริมพลัง!,1,-1,{effort=9;equipStarSum=8;zawakeStage=308;nvalueSum=140},-1,{}
195205,1852,,5,{},0.5,属性获得增强,屬性獲得增強,Attribute has been enhanced,Thuộc tính đã được tăng cường,속성이 강화되었습니다,Atributo foi aprimorado,คุณสมบัติได้รับการเสริมพลัง,1,-1,{star=10;goodFeel=200;zawakeStage=408;advance=15},-1,{}
195206,1852,,6,{},0.5,大招技能获得强化提升!,終極技能獲得強化提升！,Ultimate skill has been enhanced!,Kỹ năng tối thượng đã được tăng cường!,궁극 스킬이 강화되었습니다!,Habilidade suprema foi fortalecida!,สกิลอัลติเมตได้รับการเสริมพลัง!,1,-1,{effort=11;zawakeStage=508;equipStarSum=10;equipAwakeSum=4},-1,{}
195207,1852,,7,{},0.5,属性获得增强,屬性獲得增強,Attribute has been enhanced,Thuộc tính đã được tăng cường,속성이 강화되었습니다,Atributo foi aprimorado,คุณสมบัติได้รับการเสริมพลัง,1,-1,{star=11;goodFeel=250;zawakeStage=608;advance=16},-1,{}
195208,1852,,8,{},0.5,属性获得增强,屬性獲得增強,Attribute has been enhanced,Thuộc tính đã được tăng cường,속성이 강화되었습니다,Atributo foi aprimorado,คุณสมบัติได้รับการเสริมพลัง,1,-1,{effort=13;equipStarSum=12;zawakeStage=708;nvalueSum=140},-1,{}
196101,1861,,1,{},0.5,属性获得增强,屬性獲得增強,Attribute has been enhanced,Thuộc tính đã được tăng cường,속성이 강화되었습니다,Atributo foi aprimorado,คุณสมบัติได้รับการเสริมพลัง,1,-1,{star=8;advance=13;goodFeel=100},-1,{}
196102,1861,,2,{},0.5,普攻技能获得强化提升!,普攻技能獲得強化提升！,Normal skill has been enhanced!,Kỹ năng thường đã được tăng cường!,일반 스킬이 강화되었습니다!,Habilidade normal foi fortalecida!,สกิลปกติได้รับการเสริมพลัง!,1,-1,{effort=7;zawakeStage=108;equipStarSum=6;equipAwakeSum=2},-1,{}
196103,1861,,3,{},0.5,小技能获得强化提升!,小技能獲得強化提升！,Minor skill has been enhanced!,Kỹ năng nhỏ đã được tăng cường!,소형 스킬이 강화되었습니다!,Habilidade menor foi aprimorada!,สกิลย่อยได้รับการเสริมพลัง!,1,-1,{star=9;goodFeel=150;zawakeStage=208;advance=14},-1,{}
196104,1861,,4,{},0.5,被动技能获得强化提升!,被動技能獲得強化提升！,Passive skill has been enhanced!,Kỹ năng bị động đã được tăng cường!,패시브 스킬이 강화되었습니다!,Habilidade passiva foi fortalecida!,สกิลพาสซีฟได้รับการเสริมพลัง!,1,-1,{effort=9;equipStarSum=8;zawakeStage=308;nvalueSum=140},-1,{}
196105,1861,,5,{},0.5,属性获得增强,屬性獲得增強,Attribute has been enhanced,Thuộc tính đã được tăng cường,속성이 강화되었습니다,Atributo foi aprimorado,คุณสมบัติได้รับการเสริมพลัง,1,-1,{star=10;goodFeel=200;zawakeStage=408;advance=15},-1,{}
196106,1861,,6,{},0.5,大招技能获得强化提升!,終極技能獲得強化提升！,Ultimate skill has been enhanced!,Kỹ năng tối thượng đã được tăng cường!,궁극 스킬이 강화되었습니다!,Habilidade suprema foi fortalecida!,สกิลอัลติเมตได้รับการเสริมพลัง!,1,-1,{effort=11;zawakeStage=508;equipStarSum=10;equipAwakeSum=4},-1,{}
196107,1861,,7,{},0.5,属性获得增强,屬性獲得增強,Attribute has been enhanced,Thuộc tính đã được tăng cường,속성이 강화되었습니다,Atributo foi aprimorado,คุณสมบัติได้รับการเสริมพลัง,1,-1,{star=11;goodFeel=250;zawakeStage=608;advance=16},-1,{}
196108,1861,,8,{},0.5,属性获得增强,屬性獲得增強,Attribute has been enhanced,Thuộc tính đã được tăng cường,속성이 강화되었습니다,Atributo foi aprimorado,คุณสมบัติได้รับการเสริมพลัง,1,-1,{effort=13;equipStarSum=12;zawakeStage=708;nvalueSum=140},-1,{}
197201,1972,,1,{},0.5,属性获得增强,屬性獲得增強,Attribute has been enhanced,Thuộc tính đã được tăng cường,속성이 강화되었습니다,Atributo foi aprimorado,คุณสมบัติได้รับการเสริมพลัง,1,-1,{star=8;advance=13;goodFeel=100},-1,{}
197202,1972,,2,{},0.5,普攻技能获得强化提升!,普攻技能獲得強化提升！,Normal skill has been enhanced!,Kỹ năng thường đã được tăng cường!,일반 스킬이 강화되었습니다!,Habilidade normal foi fortalecida!,สกิลปกติได้รับการเสริมพลัง!,1,-1,{effort=7;zawakeStage=108;equipStarSum=6;equipAwakeSum=2},-1,{}
197203,1972,,3,{},0.5,小技能获得强化提升!,小技能獲得強化提升！,Minor skill has been enhanced!,Kỹ năng nhỏ đã được tăng cường!,소형 스킬이 강화되었습니다!,Habilidade menor foi aprimorada!,สกิลย่อยได้รับการเสริมพลัง!,1,-1,{star=9;goodFeel=180;zawakeStage=208;advance=15},-1,{}
197204,1972,,4,{},0.5,被动技能获得强化提升!,被動技能獲得強化提升！,Passive skill has been enhanced!,Kỹ năng bị động đã được tăng cường!,패시브 스킬이 강화되었습니다!,Habilidade passiva foi fortalecida!,สกิลพาสซีฟได้รับการเสริมพลัง!,1,-1,{effort=9;equipStarSum=12;zawakeStage=308;nvalueSum=160},-1,{}
197205,1972,,5,{},0.5,属性获得增强,屬性獲得增強,Attribute has been enhanced,Thuộc tính đã được tăng cường,속성이 강화되었습니다,Atributo foi aprimorado,คุณสมบัติได้รับการเสริมพลัง,1,-1,{star=10;goodFeel=260;zawakeStage=408;advance=17},-1,{}
197206,1972,,6,{},0.5,大招技能获得强化提升!,終極技能獲得強化提升！,Ultimate skill has been enhanced!,Kỹ năng tối thượng đã được tăng cường!,궁극 스킬이 강화되었습니다!,Habilidade suprema foi fortalecida!,สกิลอัลติเมตได้รับการเสริมพลัง!,1,-1,{effort=11;zawakeStage=508;equipStarSum=18;equipAwakeSum=6},-1,{}
197207,1972,,7,{},0.5,属性获得增强,屬性獲得增強,Attribute has been enhanced,Thuộc tính đã được tăng cường,속성이 강화되었습니다,Atributo foi aprimorado,คุณสมบัติได้รับการเสริมพลัง,1,-1,{star=11;goodFeel=350;zawakeStage=608;advance=19},-1,{}
197208,1972,,8,{},0.5,属性获得增强,屬性獲得增強,Attribute has been enhanced,Thuộc tính đã được tăng cường,속성이 강화되었습니다,Atributo foi aprimorado,คุณสมบัติได้รับการเสริมพลัง,1,-1,{effort=13;equipStarSum=24;zawakeStage=708;nvalueSum=160},-1,{}
198101,1981,,1,{},0.5,属性获得增强,屬性獲得增強,Attribute has been enhanced,Thuộc tính đã được tăng cường,속성이 강화되었습니다,Atributo foi aprimorado,คุณสมบัติได้รับการเสริมพลัง,1,-1,{star=8;advance=13;goodFeel=100},-1,{}
198102,1981,,2,{},0.5,普攻技能获得强化提升!,普攻技能獲得強化提升！,Normal skill has been enhanced!,Kỹ năng thường đã được tăng cường!,일반 스킬이 강화되었습니다!,Habilidade normal foi fortalecida!,สกิลปกติได้รับการเสริมพลัง!,1,-1,{effort=7;zawakeStage=108;equipStarSum=6;equipAwakeSum=2},-1,{}
198103,1981,,3,{},0.5,小技能获得强化提升!,小技能獲得強化提升！,Minor skill has been enhanced!,Kỹ năng nhỏ đã được tăng cường!,소형 스킬이 강화되었습니다!,Habilidade menor foi aprimorada!,สกิลย่อยได้รับการเสริมพลัง!,1,-1,{star=9;goodFeel=180;zawakeStage=208;advance=15},-1,{}
198104,1981,,4,{},0.5,被动技能获得强化提升!,被動技能獲得強化提升！,Passive skill has been enhanced!,Kỹ năng bị động đã được tăng cường!,패시브 스킬이 강화되었습니다!,Habilidade passiva foi fortalecida!,สกิลพาสซีฟได้รับการเสริมพลัง!,1,-1,{effort=9;equipStarSum=12;zawakeStage=308;nvalueSum=160},-1,{}
198105,1981,,5,{},0.5,属性获得增强,屬性獲得增強,Attribute has been enhanced,Thuộc tính đã được tăng cường,속성이 강화되었습니다,Atributo foi aprimorado,คุณสมบัติได้รับการเสริมพลัง,1,-1,{star=10;goodFeel=260;zawakeStage=408;advance=17},-1,{}
198106,1981,,6,{},0.5,大招技能获得强化提升!,終極技能獲得強化提升！,Ultimate skill has been enhanced!,Kỹ năng tối thượng đã được tăng cường!,궁극 스킬이 강화되었습니다!,Habilidade suprema foi fortalecida!,สกิลอัลติเมตได้รับการเสริมพลัง!,1,-1,{effort=11;zawakeStage=508;equipStarSum=18;equipAwakeSum=6},-1,{}
198107,1981,,7,{},0.5,属性获得增强,屬性獲得增強,Attribute has been enhanced,Thuộc tính đã được tăng cường,속성이 강화되었습니다,Atributo foi aprimorado,คุณสมบัติได้รับการเสริมพลัง,1,-1,{star=11;goodFeel=350;zawakeStage=608;advance=19},-1,{}
198108,1981,,8,{},0.5,属性获得增强,屬性獲得增強,Attribute has been enhanced,Thuộc tính đã được tăng cường,속성이 강화되었습니다,Atributo foi aprimorado,คุณสมบัติได้รับการเสริมพลัง,1,-1,{effort=13;equipStarSum=24;zawakeStage=708;nvalueSum=160},-1,{}
198201,1982,,1,{},0.5,属性获得增强,屬性獲得增強,Attribute has been enhanced,Thuộc tính đã được tăng cường,속성이 강화되었습니다,Atributo foi aprimorado,คุณสมบัติได้รับการเสริมพลัง,1,-1,{star=8;advance=13;goodFeel=100},-1,{}
198202,1982,,2,{},0.5,普攻技能获得强化提升!,普攻技能獲得強化提升！,Normal skill has been enhanced!,Kỹ năng thường đã được tăng cường!,일반 스킬이 강화되었습니다!,Habilidade normal foi fortalecida!,สกิลปกติได้รับการเสริมพลัง!,1,-1,{effort=7;zawakeStage=108;equipStarSum=6;equipAwakeSum=2},-1,{}
198203,1982,,3,{},0.5,小技能获得强化提升!,小技能獲得強化提升！,Minor skill has been enhanced!,Kỹ năng nhỏ đã được tăng cường!,소형 스킬이 강화되었습니다!,Habilidade menor foi aprimorada!,สกิลย่อยได้รับการเสริมพลัง!,1,-1,{star=9;goodFeel=180;zawakeStage=208;advance=15},-1,{}
198204,1982,,4,{},0.5,被动技能获得强化提升!,被動技能獲得強化提升！,Passive skill has been enhanced!,Kỹ năng bị động đã được tăng cường!,패시브 스킬이 강화되었습니다!,Habilidade passiva foi fortalecida!,สกิลพาสซีฟได้รับการเสริมพลัง!,1,-1,{effort=9;equipStarSum=12;zawakeStage=308;nvalueSum=160},-1,{}
198205,1982,,5,{},0.5,属性获得增强,屬性獲得增強,Attribute has been enhanced,Thuộc tính đã được tăng cường,속성이 강화되었습니다,Atributo foi aprimorado,คุณสมบัติได้รับการเสริมพลัง,1,-1,{star=10;goodFeel=260;zawakeStage=408;advance=17},-1,{}
198206,1982,,6,{},0.5,大招技能获得强化提升!,終極技能獲得強化提升！,Ultimate skill has been enhanced!,Kỹ năng tối thượng đã được tăng cường!,궁극 스킬이 강화되었습니다!,Habilidade suprema foi fortalecida!,สกิลอัลติเมตได้รับการเสริมพลัง!,1,-1,{effort=11;zawakeStage=508;equipStarSum=18;equipAwakeSum=6},-1,{}
198207,1982,,7,{},0.5,属性获得增强,屬性獲得增強,Attribute has been enhanced,Thuộc tính đã được tăng cường,속성이 강화되었습니다,Atributo foi aprimorado,คุณสมบัติได้รับการเสริมพลัง,1,-1,{star=11;goodFeel=350;zawakeStage=608;advance=19},-1,{}
198208,1982,,8,{},0.5,属性获得增强,屬性獲得增強,Attribute has been enhanced,Thuộc tính đã được tăng cường,속성이 강화되었습니다,Atributo foi aprimorado,คุณสมบัติได้รับการเสริมพลัง,1,-1,{effort=13;equipStarSum=24;zawakeStage=708;nvalueSum=160},-1,{}
199101,1891,,1,{},0.5,属性获得增强,屬性獲得增強,Attribute has been enhanced,Thuộc tính đã được tăng cường,속성이 강화되었습니다,Atributo foi aprimorado,คุณสมบัติได้รับการเสริมพลัง,1,-1,{star=8;advance=13;goodFeel=100},-1,{}
199102,1891,,2,{},0.5,普攻技能获得强化提升!,普攻技能獲得強化提升！,Normal skill has been enhanced!,Kỹ năng thường đã được tăng cường!,일반 스킬이 강화되었습니다!,Habilidade normal foi fortalecida!,สกิลปกติได้รับการเสริมพลัง!,1,-1,{effort=7;zawakeStage=108;equipStarSum=6;equipAwakeSum=2},-1,{}
199103,1891,,3,{},0.5,小技能获得强化提升!,小技能獲得強化提升！,Minor skill has been enhanced!,Kỹ năng nhỏ đã được tăng cường!,소형 스킬이 강화되었습니다!,Habilidade menor foi aprimorada!,สกิลย่อยได้รับการเสริมพลัง!,1,-1,{star=9;goodFeel=160;zawakeStage=208;advance=15},-1,{}
199104,1891,,4,{},0.5,被动技能获得强化提升!,被動技能獲得強化提升！,Passive skill has been enhanced!,Kỹ năng bị động đã được tăng cường!,패시브 스킬이 강화되었습니다!,Habilidade passiva foi fortalecida!,สกิลพาสซีฟได้รับการเสริมพลัง!,1,-1,{effort=9;equipStarSum=9;zawakeStage=308;nvalueSum=140},-1,{}
199105,1891,,5,{},0.5,属性获得增强,屬性獲得增強,Attribute has been enhanced,Thuộc tính đã được tăng cường,속성이 강화되었습니다,Atributo foi aprimorado,คุณสมบัติได้รับการเสริมพลัง,1,-1,{star=10;goodFeel=220;zawakeStage=408;advance=16},-1,{}
199106,1891,,6,{},0.5,大招技能获得强化提升!,終極技能獲得強化提升！,Ultimate skill has been enhanced!,Kỹ năng tối thượng đã được tăng cường!,궁극 스킬이 강화되었습니다!,Habilidade suprema foi fortalecida!,สกิลอัลติเมตได้รับการเสริมพลัง!,1,-1,{effort=11;zawakeStage=508;equipStarSum=12;equipAwakeSum=4},-1,{}
199107,1891,,7,{},0.5,属性获得增强,屬性獲得增強,Attribute has been enhanced,Thuộc tính đã được tăng cường,속성이 강화되었습니다,Atributo foi aprimorado,คุณสมบัติได้รับการเสริมพลัง,1,-1,{star=11;goodFeel=300;zawakeStage=608;advance=17},-1,{}
199108,1891,,8,{},0.5,属性获得增强,屬性獲得增強,Attribute has been enhanced,Thuộc tính đã được tăng cường,속성이 강화되었습니다,Atributo foi aprimorado,คุณสมบัติได้รับการเสริมพลัง,1,-1,{effort=13;equipStarSum=15;zawakeStage=708;nvalueSum=140},-1,{}
200101,1901,,1,{},0.5,属性获得增强,屬性獲得增強,Attribute has been enhanced,Thuộc tính đã được tăng cường,속성이 강화되었습니다,Atributo foi aprimorado,คุณสมบัติได้รับการเสริมพลัง,1,-1,{star=8;advance=13;goodFeel=100},-1,{}
200102,1901,,2,{},0.5,普攻技能获得强化提升!,普攻技能獲得強化提升！,Normal skill has been enhanced!,Kỹ năng thường đã được tăng cường!,일반 스킬이 강화되었습니다!,Habilidade normal foi fortalecida!,สกิลปกติได้รับการเสริมพลัง!,1,-1,{effort=7;zawakeStage=108;equipStarSum=6;equipAwakeSum=2},-1,{}
200103,1901,,3,{},0.5,小技能获得强化提升!,小技能獲得強化提升！,Minor skill has been enhanced!,Kỹ năng nhỏ đã được tăng cường!,소형 스킬이 강화되었습니다!,Habilidade menor foi aprimorada!,สกิลย่อยได้รับการเสริมพลัง!,1,-1,{star=9;goodFeel=160;zawakeStage=208;advance=15},-1,{}
200104,1901,,4,{},0.5,被动技能获得强化提升!,被動技能獲得強化提升！,Passive skill has been enhanced!,Kỹ năng bị động đã được tăng cường!,패시브 스킬이 강화되었습니다!,Habilidade passiva foi fortalecida!,สกิลพาสซีฟได้รับการเสริมพลัง!,1,-1,{effort=9;equipStarSum=9;zawakeStage=308;nvalueSum=140},-1,{}
200105,1901,,5,{},0.5,属性获得增强,屬性獲得增強,Attribute has been enhanced,Thuộc tính đã được tăng cường,속성이 강화되었습니다,Atributo foi aprimorado,คุณสมบัติได้รับการเสริมพลัง,1,-1,{star=10;goodFeel=220;zawakeStage=408;advance=16},-1,{}
200106,1901,,6,{},0.5,大招技能获得强化提升!,終極技能獲得強化提升！,Ultimate skill has been enhanced!,Kỹ năng tối thượng đã được tăng cường!,궁극 스킬이 강화되었습니다!,Habilidade suprema foi fortalecida!,สกิลอัลติเมตได้รับการเสริมพลัง!,1,-1,{effort=11;zawakeStage=508;equipStarSum=12;equipAwakeSum=4},-1,{}
200107,1901,,7,{},0.5,属性获得增强,屬性獲得增強,Attribute has been enhanced,Thuộc tính đã được tăng cường,속성이 강화되었습니다,Atributo foi aprimorado,คุณสมบัติได้รับการเสริมพลัง,1,-1,{star=11;goodFeel=300;zawakeStage=608;advance=17},-1,{}
200108,1901,,8,{},0.5,属性获得增强,屬性獲得增強,Attribute has been enhanced,Thuộc tính đã được tăng cường,속성이 강화되었습니다,Atributo foi aprimorado,คุณสมบัติได้รับการเสริมพลัง,1,-1,{effort=13;equipStarSum=15;zawakeStage=708;nvalueSum=140},-1,{}
201101,1911,,1,{},0.5,属性获得增强,屬性獲得增強,Attribute has been enhanced,Thuộc tính đã được tăng cường,속성이 강화되었습니다,Atributo foi aprimorado,คุณสมบัติได้รับการเสริมพลัง,1,-1,{star=8;advance=13;goodFeel=100},-1,{}
201102,1911,,2,{},0.5,普攻技能获得强化提升!,普攻技能獲得強化提升！,Normal skill has been enhanced!,Kỹ năng thường đã được tăng cường!,일반 스킬이 강화되었습니다!,Habilidade normal foi fortalecida!,สกิลปกติได้รับการเสริมพลัง!,1,-1,{effort=7;zawakeStage=108;equipStarSum=6;equipAwakeSum=2},-1,{}
201103,1911,,3,{},0.5,小技能获得强化提升!,小技能獲得強化提升！,Minor skill has been enhanced!,Kỹ năng nhỏ đã được tăng cường!,소형 스킬이 강화되었습니다!,Habilidade menor foi aprimorada!,สกิลย่อยได้รับการเสริมพลัง!,1,-1,{star=9;goodFeel=160;zawakeStage=208;advance=15},-1,{}
201104,1911,,4,{},0.5,被动技能获得强化提升!,被動技能獲得強化提升！,Passive skill has been enhanced!,Kỹ năng bị động đã được tăng cường!,패시브 스킬이 강화되었습니다!,Habilidade passiva foi fortalecida!,สกิลพาสซีฟได้รับการเสริมพลัง!,1,-1,{effort=9;equipStarSum=9;zawakeStage=308;nvalueSum=140},-1,{}
201105,1911,,5,{},0.5,属性获得增强,屬性獲得增強,Attribute has been enhanced,Thuộc tính đã được tăng cường,속성이 강화되었습니다,Atributo foi aprimorado,คุณสมบัติได้รับการเสริมพลัง,1,-1,{star=10;goodFeel=220;zawakeStage=408;advance=16},-1,{}
201106,1911,,6,{},0.5,大招技能获得强化提升!,終極技能獲得強化提升！,Ultimate skill has been enhanced!,Kỹ năng tối thượng đã được tăng cường!,궁극 스킬이 강화되었습니다!,Habilidade suprema foi fortalecida!,สกิลอัลติเมตได้รับการเสริมพลัง!,1,-1,{effort=11;zawakeStage=508;equipStarSum=12;equipAwakeSum=4},-1,{}
201107,1911,,7,{},0.5,属性获得增强,屬性獲得增強,Attribute has been enhanced,Thuộc tính đã được tăng cường,속성이 강화되었습니다,Atributo foi aprimorado,คุณสมบัติได้รับการเสริมพลัง,1,-1,{star=11;goodFeel=300;zawakeStage=608;advance=17},-1,{}
201108,1911,,8,{},0.5,属性获得增强,屬性獲得增強,Attribute has been enhanced,Thuộc tính đã được tăng cường,속성이 강화되었습니다,Atributo foi aprimorado,คุณสมบัติได้รับการเสริมพลัง,1,-1,{effort=13;equipStarSum=15;zawakeStage=708;nvalueSum=140},-1,{}
202101,1921,,1,{},0.5,属性获得增强,屬性獲得增強,Attribute has been enhanced,Thuộc tính đã được tăng cường,속성이 강화되었습니다,Atributo foi aprimorado,คุณสมบัติได้รับการเสริมพลัง,1,-1,{star=8;advance=13;goodFeel=100},-1,{}
202102,1921,,2,{},0.5,普攻技能获得强化提升!,普攻技能獲得強化提升！,Normal skill has been enhanced!,Kỹ năng thường đã được tăng cường!,일반 스킬이 강화되었습니다!,Habilidade normal foi fortalecida!,สกิลปกติได้รับการเสริมพลัง!,1,-1,{effort=7;zawakeStage=108;equipStarSum=6;equipAwakeSum=2},-1,{}
202103,1921,,3,{},0.5,小技能获得强化提升!,小技能獲得強化提升！,Minor skill has been enhanced!,Kỹ năng nhỏ đã được tăng cường!,소형 스킬이 강화되었습니다!,Habilidade menor foi aprimorada!,สกิลย่อยได้รับการเสริมพลัง!,1,-1,{star=9;goodFeel=160;zawakeStage=208;advance=15},-1,{}
202104,1921,,4,{},0.5,被动技能获得强化提升!,被動技能獲得強化提升！,Passive skill has been enhanced!,Kỹ năng bị động đã được tăng cường!,패시브 스킬이 강화되었습니다!,Habilidade passiva foi fortalecida!,สกิลพาสซีฟได้รับการเสริมพลัง!,1,-1,{effort=9;equipStarSum=9;zawakeStage=308;nvalueSum=140},-1,{}
202105,1921,,5,{},0.5,属性获得增强,屬性獲得增強,Attribute has been enhanced,Thuộc tính đã được tăng cường,속성이 강화되었습니다,Atributo foi aprimorado,คุณสมบัติได้รับการเสริมพลัง,1,-1,{star=10;goodFeel=220;zawakeStage=408;advance=16},-1,{}
202106,1921,,6,{},0.5,大招技能获得强化提升!,終極技能獲得強化提升！,Ultimate skill has been enhanced!,Kỹ năng tối thượng đã được tăng cường!,궁극 스킬이 강화되었습니다!,Habilidade suprema foi fortalecida!,สกิลอัลติเมตได้รับการเสริมพลัง!,1,-1,{effort=11;zawakeStage=508;equipStarSum=12;equipAwakeSum=4},-1,{}
202107,1921,,7,{},0.5,属性获得增强,屬性獲得增強,Attribute has been enhanced,Thuộc tính đã được tăng cường,속성이 강화되었습니다,Atributo foi aprimorado,คุณสมบัติได้รับการเสริมพลัง,1,-1,{star=11;goodFeel=300;zawakeStage=608;advance=17},-1,{}
202108,1921,,8,{},0.5,属性获得增强,屬性獲得增強,Attribute has been enhanced,Thuộc tính đã được tăng cường,속성이 강화되었습니다,Atributo foi aprimorado,คุณสมบัติได้รับการเสริมพลัง,1,-1,{effort=13;equipStarSum=15;zawakeStage=708;nvalueSum=140},-1,{}
203101,1931,,1,{},0.5,属性获得增强,屬性獲得增強,Attribute has been enhanced,Thuộc tính đã được tăng cường,속성이 강화되었습니다,Atributo foi aprimorado,คุณสมบัติได้รับการเสริมพลัง,1,-1,{star=8;advance=13;goodFeel=100},-1,{}
203102,1931,,2,{},0.5,普攻技能获得强化提升!,普攻技能獲得強化提升！,Normal skill has been enhanced!,Kỹ năng thường đã được tăng cường!,일반 스킬이 강화되었습니다!,Habilidade normal foi fortalecida!,สกิลปกติได้รับการเสริมพลัง!,1,-1,{effort=7;zawakeStage=108;equipStarSum=6;equipAwakeSum=2},-1,{}
203103,1931,,3,{},0.5,小技能获得强化提升!,小技能獲得強化提升！,Minor skill has been enhanced!,Kỹ năng nhỏ đã được tăng cường!,소형 스킬이 강화되었습니다!,Habilidade menor foi aprimorada!,สกิลย่อยได้รับการเสริมพลัง!,1,-1,{star=9;goodFeel=160;zawakeStage=208;advance=15},-1,{}
203104,1931,,4,{},0.5,被动技能获得强化提升!,被動技能獲得強化提升！,Passive skill has been enhanced!,Kỹ năng bị động đã được tăng cường!,패시브 스킬이 강화되었습니다!,Habilidade passiva foi fortalecida!,สกิลพาสซีฟได้รับการเสริมพลัง!,1,-1,{effort=9;equipStarSum=9;zawakeStage=308;nvalueSum=140},-1,{}
203105,1931,,5,{},0.5,属性获得增强,屬性獲得增強,Attribute has been enhanced,Thuộc tính đã được tăng cường,속성이 강화되었습니다,Atributo foi aprimorado,คุณสมบัติได้รับการเสริมพลัง,1,-1,{star=10;goodFeel=220;zawakeStage=408;advance=16},-1,{}
203106,1931,,6,{},0.5,大招技能获得强化提升!,終極技能獲得強化提升！,Ultimate skill has been enhanced!,Kỹ năng tối thượng đã được tăng cường!,궁극 스킬이 강화되었습니다!,Habilidade suprema foi fortalecida!,สกิลอัลติเมตได้รับการเสริมพลัง!,1,-1,{effort=11;zawakeStage=508;equipStarSum=12;equipAwakeSum=4},-1,{}
203107,1931,,7,{},0.5,属性获得增强,屬性獲得增強,Attribute has been enhanced,Thuộc tính đã được tăng cường,속성이 강화되었습니다,Atributo foi aprimorado,คุณสมบัติได้รับการเสริมพลัง,1,-1,{star=11;goodFeel=300;zawakeStage=608;advance=17},-1,{}
203108,1931,,8,{},0.5,属性获得增强,屬性獲得增強,Attribute has been enhanced,Thuộc tính đã được tăng cường,속성이 강화되었습니다,Atributo foi aprimorado,คุณสมบัติได้รับการเสริมพลัง,1,-1,{effort=13;equipStarSum=15;zawakeStage=708;nvalueSum=140},-1,{}
204101,1941,,1,{},0.5,属性获得增强,屬性獲得增強,Attribute has been enhanced,Thuộc tính đã được tăng cường,속성이 강화되었습니다,Atributo foi aprimorado,คุณสมบัติได้รับการเสริมพลัง,1,-1,{star=8;advance=13;goodFeel=100},-1,{}
204102,1941,,2,{},0.5,普攻技能获得强化提升!,普攻技能獲得強化提升！,Normal skill has been enhanced!,Kỹ năng thường đã được tăng cường!,일반 스킬이 강화되었습니다!,Habilidade normal foi fortalecida!,สกิลปกติได้รับการเสริมพลัง!,1,-1,{effort=7;zawakeStage=108;equipStarSum=6;equipAwakeSum=2},-1,{}
204103,1941,,3,{},0.5,小技能获得强化提升!,小技能獲得強化提升！,Minor skill has been enhanced!,Kỹ năng nhỏ đã được tăng cường!,소형 스킬이 강화되었습니다!,Habilidade menor foi aprimorada!,สกิลย่อยได้รับการเสริมพลัง!,1,-1,{star=9;goodFeel=160;zawakeStage=208;advance=15},-1,{}
204104,1941,,4,{},0.5,被动技能获得强化提升!,被動技能獲得強化提升！,Passive skill has been enhanced!,Kỹ năng bị động đã được tăng cường!,패시브 스킬이 강화되었습니다!,Habilidade passiva foi fortalecida!,สกิลพาสซีฟได้รับการเสริมพลัง!,1,-1,{effort=9;equipStarSum=9;zawakeStage=308;nvalueSum=140},-1,{}
204105,1941,,5,{},0.5,属性获得增强,屬性獲得增強,Attribute has been enhanced,Thuộc tính đã được tăng cường,속성이 강화되었습니다,Atributo foi aprimorado,คุณสมบัติได้รับการเสริมพลัง,1,-1,{star=10;goodFeel=220;zawakeStage=408;advance=16},-1,{}
204106,1941,,6,{},0.5,大招技能获得强化提升!,終極技能獲得強化提升！,Ultimate skill has been enhanced!,Kỹ năng tối thượng đã được tăng cường!,궁극 스킬이 강화되었습니다!,Habilidade suprema foi fortalecida!,สกิลอัลติเมตได้รับการเสริมพลัง!,1,-1,{effort=11;zawakeStage=508;equipStarSum=12;equipAwakeSum=4},-1,{}
204107,1941,,7,{},0.5,属性获得增强,屬性獲得增強,Attribute has been enhanced,Thuộc tính đã được tăng cường,속성이 강화되었습니다,Atributo foi aprimorado,คุณสมบัติได้รับการเสริมพลัง,1,-1,{star=11;goodFeel=300;zawakeStage=608;advance=17},-1,{}
204108,1941,,8,{},0.5,属性获得增强,屬性獲得增強,Attribute has been enhanced,Thuộc tính đã được tăng cường,속성이 강화되었습니다,Atributo foi aprimorado,คุณสมบัติได้รับการเสริมพลัง,1,-1,{effort=13;equipStarSum=15;zawakeStage=708;nvalueSum=140},-1,{}
205101,1951,,1,{},0.5,属性获得增强,屬性獲得增強,Attribute has been enhanced,Thuộc tính đã được tăng cường,속성이 강화되었습니다,Atributo foi aprimorado,คุณสมบัติได้รับการเสริมพลัง,1,-1,{star=8;advance=13;goodFeel=100},-1,{}
205102,1951,,2,{},0.5,普攻技能获得强化提升!,普攻技能獲得強化提升！,Normal skill has been enhanced!,Kỹ năng thường đã được tăng cường!,일반 스킬이 강화되었습니다!,Habilidade normal foi fortalecida!,สกิลปกติได้รับการเสริมพลัง!,1,-1,{effort=7;zawakeStage=108;equipStarSum=6;equipAwakeSum=2},-1,{}
205103,1951,,3,{},0.5,小技能获得强化提升!,小技能獲得強化提升！,Minor skill has been enhanced!,Kỹ năng nhỏ đã được tăng cường!,소형 스킬이 강화되었습니다!,Habilidade menor foi aprimorada!,สกิลย่อยได้รับการเสริมพลัง!,1,-1,{star=9;goodFeel=160;zawakeStage=208;advance=15},-1,{}
205104,1951,,4,{},0.5,被动技能获得强化提升!,被動技能獲得強化提升！,Passive skill has been enhanced!,Kỹ năng bị động đã được tăng cường!,패시브 스킬이 강화되었습니다!,Habilidade passiva foi fortalecida!,สกิลพาสซีฟได้รับการเสริมพลัง!,1,-1,{effort=9;equipStarSum=9;zawakeStage=308;nvalueSum=140},-1,{}
205105,1951,,5,{},0.5,属性获得增强,屬性獲得增強,Attribute has been enhanced,Thuộc tính đã được tăng cường,속성이 강화되었습니다,Atributo foi aprimorado,คุณสมบัติได้รับการเสริมพลัง,1,-1,{star=10;goodFeel=220;zawakeStage=408;advance=16},-1,{}
205106,1951,,6,{},0.5,大招技能获得强化提升!,終極技能獲得強化提升！,Ultimate skill has been enhanced!,Kỹ năng tối thượng đã được tăng cường!,궁극 스킬이 강화되었습니다!,Habilidade suprema foi fortalecida!,สกิลอัลติเมตได้รับการเสริมพลัง!,1,-1,{effort=11;zawakeStage=508;equipStarSum=12;equipAwakeSum=4},-1,{}
205107,1951,,7,{},0.5,属性获得增强,屬性獲得增強,Attribute has been enhanced,Thuộc tính đã được tăng cường,속성이 강화되었습니다,Atributo foi aprimorado,คุณสมบัติได้รับการเสริมพลัง,1,-1,{star=11;goodFeel=300;zawakeStage=608;advance=17},-1,{}
205108,1951,,8,{},0.5,属性获得增强,屬性獲得增強,Attribute has been enhanced,Thuộc tính đã được tăng cường,속성이 강화되었습니다,Atributo foi aprimorado,คุณสมบัติได้รับการเสริมพลัง,1,-1,{effort=13;equipStarSum=15;zawakeStage=708;nvalueSum=140},-1,{}
206101,1961,,1,{},0.5,属性获得增强,屬性獲得增強,Attribute has been enhanced,Thuộc tính đã được tăng cường,속성이 강화되었습니다,Atributo foi aprimorado,คุณสมบัติได้รับการเสริมพลัง,1,-1,{star=8;advance=13;goodFeel=100},-1,{}
206102,1961,,2,{},0.5,普攻技能获得强化提升!,普攻技能獲得強化提升！,Normal skill has been enhanced!,Kỹ năng thường đã được tăng cường!,일반 스킬이 강화되었습니다!,Habilidade normal foi fortalecida!,สกิลปกติได้รับการเสริมพลัง!,1,-1,{effort=7;zawakeStage=108;equipStarSum=6;equipAwakeSum=2},-1,{}
206103,1961,,3,{},0.5,小技能获得强化提升!,小技能獲得強化提升！,Minor skill has been enhanced!,Kỹ năng nhỏ đã được tăng cường!,소형 스킬이 강화되었습니다!,Habilidade menor foi aprimorada!,สกิลย่อยได้รับการเสริมพลัง!,1,-1,{star=9;goodFeel=180;zawakeStage=208;advance=15},-1,{}
206104,1961,,4,{},0.5,被动技能获得强化提升!,被動技能獲得強化提升！,Passive skill has been enhanced!,Kỹ năng bị động đã được tăng cường!,패시브 스킬이 강화되었습니다!,Habilidade passiva foi fortalecida!,สกิลพาสซีฟได้รับการเสริมพลัง!,1,-1,{effort=9;equipStarSum=12;zawakeStage=308;nvalueSum=160},-1,{}
206105,1961,,5,{},0.5,属性获得增强,屬性獲得增強,Attribute has been enhanced,Thuộc tính đã được tăng cường,속성이 강화되었습니다,Atributo foi aprimorado,คุณสมบัติได้รับการเสริมพลัง,1,-1,{star=10;goodFeel=260;zawakeStage=408;advance=17},-1,{}
206106,1961,,6,{},0.5,大招技能获得强化提升!,終極技能獲得強化提升！,Ultimate skill has been enhanced!,Kỹ năng tối thượng đã được tăng cường!,궁극 스킬이 강화되었습니다!,Habilidade suprema foi fortalecida!,สกิลอัลติเมตได้รับการเสริมพลัง!,1,-1,{effort=11;zawakeStage=508;equipStarSum=18;equipAwakeSum=6},-1,{}
206107,1961,,7,{},0.5,属性获得增强,屬性獲得增強,Attribute has been enhanced,Thuộc tính đã được tăng cường,속성이 강화되었습니다,Atributo foi aprimorado,คุณสมบัติได้รับการเสริมพลัง,1,-1,{star=11;goodFeel=350;zawakeStage=608;advance=19},-1,{}
206108,1961,,8,{},0.5,属性获得增强,屬性獲得增強,Attribute has been enhanced,Thuộc tính đã được tăng cường,속성이 강화되었습니다,Atributo foi aprimorado,คุณสมบัติได้รับการเสริมพลัง,1,-1,{effort=13;equipStarSum=24;zawakeStage=708;nvalueSum=160},-1,{}
206201,1962,,1,{},0.5,属性获得增强,屬性獲得增強,Attribute has been enhanced,Thuộc tính đã được tăng cường,속성이 강화되었습니다,Atributo foi aprimorado,คุณสมบัติได้รับการเสริมพลัง,1,-1,{star=8;advance=13;goodFeel=100},-1,{}
206202,1962,,2,{},0.5,普攻技能获得强化提升!,普攻技能獲得強化提升！,Normal skill has been enhanced!,Kỹ năng thường đã được tăng cường!,일반 스킬이 강화되었습니다!,Habilidade normal foi fortalecida!,สกิลปกติได้รับการเสริมพลัง!,1,-1,{effort=7;zawakeStage=108;equipStarSum=6;equipAwakeSum=2},-1,{}
206203,1962,,3,{},0.5,小技能获得强化提升!,小技能獲得強化提升！,Minor skill has been enhanced!,Kỹ năng nhỏ đã được tăng cường!,소형 스킬이 강화되었습니다!,Habilidade menor foi aprimorada!,สกิลย่อยได้รับการเสริมพลัง!,1,-1,{star=9;goodFeel=180;zawakeStage=208;advance=15},-1,{}
206204,1962,,4,{},0.5,被动技能获得强化提升!,被動技能獲得強化提升！,Passive skill has been enhanced!,Kỹ năng bị động đã được tăng cường!,패시브 스킬이 강화되었습니다!,Habilidade passiva foi fortalecida!,สกิลพาสซีฟได้รับการเสริมพลัง!,1,-1,{effort=9;equipStarSum=12;zawakeStage=308;nvalueSum=160},-1,{}
206205,1962,,5,{},0.5,属性获得增强,屬性獲得增強,Attribute has been enhanced,Thuộc tính đã được tăng cường,속성이 강화되었습니다,Atributo foi aprimorado,คุณสมบัติได้รับการเสริมพลัง,1,-1,{star=10;goodFeel=260;zawakeStage=408;advance=17},-1,{}
206206,1962,,6,{},0.5,大招技能获得强化提升!,終極技能獲得強化提升！,Ultimate skill has been enhanced!,Kỹ năng tối thượng đã được tăng cường!,궁극 스킬이 강화되었습니다!,Habilidade suprema foi fortalecida!,สกิลอัลติเมตได้รับการเสริมพลัง!,1,-1,{effort=11;zawakeStage=508;equipStarSum=18;equipAwakeSum=6},-1,{}
206207,1962,,7,{},0.5,属性获得增强,屬性獲得增強,Attribute has been enhanced,Thuộc tính đã được tăng cường,속성이 강화되었습니다,Atributo foi aprimorado,คุณสมบัติได้รับการเสริมพลัง,1,-1,{star=11;goodFeel=350;zawakeStage=608;advance=19},-1,{}
206208,1962,,8,{},0.5,属性获得增强,屬性獲得增強,Attribute has been enhanced,Thuộc tính đã được tăng cường,속성이 강화되었습니다,Atributo foi aprimorado,คุณสมบัติได้รับการเสริมพลัง,1,-1,{effort=13;equipStarSum=24;zawakeStage=708;nvalueSum=160},-1,{}
207101,1971,,1,{},0.5,属性获得增强,屬性獲得增強,Attribute has been enhanced,Thuộc tính đã được tăng cường,속성이 강화되었습니다,Atributo foi aprimorado,คุณสมบัติได้รับการเสริมพลัง,1,-1,{star=8;advance=13;goodFeel=100},-1,{}
207102,1971,,2,{},0.5,普攻技能获得强化提升!,普攻技能獲得強化提升！,Normal skill has been enhanced!,Kỹ năng thường đã được tăng cường!,일반 스킬이 강화되었습니다!,Habilidade normal foi fortalecida!,สกิลปกติได้รับการเสริมพลัง!,1,-1,{effort=7;zawakeStage=108;equipStarSum=6;equipAwakeSum=2},-1,{}
207103,1971,,3,{},0.5,小技能获得强化提升!,小技能獲得強化提升！,Minor skill has been enhanced!,Kỹ năng nhỏ đã được tăng cường!,소형 스킬이 강화되었습니다!,Habilidade menor foi aprimorada!,สกิลย่อยได้รับการเสริมพลัง!,1,-1,{star=9;goodFeel=180;zawakeStage=208;advance=15},-1,{}
207104,1971,,4,{},0.5,被动技能获得强化提升!,被動技能獲得強化提升！,Passive skill has been enhanced!,Kỹ năng bị động đã được tăng cường!,패시브 스킬이 강화되었습니다!,Habilidade passiva foi fortalecida!,สกิลพาสซีฟได้รับการเสริมพลัง!,1,-1,{effort=9;equipStarSum=12;zawakeStage=308;nvalueSum=160},-1,{}
207105,1971,,5,{},0.5,属性获得增强,屬性獲得增強,Attribute has been enhanced,Thuộc tính đã được tăng cường,속성이 강화되었습니다,Atributo foi aprimorado,คุณสมบัติได้รับการเสริมพลัง,1,-1,{star=10;goodFeel=260;zawakeStage=408;advance=17},-1,{}
207106,1971,,6,{},0.5,大招技能获得强化提升!,終極技能獲得強化提升！,Ultimate skill has been enhanced!,Kỹ năng tối thượng đã được tăng cường!,궁극 스킬이 강화되었습니다!,Habilidade suprema foi fortalecida!,สกิลอัลติเมตได้รับการเสริมพลัง!,1,-1,{effort=11;zawakeStage=508;equipStarSum=18;equipAwakeSum=6},-1,{}
207107,1971,,7,{},0.5,属性获得增强,屬性獲得增強,Attribute has been enhanced,Thuộc tính đã được tăng cường,속성이 강화되었습니다,Atributo foi aprimorado,คุณสมบัติได้รับการเสริมพลัง,1,-1,{star=11;goodFeel=350;zawakeStage=608;advance=19},-1,{}
207108,1971,,8,{},0.5,属性获得增强,屬性獲得增強,Attribute has been enhanced,Thuộc tính đã được tăng cường,속성이 강화되었습니다,Atributo foi aprimorado,คุณสมบัติได้รับการเสริมพลัง,1,-1,{effort=13;equipStarSum=24;zawakeStage=708;nvalueSum=160},-1,{}
207201,1972,,1,{},0.5,属性获得增强,屬性獲得增強,Attribute has been enhanced,Thuộc tính đã được tăng cường,속성이 강화되었습니다,Atributo foi aprimorado,คุณสมบัติได้รับการเสริมพลัง,1,-1,{star=8;advance=13;goodFeel=100},-1,{}
207202,1972,,2,{},0.5,普攻技能获得强化提升!,普攻技能獲得強化提升！,Normal skill has been enhanced!,Kỹ năng thường đã được tăng cường!,일반 스킬이 강화되었습니다!,Habilidade normal foi fortalecida!,สกิลปกติได้รับการเสริมพลัง!,1,-1,{effort=7;zawakeStage=108;equipStarSum=6;equipAwakeSum=2},-1,{}
207203,1972,,3,{},0.5,小技能获得强化提升!,小技能獲得強化提升！,Minor skill has been enhanced!,Kỹ năng nhỏ đã được tăng cường!,소형 스킬이 강화되었습니다!,Habilidade menor foi aprimorada!,สกิลย่อยได้รับการเสริมพลัง!,1,-1,{star=9;goodFeel=180;zawakeStage=208;advance=15},-1,{}
207204,1972,,4,{},0.5,被动技能获得强化提升!,被動技能獲得強化提升！,Passive skill has been enhanced!,Kỹ năng bị động đã được tăng cường!,패시브 스킬이 강화되었습니다!,Habilidade passiva foi fortalecida!,สกิลพาสซีฟได้รับการเสริมพลัง!,1,-1,{effort=9;equipStarSum=12;zawakeStage=308;nvalueSum=160},-1,{}
207205,1972,,5,{},0.5,属性获得增强,屬性獲得增強,Attribute has been enhanced,Thuộc tính đã được tăng cường,속성이 강화되었습니다,Atributo foi aprimorado,คุณสมบัติได้รับการเสริมพลัง,1,-1,{star=10;goodFeel=260;zawakeStage=408;advance=17},-1,{}
207206,1972,,6,{},0.5,大招技能获得强化提升!,終極技能獲得強化提升！,Ultimate skill has been enhanced!,Kỹ năng tối thượng đã được tăng cường!,궁극 스킬이 강화되었습니다!,Habilidade suprema foi fortalecida!,สกิลอัลติเมตได้รับการเสริมพลัง!,1,-1,{effort=11;zawakeStage=508;equipStarSum=18;equipAwakeSum=6},-1,{}
207207,1972,,7,{},0.5,属性获得增强,屬性獲得增強,Attribute has been enhanced,Thuộc tính đã được tăng cường,속성이 강화되었습니다,Atributo foi aprimorado,คุณสมบัติได้รับการเสริมพลัง,1,-1,{star=11;goodFeel=350;zawakeStage=608;advance=19},-1,{}
207208,1972,,8,{},0.5,属性获得增强,屬性獲得增強,Attribute has been enhanced,Thuộc tính đã được tăng cường,속성이 강화되었습니다,Atributo foi aprimorado,คุณสมบัติได้รับการเสริมพลัง,1,-1,{effort=13;equipStarSum=24;zawakeStage=708;nvalueSum=160},-1,{}
209101,1991,,1,{},0.5,属性获得增强,屬性獲得增強,Attribute has been enhanced,Thuộc tính đã được tăng cường,속성이 강화되었습니다,Atributo foi aprimorado,คุณสมบัติได้รับการเสริมพลัง,1,-1,{star=8;advance=13;goodFeel=100},-1,{}
209102,1991,,2,{},0.5,普攻技能获得强化提升!,普攻技能獲得強化提升！,Normal skill has been enhanced!,Kỹ năng thường đã được tăng cường!,일반 스킬이 강화되었습니다!,Habilidade normal foi fortalecida!,สกิลปกติได้รับการเสริมพลัง!,1,-1,{effort=7;zawakeStage=108;equipStarSum=6;equipAwakeSum=2},-1,{}
209103,1991,,3,{},0.5,小技能获得强化提升!,小技能獲得強化提升！,Minor skill has been enhanced!,Kỹ năng nhỏ đã được tăng cường!,소형 스킬이 강화되었습니다!,Habilidade menor foi aprimorada!,สกิลย่อยได้รับการเสริมพลัง!,1,-1,{star=9;goodFeel=180;zawakeStage=208;advance=15},-1,{}
209104,1991,,4,{},0.5,被动技能获得强化提升!,被動技能獲得強化提升！,Passive skill has been enhanced!,Kỹ năng bị động đã được tăng cường!,패시브 스킬이 강화되었습니다!,Habilidade passiva foi fortalecida!,สกิลพาสซีฟได้รับการเสริมพลัง!,1,-1,{effort=9;equipStarSum=12;zawakeStage=308;nvalueSum=160},-1,{}
209105,1991,,5,{},0.5,属性获得增强,屬性獲得增強,Attribute has been enhanced,Thuộc tính đã được tăng cường,속성이 강화되었습니다,Atributo foi aprimorado,คุณสมบัติได้รับการเสริมพลัง,1,-1,{star=10;goodFeel=260;zawakeStage=408;advance=17},-1,{}
209106,1991,,6,{},0.5,大招技能获得强化提升!,終極技能獲得強化提升！,Ultimate skill has been enhanced!,Kỹ năng tối thượng đã được tăng cường!,궁극 스킬이 강화되었습니다!,Habilidade suprema foi fortalecida!,สกิลอัลติเมตได้รับการเสริมพลัง!,1,-1,{effort=11;zawakeStage=508;equipStarSum=18;equipAwakeSum=6},-1,{}
209107,1991,,7,{},0.5,属性获得增强,屬性獲得增強,Attribute has been enhanced,Thuộc tính đã được tăng cường,속성이 강화되었습니다,Atributo foi aprimorado,คุณสมบัติได้รับการเสริมพลัง,1,-1,{star=11;goodFeel=350;zawakeStage=608;advance=19},-1,{}
209108,1991,,8,{},0.5,属性获得增强,屬性獲得增強,Attribute has been enhanced,Thuộc tính đã được tăng cường,속성이 강화되었습니다,Atributo foi aprimorado,คุณสมบัติได้รับการเสริมพลัง,1,-1,{effort=13;equipStarSum=24;zawakeStage=708;nvalueSum=160},-1,{}
211101,2011,,1,{},0.5,属性获得增强,屬性獲得增強,Attribute has been enhanced,Thuộc tính đã được tăng cường,속성이 강화되었습니다,Atributo foi aprimorado,คุณสมบัติได้รับการเสริมพลัง,1,-1,{star=8;advance=13;goodFeel=100},-1,{}
211102,2011,,2,{},0.5,普攻技能获得强化提升!,普攻技能獲得強化提升！,Normal skill has been enhanced!,Kỹ năng thường đã được tăng cường!,일반 스킬이 강화되었습니다!,Habilidade normal foi fortalecida!,สกิลปกติได้รับการเสริมพลัง!,1,-1,{effort=7;zawakeStage=108;equipStarSum=6;equipAwakeSum=2},-1,{}
211103,2011,,3,{},0.5,小技能获得强化提升!,小技能獲得強化提升！,Minor skill has been enhanced!,Kỹ năng nhỏ đã được tăng cường!,소형 스킬이 강화되었습니다!,Habilidade menor foi aprimorada!,สกิลย่อยได้รับการเสริมพลัง!,1,-1,{star=9;goodFeel=150;zawakeStage=208;advance=14},-1,{}
211104,2011,,4,{},0.5,被动技能获得强化提升!,被動技能獲得強化提升！,Passive skill has been enhanced!,Kỹ năng bị động đã được tăng cường!,패시브 스킬이 강화되었습니다!,Habilidade passiva foi fortalecida!,สกิลพาสซีฟได้รับการเสริมพลัง!,1,-1,{effort=9;equipStarSum=8;zawakeStage=308;nvalueSum=140},-1,{}
211105,2011,,5,{},0.5,属性获得增强,屬性獲得增強,Attribute has been enhanced,Thuộc tính đã được tăng cường,속성이 강화되었습니다,Atributo foi aprimorado,คุณสมบัติได้รับการเสริมพลัง,1,-1,{star=10;goodFeel=200;zawakeStage=408;advance=15},-1,{}
211106,2011,,6,{},0.5,大招技能获得强化提升!,終極技能獲得強化提升！,Ultimate skill has been enhanced!,Kỹ năng tối thượng đã được tăng cường!,궁극 스킬이 강화되었습니다!,Habilidade suprema foi fortalecida!,สกิลอัลติเมตได้รับการเสริมพลัง!,1,-1,{effort=11;zawakeStage=508;equipStarSum=10;equipAwakeSum=4},-1,{}
211107,2011,,7,{},0.5,属性获得增强,屬性獲得增強,Attribute has been enhanced,Thuộc tính đã được tăng cường,속성이 강화되었습니다,Atributo foi aprimorado,คุณสมบัติได้รับการเสริมพลัง,1,-1,{star=11;goodFeel=250;zawakeStage=608;advance=16},-1,{}
211108,2011,,8,{},0.5,属性获得增强,屬性獲得增強,Attribute has been enhanced,Thuộc tính đã được tăng cường,속성이 강화되었습니다,Atributo foi aprimorado,คุณสมบัติได้รับการเสริมพลัง,1,-1,{effort=13;equipStarSum=12;zawakeStage=708;nvalueSum=140},-1,{}
212101,2021,,1,{},0.5,属性获得增强,屬性獲得增強,Attribute has been enhanced,Thuộc tính đã được tăng cường,속성이 강화되었습니다,Atributo foi aprimorado,คุณสมบัติได้รับการเสริมพลัง,1,-1,{star=8;advance=13;goodFeel=100},-1,{}
212102,2021,,2,{},0.5,普攻技能获得强化提升!,普攻技能獲得強化提升！,Normal skill has been enhanced!,Kỹ năng thường đã được tăng cường!,일반 스킬이 강화되었습니다!,Habilidade normal foi fortalecida!,สกิลปกติได้รับการเสริมพลัง!,1,-1,{effort=7;zawakeStage=108;equipStarSum=6;equipAwakeSum=2},-1,{}
212103,2021,,3,{},0.5,小技能获得强化提升!,小技能獲得強化提升！,Minor skill has been enhanced!,Kỹ năng nhỏ đã được tăng cường!,소형 스킬이 강화되었습니다!,Habilidade menor foi aprimorada!,สกิลย่อยได้รับการเสริมพลัง!,1,-1,{star=9;goodFeel=150;zawakeStage=208;advance=14},-1,{}
212104,2021,,4,{},0.5,被动技能获得强化提升!,被動技能獲得強化提升！,Passive skill has been enhanced!,Kỹ năng bị động đã được tăng cường!,패시브 스킬이 강화되었습니다!,Habilidade passiva foi fortalecida!,สกิลพาสซีฟได้รับการเสริมพลัง!,1,-1,{effort=9;equipStarSum=8;zawakeStage=308;nvalueSum=140},-1,{}
212105,2021,,5,{},0.5,属性获得增强,屬性獲得增強,Attribute has been enhanced,Thuộc tính đã được tăng cường,속성이 강화되었습니다,Atributo foi aprimorado,คุณสมบัติได้รับการเสริมพลัง,1,-1,{star=10;goodFeel=200;zawakeStage=408;advance=15},-1,{}
212106,2021,,6,{},0.5,大招技能获得强化提升!,終極技能獲得強化提升！,Ultimate skill has been enhanced!,Kỹ năng tối thượng đã được tăng cường!,궁극 스킬이 강화되었습니다!,Habilidade suprema foi fortalecida!,สกิลอัลติเมตได้รับการเสริมพลัง!,1,-1,{effort=11;zawakeStage=508;equipStarSum=10;equipAwakeSum=4},-1,{}
212107,2021,,7,{},0.5,属性获得增强,屬性獲得增強,Attribute has been enhanced,Thuộc tính đã được tăng cường,속성이 강화되었습니다,Atributo foi aprimorado,คุณสมบัติได้รับการเสริมพลัง,1,-1,{star=11;goodFeel=250;zawakeStage=608;advance=16},-1,{}
212108,2021,,8,{},0.5,属性获得增强,屬性獲得增強,Attribute has been enhanced,Thuộc tính đã được tăng cường,속성이 강화되었습니다,Atributo foi aprimorado,คุณสมบัติได้รับการเสริมพลัง,1,-1,{effort=13;equipStarSum=12;zawakeStage=708;nvalueSum=140},-1,{}
213101,2031,,1,{},0.5,属性获得增强,屬性獲得增強,Attribute has been enhanced,Thuộc tính đã được tăng cường,속성이 강화되었습니다,Atributo foi aprimorado,คุณสมบัติได้รับการเสริมพลัง,1,-1,{star=8;advance=13;goodFeel=100},-1,{}
213102,2031,,2,{},0.5,普攻技能获得强化提升!,普攻技能獲得強化提升！,Normal skill has been enhanced!,Kỹ năng thường đã được tăng cường!,일반 스킬이 강화되었습니다!,Habilidade normal foi fortalecida!,สกิลปกติได้รับการเสริมพลัง!,1,-1,{effort=7;zawakeStage=108;equipStarSum=6;equipAwakeSum=2},-1,{}
213103,2031,,3,{},0.5,小技能获得强化提升!,小技能獲得強化提升！,Minor skill has been enhanced!,Kỹ năng nhỏ đã được tăng cường!,소형 스킬이 강화되었습니다!,Habilidade menor foi aprimorada!,สกิลย่อยได้รับการเสริมพลัง!,1,-1,{star=9;goodFeel=160;zawakeStage=208;advance=15},-1,{}
213104,2031,,4,{},0.5,被动技能获得强化提升!,被動技能獲得強化提升！,Passive skill has been enhanced!,Kỹ năng bị động đã được tăng cường!,패시브 스킬이 강화되었습니다!,Habilidade passiva foi fortalecida!,สกิลพาสซีฟได้รับการเสริมพลัง!,1,-1,{effort=9;equipStarSum=9;zawakeStage=308;nvalueSum=140},-1,{}
213105,2031,,5,{},0.5,属性获得增强,屬性獲得增強,Attribute has been enhanced,Thuộc tính đã được tăng cường,속성이 강화되었습니다,Atributo foi aprimorado,คุณสมบัติได้รับการเสริมพลัง,1,-1,{star=10;goodFeel=220;zawakeStage=408;advance=16},-1,{}
213106,2031,,6,{},0.5,大招技能获得强化提升!,終極技能獲得強化提升！,Ultimate skill has been enhanced!,Kỹ năng tối thượng đã được tăng cường!,궁극 스킬이 강화되었습니다!,Habilidade suprema foi fortalecida!,สกิลอัลติเมตได้รับการเสริมพลัง!,1,-1,{effort=11;zawakeStage=508;equipStarSum=12;equipAwakeSum=4},-1,{}
213107,2031,,7,{},0.5,属性获得增强,屬性獲得增強,Attribute has been enhanced,Thuộc tính đã được tăng cường,속성이 강화되었습니다,Atributo foi aprimorado,คุณสมบัติได้รับการเสริมพลัง,1,-1,{star=11;goodFeel=300;zawakeStage=608;advance=17},-1,{}
213108,2031,,8,{},0.5,属性获得增强,屬性獲得增強,Attribute has been enhanced,Thuộc tính đã được tăng cường,속성이 강화되었습니다,Atributo foi aprimorado,คุณสมบัติได้รับการเสริมพลัง,1,-1,{effort=13;equipStarSum=15;zawakeStage=708;nvalueSum=140},-1,{}
217101,2071,,1,{},0.5,属性获得增强,屬性獲得增強,Attribute has been enhanced,Thuộc tính đã được tăng cường,속성이 강화되었습니다,Atributo foi aprimorado,คุณสมบัติได้รับการเสริมพลัง,1,-1,{star=8;advance=13;goodFeel=100},-1,{}
217102,2071,,2,{},0.5,普攻技能获得强化提升!,普攻技能獲得強化提升！,Normal skill has been enhanced!,Kỹ năng thường đã được tăng cường!,일반 스킬이 강화되었습니다!,Habilidade normal foi fortalecida!,สกิลปกติได้รับการเสริมพลัง!,1,-1,{effort=7;zawakeStage=108;equipStarSum=6;equipAwakeSum=2},-1,{}
217103,2071,,3,{},0.5,小技能获得强化提升!,小技能獲得強化提升！,Minor skill has been enhanced!,Kỹ năng nhỏ đã được tăng cường!,소형 스킬이 강화되었습니다!,Habilidade menor foi aprimorada!,สกิลย่อยได้รับการเสริมพลัง!,1,-1,{star=9;goodFeel=150;zawakeStage=208;advance=14},-1,{}
217104,2071,,4,{},0.5,被动技能获得强化提升!,被動技能獲得強化提升！,Passive skill has been enhanced!,Kỹ năng bị động đã được tăng cường!,패시브 스킬이 강화되었습니다!,Habilidade passiva foi fortalecida!,สกิลพาสซีฟได้รับการเสริมพลัง!,1,-1,{effort=9;equipStarSum=8;zawakeStage=308;nvalueSum=140},-1,{}
217105,2071,,5,{},0.5,属性获得增强,屬性獲得增強,Attribute has been enhanced,Thuộc tính đã được tăng cường,속성이 강화되었습니다,Atributo foi aprimorado,คุณสมบัติได้รับการเสริมพลัง,1,-1,{star=10;goodFeel=200;zawakeStage=408;advance=15},-1,{}
217106,2071,,6,{},0.5,大招技能获得强化提升!,終極技能獲得強化提升！,Ultimate skill has been enhanced!,Kỹ năng tối thượng đã được tăng cường!,궁극 스킬이 강화되었습니다!,Habilidade suprema foi fortalecida!,สกิลอัลติเมตได้รับการเสริมพลัง!,1,-1,{effort=11;zawakeStage=508;equipStarSum=10;equipAwakeSum=4},-1,{}
217107,2071,,7,{},0.5,属性获得增强,屬性獲得增強,Attribute has been enhanced,Thuộc tính đã được tăng cường,속성이 강화되었습니다,Atributo foi aprimorado,คุณสมบัติได้รับการเสริมพลัง,1,-1,{star=11;goodFeel=250;zawakeStage=608;advance=16},-1,{}
217108,2071,,8,{},0.5,属性获得增强,屬性獲得增強,Attribute has been enhanced,Thuộc tính đã được tăng cường,속성이 강화되었습니다,Atributo foi aprimorado,คุณสมบัติได้รับการเสริมพลัง,1,-1,{effort=13;equipStarSum=12;zawakeStage=708;nvalueSum=140},-1,{}
233101,2231,,1,{},0.5,属性获得增强,屬性獲得增強,Attribute has been enhanced,Thuộc tính đã được tăng cường,속성이 강화되었습니다,Atributo foi aprimorado,คุณสมบัติได้รับการเสริมพลัง,1,-1,{star=8;advance=13;goodFeel=100},-1,{}
233102,2231,,2,{},0.5,普攻技能获得强化提升!,普攻技能獲得強化提升！,Normal skill has been enhanced!,Kỹ năng thường đã được tăng cường!,일반 스킬이 강화되었습니다!,Habilidade normal foi fortalecida!,สกิลปกติได้รับการเสริมพลัง!,1,-1,{effort=7;zawakeStage=108;equipStarSum=6;equipAwakeSum=2},-1,{}
233103,2231,,3,{},0.5,小技能获得强化提升!,小技能獲得強化提升！,Minor skill has been enhanced!,Kỹ năng nhỏ đã được tăng cường!,소형 스킬이 강화되었습니다!,Habilidade menor foi aprimorada!,สกิลย่อยได้รับการเสริมพลัง!,1,-1,{star=9;goodFeel=160;zawakeStage=208;advance=15},-1,{}
233104,2231,,4,{},0.5,被动技能获得强化提升!,被動技能獲得強化提升！,Passive skill has been enhanced!,Kỹ năng bị động đã được tăng cường!,패시브 스킬이 강화되었습니다!,Habilidade passiva foi fortalecida!,สกิลพาสซีฟได้รับการเสริมพลัง!,1,-1,{effort=9;equipStarSum=9;zawakeStage=308;nvalueSum=140},-1,{}
233105,2231,,5,{},0.5,属性获得增强,屬性獲得增強,Attribute has been enhanced,Thuộc tính đã được tăng cường,속성이 강화되었습니다,Atributo foi aprimorado,คุณสมบัติได้รับการเสริมพลัง,1,-1,{star=10;goodFeel=220;zawakeStage=408;advance=16},-1,{}
233106,2231,,6,{},0.5,大招技能获得强化提升!,終極技能獲得強化提升！,Ultimate skill has been enhanced!,Kỹ năng tối thượng đã được tăng cường!,궁극 스킬이 강화되었습니다!,Habilidade suprema foi fortalecida!,สกิลอัลติเมตได้รับการเสริมพลัง!,1,-1,{effort=11;zawakeStage=508;equipStarSum=12;equipAwakeSum=4},-1,{}
233107,2231,,7,{},0.5,属性获得增强,屬性獲得增強,Attribute has been enhanced,Thuộc tính đã được tăng cường,속성이 강화되었습니다,Atributo foi aprimorado,คุณสมบัติได้รับการเสริมพลัง,1,-1,{star=11;goodFeel=300;zawakeStage=608;advance=17},-1,{}
233108,2231,,8,{},0.5,属性获得增强,屬性獲得增強,Attribute has been enhanced,Thuộc tính đã được tăng cường,속성이 강화되었습니다,Atributo foi aprimorado,คุณสมบัติได้รับการเสริมพลัง,1,-1,{effort=13;equipStarSum=15;zawakeStage=708;nvalueSum=140},-1,{}
234101,2241,,1,{},0.5,属性获得增强,屬性獲得增強,Attribute has been enhanced,Thuộc tính đã được tăng cường,속성이 강화되었습니다,Atributo foi aprimorado,คุณสมบัติได้รับการเสริมพลัง,1,-1,{star=8;advance=13;goodFeel=100},-1,{}
234102,2241,,2,{},0.5,普攻技能获得强化提升!,普攻技能獲得強化提升！,Normal skill has been enhanced!,Kỹ năng thường đã được tăng cường!,일반 스킬이 강화되었습니다!,Habilidade normal foi fortalecida!,สกิลปกติได้รับการเสริมพลัง!,1,-1,{effort=7;zawakeStage=108;equipStarSum=6;equipAwakeSum=2},-1,{}
234103,2241,,3,{},0.5,小技能获得强化提升!,小技能獲得強化提升！,Minor skill has been enhanced!,Kỹ năng nhỏ đã được tăng cường!,소형 스킬이 강화되었습니다!,Habilidade menor foi aprimorada!,สกิลย่อยได้รับการเสริมพลัง!,1,-1,{star=9;goodFeel=160;zawakeStage=208;advance=15},-1,{}
234104,2241,,4,{},0.5,被动技能获得强化提升!,被動技能獲得強化提升！,Passive skill has been enhanced!,Kỹ năng bị động đã được tăng cường!,패시브 스킬이 강화되었습니다!,Habilidade passiva foi fortalecida!,สกิลพาสซีฟได้รับการเสริมพลัง!,1,-1,{effort=9;equipStarSum=9;zawakeStage=308;nvalueSum=140},-1,{}
234105,2241,,5,{},0.5,属性获得增强,屬性獲得增強,Attribute has been enhanced,Thuộc tính đã được tăng cường,속성이 강화되었습니다,Atributo foi aprimorado,คุณสมบัติได้รับการเสริมพลัง,1,-1,{star=10;goodFeel=220;zawakeStage=408;advance=16},-1,{}
234106,2241,,6,{},0.5,大招技能获得强化提升!,終極技能獲得強化提升！,Ultimate skill has been enhanced!,Kỹ năng tối thượng đã được tăng cường!,궁극 스킬이 강화되었습니다!,Habilidade suprema foi fortalecida!,สกิลอัลติเมตได้รับการเสริมพลัง!,1,-1,{effort=11;zawakeStage=508;equipStarSum=12;equipAwakeSum=4},-1,{}
234107,2241,,7,{},0.5,属性获得增强,屬性獲得增強,Attribute has been enhanced,Thuộc tính đã được tăng cường,속성이 강화되었습니다,Atributo foi aprimorado,คุณสมบัติได้รับการเสริมพลัง,1,-1,{star=11;goodFeel=300;zawakeStage=608;advance=17},-1,{}
234108,2241,,8,{},0.5,属性获得增强,屬性獲得增強,Attribute has been enhanced,Thuộc tính đã được tăng cường,속성이 강화되었습니다,Atributo foi aprimorado,คุณสมบัติได้รับการเสริมพลัง,1,-1,{effort=13;equipStarSum=15;zawakeStage=708;nvalueSum=140},-1,{}
234301,2243,,1,{},0.5,属性获得增强,屬性獲得增強,Attribute has been enhanced,Thuộc tính đã được tăng cường,속성이 강화되었습니다,Atributo foi aprimorado,คุณสมบัติได้รับการเสริมพลัง,1,-1,{star=8;advance=13;goodFeel=100},-1,{}
234302,2243,,2,{},0.5,普攻技能获得强化提升!,普攻技能獲得強化提升！,Normal skill has been enhanced!,Kỹ năng thường đã được tăng cường!,일반 스킬이 강화되었습니다!,Habilidade normal foi fortalecida!,สกิลปกติได้รับการเสริมพลัง!,1,-1,{effort=7;zawakeStage=108;equipStarSum=6;equipAwakeSum=2},-1,{}
234303,2243,,3,{},0.5,小技能获得强化提升!,小技能獲得強化提升！,Minor skill has been enhanced!,Kỹ năng nhỏ đã được tăng cường!,소형 스킬이 강화되었습니다!,Habilidade menor foi aprimorada!,สกิลย่อยได้รับการเสริมพลัง!,1,-1,{star=9;goodFeel=160;zawakeStage=208;advance=15},-1,{}
234304,2243,,4,{},0.5,被动技能获得强化提升!,被動技能獲得強化提升！,Passive skill has been enhanced!,Kỹ năng bị động đã được tăng cường!,패시브 스킬이 강화되었습니다!,Habilidade passiva foi fortalecida!,สกิลพาสซีฟได้รับการเสริมพลัง!,1,-1,{effort=9;equipStarSum=9;zawakeStage=308;nvalueSum=140},-1,{}
234305,2243,,5,{},0.5,属性获得增强,屬性獲得增強,Attribute has been enhanced,Thuộc tính đã được tăng cường,속성이 강화되었습니다,Atributo foi aprimorado,คุณสมบัติได้รับการเสริมพลัง,1,-1,{star=10;goodFeel=220;zawakeStage=408;advance=16},-1,{}
234306,2243,,6,{},0.5,大招技能获得强化提升!,終極技能獲得強化提升！,Ultimate skill has been enhanced!,Kỹ năng tối thượng đã được tăng cường!,궁극 스킬이 강화되었습니다!,Habilidade suprema foi fortalecida!,สกิลอัลติเมตได้รับการเสริมพลัง!,1,-1,{effort=11;zawakeStage=508;equipStarSum=12;equipAwakeSum=4},-1,{}
234307,2243,,7,{},0.5,属性获得增强,屬性獲得增強,Attribute has been enhanced,Thuộc tính đã được tăng cường,속성이 강화되었습니다,Atributo foi aprimorado,คุณสมบัติได้รับการเสริมพลัง,1,-1,{star=11;goodFeel=300;zawakeStage=608;advance=17},-1,{}
234308,2243,,8,{},0.5,属性获得增强,屬性獲得增強,Attribute has been enhanced,Thuộc tính đã được tăng cường,속성이 강화되었습니다,Atributo foi aprimorado,คุณสมบัติได้รับการเสริมพลัง,1,-1,{effort=13;equipStarSum=15;zawakeStage=708;nvalueSum=140},-1,{}
237101,2271,,1,{},0.5,属性获得增强,屬性獲得增強,Attribute has been enhanced,Thuộc tính đã được tăng cường,속성이 강화되었습니다,Atributo foi aprimorado,คุณสมบัติได้รับการเสริมพลัง,1,-1,{star=8;advance=13;goodFeel=100},-1,{}
237102,2271,,2,{},0.5,普攻技能获得强化提升!,普攻技能獲得強化提升！,Normal skill has been enhanced!,Kỹ năng thường đã được tăng cường!,일반 스킬이 강화되었습니다!,Habilidade normal foi fortalecida!,สกิลปกติได้รับการเสริมพลัง!,1,-1,{effort=7;zawakeStage=108;equipStarSum=6;equipAwakeSum=2},-1,{}
237103,2271,,3,{},0.5,小技能获得强化提升!,小技能獲得強化提升！,Minor skill has been enhanced!,Kỹ năng nhỏ đã được tăng cường!,소형 스킬이 강화되었습니다!,Habilidade menor foi aprimorada!,สกิลย่อยได้รับการเสริมพลัง!,1,-1,{star=9;goodFeel=150;zawakeStage=208;advance=14},-1,{}
237104,2271,,4,{},0.5,被动技能获得强化提升!,被動技能獲得強化提升！,Passive skill has been enhanced!,Kỹ năng bị động đã được tăng cường!,패시브 스킬이 강화되었습니다!,Habilidade passiva foi fortalecida!,สกิลพาสซีฟได้รับการเสริมพลัง!,1,-1,{effort=9;equipStarSum=8;zawakeStage=308;nvalueSum=140},-1,{}
237105,2271,,5,{},0.5,属性获得增强,屬性獲得增強,Attribute has been enhanced,Thuộc tính đã được tăng cường,속성이 강화되었습니다,Atributo foi aprimorado,คุณสมบัติได้รับการเสริมพลัง,1,-1,{star=10;goodFeel=200;zawakeStage=408;advance=15},-1,{}
237106,2271,,6,{},0.5,大招技能获得强化提升!,終極技能獲得強化提升！,Ultimate skill has been enhanced!,Kỹ năng tối thượng đã được tăng cường!,궁극 스킬이 강화되었습니다!,Habilidade suprema foi fortalecida!,สกิลอัลติเมตได้รับการเสริมพลัง!,1,-1,{effort=11;zawakeStage=508;equipStarSum=10;equipAwakeSum=4},-1,{}
237107,2271,,7,{},0.5,属性获得增强,屬性獲得增強,Attribute has been enhanced,Thuộc tính đã được tăng cường,속성이 강화되었습니다,Atributo foi aprimorado,คุณสมบัติได้รับการเสริมพลัง,1,-1,{star=11;goodFeel=250;zawakeStage=608;advance=16},-1,{}
237108,2271,,8,{},0.5,属性获得增强,屬性獲得增強,Attribute has been enhanced,Thuộc tính đã được tăng cường,속성이 강화되었습니다,Atributo foi aprimorado,คุณสมบัติได้รับการเสริมพลัง,1,-1,{effort=13;equipStarSum=12;zawakeStage=708;nvalueSum=140},-1,{}
240101,2301,,1,{},0.5,属性获得增强,屬性獲得增強,Attribute has been enhanced,Thuộc tính đã được tăng cường,속성이 강화되었습니다,Atributo foi aprimorado,คุณสมบัติได้รับการเสริมพลัง,1,-1,{star=8;advance=13;goodFeel=100},-1,{}
240102,2301,,2,{},0.5,普攻技能获得强化提升!,普攻技能獲得強化提升！,Normal skill has been enhanced!,Kỹ năng thường đã được tăng cường!,일반 스킬이 강화되었습니다!,Habilidade normal foi fortalecida!,สกิลปกติได้รับการเสริมพลัง!,1,-1,{effort=7;zawakeStage=108;equipStarSum=6;equipAwakeSum=2},-1,{}
240103,2301,,3,{},0.5,小技能获得强化提升!,小技能獲得強化提升！,Minor skill has been enhanced!,Kỹ năng nhỏ đã được tăng cường!,소형 스킬이 강화되었습니다!,Habilidade menor foi aprimorada!,สกิลย่อยได้รับการเสริมพลัง!,1,-1,{star=9;goodFeel=150;zawakeStage=208;advance=14},-1,{}
240104,2301,,4,{},0.5,被动技能获得强化提升!,被動技能獲得強化提升！,Passive skill has been enhanced!,Kỹ năng bị động đã được tăng cường!,패시브 스킬이 강화되었습니다!,Habilidade passiva foi fortalecida!,สกิลพาสซีฟได้รับการเสริมพลัง!,1,-1,{effort=9;equipStarSum=8;zawakeStage=308;nvalueSum=140},-1,{}
240105,2301,,5,{},0.5,属性获得增强,屬性獲得增強,Attribute has been enhanced,Thuộc tính đã được tăng cường,속성이 강화되었습니다,Atributo foi aprimorado,คุณสมบัติได้รับการเสริมพลัง,1,-1,{star=10;goodFeel=200;zawakeStage=408;advance=15},-1,{}
240106,2301,,6,{},0.5,大招技能获得强化提升!,終極技能獲得強化提升！,Ultimate skill has been enhanced!,Kỹ năng tối thượng đã được tăng cường!,궁극 스킬이 강화되었습니다!,Habilidade suprema foi fortalecida!,สกิลอัลติเมตได้รับการเสริมพลัง!,1,-1,{effort=11;zawakeStage=508;equipStarSum=10;equipAwakeSum=4},-1,{}
240107,2301,,7,{},0.5,属性获得增强,屬性獲得增強,Attribute has been enhanced,Thuộc tính đã được tăng cường,속성이 강화되었습니다,Atributo foi aprimorado,คุณสมบัติได้รับการเสริมพลัง,1,-1,{star=11;goodFeel=250;zawakeStage=608;advance=16},-1,{}
240108,2301,,8,{},0.5,属性获得增强,屬性獲得增強,Attribute has been enhanced,Thuộc tính đã được tăng cường,속성이 강화되었습니다,Atributo foi aprimorado,คุณสมบัติได้รับการเสริมพลัง,1,-1,{effort=13;equipStarSum=12;zawakeStage=708;nvalueSum=140},-1,{}
240201,2302,,1,{},0.5,属性获得增强,屬性獲得增強,Attribute has been enhanced,Thuộc tính đã được tăng cường,속성이 강화되었습니다,Atributo foi aprimorado,คุณสมบัติได้รับการเสริมพลัง,1,-1,{star=8;advance=13;goodFeel=100},-1,{}
240202,2302,,2,{},0.5,普攻技能获得强化提升!,普攻技能獲得強化提升！,Normal skill has been enhanced!,Kỹ năng thường đã được tăng cường!,일반 스킬이 강화되었습니다!,Habilidade normal foi fortalecida!,สกิลปกติได้รับการเสริมพลัง!,1,-1,{effort=7;zawakeStage=108;equipStarSum=6;equipAwakeSum=2},-1,{}
240203,2302,,3,{},0.5,小技能获得强化提升!,小技能獲得強化提升！,Minor skill has been enhanced!,Kỹ năng nhỏ đã được tăng cường!,소형 스킬이 강화되었습니다!,Habilidade menor foi aprimorada!,สกิลย่อยได้รับการเสริมพลัง!,1,-1,{star=9;goodFeel=150;zawakeStage=208;advance=14},-1,{}
240204,2302,,4,{},0.5,被动技能获得强化提升!,被動技能獲得強化提升！,Passive skill has been enhanced!,Kỹ năng bị động đã được tăng cường!,패시브 스킬이 강화되었습니다!,Habilidade passiva foi fortalecida!,สกิลพาสซีฟได้รับการเสริมพลัง!,1,-1,{effort=9;equipStarSum=8;zawakeStage=308;nvalueSum=140},-1,{}
240205,2302,,5,{},0.5,属性获得增强,屬性獲得增強,Attribute has been enhanced,Thuộc tính đã được tăng cường,속성이 강화되었습니다,Atributo foi aprimorado,คุณสมบัติได้รับการเสริมพลัง,1,-1,{star=10;goodFeel=200;zawakeStage=408;advance=15},-1,{}
240206,2302,,6,{},0.5,大招技能获得强化提升!,終極技能獲得強化提升！,Ultimate skill has been enhanced!,Kỹ năng tối thượng đã được tăng cường!,궁극 스킬이 강화되었습니다!,Habilidade suprema foi fortalecida!,สกิลอัลติเมตได้รับการเสริมพลัง!,1,-1,{effort=11;zawakeStage=508;equipStarSum=10;equipAwakeSum=4},-1,{}
240207,2302,,7,{},0.5,属性获得增强,屬性獲得增強,Attribute has been enhanced,Thuộc tính đã được tăng cường,속성이 강화되었습니다,Atributo foi aprimorado,คุณสมบัติได้รับการเสริมพลัง,1,-1,{star=11;goodFeel=250;zawakeStage=608;advance=16},-1,{}
240208,2302,,8,{},0.5,属性获得增强,屬性獲得增強,Attribute has been enhanced,Thuộc tính đã được tăng cường,속성이 강화되었습니다,Atributo foi aprimorado,คุณสมบัติได้รับการเสริมพลัง,1,-1,{effort=13;equipStarSum=12;zawakeStage=708;nvalueSum=140},-1,{}
245101,2351,,1,{},0.5,属性获得增强,屬性獲得增強,Attribute has been enhanced,Thuộc tính đã được tăng cường,속성이 강화되었습니다,Atributo foi aprimorado,คุณสมบัติได้รับการเสริมพลัง,1,-1,{star=8;advance=13;goodFeel=100},-1,{}
245102,2351,,2,{},0.5,普攻技能获得强化提升!,普攻技能獲得強化提升！,Normal skill has been enhanced!,Kỹ năng thường đã được tăng cường!,일반 스킬이 강화되었습니다!,Habilidade normal foi fortalecida!,สกิลปกติได้รับการเสริมพลัง!,1,-1,{effort=7;zawakeStage=108;equipStarSum=6;equipAwakeSum=2},-1,{}
245103,2351,,3,{},0.5,小技能获得强化提升!,小技能獲得強化提升！,Minor skill has been enhanced!,Kỹ năng nhỏ đã được tăng cường!,소형 스킬이 강화되었습니다!,Habilidade menor foi aprimorada!,สกิลย่อยได้รับการเสริมพลัง!,1,-1,{star=9;goodFeel=180;zawakeStage=208;advance=15},-1,{}
245104,2351,,4,{},0.5,被动技能获得强化提升!,被動技能獲得強化提升！,Passive skill has been enhanced!,Kỹ năng bị động đã được tăng cường!,패시브 스킬이 강화되었습니다!,Habilidade passiva foi fortalecida!,สกิลพาสซีฟได้รับการเสริมพลัง!,1,-1,{effort=9;equipStarSum=12;zawakeStage=308;nvalueSum=160},-1,{}
245105,2351,,5,{},0.5,属性获得增强,屬性獲得增強,Attribute has been enhanced,Thuộc tính đã được tăng cường,속성이 강화되었습니다,Atributo foi aprimorado,คุณสมบัติได้รับการเสริมพลัง,1,-1,{star=10;goodFeel=260;zawakeStage=408;advance=17},-1,{}
245106,2351,,6,{},0.5,大招技能获得强化提升!,終極技能獲得強化提升！,Ultimate skill has been enhanced!,Kỹ năng tối thượng đã được tăng cường!,궁극 스킬이 강화되었습니다!,Habilidade suprema foi fortalecida!,สกิลอัลติเมตได้รับการเสริมพลัง!,1,-1,{effort=11;zawakeStage=508;equipStarSum=18;equipAwakeSum=6},-1,{}
245107,2351,,7,{},0.5,属性获得增强,屬性獲得增強,Attribute has been enhanced,Thuộc tính đã được tăng cường,속성이 강화되었습니다,Atributo foi aprimorado,คุณสมบัติได้รับการเสริมพลัง,1,-1,{star=11;goodFeel=350;zawakeStage=608;advance=19},-1,{}
245108,2351,,8,{},0.5,属性获得增强,屬性獲得增強,Attribute has been enhanced,Thuộc tính đã được tăng cường,속성이 강화되었습니다,Atributo foi aprimorado,คุณสมบัติได้รับการเสริมพลัง,1,-1,{effort=13;equipStarSum=24;zawakeStage=708;nvalueSum=160},-1,{}
246101,2361,,1,{},0.5,属性获得增强,屬性獲得增強,Attribute has been enhanced,Thuộc tính đã được tăng cường,속성이 강화되었습니다,Atributo foi aprimorado,คุณสมบัติได้รับการเสริมพลัง,1,-1,{star=8;advance=13;goodFeel=100},-1,{}
246102,2361,,2,{},0.5,普攻技能获得强化提升!,普攻技能獲得強化提升！,Normal skill has been enhanced!,Kỹ năng thường đã được tăng cường!,일반 스킬이 강화되었습니다!,Habilidade normal foi fortalecida!,สกิลปกติได้รับการเสริมพลัง!,1,-1,{effort=7;zawakeStage=108;equipStarSum=6;equipAwakeSum=2},-1,{}
246103,2361,,3,{},0.5,小技能获得强化提升!,小技能獲得強化提升！,Minor skill has been enhanced!,Kỹ năng nhỏ đã được tăng cường!,소형 스킬이 강화되었습니다!,Habilidade menor foi aprimorada!,สกิลย่อยได้รับการเสริมพลัง!,1,-1,{star=9;goodFeel=180;zawakeStage=208;advance=15},-1,{}
246104,2361,,4,{},0.5,被动技能获得强化提升!,被動技能獲得強化提升！,Passive skill has been enhanced!,Kỹ năng bị động đã được tăng cường!,패시브 스킬이 강화되었습니다!,Habilidade passiva foi fortalecida!,สกิลพาสซีฟได้รับการเสริมพลัง!,1,-1,{effort=9;equipStarSum=12;zawakeStage=308;nvalueSum=160},-1,{}
246105,2361,,5,{},0.5,属性获得增强,屬性獲得增強,Attribute has been enhanced,Thuộc tính đã được tăng cường,속성이 강화되었습니다,Atributo foi aprimorado,คุณสมบัติได้รับการเสริมพลัง,1,-1,{star=10;goodFeel=260;zawakeStage=408;advance=17},-1,{}
246106,2361,,6,{},0.5,大招技能获得强化提升!,終極技能獲得強化提升！,Ultimate skill has been enhanced!,Kỹ năng tối thượng đã được tăng cường!,궁극 스킬이 강화되었습니다!,Habilidade suprema foi fortalecida!,สกิลอัลติเมตได้รับการเสริมพลัง!,1,-1,{effort=11;zawakeStage=508;equipStarSum=18;equipAwakeSum=6},-1,{}
246107,2361,,7,{},0.5,属性获得增强,屬性獲得增強,Attribute has been enhanced,Thuộc tính đã được tăng cường,속성이 강화되었습니다,Atributo foi aprimorado,คุณสมบัติได้รับการเสริมพลัง,1,-1,{star=11;goodFeel=350;zawakeStage=608;advance=19},-1,{}
246108,2361,,8,{},0.5,属性获得增强,屬性獲得增強,Attribute has been enhanced,Thuộc tính đã được tăng cường,속성이 강화되었습니다,Atributo foi aprimorado,คุณสมบัติได้รับการเสริมพลัง,1,-1,{effort=13;equipStarSum=24;zawakeStage=708;nvalueSum=160},-1,{}
247101,2371,,1,{},0.5,属性获得增强,屬性獲得增強,Attribute has been enhanced,Thuộc tính đã được tăng cường,속성이 강화되었습니다,Atributo foi aprimorado,คุณสมบัติได้รับการเสริมพลัง,1,-1,{star=8;advance=13;goodFeel=100},-1,{}
247102,2371,,2,{},0.5,普攻技能获得强化提升!,普攻技能獲得強化提升！,Normal skill has been enhanced!,Kỹ năng thường đã được tăng cường!,일반 스킬이 강화되었습니다!,Habilidade normal foi fortalecida!,สกิลปกติได้รับการเสริมพลัง!,1,-1,{effort=7;zawakeStage=108;equipStarSum=6;equipAwakeSum=2},-1,{}
247103,2371,,3,{},0.5,小技能获得强化提升!,小技能獲得強化提升！,Minor skill has been enhanced!,Kỹ năng nhỏ đã được tăng cường!,소형 스킬이 강화되었습니다!,Habilidade menor foi aprimorada!,สกิลย่อยได้รับการเสริมพลัง!,1,-1,{star=9;goodFeel=180;zawakeStage=208;advance=15},-1,{}
247104,2371,,4,{},0.5,被动技能获得强化提升!,被動技能獲得強化提升！,Passive skill has been enhanced!,Kỹ năng bị động đã được tăng cường!,패시브 스킬이 강화되었습니다!,Habilidade passiva foi fortalecida!,สกิลพาสซีฟได้รับการเสริมพลัง!,1,-1,{effort=9;equipStarSum=12;zawakeStage=308;nvalueSum=160},-1,{}
247105,2371,,5,{},0.5,属性获得增强,屬性獲得增強,Attribute has been enhanced,Thuộc tính đã được tăng cường,속성이 강화되었습니다,Atributo foi aprimorado,คุณสมบัติได้รับการเสริมพลัง,1,-1,{star=10;goodFeel=260;zawakeStage=408;advance=17},-1,{}
247106,2371,,6,{},0.5,大招技能获得强化提升!,終極技能獲得強化提升！,Ultimate skill has been enhanced!,Kỹ năng tối thượng đã được tăng cường!,궁극 스킬이 강화되었습니다!,Habilidade suprema foi fortalecida!,สกิลอัลติเมตได้รับการเสริมพลัง!,1,-1,{effort=11;zawakeStage=508;equipStarSum=18;equipAwakeSum=6},-1,{}
247107,2371,,7,{},0.5,属性获得增强,屬性獲得增強,Attribute has been enhanced,Thuộc tính đã được tăng cường,속성이 강화되었습니다,Atributo foi aprimorado,คุณสมบัติได้รับการเสริมพลัง,1,-1,{star=11;goodFeel=350;zawakeStage=608;advance=19},-1,{}
247108,2371,,8,{},0.5,属性获得增强,屬性獲得增強,Attribute has been enhanced,Thuộc tính đã được tăng cường,속성이 강화되었습니다,Atributo foi aprimorado,คุณสมบัติได้รับการเสริมพลัง,1,-1,{effort=13;equipStarSum=24;zawakeStage=708;nvalueSum=160},-1,{}
248101,2381,,1,{},0.5,属性获得增强,屬性獲得增強,Attribute has been enhanced,Thuộc tính đã được tăng cường,속성이 강화되었습니다,Atributo foi aprimorado,คุณสมบัติได้รับการเสริมพลัง,1,-1,{star=8;advance=13;goodFeel=100},-1,{}
248102,2381,,2,{},0.5,普攻技能获得强化提升!,普攻技能獲得強化提升！,Normal skill has been enhanced!,Kỹ năng thường đã được tăng cường!,일반 스킬이 강화되었습니다!,Habilidade normal foi fortalecida!,สกิลปกติได้รับการเสริมพลัง!,1,-1,{effort=7;zawakeStage=108;equipStarSum=6;equipAwakeSum=2},-1,{}
248103,2381,,3,{},0.5,小技能获得强化提升!,小技能獲得強化提升！,Minor skill has been enhanced!,Kỹ năng nhỏ đã được tăng cường!,소형 스킬이 강화되었습니다!,Habilidade menor foi aprimorada!,สกิลย่อยได้รับการเสริมพลัง!,1,-1,{star=9;goodFeel=180;zawakeStage=208;advance=15},-1,{}
248104,2381,,4,{},0.5,被动技能获得强化提升!,被動技能獲得強化提升！,Passive skill has been enhanced!,Kỹ năng bị động đã được tăng cường!,패시브 스킬이 강화되었습니다!,Habilidade passiva foi fortalecida!,สกิลพาสซีฟได้รับการเสริมพลัง!,1,-1,{effort=9;equipStarSum=12;zawakeStage=308;nvalueSum=160},-1,{}
248105,2381,,5,{},0.5,属性获得增强,屬性獲得增強,Attribute has been enhanced,Thuộc tính đã được tăng cường,속성이 강화되었습니다,Atributo foi aprimorado,คุณสมบัติได้รับการเสริมพลัง,1,-1,{star=10;goodFeel=260;zawakeStage=408;advance=17},-1,{}
248106,2381,,6,{},0.5,大招技能获得强化提升!,終極技能獲得強化提升！,Ultimate skill has been enhanced!,Kỹ năng tối thượng đã được tăng cường!,궁극 스킬이 강화되었습니다!,Habilidade suprema foi fortalecida!,สกิลอัลติเมตได้รับการเสริมพลัง!,1,-1,{effort=11;zawakeStage=508;equipStarSum=18;equipAwakeSum=6},-1,{}
248107,2381,,7,{},0.5,属性获得增强,屬性獲得增強,Attribute has been enhanced,Thuộc tính đã được tăng cường,속성이 강화되었습니다,Atributo foi aprimorado,คุณสมบัติได้รับการเสริมพลัง,1,-1,{star=11;goodFeel=350;zawakeStage=608;advance=19},-1,{}
248108,2381,,8,{},0.5,属性获得增强,屬性獲得增強,Attribute has been enhanced,Thuộc tính đã được tăng cường,속성이 강화되었습니다,Atributo foi aprimorado,คุณสมบัติได้รับการเสริมพลัง,1,-1,{effort=13;equipStarSum=24;zawakeStage=708;nvalueSum=160},-1,{}
249101,2391,,1,{},0.5,属性获得增强,屬性獲得增強,Attribute has been enhanced,Thuộc tính đã được tăng cường,속성이 강화되었습니다,Atributo foi aprimorado,คุณสมบัติได้รับการเสริมพลัง,1,-1,{star=8;advance=13;goodFeel=100},-1,{}
249102,2391,,2,{},0.5,普攻技能获得强化提升!,普攻技能獲得強化提升！,Normal skill has been enhanced!,Kỹ năng thường đã được tăng cường!,일반 스킬이 강화되었습니다!,Habilidade normal foi fortalecida!,สกิลปกติได้รับการเสริมพลัง!,1,-1,{effort=7;zawakeStage=108;equipStarSum=6;equipAwakeSum=2},-1,{}
249103,2391,,3,{},0.5,小技能获得强化提升!,小技能獲得強化提升！,Minor skill has been enhanced!,Kỹ năng nhỏ đã được tăng cường!,소형 스킬이 강화되었습니다!,Habilidade menor foi aprimorada!,สกิลย่อยได้รับการเสริมพลัง!,1,-1,{star=9;goodFeel=180;zawakeStage=208;advance=15},-1,{}
249104,2391,,4,{},0.5,被动技能获得强化提升!,被動技能獲得強化提升！,Passive skill has been enhanced!,Kỹ năng bị động đã được tăng cường!,패시브 스킬이 강화되었습니다!,Habilidade passiva foi fortalecida!,สกิลพาสซีฟได้รับการเสริมพลัง!,1,-1,{effort=9;equipStarSum=12;zawakeStage=308;nvalueSum=160},-1,{}
249105,2391,,5,{},0.5,属性获得增强,屬性獲得增強,Attribute has been enhanced,Thuộc tính đã được tăng cường,속성이 강화되었습니다,Atributo foi aprimorado,คุณสมบัติได้รับการเสริมพลัง,1,-1,{star=10;goodFeel=260;zawakeStage=408;advance=17},-1,{}
249106,2391,,6,{},0.5,大招技能获得强化提升!,終極技能獲得強化提升！,Ultimate skill has been enhanced!,Kỹ năng tối thượng đã được tăng cường!,궁극 스킬이 강화되었습니다!,Habilidade suprema foi fortalecida!,สกิลอัลติเมตได้รับการเสริมพลัง!,1,-1,{effort=11;zawakeStage=508;equipStarSum=18;equipAwakeSum=6},-1,{}
249107,2391,,7,{},0.5,属性获得增强,屬性獲得增強,Attribute has been enhanced,Thuộc tính đã được tăng cường,속성이 강화되었습니다,Atributo foi aprimorado,คุณสมบัติได้รับการเสริมพลัง,1,-1,{star=11;goodFeel=350;zawakeStage=608;advance=19},-1,{}
249108,2391,,8,{},0.5,属性获得增强,屬性獲得增強,Attribute has been enhanced,Thuộc tính đã được tăng cường,속성이 강화되었습니다,Atributo foi aprimorado,คุณสมบัติได้รับการเสริมพลัง,1,-1,{effort=13;equipStarSum=24;zawakeStage=708;nvalueSum=160},-1,{}
250101,2401,,1,{},0.5,属性获得增强,屬性獲得增強,Attribute has been enhanced,Thuộc tính đã được tăng cường,속성이 강화되었습니다,Atributo foi aprimorado,คุณสมบัติได้รับการเสริมพลัง,1,-1,{star=8;advance=13;goodFeel=100},-1,{}
250102,2401,,2,{},0.5,普攻技能获得强化提升!,普攻技能獲得強化提升！,Normal skill has been enhanced!,Kỹ năng thường đã được tăng cường!,일반 스킬이 강화되었습니다!,Habilidade normal foi fortalecida!,สกิลปกติได้รับการเสริมพลัง!,1,-1,{effort=7;zawakeStage=108;equipStarSum=6;equipAwakeSum=2},-1,{}
250103,2401,,3,{},0.5,小技能获得强化提升!,小技能獲得強化提升！,Minor skill has been enhanced!,Kỹ năng nhỏ đã được tăng cường!,소형 스킬이 강화되었습니다!,Habilidade menor foi aprimorada!,สกิลย่อยได้รับการเสริมพลัง!,1,-1,{star=9;goodFeel=160;zawakeStage=208;advance=15},-1,{}
250104,2401,,4,{},0.5,被动技能获得强化提升!,被動技能獲得強化提升！,Passive skill has been enhanced!,Kỹ năng bị động đã được tăng cường!,패시브 스킬이 강화되었습니다!,Habilidade passiva foi fortalecida!,สกิลพาสซีฟได้รับการเสริมพลัง!,1,-1,{effort=9;equipStarSum=9;zawakeStage=308;nvalueSum=140},-1,{}
250105,2401,,5,{},0.5,属性获得增强,屬性獲得增強,Attribute has been enhanced,Thuộc tính đã được tăng cường,속성이 강화되었습니다,Atributo foi aprimorado,คุณสมบัติได้รับการเสริมพลัง,1,-1,{star=10;goodFeel=220;zawakeStage=408;advance=16},-1,{}
250106,2401,,6,{},0.5,大招技能获得强化提升!,終極技能獲得強化提升！,Ultimate skill has been enhanced!,Kỹ năng tối thượng đã được tăng cường!,궁극 스킬이 강화되었습니다!,Habilidade suprema foi fortalecida!,สกิลอัลติเมตได้รับการเสริมพลัง!,1,-1,{effort=11;zawakeStage=508;equipStarSum=12;equipAwakeSum=4},-1,{}
250107,2401,,7,{},0.5,属性获得增强,屬性獲得增強,Attribute has been enhanced,Thuộc tính đã được tăng cường,속성이 강화되었습니다,Atributo foi aprimorado,คุณสมบัติได้รับการเสริมพลัง,1,-1,{star=11;goodFeel=300;zawakeStage=608;advance=17},-1,{}
250108,2401,,8,{},0.5,属性获得增强,屬性獲得增強,Attribute has been enhanced,Thuộc tính đã được tăng cường,속성이 강화되었습니다,Atributo foi aprimorado,คุณสมบัติได้รับการเสริมพลัง,1,-1,{effort=13;equipStarSum=15;zawakeStage=708;nvalueSum=140},-1,{}
251101,2411,,1,{},0.5,属性获得增强,屬性獲得增強,Attribute has been enhanced,Thuộc tính đã được tăng cường,속성이 강화되었습니다,Atributo foi aprimorado,คุณสมบัติได้รับการเสริมพลัง,1,-1,{star=8;advance=13;goodFeel=100},-1,{}
251102,2411,,2,{},0.5,普攻技能获得强化提升!,普攻技能獲得強化提升！,Normal skill has been enhanced!,Kỹ năng thường đã được tăng cường!,일반 스킬이 강화되었습니다!,Habilidade normal foi fortalecida!,สกิลปกติได้รับการเสริมพลัง!,1,-1,{effort=7;zawakeStage=108;equipStarSum=6;equipAwakeSum=2},-1,{}
251103,2411,,3,{},0.5,小技能获得强化提升!,小技能獲得強化提升！,Minor skill has been enhanced!,Kỹ năng nhỏ đã được tăng cường!,소형 스킬이 강화되었습니다!,Habilidade menor foi aprimorada!,สกิลย่อยได้รับการเสริมพลัง!,1,-1,{star=9;goodFeel=180;zawakeStage=208;advance=15},-1,{}
251104,2411,,4,{},0.5,被动技能获得强化提升!,被動技能獲得強化提升！,Passive skill has been enhanced!,Kỹ năng bị động đã được tăng cường!,패시브 스킬이 강화되었습니다!,Habilidade passiva foi fortalecida!,สกิลพาสซีฟได้รับการเสริมพลัง!,1,-1,{effort=9;equipStarSum=12;zawakeStage=308;nvalueSum=160},-1,{}
251105,2411,,5,{},0.5,属性获得增强,屬性獲得增強,Attribute has been enhanced,Thuộc tính đã được tăng cường,속성이 강화되었습니다,Atributo foi aprimorado,คุณสมบัติได้รับการเสริมพลัง,1,-1,{star=10;goodFeel=260;zawakeStage=408;advance=17},-1,{}
251106,2411,,6,{},0.5,大招技能获得强化提升!,終極技能獲得強化提升！,Ultimate skill has been enhanced!,Kỹ năng tối thượng đã được tăng cường!,궁극 스킬이 강화되었습니다!,Habilidade suprema foi fortalecida!,สกิลอัลติเมตได้รับการเสริมพลัง!,1,-1,{effort=11;zawakeStage=508;equipStarSum=18;equipAwakeSum=6},-1,{}
251107,2411,,7,{},0.5,属性获得增强,屬性獲得增強,Attribute has been enhanced,Thuộc tính đã được tăng cường,속성이 강화되었습니다,Atributo foi aprimorado,คุณสมบัติได้รับการเสริมพลัง,1,-1,{star=11;goodFeel=350;zawakeStage=608;advance=19},-1,{}
251108,2411,,8,{},0.5,属性获得增强,屬性獲得增強,Attribute has been enhanced,Thuộc tính đã được tăng cường,속성이 강화되었습니다,Atributo foi aprimorado,คุณสมบัติได้รับการเสริมพลัง,1,-1,{effort=13;equipStarSum=24;zawakeStage=708;nvalueSum=160},-1,{}
252101,2421,,1,{},0.5,属性获得增强,屬性獲得增強,Attribute has been enhanced,Thuộc tính đã được tăng cường,속성이 강화되었습니다,Atributo foi aprimorado,คุณสมบัติได้รับการเสริมพลัง,1,-1,{star=8;advance=13;goodFeel=100},-1,{}
252102,2421,,2,{},0.5,普攻技能获得强化提升!,普攻技能獲得強化提升！,Normal skill has been enhanced!,Kỹ năng thường đã được tăng cường!,일반 스킬이 강화되었습니다!,Habilidade normal foi fortalecida!,สกิลปกติได้รับการเสริมพลัง!,1,-1,{effort=7;zawakeStage=108;equipStarSum=6;equipAwakeSum=2},-1,{}
252103,2421,,3,{},0.5,小技能获得强化提升!,小技能獲得強化提升！,Minor skill has been enhanced!,Kỹ năng nhỏ đã được tăng cường!,소형 스킬이 강화되었습니다!,Habilidade menor foi aprimorada!,สกิลย่อยได้รับการเสริมพลัง!,1,-1,{star=9;goodFeel=180;zawakeStage=208;advance=15},-1,{}
252104,2421,,4,{},0.5,被动技能获得强化提升!,被動技能獲得強化提升！,Passive skill has been enhanced!,Kỹ năng bị động đã được tăng cường!,패시브 스킬이 강화되었습니다!,Habilidade passiva foi fortalecida!,สกิลพาสซีฟได้รับการเสริมพลัง!,1,-1,{effort=9;equipStarSum=12;zawakeStage=308;nvalueSum=160},-1,{}
252105,2421,,5,{},0.5,属性获得增强,屬性獲得增強,Attribute has been enhanced,Thuộc tính đã được tăng cường,속성이 강화되었습니다,Atributo foi aprimorado,คุณสมบัติได้รับการเสริมพลัง,1,-1,{star=10;goodFeel=260;zawakeStage=408;advance=17},-1,{}
252106,2421,,6,{},0.5,大招技能获得强化提升!,終極技能獲得強化提升！,Ultimate skill has been enhanced!,Kỹ năng tối thượng đã được tăng cường!,궁극 스킬이 강화되었습니다!,Habilidade suprema foi fortalecida!,สกิลอัลติเมตได้รับการเสริมพลัง!,1,-1,{effort=11;zawakeStage=508;equipStarSum=18;equipAwakeSum=6},-1,{}
252107,2421,,7,{},0.5,属性获得增强,屬性獲得增強,Attribute has been enhanced,Thuộc tính đã được tăng cường,속성이 강화되었습니다,Atributo foi aprimorado,คุณสมบัติได้รับการเสริมพลัง,1,-1,{star=11;goodFeel=350;zawakeStage=608;advance=19},-1,{}
252108,2421,,8,{},0.5,属性获得增强,屬性獲得增強,Attribute has been enhanced,Thuộc tính đã được tăng cường,속성이 강화되었습니다,Atributo foi aprimorado,คุณสมบัติได้รับการเสริมพลัง,1,-1,{effort=13;equipStarSum=24;zawakeStage=708;nvalueSum=160},-1,{}
253101,2431,,1,{},0.5,属性获得增强,屬性獲得增強,Attribute has been enhanced,Thuộc tính đã được tăng cường,속성이 강화되었습니다,Atributo foi aprimorado,คุณสมบัติได้รับการเสริมพลัง,1,-1,{star=8;advance=13;goodFeel=100},-1,{}
253102,2431,,2,{},0.5,普攻技能获得强化提升!,普攻技能獲得強化提升！,Normal skill has been enhanced!,Kỹ năng thường đã được tăng cường!,일반 스킬이 강화되었습니다!,Habilidade normal foi fortalecida!,สกิลปกติได้รับการเสริมพลัง!,1,-1,{effort=7;zawakeStage=108;equipStarSum=6;equipAwakeSum=2},-1,{}
253103,2431,,3,{},0.5,小技能获得强化提升!,小技能獲得強化提升！,Minor skill has been enhanced!,Kỹ năng nhỏ đã được tăng cường!,소형 스킬이 강화되었습니다!,Habilidade menor foi aprimorada!,สกิลย่อยได้รับการเสริมพลัง!,1,-1,{star=9;goodFeel=180;zawakeStage=208;advance=15},-1,{}
253104,2431,,4,{},0.5,被动技能获得强化提升!,被動技能獲得強化提升！,Passive skill has been enhanced!,Kỹ năng bị động đã được tăng cường!,패시브 스킬이 강화되었습니다!,Habilidade passiva foi fortalecida!,สกิลพาสซีฟได้รับการเสริมพลัง!,1,-1,{effort=9;equipStarSum=12;zawakeStage=308;nvalueSum=160},-1,{}
253105,2431,,5,{},0.5,属性获得增强,屬性獲得增強,Attribute has been enhanced,Thuộc tính đã được tăng cường,속성이 강화되었습니다,Atributo foi aprimorado,คุณสมบัติได้รับการเสริมพลัง,1,-1,{star=10;goodFeel=260;zawakeStage=408;advance=17},-1,{}
253106,2431,,6,{},0.5,大招技能获得强化提升!,終極技能獲得強化提升！,Ultimate skill has been enhanced!,Kỹ năng tối thượng đã được tăng cường!,궁극 스킬이 강화되었습니다!,Habilidade suprema foi fortalecida!,สกิลอัลติเมตได้รับการเสริมพลัง!,1,-1,{effort=11;zawakeStage=508;equipStarSum=18;equipAwakeSum=6},-1,{}
253107,2431,,7,{},0.5,属性获得增强,屬性獲得增強,Attribute has been enhanced,Thuộc tính đã được tăng cường,속성이 강화되었습니다,Atributo foi aprimorado,คุณสมบัติได้รับการเสริมพลัง,1,-1,{star=11;goodFeel=350;zawakeStage=608;advance=19},-1,{}
253108,2431,,8,{},0.5,属性获得增强,屬性獲得增強,Attribute has been enhanced,Thuộc tính đã được tăng cường,속성이 강화되었습니다,Atributo foi aprimorado,คุณสมบัติได้รับการเสริมพลัง,1,-1,{effort=13;equipStarSum=24;zawakeStage=708;nvalueSum=160},-1,{}
254101,2441,,1,{},0.5,属性获得增强,屬性獲得增強,Attribute has been enhanced,Thuộc tính đã được tăng cường,속성이 강화되었습니다,Atributo foi aprimorado,คุณสมบัติได้รับการเสริมพลัง,1,-1,{star=8;advance=13;goodFeel=100},-1,{}
254102,2441,,2,{},0.5,普攻技能获得强化提升!,普攻技能獲得強化提升！,Normal skill has been enhanced!,Kỹ năng thường đã được tăng cường!,일반 스킬이 강화되었습니다!,Habilidade normal foi fortalecida!,สกิลปกติได้รับการเสริมพลัง!,1,-1,{effort=7;zawakeStage=108;equipStarSum=6;equipAwakeSum=2},-1,{}
254103,2441,,3,{},0.5,小技能获得强化提升!,小技能獲得強化提升！,Minor skill has been enhanced!,Kỹ năng nhỏ đã được tăng cường!,소형 스킬이 강화되었습니다!,Habilidade menor foi aprimorada!,สกิลย่อยได้รับการเสริมพลัง!,1,-1,{star=9;goodFeel=180;zawakeStage=208;advance=15},-1,{}
254104,2441,,4,{},0.5,被动技能获得强化提升!,被動技能獲得強化提升！,Passive skill has been enhanced!,Kỹ năng bị động đã được tăng cường!,패시브 스킬이 강화되었습니다!,Habilidade passiva foi fortalecida!,สกิลพาสซีฟได้รับการเสริมพลัง!,1,-1,{effort=9;equipStarSum=12;zawakeStage=308;nvalueSum=160},-1,{}
254105,2441,,5,{},0.5,属性获得增强,屬性獲得增強,Attribute has been enhanced,Thuộc tính đã được tăng cường,속성이 강화되었습니다,Atributo foi aprimorado,คุณสมบัติได้รับการเสริมพลัง,1,-1,{star=10;goodFeel=260;zawakeStage=408;advance=17},-1,{}
254106,2441,,6,{},0.5,大招技能获得强化提升!,終極技能獲得強化提升！,Ultimate skill has been enhanced!,Kỹ năng tối thượng đã được tăng cường!,궁극 스킬이 강화되었습니다!,Habilidade suprema foi fortalecida!,สกิลอัลติเมตได้รับการเสริมพลัง!,1,-1,{effort=11;zawakeStage=508;equipStarSum=18;equipAwakeSum=6},-1,{}
254107,2441,,7,{},0.5,属性获得增强,屬性獲得增強,Attribute has been enhanced,Thuộc tính đã được tăng cường,속성이 강화되었습니다,Atributo foi aprimorado,คุณสมบัติได้รับการเสริมพลัง,1,-1,{star=11;goodFeel=350;zawakeStage=608;advance=19},-1,{}
254108,2441,,8,{},0.5,属性获得增强,屬性獲得增強,Attribute has been enhanced,Thuộc tính đã được tăng cường,속성이 강화되었습니다,Atributo foi aprimorado,คุณสมบัติได้รับการเสริมพลัง,1,-1,{effort=13;equipStarSum=24;zawakeStage=708;nvalueSum=160},-1,{}
256101,2461,,1,{},0.5,属性获得增强,屬性獲得增強,Attribute has been enhanced,Thuộc tính đã được tăng cường,속성이 강화되었습니다,Atributo foi aprimorado,คุณสมบัติได้รับการเสริมพลัง,1,-1,{star=8;advance=13;goodFeel=100},-1,{}
256102,2461,,2,{},0.5,普攻技能获得强化提升!,普攻技能獲得強化提升！,Normal skill has been enhanced!,Kỹ năng thường đã được tăng cường!,일반 스킬이 강화되었습니다!,Habilidade normal foi fortalecida!,สกิลปกติได้รับการเสริมพลัง!,1,-1,{effort=7;zawakeStage=108;equipStarSum=6;equipAwakeSum=2},-1,{}
256103,2461,,3,{},0.5,小技能获得强化提升!,小技能獲得強化提升！,Minor skill has been enhanced!,Kỹ năng nhỏ đã được tăng cường!,소형 스킬이 강화되었습니다!,Habilidade menor foi aprimorada!,สกิลย่อยได้รับการเสริมพลัง!,1,-1,{star=9;goodFeel=180;zawakeStage=208;advance=15},-1,{}
256104,2461,,4,{},0.5,被动技能获得强化提升!,被動技能獲得強化提升！,Passive skill has been enhanced!,Kỹ năng bị động đã được tăng cường!,패시브 스킬이 강화되었습니다!,Habilidade passiva foi fortalecida!,สกิลพาสซีฟได้รับการเสริมพลัง!,1,-1,{effort=9;equipStarSum=12;zawakeStage=308;nvalueSum=160},-1,{}
256105,2461,,5,{},0.5,属性获得增强,屬性獲得增強,Attribute has been enhanced,Thuộc tính đã được tăng cường,속성이 강화되었습니다,Atributo foi aprimorado,คุณสมบัติได้รับการเสริมพลัง,1,-1,{star=10;goodFeel=260;zawakeStage=408;advance=17},-1,{}
256106,2461,,6,{},0.5,大招技能获得强化提升!,終極技能獲得強化提升！,Ultimate skill has been enhanced!,Kỹ năng tối thượng đã được tăng cường!,궁극 스킬이 강화되었습니다!,Habilidade suprema foi fortalecida!,สกิลอัลติเมตได้รับการเสริมพลัง!,1,-1,{effort=11;zawakeStage=508;equipStarSum=18;equipAwakeSum=6},-1,{}
256107,2461,,7,{},0.5,属性获得增强,屬性獲得增強,Attribute has been enhanced,Thuộc tính đã được tăng cường,속성이 강화되었습니다,Atributo foi aprimorado,คุณสมบัติได้รับการเสริมพลัง,1,-1,{star=11;goodFeel=350;zawakeStage=608;advance=19},-1,{}
256108,2461,,8,{},0.5,属性获得增强,屬性獲得增強,Attribute has been enhanced,Thuộc tính đã được tăng cường,속성이 강화되었습니다,Atributo foi aprimorado,คุณสมบัติได้รับการเสริมพลัง,1,-1,{effort=13;equipStarSum=24;zawakeStage=708;nvalueSum=160},-1,{}
257101,2471,,1,{},0.5,属性获得增强,屬性獲得增強,Attribute has been enhanced,Thuộc tính đã được tăng cường,속성이 강화되었습니다,Atributo foi aprimorado,คุณสมบัติได้รับการเสริมพลัง,1,-1,{star=8;advance=13;goodFeel=100},-1,{}
257102,2471,,2,{},0.5,普攻技能获得强化提升!,普攻技能獲得強化提升！,Normal skill has been enhanced!,Kỹ năng thường đã được tăng cường!,일반 스킬이 강화되었습니다!,Habilidade normal foi fortalecida!,สกิลปกติได้รับการเสริมพลัง!,1,-1,{effort=7;zawakeStage=108;equipStarSum=6;equipAwakeSum=2},-1,{}
257103,2471,,3,{},0.5,小技能获得强化提升!,小技能獲得強化提升！,Minor skill has been enhanced!,Kỹ năng nhỏ đã được tăng cường!,소형 스킬이 강화되었습니다!,Habilidade menor foi aprimorada!,สกิลย่อยได้รับการเสริมพลัง!,1,-1,{star=9;goodFeel=160;zawakeStage=208;advance=15},-1,{}
257104,2471,,4,{},0.5,被动技能获得强化提升!,被動技能獲得強化提升！,Passive skill has been enhanced!,Kỹ năng bị động đã được tăng cường!,패시브 스킬이 강화되었습니다!,Habilidade passiva foi fortalecida!,สกิลพาสซีฟได้รับการเสริมพลัง!,1,-1,{effort=9;equipStarSum=9;zawakeStage=308;nvalueSum=140},-1,{}
257105,2471,,5,{},0.5,属性获得增强,屬性獲得增強,Attribute has been enhanced,Thuộc tính đã được tăng cường,속성이 강화되었습니다,Atributo foi aprimorado,คุณสมบัติได้รับการเสริมพลัง,1,-1,{star=10;goodFeel=220;zawakeStage=408;advance=16},-1,{}
257106,2471,,6,{},0.5,大招技能获得强化提升!,終極技能獲得強化提升！,Ultimate skill has been enhanced!,Kỹ năng tối thượng đã được tăng cường!,궁극 스킬이 강화되었습니다!,Habilidade suprema foi fortalecida!,สกิลอัลติเมตได้รับการเสริมพลัง!,1,-1,{effort=11;zawakeStage=508;equipStarSum=12;equipAwakeSum=4},-1,{}
257107,2471,,7,{},0.5,属性获得增强,屬性獲得增強,Attribute has been enhanced,Thuộc tính đã được tăng cường,속성이 강화되었습니다,Atributo foi aprimorado,คุณสมบัติได้รับการเสริมพลัง,1,-1,{star=11;goodFeel=300;zawakeStage=608;advance=17},-1,{}
257108,2471,,8,{},0.5,属性获得增强,屬性獲得增強,Attribute has been enhanced,Thuộc tính đã được tăng cường,속성이 강화되었습니다,Atributo foi aprimorado,คุณสมบัติได้รับการเสริมพลัง,1,-1,{effort=13;equipStarSum=15;zawakeStage=708;nvalueSum=140},-1,{}
258101,2481,,1,{},0.5,属性获得增强,屬性獲得增強,Attribute has been enhanced,Thuộc tính đã được tăng cường,속성이 강화되었습니다,Atributo foi aprimorado,คุณสมบัติได้รับการเสริมพลัง,1,-1,{star=8;advance=13;goodFeel=100},-1,{}
258102,2481,,2,{},0.5,普攻技能获得强化提升!,普攻技能獲得強化提升！,Normal skill has been enhanced!,Kỹ năng thường đã được tăng cường!,일반 스킬이 강화되었습니다!,Habilidade normal foi fortalecida!,สกิลปกติได้รับการเสริมพลัง!,1,-1,{effort=7;zawakeStage=108;equipStarSum=6;equipAwakeSum=2},-1,{}
258103,2481,,3,{},0.5,小技能获得强化提升!,小技能獲得強化提升！,Minor skill has been enhanced!,Kỹ năng nhỏ đã được tăng cường!,소형 스킬이 강화되었습니다!,Habilidade menor foi aprimorada!,สกิลย่อยได้รับการเสริมพลัง!,1,-1,{star=9;goodFeel=150;zawakeStage=208;advance=14},-1,{}
258104,2481,,4,{},0.5,被动技能获得强化提升!,被動技能獲得強化提升！,Passive skill has been enhanced!,Kỹ năng bị động đã được tăng cường!,패시브 스킬이 강화되었습니다!,Habilidade passiva foi fortalecida!,สกิลพาสซีฟได้รับการเสริมพลัง!,1,-1,{effort=9;equipStarSum=8;zawakeStage=308;nvalueSum=140},-1,{}
258105,2481,,5,{},0.5,属性获得增强,屬性獲得增強,Attribute has been enhanced,Thuộc tính đã được tăng cường,속성이 강화되었습니다,Atributo foi aprimorado,คุณสมบัติได้รับการเสริมพลัง,1,-1,{star=10;goodFeel=200;zawakeStage=408;advance=15},-1,{}
258106,2481,,6,{},0.5,大招技能获得强化提升!,終極技能獲得強化提升！,Ultimate skill has been enhanced!,Kỹ năng tối thượng đã được tăng cường!,궁극 스킬이 강화되었습니다!,Habilidade suprema foi fortalecida!,สกิลอัลติเมตได้รับการเสริมพลัง!,1,-1,{effort=11;zawakeStage=508;equipStarSum=10;equipAwakeSum=4},-1,{}
258107,2481,,7,{},0.5,属性获得增强,屬性獲得增強,Attribute has been enhanced,Thuộc tính đã được tăng cường,속성이 강화되었습니다,Atributo foi aprimorado,คุณสมบัติได้รับการเสริมพลัง,1,-1,{star=11;goodFeel=250;zawakeStage=608;advance=16},-1,{}
258108,2481,,8,{},0.5,属性获得增强,屬性獲得增強,Attribute has been enhanced,Thuộc tính đã được tăng cường,속성이 강화되었습니다,Atributo foi aprimorado,คุณสมบัติได้รับการเสริมพลัง,1,-1,{effort=13;equipStarSum=12;zawakeStage=708;nvalueSum=140},-1,{}
269101,2591,,1,{},0.5,属性获得增强,屬性獲得增強,Attribute has been enhanced,Thuộc tính đã được tăng cường,속성이 강화되었습니다,Atributo foi aprimorado,คุณสมบัติได้รับการเสริมพลัง,1,-1,{star=8;advance=13;goodFeel=100},-1,{}
269102,2591,,2,{},0.5,普攻技能获得强化提升!,普攻技能獲得強化提升！,Normal skill has been enhanced!,Kỹ năng thường đã được tăng cường!,일반 스킬이 강화되었습니다!,Habilidade normal foi fortalecida!,สกิลปกติได้รับการเสริมพลัง!,1,-1,{effort=7;zawakeStage=108;equipStarSum=6;equipAwakeSum=2},-1,{}
269103,2591,,3,{},0.5,小技能获得强化提升!,小技能獲得強化提升！,Minor skill has been enhanced!,Kỹ năng nhỏ đã được tăng cường!,소형 스킬이 강화되었습니다!,Habilidade menor foi aprimorada!,สกิลย่อยได้รับการเสริมพลัง!,1,-1,{star=9;goodFeel=150;zawakeStage=208;advance=14},-1,{}
269104,2591,,4,{},0.5,被动技能获得强化提升!,被動技能獲得強化提升！,Passive skill has been enhanced!,Kỹ năng bị động đã được tăng cường!,패시브 스킬이 강화되었습니다!,Habilidade passiva foi fortalecida!,สกิลพาสซีฟได้รับการเสริมพลัง!,1,-1,{effort=9;equipStarSum=8;zawakeStage=308;nvalueSum=140},-1,{}
269105,2591,,5,{},0.5,属性获得增强,屬性獲得增強,Attribute has been enhanced,Thuộc tính đã được tăng cường,속성이 강화되었습니다,Atributo foi aprimorado,คุณสมบัติได้รับการเสริมพลัง,1,-1,{star=10;goodFeel=200;zawakeStage=408;advance=15},-1,{}
269106,2591,,6,{},0.5,大招技能获得强化提升!,終極技能獲得強化提升！,Ultimate skill has been enhanced!,Kỹ năng tối thượng đã được tăng cường!,궁극 스킬이 강화되었습니다!,Habilidade suprema foi fortalecida!,สกิลอัลติเมตได้รับการเสริมพลัง!,1,-1,{effort=11;zawakeStage=508;equipStarSum=10;equipAwakeSum=4},-1,{}
269107,2591,,7,{},0.5,属性获得增强,屬性獲得增強,Attribute has been enhanced,Thuộc tính đã được tăng cường,속성이 강화되었습니다,Atributo foi aprimorado,คุณสมบัติได้รับการเสริมพลัง,1,-1,{star=11;goodFeel=250;zawakeStage=608;advance=16},-1,{}
269108,2591,,8,{},0.5,属性获得增强,屬性獲得增強,Attribute has been enhanced,Thuộc tính đã được tăng cường,속성이 강화되었습니다,Atributo foi aprimorado,คุณสมบัติได้รับการเสริมพลัง,1,-1,{effort=13;equipStarSum=12;zawakeStage=708;nvalueSum=140},-1,{}
271101,2611,,1,{},0.5,属性获得增强,屬性獲得增強,Attribute has been enhanced,Thuộc tính đã được tăng cường,속성이 강화되었습니다,Atributo foi aprimorado,คุณสมบัติได้รับการเสริมพลัง,1,-1,{star=8;advance=13;goodFeel=100},-1,{}
271102,2611,,2,{},0.5,普攻技能获得强化提升!,普攻技能獲得強化提升！,Normal skill has been enhanced!,Kỹ năng thường đã được tăng cường!,일반 스킬이 강화되었습니다!,Habilidade normal foi fortalecida!,สกิลปกติได้รับการเสริมพลัง!,1,-1,{effort=7;zawakeStage=108;equipStarSum=6;equipAwakeSum=2},-1,{}
271103,2611,,3,{},0.5,小技能获得强化提升!,小技能獲得強化提升！,Minor skill has been enhanced!,Kỹ năng nhỏ đã được tăng cường!,소형 스킬이 강화되었습니다!,Habilidade menor foi aprimorada!,สกิลย่อยได้รับการเสริมพลัง!,1,-1,{star=9;goodFeel=150;zawakeStage=208;advance=14},-1,{}
271104,2611,,4,{},0.5,被动技能获得强化提升!,被動技能獲得強化提升！,Passive skill has been enhanced!,Kỹ năng bị động đã được tăng cường!,패시브 스킬이 강화되었습니다!,Habilidade passiva foi fortalecida!,สกิลพาสซีฟได้รับการเสริมพลัง!,1,-1,{effort=9;equipStarSum=8;zawakeStage=308;nvalueSum=140},-1,{}
271105,2611,,5,{},0.5,属性获得增强,屬性獲得增強,Attribute has been enhanced,Thuộc tính đã được tăng cường,속성이 강화되었습니다,Atributo foi aprimorado,คุณสมบัติได้รับการเสริมพลัง,1,-1,{star=10;goodFeel=200;zawakeStage=408;advance=15},-1,{}
271106,2611,,6,{},0.5,大招技能获得强化提升!,終極技能獲得強化提升！,Ultimate skill has been enhanced!,Kỹ năng tối thượng đã được tăng cường!,궁극 스킬이 강화되었습니다!,Habilidade suprema foi fortalecida!,สกิลอัลติเมตได้รับการเสริมพลัง!,1,-1,{effort=11;zawakeStage=508;equipStarSum=10;equipAwakeSum=4},-1,{}
271107,2611,,7,{},0.5,属性获得增强,屬性獲得增強,Attribute has been enhanced,Thuộc tính đã được tăng cường,속성이 강화되었습니다,Atributo foi aprimorado,คุณสมบัติได้รับการเสริมพลัง,1,-1,{star=11;goodFeel=250;zawakeStage=608;advance=16},-1,{}
271108,2611,,8,{},0.5,属性获得增强,屬性獲得增強,Attribute has been enhanced,Thuộc tính đã được tăng cường,속성이 강화되었습니다,Atributo foi aprimorado,คุณสมบัติได้รับการเสริมพลัง,1,-1,{effort=13;equipStarSum=12;zawakeStage=708;nvalueSum=140},-1,{}
273101,2631,,1,{},0.5,属性获得增强,屬性獲得增強,Attribute has been enhanced,Thuộc tính đã được tăng cường,속성이 강화되었습니다,Atributo foi aprimorado,คุณสมบัติได้รับการเสริมพลัง,1,-1,{star=8;advance=13;goodFeel=100},-1,{}
273102,2631,,2,{},0.5,普攻技能获得强化提升!,普攻技能獲得強化提升！,Normal skill has been enhanced!,Kỹ năng thường đã được tăng cường!,일반 스킬이 강화되었습니다!,Habilidade normal foi fortalecida!,สกิลปกติได้รับการเสริมพลัง!,1,-1,{effort=7;zawakeStage=108;equipStarSum=6;equipAwakeSum=2},-1,{}
273103,2631,,3,{},0.5,小技能获得强化提升!,小技能獲得強化提升！,Minor skill has been enhanced!,Kỹ năng nhỏ đã được tăng cường!,소형 스킬이 강화되었습니다!,Habilidade menor foi aprimorada!,สกิลย่อยได้รับการเสริมพลัง!,1,-1,{star=9;goodFeel=150;zawakeStage=208;advance=14},-1,{}
273104,2631,,4,{},0.5,被动技能获得强化提升!,被動技能獲得強化提升！,Passive skill has been enhanced!,Kỹ năng bị động đã được tăng cường!,패시브 스킬이 강화되었습니다!,Habilidade passiva foi fortalecida!,สกิลพาสซีฟได้รับการเสริมพลัง!,1,-1,{effort=9;equipStarSum=8;zawakeStage=308;nvalueSum=140},-1,{}
273105,2631,,5,{},0.5,属性获得增强,屬性獲得增強,Attribute has been enhanced,Thuộc tính đã được tăng cường,속성이 강화되었습니다,Atributo foi aprimorado,คุณสมบัติได้รับการเสริมพลัง,1,-1,{star=10;goodFeel=200;zawakeStage=408;advance=15},-1,{}
273106,2631,,6,{},0.5,大招技能获得强化提升!,終極技能獲得強化提升！,Ultimate skill has been enhanced!,Kỹ năng tối thượng đã được tăng cường!,궁극 스킬이 강화되었습니다!,Habilidade suprema foi fortalecida!,สกิลอัลติเมตได้รับการเสริมพลัง!,1,-1,{effort=11;zawakeStage=508;equipStarSum=10;equipAwakeSum=4},-1,{}
273107,2631,,7,{},0.5,属性获得增强,屬性獲得增強,Attribute has been enhanced,Thuộc tính đã được tăng cường,속성이 강화되었습니다,Atributo foi aprimorado,คุณสมบัติได้รับการเสริมพลัง,1,-1,{star=11;goodFeel=250;zawakeStage=608;advance=16},-1,{}
273108,2631,,8,{},0.5,属性获得增强,屬性獲得增強,Attribute has been enhanced,Thuộc tính đã được tăng cường,속성이 강화되었습니다,Atributo foi aprimorado,คุณสมบัติได้รับการเสริมพลัง,1,-1,{effort=13;equipStarSum=12;zawakeStage=708;nvalueSum=140},-1,{}
278101,2681,,1,{},0.5,属性获得增强,屬性獲得增強,Attribute has been enhanced,Thuộc tính đã được tăng cường,속성이 강화되었습니다,Atributo foi aprimorado,คุณสมบัติได้รับการเสริมพลัง,1,-1,{star=8;advance=13;goodFeel=100},-1,{}
278102,2681,,2,{},0.5,普攻技能获得强化提升!,普攻技能獲得強化提升！,Normal skill has been enhanced!,Kỹ năng thường đã được tăng cường!,일반 스킬이 강화되었습니다!,Habilidade normal foi fortalecida!,สกิลปกติได้รับการเสริมพลัง!,1,-1,{effort=7;zawakeStage=108;equipStarSum=6;equipAwakeSum=2},-1,{}
278103,2681,,3,{},0.5,小技能获得强化提升!,小技能獲得強化提升！,Minor skill has been enhanced!,Kỹ năng nhỏ đã được tăng cường!,소형 스킬이 강화되었습니다!,Habilidade menor foi aprimorada!,สกิลย่อยได้รับการเสริมพลัง!,1,-1,{star=9;goodFeel=150;zawakeStage=208;advance=14},-1,{}
278104,2681,,4,{},0.5,被动技能获得强化提升!,被動技能獲得強化提升！,Passive skill has been enhanced!,Kỹ năng bị động đã được tăng cường!,패시브 스킬이 강화되었습니다!,Habilidade passiva foi fortalecida!,สกิลพาสซีฟได้รับการเสริมพลัง!,1,-1,{effort=9;equipStarSum=8;zawakeStage=308;nvalueSum=140},-1,{}
278105,2681,,5,{},0.5,属性获得增强,屬性獲得增強,Attribute has been enhanced,Thuộc tính đã được tăng cường,속성이 강화되었습니다,Atributo foi aprimorado,คุณสมบัติได้รับการเสริมพลัง,1,-1,{star=10;goodFeel=200;zawakeStage=408;advance=15},-1,{}
278106,2681,,6,{},0.5,大招技能获得强化提升!,終極技能獲得強化提升！,Ultimate skill has been enhanced!,Kỹ năng tối thượng đã được tăng cường!,궁극 스킬이 강화되었습니다!,Habilidade suprema foi fortalecida!,สกิลอัลติเมตได้รับการเสริมพลัง!,1,-1,{effort=11;zawakeStage=508;equipStarSum=10;equipAwakeSum=4},-1,{}
278107,2681,,7,{},0.5,属性获得增强,屬性獲得增強,Attribute has been enhanced,Thuộc tính đã được tăng cường,속성이 강화되었습니다,Atributo foi aprimorado,คุณสมบัติได้รับการเสริมพลัง,1,-1,{star=11;goodFeel=250;zawakeStage=608;advance=16},-1,{}
278108,2681,,8,{},0.5,属性获得增强,屬性獲得增強,Attribute has been enhanced,Thuộc tính đã được tăng cường,속성이 강화되었습니다,Atributo foi aprimorado,คุณสมบัติได้รับการเสริมพลัง,1,-1,{effort=13;equipStarSum=12;zawakeStage=708;nvalueSum=140},-1,{}
282101,2721,,1,{},0.5,属性获得增强,屬性獲得增強,Attribute has been enhanced,Thuộc tính đã được tăng cường,속성이 강화되었습니다,Atributo foi aprimorado,คุณสมบัติได้รับการเสริมพลัง,1,-1,{star=8;advance=13;goodFeel=100},-1,{}
282102,2721,,2,{},0.5,普攻技能获得强化提升!,普攻技能獲得強化提升！,Normal skill has been enhanced!,Kỹ năng thường đã được tăng cường!,일반 스킬이 강화되었습니다!,Habilidade normal foi fortalecida!,สกิลปกติได้รับการเสริมพลัง!,1,-1,{effort=7;zawakeStage=108;equipStarSum=6;equipAwakeSum=2},-1,{}
282103,2721,,3,{},0.5,小技能获得强化提升!,小技能獲得強化提升！,Minor skill has been enhanced!,Kỹ năng nhỏ đã được tăng cường!,소형 스킬이 강화되었습니다!,Habilidade menor foi aprimorada!,สกิลย่อยได้รับการเสริมพลัง!,1,-1,{star=9;goodFeel=160;zawakeStage=208;advance=15},-1,{}
282104,2721,,4,{},0.5,被动技能获得强化提升!,被動技能獲得強化提升！,Passive skill has been enhanced!,Kỹ năng bị động đã được tăng cường!,패시브 스킬이 강화되었습니다!,Habilidade passiva foi fortalecida!,สกิลพาสซีฟได้รับการเสริมพลัง!,1,-1,{effort=9;equipStarSum=9;zawakeStage=308;nvalueSum=140},-1,{}
282105,2721,,5,{},0.5,属性获得增强,屬性獲得增強,Attribute has been enhanced,Thuộc tính đã được tăng cường,속성이 강화되었습니다,Atributo foi aprimorado,คุณสมบัติได้รับการเสริมพลัง,1,-1,{star=10;goodFeel=220;zawakeStage=408;advance=16},-1,{}
282106,2721,,6,{},0.5,大招技能获得强化提升!,終極技能獲得強化提升！,Ultimate skill has been enhanced!,Kỹ năng tối thượng đã được tăng cường!,궁극 스킬이 강화되었습니다!,Habilidade suprema foi fortalecida!,สกิลอัลติเมตได้รับการเสริมพลัง!,1,-1,{effort=11;zawakeStage=508;equipStarSum=12;equipAwakeSum=4},-1,{}
282107,2721,,7,{},0.5,属性获得增强,屬性獲得增強,Attribute has been enhanced,Thuộc tính đã được tăng cường,속성이 강화되었습니다,Atributo foi aprimorado,คุณสมบัติได้รับการเสริมพลัง,1,-1,{star=11;goodFeel=300;zawakeStage=608;advance=17},-1,{}
282108,2721,,8,{},0.5,属性获得增强,屬性獲得增強,Attribute has been enhanced,Thuộc tính đã được tăng cường,속성이 강화되었습니다,Atributo foi aprimorado,คุณสมบัติได้รับการเสริมพลัง,1,-1,{effort=13;equipStarSum=15;zawakeStage=708;nvalueSum=140},-1,{}
292101,2821,,1,{},0.5,属性获得增强,屬性獲得增強,Attribute has been enhanced,Thuộc tính đã được tăng cường,속성이 강화되었습니다,Atributo foi aprimorado,คุณสมบัติได้รับการเสริมพลัง,1,-1,{star=8;advance=13;goodFeel=100},-1,{}
292102,2821,,2,{},0.5,普攻技能获得强化提升!,普攻技能獲得強化提升！,Normal skill has been enhanced!,Kỹ năng thường đã được tăng cường!,일반 스킬이 강화되었습니다!,Habilidade normal foi fortalecida!,สกิลปกติได้รับการเสริมพลัง!,1,-1,{effort=7;zawakeStage=108;equipStarSum=6;equipAwakeSum=2},-1,{}
292103,2821,,3,{},0.5,小技能获得强化提升!,小技能獲得強化提升！,Minor skill has been enhanced!,Kỹ năng nhỏ đã được tăng cường!,소형 스킬이 강화되었습니다!,Habilidade menor foi aprimorada!,สกิลย่อยได้รับการเสริมพลัง!,1,-1,{star=9;goodFeel=160;zawakeStage=208;advance=15},-1,{}
292104,2821,,4,{},0.5,被动技能获得强化提升!,被動技能獲得強化提升！,Passive skill has been enhanced!,Kỹ năng bị động đã được tăng cường!,패시브 스킬이 강화되었습니다!,Habilidade passiva foi fortalecida!,สกิลพาสซีฟได้รับการเสริมพลัง!,1,-1,{effort=9;equipStarSum=9;zawakeStage=308;nvalueSum=140},-1,{}
292105,2821,,5,{},0.5,属性获得增强,屬性獲得增強,Attribute has been enhanced,Thuộc tính đã được tăng cường,속성이 강화되었습니다,Atributo foi aprimorado,คุณสมบัติได้รับการเสริมพลัง,1,-1,{star=10;goodFeel=220;zawakeStage=408;advance=16},-1,{}
292106,2821,,6,{},0.5,大招技能获得强化提升!,終極技能獲得強化提升！,Ultimate skill has been enhanced!,Kỹ năng tối thượng đã được tăng cường!,궁극 스킬이 강화되었습니다!,Habilidade suprema foi fortalecida!,สกิลอัลติเมตได้รับการเสริมพลัง!,1,-1,{effort=11;zawakeStage=508;equipStarSum=12;equipAwakeSum=4},-1,{}
292107,2821,,7,{},0.5,属性获得增强,屬性獲得增強,Attribute has been enhanced,Thuộc tính đã được tăng cường,속성이 강화되었습니다,Atributo foi aprimorado,คุณสมบัติได้รับการเสริมพลัง,1,-1,{star=11;goodFeel=300;zawakeStage=608;advance=17},-1,{}
292108,2821,,8,{},0.5,属性获得增强,屬性獲得增強,Attribute has been enhanced,Thuộc tính đã được tăng cường,속성이 강화되었습니다,Atributo foi aprimorado,คุณสมบัติได้รับการเสริมพลัง,1,-1,{effort=13;equipStarSum=15;zawakeStage=708;nvalueSum=140},-1,{}
293101,2831,,1,{},0.5,属性获得增强,屬性獲得增強,Attribute has been enhanced,Thuộc tính đã được tăng cường,속성이 강화되었습니다,Atributo foi aprimorado,คุณสมบัติได้รับการเสริมพลัง,1,-1,{star=8;advance=13;goodFeel=100},-1,{}
293102,2831,,2,{},0.5,普攻技能获得强化提升!,普攻技能獲得強化提升！,Normal skill has been enhanced!,Kỹ năng thường đã được tăng cường!,일반 스킬이 강화되었습니다!,Habilidade normal foi fortalecida!,สกิลปกติได้รับการเสริมพลัง!,1,-1,{effort=7;zawakeStage=108;equipStarSum=6;equipAwakeSum=2},-1,{}
293103,2831,,3,{},0.5,小技能获得强化提升!,小技能獲得強化提升！,Minor skill has been enhanced!,Kỹ năng nhỏ đã được tăng cường!,소형 스킬이 강화되었습니다!,Habilidade menor foi aprimorada!,สกิลย่อยได้รับการเสริมพลัง!,1,-1,{star=9;goodFeel=150;zawakeStage=208;advance=14},-1,{}
293104,2831,,4,{},0.5,被动技能获得强化提升!,被動技能獲得強化提升！,Passive skill has been enhanced!,Kỹ năng bị động đã được tăng cường!,패시브 스킬이 강화되었습니다!,Habilidade passiva foi fortalecida!,สกิลพาสซีฟได้รับการเสริมพลัง!,1,-1,{effort=9;equipStarSum=8;zawakeStage=308;nvalueSum=140},-1,{}
293105,2831,,5,{},0.5,属性获得增强,屬性獲得增強,Attribute has been enhanced,Thuộc tính đã được tăng cường,속성이 강화되었습니다,Atributo foi aprimorado,คุณสมบัติได้รับการเสริมพลัง,1,-1,{star=10;goodFeel=200;zawakeStage=408;advance=15},-1,{}
293106,2831,,6,{},0.5,大招技能获得强化提升!,終極技能獲得強化提升！,Ultimate skill has been enhanced!,Kỹ năng tối thượng đã được tăng cường!,궁극 스킬이 강화되었습니다!,Habilidade suprema foi fortalecida!,สกิลอัลติเมตได้รับการเสริมพลัง!,1,-1,{effort=11;zawakeStage=508;equipStarSum=10;equipAwakeSum=4},-1,{}
293107,2831,,7,{},0.5,属性获得增强,屬性獲得增強,Attribute has been enhanced,Thuộc tính đã được tăng cường,속성이 강화되었습니다,Atributo foi aprimorado,คุณสมบัติได้รับการเสริมพลัง,1,-1,{star=11;goodFeel=250;zawakeStage=608;advance=16},-1,{}
293108,2831,,8,{},0.5,属性获得增强,屬性獲得增強,Attribute has been enhanced,Thuộc tính đã được tăng cường,속성이 강화되었습니다,Atributo foi aprimorado,คุณสมบัติได้รับการเสริมพลัง,1,-1,{effort=13;equipStarSum=12;zawakeStage=708;nvalueSum=140},-1,{}
294101,2841,,1,{},0.5,属性获得增强,屬性獲得增強,Attribute has been enhanced,Thuộc tính đã được tăng cường,속성이 강화되었습니다,Atributo foi aprimorado,คุณสมบัติได้รับการเสริมพลัง,1,-1,{star=8;advance=13;goodFeel=100},-1,{}
294102,2841,,2,{},0.5,普攻技能获得强化提升!,普攻技能獲得強化提升！,Normal skill has been enhanced!,Kỹ năng thường đã được tăng cường!,일반 스킬이 강화되었습니다!,Habilidade normal foi fortalecida!,สกิลปกติได้รับการเสริมพลัง!,1,-1,{effort=7;zawakeStage=108;equipStarSum=6;equipAwakeSum=2},-1,{}
294103,2841,,3,{},0.5,小技能获得强化提升!,小技能獲得強化提升！,Minor skill has been enhanced!,Kỹ năng nhỏ đã được tăng cường!,소형 스킬이 강화되었습니다!,Habilidade menor foi aprimorada!,สกิลย่อยได้รับการเสริมพลัง!,1,-1,{star=9;goodFeel=150;zawakeStage=208;advance=14},-1,{}
294104,2841,,4,{},0.5,被动技能获得强化提升!,被動技能獲得強化提升！,Passive skill has been enhanced!,Kỹ năng bị động đã được tăng cường!,패시브 스킬이 강화되었습니다!,Habilidade passiva foi fortalecida!,สกิลพาสซีฟได้รับการเสริมพลัง!,1,-1,{effort=9;equipStarSum=8;zawakeStage=308;nvalueSum=140},-1,{}
294105,2841,,5,{},0.5,属性获得增强,屬性獲得增強,Attribute has been enhanced,Thuộc tính đã được tăng cường,속성이 강화되었습니다,Atributo foi aprimorado,คุณสมบัติได้รับการเสริมพลัง,1,-1,{star=10;goodFeel=200;zawakeStage=408;advance=15},-1,{}
294106,2841,,6,{},0.5,大招技能获得强化提升!,終極技能獲得強化提升！,Ultimate skill has been enhanced!,Kỹ năng tối thượng đã được tăng cường!,궁극 스킬이 강화되었습니다!,Habilidade suprema foi fortalecida!,สกิลอัลติเมตได้รับการเสริมพลัง!,1,-1,{effort=11;zawakeStage=508;equipStarSum=10;equipAwakeSum=4},-1,{}
294107,2841,,7,{},0.5,属性获得增强,屬性獲得增強,Attribute has been enhanced,Thuộc tính đã được tăng cường,속성이 강화되었습니다,Atributo foi aprimorado,คุณสมบัติได้รับการเสริมพลัง,1,-1,{star=11;goodFeel=250;zawakeStage=608;advance=16},-1,{}
294108,2841,,8,{},0.5,属性获得增强,屬性獲得增強,Attribute has been enhanced,Thuộc tính đã được tăng cường,속성이 강화되었습니다,Atributo foi aprimorado,คุณสมบัติได้รับการเสริมพลัง,1,-1,{effort=13;equipStarSum=12;zawakeStage=708;nvalueSum=140},-1,{}
297101,2871,,1,{},0.5,属性获得增强,屬性獲得增強,Attribute has been enhanced,Thuộc tính đã được tăng cường,속성이 강화되었습니다,Atributo foi aprimorado,คุณสมบัติได้รับการเสริมพลัง,1,-1,{star=8;advance=13;goodFeel=100},-1,{}
297102,2871,,2,{},0.5,普攻技能获得强化提升!,普攻技能獲得強化提升！,Normal skill has been enhanced!,Kỹ năng thường đã được tăng cường!,일반 스킬이 강화되었습니다!,Habilidade normal foi fortalecida!,สกิลปกติได้รับการเสริมพลัง!,1,-1,{effort=7;zawakeStage=108;equipStarSum=6;equipAwakeSum=2},-1,{}
297103,2871,,3,{},0.5,小技能获得强化提升!,小技能獲得強化提升！,Minor skill has been enhanced!,Kỹ năng nhỏ đã được tăng cường!,소형 스킬이 강화되었습니다!,Habilidade menor foi aprimorada!,สกิลย่อยได้รับการเสริมพลัง!,1,-1,{star=9;goodFeel=150;zawakeStage=208;advance=14},-1,{}
297104,2871,,4,{},0.5,被动技能获得强化提升!,被動技能獲得強化提升！,Passive skill has been enhanced!,Kỹ năng bị động đã được tăng cường!,패시브 스킬이 강화되었습니다!,Habilidade passiva foi fortalecida!,สกิลพาสซีฟได้รับการเสริมพลัง!,1,-1,{effort=9;equipStarSum=8;zawakeStage=308;nvalueSum=140},-1,{}
297105,2871,,5,{},0.5,属性获得增强,屬性獲得增強,Attribute has been enhanced,Thuộc tính đã được tăng cường,속성이 강화되었습니다,Atributo foi aprimorado,คุณสมบัติได้รับการเสริมพลัง,1,-1,{star=10;goodFeel=200;zawakeStage=408;advance=15},-1,{}
297106,2871,,6,{},0.5,大招技能获得强化提升!,終極技能獲得強化提升！,Ultimate skill has been enhanced!,Kỹ năng tối thượng đã được tăng cường!,궁극 스킬이 강화되었습니다!,Habilidade suprema foi fortalecida!,สกิลอัลติเมตได้รับการเสริมพลัง!,1,-1,{effort=11;zawakeStage=508;equipStarSum=10;equipAwakeSum=4},-1,{}
297107,2871,,7,{},0.5,属性获得增强,屬性獲得增強,Attribute has been enhanced,Thuộc tính đã được tăng cường,속성이 강화되었습니다,Atributo foi aprimorado,คุณสมบัติได้รับการเสริมพลัง,1,-1,{star=11;goodFeel=250;zawakeStage=608;advance=16},-1,{}
297108,2871,,8,{},0.5,属性获得增强,屬性獲得增強,Attribute has been enhanced,Thuộc tính đã được tăng cường,속성이 강화되었습니다,Atributo foi aprimorado,คุณสมบัติได้รับการเสริมพลัง,1,-1,{effort=13;equipStarSum=12;zawakeStage=708;nvalueSum=140},-1,{}
299101,2891,,1,{},0.5,属性获得增强,屬性獲得增強,Attribute has been enhanced,Thuộc tính đã được tăng cường,속성이 강화되었습니다,Atributo foi aprimorado,คุณสมบัติได้รับการเสริมพลัง,1,-1,{star=8;advance=13;goodFeel=100},-1,{}
299102,2891,,2,{},0.5,普攻技能获得强化提升!,普攻技能獲得強化提升！,Normal skill has been enhanced!,Kỹ năng thường đã được tăng cường!,일반 스킬이 강화되었습니다!,Habilidade normal foi fortalecida!,สกิลปกติได้รับการเสริมพลัง!,1,-1,{effort=7;zawakeStage=108;equipStarSum=6;equipAwakeSum=2},-1,{}
299103,2891,,3,{},0.5,小技能获得强化提升!,小技能獲得強化提升！,Minor skill has been enhanced!,Kỹ năng nhỏ đã được tăng cường!,소형 스킬이 강화되었습니다!,Habilidade menor foi aprimorada!,สกิลย่อยได้รับการเสริมพลัง!,1,-1,{star=9;goodFeel=150;zawakeStage=208;advance=14},-1,{}
299104,2891,,4,{},0.5,被动技能获得强化提升!,被動技能獲得強化提升！,Passive skill has been enhanced!,Kỹ năng bị động đã được tăng cường!,패시브 스킬이 강화되었습니다!,Habilidade passiva foi fortalecida!,สกิลพาสซีฟได้รับการเสริมพลัง!,1,-1,{effort=9;equipStarSum=8;zawakeStage=308;nvalueSum=140},-1,{}
299105,2891,,5,{},0.5,属性获得增强,屬性獲得增強,Attribute has been enhanced,Thuộc tính đã được tăng cường,속성이 강화되었습니다,Atributo foi aprimorado,คุณสมบัติได้รับการเสริมพลัง,1,-1,{star=10;goodFeel=200;zawakeStage=408;advance=15},-1,{}
299106,2891,,6,{},0.5,大招技能获得强化提升!,終極技能獲得強化提升！,Ultimate skill has been enhanced!,Kỹ năng tối thượng đã được tăng cường!,궁극 스킬이 강화되었습니다!,Habilidade suprema foi fortalecida!,สกิลอัลติเมตได้รับการเสริมพลัง!,1,-1,{effort=11;zawakeStage=508;equipStarSum=10;equipAwakeSum=4},-1,{}
299107,2891,,7,{},0.5,属性获得增强,屬性獲得增強,Attribute has been enhanced,Thuộc tính đã được tăng cường,속성이 강화되었습니다,Atributo foi aprimorado,คุณสมบัติได้รับการเสริมพลัง,1,-1,{star=11;goodFeel=250;zawakeStage=608;advance=16},-1,{}
299108,2891,,8,{},0.5,属性获得增强,屬性獲得增強,Attribute has been enhanced,Thuộc tính đã được tăng cường,속성이 강화되었습니다,Atributo foi aprimorado,คุณสมบัติได้รับการเสริมพลัง,1,-1,{effort=13;equipStarSum=12;zawakeStage=708;nvalueSum=140},-1,{}
302101,2921,,1,{},0.5,属性获得增强,屬性獲得增強,Attribute has been enhanced,Thuộc tính đã được tăng cường,속성이 강화되었습니다,Atributo foi aprimorado,คุณสมบัติได้รับการเสริมพลัง,1,-1,{star=8;advance=13;goodFeel=100},-1,{}
302102,2921,,2,{},0.5,普攻技能获得强化提升!,普攻技能獲得強化提升！,Normal skill has been enhanced!,Kỹ năng thường đã được tăng cường!,일반 스킬이 강화되었습니다!,Habilidade normal foi fortalecida!,สกิลปกติได้รับการเสริมพลัง!,1,-1,{effort=7;zawakeStage=108;equipStarSum=6;equipAwakeSum=2},-1,{}
302103,2921,,3,{},0.5,小技能获得强化提升!,小技能獲得強化提升！,Minor skill has been enhanced!,Kỹ năng nhỏ đã được tăng cường!,소형 스킬이 강화되었습니다!,Habilidade menor foi aprimorada!,สกิลย่อยได้รับการเสริมพลัง!,1,-1,{star=9;goodFeel=150;zawakeStage=208;advance=14},-1,{}
302104,2921,,4,{},0.5,被动技能获得强化提升!,被動技能獲得強化提升！,Passive skill has been enhanced!,Kỹ năng bị động đã được tăng cường!,패시브 스킬이 강화되었습니다!,Habilidade passiva foi fortalecida!,สกิลพาสซีฟได้รับการเสริมพลัง!,1,-1,{effort=9;equipStarSum=8;zawakeStage=308;nvalueSum=140},-1,{}
302105,2921,,5,{},0.5,属性获得增强,屬性獲得增強,Attribute has been enhanced,Thuộc tính đã được tăng cường,속성이 강화되었습니다,Atributo foi aprimorado,คุณสมบัติได้รับการเสริมพลัง,1,-1,{star=10;goodFeel=200;zawakeStage=408;advance=15},-1,{}
302106,2921,,6,{},0.5,大招技能获得强化提升!,終極技能獲得強化提升！,Ultimate skill has been enhanced!,Kỹ năng tối thượng đã được tăng cường!,궁극 스킬이 강화되었습니다!,Habilidade suprema foi fortalecida!,สกิลอัลติเมตได้รับการเสริมพลัง!,1,-1,{effort=11;zawakeStage=508;equipStarSum=10;equipAwakeSum=4},-1,{}
302107,2921,,7,{},0.5,属性获得增强,屬性獲得增強,Attribute has been enhanced,Thuộc tính đã được tăng cường,속성이 강화되었습니다,Atributo foi aprimorado,คุณสมบัติได้รับการเสริมพลัง,1,-1,{star=11;goodFeel=250;zawakeStage=608;advance=16},-1,{}
302108,2921,,8,{},0.5,属性获得增强,屬性獲得增強,Attribute has been enhanced,Thuộc tính đã được tăng cường,속성이 강화되었습니다,Atributo foi aprimorado,คุณสมบัติได้รับการเสริมพลัง,1,-1,{effort=13;equipStarSum=12;zawakeStage=708;nvalueSum=140},-1,{}
302201,2922,,1,{},0.5,属性获得增强,屬性獲得增強,Attribute has been enhanced,Thuộc tính đã được tăng cường,속성이 강화되었습니다,Atributo foi aprimorado,คุณสมบัติได้รับการเสริมพลัง,1,-1,{star=8;advance=13;goodFeel=100},-1,{}
302202,2922,,2,{},0.5,普攻技能获得强化提升!,普攻技能獲得強化提升！,Normal skill has been enhanced!,Kỹ năng thường đã được tăng cường!,일반 스킬이 강화되었습니다!,Habilidade normal foi fortalecida!,สกิลปกติได้รับการเสริมพลัง!,1,-1,{effort=7;zawakeStage=108;equipStarSum=6;equipAwakeSum=2},-1,{}
302203,2922,,3,{},0.5,小技能获得强化提升!,小技能獲得強化提升！,Minor skill has been enhanced!,Kỹ năng nhỏ đã được tăng cường!,소형 스킬이 강화되었습니다!,Habilidade menor foi aprimorada!,สกิลย่อยได้รับการเสริมพลัง!,1,-1,{star=9;goodFeel=150;zawakeStage=208;advance=14},-1,{}
302204,2922,,4,{},0.5,被动技能获得强化提升!,被動技能獲得強化提升！,Passive skill has been enhanced!,Kỹ năng bị động đã được tăng cường!,패시브 스킬이 강화되었습니다!,Habilidade passiva foi fortalecida!,สกิลพาสซีฟได้รับการเสริมพลัง!,1,-1,{effort=9;equipStarSum=8;zawakeStage=308;nvalueSum=140},-1,{}
302205,2922,,5,{},0.5,属性获得增强,屬性獲得增強,Attribute has been enhanced,Thuộc tính đã được tăng cường,속성이 강화되었습니다,Atributo foi aprimorado,คุณสมบัติได้รับการเสริมพลัง,1,-1,{star=10;goodFeel=200;zawakeStage=408;advance=15},-1,{}
302206,2922,,6,{},0.5,大招技能获得强化提升!,終極技能獲得強化提升！,Ultimate skill has been enhanced!,Kỹ năng tối thượng đã được tăng cường!,궁극 스킬이 강화되었습니다!,Habilidade suprema foi fortalecida!,สกิลอัลติเมตได้รับการเสริมพลัง!,1,-1,{effort=11;zawakeStage=508;equipStarSum=10;equipAwakeSum=4},-1,{}
302207,2922,,7,{},0.5,属性获得增强,屬性獲得增強,Attribute has been enhanced,Thuộc tính đã được tăng cường,속성이 강화되었습니다,Atributo foi aprimorado,คุณสมบัติได้รับการเสริมพลัง,1,-1,{star=11;goodFeel=250;zawakeStage=608;advance=16},-1,{}
302208,2922,,8,{},0.5,属性获得增强,屬性獲得增強,Attribute has been enhanced,Thuộc tính đã được tăng cường,속성이 강화되었습니다,Atributo foi aprimorado,คุณสมบัติได้รับการเสริมพลัง,1,-1,{effort=13;equipStarSum=12;zawakeStage=708;nvalueSum=140},-1,{}
306101,2961,,1,{},0.5,属性获得增强,屬性獲得增強,Attribute has been enhanced,Thuộc tính đã được tăng cường,속성이 강화되었습니다,Atributo foi aprimorado,คุณสมบัติได้รับการเสริมพลัง,1,-1,{star=8;advance=13;goodFeel=100},-1,{}
306102,2961,,2,{},0.5,普攻技能获得强化提升!,普攻技能獲得強化提升！,Normal skill has been enhanced!,Kỹ năng thường đã được tăng cường!,일반 스킬이 강화되었습니다!,Habilidade normal foi fortalecida!,สกิลปกติได้รับการเสริมพลัง!,1,-1,{effort=7;zawakeStage=108;equipStarSum=6;equipAwakeSum=2},-1,{}
306103,2961,,3,{},0.5,小技能获得强化提升!,小技能獲得強化提升！,Minor skill has been enhanced!,Kỹ năng nhỏ đã được tăng cường!,소형 스킬이 강화되었습니다!,Habilidade menor foi aprimorada!,สกิลย่อยได้รับการเสริมพลัง!,1,-1,{star=9;goodFeel=150;zawakeStage=208;advance=14},-1,{}
306104,2961,,4,{},0.5,被动技能获得强化提升!,被動技能獲得強化提升！,Passive skill has been enhanced!,Kỹ năng bị động đã được tăng cường!,패시브 스킬이 강화되었습니다!,Habilidade passiva foi fortalecida!,สกิลพาสซีฟได้รับการเสริมพลัง!,1,-1,{effort=9;equipStarSum=8;zawakeStage=308;nvalueSum=140},-1,{}
306105,2961,,5,{},0.5,属性获得增强,屬性獲得增強,Attribute has been enhanced,Thuộc tính đã được tăng cường,속성이 강화되었습니다,Atributo foi aprimorado,คุณสมบัติได้รับการเสริมพลัง,1,-1,{star=10;goodFeel=200;zawakeStage=408;advance=15},-1,{}
306106,2961,,6,{},0.5,大招技能获得强化提升!,終極技能獲得強化提升！,Ultimate skill has been enhanced!,Kỹ năng tối thượng đã được tăng cường!,궁극 스킬이 강화되었습니다!,Habilidade suprema foi fortalecida!,สกิลอัลติเมตได้รับการเสริมพลัง!,1,-1,{effort=11;zawakeStage=508;equipStarSum=10;equipAwakeSum=4},-1,{}
306107,2961,,7,{},0.5,属性获得增强,屬性獲得增強,Attribute has been enhanced,Thuộc tính đã được tăng cường,속성이 강화되었습니다,Atributo foi aprimorado,คุณสมบัติได้รับการเสริมพลัง,1,-1,{star=11;goodFeel=250;zawakeStage=608;advance=16},-1,{}
306108,2961,,8,{},0.5,属性获得增强,屬性獲得增強,Attribute has been enhanced,Thuộc tính đã được tăng cường,속성이 강화되었습니다,Atributo foi aprimorado,คุณสมบัติได้รับการเสริมพลัง,1,-1,{effort=13;equipStarSum=12;zawakeStage=708;nvalueSum=140},-1,{}
309101,2991,,1,{},0.5,属性获得增强,屬性獲得增強,Attribute has been enhanced,Thuộc tính đã được tăng cường,속성이 강화되었습니다,Atributo foi aprimorado,คุณสมบัติได้รับการเสริมพลัง,1,-1,{star=8;advance=13;goodFeel=100},-1,{}
309102,2991,,2,{},0.5,普攻技能获得强化提升!,普攻技能獲得強化提升！,Normal skill has been enhanced!,Kỹ năng thường đã được tăng cường!,일반 스킬이 강화되었습니다!,Habilidade normal foi fortalecida!,สกิลปกติได้รับการเสริมพลัง!,1,-1,{effort=7;zawakeStage=108;equipStarSum=6;equipAwakeSum=2},-1,{}
309103,2991,,3,{},0.5,小技能获得强化提升!,小技能獲得強化提升！,Minor skill has been enhanced!,Kỹ năng nhỏ đã được tăng cường!,소형 스킬이 강화되었습니다!,Habilidade menor foi aprimorada!,สกิลย่อยได้รับการเสริมพลัง!,1,-1,{star=9;goodFeel=160;zawakeStage=208;advance=15},-1,{}
309104,2991,,4,{},0.5,被动技能获得强化提升!,被動技能獲得強化提升！,Passive skill has been enhanced!,Kỹ năng bị động đã được tăng cường!,패시브 스킬이 강화되었습니다!,Habilidade passiva foi fortalecida!,สกิลพาสซีฟได้รับการเสริมพลัง!,1,-1,{effort=9;equipStarSum=9;zawakeStage=308;nvalueSum=140},-1,{}
309105,2991,,5,{},0.5,属性获得增强,屬性獲得增強,Attribute has been enhanced,Thuộc tính đã được tăng cường,속성이 강화되었습니다,Atributo foi aprimorado,คุณสมบัติได้รับการเสริมพลัง,1,-1,{star=10;goodFeel=220;zawakeStage=408;advance=16},-1,{}
309106,2991,,6,{},0.5,大招技能获得强化提升!,終極技能獲得強化提升！,Ultimate skill has been enhanced!,Kỹ năng tối thượng đã được tăng cường!,궁극 스킬이 강화되었습니다!,Habilidade suprema foi fortalecida!,สกิลอัลติเมตได้รับการเสริมพลัง!,1,-1,{effort=11;zawakeStage=508;equipStarSum=12;equipAwakeSum=4},-1,{}
309107,2991,,7,{},0.5,属性获得增强,屬性獲得增強,Attribute has been enhanced,Thuộc tính đã được tăng cường,속성이 강화되었습니다,Atributo foi aprimorado,คุณสมบัติได้รับการเสริมพลัง,1,-1,{star=11;goodFeel=300;zawakeStage=608;advance=17},-1,{}
309108,2991,,8,{},0.5,属性获得增强,屬性獲得增強,Attribute has been enhanced,Thuộc tính đã được tăng cường,속성이 강화되었습니다,Atributo foi aprimorado,คุณสมบัติได้รับการเสริมพลัง,1,-1,{effort=13;equipStarSum=15;zawakeStage=708;nvalueSum=140},-1,{}
310101,3001,,1,{},0.5,属性获得增强,屬性獲得增強,Attribute has been enhanced,Thuộc tính đã được tăng cường,속성이 강화되었습니다,Atributo foi aprimorado,คุณสมบัติได้รับการเสริมพลัง,1,-1,{star=8;advance=13;goodFeel=100},-1,{}
310102,3001,,2,{},0.5,普攻技能获得强化提升!,普攻技能獲得強化提升！,Normal skill has been enhanced!,Kỹ năng thường đã được tăng cường!,일반 스킬이 강화되었습니다!,Habilidade normal foi fortalecida!,สกิลปกติได้รับการเสริมพลัง!,1,-1,{effort=7;zawakeStage=108;equipStarSum=6;equipAwakeSum=2},-1,{}
310103,3001,,3,{},0.5,小技能获得强化提升!,小技能獲得強化提升！,Minor skill has been enhanced!,Kỹ năng nhỏ đã được tăng cường!,소형 스킬이 강화되었습니다!,Habilidade menor foi aprimorada!,สกิลย่อยได้รับการเสริมพลัง!,1,-1,{star=9;goodFeel=160;zawakeStage=208;advance=15},-1,{}
310104,3001,,4,{},0.5,被动技能获得强化提升!,被動技能獲得強化提升！,Passive skill has been enhanced!,Kỹ năng bị động đã được tăng cường!,패시브 스킬이 강화되었습니다!,Habilidade passiva foi fortalecida!,สกิลพาสซีฟได้รับการเสริมพลัง!,1,-1,{effort=9;equipStarSum=9;zawakeStage=308;nvalueSum=140},-1,{}
310105,3001,,5,{},0.5,属性获得增强,屬性獲得增強,Attribute has been enhanced,Thuộc tính đã được tăng cường,속성이 강화되었습니다,Atributo foi aprimorado,คุณสมบัติได้รับการเสริมพลัง,1,-1,{star=10;goodFeel=220;zawakeStage=408;advance=16},-1,{}
310106,3001,,6,{},0.5,大招技能获得强化提升!,終極技能獲得強化提升！,Ultimate skill has been enhanced!,Kỹ năng tối thượng đã được tăng cường!,궁극 스킬이 강화되었습니다!,Habilidade suprema foi fortalecida!,สกิลอัลติเมตได้รับการเสริมพลัง!,1,-1,{effort=11;zawakeStage=508;equipStarSum=12;equipAwakeSum=4},-1,{}
310107,3001,,7,{},0.5,属性获得增强,屬性獲得增強,Attribute has been enhanced,Thuộc tính đã được tăng cường,속성이 강화되었습니다,Atributo foi aprimorado,คุณสมบัติได้รับการเสริมพลัง,1,-1,{star=11;goodFeel=300;zawakeStage=608;advance=17},-1,{}
310108,3001,,8,{},0.5,属性获得增强,屬性獲得增強,Attribute has been enhanced,Thuộc tính đã được tăng cường,속성이 강화되었습니다,Atributo foi aprimorado,คุณสมบัติได้รับการเสริมพลัง,1,-1,{effort=13;equipStarSum=15;zawakeStage=708;nvalueSum=140},-1,{}
311101,3011,,1,{},0.5,属性获得增强,屬性獲得增強,Attribute has been enhanced,Thuộc tính đã được tăng cường,속성이 강화되었습니다,Atributo foi aprimorado,คุณสมบัติได้รับการเสริมพลัง,1,-1,{star=8;advance=13;goodFeel=100},-1,{}
311102,3011,,2,{},0.5,普攻技能获得强化提升!,普攻技能獲得強化提升！,Normal skill has been enhanced!,Kỹ năng thường đã được tăng cường!,일반 스킬이 강화되었습니다!,Habilidade normal foi fortalecida!,สกิลปกติได้รับการเสริมพลัง!,1,-1,{effort=7;zawakeStage=108;equipStarSum=6;equipAwakeSum=2},-1,{}
311103,3011,,3,{},0.5,小技能获得强化提升!,小技能獲得強化提升！,Minor skill has been enhanced!,Kỹ năng nhỏ đã được tăng cường!,소형 스킬이 강화되었습니다!,Habilidade menor foi aprimorada!,สกิลย่อยได้รับการเสริมพลัง!,1,-1,{star=9;goodFeel=150;zawakeStage=208;advance=14},-1,{}
311104,3011,,4,{},0.5,被动技能获得强化提升!,被動技能獲得強化提升！,Passive skill has been enhanced!,Kỹ năng bị động đã được tăng cường!,패시브 스킬이 강화되었습니다!,Habilidade passiva foi fortalecida!,สกิลพาสซีฟได้รับการเสริมพลัง!,1,-1,{effort=9;equipStarSum=8;zawakeStage=308;nvalueSum=140},-1,{}
311105,3011,,5,{},0.5,属性获得增强,屬性獲得增強,Attribute has been enhanced,Thuộc tính đã được tăng cường,속성이 강화되었습니다,Atributo foi aprimorado,คุณสมบัติได้รับการเสริมพลัง,1,-1,{star=10;goodFeel=200;zawakeStage=408;advance=15},-1,{}
311106,3011,,6,{},0.5,大招技能获得强化提升!,終極技能獲得強化提升！,Ultimate skill has been enhanced!,Kỹ năng tối thượng đã được tăng cường!,궁극 스킬이 강화되었습니다!,Habilidade suprema foi fortalecida!,สกิลอัลติเมตได้รับการเสริมพลัง!,1,-1,{effort=11;zawakeStage=508;equipStarSum=10;equipAwakeSum=4},-1,{}
311107,3011,,7,{},0.5,属性获得增强,屬性獲得增強,Attribute has been enhanced,Thuộc tính đã được tăng cường,속성이 강화되었습니다,Atributo foi aprimorado,คุณสมบัติได้รับการเสริมพลัง,1,-1,{star=11;goodFeel=250;zawakeStage=608;advance=16},-1,{}
311108,3011,,8,{},0.5,属性获得增强,屬性獲得增強,Attribute has been enhanced,Thuộc tính đã được tăng cường,속성이 강화되었습니다,Atributo foi aprimorado,คุณสมบัติได้รับการเสริมพลัง,1,-1,{effort=13;equipStarSum=12;zawakeStage=708;nvalueSum=140},-1,{}
312101,3021,,1,{},0.5,属性获得增强,屬性獲得增強,Attribute has been enhanced,Thuộc tính đã được tăng cường,속성이 강화되었습니다,Atributo foi aprimorado,คุณสมบัติได้รับการเสริมพลัง,1,-1,{star=8;advance=13;goodFeel=100},-1,{}
312102,3021,,2,{},0.5,普攻技能获得强化提升!,普攻技能獲得強化提升！,Normal skill has been enhanced!,Kỹ năng thường đã được tăng cường!,일반 스킬이 강화되었습니다!,Habilidade normal foi fortalecida!,สกิลปกติได้รับการเสริมพลัง!,1,-1,{effort=7;zawakeStage=108;equipStarSum=6;equipAwakeSum=2},-1,{}
312103,3021,,3,{},0.5,小技能获得强化提升!,小技能獲得強化提升！,Minor skill has been enhanced!,Kỹ năng nhỏ đã được tăng cường!,소형 스킬이 강화되었습니다!,Habilidade menor foi aprimorada!,สกิลย่อยได้รับการเสริมพลัง!,1,-1,{star=9;goodFeel=160;zawakeStage=208;advance=15},-1,{}
312104,3021,,4,{},0.5,被动技能获得强化提升!,被動技能獲得強化提升！,Passive skill has been enhanced!,Kỹ năng bị động đã được tăng cường!,패시브 스킬이 강화되었습니다!,Habilidade passiva foi fortalecida!,สกิลพาสซีฟได้รับการเสริมพลัง!,1,-1,{effort=9;equipStarSum=9;zawakeStage=308;nvalueSum=140},-1,{}
312105,3021,,5,{},0.5,属性获得增强,屬性獲得增強,Attribute has been enhanced,Thuộc tính đã được tăng cường,속성이 강화되었습니다,Atributo foi aprimorado,คุณสมบัติได้รับการเสริมพลัง,1,-1,{star=10;goodFeel=220;zawakeStage=408;advance=16},-1,{}
312106,3021,,6,{},0.5,大招技能获得强化提升!,終極技能獲得強化提升！,Ultimate skill has been enhanced!,Kỹ năng tối thượng đã được tăng cường!,궁극 스킬이 강화되었습니다!,Habilidade suprema foi fortalecida!,สกิลอัลติเมตได้รับการเสริมพลัง!,1,-1,{effort=11;zawakeStage=508;equipStarSum=12;equipAwakeSum=4},-1,{}
312107,3021,,7,{},0.5,属性获得增强,屬性獲得增強,Attribute has been enhanced,Thuộc tính đã được tăng cường,속성이 강화되었습니다,Atributo foi aprimorado,คุณสมบัติได้รับการเสริมพลัง,1,-1,{star=11;goodFeel=300;zawakeStage=608;advance=17},-1,{}
312108,3021,,8,{},0.5,属性获得增强,屬性獲得增強,Attribute has been enhanced,Thuộc tính đã được tăng cường,속성이 강화되었습니다,Atributo foi aprimorado,คุณสมบัติได้รับการเสริมพลัง,1,-1,{effort=13;equipStarSum=15;zawakeStage=708;nvalueSum=140},-1,{}
324101,3141,,1,{},0.5,属性获得增强,屬性獲得增強,Attribute has been enhanced,Thuộc tính đã được tăng cường,속성이 강화되었습니다,Atributo foi aprimorado,คุณสมบัติได้รับการเสริมพลัง,1,-1,{star=8;advance=13;goodFeel=100},-1,{}
324102,3141,,2,{},0.5,普攻技能获得强化提升!,普攻技能獲得強化提升！,Normal skill has been enhanced!,Kỹ năng thường đã được tăng cường!,일반 스킬이 강화되었습니다!,Habilidade normal foi fortalecida!,สกิลปกติได้รับการเสริมพลัง!,1,-1,{effort=7;zawakeStage=108;equipStarSum=6;equipAwakeSum=2},-1,{}
324103,3141,,3,{},0.5,小技能获得强化提升!,小技能獲得強化提升！,Minor skill has been enhanced!,Kỹ năng nhỏ đã được tăng cường!,소형 스킬이 강화되었습니다!,Habilidade menor foi aprimorada!,สกิลย่อยได้รับการเสริมพลัง!,1,-1,{star=9;goodFeel=160;zawakeStage=208;advance=15},-1,{}
324104,3141,,4,{},0.5,被动技能获得强化提升!,被動技能獲得強化提升！,Passive skill has been enhanced!,Kỹ năng bị động đã được tăng cường!,패시브 스킬이 강화되었습니다!,Habilidade passiva foi fortalecida!,สกิลพาสซีฟได้รับการเสริมพลัง!,1,-1,{effort=9;equipStarSum=9;zawakeStage=308;nvalueSum=140},-1,{}
324105,3141,,5,{},0.5,属性获得增强,屬性獲得增強,Attribute has been enhanced,Thuộc tính đã được tăng cường,속성이 강화되었습니다,Atributo foi aprimorado,คุณสมบัติได้รับการเสริมพลัง,1,-1,{star=10;goodFeel=220;zawakeStage=408;advance=16},-1,{}
324106,3141,,6,{},0.5,大招技能获得强化提升!,終極技能獲得強化提升！,Ultimate skill has been enhanced!,Kỹ năng tối thượng đã được tăng cường!,궁극 스킬이 강화되었습니다!,Habilidade suprema foi fortalecida!,สกิลอัลติเมตได้รับการเสริมพลัง!,1,-1,{effort=11;zawakeStage=508;equipStarSum=12;equipAwakeSum=4},-1,{}
324107,3141,,7,{},0.5,属性获得增强,屬性獲得增強,Attribute has been enhanced,Thuộc tính đã được tăng cường,속성이 강화되었습니다,Atributo foi aprimorado,คุณสมบัติได้รับการเสริมพลัง,1,-1,{star=11;goodFeel=300;zawakeStage=608;advance=17},-1,{}
324108,3141,,8,{},0.5,属性获得增强,屬性獲得增強,Attribute has been enhanced,Thuộc tính đã được tăng cường,속성이 강화되었습니다,Atributo foi aprimorado,คุณสมบัติได้รับการเสริมพลัง,1,-1,{effort=13;equipStarSum=15;zawakeStage=708;nvalueSum=140},-1,{}
325101,3151,,1,{},0.5,属性获得增强,屬性獲得增強,Attribute has been enhanced,Thuộc tính đã được tăng cường,속성이 강화되었습니다,Atributo foi aprimorado,คุณสมบัติได้รับการเสริมพลัง,1,-1,{star=8;advance=13;goodFeel=100},-1,{}
325102,3151,,2,{},0.5,普攻技能获得强化提升!,普攻技能獲得強化提升！,Normal skill has been enhanced!,Kỹ năng thường đã được tăng cường!,일반 스킬이 강화되었습니다!,Habilidade normal foi fortalecida!,สกิลปกติได้รับการเสริมพลัง!,1,-1,{effort=7;zawakeStage=108;equipStarSum=6;equipAwakeSum=2},-1,{}
325103,3151,,3,{},0.5,小技能获得强化提升!,小技能獲得強化提升！,Minor skill has been enhanced!,Kỹ năng nhỏ đã được tăng cường!,소형 스킬이 강화되었습니다!,Habilidade menor foi aprimorada!,สกิลย่อยได้รับการเสริมพลัง!,1,-1,{star=9;goodFeel=160;zawakeStage=208;advance=15},-1,{}
325104,3151,,4,{},0.5,被动技能获得强化提升!,被動技能獲得強化提升！,Passive skill has been enhanced!,Kỹ năng bị động đã được tăng cường!,패시브 스킬이 강화되었습니다!,Habilidade passiva foi fortalecida!,สกิลพาสซีฟได้รับการเสริมพลัง!,1,-1,{effort=9;equipStarSum=9;zawakeStage=308;nvalueSum=140},-1,{}
325105,3151,,5,{},0.5,属性获得增强,屬性獲得增強,Attribute has been enhanced,Thuộc tính đã được tăng cường,속성이 강화되었습니다,Atributo foi aprimorado,คุณสมบัติได้รับการเสริมพลัง,1,-1,{star=10;goodFeel=220;zawakeStage=408;advance=16},-1,{}
325106,3151,,6,{},0.5,大招技能获得强化提升!,終極技能獲得強化提升！,Ultimate skill has been enhanced!,Kỹ năng tối thượng đã được tăng cường!,궁극 스킬이 강화되었습니다!,Habilidade suprema foi fortalecida!,สกิลอัลติเมตได้รับการเสริมพลัง!,1,-1,{effort=11;zawakeStage=508;equipStarSum=12;equipAwakeSum=4},-1,{}
325107,3151,,7,{},0.5,属性获得增强,屬性獲得增強,Attribute has been enhanced,Thuộc tính đã được tăng cường,속성이 강화되었습니다,Atributo foi aprimorado,คุณสมบัติได้รับการเสริมพลัง,1,-1,{star=11;goodFeel=300;zawakeStage=608;advance=17},-1,{}
325108,3151,,8,{},0.5,属性获得增强,屬性獲得增強,Attribute has been enhanced,Thuộc tính đã được tăng cường,속성이 강화되었습니다,Atributo foi aprimorado,คุณสมบัติได้รับการเสริมพลัง,1,-1,{effort=13;equipStarSum=15;zawakeStage=708;nvalueSum=140},-1,{}
326101,3161,,1,{},0.5,属性获得增强,屬性獲得增強,Attribute has been enhanced,Thuộc tính đã được tăng cường,속성이 강화되었습니다,Atributo foi aprimorado,คุณสมบัติได้รับการเสริมพลัง,1,-1,{star=8;advance=13;goodFeel=100},-1,{}
326102,3161,,2,{},0.5,普攻技能获得强化提升!,普攻技能獲得強化提升！,Normal skill has been enhanced!,Kỹ năng thường đã được tăng cường!,일반 스킬이 강화되었습니다!,Habilidade normal foi fortalecida!,สกิลปกติได้รับการเสริมพลัง!,1,-1,{effort=7;zawakeStage=108;equipStarSum=6;equipAwakeSum=2},-1,{}
326103,3161,,3,{},0.5,小技能获得强化提升!,小技能獲得強化提升！,Minor skill has been enhanced!,Kỹ năng nhỏ đã được tăng cường!,소형 스킬이 강화되었습니다!,Habilidade menor foi aprimorada!,สกิลย่อยได้รับการเสริมพลัง!,1,-1,{star=9;goodFeel=160;zawakeStage=208;advance=15},-1,{}
326104,3161,,4,{},0.5,被动技能获得强化提升!,被動技能獲得強化提升！,Passive skill has been enhanced!,Kỹ năng bị động đã được tăng cường!,패시브 스킬이 강화되었습니다!,Habilidade passiva foi fortalecida!,สกิลพาสซีฟได้รับการเสริมพลัง!,1,-1,{effort=9;equipStarSum=9;zawakeStage=308;nvalueSum=140},-1,{}
326105,3161,,5,{},0.5,属性获得增强,屬性獲得增強,Attribute has been enhanced,Thuộc tính đã được tăng cường,속성이 강화되었습니다,Atributo foi aprimorado,คุณสมบัติได้รับการเสริมพลัง,1,-1,{star=10;goodFeel=220;zawakeStage=408;advance=16},-1,{}
326106,3161,,6,{},0.5,大招技能获得强化提升!,終極技能獲得強化提升！,Ultimate skill has been enhanced!,Kỹ năng tối thượng đã được tăng cường!,궁극 스킬이 강화되었습니다!,Habilidade suprema foi fortalecida!,สกิลอัลติเมตได้รับการเสริมพลัง!,1,-1,{effort=11;zawakeStage=508;equipStarSum=12;equipAwakeSum=4},-1,{}
326107,3161,,7,{},0.5,属性获得增强,屬性獲得增強,Attribute has been enhanced,Thuộc tính đã được tăng cường,속성이 강화되었습니다,Atributo foi aprimorado,คุณสมบัติได้รับการเสริมพลัง,1,-1,{star=11;goodFeel=300;zawakeStage=608;advance=17},-1,{}
326108,3161,,8,{},0.5,属性获得增强,屬性獲得增強,Attribute has been enhanced,Thuộc tính đã được tăng cường,속성이 강화되었습니다,Atributo foi aprimorado,คุณสมบัติได้รับการเสริมพลัง,1,-1,{effort=13;equipStarSum=15;zawakeStage=708;nvalueSum=140},-1,{}
327101,3171,,1,{},0.5,属性获得增强,屬性獲得增強,Attribute has been enhanced,Thuộc tính đã được tăng cường,속성이 강화되었습니다,Atributo foi aprimorado,คุณสมบัติได้รับการเสริมพลัง,1,-1,{star=8;advance=13;goodFeel=100},-1,{}
327102,3171,,2,{},0.5,普攻技能获得强化提升!,普攻技能獲得強化提升！,Normal skill has been enhanced!,Kỹ năng thường đã được tăng cường!,일반 스킬이 강화되었습니다!,Habilidade normal foi fortalecida!,สกิลปกติได้รับการเสริมพลัง!,1,-1,{effort=7;zawakeStage=108;equipStarSum=6;equipAwakeSum=2},-1,{}
327103,3171,,3,{},0.5,小技能获得强化提升!,小技能獲得強化提升！,Minor skill has been enhanced!,Kỹ năng nhỏ đã được tăng cường!,소형 스킬이 강화되었습니다!,Habilidade menor foi aprimorada!,สกิลย่อยได้รับการเสริมพลัง!,1,-1,{star=9;goodFeel=160;zawakeStage=208;advance=15},-1,{}
327104,3171,,4,{},0.5,被动技能获得强化提升!,被動技能獲得強化提升！,Passive skill has been enhanced!,Kỹ năng bị động đã được tăng cường!,패시브 스킬이 강화되었습니다!,Habilidade passiva foi fortalecida!,สกิลพาสซีฟได้รับการเสริมพลัง!,1,-1,{effort=9;equipStarSum=9;zawakeStage=308;nvalueSum=140},-1,{}
327105,3171,,5,{},0.5,属性获得增强,屬性獲得增強,Attribute has been enhanced,Thuộc tính đã được tăng cường,속성이 강화되었습니다,Atributo foi aprimorado,คุณสมบัติได้รับการเสริมพลัง,1,-1,{star=10;goodFeel=220;zawakeStage=408;advance=16},-1,{}
327106,3171,,6,{},0.5,大招技能获得强化提升!,終極技能獲得強化提升！,Ultimate skill has been enhanced!,Kỹ năng tối thượng đã được tăng cường!,궁극 스킬이 강화되었습니다!,Habilidade suprema foi fortalecida!,สกิลอัลติเมตได้รับการเสริมพลัง!,1,-1,{effort=11;zawakeStage=508;equipStarSum=12;equipAwakeSum=4},-1,{}
327107,3171,,7,{},0.5,属性获得增强,屬性獲得增強,Attribute has been enhanced,Thuộc tính đã được tăng cường,속성이 강화되었습니다,Atributo foi aprimorado,คุณสมบัติได้รับการเสริมพลัง,1,-1,{star=11;goodFeel=300;zawakeStage=608;advance=17},-1,{}
327108,3171,,8,{},0.5,属性获得增强,屬性獲得增強,Attribute has been enhanced,Thuộc tính đã được tăng cường,속성이 강화되었습니다,Atributo foi aprimorado,คุณสมบัติได้รับการเสริมพลัง,1,-1,{effort=13;equipStarSum=15;zawakeStage=708;nvalueSum=140},-1,{}
328101,3181,,1,{},0.5,属性获得增强,屬性獲得增強,Attribute has been enhanced,Thuộc tính đã được tăng cường,속성이 강화되었습니다,Atributo foi aprimorado,คุณสมบัติได้รับการเสริมพลัง,1,-1,{star=8;advance=13;goodFeel=100},-1,{}
328102,3181,,2,{},0.5,普攻技能获得强化提升!,普攻技能獲得強化提升！,Normal skill has been enhanced!,Kỹ năng thường đã được tăng cường!,일반 스킬이 강화되었습니다!,Habilidade normal foi fortalecida!,สกิลปกติได้รับการเสริมพลัง!,1,-1,{effort=7;zawakeStage=108;equipStarSum=6;equipAwakeSum=2},-1,{}
328103,3181,,3,{},0.5,小技能获得强化提升!,小技能獲得強化提升！,Minor skill has been enhanced!,Kỹ năng nhỏ đã được tăng cường!,소형 스킬이 강화되었습니다!,Habilidade menor foi aprimorada!,สกิลย่อยได้รับการเสริมพลัง!,1,-1,{star=9;goodFeel=160;zawakeStage=208;advance=15},-1,{}
328104,3181,,4,{},0.5,被动技能获得强化提升!,被動技能獲得強化提升！,Passive skill has been enhanced!,Kỹ năng bị động đã được tăng cường!,패시브 스킬이 강화되었습니다!,Habilidade passiva foi fortalecida!,สกิลพาสซีฟได้รับการเสริมพลัง!,1,-1,{effort=9;equipStarSum=9;zawakeStage=308;nvalueSum=140},-1,{}
328105,3181,,5,{},0.5,属性获得增强,屬性獲得增強,Attribute has been enhanced,Thuộc tính đã được tăng cường,속성이 강화되었습니다,Atributo foi aprimorado,คุณสมบัติได้รับการเสริมพลัง,1,-1,{star=10;goodFeel=220;zawakeStage=408;advance=16},-1,{}
328106,3181,,6,{},0.5,大招技能获得强化提升!,終極技能獲得強化提升！,Ultimate skill has been enhanced!,Kỹ năng tối thượng đã được tăng cường!,궁극 스킬이 강화되었습니다!,Habilidade suprema foi fortalecida!,สกิลอัลติเมตได้รับการเสริมพลัง!,1,-1,{effort=11;zawakeStage=508;equipStarSum=12;equipAwakeSum=4},-1,{}
328107,3181,,7,{},0.5,属性获得增强,屬性獲得增強,Attribute has been enhanced,Thuộc tính đã được tăng cường,속성이 강화되었습니다,Atributo foi aprimorado,คุณสมบัติได้รับการเสริมพลัง,1,-1,{star=11;goodFeel=300;zawakeStage=608;advance=17},-1,{}
328108,3181,,8,{},0.5,属性获得增强,屬性獲得增強,Attribute has been enhanced,Thuộc tính đã được tăng cường,속성이 강화되었습니다,Atributo foi aprimorado,คุณสมบัติได้รับการเสริมพลัง,1,-1,{effort=13;equipStarSum=15;zawakeStage=708;nvalueSum=140},-1,{}
329101,3191,,1,{},0.5,属性获得增强,屬性獲得增強,Attribute has been enhanced,Thuộc tính đã được tăng cường,속성이 강화되었습니다,Atributo foi aprimorado,คุณสมบัติได้รับการเสริมพลัง,1,-1,{star=8;advance=13;goodFeel=100},-1,{}
329102,3191,,2,{},0.5,普攻技能获得强化提升!,普攻技能獲得強化提升！,Normal skill has been enhanced!,Kỹ năng thường đã được tăng cường!,일반 스킬이 강화되었습니다!,Habilidade normal foi fortalecida!,สกิลปกติได้รับการเสริมพลัง!,1,-1,{effort=7;zawakeStage=108;equipStarSum=6;equipAwakeSum=2},-1,{}
329103,3191,,3,{},0.5,小技能获得强化提升!,小技能獲得強化提升！,Minor skill has been enhanced!,Kỹ năng nhỏ đã được tăng cường!,소형 스킬이 강화되었습니다!,Habilidade menor foi aprimorada!,สกิลย่อยได้รับการเสริมพลัง!,1,-1,{star=9;goodFeel=160;zawakeStage=208;advance=15},-1,{}
329104,3191,,4,{},0.5,被动技能获得强化提升!,被動技能獲得強化提升！,Passive skill has been enhanced!,Kỹ năng bị động đã được tăng cường!,패시브 스킬이 강화되었습니다!,Habilidade passiva foi fortalecida!,สกิลพาสซีฟได้รับการเสริมพลัง!,1,-1,{effort=9;equipStarSum=9;zawakeStage=308;nvalueSum=140},-1,{}
329105,3191,,5,{},0.5,属性获得增强,屬性獲得增強,Attribute has been enhanced,Thuộc tính đã được tăng cường,속성이 강화되었습니다,Atributo foi aprimorado,คุณสมบัติได้รับการเสริมพลัง,1,-1,{star=10;goodFeel=220;zawakeStage=408;advance=16},-1,{}
329106,3191,,6,{},0.5,大招技能获得强化提升!,終極技能獲得強化提升！,Ultimate skill has been enhanced!,Kỹ năng tối thượng đã được tăng cường!,궁극 스킬이 강화되었습니다!,Habilidade suprema foi fortalecida!,สกิลอัลติเมตได้รับการเสริมพลัง!,1,-1,{effort=11;zawakeStage=508;equipStarSum=12;equipAwakeSum=4},-1,{}
329107,3191,,7,{},0.5,属性获得增强,屬性獲得增強,Attribute has been enhanced,Thuộc tính đã được tăng cường,속성이 강화되었습니다,Atributo foi aprimorado,คุณสมบัติได้รับการเสริมพลัง,1,-1,{star=11;goodFeel=300;zawakeStage=608;advance=17},-1,{}
329108,3191,,8,{},0.5,属性获得增强,屬性獲得增強,Attribute has been enhanced,Thuộc tính đã được tăng cường,속성이 강화되었습니다,Atributo foi aprimorado,คุณสมบัติได้รับการเสริมพลัง,1,-1,{effort=13;equipStarSum=15;zawakeStage=708;nvalueSum=140},-1,{}
330101,3201,,1,{},0.5,属性获得增强,屬性獲得增強,Attribute has been enhanced,Thuộc tính đã được tăng cường,속성이 강화되었습니다,Atributo foi aprimorado,คุณสมบัติได้รับการเสริมพลัง,1,-1,{star=8;advance=13;goodFeel=100},-1,{}
330102,3201,,2,{},0.5,普攻技能获得强化提升!,普攻技能獲得強化提升！,Normal skill has been enhanced!,Kỹ năng thường đã được tăng cường!,일반 스킬이 강화되었습니다!,Habilidade normal foi fortalecida!,สกิลปกติได้รับการเสริมพลัง!,1,-1,{effort=7;zawakeStage=108;equipStarSum=6;equipAwakeSum=2},-1,{}
330103,3201,,3,{},0.5,小技能获得强化提升!,小技能獲得強化提升！,Minor skill has been enhanced!,Kỹ năng nhỏ đã được tăng cường!,소형 스킬이 강화되었습니다!,Habilidade menor foi aprimorada!,สกิลย่อยได้รับการเสริมพลัง!,1,-1,{star=9;goodFeel=160;zawakeStage=208;advance=15},-1,{}
330104,3201,,4,{},0.5,被动技能获得强化提升!,被動技能獲得強化提升！,Passive skill has been enhanced!,Kỹ năng bị động đã được tăng cường!,패시브 스킬이 강화되었습니다!,Habilidade passiva foi fortalecida!,สกิลพาสซีฟได้รับการเสริมพลัง!,1,-1,{effort=9;equipStarSum=9;zawakeStage=308;nvalueSum=140},-1,{}
330105,3201,,5,{},0.5,属性获得增强,屬性獲得增強,Attribute has been enhanced,Thuộc tính đã được tăng cường,속성이 강화되었습니다,Atributo foi aprimorado,คุณสมบัติได้รับการเสริมพลัง,1,-1,{star=10;goodFeel=220;zawakeStage=408;advance=16},-1,{}
330106,3201,,6,{},0.5,大招技能获得强化提升!,終極技能獲得強化提升！,Ultimate skill has been enhanced!,Kỹ năng tối thượng đã được tăng cường!,궁극 스킬이 강화되었습니다!,Habilidade suprema foi fortalecida!,สกิลอัลติเมตได้รับการเสริมพลัง!,1,-1,{effort=11;zawakeStage=508;equipStarSum=12;equipAwakeSum=4},-1,{}
330107,3201,,7,{},0.5,属性获得增强,屬性獲得增強,Attribute has been enhanced,Thuộc tính đã được tăng cường,속성이 강화되었습니다,Atributo foi aprimorado,คุณสมบัติได้รับการเสริมพลัง,1,-1,{star=11;goodFeel=300;zawakeStage=608;advance=17},-1,{}
330108,3201,,8,{},0.5,属性获得增强,屬性獲得增強,Attribute has been enhanced,Thuộc tính đã được tăng cường,속성이 강화되었습니다,Atributo foi aprimorado,คุณสมบัติได้รับการเสริมพลัง,1,-1,{effort=13;equipStarSum=15;zawakeStage=708;nvalueSum=140},-1,{}
330401,3304,,1,{},0.5,属性获得增强,屬性獲得增強,Attribute has been enhanced,Thuộc tính đã được tăng cường,속성이 강화되었습니다,Atributo foi aprimorado,คุณสมบัติได้รับการเสริมพลัง,1,-1,{star=8;advance=13;goodFeel=100},-1,{}
330402,3304,,2,{},0.5,普攻技能获得强化提升!,普攻技能獲得強化提升！,Normal skill has been enhanced!,Kỹ năng thường đã được tăng cường!,일반 스킬이 강화되었습니다!,Habilidade normal foi fortalecida!,สกิลปกติได้รับการเสริมพลัง!,1,-1,{effort=7;zawakeStage=108;equipStarSum=6;equipAwakeSum=2},-1,{}
330403,3304,,3,{},0.5,小技能获得强化提升!,小技能獲得強化提升！,Minor skill has been enhanced!,Kỹ năng nhỏ đã được tăng cường!,소형 스킬이 강화되었습니다!,Habilidade menor foi aprimorada!,สกิลย่อยได้รับการเสริมพลัง!,1,-1,{star=9;goodFeel=180;zawakeStage=208;advance=15},-1,{}
330404,3304,,4,{},0.5,被动技能获得强化提升!,被動技能獲得強化提升！,Passive skill has been enhanced!,Kỹ năng bị động đã được tăng cường!,패시브 스킬이 강화되었습니다!,Habilidade passiva foi fortalecida!,สกิลพาสซีฟได้รับการเสริมพลัง!,1,-1,{effort=9;equipStarSum=12;zawakeStage=308;nvalueSum=160},-1,{}
330405,3304,,5,{},0.5,属性获得增强,屬性獲得增強,Attribute has been enhanced,Thuộc tính đã được tăng cường,속성이 강화되었습니다,Atributo foi aprimorado,คุณสมบัติได้รับการเสริมพลัง,1,-1,{star=10;goodFeel=260;zawakeStage=408;advance=17},-1,{}
330406,3304,,6,{},0.5,大招技能获得强化提升!,終極技能獲得強化提升！,Ultimate skill has been enhanced!,Kỹ năng tối thượng đã được tăng cường!,궁극 스킬이 강화되었습니다!,Habilidade suprema foi fortalecida!,สกิลอัลติเมตได้รับการเสริมพลัง!,1,-1,{effort=11;zawakeStage=508;equipStarSum=18;equipAwakeSum=6},-1,{}
330407,3304,,7,{},0.5,属性获得增强,屬性獲得增強,Attribute has been enhanced,Thuộc tính đã được tăng cường,속성이 강화되었습니다,Atributo foi aprimorado,คุณสมบัติได้รับการเสริมพลัง,1,-1,{star=11;goodFeel=350;zawakeStage=608;advance=19},-1,{}
330408,3304,,8,{},0.5,属性获得增强,屬性獲得增強,Attribute has been enhanced,Thuộc tính đã được tăng cường,속성이 강화되었습니다,Atributo foi aprimorado,คุณสมบัติได้รับการเสริมพลัง,1,-1,{effort=13;equipStarSum=24;zawakeStage=708;nvalueSum=160},-1,{}
331101,3211,,1,{},0.5,属性获得增强,屬性獲得增強,Attribute has been enhanced,Thuộc tính đã được tăng cường,속성이 강화되었습니다,Atributo foi aprimorado,คุณสมบัติได้รับการเสริมพลัง,1,-1,{star=8;advance=13;goodFeel=100},-1,{}
331102,3211,,2,{},0.5,普攻技能获得强化提升!,普攻技能獲得強化提升！,Normal skill has been enhanced!,Kỹ năng thường đã được tăng cường!,일반 스킬이 강화되었습니다!,Habilidade normal foi fortalecida!,สกิลปกติได้รับการเสริมพลัง!,1,-1,{effort=7;zawakeStage=108;equipStarSum=6;equipAwakeSum=2},-1,{}
331103,3211,,3,{},0.5,小技能获得强化提升!,小技能獲得強化提升！,Minor skill has been enhanced!,Kỹ năng nhỏ đã được tăng cường!,소형 스킬이 강화되었습니다!,Habilidade menor foi aprimorada!,สกิลย่อยได้รับการเสริมพลัง!,1,-1,{star=9;goodFeel=180;zawakeStage=208;advance=15},-1,{}
331104,3211,,4,{},0.5,被动技能获得强化提升!,被動技能獲得強化提升！,Passive skill has been enhanced!,Kỹ năng bị động đã được tăng cường!,패시브 스킬이 강화되었습니다!,Habilidade passiva foi fortalecida!,สกิลพาสซีฟได้รับการเสริมพลัง!,1,-1,{effort=9;equipStarSum=12;zawakeStage=308;nvalueSum=160},-1,{}
331105,3211,,5,{},0.5,属性获得增强,屬性獲得增強,Attribute has been enhanced,Thuộc tính đã được tăng cường,속성이 강화되었습니다,Atributo foi aprimorado,คุณสมบัติได้รับการเสริมพลัง,1,-1,{star=10;goodFeel=260;zawakeStage=408;advance=17},-1,{}
331106,3211,,6,{},0.5,大招技能获得强化提升!,終極技能獲得強化提升！,Ultimate skill has been enhanced!,Kỹ năng tối thượng đã được tăng cường!,궁극 스킬이 강화되었습니다!,Habilidade suprema foi fortalecida!,สกิลอัลติเมตได้รับการเสริมพลัง!,1,-1,{effort=11;zawakeStage=508;equipStarSum=18;equipAwakeSum=6},-1,{}
331107,3211,,7,{},0.5,属性获得增强,屬性獲得增強,Attribute has been enhanced,Thuộc tính đã được tăng cường,속성이 강화되었습니다,Atributo foi aprimorado,คุณสมบัติได้รับการเสริมพลัง,1,-1,{star=11;goodFeel=350;zawakeStage=608;advance=19},-1,{}
331108,3211,,8,{},0.5,属性获得增强,屬性獲得增強,Attribute has been enhanced,Thuộc tính đã được tăng cường,속성이 강화되었습니다,Atributo foi aprimorado,คุณสมบัติได้รับการเสริมพลัง,1,-1,{effort=13;equipStarSum=24;zawakeStage=708;nvalueSum=160},-1,{}
332101,3221,,1,{},0.5,属性获得增强,屬性獲得增強,Attribute has been enhanced,Thuộc tính đã được tăng cường,속성이 강화되었습니다,Atributo foi aprimorado,คุณสมบัติได้รับการเสริมพลัง,1,-1,{star=8;advance=13;goodFeel=100},-1,{}
332102,3221,,2,{},0.5,普攻技能获得强化提升!,普攻技能獲得強化提升！,Normal skill has been enhanced!,Kỹ năng thường đã được tăng cường!,일반 스킬이 강화되었습니다!,Habilidade normal foi fortalecida!,สกิลปกติได้รับการเสริมพลัง!,1,-1,{effort=7;zawakeStage=108;equipStarSum=6;equipAwakeSum=2},-1,{}
332103,3221,,3,{},0.5,小技能获得强化提升!,小技能獲得強化提升！,Minor skill has been enhanced!,Kỹ năng nhỏ đã được tăng cường!,소형 스킬이 강화되었습니다!,Habilidade menor foi aprimorada!,สกิลย่อยได้รับการเสริมพลัง!,1,-1,{star=9;goodFeel=180;zawakeStage=208;advance=15},-1,{}
332104,3221,,4,{},0.5,被动技能获得强化提升!,被動技能獲得強化提升！,Passive skill has been enhanced!,Kỹ năng bị động đã được tăng cường!,패시브 스킬이 강화되었습니다!,Habilidade passiva foi fortalecida!,สกิลพาสซีฟได้รับการเสริมพลัง!,1,-1,{effort=9;equipStarSum=12;zawakeStage=308;nvalueSum=160},-1,{}
332105,3221,,5,{},0.5,属性获得增强,屬性獲得增強,Attribute has been enhanced,Thuộc tính đã được tăng cường,속성이 강화되었습니다,Atributo foi aprimorado,คุณสมบัติได้รับการเสริมพลัง,1,-1,{star=10;goodFeel=260;zawakeStage=408;advance=17},-1,{}
332106,3221,,6,{},0.5,大招技能获得强化提升!,終極技能獲得強化提升！,Ultimate skill has been enhanced!,Kỹ năng tối thượng đã được tăng cường!,궁극 스킬이 강화되었습니다!,Habilidade suprema foi fortalecida!,สกิลอัลติเมตได้รับการเสริมพลัง!,1,-1,{effort=11;zawakeStage=508;equipStarSum=18;equipAwakeSum=6},-1,{}
332107,3221,,7,{},0.5,属性获得增强,屬性獲得增強,Attribute has been enhanced,Thuộc tính đã được tăng cường,속성이 강화되었습니다,Atributo foi aprimorado,คุณสมบัติได้รับการเสริมพลัง,1,-1,{star=11;goodFeel=350;zawakeStage=608;advance=19},-1,{}
332108,3221,,8,{},0.5,属性获得增强,屬性獲得增強,Attribute has been enhanced,Thuộc tính đã được tăng cường,속성이 강화되었습니다,Atributo foi aprimorado,คุณสมบัติได้รับการเสริมพลัง,1,-1,{effort=13;equipStarSum=24;zawakeStage=708;nvalueSum=160},-1,{}
333101,3231,,1,{},0.5,属性获得增强,屬性獲得增強,Attribute has been enhanced,Thuộc tính đã được tăng cường,속성이 강화되었습니다,Atributo foi aprimorado,คุณสมบัติได้รับการเสริมพลัง,1,-1,{star=8;advance=13;goodFeel=100},-1,{}
333102,3231,,2,{},0.5,普攻技能获得强化提升!,普攻技能獲得強化提升！,Normal skill has been enhanced!,Kỹ năng thường đã được tăng cường!,일반 스킬이 강화되었습니다!,Habilidade normal foi fortalecida!,สกิลปกติได้รับการเสริมพลัง!,1,-1,{effort=7;zawakeStage=108;equipStarSum=6;equipAwakeSum=2},-1,{}
333103,3231,,3,{},0.5,小技能获得强化提升!,小技能獲得強化提升！,Minor skill has been enhanced!,Kỹ năng nhỏ đã được tăng cường!,소형 스킬이 강화되었습니다!,Habilidade menor foi aprimorada!,สกิลย่อยได้รับการเสริมพลัง!,1,-1,{star=9;goodFeel=180;zawakeStage=208;advance=15},-1,{}
333104,3231,,4,{},0.5,被动技能获得强化提升!,被動技能獲得強化提升！,Passive skill has been enhanced!,Kỹ năng bị động đã được tăng cường!,패시브 스킬이 강화되었습니다!,Habilidade passiva foi fortalecida!,สกิลพาสซีฟได้รับการเสริมพลัง!,1,-1,{effort=9;equipStarSum=12;zawakeStage=308;nvalueSum=160},-1,{}
333105,3231,,5,{},0.5,属性获得增强,屬性獲得增強,Attribute has been enhanced,Thuộc tính đã được tăng cường,속성이 강화되었습니다,Atributo foi aprimorado,คุณสมบัติได้รับการเสริมพลัง,1,-1,{star=10;goodFeel=260;zawakeStage=408;advance=17},-1,{}
333106,3231,,6,{},0.5,大招技能获得强化提升!,終極技能獲得強化提升！,Ultimate skill has been enhanced!,Kỹ năng tối thượng đã được tăng cường!,궁극 스킬이 강화되었습니다!,Habilidade suprema foi fortalecida!,สกิลอัลติเมตได้รับการเสริมพลัง!,1,-1,{effort=11;zawakeStage=508;equipStarSum=18;equipAwakeSum=6},-1,{}
333107,3231,,7,{},0.5,属性获得增强,屬性獲得增強,Attribute has been enhanced,Thuộc tính đã được tăng cường,속성이 강화되었습니다,Atributo foi aprimorado,คุณสมบัติได้รับการเสริมพลัง,1,-1,{star=11;goodFeel=350;zawakeStage=608;advance=19},-1,{}
333108,3231,,8,{},0.5,属性获得增强,屬性獲得增強,Attribute has been enhanced,Thuộc tính đã được tăng cường,속성이 강화되었습니다,Atributo foi aprimorado,คุณสมบัติได้รับการเสริมพลัง,1,-1,{effort=13;equipStarSum=24;zawakeStage=708;nvalueSum=160},-1,{}
334101,3241,,1,{},0.5,属性获得增强,屬性獲得增強,Attribute has been enhanced,Thuộc tính đã được tăng cường,속성이 강화되었습니다,Atributo foi aprimorado,คุณสมบัติได้รับการเสริมพลัง,1,-1,{star=8;advance=13;goodFeel=100},-1,{}
334102,3241,,2,{},0.5,普攻技能获得强化提升!,普攻技能獲得強化提升！,Normal skill has been enhanced!,Kỹ năng thường đã được tăng cường!,일반 스킬이 강화되었습니다!,Habilidade normal foi fortalecida!,สกิลปกติได้รับการเสริมพลัง!,1,-1,{effort=7;zawakeStage=108;equipStarSum=6;equipAwakeSum=2},-1,{}
334103,3241,,3,{},0.5,小技能获得强化提升!,小技能獲得強化提升！,Minor skill has been enhanced!,Kỹ năng nhỏ đã được tăng cường!,소형 스킬이 강화되었습니다!,Habilidade menor foi aprimorada!,สกิลย่อยได้รับการเสริมพลัง!,1,-1,{star=9;goodFeel=180;zawakeStage=208;advance=15},-1,{}
334104,3241,,4,{},0.5,被动技能获得强化提升!,被動技能獲得強化提升！,Passive skill has been enhanced!,Kỹ năng bị động đã được tăng cường!,패시브 스킬이 강화되었습니다!,Habilidade passiva foi fortalecida!,สกิลพาสซีฟได้รับการเสริมพลัง!,1,-1,{effort=9;equipStarSum=12;zawakeStage=308;nvalueSum=160},-1,{}
334105,3241,,5,{},0.5,属性获得增强,屬性獲得增強,Attribute has been enhanced,Thuộc tính đã được tăng cường,속성이 강화되었습니다,Atributo foi aprimorado,คุณสมบัติได้รับการเสริมพลัง,1,-1,{star=10;goodFeel=260;zawakeStage=408;advance=17},-1,{}
334106,3241,,6,{},0.5,大招技能获得强化提升!,終極技能獲得強化提升！,Ultimate skill has been enhanced!,Kỹ năng tối thượng đã được tăng cường!,궁극 스킬이 강화되었습니다!,Habilidade suprema foi fortalecida!,สกิลอัลติเมตได้รับการเสริมพลัง!,1,-1,{effort=11;zawakeStage=508;equipStarSum=18;equipAwakeSum=6},-1,{}
334107,3241,,7,{},0.5,属性获得增强,屬性獲得增強,Attribute has been enhanced,Thuộc tính đã được tăng cường,속성이 강화되었습니다,Atributo foi aprimorado,คุณสมบัติได้รับการเสริมพลัง,1,-1,{star=11;goodFeel=350;zawakeStage=608;advance=19},-1,{}
334108,3241,,8,{},0.5,属性获得增强,屬性獲得增強,Attribute has been enhanced,Thuộc tính đã được tăng cường,속성이 강화되었습니다,Atributo foi aprimorado,คุณสมบัติได้รับการเสริมพลัง,1,-1,{effort=13;equipStarSum=24;zawakeStage=708;nvalueSum=160},-1,{}
334109,3244,,1,{},0.5,属性获得增强,屬性獲得增強,Attribute has been enhanced,Thuộc tính đã được tăng cường,속성이 강화되었습니다,Atributo foi aprimorado,คุณสมบัติได้รับการเสริมพลัง,1,-1,{star=8;advance=13;goodFeel=100},-1,{}
334110,3244,,2,{},0.5,普攻技能获得强化提升!,普攻技能獲得強化提升！,Normal skill has been enhanced!,Kỹ năng thường đã được tăng cường!,일반 스킬이 강화되었습니다!,Habilidade normal foi fortalecida!,สกิลปกติได้รับการเสริมพลัง!,1,-1,{effort=7;zawakeStage=108;equipStarSum=6;equipAwakeSum=2},-1,{}
334111,3244,,3,{},0.5,小技能获得强化提升!,小技能獲得強化提升！,Minor skill has been enhanced!,Kỹ năng nhỏ đã được tăng cường!,소형 스킬이 강화되었습니다!,Habilidade menor foi aprimorada!,สกิลย่อยได้รับการเสริมพลัง!,1,-1,{star=9;goodFeel=180;zawakeStage=208;advance=15},-1,{}
334112,3244,,4,{},0.5,被动技能获得强化提升!,被動技能獲得強化提升！,Passive skill has been enhanced!,Kỹ năng bị động đã được tăng cường!,패시브 스킬이 강화되었습니다!,Habilidade passiva foi fortalecida!,สกิลพาสซีฟได้รับการเสริมพลัง!,1,-1,{effort=9;equipStarSum=12;zawakeStage=308;nvalueSum=160},-1,{}
334113,3244,,5,{},0.5,属性获得增强,屬性獲得增強,Attribute has been enhanced,Thuộc tính đã được tăng cường,속성이 강화되었습니다,Atributo foi aprimorado,คุณสมบัติได้รับการเสริมพลัง,1,-1,{star=10;goodFeel=260;zawakeStage=408;advance=17},-1,{}
334114,3244,,6,{},0.5,大招技能获得强化提升!,終極技能獲得強化提升！,Ultimate skill has been enhanced!,Kỹ năng tối thượng đã được tăng cường!,궁극 스킬이 강화되었습니다!,Habilidade suprema foi fortalecida!,สกิลอัลติเมตได้รับการเสริมพลัง!,1,-1,{effort=11;zawakeStage=508;equipStarSum=18;equipAwakeSum=6},-1,{}
334115,3244,,7,{},0.5,属性获得增强,屬性獲得增強,Attribute has been enhanced,Thuộc tính đã được tăng cường,속성이 강화되었습니다,Atributo foi aprimorado,คุณสมบัติได้รับการเสริมพลัง,1,-1,{star=11;goodFeel=350;zawakeStage=608;advance=19},-1,{}
334116,3244,,8,{},0.5,属性获得增强,屬性獲得增強,Attribute has been enhanced,Thuộc tính đã được tăng cường,속성이 강화되었습니다,Atributo foi aprimorado,คุณสมบัติได้รับการเสริมพลัง,1,-1,{effort=13;equipStarSum=24;zawakeStage=708;nvalueSum=160},-1,{}
335101,3251,,1,{},0.5,属性获得增强,屬性獲得增強,Attribute has been enhanced,Thuộc tính đã được tăng cường,속성이 강화되었습니다,Atributo foi aprimorado,คุณสมบัติได้รับการเสริมพลัง,1,-1,{star=8;advance=13;goodFeel=100},-1,{}
335102,3251,,2,{},0.5,普攻技能获得强化提升!,普攻技能獲得強化提升！,Normal skill has been enhanced!,Kỹ năng thường đã được tăng cường!,일반 스킬이 강화되었습니다!,Habilidade normal foi fortalecida!,สกิลปกติได้รับการเสริมพลัง!,1,-1,{effort=7;zawakeStage=108;equipStarSum=6;equipAwakeSum=2},-1,{}
335103,3251,,3,{},0.5,小技能获得强化提升!,小技能獲得強化提升！,Minor skill has been enhanced!,Kỹ năng nhỏ đã được tăng cường!,소형 스킬이 강화되었습니다!,Habilidade menor foi aprimorada!,สกิลย่อยได้รับการเสริมพลัง!,1,-1,{star=9;goodFeel=160;zawakeStage=208;advance=15},-1,{}
335104,3251,,4,{},0.5,被动技能获得强化提升!,被動技能獲得強化提升！,Passive skill has been enhanced!,Kỹ năng bị động đã được tăng cường!,패시브 스킬이 강화되었습니다!,Habilidade passiva foi fortalecida!,สกิลพาสซีฟได้รับการเสริมพลัง!,1,-1,{effort=9;equipStarSum=9;zawakeStage=308;nvalueSum=140},-1,{}
335105,3251,,5,{},0.5,属性获得增强,屬性獲得增強,Attribute has been enhanced,Thuộc tính đã được tăng cường,속성이 강화되었습니다,Atributo foi aprimorado,คุณสมบัติได้รับการเสริมพลัง,1,-1,{star=10;goodFeel=220;zawakeStage=408;advance=16},-1,{}
335106,3251,,6,{},0.5,大招技能获得强化提升!,終極技能獲得強化提升！,Ultimate skill has been enhanced!,Kỹ năng tối thượng đã được tăng cường!,궁극 스킬이 강화되었습니다!,Habilidade suprema foi fortalecida!,สกิลอัลติเมตได้รับการเสริมพลัง!,1,-1,{effort=11;zawakeStage=508;equipStarSum=12;equipAwakeSum=4},-1,{}
335107,3251,,7,{},0.5,属性获得增强,屬性獲得增強,Attribute has been enhanced,Thuộc tính đã được tăng cường,속성이 강화되었습니다,Atributo foi aprimorado,คุณสมบัติได้รับการเสริมพลัง,1,-1,{star=11;goodFeel=300;zawakeStage=608;advance=17},-1,{}
335108,3251,,8,{},0.5,属性获得增强,屬性獲得增強,Attribute has been enhanced,Thuộc tính đã được tăng cường,속성이 강화되었습니다,Atributo foi aprimorado,คุณสมบัติได้รับการเสริมพลัง,1,-1,{effort=13;equipStarSum=15;zawakeStage=708;nvalueSum=140},-1,{}
335201,3252,,1,{},0.5,属性获得增强,屬性獲得增強,Attribute has been enhanced,Thuộc tính đã được tăng cường,속성이 강화되었습니다,Atributo foi aprimorado,คุณสมบัติได้รับการเสริมพลัง,1,-1,{star=8;advance=13;goodFeel=100},-1,{}
335202,3252,,2,{},0.5,普攻技能获得强化提升!,普攻技能獲得強化提升！,Normal skill has been enhanced!,Kỹ năng thường đã được tăng cường!,일반 스킬이 강화되었습니다!,Habilidade normal foi fortalecida!,สกิลปกติได้รับการเสริมพลัง!,1,-1,{effort=7;zawakeStage=108;equipStarSum=6;equipAwakeSum=2},-1,{}
335203,3252,,3,{},0.5,小技能获得强化提升!,小技能獲得強化提升！,Minor skill has been enhanced!,Kỹ năng nhỏ đã được tăng cường!,소형 스킬이 강화되었습니다!,Habilidade menor foi aprimorada!,สกิลย่อยได้รับการเสริมพลัง!,1,-1,{star=9;goodFeel=160;zawakeStage=208;advance=15},-1,{}
335204,3252,,4,{},0.5,被动技能获得强化提升!,被動技能獲得強化提升！,Passive skill has been enhanced!,Kỹ năng bị động đã được tăng cường!,패시브 스킬이 강화되었습니다!,Habilidade passiva foi fortalecida!,สกิลพาสซีฟได้รับการเสริมพลัง!,1,-1,{effort=9;equipStarSum=9;zawakeStage=308;nvalueSum=140},-1,{}
335205,3252,,5,{},0.5,属性获得增强,屬性獲得增強,Attribute has been enhanced,Thuộc tính đã được tăng cường,속성이 강화되었습니다,Atributo foi aprimorado,คุณสมบัติได้รับการเสริมพลัง,1,-1,{star=10;goodFeel=220;zawakeStage=408;advance=16},-1,{}
335206,3252,,6,{},0.5,大招技能获得强化提升!,終極技能獲得強化提升！,Ultimate skill has been enhanced!,Kỹ năng tối thượng đã được tăng cường!,궁극 스킬이 강화되었습니다!,Habilidade suprema foi fortalecida!,สกิลอัลติเมตได้รับการเสริมพลัง!,1,-1,{effort=11;zawakeStage=508;equipStarSum=12;equipAwakeSum=4},-1,{}
335207,3252,,7,{},0.5,属性获得增强,屬性獲得增強,Attribute has been enhanced,Thuộc tính đã được tăng cường,속성이 강화되었습니다,Atributo foi aprimorado,คุณสมบัติได้รับการเสริมพลัง,1,-1,{star=11;goodFeel=300;zawakeStage=608;advance=17},-1,{}
335208,3252,,8,{},0.5,属性获得增强,屬性獲得增強,Attribute has been enhanced,Thuộc tính đã được tăng cường,속성이 강화되었습니다,Atributo foi aprimorado,คุณสมบัติได้รับการเสริมพลัง,1,-1,{effort=13;equipStarSum=15;zawakeStage=708;nvalueSum=140},-1,{}
336101,3261,,1,{},0.5,属性获得增强,屬性獲得增強,Attribute has been enhanced,Thuộc tính đã được tăng cường,속성이 강화되었습니다,Atributo foi aprimorado,คุณสมบัติได้รับการเสริมพลัง,1,-1,{star=8;advance=13;goodFeel=100},-1,{}
336102,3261,,2,{},0.5,普攻技能获得强化提升!,普攻技能獲得強化提升！,Normal skill has been enhanced!,Kỹ năng thường đã được tăng cường!,일반 스킬이 강화되었습니다!,Habilidade normal foi fortalecida!,สกิลปกติได้รับการเสริมพลัง!,1,-1,{effort=7;zawakeStage=108;equipStarSum=6;equipAwakeSum=2},-1,{}
336103,3261,,3,{},0.5,小技能获得强化提升!,小技能獲得強化提升！,Minor skill has been enhanced!,Kỹ năng nhỏ đã được tăng cường!,소형 스킬이 강화되었습니다!,Habilidade menor foi aprimorada!,สกิลย่อยได้รับการเสริมพลัง!,1,-1,{star=9;goodFeel=180;zawakeStage=208;advance=15},-1,{}
336104,3261,,4,{},0.5,被动技能获得强化提升!,被動技能獲得強化提升！,Passive skill has been enhanced!,Kỹ năng bị động đã được tăng cường!,패시브 스킬이 강화되었습니다!,Habilidade passiva foi fortalecida!,สกิลพาสซีฟได้รับการเสริมพลัง!,1,-1,{effort=9;equipStarSum=12;zawakeStage=308;nvalueSum=160},-1,{}
336105,3261,,5,{},0.5,属性获得增强,屬性獲得增強,Attribute has been enhanced,Thuộc tính đã được tăng cường,속성이 강화되었습니다,Atributo foi aprimorado,คุณสมบัติได้รับการเสริมพลัง,1,-1,{star=10;goodFeel=260;zawakeStage=408;advance=17},-1,{}
336106,3261,,6,{},0.5,大招技能获得强化提升!,終極技能獲得強化提升！,Ultimate skill has been enhanced!,Kỹ năng tối thượng đã được tăng cường!,궁극 스킬이 강화되었습니다!,Habilidade suprema foi fortalecida!,สกิลอัลติเมตได้รับการเสริมพลัง!,1,-1,{effort=11;zawakeStage=508;equipStarSum=18;equipAwakeSum=6},-1,{}
336107,3261,,7,{},0.5,属性获得增强,屬性獲得增強,Attribute has been enhanced,Thuộc tính đã được tăng cường,속성이 강화되었습니다,Atributo foi aprimorado,คุณสมบัติได้รับการเสริมพลัง,1,-1,{star=11;goodFeel=350;zawakeStage=608;advance=19},-1,{}
336108,3261,,8,{},0.5,属性获得增强,屬性獲得增強,Attribute has been enhanced,Thuộc tính đã được tăng cường,속성이 강화되었습니다,Atributo foi aprimorado,คุณสมบัติได้รับการเสริมพลัง,1,-1,{effort=13;equipStarSum=24;zawakeStage=708;nvalueSum=160},-1,{}
337101,3271,,1,{},0.5,属性获得增强,屬性獲得增強,Attribute has been enhanced,Thuộc tính đã được tăng cường,속성이 강화되었습니다,Atributo foi aprimorado,คุณสมบัติได้รับการเสริมพลัง,1,-1,{star=8;advance=13;goodFeel=100},-1,{}
337102,3271,,2,{},0.5,普攻技能获得强化提升!,普攻技能獲得強化提升！,Normal skill has been enhanced!,Kỹ năng thường đã được tăng cường!,일반 스킬이 강화되었습니다!,Habilidade normal foi fortalecida!,สกิลปกติได้รับการเสริมพลัง!,1,-1,{effort=7;zawakeStage=108;equipStarSum=6;equipAwakeSum=2},-1,{}
337103,3271,,3,{},0.5,小技能获得强化提升!,小技能獲得強化提升！,Minor skill has been enhanced!,Kỹ năng nhỏ đã được tăng cường!,소형 스킬이 강화되었습니다!,Habilidade menor foi aprimorada!,สกิลย่อยได้รับการเสริมพลัง!,1,-1,{star=9;goodFeel=150;zawakeStage=208;advance=14},-1,{}
337104,3271,,4,{},0.5,被动技能获得强化提升!,被動技能獲得強化提升！,Passive skill has been enhanced!,Kỹ năng bị động đã được tăng cường!,패시브 스킬이 강화되었습니다!,Habilidade passiva foi fortalecida!,สกิลพาสซีฟได้รับการเสริมพลัง!,1,-1,{effort=9;equipStarSum=8;zawakeStage=308;nvalueSum=140},-1,{}
337105,3271,,5,{},0.5,属性获得增强,屬性獲得增強,Attribute has been enhanced,Thuộc tính đã được tăng cường,속성이 강화되었습니다,Atributo foi aprimorado,คุณสมบัติได้รับการเสริมพลัง,1,-1,{star=10;goodFeel=200;zawakeStage=408;advance=15},-1,{}
337106,3271,,6,{},0.5,大招技能获得强化提升!,終極技能獲得強化提升！,Ultimate skill has been enhanced!,Kỹ năng tối thượng đã được tăng cường!,궁극 스킬이 강화되었습니다!,Habilidade suprema foi fortalecida!,สกิลอัลติเมตได้รับการเสริมพลัง!,1,-1,{effort=11;zawakeStage=508;equipStarSum=10;equipAwakeSum=4},-1,{}
337107,3271,,7,{},0.5,属性获得增强,屬性獲得增強,Attribute has been enhanced,Thuộc tính đã được tăng cường,속성이 강화되었습니다,Atributo foi aprimorado,คุณสมบัติได้รับการเสริมพลัง,1,-1,{star=11;goodFeel=250;zawakeStage=608;advance=16},-1,{}
337108,3271,,8,{},0.5,属性获得增强,屬性獲得增強,Attribute has been enhanced,Thuộc tính đã được tăng cường,속성이 강화되었습니다,Atributo foi aprimorado,คุณสมบัติได้รับการเสริมพลัง,1,-1,{effort=13;equipStarSum=12;zawakeStage=708;nvalueSum=140},-1,{}
338101,3281,,1,{},0.5,属性获得增强,屬性獲得增強,Attribute has been enhanced,Thuộc tính đã được tăng cường,속성이 강화되었습니다,Atributo foi aprimorado,คุณสมบัติได้รับการเสริมพลัง,1,-1,{star=8;advance=13;goodFeel=100},-1,{}
338102,3281,,2,{},0.5,普攻技能获得强化提升!,普攻技能獲得強化提升！,Normal skill has been enhanced!,Kỹ năng thường đã được tăng cường!,일반 스킬이 강화되었습니다!,Habilidade normal foi fortalecida!,สกิลปกติได้รับการเสริมพลัง!,1,-1,{effort=7;zawakeStage=108;equipStarSum=6;equipAwakeSum=2},-1,{}
338103,3281,,3,{},0.5,小技能获得强化提升!,小技能獲得強化提升！,Minor skill has been enhanced!,Kỹ năng nhỏ đã được tăng cường!,소형 스킬이 강화되었습니다!,Habilidade menor foi aprimorada!,สกิลย่อยได้รับการเสริมพลัง!,1,-1,{star=9;goodFeel=150;zawakeStage=208;advance=14},-1,{}
338104,3281,,4,{},0.5,被动技能获得强化提升!,被動技能獲得強化提升！,Passive skill has been enhanced!,Kỹ năng bị động đã được tăng cường!,패시브 스킬이 강화되었습니다!,Habilidade passiva foi fortalecida!,สกิลพาสซีฟได้รับการเสริมพลัง!,1,-1,{effort=9;equipStarSum=8;zawakeStage=308;nvalueSum=140},-1,{}
338105,3281,,5,{},0.5,属性获得增强,屬性獲得增強,Attribute has been enhanced,Thuộc tính đã được tăng cường,속성이 강화되었습니다,Atributo foi aprimorado,คุณสมบัติได้รับการเสริมพลัง,1,-1,{star=10;goodFeel=200;zawakeStage=408;advance=15},-1,{}
338106,3281,,6,{},0.5,大招技能获得强化提升!,終極技能獲得強化提升！,Ultimate skill has been enhanced!,Kỹ năng tối thượng đã được tăng cường!,궁극 스킬이 강화되었습니다!,Habilidade suprema foi fortalecida!,สกิลอัลติเมตได้รับการเสริมพลัง!,1,-1,{effort=11;zawakeStage=508;equipStarSum=10;equipAwakeSum=4},-1,{}
338107,3281,,7,{},0.5,属性获得增强,屬性獲得增強,Attribute has been enhanced,Thuộc tính đã được tăng cường,속성이 강화되었습니다,Atributo foi aprimorado,คุณสมบัติได้รับการเสริมพลัง,1,-1,{star=11;goodFeel=250;zawakeStage=608;advance=16},-1,{}
338108,3281,,8,{},0.5,属性获得增强,屬性獲得增強,Attribute has been enhanced,Thuộc tính đã được tăng cường,속성이 강화되었습니다,Atributo foi aprimorado,คุณสมบัติได้รับการเสริมพลัง,1,-1,{effort=13;equipStarSum=12;zawakeStage=708;nvalueSum=140},-1,{}
339101,3291,,1,{},0.5,属性获得增强,屬性獲得增強,Attribute has been enhanced,Thuộc tính đã được tăng cường,속성이 강화되었습니다,Atributo foi aprimorado,คุณสมบัติได้รับการเสริมพลัง,1,-1,{star=8;advance=13;goodFeel=100},-1,{}
339102,3291,,2,{},0.5,普攻技能获得强化提升!,普攻技能獲得強化提升！,Normal skill has been enhanced!,Kỹ năng thường đã được tăng cường!,일반 스킬이 강화되었습니다!,Habilidade normal foi fortalecida!,สกิลปกติได้รับการเสริมพลัง!,1,-1,{effort=7;zawakeStage=108;equipStarSum=6;equipAwakeSum=2},-1,{}
339103,3291,,3,{},0.5,小技能获得强化提升!,小技能獲得強化提升！,Minor skill has been enhanced!,Kỹ năng nhỏ đã được tăng cường!,소형 스킬이 강화되었습니다!,Habilidade menor foi aprimorada!,สกิลย่อยได้รับการเสริมพลัง!,1,-1,{star=9;goodFeel=150;zawakeStage=208;advance=14},-1,{}
339104,3291,,4,{},0.5,被动技能获得强化提升!,被動技能獲得強化提升！,Passive skill has been enhanced!,Kỹ năng bị động đã được tăng cường!,패시브 스킬이 강화되었습니다!,Habilidade passiva foi fortalecida!,สกิลพาสซีฟได้รับการเสริมพลัง!,1,-1,{effort=9;equipStarSum=8;zawakeStage=308;nvalueSum=140},-1,{}
339105,3291,,5,{},0.5,属性获得增强,屬性獲得增強,Attribute has been enhanced,Thuộc tính đã được tăng cường,속성이 강화되었습니다,Atributo foi aprimorado,คุณสมบัติได้รับการเสริมพลัง,1,-1,{star=10;goodFeel=200;zawakeStage=408;advance=15},-1,{}
339106,3291,,6,{},0.5,大招技能获得强化提升!,終極技能獲得強化提升！,Ultimate skill has been enhanced!,Kỹ năng tối thượng đã được tăng cường!,궁극 스킬이 강화되었습니다!,Habilidade suprema foi fortalecida!,สกิลอัลติเมตได้รับการเสริมพลัง!,1,-1,{effort=11;zawakeStage=508;equipStarSum=10;equipAwakeSum=4},-1,{}
339107,3291,,7,{},0.5,属性获得增强,屬性獲得增強,Attribute has been enhanced,Thuộc tính đã được tăng cường,속성이 강화되었습니다,Atributo foi aprimorado,คุณสมบัติได้รับการเสริมพลัง,1,-1,{star=11;goodFeel=250;zawakeStage=608;advance=16},-1,{}
339108,3291,,8,{},0.5,属性获得增强,屬性獲得增強,Attribute has been enhanced,Thuộc tính đã được tăng cường,속성이 강화되었습니다,Atributo foi aprimorado,คุณสมบัติได้รับการเสริมพลัง,1,-1,{effort=13;equipStarSum=12;zawakeStage=708;nvalueSum=140},-1,{}
340101,3301,,1,{},0.5,属性获得增强,屬性獲得增強,Attribute has been enhanced,Thuộc tính đã được tăng cường,속성이 강화되었습니다,Atributo foi aprimorado,คุณสมบัติได้รับการเสริมพลัง,1,-1,{star=8;advance=13;goodFeel=100},-1,{}
340102,3301,,2,{},0.5,普攻技能获得强化提升!,普攻技能獲得強化提升！,Normal skill has been enhanced!,Kỹ năng thường đã được tăng cường!,일반 스킬이 강화되었습니다!,Habilidade normal foi fortalecida!,สกิลปกติได้รับการเสริมพลัง!,1,-1,{effort=7;zawakeStage=108;equipStarSum=6;equipAwakeSum=2},-1,{}
340103,3301,,3,{},0.5,小技能获得强化提升!,小技能獲得強化提升！,Minor skill has been enhanced!,Kỹ năng nhỏ đã được tăng cường!,소형 스킬이 강화되었습니다!,Habilidade menor foi aprimorada!,สกิลย่อยได้รับการเสริมพลัง!,1,-1,{star=9;goodFeel=160;zawakeStage=208;advance=15},-1,{}
340104,3301,,4,{},0.5,被动技能获得强化提升!,被動技能獲得強化提升！,Passive skill has been enhanced!,Kỹ năng bị động đã được tăng cường!,패시브 스킬이 강화되었습니다!,Habilidade passiva foi fortalecida!,สกิลพาสซีฟได้รับการเสริมพลัง!,1,-1,{effort=9;equipStarSum=9;zawakeStage=308;nvalueSum=140},-1,{}
340105,3301,,5,{},0.5,属性获得增强,屬性獲得增強,Attribute has been enhanced,Thuộc tính đã được tăng cường,속성이 강화되었습니다,Atributo foi aprimorado,คุณสมบัติได้รับการเสริมพลัง,1,-1,{star=10;goodFeel=220;zawakeStage=408;advance=16},-1,{}
340106,3301,,6,{},0.5,大招技能获得强化提升!,終極技能獲得強化提升！,Ultimate skill has been enhanced!,Kỹ năng tối thượng đã được tăng cường!,궁극 스킬이 강화되었습니다!,Habilidade suprema foi fortalecida!,สกิลอัลติเมตได้รับการเสริมพลัง!,1,-1,{effort=11;zawakeStage=508;equipStarSum=12;equipAwakeSum=4},-1,{}
340107,3301,,7,{},0.5,属性获得增强,屬性獲得增強,Attribute has been enhanced,Thuộc tính đã được tăng cường,속성이 강화되었습니다,Atributo foi aprimorado,คุณสมบัติได้รับการเสริมพลัง,1,-1,{star=11;goodFeel=300;zawakeStage=608;advance=17},-1,{}
340108,3301,,8,{},0.5,属性获得增强,屬性獲得增強,Attribute has been enhanced,Thuộc tính đã được tăng cường,속성이 강화되었습니다,Atributo foi aprimorado,คุณสมบัติได้รับการเสริมพลัง,1,-1,{effort=13;equipStarSum=15;zawakeStage=708;nvalueSum=140},-1,{}
344101,3341,,1,{},0.5,属性获得增强,屬性獲得增強,Attribute has been enhanced,Thuộc tính đã được tăng cường,속성이 강화되었습니다,Atributo foi aprimorado,คุณสมบัติได้รับการเสริมพลัง,1,-1,{star=8;advance=13;goodFeel=100},-1,{}
344102,3341,,2,{},0.5,普攻技能获得强化提升!,普攻技能獲得強化提升！,Normal skill has been enhanced!,Kỹ năng thường đã được tăng cường!,일반 스킬이 강화되었습니다!,Habilidade normal foi fortalecida!,สกิลปกติได้รับการเสริมพลัง!,1,-1,{effort=7;zawakeStage=108;equipStarSum=6;equipAwakeSum=2},-1,{}
344103,3341,,3,{},0.5,小技能获得强化提升!,小技能獲得強化提升！,Minor skill has been enhanced!,Kỹ năng nhỏ đã được tăng cường!,소형 스킬이 강화되었습니다!,Habilidade menor foi aprimorada!,สกิลย่อยได้รับการเสริมพลัง!,1,-1,{star=9;goodFeel=150;zawakeStage=208;advance=14},-1,{}
344104,3341,,4,{},0.5,被动技能获得强化提升!,被動技能獲得強化提升！,Passive skill has been enhanced!,Kỹ năng bị động đã được tăng cường!,패시브 스킬이 강화되었습니다!,Habilidade passiva foi fortalecida!,สกิลพาสซีฟได้รับการเสริมพลัง!,1,-1,{effort=9;equipStarSum=8;zawakeStage=308;nvalueSum=140},-1,{}
344105,3341,,5,{},0.5,属性获得增强,屬性獲得增強,Attribute has been enhanced,Thuộc tính đã được tăng cường,속성이 강화되었습니다,Atributo foi aprimorado,คุณสมบัติได้รับการเสริมพลัง,1,-1,{star=10;goodFeel=200;zawakeStage=408;advance=15},-1,{}
344106,3341,,6,{},0.5,大招技能获得强化提升!,終極技能獲得強化提升！,Ultimate skill has been enhanced!,Kỹ năng tối thượng đã được tăng cường!,궁극 스킬이 강화되었습니다!,Habilidade suprema foi fortalecida!,สกิลอัลติเมตได้รับการเสริมพลัง!,1,-1,{effort=11;zawakeStage=508;equipStarSum=10;equipAwakeSum=4},-1,{}
344107,3341,,7,{},0.5,属性获得增强,屬性獲得增強,Attribute has been enhanced,Thuộc tính đã được tăng cường,속성이 강화되었습니다,Atributo foi aprimorado,คุณสมบัติได้รับการเสริมพลัง,1,-1,{star=11;goodFeel=250;zawakeStage=608;advance=16},-1,{}
344108,3341,,8,{},0.5,属性获得增强,屬性獲得增強,Attribute has been enhanced,Thuộc tính đã được tăng cường,속성이 강화되었습니다,Atributo foi aprimorado,คุณสมบัติได้รับการเสริมพลัง,1,-1,{effort=13;equipStarSum=12;zawakeStage=708;nvalueSum=140},-1,{}
345101,3351,,1,{},0.5,属性获得增强,屬性獲得增強,Attribute has been enhanced,Thuộc tính đã được tăng cường,속성이 강화되었습니다,Atributo foi aprimorado,คุณสมบัติได้รับการเสริมพลัง,1,-1,{star=8;advance=13;goodFeel=100},-1,{}
345102,3351,,2,{},0.5,普攻技能获得强化提升!,普攻技能獲得強化提升！,Normal skill has been enhanced!,Kỹ năng thường đã được tăng cường!,일반 스킬이 강화되었습니다!,Habilidade normal foi fortalecida!,สกิลปกติได้รับการเสริมพลัง!,1,-1,{effort=7;zawakeStage=108;equipStarSum=6;equipAwakeSum=2},-1,{}
345103,3351,,3,{},0.5,小技能获得强化提升!,小技能獲得強化提升！,Minor skill has been enhanced!,Kỹ năng nhỏ đã được tăng cường!,소형 스킬이 강화되었습니다!,Habilidade menor foi aprimorada!,สกิลย่อยได้รับการเสริมพลัง!,1,-1,{star=9;goodFeel=160;zawakeStage=208;advance=15},-1,{}
345104,3351,,4,{},0.5,被动技能获得强化提升!,被動技能獲得強化提升！,Passive skill has been enhanced!,Kỹ năng bị động đã được tăng cường!,패시브 스킬이 강화되었습니다!,Habilidade passiva foi fortalecida!,สกิลพาสซีฟได้รับการเสริมพลัง!,1,-1,{effort=9;equipStarSum=9;zawakeStage=308;nvalueSum=140},-1,{}
345105,3351,,5,{},0.5,属性获得增强,屬性獲得增強,Attribute has been enhanced,Thuộc tính đã được tăng cường,속성이 강화되었습니다,Atributo foi aprimorado,คุณสมบัติได้รับการเสริมพลัง,1,-1,{star=10;goodFeel=220;zawakeStage=408;advance=16},-1,{}
345106,3351,,6,{},0.5,大招技能获得强化提升!,終極技能獲得強化提升！,Ultimate skill has been enhanced!,Kỹ năng tối thượng đã được tăng cường!,궁극 스킬이 강화되었습니다!,Habilidade suprema foi fortalecida!,สกิลอัลติเมตได้รับการเสริมพลัง!,1,-1,{effort=11;zawakeStage=508;equipStarSum=12;equipAwakeSum=4},-1,{}
345107,3351,,7,{},0.5,属性获得增强,屬性獲得增強,Attribute has been enhanced,Thuộc tính đã được tăng cường,속성이 강화되었습니다,Atributo foi aprimorado,คุณสมบัติได้รับการเสริมพลัง,1,-1,{star=11;goodFeel=300;zawakeStage=608;advance=17},-1,{}
345108,3351,,8,{},0.5,属性获得增强,屬性獲得增強,Attribute has been enhanced,Thuộc tính đã được tăng cường,속성이 강화되었습니다,Atributo foi aprimorado,คุณสมบัติได้รับการเสริมพลัง,1,-1,{effort=13;equipStarSum=15;zawakeStage=708;nvalueSum=140},-1,{}
351101,3411,,1,{},0.5,属性获得增强,屬性獲得增強,Attribute has been enhanced,Thuộc tính đã được tăng cường,속성이 강화되었습니다,Atributo foi aprimorado,คุณสมบัติได้รับการเสริมพลัง,1,-1,{star=8;advance=13;goodFeel=100},-1,{}
351102,3411,,2,{},0.5,普攻技能获得强化提升!,普攻技能獲得強化提升！,Normal skill has been enhanced!,Kỹ năng thường đã được tăng cường!,일반 스킬이 강화되었습니다!,Habilidade normal foi fortalecida!,สกิลปกติได้รับการเสริมพลัง!,1,-1,{effort=7;zawakeStage=108;equipStarSum=6;equipAwakeSum=2},-1,{}
351103,3411,,3,{},0.5,小技能获得强化提升!,小技能獲得強化提升！,Minor skill has been enhanced!,Kỹ năng nhỏ đã được tăng cường!,소형 스킬이 강화되었습니다!,Habilidade menor foi aprimorada!,สกิลย่อยได้รับการเสริมพลัง!,1,-1,{star=9;goodFeel=160;zawakeStage=208;advance=15},-1,{}
351104,3411,,4,{},0.5,被动技能获得强化提升!,被動技能獲得強化提升！,Passive skill has been enhanced!,Kỹ năng bị động đã được tăng cường!,패시브 스킬이 강화되었습니다!,Habilidade passiva foi fortalecida!,สกิลพาสซีฟได้รับการเสริมพลัง!,1,-1,{effort=9;equipStarSum=9;zawakeStage=308;nvalueSum=140},-1,{}
351105,3411,,5,{},0.5,属性获得增强,屬性獲得增強,Attribute has been enhanced,Thuộc tính đã được tăng cường,속성이 강화되었습니다,Atributo foi aprimorado,คุณสมบัติได้รับการเสริมพลัง,1,-1,{star=10;goodFeel=220;zawakeStage=408;advance=16},-1,{}
351106,3411,,6,{},0.5,大招技能获得强化提升!,終極技能獲得強化提升！,Ultimate skill has been enhanced!,Kỹ năng tối thượng đã được tăng cường!,궁극 스킬이 강화되었습니다!,Habilidade suprema foi fortalecida!,สกิลอัลติเมตได้รับการเสริมพลัง!,1,-1,{effort=11;zawakeStage=508;equipStarSum=12;equipAwakeSum=4},-1,{}
351107,3411,,7,{},0.5,属性获得增强,屬性獲得增強,Attribute has been enhanced,Thuộc tính đã được tăng cường,속성이 강화되었습니다,Atributo foi aprimorado,คุณสมบัติได้รับการเสริมพลัง,1,-1,{star=11;goodFeel=300;zawakeStage=608;advance=17},-1,{}
351108,3411,,8,{},0.5,属性获得增强,屬性獲得增強,Attribute has been enhanced,Thuộc tính đã được tăng cường,속성이 강화되었습니다,Atributo foi aprimorado,คุณสมบัติได้รับการเสริมพลัง,1,-1,{effort=13;equipStarSum=15;zawakeStage=708;nvalueSum=140},-1,{}
353101,3431,,1,{},0.5,属性获得增强,屬性獲得增強,Attribute has been enhanced,Thuộc tính đã được tăng cường,속성이 강화되었습니다,Atributo foi aprimorado,คุณสมบัติได้รับการเสริมพลัง,1,-1,{star=8;advance=13;goodFeel=100},-1,{}
353102,3431,,2,{},0.5,普攻技能获得强化提升!,普攻技能獲得強化提升！,Normal skill has been enhanced!,Kỹ năng thường đã được tăng cường!,일반 스킬이 강화되었습니다!,Habilidade normal foi fortalecida!,สกิลปกติได้รับการเสริมพลัง!,1,-1,{effort=7;zawakeStage=108;equipStarSum=6;equipAwakeSum=2},-1,{}
353103,3431,,3,{},0.5,小技能获得强化提升!,小技能獲得強化提升！,Minor skill has been enhanced!,Kỹ năng nhỏ đã được tăng cường!,소형 스킬이 강화되었습니다!,Habilidade menor foi aprimorada!,สกิลย่อยได้รับการเสริมพลัง!,1,-1,{star=9;goodFeel=150;zawakeStage=208;advance=14},-1,{}
353104,3431,,4,{},0.5,被动技能获得强化提升!,被動技能獲得強化提升！,Passive skill has been enhanced!,Kỹ năng bị động đã được tăng cường!,패시브 스킬이 강화되었습니다!,Habilidade passiva foi fortalecida!,สกิลพาสซีฟได้รับการเสริมพลัง!,1,-1,{effort=9;equipStarSum=8;zawakeStage=308;nvalueSum=140},-1,{}
353105,3431,,5,{},0.5,属性获得增强,屬性獲得增強,Attribute has been enhanced,Thuộc tính đã được tăng cường,속성이 강화되었습니다,Atributo foi aprimorado,คุณสมบัติได้รับการเสริมพลัง,1,-1,{star=10;goodFeel=200;zawakeStage=408;advance=15},-1,{}
353106,3431,,6,{},0.5,大招技能获得强化提升!,終極技能獲得強化提升！,Ultimate skill has been enhanced!,Kỹ năng tối thượng đã được tăng cường!,궁극 스킬이 강화되었습니다!,Habilidade suprema foi fortalecida!,สกิลอัลติเมตได้รับการเสริมพลัง!,1,-1,{effort=11;zawakeStage=508;equipStarSum=10;equipAwakeSum=4},-1,{}
353107,3431,,7,{},0.5,属性获得增强,屬性獲得增強,Attribute has been enhanced,Thuộc tính đã được tăng cường,속성이 강화되었습니다,Atributo foi aprimorado,คุณสมบัติได้รับการเสริมพลัง,1,-1,{star=11;goodFeel=250;zawakeStage=608;advance=16},-1,{}
353108,3431,,8,{},0.5,属性获得增强,屬性獲得增強,Attribute has been enhanced,Thuộc tính đã được tăng cường,속성이 강화되었습니다,Atributo foi aprimorado,คุณสมบัติได้รับการเสริมพลัง,1,-1,{effort=13;equipStarSum=12;zawakeStage=708;nvalueSum=140},-1,{}
357101,3471,,1,{},0.5,属性获得增强,屬性獲得增強,Attribute has been enhanced,Thuộc tính đã được tăng cường,속성이 강화되었습니다,Atributo foi aprimorado,คุณสมบัติได้รับการเสริมพลัง,1,-1,{star=8;advance=13;goodFeel=100},-1,{}
357102,3471,,2,{},0.5,普攻技能获得强化提升!,普攻技能獲得強化提升！,Normal skill has been enhanced!,Kỹ năng thường đã được tăng cường!,일반 스킬이 강화되었습니다!,Habilidade normal foi fortalecida!,สกิลปกติได้รับการเสริมพลัง!,1,-1,{effort=7;zawakeStage=108;equipStarSum=6;equipAwakeSum=2},-1,{}
357103,3471,,3,{},0.5,小技能获得强化提升!,小技能獲得強化提升！,Minor skill has been enhanced!,Kỹ năng nhỏ đã được tăng cường!,소형 스킬이 강화되었습니다!,Habilidade menor foi aprimorada!,สกิลย่อยได้รับการเสริมพลัง!,1,-1,{star=9;goodFeel=150;zawakeStage=208;advance=14},-1,{}
357104,3471,,4,{},0.5,被动技能获得强化提升!,被動技能獲得強化提升！,Passive skill has been enhanced!,Kỹ năng bị động đã được tăng cường!,패시브 스킬이 강화되었습니다!,Habilidade passiva foi fortalecida!,สกิลพาสซีฟได้รับการเสริมพลัง!,1,-1,{effort=9;equipStarSum=8;zawakeStage=308;nvalueSum=140},-1,{}
357105,3471,,5,{},0.5,属性获得增强,屬性獲得增強,Attribute has been enhanced,Thuộc tính đã được tăng cường,속성이 강화되었습니다,Atributo foi aprimorado,คุณสมบัติได้รับการเสริมพลัง,1,-1,{star=10;goodFeel=200;zawakeStage=408;advance=15},-1,{}
357106,3471,,6,{},0.5,大招技能获得强化提升!,終極技能獲得強化提升！,Ultimate skill has been enhanced!,Kỹ năng tối thượng đã được tăng cường!,궁극 스킬이 강화되었습니다!,Habilidade suprema foi fortalecida!,สกิลอัลติเมตได้รับการเสริมพลัง!,1,-1,{effort=11;zawakeStage=508;equipStarSum=10;equipAwakeSum=4},-1,{}
357107,3471,,7,{},0.5,属性获得增强,屬性獲得增強,Attribute has been enhanced,Thuộc tính đã được tăng cường,속성이 강화되었습니다,Atributo foi aprimorado,คุณสมบัติได้รับการเสริมพลัง,1,-1,{star=11;goodFeel=250;zawakeStage=608;advance=16},-1,{}
357108,3471,,8,{},0.5,属性获得增强,屬性獲得增強,Attribute has been enhanced,Thuộc tính đã được tăng cường,속성이 강화되었습니다,Atributo foi aprimorado,คุณสมบัติได้รับการเสริมพลัง,1,-1,{effort=13;equipStarSum=12;zawakeStage=708;nvalueSum=140},-1,{}
360101,3501,,1,{},0.5,属性获得增强,屬性獲得增強,Attribute has been enhanced,Thuộc tính đã được tăng cường,속성이 강화되었습니다,Atributo foi aprimorado,คุณสมบัติได้รับการเสริมพลัง,1,-1,{star=8;advance=13;goodFeel=100},-1,{}
360102,3501,,2,{},0.5,普攻技能获得强化提升!,普攻技能獲得強化提升！,Normal skill has been enhanced!,Kỹ năng thường đã được tăng cường!,일반 스킬이 강화되었습니다!,Habilidade normal foi fortalecida!,สกิลปกติได้รับการเสริมพลัง!,1,-1,{effort=7;zawakeStage=108;equipStarSum=6;equipAwakeSum=2},-1,{}
360103,3501,,3,{},0.5,小技能获得强化提升!,小技能獲得強化提升！,Minor skill has been enhanced!,Kỹ năng nhỏ đã được tăng cường!,소형 스킬이 강화되었습니다!,Habilidade menor foi aprimorada!,สกิลย่อยได้รับการเสริมพลัง!,1,-1,{star=9;goodFeel=150;zawakeStage=208;advance=14},-1,{}
360104,3501,,4,{},0.5,被动技能获得强化提升!,被動技能獲得強化提升！,Passive skill has been enhanced!,Kỹ năng bị động đã được tăng cường!,패시브 스킬이 강화되었습니다!,Habilidade passiva foi fortalecida!,สกิลพาสซีฟได้รับการเสริมพลัง!,1,-1,{effort=9;equipStarSum=8;zawakeStage=308;nvalueSum=140},-1,{}
360105,3501,,5,{},0.5,属性获得增强,屬性獲得增強,Attribute has been enhanced,Thuộc tính đã được tăng cường,속성이 강화되었습니다,Atributo foi aprimorado,คุณสมบัติได้รับการเสริมพลัง,1,-1,{star=10;goodFeel=200;zawakeStage=408;advance=15},-1,{}
360106,3501,,6,{},0.5,大招技能获得强化提升!,終極技能獲得強化提升！,Ultimate skill has been enhanced!,Kỹ năng tối thượng đã được tăng cường!,궁극 스킬이 강화되었습니다!,Habilidade suprema foi fortalecida!,สกิลอัลติเมตได้รับการเสริมพลัง!,1,-1,{effort=11;zawakeStage=508;equipStarSum=10;equipAwakeSum=4},-1,{}
360107,3501,,7,{},0.5,属性获得增强,屬性獲得增強,Attribute has been enhanced,Thuộc tính đã được tăng cường,속성이 강화되었습니다,Atributo foi aprimorado,คุณสมบัติได้รับการเสริมพลัง,1,-1,{star=11;goodFeel=250;zawakeStage=608;advance=16},-1,{}
360108,3501,,8,{},0.5,属性获得增强,屬性獲得增強,Attribute has been enhanced,Thuộc tính đã được tăng cường,속성이 강화되었습니다,Atributo foi aprimorado,คุณสมบัติได้รับการเสริมพลัง,1,-1,{effort=13;equipStarSum=12;zawakeStage=708;nvalueSum=140},-1,{}
361101,3511,,1,{},0.5,属性获得增强,屬性獲得增強,Attribute has been enhanced,Thuộc tính đã được tăng cường,속성이 강화되었습니다,Atributo foi aprimorado,คุณสมบัติได้รับการเสริมพลัง,1,-1,{star=8;advance=13;goodFeel=100},-1,{}
361102,3511,,2,{},0.5,普攻技能获得强化提升!,普攻技能獲得強化提升！,Normal skill has been enhanced!,Kỹ năng thường đã được tăng cường!,일반 스킬이 강화되었습니다!,Habilidade normal foi fortalecida!,สกิลปกติได้รับการเสริมพลัง!,1,-1,{effort=7;zawakeStage=108;equipStarSum=6;equipAwakeSum=2},-1,{}
361103,3511,,3,{},0.5,小技能获得强化提升!,小技能獲得強化提升！,Minor skill has been enhanced!,Kỹ năng nhỏ đã được tăng cường!,소형 스킬이 강화되었습니다!,Habilidade menor foi aprimorada!,สกิลย่อยได้รับการเสริมพลัง!,1,-1,{star=9;goodFeel=150;zawakeStage=208;advance=14},-1,{}
361104,3511,,4,{},0.5,被动技能获得强化提升!,被動技能獲得強化提升！,Passive skill has been enhanced!,Kỹ năng bị động đã được tăng cường!,패시브 스킬이 강화되었습니다!,Habilidade passiva foi fortalecida!,สกิลพาสซีฟได้รับการเสริมพลัง!,1,-1,{effort=9;equipStarSum=8;zawakeStage=308;nvalueSum=140},-1,{}
361105,3511,,5,{},0.5,属性获得增强,屬性獲得增強,Attribute has been enhanced,Thuộc tính đã được tăng cường,속성이 강화되었습니다,Atributo foi aprimorado,คุณสมบัติได้รับการเสริมพลัง,1,-1,{star=10;goodFeel=200;zawakeStage=408;advance=15},-1,{}
361106,3511,,6,{},0.5,大招技能获得强化提升!,終極技能獲得強化提升！,Ultimate skill has been enhanced!,Kỹ năng tối thượng đã được tăng cường!,궁극 스킬이 강화되었습니다!,Habilidade suprema foi fortalecida!,สกิลอัลติเมตได้รับการเสริมพลัง!,1,-1,{effort=11;zawakeStage=508;equipStarSum=10;equipAwakeSum=4},-1,{}
361107,3511,,7,{},0.5,属性获得增强,屬性獲得增強,Attribute has been enhanced,Thuộc tính đã được tăng cường,속성이 강화되었습니다,Atributo foi aprimorado,คุณสมบัติได้รับการเสริมพลัง,1,-1,{star=11;goodFeel=250;zawakeStage=608;advance=16},-1,{}
361108,3511,,8,{},0.5,属性获得增强,屬性獲得增強,Attribute has been enhanced,Thuộc tính đã được tăng cường,속성이 강화되었습니다,Atributo foi aprimorado,คุณสมบัติได้รับการเสริมพลัง,1,-1,{effort=13;equipStarSum=12;zawakeStage=708;nvalueSum=140},-1,{}
363201,3632,,1,{},0.5,属性获得增强,屬性獲得增強,Attribute has been enhanced,Thuộc tính đã được tăng cường,속성이 강화되었습니다,Atributo foi aprimorado,คุณสมบัติได้รับการเสริมพลัง,1,-1,{star=8;advance=13;goodFeel=100},-1,{}
363202,3632,,2,{},0.5,普攻技能获得强化提升!,普攻技能獲得強化提升！,Normal skill has been enhanced!,Kỹ năng thường đã được tăng cường!,일반 스킬이 강화되었습니다!,Habilidade normal foi fortalecida!,สกิลปกติได้รับการเสริมพลัง!,1,-1,{effort=7;zawakeStage=108;equipStarSum=6;equipAwakeSum=2},-1,{}
363203,3632,,3,{},0.5,小技能获得强化提升!,小技能獲得強化提升！,Minor skill has been enhanced!,Kỹ năng nhỏ đã được tăng cường!,소형 스킬이 강화되었습니다!,Habilidade menor foi aprimorada!,สกิลย่อยได้รับการเสริมพลัง!,1,-1,{star=9;goodFeel=180;zawakeStage=208;advance=15},-1,{}
363204,3632,,4,{},0.5,被动技能获得强化提升!,被動技能獲得強化提升！,Passive skill has been enhanced!,Kỹ năng bị động đã được tăng cường!,패시브 스킬이 강화되었습니다!,Habilidade passiva foi fortalecida!,สกิลพาสซีฟได้รับการเสริมพลัง!,1,-1,{effort=9;equipStarSum=12;zawakeStage=308;nvalueSum=160},-1,{}
363205,3632,,5,{},0.5,属性获得增强,屬性獲得增強,Attribute has been enhanced,Thuộc tính đã được tăng cường,속성이 강화되었습니다,Atributo foi aprimorado,คุณสมบัติได้รับการเสริมพลัง,1,-1,{star=10;goodFeel=260;zawakeStage=408;advance=17},-1,{}
363206,3632,,6,{},0.5,大招技能获得强化提升!,終極技能獲得強化提升！,Ultimate skill has been enhanced!,Kỹ năng tối thượng đã được tăng cường!,궁극 스킬이 강화되었습니다!,Habilidade suprema foi fortalecida!,สกิลอัลติเมตได้รับการเสริมพลัง!,1,-1,{effort=11;zawakeStage=508;equipStarSum=18;equipAwakeSum=6},-1,{}
363207,3632,,7,{},0.5,属性获得增强,屬性獲得增強,Attribute has been enhanced,Thuộc tính đã được tăng cường,속성이 강화되었습니다,Atributo foi aprimorado,คุณสมบัติได้รับการเสริมพลัง,1,-1,{star=11;goodFeel=350;zawakeStage=608;advance=19},-1,{}
363208,3632,,8,{},0.5,属性获得增强,屬性獲得增強,Attribute has been enhanced,Thuộc tính đã được tăng cường,속성이 강화되었습니다,Atributo foi aprimorado,คุณสมบัติได้รับการเสริมพลัง,1,-1,{effort=13;equipStarSum=24;zawakeStage=708;nvalueSum=160},-1,{}
364101,3541,,1,{},0.5,属性获得增强,屬性獲得增強,Attribute has been enhanced,Thuộc tính đã được tăng cường,속성이 강화되었습니다,Atributo foi aprimorado,คุณสมบัติได้รับการเสริมพลัง,1,-1,{star=8;advance=13;goodFeel=100},-1,{}
364102,3541,,2,{},0.5,普攻技能获得强化提升!,普攻技能獲得強化提升！,Normal skill has been enhanced!,Kỹ năng thường đã được tăng cường!,일반 스킬이 강화되었습니다!,Habilidade normal foi fortalecida!,สกิลปกติได้รับการเสริมพลัง!,1,-1,{effort=7;zawakeStage=108;equipStarSum=6;equipAwakeSum=2},-1,{}
364103,3541,,3,{},0.5,小技能获得强化提升!,小技能獲得強化提升！,Minor skill has been enhanced!,Kỹ năng nhỏ đã được tăng cường!,소형 스킬이 강화되었습니다!,Habilidade menor foi aprimorada!,สกิลย่อยได้รับการเสริมพลัง!,1,-1,{star=9;goodFeel=160;zawakeStage=208;advance=15},-1,{}
364104,3541,,4,{},0.5,被动技能获得强化提升!,被動技能獲得強化提升！,Passive skill has been enhanced!,Kỹ năng bị động đã được tăng cường!,패시브 스킬이 강화되었습니다!,Habilidade passiva foi fortalecida!,สกิลพาสซีฟได้รับการเสริมพลัง!,1,-1,{effort=9;equipStarSum=9;zawakeStage=308;nvalueSum=140},-1,{}
364105,3541,,5,{},0.5,属性获得增强,屬性獲得增強,Attribute has been enhanced,Thuộc tính đã được tăng cường,속성이 강화되었습니다,Atributo foi aprimorado,คุณสมบัติได้รับการเสริมพลัง,1,-1,{star=10;goodFeel=220;zawakeStage=408;advance=16},-1,{}
364106,3541,,6,{},0.5,大招技能获得强化提升!,終極技能獲得強化提升！,Ultimate skill has been enhanced!,Kỹ năng tối thượng đã được tăng cường!,궁극 스킬이 강화되었습니다!,Habilidade suprema foi fortalecida!,สกิลอัลติเมตได้รับการเสริมพลัง!,1,-1,{effort=11;zawakeStage=508;equipStarSum=12;equipAwakeSum=4},-1,{}
364107,3541,,7,{},0.5,属性获得增强,屬性獲得增強,Attribute has been enhanced,Thuộc tính đã được tăng cường,속성이 강화되었습니다,Atributo foi aprimorado,คุณสมบัติได้รับการเสริมพลัง,1,-1,{star=11;goodFeel=300;zawakeStage=608;advance=17},-1,{}
364108,3541,,8,{},0.5,属性获得增强,屬性獲得增強,Attribute has been enhanced,Thuộc tính đã được tăng cường,속성이 강화되었습니다,Atributo foi aprimorado,คุณสมบัติได้รับการเสริมพลัง,1,-1,{effort=13;equipStarSum=15;zawakeStage=708;nvalueSum=140},-1,{}
366101,3561,,1,{},0.5,属性获得增强,屬性獲得增強,Attribute has been enhanced,Thuộc tính đã được tăng cường,속성이 강화되었습니다,Atributo foi aprimorado,คุณสมบัติได้รับการเสริมพลัง,1,-1,{star=8;advance=13;goodFeel=100},-1,{}
366102,3561,,2,{},0.5,普攻技能获得强化提升!,普攻技能獲得強化提升！,Normal skill has been enhanced!,Kỹ năng thường đã được tăng cường!,일반 스킬이 강화되었습니다!,Habilidade normal foi fortalecida!,สกิลปกติได้รับการเสริมพลัง!,1,-1,{effort=7;zawakeStage=108;equipStarSum=6;equipAwakeSum=2},-1,{}
366103,3561,,3,{},0.5,小技能获得强化提升!,小技能獲得強化提升！,Minor skill has been enhanced!,Kỹ năng nhỏ đã được tăng cường!,소형 스킬이 강화되었습니다!,Habilidade menor foi aprimorada!,สกิลย่อยได้รับการเสริมพลัง!,1,-1,{star=9;goodFeel=150;zawakeStage=208;advance=14},-1,{}
366104,3561,,4,{},0.5,被动技能获得强化提升!,被動技能獲得強化提升！,Passive skill has been enhanced!,Kỹ năng bị động đã được tăng cường!,패시브 스킬이 강화되었습니다!,Habilidade passiva foi fortalecida!,สกิลพาสซีฟได้รับการเสริมพลัง!,1,-1,{effort=9;equipStarSum=8;zawakeStage=308;nvalueSum=140},-1,{}
366105,3561,,5,{},0.5,属性获得增强,屬性獲得增強,Attribute has been enhanced,Thuộc tính đã được tăng cường,속성이 강화되었습니다,Atributo foi aprimorado,คุณสมบัติได้รับการเสริมพลัง,1,-1,{star=10;goodFeel=200;zawakeStage=408;advance=15},-1,{}
366106,3561,,6,{},0.5,大招技能获得强化提升!,終極技能獲得強化提升！,Ultimate skill has been enhanced!,Kỹ năng tối thượng đã được tăng cường!,궁극 스킬이 강화되었습니다!,Habilidade suprema foi fortalecida!,สกิลอัลติเมตได้รับการเสริมพลัง!,1,-1,{effort=11;zawakeStage=508;equipStarSum=10;equipAwakeSum=4},-1,{}
366107,3561,,7,{},0.5,属性获得增强,屬性獲得增強,Attribute has been enhanced,Thuộc tính đã được tăng cường,속성이 강화되었습니다,Atributo foi aprimorado,คุณสมบัติได้รับการเสริมพลัง,1,-1,{star=11;goodFeel=250;zawakeStage=608;advance=16},-1,{}
366108,3561,,8,{},0.5,属性获得增强,屬性獲得增強,Attribute has been enhanced,Thuộc tính đã được tăng cường,속성이 강화되었습니다,Atributo foi aprimorado,คุณสมบัติได้รับการเสริมพลัง,1,-1,{effort=13;equipStarSum=12;zawakeStage=708;nvalueSum=140},-1,{}
369101,3591,,1,{},0.5,属性获得增强,屬性獲得增強,Attribute has been enhanced,Thuộc tính đã được tăng cường,속성이 강화되었습니다,Atributo foi aprimorado,คุณสมบัติได้รับการเสริมพลัง,1,-1,{star=8;advance=13;goodFeel=100},-1,{}
369102,3591,,2,{},0.5,普攻技能获得强化提升!,普攻技能獲得強化提升！,Normal skill has been enhanced!,Kỹ năng thường đã được tăng cường!,일반 스킬이 강화되었습니다!,Habilidade normal foi fortalecida!,สกิลปกติได้รับการเสริมพลัง!,1,-1,{effort=7;zawakeStage=108;equipStarSum=6;equipAwakeSum=2},-1,{}
369103,3591,,3,{},0.5,小技能获得强化提升!,小技能獲得強化提升！,Minor skill has been enhanced!,Kỹ năng nhỏ đã được tăng cường!,소형 스킬이 강화되었습니다!,Habilidade menor foi aprimorada!,สกิลย่อยได้รับการเสริมพลัง!,1,-1,{star=9;goodFeel=160;zawakeStage=208;advance=15},-1,{}
369104,3591,,4,{},0.5,被动技能获得强化提升!,被動技能獲得強化提升！,Passive skill has been enhanced!,Kỹ năng bị động đã được tăng cường!,패시브 스킬이 강화되었습니다!,Habilidade passiva foi fortalecida!,สกิลพาสซีฟได้รับการเสริมพลัง!,1,-1,{effort=9;equipStarSum=9;zawakeStage=308;nvalueSum=140},-1,{}
369105,3591,,5,{},0.5,属性获得增强,屬性獲得增強,Attribute has been enhanced,Thuộc tính đã được tăng cường,속성이 강화되었습니다,Atributo foi aprimorado,คุณสมบัติได้รับการเสริมพลัง,1,-1,{star=10;goodFeel=220;zawakeStage=408;advance=16},-1,{}
369106,3591,,6,{},0.5,大招技能获得强化提升!,終極技能獲得強化提升！,Ultimate skill has been enhanced!,Kỹ năng tối thượng đã được tăng cường!,궁극 스킬이 강화되었습니다!,Habilidade suprema foi fortalecida!,สกิลอัลติเมตได้รับการเสริมพลัง!,1,-1,{effort=11;zawakeStage=508;equipStarSum=12;equipAwakeSum=4},-1,{}
369107,3591,,7,{},0.5,属性获得增强,屬性獲得增強,Attribute has been enhanced,Thuộc tính đã được tăng cường,속성이 강화되었습니다,Atributo foi aprimorado,คุณสมบัติได้รับการเสริมพลัง,1,-1,{star=11;goodFeel=300;zawakeStage=608;advance=17},-1,{}
369108,3591,,8,{},0.5,属性获得增强,屬性獲得增強,Attribute has been enhanced,Thuộc tính đã được tăng cường,속성이 강화되었습니다,Atributo foi aprimorado,คุณสมบัติได้รับการเสริมพลัง,1,-1,{effort=13;equipStarSum=15;zawakeStage=708;nvalueSum=140},-1,{}
370101,3601,,1,{},0.5,属性获得增强,屬性獲得增強,Attribute has been enhanced,Thuộc tính đã được tăng cường,속성이 강화되었습니다,Atributo foi aprimorado,คุณสมบัติได้รับการเสริมพลัง,1,-1,{star=8;advance=13;goodFeel=100},-1,{}
370102,3601,,2,{},0.5,普攻技能获得强化提升!,普攻技能獲得強化提升！,Normal skill has been enhanced!,Kỹ năng thường đã được tăng cường!,일반 스킬이 강화되었습니다!,Habilidade normal foi fortalecida!,สกิลปกติได้รับการเสริมพลัง!,1,-1,{effort=7;zawakeStage=108;equipStarSum=6;equipAwakeSum=2},-1,{}
370103,3601,,3,{},0.5,小技能获得强化提升!,小技能獲得強化提升！,Minor skill has been enhanced!,Kỹ năng nhỏ đã được tăng cường!,소형 스킬이 강화되었습니다!,Habilidade menor foi aprimorada!,สกิลย่อยได้รับการเสริมพลัง!,1,-1,{star=9;goodFeel=180;zawakeStage=208;advance=15},-1,{}
370104,3601,,4,{},0.5,被动技能获得强化提升!,被動技能獲得強化提升！,Passive skill has been enhanced!,Kỹ năng bị động đã được tăng cường!,패시브 스킬이 강화되었습니다!,Habilidade passiva foi fortalecida!,สกิลพาสซีฟได้รับการเสริมพลัง!,1,-1,{effort=9;equipStarSum=12;zawakeStage=308;nvalueSum=160},-1,{}
370105,3601,,5,{},0.5,属性获得增强,屬性獲得增強,Attribute has been enhanced,Thuộc tính đã được tăng cường,속성이 강화되었습니다,Atributo foi aprimorado,คุณสมบัติได้รับการเสริมพลัง,1,-1,{star=10;goodFeel=260;zawakeStage=408;advance=17},-1,{}
370106,3601,,6,{},0.5,大招技能获得强化提升!,終極技能獲得強化提升！,Ultimate skill has been enhanced!,Kỹ năng tối thượng đã được tăng cường!,궁극 스킬이 강화되었습니다!,Habilidade suprema foi fortalecida!,สกิลอัลติเมตได้รับการเสริมพลัง!,1,-1,{effort=11;zawakeStage=508;equipStarSum=18;equipAwakeSum=6},-1,{}
370107,3601,,7,{},0.5,属性获得增强,屬性獲得增強,Attribute has been enhanced,Thuộc tính đã được tăng cường,속성이 강화되었습니다,Atributo foi aprimorado,คุณสมบัติได้รับการเสริมพลัง,1,-1,{star=11;goodFeel=350;zawakeStage=608;advance=19},-1,{}
370108,3601,,8,{},0.5,属性获得增强,屬性獲得增強,Attribute has been enhanced,Thuộc tính đã được tăng cường,속성이 강화되었습니다,Atributo foi aprimorado,คุณสมบัติได้รับการเสริมพลัง,1,-1,{effort=13;equipStarSum=24;zawakeStage=708;nvalueSum=160},-1,{}
371101,3611,,1,{},0.5,属性获得增强,屬性獲得增強,Attribute has been enhanced,Thuộc tính đã được tăng cường,속성이 강화되었습니다,Atributo foi aprimorado,คุณสมบัติได้รับการเสริมพลัง,1,-1,{star=8;advance=13;goodFeel=100},-1,{}
371102,3611,,2,{},0.5,普攻技能获得强化提升!,普攻技能獲得強化提升！,Normal skill has been enhanced!,Kỹ năng thường đã được tăng cường!,일반 스킬이 강화되었습니다!,Habilidade normal foi fortalecida!,สกิลปกติได้รับการเสริมพลัง!,1,-1,{effort=7;zawakeStage=108;equipStarSum=6;equipAwakeSum=2},-1,{}
371103,3611,,3,{},0.5,小技能获得强化提升!,小技能獲得強化提升！,Minor skill has been enhanced!,Kỹ năng nhỏ đã được tăng cường!,소형 스킬이 강화되었습니다!,Habilidade menor foi aprimorada!,สกิลย่อยได้รับการเสริมพลัง!,1,-1,{star=9;goodFeel=180;zawakeStage=208;advance=15},-1,{}
371104,3611,,4,{},0.5,被动技能获得强化提升!,被動技能獲得強化提升！,Passive skill has been enhanced!,Kỹ năng bị động đã được tăng cường!,패시브 스킬이 강화되었습니다!,Habilidade passiva foi fortalecida!,สกิลพาสซีฟได้รับการเสริมพลัง!,1,-1,{effort=9;equipStarSum=12;zawakeStage=308;nvalueSum=160},-1,{}
371105,3611,,5,{},0.5,属性获得增强,屬性獲得增強,Attribute has been enhanced,Thuộc tính đã được tăng cường,속성이 강화되었습니다,Atributo foi aprimorado,คุณสมบัติได้รับการเสริมพลัง,1,-1,{star=10;goodFeel=260;zawakeStage=408;advance=17},-1,{}
371106,3611,,6,{},0.5,大招技能获得强化提升!,終極技能獲得強化提升！,Ultimate skill has been enhanced!,Kỹ năng tối thượng đã được tăng cường!,궁극 스킬이 강화되었습니다!,Habilidade suprema foi fortalecida!,สกิลอัลติเมตได้รับการเสริมพลัง!,1,-1,{effort=11;zawakeStage=508;equipStarSum=18;equipAwakeSum=6},-1,{}
371107,3611,,7,{},0.5,属性获得增强,屬性獲得增強,Attribute has been enhanced,Thuộc tính đã được tăng cường,속성이 강화되었습니다,Atributo foi aprimorado,คุณสมบัติได้รับการเสริมพลัง,1,-1,{star=11;goodFeel=350;zawakeStage=608;advance=19},-1,{}
371108,3611,,8,{},0.5,属性获得增强,屬性獲得增強,Attribute has been enhanced,Thuộc tính đã được tăng cường,속성이 강화되었습니다,Atributo foi aprimorado,คุณสมบัติได้รับการเสริมพลัง,1,-1,{effort=13;equipStarSum=24;zawakeStage=708;nvalueSum=160},-1,{}
372101,3621,,1,{},0.5,属性获得增强,屬性獲得增強,Attribute has been enhanced,Thuộc tính đã được tăng cường,속성이 강화되었습니다,Atributo foi aprimorado,คุณสมบัติได้รับการเสริมพลัง,1,-1,{star=8;advance=13;goodFeel=100},-1,{}
372102,3621,,2,{},0.5,普攻技能获得强化提升!,普攻技能獲得強化提升！,Normal skill has been enhanced!,Kỹ năng thường đã được tăng cường!,일반 스킬이 강화되었습니다!,Habilidade normal foi fortalecida!,สกิลปกติได้รับการเสริมพลัง!,1,-1,{effort=7;zawakeStage=108;equipStarSum=6;equipAwakeSum=2},-1,{}
372103,3621,,3,{},0.5,小技能获得强化提升!,小技能獲得強化提升！,Minor skill has been enhanced!,Kỹ năng nhỏ đã được tăng cường!,소형 스킬이 강화되었습니다!,Habilidade menor foi aprimorada!,สกิลย่อยได้รับการเสริมพลัง!,1,-1,{star=9;goodFeel=180;zawakeStage=208;advance=15},-1,{}
372104,3621,,4,{},0.5,被动技能获得强化提升!,被動技能獲得強化提升！,Passive skill has been enhanced!,Kỹ năng bị động đã được tăng cường!,패시브 스킬이 강화되었습니다!,Habilidade passiva foi fortalecida!,สกิลพาสซีฟได้รับการเสริมพลัง!,1,-1,{effort=9;equipStarSum=12;zawakeStage=308;nvalueSum=160},-1,{}
372105,3621,,5,{},0.5,属性获得增强,屬性獲得增強,Attribute has been enhanced,Thuộc tính đã được tăng cường,속성이 강화되었습니다,Atributo foi aprimorado,คุณสมบัติได้รับการเสริมพลัง,1,-1,{star=10;goodFeel=260;zawakeStage=408;advance=17},-1,{}
372106,3621,,6,{},0.5,大招技能获得强化提升!,終極技能獲得強化提升！,Ultimate skill has been enhanced!,Kỹ năng tối thượng đã được tăng cường!,궁극 스킬이 강화되었습니다!,Habilidade suprema foi fortalecida!,สกิลอัลติเมตได้รับการเสริมพลัง!,1,-1,{effort=11;zawakeStage=508;equipStarSum=18;equipAwakeSum=6},-1,{}
372107,3621,,7,{},0.5,属性获得增强,屬性獲得增強,Attribute has been enhanced,Thuộc tính đã được tăng cường,속성이 강화되었습니다,Atributo foi aprimorado,คุณสมบัติได้รับการเสริมพลัง,1,-1,{star=11;goodFeel=350;zawakeStage=608;advance=19},-1,{}
372108,3621,,8,{},0.5,属性获得增强,屬性獲得增強,Attribute has been enhanced,Thuộc tính đã được tăng cường,속성이 강화되었습니다,Atributo foi aprimorado,คุณสมบัติได้รับการเสริมพลัง,1,-1,{effort=13;equipStarSum=24;zawakeStage=708;nvalueSum=160},-1,{}
373101,3631,,1,{},0.5,属性获得增强,屬性獲得增強,Attribute has been enhanced,Thuộc tính đã được tăng cường,속성이 강화되었습니다,Atributo foi aprimorado,คุณสมบัติได้รับการเสริมพลัง,1,-1,{star=8;advance=13;goodFeel=100},-1,{}
373102,3631,,2,{},0.5,普攻技能获得强化提升!,普攻技能獲得強化提升！,Normal skill has been enhanced!,Kỹ năng thường đã được tăng cường!,일반 스킬이 강화되었습니다!,Habilidade normal foi fortalecida!,สกิลปกติได้รับการเสริมพลัง!,1,-1,{effort=7;zawakeStage=108;equipStarSum=6;equipAwakeSum=2},-1,{}
373103,3631,,3,{},0.5,小技能获得强化提升!,小技能獲得強化提升！,Minor skill has been enhanced!,Kỹ năng nhỏ đã được tăng cường!,소형 스킬이 강화되었습니다!,Habilidade menor foi aprimorada!,สกิลย่อยได้รับการเสริมพลัง!,1,-1,{star=9;goodFeel=180;zawakeStage=208;advance=15},-1,{}
373104,3631,,4,{},0.5,被动技能获得强化提升!,被動技能獲得強化提升！,Passive skill has been enhanced!,Kỹ năng bị động đã được tăng cường!,패시브 스킬이 강화되었습니다!,Habilidade passiva foi fortalecida!,สกิลพาสซีฟได้รับการเสริมพลัง!,1,-1,{effort=9;equipStarSum=12;zawakeStage=308;nvalueSum=160},-1,{}
373105,3631,,5,{},0.5,属性获得增强,屬性獲得增強,Attribute has been enhanced,Thuộc tính đã được tăng cường,속성이 강화되었습니다,Atributo foi aprimorado,คุณสมบัติได้รับการเสริมพลัง,1,-1,{star=10;goodFeel=260;zawakeStage=408;advance=17},-1,{}
373106,3631,,6,{},0.5,大招技能获得强化提升!,終極技能獲得強化提升！,Ultimate skill has been enhanced!,Kỹ năng tối thượng đã được tăng cường!,궁극 스킬이 강화되었습니다!,Habilidade suprema foi fortalecida!,สกิลอัลติเมตได้รับการเสริมพลัง!,1,-1,{effort=11;zawakeStage=508;equipStarSum=18;equipAwakeSum=6},-1,{}
373107,3631,,7,{},0.5,属性获得增强,屬性獲得增強,Attribute has been enhanced,Thuộc tính đã được tăng cường,속성이 강화되었습니다,Atributo foi aprimorado,คุณสมบัติได้รับการเสริมพลัง,1,-1,{star=11;goodFeel=350;zawakeStage=608;advance=19},-1,{}
373108,3631,,8,{},0.5,属性获得增强,屬性獲得增強,Attribute has been enhanced,Thuộc tính đã được tăng cường,속성이 강화되었습니다,Atributo foi aprimorado,คุณสมบัติได้รับการเสริมพลัง,1,-1,{effort=13;equipStarSum=24;zawakeStage=708;nvalueSum=160},-1,{}
374101,3641,,1,{},0.5,属性获得增强,屬性獲得增強,Attribute has been enhanced,Thuộc tính đã được tăng cường,속성이 강화되었습니다,Atributo foi aprimorado,คุณสมบัติได้รับการเสริมพลัง,1,-1,{star=8;advance=13;goodFeel=100},-1,{}
374102,3641,,2,{},0.5,普攻技能获得强化提升!,普攻技能獲得強化提升！,Normal skill has been enhanced!,Kỹ năng thường đã được tăng cường!,일반 스킬이 강화되었습니다!,Habilidade normal foi fortalecida!,สกิลปกติได้รับการเสริมพลัง!,1,-1,{effort=7;zawakeStage=108;equipStarSum=6;equipAwakeSum=2},-1,{}
374103,3641,,3,{},0.5,小技能获得强化提升!,小技能獲得強化提升！,Minor skill has been enhanced!,Kỹ năng nhỏ đã được tăng cường!,소형 스킬이 강화되었습니다!,Habilidade menor foi aprimorada!,สกิลย่อยได้รับการเสริมพลัง!,1,-1,{star=9;goodFeel=180;zawakeStage=208;advance=15},-1,{}
374104,3641,,4,{},0.5,被动技能获得强化提升!,被動技能獲得強化提升！,Passive skill has been enhanced!,Kỹ năng bị động đã được tăng cường!,패시브 스킬이 강화되었습니다!,Habilidade passiva foi fortalecida!,สกิลพาสซีฟได้รับการเสริมพลัง!,1,-1,{effort=9;equipStarSum=12;zawakeStage=308;nvalueSum=160},-1,{}
374105,3641,,5,{},0.5,属性获得增强,屬性獲得增強,Attribute has been enhanced,Thuộc tính đã được tăng cường,속성이 강화되었습니다,Atributo foi aprimorado,คุณสมบัติได้รับการเสริมพลัง,1,-1,{star=10;goodFeel=260;zawakeStage=408;advance=17},-1,{}
374106,3641,,6,{},0.5,大招技能获得强化提升!,終極技能獲得強化提升！,Ultimate skill has been enhanced!,Kỹ năng tối thượng đã được tăng cường!,궁극 스킬이 강화되었습니다!,Habilidade suprema foi fortalecida!,สกิลอัลติเมตได้รับการเสริมพลัง!,1,-1,{effort=11;zawakeStage=508;equipStarSum=18;equipAwakeSum=6},-1,{}
374107,3641,,7,{},0.5,属性获得增强,屬性獲得增強,Attribute has been enhanced,Thuộc tính đã được tăng cường,속성이 강화되었습니다,Atributo foi aprimorado,คุณสมบัติได้รับการเสริมพลัง,1,-1,{star=11;goodFeel=350;zawakeStage=608;advance=19},-1,{}
374108,3641,,8,{},0.5,属性获得增强,屬性獲得增強,Attribute has been enhanced,Thuộc tính đã được tăng cường,속성이 강화되었습니다,Atributo foi aprimorado,คุณสมบัติได้รับการเสริมพลัง,1,-1,{effort=13;equipStarSum=24;zawakeStage=708;nvalueSum=160},-1,{}
375101,3651,,1,{},0.5,属性获得增强,屬性獲得增強,Attribute has been enhanced,Thuộc tính đã được tăng cường,속성이 강화되었습니다,Atributo foi aprimorado,คุณสมบัติได้รับการเสริมพลัง,1,-1,{star=8;advance=13;goodFeel=100},-1,{}
375102,3651,,2,{},0.5,普攻技能获得强化提升!,普攻技能獲得強化提升！,Normal skill has been enhanced!,Kỹ năng thường đã được tăng cường!,일반 스킬이 강화되었습니다!,Habilidade normal foi fortalecida!,สกิลปกติได้รับการเสริมพลัง!,1,-1,{effort=7;zawakeStage=108;equipStarSum=6;equipAwakeSum=2},-1,{}
375103,3651,,3,{},0.5,小技能获得强化提升!,小技能獲得強化提升！,Minor skill has been enhanced!,Kỹ năng nhỏ đã được tăng cường!,소형 스킬이 강화되었습니다!,Habilidade menor foi aprimorada!,สกิลย่อยได้รับการเสริมพลัง!,1,-1,{star=9;goodFeel=180;zawakeStage=208;advance=15},-1,{}
375104,3651,,4,{},0.5,被动技能获得强化提升!,被動技能獲得強化提升！,Passive skill has been enhanced!,Kỹ năng bị động đã được tăng cường!,패시브 스킬이 강화되었습니다!,Habilidade passiva foi fortalecida!,สกิลพาสซีฟได้รับการเสริมพลัง!,1,-1,{effort=9;equipStarSum=12;zawakeStage=308;nvalueSum=160},-1,{}
375105,3651,,5,{},0.5,属性获得增强,屬性獲得增強,Attribute has been enhanced,Thuộc tính đã được tăng cường,속성이 강화되었습니다,Atributo foi aprimorado,คุณสมบัติได้รับการเสริมพลัง,1,-1,{star=10;goodFeel=260;zawakeStage=408;advance=17},-1,{}
375106,3651,,6,{},0.5,大招技能获得强化提升!,終極技能獲得強化提升！,Ultimate skill has been enhanced!,Kỹ năng tối thượng đã được tăng cường!,궁극 스킬이 강화되었습니다!,Habilidade suprema foi fortalecida!,สกิลอัลติเมตได้รับการเสริมพลัง!,1,-1,{effort=11;zawakeStage=508;equipStarSum=18;equipAwakeSum=6},-1,{}
375107,3651,,7,{},0.5,属性获得增强,屬性獲得增強,Attribute has been enhanced,Thuộc tính đã được tăng cường,속성이 강화되었습니다,Atributo foi aprimorado,คุณสมบัติได้รับการเสริมพลัง,1,-1,{star=11;goodFeel=350;zawakeStage=608;advance=19},-1,{}
375108,3651,,8,{},0.5,属性获得增强,屬性獲得增強,Attribute has been enhanced,Thuộc tính đã được tăng cường,속성이 강화되었습니다,Atributo foi aprimorado,คุณสมบัติได้รับการเสริมพลัง,1,-1,{effort=13;equipStarSum=24;zawakeStage=708;nvalueSum=160},-1,{}
376101,3661,,1,{},0.5,属性获得增强,屬性獲得增強,Attribute has been enhanced,Thuộc tính đã được tăng cường,속성이 강화되었습니다,Atributo foi aprimorado,คุณสมบัติได้รับการเสริมพลัง,1,-1,{star=8;advance=13;goodFeel=100},-1,{}
376102,3661,,2,{},0.5,普攻技能获得强化提升!,普攻技能獲得強化提升！,Normal skill has been enhanced!,Kỹ năng thường đã được tăng cường!,일반 스킬이 강화되었습니다!,Habilidade normal foi fortalecida!,สกิลปกติได้รับการเสริมพลัง!,1,-1,{effort=7;zawakeStage=108;equipStarSum=6;equipAwakeSum=2},-1,{}
376103,3661,,3,{},0.5,小技能获得强化提升!,小技能獲得強化提升！,Minor skill has been enhanced!,Kỹ năng nhỏ đã được tăng cường!,소형 스킬이 강화되었습니다!,Habilidade menor foi aprimorada!,สกิลย่อยได้รับการเสริมพลัง!,1,-1,{star=9;goodFeel=160;zawakeStage=208;advance=15},-1,{}
376104,3661,,4,{},0.5,被动技能获得强化提升!,被動技能獲得強化提升！,Passive skill has been enhanced!,Kỹ năng bị động đã được tăng cường!,패시브 스킬이 강화되었습니다!,Habilidade passiva foi fortalecida!,สกิลพาสซีฟได้รับการเสริมพลัง!,1,-1,{effort=9;equipStarSum=9;zawakeStage=308;nvalueSum=140},-1,{}
376105,3661,,5,{},0.5,属性获得增强,屬性獲得增強,Attribute has been enhanced,Thuộc tính đã được tăng cường,속성이 강화되었습니다,Atributo foi aprimorado,คุณสมบัติได้รับการเสริมพลัง,1,-1,{star=10;goodFeel=220;zawakeStage=408;advance=16},-1,{}
376106,3661,,6,{},0.5,大招技能获得强化提升!,終極技能獲得強化提升！,Ultimate skill has been enhanced!,Kỹ năng tối thượng đã được tăng cường!,궁극 스킬이 강화되었습니다!,Habilidade suprema foi fortalecida!,สกิลอัลติเมตได้รับการเสริมพลัง!,1,-1,{effort=11;zawakeStage=508;equipStarSum=12;equipAwakeSum=4},-1,{}
376107,3661,,7,{},0.5,属性获得增强,屬性獲得增強,Attribute has been enhanced,Thuộc tính đã được tăng cường,속성이 강화되었습니다,Atributo foi aprimorado,คุณสมบัติได้รับการเสริมพลัง,1,-1,{star=11;goodFeel=300;zawakeStage=608;advance=17},-1,{}
376108,3661,,8,{},0.5,属性获得增强,屬性獲得增強,Attribute has been enhanced,Thuộc tính đã được tăng cường,속성이 강화되었습니다,Atributo foi aprimorado,คุณสมบัติได้รับการเสริมพลัง,1,-1,{effort=13;equipStarSum=15;zawakeStage=708;nvalueSum=140},-1,{}
377101,3671,,1,{},0.5,属性获得增强,屬性獲得增強,Attribute has been enhanced,Thuộc tính đã được tăng cường,속성이 강화되었습니다,Atributo foi aprimorado,คุณสมบัติได้รับการเสริมพลัง,1,-1,{star=8;advance=13;goodFeel=100},-1,{}
377102,3671,,2,{},0.5,普攻技能获得强化提升!,普攻技能獲得強化提升！,Normal skill has been enhanced!,Kỹ năng thường đã được tăng cường!,일반 스킬이 강화되었습니다!,Habilidade normal foi fortalecida!,สกิลปกติได้รับการเสริมพลัง!,1,-1,{effort=7;zawakeStage=108;equipStarSum=6;equipAwakeSum=2},-1,{}
377103,3671,,3,{},0.5,小技能获得强化提升!,小技能獲得強化提升！,Minor skill has been enhanced!,Kỹ năng nhỏ đã được tăng cường!,소형 스킬이 강화되었습니다!,Habilidade menor foi aprimorada!,สกิลย่อยได้รับการเสริมพลัง!,1,-1,{star=9;goodFeel=160;zawakeStage=208;advance=15},-1,{}
377104,3671,,4,{},0.5,被动技能获得强化提升!,被動技能獲得強化提升！,Passive skill has been enhanced!,Kỹ năng bị động đã được tăng cường!,패시브 스킬이 강화되었습니다!,Habilidade passiva foi fortalecida!,สกิลพาสซีฟได้รับการเสริมพลัง!,1,-1,{effort=9;equipStarSum=9;zawakeStage=308;nvalueSum=140},-1,{}
377105,3671,,5,{},0.5,属性获得增强,屬性獲得增強,Attribute has been enhanced,Thuộc tính đã được tăng cường,속성이 강화되었습니다,Atributo foi aprimorado,คุณสมบัติได้รับการเสริมพลัง,1,-1,{star=10;goodFeel=220;zawakeStage=408;advance=16},-1,{}
377106,3671,,6,{},0.5,大招技能获得强化提升!,終極技能獲得強化提升！,Ultimate skill has been enhanced!,Kỹ năng tối thượng đã được tăng cường!,궁극 스킬이 강화되었습니다!,Habilidade suprema foi fortalecida!,สกิลอัลติเมตได้รับการเสริมพลัง!,1,-1,{effort=11;zawakeStage=508;equipStarSum=12;equipAwakeSum=4},-1,{}
377107,3671,,7,{},0.5,属性获得增强,屬性獲得增強,Attribute has been enhanced,Thuộc tính đã được tăng cường,속성이 강화되었습니다,Atributo foi aprimorado,คุณสมบัติได้รับการเสริมพลัง,1,-1,{star=11;goodFeel=300;zawakeStage=608;advance=17},-1,{}
377108,3671,,8,{},0.5,属性获得增强,屬性獲得增強,Attribute has been enhanced,Thuộc tính đã được tăng cường,속성이 강화되었습니다,Atributo foi aprimorado,คุณสมบัติได้รับการเสริมพลัง,1,-1,{effort=13;equipStarSum=15;zawakeStage=708;nvalueSum=140},-1,{}
378101,3681,,1,{},0.5,属性获得增强,屬性獲得增強,Attribute has been enhanced,Thuộc tính đã được tăng cường,속성이 강화되었습니다,Atributo foi aprimorado,คุณสมบัติได้รับการเสริมพลัง,1,-1,{star=8;advance=13;goodFeel=100},-1,{}
378102,3681,,2,{},0.5,普攻技能获得强化提升!,普攻技能獲得強化提升！,Normal skill has been enhanced!,Kỹ năng thường đã được tăng cường!,일반 스킬이 강화되었습니다!,Habilidade normal foi fortalecida!,สกิลปกติได้รับการเสริมพลัง!,1,-1,{effort=7;zawakeStage=108;equipStarSum=6;equipAwakeSum=2},-1,{}
378103,3681,,3,{},0.5,小技能获得强化提升!,小技能獲得強化提升！,Minor skill has been enhanced!,Kỹ năng nhỏ đã được tăng cường!,소형 스킬이 강화되었습니다!,Habilidade menor foi aprimorada!,สกิลย่อยได้รับการเสริมพลัง!,1,-1,{star=9;goodFeel=160;zawakeStage=208;advance=15},-1,{}
378104,3681,,4,{},0.5,被动技能获得强化提升!,被動技能獲得強化提升！,Passive skill has been enhanced!,Kỹ năng bị động đã được tăng cường!,패시브 스킬이 강화되었습니다!,Habilidade passiva foi fortalecida!,สกิลพาสซีฟได้รับการเสริมพลัง!,1,-1,{effort=9;equipStarSum=9;zawakeStage=308;nvalueSum=140},-1,{}
378105,3681,,5,{},0.5,属性获得增强,屬性獲得增強,Attribute has been enhanced,Thuộc tính đã được tăng cường,속성이 강화되었습니다,Atributo foi aprimorado,คุณสมบัติได้รับการเสริมพลัง,1,-1,{star=10;goodFeel=220;zawakeStage=408;advance=16},-1,{}
378106,3681,,6,{},0.5,大招技能获得强化提升!,終極技能獲得強化提升！,Ultimate skill has been enhanced!,Kỹ năng tối thượng đã được tăng cường!,궁극 스킬이 강화되었습니다!,Habilidade suprema foi fortalecida!,สกิลอัลติเมตได้รับการเสริมพลัง!,1,-1,{effort=11;zawakeStage=508;equipStarSum=12;equipAwakeSum=4},-1,{}
378107,3681,,7,{},0.5,属性获得增强,屬性獲得增強,Attribute has been enhanced,Thuộc tính đã được tăng cường,속성이 강화되었습니다,Atributo foi aprimorado,คุณสมบัติได้รับการเสริมพลัง,1,-1,{star=11;goodFeel=300;zawakeStage=608;advance=17},-1,{}
378108,3681,,8,{},0.5,属性获得增强,屬性獲得增強,Attribute has been enhanced,Thuộc tính đã được tăng cường,속성이 강화되었습니다,Atributo foi aprimorado,คุณสมบัติได้รับการเสริมพลัง,1,-1,{effort=13;equipStarSum=15;zawakeStage=708;nvalueSum=140},-1,{}
387101,3771,,1,{},0.5,属性获得增强,屬性獲得增強,Attribute has been enhanced,Thuộc tính đã được tăng cường,속성이 강화되었습니다,Atributo foi aprimorado,คุณสมบัติได้รับการเสริมพลัง,1,-1,{star=8;advance=13;goodFeel=100},-1,{}
387102,3771,,2,{},0.5,普攻技能获得强化提升!,普攻技能獲得強化提升！,Normal skill has been enhanced!,Kỹ năng thường đã được tăng cường!,일반 스킬이 강화되었습니다!,Habilidade normal foi fortalecida!,สกิลปกติได้รับการเสริมพลัง!,1,-1,{effort=7;zawakeStage=108;equipStarSum=6;equipAwakeSum=2},-1,{}
387103,3771,,3,{},0.5,小技能获得强化提升!,小技能獲得強化提升！,Minor skill has been enhanced!,Kỹ năng nhỏ đã được tăng cường!,소형 스킬이 강화되었습니다!,Habilidade menor foi aprimorada!,สกิลย่อยได้รับการเสริมพลัง!,1,-1,{star=9;goodFeel=160;zawakeStage=208;advance=15},-1,{}
387104,3771,,4,{},0.5,被动技能获得强化提升!,被動技能獲得強化提升！,Passive skill has been enhanced!,Kỹ năng bị động đã được tăng cường!,패시브 스킬이 강화되었습니다!,Habilidade passiva foi fortalecida!,สกิลพาสซีฟได้รับการเสริมพลัง!,1,-1,{effort=9;equipStarSum=9;zawakeStage=308;nvalueSum=140},-1,{}
387105,3771,,5,{},0.5,属性获得增强,屬性獲得增強,Attribute has been enhanced,Thuộc tính đã được tăng cường,속성이 강화되었습니다,Atributo foi aprimorado,คุณสมบัติได้รับการเสริมพลัง,1,-1,{star=10;goodFeel=220;zawakeStage=408;advance=16},-1,{}
387106,3771,,6,{},0.5,大招技能获得强化提升!,終極技能獲得強化提升！,Ultimate skill has been enhanced!,Kỹ năng tối thượng đã được tăng cường!,궁극 스킬이 강화되었습니다!,Habilidade suprema foi fortalecida!,สกิลอัลติเมตได้รับการเสริมพลัง!,1,-1,{effort=11;zawakeStage=508;equipStarSum=12;equipAwakeSum=4},-1,{}
387107,3771,,7,{},0.5,属性获得增强,屬性獲得增強,Attribute has been enhanced,Thuộc tính đã được tăng cường,속성이 강화되었습니다,Atributo foi aprimorado,คุณสมบัติได้รับการเสริมพลัง,1,-1,{star=11;goodFeel=300;zawakeStage=608;advance=17},-1,{}
387108,3771,,8,{},0.5,属性获得增强,屬性獲得增強,Attribute has been enhanced,Thuộc tính đã được tăng cường,속성이 강화되었습니다,Atributo foi aprimorado,คุณสมบัติได้รับการเสริมพลัง,1,-1,{effort=13;equipStarSum=15;zawakeStage=708;nvalueSum=140},-1,{}
394101,3841,,1,{},0.5,属性获得增强,屬性獲得增強,Attribute has been enhanced,Thuộc tính đã được tăng cường,속성이 강화되었습니다,Atributo foi aprimorado,คุณสมบัติได้รับการเสริมพลัง,1,-1,{star=8;advance=13;goodFeel=100},-1,{}
394102,3841,,2,{},0.5,普攻技能获得强化提升!,普攻技能獲得強化提升！,Normal skill has been enhanced!,Kỹ năng thường đã được tăng cường!,일반 스킬이 강화되었습니다!,Habilidade normal foi fortalecida!,สกิลปกติได้รับการเสริมพลัง!,1,-1,{effort=7;zawakeStage=108;equipStarSum=6;equipAwakeSum=2},-1,{}
394103,3841,,3,{},0.5,小技能获得强化提升!,小技能獲得強化提升！,Minor skill has been enhanced!,Kỹ năng nhỏ đã được tăng cường!,소형 스킬이 강화되었습니다!,Habilidade menor foi aprimorada!,สกิลย่อยได้รับการเสริมพลัง!,1,-1,{star=9;goodFeel=160;zawakeStage=208;advance=15},-1,{}
394104,3841,,4,{},0.5,被动技能获得强化提升!,被動技能獲得強化提升！,Passive skill has been enhanced!,Kỹ năng bị động đã được tăng cường!,패시브 스킬이 강화되었습니다!,Habilidade passiva foi fortalecida!,สกิลพาสซีฟได้รับการเสริมพลัง!,1,-1,{effort=9;equipStarSum=9;zawakeStage=308;nvalueSum=140},-1,{}
394105,3841,,5,{},0.5,属性获得增强,屬性獲得增強,Attribute has been enhanced,Thuộc tính đã được tăng cường,속성이 강화되었습니다,Atributo foi aprimorado,คุณสมบัติได้รับการเสริมพลัง,1,-1,{star=10;goodFeel=220;zawakeStage=408;advance=16},-1,{}
394106,3841,,6,{},0.5,大招技能获得强化提升!,終極技能獲得強化提升！,Ultimate skill has been enhanced!,Kỹ năng tối thượng đã được tăng cường!,궁극 스킬이 강화되었습니다!,Habilidade suprema foi fortalecida!,สกิลอัลติเมตได้รับการเสริมพลัง!,1,-1,{effort=11;zawakeStage=508;equipStarSum=12;equipAwakeSum=4},-1,{}
394107,3841,,7,{},0.5,属性获得增强,屬性獲得增強,Attribute has been enhanced,Thuộc tính đã được tăng cường,속성이 강화되었습니다,Atributo foi aprimorado,คุณสมบัติได้รับการเสริมพลัง,1,-1,{star=11;goodFeel=300;zawakeStage=608;advance=17},-1,{}
394108,3841,,8,{},0.5,属性获得增强,屬性獲得增強,Attribute has been enhanced,Thuộc tính đã được tăng cường,속성이 강화되었습니다,Atributo foi aprimorado,คุณสมบัติได้รับการเสริมพลัง,1,-1,{effort=13;equipStarSum=15;zawakeStage=708;nvalueSum=140},-1,{}
396101,3961,,1,{},0.5,属性获得增强,屬性獲得增強,Attribute has been enhanced,Thuộc tính đã được tăng cường,속성이 강화되었습니다,Atributo foi aprimorado,คุณสมบัติได้รับการเสริมพลัง,1,-1,{star=8;advance=13;goodFeel=100},-1,{}
396102,3961,,2,{},0.5,普攻技能获得强化提升!,普攻技能獲得強化提升！,Normal skill has been enhanced!,Kỹ năng thường đã được tăng cường!,일반 스킬이 강화되었습니다!,Habilidade normal foi fortalecida!,สกิลปกติได้รับการเสริมพลัง!,1,-1,{effort=7;zawakeStage=108;equipStarSum=6;equipAwakeSum=2},-1,{}
396103,3961,,3,{},0.5,小技能获得强化提升!,小技能獲得強化提升！,Minor skill has been enhanced!,Kỹ năng nhỏ đã được tăng cường!,소형 스킬이 강화되었습니다!,Habilidade menor foi aprimorada!,สกิลย่อยได้รับการเสริมพลัง!,1,-1,{star=9;goodFeel=160;zawakeStage=208;advance=15},-1,{}
396104,3961,,4,{},0.5,被动技能获得强化提升!,被動技能獲得強化提升！,Passive skill has been enhanced!,Kỹ năng bị động đã được tăng cường!,패시브 스킬이 강화되었습니다!,Habilidade passiva foi fortalecida!,สกิลพาสซีฟได้รับการเสริมพลัง!,1,-1,{effort=9;equipStarSum=9;zawakeStage=308;nvalueSum=140},-1,{}
396105,3961,,5,{},0.5,属性获得增强,屬性獲得增強,Attribute has been enhanced,Thuộc tính đã được tăng cường,속성이 강화되었습니다,Atributo foi aprimorado,คุณสมบัติได้รับการเสริมพลัง,1,-1,{star=10;goodFeel=220;zawakeStage=408;advance=16},-1,{}
396106,3961,,6,{},0.5,大招技能获得强化提升!,終極技能獲得強化提升！,Ultimate skill has been enhanced!,Kỹ năng tối thượng đã được tăng cường!,궁극 스킬이 강화되었습니다!,Habilidade suprema foi fortalecida!,สกิลอัลติเมตได้รับการเสริมพลัง!,1,-1,{effort=11;zawakeStage=508;equipStarSum=12;equipAwakeSum=4},-1,{}
396107,3961,,7,{},0.5,属性获得增强,屬性獲得增強,Attribute has been enhanced,Thuộc tính đã được tăng cường,속성이 강화되었습니다,Atributo foi aprimorado,คุณสมบัติได้รับการเสริมพลัง,1,-1,{star=11;goodFeel=300;zawakeStage=608;advance=17},-1,{}
396108,3961,,8,{},0.5,属性获得增强,屬性獲得增強,Attribute has been enhanced,Thuộc tính đã được tăng cường,속성이 강화되었습니다,Atributo foi aprimorado,คุณสมบัติได้รับการเสริมพลัง,1,-1,{effort=13;equipStarSum=15;zawakeStage=708;nvalueSum=140},-1,{}
402301,4023,,1,{},0.5,属性获得增强,屬性獲得增強,Attribute has been enhanced,Thuộc tính đã được tăng cường,속성이 강화되었습니다,Atributo foi aprimorado,คุณสมบัติได้รับการเสริมพลัง,1,-1,{star=8;advance=13;goodFeel=100},-1,{}
402302,4023,,2,{},0.5,普攻技能获得强化提升!,普攻技能獲得強化提升！,Normal skill has been enhanced!,Kỹ năng thường đã được tăng cường!,일반 스킬이 강화되었습니다!,Habilidade normal foi fortalecida!,สกิลปกติได้รับการเสริมพลัง!,1,-1,{effort=7;zawakeStage=108;equipStarSum=6;equipAwakeSum=2},-1,{}
402303,4023,,3,{},0.5,小技能获得强化提升!,小技能獲得強化提升！,Minor skill has been enhanced!,Kỹ năng nhỏ đã được tăng cường!,소형 스킬이 강화되었습니다!,Habilidade menor foi aprimorada!,สกิลย่อยได้รับการเสริมพลัง!,1,-1,{star=9;goodFeel=180;zawakeStage=208;advance=15},-1,{}
402304,4023,,4,{},0.5,被动技能获得强化提升!,被動技能獲得強化提升！,Passive skill has been enhanced!,Kỹ năng bị động đã được tăng cường!,패시브 스킬이 강화되었습니다!,Habilidade passiva foi fortalecida!,สกิลพาสซีฟได้รับการเสริมพลัง!,1,-1,{effort=9;equipStarSum=12;zawakeStage=308;nvalueSum=160},-1,{}
402305,4023,,5,{},0.5,属性获得增强,屬性獲得增強,Attribute has been enhanced,Thuộc tính đã được tăng cường,속성이 강화되었습니다,Atributo foi aprimorado,คุณสมบัติได้รับการเสริมพลัง,1,-1,{star=10;goodFeel=260;zawakeStage=408;advance=17},-1,{}
402306,4023,,6,{},0.5,大招技能获得强化提升!,終極技能獲得強化提升！,Ultimate skill has been enhanced!,Kỹ năng tối thượng đã được tăng cường!,궁극 스킬이 강화되었습니다!,Habilidade suprema foi fortalecida!,สกิลอัลติเมตได้รับการเสริมพลัง!,1,-1,{effort=11;zawakeStage=508;equipStarSum=18;equipAwakeSum=6},-1,{}
402307,4023,,7,{},0.5,属性获得增强,屬性獲得增強,Attribute has been enhanced,Thuộc tính đã được tăng cường,속성이 강화되었습니다,Atributo foi aprimorado,คุณสมบัติได้รับการเสริมพลัง,1,-1,{star=11;goodFeel=350;zawakeStage=608;advance=19},-1,{}
402308,4023,,8,{},0.5,属性获得增强,屬性獲得增強,Attribute has been enhanced,Thuộc tính đã được tăng cường,속성이 강화되었습니다,Atributo foi aprimorado,คุณสมบัติได้รับการเสริมพลัง,1,-1,{effort=13;equipStarSum=24;zawakeStage=708;nvalueSum=160},-1,{}
402401,4024,,1,{},0.5,属性获得增强,屬性獲得增強,Attribute has been enhanced,Thuộc tính đã được tăng cường,속성이 강화되었습니다,Atributo foi aprimorado,คุณสมบัติได้รับการเสริมพลัง,1,-1,{star=8;advance=13;goodFeel=100},-1,{}
402402,4024,,2,{},0.5,普攻技能获得强化提升!,普攻技能獲得強化提升！,Normal skill has been enhanced!,Kỹ năng thường đã được tăng cường!,일반 스킬이 강화되었습니다!,Habilidade normal foi fortalecida!,สกิลปกติได้รับการเสริมพลัง!,1,-1,{effort=7;zawakeStage=108;equipStarSum=6;equipAwakeSum=2},-1,{}
402403,4024,,3,{},0.5,小技能获得强化提升!,小技能獲得強化提升！,Minor skill has been enhanced!,Kỹ năng nhỏ đã được tăng cường!,소형 스킬이 강화되었습니다!,Habilidade menor foi aprimorada!,สกิลย่อยได้รับการเสริมพลัง!,1,-1,{star=9;goodFeel=180;zawakeStage=208;advance=15},-1,{}
402404,4024,,4,{},0.5,被动技能获得强化提升!,被動技能獲得強化提升！,Passive skill has been enhanced!,Kỹ năng bị động đã được tăng cường!,패시브 스킬이 강화되었습니다!,Habilidade passiva foi fortalecida!,สกิลพาสซีฟได้รับการเสริมพลัง!,1,-1,{effort=9;equipStarSum=12;zawakeStage=308;nvalueSum=160},-1,{}
402405,4024,,5,{},0.5,属性获得增强,屬性獲得增強,Attribute has been enhanced,Thuộc tính đã được tăng cường,속성이 강화되었습니다,Atributo foi aprimorado,คุณสมบัติได้รับการเสริมพลัง,1,-1,{star=10;goodFeel=260;zawakeStage=408;advance=17},-1,{}
402406,4024,,6,{},0.5,大招技能获得强化提升!,終極技能獲得強化提升！,Ultimate skill has been enhanced!,Kỹ năng tối thượng đã được tăng cường!,궁극 스킬이 강화되었습니다!,Habilidade suprema foi fortalecida!,สกิลอัลติเมตได้รับการเสริมพลัง!,1,-1,{effort=11;zawakeStage=508;equipStarSum=18;equipAwakeSum=6},-1,{}
402407,4024,,7,{},0.5,属性获得增强,屬性獲得增強,Attribute has been enhanced,Thuộc tính đã được tăng cường,속성이 강화되었습니다,Atributo foi aprimorado,คุณสมบัติได้รับการเสริมพลัง,1,-1,{star=11;goodFeel=350;zawakeStage=608;advance=19},-1,{}
402408,4024,,8,{},0.5,属性获得增强,屬性獲得增強,Attribute has been enhanced,Thuộc tính đã được tăng cường,속성이 강화되었습니다,Atributo foi aprimorado,คุณสมบัติได้รับการเสริมพลัง,1,-1,{effort=13;equipStarSum=24;zawakeStage=708;nvalueSum=160},-1,{}
402501,4025,,1,{},0.5,属性获得增强,屬性獲得增強,Attribute has been enhanced,Thuộc tính đã được tăng cường,속성이 강화되었습니다,Atributo foi aprimorado,คุณสมบัติได้รับการเสริมพลัง,1,-1,{star=8;advance=13;goodFeel=100},-1,{}
402502,4025,,2,{},0.5,普攻技能获得强化提升!,普攻技能獲得強化提升！,Normal skill has been enhanced!,Kỹ năng thường đã được tăng cường!,일반 스킬이 강화되었습니다!,Habilidade normal foi fortalecida!,สกิลปกติได้รับการเสริมพลัง!,1,-1,{effort=7;zawakeStage=108;equipStarSum=6;equipAwakeSum=2},-1,{}
402503,4025,,3,{},0.5,小技能获得强化提升!,小技能獲得強化提升！,Minor skill has been enhanced!,Kỹ năng nhỏ đã được tăng cường!,소형 스킬이 강화되었습니다!,Habilidade menor foi aprimorada!,สกิลย่อยได้รับการเสริมพลัง!,1,-1,{star=9;goodFeel=180;zawakeStage=208;advance=15},-1,{}
402504,4025,,4,{},0.5,被动技能获得强化提升!,被動技能獲得強化提升！,Passive skill has been enhanced!,Kỹ năng bị động đã được tăng cường!,패시브 스킬이 강화되었습니다!,Habilidade passiva foi fortalecida!,สกิลพาสซีฟได้รับการเสริมพลัง!,1,-1,{effort=9;equipStarSum=12;zawakeStage=308;nvalueSum=160},-1,{}
402505,4025,,5,{},0.5,属性获得增强,屬性獲得增強,Attribute has been enhanced,Thuộc tính đã được tăng cường,속성이 강화되었습니다,Atributo foi aprimorado,คุณสมบัติได้รับการเสริมพลัง,1,-1,{star=10;goodFeel=260;zawakeStage=408;advance=17},-1,{}
402506,4025,,6,{},0.5,大招技能获得强化提升!,終極技能獲得強化提升！,Ultimate skill has been enhanced!,Kỹ năng tối thượng đã được tăng cường!,궁극 스킬이 강화되었습니다!,Habilidade suprema foi fortalecida!,สกิลอัลติเมตได้รับการเสริมพลัง!,1,-1,{effort=11;zawakeStage=508;equipStarSum=18;equipAwakeSum=6},-1,{}
402507,4025,,7,{},0.5,属性获得增强,屬性獲得增強,Attribute has been enhanced,Thuộc tính đã được tăng cường,속성이 강화되었습니다,Atributo foi aprimorado,คุณสมบัติได้รับการเสริมพลัง,1,-1,{star=11;goodFeel=350;zawakeStage=608;advance=19},-1,{}
402508,4025,,8,{},0.5,属性获得增强,屬性獲得增強,Attribute has been enhanced,Thuộc tính đã được tăng cường,속성이 강화되었습니다,Atributo foi aprimorado,คุณสมบัติได้รับการเสริมพลัง,1,-1,{effort=13;equipStarSum=24;zawakeStage=708;nvalueSum=160},-1,{}
403101,4031,,1,{},0.5,属性获得增强,屬性獲得增強,Attribute has been enhanced,Thuộc tính đã được tăng cường,속성이 강화되었습니다,Atributo foi aprimorado,คุณสมบัติได้รับการเสริมพลัง,1,-1,{star=8;advance=13;goodFeel=100},-1,{}
403102,4031,,2,{},0.5,普攻技能获得强化提升!,普攻技能獲得強化提升！,Normal skill has been enhanced!,Kỹ năng thường đã được tăng cường!,일반 스킬이 강화되었습니다!,Habilidade normal foi fortalecida!,สกิลปกติได้รับการเสริมพลัง!,1,-1,{effort=7;zawakeStage=108;equipStarSum=6;equipAwakeSum=2},-1,{}
403103,4031,,3,{},0.5,小技能获得强化提升!,小技能獲得強化提升！,Minor skill has been enhanced!,Kỹ năng nhỏ đã được tăng cường!,소형 스킬이 강화되었습니다!,Habilidade menor foi aprimorada!,สกิลย่อยได้รับการเสริมพลัง!,1,-1,{star=9;goodFeel=180;zawakeStage=208;advance=15},-1,{}
403104,4031,,4,{},0.5,被动技能获得强化提升!,被動技能獲得強化提升！,Passive skill has been enhanced!,Kỹ năng bị động đã được tăng cường!,패시브 스킬이 강화되었습니다!,Habilidade passiva foi fortalecida!,สกิลพาสซีฟได้รับการเสริมพลัง!,1,-1,{effort=9;equipStarSum=12;zawakeStage=308;nvalueSum=160},-1,{}
403105,4031,,5,{},0.5,属性获得增强,屬性獲得增強,Attribute has been enhanced,Thuộc tính đã được tăng cường,속성이 강화되었습니다,Atributo foi aprimorado,คุณสมบัติได้รับการเสริมพลัง,1,-1,{star=10;goodFeel=260;zawakeStage=408;advance=17},-1,{}
403106,4031,,6,{},0.5,大招技能获得强化提升!,終極技能獲得強化提升！,Ultimate skill has been enhanced!,Kỹ năng tối thượng đã được tăng cường!,궁극 스킬이 강화되었습니다!,Habilidade suprema foi fortalecida!,สกิลอัลติเมตได้รับการเสริมพลัง!,1,-1,{effort=11;zawakeStage=508;equipStarSum=18;equipAwakeSum=6},-1,{}
403107,4031,,7,{},0.5,属性获得增强,屬性獲得增強,Attribute has been enhanced,Thuộc tính đã được tăng cường,속성이 강화되었습니다,Atributo foi aprimorado,คุณสมบัติได้รับการเสริมพลัง,1,-1,{star=11;goodFeel=350;zawakeStage=608;advance=19},-1,{}
403108,4031,,8,{},0.5,属性获得增强,屬性獲得增強,Attribute has been enhanced,Thuộc tính đã được tăng cường,속성이 강화되었습니다,Atributo foi aprimorado,คุณสมบัติได้รับการเสริมพลัง,1,-1,{effort=13;equipStarSum=24;zawakeStage=708;nvalueSum=160},-1,{}
403301,4051,,1,{},0.5,属性获得增强,屬性獲得增強,Attribute has been enhanced,Thuộc tính đã được tăng cường,속성이 강화되었습니다,Atributo foi aprimorado,คุณสมบัติได้รับการเสริมพลัง,1,-1,{star=8;advance=13;goodFeel=100},-1,{}
403302,4051,,2,{},0.5,普攻技能获得强化提升!,普攻技能獲得強化提升！,Normal skill has been enhanced!,Kỹ năng thường đã được tăng cường!,일반 스킬이 강화되었습니다!,Habilidade normal foi fortalecida!,สกิลปกติได้รับการเสริมพลัง!,1,-1,{effort=7;zawakeStage=108;equipStarSum=6;equipAwakeSum=2},-1,{}
403303,4051,,3,{},0.5,小技能获得强化提升!,小技能獲得強化提升！,Minor skill has been enhanced!,Kỹ năng nhỏ đã được tăng cường!,소형 스킬이 강화되었습니다!,Habilidade menor foi aprimorada!,สกิลย่อยได้รับการเสริมพลัง!,1,-1,{star=9;goodFeel=180;zawakeStage=208;advance=15},-1,{}
403304,4051,,4,{},0.5,被动技能获得强化提升!,被動技能獲得強化提升！,Passive skill has been enhanced!,Kỹ năng bị động đã được tăng cường!,패시브 스킬이 강화되었습니다!,Habilidade passiva foi fortalecida!,สกิลพาสซีฟได้รับการเสริมพลัง!,1,-1,{effort=9;equipStarSum=12;zawakeStage=308;nvalueSum=160},-1,{}
403305,4051,,5,{},0.5,属性获得增强,屬性獲得增強,Attribute has been enhanced,Thuộc tính đã được tăng cường,속성이 강화되었습니다,Atributo foi aprimorado,คุณสมบัติได้รับการเสริมพลัง,1,-1,{star=10;goodFeel=260;zawakeStage=408;advance=17},-1,{}
403306,4051,,6,{},0.5,大招技能获得强化提升!,終極技能獲得強化提升！,Ultimate skill has been enhanced!,Kỹ năng tối thượng đã được tăng cường!,궁극 스킬이 강화되었습니다!,Habilidade suprema foi fortalecida!,สกิลอัลติเมตได้รับการเสริมพลัง!,1,-1,{effort=11;zawakeStage=508;equipStarSum=18;equipAwakeSum=6},-1,{}
403307,4051,,7,{},0.5,属性获得增强,屬性獲得增強,Attribute has been enhanced,Thuộc tính đã được tăng cường,속성이 강화되었습니다,Atributo foi aprimorado,คุณสมบัติได้รับการเสริมพลัง,1,-1,{star=11;goodFeel=350;zawakeStage=608;advance=19},-1,{}
403308,4051,,8,{},0.5,属性获得增强,屬性獲得增強,Attribute has been enhanced,Thuộc tính đã được tăng cường,속성이 강화되었습니다,Atributo foi aprimorado,คุณสมบัติได้รับการเสริมพลัง,1,-1,{effort=13;equipStarSum=24;zawakeStage=708;nvalueSum=160},-1,{}
403501,4071,,1,{},0.5,属性获得增强,屬性獲得增強,Attribute has been enhanced,Thuộc tính đã được tăng cường,속성이 강화되었습니다,Atributo foi aprimorado,คุณสมบัติได้รับการเสริมพลัง,1,-1,{star=8;advance=13;goodFeel=100},-1,{}
403502,4071,,2,{},0.5,普攻技能获得强化提升!,普攻技能獲得強化提升！,Normal skill has been enhanced!,Kỹ năng thường đã được tăng cường!,일반 스킬이 강화되었습니다!,Habilidade normal foi fortalecida!,สกิลปกติได้รับการเสริมพลัง!,1,-1,{effort=7;zawakeStage=108;equipStarSum=6;equipAwakeSum=2},-1,{}
403503,4071,,3,{},0.5,小技能获得强化提升!,小技能獲得強化提升！,Minor skill has been enhanced!,Kỹ năng nhỏ đã được tăng cường!,소형 스킬이 강화되었습니다!,Habilidade menor foi aprimorada!,สกิลย่อยได้รับการเสริมพลัง!,1,-1,{star=9;goodFeel=180;zawakeStage=208;advance=15},-1,{}
403504,4071,,4,{},0.5,被动技能获得强化提升!,被動技能獲得強化提升！,Passive skill has been enhanced!,Kỹ năng bị động đã được tăng cường!,패시브 스킬이 강화되었습니다!,Habilidade passiva foi fortalecida!,สกิลพาสซีฟได้รับการเสริมพลัง!,1,-1,{effort=9;equipStarSum=12;zawakeStage=308;nvalueSum=160},-1,{}
403505,4071,,5,{},0.5,属性获得增强,屬性獲得增強,Attribute has been enhanced,Thuộc tính đã được tăng cường,속성이 강화되었습니다,Atributo foi aprimorado,คุณสมบัติได้รับการเสริมพลัง,1,-1,{star=10;goodFeel=260;zawakeStage=408;advance=17},-1,{}
403506,4071,,6,{},0.5,大招技能获得强化提升!,終極技能獲得強化提升！,Ultimate skill has been enhanced!,Kỹ năng tối thượng đã được tăng cường!,궁극 스킬이 강화되었습니다!,Habilidade suprema foi fortalecida!,สกิลอัลติเมตได้รับการเสริมพลัง!,1,-1,{effort=11;zawakeStage=508;equipStarSum=18;equipAwakeSum=6},-1,{}
403507,4071,,7,{},0.5,属性获得增强,屬性獲得增強,Attribute has been enhanced,Thuộc tính đã được tăng cường,속성이 강화되었습니다,Atributo foi aprimorado,คุณสมบัติได้รับการเสริมพลัง,1,-1,{star=11;goodFeel=350;zawakeStage=608;advance=19},-1,{}
403508,4071,,8,{},0.5,属性获得增强,屬性獲得增強,Attribute has been enhanced,Thuộc tính đã được tăng cường,속성이 강화되었습니다,Atributo foi aprimorado,คุณสมบัติได้รับการเสริมพลัง,1,-1,{effort=13;equipStarSum=24;zawakeStage=708;nvalueSum=160},-1,{}
403601,4081,,1,{},0.5,属性获得增强,屬性獲得增強,Attribute has been enhanced,Thuộc tính đã được tăng cường,속성이 강화되었습니다,Atributo foi aprimorado,คุณสมบัติได้รับการเสริมพลัง,1,-1,{star=8;advance=13;goodFeel=100},-1,{}
403602,4081,,2,{},0.5,普攻技能获得强化提升!,普攻技能獲得強化提升！,Normal skill has been enhanced!,Kỹ năng thường đã được tăng cường!,일반 스킬이 강화되었습니다!,Habilidade normal foi fortalecida!,สกิลปกติได้รับการเสริมพลัง!,1,-1,{effort=7;zawakeStage=108;equipStarSum=6;equipAwakeSum=2},-1,{}
403603,4081,,3,{},0.5,小技能获得强化提升!,小技能獲得強化提升！,Minor skill has been enhanced!,Kỹ năng nhỏ đã được tăng cường!,소형 스킬이 강화되었습니다!,Habilidade menor foi aprimorada!,สกิลย่อยได้รับการเสริมพลัง!,1,-1,{star=9;goodFeel=180;zawakeStage=208;advance=15},-1,{}
403604,4081,,4,{},0.5,被动技能获得强化提升!,被動技能獲得強化提升！,Passive skill has been enhanced!,Kỹ năng bị động đã được tăng cường!,패시브 스킬이 강화되었습니다!,Habilidade passiva foi fortalecida!,สกิลพาสซีฟได้รับการเสริมพลัง!,1,-1,{effort=9;equipStarSum=12;zawakeStage=308;nvalueSum=160},-1,{}
403605,4081,,5,{},0.5,属性获得增强,屬性獲得增強,Attribute has been enhanced,Thuộc tính đã được tăng cường,속성이 강화되었습니다,Atributo foi aprimorado,คุณสมบัติได้รับการเสริมพลัง,1,-1,{star=10;goodFeel=260;zawakeStage=408;advance=17},-1,{}
403606,4081,,6,{},0.5,大招技能获得强化提升!,終極技能獲得強化提升！,Ultimate skill has been enhanced!,Kỹ năng tối thượng đã được tăng cường!,궁극 스킬이 강화되었습니다!,Habilidade suprema foi fortalecida!,สกิลอัลติเมตได้รับการเสริมพลัง!,1,-1,{effort=11;zawakeStage=508;equipStarSum=18;equipAwakeSum=6},-1,{}
403607,4081,,7,{},0.5,属性获得增强,屬性獲得增強,Attribute has been enhanced,Thuộc tính đã được tăng cường,속성이 강화되었습니다,Atributo foi aprimorado,คุณสมบัติได้รับการเสริมพลัง,1,-1,{star=11;goodFeel=350;zawakeStage=608;advance=19},-1,{}
403608,4081,,8,{},0.5,属性获得增强,屬性獲得增強,Attribute has been enhanced,Thuộc tính đã được tăng cường,속성이 강화되었습니다,Atributo foi aprimorado,คุณสมบัติได้รับการเสริมพลัง,1,-1,{effort=13;equipStarSum=24;zawakeStage=708;nvalueSum=160},-1,{}
403801,4101,,1,{},0.5,属性获得增强,屬性獲得增強,Attribute has been enhanced,Thuộc tính đã được tăng cường,속성이 강화되었습니다,Atributo foi aprimorado,คุณสมบัติได้รับการเสริมพลัง,1,-1,{star=8;advance=13;goodFeel=100},-1,{}
403802,4101,,2,{},0.5,普攻技能获得强化提升!,普攻技能獲得強化提升！,Normal skill has been enhanced!,Kỹ năng thường đã được tăng cường!,일반 스킬이 강화되었습니다!,Habilidade normal foi fortalecida!,สกิลปกติได้รับการเสริมพลัง!,1,-1,{effort=7;zawakeStage=108;equipStarSum=6;equipAwakeSum=2},-1,{}
403803,4101,,3,{},0.5,小技能获得强化提升!,小技能獲得強化提升！,Minor skill has been enhanced!,Kỹ năng nhỏ đã được tăng cường!,소형 스킬이 강화되었습니다!,Habilidade menor foi aprimorada!,สกิลย่อยได้รับการเสริมพลัง!,1,-1,{star=9;goodFeel=180;zawakeStage=208;advance=15},-1,{}
403804,4101,,4,{},0.5,被动技能获得强化提升!,被動技能獲得強化提升！,Passive skill has been enhanced!,Kỹ năng bị động đã được tăng cường!,패시브 스킬이 강화되었습니다!,Habilidade passiva foi fortalecida!,สกิลพาสซีฟได้รับการเสริมพลัง!,1,-1,{effort=9;equipStarSum=12;zawakeStage=308;nvalueSum=160},-1,{}
403805,4101,,5,{},0.5,属性获得增强,屬性獲得增強,Attribute has been enhanced,Thuộc tính đã được tăng cường,속성이 강화되었습니다,Atributo foi aprimorado,คุณสมบัติได้รับการเสริมพลัง,1,-1,{star=10;goodFeel=260;zawakeStage=408;advance=17},-1,{}
403806,4101,,6,{},0.5,大招技能获得强化提升!,終極技能獲得強化提升！,Ultimate skill has been enhanced!,Kỹ năng tối thượng đã được tăng cường!,궁극 스킬이 강화되었습니다!,Habilidade suprema foi fortalecida!,สกิลอัลติเมตได้รับการเสริมพลัง!,1,-1,{effort=11;zawakeStage=508;equipStarSum=18;equipAwakeSum=6},-1,{}
403807,4101,,7,{},0.5,属性获得增强,屬性獲得增強,Attribute has been enhanced,Thuộc tính đã được tăng cường,속성이 강화되었습니다,Atributo foi aprimorado,คุณสมบัติได้รับการเสริมพลัง,1,-1,{star=11;goodFeel=350;zawakeStage=608;advance=19},-1,{}
403808,4101,,8,{},0.5,属性获得增强,屬性獲得增強,Attribute has been enhanced,Thuộc tính đã được tăng cường,속성이 강화되었습니다,Atributo foi aprimorado,คุณสมบัติได้รับการเสริมพลัง,1,-1,{effort=13;equipStarSum=24;zawakeStage=708;nvalueSum=160},-1,{}
421101,4111,,1,{},0.5,属性获得增强,屬性獲得增強,Attribute has been enhanced,Thuộc tính đã được tăng cường,속성이 강화되었습니다,Atributo foi aprimorado,คุณสมบัติได้รับการเสริมพลัง,1,-1,{star=8;advance=13;goodFeel=100},-1,{}
421102,4111,,2,{},0.5,普攻技能获得强化提升!,普攻技能獲得強化提升！,Normal skill has been enhanced!,Kỹ năng thường đã được tăng cường!,일반 스킬이 강화되었습니다!,Habilidade normal foi fortalecida!,สกิลปกติได้รับการเสริมพลัง!,1,-1,{effort=7;zawakeStage=108;equipStarSum=6;equipAwakeSum=2},-1,{}
421103,4111,,3,{},0.5,小技能获得强化提升!,小技能獲得強化提升！,Minor skill has been enhanced!,Kỹ năng nhỏ đã được tăng cường!,소형 스킬이 강화되었습니다!,Habilidade menor foi aprimorada!,สกิลย่อยได้รับการเสริมพลัง!,1,-1,{star=9;goodFeel=180;zawakeStage=208;advance=15},-1,{}
421104,4111,,4,{},0.5,被动技能获得强化提升!,被動技能獲得強化提升！,Passive skill has been enhanced!,Kỹ năng bị động đã được tăng cường!,패시브 스킬이 강화되었습니다!,Habilidade passiva foi fortalecida!,สกิลพาสซีฟได้รับการเสริมพลัง!,1,-1,{effort=9;equipStarSum=12;zawakeStage=308;nvalueSum=160},-1,{}
421105,4111,,5,{},0.5,属性获得增强,屬性獲得增強,Attribute has been enhanced,Thuộc tính đã được tăng cường,속성이 강화되었습니다,Atributo foi aprimorado,คุณสมบัติได้รับการเสริมพลัง,1,-1,{star=10;goodFeel=260;zawakeStage=408;advance=17},-1,{}
421106,4111,,6,{},0.5,大招技能获得强化提升!,終極技能獲得強化提升！,Ultimate skill has been enhanced!,Kỹ năng tối thượng đã được tăng cường!,궁극 스킬이 강화되었습니다!,Habilidade suprema foi fortalecida!,สกิลอัลติเมตได้รับการเสริมพลัง!,1,-1,{effort=11;zawakeStage=508;equipStarSum=18;equipAwakeSum=6},-1,{}
421107,4111,,7,{},0.5,属性获得增强,屬性獲得增強,Attribute has been enhanced,Thuộc tính đã được tăng cường,속성이 강화되었습니다,Atributo foi aprimorado,คุณสมบัติได้รับการเสริมพลัง,1,-1,{star=11;goodFeel=350;zawakeStage=608;advance=19},-1,{}
421108,4111,,8,{},0.5,属性获得增强,屬性獲得增強,Attribute has been enhanced,Thuộc tính đã được tăng cường,속성이 강화되었습니다,Atributo foi aprimorado,คุณสมบัติได้รับการเสริมพลัง,1,-1,{effort=13;equipStarSum=24;zawakeStage=708;nvalueSum=160},-1,{}
423001,4121,,1,{},0.5,属性获得增强,屬性獲得增強,Attribute has been enhanced,Thuộc tính đã được tăng cường,속성이 강화되었습니다,Atributo foi aprimorado,คุณสมบัติได้รับการเสริมพลัง,1,-1,{star=8;advance=13;goodFeel=100},-1,{}
423002,4121,,2,{},0.5,普攻技能获得强化提升!,普攻技能獲得強化提升！,Normal skill has been enhanced!,Kỹ năng thường đã được tăng cường!,일반 스킬이 강화되었습니다!,Habilidade normal foi fortalecida!,สกิลปกติได้รับการเสริมพลัง!,1,-1,{effort=7;zawakeStage=108;equipStarSum=6;equipAwakeSum=2},-1,{}
423003,4121,,3,{},0.5,小技能获得强化提升!,小技能獲得強化提升！,Minor skill has been enhanced!,Kỹ năng nhỏ đã được tăng cường!,소형 스킬이 강화되었습니다!,Habilidade menor foi aprimorada!,สกิลย่อยได้รับการเสริมพลัง!,1,-1,{star=9;goodFeel=160;zawakeStage=208;advance=15},-1,{}
423004,4121,,4,{},0.5,被动技能获得强化提升!,被動技能獲得強化提升！,Passive skill has been enhanced!,Kỹ năng bị động đã được tăng cường!,패시브 스킬이 강화되었습니다!,Habilidade passiva foi fortalecida!,สกิลพาสซีฟได้รับการเสริมพลัง!,1,-1,{effort=9;equipStarSum=9;zawakeStage=308;nvalueSum=140},-1,{}
423005,4121,,5,{},0.5,属性获得增强,屬性獲得增強,Attribute has been enhanced,Thuộc tính đã được tăng cường,속성이 강화되었습니다,Atributo foi aprimorado,คุณสมบัติได้รับการเสริมพลัง,1,-1,{star=10;goodFeel=220;zawakeStage=408;advance=16},-1,{}
423006,4121,,6,{},0.5,大招技能获得强化提升!,終極技能獲得強化提升！,Ultimate skill has been enhanced!,Kỹ năng tối thượng đã được tăng cường!,궁극 스킬이 강화되었습니다!,Habilidade suprema foi fortalecida!,สกิลอัลติเมตได้รับการเสริมพลัง!,1,-1,{effort=11;zawakeStage=508;equipStarSum=12;equipAwakeSum=4},-1,{}
423007,4121,,7,{},0.5,属性获得增强,屬性獲得增強,Attribute has been enhanced,Thuộc tính đã được tăng cường,속성이 강화되었습니다,Atributo foi aprimorado,คุณสมบัติได้รับการเสริมพลัง,1,-1,{star=11;goodFeel=300;zawakeStage=608;advance=17},-1,{}
423008,4121,,8,{},0.5,属性获得增强,屬性獲得增強,Attribute has been enhanced,Thuộc tính đã được tăng cường,속성이 강화되었습니다,Atributo foi aprimorado,คุณสมบัติได้รับการเสริมพลัง,1,-1,{effort=13;equipStarSum=15;zawakeStage=708;nvalueSum=140},-1,{}
423101,4131,,1,{},0.5,属性获得增强,屬性獲得增強,Attribute has been enhanced,Thuộc tính đã được tăng cường,속성이 강화되었습니다,Atributo foi aprimorado,คุณสมบัติได้รับการเสริมพลัง,1,-1,{star=8;advance=13;goodFeel=100},-1,{}
423102,4131,,2,{},0.5,普攻技能获得强化提升!,普攻技能獲得強化提升！,Normal skill has been enhanced!,Kỹ năng thường đã được tăng cường!,일반 스킬이 강화되었습니다!,Habilidade normal foi fortalecida!,สกิลปกติได้รับการเสริมพลัง!,1,-1,{effort=7;zawakeStage=108;equipStarSum=6;equipAwakeSum=2},-1,{}
423103,4131,,3,{},0.5,小技能获得强化提升!,小技能獲得強化提升！,Minor skill has been enhanced!,Kỹ năng nhỏ đã được tăng cường!,소형 스킬이 강화되었습니다!,Habilidade menor foi aprimorada!,สกิลย่อยได้รับการเสริมพลัง!,1,-1,{star=9;goodFeel=160;zawakeStage=208;advance=15},-1,{}
423104,4131,,4,{},0.5,被动技能获得强化提升!,被動技能獲得強化提升！,Passive skill has been enhanced!,Kỹ năng bị động đã được tăng cường!,패시브 스킬이 강화되었습니다!,Habilidade passiva foi fortalecida!,สกิลพาสซีฟได้รับการเสริมพลัง!,1,-1,{effort=9;equipStarSum=9;zawakeStage=308;nvalueSum=140},-1,{}
423105,4131,,5,{},0.5,属性获得增强,屬性獲得增強,Attribute has been enhanced,Thuộc tính đã được tăng cường,속성이 강화되었습니다,Atributo foi aprimorado,คุณสมบัติได้รับการเสริมพลัง,1,-1,{star=10;goodFeel=220;zawakeStage=408;advance=16},-1,{}
423106,4131,,6,{},0.5,大招技能获得强化提升!,終極技能獲得強化提升！,Ultimate skill has been enhanced!,Kỹ năng tối thượng đã được tăng cường!,궁극 스킬이 강화되었습니다!,Habilidade suprema foi fortalecida!,สกิลอัลติเมตได้รับการเสริมพลัง!,1,-1,{effort=11;zawakeStage=508;equipStarSum=12;equipAwakeSum=4},-1,{}
423107,4131,,7,{},0.5,属性获得增强,屬性獲得增強,Attribute has been enhanced,Thuộc tính đã được tăng cường,속성이 강화되었습니다,Atributo foi aprimorado,คุณสมบัติได้รับการเสริมพลัง,1,-1,{star=11;goodFeel=300;zawakeStage=608;advance=17},-1,{}
423108,4131,,8,{},0.5,属性获得增强,屬性獲得增強,Attribute has been enhanced,Thuộc tính đã được tăng cường,속성이 강화되었습니다,Atributo foi aprimorado,คุณสมบัติได้รับการเสริมพลัง,1,-1,{effort=13;equipStarSum=15;zawakeStage=708;nvalueSum=140},-1,{}
423201,4141,,1,{},0.5,属性获得增强,屬性獲得增強,Attribute has been enhanced,Thuộc tính đã được tăng cường,속성이 강화되었습니다,Atributo foi aprimorado,คุณสมบัติได้รับการเสริมพลัง,1,-1,{star=8;advance=13;goodFeel=100},-1,{}
423202,4141,,2,{},0.5,普攻技能获得强化提升!,普攻技能獲得強化提升！,Normal skill has been enhanced!,Kỹ năng thường đã được tăng cường!,일반 스킬이 강화되었습니다!,Habilidade normal foi fortalecida!,สกิลปกติได้รับการเสริมพลัง!,1,-1,{effort=7;zawakeStage=108;equipStarSum=6;equipAwakeSum=2},-1,{}
423203,4141,,3,{},0.5,小技能获得强化提升!,小技能獲得強化提升！,Minor skill has been enhanced!,Kỹ năng nhỏ đã được tăng cường!,소형 스킬이 강화되었습니다!,Habilidade menor foi aprimorada!,สกิลย่อยได้รับการเสริมพลัง!,1,-1,{star=9;goodFeel=160;zawakeStage=208;advance=15},-1,{}
423204,4141,,4,{},0.5,被动技能获得强化提升!,被動技能獲得強化提升！,Passive skill has been enhanced!,Kỹ năng bị động đã được tăng cường!,패시브 스킬이 강화되었습니다!,Habilidade passiva foi fortalecida!,สกิลพาสซีฟได้รับการเสริมพลัง!,1,-1,{effort=9;equipStarSum=9;zawakeStage=308;nvalueSum=140},-1,{}
423205,4141,,5,{},0.5,属性获得增强,屬性獲得增強,Attribute has been enhanced,Thuộc tính đã được tăng cường,속성이 강화되었습니다,Atributo foi aprimorado,คุณสมบัติได้รับการเสริมพลัง,1,-1,{star=10;goodFeel=220;zawakeStage=408;advance=16},-1,{}
423206,4141,,6,{},0.5,大招技能获得强化提升!,終極技能獲得強化提升！,Ultimate skill has been enhanced!,Kỹ năng tối thượng đã được tăng cường!,궁극 스킬이 강화되었습니다!,Habilidade suprema foi fortalecida!,สกิลอัลติเมตได้รับการเสริมพลัง!,1,-1,{effort=11;zawakeStage=508;equipStarSum=12;equipAwakeSum=4},-1,{}
423207,4141,,7,{},0.5,属性获得增强,屬性獲得增強,Attribute has been enhanced,Thuộc tính đã được tăng cường,속성이 강화되었습니다,Atributo foi aprimorado,คุณสมบัติได้รับการเสริมพลัง,1,-1,{star=11;goodFeel=300;zawakeStage=608;advance=17},-1,{}
423208,4141,,8,{},0.5,属性获得增强,屬性獲得增強,Attribute has been enhanced,Thuộc tính đã được tăng cường,속성이 강화되었습니다,Atributo foi aprimorado,คุณสมบัติได้รับการเสริมพลัง,1,-1,{effort=13;equipStarSum=15;zawakeStage=708;nvalueSum=140},-1,{}
423301,4151,,1,{},0.5,属性获得增强,屬性獲得增強,Attribute has been enhanced,Thuộc tính đã được tăng cường,속성이 강화되었습니다,Atributo foi aprimorado,คุณสมบัติได้รับการเสริมพลัง,1,-1,{star=8;advance=13;goodFeel=100},-1,{}
423302,4151,,2,{},0.5,普攻技能获得强化提升!,普攻技能獲得強化提升！,Normal skill has been enhanced!,Kỹ năng thường đã được tăng cường!,일반 스킬이 강화되었습니다!,Habilidade normal foi fortalecida!,สกิลปกติได้รับการเสริมพลัง!,1,-1,{effort=7;zawakeStage=108;equipStarSum=6;equipAwakeSum=2},-1,{}
423303,4151,,3,{},0.5,小技能获得强化提升!,小技能獲得強化提升！,Minor skill has been enhanced!,Kỹ năng nhỏ đã được tăng cường!,소형 스킬이 강화되었습니다!,Habilidade menor foi aprimorada!,สกิลย่อยได้รับการเสริมพลัง!,1,-1,{star=9;goodFeel=160;zawakeStage=208;advance=15},-1,{}
423304,4151,,4,{},0.5,被动技能获得强化提升!,被動技能獲得強化提升！,Passive skill has been enhanced!,Kỹ năng bị động đã được tăng cường!,패시브 스킬이 강화되었습니다!,Habilidade passiva foi fortalecida!,สกิลพาสซีฟได้รับการเสริมพลัง!,1,-1,{effort=9;equipStarSum=9;zawakeStage=308;nvalueSum=140},-1,{}
423305,4151,,5,{},0.5,属性获得增强,屬性獲得增強,Attribute has been enhanced,Thuộc tính đã được tăng cường,속성이 강화되었습니다,Atributo foi aprimorado,คุณสมบัติได้รับการเสริมพลัง,1,-1,{star=10;goodFeel=220;zawakeStage=408;advance=16},-1,{}
423306,4151,,6,{},0.5,大招技能获得强化提升!,終極技能獲得強化提升！,Ultimate skill has been enhanced!,Kỹ năng tối thượng đã được tăng cường!,궁극 스킬이 강화되었습니다!,Habilidade suprema foi fortalecida!,สกิลอัลติเมตได้รับการเสริมพลัง!,1,-1,{effort=11;zawakeStage=508;equipStarSum=12;equipAwakeSum=4},-1,{}
423307,4151,,7,{},0.5,属性获得增强,屬性獲得增強,Attribute has been enhanced,Thuộc tính đã được tăng cường,속성이 강화되었습니다,Atributo foi aprimorado,คุณสมบัติได้รับการเสริมพลัง,1,-1,{star=11;goodFeel=300;zawakeStage=608;advance=17},-1,{}
423308,4151,,8,{},0.5,属性获得增强,屬性獲得增強,Attribute has been enhanced,Thuộc tính đã được tăng cường,속성이 강화되었습니다,Atributo foi aprimorado,คุณสมบัติได้รับการเสริมพลัง,1,-1,{effort=13;equipStarSum=15;zawakeStage=708;nvalueSum=140},-1,{}
423401,4161,,1,{},0.5,属性获得增强,屬性獲得增強,Attribute has been enhanced,Thuộc tính đã được tăng cường,속성이 강화되었습니다,Atributo foi aprimorado,คุณสมบัติได้รับการเสริมพลัง,1,-1,{star=8;advance=13;goodFeel=100},-1,{}
423402,4161,,2,{},0.5,普攻技能获得强化提升!,普攻技能獲得強化提升！,Normal skill has been enhanced!,Kỹ năng thường đã được tăng cường!,일반 스킬이 강화되었습니다!,Habilidade normal foi fortalecida!,สกิลปกติได้รับการเสริมพลัง!,1,-1,{effort=7;zawakeStage=108;equipStarSum=6;equipAwakeSum=2},-1,{}
423403,4161,,3,{},0.5,小技能获得强化提升!,小技能獲得強化提升！,Minor skill has been enhanced!,Kỹ năng nhỏ đã được tăng cường!,소형 스킬이 강화되었습니다!,Habilidade menor foi aprimorada!,สกิลย่อยได้รับการเสริมพลัง!,1,-1,{star=9;goodFeel=160;zawakeStage=208;advance=15},-1,{}
423404,4161,,4,{},0.5,被动技能获得强化提升!,被動技能獲得強化提升！,Passive skill has been enhanced!,Kỹ năng bị động đã được tăng cường!,패시브 스킬이 강화되었습니다!,Habilidade passiva foi fortalecida!,สกิลพาสซีฟได้รับการเสริมพลัง!,1,-1,{effort=9;equipStarSum=9;zawakeStage=308;nvalueSum=140},-1,{}
423405,4161,,5,{},0.5,属性获得增强,屬性獲得增強,Attribute has been enhanced,Thuộc tính đã được tăng cường,속성이 강화되었습니다,Atributo foi aprimorado,คุณสมบัติได้รับการเสริมพลัง,1,-1,{star=10;goodFeel=220;zawakeStage=408;advance=16},-1,{}
423406,4161,,6,{},0.5,大招技能获得强化提升!,終極技能獲得強化提升！,Ultimate skill has been enhanced!,Kỹ năng tối thượng đã được tăng cường!,궁극 스킬이 강화되었습니다!,Habilidade suprema foi fortalecida!,สกิลอัลติเมตได้รับการเสริมพลัง!,1,-1,{effort=11;zawakeStage=508;equipStarSum=12;equipAwakeSum=4},-1,{}
423407,4161,,7,{},0.5,属性获得增强,屬性獲得增強,Attribute has been enhanced,Thuộc tính đã được tăng cường,속성이 강화되었습니다,Atributo foi aprimorado,คุณสมบัติได้รับการเสริมพลัง,1,-1,{star=11;goodFeel=300;zawakeStage=608;advance=17},-1,{}
423408,4161,,8,{},0.5,属性获得增强,屬性獲得增強,Attribute has been enhanced,Thuộc tính đã được tăng cường,속성이 강화되었습니다,Atributo foi aprimorado,คุณสมบัติได้รับการเสริมพลัง,1,-1,{effort=13;equipStarSum=15;zawakeStage=708;nvalueSum=140},-1,{}
427101,4171,,1,{},0.5,属性获得增强,屬性獲得增強,Attribute has been enhanced,Thuộc tính đã được tăng cường,속성이 강화되었습니다,Atributo foi aprimorado,คุณสมบัติได้รับการเสริมพลัง,1,-1,{star=8;advance=13;goodFeel=100},-1,{}
427102,4171,,2,{},0.5,普攻技能获得强化提升!,普攻技能獲得強化提升！,Normal skill has been enhanced!,Kỹ năng thường đã được tăng cường!,일반 스킬이 강화되었습니다!,Habilidade normal foi fortalecida!,สกิลปกติได้รับการเสริมพลัง!,1,-1,{effort=7;zawakeStage=108;equipStarSum=6;equipAwakeSum=2},-1,{}
427103,4171,,3,{},0.5,小技能获得强化提升!,小技能獲得強化提升！,Minor skill has been enhanced!,Kỹ năng nhỏ đã được tăng cường!,소형 스킬이 강화되었습니다!,Habilidade menor foi aprimorada!,สกิลย่อยได้รับการเสริมพลัง!,1,-1,{star=9;goodFeel=180;zawakeStage=208;advance=15},-1,{}
427104,4171,,4,{},0.5,被动技能获得强化提升!,被動技能獲得強化提升！,Passive skill has been enhanced!,Kỹ năng bị động đã được tăng cường!,패시브 스킬이 강화되었습니다!,Habilidade passiva foi fortalecida!,สกิลพาสซีฟได้รับการเสริมพลัง!,1,-1,{effort=9;equipStarSum=12;zawakeStage=308;nvalueSum=160},-1,{}
427105,4171,,5,{},0.5,属性获得增强,屬性獲得增強,Attribute has been enhanced,Thuộc tính đã được tăng cường,속성이 강화되었습니다,Atributo foi aprimorado,คุณสมบัติได้รับการเสริมพลัง,1,-1,{star=10;goodFeel=260;zawakeStage=408;advance=17},-1,{}
427106,4171,,6,{},0.5,大招技能获得强化提升!,終極技能獲得強化提升！,Ultimate skill has been enhanced!,Kỹ năng tối thượng đã được tăng cường!,궁극 스킬이 강화되었습니다!,Habilidade suprema foi fortalecida!,สกิลอัลติเมตได้รับการเสริมพลัง!,1,-1,{effort=11;zawakeStage=508;equipStarSum=18;equipAwakeSum=6},-1,{}
427107,4171,,7,{},0.5,属性获得增强,屬性獲得增強,Attribute has been enhanced,Thuộc tính đã được tăng cường,속성이 강화되었습니다,Atributo foi aprimorado,คุณสมบัติได้รับการเสริมพลัง,1,-1,{star=11;goodFeel=350;zawakeStage=608;advance=19},-1,{}
427108,4171,,8,{},0.5,属性获得增强,屬性獲得增強,Attribute has been enhanced,Thuộc tính đã được tăng cường,속성이 강화되었습니다,Atributo foi aprimorado,คุณสมบัติได้รับการเสริมพลัง,1,-1,{effort=13;equipStarSum=24;zawakeStage=708;nvalueSum=160},-1,{}
428101,4181,,1,{},0.5,属性获得增强,屬性獲得增強,Attribute has been enhanced,Thuộc tính đã được tăng cường,속성이 강화되었습니다,Atributo foi aprimorado,คุณสมบัติได้รับการเสริมพลัง,1,-1,{star=8;advance=13;goodFeel=100},-1,{}
428102,4181,,2,{},0.5,普攻技能获得强化提升!,普攻技能獲得強化提升！,Normal skill has been enhanced!,Kỹ năng thường đã được tăng cường!,일반 스킬이 강화되었습니다!,Habilidade normal foi fortalecida!,สกิลปกติได้รับการเสริมพลัง!,1,-1,{effort=7;zawakeStage=108;equipStarSum=6;equipAwakeSum=2},-1,{}
428103,4181,,3,{},0.5,小技能获得强化提升!,小技能獲得強化提升！,Minor skill has been enhanced!,Kỹ năng nhỏ đã được tăng cường!,소형 스킬이 강화되었습니다!,Habilidade menor foi aprimorada!,สกิลย่อยได้รับการเสริมพลัง!,1,-1,{star=9;goodFeel=160;zawakeStage=208;advance=15},-1,{}
428104,4181,,4,{},0.5,被动技能获得强化提升!,被動技能獲得強化提升！,Passive skill has been enhanced!,Kỹ năng bị động đã được tăng cường!,패시브 스킬이 강화되었습니다!,Habilidade passiva foi fortalecida!,สกิลพาสซีฟได้รับการเสริมพลัง!,1,-1,{effort=9;equipStarSum=9;zawakeStage=308;nvalueSum=140},-1,{}
428105,4181,,5,{},0.5,属性获得增强,屬性獲得增強,Attribute has been enhanced,Thuộc tính đã được tăng cường,속성이 강화되었습니다,Atributo foi aprimorado,คุณสมบัติได้รับการเสริมพลัง,1,-1,{star=10;goodFeel=220;zawakeStage=408;advance=16},-1,{}
428106,4181,,6,{},0.5,大招技能获得强化提升!,終極技能獲得強化提升！,Ultimate skill has been enhanced!,Kỹ năng tối thượng đã được tăng cường!,궁극 스킬이 강화되었습니다!,Habilidade suprema foi fortalecida!,สกิลอัลติเมตได้รับการเสริมพลัง!,1,-1,{effort=11;zawakeStage=508;equipStarSum=12;equipAwakeSum=4},-1,{}
428107,4181,,7,{},0.5,属性获得增强,屬性獲得增強,Attribute has been enhanced,Thuộc tính đã được tăng cường,속성이 강화되었습니다,Atributo foi aprimorado,คุณสมบัติได้รับการเสริมพลัง,1,-1,{star=11;goodFeel=300;zawakeStage=608;advance=17},-1,{}
428108,4181,,8,{},0.5,属性获得增强,屬性獲得增強,Attribute has been enhanced,Thuộc tính đã được tăng cường,속성이 강화되었습니다,Atributo foi aprimorado,คุณสมบัติได้รับการเสริมพลัง,1,-1,{effort=13;equipStarSum=15;zawakeStage=708;nvalueSum=140},-1,{}
700101,7001,,1,{},0.5,属性获得增强,屬性獲得增強,Attribute has been enhanced,Thuộc tính đã được tăng cường,속성이 강화되었습니다,Atributo foi aprimorado,คุณสมบัติได้รับการเสริมพลัง,1,-1,{star=8;advance=13;goodFeel=100},-1,{}
700102,7001,,2,{},0.5,普攻技能获得强化提升!,普攻技能獲得強化提升！,Normal skill has been enhanced!,Kỹ năng thường đã được tăng cường!,일반 스킬이 강화되었습니다!,Habilidade normal foi fortalecida!,สกิลปกติได้รับการเสริมพลัง!,1,-1,{effort=7;zawakeStage=108;equipStarSum=6;equipAwakeSum=2},-1,{}
700103,7001,,3,{},0.5,小技能获得强化提升!,小技能獲得強化提升！,Minor skill has been enhanced!,Kỹ năng nhỏ đã được tăng cường!,소형 스킬이 강화되었습니다!,Habilidade menor foi aprimorada!,สกิลย่อยได้รับการเสริมพลัง!,1,-1,{star=9;goodFeel=180;zawakeStage=208;advance=15},-1,{}
700104,7001,,4,{},0.5,被动技能获得强化提升!,被動技能獲得強化提升！,Passive skill has been enhanced!,Kỹ năng bị động đã được tăng cường!,패시브 스킬이 강화되었습니다!,Habilidade passiva foi fortalecida!,สกิลพาสซีฟได้รับการเสริมพลัง!,1,-1,{effort=9;equipStarSum=12;zawakeStage=308;nvalueSum=160},-1,{}
700105,7001,,5,{},0.5,属性获得增强,屬性獲得增強,Attribute has been enhanced,Thuộc tính đã được tăng cường,속성이 강화되었습니다,Atributo foi aprimorado,คุณสมบัติได้รับการเสริมพลัง,1,-1,{star=10;goodFeel=260;zawakeStage=408;advance=17},-1,{}
700106,7001,,6,{},0.5,大招技能获得强化提升!,終極技能獲得強化提升！,Ultimate skill has been enhanced!,Kỹ năng tối thượng đã được tăng cường!,궁극 스킬이 강화되었습니다!,Habilidade suprema foi fortalecida!,สกิลอัลติเมตได้รับการเสริมพลัง!,1,-1,{effort=11;zawakeStage=508;equipStarSum=18;equipAwakeSum=6},-1,{}
700107,7001,,7,{},0.5,属性获得增强,屬性獲得增強,Attribute has been enhanced,Thuộc tính đã được tăng cường,속성이 강화되었습니다,Atributo foi aprimorado,คุณสมบัติได้รับการเสริมพลัง,1,-1,{star=11;goodFeel=350;zawakeStage=608;advance=19},-1,{}
700108,7001,,8,{},0.5,属性获得增强,屬性獲得增強,Attribute has been enhanced,Thuộc tính đã được tăng cường,속성이 강화되었습니다,Atributo foi aprimorado,คุณสมบัติได้รับการเสริมพลัง,1,-1,{effort=13;equipStarSum=24;zawakeStage=708;nvalueSum=160},-1,{}
702101,7021,,1,{},0.5,属性获得增强,屬性獲得增強,Attribute has been enhanced,Thuộc tính đã được tăng cường,속성이 강화되었습니다,Atributo foi aprimorado,คุณสมบัติได้รับการเสริมพลัง,1,-1,{star=8;advance=13;goodFeel=100},-1,{}
702102,7021,,2,{},0.5,普攻技能获得强化提升!,普攻技能獲得強化提升！,Normal skill has been enhanced!,Kỹ năng thường đã được tăng cường!,일반 스킬이 강화되었습니다!,Habilidade normal foi fortalecida!,สกิลปกติได้รับการเสริมพลัง!,1,-1,{effort=7;zawakeStage=108;equipStarSum=6;equipAwakeSum=2},-1,{}
702103,7021,,3,{},0.5,小技能获得强化提升!,小技能獲得強化提升！,Minor skill has been enhanced!,Kỹ năng nhỏ đã được tăng cường!,소형 스킬이 강화되었습니다!,Habilidade menor foi aprimorada!,สกิลย่อยได้รับการเสริมพลัง!,1,-1,{star=9;goodFeel=180;zawakeStage=208;advance=15},-1,{}
702104,7021,,4,{},0.5,被动技能获得强化提升!,被動技能獲得強化提升！,Passive skill has been enhanced!,Kỹ năng bị động đã được tăng cường!,패시브 스킬이 강화되었습니다!,Habilidade passiva foi fortalecida!,สกิลพาสซีฟได้รับการเสริมพลัง!,1,-1,{effort=9;equipStarSum=12;zawakeStage=308;nvalueSum=160},-1,{}
702105,7021,,5,{},0.5,属性获得增强,屬性獲得增強,Attribute has been enhanced,Thuộc tính đã được tăng cường,속성이 강화되었습니다,Atributo foi aprimorado,คุณสมบัติได้รับการเสริมพลัง,1,-1,{star=10;goodFeel=260;zawakeStage=408;advance=17},-1,{}
702106,7021,,6,{},0.5,大招技能获得强化提升!,終極技能獲得強化提升！,Ultimate skill has been enhanced!,Kỹ năng tối thượng đã được tăng cường!,궁극 스킬이 강화되었습니다!,Habilidade suprema foi fortalecida!,สกิลอัลติเมตได้รับการเสริมพลัง!,1,-1,{effort=11;zawakeStage=508;equipStarSum=18;equipAwakeSum=6},-1,{}
702107,7021,,7,{},0.5,属性获得增强,屬性獲得增強,Attribute has been enhanced,Thuộc tính đã được tăng cường,속성이 강화되었습니다,Atributo foi aprimorado,คุณสมบัติได้รับการเสริมพลัง,1,-1,{star=11;goodFeel=350;zawakeStage=608;advance=19},-1,{}
702108,7021,,8,{},0.5,属性获得增强,屬性獲得增強,Attribute has been enhanced,Thuộc tính đã được tăng cường,속성이 강화되었습니다,Atributo foi aprimorado,คุณสมบัติได้รับการเสริมพลัง,1,-1,{effort=13;equipStarSum=24;zawakeStage=708;nvalueSum=160},-1,{}
703101,7031,,1,{},0.5,属性获得增强,屬性獲得增強,Attribute has been enhanced,Thuộc tính đã được tăng cường,속성이 강화되었습니다,Atributo foi aprimorado,คุณสมบัติได้รับการเสริมพลัง,1,-1,{star=8;advance=13;goodFeel=100},-1,{}
703102,7031,,2,{},0.5,普攻技能获得强化提升!,普攻技能獲得強化提升！,Normal skill has been enhanced!,Kỹ năng thường đã được tăng cường!,일반 스킬이 강화되었습니다!,Habilidade normal foi fortalecida!,สกิลปกติได้รับการเสริมพลัง!,1,-1,{effort=7;zawakeStage=108;equipStarSum=6;equipAwakeSum=2},-1,{}
703103,7031,,3,{},0.5,小技能获得强化提升!,小技能獲得強化提升！,Minor skill has been enhanced!,Kỹ năng nhỏ đã được tăng cường!,소형 스킬이 강화되었습니다!,Habilidade menor foi aprimorada!,สกิลย่อยได้รับการเสริมพลัง!,1,-1,{star=9;goodFeel=180;zawakeStage=208;advance=15},-1,{}
703104,7031,,4,{},0.5,被动技能获得强化提升!,被動技能獲得強化提升！,Passive skill has been enhanced!,Kỹ năng bị động đã được tăng cường!,패시브 스킬이 강화되었습니다!,Habilidade passiva foi fortalecida!,สกิลพาสซีฟได้รับการเสริมพลัง!,1,-1,{effort=9;equipStarSum=12;zawakeStage=308;nvalueSum=160},-1,{}
703105,7031,,5,{},0.5,属性获得增强,屬性獲得增強,Attribute has been enhanced,Thuộc tính đã được tăng cường,속성이 강화되었습니다,Atributo foi aprimorado,คุณสมบัติได้รับการเสริมพลัง,1,-1,{star=10;goodFeel=260;zawakeStage=408;advance=17},-1,{}
703106,7031,,6,{},0.5,大招技能获得强化提升!,終極技能獲得強化提升！,Ultimate skill has been enhanced!,Kỹ năng tối thượng đã được tăng cường!,궁극 스킬이 강화되었습니다!,Habilidade suprema foi fortalecida!,สกิลอัลติเมตได้รับการเสริมพลัง!,1,-1,{effort=11;zawakeStage=508;equipStarSum=18;equipAwakeSum=6},-1,{}
703107,7031,,7,{},0.5,属性获得增强,屬性獲得增強,Attribute has been enhanced,Thuộc tính đã được tăng cường,속성이 강화되었습니다,Atributo foi aprimorado,คุณสมบัติได้รับการเสริมพลัง,1,-1,{star=11;goodFeel=350;zawakeStage=608;advance=19},-1,{}
703108,7031,,8,{},0.5,属性获得增强,屬性獲得增強,Attribute has been enhanced,Thuộc tính đã được tăng cường,속성이 강화되었습니다,Atributo foi aprimorado,คุณสมบัติได้รับการเสริมพลัง,1,-1,{effort=13;equipStarSum=24;zawakeStage=708;nvalueSum=160},-1,{}
704101,7041,,1,{},0.5,属性获得增强,屬性獲得增強,Attribute has been enhanced,Thuộc tính đã được tăng cường,속성이 강화되었습니다,Atributo foi aprimorado,คุณสมบัติได้รับการเสริมพลัง,1,-1,{star=8;advance=13;goodFeel=100},-1,{}
704102,7041,,2,{},0.5,普攻技能获得强化提升!,普攻技能獲得強化提升！,Normal skill has been enhanced!,Kỹ năng thường đã được tăng cường!,일반 스킬이 강화되었습니다!,Habilidade normal foi fortalecida!,สกิลปกติได้รับการเสริมพลัง!,1,-1,{effort=7;zawakeStage=108;equipStarSum=6;equipAwakeSum=2},-1,{}
704103,7041,,3,{},0.5,小技能获得强化提升!,小技能獲得強化提升！,Minor skill has been enhanced!,Kỹ năng nhỏ đã được tăng cường!,소형 스킬이 강화되었습니다!,Habilidade menor foi aprimorada!,สกิลย่อยได้รับการเสริมพลัง!,1,-1,{star=9;goodFeel=180;zawakeStage=208;advance=15},-1,{}
704104,7041,,4,{},0.5,被动技能获得强化提升!,被動技能獲得強化提升！,Passive skill has been enhanced!,Kỹ năng bị động đã được tăng cường!,패시브 스킬이 강화되었습니다!,Habilidade passiva foi fortalecida!,สกิลพาสซีฟได้รับการเสริมพลัง!,1,-1,{effort=9;equipStarSum=12;zawakeStage=308;nvalueSum=160},-1,{}
704105,7041,,5,{},0.5,属性获得增强,屬性獲得增強,Attribute has been enhanced,Thuộc tính đã được tăng cường,속성이 강화되었습니다,Atributo foi aprimorado,คุณสมบัติได้รับการเสริมพลัง,1,-1,{star=10;goodFeel=260;zawakeStage=408;advance=17},-1,{}
704106,7041,,6,{},0.5,大招技能获得强化提升!,終極技能獲得強化提升！,Ultimate skill has been enhanced!,Kỹ năng tối thượng đã được tăng cường!,궁극 스킬이 강화되었습니다!,Habilidade suprema foi fortalecida!,สกิลอัลติเมตได้รับการเสริมพลัง!,1,-1,{effort=11;zawakeStage=508;equipStarSum=18;equipAwakeSum=6},-1,{}
704107,7041,,7,{},0.5,属性获得增强,屬性獲得增強,Attribute has been enhanced,Thuộc tính đã được tăng cường,속성이 강화되었습니다,Atributo foi aprimorado,คุณสมบัติได้รับการเสริมพลัง,1,-1,{star=11;goodFeel=350;zawakeStage=608;advance=19},-1,{}
704108,7041,,8,{},0.5,属性获得增强,屬性獲得增強,Attribute has been enhanced,Thuộc tính đã được tăng cường,속성이 강화되었습니다,Atributo foi aprimorado,คุณสมบัติได้รับการเสริมพลัง,1,-1,{effort=13;equipStarSum=24;zawakeStage=708;nvalueSum=160},-1,{}
705101,7051,,1,{},0.5,属性获得增强,屬性獲得增強,Attribute has been enhanced,Thuộc tính đã được tăng cường,속성이 강화되었습니다,Atributo foi aprimorado,คุณสมบัติได้รับการเสริมพลัง,1,-1,{star=8;advance=13;goodFeel=100},-1,{}
705102,7051,,2,{},0.5,普攻技能获得强化提升!,普攻技能獲得強化提升！,Normal skill has been enhanced!,Kỹ năng thường đã được tăng cường!,일반 스킬이 강화되었습니다!,Habilidade normal foi fortalecida!,สกิลปกติได้รับการเสริมพลัง!,1,-1,{effort=7;zawakeStage=108;equipStarSum=6;equipAwakeSum=2},-1,{}
705103,7051,,3,{},0.5,小技能获得强化提升!,小技能獲得強化提升！,Minor skill has been enhanced!,Kỹ năng nhỏ đã được tăng cường!,소형 스킬이 강화되었습니다!,Habilidade menor foi aprimorada!,สกิลย่อยได้รับการเสริมพลัง!,1,-1,{star=9;goodFeel=180;zawakeStage=208;advance=15},-1,{}
705104,7051,,4,{},0.5,被动技能获得强化提升!,被動技能獲得強化提升！,Passive skill has been enhanced!,Kỹ năng bị động đã được tăng cường!,패시브 스킬이 강화되었습니다!,Habilidade passiva foi fortalecida!,สกิลพาสซีฟได้รับการเสริมพลัง!,1,-1,{effort=9;equipStarSum=12;zawakeStage=308;nvalueSum=160},-1,{}
705105,7051,,5,{},0.5,属性获得增强,屬性獲得增強,Attribute has been enhanced,Thuộc tính đã được tăng cường,속성이 강화되었습니다,Atributo foi aprimorado,คุณสมบัติได้รับการเสริมพลัง,1,-1,{star=10;goodFeel=260;zawakeStage=408;advance=17},-1,{}
705106,7051,,6,{},0.5,大招技能获得强化提升!,終極技能獲得強化提升！,Ultimate skill has been enhanced!,Kỹ năng tối thượng đã được tăng cường!,궁극 스킬이 강화되었습니다!,Habilidade suprema foi fortalecida!,สกิลอัลติเมตได้รับการเสริมพลัง!,1,-1,{effort=11;zawakeStage=508;equipStarSum=18;equipAwakeSum=6},-1,{}
705107,7051,,7,{},0.5,属性获得增强,屬性獲得增強,Attribute has been enhanced,Thuộc tính đã được tăng cường,속성이 강화되었습니다,Atributo foi aprimorado,คุณสมบัติได้รับการเสริมพลัง,1,-1,{star=11;goodFeel=350;zawakeStage=608;advance=19},-1,{}
705108,7051,,8,{},0.5,属性获得增强,屬性獲得增強,Attribute has been enhanced,Thuộc tính đã được tăng cường,속성이 강화되었습니다,Atributo foi aprimorado,คุณสมบัติได้รับการเสริมพลัง,1,-1,{effort=13;equipStarSum=24;zawakeStage=708;nvalueSum=160},-1,{}
706101,7061,,1,{},0.5,属性获得增强,屬性獲得增強,Attribute has been enhanced,Thuộc tính đã được tăng cường,속성이 강화되었습니다,Atributo foi aprimorado,คุณสมบัติได้รับการเสริมพลัง,1,-1,{star=8;advance=13;goodFeel=100},-1,{}
706102,7061,,2,{},0.5,普攻技能获得强化提升!,普攻技能獲得強化提升！,Normal skill has been enhanced!,Kỹ năng thường đã được tăng cường!,일반 스킬이 강화되었습니다!,Habilidade normal foi fortalecida!,สกิลปกติได้รับการเสริมพลัง!,1,-1,{effort=7;zawakeStage=108;equipStarSum=6;equipAwakeSum=2},-1,{}
706103,7061,,3,{},0.5,小技能获得强化提升!,小技能獲得強化提升！,Minor skill has been enhanced!,Kỹ năng nhỏ đã được tăng cường!,소형 스킬이 강화되었습니다!,Habilidade menor foi aprimorada!,สกิลย่อยได้รับการเสริมพลัง!,1,-1,{star=9;goodFeel=180;zawakeStage=208;advance=15},-1,{}
706104,7061,,4,{},0.5,被动技能获得强化提升!,被動技能獲得強化提升！,Passive skill has been enhanced!,Kỹ năng bị động đã được tăng cường!,패시브 스킬이 강화되었습니다!,Habilidade passiva foi fortalecida!,สกิลพาสซีฟได้รับการเสริมพลัง!,1,-1,{effort=9;equipStarSum=12;zawakeStage=308;nvalueSum=160},-1,{}
706105,7061,,5,{},0.5,属性获得增强,屬性獲得增強,Attribute has been enhanced,Thuộc tính đã được tăng cường,속성이 강화되었습니다,Atributo foi aprimorado,คุณสมบัติได้รับการเสริมพลัง,1,-1,{star=10;goodFeel=260;zawakeStage=408;advance=17},-1,{}
706106,7061,,6,{},0.5,大招技能获得强化提升!,終極技能獲得強化提升！,Ultimate skill has been enhanced!,Kỹ năng tối thượng đã được tăng cường!,궁극 스킬이 강화되었습니다!,Habilidade suprema foi fortalecida!,สกิลอัลติเมตได้รับการเสริมพลัง!,1,-1,{effort=11;zawakeStage=508;equipStarSum=18;equipAwakeSum=6},-1,{}
706107,7061,,7,{},0.5,属性获得增强,屬性獲得增強,Attribute has been enhanced,Thuộc tính đã được tăng cường,속성이 강화되었습니다,Atributo foi aprimorado,คุณสมบัติได้รับการเสริมพลัง,1,-1,{star=11;goodFeel=350;zawakeStage=608;advance=19},-1,{}
706108,7061,,8,{},0.5,属性获得增强,屬性獲得增強,Attribute has been enhanced,Thuộc tính đã được tăng cường,속성이 강화되었습니다,Atributo foi aprimorado,คุณสมบัติได้รับการเสริมพลัง,1,-1,{effort=13;equipStarSum=24;zawakeStage=708;nvalueSum=160},-1,{}
707101,7071,,1,{},0.5,属性获得增强,屬性獲得增強,Attribute has been enhanced,Thuộc tính đã được tăng cường,속성이 강화되었습니다,Atributo foi aprimorado,คุณสมบัติได้รับการเสริมพลัง,1,-1,{star=8;advance=13;goodFeel=100},-1,{}
707102,7071,,2,{},0.5,普攻技能获得强化提升!,普攻技能獲得強化提升！,Normal skill has been enhanced!,Kỹ năng thường đã được tăng cường!,일반 스킬이 강화되었습니다!,Habilidade normal foi fortalecida!,สกิลปกติได้รับการเสริมพลัง!,1,-1,{effort=7;zawakeStage=108;equipStarSum=6;equipAwakeSum=2},-1,{}
707103,7071,,3,{},0.5,小技能获得强化提升!,小技能獲得強化提升！,Minor skill has been enhanced!,Kỹ năng nhỏ đã được tăng cường!,소형 스킬이 강화되었습니다!,Habilidade menor foi aprimorada!,สกิลย่อยได้รับการเสริมพลัง!,1,-1,{star=9;goodFeel=180;zawakeStage=208;advance=15},-1,{}
707104,7071,,4,{},0.5,被动技能获得强化提升!,被動技能獲得強化提升！,Passive skill has been enhanced!,Kỹ năng bị động đã được tăng cường!,패시브 스킬이 강화되었습니다!,Habilidade passiva foi fortalecida!,สกิลพาสซีฟได้รับการเสริมพลัง!,1,-1,{effort=9;equipStarSum=12;zawakeStage=308;nvalueSum=160},-1,{}
707105,7071,,5,{},0.5,属性获得增强,屬性獲得增強,Attribute has been enhanced,Thuộc tính đã được tăng cường,속성이 강화되었습니다,Atributo foi aprimorado,คุณสมบัติได้รับการเสริมพลัง,1,-1,{star=10;goodFeel=260;zawakeStage=408;advance=17},-1,{}
707106,7071,,6,{},0.5,大招技能获得强化提升!,終極技能獲得強化提升！,Ultimate skill has been enhanced!,Kỹ năng tối thượng đã được tăng cường!,궁극 스킬이 강화되었습니다!,Habilidade suprema foi fortalecida!,สกิลอัลติเมตได้รับการเสริมพลัง!,1,-1,{effort=11;zawakeStage=508;equipStarSum=18;equipAwakeSum=6},-1,{}
707107,7071,,7,{},0.5,属性获得增强,屬性獲得增強,Attribute has been enhanced,Thuộc tính đã được tăng cường,속성이 강화되었습니다,Atributo foi aprimorado,คุณสมบัติได้รับการเสริมพลัง,1,-1,{star=11;goodFeel=350;zawakeStage=608;advance=19},-1,{}
707108,7071,,8,{},0.5,属性获得增强,屬性獲得增強,Attribute has been enhanced,Thuộc tính đã được tăng cường,속성이 강화되었습니다,Atributo foi aprimorado,คุณสมบัติได้รับการเสริมพลัง,1,-1,{effort=13;equipStarSum=24;zawakeStage=708;nvalueSum=160},-1,{}
708101,7081,,1,{},0.5,属性获得增强,屬性獲得增強,Attribute has been enhanced,Thuộc tính đã được tăng cường,속성이 강화되었습니다,Atributo foi aprimorado,คุณสมบัติได้รับการเสริมพลัง,1,-1,{star=8;advance=13;goodFeel=100},-1,{}
708102,7081,,2,{},0.5,普攻技能获得强化提升!,普攻技能獲得強化提升！,Normal skill has been enhanced!,Kỹ năng thường đã được tăng cường!,일반 스킬이 강화되었습니다!,Habilidade normal foi fortalecida!,สกิลปกติได้รับการเสริมพลัง!,1,-1,{effort=7;zawakeStage=108;equipStarSum=6;equipAwakeSum=2},-1,{}
708103,7081,,3,{},0.5,小技能获得强化提升!,小技能獲得強化提升！,Minor skill has been enhanced!,Kỹ năng nhỏ đã được tăng cường!,소형 스킬이 강화되었습니다!,Habilidade menor foi aprimorada!,สกิลย่อยได้รับการเสริมพลัง!,1,-1,{star=9;goodFeel=180;zawakeStage=208;advance=15},-1,{}
708104,7081,,4,{},0.5,被动技能获得强化提升!,被動技能獲得強化提升！,Passive skill has been enhanced!,Kỹ năng bị động đã được tăng cường!,패시브 스킬이 강화되었습니다!,Habilidade passiva foi fortalecida!,สกิลพาสซีฟได้รับการเสริมพลัง!,1,-1,{effort=9;equipStarSum=12;zawakeStage=308;nvalueSum=160},-1,{}
708105,7081,,5,{},0.5,属性获得增强,屬性獲得增強,Attribute has been enhanced,Thuộc tính đã được tăng cường,속성이 강화되었습니다,Atributo foi aprimorado,คุณสมบัติได้รับการเสริมพลัง,1,-1,{star=10;goodFeel=260;zawakeStage=408;advance=17},-1,{}
708106,7081,,6,{},0.5,大招技能获得强化提升!,終極技能獲得強化提升！,Ultimate skill has been enhanced!,Kỹ năng tối thượng đã được tăng cường!,궁극 스킬이 강화되었습니다!,Habilidade suprema foi fortalecida!,สกิลอัลติเมตได้รับการเสริมพลัง!,1,-1,{effort=11;zawakeStage=508;equipStarSum=18;equipAwakeSum=6},-1,{}
708107,7081,,7,{},0.5,属性获得增强,屬性獲得增強,Attribute has been enhanced,Thuộc tính đã được tăng cường,속성이 강화되었습니다,Atributo foi aprimorado,คุณสมบัติได้รับการเสริมพลัง,1,-1,{star=11;goodFeel=350;zawakeStage=608;advance=19},-1,{}
708108,7081,,8,{},0.5,属性获得增强,屬性獲得增強,Attribute has been enhanced,Thuộc tính đã được tăng cường,속성이 강화되었습니다,Atributo foi aprimorado,คุณสมบัติได้รับการเสริมพลัง,1,-1,{effort=13;equipStarSum=24;zawakeStage=708;nvalueSum=160},-1,{}
709101,7091,,1,{},0.5,属性获得增强,屬性獲得增強,Attribute has been enhanced,Thuộc tính đã được tăng cường,속성이 강화되었습니다,Atributo foi aprimorado,คุณสมบัติได้รับการเสริมพลัง,1,-1,{star=8;advance=13;goodFeel=100},-1,{}
709102,7091,,2,{},0.5,普攻技能获得强化提升!,普攻技能獲得強化提升！,Normal skill has been enhanced!,Kỹ năng thường đã được tăng cường!,일반 스킬이 강화되었습니다!,Habilidade normal foi fortalecida!,สกิลปกติได้รับการเสริมพลัง!,1,-1,{effort=7;zawakeStage=108;equipStarSum=6;equipAwakeSum=2},-1,{}
709103,7091,,3,{},0.5,小技能获得强化提升!,小技能獲得強化提升！,Minor skill has been enhanced!,Kỹ năng nhỏ đã được tăng cường!,소형 스킬이 강화되었습니다!,Habilidade menor foi aprimorada!,สกิลย่อยได้รับการเสริมพลัง!,1,-1,{star=9;goodFeel=180;zawakeStage=208;advance=15},-1,{}
709104,7091,,4,{},0.5,被动技能获得强化提升!,被動技能獲得強化提升！,Passive skill has been enhanced!,Kỹ năng bị động đã được tăng cường!,패시브 스킬이 강화되었습니다!,Habilidade passiva foi fortalecida!,สกิลพาสซีฟได้รับการเสริมพลัง!,1,-1,{effort=9;equipStarSum=12;zawakeStage=308;nvalueSum=160},-1,{}
709105,7091,,5,{},0.5,属性获得增强,屬性獲得增強,Attribute has been enhanced,Thuộc tính đã được tăng cường,속성이 강화되었습니다,Atributo foi aprimorado,คุณสมบัติได้รับการเสริมพลัง,1,-1,{star=10;goodFeel=260;zawakeStage=408;advance=17},-1,{}
709106,7091,,6,{},0.5,大招技能获得强化提升!,終極技能獲得強化提升！,Ultimate skill has been enhanced!,Kỹ năng tối thượng đã được tăng cường!,궁극 스킬이 강화되었습니다!,Habilidade suprema foi fortalecida!,สกิลอัลติเมตได้รับการเสริมพลัง!,1,-1,{effort=11;zawakeStage=508;equipStarSum=18;equipAwakeSum=6},-1,{}
709107,7091,,7,{},0.5,属性获得增强,屬性獲得增強,Attribute has been enhanced,Thuộc tính đã được tăng cường,속성이 강화되었습니다,Atributo foi aprimorado,คุณสมบัติได้รับการเสริมพลัง,1,-1,{star=11;goodFeel=350;zawakeStage=608;advance=19},-1,{}
709108,7091,,8,{},0.5,属性获得增强,屬性獲得增強,Attribute has been enhanced,Thuộc tính đã được tăng cường,속성이 강화되었습니다,Atributo foi aprimorado,คุณสมบัติได้รับการเสริมพลัง,1,-1,{effort=13;equipStarSum=24;zawakeStage=708;nvalueSum=160},-1,{}
710101,7001,,1,{},0.5,属性获得增强,屬性獲得增強,Attribute has been enhanced,Thuộc tính đã được tăng cường,속성이 강화되었습니다,Atributo foi aprimorado,คุณสมบัติได้รับการเสริมพลัง,1,-1,{star=8;advance=13;goodFeel=100},-1,{}
710102,7001,,2,{},0.5,普攻技能获得强化提升!,普攻技能獲得強化提升！,Normal skill has been enhanced!,Kỹ năng thường đã được tăng cường!,일반 스킬이 강화되었습니다!,Habilidade normal foi fortalecida!,สกิลปกติได้รับการเสริมพลัง!,1,-1,{effort=7;zawakeStage=108;equipStarSum=6;equipAwakeSum=2},-1,{}
710103,7001,,3,{},0.5,小技能获得强化提升!,小技能獲得強化提升！,Minor skill has been enhanced!,Kỹ năng nhỏ đã được tăng cường!,소형 스킬이 강화되었습니다!,Habilidade menor foi aprimorada!,สกิลย่อยได้รับการเสริมพลัง!,1,-1,{star=9;goodFeel=160;zawakeStage=208;advance=15},-1,{}
710104,7001,,4,{},0.5,被动技能获得强化提升!,被動技能獲得強化提升！,Passive skill has been enhanced!,Kỹ năng bị động đã được tăng cường!,패시브 스킬이 강화되었습니다!,Habilidade passiva foi fortalecida!,สกิลพาสซีฟได้รับการเสริมพลัง!,1,-1,{effort=9;equipStarSum=9;zawakeStage=308;nvalueSum=140},-1,{}
710105,7001,,5,{},0.5,属性获得增强,屬性獲得增強,Attribute has been enhanced,Thuộc tính đã được tăng cường,속성이 강화되었습니다,Atributo foi aprimorado,คุณสมบัติได้รับการเสริมพลัง,1,-1,{star=10;goodFeel=220;zawakeStage=408;advance=16},-1,{}
710106,7001,,6,{},0.5,大招技能获得强化提升!,終極技能獲得強化提升！,Ultimate skill has been enhanced!,Kỹ năng tối thượng đã được tăng cường!,궁극 스킬이 강화되었습니다!,Habilidade suprema foi fortalecida!,สกิลอัลติเมตได้รับการเสริมพลัง!,1,-1,{effort=11;zawakeStage=508;equipStarSum=12;equipAwakeSum=4},-1,{}
710107,7001,,7,{},0.5,属性获得增强,屬性獲得增強,Attribute has been enhanced,Thuộc tính đã được tăng cường,속성이 강화되었습니다,Atributo foi aprimorado,คุณสมบัติได้รับการเสริมพลัง,1,-1,{star=11;goodFeel=300;zawakeStage=608;advance=17},-1,{}
710108,7001,,8,{},0.5,属性获得增强,屬性獲得增強,Attribute has been enhanced,Thuộc tính đã được tăng cường,속성이 강화되었습니다,Atributo foi aprimorado,คุณสมบัติได้รับการเสริมพลัง,1,-1,{effort=13;equipStarSum=15;zawakeStage=708;nvalueSum=140},-1,{}
710201,7101,,1,{},0.5,属性获得增强,屬性獲得增強,Attribute has been enhanced,Thuộc tính đã được tăng cường,속성이 강화되었습니다,Atributo foi aprimorado,คุณสมบัติได้รับการเสริมพลัง,1,-1,{star=8;advance=13;goodFeel=100},-1,{}
710202,7101,,2,{},0.5,普攻技能获得强化提升!,普攻技能獲得強化提升！,Normal skill has been enhanced!,Kỹ năng thường đã được tăng cường!,일반 스킬이 강화되었습니다!,Habilidade normal foi fortalecida!,สกิลปกติได้รับการเสริมพลัง!,1,-1,{effort=7;zawakeStage=108;equipStarSum=6;equipAwakeSum=2},-1,{}
710203,7101,,3,{},0.5,小技能获得强化提升!,小技能獲得強化提升！,Minor skill has been enhanced!,Kỹ năng nhỏ đã được tăng cường!,소형 스킬이 강화되었습니다!,Habilidade menor foi aprimorada!,สกิลย่อยได้รับการเสริมพลัง!,1,-1,{star=9;goodFeel=180;zawakeStage=208;advance=15},-1,{}
710204,7101,,4,{},0.5,被动技能获得强化提升!,被動技能獲得強化提升！,Passive skill has been enhanced!,Kỹ năng bị động đã được tăng cường!,패시브 스킬이 강화되었습니다!,Habilidade passiva foi fortalecida!,สกิลพาสซีฟได้รับการเสริมพลัง!,1,-1,{effort=9;equipStarSum=12;zawakeStage=308;nvalueSum=160},-1,{}
710205,7101,,5,{},0.5,属性获得增强,屬性獲得增強,Attribute has been enhanced,Thuộc tính đã được tăng cường,속성이 강화되었습니다,Atributo foi aprimorado,คุณสมบัติได้รับการเสริมพลัง,1,-1,{star=10;goodFeel=260;zawakeStage=408;advance=17},-1,{}
710206,7101,,6,{},0.5,大招技能获得强化提升!,終極技能獲得強化提升！,Ultimate skill has been enhanced!,Kỹ năng tối thượng đã được tăng cường!,궁극 스킬이 강화되었습니다!,Habilidade suprema foi fortalecida!,สกิลอัลติเมตได้รับการเสริมพลัง!,1,-1,{effort=11;zawakeStage=508;equipStarSum=18;equipAwakeSum=6},-1,{}
710207,7101,,7,{},0.5,属性获得增强,屬性獲得增強,Attribute has been enhanced,Thuộc tính đã được tăng cường,속성이 강화되었습니다,Atributo foi aprimorado,คุณสมบัติได้รับการเสริมพลัง,1,-1,{star=11;goodFeel=350;zawakeStage=608;advance=19},-1,{}
710208,7101,,8,{},0.5,属性获得增强,屬性獲得增強,Attribute has been enhanced,Thuộc tính đã được tăng cường,속성이 강화되었습니다,Atributo foi aprimorado,คุณสมบัติได้รับการเสริมพลัง,1,-1,{effort=13;equipStarSum=24;zawakeStage=708;nvalueSum=160},-1,{}
720101,7102,,1,{},0.5,属性获得增强,屬性獲得增強,Attribute has been enhanced,Thuộc tính đã được tăng cường,속성이 강화되었습니다,Atributo foi aprimorado,คุณสมบัติได้รับการเสริมพลัง,1,-1,{star=8;advance=13;goodFeel=100},-1,{}
720102,7102,,2,{},0.5,普攻技能获得强化提升!,普攻技能獲得強化提升！,Normal skill has been enhanced!,Kỹ năng thường đã được tăng cường!,일반 스킬이 강화되었습니다!,Habilidade normal foi fortalecida!,สกิลปกติได้รับการเสริมพลัง!,1,-1,{effort=7;zawakeStage=108;equipStarSum=6;equipAwakeSum=2},-1,{}
720103,7102,,3,{},0.5,小技能获得强化提升!,小技能獲得強化提升！,Minor skill has been enhanced!,Kỹ năng nhỏ đã được tăng cường!,소형 스킬이 강화되었습니다!,Habilidade menor foi aprimorada!,สกิลย่อยได้รับการเสริมพลัง!,1,-1,{star=9;goodFeel=180;zawakeStage=208;advance=15},-1,{}
720104,7102,,4,{},0.5,被动技能获得强化提升!,被動技能獲得強化提升！,Passive skill has been enhanced!,Kỹ năng bị động đã được tăng cường!,패시브 스킬이 강화되었습니다!,Habilidade passiva foi fortalecida!,สกิลพาสซีฟได้รับการเสริมพลัง!,1,-1,{effort=9;equipStarSum=12;zawakeStage=308;nvalueSum=160},-1,{}
720105,7102,,5,{},0.5,属性获得增强,屬性獲得增強,Attribute has been enhanced,Thuộc tính đã được tăng cường,속성이 강화되었습니다,Atributo foi aprimorado,คุณสมบัติได้รับการเสริมพลัง,1,-1,{star=10;goodFeel=260;zawakeStage=408;advance=17},-1,{}
720106,7102,,6,{},0.5,大招技能获得强化提升!,終極技能獲得強化提升！,Ultimate skill has been enhanced!,Kỹ năng tối thượng đã được tăng cường!,궁극 스킬이 강화되었습니다!,Habilidade suprema foi fortalecida!,สกิลอัลติเมตได้รับการเสริมพลัง!,1,-1,{effort=11;zawakeStage=508;equipStarSum=18;equipAwakeSum=6},-1,{}
720107,7102,,7,{},0.5,属性获得增强,屬性獲得增強,Attribute has been enhanced,Thuộc tính đã được tăng cường,속성이 강화되었습니다,Atributo foi aprimorado,คุณสมบัติได้รับการเสริมพลัง,1,-1,{star=11;goodFeel=350;zawakeStage=608;advance=19},-1,{}
720108,7102,,8,{},0.5,属性获得增强,屬性獲得增強,Attribute has been enhanced,Thuộc tính đã được tăng cường,속성이 강화되었습니다,Atributo foi aprimorado,คุณสมบัติได้รับการเสริมพลัง,1,-1,{effort=13;equipStarSum=24;zawakeStage=708;nvalueSum=160},-1,{}
730101,7111,,1,{},0.5,属性获得增强,屬性獲得增強,Attribute has been enhanced,Thuộc tính đã được tăng cường,속성이 강화되었습니다,Atributo foi aprimorado,คุณสมบัติได้รับการเสริมพลัง,1,-1,{star=8;advance=13;goodFeel=100},-1,{}
730102,7111,,2,{},0.5,普攻技能获得强化提升!,普攻技能獲得強化提升！,Normal skill has been enhanced!,Kỹ năng thường đã được tăng cường!,일반 스킬이 강화되었습니다!,Habilidade normal foi fortalecida!,สกิลปกติได้รับการเสริมพลัง!,1,-1,{effort=7;zawakeStage=108;equipStarSum=6;equipAwakeSum=2},-1,{}
730103,7111,,3,{},0.5,小技能获得强化提升!,小技能獲得強化提升！,Minor skill has been enhanced!,Kỹ năng nhỏ đã được tăng cường!,소형 스킬이 강화되었습니다!,Habilidade menor foi aprimorada!,สกิลย่อยได้รับการเสริมพลัง!,1,-1,{star=9;goodFeel=180;zawakeStage=208;advance=15},-1,{}
730104,7111,,4,{},0.5,被动技能获得强化提升!,被動技能獲得強化提升！,Passive skill has been enhanced!,Kỹ năng bị động đã được tăng cường!,패시브 스킬이 강화되었습니다!,Habilidade passiva foi fortalecida!,สกิลพาสซีฟได้รับการเสริมพลัง!,1,-1,{effort=9;equipStarSum=12;zawakeStage=308;nvalueSum=160},-1,{}
730105,7111,,5,{},0.5,属性获得增强,屬性獲得增強,Attribute has been enhanced,Thuộc tính đã được tăng cường,속성이 강화되었습니다,Atributo foi aprimorado,คุณสมบัติได้รับการเสริมพลัง,1,-1,{star=10;goodFeel=260;zawakeStage=408;advance=17},-1,{}
730106,7111,,6,{},0.5,大招技能获得强化提升!,終極技能獲得強化提升！,Ultimate skill has been enhanced!,Kỹ năng tối thượng đã được tăng cường!,궁극 스킬이 강화되었습니다!,Habilidade suprema foi fortalecida!,สกิลอัลติเมตได้รับการเสริมพลัง!,1,-1,{effort=11;zawakeStage=508;equipStarSum=18;equipAwakeSum=6},-1,{}
730107,7111,,7,{},0.5,属性获得增强,屬性獲得增強,Attribute has been enhanced,Thuộc tính đã được tăng cường,속성이 강화되었습니다,Atributo foi aprimorado,คุณสมบัติได้รับการเสริมพลัง,1,-1,{star=11;goodFeel=350;zawakeStage=608;advance=19},-1,{}
730108,7111,,8,{},0.5,属性获得增强,屬性獲得增強,Attribute has been enhanced,Thuộc tính đã được tăng cường,속성이 강화되었습니다,Atributo foi aprimorado,คุณสมบัติได้รับการเสริมพลัง,1,-1,{effort=13;equipStarSum=24;zawakeStage=708;nvalueSum=160},-1,{}
810101,8102,,1,{},0.5,属性获得增强,屬性獲得增強,Attribute has been enhanced,Thuộc tính đã được tăng cường,속성이 강화되었습니다,Atributo foi aprimorado,คุณสมบัติได้รับการเสริมพลัง,1,-1,{star=8;advance=13;goodFeel=100},-1,{}
810102,8102,,2,{},0.5,普攻技能获得强化提升!,普攻技能獲得強化提升！,Normal skill has been enhanced!,Kỹ năng thường đã được tăng cường!,일반 스킬이 강화되었습니다!,Habilidade normal foi fortalecida!,สกิลปกติได้รับการเสริมพลัง!,1,-1,{effort=7;zawakeStage=108;equipStarSum=6;equipAwakeSum=2},-1,{}
810103,8102,,3,{},0.5,小技能获得强化提升!,小技能獲得強化提升！,Minor skill has been enhanced!,Kỹ năng nhỏ đã được tăng cường!,소형 스킬이 강화되었습니다!,Habilidade menor foi aprimorada!,สกิลย่อยได้รับการเสริมพลัง!,1,-1,{star=9;goodFeel=180;zawakeStage=208;advance=15},-1,{}
810104,8102,,4,{},0.5,被动技能获得强化提升!,被動技能獲得強化提升！,Passive skill has been enhanced!,Kỹ năng bị động đã được tăng cường!,패시브 스킬이 강화되었습니다!,Habilidade passiva foi fortalecida!,สกิลพาสซีฟได้รับการเสริมพลัง!,1,-1,{effort=9;equipStarSum=12;zawakeStage=308;nvalueSum=160},-1,{}
810105,8102,,5,{},0.5,属性获得增强,屬性獲得增強,Attribute has been enhanced,Thuộc tính đã được tăng cường,속성이 강화되었습니다,Atributo foi aprimorado,คุณสมบัติได้รับการเสริมพลัง,1,-1,{star=10;goodFeel=260;zawakeStage=408;advance=17},-1,{}
810106,8102,,6,{},0.5,大招技能获得强化提升!,終極技能獲得強化提升！,Ultimate skill has been enhanced!,Kỹ năng tối thượng đã được tăng cường!,궁극 스킬이 강화되었습니다!,Habilidade suprema foi fortalecida!,สกิลอัลติเมตได้รับการเสริมพลัง!,1,-1,{effort=11;zawakeStage=508;equipStarSum=18;equipAwakeSum=6},-1,{}
810107,8102,,7,{},0.5,属性获得增强,屬性獲得增強,Attribute has been enhanced,Thuộc tính đã được tăng cường,속성이 강화되었습니다,Atributo foi aprimorado,คุณสมบัติได้รับการเสริมพลัง,1,-1,{star=11;goodFeel=350;zawakeStage=608;advance=19},-1,{}
810108,8102,,8,{},0.5,属性获得增强,屬性獲得增強,Attribute has been enhanced,Thuộc tính đã được tăng cường,속성이 강화되었습니다,Atributo foi aprimorado,คุณสมบัติได้รับการเสริมพลัง,1,-1,{effort=13;equipStarSum=24;zawakeStage=708;nvalueSum=160},-1,{}
900401,9041,,1,{},0.5,属性获得增强,屬性獲得增強,Attribute has been enhanced,Thuộc tính đã được tăng cường,속성이 강화되었습니다,Atributo foi aprimorado,คุณสมบัติได้รับการเสริมพลัง,1,-1,{star=8;advance=13;goodFeel=100},-1,{}
900402,9041,,2,{},0.5,普攻技能获得强化提升!,普攻技能獲得強化提升！,Normal skill has been enhanced!,Kỹ năng thường đã được tăng cường!,일반 스킬이 강화되었습니다!,Habilidade normal foi fortalecida!,สกิลปกติได้รับการเสริมพลัง!,1,-1,{effort=7;zawakeStage=108;equipStarSum=6;equipAwakeSum=2},-1,{}
900403,9041,,3,{},0.5,小技能获得强化提升!,小技能獲得強化提升！,Minor skill has been enhanced!,Kỹ năng nhỏ đã được tăng cường!,소형 스킬이 강화되었습니다!,Habilidade menor foi aprimorada!,สกิลย่อยได้รับการเสริมพลัง!,1,-1,{star=9;goodFeel=180;zawakeStage=208;advance=15},-1,{}
900404,9041,,4,{},0.5,被动技能获得强化提升!,被動技能獲得強化提升！,Passive skill has been enhanced!,Kỹ năng bị động đã được tăng cường!,패시브 스킬이 강화되었습니다!,Habilidade passiva foi fortalecida!,สกิลพาสซีฟได้รับการเสริมพลัง!,1,-1,{effort=9;equipStarSum=12;zawakeStage=308;nvalueSum=160},-1,{}
900405,9041,,5,{},0.5,属性获得增强,屬性獲得增強,Attribute has been enhanced,Thuộc tính đã được tăng cường,속성이 강화되었습니다,Atributo foi aprimorado,คุณสมบัติได้รับการเสริมพลัง,1,-1,{star=10;goodFeel=260;zawakeStage=408;advance=17},-1,{}
900406,9041,,6,{},0.5,大招技能获得强化提升!,終極技能獲得強化提升！,Ultimate skill has been enhanced!,Kỹ năng tối thượng đã được tăng cường!,궁극 스킬이 강화되었습니다!,Habilidade suprema foi fortalecida!,สกิลอัลติเมตได้รับการเสริมพลัง!,1,-1,{effort=11;zawakeStage=508;equipStarSum=18;equipAwakeSum=6},-1,{}
900407,9041,,7,{},0.5,属性获得增强,屬性獲得增強,Attribute has been enhanced,Thuộc tính đã được tăng cường,속성이 강화되었습니다,Atributo foi aprimorado,คุณสมบัติได้รับการเสริมพลัง,1,-1,{star=11;goodFeel=350;zawakeStage=608;advance=19},-1,{}
900408,9041,,8,{},0.5,属性获得增强,屬性獲得增強,Attribute has been enhanced,Thuộc tính đã được tăng cường,속성이 강화되었습니다,Atributo foi aprimorado,คุณสมบัติได้รับการเสริมพลัง,1,-1,{effort=13;equipStarSum=24;zawakeStage=708;nvalueSum=160},-1,{}
900501,9051,,1,{},0.5,属性获得增强,屬性獲得增強,Attribute has been enhanced,Thuộc tính đã được tăng cường,속성이 강화되었습니다,Atributo foi aprimorado,คุณสมบัติได้รับการเสริมพลัง,1,-1,{star=8;advance=13;goodFeel=100},-1,{}
900502,9051,,2,{},0.5,普攻技能获得强化提升!,普攻技能獲得強化提升！,Normal skill has been enhanced!,Kỹ năng thường đã được tăng cường!,일반 스킬이 강화되었습니다!,Habilidade normal foi fortalecida!,สกิลปกติได้รับการเสริมพลัง!,1,-1,{effort=7;zawakeStage=108;equipStarSum=6;equipAwakeSum=2},-1,{}
900503,9051,,3,{},0.5,小技能获得强化提升!,小技能獲得強化提升！,Minor skill has been enhanced!,Kỹ năng nhỏ đã được tăng cường!,소형 스킬이 강화되었습니다!,Habilidade menor foi aprimorada!,สกิลย่อยได้รับการเสริมพลัง!,1,-1,{star=9;goodFeel=180;zawakeStage=208;advance=15},-1,{}
900504,9051,,4,{},0.5,被动技能获得强化提升!,被動技能獲得強化提升！,Passive skill has been enhanced!,Kỹ năng bị động đã được tăng cường!,패시브 스킬이 강화되었습니다!,Habilidade passiva foi fortalecida!,สกิลพาสซีฟได้รับการเสริมพลัง!,1,-1,{effort=9;equipStarSum=12;zawakeStage=308;nvalueSum=160},-1,{}
900505,9051,,5,{},0.5,属性获得增强,屬性獲得增強,Attribute has been enhanced,Thuộc tính đã được tăng cường,속성이 강화되었습니다,Atributo foi aprimorado,คุณสมบัติได้รับการเสริมพลัง,1,-1,{star=10;goodFeel=260;zawakeStage=408;advance=17},-1,{}
900506,9051,,6,{},0.5,大招技能获得强化提升!,終極技能獲得強化提升！,Ultimate skill has been enhanced!,Kỹ năng tối thượng đã được tăng cường!,궁극 스킬이 강화되었습니다!,Habilidade suprema foi fortalecida!,สกิลอัลติเมตได้รับการเสริมพลัง!,1,-1,{effort=11;zawakeStage=508;equipStarSum=18;equipAwakeSum=6},-1,{}
900507,9051,,7,{},0.5,属性获得增强,屬性獲得增強,Attribute has been enhanced,Thuộc tính đã được tăng cường,속성이 강화되었습니다,Atributo foi aprimorado,คุณสมบัติได้รับการเสริมพลัง,1,-1,{star=11;goodFeel=350;zawakeStage=608;advance=19},-1,{}
900508,9051,,8,{},0.5,属性获得增强,屬性獲得增強,Attribute has been enhanced,Thuộc tính đã được tăng cường,속성이 강화되었습니다,Atributo foi aprimorado,คุณสมบัติได้รับการเสริมพลัง,1,-1,{effort=13;equipStarSum=24;zawakeStage=708;nvalueSum=160},-1,{}
900601,9061,,1,{},0.5,属性获得增强,屬性獲得增強,Attribute has been enhanced,Thuộc tính đã được tăng cường,속성이 강화되었습니다,Atributo foi aprimorado,คุณสมบัติได้รับการเสริมพลัง,1,-1,{star=8;advance=13;goodFeel=100},-1,{}
900602,9061,,2,{},0.5,普攻技能获得强化提升!,普攻技能獲得強化提升！,Normal skill has been enhanced!,Kỹ năng thường đã được tăng cường!,일반 스킬이 강화되었습니다!,Habilidade normal foi fortalecida!,สกิลปกติได้รับการเสริมพลัง!,1,-1,{effort=7;zawakeStage=108;equipStarSum=6;equipAwakeSum=2},-1,{}
900603,9061,,3,{},0.5,小技能获得强化提升!,小技能獲得強化提升！,Minor skill has been enhanced!,Kỹ năng nhỏ đã được tăng cường!,소형 스킬이 강화되었습니다!,Habilidade menor foi aprimorada!,สกิลย่อยได้รับการเสริมพลัง!,1,-1,{star=9;goodFeel=180;zawakeStage=208;advance=15},-1,{}
900604,9061,,4,{},0.5,被动技能获得强化提升!,被動技能獲得強化提升！,Passive skill has been enhanced!,Kỹ năng bị động đã được tăng cường!,패시브 스킬이 강화되었습니다!,Habilidade passiva foi fortalecida!,สกิลพาสซีฟได้รับการเสริมพลัง!,1,-1,{effort=9;equipStarSum=12;zawakeStage=308;nvalueSum=160},-1,{}
900605,9061,,5,{},0.5,属性获得增强,屬性獲得增強,Attribute has been enhanced,Thuộc tính đã được tăng cường,속성이 강화되었습니다,Atributo foi aprimorado,คุณสมบัติได้รับการเสริมพลัง,1,-1,{star=10;goodFeel=260;zawakeStage=408;advance=17},-1,{}
900606,9061,,6,{},0.5,大招技能获得强化提升!,終極技能獲得強化提升！,Ultimate skill has been enhanced!,Kỹ năng tối thượng đã được tăng cường!,궁극 스킬이 강화되었습니다!,Habilidade suprema foi fortalecida!,สกิลอัลติเมตได้รับการเสริมพลัง!,1,-1,{effort=11;zawakeStage=508;equipStarSum=18;equipAwakeSum=6},-1,{}
900607,9061,,7,{},0.5,属性获得增强,屬性獲得增強,Attribute has been enhanced,Thuộc tính đã được tăng cường,속성이 강화되었습니다,Atributo foi aprimorado,คุณสมบัติได้รับการเสริมพลัง,1,-1,{star=11;goodFeel=350;zawakeStage=608;advance=19},-1,{}
900608,9061,,8,{},0.5,属性获得增强,屬性獲得增強,Attribute has been enhanced,Thuộc tính đã được tăng cường,속성이 강화되었습니다,Atributo foi aprimorado,คุณสมบัติได้รับการเสริมพลัง,1,-1,{effort=13;equipStarSum=24;zawakeStage=708;nvalueSum=160},-1,{}
900701,9071,,1,{},0.5,属性获得增强,屬性獲得增強,Attribute has been enhanced,Thuộc tính đã được tăng cường,속성이 강화되었습니다,Atributo foi aprimorado,คุณสมบัติได้รับการเสริมพลัง,1,-1,{star=8;advance=13;goodFeel=100},-1,{}
900702,9071,,2,{},0.5,普攻技能获得强化提升!,普攻技能獲得強化提升！,Normal skill has been enhanced!,Kỹ năng thường đã được tăng cường!,일반 스킬이 강화되었습니다!,Habilidade normal foi fortalecida!,สกิลปกติได้รับการเสริมพลัง!,1,-1,{effort=7;zawakeStage=108;equipStarSum=6;equipAwakeSum=2},-1,{}
900703,9071,,3,{},0.5,小技能获得强化提升!,小技能獲得強化提升！,Minor skill has been enhanced!,Kỹ năng nhỏ đã được tăng cường!,소형 스킬이 강화되었습니다!,Habilidade menor foi aprimorada!,สกิลย่อยได้รับการเสริมพลัง!,1,-1,{star=9;goodFeel=180;zawakeStage=208;advance=15},-1,{}
900704,9071,,4,{},0.5,被动技能获得强化提升!,被動技能獲得強化提升！,Passive skill has been enhanced!,Kỹ năng bị động đã được tăng cường!,패시브 스킬이 강화되었습니다!,Habilidade passiva foi fortalecida!,สกิลพาสซีฟได้รับการเสริมพลัง!,1,-1,{effort=9;equipStarSum=12;zawakeStage=308;nvalueSum=160},-1,{}
900705,9071,,5,{},0.5,属性获得增强,屬性獲得增強,Attribute has been enhanced,Thuộc tính đã được tăng cường,속성이 강화되었습니다,Atributo foi aprimorado,คุณสมบัติได้รับการเสริมพลัง,1,-1,{star=10;goodFeel=260;zawakeStage=408;advance=17},-1,{}
900706,9071,,6,{},0.5,大招技能获得强化提升!,終極技能獲得強化提升！,Ultimate skill has been enhanced!,Kỹ năng tối thượng đã được tăng cường!,궁극 스킬이 강화되었습니다!,Habilidade suprema foi fortalecida!,สกิลอัลติเมตได้รับการเสริมพลัง!,1,-1,{effort=11;zawakeStage=508;equipStarSum=18;equipAwakeSum=6},-1,{}
900707,9071,,7,{},0.5,属性获得增强,屬性獲得增強,Attribute has been enhanced,Thuộc tính đã được tăng cường,속성이 강화되었습니다,Atributo foi aprimorado,คุณสมบัติได้รับการเสริมพลัง,1,-1,{star=11;goodFeel=350;zawakeStage=608;advance=19},-1,{}
900708,9071,,8,{},0.5,属性获得增强,屬性獲得增強,Attribute has been enhanced,Thuộc tính đã được tăng cường,속성이 강화되었습니다,Atributo foi aprimorado,คุณสมบัติได้รับการเสริมพลัง,1,-1,{effort=13;equipStarSum=24;zawakeStage=708;nvalueSum=160},-1,{}
900801,9081,,1,{},0.5,属性获得增强,屬性獲得增強,Attribute has been enhanced,Thuộc tính đã được tăng cường,속성이 강화되었습니다,Atributo foi aprimorado,คุณสมบัติได้รับการเสริมพลัง,1,-1,{star=8;advance=13;goodFeel=100},-1,{}
900802,9081,,2,{},0.5,普攻技能获得强化提升!,普攻技能獲得強化提升！,Normal skill has been enhanced!,Kỹ năng thường đã được tăng cường!,일반 스킬이 강화되었습니다!,Habilidade normal foi fortalecida!,สกิลปกติได้รับการเสริมพลัง!,1,-1,{effort=7;zawakeStage=108;equipStarSum=6;equipAwakeSum=2},-1,{}
900803,9081,,3,{},0.5,小技能获得强化提升!,小技能獲得強化提升！,Minor skill has been enhanced!,Kỹ năng nhỏ đã được tăng cường!,소형 스킬이 강화되었습니다!,Habilidade menor foi aprimorada!,สกิลย่อยได้รับการเสริมพลัง!,1,-1,{star=9;goodFeel=180;zawakeStage=208;advance=15},-1,{}
900804,9081,,4,{},0.5,被动技能获得强化提升!,被動技能獲得強化提升！,Passive skill has been enhanced!,Kỹ năng bị động đã được tăng cường!,패시브 스킬이 강화되었습니다!,Habilidade passiva foi fortalecida!,สกิลพาสซีฟได้รับการเสริมพลัง!,1,-1,{effort=9;equipStarSum=12;zawakeStage=308;nvalueSum=160},-1,{}
900805,9081,,5,{},0.5,属性获得增强,屬性獲得增強,Attribute has been enhanced,Thuộc tính đã được tăng cường,속성이 강화되었습니다,Atributo foi aprimorado,คุณสมบัติได้รับการเสริมพลัง,1,-1,{star=10;goodFeel=260;zawakeStage=408;advance=17},-1,{}
900806,9081,,6,{},0.5,大招技能获得强化提升!,終極技能獲得強化提升！,Ultimate skill has been enhanced!,Kỹ năng tối thượng đã được tăng cường!,궁극 스킬이 강화되었습니다!,Habilidade suprema foi fortalecida!,สกิลอัลติเมตได้รับการเสริมพลัง!,1,-1,{effort=11;zawakeStage=508;equipStarSum=18;equipAwakeSum=6},-1,{}
900807,9081,,7,{},0.5,属性获得增强,屬性獲得增強,Attribute has been enhanced,Thuộc tính đã được tăng cường,속성이 강화되었습니다,Atributo foi aprimorado,คุณสมบัติได้รับการเสริมพลัง,1,-1,{star=11;goodFeel=350;zawakeStage=608;advance=19},-1,{}
900808,9081,,8,{},0.5,属性获得增强,屬性獲得增強,Attribute has been enhanced,Thuộc tính đã được tăng cường,속성이 강화되었습니다,Atributo foi aprimorado,คุณสมบัติได้รับการเสริมพลัง,1,-1,{effort=13;equipStarSum=24;zawakeStage=708;nvalueSum=160},-1,{}
900901,9091,,1,{},0.5,属性获得增强,屬性獲得增強,Attribute has been enhanced,Thuộc tính đã được tăng cường,속성이 강화되었습니다,Atributo foi aprimorado,คุณสมบัติได้รับการเสริมพลัง,1,-1,{star=8;advance=13;goodFeel=100},-1,{}
900902,9091,,2,{},0.5,普攻技能获得强化提升!,普攻技能獲得強化提升！,Normal skill has been enhanced!,Kỹ năng thường đã được tăng cường!,일반 스킬이 강화되었습니다!,Habilidade normal foi fortalecida!,สกิลปกติได้รับการเสริมพลัง!,1,-1,{effort=7;zawakeStage=108;equipStarSum=6;equipAwakeSum=2},-1,{}
900903,9091,,3,{},0.5,小技能获得强化提升!,小技能獲得強化提升！,Minor skill has been enhanced!,Kỹ năng nhỏ đã được tăng cường!,소형 스킬이 강화되었습니다!,Habilidade menor foi aprimorada!,สกิลย่อยได้รับการเสริมพลัง!,1,-1,{star=9;goodFeel=180;zawakeStage=208;advance=15},-1,{}
900904,9091,,4,{},0.5,被动技能获得强化提升!,被動技能獲得強化提升！,Passive skill has been enhanced!,Kỹ năng bị động đã được tăng cường!,패시브 스킬이 강화되었습니다!,Habilidade passiva foi fortalecida!,สกิลพาสซีฟได้รับการเสริมพลัง!,1,-1,{effort=9;equipStarSum=12;zawakeStage=308;nvalueSum=160},-1,{}
900905,9091,,5,{},0.5,属性获得增强,屬性獲得增強,Attribute has been enhanced,Thuộc tính đã được tăng cường,속성이 강화되었습니다,Atributo foi aprimorado,คุณสมบัติได้รับการเสริมพลัง,1,-1,{star=10;goodFeel=260;zawakeStage=408;advance=17},-1,{}
900906,9091,,6,{},0.5,大招技能获得强化提升!,終極技能獲得強化提升！,Ultimate skill has been enhanced!,Kỹ năng tối thượng đã được tăng cường!,궁극 스킬이 강화되었습니다!,Habilidade suprema foi fortalecida!,สกิลอัลติเมตได้รับการเสริมพลัง!,1,-1,{effort=11;zawakeStage=508;equipStarSum=18;equipAwakeSum=6},-1,{}
900907,9091,,7,{},0.5,属性获得增强,屬性獲得增強,Attribute has been enhanced,Thuộc tính đã được tăng cường,속성이 강화되었습니다,Atributo foi aprimorado,คุณสมบัติได้รับการเสริมพลัง,1,-1,{star=11;goodFeel=350;zawakeStage=608;advance=19},-1,{}
900908,9091,,8,{},0.5,属性获得增强,屬性獲得增強,Attribute has been enhanced,Thuộc tính đã được tăng cường,속성이 강화되었습니다,Atributo foi aprimorado,คุณสมบัติได้รับการเสริมพลัง,1,-1,{effort=13;equipStarSum=24;zawakeStage=708;nvalueSum=160},-1,{}
901001,9101,,1,{},0.5,属性获得增强,屬性獲得增強,Attribute has been enhanced,Thuộc tính đã được tăng cường,속성이 강화되었습니다,Atributo foi aprimorado,คุณสมบัติได้รับการเสริมพลัง,1,-1,{star=8;advance=13;goodFeel=100},-1,{}
901002,9101,,2,{},0.5,普攻技能获得强化提升!,普攻技能獲得強化提升！,Normal skill has been enhanced!,Kỹ năng thường đã được tăng cường!,일반 스킬이 강화되었습니다!,Habilidade normal foi fortalecida!,สกิลปกติได้รับการเสริมพลัง!,1,-1,{effort=7;zawakeStage=108;equipStarSum=6;equipAwakeSum=2},-1,{}
901003,9101,,3,{},0.5,小技能获得强化提升!,小技能獲得強化提升！,Minor skill has been enhanced!,Kỹ năng nhỏ đã được tăng cường!,소형 스킬이 강화되었습니다!,Habilidade menor foi aprimorada!,สกิลย่อยได้รับการเสริมพลัง!,1,-1,{star=9;goodFeel=180;zawakeStage=208;advance=15},-1,{}
901004,9101,,4,{},0.5,被动技能获得强化提升!,被動技能獲得強化提升！,Passive skill has been enhanced!,Kỹ năng bị động đã được tăng cường!,패시브 스킬이 강화되었습니다!,Habilidade passiva foi fortalecida!,สกิลพาสซีฟได้รับการเสริมพลัง!,1,-1,{effort=9;equipStarSum=12;zawakeStage=308;nvalueSum=160},-1,{}
901005,9101,,5,{},0.5,属性获得增强,屬性獲得增強,Attribute has been enhanced,Thuộc tính đã được tăng cường,속성이 강화되었습니다,Atributo foi aprimorado,คุณสมบัติได้รับการเสริมพลัง,1,-1,{star=10;goodFeel=260;zawakeStage=408;advance=17},-1,{}
901006,9101,,6,{},0.5,大招技能获得强化提升!,終極技能獲得強化提升！,Ultimate skill has been enhanced!,Kỹ năng tối thượng đã được tăng cường!,궁극 스킬이 강화되었습니다!,Habilidade suprema foi fortalecida!,สกิลอัลติเมตได้รับการเสริมพลัง!,1,-1,{effort=11;zawakeStage=508;equipStarSum=18;equipAwakeSum=6},-1,{}
901007,9101,,7,{},0.5,属性获得增强,屬性獲得增強,Attribute has been enhanced,Thuộc tính đã được tăng cường,속성이 강화되었습니다,Atributo foi aprimorado,คุณสมบัติได้รับการเสริมพลัง,1,-1,{star=11;goodFeel=350;zawakeStage=608;advance=19},-1,{}
901008,9101,,8,{},0.5,属性获得增强,屬性獲得增強,Attribute has been enhanced,Thuộc tính đã được tăng cường,속성이 강화되었습니다,Atributo foi aprimorado,คุณสมบัติได้รับการเสริมพลัง,1,-1,{effort=13;equipStarSum=24;zawakeStage=708;nvalueSum=160},-1,{}
901101,9111,,1,{},0.5,属性获得增强,屬性獲得增強,Attribute has been enhanced,Thuộc tính đã được tăng cường,속성이 강화되었습니다,Atributo foi aprimorado,คุณสมบัติได้รับการเสริมพลัง,1,-1,{star=8;advance=13;goodFeel=100},-1,{}
901102,9111,,2,{},0.5,普攻技能获得强化提升!,普攻技能獲得強化提升！,Normal skill has been enhanced!,Kỹ năng thường đã được tăng cường!,일반 스킬이 강화되었습니다!,Habilidade normal foi fortalecida!,สกิลปกติได้รับการเสริมพลัง!,1,-1,{effort=7;zawakeStage=108;equipStarSum=6;equipAwakeSum=2},-1,{}
901103,9111,,3,{},0.5,小技能获得强化提升!,小技能獲得強化提升！,Minor skill has been enhanced!,Kỹ năng nhỏ đã được tăng cường!,소형 스킬이 강화되었습니다!,Habilidade menor foi aprimorada!,สกิลย่อยได้รับการเสริมพลัง!,1,-1,{star=9;goodFeel=180;zawakeStage=208;advance=15},-1,{}
901104,9111,,4,{},0.5,被动技能获得强化提升!,被動技能獲得強化提升！,Passive skill has been enhanced!,Kỹ năng bị động đã được tăng cường!,패시브 스킬이 강화되었습니다!,Habilidade passiva foi fortalecida!,สกิลพาสซีฟได้รับการเสริมพลัง!,1,-1,{effort=9;equipStarSum=12;zawakeStage=308;nvalueSum=160},-1,{}
901105,9111,,5,{},0.5,属性获得增强,屬性獲得增強,Attribute has been enhanced,Thuộc tính đã được tăng cường,속성이 강화되었습니다,Atributo foi aprimorado,คุณสมบัติได้รับการเสริมพลัง,1,-1,{star=10;goodFeel=260;zawakeStage=408;advance=17},-1,{}
901106,9111,,6,{},0.5,大招技能获得强化提升!,終極技能獲得強化提升！,Ultimate skill has been enhanced!,Kỹ năng tối thượng đã được tăng cường!,궁극 스킬이 강화되었습니다!,Habilidade suprema foi fortalecida!,สกิลอัลติเมตได้รับการเสริมพลัง!,1,-1,{effort=11;zawakeStage=508;equipStarSum=18;equipAwakeSum=6},-1,{}
901107,9111,,7,{},0.5,属性获得增强,屬性獲得增強,Attribute has been enhanced,Thuộc tính đã được tăng cường,속성이 강화되었습니다,Atributo foi aprimorado,คุณสมบัติได้รับการเสริมพลัง,1,-1,{star=11;goodFeel=350;zawakeStage=608;advance=19},-1,{}
901108,9111,,8,{},0.5,属性获得增强,屬性獲得增強,Attribute has been enhanced,Thuộc tính đã được tăng cường,속성이 강화되었습니다,Atributo foi aprimorado,คุณสมบัติได้รับการเสริมพลัง,1,-1,{effort=13;equipStarSum=24;zawakeStage=708;nvalueSum=160},-1,{}
901201,9121,,1,{},0.5,属性获得增强,屬性獲得增強,Attribute has been enhanced,Thuộc tính đã được tăng cường,속성이 강화되었습니다,Atributo foi aprimorado,คุณสมบัติได้รับการเสริมพลัง,1,-1,{star=8;advance=13;goodFeel=100},-1,{}
901202,9121,,2,{},0.5,普攻技能获得强化提升!,普攻技能獲得強化提升！,Normal skill has been enhanced!,Kỹ năng thường đã được tăng cường!,일반 스킬이 강화되었습니다!,Habilidade normal foi fortalecida!,สกิลปกติได้รับการเสริมพลัง!,1,-1,{effort=7;zawakeStage=108;equipStarSum=6;equipAwakeSum=2},-1,{}
901203,9121,,3,{},0.5,小技能获得强化提升!,小技能獲得強化提升！,Minor skill has been enhanced!,Kỹ năng nhỏ đã được tăng cường!,소형 스킬이 강화되었습니다!,Habilidade menor foi aprimorada!,สกิลย่อยได้รับการเสริมพลัง!,1,-1,{star=9;goodFeel=180;zawakeStage=208;advance=15},-1,{}
901204,9121,,4,{},0.5,被动技能获得强化提升!,被動技能獲得強化提升！,Passive skill has been enhanced!,Kỹ năng bị động đã được tăng cường!,패시브 스킬이 강화되었습니다!,Habilidade passiva foi fortalecida!,สกิลพาสซีฟได้รับการเสริมพลัง!,1,-1,{effort=9;equipStarSum=12;zawakeStage=308;nvalueSum=160},-1,{}
901205,9121,,5,{},0.5,属性获得增强,屬性獲得增強,Attribute has been enhanced,Thuộc tính đã được tăng cường,속성이 강화되었습니다,Atributo foi aprimorado,คุณสมบัติได้รับการเสริมพลัง,1,-1,{star=10;goodFeel=260;zawakeStage=408;advance=17},-1,{}
901206,9121,,6,{},0.5,大招技能获得强化提升!,終極技能獲得強化提升！,Ultimate skill has been enhanced!,Kỹ năng tối thượng đã được tăng cường!,궁극 스킬이 강화되었습니다!,Habilidade suprema foi fortalecida!,สกิลอัลติเมตได้รับการเสริมพลัง!,1,-1,{effort=11;zawakeStage=508;equipStarSum=18;equipAwakeSum=6},-1,{}
901207,9121,,7,{},0.5,属性获得增强,屬性獲得增強,Attribute has been enhanced,Thuộc tính đã được tăng cường,속성이 강화되었습니다,Atributo foi aprimorado,คุณสมบัติได้รับการเสริมพลัง,1,-1,{star=11;goodFeel=350;zawakeStage=608;advance=19},-1,{}
901208,9121,,8,{},0.5,属性获得增强,屬性獲得增強,Attribute has been enhanced,Thuộc tính đã được tăng cường,속성이 강화되었습니다,Atributo foi aprimorado,คุณสมบัติได้รับการเสริมพลัง,1,-1,{effort=13;equipStarSum=24;zawakeStage=708;nvalueSum=160},-1,{}
901301,9131,,1,{},0.5,属性获得增强,屬性獲得增強,Attribute has been enhanced,Thuộc tính đã được tăng cường,속성이 강화되었습니다,Atributo foi aprimorado,คุณสมบัติได้รับการเสริมพลัง,1,-1,{star=8;advance=13;goodFeel=100},-1,{}
901302,9131,,2,{},0.5,普攻技能获得强化提升!,普攻技能獲得強化提升！,Normal skill has been enhanced!,Kỹ năng thường đã được tăng cường!,일반 스킬이 강화되었습니다!,Habilidade normal foi fortalecida!,สกิลปกติได้รับการเสริมพลัง!,1,-1,{effort=7;zawakeStage=108;equipStarSum=6;equipAwakeSum=2},-1,{}
901303,9131,,3,{},0.5,小技能获得强化提升!,小技能獲得強化提升！,Minor skill has been enhanced!,Kỹ năng nhỏ đã được tăng cường!,소형 스킬이 강화되었습니다!,Habilidade menor foi aprimorada!,สกิลย่อยได้รับการเสริมพลัง!,1,-1,{star=9;goodFeel=180;zawakeStage=208;advance=15},-1,{}
901304,9131,,4,{},0.5,被动技能获得强化提升!,被動技能獲得強化提升！,Passive skill has been enhanced!,Kỹ năng bị động đã được tăng cường!,패시브 스킬이 강화되었습니다!,Habilidade passiva foi fortalecida!,สกิลพาสซีฟได้รับการเสริมพลัง!,1,-1,{effort=9;equipStarSum=12;zawakeStage=308;nvalueSum=160},-1,{}
901305,9131,,5,{},0.5,属性获得增强,屬性獲得增強,Attribute has been enhanced,Thuộc tính đã được tăng cường,속성이 강화되었습니다,Atributo foi aprimorado,คุณสมบัติได้รับการเสริมพลัง,1,-1,{star=10;goodFeel=260;zawakeStage=408;advance=17},-1,{}
901306,9131,,6,{},0.5,大招技能获得强化提升!,終極技能獲得強化提升！,Ultimate skill has been enhanced!,Kỹ năng tối thượng đã được tăng cường!,궁극 스킬이 강화되었습니다!,Habilidade suprema foi fortalecida!,สกิลอัลติเมตได้รับการเสริมพลัง!,1,-1,{effort=11;zawakeStage=508;equipStarSum=18;equipAwakeSum=6},-1,{}
901307,9131,,7,{},0.5,属性获得增强,屬性獲得增強,Attribute has been enhanced,Thuộc tính đã được tăng cường,속성이 강화되었습니다,Atributo foi aprimorado,คุณสมบัติได้รับการเสริมพลัง,1,-1,{star=11;goodFeel=350;zawakeStage=608;advance=19},-1,{}
901308,9131,,8,{},0.5,属性获得增强,屬性獲得增強,Attribute has been enhanced,Thuộc tính đã được tăng cường,속성이 강화되었습니다,Atributo foi aprimorado,คุณสมบัติได้รับการเสริมพลัง,1,-1,{effort=13;equipStarSum=24;zawakeStage=708;nvalueSum=160},-1,{}
901401,9141,,1,{},0.5,属性获得增强,屬性獲得增強,Attribute has been enhanced,Thuộc tính đã được tăng cường,속성이 강화되었습니다,Atributo foi aprimorado,คุณสมบัติได้รับการเสริมพลัง,1,-1,{star=8;advance=13;goodFeel=100},-1,{}
901402,9141,,2,{},0.5,普攻技能获得强化提升!,普攻技能獲得強化提升！,Normal skill has been enhanced!,Kỹ năng thường đã được tăng cường!,일반 스킬이 강화되었습니다!,Habilidade normal foi fortalecida!,สกิลปกติได้รับการเสริมพลัง!,1,-1,{effort=7;zawakeStage=108;equipStarSum=6;equipAwakeSum=2},-1,{}
901403,9141,,3,{},0.5,小技能获得强化提升!,小技能獲得強化提升！,Minor skill has been enhanced!,Kỹ năng nhỏ đã được tăng cường!,소형 스킬이 강화되었습니다!,Habilidade menor foi aprimorada!,สกิลย่อยได้รับการเสริมพลัง!,1,-1,{star=9;goodFeel=180;zawakeStage=208;advance=15},-1,{}
901404,9141,,4,{},0.5,被动技能获得强化提升!,被動技能獲得強化提升！,Passive skill has been enhanced!,Kỹ năng bị động đã được tăng cường!,패시브 스킬이 강화되었습니다!,Habilidade passiva foi fortalecida!,สกิลพาสซีฟได้รับการเสริมพลัง!,1,-1,{effort=9;equipStarSum=12;zawakeStage=308;nvalueSum=160},-1,{}
901405,9141,,5,{},0.5,属性获得增强,屬性獲得增強,Attribute has been enhanced,Thuộc tính đã được tăng cường,속성이 강화되었습니다,Atributo foi aprimorado,คุณสมบัติได้รับการเสริมพลัง,1,-1,{star=10;goodFeel=260;zawakeStage=408;advance=17},-1,{}
901406,9141,,6,{},0.5,大招技能获得强化提升!,終極技能獲得強化提升！,Ultimate skill has been enhanced!,Kỹ năng tối thượng đã được tăng cường!,궁극 스킬이 강화되었습니다!,Habilidade suprema foi fortalecida!,สกิลอัลติเมตได้รับการเสริมพลัง!,1,-1,{effort=11;zawakeStage=508;equipStarSum=18;equipAwakeSum=6},-1,{}
901407,9141,,7,{},0.5,属性获得增强,屬性獲得增強,Attribute has been enhanced,Thuộc tính đã được tăng cường,속성이 강화되었습니다,Atributo foi aprimorado,คุณสมบัติได้รับการเสริมพลัง,1,-1,{star=11;goodFeel=350;zawakeStage=608;advance=19},-1,{}
901408,9141,,8,{},0.5,属性获得增强,屬性獲得增強,Attribute has been enhanced,Thuộc tính đã được tăng cường,속성이 강화되었습니다,Atributo foi aprimorado,คุณสมบัติได้รับการเสริมพลัง,1,-1,{effort=13;equipStarSum=24;zawakeStage=708;nvalueSum=160},-1,{}
901501,9151,,1,{},0.5,属性获得增强,屬性獲得增強,Attribute has been enhanced,Thuộc tính đã được tăng cường,속성이 강화되었습니다,Atributo foi aprimorado,คุณสมบัติได้รับการเสริมพลัง,1,-1,{star=8;advance=13;goodFeel=100},-1,{}
901502,9151,,2,{},0.5,普攻技能获得强化提升!,普攻技能獲得強化提升！,Normal skill has been enhanced!,Kỹ năng thường đã được tăng cường!,일반 스킬이 강화되었습니다!,Habilidade normal foi fortalecida!,สกิลปกติได้รับการเสริมพลัง!,1,-1,{effort=7;zawakeStage=108;equipStarSum=6;equipAwakeSum=2},-1,{}
901503,9151,,3,{},0.5,小技能获得强化提升!,小技能獲得強化提升！,Minor skill has been enhanced!,Kỹ năng nhỏ đã được tăng cường!,소형 스킬이 강화되었습니다!,Habilidade menor foi aprimorada!,สกิลย่อยได้รับการเสริมพลัง!,1,-1,{star=9;goodFeel=180;zawakeStage=208;advance=15},-1,{}
901504,9151,,4,{},0.5,被动技能获得强化提升!,被動技能獲得強化提升！,Passive skill has been enhanced!,Kỹ năng bị động đã được tăng cường!,패시브 스킬이 강화되었습니다!,Habilidade passiva foi fortalecida!,สกิลพาสซีฟได้รับการเสริมพลัง!,1,-1,{effort=9;equipStarSum=12;zawakeStage=308;nvalueSum=160},-1,{}
901505,9151,,5,{},0.5,属性获得增强,屬性獲得增強,Attribute has been enhanced,Thuộc tính đã được tăng cường,속성이 강화되었습니다,Atributo foi aprimorado,คุณสมบัติได้รับการเสริมพลัง,1,-1,{star=10;goodFeel=260;zawakeStage=408;advance=17},-1,{}
901506,9151,,6,{},0.5,大招技能获得强化提升!,終極技能獲得強化提升！,Ultimate skill has been enhanced!,Kỹ năng tối thượng đã được tăng cường!,궁극 스킬이 강화되었습니다!,Habilidade suprema foi fortalecida!,สกิลอัลติเมตได้รับการเสริมพลัง!,1,-1,{effort=11;zawakeStage=508;equipStarSum=18;equipAwakeSum=6},-1,{}
901507,9151,,7,{},0.5,属性获得增强,屬性獲得增強,Attribute has been enhanced,Thuộc tính đã được tăng cường,속성이 강화되었습니다,Atributo foi aprimorado,คุณสมบัติได้รับการเสริมพลัง,1,-1,{star=11;goodFeel=350;zawakeStage=608;advance=19},-1,{}
901508,9151,,8,{},0.5,属性获得增强,屬性獲得增強,Attribute has been enhanced,Thuộc tính đã được tăng cường,속성이 강화되었습니다,Atributo foi aprimorado,คุณสมบัติได้รับการเสริมพลัง,1,-1,{effort=13;equipStarSum=24;zawakeStage=708;nvalueSum=160},-1,{}
901601,9161,,1,{},0.5,属性获得增强,屬性獲得增強,Attribute has been enhanced,Thuộc tính đã được tăng cường,속성이 강화되었습니다,Atributo foi aprimorado,คุณสมบัติได้รับการเสริมพลัง,1,-1,{star=8;advance=13;goodFeel=100},-1,{}
901602,9161,,2,{},0.5,普攻技能获得强化提升!,普攻技能獲得強化提升！,Normal skill has been enhanced!,Kỹ năng thường đã được tăng cường!,일반 스킬이 강화되었습니다!,Habilidade normal foi fortalecida!,สกิลปกติได้รับการเสริมพลัง!,1,-1,{effort=7;zawakeStage=108;equipStarSum=6;equipAwakeSum=2},-1,{}
901603,9161,,3,{},0.5,小技能获得强化提升!,小技能獲得強化提升！,Minor skill has been enhanced!,Kỹ năng nhỏ đã được tăng cường!,소형 스킬이 강화되었습니다!,Habilidade menor foi aprimorada!,สกิลย่อยได้รับการเสริมพลัง!,1,-1,{star=9;goodFeel=180;zawakeStage=208;advance=15},-1,{}
901604,9161,,4,{},0.5,被动技能获得强化提升!,被動技能獲得強化提升！,Passive skill has been enhanced!,Kỹ năng bị động đã được tăng cường!,패시브 스킬이 강화되었습니다!,Habilidade passiva foi fortalecida!,สกิลพาสซีฟได้รับการเสริมพลัง!,1,-1,{effort=9;equipStarSum=12;zawakeStage=308;nvalueSum=160},-1,{}
901605,9161,,5,{},0.5,属性获得增强,屬性獲得增強,Attribute has been enhanced,Thuộc tính đã được tăng cường,속성이 강화되었습니다,Atributo foi aprimorado,คุณสมบัติได้รับการเสริมพลัง,1,-1,{star=10;goodFeel=260;zawakeStage=408;advance=17},-1,{}
901606,9161,,6,{},0.5,大招技能获得强化提升!,終極技能獲得強化提升！,Ultimate skill has been enhanced!,Kỹ năng tối thượng đã được tăng cường!,궁극 스킬이 강화되었습니다!,Habilidade suprema foi fortalecida!,สกิลอัลติเมตได้รับการเสริมพลัง!,1,-1,{effort=11;zawakeStage=508;equipStarSum=18;equipAwakeSum=6},-1,{}
901607,9161,,7,{},0.5,属性获得增强,屬性獲得增強,Attribute has been enhanced,Thuộc tính đã được tăng cường,속성이 강화되었습니다,Atributo foi aprimorado,คุณสมบัติได้รับการเสริมพลัง,1,-1,{star=11;goodFeel=350;zawakeStage=608;advance=19},-1,{}
901608,9161,,8,{},0.5,属性获得增强,屬性獲得增強,Attribute has been enhanced,Thuộc tính đã được tăng cường,속성이 강화되었습니다,Atributo foi aprimorado,คุณสมบัติได้รับการเสริมพลัง,1,-1,{effort=13;equipStarSum=24;zawakeStage=708;nvalueSum=160},-1,{}
901701,9171,,1,{},0.5,属性获得增强,屬性獲得增強,Attribute has been enhanced,Thuộc tính đã được tăng cường,속성이 강화되었습니다,Atributo foi aprimorado,คุณสมบัติได้รับการเสริมพลัง,1,-1,{star=8;advance=13;goodFeel=100},-1,{}
901702,9171,,2,{},0.5,普攻技能获得强化提升!,普攻技能獲得強化提升！,Normal skill has been enhanced!,Kỹ năng thường đã được tăng cường!,일반 스킬이 강화되었습니다!,Habilidade normal foi fortalecida!,สกิลปกติได้รับการเสริมพลัง!,1,-1,{effort=7;zawakeStage=108;equipStarSum=6;equipAwakeSum=2},-1,{}
901703,9171,,3,{},0.5,小技能获得强化提升!,小技能獲得強化提升！,Minor skill has been enhanced!,Kỹ năng nhỏ đã được tăng cường!,소형 스킬이 강화되었습니다!,Habilidade menor foi aprimorada!,สกิลย่อยได้รับการเสริมพลัง!,1,-1,{star=9;goodFeel=180;zawakeStage=208;advance=15},-1,{}
901704,9171,,4,{},0.5,被动技能获得强化提升!,被動技能獲得強化提升！,Passive skill has been enhanced!,Kỹ năng bị động đã được tăng cường!,패시브 스킬이 강화되었습니다!,Habilidade passiva foi fortalecida!,สกิลพาสซีฟได้รับการเสริมพลัง!,1,-1,{effort=9;equipStarSum=12;zawakeStage=308;nvalueSum=160},-1,{}
901705,9171,,5,{},0.5,属性获得增强,屬性獲得增強,Attribute has been enhanced,Thuộc tính đã được tăng cường,속성이 강화되었습니다,Atributo foi aprimorado,คุณสมบัติได้รับการเสริมพลัง,1,-1,{star=10;goodFeel=260;zawakeStage=408;advance=17},-1,{}
901706,9171,,6,{},0.5,大招技能获得强化提升!,終極技能獲得強化提升！,Ultimate skill has been enhanced!,Kỹ năng tối thượng đã được tăng cường!,궁극 스킬이 강화되었습니다!,Habilidade suprema foi fortalecida!,สกิลอัลติเมตได้รับการเสริมพลัง!,1,-1,{effort=11;zawakeStage=508;equipStarSum=18;equipAwakeSum=6},-1,{}
901707,9171,,7,{},0.5,属性获得增强,屬性獲得增強,Attribute has been enhanced,Thuộc tính đã được tăng cường,속성이 강화되었습니다,Atributo foi aprimorado,คุณสมบัติได้รับการเสริมพลัง,1,-1,{star=11;goodFeel=350;zawakeStage=608;advance=19},-1,{}
901708,9171,,8,{},0.5,属性获得增强,屬性獲得增強,Attribute has been enhanced,Thuộc tính đã được tăng cường,속성이 강화되었습니다,Atributo foi aprimorado,คุณสมบัติได้รับการเสริมพลัง,1,-1,{effort=13;equipStarSum=24;zawakeStage=708;nvalueSum=160},-1,{}
901801,9181,,1,{},0.5,属性获得增强,屬性獲得增強,Attribute has been enhanced,Thuộc tính đã được tăng cường,속성이 강화되었습니다,Atributo foi aprimorado,คุณสมบัติได้รับการเสริมพลัง,1,-1,{star=8;advance=13;goodFeel=100},-1,{}
901802,9181,,2,{},0.5,普攻技能获得强化提升!,普攻技能獲得強化提升！,Normal skill has been enhanced!,Kỹ năng thường đã được tăng cường!,일반 스킬이 강화되었습니다!,Habilidade normal foi fortalecida!,สกิลปกติได้รับการเสริมพลัง!,1,-1,{effort=7;zawakeStage=108;equipStarSum=6;equipAwakeSum=2},-1,{}
901803,9181,,3,{},0.5,小技能获得强化提升!,小技能獲得強化提升！,Minor skill has been enhanced!,Kỹ năng nhỏ đã được tăng cường!,소형 스킬이 강화되었습니다!,Habilidade menor foi aprimorada!,สกิลย่อยได้รับการเสริมพลัง!,1,-1,{star=9;goodFeel=180;zawakeStage=208;advance=15},-1,{}
901804,9181,,4,{},0.5,被动技能获得强化提升!,被動技能獲得強化提升！,Passive skill has been enhanced!,Kỹ năng bị động đã được tăng cường!,패시브 스킬이 강화되었습니다!,Habilidade passiva foi fortalecida!,สกิลพาสซีฟได้รับการเสริมพลัง!,1,-1,{effort=9;equipStarSum=12;zawakeStage=308;nvalueSum=160},-1,{}
901805,9181,,5,{},0.5,属性获得增强,屬性獲得增強,Attribute has been enhanced,Thuộc tính đã được tăng cường,속성이 강화되었습니다,Atributo foi aprimorado,คุณสมบัติได้รับการเสริมพลัง,1,-1,{star=10;goodFeel=260;zawakeStage=408;advance=17},-1,{}
901806,9181,,6,{},0.5,大招技能获得强化提升!,終極技能獲得強化提升！,Ultimate skill has been enhanced!,Kỹ năng tối thượng đã được tăng cường!,궁극 스킬이 강화되었습니다!,Habilidade suprema foi fortalecida!,สกิลอัลติเมตได้รับการเสริมพลัง!,1,-1,{effort=11;zawakeStage=508;equipStarSum=18;equipAwakeSum=6},-1,{}
901807,9181,,7,{},0.5,属性获得增强,屬性獲得增強,Attribute has been enhanced,Thuộc tính đã được tăng cường,속성이 강화되었습니다,Atributo foi aprimorado,คุณสมบัติได้รับการเสริมพลัง,1,-1,{star=11;goodFeel=350;zawakeStage=608;advance=19},-1,{}
901808,9181,,8,{},0.5,属性获得增强,屬性獲得增強,Attribute has been enhanced,Thuộc tính đã được tăng cường,속성이 강화되었습니다,Atributo foi aprimorado,คุณสมบัติได้รับการเสริมพลัง,1,-1,{effort=13;equipStarSum=24;zawakeStage=708;nvalueSum=160},-1,{}
901901,9191,,1,{},0.5,属性获得增强,屬性獲得增強,Attribute has been enhanced,Thuộc tính đã được tăng cường,속성이 강화되었습니다,Atributo foi aprimorado,คุณสมบัติได้รับการเสริมพลัง,1,-1,{star=8;advance=13;goodFeel=100},-1,{}
901902,9191,,2,{},0.5,普攻技能获得强化提升!,普攻技能獲得強化提升！,Normal skill has been enhanced!,Kỹ năng thường đã được tăng cường!,일반 스킬이 강화되었습니다!,Habilidade normal foi fortalecida!,สกิลปกติได้รับการเสริมพลัง!,1,-1,{effort=7;zawakeStage=108;equipStarSum=6;equipAwakeSum=2},-1,{}
901903,9191,,3,{},0.5,小技能获得强化提升!,小技能獲得強化提升！,Minor skill has been enhanced!,Kỹ năng nhỏ đã được tăng cường!,소형 스킬이 강화되었습니다!,Habilidade menor foi aprimorada!,สกิลย่อยได้รับการเสริมพลัง!,1,-1,{star=9;goodFeel=180;zawakeStage=208;advance=15},-1,{}
901904,9191,,4,{},0.5,被动技能获得强化提升!,被動技能獲得強化提升！,Passive skill has been enhanced!,Kỹ năng bị động đã được tăng cường!,패시브 스킬이 강화되었습니다!,Habilidade passiva foi fortalecida!,สกิลพาสซีฟได้รับการเสริมพลัง!,1,-1,{effort=9;equipStarSum=12;zawakeStage=308;nvalueSum=160},-1,{}
901905,9191,,5,{},0.5,属性获得增强,屬性獲得增強,Attribute has been enhanced,Thuộc tính đã được tăng cường,속성이 강화되었습니다,Atributo foi aprimorado,คุณสมบัติได้รับการเสริมพลัง,1,-1,{star=10;goodFeel=260;zawakeStage=408;advance=17},-1,{}
901906,9191,,6,{},0.5,大招技能获得强化提升!,終極技能獲得強化提升！,Ultimate skill has been enhanced!,Kỹ năng tối thượng đã được tăng cường!,궁극 스킬이 강화되었습니다!,Habilidade suprema foi fortalecida!,สกิลอัลติเมตได้รับการเสริมพลัง!,1,-1,{effort=11;zawakeStage=508;equipStarSum=18;equipAwakeSum=6},-1,{}
901907,9191,,7,{},0.5,属性获得增强,屬性獲得增強,Attribute has been enhanced,Thuộc tính đã được tăng cường,속성이 강화되었습니다,Atributo foi aprimorado,คุณสมบัติได้รับการเสริมพลัง,1,-1,{star=11;goodFeel=350;zawakeStage=608;advance=19},-1,{}
901908,9191,,8,{},0.5,属性获得增强,屬性獲得增強,Attribute has been enhanced,Thuộc tính đã được tăng cường,속성이 강화되었습니다,Atributo foi aprimorado,คุณสมบัติได้รับการเสริมพลัง,1,-1,{effort=13;equipStarSum=24;zawakeStage=708;nvalueSum=160},-1,{}
902001,9201,,1,{},0.5,属性获得增强,屬性獲得增強,Attribute has been enhanced,Thuộc tính đã được tăng cường,속성이 강화되었습니다,Atributo foi aprimorado,คุณสมบัติได้รับการเสริมพลัง,1,-1,{star=8;advance=13;goodFeel=100},-1,{}
902002,9201,,2,{},0.5,普攻技能获得强化提升!,普攻技能獲得強化提升！,Normal skill has been enhanced!,Kỹ năng thường đã được tăng cường!,일반 스킬이 강화되었습니다!,Habilidade normal foi fortalecida!,สกิลปกติได้รับการเสริมพลัง!,1,-1,{effort=7;zawakeStage=108;equipStarSum=6;equipAwakeSum=2},-1,{}
902003,9201,,3,{},0.5,小技能获得强化提升!,小技能獲得強化提升！,Minor skill has been enhanced!,Kỹ năng nhỏ đã được tăng cường!,소형 스킬이 강화되었습니다!,Habilidade menor foi aprimorada!,สกิลย่อยได้รับการเสริมพลัง!,1,-1,{star=9;goodFeel=180;zawakeStage=208;advance=15},-1,{}
902004,9201,,4,{},0.5,被动技能获得强化提升!,被動技能獲得強化提升！,Passive skill has been enhanced!,Kỹ năng bị động đã được tăng cường!,패시브 스킬이 강화되었습니다!,Habilidade passiva foi fortalecida!,สกิลพาสซีฟได้รับการเสริมพลัง!,1,-1,{effort=9;equipStarSum=12;zawakeStage=308;nvalueSum=160},-1,{}
902005,9201,,5,{},0.5,属性获得增强,屬性獲得增強,Attribute has been enhanced,Thuộc tính đã được tăng cường,속성이 강화되었습니다,Atributo foi aprimorado,คุณสมบัติได้รับการเสริมพลัง,1,-1,{star=10;goodFeel=260;zawakeStage=408;advance=17},-1,{}
902006,9201,,6,{},0.5,大招技能获得强化提升!,終極技能獲得強化提升！,Ultimate skill has been enhanced!,Kỹ năng tối thượng đã được tăng cường!,궁극 스킬이 강화되었습니다!,Habilidade suprema foi fortalecida!,สกิลอัลติเมตได้รับการเสริมพลัง!,1,-1,{effort=11;zawakeStage=508;equipStarSum=18;equipAwakeSum=6},-1,{}
902007,9201,,7,{},0.5,属性获得增强,屬性獲得增強,Attribute has been enhanced,Thuộc tính đã được tăng cường,속성이 강화되었습니다,Atributo foi aprimorado,คุณสมบัติได้รับการเสริมพลัง,1,-1,{star=11;goodFeel=350;zawakeStage=608;advance=19},-1,{}
902008,9201,,8,{},0.5,属性获得增强,屬性獲得增強,Attribute has been enhanced,Thuộc tính đã được tăng cường,속성이 강화되었습니다,Atributo foi aprimorado,คุณสมบัติได้รับการเสริมพลัง,1,-1,{effort=13;equipStarSum=24;zawakeStage=708;nvalueSum=160},-1,{}
902101,9211,,1,{},0.5,属性获得增强,屬性獲得增強,Attribute has been enhanced,Thuộc tính đã được tăng cường,속성이 강화되었습니다,Atributo foi aprimorado,คุณสมบัติได้รับการเสริมพลัง,1,-1,{star=8;advance=13;goodFeel=100},-1,{}
902102,9211,,2,{},0.5,普攻技能获得强化提升!,普攻技能獲得強化提升！,Normal skill has been enhanced!,Kỹ năng thường đã được tăng cường!,일반 스킬이 강화되었습니다!,Habilidade normal foi fortalecida!,สกิลปกติได้รับการเสริมพลัง!,1,-1,{effort=7;zawakeStage=108;equipStarSum=6;equipAwakeSum=2},-1,{}
902103,9211,,3,{},0.5,小技能获得强化提升!,小技能獲得強化提升！,Minor skill has been enhanced!,Kỹ năng nhỏ đã được tăng cường!,소형 스킬이 강화되었습니다!,Habilidade menor foi aprimorada!,สกิลย่อยได้รับการเสริมพลัง!,1,-1,{star=9;goodFeel=180;zawakeStage=208;advance=15},-1,{}
902104,9211,,4,{},0.5,被动技能获得强化提升!,被動技能獲得強化提升！,Passive skill has been enhanced!,Kỹ năng bị động đã được tăng cường!,패시브 스킬이 강화되었습니다!,Habilidade passiva foi fortalecida!,สกิลพาสซีฟได้รับการเสริมพลัง!,1,-1,{effort=9;equipStarSum=12;zawakeStage=308;nvalueSum=160},-1,{}
902105,9211,,5,{},0.5,属性获得增强,屬性獲得增強,Attribute has been enhanced,Thuộc tính đã được tăng cường,속성이 강화되었습니다,Atributo foi aprimorado,คุณสมบัติได้รับการเสริมพลัง,1,-1,{star=10;goodFeel=260;zawakeStage=408;advance=17},-1,{}
902106,9211,,6,{},0.5,大招技能获得强化提升!,終極技能獲得強化提升！,Ultimate skill has been enhanced!,Kỹ năng tối thượng đã được tăng cường!,궁극 스킬이 강화되었습니다!,Habilidade suprema foi fortalecida!,สกิลอัลติเมตได้รับการเสริมพลัง!,1,-1,{effort=11;zawakeStage=508;equipStarSum=18;equipAwakeSum=6},-1,{}
902107,9211,,7,{},0.5,属性获得增强,屬性獲得增強,Attribute has been enhanced,Thuộc tính đã được tăng cường,속성이 강화되었습니다,Atributo foi aprimorado,คุณสมบัติได้รับการเสริมพลัง,1,-1,{star=11;goodFeel=350;zawakeStage=608;advance=19},-1,{}
902108,9211,,8,{},0.5,属性获得增强,屬性獲得增強,Attribute has been enhanced,Thuộc tính đã được tăng cường,속성이 강화되었습니다,Atributo foi aprimorado,คุณสมบัติได้รับการเสริมพลัง,1,-1,{effort=13;equipStarSum=24;zawakeStage=708;nvalueSum=160},-1,{}
902201,9221,,1,{},0.5,属性获得增强,屬性獲得增強,Attribute has been enhanced,Thuộc tính đã được tăng cường,속성이 강화되었습니다,Atributo foi aprimorado,คุณสมบัติได้รับการเสริมพลัง,1,-1,{star=8;advance=13;goodFeel=100},-1,{}
902202,9221,,2,{},0.5,普攻技能获得强化提升!,普攻技能獲得強化提升！,Normal skill has been enhanced!,Kỹ năng thường đã được tăng cường!,일반 스킬이 강화되었습니다!,Habilidade normal foi fortalecida!,สกิลปกติได้รับการเสริมพลัง!,1,-1,{effort=7;zawakeStage=108;equipStarSum=6;equipAwakeSum=2},-1,{}
902203,9221,,3,{},0.5,小技能获得强化提升!,小技能獲得強化提升！,Minor skill has been enhanced!,Kỹ năng nhỏ đã được tăng cường!,소형 스킬이 강화되었습니다!,Habilidade menor foi aprimorada!,สกิลย่อยได้รับการเสริมพลัง!,1,-1,{star=9;goodFeel=180;zawakeStage=208;advance=15},-1,{}
902204,9221,,4,{},0.5,被动技能获得强化提升!,被動技能獲得強化提升！,Passive skill has been enhanced!,Kỹ năng bị động đã được tăng cường!,패시브 스킬이 강화되었습니다!,Habilidade passiva foi fortalecida!,สกิลพาสซีฟได้รับการเสริมพลัง!,1,-1,{effort=9;equipStarSum=12;zawakeStage=308;nvalueSum=160},-1,{}
902205,9221,,5,{},0.5,属性获得增强,屬性獲得增強,Attribute has been enhanced,Thuộc tính đã được tăng cường,속성이 강화되었습니다,Atributo foi aprimorado,คุณสมบัติได้รับการเสริมพลัง,1,-1,{star=10;goodFeel=260;zawakeStage=408;advance=17},-1,{}
902206,9221,,6,{},0.5,大招技能获得强化提升!,終極技能獲得強化提升！,Ultimate skill has been enhanced!,Kỹ năng tối thượng đã được tăng cường!,궁극 스킬이 강화되었습니다!,Habilidade suprema foi fortalecida!,สกิลอัลติเมตได้รับการเสริมพลัง!,1,-1,{effort=11;zawakeStage=508;equipStarSum=18;equipAwakeSum=6},-1,{}
902207,9221,,7,{},0.5,属性获得增强,屬性獲得增強,Attribute has been enhanced,Thuộc tính đã được tăng cường,속성이 강화되었습니다,Atributo foi aprimorado,คุณสมบัติได้รับการเสริมพลัง,1,-1,{star=11;goodFeel=350;zawakeStage=608;advance=19},-1,{}
902208,9221,,8,{},0.5,属性获得增强,屬性獲得增強,Attribute has been enhanced,Thuộc tính đã được tăng cường,속성이 강화되었습니다,Atributo foi aprimorado,คุณสมบัติได้รับการเสริมพลัง,1,-1,{effort=13;equipStarSum=24;zawakeStage=708;nvalueSum=160},-1,{}
902301,9231,,1,{},0.5,属性获得增强,屬性獲得增強,Attribute has been enhanced,Thuộc tính đã được tăng cường,속성이 강화되었습니다,Atributo foi aprimorado,คุณสมบัติได้รับการเสริมพลัง,1,-1,{star=8;advance=13;goodFeel=100},-1,{}
902302,9231,,2,{},0.5,普攻技能获得强化提升!,普攻技能獲得強化提升！,Normal skill has been enhanced!,Kỹ năng thường đã được tăng cường!,일반 스킬이 강화되었습니다!,Habilidade normal foi fortalecida!,สกิลปกติได้รับการเสริมพลัง!,1,-1,{effort=7;zawakeStage=108;equipStarSum=6;equipAwakeSum=2},-1,{}
902303,9231,,3,{},0.5,小技能获得强化提升!,小技能獲得強化提升！,Minor skill has been enhanced!,Kỹ năng nhỏ đã được tăng cường!,소형 스킬이 강화되었습니다!,Habilidade menor foi aprimorada!,สกิลย่อยได้รับการเสริมพลัง!,1,-1,{star=9;goodFeel=180;zawakeStage=208;advance=15},-1,{}
902304,9231,,4,{},0.5,被动技能获得强化提升!,被動技能獲得強化提升！,Passive skill has been enhanced!,Kỹ năng bị động đã được tăng cường!,패시브 스킬이 강화되었습니다!,Habilidade passiva foi fortalecida!,สกิลพาสซีฟได้รับการเสริมพลัง!,1,-1,{effort=9;equipStarSum=12;zawakeStage=308;nvalueSum=160},-1,{}
902305,9231,,5,{},0.5,属性获得增强,屬性獲得增強,Attribute has been enhanced,Thuộc tính đã được tăng cường,속성이 강화되었습니다,Atributo foi aprimorado,คุณสมบัติได้รับการเสริมพลัง,1,-1,{star=10;goodFeel=260;zawakeStage=408;advance=17},-1,{}
902306,9231,,6,{},0.5,大招技能获得强化提升!,終極技能獲得強化提升！,Ultimate skill has been enhanced!,Kỹ năng tối thượng đã được tăng cường!,궁극 스킬이 강화되었습니다!,Habilidade suprema foi fortalecida!,สกิลอัลติเมตได้รับการเสริมพลัง!,1,-1,{effort=11;zawakeStage=508;equipStarSum=18;equipAwakeSum=6},-1,{}
902307,9231,,7,{},0.5,属性获得增强,屬性獲得增強,Attribute has been enhanced,Thuộc tính đã được tăng cường,속성이 강화되었습니다,Atributo foi aprimorado,คุณสมบัติได้รับการเสริมพลัง,1,-1,{star=11;goodFeel=350;zawakeStage=608;advance=19},-1,{}
902308,9231,,8,{},0.5,属性获得增强,屬性獲得增強,Attribute has been enhanced,Thuộc tính đã được tăng cường,속성이 강화되었습니다,Atributo foi aprimorado,คุณสมบัติได้รับการเสริมพลัง,1,-1,{effort=13;equipStarSum=24;zawakeStage=708;nvalueSum=160},-1,{}
