变量名,name,name_tw,name_en,name_kr,name_pt,name_th,suitID,suitNo,icon,quality,gemDescribe,gemDescribe_tw,gemDescribe_en,gemDescribe_vn,gemDescribe_kr,gemDescribe_pt,gemDescribe_th,heapLimit,decomposeReturn,strengthMax,strengthCostSeq,attrType1,attrNum1,attrType2,attrNum2,attrType3,attrNum3,attrType4,attrNum4,attrType5,attrNum5,desc,effect
默认值,"""""","""""","""""","""""","""""","""""",,,"""""",1,,,,,,,,99,{},20,1,0,<>,0,<>,0,<>,0,<>,0,<>,"""""",{drawcard=false;gain=false}
ID,名称,名称,名称,名称_韩,名称_韩,名称_韩,套装ID,散件编号,icon,品质,符石描述,符石描述,符石描述,符石描述,符石描述_韩,符石描述_韩,符石描述_韩,堆叠上限,分解返还材料,强化等级上限,强化消耗序列ID,属性类型1,属性数值1,属性类型2,属性数值2,属性类型3,属性数值3,属性类型4,属性数值4,属性类型5,属性数值5,描述,分别表示在抽卡，恭喜获得
40121,强击,強擊,Punch,Punch,강격,Soco,1,1,config/item/gem/icon_1_lv_1.png,2,攻击向符石,攻擊向符石,Offensive-type,Offensive-type,공격 룬스톤,Tipo ofensivo,ประเภทรุก,9999,{529=20},100,2,7,<200;203;206;209;212;215;218;221;224;227;232;235;238;242;245;248;251;254;258;261;268;271;275;278;282;285;288;292;295;299;308;312;315;319;322;326;330;333;337;340;360;364;368;372;376;380;384;388;392;396;420;424;429;433;438;442;446;451;455;460;488;493;498;502;507;512;517;522;526;531;564;569;574;580;585;590;595;600;606;611;648;654;659;665;670;676;682;687;693;698;740;746;752;758;764;770;776;782;788;794;802;810;818;826;835;843;851;860;868;877;886;895;904;913;922;931;940;950;959;969;979;988;998;1008;1018;1028;1039;1049;1060;1070;1081;1092;1103;1114;1125;1136;1147;1159;1170;1182;1194;1206;1218;1230;1242;1255;1267;1280;1293;1306;1319;1332;1345;1359;1372;1386;1400;1414;1428;1442;1457;1471;1486;1501;1516;1531;1547;1562;1578;1593;1609;1625;1642;1658;1675;1691;1708;1725;1743;1760;1778;1795;1813;1832;1850;1868;1887;1906;1925;1944;1964;1983;2003;2023;2043;2064;2084;2105;2126;2148>,8,<200;203;206;209;212;215;218;221;224;227;232;235;238;242;245;248;251;254;258;261;268;271;275;278;282;285;288;292;295;299;308;312;315;319;322;326;330;333;337;340;360;364;368;372;376;380;384;388;392;396;420;424;429;433;438;442;446;451;455;460;488;493;498;502;507;512;517;522;526;531;564;569;574;580;585;590;595;600;606;611;648;654;659;665;670;676;682;687;693;698;740;746;752;758;764;770;776;782;788;794;802;810;818;826;835;843;851;860;868;877;886;895;904;913;922;931;940;950;959;969;979;988;998;1008;1018;1028;1039;1049;1060;1070;1081;1092;1103;1114;1125;1136;1147;1159;1170;1182;1194;1206;1218;1230;1242;1255;1267;1280;1293;1306;1319;1332;1345;1359;1372;1386;1400;1414;1428;1442;1457;1471;1486;1501;1516;1531;1547;1562;1578;1593;1609;1625;1642;1658;1675;1691;1708;1725;1743;1760;1778;1795;1813;1832;1850;1868;1887;1906;1925;1944;1964;1983;2003;2023;2043;2064;2084;2105;2126;2148>,14,<22;22;22;22;22;25;25;25;25;25;27;27;27;27;27;30;30;30;30;30;32;32;32;32;32;34;34;34;34;34;37;37;37;37;37;39;39;39;39;39;42;42;42;42;42;44;44;44;44;44;46;46;46;46;46;49;49;49;49;49;51;51;51;51;51;54;54;54;54;54;56;56;56;56;56;58;58;58;58;58;61;61;61;61;61;63;63;63;63;63;66;66;66;66;66;68;68;68;68;68;69;69;70;71;71;72;73;74;74;75;76;77;77;78;79;80;81;81;82;83;84;85;85;86;87;88;89;90;91;92;93;93;94;95;96;97;98;99;100;101;102;103;104;105;106;107;109;110;111;112;113;114;115;116;118;119;120;121;122;124;125;126;127;129;130;131;132;134;135;136;138;139;141;142;143;145;146;148;149;151;152;154;155;157;158;160;162;163;165;167;168;170;172;173;175;177;179;180;182;184>,0,<>,0,<>,,{drawcard=false;gain=false}
40122,强击,強擊,Punch,Punch,강격,Soco,1,2,config/item/gem/icon_1_lv_2.png,2,攻击向符石,攻擊向符石,Offensive-type,Offensive-type,공격 룬스톤,Tipo ofensivo,ประเภทรุก,9999,{529=20},100,2,7,<200;203;206;209;212;215;218;221;224;227;232;235;238;242;245;248;251;254;258;261;268;271;275;278;282;285;288;292;295;299;308;312;315;319;322;326;330;333;337;340;360;364;368;372;376;380;384;388;392;396;420;424;429;433;438;442;446;451;455;460;488;493;498;502;507;512;517;522;526;531;564;569;574;580;585;590;595;600;606;611;648;654;659;665;670;676;682;687;693;698;740;746;752;758;764;770;776;782;788;794;802;810;818;826;835;843;851;860;868;877;886;895;904;913;922;931;940;950;959;969;979;988;998;1008;1018;1028;1039;1049;1060;1070;1081;1092;1103;1114;1125;1136;1147;1159;1170;1182;1194;1206;1218;1230;1242;1255;1267;1280;1293;1306;1319;1332;1345;1359;1372;1386;1400;1414;1428;1442;1457;1471;1486;1501;1516;1531;1547;1562;1578;1593;1609;1625;1642;1658;1675;1691;1708;1725;1743;1760;1778;1795;1813;1832;1850;1868;1887;1906;1925;1944;1964;1983;2003;2023;2043;2064;2084;2105;2126;2148>,8,<200;203;206;209;212;215;218;221;224;227;232;235;238;242;245;248;251;254;258;261;268;271;275;278;282;285;288;292;295;299;308;312;315;319;322;326;330;333;337;340;360;364;368;372;376;380;384;388;392;396;420;424;429;433;438;442;446;451;455;460;488;493;498;502;507;512;517;522;526;531;564;569;574;580;585;590;595;600;606;611;648;654;659;665;670;676;682;687;693;698;740;746;752;758;764;770;776;782;788;794;802;810;818;826;835;843;851;860;868;877;886;895;904;913;922;931;940;950;959;969;979;988;998;1008;1018;1028;1039;1049;1060;1070;1081;1092;1103;1114;1125;1136;1147;1159;1170;1182;1194;1206;1218;1230;1242;1255;1267;1280;1293;1306;1319;1332;1345;1359;1372;1386;1400;1414;1428;1442;1457;1471;1486;1501;1516;1531;1547;1562;1578;1593;1609;1625;1642;1658;1675;1691;1708;1725;1743;1760;1778;1795;1813;1832;1850;1868;1887;1906;1925;1944;1964;1983;2003;2023;2043;2064;2084;2105;2126;2148>,15,<34;34;34;34;34;37;37;37;37;37;41;41;41;41;41;44;44;44;44;44;48;48;48;48;48;52;52;52;52;52;55;55;55;55;55;59;59;59;59;59;62;62;62;62;62;66;66;66;66;66;70;70;70;70;70;73;73;73;73;73;77;77;77;77;77;80;80;80;80;80;84;84;84;84;84;88;88;88;88;88;91;91;91;91;91;95;95;95;95;95;98;98;98;98;98;102;102;102;102;102;103;104;105;106;107;108;109;110;112;113;114;115;116;117;118;120;121;122;123;124;126;127;128;130;131;132;133;135;136;137;139;140;142;143;144;146;147;149;150;152;153;155;156;158;160;161;163;164;166;168;169;171;173;175;176;178;180;182;183;185;187;189;191;193;195;197;199;201;203;205;207;209;211;213;215;217;219;222;224;226;228;231;233;235;238;240;242;245;247;250;252;255;257;260;263;265;268;270;273;276>,0,<>,0,<>,,{drawcard=false;gain=false}
40123,强击,強擊,Punch,Punch,강격,Soco,1,3,config/item/gem/icon_1_lv_3.png,2,攻击向符石,攻擊向符石,Offensive-type,Offensive-type,공격 룬스톤,Tipo ofensivo,ประเภทรุก,9999,{529=20},100,2,1,<1008;1023;1038;1053;1068;1084;1099;1114;1129;1144;1169;1185;1202;1218;1234;1250;1266;1282;1298;1314;1351;1368;1385;1402;1419;1436;1454;1471;1488;1505;1552;1570;1589;1607;1625;1643;1661;1679;1697;1716;1814;1835;1855;1875;1895;1915;1935;1956;1976;1996;2117;2139;2161;2183;2206;2228;2250;2272;2294;2316;2460;2484;2508;2532;2556;2580;2605;2629;2653;2677;2843;2869;2895;2921;2947;2974;3000;3026;3052;3078;3266;3294;3322;3351;3379;3407;3435;3463;3492;3520;3730;3760;3790;3820;3851;3881;3911;3941;3972;4002;4042;4082;4123;4164;4206;4248;4291;4334;4377;4421;4465;4510;4555;4600;4646;4693;4740;4787;4835;4883;4932;4981;5031;5081;5132;5184;5235;5288;5341;5394;5448;5503;5558;5613;5669;5726;5783;5841;5899;5958;6018;6078;6139;6200;6262;6325;6388;6452;6517;6582;6648;6714;6781;6849;6918;6987;7057;7127;7198;7270;7343;7417;7491;7566;7641;7718;7795;7873;7952;8031;8111;8192;8274;8357;8441;8525;8610;8696;8783;8871;8960;9050;9140;9232;9324;9417;9511;9606;9702;9799;9897;9996;10096;10197;10299;10402;10506;10611;10717;10825>,7,<200;203;206;209;212;215;218;221;224;227;232;235;238;242;245;248;251;254;258;261;268;271;275;278;282;285;288;292;295;299;308;312;315;319;322;326;330;333;337;340;360;364;368;372;376;380;384;388;392;396;420;424;429;433;438;442;446;451;455;460;488;493;498;502;507;512;517;522;526;531;564;569;574;580;585;590;595;600;606;611;648;654;659;665;670;676;682;687;693;698;740;746;752;758;764;770;776;782;788;794;802;810;818;826;835;843;851;860;868;877;886;895;904;913;922;931;940;950;959;969;979;988;998;1008;1018;1028;1039;1049;1060;1070;1081;1092;1103;1114;1125;1136;1147;1159;1170;1182;1194;1206;1218;1230;1242;1255;1267;1280;1293;1306;1319;1332;1345;1359;1372;1386;1400;1414;1428;1442;1457;1471;1486;1501;1516;1531;1547;1562;1578;1593;1609;1625;1642;1658;1675;1691;1708;1725;1743;1760;1778;1795;1813;1832;1850;1868;1887;1906;1925;1944;1964;1983;2003;2023;2043;2064;2084;2105;2126;2148>,8,<200;203;206;209;212;215;218;221;224;227;232;235;238;242;245;248;251;254;258;261;268;271;275;278;282;285;288;292;295;299;308;312;315;319;322;326;330;333;337;340;360;364;368;372;376;380;384;388;392;396;420;424;429;433;438;442;446;451;455;460;488;493;498;502;507;512;517;522;526;531;564;569;574;580;585;590;595;600;606;611;648;654;659;665;670;676;682;687;693;698;740;746;752;758;764;770;776;782;788;794;802;810;818;826;835;843;851;860;868;877;886;895;904;913;922;931;940;950;959;969;979;988;998;1008;1018;1028;1039;1049;1060;1070;1081;1092;1103;1114;1125;1136;1147;1159;1170;1182;1194;1206;1218;1230;1242;1255;1267;1280;1293;1306;1319;1332;1345;1359;1372;1386;1400;1414;1428;1442;1457;1471;1486;1501;1516;1531;1547;1562;1578;1593;1609;1625;1642;1658;1675;1691;1708;1725;1743;1760;1778;1795;1813;1832;1850;1868;1887;1906;1925;1944;1964;1983;2003;2023;2043;2064;2084;2105;2126;2148>,11,<22;22;22;22;22;25;25;25;25;25;27;27;27;27;27;30;30;30;30;30;32;32;32;32;32;34;34;34;34;34;37;37;37;37;37;39;39;39;39;39;42;42;42;42;42;44;44;44;44;44;46;46;46;46;46;49;49;49;49;49;51;51;51;51;51;54;54;54;54;54;56;56;56;56;56;58;58;58;58;58;61;61;61;61;61;63;63;63;63;63;66;66;66;66;66;68;68;68;68;68;69;69;70;71;71;72;73;74;74;75;76;77;77;78;79;80;81;81;82;83;84;85;85;86;87;88;89;90;91;92;93;93;94;95;96;97;98;99;100;101;102;103;104;105;106;107;109;110;111;112;113;114;115;116;118;119;120;121;122;124;125;126;127;129;130;131;132;134;135;136;138;139;141;142;143;145;146;148;149;151;152;154;155;157;158;160;162;163;165;167;168;170;172;173;175;177;179;180;182;184>,12,<22;22;22;22;22;25;25;25;25;25;27;27;27;27;27;30;30;30;30;30;32;32;32;32;32;34;34;34;34;34;37;37;37;37;37;39;39;39;39;39;42;42;42;42;42;44;44;44;44;44;46;46;46;46;46;49;49;49;49;49;51;51;51;51;51;54;54;54;54;54;56;56;56;56;56;58;58;58;58;58;61;61;61;61;61;63;63;63;63;63;66;66;66;66;66;68;68;68;68;68;69;69;70;71;71;72;73;74;74;75;76;77;77;78;79;80;81;81;82;83;84;85;85;86;87;88;89;90;91;92;93;93;94;95;96;97;98;99;100;101;102;103;104;105;106;107;109;110;111;112;113;114;115;116;118;119;120;121;122;124;125;126;127;129;130;131;132;134;135;136;138;139;141;142;143;145;146;148;149;151;152;154;155;157;158;160;162;163;165;167;168;170;172;173;175;177;179;180;182;184>,,{drawcard=false;gain=false}
40124,强击,強擊,Punch,Punch,강격,Soco,1,4,config/item/gem/icon_1_lv_4.png,2,攻击向符石,攻擊向符石,Offensive-type,Offensive-type,공격 룬스톤,Tipo ofensivo,ประเภทรุก,9999,{529=20},100,2,1,<1008;1023;1038;1053;1068;1084;1099;1114;1129;1144;1169;1185;1202;1218;1234;1250;1266;1282;1298;1314;1351;1368;1385;1402;1419;1436;1454;1471;1488;1505;1552;1570;1589;1607;1625;1643;1661;1679;1697;1716;1814;1835;1855;1875;1895;1915;1935;1956;1976;1996;2117;2139;2161;2183;2206;2228;2250;2272;2294;2316;2460;2484;2508;2532;2556;2580;2605;2629;2653;2677;2843;2869;2895;2921;2947;2974;3000;3026;3052;3078;3266;3294;3322;3351;3379;3407;3435;3463;3492;3520;3730;3760;3790;3820;3851;3881;3911;3941;3972;4002;4042;4082;4123;4164;4206;4248;4291;4334;4377;4421;4465;4510;4555;4600;4646;4693;4740;4787;4835;4883;4932;4981;5031;5081;5132;5184;5235;5288;5341;5394;5448;5503;5558;5613;5669;5726;5783;5841;5899;5958;6018;6078;6139;6200;6262;6325;6388;6452;6517;6582;6648;6714;6781;6849;6918;6987;7057;7127;7198;7270;7343;7417;7491;7566;7641;7718;7795;7873;7952;8031;8111;8192;8274;8357;8441;8525;8610;8696;8783;8871;8960;9050;9140;9232;9324;9417;9511;9606;9702;9799;9897;9996;10096;10197;10299;10402;10506;10611;10717;10825>,7,<200;203;206;209;212;215;218;221;224;227;232;235;238;242;245;248;251;254;258;261;268;271;275;278;282;285;288;292;295;299;308;312;315;319;322;326;330;333;337;340;360;364;368;372;376;380;384;388;392;396;420;424;429;433;438;442;446;451;455;460;488;493;498;502;507;512;517;522;526;531;564;569;574;580;585;590;595;600;606;611;648;654;659;665;670;676;682;687;693;698;740;746;752;758;764;770;776;782;788;794;802;810;818;826;835;843;851;860;868;877;886;895;904;913;922;931;940;950;959;969;979;988;998;1008;1018;1028;1039;1049;1060;1070;1081;1092;1103;1114;1125;1136;1147;1159;1170;1182;1194;1206;1218;1230;1242;1255;1267;1280;1293;1306;1319;1332;1345;1359;1372;1386;1400;1414;1428;1442;1457;1471;1486;1501;1516;1531;1547;1562;1578;1593;1609;1625;1642;1658;1675;1691;1708;1725;1743;1760;1778;1795;1813;1832;1850;1868;1887;1906;1925;1944;1964;1983;2003;2023;2043;2064;2084;2105;2126;2148>,8,<200;203;206;209;212;215;218;221;224;227;232;235;238;242;245;248;251;254;258;261;268;271;275;278;282;285;288;292;295;299;308;312;315;319;322;326;330;333;337;340;360;364;368;372;376;380;384;388;392;396;420;424;429;433;438;442;446;451;455;460;488;493;498;502;507;512;517;522;526;531;564;569;574;580;585;590;595;600;606;611;648;654;659;665;670;676;682;687;693;698;740;746;752;758;764;770;776;782;788;794;802;810;818;826;835;843;851;860;868;877;886;895;904;913;922;931;940;950;959;969;979;988;998;1008;1018;1028;1039;1049;1060;1070;1081;1092;1103;1114;1125;1136;1147;1159;1170;1182;1194;1206;1218;1230;1242;1255;1267;1280;1293;1306;1319;1332;1345;1359;1372;1386;1400;1414;1428;1442;1457;1471;1486;1501;1516;1531;1547;1562;1578;1593;1609;1625;1642;1658;1675;1691;1708;1725;1743;1760;1778;1795;1813;1832;1850;1868;1887;1906;1925;1944;1964;1983;2003;2023;2043;2064;2084;2105;2126;2148>,90,<27;27;27;27;27;30;30;30;30;30;33;33;33;33;33;36;36;36;36;36;38;38;38;38;38;41;41;41;41;41;44;44;44;44;44;47;47;47;47;47;50;50;50;50;50;53;53;53;53;53;56;56;56;56;56;59;59;59;59;59;61;61;61;61;61;64;64;64;64;64;67;67;67;67;67;70;70;70;70;70;73;73;73;73;73;76;76;76;76;76;79;79;79;79;79;82;82;82;82;82;83;84;84;85;86;87;88;89;90;91;91;92;93;94;95;96;97;98;99;100;101;102;103;104;105;106;107;108;109;111;112;113;114;115;116;117;118;120;121;122;123;125;126;127;128;130;131;132;134;135;136;138;139;140;142;143;145;146;147;149;150;152;153;155;157;158;160;161;163;165;166;168;170;171;173;175;176;178;180;182;184;185;187;189;191;193;195;197;199;201;203;205;207;209;211;213;215;217;220;222>,0,<>,,{drawcard=false;gain=false}
40125,强击,強擊,Punch,Punch,강격,Soco,1,5,config/item/gem/icon_1_lv_5.png,2,攻击向符石,攻擊向符石,Offensive-type,Offensive-type,공격 룬스톤,Tipo ofensivo,ประเภทรุก,9999,{529=20},100,2,7,<200;203;206;209;212;215;218;221;224;227;232;235;238;242;245;248;251;254;258;261;268;271;275;278;282;285;288;292;295;299;308;312;315;319;322;326;330;333;337;340;360;364;368;372;376;380;384;388;392;396;420;424;429;433;438;442;446;451;455;460;488;493;498;502;507;512;517;522;526;531;564;569;574;580;585;590;595;600;606;611;648;654;659;665;670;676;682;687;693;698;740;746;752;758;764;770;776;782;788;794;802;810;818;826;835;843;851;860;868;877;886;895;904;913;922;931;940;950;959;969;979;988;998;1008;1018;1028;1039;1049;1060;1070;1081;1092;1103;1114;1125;1136;1147;1159;1170;1182;1194;1206;1218;1230;1242;1255;1267;1280;1293;1306;1319;1332;1345;1359;1372;1386;1400;1414;1428;1442;1457;1471;1486;1501;1516;1531;1547;1562;1578;1593;1609;1625;1642;1658;1675;1691;1708;1725;1743;1760;1778;1795;1813;1832;1850;1868;1887;1906;1925;1944;1964;1983;2003;2023;2043;2064;2084;2105;2126;2148>,8,<200;203;206;209;212;215;218;221;224;227;232;235;238;242;245;248;251;254;258;261;268;271;275;278;282;285;288;292;295;299;308;312;315;319;322;326;330;333;337;340;360;364;368;372;376;380;384;388;392;396;420;424;429;433;438;442;446;451;455;460;488;493;498;502;507;512;517;522;526;531;564;569;574;580;585;590;595;600;606;611;648;654;659;665;670;676;682;687;693;698;740;746;752;758;764;770;776;782;788;794;802;810;818;826;835;843;851;860;868;877;886;895;904;913;922;931;940;950;959;969;979;988;998;1008;1018;1028;1039;1049;1060;1070;1081;1092;1103;1114;1125;1136;1147;1159;1170;1182;1194;1206;1218;1230;1242;1255;1267;1280;1293;1306;1319;1332;1345;1359;1372;1386;1400;1414;1428;1442;1457;1471;1486;1501;1516;1531;1547;1562;1578;1593;1609;1625;1642;1658;1675;1691;1708;1725;1743;1760;1778;1795;1813;1832;1850;1868;1887;1906;1925;1944;1964;1983;2003;2023;2043;2064;2084;2105;2126;2148>,9,<140;142;144;146;148;151;153;155;157;159;162;165;167;169;171;174;176;178;180;183;188;190;192;195;197;200;202;204;207;209;216;218;221;223;226;228;231;233;236;238;252;255;258;260;263;266;269;272;274;277;294;297;300;303;306;309;312;316;319;322;342;345;348;352;355;358;362;365;368;372;395;398;402;406;409;413;417;420;424;428;454;458;461;465;469;473;477;481;485;489;518;522;526;531;535;539;543;547;552;556;562;567;573;579;584;590;596;602;608;614;620;627;633;639;645;652;658;665;672;678;685;692;699;706;713;720;727;735;742;749;757;764;772;780;788;796;803;811;820;828;836;844;853;861;870;879;888;896;905;914;924;933;942;952;961;971;980;990;1000;1010;1020;1030;1041;1051;1062;1072;1083;1094;1105;1116;1127;1138;1150;1161;1173;1184;1196;1208;1220;1232;1245;1257;1270;1283;1295;1308;1321;1335;1348;1361;1375;1389;1403;1417;1431;1445;1460;1474;1489;1504>,22,<13;13;13;13;13;15;15;15;15;15;16;16;16;16;16;18;18;18;18;18;19;19;19;19;19;21;21;21;21;21;22;22;22;22;22;24;24;24;24;24;25;25;25;25;25;26;26;26;26;26;28;28;28;28;28;29;29;29;29;29;31;31;31;31;31;32;32;32;32;32;34;34;34;34;34;35;35;35;35;35;36;36;36;36;36;38;38;38;38;38;39;39;39;39;39;41;41;41;41;41;41;42;42;43;43;44;44;44;45;45;46;46;47;47;48;48;49;49;50;50;51;51;52;52;53;53;54;54;55;55;56;56;57;58;58;59;59;60;60;61;62;62;63;64;64;65;65;66;67;67;68;69;69;70;71;72;72;73;74;74;75;76;77;78;78;79;80;81;81;82;83;84;85;86;86;87;88;89;90;91;92;93;94;95;96;96;97;98;99;100;101;102;103;104;106;107;108;109;110;111>,0,<>,,{drawcard=false;gain=false}
40126,强击,強擊,Punch,Punch,강격,Soco,1,6,config/item/gem/icon_1_lv_6.png,2,攻击向符石,攻擊向符石,Offensive-type,Offensive-type,공격 룬스톤,Tipo ofensivo,ประเภทรุก,9999,{529=20},100,2,7,<200;203;206;209;212;215;218;221;224;227;232;235;238;242;245;248;251;254;258;261;268;271;275;278;282;285;288;292;295;299;308;312;315;319;322;326;330;333;337;340;360;364;368;372;376;380;384;388;392;396;420;424;429;433;438;442;446;451;455;460;488;493;498;502;507;512;517;522;526;531;564;569;574;580;585;590;595;600;606;611;648;654;659;665;670;676;682;687;693;698;740;746;752;758;764;770;776;782;788;794;802;810;818;826;835;843;851;860;868;877;886;895;904;913;922;931;940;950;959;969;979;988;998;1008;1018;1028;1039;1049;1060;1070;1081;1092;1103;1114;1125;1136;1147;1159;1170;1182;1194;1206;1218;1230;1242;1255;1267;1280;1293;1306;1319;1332;1345;1359;1372;1386;1400;1414;1428;1442;1457;1471;1486;1501;1516;1531;1547;1562;1578;1593;1609;1625;1642;1658;1675;1691;1708;1725;1743;1760;1778;1795;1813;1832;1850;1868;1887;1906;1925;1944;1964;1983;2003;2023;2043;2064;2084;2105;2126;2148>,8,<200;203;206;209;212;215;218;221;224;227;232;235;238;242;245;248;251;254;258;261;268;271;275;278;282;285;288;292;295;299;308;312;315;319;322;326;330;333;337;340;360;364;368;372;376;380;384;388;392;396;420;424;429;433;438;442;446;451;455;460;488;493;498;502;507;512;517;522;526;531;564;569;574;580;585;590;595;600;606;611;648;654;659;665;670;676;682;687;693;698;740;746;752;758;764;770;776;782;788;794;802;810;818;826;835;843;851;860;868;877;886;895;904;913;922;931;940;950;959;969;979;988;998;1008;1018;1028;1039;1049;1060;1070;1081;1092;1103;1114;1125;1136;1147;1159;1170;1182;1194;1206;1218;1230;1242;1255;1267;1280;1293;1306;1319;1332;1345;1359;1372;1386;1400;1414;1428;1442;1457;1471;1486;1501;1516;1531;1547;1562;1578;1593;1609;1625;1642;1658;1675;1691;1708;1725;1743;1760;1778;1795;1813;1832;1850;1868;1887;1906;1925;1944;1964;1983;2003;2023;2043;2064;2084;2105;2126;2148>,10,<140;142;144;146;148;151;153;155;157;159;162;165;167;169;171;174;176;178;180;183;188;190;192;195;197;200;202;204;207;209;216;218;221;223;226;228;231;233;236;238;252;255;258;260;263;266;269;272;274;277;294;297;300;303;306;309;312;316;319;322;342;345;348;352;355;358;362;365;368;372;395;398;402;406;409;413;417;420;424;428;454;458;461;465;469;473;477;481;485;489;518;522;526;531;535;539;543;547;552;556;562;567;573;579;584;590;596;602;608;614;620;627;633;639;645;652;658;665;672;678;685;692;699;706;713;720;727;735;742;749;757;764;772;780;788;796;803;811;820;828;836;844;853;861;870;879;888;896;905;914;924;933;942;952;961;971;980;990;1000;1010;1020;1030;1041;1051;1062;1072;1083;1094;1105;1116;1127;1138;1150;1161;1173;1184;1196;1208;1220;1232;1245;1257;1270;1283;1295;1308;1321;1335;1348;1361;1375;1389;1403;1417;1431;1445;1460;1474;1489;1504>,23,<13;13;13;13;13;15;15;15;15;15;16;16;16;16;16;18;18;18;18;18;19;19;19;19;19;21;21;21;21;21;22;22;22;22;22;24;24;24;24;24;25;25;25;25;25;26;26;26;26;26;28;28;28;28;28;29;29;29;29;29;31;31;31;31;31;32;32;32;32;32;34;34;34;34;34;35;35;35;35;35;36;36;36;36;36;38;38;38;38;38;39;39;39;39;39;41;41;41;41;41;41;42;42;43;43;44;44;44;45;45;46;46;47;47;48;48;49;49;50;50;51;51;52;52;53;53;54;54;55;55;56;56;57;58;58;59;59;60;60;61;62;62;63;64;64;65;65;66;67;67;68;69;69;70;71;72;72;73;74;74;75;76;77;78;78;79;80;81;81;82;83;84;85;86;86;87;88;89;90;91;92;93;94;95;96;96;97;98;99;100;101;102;103;104;106;107;108;109;110;111>,0,<>,,{drawcard=false;gain=false}
40131,强击,強擊,Punch,Punch,강격,Soco,1,1,config/item/gem/icon_1_l_1.png,3,攻击向符石,攻擊向符石,Offensive-type,Offensive-type,공격 룬스톤,Tipo ofensivo,ประเภทรุก,9999,{529=40},100,3,7,<300;305;309;314;318;323;327;332;336;341;348;353;358;362;367;372;377;382;386;391;402;407;412;417;422;428;433;438;443;448;462;467;473;478;484;489;494;500;505;511;540;546;552;558;564;570;576;582;588;594;630;637;643;650;656;663;670;676;683;689;732;739;746;754;761;768;775;782;790;797;846;854;862;869;877;885;893;901;908;916;972;980;989;997;1006;1014;1022;1031;1039;1048;1110;1119;1128;1137;1146;1155;1164;1173;1182;1191;1203;1215;1227;1239;1252;1264;1277;1290;1303;1316;1329;1342;1355;1369;1383;1397;1411;1425;1439;1453;1468;1482;1497;1512;1527;1543;1558;1574;1589;1605;1621;1638;1654;1670;1687;1704;1721;1738;1756;1773;1791;1809;1827;1845;1864;1882;1901;1920;1939;1959;1978;1998;2018;2038;2059;2079;2100;2121;2142;2164;2185;2207;2229;2252;2274;2297;2320;2343;2366;2390;2414;2438;2462;2487;2512;2537;2562;2588;2614;2640;2667;2693;2720;2747;2775;2803;2831;2859;2887;2916;2945;2975;3005;3035;3065;3096;3127;3158;3190;3221>,8,<300;305;309;314;318;323;327;332;336;341;348;353;358;362;367;372;377;382;386;391;402;407;412;417;422;428;433;438;443;448;462;467;473;478;484;489;494;500;505;511;540;546;552;558;564;570;576;582;588;594;630;637;643;650;656;663;670;676;683;689;732;739;746;754;761;768;775;782;790;797;846;854;862;869;877;885;893;901;908;916;972;980;989;997;1006;1014;1022;1031;1039;1048;1110;1119;1128;1137;1146;1155;1164;1173;1182;1191;1203;1215;1227;1239;1252;1264;1277;1290;1303;1316;1329;1342;1355;1369;1383;1397;1411;1425;1439;1453;1468;1482;1497;1512;1527;1543;1558;1574;1589;1605;1621;1638;1654;1670;1687;1704;1721;1738;1756;1773;1791;1809;1827;1845;1864;1882;1901;1920;1939;1959;1978;1998;2018;2038;2059;2079;2100;2121;2142;2164;2185;2207;2229;2252;2274;2297;2320;2343;2366;2390;2414;2438;2462;2487;2512;2537;2562;2588;2614;2640;2667;2693;2720;2747;2775;2803;2831;2859;2887;2916;2945;2975;3005;3035;3065;3096;3127;3158;3190;3221>,14,<34;34;34;34;34;37;37;37;37;37;41;41;41;41;41;44;44;44;44;44;48;48;48;48;48;52;52;52;52;52;55;55;55;55;55;59;59;59;59;59;62;62;62;62;62;66;66;66;66;66;70;70;70;70;70;73;73;73;73;73;77;77;77;77;77;80;80;80;80;80;84;84;84;84;84;88;88;88;88;88;91;91;91;91;91;95;95;95;95;95;98;98;98;98;98;102;102;102;102;102;103;104;105;106;107;108;109;110;112;113;114;115;116;117;118;120;121;122;123;124;126;127;128;130;131;132;133;135;136;137;139;140;142;143;144;146;147;149;150;152;153;155;156;158;160;161;163;164;166;168;169;171;173;175;176;178;180;182;183;185;187;189;191;193;195;197;199;201;203;205;207;209;211;213;215;217;219;222;224;226;228;231;233;235;238;240;242;245;247;250;252;255;257;260;263;265;268;270;273;276>,0,<>,0,<>,,{drawcard=false;gain=false}
40132,强击,強擊,Punch,Punch,강격,Soco,1,2,config/item/gem/icon_1_l_2.png,3,攻击向符石,攻擊向符石,Offensive-type,Offensive-type,공격 룬스톤,Tipo ofensivo,ประเภทรุก,9999,{529=40},100,3,7,<300;305;309;314;318;323;327;332;336;341;348;353;358;362;367;372;377;382;386;391;402;407;412;417;422;428;433;438;443;448;462;467;473;478;484;489;494;500;505;511;540;546;552;558;564;570;576;582;588;594;630;637;643;650;656;663;670;676;683;689;732;739;746;754;761;768;775;782;790;797;846;854;862;869;877;885;893;901;908;916;972;980;989;997;1006;1014;1022;1031;1039;1048;1110;1119;1128;1137;1146;1155;1164;1173;1182;1191;1203;1215;1227;1239;1252;1264;1277;1290;1303;1316;1329;1342;1355;1369;1383;1397;1411;1425;1439;1453;1468;1482;1497;1512;1527;1543;1558;1574;1589;1605;1621;1638;1654;1670;1687;1704;1721;1738;1756;1773;1791;1809;1827;1845;1864;1882;1901;1920;1939;1959;1978;1998;2018;2038;2059;2079;2100;2121;2142;2164;2185;2207;2229;2252;2274;2297;2320;2343;2366;2390;2414;2438;2462;2487;2512;2537;2562;2588;2614;2640;2667;2693;2720;2747;2775;2803;2831;2859;2887;2916;2945;2975;3005;3035;3065;3096;3127;3158;3190;3221>,8,<300;305;309;314;318;323;327;332;336;341;348;353;358;362;367;372;377;382;386;391;402;407;412;417;422;428;433;438;443;448;462;467;473;478;484;489;494;500;505;511;540;546;552;558;564;570;576;582;588;594;630;637;643;650;656;663;670;676;683;689;732;739;746;754;761;768;775;782;790;797;846;854;862;869;877;885;893;901;908;916;972;980;989;997;1006;1014;1022;1031;1039;1048;1110;1119;1128;1137;1146;1155;1164;1173;1182;1191;1203;1215;1227;1239;1252;1264;1277;1290;1303;1316;1329;1342;1355;1369;1383;1397;1411;1425;1439;1453;1468;1482;1497;1512;1527;1543;1558;1574;1589;1605;1621;1638;1654;1670;1687;1704;1721;1738;1756;1773;1791;1809;1827;1845;1864;1882;1901;1920;1939;1959;1978;1998;2018;2038;2059;2079;2100;2121;2142;2164;2185;2207;2229;2252;2274;2297;2320;2343;2366;2390;2414;2438;2462;2487;2512;2537;2562;2588;2614;2640;2667;2693;2720;2747;2775;2803;2831;2859;2887;2916;2945;2975;3005;3035;3065;3096;3127;3158;3190;3221>,15,<50;50;50;50;50;56;56;56;56;56;61;61;61;61;61;67;67;67;67;67;72;72;72;72;72;77;77;77;77;77;83;83;83;83;83;88;88;88;88;88;94;94;94;94;94;99;99;99;99;99;104;104;104;104;104;110;110;110;110;110;115;115;115;115;115;121;121;121;121;121;126;126;126;126;126;131;131;131;131;131;137;137;137;137;137;142;142;142;142;142;148;148;148;148;148;153;153;153;153;153;155;156;158;159;161;162;164;166;167;169;171;172;174;176;178;179;181;183;185;187;189;190;192;194;196;198;200;202;204;206;208;210;212;215;217;219;221;223;226;228;230;232;235;237;239;242;244;247;249;252;254;257;259;262;264;267;270;272;275;278;281;284;286;289;292;295;298;301;304;307;310;313;316;320;323;326;329;332;336;339;343;346;349;353;356;360;364;367;371;375;378;382;386;390;394;398;402;406;410;414>,0,<>,0,<>,,{drawcard=false;gain=false}
40133,强击,強擊,Punch,Punch,강격,Soco,1,3,config/item/gem/icon_1_l_3.png,3,攻击向符石,攻擊向符石,Offensive-type,Offensive-type,공격 룬스톤,Tipo ofensivo,ประเภทรุก,9999,{529=40},100,3,1,<1512;1535;1557;1580;1603;1625;1648;1671;1693;1716;1754;1778;1802;1826;1851;1875;1899;1923;1947;1972;2026;2052;2077;2103;2129;2155;2180;2206;2232;2257;2328;2356;2383;2410;2437;2465;2492;2519;2546;2573;2722;2752;2782;2812;2843;2873;2903;2933;2964;2994;3175;3208;3242;3275;3308;3342;3375;3408;3441;3475;3689;3726;3762;3798;3834;3871;3907;3943;3980;4016;4264;4303;4342;4382;4421;4460;4500;4539;4578;4618;4899;4941;4984;5026;5068;5111;5153;5195;5238;5280;5594;5640;5685;5730;5776;5821;5867;5912;5957;6003;6063;6124;6185;6247;6309;6372;6436;6500;6565;6631;6697;6764;6832;6900;6969;7039;7109;7180;7252;7325;7398;7472;7547;7622;7698;7775;7853;7932;8011;8091;8172;8254;8336;8420;8504;8589;8675;8762;8849;8938;9027;9117;9208;9301;9394;9487;9582;9678;9775;9873;9971;10071;10172;10274;10376;10480;10585;10691;10798;10906;11015;11125;11236;11348;11462;11577;11692;11809;11927;12047;12167;12289;12412;12536;12661;12788;12916;13045;13175;13307;13440;13574;13710;13847;13986;14126;14267;14410;14554;14699;14846;14995;15145;15296;15449;15603;15759;15917;16076;16237>,7,<300;305;309;314;318;323;327;332;336;341;348;353;358;362;367;372;377;382;386;391;402;407;412;417;422;428;433;438;443;448;462;467;473;478;484;489;494;500;505;511;540;546;552;558;564;570;576;582;588;594;630;637;643;650;656;663;670;676;683;689;732;739;746;754;761;768;775;782;790;797;846;854;862;869;877;885;893;901;908;916;972;980;989;997;1006;1014;1022;1031;1039;1048;1110;1119;1128;1137;1146;1155;1164;1173;1182;1191;1203;1215;1227;1239;1252;1264;1277;1290;1303;1316;1329;1342;1355;1369;1383;1397;1411;1425;1439;1453;1468;1482;1497;1512;1527;1543;1558;1574;1589;1605;1621;1638;1654;1670;1687;1704;1721;1738;1756;1773;1791;1809;1827;1845;1864;1882;1901;1920;1939;1959;1978;1998;2018;2038;2059;2079;2100;2121;2142;2164;2185;2207;2229;2252;2274;2297;2320;2343;2366;2390;2414;2438;2462;2487;2512;2537;2562;2588;2614;2640;2667;2693;2720;2747;2775;2803;2831;2859;2887;2916;2945;2975;3005;3035;3065;3096;3127;3158;3190;3221>,8,<300;305;309;314;318;323;327;332;336;341;348;353;358;362;367;372;377;382;386;391;402;407;412;417;422;428;433;438;443;448;462;467;473;478;484;489;494;500;505;511;540;546;552;558;564;570;576;582;588;594;630;637;643;650;656;663;670;676;683;689;732;739;746;754;761;768;775;782;790;797;846;854;862;869;877;885;893;901;908;916;972;980;989;997;1006;1014;1022;1031;1039;1048;1110;1119;1128;1137;1146;1155;1164;1173;1182;1191;1203;1215;1227;1239;1252;1264;1277;1290;1303;1316;1329;1342;1355;1369;1383;1397;1411;1425;1439;1453;1468;1482;1497;1512;1527;1543;1558;1574;1589;1605;1621;1638;1654;1670;1687;1704;1721;1738;1756;1773;1791;1809;1827;1845;1864;1882;1901;1920;1939;1959;1978;1998;2018;2038;2059;2079;2100;2121;2142;2164;2185;2207;2229;2252;2274;2297;2320;2343;2366;2390;2414;2438;2462;2487;2512;2537;2562;2588;2614;2640;2667;2693;2720;2747;2775;2803;2831;2859;2887;2916;2945;2975;3005;3035;3065;3096;3127;3158;3190;3221>,11,<34;34;34;34;34;37;37;37;37;37;41;41;41;41;41;44;44;44;44;44;48;48;48;48;48;52;52;52;52;52;55;55;55;55;55;59;59;59;59;59;62;62;62;62;62;66;66;66;66;66;70;70;70;70;70;73;73;73;73;73;77;77;77;77;77;80;80;80;80;80;84;84;84;84;84;88;88;88;88;88;91;91;91;91;91;95;95;95;95;95;98;98;98;98;98;102;102;102;102;102;103;104;105;106;107;108;109;110;112;113;114;115;116;117;118;120;121;122;123;124;126;127;128;130;131;132;133;135;136;137;139;140;142;143;144;146;147;149;150;152;153;155;156;158;160;161;163;164;166;168;169;171;173;175;176;178;180;182;183;185;187;189;191;193;195;197;199;201;203;205;207;209;211;213;215;217;219;222;224;226;228;231;233;235;238;240;242;245;247;250;252;255;257;260;263;265;268;270;273;276>,12,<34;34;34;34;34;37;37;37;37;37;41;41;41;41;41;44;44;44;44;44;48;48;48;48;48;52;52;52;52;52;55;55;55;55;55;59;59;59;59;59;62;62;62;62;62;66;66;66;66;66;70;70;70;70;70;73;73;73;73;73;77;77;77;77;77;80;80;80;80;80;84;84;84;84;84;88;88;88;88;88;91;91;91;91;91;95;95;95;95;95;98;98;98;98;98;102;102;102;102;102;103;104;105;106;107;108;109;110;112;113;114;115;116;117;118;120;121;122;123;124;126;127;128;130;131;132;133;135;136;137;139;140;142;143;144;146;147;149;150;152;153;155;156;158;160;161;163;164;166;168;169;171;173;175;176;178;180;182;183;185;187;189;191;193;195;197;199;201;203;205;207;209;211;213;215;217;219;222;224;226;228;231;233;235;238;240;242;245;247;250;252;255;257;260;263;265;268;270;273;276>,,{drawcard=false;gain=false}
40134,强击,強擊,Punch,Punch,강격,Soco,1,4,config/item/gem/icon_1_l_4.png,3,攻击向符石,攻擊向符石,Offensive-type,Offensive-type,공격 룬스톤,Tipo ofensivo,ประเภทรุก,9999,{529=40},100,3,1,<1512;1535;1557;1580;1603;1625;1648;1671;1693;1716;1754;1778;1802;1826;1851;1875;1899;1923;1947;1972;2026;2052;2077;2103;2129;2155;2180;2206;2232;2257;2328;2356;2383;2410;2437;2465;2492;2519;2546;2573;2722;2752;2782;2812;2843;2873;2903;2933;2964;2994;3175;3208;3242;3275;3308;3342;3375;3408;3441;3475;3689;3726;3762;3798;3834;3871;3907;3943;3980;4016;4264;4303;4342;4382;4421;4460;4500;4539;4578;4618;4899;4941;4984;5026;5068;5111;5153;5195;5238;5280;5594;5640;5685;5730;5776;5821;5867;5912;5957;6003;6063;6124;6185;6247;6309;6372;6436;6500;6565;6631;6697;6764;6832;6900;6969;7039;7109;7180;7252;7325;7398;7472;7547;7622;7698;7775;7853;7932;8011;8091;8172;8254;8336;8420;8504;8589;8675;8762;8849;8938;9027;9117;9208;9301;9394;9487;9582;9678;9775;9873;9971;10071;10172;10274;10376;10480;10585;10691;10798;10906;11015;11125;11236;11348;11462;11577;11692;11809;11927;12047;12167;12289;12412;12536;12661;12788;12916;13045;13175;13307;13440;13574;13710;13847;13986;14126;14267;14410;14554;14699;14846;14995;15145;15296;15449;15603;15759;15917;16076;16237>,7,<300;305;309;314;318;323;327;332;336;341;348;353;358;362;367;372;377;382;386;391;402;407;412;417;422;428;433;438;443;448;462;467;473;478;484;489;494;500;505;511;540;546;552;558;564;570;576;582;588;594;630;637;643;650;656;663;670;676;683;689;732;739;746;754;761;768;775;782;790;797;846;854;862;869;877;885;893;901;908;916;972;980;989;997;1006;1014;1022;1031;1039;1048;1110;1119;1128;1137;1146;1155;1164;1173;1182;1191;1203;1215;1227;1239;1252;1264;1277;1290;1303;1316;1329;1342;1355;1369;1383;1397;1411;1425;1439;1453;1468;1482;1497;1512;1527;1543;1558;1574;1589;1605;1621;1638;1654;1670;1687;1704;1721;1738;1756;1773;1791;1809;1827;1845;1864;1882;1901;1920;1939;1959;1978;1998;2018;2038;2059;2079;2100;2121;2142;2164;2185;2207;2229;2252;2274;2297;2320;2343;2366;2390;2414;2438;2462;2487;2512;2537;2562;2588;2614;2640;2667;2693;2720;2747;2775;2803;2831;2859;2887;2916;2945;2975;3005;3035;3065;3096;3127;3158;3190;3221>,8,<300;305;309;314;318;323;327;332;336;341;348;353;358;362;367;372;377;382;386;391;402;407;412;417;422;428;433;438;443;448;462;467;473;478;484;489;494;500;505;511;540;546;552;558;564;570;576;582;588;594;630;637;643;650;656;663;670;676;683;689;732;739;746;754;761;768;775;782;790;797;846;854;862;869;877;885;893;901;908;916;972;980;989;997;1006;1014;1022;1031;1039;1048;1110;1119;1128;1137;1146;1155;1164;1173;1182;1191;1203;1215;1227;1239;1252;1264;1277;1290;1303;1316;1329;1342;1355;1369;1383;1397;1411;1425;1439;1453;1468;1482;1497;1512;1527;1543;1558;1574;1589;1605;1621;1638;1654;1670;1687;1704;1721;1738;1756;1773;1791;1809;1827;1845;1864;1882;1901;1920;1939;1959;1978;1998;2018;2038;2059;2079;2100;2121;2142;2164;2185;2207;2229;2252;2274;2297;2320;2343;2366;2390;2414;2438;2462;2487;2512;2537;2562;2588;2614;2640;2667;2693;2720;2747;2775;2803;2831;2859;2887;2916;2945;2975;3005;3035;3065;3096;3127;3158;3190;3221>,90,<40;40;40;40;40;45;45;45;45;45;49;49;49;49;49;53;53;53;53;53;58;58;58;58;58;62;62;62;62;62;66;66;66;66;66;71;71;71;71;71;75;75;75;75;75;79;79;79;79;79;84;84;84;84;84;88;88;88;88;88;92;92;92;92;92;96;96;96;96;96;101;101;101;101;101;105;105;105;105;105;109;109;109;109;109;114;114;114;114;114;118;118;118;118;118;122;122;122;122;122;123;124;126;127;128;130;131;132;133;135;136;137;139;140;142;143;144;146;147;149;150;152;153;155;156;158;160;161;163;164;166;168;169;171;173;175;176;178;180;182;183;185;187;189;191;193;195;197;199;201;203;205;207;209;211;213;215;217;219;222;224;226;228;231;233;235;238;240;242;245;247;250;252;255;257;260;262;265;268;270;273;276;279;281;284;287;290;293;296;299;302;305;308;311;314;317;320;323;327;330>,0,<>,,{drawcard=false;gain=false}
40135,强击,強擊,Punch,Punch,강격,Soco,1,5,config/item/gem/icon_1_l_5.png,3,攻击向符石,攻擊向符石,Offensive-type,Offensive-type,공격 룬스톤,Tipo ofensivo,ประเภทรุก,9999,{529=40},100,3,7,<300;305;309;314;318;323;327;332;336;341;348;353;358;362;367;372;377;382;386;391;402;407;412;417;422;428;433;438;443;448;462;467;473;478;484;489;494;500;505;511;540;546;552;558;564;570;576;582;588;594;630;637;643;650;656;663;670;676;683;689;732;739;746;754;761;768;775;782;790;797;846;854;862;869;877;885;893;901;908;916;972;980;989;997;1006;1014;1022;1031;1039;1048;1110;1119;1128;1137;1146;1155;1164;1173;1182;1191;1203;1215;1227;1239;1252;1264;1277;1290;1303;1316;1329;1342;1355;1369;1383;1397;1411;1425;1439;1453;1468;1482;1497;1512;1527;1543;1558;1574;1589;1605;1621;1638;1654;1670;1687;1704;1721;1738;1756;1773;1791;1809;1827;1845;1864;1882;1901;1920;1939;1959;1978;1998;2018;2038;2059;2079;2100;2121;2142;2164;2185;2207;2229;2252;2274;2297;2320;2343;2366;2390;2414;2438;2462;2487;2512;2537;2562;2588;2614;2640;2667;2693;2720;2747;2775;2803;2831;2859;2887;2916;2945;2975;3005;3035;3065;3096;3127;3158;3190;3221>,8,<300;305;309;314;318;323;327;332;336;341;348;353;358;362;367;372;377;382;386;391;402;407;412;417;422;428;433;438;443;448;462;467;473;478;484;489;494;500;505;511;540;546;552;558;564;570;576;582;588;594;630;637;643;650;656;663;670;676;683;689;732;739;746;754;761;768;775;782;790;797;846;854;862;869;877;885;893;901;908;916;972;980;989;997;1006;1014;1022;1031;1039;1048;1110;1119;1128;1137;1146;1155;1164;1173;1182;1191;1203;1215;1227;1239;1252;1264;1277;1290;1303;1316;1329;1342;1355;1369;1383;1397;1411;1425;1439;1453;1468;1482;1497;1512;1527;1543;1558;1574;1589;1605;1621;1638;1654;1670;1687;1704;1721;1738;1756;1773;1791;1809;1827;1845;1864;1882;1901;1920;1939;1959;1978;1998;2018;2038;2059;2079;2100;2121;2142;2164;2185;2207;2229;2252;2274;2297;2320;2343;2366;2390;2414;2438;2462;2487;2512;2537;2562;2588;2614;2640;2667;2693;2720;2747;2775;2803;2831;2859;2887;2916;2945;2975;3005;3035;3065;3096;3127;3158;3190;3221>,9,<210;213;216;219;223;226;229;232;235;238;244;247;250;254;257;260;264;267;270;274;281;285;289;292;296;299;303;306;310;314;323;327;331;335;339;342;346;350;354;357;378;382;386;391;395;399;403;407;412;416;441;446;450;455;459;464;469;473;478;483;512;517;522;528;533;538;543;548;553;558;592;598;603;609;614;620;625;630;636;641;680;686;692;698;704;710;716;722;727;733;777;783;790;796;802;809;815;821;827;834;842;851;859;868;877;885;894;903;912;921;930;940;949;959;968;978;988;998;1008;1018;1028;1038;1048;1059;1070;1080;1091;1102;1113;1124;1135;1147;1158;1170;1181;1193;1205;1217;1229;1242;1254;1267;1279;1292;1305;1318;1331;1345;1358;1372;1385;1399;1413;1427;1442;1456;1471;1485;1500;1515;1530;1546;1561;1577;1592;1608;1624;1641;1657;1674;1690;1707;1724;1742;1759;1777;1794;1812;1830;1849;1867;1886;1905;1924;1943;1962;1982;2002;2022;2042;2063;2083;2104;2125;2146;2168;2189;2211;2233;2256>,22,<20;20;20;20;20;22;22;22;22;22;24;24;24;24;24;27;27;27;27;27;29;29;29;29;29;31;31;31;31;31;33;33;33;33;33;35;35;35;35;35;37;37;37;37;37;40;40;40;40;40;42;42;42;42;42;44;44;44;44;44;46;46;46;46;46;48;48;48;48;48;50;50;50;50;50;53;53;53;53;53;55;55;55;55;55;57;57;57;57;57;59;59;59;59;59;61;61;61;61;61;62;62;63;63;64;65;65;66;67;67;68;69;69;70;71;72;72;73;74;74;75;76;77;77;78;79;80;81;81;82;83;84;85;86;86;87;88;89;90;91;92;93;94;95;95;96;97;98;99;100;101;102;103;104;105;106;108;109;110;111;112;113;114;115;116;118;119;120;121;122;124;125;126;127;129;130;131;133;134;135;137;138;139;141;142;144;145;146;148;149;151;152;154;155;157;159;160;162;163;165>,0,<>,,{drawcard=false;gain=false}
40136,强击,強擊,Punch,Punch,강격,Soco,1,6,config/item/gem/icon_1_l_6.png,3,攻击向符石,攻擊向符石,Offensive-type,Offensive-type,공격 룬스톤,Tipo ofensivo,ประเภทรุก,9999,{529=40},100,3,7,<300;305;309;314;318;323;327;332;336;341;348;353;358;362;367;372;377;382;386;391;402;407;412;417;422;428;433;438;443;448;462;467;473;478;484;489;494;500;505;511;540;546;552;558;564;570;576;582;588;594;630;637;643;650;656;663;670;676;683;689;732;739;746;754;761;768;775;782;790;797;846;854;862;869;877;885;893;901;908;916;972;980;989;997;1006;1014;1022;1031;1039;1048;1110;1119;1128;1137;1146;1155;1164;1173;1182;1191;1203;1215;1227;1239;1252;1264;1277;1290;1303;1316;1329;1342;1355;1369;1383;1397;1411;1425;1439;1453;1468;1482;1497;1512;1527;1543;1558;1574;1589;1605;1621;1638;1654;1670;1687;1704;1721;1738;1756;1773;1791;1809;1827;1845;1864;1882;1901;1920;1939;1959;1978;1998;2018;2038;2059;2079;2100;2121;2142;2164;2185;2207;2229;2252;2274;2297;2320;2343;2366;2390;2414;2438;2462;2487;2512;2537;2562;2588;2614;2640;2667;2693;2720;2747;2775;2803;2831;2859;2887;2916;2945;2975;3005;3035;3065;3096;3127;3158;3190;3221>,8,<300;305;309;314;318;323;327;332;336;341;348;353;358;362;367;372;377;382;386;391;402;407;412;417;422;428;433;438;443;448;462;467;473;478;484;489;494;500;505;511;540;546;552;558;564;570;576;582;588;594;630;637;643;650;656;663;670;676;683;689;732;739;746;754;761;768;775;782;790;797;846;854;862;869;877;885;893;901;908;916;972;980;989;997;1006;1014;1022;1031;1039;1048;1110;1119;1128;1137;1146;1155;1164;1173;1182;1191;1203;1215;1227;1239;1252;1264;1277;1290;1303;1316;1329;1342;1355;1369;1383;1397;1411;1425;1439;1453;1468;1482;1497;1512;1527;1543;1558;1574;1589;1605;1621;1638;1654;1670;1687;1704;1721;1738;1756;1773;1791;1809;1827;1845;1864;1882;1901;1920;1939;1959;1978;1998;2018;2038;2059;2079;2100;2121;2142;2164;2185;2207;2229;2252;2274;2297;2320;2343;2366;2390;2414;2438;2462;2487;2512;2537;2562;2588;2614;2640;2667;2693;2720;2747;2775;2803;2831;2859;2887;2916;2945;2975;3005;3035;3065;3096;3127;3158;3190;3221>,10,<210;213;216;219;223;226;229;232;235;238;244;247;250;254;257;260;264;267;270;274;281;285;289;292;296;299;303;306;310;314;323;327;331;335;339;342;346;350;354;357;378;382;386;391;395;399;403;407;412;416;441;446;450;455;459;464;469;473;478;483;512;517;522;528;533;538;543;548;553;558;592;598;603;609;614;620;625;630;636;641;680;686;692;698;704;710;716;722;727;733;777;783;790;796;802;809;815;821;827;834;842;851;859;868;877;885;894;903;912;921;930;940;949;959;968;978;988;998;1008;1018;1028;1038;1048;1059;1070;1080;1091;1102;1113;1124;1135;1147;1158;1170;1181;1193;1205;1217;1229;1242;1254;1267;1279;1292;1305;1318;1331;1345;1358;1372;1385;1399;1413;1427;1442;1456;1471;1485;1500;1515;1530;1546;1561;1577;1592;1608;1624;1641;1657;1674;1690;1707;1724;1742;1759;1777;1794;1812;1830;1849;1867;1886;1905;1924;1943;1962;1982;2002;2022;2042;2063;2083;2104;2125;2146;2168;2189;2211;2233;2256>,23,<20;20;20;20;20;22;22;22;22;22;24;24;24;24;24;27;27;27;27;27;29;29;29;29;29;31;31;31;31;31;33;33;33;33;33;35;35;35;35;35;37;37;37;37;37;40;40;40;40;40;42;42;42;42;42;44;44;44;44;44;46;46;46;46;46;48;48;48;48;48;50;50;50;50;50;53;53;53;53;53;55;55;55;55;55;57;57;57;57;57;59;59;59;59;59;61;61;61;61;61;62;62;63;63;64;65;65;66;67;67;68;69;69;70;71;72;72;73;74;74;75;76;77;77;78;79;80;81;81;82;83;84;85;86;86;87;88;89;90;91;92;93;94;95;95;96;97;98;99;100;101;102;103;104;105;106;108;109;110;111;112;113;114;115;116;118;119;120;121;122;124;125;126;127;129;130;131;133;134;135;137;138;139;141;142;144;145;146;148;149;151;152;154;155;157;159;160;162;163;165>,0,<>,,{drawcard=false;gain=false}
40141,强击,強擊,Punch,Punch,강격,Soco,1,1,config/item/gem/icon_1_z_1.png,4,攻击向符石,攻擊向符石,Offensive-type,Offensive-type,공격 룬스톤,Tipo ofensivo,ประเภทรุก,9999,{529=80},100,4,7,<440;447;453;460;466;473;480;486;493;499;510;517;524;532;539;546;553;560;567;574;590;597;605;612;620;627;634;642;649;657;678;686;693;701;709;717;725;733;741;749;792;801;810;818;827;836;845;854;862;871;924;934;943;953;963;972;982;992;1001;1011;1074;1084;1095;1105;1116;1126;1137;1148;1158;1169;1241;1252;1264;1275;1287;1298;1309;1321;1332;1344;1426;1438;1450;1463;1475;1487;1500;1512;1524;1536;1628;1641;1654;1668;1681;1694;1707;1720;1734;1747;1764;1782;1800;1818;1836;1854;1873;1892;1911;1930;1949;1969;1988;2008;2028;2048;2069;2090;2111;2132;2153;2175;2196;2218;2240;2263;2285;2308;2331;2355;2378;2402;2426;2450;2475;2500;2525;2550;2575;2601;2627;2653;2680;2707;2734;2761;2789;2817;2845;2873;2902;2931;2960;2990;3020;3050;3080;3111;3142;3174;3206;3238;3270;3303;3336;3369;3403;3437;3471;3506;3541;3576;3612;3648;3685;3721;3759;3796;3834;3873;3911;3950;3990;4030;4070;4111;4152;4193;4235;4278;4321;4364;4407;4451;4496;4541;4586;4632;4679;4725>,8,<440;447;453;460;466;473;480;486;493;499;510;517;524;532;539;546;553;560;567;574;590;597;605;612;620;627;634;642;649;657;678;686;693;701;709;717;725;733;741;749;792;801;810;818;827;836;845;854;862;871;924;934;943;953;963;972;982;992;1001;1011;1074;1084;1095;1105;1116;1126;1137;1148;1158;1169;1241;1252;1264;1275;1287;1298;1309;1321;1332;1344;1426;1438;1450;1463;1475;1487;1500;1512;1524;1536;1628;1641;1654;1668;1681;1694;1707;1720;1734;1747;1764;1782;1800;1818;1836;1854;1873;1892;1911;1930;1949;1969;1988;2008;2028;2048;2069;2090;2111;2132;2153;2175;2196;2218;2240;2263;2285;2308;2331;2355;2378;2402;2426;2450;2475;2500;2525;2550;2575;2601;2627;2653;2680;2707;2734;2761;2789;2817;2845;2873;2902;2931;2960;2990;3020;3050;3080;3111;3142;3174;3206;3238;3270;3303;3336;3369;3403;3437;3471;3506;3541;3576;3612;3648;3685;3721;3759;3796;3834;3873;3911;3950;3990;4030;4070;4111;4152;4193;4235;4278;4321;4364;4407;4451;4496;4541;4586;4632;4679;4725>,14,<49;49;49;49;49;55;55;55;55;55;60;60;60;60;60;65;65;65;65;65;70;70;70;70;70;76;76;76;76;76;81;81;81;81;81;86;86;86;86;86;92;92;92;92;92;97;97;97;97;97;102;102;102;102;102;107;107;107;107;107;113;113;113;113;113;118;118;118;118;118;123;123;123;123;123;128;128;128;128;128;134;134;134;134;134;139;139;139;139;139;144;144;144;144;144;150;150;150;150;150;152;153;155;156;158;159;161;162;164;166;167;169;171;172;174;176;178;179;181;183;185;187;189;190;192;194;196;198;200;202;204;206;208;210;212;215;217;219;221;223;226;228;230;232;235;237;239;242;244;247;249;252;254;257;259;262;264;267;270;273;275;278;281;284;286;289;292;295;298;301;304;307;310;313;316;320;323;326;329;333;336;339;343;346;349;353;356;360;364;367;371;375;378;382;386;390;394;398;402;406>,0,<>,0,<>,,{drawcard=zi_effect_loop}
40142,强击,強擊,Punch,Punch,강격,Soco,1,2,config/item/gem/icon_1_z_2.png,4,攻击向符石,攻擊向符石,Offensive-type,Offensive-type,공격 룬스톤,Tipo ofensivo,ประเภทรุก,9999,{529=80},100,4,7,<440;447;453;460;466;473;480;486;493;499;510;517;524;532;539;546;553;560;567;574;590;597;605;612;620;627;634;642;649;657;678;686;693;701;709;717;725;733;741;749;792;801;810;818;827;836;845;854;862;871;924;934;943;953;963;972;982;992;1001;1011;1074;1084;1095;1105;1116;1126;1137;1148;1158;1169;1241;1252;1264;1275;1287;1298;1309;1321;1332;1344;1426;1438;1450;1463;1475;1487;1500;1512;1524;1536;1628;1641;1654;1668;1681;1694;1707;1720;1734;1747;1764;1782;1800;1818;1836;1854;1873;1892;1911;1930;1949;1969;1988;2008;2028;2048;2069;2090;2111;2132;2153;2175;2196;2218;2240;2263;2285;2308;2331;2355;2378;2402;2426;2450;2475;2500;2525;2550;2575;2601;2627;2653;2680;2707;2734;2761;2789;2817;2845;2873;2902;2931;2960;2990;3020;3050;3080;3111;3142;3174;3206;3238;3270;3303;3336;3369;3403;3437;3471;3506;3541;3576;3612;3648;3685;3721;3759;3796;3834;3873;3911;3950;3990;4030;4070;4111;4152;4193;4235;4278;4321;4364;4407;4451;4496;4541;4586;4632;4679;4725>,8,<440;447;453;460;466;473;480;486;493;499;510;517;524;532;539;546;553;560;567;574;590;597;605;612;620;627;634;642;649;657;678;686;693;701;709;717;725;733;741;749;792;801;810;818;827;836;845;854;862;871;924;934;943;953;963;972;982;992;1001;1011;1074;1084;1095;1105;1116;1126;1137;1148;1158;1169;1241;1252;1264;1275;1287;1298;1309;1321;1332;1344;1426;1438;1450;1463;1475;1487;1500;1512;1524;1536;1628;1641;1654;1668;1681;1694;1707;1720;1734;1747;1764;1782;1800;1818;1836;1854;1873;1892;1911;1930;1949;1969;1988;2008;2028;2048;2069;2090;2111;2132;2153;2175;2196;2218;2240;2263;2285;2308;2331;2355;2378;2402;2426;2450;2475;2500;2525;2550;2575;2601;2627;2653;2680;2707;2734;2761;2789;2817;2845;2873;2902;2931;2960;2990;3020;3050;3080;3111;3142;3174;3206;3238;3270;3303;3336;3369;3403;3437;3471;3506;3541;3576;3612;3648;3685;3721;3759;3796;3834;3873;3911;3950;3990;4030;4070;4111;4152;4193;4235;4278;4321;4364;4407;4451;4496;4541;4586;4632;4679;4725>,15,<74;74;74;74;74;82;82;82;82;82;90;90;90;90;90;98;98;98;98;98;106;106;106;106;106;114;114;114;114;114;121;121;121;121;121;129;129;129;129;129;137;137;137;137;137;145;145;145;145;145;153;153;153;153;153;161;161;161;161;161;169;169;169;169;169;177;177;177;177;177;185;185;185;185;185;193;193;193;193;193;201;201;201;201;201;209;209;209;209;209;216;216;216;216;216;224;224;224;224;224;226;229;231;233;235;238;240;243;245;247;250;252;255;257;260;263;265;268;271;273;276;279;282;284;287;290;293;296;299;302;305;308;311;314;317;320;324;327;330;334;337;340;344;347;351;354;358;361;365;368;372;376;380;383;387;391;395;399;403;407;411;415;419;423;428;432;436;441;445;450;454;459;463;468;472;477;482;487;492;497;502;507;512;517;522;527;532;538;543;548;554;560;565;571;576;582;588;594;600;606>,0,<>,0,<>,,{drawcard=zi_effect_loop}
40143,强击,強擊,Punch,Punch,강격,Soco,1,3,config/item/gem/icon_1_z_3.png,4,攻击向符石,攻擊向符石,Offensive-type,Offensive-type,공격 룬스톤,Tipo ofensivo,ประเภทรุก,9999,{529=80},100,4,1,<2218;2251;2285;2318;2351;2384;2418;2451;2484;2517;2573;2608;2644;2679;2715;2750;2786;2821;2857;2892;2972;3010;3048;3085;3123;3161;3198;3236;3274;3311;3416;3456;3496;3535;3575;3615;3655;3695;3735;3775;3992;4037;4081;4125;4170;4214;4259;4303;4347;4392;4658;4707;4755;4804;4853;4902;4951;4999;5048;5097;5412;5465;5518;5572;5625;5678;5731;5785;5838;5891;6255;6312;6370;6428;6485;6543;6601;6658;6716;6774;7186;7248;7311;7373;7435;7497;7559;7621;7683;7745;8207;8273;8340;8406;8473;8539;8606;8672;8739;8805;8893;8982;9072;9163;9254;9347;9440;9535;9630;9726;9823;9922;10021;10121;10222;10325;10428;10532;10637;10744;10851;10960;11069;11180;11292;11405;11519;11634;11750;11868;11986;12106;12227;12350;12473;12598;12724;12851;12980;13109;13241;13373;13507;13642;13778;13916;14055;14196;14338;14481;14626;14772;14920;15069;15220;15372;15526;15681;15838;15996;16156;16318;16481;16646;16812;16980;17150;17321;17495;17670;17846;18025;18205;18387;18571;18757;18944;19134;19325;19518;19713;19910;20110;20311;20514;20719;20926;21135;21347;21560;21776;21994;22214;22436;22660;22887;23115;23347;23580;23816>,7,<440;447;453;460;466;473;480;486;493;499;510;517;524;532;539;546;553;560;567;574;590;597;605;612;620;627;634;642;649;657;678;686;693;701;709;717;725;733;741;749;792;801;810;818;827;836;845;854;862;871;924;934;943;953;963;972;982;992;1001;1011;1074;1084;1095;1105;1116;1126;1137;1148;1158;1169;1241;1252;1264;1275;1287;1298;1309;1321;1332;1344;1426;1438;1450;1463;1475;1487;1500;1512;1524;1536;1628;1641;1654;1668;1681;1694;1707;1720;1734;1747;1764;1782;1800;1818;1836;1854;1873;1892;1911;1930;1949;1969;1988;2008;2028;2048;2069;2090;2111;2132;2153;2175;2196;2218;2240;2263;2285;2308;2331;2355;2378;2402;2426;2450;2475;2500;2525;2550;2575;2601;2627;2653;2680;2707;2734;2761;2789;2817;2845;2873;2902;2931;2960;2990;3020;3050;3080;3111;3142;3174;3206;3238;3270;3303;3336;3369;3403;3437;3471;3506;3541;3576;3612;3648;3685;3721;3759;3796;3834;3873;3911;3950;3990;4030;4070;4111;4152;4193;4235;4278;4321;4364;4407;4451;4496;4541;4586;4632;4679;4725>,8,<440;447;453;460;466;473;480;486;493;499;510;517;524;532;539;546;553;560;567;574;590;597;605;612;620;627;634;642;649;657;678;686;693;701;709;717;725;733;741;749;792;801;810;818;827;836;845;854;862;871;924;934;943;953;963;972;982;992;1001;1011;1074;1084;1095;1105;1116;1126;1137;1148;1158;1169;1241;1252;1264;1275;1287;1298;1309;1321;1332;1344;1426;1438;1450;1463;1475;1487;1500;1512;1524;1536;1628;1641;1654;1668;1681;1694;1707;1720;1734;1747;1764;1782;1800;1818;1836;1854;1873;1892;1911;1930;1949;1969;1988;2008;2028;2048;2069;2090;2111;2132;2153;2175;2196;2218;2240;2263;2285;2308;2331;2355;2378;2402;2426;2450;2475;2500;2525;2550;2575;2601;2627;2653;2680;2707;2734;2761;2789;2817;2845;2873;2902;2931;2960;2990;3020;3050;3080;3111;3142;3174;3206;3238;3270;3303;3336;3369;3403;3437;3471;3506;3541;3576;3612;3648;3685;3721;3759;3796;3834;3873;3911;3950;3990;4030;4070;4111;4152;4193;4235;4278;4321;4364;4407;4451;4496;4541;4586;4632;4679;4725>,11,<49;49;49;49;49;55;55;55;55;55;60;60;60;60;60;65;65;65;65;65;70;70;70;70;70;76;76;76;76;76;81;81;81;81;81;86;86;86;86;86;92;92;92;92;92;97;97;97;97;97;102;102;102;102;102;107;107;107;107;107;113;113;113;113;113;118;118;118;118;118;123;123;123;123;123;128;128;128;128;128;134;134;134;134;134;139;139;139;139;139;144;144;144;144;144;150;150;150;150;150;152;153;155;156;158;159;161;162;164;166;167;169;171;172;174;176;178;179;181;183;185;187;189;190;192;194;196;198;200;202;204;206;208;210;212;215;217;219;221;223;226;228;230;232;235;237;239;242;244;247;249;252;254;257;259;262;264;267;270;273;275;278;281;284;286;289;292;295;298;301;304;307;310;313;316;320;323;326;329;333;336;339;343;346;349;353;356;360;364;367;371;375;378;382;386;390;394;398;402;406>,12,<49;49;49;49;49;55;55;55;55;55;60;60;60;60;60;65;65;65;65;65;70;70;70;70;70;76;76;76;76;76;81;81;81;81;81;86;86;86;86;86;92;92;92;92;92;97;97;97;97;97;102;102;102;102;102;107;107;107;107;107;113;113;113;113;113;118;118;118;118;118;123;123;123;123;123;128;128;128;128;128;134;134;134;134;134;139;139;139;139;139;144;144;144;144;144;150;150;150;150;150;152;153;155;156;158;159;161;162;164;166;167;169;171;172;174;176;178;179;181;183;185;187;189;190;192;194;196;198;200;202;204;206;208;210;212;215;217;219;221;223;226;228;230;232;235;237;239;242;244;247;249;252;254;257;259;262;264;267;270;273;275;278;281;284;286;289;292;295;298;301;304;307;310;313;316;320;323;326;329;333;336;339;343;346;349;353;356;360;364;367;371;375;378;382;386;390;394;398;402;406>,,{drawcard=zi_effect_loop}
40144,强击,強擊,Punch,Punch,강격,Soco,1,4,config/item/gem/icon_1_z_4.png,4,攻击向符石,攻擊向符石,Offensive-type,Offensive-type,공격 룬스톤,Tipo ofensivo,ประเภทรุก,9999,{529=80},100,4,1,<2218;2251;2285;2318;2351;2384;2418;2451;2484;2517;2573;2608;2644;2679;2715;2750;2786;2821;2857;2892;2972;3010;3048;3085;3123;3161;3198;3236;3274;3311;3416;3456;3496;3535;3575;3615;3655;3695;3735;3775;3992;4037;4081;4125;4170;4214;4259;4303;4347;4392;4658;4707;4755;4804;4853;4902;4951;4999;5048;5097;5412;5465;5518;5572;5625;5678;5731;5785;5838;5891;6255;6312;6370;6428;6485;6543;6601;6658;6716;6774;7186;7248;7311;7373;7435;7497;7559;7621;7683;7745;8207;8273;8340;8406;8473;8539;8606;8672;8739;8805;8893;8982;9072;9163;9254;9347;9440;9535;9630;9726;9823;9922;10021;10121;10222;10325;10428;10532;10637;10744;10851;10960;11069;11180;11292;11405;11519;11634;11750;11868;11986;12106;12227;12350;12473;12598;12724;12851;12980;13109;13241;13373;13507;13642;13778;13916;14055;14196;14338;14481;14626;14772;14920;15069;15220;15372;15526;15681;15838;15996;16156;16318;16481;16646;16812;16980;17150;17321;17495;17670;17846;18025;18205;18387;18571;18757;18944;19134;19325;19518;19713;19910;20110;20311;20514;20719;20926;21135;21347;21560;21776;21994;22214;22436;22660;22887;23115;23347;23580;23816>,7,<440;447;453;460;466;473;480;486;493;499;510;517;524;532;539;546;553;560;567;574;590;597;605;612;620;627;634;642;649;657;678;686;693;701;709;717;725;733;741;749;792;801;810;818;827;836;845;854;862;871;924;934;943;953;963;972;982;992;1001;1011;1074;1084;1095;1105;1116;1126;1137;1148;1158;1169;1241;1252;1264;1275;1287;1298;1309;1321;1332;1344;1426;1438;1450;1463;1475;1487;1500;1512;1524;1536;1628;1641;1654;1668;1681;1694;1707;1720;1734;1747;1764;1782;1800;1818;1836;1854;1873;1892;1911;1930;1949;1969;1988;2008;2028;2048;2069;2090;2111;2132;2153;2175;2196;2218;2240;2263;2285;2308;2331;2355;2378;2402;2426;2450;2475;2500;2525;2550;2575;2601;2627;2653;2680;2707;2734;2761;2789;2817;2845;2873;2902;2931;2960;2990;3020;3050;3080;3111;3142;3174;3206;3238;3270;3303;3336;3369;3403;3437;3471;3506;3541;3576;3612;3648;3685;3721;3759;3796;3834;3873;3911;3950;3990;4030;4070;4111;4152;4193;4235;4278;4321;4364;4407;4451;4496;4541;4586;4632;4679;4725>,8,<440;447;453;460;466;473;480;486;493;499;510;517;524;532;539;546;553;560;567;574;590;597;605;612;620;627;634;642;649;657;678;686;693;701;709;717;725;733;741;749;792;801;810;818;827;836;845;854;862;871;924;934;943;953;963;972;982;992;1001;1011;1074;1084;1095;1105;1116;1126;1137;1148;1158;1169;1241;1252;1264;1275;1287;1298;1309;1321;1332;1344;1426;1438;1450;1463;1475;1487;1500;1512;1524;1536;1628;1641;1654;1668;1681;1694;1707;1720;1734;1747;1764;1782;1800;1818;1836;1854;1873;1892;1911;1930;1949;1969;1988;2008;2028;2048;2069;2090;2111;2132;2153;2175;2196;2218;2240;2263;2285;2308;2331;2355;2378;2402;2426;2450;2475;2500;2525;2550;2575;2601;2627;2653;2680;2707;2734;2761;2789;2817;2845;2873;2902;2931;2960;2990;3020;3050;3080;3111;3142;3174;3206;3238;3270;3303;3336;3369;3403;3437;3471;3506;3541;3576;3612;3648;3685;3721;3759;3796;3834;3873;3911;3950;3990;4030;4070;4111;4152;4193;4235;4278;4321;4364;4407;4451;4496;4541;4586;4632;4679;4725>,90,<59;59;59;59;59;65;65;65;65;65;72;72;72;72;72;78;78;78;78;78;84;84;84;84;84;91;91;91;91;91;97;97;97;97;97;103;103;103;103;103;110;110;110;110;110;116;116;116;116;116;122;122;122;122;122;129;129;129;129;129;135;135;135;135;135;142;142;142;142;142;148;148;148;148;148;154;154;154;154;154;161;161;161;161;161;167;167;167;167;167;173;173;173;173;173;180;180;180;180;180;182;184;185;187;189;191;193;195;197;199;201;203;205;207;209;211;213;215;217;220;222;224;226;229;231;233;235;238;240;243;245;247;250;252;255;258;260;263;265;268;271;273;276;279;282;284;287;290;293;296;299;302;305;308;311;314;317;321;324;327;330;334;337;340;344;347;351;354;358;361;365;368;372;376;380;383;387;391;395;399;403;407;411;415;419;424;428;432;436;441;445;450;454;459;463;468;473;477;482;487>,0,<>,,{drawcard=zi_effect_loop}
40145,强击,強擊,Punch,Punch,강격,Soco,1,5,config/item/gem/icon_1_z_5.png,4,攻击向符石,攻擊向符石,Offensive-type,Offensive-type,공격 룬스톤,Tipo ofensivo,ประเภทรุก,9999,{529=80},100,4,7,<440;447;453;460;466;473;480;486;493;499;510;517;524;532;539;546;553;560;567;574;590;597;605;612;620;627;634;642;649;657;678;686;693;701;709;717;725;733;741;749;792;801;810;818;827;836;845;854;862;871;924;934;943;953;963;972;982;992;1001;1011;1074;1084;1095;1105;1116;1126;1137;1148;1158;1169;1241;1252;1264;1275;1287;1298;1309;1321;1332;1344;1426;1438;1450;1463;1475;1487;1500;1512;1524;1536;1628;1641;1654;1668;1681;1694;1707;1720;1734;1747;1764;1782;1800;1818;1836;1854;1873;1892;1911;1930;1949;1969;1988;2008;2028;2048;2069;2090;2111;2132;2153;2175;2196;2218;2240;2263;2285;2308;2331;2355;2378;2402;2426;2450;2475;2500;2525;2550;2575;2601;2627;2653;2680;2707;2734;2761;2789;2817;2845;2873;2902;2931;2960;2990;3020;3050;3080;3111;3142;3174;3206;3238;3270;3303;3336;3369;3403;3437;3471;3506;3541;3576;3612;3648;3685;3721;3759;3796;3834;3873;3911;3950;3990;4030;4070;4111;4152;4193;4235;4278;4321;4364;4407;4451;4496;4541;4586;4632;4679;4725>,8,<440;447;453;460;466;473;480;486;493;499;510;517;524;532;539;546;553;560;567;574;590;597;605;612;620;627;634;642;649;657;678;686;693;701;709;717;725;733;741;749;792;801;810;818;827;836;845;854;862;871;924;934;943;953;963;972;982;992;1001;1011;1074;1084;1095;1105;1116;1126;1137;1148;1158;1169;1241;1252;1264;1275;1287;1298;1309;1321;1332;1344;1426;1438;1450;1463;1475;1487;1500;1512;1524;1536;1628;1641;1654;1668;1681;1694;1707;1720;1734;1747;1764;1782;1800;1818;1836;1854;1873;1892;1911;1930;1949;1969;1988;2008;2028;2048;2069;2090;2111;2132;2153;2175;2196;2218;2240;2263;2285;2308;2331;2355;2378;2402;2426;2450;2475;2500;2525;2550;2575;2601;2627;2653;2680;2707;2734;2761;2789;2817;2845;2873;2902;2931;2960;2990;3020;3050;3080;3111;3142;3174;3206;3238;3270;3303;3336;3369;3403;3437;3471;3506;3541;3576;3612;3648;3685;3721;3759;3796;3834;3873;3911;3950;3990;4030;4070;4111;4152;4193;4235;4278;4321;4364;4407;4451;4496;4541;4586;4632;4679;4725>,9,<308;313;317;322;326;331;336;340;345;350;357;362;367;372;377;382;387;392;397;402;413;418;423;428;434;439;444;449;455;460;474;480;485;491;496;502;508;513;519;524;554;561;567;573;579;585;591;598;604;610;647;654;660;667;674;681;687;694;701;708;752;759;766;774;781;788;796;803;811;818;869;877;885;893;901;909;917;925;933;941;998;1007;1015;1024;1032;1041;1050;1058;1067;1076;1140;1149;1158;1167;1177;1186;1195;1204;1214;1223;1235;1248;1260;1273;1285;1298;1311;1324;1338;1351;1364;1378;1392;1406;1420;1434;1448;1463;1478;1492;1507;1522;1538;1553;1568;1584;1600;1616;1632;1648;1665;1682;1698;1715;1733;1750;1767;1785;1803;1821;1839;1857;1876;1895;1914;1933;1952;1972;1991;2011;2031;2052;2072;2093;2114;2135;2156;2178;2200;2222;2244;2266;2289;2312;2335;2359;2382;2406;2430;2454;2479;2504;2529;2554;2579;2605;2631;2658;2684;2711;2738;2766;2793;2821;2849;2878;2907;2936;2965;2995;3025;3055;3085;3116;3147;3179;3211;3243;3275;3308>,22,<30;30;30;30;30;33;33;33;33;33;36;36;36;36;36;39;39;39;39;39;42;42;42;42;42;45;45;45;45;45;49;49;49;49;49;52;52;52;52;52;55;55;55;55;55;58;58;58;58;58;61;61;61;61;61;64;64;64;64;64;68;68;68;68;68;71;71;71;71;71;74;74;74;74;74;77;77;77;77;77;80;80;80;80;80;83;83;83;83;83;87;87;87;87;87;90;90;90;90;90;91;92;93;94;95;96;96;97;98;99;100;101;102;103;104;106;107;108;109;110;111;112;113;114;115;117;118;119;120;121;123;124;125;126;127;129;130;131;133;134;135;137;138;139;141;142;144;145;147;148;149;151;153;154;156;157;159;160;162;164;165;167;168;170;172;174;175;177;179;181;182;184;186;188;190;192;194;196;198;200;201;204;206;208;210;212;214;216;218;220;223;225;227;229;232;234;236;239;241;243>,0,<>,,{drawcard=zi_effect_loop}
40146,强击,強擊,Punch,Punch,강격,Soco,1,6,config/item/gem/icon_1_z_6.png,4,攻击向符石,攻擊向符石,Offensive-type,Offensive-type,공격 룬스톤,Tipo ofensivo,ประเภทรุก,9999,{529=80},100,4,7,<440;447;453;460;466;473;480;486;493;499;510;517;524;532;539;546;553;560;567;574;590;597;605;612;620;627;634;642;649;657;678;686;693;701;709;717;725;733;741;749;792;801;810;818;827;836;845;854;862;871;924;934;943;953;963;972;982;992;1001;1011;1074;1084;1095;1105;1116;1126;1137;1148;1158;1169;1241;1252;1264;1275;1287;1298;1309;1321;1332;1344;1426;1438;1450;1463;1475;1487;1500;1512;1524;1536;1628;1641;1654;1668;1681;1694;1707;1720;1734;1747;1764;1782;1800;1818;1836;1854;1873;1892;1911;1930;1949;1969;1988;2008;2028;2048;2069;2090;2111;2132;2153;2175;2196;2218;2240;2263;2285;2308;2331;2355;2378;2402;2426;2450;2475;2500;2525;2550;2575;2601;2627;2653;2680;2707;2734;2761;2789;2817;2845;2873;2902;2931;2960;2990;3020;3050;3080;3111;3142;3174;3206;3238;3270;3303;3336;3369;3403;3437;3471;3506;3541;3576;3612;3648;3685;3721;3759;3796;3834;3873;3911;3950;3990;4030;4070;4111;4152;4193;4235;4278;4321;4364;4407;4451;4496;4541;4586;4632;4679;4725>,8,<440;447;453;460;466;473;480;486;493;499;510;517;524;532;539;546;553;560;567;574;590;597;605;612;620;627;634;642;649;657;678;686;693;701;709;717;725;733;741;749;792;801;810;818;827;836;845;854;862;871;924;934;943;953;963;972;982;992;1001;1011;1074;1084;1095;1105;1116;1126;1137;1148;1158;1169;1241;1252;1264;1275;1287;1298;1309;1321;1332;1344;1426;1438;1450;1463;1475;1487;1500;1512;1524;1536;1628;1641;1654;1668;1681;1694;1707;1720;1734;1747;1764;1782;1800;1818;1836;1854;1873;1892;1911;1930;1949;1969;1988;2008;2028;2048;2069;2090;2111;2132;2153;2175;2196;2218;2240;2263;2285;2308;2331;2355;2378;2402;2426;2450;2475;2500;2525;2550;2575;2601;2627;2653;2680;2707;2734;2761;2789;2817;2845;2873;2902;2931;2960;2990;3020;3050;3080;3111;3142;3174;3206;3238;3270;3303;3336;3369;3403;3437;3471;3506;3541;3576;3612;3648;3685;3721;3759;3796;3834;3873;3911;3950;3990;4030;4070;4111;4152;4193;4235;4278;4321;4364;4407;4451;4496;4541;4586;4632;4679;4725>,10,<308;313;317;322;326;331;336;340;345;350;357;362;367;372;377;382;387;392;397;402;413;418;423;428;434;439;444;449;455;460;474;480;485;491;496;502;508;513;519;524;554;561;567;573;579;585;591;598;604;610;647;654;660;667;674;681;687;694;701;708;752;759;766;774;781;788;796;803;811;818;869;877;885;893;901;909;917;925;933;941;998;1007;1015;1024;1032;1041;1050;1058;1067;1076;1140;1149;1158;1167;1177;1186;1195;1204;1214;1223;1235;1248;1260;1273;1285;1298;1311;1324;1338;1351;1364;1378;1392;1406;1420;1434;1448;1463;1478;1492;1507;1522;1538;1553;1568;1584;1600;1616;1632;1648;1665;1682;1698;1715;1733;1750;1767;1785;1803;1821;1839;1857;1876;1895;1914;1933;1952;1972;1991;2011;2031;2052;2072;2093;2114;2135;2156;2178;2200;2222;2244;2266;2289;2312;2335;2359;2382;2406;2430;2454;2479;2504;2529;2554;2579;2605;2631;2658;2684;2711;2738;2766;2793;2821;2849;2878;2907;2936;2965;2995;3025;3055;3085;3116;3147;3179;3211;3243;3275;3308>,23,<30;30;30;30;30;33;33;33;33;33;36;36;36;36;36;39;39;39;39;39;42;42;42;42;42;45;45;45;45;45;49;49;49;49;49;52;52;52;52;52;55;55;55;55;55;58;58;58;58;58;61;61;61;61;61;64;64;64;64;64;68;68;68;68;68;71;71;71;71;71;74;74;74;74;74;77;77;77;77;77;80;80;80;80;80;83;83;83;83;83;87;87;87;87;87;90;90;90;90;90;91;92;93;94;95;96;96;97;98;99;100;101;102;103;104;106;107;108;109;110;111;112;113;114;115;117;118;119;120;121;123;124;125;126;127;129;130;131;133;134;135;137;138;139;141;142;144;145;147;148;149;151;153;154;156;157;159;160;162;164;165;167;168;170;172;174;175;177;179;181;182;184;186;188;190;192;194;196;198;200;201;204;206;208;210;212;214;216;218;220;223;225;227;229;232;234;236;239;241;243>,0,<>,,{drawcard=zi_effect_loop}
40151,强击,強擊,Punch,Punch,강격,Soco,1,1,config/item/gem/icon_1_hu_1.png,5,攻击向符石,攻擊向符石,Offensive-type,Offensive-type,공격 룬스톤,Tipo ofensivo,ประเภทรุก,9999,{529=400},100,5,7,<680;690;700;711;721;731;741;751;762;772;789;800;811;821;832;843;854;865;876;887;911;923;934;946;957;969;981;992;1004;1015;1047;1059;1072;1084;1096;1108;1121;1133;1145;1157;1224;1238;1251;1265;1278;1292;1306;1319;1333;1346;1428;1443;1458;1473;1488;1503;1518;1533;1548;1563;1659;1676;1692;1708;1724;1741;1757;1773;1790;1806;1918;1935;1953;1971;1988;2006;2024;2041;2059;2077;2203;2222;2241;2260;2279;2298;2317;2336;2356;2375;2516;2536;2557;2577;2598;2618;2638;2659;2679;2700;2727;2754;2782;2810;2838;2866;2895;2924;2953;2982;3012;3042;3073;3104;3135;3166;3198;3230;3262;3295;3327;3361;3394;3428;3463;3497;3532;3567;3603;3639;3676;3712;3749;3787;3825;3863;3902;3941;3980;4020;4060;4101;4142;4183;4225;4267;4310;4353;4397;4441;4485;4530;4575;4621;4667;4714;4761;4808;4857;4905;4954;5004;5054;5104;5155;5207;5259;5311;5365;5418;5472;5527;5582;5638;5695;5752;5809;5867;5926;5985;6045;6105;6166;6228;6290;6353;6417;6481;6546;6611;6677;6744;6812;6880;6949;7018;7088;7159;7231;7303>,8,<680;690;700;711;721;731;741;751;762;772;789;800;811;821;832;843;854;865;876;887;911;923;934;946;957;969;981;992;1004;1015;1047;1059;1072;1084;1096;1108;1121;1133;1145;1157;1224;1238;1251;1265;1278;1292;1306;1319;1333;1346;1428;1443;1458;1473;1488;1503;1518;1533;1548;1563;1659;1676;1692;1708;1724;1741;1757;1773;1790;1806;1918;1935;1953;1971;1988;2006;2024;2041;2059;2077;2203;2222;2241;2260;2279;2298;2317;2336;2356;2375;2516;2536;2557;2577;2598;2618;2638;2659;2679;2700;2727;2754;2782;2810;2838;2866;2895;2924;2953;2982;3012;3042;3073;3104;3135;3166;3198;3230;3262;3295;3327;3361;3394;3428;3463;3497;3532;3567;3603;3639;3676;3712;3749;3787;3825;3863;3902;3941;3980;4020;4060;4101;4142;4183;4225;4267;4310;4353;4397;4441;4485;4530;4575;4621;4667;4714;4761;4808;4857;4905;4954;5004;5054;5104;5155;5207;5259;5311;5365;5418;5472;5527;5582;5638;5695;5752;5809;5867;5926;5985;6045;6105;6166;6228;6290;6353;6417;6481;6546;6611;6677;6744;6812;6880;6949;7018;7088;7159;7231;7303>,14,<76;76;76;76;76;84;84;84;84;84;92;92;92;92;92;101;101;101;101;101;109;109;109;109;109;117;117;117;117;117;125;125;125;125;125;133;133;133;133;133;141;141;141;141;141;150;150;150;150;150;158;158;158;158;158;166;166;166;166;166;174;174;174;174;174;182;182;182;182;182;190;190;190;190;190;199;199;199;199;199;207;207;207;207;207;215;215;215;215;215;223;223;223;223;223;231;231;231;231;231;233;236;238;240;243;245;248;250;253;255;258;260;263;266;268;271;274;276;279;282;285;288;290;293;296;299;302;305;308;311;314;318;321;324;327;331;334;337;341;344;347;351;354;358;361;365;369;372;376;380;384;388;391;395;399;403;407;411;416;420;424;428;432;437;441;445;450;454;459;464;468;473;478;482;487;492;497;502;507;512;517;522;528;533;538;544;549;554;560;566;571;577;583;589;594;600;606;613;619;625>,0,<>,0,<>,,{drawcard=huang_effect_loop}
40152,强击,強擊,Punch,Punch,강격,Soco,1,2,config/item/gem/icon_1_hu_2.png,5,攻击向符石,攻擊向符石,Offensive-type,Offensive-type,공격 룬스톤,Tipo ofensivo,ประเภทรุก,9999,{529=400},100,5,7,<680;690;700;711;721;731;741;751;762;772;789;800;811;821;832;843;854;865;876;887;911;923;934;946;957;969;981;992;1004;1015;1047;1059;1072;1084;1096;1108;1121;1133;1145;1157;1224;1238;1251;1265;1278;1292;1306;1319;1333;1346;1428;1443;1458;1473;1488;1503;1518;1533;1548;1563;1659;1676;1692;1708;1724;1741;1757;1773;1790;1806;1918;1935;1953;1971;1988;2006;2024;2041;2059;2077;2203;2222;2241;2260;2279;2298;2317;2336;2356;2375;2516;2536;2557;2577;2598;2618;2638;2659;2679;2700;2727;2754;2782;2810;2838;2866;2895;2924;2953;2982;3012;3042;3073;3104;3135;3166;3198;3230;3262;3295;3327;3361;3394;3428;3463;3497;3532;3567;3603;3639;3676;3712;3749;3787;3825;3863;3902;3941;3980;4020;4060;4101;4142;4183;4225;4267;4310;4353;4397;4441;4485;4530;4575;4621;4667;4714;4761;4808;4857;4905;4954;5004;5054;5104;5155;5207;5259;5311;5365;5418;5472;5527;5582;5638;5695;5752;5809;5867;5926;5985;6045;6105;6166;6228;6290;6353;6417;6481;6546;6611;6677;6744;6812;6880;6949;7018;7088;7159;7231;7303>,8,<680;690;700;711;721;731;741;751;762;772;789;800;811;821;832;843;854;865;876;887;911;923;934;946;957;969;981;992;1004;1015;1047;1059;1072;1084;1096;1108;1121;1133;1145;1157;1224;1238;1251;1265;1278;1292;1306;1319;1333;1346;1428;1443;1458;1473;1488;1503;1518;1533;1548;1563;1659;1676;1692;1708;1724;1741;1757;1773;1790;1806;1918;1935;1953;1971;1988;2006;2024;2041;2059;2077;2203;2222;2241;2260;2279;2298;2317;2336;2356;2375;2516;2536;2557;2577;2598;2618;2638;2659;2679;2700;2727;2754;2782;2810;2838;2866;2895;2924;2953;2982;3012;3042;3073;3104;3135;3166;3198;3230;3262;3295;3327;3361;3394;3428;3463;3497;3532;3567;3603;3639;3676;3712;3749;3787;3825;3863;3902;3941;3980;4020;4060;4101;4142;4183;4225;4267;4310;4353;4397;4441;4485;4530;4575;4621;4667;4714;4761;4808;4857;4905;4954;5004;5054;5104;5155;5207;5259;5311;5365;5418;5472;5527;5582;5638;5695;5752;5809;5867;5926;5985;6045;6105;6166;6228;6290;6353;6417;6481;6546;6611;6677;6744;6812;6880;6949;7018;7088;7159;7231;7303>,15,<114;114;114;114;114;126;126;126;126;126;139;139;139;139;139;151;151;151;151;151;163;163;163;163;163;175;175;175;175;175;188;188;188;188;188;200;200;200;200;200;212;212;212;212;212;224;224;224;224;224;237;237;237;237;237;249;249;249;249;249;261;261;261;261;261;273;273;273;273;273;286;286;286;286;286;298;298;298;298;298;310;310;310;310;310;322;322;322;322;322;335;335;335;335;335;347;347;347;347;347;350;354;358;361;365;368;372;376;380;383;387;391;395;399;403;407;411;415;419;423;428;432;436;441;445;449;454;458;463;468;472;477;482;487;492;496;501;506;512;517;522;527;532;538;543;548;554;559;565;571;576;582;588;594;600;606;612;618;624;630;637;643;649;656;663;669;676;683;689;696;703;710;717;725;732;739;747;754;762;769;777;785;793;800;808;817;825;833;841;850;858;867;875;884;893;902;911;920;929;939>,0,<>,0,<>,,{drawcard=huang_effect_loop}
40153,强击,強擊,Punch,Punch,강격,Soco,1,3,config/item/gem/icon_1_hu_3.png,5,攻击向符石,攻擊向符石,Offensive-type,Offensive-type,공격 룬스톤,Tipo ofensivo,ประเภทรุก,9999,{529=400},100,5,1,<3427;3478;3530;3581;3633;3684;3735;3787;3838;3890;3975;4030;4085;4140;4195;4249;4304;4359;4414;4469;4592;4650;4709;4767;4825;4883;4942;5000;5058;5117;5278;5339;5401;5463;5524;5586;5648;5709;5771;5833;6169;6237;6306;6374;6443;6511;6580;6648;6717;6785;7197;7272;7347;7423;7498;7574;7649;7724;7800;7875;8362;8444;8526;8609;8691;8773;8855;8938;9020;9102;9664;9753;9842;9931;10021;10110;10199;10288;10377;10466;11103;11199;11295;11391;11487;11583;11679;11775;11871;11967;12680;12783;12886;12988;13091;13194;13297;13400;13502;13605;13741;13878;14017;14157;14299;14442;14586;14732;14880;15028;15179;15330;15484;15639;15795;15953;16112;16274;16436;16601;16767;16934;17104;17275;17447;17622;17798;17976;18156;18337;18521;18706;18893;19082;19273;19466;19660;19857;20055;20256;20459;20663;20870;21078;21289;21502;21717;21934;22154;22375;22599;22825;23053;23284;23517;23752;23989;24229;24471;24716;24963;25213;25465;25720;25977;26237;26499;26764;27032;27302;27575;27851;28129;28411;28695;28982;29271;29564;29860;30158;30460;30765;31072;31383;31697;32014;32334;32657;32984;33314;33647;33983;34323;34666;35013;35363;35717;36074;36435;36799>,7,<680;690;700;711;721;731;741;751;762;772;789;800;811;821;832;843;854;865;876;887;911;923;934;946;957;969;981;992;1004;1015;1047;1059;1072;1084;1096;1108;1121;1133;1145;1157;1224;1238;1251;1265;1278;1292;1306;1319;1333;1346;1428;1443;1458;1473;1488;1503;1518;1533;1548;1563;1659;1676;1692;1708;1724;1741;1757;1773;1790;1806;1918;1935;1953;1971;1988;2006;2024;2041;2059;2077;2203;2222;2241;2260;2279;2298;2317;2336;2356;2375;2516;2536;2557;2577;2598;2618;2638;2659;2679;2700;2727;2754;2782;2810;2838;2866;2895;2924;2953;2982;3012;3042;3073;3104;3135;3166;3198;3230;3262;3295;3327;3361;3394;3428;3463;3497;3532;3567;3603;3639;3676;3712;3749;3787;3825;3863;3902;3941;3980;4020;4060;4101;4142;4183;4225;4267;4310;4353;4397;4441;4485;4530;4575;4621;4667;4714;4761;4808;4857;4905;4954;5004;5054;5104;5155;5207;5259;5311;5365;5418;5472;5527;5582;5638;5695;5752;5809;5867;5926;5985;6045;6105;6166;6228;6290;6353;6417;6481;6546;6611;6677;6744;6812;6880;6949;7018;7088;7159;7231;7303>,8,<680;690;700;711;721;731;741;751;762;772;789;800;811;821;832;843;854;865;876;887;911;923;934;946;957;969;981;992;1004;1015;1047;1059;1072;1084;1096;1108;1121;1133;1145;1157;1224;1238;1251;1265;1278;1292;1306;1319;1333;1346;1428;1443;1458;1473;1488;1503;1518;1533;1548;1563;1659;1676;1692;1708;1724;1741;1757;1773;1790;1806;1918;1935;1953;1971;1988;2006;2024;2041;2059;2077;2203;2222;2241;2260;2279;2298;2317;2336;2356;2375;2516;2536;2557;2577;2598;2618;2638;2659;2679;2700;2727;2754;2782;2810;2838;2866;2895;2924;2953;2982;3012;3042;3073;3104;3135;3166;3198;3230;3262;3295;3327;3361;3394;3428;3463;3497;3532;3567;3603;3639;3676;3712;3749;3787;3825;3863;3902;3941;3980;4020;4060;4101;4142;4183;4225;4267;4310;4353;4397;4441;4485;4530;4575;4621;4667;4714;4761;4808;4857;4905;4954;5004;5054;5104;5155;5207;5259;5311;5365;5418;5472;5527;5582;5638;5695;5752;5809;5867;5926;5985;6045;6105;6166;6228;6290;6353;6417;6481;6546;6611;6677;6744;6812;6880;6949;7018;7088;7159;7231;7303>,11,<76;76;76;76;76;84;84;84;84;84;92;92;92;92;92;101;101;101;101;101;109;109;109;109;109;117;117;117;117;117;125;125;125;125;125;133;133;133;133;133;141;141;141;141;141;150;150;150;150;150;158;158;158;158;158;166;166;166;166;166;174;174;174;174;174;182;182;182;182;182;190;190;190;190;190;199;199;199;199;199;207;207;207;207;207;215;215;215;215;215;223;223;223;223;223;231;231;231;231;231;233;236;238;240;243;245;248;250;253;255;258;260;263;266;268;271;274;276;279;282;285;288;290;293;296;299;302;305;308;311;314;318;321;324;327;331;334;337;341;344;347;351;354;358;361;365;369;372;376;380;384;388;391;395;399;403;407;411;416;420;424;428;432;437;441;445;450;454;459;464;468;473;478;482;487;492;497;502;507;512;517;522;528;533;538;544;549;554;560;566;571;577;583;589;594;600;606;613;619;625>,12,<76;76;76;76;76;84;84;84;84;84;92;92;92;92;92;101;101;101;101;101;109;109;109;109;109;117;117;117;117;117;125;125;125;125;125;133;133;133;133;133;141;141;141;141;141;150;150;150;150;150;158;158;158;158;158;166;166;166;166;166;174;174;174;174;174;182;182;182;182;182;190;190;190;190;190;199;199;199;199;199;207;207;207;207;207;215;215;215;215;215;223;223;223;223;223;231;231;231;231;231;233;236;238;240;243;245;248;250;253;255;258;260;263;266;268;271;274;276;279;282;285;288;290;293;296;299;302;305;308;311;314;318;321;324;327;331;334;337;341;344;347;351;354;358;361;365;369;372;376;380;384;388;391;395;399;403;407;411;416;420;424;428;432;437;441;445;450;454;459;464;468;473;478;482;487;492;497;502;507;512;517;522;528;533;538;544;549;554;560;566;571;577;583;589;594;600;606;613;619;625>,,{drawcard=huang_effect_loop}
40154,强击,強擊,Punch,Punch,강격,Soco,1,4,config/item/gem/icon_1_hu_4.png,5,攻击向符石,攻擊向符石,Offensive-type,Offensive-type,공격 룬스톤,Tipo ofensivo,ประเภทรุก,9999,{529=400},100,5,1,<3427;3478;3530;3581;3633;3684;3735;3787;3838;3890;3975;4030;4085;4140;4195;4249;4304;4359;4414;4469;4592;4650;4709;4767;4825;4883;4942;5000;5058;5117;5278;5339;5401;5463;5524;5586;5648;5709;5771;5833;6169;6237;6306;6374;6443;6511;6580;6648;6717;6785;7197;7272;7347;7423;7498;7574;7649;7724;7800;7875;8362;8444;8526;8609;8691;8773;8855;8938;9020;9102;9664;9753;9842;9931;10021;10110;10199;10288;10377;10466;11103;11199;11295;11391;11487;11583;11679;11775;11871;11967;12680;12783;12886;12988;13091;13194;13297;13400;13502;13605;13741;13878;14017;14157;14299;14442;14586;14732;14880;15028;15179;15330;15484;15639;15795;15953;16112;16274;16436;16601;16767;16934;17104;17275;17447;17622;17798;17976;18156;18337;18521;18706;18893;19082;19273;19466;19660;19857;20055;20256;20459;20663;20870;21078;21289;21502;21717;21934;22154;22375;22599;22825;23053;23284;23517;23752;23989;24229;24471;24716;24963;25213;25465;25720;25977;26237;26499;26764;27032;27302;27575;27851;28129;28411;28695;28982;29271;29564;29860;30158;30460;30765;31072;31383;31697;32014;32334;32657;32984;33314;33647;33983;34323;34666;35013;35363;35717;36074;36435;36799>,7,<680;690;700;711;721;731;741;751;762;772;789;800;811;821;832;843;854;865;876;887;911;923;934;946;957;969;981;992;1004;1015;1047;1059;1072;1084;1096;1108;1121;1133;1145;1157;1224;1238;1251;1265;1278;1292;1306;1319;1333;1346;1428;1443;1458;1473;1488;1503;1518;1533;1548;1563;1659;1676;1692;1708;1724;1741;1757;1773;1790;1806;1918;1935;1953;1971;1988;2006;2024;2041;2059;2077;2203;2222;2241;2260;2279;2298;2317;2336;2356;2375;2516;2536;2557;2577;2598;2618;2638;2659;2679;2700;2727;2754;2782;2810;2838;2866;2895;2924;2953;2982;3012;3042;3073;3104;3135;3166;3198;3230;3262;3295;3327;3361;3394;3428;3463;3497;3532;3567;3603;3639;3676;3712;3749;3787;3825;3863;3902;3941;3980;4020;4060;4101;4142;4183;4225;4267;4310;4353;4397;4441;4485;4530;4575;4621;4667;4714;4761;4808;4857;4905;4954;5004;5054;5104;5155;5207;5259;5311;5365;5418;5472;5527;5582;5638;5695;5752;5809;5867;5926;5985;6045;6105;6166;6228;6290;6353;6417;6481;6546;6611;6677;6744;6812;6880;6949;7018;7088;7159;7231;7303>,8,<680;690;700;711;721;731;741;751;762;772;789;800;811;821;832;843;854;865;876;887;911;923;934;946;957;969;981;992;1004;1015;1047;1059;1072;1084;1096;1108;1121;1133;1145;1157;1224;1238;1251;1265;1278;1292;1306;1319;1333;1346;1428;1443;1458;1473;1488;1503;1518;1533;1548;1563;1659;1676;1692;1708;1724;1741;1757;1773;1790;1806;1918;1935;1953;1971;1988;2006;2024;2041;2059;2077;2203;2222;2241;2260;2279;2298;2317;2336;2356;2375;2516;2536;2557;2577;2598;2618;2638;2659;2679;2700;2727;2754;2782;2810;2838;2866;2895;2924;2953;2982;3012;3042;3073;3104;3135;3166;3198;3230;3262;3295;3327;3361;3394;3428;3463;3497;3532;3567;3603;3639;3676;3712;3749;3787;3825;3863;3902;3941;3980;4020;4060;4101;4142;4183;4225;4267;4310;4353;4397;4441;4485;4530;4575;4621;4667;4714;4761;4808;4857;4905;4954;5004;5054;5104;5155;5207;5259;5311;5365;5418;5472;5527;5582;5638;5695;5752;5809;5867;5926;5985;6045;6105;6166;6228;6290;6353;6417;6481;6546;6611;6677;6744;6812;6880;6949;7018;7088;7159;7231;7303>,90,<91;91;91;91;91;101;101;101;101;101;111;111;111;111;111;121;121;121;121;121;131;131;131;131;131;140;140;140;140;140;150;150;150;150;150;160;160;160;160;160;170;170;170;170;170;180;180;180;180;180;189;189;189;189;189;199;199;199;199;199;209;209;209;209;209;219;219;219;219;219;228;228;228;228;228;238;238;238;238;238;248;248;248;248;248;258;258;258;258;258;268;268;268;268;268;277;277;277;277;277;280;283;285;288;291;294;297;300;303;306;309;312;315;318;322;325;328;331;335;338;341;345;348;352;355;359;362;366;370;373;377;381;385;389;392;396;400;404;408;412;417;421;425;429;433;438;442;447;451;456;460;465;469;474;479;484;488;493;498;503;508;513;518;524;529;534;540;545;550;556;561;567;573;578;584;590;596;602;608;614;620;626;633;639;645;652;658;665;672;678;685;692;699;706;713;720;727;734;742;749>,0,<>,,{drawcard=huang_effect_loop}
40155,强击,強擊,Punch,Punch,강격,Soco,1,5,config/item/gem/icon_1_hu_5.png,5,攻击向符石,攻擊向符石,Offensive-type,Offensive-type,공격 룬스톤,Tipo ofensivo,ประเภทรุก,9999,{529=400},100,5,7,<680;690;700;711;721;731;741;751;762;772;789;800;811;821;832;843;854;865;876;887;911;923;934;946;957;969;981;992;1004;1015;1047;1059;1072;1084;1096;1108;1121;1133;1145;1157;1224;1238;1251;1265;1278;1292;1306;1319;1333;1346;1428;1443;1458;1473;1488;1503;1518;1533;1548;1563;1659;1676;1692;1708;1724;1741;1757;1773;1790;1806;1918;1935;1953;1971;1988;2006;2024;2041;2059;2077;2203;2222;2241;2260;2279;2298;2317;2336;2356;2375;2516;2536;2557;2577;2598;2618;2638;2659;2679;2700;2727;2754;2782;2810;2838;2866;2895;2924;2953;2982;3012;3042;3073;3104;3135;3166;3198;3230;3262;3295;3327;3361;3394;3428;3463;3497;3532;3567;3603;3639;3676;3712;3749;3787;3825;3863;3902;3941;3980;4020;4060;4101;4142;4183;4225;4267;4310;4353;4397;4441;4485;4530;4575;4621;4667;4714;4761;4808;4857;4905;4954;5004;5054;5104;5155;5207;5259;5311;5365;5418;5472;5527;5582;5638;5695;5752;5809;5867;5926;5985;6045;6105;6166;6228;6290;6353;6417;6481;6546;6611;6677;6744;6812;6880;6949;7018;7088;7159;7231;7303>,8,<680;690;700;711;721;731;741;751;762;772;789;800;811;821;832;843;854;865;876;887;911;923;934;946;957;969;981;992;1004;1015;1047;1059;1072;1084;1096;1108;1121;1133;1145;1157;1224;1238;1251;1265;1278;1292;1306;1319;1333;1346;1428;1443;1458;1473;1488;1503;1518;1533;1548;1563;1659;1676;1692;1708;1724;1741;1757;1773;1790;1806;1918;1935;1953;1971;1988;2006;2024;2041;2059;2077;2203;2222;2241;2260;2279;2298;2317;2336;2356;2375;2516;2536;2557;2577;2598;2618;2638;2659;2679;2700;2727;2754;2782;2810;2838;2866;2895;2924;2953;2982;3012;3042;3073;3104;3135;3166;3198;3230;3262;3295;3327;3361;3394;3428;3463;3497;3532;3567;3603;3639;3676;3712;3749;3787;3825;3863;3902;3941;3980;4020;4060;4101;4142;4183;4225;4267;4310;4353;4397;4441;4485;4530;4575;4621;4667;4714;4761;4808;4857;4905;4954;5004;5054;5104;5155;5207;5259;5311;5365;5418;5472;5527;5582;5638;5695;5752;5809;5867;5926;5985;6045;6105;6166;6228;6290;6353;6417;6481;6546;6611;6677;6744;6812;6880;6949;7018;7088;7159;7231;7303>,9,<476;483;490;497;505;512;519;526;533;540;552;560;567;575;583;590;598;605;613;621;638;646;654;662;670;678;686;694;703;711;733;742;750;759;767;776;784;793;802;810;857;866;876;885;895;904;914;923;933;942;1000;1010;1021;1031;1041;1052;1062;1073;1083;1094;1161;1173;1184;1196;1207;1219;1230;1241;1253;1264;1342;1355;1367;1379;1392;1404;1417;1429;1441;1454;1542;1556;1569;1582;1596;1609;1622;1636;1649;1662;1761;1775;1790;1804;1818;1833;1847;1861;1875;1890;1909;1928;1947;1967;1986;2006;2026;2047;2067;2088;2109;2130;2151;2173;2194;2216;2238;2261;2283;2306;2329;2353;2376;2400;2424;2448;2473;2497;2522;2547;2573;2599;2625;2651;2677;2704;2731;2759;2786;2814;2842;2871;2899;2928;2957;2987;3017;3047;3078;3108;3139;3171;3203;3235;3267;3300;3333;3366;3400;3434;3468;3503;3538;3573;3609;3645;3681;3718;3755;3793;3831;3869;3908;3947;3986;4026;4066;4107;4148;4190;4231;4274;4317;4360;4403;4447;4492;4537;4582;4628;4674;4721;4768;4816;4864;4913;4962;5011;5061;5112>,22,<46;46;46;46;46;51;51;51;51;51;55;55;55;55;55;60;60;60;60;60;65;65;65;65;65;70;70;70;70;70;75;75;75;75;75;80;80;80;80;80;85;85;85;85;85;90;90;90;90;90;95;95;95;95;95;100;100;100;100;100;104;104;104;104;104;109;109;109;109;109;114;114;114;114;114;119;119;119;119;119;124;124;124;124;124;129;129;129;129;129;134;134;134;134;134;139;139;139;139;139;140;142;143;145;146;148;149;151;152;154;155;157;158;160;161;163;165;166;168;170;171;173;175;176;178;180;182;184;185;187;189;191;193;195;197;199;201;203;205;207;209;211;213;215;218;220;222;224;226;229;231;233;236;238;240;243;245;248;250;253;255;258;260;263;265;268;271;273;276;279;282;285;287;290;293;296;299;302;305;308;311;314;317;321;324;327;330;334;337;340;344;347;351;354;358;361;365;369;372;376>,0,<>,,{drawcard=huang_effect_loop}
40156,强击,強擊,Punch,Punch,강격,Soco,1,6,config/item/gem/icon_1_hu_6.png,5,攻击向符石,攻擊向符石,Offensive-type,Offensive-type,공격 룬스톤,Tipo ofensivo,ประเภทรุก,9999,{529=400},100,5,7,<680;690;700;711;721;731;741;751;762;772;789;800;811;821;832;843;854;865;876;887;911;923;934;946;957;969;981;992;1004;1015;1047;1059;1072;1084;1096;1108;1121;1133;1145;1157;1224;1238;1251;1265;1278;1292;1306;1319;1333;1346;1428;1443;1458;1473;1488;1503;1518;1533;1548;1563;1659;1676;1692;1708;1724;1741;1757;1773;1790;1806;1918;1935;1953;1971;1988;2006;2024;2041;2059;2077;2203;2222;2241;2260;2279;2298;2317;2336;2356;2375;2516;2536;2557;2577;2598;2618;2638;2659;2679;2700;2727;2754;2782;2810;2838;2866;2895;2924;2953;2982;3012;3042;3073;3104;3135;3166;3198;3230;3262;3295;3327;3361;3394;3428;3463;3497;3532;3567;3603;3639;3676;3712;3749;3787;3825;3863;3902;3941;3980;4020;4060;4101;4142;4183;4225;4267;4310;4353;4397;4441;4485;4530;4575;4621;4667;4714;4761;4808;4857;4905;4954;5004;5054;5104;5155;5207;5259;5311;5365;5418;5472;5527;5582;5638;5695;5752;5809;5867;5926;5985;6045;6105;6166;6228;6290;6353;6417;6481;6546;6611;6677;6744;6812;6880;6949;7018;7088;7159;7231;7303>,8,<680;690;700;711;721;731;741;751;762;772;789;800;811;821;832;843;854;865;876;887;911;923;934;946;957;969;981;992;1004;1015;1047;1059;1072;1084;1096;1108;1121;1133;1145;1157;1224;1238;1251;1265;1278;1292;1306;1319;1333;1346;1428;1443;1458;1473;1488;1503;1518;1533;1548;1563;1659;1676;1692;1708;1724;1741;1757;1773;1790;1806;1918;1935;1953;1971;1988;2006;2024;2041;2059;2077;2203;2222;2241;2260;2279;2298;2317;2336;2356;2375;2516;2536;2557;2577;2598;2618;2638;2659;2679;2700;2727;2754;2782;2810;2838;2866;2895;2924;2953;2982;3012;3042;3073;3104;3135;3166;3198;3230;3262;3295;3327;3361;3394;3428;3463;3497;3532;3567;3603;3639;3676;3712;3749;3787;3825;3863;3902;3941;3980;4020;4060;4101;4142;4183;4225;4267;4310;4353;4397;4441;4485;4530;4575;4621;4667;4714;4761;4808;4857;4905;4954;5004;5054;5104;5155;5207;5259;5311;5365;5418;5472;5527;5582;5638;5695;5752;5809;5867;5926;5985;6045;6105;6166;6228;6290;6353;6417;6481;6546;6611;6677;6744;6812;6880;6949;7018;7088;7159;7231;7303>,10,<476;483;490;497;505;512;519;526;533;540;552;560;567;575;583;590;598;605;613;621;638;646;654;662;670;678;686;694;703;711;733;742;750;759;767;776;784;793;802;810;857;866;876;885;895;904;914;923;933;942;1000;1010;1021;1031;1041;1052;1062;1073;1083;1094;1161;1173;1184;1196;1207;1219;1230;1241;1253;1264;1342;1355;1367;1379;1392;1404;1417;1429;1441;1454;1542;1556;1569;1582;1596;1609;1622;1636;1649;1662;1761;1775;1790;1804;1818;1833;1847;1861;1875;1890;1909;1928;1947;1967;1986;2006;2026;2047;2067;2088;2109;2130;2151;2173;2194;2216;2238;2261;2283;2306;2329;2353;2376;2400;2424;2448;2473;2497;2522;2547;2573;2599;2625;2651;2677;2704;2731;2759;2786;2814;2842;2871;2899;2928;2957;2987;3017;3047;3078;3108;3139;3171;3203;3235;3267;3300;3333;3366;3400;3434;3468;3503;3538;3573;3609;3645;3681;3718;3755;3793;3831;3869;3908;3947;3986;4026;4066;4107;4148;4190;4231;4274;4317;4360;4403;4447;4492;4537;4582;4628;4674;4721;4768;4816;4864;4913;4962;5011;5061;5112>,23,<46;46;46;46;46;51;51;51;51;51;55;55;55;55;55;60;60;60;60;60;65;65;65;65;65;70;70;70;70;70;75;75;75;75;75;80;80;80;80;80;85;85;85;85;85;90;90;90;90;90;95;95;95;95;95;100;100;100;100;100;104;104;104;104;104;109;109;109;109;109;114;114;114;114;114;119;119;119;119;119;124;124;124;124;124;129;129;129;129;129;134;134;134;134;134;139;139;139;139;139;140;142;143;145;146;148;149;151;152;154;155;157;158;160;161;163;165;166;168;170;171;173;175;176;178;180;182;184;185;187;189;191;193;195;197;199;201;203;205;207;209;211;213;215;218;220;222;224;226;229;231;233;236;238;240;243;245;248;250;253;255;258;260;263;265;268;271;273;276;279;282;285;287;290;293;296;299;302;305;308;311;314;317;321;324;327;330;334;337;340;344;347;351;354;358;361;365;369;372;376>,0,<>,,{drawcard=huang_effect_loop}
40161,强击,強擊,Punch,Punch,강격,Soco,1,1,config/item/gem/icon_1_h_1.png,6,攻击向符石,攻擊向符石,Offensive-type,Offensive-type,공격 룬스톤,Tipo ofensivo,ประเภทรุก,9999,{529=2000},100,6,7,<1000;1015;1030;1045;1060;1075;1090;1105;1120;1135;1160;1176;1192;1208;1224;1240;1256;1272;1288;1304;1340;1357;1374;1391;1408;1425;1442;1459;1476;1493;1540;1558;1576;1594;1612;1630;1648;1666;1684;1702;1960;1984;2008;2032;2056;2080;2104;2128;2152;2176;2300;2326;2352;2378;2404;2430;2456;2482;2508;2534;2680;2708;2736;2764;2792;2820;2848;2876;2904;2932;3100;3130;3160;3190;3220;3250;3280;3310;3340;3370;3560;3592;3624;3656;3688;3720;3752;3784;3816;3848;3880;3912;3944;3976;4008;4040;4072;4104;4136;4168;4210;4252;4294;4337;4381;4424;4469;4513;4558;4604;4650;4697;4744;4791;4839;4887;4936;4986;5035;5086;5137;5188;5240;5292;5345;5399;5453;5507;5562;5618;5674;5731;5788;5846;5904;5963;6023;6083;6144;6206;6268;6330;6394;6458;6522;6587;6653;6720;6787;6855;6923;6993;7063;7133;7204;7277;7349;7423;7497;7572;7648;7724;7801;7879;7958;8038;8118;8199;8281;8364;8448;8532;8618;8704;8791;8879;8968;9057;9148;9239;9332;9425;9519;9614;9711;9808;9906;10005;10105;10206;10308;10411;10515;10620;10727;10834;10942;11052;11162;11274>,8,<1000;1015;1030;1045;1060;1075;1090;1105;1120;1135;1160;1176;1192;1208;1224;1240;1256;1272;1288;1304;1340;1357;1374;1391;1408;1425;1442;1459;1476;1493;1540;1558;1576;1594;1612;1630;1648;1666;1684;1702;1960;1984;2008;2032;2056;2080;2104;2128;2152;2176;2300;2326;2352;2378;2404;2430;2456;2482;2508;2534;2680;2708;2736;2764;2792;2820;2848;2876;2904;2932;3100;3130;3160;3190;3220;3250;3280;3310;3340;3370;3560;3592;3624;3656;3688;3720;3752;3784;3816;3848;3880;3912;3944;3976;4008;4040;4072;4104;4136;4168;4210;4252;4294;4337;4381;4424;4469;4513;4558;4604;4650;4697;4744;4791;4839;4887;4936;4986;5035;5086;5137;5188;5240;5292;5345;5399;5453;5507;5562;5618;5674;5731;5788;5846;5904;5963;6023;6083;6144;6206;6268;6330;6394;6458;6522;6587;6653;6720;6787;6855;6923;6993;7063;7133;7204;7277;7349;7423;7497;7572;7648;7724;7801;7879;7958;8038;8118;8199;8281;8364;8448;8532;8618;8704;8791;8879;8968;9057;9148;9239;9332;9425;9519;9614;9711;9808;9906;10005;10105;10206;10308;10411;10515;10620;10727;10834;10942;11052;11162;11274>,14,<112;112;112;112;112;124;124;124;124;124;136;136;136;136;136;148;148;148;148;148;160;160;160;160;160;172;172;172;172;172;184;184;184;184;184;196;196;196;196;196;208;208;208;208;208;220;220;220;220;220;232;232;232;232;232;244;244;244;244;244;256;256;256;256;256;268;268;268;268;268;280;280;280;280;280;292;292;292;292;292;304;304;304;304;304;316;316;316;316;316;328;328;328;328;328;340;340;340;340;340;343;347;350;354;357;361;365;368;372;376;379;383;387;391;395;399;403;407;411;415;419;423;427;432;436;440;445;449;454;458;463;467;472;477;482;486;491;496;501;506;511;516;522;527;532;537;543;548;554;559;565;570;576;582;588;594;600;606;612;618;624;630;636;643;649;656;662;669;676;682;689;696;703;710;717;724;732;739;746;754;761;769;777;784;792;800;808;816;824;833;841;849;858;866;875;884;893;902;911;920>,0,<>,0,<>,,{drawcard=hong_effect_loop}
40162,强击,強擊,Punch,Punch,강격,Soco,1,2,config/item/gem/icon_1_h_2.png,6,攻击向符石,攻擊向符石,Offensive-type,Offensive-type,공격 룬스톤,Tipo ofensivo,ประเภทรุก,9999,{529=2000},100,6,7,<1000;1015;1030;1045;1060;1075;1090;1105;1120;1135;1160;1176;1192;1208;1224;1240;1256;1272;1288;1304;1340;1357;1374;1391;1408;1425;1442;1459;1476;1493;1540;1558;1576;1594;1612;1630;1648;1666;1684;1702;1960;1984;2008;2032;2056;2080;2104;2128;2152;2176;2300;2326;2352;2378;2404;2430;2456;2482;2508;2534;2680;2708;2736;2764;2792;2820;2848;2876;2904;2932;3100;3130;3160;3190;3220;3250;3280;3310;3340;3370;3560;3592;3624;3656;3688;3720;3752;3784;3816;3848;3880;3912;3944;3976;4008;4040;4072;4104;4136;4168;4210;4252;4294;4337;4381;4424;4469;4513;4558;4604;4650;4697;4744;4791;4839;4887;4936;4986;5035;5086;5137;5188;5240;5292;5345;5399;5453;5507;5562;5618;5674;5731;5788;5846;5904;5963;6023;6083;6144;6206;6268;6330;6394;6458;6522;6587;6653;6720;6787;6855;6923;6993;7063;7133;7204;7277;7349;7423;7497;7572;7648;7724;7801;7879;7958;8038;8118;8199;8281;8364;8448;8532;8618;8704;8791;8879;8968;9057;9148;9239;9332;9425;9519;9614;9711;9808;9906;10005;10105;10206;10308;10411;10515;10620;10727;10834;10942;11052;11162;11274>,8,<1000;1015;1030;1045;1060;1075;1090;1105;1120;1135;1160;1176;1192;1208;1224;1240;1256;1272;1288;1304;1340;1357;1374;1391;1408;1425;1442;1459;1476;1493;1540;1558;1576;1594;1612;1630;1648;1666;1684;1702;1960;1984;2008;2032;2056;2080;2104;2128;2152;2176;2300;2326;2352;2378;2404;2430;2456;2482;2508;2534;2680;2708;2736;2764;2792;2820;2848;2876;2904;2932;3100;3130;3160;3190;3220;3250;3280;3310;3340;3370;3560;3592;3624;3656;3688;3720;3752;3784;3816;3848;3880;3912;3944;3976;4008;4040;4072;4104;4136;4168;4210;4252;4294;4337;4381;4424;4469;4513;4558;4604;4650;4697;4744;4791;4839;4887;4936;4986;5035;5086;5137;5188;5240;5292;5345;5399;5453;5507;5562;5618;5674;5731;5788;5846;5904;5963;6023;6083;6144;6206;6268;6330;6394;6458;6522;6587;6653;6720;6787;6855;6923;6993;7063;7133;7204;7277;7349;7423;7497;7572;7648;7724;7801;7879;7958;8038;8118;8199;8281;8364;8448;8532;8618;8704;8791;8879;8968;9057;9148;9239;9332;9425;9519;9614;9711;9808;9906;10005;10105;10206;10308;10411;10515;10620;10727;10834;10942;11052;11162;11274>,15,<168;168;168;168;168;186;186;186;186;186;204;204;204;204;204;222;222;222;222;222;240;240;240;240;240;258;258;258;258;258;276;276;276;276;276;294;294;294;294;294;312;312;312;312;312;330;330;330;330;330;348;348;348;348;348;366;366;366;366;366;384;384;384;384;384;402;402;402;402;402;420;420;420;420;420;438;438;438;438;438;456;456;456;456;456;474;474;474;474;474;492;492;492;492;492;510;510;510;510;510;515;520;525;531;536;541;547;552;558;563;569;575;580;586;592;598;604;610;616;622;629;635;641;648;654;661;667;674;681;687;694;701;708;715;722;730;737;744;752;759;767;775;782;790;798;806;814;822;830;839;847;856;864;873;882;890;899;908;917;927;936;945;955;964;974;984;993;1003;1013;1023;1034;1044;1054;1065;1076;1086;1097;1108;1119;1131;1142;1153;1165;1176;1188;1200;1212;1224;1236;1249;1261;1274;1287;1300;1313;1326;1339;1352;1366;1379>,0,<>,0,<>,,{drawcard=hong_effect_loop}
40163,强击,強擊,Punch,Punch,강격,Soco,1,3,config/item/gem/icon_1_h_3.png,6,攻击向符石,攻擊向符石,Offensive-type,Offensive-type,공격 룬스톤,Tipo ofensivo,ประเภทรุก,9999,{529=2000},100,6,1,<5040;5116;5191;5267;5342;5418;5494;5569;5645;5720;5846;5927;6008;6088;6169;6250;6330;6411;6492;6572;6754;6839;6925;7011;7096;7182;7268;7353;7439;7525;7762;7852;7943;8034;8124;8215;8306;8397;8487;8578;9878;9999;10120;10241;10362;10483;10604;10725;10846;10967;11592;11723;11854;11985;12116;12247;12378;12509;12640;12771;13507;13648;13789;13931;14072;14213;14354;14495;14636;14777;15624;15775;15926;16078;16229;16380;16531;16682;16834;16985;17942;18104;18265;18426;18588;18749;18910;19071;19233;19394;19555;19716;19878;20039;20200;20362;20523;20684;20845;21007;21217;21429;21644;21860;22079;22299;22522;22748;22975;23205;23437;23671;23908;24147;24388;24632;24879;25127;25379;25633;25889;26148;26409;26673;26940;27209;27482;27756;28034;28314;28597;28883;29172;29464;29759;30056;30357;30660;30967;31277;31589;31905;32224;32547;32872;33201;33533;33868;34207;34549;34894;35243;35596;35952;36311;36674;37041;37411;37785;38163;38545;38930;39320;39713;40110;40511;40916;41325;41739;42156;42578;43003;43433;43868;44306;44750;45197;45649;46105;46567;47032;47503;47978;48457;48942;49431;49926;50425;50929;51438;51953;52472;52997;53527;54062;54603;55149;55700;56257;56820>,7,<1000;1015;1030;1045;1060;1075;1090;1105;1120;1135;1160;1176;1192;1208;1224;1240;1256;1272;1288;1304;1340;1357;1374;1391;1408;1425;1442;1459;1476;1493;1540;1558;1576;1594;1612;1630;1648;1666;1684;1702;1960;1984;2008;2032;2056;2080;2104;2128;2152;2176;2300;2326;2352;2378;2404;2430;2456;2482;2508;2534;2680;2708;2736;2764;2792;2820;2848;2876;2904;2932;3100;3130;3160;3190;3220;3250;3280;3310;3340;3370;3560;3592;3624;3656;3688;3720;3752;3784;3816;3848;3880;3912;3944;3976;4008;4040;4072;4104;4136;4168;4210;4252;4294;4337;4381;4424;4469;4513;4558;4604;4650;4697;4744;4791;4839;4887;4936;4986;5035;5086;5137;5188;5240;5292;5345;5399;5453;5507;5562;5618;5674;5731;5788;5846;5904;5963;6023;6083;6144;6206;6268;6330;6394;6458;6522;6587;6653;6720;6787;6855;6923;6993;7063;7133;7204;7277;7349;7423;7497;7572;7648;7724;7801;7879;7958;8038;8118;8199;8281;8364;8448;8532;8618;8704;8791;8879;8968;9057;9148;9239;9332;9425;9519;9614;9711;9808;9906;10005;10105;10206;10308;10411;10515;10620;10727;10834;10942;11052;11162;11274>,8,<1000;1015;1030;1045;1060;1075;1090;1105;1120;1135;1160;1176;1192;1208;1224;1240;1256;1272;1288;1304;1340;1357;1374;1391;1408;1425;1442;1459;1476;1493;1540;1558;1576;1594;1612;1630;1648;1666;1684;1702;1960;1984;2008;2032;2056;2080;2104;2128;2152;2176;2300;2326;2352;2378;2404;2430;2456;2482;2508;2534;2680;2708;2736;2764;2792;2820;2848;2876;2904;2932;3100;3130;3160;3190;3220;3250;3280;3310;3340;3370;3560;3592;3624;3656;3688;3720;3752;3784;3816;3848;3880;3912;3944;3976;4008;4040;4072;4104;4136;4168;4210;4252;4294;4337;4381;4424;4469;4513;4558;4604;4650;4697;4744;4791;4839;4887;4936;4986;5035;5086;5137;5188;5240;5292;5345;5399;5453;5507;5562;5618;5674;5731;5788;5846;5904;5963;6023;6083;6144;6206;6268;6330;6394;6458;6522;6587;6653;6720;6787;6855;6923;6993;7063;7133;7204;7277;7349;7423;7497;7572;7648;7724;7801;7879;7958;8038;8118;8199;8281;8364;8448;8532;8618;8704;8791;8879;8968;9057;9148;9239;9332;9425;9519;9614;9711;9808;9906;10005;10105;10206;10308;10411;10515;10620;10727;10834;10942;11052;11162;11274>,11,<112;112;112;112;112;124;124;124;124;124;136;136;136;136;136;148;148;148;148;148;160;160;160;160;160;172;172;172;172;172;184;184;184;184;184;196;196;196;196;196;208;208;208;208;208;220;220;220;220;220;232;232;232;232;232;244;244;244;244;244;256;256;256;256;256;268;268;268;268;268;280;280;280;280;280;292;292;292;292;292;304;304;304;304;304;316;316;316;316;316;328;328;328;328;328;340;340;340;340;340;343;347;350;354;357;361;365;368;372;376;379;383;387;391;395;399;403;407;411;415;419;423;427;432;436;440;445;449;454;458;463;467;472;477;482;486;491;496;501;506;511;516;522;527;532;537;543;548;554;559;565;570;576;582;588;594;600;606;612;618;624;630;636;643;649;656;662;669;676;682;689;696;703;710;717;724;732;739;746;754;761;769;777;784;792;800;808;816;824;833;841;849;858;866;875;884;893;902;911;920>,12,<112;112;112;112;112;124;124;124;124;124;136;136;136;136;136;148;148;148;148;148;160;160;160;160;160;172;172;172;172;172;184;184;184;184;184;196;196;196;196;196;208;208;208;208;208;220;220;220;220;220;232;232;232;232;232;244;244;244;244;244;256;256;256;256;256;268;268;268;268;268;280;280;280;280;280;292;292;292;292;292;304;304;304;304;304;316;316;316;316;316;328;328;328;328;328;340;340;340;340;340;343;347;350;354;357;361;365;368;372;376;379;383;387;391;395;399;403;407;411;415;419;423;427;432;436;440;445;449;454;458;463;467;472;477;482;486;491;496;501;506;511;516;522;527;532;537;543;548;554;559;565;570;576;582;588;594;600;606;612;618;624;630;636;643;649;656;662;669;676;682;689;696;703;710;717;724;732;739;746;754;761;769;777;784;792;800;808;816;824;833;841;849;858;866;875;884;893;902;911;920>,,{drawcard=hong_effect_loop}
40164,强击,強擊,Punch,Punch,강격,Soco,1,4,config/item/gem/icon_1_h_4.png,6,攻击向符石,攻擊向符石,Offensive-type,Offensive-type,공격 룬스톤,Tipo ofensivo,ประเภทรุก,9999,{529=2000},100,6,1,<5040;5116;5191;5267;5342;5418;5494;5569;5645;5720;5846;5927;6008;6088;6169;6250;6330;6411;6492;6572;6754;6839;6925;7011;7096;7182;7268;7353;7439;7525;7762;7852;7943;8034;8124;8215;8306;8397;8487;8578;9878;9999;10120;10241;10362;10483;10604;10725;10846;10967;11592;11723;11854;11985;12116;12247;12378;12509;12640;12771;13507;13648;13789;13931;14072;14213;14354;14495;14636;14777;15624;15775;15926;16078;16229;16380;16531;16682;16834;16985;17942;18104;18265;18426;18588;18749;18910;19071;19233;19394;19555;19716;19878;20039;20200;20362;20523;20684;20845;21007;21217;21429;21644;21860;22079;22299;22522;22748;22975;23205;23437;23671;23908;24147;24388;24632;24879;25127;25379;25633;25889;26148;26409;26673;26940;27209;27482;27756;28034;28314;28597;28883;29172;29464;29759;30056;30357;30660;30967;31277;31589;31905;32224;32547;32872;33201;33533;33868;34207;34549;34894;35243;35596;35952;36311;36674;37041;37411;37785;38163;38545;38930;39320;39713;40110;40511;40916;41325;41739;42156;42578;43003;43433;43868;44306;44750;45197;45649;46105;46567;47032;47503;47978;48457;48942;49431;49926;50425;50929;51438;51953;52472;52997;53527;54062;54603;55149;55700;56257;56820>,7,<1000;1015;1030;1045;1060;1075;1090;1105;1120;1135;1160;1176;1192;1208;1224;1240;1256;1272;1288;1304;1340;1357;1374;1391;1408;1425;1442;1459;1476;1493;1540;1558;1576;1594;1612;1630;1648;1666;1684;1702;1960;1984;2008;2032;2056;2080;2104;2128;2152;2176;2300;2326;2352;2378;2404;2430;2456;2482;2508;2534;2680;2708;2736;2764;2792;2820;2848;2876;2904;2932;3100;3130;3160;3190;3220;3250;3280;3310;3340;3370;3560;3592;3624;3656;3688;3720;3752;3784;3816;3848;3880;3912;3944;3976;4008;4040;4072;4104;4136;4168;4210;4252;4294;4337;4381;4424;4469;4513;4558;4604;4650;4697;4744;4791;4839;4887;4936;4986;5035;5086;5137;5188;5240;5292;5345;5399;5453;5507;5562;5618;5674;5731;5788;5846;5904;5963;6023;6083;6144;6206;6268;6330;6394;6458;6522;6587;6653;6720;6787;6855;6923;6993;7063;7133;7204;7277;7349;7423;7497;7572;7648;7724;7801;7879;7958;8038;8118;8199;8281;8364;8448;8532;8618;8704;8791;8879;8968;9057;9148;9239;9332;9425;9519;9614;9711;9808;9906;10005;10105;10206;10308;10411;10515;10620;10727;10834;10942;11052;11162;11274>,8,<1000;1015;1030;1045;1060;1075;1090;1105;1120;1135;1160;1176;1192;1208;1224;1240;1256;1272;1288;1304;1340;1357;1374;1391;1408;1425;1442;1459;1476;1493;1540;1558;1576;1594;1612;1630;1648;1666;1684;1702;1960;1984;2008;2032;2056;2080;2104;2128;2152;2176;2300;2326;2352;2378;2404;2430;2456;2482;2508;2534;2680;2708;2736;2764;2792;2820;2848;2876;2904;2932;3100;3130;3160;3190;3220;3250;3280;3310;3340;3370;3560;3592;3624;3656;3688;3720;3752;3784;3816;3848;3880;3912;3944;3976;4008;4040;4072;4104;4136;4168;4210;4252;4294;4337;4381;4424;4469;4513;4558;4604;4650;4697;4744;4791;4839;4887;4936;4986;5035;5086;5137;5188;5240;5292;5345;5399;5453;5507;5562;5618;5674;5731;5788;5846;5904;5963;6023;6083;6144;6206;6268;6330;6394;6458;6522;6587;6653;6720;6787;6855;6923;6993;7063;7133;7204;7277;7349;7423;7497;7572;7648;7724;7801;7879;7958;8038;8118;8199;8281;8364;8448;8532;8618;8704;8791;8879;8968;9057;9148;9239;9332;9425;9519;9614;9711;9808;9906;10005;10105;10206;10308;10411;10515;10620;10727;10834;10942;11052;11162;11274>,90,<134;134;134;134;134;149;149;149;149;149;163;163;163;163;163;178;178;178;178;178;192;192;192;192;192;206;206;206;206;206;221;221;221;221;221;235;235;235;235;235;250;250;250;250;250;264;264;264;264;264;278;278;278;278;278;293;293;293;293;293;307;307;307;307;307;322;322;322;322;322;336;336;336;336;336;350;350;350;350;350;365;365;365;365;365;379;379;379;379;379;394;394;394;394;394;408;408;408;408;408;412;416;420;425;429;433;437;442;446;451;455;460;464;469;474;478;483;488;493;498;503;508;513;518;523;528;534;539;544;550;555;561;567;572;578;584;590;595;601;607;614;620;626;632;638;645;651;658;664;671;678;684;691;698;705;712;719;727;734;741;749;756;764;771;779;787;795;803;811;819;827;835;844;852;861;869;878;887;895;904;913;923;932;941;951;960;970;979;989;999;1009;1019;1029;1040;1050;1061;1071;1082;1093;1104>,0,<>,,{drawcard=hong_effect_loop}
40165,强击,強擊,Punch,Punch,강격,Soco,1,5,config/item/gem/icon_1_h_5.png,6,攻击向符石,攻擊向符石,Offensive-type,Offensive-type,공격 룬스톤,Tipo ofensivo,ประเภทรุก,9999,{529=2000},100,6,7,<1000;1015;1030;1045;1060;1075;1090;1105;1120;1135;1160;1176;1192;1208;1224;1240;1256;1272;1288;1304;1340;1357;1374;1391;1408;1425;1442;1459;1476;1493;1540;1558;1576;1594;1612;1630;1648;1666;1684;1702;1960;1984;2008;2032;2056;2080;2104;2128;2152;2176;2300;2326;2352;2378;2404;2430;2456;2482;2508;2534;2680;2708;2736;2764;2792;2820;2848;2876;2904;2932;3100;3130;3160;3190;3220;3250;3280;3310;3340;3370;3560;3592;3624;3656;3688;3720;3752;3784;3816;3848;3880;3912;3944;3976;4008;4040;4072;4104;4136;4168;4210;4252;4294;4337;4381;4424;4469;4513;4558;4604;4650;4697;4744;4791;4839;4887;4936;4986;5035;5086;5137;5188;5240;5292;5345;5399;5453;5507;5562;5618;5674;5731;5788;5846;5904;5963;6023;6083;6144;6206;6268;6330;6394;6458;6522;6587;6653;6720;6787;6855;6923;6993;7063;7133;7204;7277;7349;7423;7497;7572;7648;7724;7801;7879;7958;8038;8118;8199;8281;8364;8448;8532;8618;8704;8791;8879;8968;9057;9148;9239;9332;9425;9519;9614;9711;9808;9906;10005;10105;10206;10308;10411;10515;10620;10727;10834;10942;11052;11162;11274>,8,<1000;1015;1030;1045;1060;1075;1090;1105;1120;1135;1160;1176;1192;1208;1224;1240;1256;1272;1288;1304;1340;1357;1374;1391;1408;1425;1442;1459;1476;1493;1540;1558;1576;1594;1612;1630;1648;1666;1684;1702;1960;1984;2008;2032;2056;2080;2104;2128;2152;2176;2300;2326;2352;2378;2404;2430;2456;2482;2508;2534;2680;2708;2736;2764;2792;2820;2848;2876;2904;2932;3100;3130;3160;3190;3220;3250;3280;3310;3340;3370;3560;3592;3624;3656;3688;3720;3752;3784;3816;3848;3880;3912;3944;3976;4008;4040;4072;4104;4136;4168;4210;4252;4294;4337;4381;4424;4469;4513;4558;4604;4650;4697;4744;4791;4839;4887;4936;4986;5035;5086;5137;5188;5240;5292;5345;5399;5453;5507;5562;5618;5674;5731;5788;5846;5904;5963;6023;6083;6144;6206;6268;6330;6394;6458;6522;6587;6653;6720;6787;6855;6923;6993;7063;7133;7204;7277;7349;7423;7497;7572;7648;7724;7801;7879;7958;8038;8118;8199;8281;8364;8448;8532;8618;8704;8791;8879;8968;9057;9148;9239;9332;9425;9519;9614;9711;9808;9906;10005;10105;10206;10308;10411;10515;10620;10727;10834;10942;11052;11162;11274>,9,<700;711;721;732;742;753;763;774;784;795;812;823;834;846;857;868;879;890;902;913;938;950;962;974;986;998;1009;1021;1033;1045;1078;1091;1103;1116;1128;1141;1154;1166;1179;1191;1372;1389;1406;1422;1439;1456;1473;1490;1506;1523;1610;1628;1646;1665;1683;1701;1719;1737;1756;1774;1876;1896;1915;1935;1954;1974;1994;2013;2033;2052;2170;2191;2212;2233;2254;2275;2296;2317;2338;2359;2492;2514;2537;2559;2582;2604;2626;2649;2671;2694;2716;2738;2761;2783;2806;2828;2850;2873;2895;2918;2947;2977;3006;3036;3067;3098;3128;3160;3191;3223;3256;3288;3321;3354;3388;3422;3456;3490;3525;3561;3596;3632;3668;3705;3742;3780;3817;3856;3894;3933;3972;4012;4052;4093;4134;4175;4217;4259;4301;4345;4388;4432;4476;4521;4566;4612;4658;4704;4752;4799;4847;4895;4944;4994;5044;5094;5145;5197;5249;5301;5354;5408;5462;5516;5572;5627;5684;5740;5798;5856;5914;5973;6033;6094;6154;6216;6278;6341;6404;6468;6533;6598;6664;6731;6798;6866;6935;7004;7074;7145;7217;7289;7362;7435;7510;7585;7661;7737;7815;7893>,22,<67;67;67;67;67;74;74;74;74;74;82;82;82;82;82;89;89;89;89;89;96;96;96;96;96;103;103;103;103;103;110;110;110;110;110;118;118;118;118;118;125;125;125;125;125;132;132;132;132;132;139;139;139;139;139;146;146;146;146;146;154;154;154;154;154;161;161;161;161;161;168;168;168;168;168;175;175;175;175;175;182;182;182;182;182;190;190;190;190;190;197;197;197;197;197;204;204;204;204;204;206;208;210;212;214;217;219;221;223;225;228;230;232;234;237;239;242;244;246;249;251;254;256;259;262;264;267;270;272;275;278;280;283;286;289;292;295;298;301;304;307;310;313;316;319;322;326;329;332;336;339;342;346;349;353;356;360;363;367;371;374;378;382;386;390;393;397;401;405;409;413;418;422;426;430;435;439;443;448;452;457;461;466;471;475;480;485;490;495;500;505;510;515;520;525;530;536;541;546;552>,0,<>,,{drawcard=hong_effect_loop}
40166,强击,強擊,Punch,Punch,강격,Soco,1,6,config/item/gem/icon_1_h_6.png,6,攻击向符石,攻擊向符石,Offensive-type,Offensive-type,공격 룬스톤,Tipo ofensivo,ประเภทรุก,9999,{529=2000},100,6,7,<1000;1015;1030;1045;1060;1075;1090;1105;1120;1135;1160;1176;1192;1208;1224;1240;1256;1272;1288;1304;1340;1357;1374;1391;1408;1425;1442;1459;1476;1493;1540;1558;1576;1594;1612;1630;1648;1666;1684;1702;1960;1984;2008;2032;2056;2080;2104;2128;2152;2176;2300;2326;2352;2378;2404;2430;2456;2482;2508;2534;2680;2708;2736;2764;2792;2820;2848;2876;2904;2932;3100;3130;3160;3190;3220;3250;3280;3310;3340;3370;3560;3592;3624;3656;3688;3720;3752;3784;3816;3848;3880;3912;3944;3976;4008;4040;4072;4104;4136;4168;4210;4252;4294;4337;4381;4424;4469;4513;4558;4604;4650;4697;4744;4791;4839;4887;4936;4986;5035;5086;5137;5188;5240;5292;5345;5399;5453;5507;5562;5618;5674;5731;5788;5846;5904;5963;6023;6083;6144;6206;6268;6330;6394;6458;6522;6587;6653;6720;6787;6855;6923;6993;7063;7133;7204;7277;7349;7423;7497;7572;7648;7724;7801;7879;7958;8038;8118;8199;8281;8364;8448;8532;8618;8704;8791;8879;8968;9057;9148;9239;9332;9425;9519;9614;9711;9808;9906;10005;10105;10206;10308;10411;10515;10620;10727;10834;10942;11052;11162;11274>,8,<1000;1015;1030;1045;1060;1075;1090;1105;1120;1135;1160;1176;1192;1208;1224;1240;1256;1272;1288;1304;1340;1357;1374;1391;1408;1425;1442;1459;1476;1493;1540;1558;1576;1594;1612;1630;1648;1666;1684;1702;1960;1984;2008;2032;2056;2080;2104;2128;2152;2176;2300;2326;2352;2378;2404;2430;2456;2482;2508;2534;2680;2708;2736;2764;2792;2820;2848;2876;2904;2932;3100;3130;3160;3190;3220;3250;3280;3310;3340;3370;3560;3592;3624;3656;3688;3720;3752;3784;3816;3848;3880;3912;3944;3976;4008;4040;4072;4104;4136;4168;4210;4252;4294;4337;4381;4424;4469;4513;4558;4604;4650;4697;4744;4791;4839;4887;4936;4986;5035;5086;5137;5188;5240;5292;5345;5399;5453;5507;5562;5618;5674;5731;5788;5846;5904;5963;6023;6083;6144;6206;6268;6330;6394;6458;6522;6587;6653;6720;6787;6855;6923;6993;7063;7133;7204;7277;7349;7423;7497;7572;7648;7724;7801;7879;7958;8038;8118;8199;8281;8364;8448;8532;8618;8704;8791;8879;8968;9057;9148;9239;9332;9425;9519;9614;9711;9808;9906;10005;10105;10206;10308;10411;10515;10620;10727;10834;10942;11052;11162;11274>,10,<700;711;721;732;742;753;763;774;784;795;812;823;834;846;857;868;879;890;902;913;938;950;962;974;986;998;1009;1021;1033;1045;1078;1091;1103;1116;1128;1141;1154;1166;1179;1191;1372;1389;1406;1422;1439;1456;1473;1490;1506;1523;1610;1628;1646;1665;1683;1701;1719;1737;1756;1774;1876;1896;1915;1935;1954;1974;1994;2013;2033;2052;2170;2191;2212;2233;2254;2275;2296;2317;2338;2359;2492;2514;2537;2559;2582;2604;2626;2649;2671;2694;2716;2738;2761;2783;2806;2828;2850;2873;2895;2918;2947;2977;3006;3036;3067;3098;3128;3160;3191;3223;3256;3288;3321;3354;3388;3422;3456;3490;3525;3561;3596;3632;3668;3705;3742;3780;3817;3856;3894;3933;3972;4012;4052;4093;4134;4175;4217;4259;4301;4345;4388;4432;4476;4521;4566;4612;4658;4704;4752;4799;4847;4895;4944;4994;5044;5094;5145;5197;5249;5301;5354;5408;5462;5516;5572;5627;5684;5740;5798;5856;5914;5973;6033;6094;6154;6216;6278;6341;6404;6468;6533;6598;6664;6731;6798;6866;6935;7004;7074;7145;7217;7289;7362;7435;7510;7585;7661;7737;7815;7893>,23,<67;67;67;67;67;74;74;74;74;74;82;82;82;82;82;89;89;89;89;89;96;96;96;96;96;103;103;103;103;103;110;110;110;110;110;118;118;118;118;118;125;125;125;125;125;132;132;132;132;132;139;139;139;139;139;146;146;146;146;146;154;154;154;154;154;161;161;161;161;161;168;168;168;168;168;175;175;175;175;175;182;182;182;182;182;190;190;190;190;190;197;197;197;197;197;204;204;204;204;204;206;208;210;212;214;217;219;221;223;225;228;230;232;234;237;239;242;244;246;249;251;254;256;259;262;264;267;270;272;275;278;280;283;286;289;292;295;298;301;304;307;310;313;316;319;322;326;329;332;336;339;342;346;349;353;356;360;363;367;371;374;378;382;386;390;393;397;401;405;409;413;418;422;426;430;435;439;443;448;452;457;461;466;471;475;480;485;490;495;500;505;510;515;520;525;530;536;541;546;552>,0,<>,,{drawcard=hong_effect_loop}
40221,致命,致命,Deadly,Deadly,치명,Mortal,2,1,config/item/gem/icon_6_lv_1.png,2,攻击向符石,攻擊向符石,Offensive-type,Offensive-type,공격 룬스톤,Tipo ofensivo,ประเภทรุก,9999,{529=20},100,2,7,<200;203;206;209;212;215;218;221;224;227;232;235;238;242;245;248;251;254;258;261;268;271;275;278;282;285;288;292;295;299;308;312;315;319;322;326;330;333;337;340;360;364;368;372;376;380;384;388;392;396;420;424;429;433;438;442;446;451;455;460;488;493;498;502;507;512;517;522;526;531;564;569;574;580;585;590;595;600;606;611;648;654;659;665;670;676;682;687;693;698;740;746;752;758;764;770;776;782;788;794;802;810;818;826;835;843;851;860;868;877;886;895;904;913;922;931;940;950;959;969;979;988;998;1008;1018;1028;1039;1049;1060;1070;1081;1092;1103;1114;1125;1136;1147;1159;1170;1182;1194;1206;1218;1230;1242;1255;1267;1280;1293;1306;1319;1332;1345;1359;1372;1386;1400;1414;1428;1442;1457;1471;1486;1501;1516;1531;1547;1562;1578;1593;1609;1625;1642;1658;1675;1691;1708;1725;1743;1760;1778;1795;1813;1832;1850;1868;1887;1906;1925;1944;1964;1983;2003;2023;2043;2064;2084;2105;2126;2148>,8,<200;203;206;209;212;215;218;221;224;227;232;235;238;242;245;248;251;254;258;261;268;271;275;278;282;285;288;292;295;299;308;312;315;319;322;326;330;333;337;340;360;364;368;372;376;380;384;388;392;396;420;424;429;433;438;442;446;451;455;460;488;493;498;502;507;512;517;522;526;531;564;569;574;580;585;590;595;600;606;611;648;654;659;665;670;676;682;687;693;698;740;746;752;758;764;770;776;782;788;794;802;810;818;826;835;843;851;860;868;877;886;895;904;913;922;931;940;950;959;969;979;988;998;1008;1018;1028;1039;1049;1060;1070;1081;1092;1103;1114;1125;1136;1147;1159;1170;1182;1194;1206;1218;1230;1242;1255;1267;1280;1293;1306;1319;1332;1345;1359;1372;1386;1400;1414;1428;1442;1457;1471;1486;1501;1516;1531;1547;1562;1578;1593;1609;1625;1642;1658;1675;1691;1708;1725;1743;1760;1778;1795;1813;1832;1850;1868;1887;1906;1925;1944;1964;1983;2003;2023;2043;2064;2084;2105;2126;2148>,14,<22;22;22;22;22;25;25;25;25;25;27;27;27;27;27;30;30;30;30;30;32;32;32;32;32;34;34;34;34;34;37;37;37;37;37;39;39;39;39;39;42;42;42;42;42;44;44;44;44;44;46;46;46;46;46;49;49;49;49;49;51;51;51;51;51;54;54;54;54;54;56;56;56;56;56;58;58;58;58;58;61;61;61;61;61;63;63;63;63;63;66;66;66;66;66;68;68;68;68;68;69;69;70;71;71;72;73;74;74;75;76;77;77;78;79;80;81;81;82;83;84;85;85;86;87;88;89;90;91;92;93;93;94;95;96;97;98;99;100;101;102;103;104;105;106;107;109;110;111;112;113;114;115;116;118;119;120;121;122;124;125;126;127;129;130;131;132;134;135;136;138;139;141;142;143;145;146;148;149;151;152;154;155;157;158;160;162;163;165;167;168;170;172;173;175;177;179;180;182;184>,0,<>,0,<>,,{drawcard=false;gain=false}
40222,致命,致命,Deadly,Deadly,치명,Mortal,2,2,config/item/gem/icon_6_lv_2.png,2,攻击向符石,攻擊向符石,Offensive-type,Offensive-type,공격 룬스톤,Tipo ofensivo,ประเภทรุก,9999,{529=20},100,2,7,<200;203;206;209;212;215;218;221;224;227;232;235;238;242;245;248;251;254;258;261;268;271;275;278;282;285;288;292;295;299;308;312;315;319;322;326;330;333;337;340;360;364;368;372;376;380;384;388;392;396;420;424;429;433;438;442;446;451;455;460;488;493;498;502;507;512;517;522;526;531;564;569;574;580;585;590;595;600;606;611;648;654;659;665;670;676;682;687;693;698;740;746;752;758;764;770;776;782;788;794;802;810;818;826;835;843;851;860;868;877;886;895;904;913;922;931;940;950;959;969;979;988;998;1008;1018;1028;1039;1049;1060;1070;1081;1092;1103;1114;1125;1136;1147;1159;1170;1182;1194;1206;1218;1230;1242;1255;1267;1280;1293;1306;1319;1332;1345;1359;1372;1386;1400;1414;1428;1442;1457;1471;1486;1501;1516;1531;1547;1562;1578;1593;1609;1625;1642;1658;1675;1691;1708;1725;1743;1760;1778;1795;1813;1832;1850;1868;1887;1906;1925;1944;1964;1983;2003;2023;2043;2064;2084;2105;2126;2148>,8,<200;203;206;209;212;215;218;221;224;227;232;235;238;242;245;248;251;254;258;261;268;271;275;278;282;285;288;292;295;299;308;312;315;319;322;326;330;333;337;340;360;364;368;372;376;380;384;388;392;396;420;424;429;433;438;442;446;451;455;460;488;493;498;502;507;512;517;522;526;531;564;569;574;580;585;590;595;600;606;611;648;654;659;665;670;676;682;687;693;698;740;746;752;758;764;770;776;782;788;794;802;810;818;826;835;843;851;860;868;877;886;895;904;913;922;931;940;950;959;969;979;988;998;1008;1018;1028;1039;1049;1060;1070;1081;1092;1103;1114;1125;1136;1147;1159;1170;1182;1194;1206;1218;1230;1242;1255;1267;1280;1293;1306;1319;1332;1345;1359;1372;1386;1400;1414;1428;1442;1457;1471;1486;1501;1516;1531;1547;1562;1578;1593;1609;1625;1642;1658;1675;1691;1708;1725;1743;1760;1778;1795;1813;1832;1850;1868;1887;1906;1925;1944;1964;1983;2003;2023;2043;2064;2084;2105;2126;2148>,15,<34;34;34;34;34;37;37;37;37;37;41;41;41;41;41;44;44;44;44;44;48;48;48;48;48;52;52;52;52;52;55;55;55;55;55;59;59;59;59;59;62;62;62;62;62;66;66;66;66;66;70;70;70;70;70;73;73;73;73;73;77;77;77;77;77;80;80;80;80;80;84;84;84;84;84;88;88;88;88;88;91;91;91;91;91;95;95;95;95;95;98;98;98;98;98;102;102;102;102;102;103;104;105;106;107;108;109;110;112;113;114;115;116;117;118;120;121;122;123;124;126;127;128;130;131;132;133;135;136;137;139;140;142;143;144;146;147;149;150;152;153;155;156;158;160;161;163;164;166;168;169;171;173;175;176;178;180;182;183;185;187;189;191;193;195;197;199;201;203;205;207;209;211;213;215;217;219;222;224;226;228;231;233;235;238;240;242;245;247;250;252;255;257;260;263;265;268;270;273;276>,0,<>,0,<>,,{drawcard=false;gain=false}
40223,致命,致命,Deadly,Deadly,치명,Mortal,2,3,config/item/gem/icon_6_lv_3.png,2,攻击向符石,攻擊向符石,Offensive-type,Offensive-type,공격 룬스톤,Tipo ofensivo,ประเภทรุก,9999,{529=20},100,2,1,<1008;1023;1038;1053;1068;1084;1099;1114;1129;1144;1169;1185;1202;1218;1234;1250;1266;1282;1298;1314;1351;1368;1385;1402;1419;1436;1454;1471;1488;1505;1552;1570;1589;1607;1625;1643;1661;1679;1697;1716;1814;1835;1855;1875;1895;1915;1935;1956;1976;1996;2117;2139;2161;2183;2206;2228;2250;2272;2294;2316;2460;2484;2508;2532;2556;2580;2605;2629;2653;2677;2843;2869;2895;2921;2947;2974;3000;3026;3052;3078;3266;3294;3322;3351;3379;3407;3435;3463;3492;3520;3730;3760;3790;3820;3851;3881;3911;3941;3972;4002;4042;4082;4123;4164;4206;4248;4291;4334;4377;4421;4465;4510;4555;4600;4646;4693;4740;4787;4835;4883;4932;4981;5031;5081;5132;5184;5235;5288;5341;5394;5448;5503;5558;5613;5669;5726;5783;5841;5899;5958;6018;6078;6139;6200;6262;6325;6388;6452;6517;6582;6648;6714;6781;6849;6918;6987;7057;7127;7198;7270;7343;7417;7491;7566;7641;7718;7795;7873;7952;8031;8111;8192;8274;8357;8441;8525;8610;8696;8783;8871;8960;9050;9140;9232;9324;9417;9511;9606;9702;9799;9897;9996;10096;10197;10299;10402;10506;10611;10717;10825>,7,<200;203;206;209;212;215;218;221;224;227;232;235;238;242;245;248;251;254;258;261;268;271;275;278;282;285;288;292;295;299;308;312;315;319;322;326;330;333;337;340;360;364;368;372;376;380;384;388;392;396;420;424;429;433;438;442;446;451;455;460;488;493;498;502;507;512;517;522;526;531;564;569;574;580;585;590;595;600;606;611;648;654;659;665;670;676;682;687;693;698;740;746;752;758;764;770;776;782;788;794;802;810;818;826;835;843;851;860;868;877;886;895;904;913;922;931;940;950;959;969;979;988;998;1008;1018;1028;1039;1049;1060;1070;1081;1092;1103;1114;1125;1136;1147;1159;1170;1182;1194;1206;1218;1230;1242;1255;1267;1280;1293;1306;1319;1332;1345;1359;1372;1386;1400;1414;1428;1442;1457;1471;1486;1501;1516;1531;1547;1562;1578;1593;1609;1625;1642;1658;1675;1691;1708;1725;1743;1760;1778;1795;1813;1832;1850;1868;1887;1906;1925;1944;1964;1983;2003;2023;2043;2064;2084;2105;2126;2148>,8,<200;203;206;209;212;215;218;221;224;227;232;235;238;242;245;248;251;254;258;261;268;271;275;278;282;285;288;292;295;299;308;312;315;319;322;326;330;333;337;340;360;364;368;372;376;380;384;388;392;396;420;424;429;433;438;442;446;451;455;460;488;493;498;502;507;512;517;522;526;531;564;569;574;580;585;590;595;600;606;611;648;654;659;665;670;676;682;687;693;698;740;746;752;758;764;770;776;782;788;794;802;810;818;826;835;843;851;860;868;877;886;895;904;913;922;931;940;950;959;969;979;988;998;1008;1018;1028;1039;1049;1060;1070;1081;1092;1103;1114;1125;1136;1147;1159;1170;1182;1194;1206;1218;1230;1242;1255;1267;1280;1293;1306;1319;1332;1345;1359;1372;1386;1400;1414;1428;1442;1457;1471;1486;1501;1516;1531;1547;1562;1578;1593;1609;1625;1642;1658;1675;1691;1708;1725;1743;1760;1778;1795;1813;1832;1850;1868;1887;1906;1925;1944;1964;1983;2003;2023;2043;2064;2084;2105;2126;2148>,11,<22;22;22;22;22;25;25;25;25;25;27;27;27;27;27;30;30;30;30;30;32;32;32;32;32;34;34;34;34;34;37;37;37;37;37;39;39;39;39;39;42;42;42;42;42;44;44;44;44;44;46;46;46;46;46;49;49;49;49;49;51;51;51;51;51;54;54;54;54;54;56;56;56;56;56;58;58;58;58;58;61;61;61;61;61;63;63;63;63;63;66;66;66;66;66;68;68;68;68;68;69;69;70;71;71;72;73;74;74;75;76;77;77;78;79;80;81;81;82;83;84;85;85;86;87;88;89;90;91;92;93;93;94;95;96;97;98;99;100;101;102;103;104;105;106;107;109;110;111;112;113;114;115;116;118;119;120;121;122;124;125;126;127;129;130;131;132;134;135;136;138;139;141;142;143;145;146;148;149;151;152;154;155;157;158;160;162;163;165;167;168;170;172;173;175;177;179;180;182;184>,12,<22;22;22;22;22;25;25;25;25;25;27;27;27;27;27;30;30;30;30;30;32;32;32;32;32;34;34;34;34;34;37;37;37;37;37;39;39;39;39;39;42;42;42;42;42;44;44;44;44;44;46;46;46;46;46;49;49;49;49;49;51;51;51;51;51;54;54;54;54;54;56;56;56;56;56;58;58;58;58;58;61;61;61;61;61;63;63;63;63;63;66;66;66;66;66;68;68;68;68;68;69;69;70;71;71;72;73;74;74;75;76;77;77;78;79;80;81;81;82;83;84;85;85;86;87;88;89;90;91;92;93;93;94;95;96;97;98;99;100;101;102;103;104;105;106;107;109;110;111;112;113;114;115;116;118;119;120;121;122;124;125;126;127;129;130;131;132;134;135;136;138;139;141;142;143;145;146;148;149;151;152;154;155;157;158;160;162;163;165;167;168;170;172;173;175;177;179;180;182;184>,,{drawcard=false;gain=false}
40224,致命,致命,Deadly,Deadly,치명,Mortal,2,4,config/item/gem/icon_6_lv_4.png,2,攻击向符石,攻擊向符石,Offensive-type,Offensive-type,공격 룬스톤,Tipo ofensivo,ประเภทรุก,9999,{529=20},100,2,1,<1008;1023;1038;1053;1068;1084;1099;1114;1129;1144;1169;1185;1202;1218;1234;1250;1266;1282;1298;1314;1351;1368;1385;1402;1419;1436;1454;1471;1488;1505;1552;1570;1589;1607;1625;1643;1661;1679;1697;1716;1814;1835;1855;1875;1895;1915;1935;1956;1976;1996;2117;2139;2161;2183;2206;2228;2250;2272;2294;2316;2460;2484;2508;2532;2556;2580;2605;2629;2653;2677;2843;2869;2895;2921;2947;2974;3000;3026;3052;3078;3266;3294;3322;3351;3379;3407;3435;3463;3492;3520;3730;3760;3790;3820;3851;3881;3911;3941;3972;4002;4042;4082;4123;4164;4206;4248;4291;4334;4377;4421;4465;4510;4555;4600;4646;4693;4740;4787;4835;4883;4932;4981;5031;5081;5132;5184;5235;5288;5341;5394;5448;5503;5558;5613;5669;5726;5783;5841;5899;5958;6018;6078;6139;6200;6262;6325;6388;6452;6517;6582;6648;6714;6781;6849;6918;6987;7057;7127;7198;7270;7343;7417;7491;7566;7641;7718;7795;7873;7952;8031;8111;8192;8274;8357;8441;8525;8610;8696;8783;8871;8960;9050;9140;9232;9324;9417;9511;9606;9702;9799;9897;9996;10096;10197;10299;10402;10506;10611;10717;10825>,7,<200;203;206;209;212;215;218;221;224;227;232;235;238;242;245;248;251;254;258;261;268;271;275;278;282;285;288;292;295;299;308;312;315;319;322;326;330;333;337;340;360;364;368;372;376;380;384;388;392;396;420;424;429;433;438;442;446;451;455;460;488;493;498;502;507;512;517;522;526;531;564;569;574;580;585;590;595;600;606;611;648;654;659;665;670;676;682;687;693;698;740;746;752;758;764;770;776;782;788;794;802;810;818;826;835;843;851;860;868;877;886;895;904;913;922;931;940;950;959;969;979;988;998;1008;1018;1028;1039;1049;1060;1070;1081;1092;1103;1114;1125;1136;1147;1159;1170;1182;1194;1206;1218;1230;1242;1255;1267;1280;1293;1306;1319;1332;1345;1359;1372;1386;1400;1414;1428;1442;1457;1471;1486;1501;1516;1531;1547;1562;1578;1593;1609;1625;1642;1658;1675;1691;1708;1725;1743;1760;1778;1795;1813;1832;1850;1868;1887;1906;1925;1944;1964;1983;2003;2023;2043;2064;2084;2105;2126;2148>,8,<200;203;206;209;212;215;218;221;224;227;232;235;238;242;245;248;251;254;258;261;268;271;275;278;282;285;288;292;295;299;308;312;315;319;322;326;330;333;337;340;360;364;368;372;376;380;384;388;392;396;420;424;429;433;438;442;446;451;455;460;488;493;498;502;507;512;517;522;526;531;564;569;574;580;585;590;595;600;606;611;648;654;659;665;670;676;682;687;693;698;740;746;752;758;764;770;776;782;788;794;802;810;818;826;835;843;851;860;868;877;886;895;904;913;922;931;940;950;959;969;979;988;998;1008;1018;1028;1039;1049;1060;1070;1081;1092;1103;1114;1125;1136;1147;1159;1170;1182;1194;1206;1218;1230;1242;1255;1267;1280;1293;1306;1319;1332;1345;1359;1372;1386;1400;1414;1428;1442;1457;1471;1486;1501;1516;1531;1547;1562;1578;1593;1609;1625;1642;1658;1675;1691;1708;1725;1743;1760;1778;1795;1813;1832;1850;1868;1887;1906;1925;1944;1964;1983;2003;2023;2043;2064;2084;2105;2126;2148>,90,<27;27;27;27;27;30;30;30;30;30;33;33;33;33;33;36;36;36;36;36;38;38;38;38;38;41;41;41;41;41;44;44;44;44;44;47;47;47;47;47;50;50;50;50;50;53;53;53;53;53;56;56;56;56;56;59;59;59;59;59;61;61;61;61;61;64;64;64;64;64;67;67;67;67;67;70;70;70;70;70;73;73;73;73;73;76;76;76;76;76;79;79;79;79;79;82;82;82;82;82;83;84;84;85;86;87;88;89;90;91;91;92;93;94;95;96;97;98;99;100;101;102;103;104;105;106;107;108;109;111;112;113;114;115;116;117;118;120;121;122;123;125;126;127;128;130;131;132;134;135;136;138;139;140;142;143;145;146;147;149;150;152;153;155;157;158;160;161;163;165;166;168;170;171;173;175;176;178;180;182;184;185;187;189;191;193;195;197;199;201;203;205;207;209;211;213;215;217;220;222>,0,<>,,{drawcard=false;gain=false}
40225,致命,致命,Deadly,Deadly,치명,Mortal,2,5,config/item/gem/icon_6_lv_5.png,2,攻击向符石,攻擊向符石,Offensive-type,Offensive-type,공격 룬스톤,Tipo ofensivo,ประเภทรุก,9999,{529=20},100,2,7,<200;203;206;209;212;215;218;221;224;227;232;235;238;242;245;248;251;254;258;261;268;271;275;278;282;285;288;292;295;299;308;312;315;319;322;326;330;333;337;340;360;364;368;372;376;380;384;388;392;396;420;424;429;433;438;442;446;451;455;460;488;493;498;502;507;512;517;522;526;531;564;569;574;580;585;590;595;600;606;611;648;654;659;665;670;676;682;687;693;698;740;746;752;758;764;770;776;782;788;794;802;810;818;826;835;843;851;860;868;877;886;895;904;913;922;931;940;950;959;969;979;988;998;1008;1018;1028;1039;1049;1060;1070;1081;1092;1103;1114;1125;1136;1147;1159;1170;1182;1194;1206;1218;1230;1242;1255;1267;1280;1293;1306;1319;1332;1345;1359;1372;1386;1400;1414;1428;1442;1457;1471;1486;1501;1516;1531;1547;1562;1578;1593;1609;1625;1642;1658;1675;1691;1708;1725;1743;1760;1778;1795;1813;1832;1850;1868;1887;1906;1925;1944;1964;1983;2003;2023;2043;2064;2084;2105;2126;2148>,8,<200;203;206;209;212;215;218;221;224;227;232;235;238;242;245;248;251;254;258;261;268;271;275;278;282;285;288;292;295;299;308;312;315;319;322;326;330;333;337;340;360;364;368;372;376;380;384;388;392;396;420;424;429;433;438;442;446;451;455;460;488;493;498;502;507;512;517;522;526;531;564;569;574;580;585;590;595;600;606;611;648;654;659;665;670;676;682;687;693;698;740;746;752;758;764;770;776;782;788;794;802;810;818;826;835;843;851;860;868;877;886;895;904;913;922;931;940;950;959;969;979;988;998;1008;1018;1028;1039;1049;1060;1070;1081;1092;1103;1114;1125;1136;1147;1159;1170;1182;1194;1206;1218;1230;1242;1255;1267;1280;1293;1306;1319;1332;1345;1359;1372;1386;1400;1414;1428;1442;1457;1471;1486;1501;1516;1531;1547;1562;1578;1593;1609;1625;1642;1658;1675;1691;1708;1725;1743;1760;1778;1795;1813;1832;1850;1868;1887;1906;1925;1944;1964;1983;2003;2023;2043;2064;2084;2105;2126;2148>,9,<140;142;144;146;148;151;153;155;157;159;162;165;167;169;171;174;176;178;180;183;188;190;192;195;197;200;202;204;207;209;216;218;221;223;226;228;231;233;236;238;252;255;258;260;263;266;269;272;274;277;294;297;300;303;306;309;312;316;319;322;342;345;348;352;355;358;362;365;368;372;395;398;402;406;409;413;417;420;424;428;454;458;461;465;469;473;477;481;485;489;518;522;526;531;535;539;543;547;552;556;562;567;573;579;584;590;596;602;608;614;620;627;633;639;645;652;658;665;672;678;685;692;699;706;713;720;727;735;742;749;757;764;772;780;788;796;803;811;820;828;836;844;853;861;870;879;888;896;905;914;924;933;942;952;961;971;980;990;1000;1010;1020;1030;1041;1051;1062;1072;1083;1094;1105;1116;1127;1138;1150;1161;1173;1184;1196;1208;1220;1232;1245;1257;1270;1283;1295;1308;1321;1335;1348;1361;1375;1389;1403;1417;1431;1445;1460;1474;1489;1504>,22,<13;13;13;13;13;15;15;15;15;15;16;16;16;16;16;18;18;18;18;18;19;19;19;19;19;21;21;21;21;21;22;22;22;22;22;24;24;24;24;24;25;25;25;25;25;26;26;26;26;26;28;28;28;28;28;29;29;29;29;29;31;31;31;31;31;32;32;32;32;32;34;34;34;34;34;35;35;35;35;35;36;36;36;36;36;38;38;38;38;38;39;39;39;39;39;41;41;41;41;41;41;42;42;43;43;44;44;44;45;45;46;46;47;47;48;48;49;49;50;50;51;51;52;52;53;53;54;54;55;55;56;56;57;58;58;59;59;60;60;61;62;62;63;64;64;65;65;66;67;67;68;69;69;70;71;72;72;73;74;74;75;76;77;78;78;79;80;81;81;82;83;84;85;86;86;87;88;89;90;91;92;93;94;95;96;96;97;98;99;100;101;102;103;104;106;107;108;109;110;111>,0,<>,,{drawcard=false;gain=false}
40226,致命,致命,Deadly,Deadly,치명,Mortal,2,6,config/item/gem/icon_6_lv_6.png,2,攻击向符石,攻擊向符石,Offensive-type,Offensive-type,공격 룬스톤,Tipo ofensivo,ประเภทรุก,9999,{529=20},100,2,7,<200;203;206;209;212;215;218;221;224;227;232;235;238;242;245;248;251;254;258;261;268;271;275;278;282;285;288;292;295;299;308;312;315;319;322;326;330;333;337;340;360;364;368;372;376;380;384;388;392;396;420;424;429;433;438;442;446;451;455;460;488;493;498;502;507;512;517;522;526;531;564;569;574;580;585;590;595;600;606;611;648;654;659;665;670;676;682;687;693;698;740;746;752;758;764;770;776;782;788;794;802;810;818;826;835;843;851;860;868;877;886;895;904;913;922;931;940;950;959;969;979;988;998;1008;1018;1028;1039;1049;1060;1070;1081;1092;1103;1114;1125;1136;1147;1159;1170;1182;1194;1206;1218;1230;1242;1255;1267;1280;1293;1306;1319;1332;1345;1359;1372;1386;1400;1414;1428;1442;1457;1471;1486;1501;1516;1531;1547;1562;1578;1593;1609;1625;1642;1658;1675;1691;1708;1725;1743;1760;1778;1795;1813;1832;1850;1868;1887;1906;1925;1944;1964;1983;2003;2023;2043;2064;2084;2105;2126;2148>,8,<200;203;206;209;212;215;218;221;224;227;232;235;238;242;245;248;251;254;258;261;268;271;275;278;282;285;288;292;295;299;308;312;315;319;322;326;330;333;337;340;360;364;368;372;376;380;384;388;392;396;420;424;429;433;438;442;446;451;455;460;488;493;498;502;507;512;517;522;526;531;564;569;574;580;585;590;595;600;606;611;648;654;659;665;670;676;682;687;693;698;740;746;752;758;764;770;776;782;788;794;802;810;818;826;835;843;851;860;868;877;886;895;904;913;922;931;940;950;959;969;979;988;998;1008;1018;1028;1039;1049;1060;1070;1081;1092;1103;1114;1125;1136;1147;1159;1170;1182;1194;1206;1218;1230;1242;1255;1267;1280;1293;1306;1319;1332;1345;1359;1372;1386;1400;1414;1428;1442;1457;1471;1486;1501;1516;1531;1547;1562;1578;1593;1609;1625;1642;1658;1675;1691;1708;1725;1743;1760;1778;1795;1813;1832;1850;1868;1887;1906;1925;1944;1964;1983;2003;2023;2043;2064;2084;2105;2126;2148>,10,<140;142;144;146;148;151;153;155;157;159;162;165;167;169;171;174;176;178;180;183;188;190;192;195;197;200;202;204;207;209;216;218;221;223;226;228;231;233;236;238;252;255;258;260;263;266;269;272;274;277;294;297;300;303;306;309;312;316;319;322;342;345;348;352;355;358;362;365;368;372;395;398;402;406;409;413;417;420;424;428;454;458;461;465;469;473;477;481;485;489;518;522;526;531;535;539;543;547;552;556;562;567;573;579;584;590;596;602;608;614;620;627;633;639;645;652;658;665;672;678;685;692;699;706;713;720;727;735;742;749;757;764;772;780;788;796;803;811;820;828;836;844;853;861;870;879;888;896;905;914;924;933;942;952;961;971;980;990;1000;1010;1020;1030;1041;1051;1062;1072;1083;1094;1105;1116;1127;1138;1150;1161;1173;1184;1196;1208;1220;1232;1245;1257;1270;1283;1295;1308;1321;1335;1348;1361;1375;1389;1403;1417;1431;1445;1460;1474;1489;1504>,23,<13;13;13;13;13;15;15;15;15;15;16;16;16;16;16;18;18;18;18;18;19;19;19;19;19;21;21;21;21;21;22;22;22;22;22;24;24;24;24;24;25;25;25;25;25;26;26;26;26;26;28;28;28;28;28;29;29;29;29;29;31;31;31;31;31;32;32;32;32;32;34;34;34;34;34;35;35;35;35;35;36;36;36;36;36;38;38;38;38;38;39;39;39;39;39;41;41;41;41;41;41;42;42;43;43;44;44;44;45;45;46;46;47;47;48;48;49;49;50;50;51;51;52;52;53;53;54;54;55;55;56;56;57;58;58;59;59;60;60;61;62;62;63;64;64;65;65;66;67;67;68;69;69;70;71;72;72;73;74;74;75;76;77;78;78;79;80;81;81;82;83;84;85;86;86;87;88;89;90;91;92;93;94;95;96;96;97;98;99;100;101;102;103;104;106;107;108;109;110;111>,0,<>,,{drawcard=false;gain=false}
40231,致命,致命,Deadly,Deadly,치명,Mortal,2,1,config/item/gem/icon_6_l_1.png,3,攻击向符石,攻擊向符石,Offensive-type,Offensive-type,공격 룬스톤,Tipo ofensivo,ประเภทรุก,9999,{529=40},100,3,7,<300;305;309;314;318;323;327;332;336;341;348;353;358;362;367;372;377;382;386;391;402;407;412;417;422;428;433;438;443;448;462;467;473;478;484;489;494;500;505;511;540;546;552;558;564;570;576;582;588;594;630;637;643;650;656;663;670;676;683;689;732;739;746;754;761;768;775;782;790;797;846;854;862;869;877;885;893;901;908;916;972;980;989;997;1006;1014;1022;1031;1039;1048;1110;1119;1128;1137;1146;1155;1164;1173;1182;1191;1203;1215;1227;1239;1252;1264;1277;1290;1303;1316;1329;1342;1355;1369;1383;1397;1411;1425;1439;1453;1468;1482;1497;1512;1527;1543;1558;1574;1589;1605;1621;1638;1654;1670;1687;1704;1721;1738;1756;1773;1791;1809;1827;1845;1864;1882;1901;1920;1939;1959;1978;1998;2018;2038;2059;2079;2100;2121;2142;2164;2185;2207;2229;2252;2274;2297;2320;2343;2366;2390;2414;2438;2462;2487;2512;2537;2562;2588;2614;2640;2667;2693;2720;2747;2775;2803;2831;2859;2887;2916;2945;2975;3005;3035;3065;3096;3127;3158;3190;3221>,8,<300;305;309;314;318;323;327;332;336;341;348;353;358;362;367;372;377;382;386;391;402;407;412;417;422;428;433;438;443;448;462;467;473;478;484;489;494;500;505;511;540;546;552;558;564;570;576;582;588;594;630;637;643;650;656;663;670;676;683;689;732;739;746;754;761;768;775;782;790;797;846;854;862;869;877;885;893;901;908;916;972;980;989;997;1006;1014;1022;1031;1039;1048;1110;1119;1128;1137;1146;1155;1164;1173;1182;1191;1203;1215;1227;1239;1252;1264;1277;1290;1303;1316;1329;1342;1355;1369;1383;1397;1411;1425;1439;1453;1468;1482;1497;1512;1527;1543;1558;1574;1589;1605;1621;1638;1654;1670;1687;1704;1721;1738;1756;1773;1791;1809;1827;1845;1864;1882;1901;1920;1939;1959;1978;1998;2018;2038;2059;2079;2100;2121;2142;2164;2185;2207;2229;2252;2274;2297;2320;2343;2366;2390;2414;2438;2462;2487;2512;2537;2562;2588;2614;2640;2667;2693;2720;2747;2775;2803;2831;2859;2887;2916;2945;2975;3005;3035;3065;3096;3127;3158;3190;3221>,14,<34;34;34;34;34;37;37;37;37;37;41;41;41;41;41;44;44;44;44;44;48;48;48;48;48;52;52;52;52;52;55;55;55;55;55;59;59;59;59;59;62;62;62;62;62;66;66;66;66;66;70;70;70;70;70;73;73;73;73;73;77;77;77;77;77;80;80;80;80;80;84;84;84;84;84;88;88;88;88;88;91;91;91;91;91;95;95;95;95;95;98;98;98;98;98;102;102;102;102;102;103;104;105;106;107;108;109;110;112;113;114;115;116;117;118;120;121;122;123;124;126;127;128;130;131;132;133;135;136;137;139;140;142;143;144;146;147;149;150;152;153;155;156;158;160;161;163;164;166;168;169;171;173;175;176;178;180;182;183;185;187;189;191;193;195;197;199;201;203;205;207;209;211;213;215;217;219;222;224;226;228;231;233;235;238;240;242;245;247;250;252;255;257;260;263;265;268;270;273;276>,0,<>,0,<>,,{drawcard=false;gain=false}
40232,致命,致命,Deadly,Deadly,치명,Mortal,2,2,config/item/gem/icon_6_l_2.png,3,攻击向符石,攻擊向符石,Offensive-type,Offensive-type,공격 룬스톤,Tipo ofensivo,ประเภทรุก,9999,{529=40},100,3,7,<300;305;309;314;318;323;327;332;336;341;348;353;358;362;367;372;377;382;386;391;402;407;412;417;422;428;433;438;443;448;462;467;473;478;484;489;494;500;505;511;540;546;552;558;564;570;576;582;588;594;630;637;643;650;656;663;670;676;683;689;732;739;746;754;761;768;775;782;790;797;846;854;862;869;877;885;893;901;908;916;972;980;989;997;1006;1014;1022;1031;1039;1048;1110;1119;1128;1137;1146;1155;1164;1173;1182;1191;1203;1215;1227;1239;1252;1264;1277;1290;1303;1316;1329;1342;1355;1369;1383;1397;1411;1425;1439;1453;1468;1482;1497;1512;1527;1543;1558;1574;1589;1605;1621;1638;1654;1670;1687;1704;1721;1738;1756;1773;1791;1809;1827;1845;1864;1882;1901;1920;1939;1959;1978;1998;2018;2038;2059;2079;2100;2121;2142;2164;2185;2207;2229;2252;2274;2297;2320;2343;2366;2390;2414;2438;2462;2487;2512;2537;2562;2588;2614;2640;2667;2693;2720;2747;2775;2803;2831;2859;2887;2916;2945;2975;3005;3035;3065;3096;3127;3158;3190;3221>,8,<300;305;309;314;318;323;327;332;336;341;348;353;358;362;367;372;377;382;386;391;402;407;412;417;422;428;433;438;443;448;462;467;473;478;484;489;494;500;505;511;540;546;552;558;564;570;576;582;588;594;630;637;643;650;656;663;670;676;683;689;732;739;746;754;761;768;775;782;790;797;846;854;862;869;877;885;893;901;908;916;972;980;989;997;1006;1014;1022;1031;1039;1048;1110;1119;1128;1137;1146;1155;1164;1173;1182;1191;1203;1215;1227;1239;1252;1264;1277;1290;1303;1316;1329;1342;1355;1369;1383;1397;1411;1425;1439;1453;1468;1482;1497;1512;1527;1543;1558;1574;1589;1605;1621;1638;1654;1670;1687;1704;1721;1738;1756;1773;1791;1809;1827;1845;1864;1882;1901;1920;1939;1959;1978;1998;2018;2038;2059;2079;2100;2121;2142;2164;2185;2207;2229;2252;2274;2297;2320;2343;2366;2390;2414;2438;2462;2487;2512;2537;2562;2588;2614;2640;2667;2693;2720;2747;2775;2803;2831;2859;2887;2916;2945;2975;3005;3035;3065;3096;3127;3158;3190;3221>,15,<50;50;50;50;50;56;56;56;56;56;61;61;61;61;61;67;67;67;67;67;72;72;72;72;72;77;77;77;77;77;83;83;83;83;83;88;88;88;88;88;94;94;94;94;94;99;99;99;99;99;104;104;104;104;104;110;110;110;110;110;115;115;115;115;115;121;121;121;121;121;126;126;126;126;126;131;131;131;131;131;137;137;137;137;137;142;142;142;142;142;148;148;148;148;148;153;153;153;153;153;155;156;158;159;161;162;164;166;167;169;171;172;174;176;178;179;181;183;185;187;189;190;192;194;196;198;200;202;204;206;208;210;212;215;217;219;221;223;226;228;230;232;235;237;239;242;244;247;249;252;254;257;259;262;264;267;270;272;275;278;281;284;286;289;292;295;298;301;304;307;310;313;316;320;323;326;329;332;336;339;343;346;349;353;356;360;364;367;371;375;378;382;386;390;394;398;402;406;410;414>,0,<>,0,<>,,{drawcard=false;gain=false}
40233,致命,致命,Deadly,Deadly,치명,Mortal,2,3,config/item/gem/icon_6_l_3.png,3,攻击向符石,攻擊向符石,Offensive-type,Offensive-type,공격 룬스톤,Tipo ofensivo,ประเภทรุก,9999,{529=40},100,3,1,<1512;1535;1557;1580;1603;1625;1648;1671;1693;1716;1754;1778;1802;1826;1851;1875;1899;1923;1947;1972;2026;2052;2077;2103;2129;2155;2180;2206;2232;2257;2328;2356;2383;2410;2437;2465;2492;2519;2546;2573;2722;2752;2782;2812;2843;2873;2903;2933;2964;2994;3175;3208;3242;3275;3308;3342;3375;3408;3441;3475;3689;3726;3762;3798;3834;3871;3907;3943;3980;4016;4264;4303;4342;4382;4421;4460;4500;4539;4578;4618;4899;4941;4984;5026;5068;5111;5153;5195;5238;5280;5594;5640;5685;5730;5776;5821;5867;5912;5957;6003;6063;6124;6185;6247;6309;6372;6436;6500;6565;6631;6697;6764;6832;6900;6969;7039;7109;7180;7252;7325;7398;7472;7547;7622;7698;7775;7853;7932;8011;8091;8172;8254;8336;8420;8504;8589;8675;8762;8849;8938;9027;9117;9208;9301;9394;9487;9582;9678;9775;9873;9971;10071;10172;10274;10376;10480;10585;10691;10798;10906;11015;11125;11236;11348;11462;11577;11692;11809;11927;12047;12167;12289;12412;12536;12661;12788;12916;13045;13175;13307;13440;13574;13710;13847;13986;14126;14267;14410;14554;14699;14846;14995;15145;15296;15449;15603;15759;15917;16076;16237>,7,<300;305;309;314;318;323;327;332;336;341;348;353;358;362;367;372;377;382;386;391;402;407;412;417;422;428;433;438;443;448;462;467;473;478;484;489;494;500;505;511;540;546;552;558;564;570;576;582;588;594;630;637;643;650;656;663;670;676;683;689;732;739;746;754;761;768;775;782;790;797;846;854;862;869;877;885;893;901;908;916;972;980;989;997;1006;1014;1022;1031;1039;1048;1110;1119;1128;1137;1146;1155;1164;1173;1182;1191;1203;1215;1227;1239;1252;1264;1277;1290;1303;1316;1329;1342;1355;1369;1383;1397;1411;1425;1439;1453;1468;1482;1497;1512;1527;1543;1558;1574;1589;1605;1621;1638;1654;1670;1687;1704;1721;1738;1756;1773;1791;1809;1827;1845;1864;1882;1901;1920;1939;1959;1978;1998;2018;2038;2059;2079;2100;2121;2142;2164;2185;2207;2229;2252;2274;2297;2320;2343;2366;2390;2414;2438;2462;2487;2512;2537;2562;2588;2614;2640;2667;2693;2720;2747;2775;2803;2831;2859;2887;2916;2945;2975;3005;3035;3065;3096;3127;3158;3190;3221>,8,<300;305;309;314;318;323;327;332;336;341;348;353;358;362;367;372;377;382;386;391;402;407;412;417;422;428;433;438;443;448;462;467;473;478;484;489;494;500;505;511;540;546;552;558;564;570;576;582;588;594;630;637;643;650;656;663;670;676;683;689;732;739;746;754;761;768;775;782;790;797;846;854;862;869;877;885;893;901;908;916;972;980;989;997;1006;1014;1022;1031;1039;1048;1110;1119;1128;1137;1146;1155;1164;1173;1182;1191;1203;1215;1227;1239;1252;1264;1277;1290;1303;1316;1329;1342;1355;1369;1383;1397;1411;1425;1439;1453;1468;1482;1497;1512;1527;1543;1558;1574;1589;1605;1621;1638;1654;1670;1687;1704;1721;1738;1756;1773;1791;1809;1827;1845;1864;1882;1901;1920;1939;1959;1978;1998;2018;2038;2059;2079;2100;2121;2142;2164;2185;2207;2229;2252;2274;2297;2320;2343;2366;2390;2414;2438;2462;2487;2512;2537;2562;2588;2614;2640;2667;2693;2720;2747;2775;2803;2831;2859;2887;2916;2945;2975;3005;3035;3065;3096;3127;3158;3190;3221>,11,<34;34;34;34;34;37;37;37;37;37;41;41;41;41;41;44;44;44;44;44;48;48;48;48;48;52;52;52;52;52;55;55;55;55;55;59;59;59;59;59;62;62;62;62;62;66;66;66;66;66;70;70;70;70;70;73;73;73;73;73;77;77;77;77;77;80;80;80;80;80;84;84;84;84;84;88;88;88;88;88;91;91;91;91;91;95;95;95;95;95;98;98;98;98;98;102;102;102;102;102;103;104;105;106;107;108;109;110;112;113;114;115;116;117;118;120;121;122;123;124;126;127;128;130;131;132;133;135;136;137;139;140;142;143;144;146;147;149;150;152;153;155;156;158;160;161;163;164;166;168;169;171;173;175;176;178;180;182;183;185;187;189;191;193;195;197;199;201;203;205;207;209;211;213;215;217;219;222;224;226;228;231;233;235;238;240;242;245;247;250;252;255;257;260;263;265;268;270;273;276>,12,<34;34;34;34;34;37;37;37;37;37;41;41;41;41;41;44;44;44;44;44;48;48;48;48;48;52;52;52;52;52;55;55;55;55;55;59;59;59;59;59;62;62;62;62;62;66;66;66;66;66;70;70;70;70;70;73;73;73;73;73;77;77;77;77;77;80;80;80;80;80;84;84;84;84;84;88;88;88;88;88;91;91;91;91;91;95;95;95;95;95;98;98;98;98;98;102;102;102;102;102;103;104;105;106;107;108;109;110;112;113;114;115;116;117;118;120;121;122;123;124;126;127;128;130;131;132;133;135;136;137;139;140;142;143;144;146;147;149;150;152;153;155;156;158;160;161;163;164;166;168;169;171;173;175;176;178;180;182;183;185;187;189;191;193;195;197;199;201;203;205;207;209;211;213;215;217;219;222;224;226;228;231;233;235;238;240;242;245;247;250;252;255;257;260;263;265;268;270;273;276>,,{drawcard=false;gain=false}
40234,致命,致命,Deadly,Deadly,치명,Mortal,2,4,config/item/gem/icon_6_l_4.png,3,攻击向符石,攻擊向符石,Offensive-type,Offensive-type,공격 룬스톤,Tipo ofensivo,ประเภทรุก,9999,{529=40},100,3,1,<1512;1535;1557;1580;1603;1625;1648;1671;1693;1716;1754;1778;1802;1826;1851;1875;1899;1923;1947;1972;2026;2052;2077;2103;2129;2155;2180;2206;2232;2257;2328;2356;2383;2410;2437;2465;2492;2519;2546;2573;2722;2752;2782;2812;2843;2873;2903;2933;2964;2994;3175;3208;3242;3275;3308;3342;3375;3408;3441;3475;3689;3726;3762;3798;3834;3871;3907;3943;3980;4016;4264;4303;4342;4382;4421;4460;4500;4539;4578;4618;4899;4941;4984;5026;5068;5111;5153;5195;5238;5280;5594;5640;5685;5730;5776;5821;5867;5912;5957;6003;6063;6124;6185;6247;6309;6372;6436;6500;6565;6631;6697;6764;6832;6900;6969;7039;7109;7180;7252;7325;7398;7472;7547;7622;7698;7775;7853;7932;8011;8091;8172;8254;8336;8420;8504;8589;8675;8762;8849;8938;9027;9117;9208;9301;9394;9487;9582;9678;9775;9873;9971;10071;10172;10274;10376;10480;10585;10691;10798;10906;11015;11125;11236;11348;11462;11577;11692;11809;11927;12047;12167;12289;12412;12536;12661;12788;12916;13045;13175;13307;13440;13574;13710;13847;13986;14126;14267;14410;14554;14699;14846;14995;15145;15296;15449;15603;15759;15917;16076;16237>,7,<300;305;309;314;318;323;327;332;336;341;348;353;358;362;367;372;377;382;386;391;402;407;412;417;422;428;433;438;443;448;462;467;473;478;484;489;494;500;505;511;540;546;552;558;564;570;576;582;588;594;630;637;643;650;656;663;670;676;683;689;732;739;746;754;761;768;775;782;790;797;846;854;862;869;877;885;893;901;908;916;972;980;989;997;1006;1014;1022;1031;1039;1048;1110;1119;1128;1137;1146;1155;1164;1173;1182;1191;1203;1215;1227;1239;1252;1264;1277;1290;1303;1316;1329;1342;1355;1369;1383;1397;1411;1425;1439;1453;1468;1482;1497;1512;1527;1543;1558;1574;1589;1605;1621;1638;1654;1670;1687;1704;1721;1738;1756;1773;1791;1809;1827;1845;1864;1882;1901;1920;1939;1959;1978;1998;2018;2038;2059;2079;2100;2121;2142;2164;2185;2207;2229;2252;2274;2297;2320;2343;2366;2390;2414;2438;2462;2487;2512;2537;2562;2588;2614;2640;2667;2693;2720;2747;2775;2803;2831;2859;2887;2916;2945;2975;3005;3035;3065;3096;3127;3158;3190;3221>,8,<300;305;309;314;318;323;327;332;336;341;348;353;358;362;367;372;377;382;386;391;402;407;412;417;422;428;433;438;443;448;462;467;473;478;484;489;494;500;505;511;540;546;552;558;564;570;576;582;588;594;630;637;643;650;656;663;670;676;683;689;732;739;746;754;761;768;775;782;790;797;846;854;862;869;877;885;893;901;908;916;972;980;989;997;1006;1014;1022;1031;1039;1048;1110;1119;1128;1137;1146;1155;1164;1173;1182;1191;1203;1215;1227;1239;1252;1264;1277;1290;1303;1316;1329;1342;1355;1369;1383;1397;1411;1425;1439;1453;1468;1482;1497;1512;1527;1543;1558;1574;1589;1605;1621;1638;1654;1670;1687;1704;1721;1738;1756;1773;1791;1809;1827;1845;1864;1882;1901;1920;1939;1959;1978;1998;2018;2038;2059;2079;2100;2121;2142;2164;2185;2207;2229;2252;2274;2297;2320;2343;2366;2390;2414;2438;2462;2487;2512;2537;2562;2588;2614;2640;2667;2693;2720;2747;2775;2803;2831;2859;2887;2916;2945;2975;3005;3035;3065;3096;3127;3158;3190;3221>,90,<40;40;40;40;40;45;45;45;45;45;49;49;49;49;49;53;53;53;53;53;58;58;58;58;58;62;62;62;62;62;66;66;66;66;66;71;71;71;71;71;75;75;75;75;75;79;79;79;79;79;84;84;84;84;84;88;88;88;88;88;92;92;92;92;92;96;96;96;96;96;101;101;101;101;101;105;105;105;105;105;109;109;109;109;109;114;114;114;114;114;118;118;118;118;118;122;122;122;122;122;123;124;126;127;128;130;131;132;133;135;136;137;139;140;142;143;144;146;147;149;150;152;153;155;156;158;160;161;163;164;166;168;169;171;173;175;176;178;180;182;183;185;187;189;191;193;195;197;199;201;203;205;207;209;211;213;215;217;219;222;224;226;228;231;233;235;238;240;242;245;247;250;252;255;257;260;262;265;268;270;273;276;279;281;284;287;290;293;296;299;302;305;308;311;314;317;320;323;327;330>,0,<>,,{drawcard=false;gain=false}
40235,致命,致命,Deadly,Deadly,치명,Mortal,2,5,config/item/gem/icon_6_l_5.png,3,攻击向符石,攻擊向符石,Offensive-type,Offensive-type,공격 룬스톤,Tipo ofensivo,ประเภทรุก,9999,{529=40},100,3,7,<300;305;309;314;318;323;327;332;336;341;348;353;358;362;367;372;377;382;386;391;402;407;412;417;422;428;433;438;443;448;462;467;473;478;484;489;494;500;505;511;540;546;552;558;564;570;576;582;588;594;630;637;643;650;656;663;670;676;683;689;732;739;746;754;761;768;775;782;790;797;846;854;862;869;877;885;893;901;908;916;972;980;989;997;1006;1014;1022;1031;1039;1048;1110;1119;1128;1137;1146;1155;1164;1173;1182;1191;1203;1215;1227;1239;1252;1264;1277;1290;1303;1316;1329;1342;1355;1369;1383;1397;1411;1425;1439;1453;1468;1482;1497;1512;1527;1543;1558;1574;1589;1605;1621;1638;1654;1670;1687;1704;1721;1738;1756;1773;1791;1809;1827;1845;1864;1882;1901;1920;1939;1959;1978;1998;2018;2038;2059;2079;2100;2121;2142;2164;2185;2207;2229;2252;2274;2297;2320;2343;2366;2390;2414;2438;2462;2487;2512;2537;2562;2588;2614;2640;2667;2693;2720;2747;2775;2803;2831;2859;2887;2916;2945;2975;3005;3035;3065;3096;3127;3158;3190;3221>,8,<300;305;309;314;318;323;327;332;336;341;348;353;358;362;367;372;377;382;386;391;402;407;412;417;422;428;433;438;443;448;462;467;473;478;484;489;494;500;505;511;540;546;552;558;564;570;576;582;588;594;630;637;643;650;656;663;670;676;683;689;732;739;746;754;761;768;775;782;790;797;846;854;862;869;877;885;893;901;908;916;972;980;989;997;1006;1014;1022;1031;1039;1048;1110;1119;1128;1137;1146;1155;1164;1173;1182;1191;1203;1215;1227;1239;1252;1264;1277;1290;1303;1316;1329;1342;1355;1369;1383;1397;1411;1425;1439;1453;1468;1482;1497;1512;1527;1543;1558;1574;1589;1605;1621;1638;1654;1670;1687;1704;1721;1738;1756;1773;1791;1809;1827;1845;1864;1882;1901;1920;1939;1959;1978;1998;2018;2038;2059;2079;2100;2121;2142;2164;2185;2207;2229;2252;2274;2297;2320;2343;2366;2390;2414;2438;2462;2487;2512;2537;2562;2588;2614;2640;2667;2693;2720;2747;2775;2803;2831;2859;2887;2916;2945;2975;3005;3035;3065;3096;3127;3158;3190;3221>,9,<210;213;216;219;223;226;229;232;235;238;244;247;250;254;257;260;264;267;270;274;281;285;289;292;296;299;303;306;310;314;323;327;331;335;339;342;346;350;354;357;378;382;386;391;395;399;403;407;412;416;441;446;450;455;459;464;469;473;478;483;512;517;522;528;533;538;543;548;553;558;592;598;603;609;614;620;625;630;636;641;680;686;692;698;704;710;716;722;727;733;777;783;790;796;802;809;815;821;827;834;842;851;859;868;877;885;894;903;912;921;930;940;949;959;968;978;988;998;1008;1018;1028;1038;1048;1059;1070;1080;1091;1102;1113;1124;1135;1147;1158;1170;1181;1193;1205;1217;1229;1242;1254;1267;1279;1292;1305;1318;1331;1345;1358;1372;1385;1399;1413;1427;1442;1456;1471;1485;1500;1515;1530;1546;1561;1577;1592;1608;1624;1641;1657;1674;1690;1707;1724;1742;1759;1777;1794;1812;1830;1849;1867;1886;1905;1924;1943;1962;1982;2002;2022;2042;2063;2083;2104;2125;2146;2168;2189;2211;2233;2256>,22,<20;20;20;20;20;22;22;22;22;22;24;24;24;24;24;27;27;27;27;27;29;29;29;29;29;31;31;31;31;31;33;33;33;33;33;35;35;35;35;35;37;37;37;37;37;40;40;40;40;40;42;42;42;42;42;44;44;44;44;44;46;46;46;46;46;48;48;48;48;48;50;50;50;50;50;53;53;53;53;53;55;55;55;55;55;57;57;57;57;57;59;59;59;59;59;61;61;61;61;61;62;62;63;63;64;65;65;66;67;67;68;69;69;70;71;72;72;73;74;74;75;76;77;77;78;79;80;81;81;82;83;84;85;86;86;87;88;89;90;91;92;93;94;95;95;96;97;98;99;100;101;102;103;104;105;106;108;109;110;111;112;113;114;115;116;118;119;120;121;122;124;125;126;127;129;130;131;133;134;135;137;138;139;141;142;144;145;146;148;149;151;152;154;155;157;159;160;162;163;165>,0,<>,,{drawcard=false;gain=false}
40236,致命,致命,Deadly,Deadly,치명,Mortal,2,6,config/item/gem/icon_6_l_6.png,3,攻击向符石,攻擊向符石,Offensive-type,Offensive-type,공격 룬스톤,Tipo ofensivo,ประเภทรุก,9999,{529=40},100,3,7,<300;305;309;314;318;323;327;332;336;341;348;353;358;362;367;372;377;382;386;391;402;407;412;417;422;428;433;438;443;448;462;467;473;478;484;489;494;500;505;511;540;546;552;558;564;570;576;582;588;594;630;637;643;650;656;663;670;676;683;689;732;739;746;754;761;768;775;782;790;797;846;854;862;869;877;885;893;901;908;916;972;980;989;997;1006;1014;1022;1031;1039;1048;1110;1119;1128;1137;1146;1155;1164;1173;1182;1191;1203;1215;1227;1239;1252;1264;1277;1290;1303;1316;1329;1342;1355;1369;1383;1397;1411;1425;1439;1453;1468;1482;1497;1512;1527;1543;1558;1574;1589;1605;1621;1638;1654;1670;1687;1704;1721;1738;1756;1773;1791;1809;1827;1845;1864;1882;1901;1920;1939;1959;1978;1998;2018;2038;2059;2079;2100;2121;2142;2164;2185;2207;2229;2252;2274;2297;2320;2343;2366;2390;2414;2438;2462;2487;2512;2537;2562;2588;2614;2640;2667;2693;2720;2747;2775;2803;2831;2859;2887;2916;2945;2975;3005;3035;3065;3096;3127;3158;3190;3221>,8,<300;305;309;314;318;323;327;332;336;341;348;353;358;362;367;372;377;382;386;391;402;407;412;417;422;428;433;438;443;448;462;467;473;478;484;489;494;500;505;511;540;546;552;558;564;570;576;582;588;594;630;637;643;650;656;663;670;676;683;689;732;739;746;754;761;768;775;782;790;797;846;854;862;869;877;885;893;901;908;916;972;980;989;997;1006;1014;1022;1031;1039;1048;1110;1119;1128;1137;1146;1155;1164;1173;1182;1191;1203;1215;1227;1239;1252;1264;1277;1290;1303;1316;1329;1342;1355;1369;1383;1397;1411;1425;1439;1453;1468;1482;1497;1512;1527;1543;1558;1574;1589;1605;1621;1638;1654;1670;1687;1704;1721;1738;1756;1773;1791;1809;1827;1845;1864;1882;1901;1920;1939;1959;1978;1998;2018;2038;2059;2079;2100;2121;2142;2164;2185;2207;2229;2252;2274;2297;2320;2343;2366;2390;2414;2438;2462;2487;2512;2537;2562;2588;2614;2640;2667;2693;2720;2747;2775;2803;2831;2859;2887;2916;2945;2975;3005;3035;3065;3096;3127;3158;3190;3221>,10,<210;213;216;219;223;226;229;232;235;238;244;247;250;254;257;260;264;267;270;274;281;285;289;292;296;299;303;306;310;314;323;327;331;335;339;342;346;350;354;357;378;382;386;391;395;399;403;407;412;416;441;446;450;455;459;464;469;473;478;483;512;517;522;528;533;538;543;548;553;558;592;598;603;609;614;620;625;630;636;641;680;686;692;698;704;710;716;722;727;733;777;783;790;796;802;809;815;821;827;834;842;851;859;868;877;885;894;903;912;921;930;940;949;959;968;978;988;998;1008;1018;1028;1038;1048;1059;1070;1080;1091;1102;1113;1124;1135;1147;1158;1170;1181;1193;1205;1217;1229;1242;1254;1267;1279;1292;1305;1318;1331;1345;1358;1372;1385;1399;1413;1427;1442;1456;1471;1485;1500;1515;1530;1546;1561;1577;1592;1608;1624;1641;1657;1674;1690;1707;1724;1742;1759;1777;1794;1812;1830;1849;1867;1886;1905;1924;1943;1962;1982;2002;2022;2042;2063;2083;2104;2125;2146;2168;2189;2211;2233;2256>,23,<20;20;20;20;20;22;22;22;22;22;24;24;24;24;24;27;27;27;27;27;29;29;29;29;29;31;31;31;31;31;33;33;33;33;33;35;35;35;35;35;37;37;37;37;37;40;40;40;40;40;42;42;42;42;42;44;44;44;44;44;46;46;46;46;46;48;48;48;48;48;50;50;50;50;50;53;53;53;53;53;55;55;55;55;55;57;57;57;57;57;59;59;59;59;59;61;61;61;61;61;62;62;63;63;64;65;65;66;67;67;68;69;69;70;71;72;72;73;74;74;75;76;77;77;78;79;80;81;81;82;83;84;85;86;86;87;88;89;90;91;92;93;94;95;95;96;97;98;99;100;101;102;103;104;105;106;108;109;110;111;112;113;114;115;116;118;119;120;121;122;124;125;126;127;129;130;131;133;134;135;137;138;139;141;142;144;145;146;148;149;151;152;154;155;157;159;160;162;163;165>,0,<>,,{drawcard=false;gain=false}
40241,致命,致命,Deadly,Deadly,치명,Mortal,2,1,config/item/gem/icon_6_z_1.png,4,攻击向符石,攻擊向符石,Offensive-type,Offensive-type,공격 룬스톤,Tipo ofensivo,ประเภทรุก,9999,{529=80},100,4,7,<440;447;453;460;466;473;480;486;493;499;510;517;524;532;539;546;553;560;567;574;590;597;605;612;620;627;634;642;649;657;678;686;693;701;709;717;725;733;741;749;792;801;810;818;827;836;845;854;862;871;924;934;943;953;963;972;982;992;1001;1011;1074;1084;1095;1105;1116;1126;1137;1148;1158;1169;1241;1252;1264;1275;1287;1298;1309;1321;1332;1344;1426;1438;1450;1463;1475;1487;1500;1512;1524;1536;1628;1641;1654;1668;1681;1694;1707;1720;1734;1747;1764;1782;1800;1818;1836;1854;1873;1892;1911;1930;1949;1969;1988;2008;2028;2048;2069;2090;2111;2132;2153;2175;2196;2218;2240;2263;2285;2308;2331;2355;2378;2402;2426;2450;2475;2500;2525;2550;2575;2601;2627;2653;2680;2707;2734;2761;2789;2817;2845;2873;2902;2931;2960;2990;3020;3050;3080;3111;3142;3174;3206;3238;3270;3303;3336;3369;3403;3437;3471;3506;3541;3576;3612;3648;3685;3721;3759;3796;3834;3873;3911;3950;3990;4030;4070;4111;4152;4193;4235;4278;4321;4364;4407;4451;4496;4541;4586;4632;4679;4725>,8,<440;447;453;460;466;473;480;486;493;499;510;517;524;532;539;546;553;560;567;574;590;597;605;612;620;627;634;642;649;657;678;686;693;701;709;717;725;733;741;749;792;801;810;818;827;836;845;854;862;871;924;934;943;953;963;972;982;992;1001;1011;1074;1084;1095;1105;1116;1126;1137;1148;1158;1169;1241;1252;1264;1275;1287;1298;1309;1321;1332;1344;1426;1438;1450;1463;1475;1487;1500;1512;1524;1536;1628;1641;1654;1668;1681;1694;1707;1720;1734;1747;1764;1782;1800;1818;1836;1854;1873;1892;1911;1930;1949;1969;1988;2008;2028;2048;2069;2090;2111;2132;2153;2175;2196;2218;2240;2263;2285;2308;2331;2355;2378;2402;2426;2450;2475;2500;2525;2550;2575;2601;2627;2653;2680;2707;2734;2761;2789;2817;2845;2873;2902;2931;2960;2990;3020;3050;3080;3111;3142;3174;3206;3238;3270;3303;3336;3369;3403;3437;3471;3506;3541;3576;3612;3648;3685;3721;3759;3796;3834;3873;3911;3950;3990;4030;4070;4111;4152;4193;4235;4278;4321;4364;4407;4451;4496;4541;4586;4632;4679;4725>,14,<49;49;49;49;49;55;55;55;55;55;60;60;60;60;60;65;65;65;65;65;70;70;70;70;70;76;76;76;76;76;81;81;81;81;81;86;86;86;86;86;92;92;92;92;92;97;97;97;97;97;102;102;102;102;102;107;107;107;107;107;113;113;113;113;113;118;118;118;118;118;123;123;123;123;123;128;128;128;128;128;134;134;134;134;134;139;139;139;139;139;144;144;144;144;144;150;150;150;150;150;152;153;155;156;158;159;161;162;164;166;167;169;171;172;174;176;178;179;181;183;185;187;189;190;192;194;196;198;200;202;204;206;208;210;212;215;217;219;221;223;226;228;230;232;235;237;239;242;244;247;249;252;254;257;259;262;264;267;270;273;275;278;281;284;286;289;292;295;298;301;304;307;310;313;316;320;323;326;329;333;336;339;343;346;349;353;356;360;364;367;371;375;378;382;386;390;394;398;402;406>,0,<>,0,<>,,{drawcard=zi_effect_loop}
40242,致命,致命,Deadly,Deadly,치명,Mortal,2,2,config/item/gem/icon_6_z_2.png,4,攻击向符石,攻擊向符石,Offensive-type,Offensive-type,공격 룬스톤,Tipo ofensivo,ประเภทรุก,9999,{529=80},100,4,7,<440;447;453;460;466;473;480;486;493;499;510;517;524;532;539;546;553;560;567;574;590;597;605;612;620;627;634;642;649;657;678;686;693;701;709;717;725;733;741;749;792;801;810;818;827;836;845;854;862;871;924;934;943;953;963;972;982;992;1001;1011;1074;1084;1095;1105;1116;1126;1137;1148;1158;1169;1241;1252;1264;1275;1287;1298;1309;1321;1332;1344;1426;1438;1450;1463;1475;1487;1500;1512;1524;1536;1628;1641;1654;1668;1681;1694;1707;1720;1734;1747;1764;1782;1800;1818;1836;1854;1873;1892;1911;1930;1949;1969;1988;2008;2028;2048;2069;2090;2111;2132;2153;2175;2196;2218;2240;2263;2285;2308;2331;2355;2378;2402;2426;2450;2475;2500;2525;2550;2575;2601;2627;2653;2680;2707;2734;2761;2789;2817;2845;2873;2902;2931;2960;2990;3020;3050;3080;3111;3142;3174;3206;3238;3270;3303;3336;3369;3403;3437;3471;3506;3541;3576;3612;3648;3685;3721;3759;3796;3834;3873;3911;3950;3990;4030;4070;4111;4152;4193;4235;4278;4321;4364;4407;4451;4496;4541;4586;4632;4679;4725>,8,<440;447;453;460;466;473;480;486;493;499;510;517;524;532;539;546;553;560;567;574;590;597;605;612;620;627;634;642;649;657;678;686;693;701;709;717;725;733;741;749;792;801;810;818;827;836;845;854;862;871;924;934;943;953;963;972;982;992;1001;1011;1074;1084;1095;1105;1116;1126;1137;1148;1158;1169;1241;1252;1264;1275;1287;1298;1309;1321;1332;1344;1426;1438;1450;1463;1475;1487;1500;1512;1524;1536;1628;1641;1654;1668;1681;1694;1707;1720;1734;1747;1764;1782;1800;1818;1836;1854;1873;1892;1911;1930;1949;1969;1988;2008;2028;2048;2069;2090;2111;2132;2153;2175;2196;2218;2240;2263;2285;2308;2331;2355;2378;2402;2426;2450;2475;2500;2525;2550;2575;2601;2627;2653;2680;2707;2734;2761;2789;2817;2845;2873;2902;2931;2960;2990;3020;3050;3080;3111;3142;3174;3206;3238;3270;3303;3336;3369;3403;3437;3471;3506;3541;3576;3612;3648;3685;3721;3759;3796;3834;3873;3911;3950;3990;4030;4070;4111;4152;4193;4235;4278;4321;4364;4407;4451;4496;4541;4586;4632;4679;4725>,15,<74;74;74;74;74;82;82;82;82;82;90;90;90;90;90;98;98;98;98;98;106;106;106;106;106;114;114;114;114;114;121;121;121;121;121;129;129;129;129;129;137;137;137;137;137;145;145;145;145;145;153;153;153;153;153;161;161;161;161;161;169;169;169;169;169;177;177;177;177;177;185;185;185;185;185;193;193;193;193;193;201;201;201;201;201;209;209;209;209;209;216;216;216;216;216;224;224;224;224;224;226;229;231;233;235;238;240;243;245;247;250;252;255;257;260;263;265;268;271;273;276;279;282;284;287;290;293;296;299;302;305;308;311;314;317;320;324;327;330;334;337;340;344;347;351;354;358;361;365;368;372;376;380;383;387;391;395;399;403;407;411;415;419;423;428;432;436;441;445;450;454;459;463;468;472;477;482;487;492;497;502;507;512;517;522;527;532;538;543;548;554;560;565;571;576;582;588;594;600;606>,0,<>,0,<>,,{drawcard=zi_effect_loop}
40243,致命,致命,Deadly,Deadly,치명,Mortal,2,3,config/item/gem/icon_6_z_3.png,4,攻击向符石,攻擊向符石,Offensive-type,Offensive-type,공격 룬스톤,Tipo ofensivo,ประเภทรุก,9999,{529=80},100,4,1,<2218;2251;2285;2318;2351;2384;2418;2451;2484;2517;2573;2608;2644;2679;2715;2750;2786;2821;2857;2892;2972;3010;3048;3085;3123;3161;3198;3236;3274;3311;3416;3456;3496;3535;3575;3615;3655;3695;3735;3775;3992;4037;4081;4125;4170;4214;4259;4303;4347;4392;4658;4707;4755;4804;4853;4902;4951;4999;5048;5097;5412;5465;5518;5572;5625;5678;5731;5785;5838;5891;6255;6312;6370;6428;6485;6543;6601;6658;6716;6774;7186;7248;7311;7373;7435;7497;7559;7621;7683;7745;8207;8273;8340;8406;8473;8539;8606;8672;8739;8805;8893;8982;9072;9163;9254;9347;9440;9535;9630;9726;9823;9922;10021;10121;10222;10325;10428;10532;10637;10744;10851;10960;11069;11180;11292;11405;11519;11634;11750;11868;11986;12106;12227;12350;12473;12598;12724;12851;12980;13109;13241;13373;13507;13642;13778;13916;14055;14196;14338;14481;14626;14772;14920;15069;15220;15372;15526;15681;15838;15996;16156;16318;16481;16646;16812;16980;17150;17321;17495;17670;17846;18025;18205;18387;18571;18757;18944;19134;19325;19518;19713;19910;20110;20311;20514;20719;20926;21135;21347;21560;21776;21994;22214;22436;22660;22887;23115;23347;23580;23816>,7,<440;447;453;460;466;473;480;486;493;499;510;517;524;532;539;546;553;560;567;574;590;597;605;612;620;627;634;642;649;657;678;686;693;701;709;717;725;733;741;749;792;801;810;818;827;836;845;854;862;871;924;934;943;953;963;972;982;992;1001;1011;1074;1084;1095;1105;1116;1126;1137;1148;1158;1169;1241;1252;1264;1275;1287;1298;1309;1321;1332;1344;1426;1438;1450;1463;1475;1487;1500;1512;1524;1536;1628;1641;1654;1668;1681;1694;1707;1720;1734;1747;1764;1782;1800;1818;1836;1854;1873;1892;1911;1930;1949;1969;1988;2008;2028;2048;2069;2090;2111;2132;2153;2175;2196;2218;2240;2263;2285;2308;2331;2355;2378;2402;2426;2450;2475;2500;2525;2550;2575;2601;2627;2653;2680;2707;2734;2761;2789;2817;2845;2873;2902;2931;2960;2990;3020;3050;3080;3111;3142;3174;3206;3238;3270;3303;3336;3369;3403;3437;3471;3506;3541;3576;3612;3648;3685;3721;3759;3796;3834;3873;3911;3950;3990;4030;4070;4111;4152;4193;4235;4278;4321;4364;4407;4451;4496;4541;4586;4632;4679;4725>,8,<440;447;453;460;466;473;480;486;493;499;510;517;524;532;539;546;553;560;567;574;590;597;605;612;620;627;634;642;649;657;678;686;693;701;709;717;725;733;741;749;792;801;810;818;827;836;845;854;862;871;924;934;943;953;963;972;982;992;1001;1011;1074;1084;1095;1105;1116;1126;1137;1148;1158;1169;1241;1252;1264;1275;1287;1298;1309;1321;1332;1344;1426;1438;1450;1463;1475;1487;1500;1512;1524;1536;1628;1641;1654;1668;1681;1694;1707;1720;1734;1747;1764;1782;1800;1818;1836;1854;1873;1892;1911;1930;1949;1969;1988;2008;2028;2048;2069;2090;2111;2132;2153;2175;2196;2218;2240;2263;2285;2308;2331;2355;2378;2402;2426;2450;2475;2500;2525;2550;2575;2601;2627;2653;2680;2707;2734;2761;2789;2817;2845;2873;2902;2931;2960;2990;3020;3050;3080;3111;3142;3174;3206;3238;3270;3303;3336;3369;3403;3437;3471;3506;3541;3576;3612;3648;3685;3721;3759;3796;3834;3873;3911;3950;3990;4030;4070;4111;4152;4193;4235;4278;4321;4364;4407;4451;4496;4541;4586;4632;4679;4725>,11,<49;49;49;49;49;55;55;55;55;55;60;60;60;60;60;65;65;65;65;65;70;70;70;70;70;76;76;76;76;76;81;81;81;81;81;86;86;86;86;86;92;92;92;92;92;97;97;97;97;97;102;102;102;102;102;107;107;107;107;107;113;113;113;113;113;118;118;118;118;118;123;123;123;123;123;128;128;128;128;128;134;134;134;134;134;139;139;139;139;139;144;144;144;144;144;150;150;150;150;150;152;153;155;156;158;159;161;162;164;166;167;169;171;172;174;176;178;179;181;183;185;187;189;190;192;194;196;198;200;202;204;206;208;210;212;215;217;219;221;223;226;228;230;232;235;237;239;242;244;247;249;252;254;257;259;262;264;267;270;273;275;278;281;284;286;289;292;295;298;301;304;307;310;313;316;320;323;326;329;333;336;339;343;346;349;353;356;360;364;367;371;375;378;382;386;390;394;398;402;406>,12,<49;49;49;49;49;55;55;55;55;55;60;60;60;60;60;65;65;65;65;65;70;70;70;70;70;76;76;76;76;76;81;81;81;81;81;86;86;86;86;86;92;92;92;92;92;97;97;97;97;97;102;102;102;102;102;107;107;107;107;107;113;113;113;113;113;118;118;118;118;118;123;123;123;123;123;128;128;128;128;128;134;134;134;134;134;139;139;139;139;139;144;144;144;144;144;150;150;150;150;150;152;153;155;156;158;159;161;162;164;166;167;169;171;172;174;176;178;179;181;183;185;187;189;190;192;194;196;198;200;202;204;206;208;210;212;215;217;219;221;223;226;228;230;232;235;237;239;242;244;247;249;252;254;257;259;262;264;267;270;273;275;278;281;284;286;289;292;295;298;301;304;307;310;313;316;320;323;326;329;333;336;339;343;346;349;353;356;360;364;367;371;375;378;382;386;390;394;398;402;406>,,{drawcard=zi_effect_loop}
40244,致命,致命,Deadly,Deadly,치명,Mortal,2,4,config/item/gem/icon_6_z_4.png,4,攻击向符石,攻擊向符石,Offensive-type,Offensive-type,공격 룬스톤,Tipo ofensivo,ประเภทรุก,9999,{529=80},100,4,1,<2218;2251;2285;2318;2351;2384;2418;2451;2484;2517;2573;2608;2644;2679;2715;2750;2786;2821;2857;2892;2972;3010;3048;3085;3123;3161;3198;3236;3274;3311;3416;3456;3496;3535;3575;3615;3655;3695;3735;3775;3992;4037;4081;4125;4170;4214;4259;4303;4347;4392;4658;4707;4755;4804;4853;4902;4951;4999;5048;5097;5412;5465;5518;5572;5625;5678;5731;5785;5838;5891;6255;6312;6370;6428;6485;6543;6601;6658;6716;6774;7186;7248;7311;7373;7435;7497;7559;7621;7683;7745;8207;8273;8340;8406;8473;8539;8606;8672;8739;8805;8893;8982;9072;9163;9254;9347;9440;9535;9630;9726;9823;9922;10021;10121;10222;10325;10428;10532;10637;10744;10851;10960;11069;11180;11292;11405;11519;11634;11750;11868;11986;12106;12227;12350;12473;12598;12724;12851;12980;13109;13241;13373;13507;13642;13778;13916;14055;14196;14338;14481;14626;14772;14920;15069;15220;15372;15526;15681;15838;15996;16156;16318;16481;16646;16812;16980;17150;17321;17495;17670;17846;18025;18205;18387;18571;18757;18944;19134;19325;19518;19713;19910;20110;20311;20514;20719;20926;21135;21347;21560;21776;21994;22214;22436;22660;22887;23115;23347;23580;23816>,7,<440;447;453;460;466;473;480;486;493;499;510;517;524;532;539;546;553;560;567;574;590;597;605;612;620;627;634;642;649;657;678;686;693;701;709;717;725;733;741;749;792;801;810;818;827;836;845;854;862;871;924;934;943;953;963;972;982;992;1001;1011;1074;1084;1095;1105;1116;1126;1137;1148;1158;1169;1241;1252;1264;1275;1287;1298;1309;1321;1332;1344;1426;1438;1450;1463;1475;1487;1500;1512;1524;1536;1628;1641;1654;1668;1681;1694;1707;1720;1734;1747;1764;1782;1800;1818;1836;1854;1873;1892;1911;1930;1949;1969;1988;2008;2028;2048;2069;2090;2111;2132;2153;2175;2196;2218;2240;2263;2285;2308;2331;2355;2378;2402;2426;2450;2475;2500;2525;2550;2575;2601;2627;2653;2680;2707;2734;2761;2789;2817;2845;2873;2902;2931;2960;2990;3020;3050;3080;3111;3142;3174;3206;3238;3270;3303;3336;3369;3403;3437;3471;3506;3541;3576;3612;3648;3685;3721;3759;3796;3834;3873;3911;3950;3990;4030;4070;4111;4152;4193;4235;4278;4321;4364;4407;4451;4496;4541;4586;4632;4679;4725>,8,<440;447;453;460;466;473;480;486;493;499;510;517;524;532;539;546;553;560;567;574;590;597;605;612;620;627;634;642;649;657;678;686;693;701;709;717;725;733;741;749;792;801;810;818;827;836;845;854;862;871;924;934;943;953;963;972;982;992;1001;1011;1074;1084;1095;1105;1116;1126;1137;1148;1158;1169;1241;1252;1264;1275;1287;1298;1309;1321;1332;1344;1426;1438;1450;1463;1475;1487;1500;1512;1524;1536;1628;1641;1654;1668;1681;1694;1707;1720;1734;1747;1764;1782;1800;1818;1836;1854;1873;1892;1911;1930;1949;1969;1988;2008;2028;2048;2069;2090;2111;2132;2153;2175;2196;2218;2240;2263;2285;2308;2331;2355;2378;2402;2426;2450;2475;2500;2525;2550;2575;2601;2627;2653;2680;2707;2734;2761;2789;2817;2845;2873;2902;2931;2960;2990;3020;3050;3080;3111;3142;3174;3206;3238;3270;3303;3336;3369;3403;3437;3471;3506;3541;3576;3612;3648;3685;3721;3759;3796;3834;3873;3911;3950;3990;4030;4070;4111;4152;4193;4235;4278;4321;4364;4407;4451;4496;4541;4586;4632;4679;4725>,90,<59;59;59;59;59;65;65;65;65;65;72;72;72;72;72;78;78;78;78;78;84;84;84;84;84;91;91;91;91;91;97;97;97;97;97;103;103;103;103;103;110;110;110;110;110;116;116;116;116;116;122;122;122;122;122;129;129;129;129;129;135;135;135;135;135;142;142;142;142;142;148;148;148;148;148;154;154;154;154;154;161;161;161;161;161;167;167;167;167;167;173;173;173;173;173;180;180;180;180;180;182;184;185;187;189;191;193;195;197;199;201;203;205;207;209;211;213;215;217;220;222;224;226;229;231;233;235;238;240;243;245;247;250;252;255;258;260;263;265;268;271;273;276;279;282;284;287;290;293;296;299;302;305;308;311;314;317;321;324;327;330;334;337;340;344;347;351;354;358;361;365;368;372;376;380;383;387;391;395;399;403;407;411;415;419;424;428;432;436;441;445;450;454;459;463;468;473;477;482;487>,0,<>,,{drawcard=zi_effect_loop}
40245,致命,致命,Deadly,Deadly,치명,Mortal,2,5,config/item/gem/icon_6_z_5.png,4,攻击向符石,攻擊向符石,Offensive-type,Offensive-type,공격 룬스톤,Tipo ofensivo,ประเภทรุก,9999,{529=80},100,4,7,<440;447;453;460;466;473;480;486;493;499;510;517;524;532;539;546;553;560;567;574;590;597;605;612;620;627;634;642;649;657;678;686;693;701;709;717;725;733;741;749;792;801;810;818;827;836;845;854;862;871;924;934;943;953;963;972;982;992;1001;1011;1074;1084;1095;1105;1116;1126;1137;1148;1158;1169;1241;1252;1264;1275;1287;1298;1309;1321;1332;1344;1426;1438;1450;1463;1475;1487;1500;1512;1524;1536;1628;1641;1654;1668;1681;1694;1707;1720;1734;1747;1764;1782;1800;1818;1836;1854;1873;1892;1911;1930;1949;1969;1988;2008;2028;2048;2069;2090;2111;2132;2153;2175;2196;2218;2240;2263;2285;2308;2331;2355;2378;2402;2426;2450;2475;2500;2525;2550;2575;2601;2627;2653;2680;2707;2734;2761;2789;2817;2845;2873;2902;2931;2960;2990;3020;3050;3080;3111;3142;3174;3206;3238;3270;3303;3336;3369;3403;3437;3471;3506;3541;3576;3612;3648;3685;3721;3759;3796;3834;3873;3911;3950;3990;4030;4070;4111;4152;4193;4235;4278;4321;4364;4407;4451;4496;4541;4586;4632;4679;4725>,8,<440;447;453;460;466;473;480;486;493;499;510;517;524;532;539;546;553;560;567;574;590;597;605;612;620;627;634;642;649;657;678;686;693;701;709;717;725;733;741;749;792;801;810;818;827;836;845;854;862;871;924;934;943;953;963;972;982;992;1001;1011;1074;1084;1095;1105;1116;1126;1137;1148;1158;1169;1241;1252;1264;1275;1287;1298;1309;1321;1332;1344;1426;1438;1450;1463;1475;1487;1500;1512;1524;1536;1628;1641;1654;1668;1681;1694;1707;1720;1734;1747;1764;1782;1800;1818;1836;1854;1873;1892;1911;1930;1949;1969;1988;2008;2028;2048;2069;2090;2111;2132;2153;2175;2196;2218;2240;2263;2285;2308;2331;2355;2378;2402;2426;2450;2475;2500;2525;2550;2575;2601;2627;2653;2680;2707;2734;2761;2789;2817;2845;2873;2902;2931;2960;2990;3020;3050;3080;3111;3142;3174;3206;3238;3270;3303;3336;3369;3403;3437;3471;3506;3541;3576;3612;3648;3685;3721;3759;3796;3834;3873;3911;3950;3990;4030;4070;4111;4152;4193;4235;4278;4321;4364;4407;4451;4496;4541;4586;4632;4679;4725>,9,<308;313;317;322;326;331;336;340;345;350;357;362;367;372;377;382;387;392;397;402;413;418;423;428;434;439;444;449;455;460;474;480;485;491;496;502;508;513;519;524;554;561;567;573;579;585;591;598;604;610;647;654;660;667;674;681;687;694;701;708;752;759;766;774;781;788;796;803;811;818;869;877;885;893;901;909;917;925;933;941;998;1007;1015;1024;1032;1041;1050;1058;1067;1076;1140;1149;1158;1167;1177;1186;1195;1204;1214;1223;1235;1248;1260;1273;1285;1298;1311;1324;1338;1351;1364;1378;1392;1406;1420;1434;1448;1463;1478;1492;1507;1522;1538;1553;1568;1584;1600;1616;1632;1648;1665;1682;1698;1715;1733;1750;1767;1785;1803;1821;1839;1857;1876;1895;1914;1933;1952;1972;1991;2011;2031;2052;2072;2093;2114;2135;2156;2178;2200;2222;2244;2266;2289;2312;2335;2359;2382;2406;2430;2454;2479;2504;2529;2554;2579;2605;2631;2658;2684;2711;2738;2766;2793;2821;2849;2878;2907;2936;2965;2995;3025;3055;3085;3116;3147;3179;3211;3243;3275;3308>,22,<30;30;30;30;30;33;33;33;33;33;36;36;36;36;36;39;39;39;39;39;42;42;42;42;42;45;45;45;45;45;49;49;49;49;49;52;52;52;52;52;55;55;55;55;55;58;58;58;58;58;61;61;61;61;61;64;64;64;64;64;68;68;68;68;68;71;71;71;71;71;74;74;74;74;74;77;77;77;77;77;80;80;80;80;80;83;83;83;83;83;87;87;87;87;87;90;90;90;90;90;91;92;93;94;95;96;96;97;98;99;100;101;102;103;104;106;107;108;109;110;111;112;113;114;115;117;118;119;120;121;123;124;125;126;127;129;130;131;133;134;135;137;138;139;141;142;144;145;147;148;149;151;153;154;156;157;159;160;162;164;165;167;168;170;172;174;175;177;179;181;182;184;186;188;190;192;194;196;198;200;201;204;206;208;210;212;214;216;218;220;223;225;227;229;232;234;236;239;241;243>,0,<>,,{drawcard=zi_effect_loop}
40246,致命,致命,Deadly,Deadly,치명,Mortal,2,6,config/item/gem/icon_6_z_6.png,4,攻击向符石,攻擊向符石,Offensive-type,Offensive-type,공격 룬스톤,Tipo ofensivo,ประเภทรุก,9999,{529=80},100,4,7,<440;447;453;460;466;473;480;486;493;499;510;517;524;532;539;546;553;560;567;574;590;597;605;612;620;627;634;642;649;657;678;686;693;701;709;717;725;733;741;749;792;801;810;818;827;836;845;854;862;871;924;934;943;953;963;972;982;992;1001;1011;1074;1084;1095;1105;1116;1126;1137;1148;1158;1169;1241;1252;1264;1275;1287;1298;1309;1321;1332;1344;1426;1438;1450;1463;1475;1487;1500;1512;1524;1536;1628;1641;1654;1668;1681;1694;1707;1720;1734;1747;1764;1782;1800;1818;1836;1854;1873;1892;1911;1930;1949;1969;1988;2008;2028;2048;2069;2090;2111;2132;2153;2175;2196;2218;2240;2263;2285;2308;2331;2355;2378;2402;2426;2450;2475;2500;2525;2550;2575;2601;2627;2653;2680;2707;2734;2761;2789;2817;2845;2873;2902;2931;2960;2990;3020;3050;3080;3111;3142;3174;3206;3238;3270;3303;3336;3369;3403;3437;3471;3506;3541;3576;3612;3648;3685;3721;3759;3796;3834;3873;3911;3950;3990;4030;4070;4111;4152;4193;4235;4278;4321;4364;4407;4451;4496;4541;4586;4632;4679;4725>,8,<440;447;453;460;466;473;480;486;493;499;510;517;524;532;539;546;553;560;567;574;590;597;605;612;620;627;634;642;649;657;678;686;693;701;709;717;725;733;741;749;792;801;810;818;827;836;845;854;862;871;924;934;943;953;963;972;982;992;1001;1011;1074;1084;1095;1105;1116;1126;1137;1148;1158;1169;1241;1252;1264;1275;1287;1298;1309;1321;1332;1344;1426;1438;1450;1463;1475;1487;1500;1512;1524;1536;1628;1641;1654;1668;1681;1694;1707;1720;1734;1747;1764;1782;1800;1818;1836;1854;1873;1892;1911;1930;1949;1969;1988;2008;2028;2048;2069;2090;2111;2132;2153;2175;2196;2218;2240;2263;2285;2308;2331;2355;2378;2402;2426;2450;2475;2500;2525;2550;2575;2601;2627;2653;2680;2707;2734;2761;2789;2817;2845;2873;2902;2931;2960;2990;3020;3050;3080;3111;3142;3174;3206;3238;3270;3303;3336;3369;3403;3437;3471;3506;3541;3576;3612;3648;3685;3721;3759;3796;3834;3873;3911;3950;3990;4030;4070;4111;4152;4193;4235;4278;4321;4364;4407;4451;4496;4541;4586;4632;4679;4725>,10,<308;313;317;322;326;331;336;340;345;350;357;362;367;372;377;382;387;392;397;402;413;418;423;428;434;439;444;449;455;460;474;480;485;491;496;502;508;513;519;524;554;561;567;573;579;585;591;598;604;610;647;654;660;667;674;681;687;694;701;708;752;759;766;774;781;788;796;803;811;818;869;877;885;893;901;909;917;925;933;941;998;1007;1015;1024;1032;1041;1050;1058;1067;1076;1140;1149;1158;1167;1177;1186;1195;1204;1214;1223;1235;1248;1260;1273;1285;1298;1311;1324;1338;1351;1364;1378;1392;1406;1420;1434;1448;1463;1478;1492;1507;1522;1538;1553;1568;1584;1600;1616;1632;1648;1665;1682;1698;1715;1733;1750;1767;1785;1803;1821;1839;1857;1876;1895;1914;1933;1952;1972;1991;2011;2031;2052;2072;2093;2114;2135;2156;2178;2200;2222;2244;2266;2289;2312;2335;2359;2382;2406;2430;2454;2479;2504;2529;2554;2579;2605;2631;2658;2684;2711;2738;2766;2793;2821;2849;2878;2907;2936;2965;2995;3025;3055;3085;3116;3147;3179;3211;3243;3275;3308>,23,<30;30;30;30;30;33;33;33;33;33;36;36;36;36;36;39;39;39;39;39;42;42;42;42;42;45;45;45;45;45;49;49;49;49;49;52;52;52;52;52;55;55;55;55;55;58;58;58;58;58;61;61;61;61;61;64;64;64;64;64;68;68;68;68;68;71;71;71;71;71;74;74;74;74;74;77;77;77;77;77;80;80;80;80;80;83;83;83;83;83;87;87;87;87;87;90;90;90;90;90;91;92;93;94;95;96;96;97;98;99;100;101;102;103;104;106;107;108;109;110;111;112;113;114;115;117;118;119;120;121;123;124;125;126;127;129;130;131;133;134;135;137;138;139;141;142;144;145;147;148;149;151;153;154;156;157;159;160;162;164;165;167;168;170;172;174;175;177;179;181;182;184;186;188;190;192;194;196;198;200;201;204;206;208;210;212;214;216;218;220;223;225;227;229;232;234;236;239;241;243>,0,<>,,{drawcard=zi_effect_loop}
40251,致命,致命,Deadly,Deadly,치명,Mortal,2,1,config/item/gem/icon_6_hu_1.png,5,攻击向符石,攻擊向符石,Offensive-type,Offensive-type,공격 룬스톤,Tipo ofensivo,ประเภทรุก,9999,{529=400},100,5,7,<680;690;700;711;721;731;741;751;762;772;789;800;811;821;832;843;854;865;876;887;911;923;934;946;957;969;981;992;1004;1015;1047;1059;1072;1084;1096;1108;1121;1133;1145;1157;1224;1238;1251;1265;1278;1292;1306;1319;1333;1346;1428;1443;1458;1473;1488;1503;1518;1533;1548;1563;1659;1676;1692;1708;1724;1741;1757;1773;1790;1806;1918;1935;1953;1971;1988;2006;2024;2041;2059;2077;2203;2222;2241;2260;2279;2298;2317;2336;2356;2375;2516;2536;2557;2577;2598;2618;2638;2659;2679;2700;2727;2754;2782;2810;2838;2866;2895;2924;2953;2982;3012;3042;3073;3104;3135;3166;3198;3230;3262;3295;3327;3361;3394;3428;3463;3497;3532;3567;3603;3639;3676;3712;3749;3787;3825;3863;3902;3941;3980;4020;4060;4101;4142;4183;4225;4267;4310;4353;4397;4441;4485;4530;4575;4621;4667;4714;4761;4808;4857;4905;4954;5004;5054;5104;5155;5207;5259;5311;5365;5418;5472;5527;5582;5638;5695;5752;5809;5867;5926;5985;6045;6105;6166;6228;6290;6353;6417;6481;6546;6611;6677;6744;6812;6880;6949;7018;7088;7159;7231;7303>,8,<680;690;700;711;721;731;741;751;762;772;789;800;811;821;832;843;854;865;876;887;911;923;934;946;957;969;981;992;1004;1015;1047;1059;1072;1084;1096;1108;1121;1133;1145;1157;1224;1238;1251;1265;1278;1292;1306;1319;1333;1346;1428;1443;1458;1473;1488;1503;1518;1533;1548;1563;1659;1676;1692;1708;1724;1741;1757;1773;1790;1806;1918;1935;1953;1971;1988;2006;2024;2041;2059;2077;2203;2222;2241;2260;2279;2298;2317;2336;2356;2375;2516;2536;2557;2577;2598;2618;2638;2659;2679;2700;2727;2754;2782;2810;2838;2866;2895;2924;2953;2982;3012;3042;3073;3104;3135;3166;3198;3230;3262;3295;3327;3361;3394;3428;3463;3497;3532;3567;3603;3639;3676;3712;3749;3787;3825;3863;3902;3941;3980;4020;4060;4101;4142;4183;4225;4267;4310;4353;4397;4441;4485;4530;4575;4621;4667;4714;4761;4808;4857;4905;4954;5004;5054;5104;5155;5207;5259;5311;5365;5418;5472;5527;5582;5638;5695;5752;5809;5867;5926;5985;6045;6105;6166;6228;6290;6353;6417;6481;6546;6611;6677;6744;6812;6880;6949;7018;7088;7159;7231;7303>,14,<76;76;76;76;76;84;84;84;84;84;92;92;92;92;92;101;101;101;101;101;109;109;109;109;109;117;117;117;117;117;125;125;125;125;125;133;133;133;133;133;141;141;141;141;141;150;150;150;150;150;158;158;158;158;158;166;166;166;166;166;174;174;174;174;174;182;182;182;182;182;190;190;190;190;190;199;199;199;199;199;207;207;207;207;207;215;215;215;215;215;223;223;223;223;223;231;231;231;231;231;233;236;238;240;243;245;248;250;253;255;258;260;263;266;268;271;274;276;279;282;285;288;290;293;296;299;302;305;308;311;314;318;321;324;327;331;334;337;341;344;347;351;354;358;361;365;369;372;376;380;384;388;391;395;399;403;407;411;416;420;424;428;432;437;441;445;450;454;459;464;468;473;478;482;487;492;497;502;507;512;517;522;528;533;538;544;549;554;560;566;571;577;583;589;594;600;606;613;619;625>,0,<>,0,<>,,{drawcard=huang_effect_loop}
40252,致命,致命,Deadly,Deadly,치명,Mortal,2,2,config/item/gem/icon_6_hu_2.png,5,攻击向符石,攻擊向符石,Offensive-type,Offensive-type,공격 룬스톤,Tipo ofensivo,ประเภทรุก,9999,{529=400},100,5,7,<680;690;700;711;721;731;741;751;762;772;789;800;811;821;832;843;854;865;876;887;911;923;934;946;957;969;981;992;1004;1015;1047;1059;1072;1084;1096;1108;1121;1133;1145;1157;1224;1238;1251;1265;1278;1292;1306;1319;1333;1346;1428;1443;1458;1473;1488;1503;1518;1533;1548;1563;1659;1676;1692;1708;1724;1741;1757;1773;1790;1806;1918;1935;1953;1971;1988;2006;2024;2041;2059;2077;2203;2222;2241;2260;2279;2298;2317;2336;2356;2375;2516;2536;2557;2577;2598;2618;2638;2659;2679;2700;2727;2754;2782;2810;2838;2866;2895;2924;2953;2982;3012;3042;3073;3104;3135;3166;3198;3230;3262;3295;3327;3361;3394;3428;3463;3497;3532;3567;3603;3639;3676;3712;3749;3787;3825;3863;3902;3941;3980;4020;4060;4101;4142;4183;4225;4267;4310;4353;4397;4441;4485;4530;4575;4621;4667;4714;4761;4808;4857;4905;4954;5004;5054;5104;5155;5207;5259;5311;5365;5418;5472;5527;5582;5638;5695;5752;5809;5867;5926;5985;6045;6105;6166;6228;6290;6353;6417;6481;6546;6611;6677;6744;6812;6880;6949;7018;7088;7159;7231;7303>,8,<680;690;700;711;721;731;741;751;762;772;789;800;811;821;832;843;854;865;876;887;911;923;934;946;957;969;981;992;1004;1015;1047;1059;1072;1084;1096;1108;1121;1133;1145;1157;1224;1238;1251;1265;1278;1292;1306;1319;1333;1346;1428;1443;1458;1473;1488;1503;1518;1533;1548;1563;1659;1676;1692;1708;1724;1741;1757;1773;1790;1806;1918;1935;1953;1971;1988;2006;2024;2041;2059;2077;2203;2222;2241;2260;2279;2298;2317;2336;2356;2375;2516;2536;2557;2577;2598;2618;2638;2659;2679;2700;2727;2754;2782;2810;2838;2866;2895;2924;2953;2982;3012;3042;3073;3104;3135;3166;3198;3230;3262;3295;3327;3361;3394;3428;3463;3497;3532;3567;3603;3639;3676;3712;3749;3787;3825;3863;3902;3941;3980;4020;4060;4101;4142;4183;4225;4267;4310;4353;4397;4441;4485;4530;4575;4621;4667;4714;4761;4808;4857;4905;4954;5004;5054;5104;5155;5207;5259;5311;5365;5418;5472;5527;5582;5638;5695;5752;5809;5867;5926;5985;6045;6105;6166;6228;6290;6353;6417;6481;6546;6611;6677;6744;6812;6880;6949;7018;7088;7159;7231;7303>,15,<114;114;114;114;114;126;126;126;126;126;139;139;139;139;139;151;151;151;151;151;163;163;163;163;163;175;175;175;175;175;188;188;188;188;188;200;200;200;200;200;212;212;212;212;212;224;224;224;224;224;237;237;237;237;237;249;249;249;249;249;261;261;261;261;261;273;273;273;273;273;286;286;286;286;286;298;298;298;298;298;310;310;310;310;310;322;322;322;322;322;335;335;335;335;335;347;347;347;347;347;350;354;358;361;365;368;372;376;380;383;387;391;395;399;403;407;411;415;419;423;428;432;436;441;445;449;454;458;463;468;472;477;482;487;492;496;501;506;512;517;522;527;532;538;543;548;554;559;565;571;576;582;588;594;600;606;612;618;624;630;637;643;649;656;663;669;676;683;689;696;703;710;717;725;732;739;747;754;762;769;777;785;793;800;808;817;825;833;841;850;858;867;875;884;893;902;911;920;929;939>,0,<>,0,<>,,{drawcard=huang_effect_loop}
40253,致命,致命,Deadly,Deadly,치명,Mortal,2,3,config/item/gem/icon_6_hu_3.png,5,攻击向符石,攻擊向符石,Offensive-type,Offensive-type,공격 룬스톤,Tipo ofensivo,ประเภทรุก,9999,{529=400},100,5,1,<3427;3478;3530;3581;3633;3684;3735;3787;3838;3890;3975;4030;4085;4140;4195;4249;4304;4359;4414;4469;4592;4650;4709;4767;4825;4883;4942;5000;5058;5117;5278;5339;5401;5463;5524;5586;5648;5709;5771;5833;6169;6237;6306;6374;6443;6511;6580;6648;6717;6785;7197;7272;7347;7423;7498;7574;7649;7724;7800;7875;8362;8444;8526;8609;8691;8773;8855;8938;9020;9102;9664;9753;9842;9931;10021;10110;10199;10288;10377;10466;11103;11199;11295;11391;11487;11583;11679;11775;11871;11967;12680;12783;12886;12988;13091;13194;13297;13400;13502;13605;13741;13878;14017;14157;14299;14442;14586;14732;14880;15028;15179;15330;15484;15639;15795;15953;16112;16274;16436;16601;16767;16934;17104;17275;17447;17622;17798;17976;18156;18337;18521;18706;18893;19082;19273;19466;19660;19857;20055;20256;20459;20663;20870;21078;21289;21502;21717;21934;22154;22375;22599;22825;23053;23284;23517;23752;23989;24229;24471;24716;24963;25213;25465;25720;25977;26237;26499;26764;27032;27302;27575;27851;28129;28411;28695;28982;29271;29564;29860;30158;30460;30765;31072;31383;31697;32014;32334;32657;32984;33314;33647;33983;34323;34666;35013;35363;35717;36074;36435;36799>,7,<680;690;700;711;721;731;741;751;762;772;789;800;811;821;832;843;854;865;876;887;911;923;934;946;957;969;981;992;1004;1015;1047;1059;1072;1084;1096;1108;1121;1133;1145;1157;1224;1238;1251;1265;1278;1292;1306;1319;1333;1346;1428;1443;1458;1473;1488;1503;1518;1533;1548;1563;1659;1676;1692;1708;1724;1741;1757;1773;1790;1806;1918;1935;1953;1971;1988;2006;2024;2041;2059;2077;2203;2222;2241;2260;2279;2298;2317;2336;2356;2375;2516;2536;2557;2577;2598;2618;2638;2659;2679;2700;2727;2754;2782;2810;2838;2866;2895;2924;2953;2982;3012;3042;3073;3104;3135;3166;3198;3230;3262;3295;3327;3361;3394;3428;3463;3497;3532;3567;3603;3639;3676;3712;3749;3787;3825;3863;3902;3941;3980;4020;4060;4101;4142;4183;4225;4267;4310;4353;4397;4441;4485;4530;4575;4621;4667;4714;4761;4808;4857;4905;4954;5004;5054;5104;5155;5207;5259;5311;5365;5418;5472;5527;5582;5638;5695;5752;5809;5867;5926;5985;6045;6105;6166;6228;6290;6353;6417;6481;6546;6611;6677;6744;6812;6880;6949;7018;7088;7159;7231;7303>,8,<680;690;700;711;721;731;741;751;762;772;789;800;811;821;832;843;854;865;876;887;911;923;934;946;957;969;981;992;1004;1015;1047;1059;1072;1084;1096;1108;1121;1133;1145;1157;1224;1238;1251;1265;1278;1292;1306;1319;1333;1346;1428;1443;1458;1473;1488;1503;1518;1533;1548;1563;1659;1676;1692;1708;1724;1741;1757;1773;1790;1806;1918;1935;1953;1971;1988;2006;2024;2041;2059;2077;2203;2222;2241;2260;2279;2298;2317;2336;2356;2375;2516;2536;2557;2577;2598;2618;2638;2659;2679;2700;2727;2754;2782;2810;2838;2866;2895;2924;2953;2982;3012;3042;3073;3104;3135;3166;3198;3230;3262;3295;3327;3361;3394;3428;3463;3497;3532;3567;3603;3639;3676;3712;3749;3787;3825;3863;3902;3941;3980;4020;4060;4101;4142;4183;4225;4267;4310;4353;4397;4441;4485;4530;4575;4621;4667;4714;4761;4808;4857;4905;4954;5004;5054;5104;5155;5207;5259;5311;5365;5418;5472;5527;5582;5638;5695;5752;5809;5867;5926;5985;6045;6105;6166;6228;6290;6353;6417;6481;6546;6611;6677;6744;6812;6880;6949;7018;7088;7159;7231;7303>,11,<76;76;76;76;76;84;84;84;84;84;92;92;92;92;92;101;101;101;101;101;109;109;109;109;109;117;117;117;117;117;125;125;125;125;125;133;133;133;133;133;141;141;141;141;141;150;150;150;150;150;158;158;158;158;158;166;166;166;166;166;174;174;174;174;174;182;182;182;182;182;190;190;190;190;190;199;199;199;199;199;207;207;207;207;207;215;215;215;215;215;223;223;223;223;223;231;231;231;231;231;233;236;238;240;243;245;248;250;253;255;258;260;263;266;268;271;274;276;279;282;285;288;290;293;296;299;302;305;308;311;314;318;321;324;327;331;334;337;341;344;347;351;354;358;361;365;369;372;376;380;384;388;391;395;399;403;407;411;416;420;424;428;432;437;441;445;450;454;459;464;468;473;478;482;487;492;497;502;507;512;517;522;528;533;538;544;549;554;560;566;571;577;583;589;594;600;606;613;619;625>,12,<76;76;76;76;76;84;84;84;84;84;92;92;92;92;92;101;101;101;101;101;109;109;109;109;109;117;117;117;117;117;125;125;125;125;125;133;133;133;133;133;141;141;141;141;141;150;150;150;150;150;158;158;158;158;158;166;166;166;166;166;174;174;174;174;174;182;182;182;182;182;190;190;190;190;190;199;199;199;199;199;207;207;207;207;207;215;215;215;215;215;223;223;223;223;223;231;231;231;231;231;233;236;238;240;243;245;248;250;253;255;258;260;263;266;268;271;274;276;279;282;285;288;290;293;296;299;302;305;308;311;314;318;321;324;327;331;334;337;341;344;347;351;354;358;361;365;369;372;376;380;384;388;391;395;399;403;407;411;416;420;424;428;432;437;441;445;450;454;459;464;468;473;478;482;487;492;497;502;507;512;517;522;528;533;538;544;549;554;560;566;571;577;583;589;594;600;606;613;619;625>,,{drawcard=huang_effect_loop}
40254,致命,致命,Deadly,Deadly,치명,Mortal,2,4,config/item/gem/icon_6_hu_4.png,5,攻击向符石,攻擊向符石,Offensive-type,Offensive-type,공격 룬스톤,Tipo ofensivo,ประเภทรุก,9999,{529=400},100,5,1,<3427;3478;3530;3581;3633;3684;3735;3787;3838;3890;3975;4030;4085;4140;4195;4249;4304;4359;4414;4469;4592;4650;4709;4767;4825;4883;4942;5000;5058;5117;5278;5339;5401;5463;5524;5586;5648;5709;5771;5833;6169;6237;6306;6374;6443;6511;6580;6648;6717;6785;7197;7272;7347;7423;7498;7574;7649;7724;7800;7875;8362;8444;8526;8609;8691;8773;8855;8938;9020;9102;9664;9753;9842;9931;10021;10110;10199;10288;10377;10466;11103;11199;11295;11391;11487;11583;11679;11775;11871;11967;12680;12783;12886;12988;13091;13194;13297;13400;13502;13605;13741;13878;14017;14157;14299;14442;14586;14732;14880;15028;15179;15330;15484;15639;15795;15953;16112;16274;16436;16601;16767;16934;17104;17275;17447;17622;17798;17976;18156;18337;18521;18706;18893;19082;19273;19466;19660;19857;20055;20256;20459;20663;20870;21078;21289;21502;21717;21934;22154;22375;22599;22825;23053;23284;23517;23752;23989;24229;24471;24716;24963;25213;25465;25720;25977;26237;26499;26764;27032;27302;27575;27851;28129;28411;28695;28982;29271;29564;29860;30158;30460;30765;31072;31383;31697;32014;32334;32657;32984;33314;33647;33983;34323;34666;35013;35363;35717;36074;36435;36799>,7,<680;690;700;711;721;731;741;751;762;772;789;800;811;821;832;843;854;865;876;887;911;923;934;946;957;969;981;992;1004;1015;1047;1059;1072;1084;1096;1108;1121;1133;1145;1157;1224;1238;1251;1265;1278;1292;1306;1319;1333;1346;1428;1443;1458;1473;1488;1503;1518;1533;1548;1563;1659;1676;1692;1708;1724;1741;1757;1773;1790;1806;1918;1935;1953;1971;1988;2006;2024;2041;2059;2077;2203;2222;2241;2260;2279;2298;2317;2336;2356;2375;2516;2536;2557;2577;2598;2618;2638;2659;2679;2700;2727;2754;2782;2810;2838;2866;2895;2924;2953;2982;3012;3042;3073;3104;3135;3166;3198;3230;3262;3295;3327;3361;3394;3428;3463;3497;3532;3567;3603;3639;3676;3712;3749;3787;3825;3863;3902;3941;3980;4020;4060;4101;4142;4183;4225;4267;4310;4353;4397;4441;4485;4530;4575;4621;4667;4714;4761;4808;4857;4905;4954;5004;5054;5104;5155;5207;5259;5311;5365;5418;5472;5527;5582;5638;5695;5752;5809;5867;5926;5985;6045;6105;6166;6228;6290;6353;6417;6481;6546;6611;6677;6744;6812;6880;6949;7018;7088;7159;7231;7303>,8,<680;690;700;711;721;731;741;751;762;772;789;800;811;821;832;843;854;865;876;887;911;923;934;946;957;969;981;992;1004;1015;1047;1059;1072;1084;1096;1108;1121;1133;1145;1157;1224;1238;1251;1265;1278;1292;1306;1319;1333;1346;1428;1443;1458;1473;1488;1503;1518;1533;1548;1563;1659;1676;1692;1708;1724;1741;1757;1773;1790;1806;1918;1935;1953;1971;1988;2006;2024;2041;2059;2077;2203;2222;2241;2260;2279;2298;2317;2336;2356;2375;2516;2536;2557;2577;2598;2618;2638;2659;2679;2700;2727;2754;2782;2810;2838;2866;2895;2924;2953;2982;3012;3042;3073;3104;3135;3166;3198;3230;3262;3295;3327;3361;3394;3428;3463;3497;3532;3567;3603;3639;3676;3712;3749;3787;3825;3863;3902;3941;3980;4020;4060;4101;4142;4183;4225;4267;4310;4353;4397;4441;4485;4530;4575;4621;4667;4714;4761;4808;4857;4905;4954;5004;5054;5104;5155;5207;5259;5311;5365;5418;5472;5527;5582;5638;5695;5752;5809;5867;5926;5985;6045;6105;6166;6228;6290;6353;6417;6481;6546;6611;6677;6744;6812;6880;6949;7018;7088;7159;7231;7303>,90,<91;91;91;91;91;101;101;101;101;101;111;111;111;111;111;121;121;121;121;121;131;131;131;131;131;140;140;140;140;140;150;150;150;150;150;160;160;160;160;160;170;170;170;170;170;180;180;180;180;180;189;189;189;189;189;199;199;199;199;199;209;209;209;209;209;219;219;219;219;219;228;228;228;228;228;238;238;238;238;238;248;248;248;248;248;258;258;258;258;258;268;268;268;268;268;277;277;277;277;277;280;283;285;288;291;294;297;300;303;306;309;312;315;318;322;325;328;331;335;338;341;345;348;352;355;359;362;366;370;373;377;381;385;389;392;396;400;404;408;412;417;421;425;429;433;438;442;447;451;456;460;465;469;474;479;484;488;493;498;503;508;513;518;524;529;534;540;545;550;556;561;567;573;578;584;590;596;602;608;614;620;626;633;639;645;652;658;665;672;678;685;692;699;706;713;720;727;734;742;749>,0,<>,,{drawcard=huang_effect_loop}
40255,致命,致命,Deadly,Deadly,치명,Mortal,2,5,config/item/gem/icon_6_hu_5.png,5,攻击向符石,攻擊向符石,Offensive-type,Offensive-type,공격 룬스톤,Tipo ofensivo,ประเภทรุก,9999,{529=400},100,5,7,<680;690;700;711;721;731;741;751;762;772;789;800;811;821;832;843;854;865;876;887;911;923;934;946;957;969;981;992;1004;1015;1047;1059;1072;1084;1096;1108;1121;1133;1145;1157;1224;1238;1251;1265;1278;1292;1306;1319;1333;1346;1428;1443;1458;1473;1488;1503;1518;1533;1548;1563;1659;1676;1692;1708;1724;1741;1757;1773;1790;1806;1918;1935;1953;1971;1988;2006;2024;2041;2059;2077;2203;2222;2241;2260;2279;2298;2317;2336;2356;2375;2516;2536;2557;2577;2598;2618;2638;2659;2679;2700;2727;2754;2782;2810;2838;2866;2895;2924;2953;2982;3012;3042;3073;3104;3135;3166;3198;3230;3262;3295;3327;3361;3394;3428;3463;3497;3532;3567;3603;3639;3676;3712;3749;3787;3825;3863;3902;3941;3980;4020;4060;4101;4142;4183;4225;4267;4310;4353;4397;4441;4485;4530;4575;4621;4667;4714;4761;4808;4857;4905;4954;5004;5054;5104;5155;5207;5259;5311;5365;5418;5472;5527;5582;5638;5695;5752;5809;5867;5926;5985;6045;6105;6166;6228;6290;6353;6417;6481;6546;6611;6677;6744;6812;6880;6949;7018;7088;7159;7231;7303>,8,<680;690;700;711;721;731;741;751;762;772;789;800;811;821;832;843;854;865;876;887;911;923;934;946;957;969;981;992;1004;1015;1047;1059;1072;1084;1096;1108;1121;1133;1145;1157;1224;1238;1251;1265;1278;1292;1306;1319;1333;1346;1428;1443;1458;1473;1488;1503;1518;1533;1548;1563;1659;1676;1692;1708;1724;1741;1757;1773;1790;1806;1918;1935;1953;1971;1988;2006;2024;2041;2059;2077;2203;2222;2241;2260;2279;2298;2317;2336;2356;2375;2516;2536;2557;2577;2598;2618;2638;2659;2679;2700;2727;2754;2782;2810;2838;2866;2895;2924;2953;2982;3012;3042;3073;3104;3135;3166;3198;3230;3262;3295;3327;3361;3394;3428;3463;3497;3532;3567;3603;3639;3676;3712;3749;3787;3825;3863;3902;3941;3980;4020;4060;4101;4142;4183;4225;4267;4310;4353;4397;4441;4485;4530;4575;4621;4667;4714;4761;4808;4857;4905;4954;5004;5054;5104;5155;5207;5259;5311;5365;5418;5472;5527;5582;5638;5695;5752;5809;5867;5926;5985;6045;6105;6166;6228;6290;6353;6417;6481;6546;6611;6677;6744;6812;6880;6949;7018;7088;7159;7231;7303>,9,<476;483;490;497;505;512;519;526;533;540;552;560;567;575;583;590;598;605;613;621;638;646;654;662;670;678;686;694;703;711;733;742;750;759;767;776;784;793;802;810;857;866;876;885;895;904;914;923;933;942;1000;1010;1021;1031;1041;1052;1062;1073;1083;1094;1161;1173;1184;1196;1207;1219;1230;1241;1253;1264;1342;1355;1367;1379;1392;1404;1417;1429;1441;1454;1542;1556;1569;1582;1596;1609;1622;1636;1649;1662;1761;1775;1790;1804;1818;1833;1847;1861;1875;1890;1909;1928;1947;1967;1986;2006;2026;2047;2067;2088;2109;2130;2151;2173;2194;2216;2238;2261;2283;2306;2329;2353;2376;2400;2424;2448;2473;2497;2522;2547;2573;2599;2625;2651;2677;2704;2731;2759;2786;2814;2842;2871;2899;2928;2957;2987;3017;3047;3078;3108;3139;3171;3203;3235;3267;3300;3333;3366;3400;3434;3468;3503;3538;3573;3609;3645;3681;3718;3755;3793;3831;3869;3908;3947;3986;4026;4066;4107;4148;4190;4231;4274;4317;4360;4403;4447;4492;4537;4582;4628;4674;4721;4768;4816;4864;4913;4962;5011;5061;5112>,22,<46;46;46;46;46;51;51;51;51;51;55;55;55;55;55;60;60;60;60;60;65;65;65;65;65;70;70;70;70;70;75;75;75;75;75;80;80;80;80;80;85;85;85;85;85;90;90;90;90;90;95;95;95;95;95;100;100;100;100;100;104;104;104;104;104;109;109;109;109;109;114;114;114;114;114;119;119;119;119;119;124;124;124;124;124;129;129;129;129;129;134;134;134;134;134;139;139;139;139;139;140;142;143;145;146;148;149;151;152;154;155;157;158;160;161;163;165;166;168;170;171;173;175;176;178;180;182;184;185;187;189;191;193;195;197;199;201;203;205;207;209;211;213;215;218;220;222;224;226;229;231;233;236;238;240;243;245;248;250;253;255;258;260;263;265;268;271;273;276;279;282;285;287;290;293;296;299;302;305;308;311;314;317;321;324;327;330;334;337;340;344;347;351;354;358;361;365;369;372;376>,0,<>,,{drawcard=huang_effect_loop}
40256,致命,致命,Deadly,Deadly,치명,Mortal,2,6,config/item/gem/icon_6_hu_6.png,5,攻击向符石,攻擊向符石,Offensive-type,Offensive-type,공격 룬스톤,Tipo ofensivo,ประเภทรุก,9999,{529=400},100,5,7,<680;690;700;711;721;731;741;751;762;772;789;800;811;821;832;843;854;865;876;887;911;923;934;946;957;969;981;992;1004;1015;1047;1059;1072;1084;1096;1108;1121;1133;1145;1157;1224;1238;1251;1265;1278;1292;1306;1319;1333;1346;1428;1443;1458;1473;1488;1503;1518;1533;1548;1563;1659;1676;1692;1708;1724;1741;1757;1773;1790;1806;1918;1935;1953;1971;1988;2006;2024;2041;2059;2077;2203;2222;2241;2260;2279;2298;2317;2336;2356;2375;2516;2536;2557;2577;2598;2618;2638;2659;2679;2700;2727;2754;2782;2810;2838;2866;2895;2924;2953;2982;3012;3042;3073;3104;3135;3166;3198;3230;3262;3295;3327;3361;3394;3428;3463;3497;3532;3567;3603;3639;3676;3712;3749;3787;3825;3863;3902;3941;3980;4020;4060;4101;4142;4183;4225;4267;4310;4353;4397;4441;4485;4530;4575;4621;4667;4714;4761;4808;4857;4905;4954;5004;5054;5104;5155;5207;5259;5311;5365;5418;5472;5527;5582;5638;5695;5752;5809;5867;5926;5985;6045;6105;6166;6228;6290;6353;6417;6481;6546;6611;6677;6744;6812;6880;6949;7018;7088;7159;7231;7303>,8,<680;690;700;711;721;731;741;751;762;772;789;800;811;821;832;843;854;865;876;887;911;923;934;946;957;969;981;992;1004;1015;1047;1059;1072;1084;1096;1108;1121;1133;1145;1157;1224;1238;1251;1265;1278;1292;1306;1319;1333;1346;1428;1443;1458;1473;1488;1503;1518;1533;1548;1563;1659;1676;1692;1708;1724;1741;1757;1773;1790;1806;1918;1935;1953;1971;1988;2006;2024;2041;2059;2077;2203;2222;2241;2260;2279;2298;2317;2336;2356;2375;2516;2536;2557;2577;2598;2618;2638;2659;2679;2700;2727;2754;2782;2810;2838;2866;2895;2924;2953;2982;3012;3042;3073;3104;3135;3166;3198;3230;3262;3295;3327;3361;3394;3428;3463;3497;3532;3567;3603;3639;3676;3712;3749;3787;3825;3863;3902;3941;3980;4020;4060;4101;4142;4183;4225;4267;4310;4353;4397;4441;4485;4530;4575;4621;4667;4714;4761;4808;4857;4905;4954;5004;5054;5104;5155;5207;5259;5311;5365;5418;5472;5527;5582;5638;5695;5752;5809;5867;5926;5985;6045;6105;6166;6228;6290;6353;6417;6481;6546;6611;6677;6744;6812;6880;6949;7018;7088;7159;7231;7303>,10,<476;483;490;497;505;512;519;526;533;540;552;560;567;575;583;590;598;605;613;621;638;646;654;662;670;678;686;694;703;711;733;742;750;759;767;776;784;793;802;810;857;866;876;885;895;904;914;923;933;942;1000;1010;1021;1031;1041;1052;1062;1073;1083;1094;1161;1173;1184;1196;1207;1219;1230;1241;1253;1264;1342;1355;1367;1379;1392;1404;1417;1429;1441;1454;1542;1556;1569;1582;1596;1609;1622;1636;1649;1662;1761;1775;1790;1804;1818;1833;1847;1861;1875;1890;1909;1928;1947;1967;1986;2006;2026;2047;2067;2088;2109;2130;2151;2173;2194;2216;2238;2261;2283;2306;2329;2353;2376;2400;2424;2448;2473;2497;2522;2547;2573;2599;2625;2651;2677;2704;2731;2759;2786;2814;2842;2871;2899;2928;2957;2987;3017;3047;3078;3108;3139;3171;3203;3235;3267;3300;3333;3366;3400;3434;3468;3503;3538;3573;3609;3645;3681;3718;3755;3793;3831;3869;3908;3947;3986;4026;4066;4107;4148;4190;4231;4274;4317;4360;4403;4447;4492;4537;4582;4628;4674;4721;4768;4816;4864;4913;4962;5011;5061;5112>,23,<46;46;46;46;46;51;51;51;51;51;55;55;55;55;55;60;60;60;60;60;65;65;65;65;65;70;70;70;70;70;75;75;75;75;75;80;80;80;80;80;85;85;85;85;85;90;90;90;90;90;95;95;95;95;95;100;100;100;100;100;104;104;104;104;104;109;109;109;109;109;114;114;114;114;114;119;119;119;119;119;124;124;124;124;124;129;129;129;129;129;134;134;134;134;134;139;139;139;139;139;140;142;143;145;146;148;149;151;152;154;155;157;158;160;161;163;165;166;168;170;171;173;175;176;178;180;182;184;185;187;189;191;193;195;197;199;201;203;205;207;209;211;213;215;218;220;222;224;226;229;231;233;236;238;240;243;245;248;250;253;255;258;260;263;265;268;271;273;276;279;282;285;287;290;293;296;299;302;305;308;311;314;317;321;324;327;330;334;337;340;344;347;351;354;358;361;365;369;372;376>,0,<>,,{drawcard=huang_effect_loop}
40261,致命,致命,Deadly,Deadly,치명,Mortal,2,1,config/item/gem/icon_6_h_1.png,6,攻击向符石,攻擊向符石,Offensive-type,Offensive-type,공격 룬스톤,Tipo ofensivo,ประเภทรุก,9999,{529=2000},100,6,7,<1000;1015;1030;1045;1060;1075;1090;1105;1120;1135;1160;1176;1192;1208;1224;1240;1256;1272;1288;1304;1340;1357;1374;1391;1408;1425;1442;1459;1476;1493;1540;1558;1576;1594;1612;1630;1648;1666;1684;1702;1960;1984;2008;2032;2056;2080;2104;2128;2152;2176;2300;2326;2352;2378;2404;2430;2456;2482;2508;2534;2680;2708;2736;2764;2792;2820;2848;2876;2904;2932;3100;3130;3160;3190;3220;3250;3280;3310;3340;3370;3560;3592;3624;3656;3688;3720;3752;3784;3816;3848;3880;3912;3944;3976;4008;4040;4072;4104;4136;4168;4210;4252;4294;4337;4381;4424;4469;4513;4558;4604;4650;4697;4744;4791;4839;4887;4936;4986;5035;5086;5137;5188;5240;5292;5345;5399;5453;5507;5562;5618;5674;5731;5788;5846;5904;5963;6023;6083;6144;6206;6268;6330;6394;6458;6522;6587;6653;6720;6787;6855;6923;6993;7063;7133;7204;7277;7349;7423;7497;7572;7648;7724;7801;7879;7958;8038;8118;8199;8281;8364;8448;8532;8618;8704;8791;8879;8968;9057;9148;9239;9332;9425;9519;9614;9711;9808;9906;10005;10105;10206;10308;10411;10515;10620;10727;10834;10942;11052;11162;11274>,8,<1000;1015;1030;1045;1060;1075;1090;1105;1120;1135;1160;1176;1192;1208;1224;1240;1256;1272;1288;1304;1340;1357;1374;1391;1408;1425;1442;1459;1476;1493;1540;1558;1576;1594;1612;1630;1648;1666;1684;1702;1960;1984;2008;2032;2056;2080;2104;2128;2152;2176;2300;2326;2352;2378;2404;2430;2456;2482;2508;2534;2680;2708;2736;2764;2792;2820;2848;2876;2904;2932;3100;3130;3160;3190;3220;3250;3280;3310;3340;3370;3560;3592;3624;3656;3688;3720;3752;3784;3816;3848;3880;3912;3944;3976;4008;4040;4072;4104;4136;4168;4210;4252;4294;4337;4381;4424;4469;4513;4558;4604;4650;4697;4744;4791;4839;4887;4936;4986;5035;5086;5137;5188;5240;5292;5345;5399;5453;5507;5562;5618;5674;5731;5788;5846;5904;5963;6023;6083;6144;6206;6268;6330;6394;6458;6522;6587;6653;6720;6787;6855;6923;6993;7063;7133;7204;7277;7349;7423;7497;7572;7648;7724;7801;7879;7958;8038;8118;8199;8281;8364;8448;8532;8618;8704;8791;8879;8968;9057;9148;9239;9332;9425;9519;9614;9711;9808;9906;10005;10105;10206;10308;10411;10515;10620;10727;10834;10942;11052;11162;11274>,14,<112;112;112;112;112;124;124;124;124;124;136;136;136;136;136;148;148;148;148;148;160;160;160;160;160;172;172;172;172;172;184;184;184;184;184;196;196;196;196;196;208;208;208;208;208;220;220;220;220;220;232;232;232;232;232;244;244;244;244;244;256;256;256;256;256;268;268;268;268;268;280;280;280;280;280;292;292;292;292;292;304;304;304;304;304;316;316;316;316;316;328;328;328;328;328;340;340;340;340;340;343;347;350;354;357;361;365;368;372;376;379;383;387;391;395;399;403;407;411;415;419;423;427;432;436;440;445;449;454;458;463;467;472;477;482;486;491;496;501;506;511;516;522;527;532;537;543;548;554;559;565;570;576;582;588;594;600;606;612;618;624;630;636;643;649;656;662;669;676;682;689;696;703;710;717;724;732;739;746;754;761;769;777;784;792;800;808;816;824;833;841;849;858;866;875;884;893;902;911;920>,0,<>,0,<>,,{drawcard=hong_effect_loop}
40262,致命,致命,Deadly,Deadly,치명,Mortal,2,2,config/item/gem/icon_6_h_2.png,6,攻击向符石,攻擊向符石,Offensive-type,Offensive-type,공격 룬스톤,Tipo ofensivo,ประเภทรุก,9999,{529=2000},100,6,7,<1000;1015;1030;1045;1060;1075;1090;1105;1120;1135;1160;1176;1192;1208;1224;1240;1256;1272;1288;1304;1340;1357;1374;1391;1408;1425;1442;1459;1476;1493;1540;1558;1576;1594;1612;1630;1648;1666;1684;1702;1960;1984;2008;2032;2056;2080;2104;2128;2152;2176;2300;2326;2352;2378;2404;2430;2456;2482;2508;2534;2680;2708;2736;2764;2792;2820;2848;2876;2904;2932;3100;3130;3160;3190;3220;3250;3280;3310;3340;3370;3560;3592;3624;3656;3688;3720;3752;3784;3816;3848;3880;3912;3944;3976;4008;4040;4072;4104;4136;4168;4210;4252;4294;4337;4381;4424;4469;4513;4558;4604;4650;4697;4744;4791;4839;4887;4936;4986;5035;5086;5137;5188;5240;5292;5345;5399;5453;5507;5562;5618;5674;5731;5788;5846;5904;5963;6023;6083;6144;6206;6268;6330;6394;6458;6522;6587;6653;6720;6787;6855;6923;6993;7063;7133;7204;7277;7349;7423;7497;7572;7648;7724;7801;7879;7958;8038;8118;8199;8281;8364;8448;8532;8618;8704;8791;8879;8968;9057;9148;9239;9332;9425;9519;9614;9711;9808;9906;10005;10105;10206;10308;10411;10515;10620;10727;10834;10942;11052;11162;11274>,8,<1000;1015;1030;1045;1060;1075;1090;1105;1120;1135;1160;1176;1192;1208;1224;1240;1256;1272;1288;1304;1340;1357;1374;1391;1408;1425;1442;1459;1476;1493;1540;1558;1576;1594;1612;1630;1648;1666;1684;1702;1960;1984;2008;2032;2056;2080;2104;2128;2152;2176;2300;2326;2352;2378;2404;2430;2456;2482;2508;2534;2680;2708;2736;2764;2792;2820;2848;2876;2904;2932;3100;3130;3160;3190;3220;3250;3280;3310;3340;3370;3560;3592;3624;3656;3688;3720;3752;3784;3816;3848;3880;3912;3944;3976;4008;4040;4072;4104;4136;4168;4210;4252;4294;4337;4381;4424;4469;4513;4558;4604;4650;4697;4744;4791;4839;4887;4936;4986;5035;5086;5137;5188;5240;5292;5345;5399;5453;5507;5562;5618;5674;5731;5788;5846;5904;5963;6023;6083;6144;6206;6268;6330;6394;6458;6522;6587;6653;6720;6787;6855;6923;6993;7063;7133;7204;7277;7349;7423;7497;7572;7648;7724;7801;7879;7958;8038;8118;8199;8281;8364;8448;8532;8618;8704;8791;8879;8968;9057;9148;9239;9332;9425;9519;9614;9711;9808;9906;10005;10105;10206;10308;10411;10515;10620;10727;10834;10942;11052;11162;11274>,15,<168;168;168;168;168;186;186;186;186;186;204;204;204;204;204;222;222;222;222;222;240;240;240;240;240;258;258;258;258;258;276;276;276;276;276;294;294;294;294;294;312;312;312;312;312;330;330;330;330;330;348;348;348;348;348;366;366;366;366;366;384;384;384;384;384;402;402;402;402;402;420;420;420;420;420;438;438;438;438;438;456;456;456;456;456;474;474;474;474;474;492;492;492;492;492;510;510;510;510;510;515;520;525;531;536;541;547;552;558;563;569;575;580;586;592;598;604;610;616;622;629;635;641;648;654;661;667;674;681;687;694;701;708;715;722;730;737;744;752;759;767;775;782;790;798;806;814;822;830;839;847;856;864;873;882;890;899;908;917;927;936;945;955;964;974;984;993;1003;1013;1023;1034;1044;1054;1065;1076;1086;1097;1108;1119;1131;1142;1153;1165;1176;1188;1200;1212;1224;1236;1249;1261;1274;1287;1300;1313;1326;1339;1352;1366;1379>,0,<>,0,<>,,{drawcard=hong_effect_loop}
40263,致命,致命,Deadly,Deadly,치명,Mortal,2,3,config/item/gem/icon_6_h_3.png,6,攻击向符石,攻擊向符石,Offensive-type,Offensive-type,공격 룬스톤,Tipo ofensivo,ประเภทรุก,9999,{529=2000},100,6,1,<5040;5116;5191;5267;5342;5418;5494;5569;5645;5720;5846;5927;6008;6088;6169;6250;6330;6411;6492;6572;6754;6839;6925;7011;7096;7182;7268;7353;7439;7525;7762;7852;7943;8034;8124;8215;8306;8397;8487;8578;9878;9999;10120;10241;10362;10483;10604;10725;10846;10967;11592;11723;11854;11985;12116;12247;12378;12509;12640;12771;13507;13648;13789;13931;14072;14213;14354;14495;14636;14777;15624;15775;15926;16078;16229;16380;16531;16682;16834;16985;17942;18104;18265;18426;18588;18749;18910;19071;19233;19394;19555;19716;19878;20039;20200;20362;20523;20684;20845;21007;21217;21429;21644;21860;22079;22299;22522;22748;22975;23205;23437;23671;23908;24147;24388;24632;24879;25127;25379;25633;25889;26148;26409;26673;26940;27209;27482;27756;28034;28314;28597;28883;29172;29464;29759;30056;30357;30660;30967;31277;31589;31905;32224;32547;32872;33201;33533;33868;34207;34549;34894;35243;35596;35952;36311;36674;37041;37411;37785;38163;38545;38930;39320;39713;40110;40511;40916;41325;41739;42156;42578;43003;43433;43868;44306;44750;45197;45649;46105;46567;47032;47503;47978;48457;48942;49431;49926;50425;50929;51438;51953;52472;52997;53527;54062;54603;55149;55700;56257;56820>,7,<1000;1015;1030;1045;1060;1075;1090;1105;1120;1135;1160;1176;1192;1208;1224;1240;1256;1272;1288;1304;1340;1357;1374;1391;1408;1425;1442;1459;1476;1493;1540;1558;1576;1594;1612;1630;1648;1666;1684;1702;1960;1984;2008;2032;2056;2080;2104;2128;2152;2176;2300;2326;2352;2378;2404;2430;2456;2482;2508;2534;2680;2708;2736;2764;2792;2820;2848;2876;2904;2932;3100;3130;3160;3190;3220;3250;3280;3310;3340;3370;3560;3592;3624;3656;3688;3720;3752;3784;3816;3848;3880;3912;3944;3976;4008;4040;4072;4104;4136;4168;4210;4252;4294;4337;4381;4424;4469;4513;4558;4604;4650;4697;4744;4791;4839;4887;4936;4986;5035;5086;5137;5188;5240;5292;5345;5399;5453;5507;5562;5618;5674;5731;5788;5846;5904;5963;6023;6083;6144;6206;6268;6330;6394;6458;6522;6587;6653;6720;6787;6855;6923;6993;7063;7133;7204;7277;7349;7423;7497;7572;7648;7724;7801;7879;7958;8038;8118;8199;8281;8364;8448;8532;8618;8704;8791;8879;8968;9057;9148;9239;9332;9425;9519;9614;9711;9808;9906;10005;10105;10206;10308;10411;10515;10620;10727;10834;10942;11052;11162;11274>,8,<1000;1015;1030;1045;1060;1075;1090;1105;1120;1135;1160;1176;1192;1208;1224;1240;1256;1272;1288;1304;1340;1357;1374;1391;1408;1425;1442;1459;1476;1493;1540;1558;1576;1594;1612;1630;1648;1666;1684;1702;1960;1984;2008;2032;2056;2080;2104;2128;2152;2176;2300;2326;2352;2378;2404;2430;2456;2482;2508;2534;2680;2708;2736;2764;2792;2820;2848;2876;2904;2932;3100;3130;3160;3190;3220;3250;3280;3310;3340;3370;3560;3592;3624;3656;3688;3720;3752;3784;3816;3848;3880;3912;3944;3976;4008;4040;4072;4104;4136;4168;4210;4252;4294;4337;4381;4424;4469;4513;4558;4604;4650;4697;4744;4791;4839;4887;4936;4986;5035;5086;5137;5188;5240;5292;5345;5399;5453;5507;5562;5618;5674;5731;5788;5846;5904;5963;6023;6083;6144;6206;6268;6330;6394;6458;6522;6587;6653;6720;6787;6855;6923;6993;7063;7133;7204;7277;7349;7423;7497;7572;7648;7724;7801;7879;7958;8038;8118;8199;8281;8364;8448;8532;8618;8704;8791;8879;8968;9057;9148;9239;9332;9425;9519;9614;9711;9808;9906;10005;10105;10206;10308;10411;10515;10620;10727;10834;10942;11052;11162;11274>,11,<112;112;112;112;112;124;124;124;124;124;136;136;136;136;136;148;148;148;148;148;160;160;160;160;160;172;172;172;172;172;184;184;184;184;184;196;196;196;196;196;208;208;208;208;208;220;220;220;220;220;232;232;232;232;232;244;244;244;244;244;256;256;256;256;256;268;268;268;268;268;280;280;280;280;280;292;292;292;292;292;304;304;304;304;304;316;316;316;316;316;328;328;328;328;328;340;340;340;340;340;343;347;350;354;357;361;365;368;372;376;379;383;387;391;395;399;403;407;411;415;419;423;427;432;436;440;445;449;454;458;463;467;472;477;482;486;491;496;501;506;511;516;522;527;532;537;543;548;554;559;565;570;576;582;588;594;600;606;612;618;624;630;636;643;649;656;662;669;676;682;689;696;703;710;717;724;732;739;746;754;761;769;777;784;792;800;808;816;824;833;841;849;858;866;875;884;893;902;911;920>,12,<112;112;112;112;112;124;124;124;124;124;136;136;136;136;136;148;148;148;148;148;160;160;160;160;160;172;172;172;172;172;184;184;184;184;184;196;196;196;196;196;208;208;208;208;208;220;220;220;220;220;232;232;232;232;232;244;244;244;244;244;256;256;256;256;256;268;268;268;268;268;280;280;280;280;280;292;292;292;292;292;304;304;304;304;304;316;316;316;316;316;328;328;328;328;328;340;340;340;340;340;343;347;350;354;357;361;365;368;372;376;379;383;387;391;395;399;403;407;411;415;419;423;427;432;436;440;445;449;454;458;463;467;472;477;482;486;491;496;501;506;511;516;522;527;532;537;543;548;554;559;565;570;576;582;588;594;600;606;612;618;624;630;636;643;649;656;662;669;676;682;689;696;703;710;717;724;732;739;746;754;761;769;777;784;792;800;808;816;824;833;841;849;858;866;875;884;893;902;911;920>,,{drawcard=hong_effect_loop}
40264,致命,致命,Deadly,Deadly,치명,Mortal,2,4,config/item/gem/icon_6_h_4.png,6,攻击向符石,攻擊向符石,Offensive-type,Offensive-type,공격 룬스톤,Tipo ofensivo,ประเภทรุก,9999,{529=2000},100,6,1,<5040;5116;5191;5267;5342;5418;5494;5569;5645;5720;5846;5927;6008;6088;6169;6250;6330;6411;6492;6572;6754;6839;6925;7011;7096;7182;7268;7353;7439;7525;7762;7852;7943;8034;8124;8215;8306;8397;8487;8578;9878;9999;10120;10241;10362;10483;10604;10725;10846;10967;11592;11723;11854;11985;12116;12247;12378;12509;12640;12771;13507;13648;13789;13931;14072;14213;14354;14495;14636;14777;15624;15775;15926;16078;16229;16380;16531;16682;16834;16985;17942;18104;18265;18426;18588;18749;18910;19071;19233;19394;19555;19716;19878;20039;20200;20362;20523;20684;20845;21007;21217;21429;21644;21860;22079;22299;22522;22748;22975;23205;23437;23671;23908;24147;24388;24632;24879;25127;25379;25633;25889;26148;26409;26673;26940;27209;27482;27756;28034;28314;28597;28883;29172;29464;29759;30056;30357;30660;30967;31277;31589;31905;32224;32547;32872;33201;33533;33868;34207;34549;34894;35243;35596;35952;36311;36674;37041;37411;37785;38163;38545;38930;39320;39713;40110;40511;40916;41325;41739;42156;42578;43003;43433;43868;44306;44750;45197;45649;46105;46567;47032;47503;47978;48457;48942;49431;49926;50425;50929;51438;51953;52472;52997;53527;54062;54603;55149;55700;56257;56820>,7,<1000;1015;1030;1045;1060;1075;1090;1105;1120;1135;1160;1176;1192;1208;1224;1240;1256;1272;1288;1304;1340;1357;1374;1391;1408;1425;1442;1459;1476;1493;1540;1558;1576;1594;1612;1630;1648;1666;1684;1702;1960;1984;2008;2032;2056;2080;2104;2128;2152;2176;2300;2326;2352;2378;2404;2430;2456;2482;2508;2534;2680;2708;2736;2764;2792;2820;2848;2876;2904;2932;3100;3130;3160;3190;3220;3250;3280;3310;3340;3370;3560;3592;3624;3656;3688;3720;3752;3784;3816;3848;3880;3912;3944;3976;4008;4040;4072;4104;4136;4168;4210;4252;4294;4337;4381;4424;4469;4513;4558;4604;4650;4697;4744;4791;4839;4887;4936;4986;5035;5086;5137;5188;5240;5292;5345;5399;5453;5507;5562;5618;5674;5731;5788;5846;5904;5963;6023;6083;6144;6206;6268;6330;6394;6458;6522;6587;6653;6720;6787;6855;6923;6993;7063;7133;7204;7277;7349;7423;7497;7572;7648;7724;7801;7879;7958;8038;8118;8199;8281;8364;8448;8532;8618;8704;8791;8879;8968;9057;9148;9239;9332;9425;9519;9614;9711;9808;9906;10005;10105;10206;10308;10411;10515;10620;10727;10834;10942;11052;11162;11274>,8,<1000;1015;1030;1045;1060;1075;1090;1105;1120;1135;1160;1176;1192;1208;1224;1240;1256;1272;1288;1304;1340;1357;1374;1391;1408;1425;1442;1459;1476;1493;1540;1558;1576;1594;1612;1630;1648;1666;1684;1702;1960;1984;2008;2032;2056;2080;2104;2128;2152;2176;2300;2326;2352;2378;2404;2430;2456;2482;2508;2534;2680;2708;2736;2764;2792;2820;2848;2876;2904;2932;3100;3130;3160;3190;3220;3250;3280;3310;3340;3370;3560;3592;3624;3656;3688;3720;3752;3784;3816;3848;3880;3912;3944;3976;4008;4040;4072;4104;4136;4168;4210;4252;4294;4337;4381;4424;4469;4513;4558;4604;4650;4697;4744;4791;4839;4887;4936;4986;5035;5086;5137;5188;5240;5292;5345;5399;5453;5507;5562;5618;5674;5731;5788;5846;5904;5963;6023;6083;6144;6206;6268;6330;6394;6458;6522;6587;6653;6720;6787;6855;6923;6993;7063;7133;7204;7277;7349;7423;7497;7572;7648;7724;7801;7879;7958;8038;8118;8199;8281;8364;8448;8532;8618;8704;8791;8879;8968;9057;9148;9239;9332;9425;9519;9614;9711;9808;9906;10005;10105;10206;10308;10411;10515;10620;10727;10834;10942;11052;11162;11274>,90,<134;134;134;134;134;149;149;149;149;149;163;163;163;163;163;178;178;178;178;178;192;192;192;192;192;206;206;206;206;206;221;221;221;221;221;235;235;235;235;235;250;250;250;250;250;264;264;264;264;264;278;278;278;278;278;293;293;293;293;293;307;307;307;307;307;322;322;322;322;322;336;336;336;336;336;350;350;350;350;350;365;365;365;365;365;379;379;379;379;379;394;394;394;394;394;408;408;408;408;408;412;416;420;425;429;433;437;442;446;451;455;460;464;469;474;478;483;488;493;498;503;508;513;518;523;528;534;539;544;550;555;561;567;572;578;584;590;595;601;607;614;620;626;632;638;645;651;658;664;671;678;684;691;698;705;712;719;727;734;741;749;756;764;771;779;787;795;803;811;819;827;835;844;852;861;869;878;887;895;904;913;923;932;941;951;960;970;979;989;999;1009;1019;1029;1040;1050;1061;1071;1082;1093;1104>,0,<>,,{drawcard=hong_effect_loop}
40265,致命,致命,Deadly,Deadly,치명,Mortal,2,5,config/item/gem/icon_6_h_5.png,6,攻击向符石,攻擊向符石,Offensive-type,Offensive-type,공격 룬스톤,Tipo ofensivo,ประเภทรุก,9999,{529=2000},100,6,7,<1000;1015;1030;1045;1060;1075;1090;1105;1120;1135;1160;1176;1192;1208;1224;1240;1256;1272;1288;1304;1340;1357;1374;1391;1408;1425;1442;1459;1476;1493;1540;1558;1576;1594;1612;1630;1648;1666;1684;1702;1960;1984;2008;2032;2056;2080;2104;2128;2152;2176;2300;2326;2352;2378;2404;2430;2456;2482;2508;2534;2680;2708;2736;2764;2792;2820;2848;2876;2904;2932;3100;3130;3160;3190;3220;3250;3280;3310;3340;3370;3560;3592;3624;3656;3688;3720;3752;3784;3816;3848;3880;3912;3944;3976;4008;4040;4072;4104;4136;4168;4210;4252;4294;4337;4381;4424;4469;4513;4558;4604;4650;4697;4744;4791;4839;4887;4936;4986;5035;5086;5137;5188;5240;5292;5345;5399;5453;5507;5562;5618;5674;5731;5788;5846;5904;5963;6023;6083;6144;6206;6268;6330;6394;6458;6522;6587;6653;6720;6787;6855;6923;6993;7063;7133;7204;7277;7349;7423;7497;7572;7648;7724;7801;7879;7958;8038;8118;8199;8281;8364;8448;8532;8618;8704;8791;8879;8968;9057;9148;9239;9332;9425;9519;9614;9711;9808;9906;10005;10105;10206;10308;10411;10515;10620;10727;10834;10942;11052;11162;11274>,8,<1000;1015;1030;1045;1060;1075;1090;1105;1120;1135;1160;1176;1192;1208;1224;1240;1256;1272;1288;1304;1340;1357;1374;1391;1408;1425;1442;1459;1476;1493;1540;1558;1576;1594;1612;1630;1648;1666;1684;1702;1960;1984;2008;2032;2056;2080;2104;2128;2152;2176;2300;2326;2352;2378;2404;2430;2456;2482;2508;2534;2680;2708;2736;2764;2792;2820;2848;2876;2904;2932;3100;3130;3160;3190;3220;3250;3280;3310;3340;3370;3560;3592;3624;3656;3688;3720;3752;3784;3816;3848;3880;3912;3944;3976;4008;4040;4072;4104;4136;4168;4210;4252;4294;4337;4381;4424;4469;4513;4558;4604;4650;4697;4744;4791;4839;4887;4936;4986;5035;5086;5137;5188;5240;5292;5345;5399;5453;5507;5562;5618;5674;5731;5788;5846;5904;5963;6023;6083;6144;6206;6268;6330;6394;6458;6522;6587;6653;6720;6787;6855;6923;6993;7063;7133;7204;7277;7349;7423;7497;7572;7648;7724;7801;7879;7958;8038;8118;8199;8281;8364;8448;8532;8618;8704;8791;8879;8968;9057;9148;9239;9332;9425;9519;9614;9711;9808;9906;10005;10105;10206;10308;10411;10515;10620;10727;10834;10942;11052;11162;11274>,9,<700;711;721;732;742;753;763;774;784;795;812;823;834;846;857;868;879;890;902;913;938;950;962;974;986;998;1009;1021;1033;1045;1078;1091;1103;1116;1128;1141;1154;1166;1179;1191;1372;1389;1406;1422;1439;1456;1473;1490;1506;1523;1610;1628;1646;1665;1683;1701;1719;1737;1756;1774;1876;1896;1915;1935;1954;1974;1994;2013;2033;2052;2170;2191;2212;2233;2254;2275;2296;2317;2338;2359;2492;2514;2537;2559;2582;2604;2626;2649;2671;2694;2716;2738;2761;2783;2806;2828;2850;2873;2895;2918;2947;2977;3006;3036;3067;3098;3128;3160;3191;3223;3256;3288;3321;3354;3388;3422;3456;3490;3525;3561;3596;3632;3668;3705;3742;3780;3817;3856;3894;3933;3972;4012;4052;4093;4134;4175;4217;4259;4301;4345;4388;4432;4476;4521;4566;4612;4658;4704;4752;4799;4847;4895;4944;4994;5044;5094;5145;5197;5249;5301;5354;5408;5462;5516;5572;5627;5684;5740;5798;5856;5914;5973;6033;6094;6154;6216;6278;6341;6404;6468;6533;6598;6664;6731;6798;6866;6935;7004;7074;7145;7217;7289;7362;7435;7510;7585;7661;7737;7815;7893>,22,<67;67;67;67;67;74;74;74;74;74;82;82;82;82;82;89;89;89;89;89;96;96;96;96;96;103;103;103;103;103;110;110;110;110;110;118;118;118;118;118;125;125;125;125;125;132;132;132;132;132;139;139;139;139;139;146;146;146;146;146;154;154;154;154;154;161;161;161;161;161;168;168;168;168;168;175;175;175;175;175;182;182;182;182;182;190;190;190;190;190;197;197;197;197;197;204;204;204;204;204;206;208;210;212;214;217;219;221;223;225;228;230;232;234;237;239;242;244;246;249;251;254;256;259;262;264;267;270;272;275;278;280;283;286;289;292;295;298;301;304;307;310;313;316;319;322;326;329;332;336;339;342;346;349;353;356;360;363;367;371;374;378;382;386;390;393;397;401;405;409;413;418;422;426;430;435;439;443;448;452;457;461;466;471;475;480;485;490;495;500;505;510;515;520;525;530;536;541;546;552>,0,<>,,{drawcard=hong_effect_loop}
40266,致命,致命,Deadly,Deadly,치명,Mortal,2,6,config/item/gem/icon_6_h_6.png,6,攻击向符石,攻擊向符石,Offensive-type,Offensive-type,공격 룬스톤,Tipo ofensivo,ประเภทรุก,9999,{529=2000},100,6,7,<1000;1015;1030;1045;1060;1075;1090;1105;1120;1135;1160;1176;1192;1208;1224;1240;1256;1272;1288;1304;1340;1357;1374;1391;1408;1425;1442;1459;1476;1493;1540;1558;1576;1594;1612;1630;1648;1666;1684;1702;1960;1984;2008;2032;2056;2080;2104;2128;2152;2176;2300;2326;2352;2378;2404;2430;2456;2482;2508;2534;2680;2708;2736;2764;2792;2820;2848;2876;2904;2932;3100;3130;3160;3190;3220;3250;3280;3310;3340;3370;3560;3592;3624;3656;3688;3720;3752;3784;3816;3848;3880;3912;3944;3976;4008;4040;4072;4104;4136;4168;4210;4252;4294;4337;4381;4424;4469;4513;4558;4604;4650;4697;4744;4791;4839;4887;4936;4986;5035;5086;5137;5188;5240;5292;5345;5399;5453;5507;5562;5618;5674;5731;5788;5846;5904;5963;6023;6083;6144;6206;6268;6330;6394;6458;6522;6587;6653;6720;6787;6855;6923;6993;7063;7133;7204;7277;7349;7423;7497;7572;7648;7724;7801;7879;7958;8038;8118;8199;8281;8364;8448;8532;8618;8704;8791;8879;8968;9057;9148;9239;9332;9425;9519;9614;9711;9808;9906;10005;10105;10206;10308;10411;10515;10620;10727;10834;10942;11052;11162;11274>,8,<1000;1015;1030;1045;1060;1075;1090;1105;1120;1135;1160;1176;1192;1208;1224;1240;1256;1272;1288;1304;1340;1357;1374;1391;1408;1425;1442;1459;1476;1493;1540;1558;1576;1594;1612;1630;1648;1666;1684;1702;1960;1984;2008;2032;2056;2080;2104;2128;2152;2176;2300;2326;2352;2378;2404;2430;2456;2482;2508;2534;2680;2708;2736;2764;2792;2820;2848;2876;2904;2932;3100;3130;3160;3190;3220;3250;3280;3310;3340;3370;3560;3592;3624;3656;3688;3720;3752;3784;3816;3848;3880;3912;3944;3976;4008;4040;4072;4104;4136;4168;4210;4252;4294;4337;4381;4424;4469;4513;4558;4604;4650;4697;4744;4791;4839;4887;4936;4986;5035;5086;5137;5188;5240;5292;5345;5399;5453;5507;5562;5618;5674;5731;5788;5846;5904;5963;6023;6083;6144;6206;6268;6330;6394;6458;6522;6587;6653;6720;6787;6855;6923;6993;7063;7133;7204;7277;7349;7423;7497;7572;7648;7724;7801;7879;7958;8038;8118;8199;8281;8364;8448;8532;8618;8704;8791;8879;8968;9057;9148;9239;9332;9425;9519;9614;9711;9808;9906;10005;10105;10206;10308;10411;10515;10620;10727;10834;10942;11052;11162;11274>,10,<700;711;721;732;742;753;763;774;784;795;812;823;834;846;857;868;879;890;902;913;938;950;962;974;986;998;1009;1021;1033;1045;1078;1091;1103;1116;1128;1141;1154;1166;1179;1191;1372;1389;1406;1422;1439;1456;1473;1490;1506;1523;1610;1628;1646;1665;1683;1701;1719;1737;1756;1774;1876;1896;1915;1935;1954;1974;1994;2013;2033;2052;2170;2191;2212;2233;2254;2275;2296;2317;2338;2359;2492;2514;2537;2559;2582;2604;2626;2649;2671;2694;2716;2738;2761;2783;2806;2828;2850;2873;2895;2918;2947;2977;3006;3036;3067;3098;3128;3160;3191;3223;3256;3288;3321;3354;3388;3422;3456;3490;3525;3561;3596;3632;3668;3705;3742;3780;3817;3856;3894;3933;3972;4012;4052;4093;4134;4175;4217;4259;4301;4345;4388;4432;4476;4521;4566;4612;4658;4704;4752;4799;4847;4895;4944;4994;5044;5094;5145;5197;5249;5301;5354;5408;5462;5516;5572;5627;5684;5740;5798;5856;5914;5973;6033;6094;6154;6216;6278;6341;6404;6468;6533;6598;6664;6731;6798;6866;6935;7004;7074;7145;7217;7289;7362;7435;7510;7585;7661;7737;7815;7893>,23,<67;67;67;67;67;74;74;74;74;74;82;82;82;82;82;89;89;89;89;89;96;96;96;96;96;103;103;103;103;103;110;110;110;110;110;118;118;118;118;118;125;125;125;125;125;132;132;132;132;132;139;139;139;139;139;146;146;146;146;146;154;154;154;154;154;161;161;161;161;161;168;168;168;168;168;175;175;175;175;175;182;182;182;182;182;190;190;190;190;190;197;197;197;197;197;204;204;204;204;204;206;208;210;212;214;217;219;221;223;225;228;230;232;234;237;239;242;244;246;249;251;254;256;259;262;264;267;270;272;275;278;280;283;286;289;292;295;298;301;304;307;310;313;316;319;322;326;329;332;336;339;342;346;349;353;356;360;363;367;371;374;378;382;386;390;393;397;401;405;409;413;418;422;426;430;435;439;443;448;452;457;461;466;471;475;480;485;490;495;500;505;510;515;520;525;530;536;541;546;552>,0,<>,,{drawcard=hong_effect_loop}
40321,好战,好戰,Warlike,Warlike,전투광,Guerreiro,3,1,config/item/gem/icon_9_lv_1.png,2,攻击向符石,攻擊向符石,Offensive-type,Offensive-type,공격 룬스톤,Tipo ofensivo,ประเภทรุก,9999,{529=20},100,2,7,<200;203;206;209;212;215;218;221;224;227;232;235;238;242;245;248;251;254;258;261;268;271;275;278;282;285;288;292;295;299;308;312;315;319;322;326;330;333;337;340;360;364;368;372;376;380;384;388;392;396;420;424;429;433;438;442;446;451;455;460;488;493;498;502;507;512;517;522;526;531;564;569;574;580;585;590;595;600;606;611;648;654;659;665;670;676;682;687;693;698;740;746;752;758;764;770;776;782;788;794;802;810;818;826;835;843;851;860;868;877;886;895;904;913;922;931;940;950;959;969;979;988;998;1008;1018;1028;1039;1049;1060;1070;1081;1092;1103;1114;1125;1136;1147;1159;1170;1182;1194;1206;1218;1230;1242;1255;1267;1280;1293;1306;1319;1332;1345;1359;1372;1386;1400;1414;1428;1442;1457;1471;1486;1501;1516;1531;1547;1562;1578;1593;1609;1625;1642;1658;1675;1691;1708;1725;1743;1760;1778;1795;1813;1832;1850;1868;1887;1906;1925;1944;1964;1983;2003;2023;2043;2064;2084;2105;2126;2148>,8,<200;203;206;209;212;215;218;221;224;227;232;235;238;242;245;248;251;254;258;261;268;271;275;278;282;285;288;292;295;299;308;312;315;319;322;326;330;333;337;340;360;364;368;372;376;380;384;388;392;396;420;424;429;433;438;442;446;451;455;460;488;493;498;502;507;512;517;522;526;531;564;569;574;580;585;590;595;600;606;611;648;654;659;665;670;676;682;687;693;698;740;746;752;758;764;770;776;782;788;794;802;810;818;826;835;843;851;860;868;877;886;895;904;913;922;931;940;950;959;969;979;988;998;1008;1018;1028;1039;1049;1060;1070;1081;1092;1103;1114;1125;1136;1147;1159;1170;1182;1194;1206;1218;1230;1242;1255;1267;1280;1293;1306;1319;1332;1345;1359;1372;1386;1400;1414;1428;1442;1457;1471;1486;1501;1516;1531;1547;1562;1578;1593;1609;1625;1642;1658;1675;1691;1708;1725;1743;1760;1778;1795;1813;1832;1850;1868;1887;1906;1925;1944;1964;1983;2003;2023;2043;2064;2084;2105;2126;2148>,14,<22;22;22;22;22;25;25;25;25;25;27;27;27;27;27;30;30;30;30;30;32;32;32;32;32;34;34;34;34;34;37;37;37;37;37;39;39;39;39;39;42;42;42;42;42;44;44;44;44;44;46;46;46;46;46;49;49;49;49;49;51;51;51;51;51;54;54;54;54;54;56;56;56;56;56;58;58;58;58;58;61;61;61;61;61;63;63;63;63;63;66;66;66;66;66;68;68;68;68;68;69;69;70;71;71;72;73;74;74;75;76;77;77;78;79;80;81;81;82;83;84;85;85;86;87;88;89;90;91;92;93;93;94;95;96;97;98;99;100;101;102;103;104;105;106;107;109;110;111;112;113;114;115;116;118;119;120;121;122;124;125;126;127;129;130;131;132;134;135;136;138;139;141;142;143;145;146;148;149;151;152;154;155;157;158;160;162;163;165;167;168;170;172;173;175;177;179;180;182;184>,0,<>,0,<>,,{drawcard=false;gain=false}
40322,好战,好戰,Warlike,Warlike,전투광,Guerreiro,3,2,config/item/gem/icon_9_lv_2.png,2,攻击向符石,攻擊向符石,Offensive-type,Offensive-type,공격 룬스톤,Tipo ofensivo,ประเภทรุก,9999,{529=20},100,2,7,<200;203;206;209;212;215;218;221;224;227;232;235;238;242;245;248;251;254;258;261;268;271;275;278;282;285;288;292;295;299;308;312;315;319;322;326;330;333;337;340;360;364;368;372;376;380;384;388;392;396;420;424;429;433;438;442;446;451;455;460;488;493;498;502;507;512;517;522;526;531;564;569;574;580;585;590;595;600;606;611;648;654;659;665;670;676;682;687;693;698;740;746;752;758;764;770;776;782;788;794;802;810;818;826;835;843;851;860;868;877;886;895;904;913;922;931;940;950;959;969;979;988;998;1008;1018;1028;1039;1049;1060;1070;1081;1092;1103;1114;1125;1136;1147;1159;1170;1182;1194;1206;1218;1230;1242;1255;1267;1280;1293;1306;1319;1332;1345;1359;1372;1386;1400;1414;1428;1442;1457;1471;1486;1501;1516;1531;1547;1562;1578;1593;1609;1625;1642;1658;1675;1691;1708;1725;1743;1760;1778;1795;1813;1832;1850;1868;1887;1906;1925;1944;1964;1983;2003;2023;2043;2064;2084;2105;2126;2148>,8,<200;203;206;209;212;215;218;221;224;227;232;235;238;242;245;248;251;254;258;261;268;271;275;278;282;285;288;292;295;299;308;312;315;319;322;326;330;333;337;340;360;364;368;372;376;380;384;388;392;396;420;424;429;433;438;442;446;451;455;460;488;493;498;502;507;512;517;522;526;531;564;569;574;580;585;590;595;600;606;611;648;654;659;665;670;676;682;687;693;698;740;746;752;758;764;770;776;782;788;794;802;810;818;826;835;843;851;860;868;877;886;895;904;913;922;931;940;950;959;969;979;988;998;1008;1018;1028;1039;1049;1060;1070;1081;1092;1103;1114;1125;1136;1147;1159;1170;1182;1194;1206;1218;1230;1242;1255;1267;1280;1293;1306;1319;1332;1345;1359;1372;1386;1400;1414;1428;1442;1457;1471;1486;1501;1516;1531;1547;1562;1578;1593;1609;1625;1642;1658;1675;1691;1708;1725;1743;1760;1778;1795;1813;1832;1850;1868;1887;1906;1925;1944;1964;1983;2003;2023;2043;2064;2084;2105;2126;2148>,15,<34;34;34;34;34;37;37;37;37;37;41;41;41;41;41;44;44;44;44;44;48;48;48;48;48;52;52;52;52;52;55;55;55;55;55;59;59;59;59;59;62;62;62;62;62;66;66;66;66;66;70;70;70;70;70;73;73;73;73;73;77;77;77;77;77;80;80;80;80;80;84;84;84;84;84;88;88;88;88;88;91;91;91;91;91;95;95;95;95;95;98;98;98;98;98;102;102;102;102;102;103;104;105;106;107;108;109;110;112;113;114;115;116;117;118;120;121;122;123;124;126;127;128;130;131;132;133;135;136;137;139;140;142;143;144;146;147;149;150;152;153;155;156;158;160;161;163;164;166;168;169;171;173;175;176;178;180;182;183;185;187;189;191;193;195;197;199;201;203;205;207;209;211;213;215;217;219;222;224;226;228;231;233;235;238;240;242;245;247;250;252;255;257;260;263;265;268;270;273;276>,0,<>,0,<>,,{drawcard=false;gain=false}
40323,好战,好戰,Warlike,Warlike,전투광,Guerreiro,3,3,config/item/gem/icon_9_lv_3.png,2,攻击向符石,攻擊向符石,Offensive-type,Offensive-type,공격 룬스톤,Tipo ofensivo,ประเภทรุก,9999,{529=20},100,2,1,<1008;1023;1038;1053;1068;1084;1099;1114;1129;1144;1169;1185;1202;1218;1234;1250;1266;1282;1298;1314;1351;1368;1385;1402;1419;1436;1454;1471;1488;1505;1552;1570;1589;1607;1625;1643;1661;1679;1697;1716;1814;1835;1855;1875;1895;1915;1935;1956;1976;1996;2117;2139;2161;2183;2206;2228;2250;2272;2294;2316;2460;2484;2508;2532;2556;2580;2605;2629;2653;2677;2843;2869;2895;2921;2947;2974;3000;3026;3052;3078;3266;3294;3322;3351;3379;3407;3435;3463;3492;3520;3730;3760;3790;3820;3851;3881;3911;3941;3972;4002;4042;4082;4123;4164;4206;4248;4291;4334;4377;4421;4465;4510;4555;4600;4646;4693;4740;4787;4835;4883;4932;4981;5031;5081;5132;5184;5235;5288;5341;5394;5448;5503;5558;5613;5669;5726;5783;5841;5899;5958;6018;6078;6139;6200;6262;6325;6388;6452;6517;6582;6648;6714;6781;6849;6918;6987;7057;7127;7198;7270;7343;7417;7491;7566;7641;7718;7795;7873;7952;8031;8111;8192;8274;8357;8441;8525;8610;8696;8783;8871;8960;9050;9140;9232;9324;9417;9511;9606;9702;9799;9897;9996;10096;10197;10299;10402;10506;10611;10717;10825>,7,<200;203;206;209;212;215;218;221;224;227;232;235;238;242;245;248;251;254;258;261;268;271;275;278;282;285;288;292;295;299;308;312;315;319;322;326;330;333;337;340;360;364;368;372;376;380;384;388;392;396;420;424;429;433;438;442;446;451;455;460;488;493;498;502;507;512;517;522;526;531;564;569;574;580;585;590;595;600;606;611;648;654;659;665;670;676;682;687;693;698;740;746;752;758;764;770;776;782;788;794;802;810;818;826;835;843;851;860;868;877;886;895;904;913;922;931;940;950;959;969;979;988;998;1008;1018;1028;1039;1049;1060;1070;1081;1092;1103;1114;1125;1136;1147;1159;1170;1182;1194;1206;1218;1230;1242;1255;1267;1280;1293;1306;1319;1332;1345;1359;1372;1386;1400;1414;1428;1442;1457;1471;1486;1501;1516;1531;1547;1562;1578;1593;1609;1625;1642;1658;1675;1691;1708;1725;1743;1760;1778;1795;1813;1832;1850;1868;1887;1906;1925;1944;1964;1983;2003;2023;2043;2064;2084;2105;2126;2148>,8,<200;203;206;209;212;215;218;221;224;227;232;235;238;242;245;248;251;254;258;261;268;271;275;278;282;285;288;292;295;299;308;312;315;319;322;326;330;333;337;340;360;364;368;372;376;380;384;388;392;396;420;424;429;433;438;442;446;451;455;460;488;493;498;502;507;512;517;522;526;531;564;569;574;580;585;590;595;600;606;611;648;654;659;665;670;676;682;687;693;698;740;746;752;758;764;770;776;782;788;794;802;810;818;826;835;843;851;860;868;877;886;895;904;913;922;931;940;950;959;969;979;988;998;1008;1018;1028;1039;1049;1060;1070;1081;1092;1103;1114;1125;1136;1147;1159;1170;1182;1194;1206;1218;1230;1242;1255;1267;1280;1293;1306;1319;1332;1345;1359;1372;1386;1400;1414;1428;1442;1457;1471;1486;1501;1516;1531;1547;1562;1578;1593;1609;1625;1642;1658;1675;1691;1708;1725;1743;1760;1778;1795;1813;1832;1850;1868;1887;1906;1925;1944;1964;1983;2003;2023;2043;2064;2084;2105;2126;2148>,11,<22;22;22;22;22;25;25;25;25;25;27;27;27;27;27;30;30;30;30;30;32;32;32;32;32;34;34;34;34;34;37;37;37;37;37;39;39;39;39;39;42;42;42;42;42;44;44;44;44;44;46;46;46;46;46;49;49;49;49;49;51;51;51;51;51;54;54;54;54;54;56;56;56;56;56;58;58;58;58;58;61;61;61;61;61;63;63;63;63;63;66;66;66;66;66;68;68;68;68;68;69;69;70;71;71;72;73;74;74;75;76;77;77;78;79;80;81;81;82;83;84;85;85;86;87;88;89;90;91;92;93;93;94;95;96;97;98;99;100;101;102;103;104;105;106;107;109;110;111;112;113;114;115;116;118;119;120;121;122;124;125;126;127;129;130;131;132;134;135;136;138;139;141;142;143;145;146;148;149;151;152;154;155;157;158;160;162;163;165;167;168;170;172;173;175;177;179;180;182;184>,12,<22;22;22;22;22;25;25;25;25;25;27;27;27;27;27;30;30;30;30;30;32;32;32;32;32;34;34;34;34;34;37;37;37;37;37;39;39;39;39;39;42;42;42;42;42;44;44;44;44;44;46;46;46;46;46;49;49;49;49;49;51;51;51;51;51;54;54;54;54;54;56;56;56;56;56;58;58;58;58;58;61;61;61;61;61;63;63;63;63;63;66;66;66;66;66;68;68;68;68;68;69;69;70;71;71;72;73;74;74;75;76;77;77;78;79;80;81;81;82;83;84;85;85;86;87;88;89;90;91;92;93;93;94;95;96;97;98;99;100;101;102;103;104;105;106;107;109;110;111;112;113;114;115;116;118;119;120;121;122;124;125;126;127;129;130;131;132;134;135;136;138;139;141;142;143;145;146;148;149;151;152;154;155;157;158;160;162;163;165;167;168;170;172;173;175;177;179;180;182;184>,,{drawcard=false;gain=false}
40324,好战,好戰,Warlike,Warlike,전투광,Guerreiro,3,4,config/item/gem/icon_9_lv_4.png,2,攻击向符石,攻擊向符石,Offensive-type,Offensive-type,공격 룬스톤,Tipo ofensivo,ประเภทรุก,9999,{529=20},100,2,1,<1008;1023;1038;1053;1068;1084;1099;1114;1129;1144;1169;1185;1202;1218;1234;1250;1266;1282;1298;1314;1351;1368;1385;1402;1419;1436;1454;1471;1488;1505;1552;1570;1589;1607;1625;1643;1661;1679;1697;1716;1814;1835;1855;1875;1895;1915;1935;1956;1976;1996;2117;2139;2161;2183;2206;2228;2250;2272;2294;2316;2460;2484;2508;2532;2556;2580;2605;2629;2653;2677;2843;2869;2895;2921;2947;2974;3000;3026;3052;3078;3266;3294;3322;3351;3379;3407;3435;3463;3492;3520;3730;3760;3790;3820;3851;3881;3911;3941;3972;4002;4042;4082;4123;4164;4206;4248;4291;4334;4377;4421;4465;4510;4555;4600;4646;4693;4740;4787;4835;4883;4932;4981;5031;5081;5132;5184;5235;5288;5341;5394;5448;5503;5558;5613;5669;5726;5783;5841;5899;5958;6018;6078;6139;6200;6262;6325;6388;6452;6517;6582;6648;6714;6781;6849;6918;6987;7057;7127;7198;7270;7343;7417;7491;7566;7641;7718;7795;7873;7952;8031;8111;8192;8274;8357;8441;8525;8610;8696;8783;8871;8960;9050;9140;9232;9324;9417;9511;9606;9702;9799;9897;9996;10096;10197;10299;10402;10506;10611;10717;10825>,7,<200;203;206;209;212;215;218;221;224;227;232;235;238;242;245;248;251;254;258;261;268;271;275;278;282;285;288;292;295;299;308;312;315;319;322;326;330;333;337;340;360;364;368;372;376;380;384;388;392;396;420;424;429;433;438;442;446;451;455;460;488;493;498;502;507;512;517;522;526;531;564;569;574;580;585;590;595;600;606;611;648;654;659;665;670;676;682;687;693;698;740;746;752;758;764;770;776;782;788;794;802;810;818;826;835;843;851;860;868;877;886;895;904;913;922;931;940;950;959;969;979;988;998;1008;1018;1028;1039;1049;1060;1070;1081;1092;1103;1114;1125;1136;1147;1159;1170;1182;1194;1206;1218;1230;1242;1255;1267;1280;1293;1306;1319;1332;1345;1359;1372;1386;1400;1414;1428;1442;1457;1471;1486;1501;1516;1531;1547;1562;1578;1593;1609;1625;1642;1658;1675;1691;1708;1725;1743;1760;1778;1795;1813;1832;1850;1868;1887;1906;1925;1944;1964;1983;2003;2023;2043;2064;2084;2105;2126;2148>,8,<200;203;206;209;212;215;218;221;224;227;232;235;238;242;245;248;251;254;258;261;268;271;275;278;282;285;288;292;295;299;308;312;315;319;322;326;330;333;337;340;360;364;368;372;376;380;384;388;392;396;420;424;429;433;438;442;446;451;455;460;488;493;498;502;507;512;517;522;526;531;564;569;574;580;585;590;595;600;606;611;648;654;659;665;670;676;682;687;693;698;740;746;752;758;764;770;776;782;788;794;802;810;818;826;835;843;851;860;868;877;886;895;904;913;922;931;940;950;959;969;979;988;998;1008;1018;1028;1039;1049;1060;1070;1081;1092;1103;1114;1125;1136;1147;1159;1170;1182;1194;1206;1218;1230;1242;1255;1267;1280;1293;1306;1319;1332;1345;1359;1372;1386;1400;1414;1428;1442;1457;1471;1486;1501;1516;1531;1547;1562;1578;1593;1609;1625;1642;1658;1675;1691;1708;1725;1743;1760;1778;1795;1813;1832;1850;1868;1887;1906;1925;1944;1964;1983;2003;2023;2043;2064;2084;2105;2126;2148>,90,<27;27;27;27;27;30;30;30;30;30;33;33;33;33;33;36;36;36;36;36;38;38;38;38;38;41;41;41;41;41;44;44;44;44;44;47;47;47;47;47;50;50;50;50;50;53;53;53;53;53;56;56;56;56;56;59;59;59;59;59;61;61;61;61;61;64;64;64;64;64;67;67;67;67;67;70;70;70;70;70;73;73;73;73;73;76;76;76;76;76;79;79;79;79;79;82;82;82;82;82;83;84;84;85;86;87;88;89;90;91;91;92;93;94;95;96;97;98;99;100;101;102;103;104;105;106;107;108;109;111;112;113;114;115;116;117;118;120;121;122;123;125;126;127;128;130;131;132;134;135;136;138;139;140;142;143;145;146;147;149;150;152;153;155;157;158;160;161;163;165;166;168;170;171;173;175;176;178;180;182;184;185;187;189;191;193;195;197;199;201;203;205;207;209;211;213;215;217;220;222>,0,<>,,{drawcard=false;gain=false}
40325,好战,好戰,Warlike,Warlike,전투광,Guerreiro,3,5,config/item/gem/icon_9_lv_5.png,2,攻击向符石,攻擊向符石,Offensive-type,Offensive-type,공격 룬스톤,Tipo ofensivo,ประเภทรุก,9999,{529=20},100,2,7,<200;203;206;209;212;215;218;221;224;227;232;235;238;242;245;248;251;254;258;261;268;271;275;278;282;285;288;292;295;299;308;312;315;319;322;326;330;333;337;340;360;364;368;372;376;380;384;388;392;396;420;424;429;433;438;442;446;451;455;460;488;493;498;502;507;512;517;522;526;531;564;569;574;580;585;590;595;600;606;611;648;654;659;665;670;676;682;687;693;698;740;746;752;758;764;770;776;782;788;794;802;810;818;826;835;843;851;860;868;877;886;895;904;913;922;931;940;950;959;969;979;988;998;1008;1018;1028;1039;1049;1060;1070;1081;1092;1103;1114;1125;1136;1147;1159;1170;1182;1194;1206;1218;1230;1242;1255;1267;1280;1293;1306;1319;1332;1345;1359;1372;1386;1400;1414;1428;1442;1457;1471;1486;1501;1516;1531;1547;1562;1578;1593;1609;1625;1642;1658;1675;1691;1708;1725;1743;1760;1778;1795;1813;1832;1850;1868;1887;1906;1925;1944;1964;1983;2003;2023;2043;2064;2084;2105;2126;2148>,8,<200;203;206;209;212;215;218;221;224;227;232;235;238;242;245;248;251;254;258;261;268;271;275;278;282;285;288;292;295;299;308;312;315;319;322;326;330;333;337;340;360;364;368;372;376;380;384;388;392;396;420;424;429;433;438;442;446;451;455;460;488;493;498;502;507;512;517;522;526;531;564;569;574;580;585;590;595;600;606;611;648;654;659;665;670;676;682;687;693;698;740;746;752;758;764;770;776;782;788;794;802;810;818;826;835;843;851;860;868;877;886;895;904;913;922;931;940;950;959;969;979;988;998;1008;1018;1028;1039;1049;1060;1070;1081;1092;1103;1114;1125;1136;1147;1159;1170;1182;1194;1206;1218;1230;1242;1255;1267;1280;1293;1306;1319;1332;1345;1359;1372;1386;1400;1414;1428;1442;1457;1471;1486;1501;1516;1531;1547;1562;1578;1593;1609;1625;1642;1658;1675;1691;1708;1725;1743;1760;1778;1795;1813;1832;1850;1868;1887;1906;1925;1944;1964;1983;2003;2023;2043;2064;2084;2105;2126;2148>,9,<140;142;144;146;148;151;153;155;157;159;162;165;167;169;171;174;176;178;180;183;188;190;192;195;197;200;202;204;207;209;216;218;221;223;226;228;231;233;236;238;252;255;258;260;263;266;269;272;274;277;294;297;300;303;306;309;312;316;319;322;342;345;348;352;355;358;362;365;368;372;395;398;402;406;409;413;417;420;424;428;454;458;461;465;469;473;477;481;485;489;518;522;526;531;535;539;543;547;552;556;562;567;573;579;584;590;596;602;608;614;620;627;633;639;645;652;658;665;672;678;685;692;699;706;713;720;727;735;742;749;757;764;772;780;788;796;803;811;820;828;836;844;853;861;870;879;888;896;905;914;924;933;942;952;961;971;980;990;1000;1010;1020;1030;1041;1051;1062;1072;1083;1094;1105;1116;1127;1138;1150;1161;1173;1184;1196;1208;1220;1232;1245;1257;1270;1283;1295;1308;1321;1335;1348;1361;1375;1389;1403;1417;1431;1445;1460;1474;1489;1504>,22,<13;13;13;13;13;15;15;15;15;15;16;16;16;16;16;18;18;18;18;18;19;19;19;19;19;21;21;21;21;21;22;22;22;22;22;24;24;24;24;24;25;25;25;25;25;26;26;26;26;26;28;28;28;28;28;29;29;29;29;29;31;31;31;31;31;32;32;32;32;32;34;34;34;34;34;35;35;35;35;35;36;36;36;36;36;38;38;38;38;38;39;39;39;39;39;41;41;41;41;41;41;42;42;43;43;44;44;44;45;45;46;46;47;47;48;48;49;49;50;50;51;51;52;52;53;53;54;54;55;55;56;56;57;58;58;59;59;60;60;61;62;62;63;64;64;65;65;66;67;67;68;69;69;70;71;72;72;73;74;74;75;76;77;78;78;79;80;81;81;82;83;84;85;86;86;87;88;89;90;91;92;93;94;95;96;96;97;98;99;100;101;102;103;104;106;107;108;109;110;111>,0,<>,,{drawcard=false;gain=false}
40326,好战,好戰,Warlike,Warlike,전투광,Guerreiro,3,6,config/item/gem/icon_9_lv_6.png,2,攻击向符石,攻擊向符石,Offensive-type,Offensive-type,공격 룬스톤,Tipo ofensivo,ประเภทรุก,9999,{529=20},100,2,7,<200;203;206;209;212;215;218;221;224;227;232;235;238;242;245;248;251;254;258;261;268;271;275;278;282;285;288;292;295;299;308;312;315;319;322;326;330;333;337;340;360;364;368;372;376;380;384;388;392;396;420;424;429;433;438;442;446;451;455;460;488;493;498;502;507;512;517;522;526;531;564;569;574;580;585;590;595;600;606;611;648;654;659;665;670;676;682;687;693;698;740;746;752;758;764;770;776;782;788;794;802;810;818;826;835;843;851;860;868;877;886;895;904;913;922;931;940;950;959;969;979;988;998;1008;1018;1028;1039;1049;1060;1070;1081;1092;1103;1114;1125;1136;1147;1159;1170;1182;1194;1206;1218;1230;1242;1255;1267;1280;1293;1306;1319;1332;1345;1359;1372;1386;1400;1414;1428;1442;1457;1471;1486;1501;1516;1531;1547;1562;1578;1593;1609;1625;1642;1658;1675;1691;1708;1725;1743;1760;1778;1795;1813;1832;1850;1868;1887;1906;1925;1944;1964;1983;2003;2023;2043;2064;2084;2105;2126;2148>,8,<200;203;206;209;212;215;218;221;224;227;232;235;238;242;245;248;251;254;258;261;268;271;275;278;282;285;288;292;295;299;308;312;315;319;322;326;330;333;337;340;360;364;368;372;376;380;384;388;392;396;420;424;429;433;438;442;446;451;455;460;488;493;498;502;507;512;517;522;526;531;564;569;574;580;585;590;595;600;606;611;648;654;659;665;670;676;682;687;693;698;740;746;752;758;764;770;776;782;788;794;802;810;818;826;835;843;851;860;868;877;886;895;904;913;922;931;940;950;959;969;979;988;998;1008;1018;1028;1039;1049;1060;1070;1081;1092;1103;1114;1125;1136;1147;1159;1170;1182;1194;1206;1218;1230;1242;1255;1267;1280;1293;1306;1319;1332;1345;1359;1372;1386;1400;1414;1428;1442;1457;1471;1486;1501;1516;1531;1547;1562;1578;1593;1609;1625;1642;1658;1675;1691;1708;1725;1743;1760;1778;1795;1813;1832;1850;1868;1887;1906;1925;1944;1964;1983;2003;2023;2043;2064;2084;2105;2126;2148>,10,<140;142;144;146;148;151;153;155;157;159;162;165;167;169;171;174;176;178;180;183;188;190;192;195;197;200;202;204;207;209;216;218;221;223;226;228;231;233;236;238;252;255;258;260;263;266;269;272;274;277;294;297;300;303;306;309;312;316;319;322;342;345;348;352;355;358;362;365;368;372;395;398;402;406;409;413;417;420;424;428;454;458;461;465;469;473;477;481;485;489;518;522;526;531;535;539;543;547;552;556;562;567;573;579;584;590;596;602;608;614;620;627;633;639;645;652;658;665;672;678;685;692;699;706;713;720;727;735;742;749;757;764;772;780;788;796;803;811;820;828;836;844;853;861;870;879;888;896;905;914;924;933;942;952;961;971;980;990;1000;1010;1020;1030;1041;1051;1062;1072;1083;1094;1105;1116;1127;1138;1150;1161;1173;1184;1196;1208;1220;1232;1245;1257;1270;1283;1295;1308;1321;1335;1348;1361;1375;1389;1403;1417;1431;1445;1460;1474;1489;1504>,23,<13;13;13;13;13;15;15;15;15;15;16;16;16;16;16;18;18;18;18;18;19;19;19;19;19;21;21;21;21;21;22;22;22;22;22;24;24;24;24;24;25;25;25;25;25;26;26;26;26;26;28;28;28;28;28;29;29;29;29;29;31;31;31;31;31;32;32;32;32;32;34;34;34;34;34;35;35;35;35;35;36;36;36;36;36;38;38;38;38;38;39;39;39;39;39;41;41;41;41;41;41;42;42;43;43;44;44;44;45;45;46;46;47;47;48;48;49;49;50;50;51;51;52;52;53;53;54;54;55;55;56;56;57;58;58;59;59;60;60;61;62;62;63;64;64;65;65;66;67;67;68;69;69;70;71;72;72;73;74;74;75;76;77;78;78;79;80;81;81;82;83;84;85;86;86;87;88;89;90;91;92;93;94;95;96;96;97;98;99;100;101;102;103;104;106;107;108;109;110;111>,0,<>,,{drawcard=false;gain=false}
40331,好战,好戰,Warlike,Warlike,전투광,Guerreiro,3,1,config/item/gem/icon_9_l_1.png,3,攻击向符石,攻擊向符石,Offensive-type,Offensive-type,공격 룬스톤,Tipo ofensivo,ประเภทรุก,9999,{529=40},100,3,7,<300;305;309;314;318;323;327;332;336;341;348;353;358;362;367;372;377;382;386;391;402;407;412;417;422;428;433;438;443;448;462;467;473;478;484;489;494;500;505;511;540;546;552;558;564;570;576;582;588;594;630;637;643;650;656;663;670;676;683;689;732;739;746;754;761;768;775;782;790;797;846;854;862;869;877;885;893;901;908;916;972;980;989;997;1006;1014;1022;1031;1039;1048;1110;1119;1128;1137;1146;1155;1164;1173;1182;1191;1203;1215;1227;1239;1252;1264;1277;1290;1303;1316;1329;1342;1355;1369;1383;1397;1411;1425;1439;1453;1468;1482;1497;1512;1527;1543;1558;1574;1589;1605;1621;1638;1654;1670;1687;1704;1721;1738;1756;1773;1791;1809;1827;1845;1864;1882;1901;1920;1939;1959;1978;1998;2018;2038;2059;2079;2100;2121;2142;2164;2185;2207;2229;2252;2274;2297;2320;2343;2366;2390;2414;2438;2462;2487;2512;2537;2562;2588;2614;2640;2667;2693;2720;2747;2775;2803;2831;2859;2887;2916;2945;2975;3005;3035;3065;3096;3127;3158;3190;3221>,8,<300;305;309;314;318;323;327;332;336;341;348;353;358;362;367;372;377;382;386;391;402;407;412;417;422;428;433;438;443;448;462;467;473;478;484;489;494;500;505;511;540;546;552;558;564;570;576;582;588;594;630;637;643;650;656;663;670;676;683;689;732;739;746;754;761;768;775;782;790;797;846;854;862;869;877;885;893;901;908;916;972;980;989;997;1006;1014;1022;1031;1039;1048;1110;1119;1128;1137;1146;1155;1164;1173;1182;1191;1203;1215;1227;1239;1252;1264;1277;1290;1303;1316;1329;1342;1355;1369;1383;1397;1411;1425;1439;1453;1468;1482;1497;1512;1527;1543;1558;1574;1589;1605;1621;1638;1654;1670;1687;1704;1721;1738;1756;1773;1791;1809;1827;1845;1864;1882;1901;1920;1939;1959;1978;1998;2018;2038;2059;2079;2100;2121;2142;2164;2185;2207;2229;2252;2274;2297;2320;2343;2366;2390;2414;2438;2462;2487;2512;2537;2562;2588;2614;2640;2667;2693;2720;2747;2775;2803;2831;2859;2887;2916;2945;2975;3005;3035;3065;3096;3127;3158;3190;3221>,14,<34;34;34;34;34;37;37;37;37;37;41;41;41;41;41;44;44;44;44;44;48;48;48;48;48;52;52;52;52;52;55;55;55;55;55;59;59;59;59;59;62;62;62;62;62;66;66;66;66;66;70;70;70;70;70;73;73;73;73;73;77;77;77;77;77;80;80;80;80;80;84;84;84;84;84;88;88;88;88;88;91;91;91;91;91;95;95;95;95;95;98;98;98;98;98;102;102;102;102;102;103;104;105;106;107;108;109;110;112;113;114;115;116;117;118;120;121;122;123;124;126;127;128;130;131;132;133;135;136;137;139;140;142;143;144;146;147;149;150;152;153;155;156;158;160;161;163;164;166;168;169;171;173;175;176;178;180;182;183;185;187;189;191;193;195;197;199;201;203;205;207;209;211;213;215;217;219;222;224;226;228;231;233;235;238;240;242;245;247;250;252;255;257;260;263;265;268;270;273;276>,0,<>,0,<>,,{drawcard=false;gain=false}
40332,好战,好戰,Warlike,Warlike,전투광,Guerreiro,3,2,config/item/gem/icon_9_l_2.png,3,攻击向符石,攻擊向符石,Offensive-type,Offensive-type,공격 룬스톤,Tipo ofensivo,ประเภทรุก,9999,{529=40},100,3,7,<300;305;309;314;318;323;327;332;336;341;348;353;358;362;367;372;377;382;386;391;402;407;412;417;422;428;433;438;443;448;462;467;473;478;484;489;494;500;505;511;540;546;552;558;564;570;576;582;588;594;630;637;643;650;656;663;670;676;683;689;732;739;746;754;761;768;775;782;790;797;846;854;862;869;877;885;893;901;908;916;972;980;989;997;1006;1014;1022;1031;1039;1048;1110;1119;1128;1137;1146;1155;1164;1173;1182;1191;1203;1215;1227;1239;1252;1264;1277;1290;1303;1316;1329;1342;1355;1369;1383;1397;1411;1425;1439;1453;1468;1482;1497;1512;1527;1543;1558;1574;1589;1605;1621;1638;1654;1670;1687;1704;1721;1738;1756;1773;1791;1809;1827;1845;1864;1882;1901;1920;1939;1959;1978;1998;2018;2038;2059;2079;2100;2121;2142;2164;2185;2207;2229;2252;2274;2297;2320;2343;2366;2390;2414;2438;2462;2487;2512;2537;2562;2588;2614;2640;2667;2693;2720;2747;2775;2803;2831;2859;2887;2916;2945;2975;3005;3035;3065;3096;3127;3158;3190;3221>,8,<300;305;309;314;318;323;327;332;336;341;348;353;358;362;367;372;377;382;386;391;402;407;412;417;422;428;433;438;443;448;462;467;473;478;484;489;494;500;505;511;540;546;552;558;564;570;576;582;588;594;630;637;643;650;656;663;670;676;683;689;732;739;746;754;761;768;775;782;790;797;846;854;862;869;877;885;893;901;908;916;972;980;989;997;1006;1014;1022;1031;1039;1048;1110;1119;1128;1137;1146;1155;1164;1173;1182;1191;1203;1215;1227;1239;1252;1264;1277;1290;1303;1316;1329;1342;1355;1369;1383;1397;1411;1425;1439;1453;1468;1482;1497;1512;1527;1543;1558;1574;1589;1605;1621;1638;1654;1670;1687;1704;1721;1738;1756;1773;1791;1809;1827;1845;1864;1882;1901;1920;1939;1959;1978;1998;2018;2038;2059;2079;2100;2121;2142;2164;2185;2207;2229;2252;2274;2297;2320;2343;2366;2390;2414;2438;2462;2487;2512;2537;2562;2588;2614;2640;2667;2693;2720;2747;2775;2803;2831;2859;2887;2916;2945;2975;3005;3035;3065;3096;3127;3158;3190;3221>,15,<50;50;50;50;50;56;56;56;56;56;61;61;61;61;61;67;67;67;67;67;72;72;72;72;72;77;77;77;77;77;83;83;83;83;83;88;88;88;88;88;94;94;94;94;94;99;99;99;99;99;104;104;104;104;104;110;110;110;110;110;115;115;115;115;115;121;121;121;121;121;126;126;126;126;126;131;131;131;131;131;137;137;137;137;137;142;142;142;142;142;148;148;148;148;148;153;153;153;153;153;155;156;158;159;161;162;164;166;167;169;171;172;174;176;178;179;181;183;185;187;189;190;192;194;196;198;200;202;204;206;208;210;212;215;217;219;221;223;226;228;230;232;235;237;239;242;244;247;249;252;254;257;259;262;264;267;270;272;275;278;281;284;286;289;292;295;298;301;304;307;310;313;316;320;323;326;329;332;336;339;343;346;349;353;356;360;364;367;371;375;378;382;386;390;394;398;402;406;410;414>,0,<>,0,<>,,{drawcard=false;gain=false}
40333,好战,好戰,Warlike,Warlike,전투광,Guerreiro,3,3,config/item/gem/icon_9_l_3.png,3,攻击向符石,攻擊向符石,Offensive-type,Offensive-type,공격 룬스톤,Tipo ofensivo,ประเภทรุก,9999,{529=40},100,3,1,<1512;1535;1557;1580;1603;1625;1648;1671;1693;1716;1754;1778;1802;1826;1851;1875;1899;1923;1947;1972;2026;2052;2077;2103;2129;2155;2180;2206;2232;2257;2328;2356;2383;2410;2437;2465;2492;2519;2546;2573;2722;2752;2782;2812;2843;2873;2903;2933;2964;2994;3175;3208;3242;3275;3308;3342;3375;3408;3441;3475;3689;3726;3762;3798;3834;3871;3907;3943;3980;4016;4264;4303;4342;4382;4421;4460;4500;4539;4578;4618;4899;4941;4984;5026;5068;5111;5153;5195;5238;5280;5594;5640;5685;5730;5776;5821;5867;5912;5957;6003;6063;6124;6185;6247;6309;6372;6436;6500;6565;6631;6697;6764;6832;6900;6969;7039;7109;7180;7252;7325;7398;7472;7547;7622;7698;7775;7853;7932;8011;8091;8172;8254;8336;8420;8504;8589;8675;8762;8849;8938;9027;9117;9208;9301;9394;9487;9582;9678;9775;9873;9971;10071;10172;10274;10376;10480;10585;10691;10798;10906;11015;11125;11236;11348;11462;11577;11692;11809;11927;12047;12167;12289;12412;12536;12661;12788;12916;13045;13175;13307;13440;13574;13710;13847;13986;14126;14267;14410;14554;14699;14846;14995;15145;15296;15449;15603;15759;15917;16076;16237>,7,<300;305;309;314;318;323;327;332;336;341;348;353;358;362;367;372;377;382;386;391;402;407;412;417;422;428;433;438;443;448;462;467;473;478;484;489;494;500;505;511;540;546;552;558;564;570;576;582;588;594;630;637;643;650;656;663;670;676;683;689;732;739;746;754;761;768;775;782;790;797;846;854;862;869;877;885;893;901;908;916;972;980;989;997;1006;1014;1022;1031;1039;1048;1110;1119;1128;1137;1146;1155;1164;1173;1182;1191;1203;1215;1227;1239;1252;1264;1277;1290;1303;1316;1329;1342;1355;1369;1383;1397;1411;1425;1439;1453;1468;1482;1497;1512;1527;1543;1558;1574;1589;1605;1621;1638;1654;1670;1687;1704;1721;1738;1756;1773;1791;1809;1827;1845;1864;1882;1901;1920;1939;1959;1978;1998;2018;2038;2059;2079;2100;2121;2142;2164;2185;2207;2229;2252;2274;2297;2320;2343;2366;2390;2414;2438;2462;2487;2512;2537;2562;2588;2614;2640;2667;2693;2720;2747;2775;2803;2831;2859;2887;2916;2945;2975;3005;3035;3065;3096;3127;3158;3190;3221>,8,<300;305;309;314;318;323;327;332;336;341;348;353;358;362;367;372;377;382;386;391;402;407;412;417;422;428;433;438;443;448;462;467;473;478;484;489;494;500;505;511;540;546;552;558;564;570;576;582;588;594;630;637;643;650;656;663;670;676;683;689;732;739;746;754;761;768;775;782;790;797;846;854;862;869;877;885;893;901;908;916;972;980;989;997;1006;1014;1022;1031;1039;1048;1110;1119;1128;1137;1146;1155;1164;1173;1182;1191;1203;1215;1227;1239;1252;1264;1277;1290;1303;1316;1329;1342;1355;1369;1383;1397;1411;1425;1439;1453;1468;1482;1497;1512;1527;1543;1558;1574;1589;1605;1621;1638;1654;1670;1687;1704;1721;1738;1756;1773;1791;1809;1827;1845;1864;1882;1901;1920;1939;1959;1978;1998;2018;2038;2059;2079;2100;2121;2142;2164;2185;2207;2229;2252;2274;2297;2320;2343;2366;2390;2414;2438;2462;2487;2512;2537;2562;2588;2614;2640;2667;2693;2720;2747;2775;2803;2831;2859;2887;2916;2945;2975;3005;3035;3065;3096;3127;3158;3190;3221>,11,<34;34;34;34;34;37;37;37;37;37;41;41;41;41;41;44;44;44;44;44;48;48;48;48;48;52;52;52;52;52;55;55;55;55;55;59;59;59;59;59;62;62;62;62;62;66;66;66;66;66;70;70;70;70;70;73;73;73;73;73;77;77;77;77;77;80;80;80;80;80;84;84;84;84;84;88;88;88;88;88;91;91;91;91;91;95;95;95;95;95;98;98;98;98;98;102;102;102;102;102;103;104;105;106;107;108;109;110;112;113;114;115;116;117;118;120;121;122;123;124;126;127;128;130;131;132;133;135;136;137;139;140;142;143;144;146;147;149;150;152;153;155;156;158;160;161;163;164;166;168;169;171;173;175;176;178;180;182;183;185;187;189;191;193;195;197;199;201;203;205;207;209;211;213;215;217;219;222;224;226;228;231;233;235;238;240;242;245;247;250;252;255;257;260;263;265;268;270;273;276>,12,<34;34;34;34;34;37;37;37;37;37;41;41;41;41;41;44;44;44;44;44;48;48;48;48;48;52;52;52;52;52;55;55;55;55;55;59;59;59;59;59;62;62;62;62;62;66;66;66;66;66;70;70;70;70;70;73;73;73;73;73;77;77;77;77;77;80;80;80;80;80;84;84;84;84;84;88;88;88;88;88;91;91;91;91;91;95;95;95;95;95;98;98;98;98;98;102;102;102;102;102;103;104;105;106;107;108;109;110;112;113;114;115;116;117;118;120;121;122;123;124;126;127;128;130;131;132;133;135;136;137;139;140;142;143;144;146;147;149;150;152;153;155;156;158;160;161;163;164;166;168;169;171;173;175;176;178;180;182;183;185;187;189;191;193;195;197;199;201;203;205;207;209;211;213;215;217;219;222;224;226;228;231;233;235;238;240;242;245;247;250;252;255;257;260;263;265;268;270;273;276>,,{drawcard=false;gain=false}
40334,好战,好戰,Warlike,Warlike,전투광,Guerreiro,3,4,config/item/gem/icon_9_l_4.png,3,攻击向符石,攻擊向符石,Offensive-type,Offensive-type,공격 룬스톤,Tipo ofensivo,ประเภทรุก,9999,{529=40},100,3,1,<1512;1535;1557;1580;1603;1625;1648;1671;1693;1716;1754;1778;1802;1826;1851;1875;1899;1923;1947;1972;2026;2052;2077;2103;2129;2155;2180;2206;2232;2257;2328;2356;2383;2410;2437;2465;2492;2519;2546;2573;2722;2752;2782;2812;2843;2873;2903;2933;2964;2994;3175;3208;3242;3275;3308;3342;3375;3408;3441;3475;3689;3726;3762;3798;3834;3871;3907;3943;3980;4016;4264;4303;4342;4382;4421;4460;4500;4539;4578;4618;4899;4941;4984;5026;5068;5111;5153;5195;5238;5280;5594;5640;5685;5730;5776;5821;5867;5912;5957;6003;6063;6124;6185;6247;6309;6372;6436;6500;6565;6631;6697;6764;6832;6900;6969;7039;7109;7180;7252;7325;7398;7472;7547;7622;7698;7775;7853;7932;8011;8091;8172;8254;8336;8420;8504;8589;8675;8762;8849;8938;9027;9117;9208;9301;9394;9487;9582;9678;9775;9873;9971;10071;10172;10274;10376;10480;10585;10691;10798;10906;11015;11125;11236;11348;11462;11577;11692;11809;11927;12047;12167;12289;12412;12536;12661;12788;12916;13045;13175;13307;13440;13574;13710;13847;13986;14126;14267;14410;14554;14699;14846;14995;15145;15296;15449;15603;15759;15917;16076;16237>,7,<300;305;309;314;318;323;327;332;336;341;348;353;358;362;367;372;377;382;386;391;402;407;412;417;422;428;433;438;443;448;462;467;473;478;484;489;494;500;505;511;540;546;552;558;564;570;576;582;588;594;630;637;643;650;656;663;670;676;683;689;732;739;746;754;761;768;775;782;790;797;846;854;862;869;877;885;893;901;908;916;972;980;989;997;1006;1014;1022;1031;1039;1048;1110;1119;1128;1137;1146;1155;1164;1173;1182;1191;1203;1215;1227;1239;1252;1264;1277;1290;1303;1316;1329;1342;1355;1369;1383;1397;1411;1425;1439;1453;1468;1482;1497;1512;1527;1543;1558;1574;1589;1605;1621;1638;1654;1670;1687;1704;1721;1738;1756;1773;1791;1809;1827;1845;1864;1882;1901;1920;1939;1959;1978;1998;2018;2038;2059;2079;2100;2121;2142;2164;2185;2207;2229;2252;2274;2297;2320;2343;2366;2390;2414;2438;2462;2487;2512;2537;2562;2588;2614;2640;2667;2693;2720;2747;2775;2803;2831;2859;2887;2916;2945;2975;3005;3035;3065;3096;3127;3158;3190;3221>,8,<300;305;309;314;318;323;327;332;336;341;348;353;358;362;367;372;377;382;386;391;402;407;412;417;422;428;433;438;443;448;462;467;473;478;484;489;494;500;505;511;540;546;552;558;564;570;576;582;588;594;630;637;643;650;656;663;670;676;683;689;732;739;746;754;761;768;775;782;790;797;846;854;862;869;877;885;893;901;908;916;972;980;989;997;1006;1014;1022;1031;1039;1048;1110;1119;1128;1137;1146;1155;1164;1173;1182;1191;1203;1215;1227;1239;1252;1264;1277;1290;1303;1316;1329;1342;1355;1369;1383;1397;1411;1425;1439;1453;1468;1482;1497;1512;1527;1543;1558;1574;1589;1605;1621;1638;1654;1670;1687;1704;1721;1738;1756;1773;1791;1809;1827;1845;1864;1882;1901;1920;1939;1959;1978;1998;2018;2038;2059;2079;2100;2121;2142;2164;2185;2207;2229;2252;2274;2297;2320;2343;2366;2390;2414;2438;2462;2487;2512;2537;2562;2588;2614;2640;2667;2693;2720;2747;2775;2803;2831;2859;2887;2916;2945;2975;3005;3035;3065;3096;3127;3158;3190;3221>,90,<40;40;40;40;40;45;45;45;45;45;49;49;49;49;49;53;53;53;53;53;58;58;58;58;58;62;62;62;62;62;66;66;66;66;66;71;71;71;71;71;75;75;75;75;75;79;79;79;79;79;84;84;84;84;84;88;88;88;88;88;92;92;92;92;92;96;96;96;96;96;101;101;101;101;101;105;105;105;105;105;109;109;109;109;109;114;114;114;114;114;118;118;118;118;118;122;122;122;122;122;123;124;126;127;128;130;131;132;133;135;136;137;139;140;142;143;144;146;147;149;150;152;153;155;156;158;160;161;163;164;166;168;169;171;173;175;176;178;180;182;183;185;187;189;191;193;195;197;199;201;203;205;207;209;211;213;215;217;219;222;224;226;228;231;233;235;238;240;242;245;247;250;252;255;257;260;262;265;268;270;273;276;279;281;284;287;290;293;296;299;302;305;308;311;314;317;320;323;327;330>,0,<>,,{drawcard=false;gain=false}
40335,好战,好戰,Warlike,Warlike,전투광,Guerreiro,3,5,config/item/gem/icon_9_l_5.png,3,攻击向符石,攻擊向符石,Offensive-type,Offensive-type,공격 룬스톤,Tipo ofensivo,ประเภทรุก,9999,{529=40},100,3,7,<300;305;309;314;318;323;327;332;336;341;348;353;358;362;367;372;377;382;386;391;402;407;412;417;422;428;433;438;443;448;462;467;473;478;484;489;494;500;505;511;540;546;552;558;564;570;576;582;588;594;630;637;643;650;656;663;670;676;683;689;732;739;746;754;761;768;775;782;790;797;846;854;862;869;877;885;893;901;908;916;972;980;989;997;1006;1014;1022;1031;1039;1048;1110;1119;1128;1137;1146;1155;1164;1173;1182;1191;1203;1215;1227;1239;1252;1264;1277;1290;1303;1316;1329;1342;1355;1369;1383;1397;1411;1425;1439;1453;1468;1482;1497;1512;1527;1543;1558;1574;1589;1605;1621;1638;1654;1670;1687;1704;1721;1738;1756;1773;1791;1809;1827;1845;1864;1882;1901;1920;1939;1959;1978;1998;2018;2038;2059;2079;2100;2121;2142;2164;2185;2207;2229;2252;2274;2297;2320;2343;2366;2390;2414;2438;2462;2487;2512;2537;2562;2588;2614;2640;2667;2693;2720;2747;2775;2803;2831;2859;2887;2916;2945;2975;3005;3035;3065;3096;3127;3158;3190;3221>,8,<300;305;309;314;318;323;327;332;336;341;348;353;358;362;367;372;377;382;386;391;402;407;412;417;422;428;433;438;443;448;462;467;473;478;484;489;494;500;505;511;540;546;552;558;564;570;576;582;588;594;630;637;643;650;656;663;670;676;683;689;732;739;746;754;761;768;775;782;790;797;846;854;862;869;877;885;893;901;908;916;972;980;989;997;1006;1014;1022;1031;1039;1048;1110;1119;1128;1137;1146;1155;1164;1173;1182;1191;1203;1215;1227;1239;1252;1264;1277;1290;1303;1316;1329;1342;1355;1369;1383;1397;1411;1425;1439;1453;1468;1482;1497;1512;1527;1543;1558;1574;1589;1605;1621;1638;1654;1670;1687;1704;1721;1738;1756;1773;1791;1809;1827;1845;1864;1882;1901;1920;1939;1959;1978;1998;2018;2038;2059;2079;2100;2121;2142;2164;2185;2207;2229;2252;2274;2297;2320;2343;2366;2390;2414;2438;2462;2487;2512;2537;2562;2588;2614;2640;2667;2693;2720;2747;2775;2803;2831;2859;2887;2916;2945;2975;3005;3035;3065;3096;3127;3158;3190;3221>,9,<210;213;216;219;223;226;229;232;235;238;244;247;250;254;257;260;264;267;270;274;281;285;289;292;296;299;303;306;310;314;323;327;331;335;339;342;346;350;354;357;378;382;386;391;395;399;403;407;412;416;441;446;450;455;459;464;469;473;478;483;512;517;522;528;533;538;543;548;553;558;592;598;603;609;614;620;625;630;636;641;680;686;692;698;704;710;716;722;727;733;777;783;790;796;802;809;815;821;827;834;842;851;859;868;877;885;894;903;912;921;930;940;949;959;968;978;988;998;1008;1018;1028;1038;1048;1059;1070;1080;1091;1102;1113;1124;1135;1147;1158;1170;1181;1193;1205;1217;1229;1242;1254;1267;1279;1292;1305;1318;1331;1345;1358;1372;1385;1399;1413;1427;1442;1456;1471;1485;1500;1515;1530;1546;1561;1577;1592;1608;1624;1641;1657;1674;1690;1707;1724;1742;1759;1777;1794;1812;1830;1849;1867;1886;1905;1924;1943;1962;1982;2002;2022;2042;2063;2083;2104;2125;2146;2168;2189;2211;2233;2256>,22,<20;20;20;20;20;22;22;22;22;22;24;24;24;24;24;27;27;27;27;27;29;29;29;29;29;31;31;31;31;31;33;33;33;33;33;35;35;35;35;35;37;37;37;37;37;40;40;40;40;40;42;42;42;42;42;44;44;44;44;44;46;46;46;46;46;48;48;48;48;48;50;50;50;50;50;53;53;53;53;53;55;55;55;55;55;57;57;57;57;57;59;59;59;59;59;61;61;61;61;61;62;62;63;63;64;65;65;66;67;67;68;69;69;70;71;72;72;73;74;74;75;76;77;77;78;79;80;81;81;82;83;84;85;86;86;87;88;89;90;91;92;93;94;95;95;96;97;98;99;100;101;102;103;104;105;106;108;109;110;111;112;113;114;115;116;118;119;120;121;122;124;125;126;127;129;130;131;133;134;135;137;138;139;141;142;144;145;146;148;149;151;152;154;155;157;159;160;162;163;165>,0,<>,,{drawcard=false;gain=false}
40336,好战,好戰,Warlike,Warlike,전투광,Guerreiro,3,6,config/item/gem/icon_9_l_6.png,3,攻击向符石,攻擊向符石,Offensive-type,Offensive-type,공격 룬스톤,Tipo ofensivo,ประเภทรุก,9999,{529=40},100,3,7,<300;305;309;314;318;323;327;332;336;341;348;353;358;362;367;372;377;382;386;391;402;407;412;417;422;428;433;438;443;448;462;467;473;478;484;489;494;500;505;511;540;546;552;558;564;570;576;582;588;594;630;637;643;650;656;663;670;676;683;689;732;739;746;754;761;768;775;782;790;797;846;854;862;869;877;885;893;901;908;916;972;980;989;997;1006;1014;1022;1031;1039;1048;1110;1119;1128;1137;1146;1155;1164;1173;1182;1191;1203;1215;1227;1239;1252;1264;1277;1290;1303;1316;1329;1342;1355;1369;1383;1397;1411;1425;1439;1453;1468;1482;1497;1512;1527;1543;1558;1574;1589;1605;1621;1638;1654;1670;1687;1704;1721;1738;1756;1773;1791;1809;1827;1845;1864;1882;1901;1920;1939;1959;1978;1998;2018;2038;2059;2079;2100;2121;2142;2164;2185;2207;2229;2252;2274;2297;2320;2343;2366;2390;2414;2438;2462;2487;2512;2537;2562;2588;2614;2640;2667;2693;2720;2747;2775;2803;2831;2859;2887;2916;2945;2975;3005;3035;3065;3096;3127;3158;3190;3221>,8,<300;305;309;314;318;323;327;332;336;341;348;353;358;362;367;372;377;382;386;391;402;407;412;417;422;428;433;438;443;448;462;467;473;478;484;489;494;500;505;511;540;546;552;558;564;570;576;582;588;594;630;637;643;650;656;663;670;676;683;689;732;739;746;754;761;768;775;782;790;797;846;854;862;869;877;885;893;901;908;916;972;980;989;997;1006;1014;1022;1031;1039;1048;1110;1119;1128;1137;1146;1155;1164;1173;1182;1191;1203;1215;1227;1239;1252;1264;1277;1290;1303;1316;1329;1342;1355;1369;1383;1397;1411;1425;1439;1453;1468;1482;1497;1512;1527;1543;1558;1574;1589;1605;1621;1638;1654;1670;1687;1704;1721;1738;1756;1773;1791;1809;1827;1845;1864;1882;1901;1920;1939;1959;1978;1998;2018;2038;2059;2079;2100;2121;2142;2164;2185;2207;2229;2252;2274;2297;2320;2343;2366;2390;2414;2438;2462;2487;2512;2537;2562;2588;2614;2640;2667;2693;2720;2747;2775;2803;2831;2859;2887;2916;2945;2975;3005;3035;3065;3096;3127;3158;3190;3221>,10,<210;213;216;219;223;226;229;232;235;238;244;247;250;254;257;260;264;267;270;274;281;285;289;292;296;299;303;306;310;314;323;327;331;335;339;342;346;350;354;357;378;382;386;391;395;399;403;407;412;416;441;446;450;455;459;464;469;473;478;483;512;517;522;528;533;538;543;548;553;558;592;598;603;609;614;620;625;630;636;641;680;686;692;698;704;710;716;722;727;733;777;783;790;796;802;809;815;821;827;834;842;851;859;868;877;885;894;903;912;921;930;940;949;959;968;978;988;998;1008;1018;1028;1038;1048;1059;1070;1080;1091;1102;1113;1124;1135;1147;1158;1170;1181;1193;1205;1217;1229;1242;1254;1267;1279;1292;1305;1318;1331;1345;1358;1372;1385;1399;1413;1427;1442;1456;1471;1485;1500;1515;1530;1546;1561;1577;1592;1608;1624;1641;1657;1674;1690;1707;1724;1742;1759;1777;1794;1812;1830;1849;1867;1886;1905;1924;1943;1962;1982;2002;2022;2042;2063;2083;2104;2125;2146;2168;2189;2211;2233;2256>,23,<20;20;20;20;20;22;22;22;22;22;24;24;24;24;24;27;27;27;27;27;29;29;29;29;29;31;31;31;31;31;33;33;33;33;33;35;35;35;35;35;37;37;37;37;37;40;40;40;40;40;42;42;42;42;42;44;44;44;44;44;46;46;46;46;46;48;48;48;48;48;50;50;50;50;50;53;53;53;53;53;55;55;55;55;55;57;57;57;57;57;59;59;59;59;59;61;61;61;61;61;62;62;63;63;64;65;65;66;67;67;68;69;69;70;71;72;72;73;74;74;75;76;77;77;78;79;80;81;81;82;83;84;85;86;86;87;88;89;90;91;92;93;94;95;95;96;97;98;99;100;101;102;103;104;105;106;108;109;110;111;112;113;114;115;116;118;119;120;121;122;124;125;126;127;129;130;131;133;134;135;137;138;139;141;142;144;145;146;148;149;151;152;154;155;157;159;160;162;163;165>,0,<>,,{drawcard=false;gain=false}
40341,好战,好戰,Warlike,Warlike,전투광,Guerreiro,3,1,config/item/gem/icon_9_z_1.png,4,攻击向符石,攻擊向符石,Offensive-type,Offensive-type,공격 룬스톤,Tipo ofensivo,ประเภทรุก,9999,{529=80},100,4,7,<440;447;453;460;466;473;480;486;493;499;510;517;524;532;539;546;553;560;567;574;590;597;605;612;620;627;634;642;649;657;678;686;693;701;709;717;725;733;741;749;792;801;810;818;827;836;845;854;862;871;924;934;943;953;963;972;982;992;1001;1011;1074;1084;1095;1105;1116;1126;1137;1148;1158;1169;1241;1252;1264;1275;1287;1298;1309;1321;1332;1344;1426;1438;1450;1463;1475;1487;1500;1512;1524;1536;1628;1641;1654;1668;1681;1694;1707;1720;1734;1747;1764;1782;1800;1818;1836;1854;1873;1892;1911;1930;1949;1969;1988;2008;2028;2048;2069;2090;2111;2132;2153;2175;2196;2218;2240;2263;2285;2308;2331;2355;2378;2402;2426;2450;2475;2500;2525;2550;2575;2601;2627;2653;2680;2707;2734;2761;2789;2817;2845;2873;2902;2931;2960;2990;3020;3050;3080;3111;3142;3174;3206;3238;3270;3303;3336;3369;3403;3437;3471;3506;3541;3576;3612;3648;3685;3721;3759;3796;3834;3873;3911;3950;3990;4030;4070;4111;4152;4193;4235;4278;4321;4364;4407;4451;4496;4541;4586;4632;4679;4725>,8,<440;447;453;460;466;473;480;486;493;499;510;517;524;532;539;546;553;560;567;574;590;597;605;612;620;627;634;642;649;657;678;686;693;701;709;717;725;733;741;749;792;801;810;818;827;836;845;854;862;871;924;934;943;953;963;972;982;992;1001;1011;1074;1084;1095;1105;1116;1126;1137;1148;1158;1169;1241;1252;1264;1275;1287;1298;1309;1321;1332;1344;1426;1438;1450;1463;1475;1487;1500;1512;1524;1536;1628;1641;1654;1668;1681;1694;1707;1720;1734;1747;1764;1782;1800;1818;1836;1854;1873;1892;1911;1930;1949;1969;1988;2008;2028;2048;2069;2090;2111;2132;2153;2175;2196;2218;2240;2263;2285;2308;2331;2355;2378;2402;2426;2450;2475;2500;2525;2550;2575;2601;2627;2653;2680;2707;2734;2761;2789;2817;2845;2873;2902;2931;2960;2990;3020;3050;3080;3111;3142;3174;3206;3238;3270;3303;3336;3369;3403;3437;3471;3506;3541;3576;3612;3648;3685;3721;3759;3796;3834;3873;3911;3950;3990;4030;4070;4111;4152;4193;4235;4278;4321;4364;4407;4451;4496;4541;4586;4632;4679;4725>,14,<49;49;49;49;49;55;55;55;55;55;60;60;60;60;60;65;65;65;65;65;70;70;70;70;70;76;76;76;76;76;81;81;81;81;81;86;86;86;86;86;92;92;92;92;92;97;97;97;97;97;102;102;102;102;102;107;107;107;107;107;113;113;113;113;113;118;118;118;118;118;123;123;123;123;123;128;128;128;128;128;134;134;134;134;134;139;139;139;139;139;144;144;144;144;144;150;150;150;150;150;152;153;155;156;158;159;161;162;164;166;167;169;171;172;174;176;178;179;181;183;185;187;189;190;192;194;196;198;200;202;204;206;208;210;212;215;217;219;221;223;226;228;230;232;235;237;239;242;244;247;249;252;254;257;259;262;264;267;270;273;275;278;281;284;286;289;292;295;298;301;304;307;310;313;316;320;323;326;329;333;336;339;343;346;349;353;356;360;364;367;371;375;378;382;386;390;394;398;402;406>,0,<>,0,<>,,{drawcard=zi_effect_loop}
40342,好战,好戰,Warlike,Warlike,전투광,Guerreiro,3,2,config/item/gem/icon_9_z_2.png,4,攻击向符石,攻擊向符石,Offensive-type,Offensive-type,공격 룬스톤,Tipo ofensivo,ประเภทรุก,9999,{529=80},100,4,7,<440;447;453;460;466;473;480;486;493;499;510;517;524;532;539;546;553;560;567;574;590;597;605;612;620;627;634;642;649;657;678;686;693;701;709;717;725;733;741;749;792;801;810;818;827;836;845;854;862;871;924;934;943;953;963;972;982;992;1001;1011;1074;1084;1095;1105;1116;1126;1137;1148;1158;1169;1241;1252;1264;1275;1287;1298;1309;1321;1332;1344;1426;1438;1450;1463;1475;1487;1500;1512;1524;1536;1628;1641;1654;1668;1681;1694;1707;1720;1734;1747;1764;1782;1800;1818;1836;1854;1873;1892;1911;1930;1949;1969;1988;2008;2028;2048;2069;2090;2111;2132;2153;2175;2196;2218;2240;2263;2285;2308;2331;2355;2378;2402;2426;2450;2475;2500;2525;2550;2575;2601;2627;2653;2680;2707;2734;2761;2789;2817;2845;2873;2902;2931;2960;2990;3020;3050;3080;3111;3142;3174;3206;3238;3270;3303;3336;3369;3403;3437;3471;3506;3541;3576;3612;3648;3685;3721;3759;3796;3834;3873;3911;3950;3990;4030;4070;4111;4152;4193;4235;4278;4321;4364;4407;4451;4496;4541;4586;4632;4679;4725>,8,<440;447;453;460;466;473;480;486;493;499;510;517;524;532;539;546;553;560;567;574;590;597;605;612;620;627;634;642;649;657;678;686;693;701;709;717;725;733;741;749;792;801;810;818;827;836;845;854;862;871;924;934;943;953;963;972;982;992;1001;1011;1074;1084;1095;1105;1116;1126;1137;1148;1158;1169;1241;1252;1264;1275;1287;1298;1309;1321;1332;1344;1426;1438;1450;1463;1475;1487;1500;1512;1524;1536;1628;1641;1654;1668;1681;1694;1707;1720;1734;1747;1764;1782;1800;1818;1836;1854;1873;1892;1911;1930;1949;1969;1988;2008;2028;2048;2069;2090;2111;2132;2153;2175;2196;2218;2240;2263;2285;2308;2331;2355;2378;2402;2426;2450;2475;2500;2525;2550;2575;2601;2627;2653;2680;2707;2734;2761;2789;2817;2845;2873;2902;2931;2960;2990;3020;3050;3080;3111;3142;3174;3206;3238;3270;3303;3336;3369;3403;3437;3471;3506;3541;3576;3612;3648;3685;3721;3759;3796;3834;3873;3911;3950;3990;4030;4070;4111;4152;4193;4235;4278;4321;4364;4407;4451;4496;4541;4586;4632;4679;4725>,15,<74;74;74;74;74;82;82;82;82;82;90;90;90;90;90;98;98;98;98;98;106;106;106;106;106;114;114;114;114;114;121;121;121;121;121;129;129;129;129;129;137;137;137;137;137;145;145;145;145;145;153;153;153;153;153;161;161;161;161;161;169;169;169;169;169;177;177;177;177;177;185;185;185;185;185;193;193;193;193;193;201;201;201;201;201;209;209;209;209;209;216;216;216;216;216;224;224;224;224;224;226;229;231;233;235;238;240;243;245;247;250;252;255;257;260;263;265;268;271;273;276;279;282;284;287;290;293;296;299;302;305;308;311;314;317;320;324;327;330;334;337;340;344;347;351;354;358;361;365;368;372;376;380;383;387;391;395;399;403;407;411;415;419;423;428;432;436;441;445;450;454;459;463;468;472;477;482;487;492;497;502;507;512;517;522;527;532;538;543;548;554;560;565;571;576;582;588;594;600;606>,0,<>,0,<>,,{drawcard=zi_effect_loop}
40343,好战,好戰,Warlike,Warlike,전투광,Guerreiro,3,3,config/item/gem/icon_9_z_3.png,4,攻击向符石,攻擊向符石,Offensive-type,Offensive-type,공격 룬스톤,Tipo ofensivo,ประเภทรุก,9999,{529=80},100,4,1,<2218;2251;2285;2318;2351;2384;2418;2451;2484;2517;2573;2608;2644;2679;2715;2750;2786;2821;2857;2892;2972;3010;3048;3085;3123;3161;3198;3236;3274;3311;3416;3456;3496;3535;3575;3615;3655;3695;3735;3775;3992;4037;4081;4125;4170;4214;4259;4303;4347;4392;4658;4707;4755;4804;4853;4902;4951;4999;5048;5097;5412;5465;5518;5572;5625;5678;5731;5785;5838;5891;6255;6312;6370;6428;6485;6543;6601;6658;6716;6774;7186;7248;7311;7373;7435;7497;7559;7621;7683;7745;8207;8273;8340;8406;8473;8539;8606;8672;8739;8805;8893;8982;9072;9163;9254;9347;9440;9535;9630;9726;9823;9922;10021;10121;10222;10325;10428;10532;10637;10744;10851;10960;11069;11180;11292;11405;11519;11634;11750;11868;11986;12106;12227;12350;12473;12598;12724;12851;12980;13109;13241;13373;13507;13642;13778;13916;14055;14196;14338;14481;14626;14772;14920;15069;15220;15372;15526;15681;15838;15996;16156;16318;16481;16646;16812;16980;17150;17321;17495;17670;17846;18025;18205;18387;18571;18757;18944;19134;19325;19518;19713;19910;20110;20311;20514;20719;20926;21135;21347;21560;21776;21994;22214;22436;22660;22887;23115;23347;23580;23816>,7,<440;447;453;460;466;473;480;486;493;499;510;517;524;532;539;546;553;560;567;574;590;597;605;612;620;627;634;642;649;657;678;686;693;701;709;717;725;733;741;749;792;801;810;818;827;836;845;854;862;871;924;934;943;953;963;972;982;992;1001;1011;1074;1084;1095;1105;1116;1126;1137;1148;1158;1169;1241;1252;1264;1275;1287;1298;1309;1321;1332;1344;1426;1438;1450;1463;1475;1487;1500;1512;1524;1536;1628;1641;1654;1668;1681;1694;1707;1720;1734;1747;1764;1782;1800;1818;1836;1854;1873;1892;1911;1930;1949;1969;1988;2008;2028;2048;2069;2090;2111;2132;2153;2175;2196;2218;2240;2263;2285;2308;2331;2355;2378;2402;2426;2450;2475;2500;2525;2550;2575;2601;2627;2653;2680;2707;2734;2761;2789;2817;2845;2873;2902;2931;2960;2990;3020;3050;3080;3111;3142;3174;3206;3238;3270;3303;3336;3369;3403;3437;3471;3506;3541;3576;3612;3648;3685;3721;3759;3796;3834;3873;3911;3950;3990;4030;4070;4111;4152;4193;4235;4278;4321;4364;4407;4451;4496;4541;4586;4632;4679;4725>,8,<440;447;453;460;466;473;480;486;493;499;510;517;524;532;539;546;553;560;567;574;590;597;605;612;620;627;634;642;649;657;678;686;693;701;709;717;725;733;741;749;792;801;810;818;827;836;845;854;862;871;924;934;943;953;963;972;982;992;1001;1011;1074;1084;1095;1105;1116;1126;1137;1148;1158;1169;1241;1252;1264;1275;1287;1298;1309;1321;1332;1344;1426;1438;1450;1463;1475;1487;1500;1512;1524;1536;1628;1641;1654;1668;1681;1694;1707;1720;1734;1747;1764;1782;1800;1818;1836;1854;1873;1892;1911;1930;1949;1969;1988;2008;2028;2048;2069;2090;2111;2132;2153;2175;2196;2218;2240;2263;2285;2308;2331;2355;2378;2402;2426;2450;2475;2500;2525;2550;2575;2601;2627;2653;2680;2707;2734;2761;2789;2817;2845;2873;2902;2931;2960;2990;3020;3050;3080;3111;3142;3174;3206;3238;3270;3303;3336;3369;3403;3437;3471;3506;3541;3576;3612;3648;3685;3721;3759;3796;3834;3873;3911;3950;3990;4030;4070;4111;4152;4193;4235;4278;4321;4364;4407;4451;4496;4541;4586;4632;4679;4725>,11,<49;49;49;49;49;55;55;55;55;55;60;60;60;60;60;65;65;65;65;65;70;70;70;70;70;76;76;76;76;76;81;81;81;81;81;86;86;86;86;86;92;92;92;92;92;97;97;97;97;97;102;102;102;102;102;107;107;107;107;107;113;113;113;113;113;118;118;118;118;118;123;123;123;123;123;128;128;128;128;128;134;134;134;134;134;139;139;139;139;139;144;144;144;144;144;150;150;150;150;150;152;153;155;156;158;159;161;162;164;166;167;169;171;172;174;176;178;179;181;183;185;187;189;190;192;194;196;198;200;202;204;206;208;210;212;215;217;219;221;223;226;228;230;232;235;237;239;242;244;247;249;252;254;257;259;262;264;267;270;273;275;278;281;284;286;289;292;295;298;301;304;307;310;313;316;320;323;326;329;333;336;339;343;346;349;353;356;360;364;367;371;375;378;382;386;390;394;398;402;406>,12,<49;49;49;49;49;55;55;55;55;55;60;60;60;60;60;65;65;65;65;65;70;70;70;70;70;76;76;76;76;76;81;81;81;81;81;86;86;86;86;86;92;92;92;92;92;97;97;97;97;97;102;102;102;102;102;107;107;107;107;107;113;113;113;113;113;118;118;118;118;118;123;123;123;123;123;128;128;128;128;128;134;134;134;134;134;139;139;139;139;139;144;144;144;144;144;150;150;150;150;150;152;153;155;156;158;159;161;162;164;166;167;169;171;172;174;176;178;179;181;183;185;187;189;190;192;194;196;198;200;202;204;206;208;210;212;215;217;219;221;223;226;228;230;232;235;237;239;242;244;247;249;252;254;257;259;262;264;267;270;273;275;278;281;284;286;289;292;295;298;301;304;307;310;313;316;320;323;326;329;333;336;339;343;346;349;353;356;360;364;367;371;375;378;382;386;390;394;398;402;406>,,{drawcard=zi_effect_loop}
40344,好战,好戰,Warlike,Warlike,전투광,Guerreiro,3,4,config/item/gem/icon_9_z_4.png,4,攻击向符石,攻擊向符石,Offensive-type,Offensive-type,공격 룬스톤,Tipo ofensivo,ประเภทรุก,9999,{529=80},100,4,1,<2218;2251;2285;2318;2351;2384;2418;2451;2484;2517;2573;2608;2644;2679;2715;2750;2786;2821;2857;2892;2972;3010;3048;3085;3123;3161;3198;3236;3274;3311;3416;3456;3496;3535;3575;3615;3655;3695;3735;3775;3992;4037;4081;4125;4170;4214;4259;4303;4347;4392;4658;4707;4755;4804;4853;4902;4951;4999;5048;5097;5412;5465;5518;5572;5625;5678;5731;5785;5838;5891;6255;6312;6370;6428;6485;6543;6601;6658;6716;6774;7186;7248;7311;7373;7435;7497;7559;7621;7683;7745;8207;8273;8340;8406;8473;8539;8606;8672;8739;8805;8893;8982;9072;9163;9254;9347;9440;9535;9630;9726;9823;9922;10021;10121;10222;10325;10428;10532;10637;10744;10851;10960;11069;11180;11292;11405;11519;11634;11750;11868;11986;12106;12227;12350;12473;12598;12724;12851;12980;13109;13241;13373;13507;13642;13778;13916;14055;14196;14338;14481;14626;14772;14920;15069;15220;15372;15526;15681;15838;15996;16156;16318;16481;16646;16812;16980;17150;17321;17495;17670;17846;18025;18205;18387;18571;18757;18944;19134;19325;19518;19713;19910;20110;20311;20514;20719;20926;21135;21347;21560;21776;21994;22214;22436;22660;22887;23115;23347;23580;23816>,7,<440;447;453;460;466;473;480;486;493;499;510;517;524;532;539;546;553;560;567;574;590;597;605;612;620;627;634;642;649;657;678;686;693;701;709;717;725;733;741;749;792;801;810;818;827;836;845;854;862;871;924;934;943;953;963;972;982;992;1001;1011;1074;1084;1095;1105;1116;1126;1137;1148;1158;1169;1241;1252;1264;1275;1287;1298;1309;1321;1332;1344;1426;1438;1450;1463;1475;1487;1500;1512;1524;1536;1628;1641;1654;1668;1681;1694;1707;1720;1734;1747;1764;1782;1800;1818;1836;1854;1873;1892;1911;1930;1949;1969;1988;2008;2028;2048;2069;2090;2111;2132;2153;2175;2196;2218;2240;2263;2285;2308;2331;2355;2378;2402;2426;2450;2475;2500;2525;2550;2575;2601;2627;2653;2680;2707;2734;2761;2789;2817;2845;2873;2902;2931;2960;2990;3020;3050;3080;3111;3142;3174;3206;3238;3270;3303;3336;3369;3403;3437;3471;3506;3541;3576;3612;3648;3685;3721;3759;3796;3834;3873;3911;3950;3990;4030;4070;4111;4152;4193;4235;4278;4321;4364;4407;4451;4496;4541;4586;4632;4679;4725>,8,<440;447;453;460;466;473;480;486;493;499;510;517;524;532;539;546;553;560;567;574;590;597;605;612;620;627;634;642;649;657;678;686;693;701;709;717;725;733;741;749;792;801;810;818;827;836;845;854;862;871;924;934;943;953;963;972;982;992;1001;1011;1074;1084;1095;1105;1116;1126;1137;1148;1158;1169;1241;1252;1264;1275;1287;1298;1309;1321;1332;1344;1426;1438;1450;1463;1475;1487;1500;1512;1524;1536;1628;1641;1654;1668;1681;1694;1707;1720;1734;1747;1764;1782;1800;1818;1836;1854;1873;1892;1911;1930;1949;1969;1988;2008;2028;2048;2069;2090;2111;2132;2153;2175;2196;2218;2240;2263;2285;2308;2331;2355;2378;2402;2426;2450;2475;2500;2525;2550;2575;2601;2627;2653;2680;2707;2734;2761;2789;2817;2845;2873;2902;2931;2960;2990;3020;3050;3080;3111;3142;3174;3206;3238;3270;3303;3336;3369;3403;3437;3471;3506;3541;3576;3612;3648;3685;3721;3759;3796;3834;3873;3911;3950;3990;4030;4070;4111;4152;4193;4235;4278;4321;4364;4407;4451;4496;4541;4586;4632;4679;4725>,90,<59;59;59;59;59;65;65;65;65;65;72;72;72;72;72;78;78;78;78;78;84;84;84;84;84;91;91;91;91;91;97;97;97;97;97;103;103;103;103;103;110;110;110;110;110;116;116;116;116;116;122;122;122;122;122;129;129;129;129;129;135;135;135;135;135;142;142;142;142;142;148;148;148;148;148;154;154;154;154;154;161;161;161;161;161;167;167;167;167;167;173;173;173;173;173;180;180;180;180;180;182;184;185;187;189;191;193;195;197;199;201;203;205;207;209;211;213;215;217;220;222;224;226;229;231;233;235;238;240;243;245;247;250;252;255;258;260;263;265;268;271;273;276;279;282;284;287;290;293;296;299;302;305;308;311;314;317;321;324;327;330;334;337;340;344;347;351;354;358;361;365;368;372;376;380;383;387;391;395;399;403;407;411;415;419;424;428;432;436;441;445;450;454;459;463;468;473;477;482;487>,0,<>,,{drawcard=zi_effect_loop}
40345,好战,好戰,Warlike,Warlike,전투광,Guerreiro,3,5,config/item/gem/icon_9_z_5.png,4,攻击向符石,攻擊向符石,Offensive-type,Offensive-type,공격 룬스톤,Tipo ofensivo,ประเภทรุก,9999,{529=80},100,4,7,<440;447;453;460;466;473;480;486;493;499;510;517;524;532;539;546;553;560;567;574;590;597;605;612;620;627;634;642;649;657;678;686;693;701;709;717;725;733;741;749;792;801;810;818;827;836;845;854;862;871;924;934;943;953;963;972;982;992;1001;1011;1074;1084;1095;1105;1116;1126;1137;1148;1158;1169;1241;1252;1264;1275;1287;1298;1309;1321;1332;1344;1426;1438;1450;1463;1475;1487;1500;1512;1524;1536;1628;1641;1654;1668;1681;1694;1707;1720;1734;1747;1764;1782;1800;1818;1836;1854;1873;1892;1911;1930;1949;1969;1988;2008;2028;2048;2069;2090;2111;2132;2153;2175;2196;2218;2240;2263;2285;2308;2331;2355;2378;2402;2426;2450;2475;2500;2525;2550;2575;2601;2627;2653;2680;2707;2734;2761;2789;2817;2845;2873;2902;2931;2960;2990;3020;3050;3080;3111;3142;3174;3206;3238;3270;3303;3336;3369;3403;3437;3471;3506;3541;3576;3612;3648;3685;3721;3759;3796;3834;3873;3911;3950;3990;4030;4070;4111;4152;4193;4235;4278;4321;4364;4407;4451;4496;4541;4586;4632;4679;4725>,8,<440;447;453;460;466;473;480;486;493;499;510;517;524;532;539;546;553;560;567;574;590;597;605;612;620;627;634;642;649;657;678;686;693;701;709;717;725;733;741;749;792;801;810;818;827;836;845;854;862;871;924;934;943;953;963;972;982;992;1001;1011;1074;1084;1095;1105;1116;1126;1137;1148;1158;1169;1241;1252;1264;1275;1287;1298;1309;1321;1332;1344;1426;1438;1450;1463;1475;1487;1500;1512;1524;1536;1628;1641;1654;1668;1681;1694;1707;1720;1734;1747;1764;1782;1800;1818;1836;1854;1873;1892;1911;1930;1949;1969;1988;2008;2028;2048;2069;2090;2111;2132;2153;2175;2196;2218;2240;2263;2285;2308;2331;2355;2378;2402;2426;2450;2475;2500;2525;2550;2575;2601;2627;2653;2680;2707;2734;2761;2789;2817;2845;2873;2902;2931;2960;2990;3020;3050;3080;3111;3142;3174;3206;3238;3270;3303;3336;3369;3403;3437;3471;3506;3541;3576;3612;3648;3685;3721;3759;3796;3834;3873;3911;3950;3990;4030;4070;4111;4152;4193;4235;4278;4321;4364;4407;4451;4496;4541;4586;4632;4679;4725>,9,<308;313;317;322;326;331;336;340;345;350;357;362;367;372;377;382;387;392;397;402;413;418;423;428;434;439;444;449;455;460;474;480;485;491;496;502;508;513;519;524;554;561;567;573;579;585;591;598;604;610;647;654;660;667;674;681;687;694;701;708;752;759;766;774;781;788;796;803;811;818;869;877;885;893;901;909;917;925;933;941;998;1007;1015;1024;1032;1041;1050;1058;1067;1076;1140;1149;1158;1167;1177;1186;1195;1204;1214;1223;1235;1248;1260;1273;1285;1298;1311;1324;1338;1351;1364;1378;1392;1406;1420;1434;1448;1463;1478;1492;1507;1522;1538;1553;1568;1584;1600;1616;1632;1648;1665;1682;1698;1715;1733;1750;1767;1785;1803;1821;1839;1857;1876;1895;1914;1933;1952;1972;1991;2011;2031;2052;2072;2093;2114;2135;2156;2178;2200;2222;2244;2266;2289;2312;2335;2359;2382;2406;2430;2454;2479;2504;2529;2554;2579;2605;2631;2658;2684;2711;2738;2766;2793;2821;2849;2878;2907;2936;2965;2995;3025;3055;3085;3116;3147;3179;3211;3243;3275;3308>,22,<30;30;30;30;30;33;33;33;33;33;36;36;36;36;36;39;39;39;39;39;42;42;42;42;42;45;45;45;45;45;49;49;49;49;49;52;52;52;52;52;55;55;55;55;55;58;58;58;58;58;61;61;61;61;61;64;64;64;64;64;68;68;68;68;68;71;71;71;71;71;74;74;74;74;74;77;77;77;77;77;80;80;80;80;80;83;83;83;83;83;87;87;87;87;87;90;90;90;90;90;91;92;93;94;95;96;96;97;98;99;100;101;102;103;104;106;107;108;109;110;111;112;113;114;115;117;118;119;120;121;123;124;125;126;127;129;130;131;133;134;135;137;138;139;141;142;144;145;147;148;149;151;153;154;156;157;159;160;162;164;165;167;168;170;172;174;175;177;179;181;182;184;186;188;190;192;194;196;198;200;201;204;206;208;210;212;214;216;218;220;223;225;227;229;232;234;236;239;241;243>,0,<>,,{drawcard=zi_effect_loop}
40346,好战,好戰,Warlike,Warlike,전투광,Guerreiro,3,6,config/item/gem/icon_9_z_6.png,4,攻击向符石,攻擊向符石,Offensive-type,Offensive-type,공격 룬스톤,Tipo ofensivo,ประเภทรุก,9999,{529=80},100,4,7,<440;447;453;460;466;473;480;486;493;499;510;517;524;532;539;546;553;560;567;574;590;597;605;612;620;627;634;642;649;657;678;686;693;701;709;717;725;733;741;749;792;801;810;818;827;836;845;854;862;871;924;934;943;953;963;972;982;992;1001;1011;1074;1084;1095;1105;1116;1126;1137;1148;1158;1169;1241;1252;1264;1275;1287;1298;1309;1321;1332;1344;1426;1438;1450;1463;1475;1487;1500;1512;1524;1536;1628;1641;1654;1668;1681;1694;1707;1720;1734;1747;1764;1782;1800;1818;1836;1854;1873;1892;1911;1930;1949;1969;1988;2008;2028;2048;2069;2090;2111;2132;2153;2175;2196;2218;2240;2263;2285;2308;2331;2355;2378;2402;2426;2450;2475;2500;2525;2550;2575;2601;2627;2653;2680;2707;2734;2761;2789;2817;2845;2873;2902;2931;2960;2990;3020;3050;3080;3111;3142;3174;3206;3238;3270;3303;3336;3369;3403;3437;3471;3506;3541;3576;3612;3648;3685;3721;3759;3796;3834;3873;3911;3950;3990;4030;4070;4111;4152;4193;4235;4278;4321;4364;4407;4451;4496;4541;4586;4632;4679;4725>,8,<440;447;453;460;466;473;480;486;493;499;510;517;524;532;539;546;553;560;567;574;590;597;605;612;620;627;634;642;649;657;678;686;693;701;709;717;725;733;741;749;792;801;810;818;827;836;845;854;862;871;924;934;943;953;963;972;982;992;1001;1011;1074;1084;1095;1105;1116;1126;1137;1148;1158;1169;1241;1252;1264;1275;1287;1298;1309;1321;1332;1344;1426;1438;1450;1463;1475;1487;1500;1512;1524;1536;1628;1641;1654;1668;1681;1694;1707;1720;1734;1747;1764;1782;1800;1818;1836;1854;1873;1892;1911;1930;1949;1969;1988;2008;2028;2048;2069;2090;2111;2132;2153;2175;2196;2218;2240;2263;2285;2308;2331;2355;2378;2402;2426;2450;2475;2500;2525;2550;2575;2601;2627;2653;2680;2707;2734;2761;2789;2817;2845;2873;2902;2931;2960;2990;3020;3050;3080;3111;3142;3174;3206;3238;3270;3303;3336;3369;3403;3437;3471;3506;3541;3576;3612;3648;3685;3721;3759;3796;3834;3873;3911;3950;3990;4030;4070;4111;4152;4193;4235;4278;4321;4364;4407;4451;4496;4541;4586;4632;4679;4725>,10,<308;313;317;322;326;331;336;340;345;350;357;362;367;372;377;382;387;392;397;402;413;418;423;428;434;439;444;449;455;460;474;480;485;491;496;502;508;513;519;524;554;561;567;573;579;585;591;598;604;610;647;654;660;667;674;681;687;694;701;708;752;759;766;774;781;788;796;803;811;818;869;877;885;893;901;909;917;925;933;941;998;1007;1015;1024;1032;1041;1050;1058;1067;1076;1140;1149;1158;1167;1177;1186;1195;1204;1214;1223;1235;1248;1260;1273;1285;1298;1311;1324;1338;1351;1364;1378;1392;1406;1420;1434;1448;1463;1478;1492;1507;1522;1538;1553;1568;1584;1600;1616;1632;1648;1665;1682;1698;1715;1733;1750;1767;1785;1803;1821;1839;1857;1876;1895;1914;1933;1952;1972;1991;2011;2031;2052;2072;2093;2114;2135;2156;2178;2200;2222;2244;2266;2289;2312;2335;2359;2382;2406;2430;2454;2479;2504;2529;2554;2579;2605;2631;2658;2684;2711;2738;2766;2793;2821;2849;2878;2907;2936;2965;2995;3025;3055;3085;3116;3147;3179;3211;3243;3275;3308>,23,<30;30;30;30;30;33;33;33;33;33;36;36;36;36;36;39;39;39;39;39;42;42;42;42;42;45;45;45;45;45;49;49;49;49;49;52;52;52;52;52;55;55;55;55;55;58;58;58;58;58;61;61;61;61;61;64;64;64;64;64;68;68;68;68;68;71;71;71;71;71;74;74;74;74;74;77;77;77;77;77;80;80;80;80;80;83;83;83;83;83;87;87;87;87;87;90;90;90;90;90;91;92;93;94;95;96;96;97;98;99;100;101;102;103;104;106;107;108;109;110;111;112;113;114;115;117;118;119;120;121;123;124;125;126;127;129;130;131;133;134;135;137;138;139;141;142;144;145;147;148;149;151;153;154;156;157;159;160;162;164;165;167;168;170;172;174;175;177;179;181;182;184;186;188;190;192;194;196;198;200;201;204;206;208;210;212;214;216;218;220;223;225;227;229;232;234;236;239;241;243>,0,<>,,{drawcard=zi_effect_loop}
40351,好战,好戰,Warlike,Warlike,전투광,Guerreiro,3,1,config/item/gem/icon_9_hu_1.png,5,攻击向符石,攻擊向符石,Offensive-type,Offensive-type,공격 룬스톤,Tipo ofensivo,ประเภทรุก,9999,{529=400},100,5,7,<680;690;700;711;721;731;741;751;762;772;789;800;811;821;832;843;854;865;876;887;911;923;934;946;957;969;981;992;1004;1015;1047;1059;1072;1084;1096;1108;1121;1133;1145;1157;1224;1238;1251;1265;1278;1292;1306;1319;1333;1346;1428;1443;1458;1473;1488;1503;1518;1533;1548;1563;1659;1676;1692;1708;1724;1741;1757;1773;1790;1806;1918;1935;1953;1971;1988;2006;2024;2041;2059;2077;2203;2222;2241;2260;2279;2298;2317;2336;2356;2375;2516;2536;2557;2577;2598;2618;2638;2659;2679;2700;2727;2754;2782;2810;2838;2866;2895;2924;2953;2982;3012;3042;3073;3104;3135;3166;3198;3230;3262;3295;3327;3361;3394;3428;3463;3497;3532;3567;3603;3639;3676;3712;3749;3787;3825;3863;3902;3941;3980;4020;4060;4101;4142;4183;4225;4267;4310;4353;4397;4441;4485;4530;4575;4621;4667;4714;4761;4808;4857;4905;4954;5004;5054;5104;5155;5207;5259;5311;5365;5418;5472;5527;5582;5638;5695;5752;5809;5867;5926;5985;6045;6105;6166;6228;6290;6353;6417;6481;6546;6611;6677;6744;6812;6880;6949;7018;7088;7159;7231;7303>,8,<680;690;700;711;721;731;741;751;762;772;789;800;811;821;832;843;854;865;876;887;911;923;934;946;957;969;981;992;1004;1015;1047;1059;1072;1084;1096;1108;1121;1133;1145;1157;1224;1238;1251;1265;1278;1292;1306;1319;1333;1346;1428;1443;1458;1473;1488;1503;1518;1533;1548;1563;1659;1676;1692;1708;1724;1741;1757;1773;1790;1806;1918;1935;1953;1971;1988;2006;2024;2041;2059;2077;2203;2222;2241;2260;2279;2298;2317;2336;2356;2375;2516;2536;2557;2577;2598;2618;2638;2659;2679;2700;2727;2754;2782;2810;2838;2866;2895;2924;2953;2982;3012;3042;3073;3104;3135;3166;3198;3230;3262;3295;3327;3361;3394;3428;3463;3497;3532;3567;3603;3639;3676;3712;3749;3787;3825;3863;3902;3941;3980;4020;4060;4101;4142;4183;4225;4267;4310;4353;4397;4441;4485;4530;4575;4621;4667;4714;4761;4808;4857;4905;4954;5004;5054;5104;5155;5207;5259;5311;5365;5418;5472;5527;5582;5638;5695;5752;5809;5867;5926;5985;6045;6105;6166;6228;6290;6353;6417;6481;6546;6611;6677;6744;6812;6880;6949;7018;7088;7159;7231;7303>,14,<76;76;76;76;76;84;84;84;84;84;92;92;92;92;92;101;101;101;101;101;109;109;109;109;109;117;117;117;117;117;125;125;125;125;125;133;133;133;133;133;141;141;141;141;141;150;150;150;150;150;158;158;158;158;158;166;166;166;166;166;174;174;174;174;174;182;182;182;182;182;190;190;190;190;190;199;199;199;199;199;207;207;207;207;207;215;215;215;215;215;223;223;223;223;223;231;231;231;231;231;233;236;238;240;243;245;248;250;253;255;258;260;263;266;268;271;274;276;279;282;285;288;290;293;296;299;302;305;308;311;314;318;321;324;327;331;334;337;341;344;347;351;354;358;361;365;369;372;376;380;384;388;391;395;399;403;407;411;416;420;424;428;432;437;441;445;450;454;459;464;468;473;478;482;487;492;497;502;507;512;517;522;528;533;538;544;549;554;560;566;571;577;583;589;594;600;606;613;619;625>,0,<>,0,<>,,{drawcard=huang_effect_loop}
40352,好战,好戰,Warlike,Warlike,전투광,Guerreiro,3,2,config/item/gem/icon_9_hu_2.png,5,攻击向符石,攻擊向符石,Offensive-type,Offensive-type,공격 룬스톤,Tipo ofensivo,ประเภทรุก,9999,{529=400},100,5,7,<680;690;700;711;721;731;741;751;762;772;789;800;811;821;832;843;854;865;876;887;911;923;934;946;957;969;981;992;1004;1015;1047;1059;1072;1084;1096;1108;1121;1133;1145;1157;1224;1238;1251;1265;1278;1292;1306;1319;1333;1346;1428;1443;1458;1473;1488;1503;1518;1533;1548;1563;1659;1676;1692;1708;1724;1741;1757;1773;1790;1806;1918;1935;1953;1971;1988;2006;2024;2041;2059;2077;2203;2222;2241;2260;2279;2298;2317;2336;2356;2375;2516;2536;2557;2577;2598;2618;2638;2659;2679;2700;2727;2754;2782;2810;2838;2866;2895;2924;2953;2982;3012;3042;3073;3104;3135;3166;3198;3230;3262;3295;3327;3361;3394;3428;3463;3497;3532;3567;3603;3639;3676;3712;3749;3787;3825;3863;3902;3941;3980;4020;4060;4101;4142;4183;4225;4267;4310;4353;4397;4441;4485;4530;4575;4621;4667;4714;4761;4808;4857;4905;4954;5004;5054;5104;5155;5207;5259;5311;5365;5418;5472;5527;5582;5638;5695;5752;5809;5867;5926;5985;6045;6105;6166;6228;6290;6353;6417;6481;6546;6611;6677;6744;6812;6880;6949;7018;7088;7159;7231;7303>,8,<680;690;700;711;721;731;741;751;762;772;789;800;811;821;832;843;854;865;876;887;911;923;934;946;957;969;981;992;1004;1015;1047;1059;1072;1084;1096;1108;1121;1133;1145;1157;1224;1238;1251;1265;1278;1292;1306;1319;1333;1346;1428;1443;1458;1473;1488;1503;1518;1533;1548;1563;1659;1676;1692;1708;1724;1741;1757;1773;1790;1806;1918;1935;1953;1971;1988;2006;2024;2041;2059;2077;2203;2222;2241;2260;2279;2298;2317;2336;2356;2375;2516;2536;2557;2577;2598;2618;2638;2659;2679;2700;2727;2754;2782;2810;2838;2866;2895;2924;2953;2982;3012;3042;3073;3104;3135;3166;3198;3230;3262;3295;3327;3361;3394;3428;3463;3497;3532;3567;3603;3639;3676;3712;3749;3787;3825;3863;3902;3941;3980;4020;4060;4101;4142;4183;4225;4267;4310;4353;4397;4441;4485;4530;4575;4621;4667;4714;4761;4808;4857;4905;4954;5004;5054;5104;5155;5207;5259;5311;5365;5418;5472;5527;5582;5638;5695;5752;5809;5867;5926;5985;6045;6105;6166;6228;6290;6353;6417;6481;6546;6611;6677;6744;6812;6880;6949;7018;7088;7159;7231;7303>,15,<114;114;114;114;114;126;126;126;126;126;139;139;139;139;139;151;151;151;151;151;163;163;163;163;163;175;175;175;175;175;188;188;188;188;188;200;200;200;200;200;212;212;212;212;212;224;224;224;224;224;237;237;237;237;237;249;249;249;249;249;261;261;261;261;261;273;273;273;273;273;286;286;286;286;286;298;298;298;298;298;310;310;310;310;310;322;322;322;322;322;335;335;335;335;335;347;347;347;347;347;350;354;358;361;365;368;372;376;380;383;387;391;395;399;403;407;411;415;419;423;428;432;436;441;445;449;454;458;463;468;472;477;482;487;492;496;501;506;512;517;522;527;532;538;543;548;554;559;565;571;576;582;588;594;600;606;612;618;624;630;637;643;649;656;663;669;676;683;689;696;703;710;717;725;732;739;747;754;762;769;777;785;793;800;808;817;825;833;841;850;858;867;875;884;893;902;911;920;929;939>,0,<>,0,<>,,{drawcard=huang_effect_loop}
40353,好战,好戰,Warlike,Warlike,전투광,Guerreiro,3,3,config/item/gem/icon_9_hu_3.png,5,攻击向符石,攻擊向符石,Offensive-type,Offensive-type,공격 룬스톤,Tipo ofensivo,ประเภทรุก,9999,{529=400},100,5,1,<3427;3478;3530;3581;3633;3684;3735;3787;3838;3890;3975;4030;4085;4140;4195;4249;4304;4359;4414;4469;4592;4650;4709;4767;4825;4883;4942;5000;5058;5117;5278;5339;5401;5463;5524;5586;5648;5709;5771;5833;6169;6237;6306;6374;6443;6511;6580;6648;6717;6785;7197;7272;7347;7423;7498;7574;7649;7724;7800;7875;8362;8444;8526;8609;8691;8773;8855;8938;9020;9102;9664;9753;9842;9931;10021;10110;10199;10288;10377;10466;11103;11199;11295;11391;11487;11583;11679;11775;11871;11967;12680;12783;12886;12988;13091;13194;13297;13400;13502;13605;13741;13878;14017;14157;14299;14442;14586;14732;14880;15028;15179;15330;15484;15639;15795;15953;16112;16274;16436;16601;16767;16934;17104;17275;17447;17622;17798;17976;18156;18337;18521;18706;18893;19082;19273;19466;19660;19857;20055;20256;20459;20663;20870;21078;21289;21502;21717;21934;22154;22375;22599;22825;23053;23284;23517;23752;23989;24229;24471;24716;24963;25213;25465;25720;25977;26237;26499;26764;27032;27302;27575;27851;28129;28411;28695;28982;29271;29564;29860;30158;30460;30765;31072;31383;31697;32014;32334;32657;32984;33314;33647;33983;34323;34666;35013;35363;35717;36074;36435;36799>,7,<680;690;700;711;721;731;741;751;762;772;789;800;811;821;832;843;854;865;876;887;911;923;934;946;957;969;981;992;1004;1015;1047;1059;1072;1084;1096;1108;1121;1133;1145;1157;1224;1238;1251;1265;1278;1292;1306;1319;1333;1346;1428;1443;1458;1473;1488;1503;1518;1533;1548;1563;1659;1676;1692;1708;1724;1741;1757;1773;1790;1806;1918;1935;1953;1971;1988;2006;2024;2041;2059;2077;2203;2222;2241;2260;2279;2298;2317;2336;2356;2375;2516;2536;2557;2577;2598;2618;2638;2659;2679;2700;2727;2754;2782;2810;2838;2866;2895;2924;2953;2982;3012;3042;3073;3104;3135;3166;3198;3230;3262;3295;3327;3361;3394;3428;3463;3497;3532;3567;3603;3639;3676;3712;3749;3787;3825;3863;3902;3941;3980;4020;4060;4101;4142;4183;4225;4267;4310;4353;4397;4441;4485;4530;4575;4621;4667;4714;4761;4808;4857;4905;4954;5004;5054;5104;5155;5207;5259;5311;5365;5418;5472;5527;5582;5638;5695;5752;5809;5867;5926;5985;6045;6105;6166;6228;6290;6353;6417;6481;6546;6611;6677;6744;6812;6880;6949;7018;7088;7159;7231;7303>,8,<680;690;700;711;721;731;741;751;762;772;789;800;811;821;832;843;854;865;876;887;911;923;934;946;957;969;981;992;1004;1015;1047;1059;1072;1084;1096;1108;1121;1133;1145;1157;1224;1238;1251;1265;1278;1292;1306;1319;1333;1346;1428;1443;1458;1473;1488;1503;1518;1533;1548;1563;1659;1676;1692;1708;1724;1741;1757;1773;1790;1806;1918;1935;1953;1971;1988;2006;2024;2041;2059;2077;2203;2222;2241;2260;2279;2298;2317;2336;2356;2375;2516;2536;2557;2577;2598;2618;2638;2659;2679;2700;2727;2754;2782;2810;2838;2866;2895;2924;2953;2982;3012;3042;3073;3104;3135;3166;3198;3230;3262;3295;3327;3361;3394;3428;3463;3497;3532;3567;3603;3639;3676;3712;3749;3787;3825;3863;3902;3941;3980;4020;4060;4101;4142;4183;4225;4267;4310;4353;4397;4441;4485;4530;4575;4621;4667;4714;4761;4808;4857;4905;4954;5004;5054;5104;5155;5207;5259;5311;5365;5418;5472;5527;5582;5638;5695;5752;5809;5867;5926;5985;6045;6105;6166;6228;6290;6353;6417;6481;6546;6611;6677;6744;6812;6880;6949;7018;7088;7159;7231;7303>,11,<76;76;76;76;76;84;84;84;84;84;92;92;92;92;92;101;101;101;101;101;109;109;109;109;109;117;117;117;117;117;125;125;125;125;125;133;133;133;133;133;141;141;141;141;141;150;150;150;150;150;158;158;158;158;158;166;166;166;166;166;174;174;174;174;174;182;182;182;182;182;190;190;190;190;190;199;199;199;199;199;207;207;207;207;207;215;215;215;215;215;223;223;223;223;223;231;231;231;231;231;233;236;238;240;243;245;248;250;253;255;258;260;263;266;268;271;274;276;279;282;285;288;290;293;296;299;302;305;308;311;314;318;321;324;327;331;334;337;341;344;347;351;354;358;361;365;369;372;376;380;384;388;391;395;399;403;407;411;416;420;424;428;432;437;441;445;450;454;459;464;468;473;478;482;487;492;497;502;507;512;517;522;528;533;538;544;549;554;560;566;571;577;583;589;594;600;606;613;619;625>,12,<76;76;76;76;76;84;84;84;84;84;92;92;92;92;92;101;101;101;101;101;109;109;109;109;109;117;117;117;117;117;125;125;125;125;125;133;133;133;133;133;141;141;141;141;141;150;150;150;150;150;158;158;158;158;158;166;166;166;166;166;174;174;174;174;174;182;182;182;182;182;190;190;190;190;190;199;199;199;199;199;207;207;207;207;207;215;215;215;215;215;223;223;223;223;223;231;231;231;231;231;233;236;238;240;243;245;248;250;253;255;258;260;263;266;268;271;274;276;279;282;285;288;290;293;296;299;302;305;308;311;314;318;321;324;327;331;334;337;341;344;347;351;354;358;361;365;369;372;376;380;384;388;391;395;399;403;407;411;416;420;424;428;432;437;441;445;450;454;459;464;468;473;478;482;487;492;497;502;507;512;517;522;528;533;538;544;549;554;560;566;571;577;583;589;594;600;606;613;619;625>,,{drawcard=huang_effect_loop}
40354,好战,好戰,Warlike,Warlike,전투광,Guerreiro,3,4,config/item/gem/icon_9_hu_4.png,5,攻击向符石,攻擊向符石,Offensive-type,Offensive-type,공격 룬스톤,Tipo ofensivo,ประเภทรุก,9999,{529=400},100,5,1,<3427;3478;3530;3581;3633;3684;3735;3787;3838;3890;3975;4030;4085;4140;4195;4249;4304;4359;4414;4469;4592;4650;4709;4767;4825;4883;4942;5000;5058;5117;5278;5339;5401;5463;5524;5586;5648;5709;5771;5833;6169;6237;6306;6374;6443;6511;6580;6648;6717;6785;7197;7272;7347;7423;7498;7574;7649;7724;7800;7875;8362;8444;8526;8609;8691;8773;8855;8938;9020;9102;9664;9753;9842;9931;10021;10110;10199;10288;10377;10466;11103;11199;11295;11391;11487;11583;11679;11775;11871;11967;12680;12783;12886;12988;13091;13194;13297;13400;13502;13605;13741;13878;14017;14157;14299;14442;14586;14732;14880;15028;15179;15330;15484;15639;15795;15953;16112;16274;16436;16601;16767;16934;17104;17275;17447;17622;17798;17976;18156;18337;18521;18706;18893;19082;19273;19466;19660;19857;20055;20256;20459;20663;20870;21078;21289;21502;21717;21934;22154;22375;22599;22825;23053;23284;23517;23752;23989;24229;24471;24716;24963;25213;25465;25720;25977;26237;26499;26764;27032;27302;27575;27851;28129;28411;28695;28982;29271;29564;29860;30158;30460;30765;31072;31383;31697;32014;32334;32657;32984;33314;33647;33983;34323;34666;35013;35363;35717;36074;36435;36799>,7,<680;690;700;711;721;731;741;751;762;772;789;800;811;821;832;843;854;865;876;887;911;923;934;946;957;969;981;992;1004;1015;1047;1059;1072;1084;1096;1108;1121;1133;1145;1157;1224;1238;1251;1265;1278;1292;1306;1319;1333;1346;1428;1443;1458;1473;1488;1503;1518;1533;1548;1563;1659;1676;1692;1708;1724;1741;1757;1773;1790;1806;1918;1935;1953;1971;1988;2006;2024;2041;2059;2077;2203;2222;2241;2260;2279;2298;2317;2336;2356;2375;2516;2536;2557;2577;2598;2618;2638;2659;2679;2700;2727;2754;2782;2810;2838;2866;2895;2924;2953;2982;3012;3042;3073;3104;3135;3166;3198;3230;3262;3295;3327;3361;3394;3428;3463;3497;3532;3567;3603;3639;3676;3712;3749;3787;3825;3863;3902;3941;3980;4020;4060;4101;4142;4183;4225;4267;4310;4353;4397;4441;4485;4530;4575;4621;4667;4714;4761;4808;4857;4905;4954;5004;5054;5104;5155;5207;5259;5311;5365;5418;5472;5527;5582;5638;5695;5752;5809;5867;5926;5985;6045;6105;6166;6228;6290;6353;6417;6481;6546;6611;6677;6744;6812;6880;6949;7018;7088;7159;7231;7303>,8,<680;690;700;711;721;731;741;751;762;772;789;800;811;821;832;843;854;865;876;887;911;923;934;946;957;969;981;992;1004;1015;1047;1059;1072;1084;1096;1108;1121;1133;1145;1157;1224;1238;1251;1265;1278;1292;1306;1319;1333;1346;1428;1443;1458;1473;1488;1503;1518;1533;1548;1563;1659;1676;1692;1708;1724;1741;1757;1773;1790;1806;1918;1935;1953;1971;1988;2006;2024;2041;2059;2077;2203;2222;2241;2260;2279;2298;2317;2336;2356;2375;2516;2536;2557;2577;2598;2618;2638;2659;2679;2700;2727;2754;2782;2810;2838;2866;2895;2924;2953;2982;3012;3042;3073;3104;3135;3166;3198;3230;3262;3295;3327;3361;3394;3428;3463;3497;3532;3567;3603;3639;3676;3712;3749;3787;3825;3863;3902;3941;3980;4020;4060;4101;4142;4183;4225;4267;4310;4353;4397;4441;4485;4530;4575;4621;4667;4714;4761;4808;4857;4905;4954;5004;5054;5104;5155;5207;5259;5311;5365;5418;5472;5527;5582;5638;5695;5752;5809;5867;5926;5985;6045;6105;6166;6228;6290;6353;6417;6481;6546;6611;6677;6744;6812;6880;6949;7018;7088;7159;7231;7303>,90,<91;91;91;91;91;101;101;101;101;101;111;111;111;111;111;121;121;121;121;121;131;131;131;131;131;140;140;140;140;140;150;150;150;150;150;160;160;160;160;160;170;170;170;170;170;180;180;180;180;180;189;189;189;189;189;199;199;199;199;199;209;209;209;209;209;219;219;219;219;219;228;228;228;228;228;238;238;238;238;238;248;248;248;248;248;258;258;258;258;258;268;268;268;268;268;277;277;277;277;277;280;283;285;288;291;294;297;300;303;306;309;312;315;318;322;325;328;331;335;338;341;345;348;352;355;359;362;366;370;373;377;381;385;389;392;396;400;404;408;412;417;421;425;429;433;438;442;447;451;456;460;465;469;474;479;484;488;493;498;503;508;513;518;524;529;534;540;545;550;556;561;567;573;578;584;590;596;602;608;614;620;626;633;639;645;652;658;665;672;678;685;692;699;706;713;720;727;734;742;749>,0,<>,,{drawcard=huang_effect_loop}
40355,好战,好戰,Warlike,Warlike,전투광,Guerreiro,3,5,config/item/gem/icon_9_hu_5.png,5,攻击向符石,攻擊向符石,Offensive-type,Offensive-type,공격 룬스톤,Tipo ofensivo,ประเภทรุก,9999,{529=400},100,5,7,<680;690;700;711;721;731;741;751;762;772;789;800;811;821;832;843;854;865;876;887;911;923;934;946;957;969;981;992;1004;1015;1047;1059;1072;1084;1096;1108;1121;1133;1145;1157;1224;1238;1251;1265;1278;1292;1306;1319;1333;1346;1428;1443;1458;1473;1488;1503;1518;1533;1548;1563;1659;1676;1692;1708;1724;1741;1757;1773;1790;1806;1918;1935;1953;1971;1988;2006;2024;2041;2059;2077;2203;2222;2241;2260;2279;2298;2317;2336;2356;2375;2516;2536;2557;2577;2598;2618;2638;2659;2679;2700;2727;2754;2782;2810;2838;2866;2895;2924;2953;2982;3012;3042;3073;3104;3135;3166;3198;3230;3262;3295;3327;3361;3394;3428;3463;3497;3532;3567;3603;3639;3676;3712;3749;3787;3825;3863;3902;3941;3980;4020;4060;4101;4142;4183;4225;4267;4310;4353;4397;4441;4485;4530;4575;4621;4667;4714;4761;4808;4857;4905;4954;5004;5054;5104;5155;5207;5259;5311;5365;5418;5472;5527;5582;5638;5695;5752;5809;5867;5926;5985;6045;6105;6166;6228;6290;6353;6417;6481;6546;6611;6677;6744;6812;6880;6949;7018;7088;7159;7231;7303>,8,<680;690;700;711;721;731;741;751;762;772;789;800;811;821;832;843;854;865;876;887;911;923;934;946;957;969;981;992;1004;1015;1047;1059;1072;1084;1096;1108;1121;1133;1145;1157;1224;1238;1251;1265;1278;1292;1306;1319;1333;1346;1428;1443;1458;1473;1488;1503;1518;1533;1548;1563;1659;1676;1692;1708;1724;1741;1757;1773;1790;1806;1918;1935;1953;1971;1988;2006;2024;2041;2059;2077;2203;2222;2241;2260;2279;2298;2317;2336;2356;2375;2516;2536;2557;2577;2598;2618;2638;2659;2679;2700;2727;2754;2782;2810;2838;2866;2895;2924;2953;2982;3012;3042;3073;3104;3135;3166;3198;3230;3262;3295;3327;3361;3394;3428;3463;3497;3532;3567;3603;3639;3676;3712;3749;3787;3825;3863;3902;3941;3980;4020;4060;4101;4142;4183;4225;4267;4310;4353;4397;4441;4485;4530;4575;4621;4667;4714;4761;4808;4857;4905;4954;5004;5054;5104;5155;5207;5259;5311;5365;5418;5472;5527;5582;5638;5695;5752;5809;5867;5926;5985;6045;6105;6166;6228;6290;6353;6417;6481;6546;6611;6677;6744;6812;6880;6949;7018;7088;7159;7231;7303>,9,<476;483;490;497;505;512;519;526;533;540;552;560;567;575;583;590;598;605;613;621;638;646;654;662;670;678;686;694;703;711;733;742;750;759;767;776;784;793;802;810;857;866;876;885;895;904;914;923;933;942;1000;1010;1021;1031;1041;1052;1062;1073;1083;1094;1161;1173;1184;1196;1207;1219;1230;1241;1253;1264;1342;1355;1367;1379;1392;1404;1417;1429;1441;1454;1542;1556;1569;1582;1596;1609;1622;1636;1649;1662;1761;1775;1790;1804;1818;1833;1847;1861;1875;1890;1909;1928;1947;1967;1986;2006;2026;2047;2067;2088;2109;2130;2151;2173;2194;2216;2238;2261;2283;2306;2329;2353;2376;2400;2424;2448;2473;2497;2522;2547;2573;2599;2625;2651;2677;2704;2731;2759;2786;2814;2842;2871;2899;2928;2957;2987;3017;3047;3078;3108;3139;3171;3203;3235;3267;3300;3333;3366;3400;3434;3468;3503;3538;3573;3609;3645;3681;3718;3755;3793;3831;3869;3908;3947;3986;4026;4066;4107;4148;4190;4231;4274;4317;4360;4403;4447;4492;4537;4582;4628;4674;4721;4768;4816;4864;4913;4962;5011;5061;5112>,22,<46;46;46;46;46;51;51;51;51;51;55;55;55;55;55;60;60;60;60;60;65;65;65;65;65;70;70;70;70;70;75;75;75;75;75;80;80;80;80;80;85;85;85;85;85;90;90;90;90;90;95;95;95;95;95;100;100;100;100;100;104;104;104;104;104;109;109;109;109;109;114;114;114;114;114;119;119;119;119;119;124;124;124;124;124;129;129;129;129;129;134;134;134;134;134;139;139;139;139;139;140;142;143;145;146;148;149;151;152;154;155;157;158;160;161;163;165;166;168;170;171;173;175;176;178;180;182;184;185;187;189;191;193;195;197;199;201;203;205;207;209;211;213;215;218;220;222;224;226;229;231;233;236;238;240;243;245;248;250;253;255;258;260;263;265;268;271;273;276;279;282;285;287;290;293;296;299;302;305;308;311;314;317;321;324;327;330;334;337;340;344;347;351;354;358;361;365;369;372;376>,0,<>,,{drawcard=huang_effect_loop}
40356,好战,好戰,Warlike,Warlike,전투광,Guerreiro,3,6,config/item/gem/icon_9_hu_6.png,5,攻击向符石,攻擊向符石,Offensive-type,Offensive-type,공격 룬스톤,Tipo ofensivo,ประเภทรุก,9999,{529=400},100,5,7,<680;690;700;711;721;731;741;751;762;772;789;800;811;821;832;843;854;865;876;887;911;923;934;946;957;969;981;992;1004;1015;1047;1059;1072;1084;1096;1108;1121;1133;1145;1157;1224;1238;1251;1265;1278;1292;1306;1319;1333;1346;1428;1443;1458;1473;1488;1503;1518;1533;1548;1563;1659;1676;1692;1708;1724;1741;1757;1773;1790;1806;1918;1935;1953;1971;1988;2006;2024;2041;2059;2077;2203;2222;2241;2260;2279;2298;2317;2336;2356;2375;2516;2536;2557;2577;2598;2618;2638;2659;2679;2700;2727;2754;2782;2810;2838;2866;2895;2924;2953;2982;3012;3042;3073;3104;3135;3166;3198;3230;3262;3295;3327;3361;3394;3428;3463;3497;3532;3567;3603;3639;3676;3712;3749;3787;3825;3863;3902;3941;3980;4020;4060;4101;4142;4183;4225;4267;4310;4353;4397;4441;4485;4530;4575;4621;4667;4714;4761;4808;4857;4905;4954;5004;5054;5104;5155;5207;5259;5311;5365;5418;5472;5527;5582;5638;5695;5752;5809;5867;5926;5985;6045;6105;6166;6228;6290;6353;6417;6481;6546;6611;6677;6744;6812;6880;6949;7018;7088;7159;7231;7303>,8,<680;690;700;711;721;731;741;751;762;772;789;800;811;821;832;843;854;865;876;887;911;923;934;946;957;969;981;992;1004;1015;1047;1059;1072;1084;1096;1108;1121;1133;1145;1157;1224;1238;1251;1265;1278;1292;1306;1319;1333;1346;1428;1443;1458;1473;1488;1503;1518;1533;1548;1563;1659;1676;1692;1708;1724;1741;1757;1773;1790;1806;1918;1935;1953;1971;1988;2006;2024;2041;2059;2077;2203;2222;2241;2260;2279;2298;2317;2336;2356;2375;2516;2536;2557;2577;2598;2618;2638;2659;2679;2700;2727;2754;2782;2810;2838;2866;2895;2924;2953;2982;3012;3042;3073;3104;3135;3166;3198;3230;3262;3295;3327;3361;3394;3428;3463;3497;3532;3567;3603;3639;3676;3712;3749;3787;3825;3863;3902;3941;3980;4020;4060;4101;4142;4183;4225;4267;4310;4353;4397;4441;4485;4530;4575;4621;4667;4714;4761;4808;4857;4905;4954;5004;5054;5104;5155;5207;5259;5311;5365;5418;5472;5527;5582;5638;5695;5752;5809;5867;5926;5985;6045;6105;6166;6228;6290;6353;6417;6481;6546;6611;6677;6744;6812;6880;6949;7018;7088;7159;7231;7303>,10,<476;483;490;497;505;512;519;526;533;540;552;560;567;575;583;590;598;605;613;621;638;646;654;662;670;678;686;694;703;711;733;742;750;759;767;776;784;793;802;810;857;866;876;885;895;904;914;923;933;942;1000;1010;1021;1031;1041;1052;1062;1073;1083;1094;1161;1173;1184;1196;1207;1219;1230;1241;1253;1264;1342;1355;1367;1379;1392;1404;1417;1429;1441;1454;1542;1556;1569;1582;1596;1609;1622;1636;1649;1662;1761;1775;1790;1804;1818;1833;1847;1861;1875;1890;1909;1928;1947;1967;1986;2006;2026;2047;2067;2088;2109;2130;2151;2173;2194;2216;2238;2261;2283;2306;2329;2353;2376;2400;2424;2448;2473;2497;2522;2547;2573;2599;2625;2651;2677;2704;2731;2759;2786;2814;2842;2871;2899;2928;2957;2987;3017;3047;3078;3108;3139;3171;3203;3235;3267;3300;3333;3366;3400;3434;3468;3503;3538;3573;3609;3645;3681;3718;3755;3793;3831;3869;3908;3947;3986;4026;4066;4107;4148;4190;4231;4274;4317;4360;4403;4447;4492;4537;4582;4628;4674;4721;4768;4816;4864;4913;4962;5011;5061;5112>,23,<46;46;46;46;46;51;51;51;51;51;55;55;55;55;55;60;60;60;60;60;65;65;65;65;65;70;70;70;70;70;75;75;75;75;75;80;80;80;80;80;85;85;85;85;85;90;90;90;90;90;95;95;95;95;95;100;100;100;100;100;104;104;104;104;104;109;109;109;109;109;114;114;114;114;114;119;119;119;119;119;124;124;124;124;124;129;129;129;129;129;134;134;134;134;134;139;139;139;139;139;140;142;143;145;146;148;149;151;152;154;155;157;158;160;161;163;165;166;168;170;171;173;175;176;178;180;182;184;185;187;189;191;193;195;197;199;201;203;205;207;209;211;213;215;218;220;222;224;226;229;231;233;236;238;240;243;245;248;250;253;255;258;260;263;265;268;271;273;276;279;282;285;287;290;293;296;299;302;305;308;311;314;317;321;324;327;330;334;337;340;344;347;351;354;358;361;365;369;372;376>,0,<>,,{drawcard=huang_effect_loop}
40361,好战,好戰,Warlike,Warlike,전투광,Guerreiro,3,1,config/item/gem/icon_9_h_1.png,6,攻击向符石,攻擊向符石,Offensive-type,Offensive-type,공격 룬스톤,Tipo ofensivo,ประเภทรุก,9999,{529=2000},100,6,7,<1000;1015;1030;1045;1060;1075;1090;1105;1120;1135;1160;1176;1192;1208;1224;1240;1256;1272;1288;1304;1340;1357;1374;1391;1408;1425;1442;1459;1476;1493;1540;1558;1576;1594;1612;1630;1648;1666;1684;1702;1960;1984;2008;2032;2056;2080;2104;2128;2152;2176;2300;2326;2352;2378;2404;2430;2456;2482;2508;2534;2680;2708;2736;2764;2792;2820;2848;2876;2904;2932;3100;3130;3160;3190;3220;3250;3280;3310;3340;3370;3560;3592;3624;3656;3688;3720;3752;3784;3816;3848;3880;3912;3944;3976;4008;4040;4072;4104;4136;4168;4210;4252;4294;4337;4381;4424;4469;4513;4558;4604;4650;4697;4744;4791;4839;4887;4936;4986;5035;5086;5137;5188;5240;5292;5345;5399;5453;5507;5562;5618;5674;5731;5788;5846;5904;5963;6023;6083;6144;6206;6268;6330;6394;6458;6522;6587;6653;6720;6787;6855;6923;6993;7063;7133;7204;7277;7349;7423;7497;7572;7648;7724;7801;7879;7958;8038;8118;8199;8281;8364;8448;8532;8618;8704;8791;8879;8968;9057;9148;9239;9332;9425;9519;9614;9711;9808;9906;10005;10105;10206;10308;10411;10515;10620;10727;10834;10942;11052;11162;11274>,8,<1000;1015;1030;1045;1060;1075;1090;1105;1120;1135;1160;1176;1192;1208;1224;1240;1256;1272;1288;1304;1340;1357;1374;1391;1408;1425;1442;1459;1476;1493;1540;1558;1576;1594;1612;1630;1648;1666;1684;1702;1960;1984;2008;2032;2056;2080;2104;2128;2152;2176;2300;2326;2352;2378;2404;2430;2456;2482;2508;2534;2680;2708;2736;2764;2792;2820;2848;2876;2904;2932;3100;3130;3160;3190;3220;3250;3280;3310;3340;3370;3560;3592;3624;3656;3688;3720;3752;3784;3816;3848;3880;3912;3944;3976;4008;4040;4072;4104;4136;4168;4210;4252;4294;4337;4381;4424;4469;4513;4558;4604;4650;4697;4744;4791;4839;4887;4936;4986;5035;5086;5137;5188;5240;5292;5345;5399;5453;5507;5562;5618;5674;5731;5788;5846;5904;5963;6023;6083;6144;6206;6268;6330;6394;6458;6522;6587;6653;6720;6787;6855;6923;6993;7063;7133;7204;7277;7349;7423;7497;7572;7648;7724;7801;7879;7958;8038;8118;8199;8281;8364;8448;8532;8618;8704;8791;8879;8968;9057;9148;9239;9332;9425;9519;9614;9711;9808;9906;10005;10105;10206;10308;10411;10515;10620;10727;10834;10942;11052;11162;11274>,14,<112;112;112;112;112;124;124;124;124;124;136;136;136;136;136;148;148;148;148;148;160;160;160;160;160;172;172;172;172;172;184;184;184;184;184;196;196;196;196;196;208;208;208;208;208;220;220;220;220;220;232;232;232;232;232;244;244;244;244;244;256;256;256;256;256;268;268;268;268;268;280;280;280;280;280;292;292;292;292;292;304;304;304;304;304;316;316;316;316;316;328;328;328;328;328;340;340;340;340;340;343;347;350;354;357;361;365;368;372;376;379;383;387;391;395;399;403;407;411;415;419;423;427;432;436;440;445;449;454;458;463;467;472;477;482;486;491;496;501;506;511;516;522;527;532;537;543;548;554;559;565;570;576;582;588;594;600;606;612;618;624;630;636;643;649;656;662;669;676;682;689;696;703;710;717;724;732;739;746;754;761;769;777;784;792;800;808;816;824;833;841;849;858;866;875;884;893;902;911;920>,0,<>,0,<>,,{drawcard=hong_effect_loop}
40362,好战,好戰,Warlike,Warlike,전투광,Guerreiro,3,2,config/item/gem/icon_9_h_2.png,6,攻击向符石,攻擊向符石,Offensive-type,Offensive-type,공격 룬스톤,Tipo ofensivo,ประเภทรุก,9999,{529=2000},100,6,7,<1000;1015;1030;1045;1060;1075;1090;1105;1120;1135;1160;1176;1192;1208;1224;1240;1256;1272;1288;1304;1340;1357;1374;1391;1408;1425;1442;1459;1476;1493;1540;1558;1576;1594;1612;1630;1648;1666;1684;1702;1960;1984;2008;2032;2056;2080;2104;2128;2152;2176;2300;2326;2352;2378;2404;2430;2456;2482;2508;2534;2680;2708;2736;2764;2792;2820;2848;2876;2904;2932;3100;3130;3160;3190;3220;3250;3280;3310;3340;3370;3560;3592;3624;3656;3688;3720;3752;3784;3816;3848;3880;3912;3944;3976;4008;4040;4072;4104;4136;4168;4210;4252;4294;4337;4381;4424;4469;4513;4558;4604;4650;4697;4744;4791;4839;4887;4936;4986;5035;5086;5137;5188;5240;5292;5345;5399;5453;5507;5562;5618;5674;5731;5788;5846;5904;5963;6023;6083;6144;6206;6268;6330;6394;6458;6522;6587;6653;6720;6787;6855;6923;6993;7063;7133;7204;7277;7349;7423;7497;7572;7648;7724;7801;7879;7958;8038;8118;8199;8281;8364;8448;8532;8618;8704;8791;8879;8968;9057;9148;9239;9332;9425;9519;9614;9711;9808;9906;10005;10105;10206;10308;10411;10515;10620;10727;10834;10942;11052;11162;11274>,8,<1000;1015;1030;1045;1060;1075;1090;1105;1120;1135;1160;1176;1192;1208;1224;1240;1256;1272;1288;1304;1340;1357;1374;1391;1408;1425;1442;1459;1476;1493;1540;1558;1576;1594;1612;1630;1648;1666;1684;1702;1960;1984;2008;2032;2056;2080;2104;2128;2152;2176;2300;2326;2352;2378;2404;2430;2456;2482;2508;2534;2680;2708;2736;2764;2792;2820;2848;2876;2904;2932;3100;3130;3160;3190;3220;3250;3280;3310;3340;3370;3560;3592;3624;3656;3688;3720;3752;3784;3816;3848;3880;3912;3944;3976;4008;4040;4072;4104;4136;4168;4210;4252;4294;4337;4381;4424;4469;4513;4558;4604;4650;4697;4744;4791;4839;4887;4936;4986;5035;5086;5137;5188;5240;5292;5345;5399;5453;5507;5562;5618;5674;5731;5788;5846;5904;5963;6023;6083;6144;6206;6268;6330;6394;6458;6522;6587;6653;6720;6787;6855;6923;6993;7063;7133;7204;7277;7349;7423;7497;7572;7648;7724;7801;7879;7958;8038;8118;8199;8281;8364;8448;8532;8618;8704;8791;8879;8968;9057;9148;9239;9332;9425;9519;9614;9711;9808;9906;10005;10105;10206;10308;10411;10515;10620;10727;10834;10942;11052;11162;11274>,15,<168;168;168;168;168;186;186;186;186;186;204;204;204;204;204;222;222;222;222;222;240;240;240;240;240;258;258;258;258;258;276;276;276;276;276;294;294;294;294;294;312;312;312;312;312;330;330;330;330;330;348;348;348;348;348;366;366;366;366;366;384;384;384;384;384;402;402;402;402;402;420;420;420;420;420;438;438;438;438;438;456;456;456;456;456;474;474;474;474;474;492;492;492;492;492;510;510;510;510;510;515;520;525;531;536;541;547;552;558;563;569;575;580;586;592;598;604;610;616;622;629;635;641;648;654;661;667;674;681;687;694;701;708;715;722;730;737;744;752;759;767;775;782;790;798;806;814;822;830;839;847;856;864;873;882;890;899;908;917;927;936;945;955;964;974;984;993;1003;1013;1023;1034;1044;1054;1065;1076;1086;1097;1108;1119;1131;1142;1153;1165;1176;1188;1200;1212;1224;1236;1249;1261;1274;1287;1300;1313;1326;1339;1352;1366;1379>,0,<>,0,<>,,{drawcard=hong_effect_loop}
40363,好战,好戰,Warlike,Warlike,전투광,Guerreiro,3,3,config/item/gem/icon_9_h_3.png,6,攻击向符石,攻擊向符石,Offensive-type,Offensive-type,공격 룬스톤,Tipo ofensivo,ประเภทรุก,9999,{529=2000},100,6,1,<5040;5116;5191;5267;5342;5418;5494;5569;5645;5720;5846;5927;6008;6088;6169;6250;6330;6411;6492;6572;6754;6839;6925;7011;7096;7182;7268;7353;7439;7525;7762;7852;7943;8034;8124;8215;8306;8397;8487;8578;9878;9999;10120;10241;10362;10483;10604;10725;10846;10967;11592;11723;11854;11985;12116;12247;12378;12509;12640;12771;13507;13648;13789;13931;14072;14213;14354;14495;14636;14777;15624;15775;15926;16078;16229;16380;16531;16682;16834;16985;17942;18104;18265;18426;18588;18749;18910;19071;19233;19394;19555;19716;19878;20039;20200;20362;20523;20684;20845;21007;21217;21429;21644;21860;22079;22299;22522;22748;22975;23205;23437;23671;23908;24147;24388;24632;24879;25127;25379;25633;25889;26148;26409;26673;26940;27209;27482;27756;28034;28314;28597;28883;29172;29464;29759;30056;30357;30660;30967;31277;31589;31905;32224;32547;32872;33201;33533;33868;34207;34549;34894;35243;35596;35952;36311;36674;37041;37411;37785;38163;38545;38930;39320;39713;40110;40511;40916;41325;41739;42156;42578;43003;43433;43868;44306;44750;45197;45649;46105;46567;47032;47503;47978;48457;48942;49431;49926;50425;50929;51438;51953;52472;52997;53527;54062;54603;55149;55700;56257;56820>,7,<1000;1015;1030;1045;1060;1075;1090;1105;1120;1135;1160;1176;1192;1208;1224;1240;1256;1272;1288;1304;1340;1357;1374;1391;1408;1425;1442;1459;1476;1493;1540;1558;1576;1594;1612;1630;1648;1666;1684;1702;1960;1984;2008;2032;2056;2080;2104;2128;2152;2176;2300;2326;2352;2378;2404;2430;2456;2482;2508;2534;2680;2708;2736;2764;2792;2820;2848;2876;2904;2932;3100;3130;3160;3190;3220;3250;3280;3310;3340;3370;3560;3592;3624;3656;3688;3720;3752;3784;3816;3848;3880;3912;3944;3976;4008;4040;4072;4104;4136;4168;4210;4252;4294;4337;4381;4424;4469;4513;4558;4604;4650;4697;4744;4791;4839;4887;4936;4986;5035;5086;5137;5188;5240;5292;5345;5399;5453;5507;5562;5618;5674;5731;5788;5846;5904;5963;6023;6083;6144;6206;6268;6330;6394;6458;6522;6587;6653;6720;6787;6855;6923;6993;7063;7133;7204;7277;7349;7423;7497;7572;7648;7724;7801;7879;7958;8038;8118;8199;8281;8364;8448;8532;8618;8704;8791;8879;8968;9057;9148;9239;9332;9425;9519;9614;9711;9808;9906;10005;10105;10206;10308;10411;10515;10620;10727;10834;10942;11052;11162;11274>,8,<1000;1015;1030;1045;1060;1075;1090;1105;1120;1135;1160;1176;1192;1208;1224;1240;1256;1272;1288;1304;1340;1357;1374;1391;1408;1425;1442;1459;1476;1493;1540;1558;1576;1594;1612;1630;1648;1666;1684;1702;1960;1984;2008;2032;2056;2080;2104;2128;2152;2176;2300;2326;2352;2378;2404;2430;2456;2482;2508;2534;2680;2708;2736;2764;2792;2820;2848;2876;2904;2932;3100;3130;3160;3190;3220;3250;3280;3310;3340;3370;3560;3592;3624;3656;3688;3720;3752;3784;3816;3848;3880;3912;3944;3976;4008;4040;4072;4104;4136;4168;4210;4252;4294;4337;4381;4424;4469;4513;4558;4604;4650;4697;4744;4791;4839;4887;4936;4986;5035;5086;5137;5188;5240;5292;5345;5399;5453;5507;5562;5618;5674;5731;5788;5846;5904;5963;6023;6083;6144;6206;6268;6330;6394;6458;6522;6587;6653;6720;6787;6855;6923;6993;7063;7133;7204;7277;7349;7423;7497;7572;7648;7724;7801;7879;7958;8038;8118;8199;8281;8364;8448;8532;8618;8704;8791;8879;8968;9057;9148;9239;9332;9425;9519;9614;9711;9808;9906;10005;10105;10206;10308;10411;10515;10620;10727;10834;10942;11052;11162;11274>,11,<112;112;112;112;112;124;124;124;124;124;136;136;136;136;136;148;148;148;148;148;160;160;160;160;160;172;172;172;172;172;184;184;184;184;184;196;196;196;196;196;208;208;208;208;208;220;220;220;220;220;232;232;232;232;232;244;244;244;244;244;256;256;256;256;256;268;268;268;268;268;280;280;280;280;280;292;292;292;292;292;304;304;304;304;304;316;316;316;316;316;328;328;328;328;328;340;340;340;340;340;343;347;350;354;357;361;365;368;372;376;379;383;387;391;395;399;403;407;411;415;419;423;427;432;436;440;445;449;454;458;463;467;472;477;482;486;491;496;501;506;511;516;522;527;532;537;543;548;554;559;565;570;576;582;588;594;600;606;612;618;624;630;636;643;649;656;662;669;676;682;689;696;703;710;717;724;732;739;746;754;761;769;777;784;792;800;808;816;824;833;841;849;858;866;875;884;893;902;911;920>,12,<112;112;112;112;112;124;124;124;124;124;136;136;136;136;136;148;148;148;148;148;160;160;160;160;160;172;172;172;172;172;184;184;184;184;184;196;196;196;196;196;208;208;208;208;208;220;220;220;220;220;232;232;232;232;232;244;244;244;244;244;256;256;256;256;256;268;268;268;268;268;280;280;280;280;280;292;292;292;292;292;304;304;304;304;304;316;316;316;316;316;328;328;328;328;328;340;340;340;340;340;343;347;350;354;357;361;365;368;372;376;379;383;387;391;395;399;403;407;411;415;419;423;427;432;436;440;445;449;454;458;463;467;472;477;482;486;491;496;501;506;511;516;522;527;532;537;543;548;554;559;565;570;576;582;588;594;600;606;612;618;624;630;636;643;649;656;662;669;676;682;689;696;703;710;717;724;732;739;746;754;761;769;777;784;792;800;808;816;824;833;841;849;858;866;875;884;893;902;911;920>,,{drawcard=hong_effect_loop}
40364,好战,好戰,Warlike,Warlike,전투광,Guerreiro,3,4,config/item/gem/icon_9_h_4.png,6,攻击向符石,攻擊向符石,Offensive-type,Offensive-type,공격 룬스톤,Tipo ofensivo,ประเภทรุก,9999,{529=2000},100,6,1,<5040;5116;5191;5267;5342;5418;5494;5569;5645;5720;5846;5927;6008;6088;6169;6250;6330;6411;6492;6572;6754;6839;6925;7011;7096;7182;7268;7353;7439;7525;7762;7852;7943;8034;8124;8215;8306;8397;8487;8578;9878;9999;10120;10241;10362;10483;10604;10725;10846;10967;11592;11723;11854;11985;12116;12247;12378;12509;12640;12771;13507;13648;13789;13931;14072;14213;14354;14495;14636;14777;15624;15775;15926;16078;16229;16380;16531;16682;16834;16985;17942;18104;18265;18426;18588;18749;18910;19071;19233;19394;19555;19716;19878;20039;20200;20362;20523;20684;20845;21007;21217;21429;21644;21860;22079;22299;22522;22748;22975;23205;23437;23671;23908;24147;24388;24632;24879;25127;25379;25633;25889;26148;26409;26673;26940;27209;27482;27756;28034;28314;28597;28883;29172;29464;29759;30056;30357;30660;30967;31277;31589;31905;32224;32547;32872;33201;33533;33868;34207;34549;34894;35243;35596;35952;36311;36674;37041;37411;37785;38163;38545;38930;39320;39713;40110;40511;40916;41325;41739;42156;42578;43003;43433;43868;44306;44750;45197;45649;46105;46567;47032;47503;47978;48457;48942;49431;49926;50425;50929;51438;51953;52472;52997;53527;54062;54603;55149;55700;56257;56820>,7,<1000;1015;1030;1045;1060;1075;1090;1105;1120;1135;1160;1176;1192;1208;1224;1240;1256;1272;1288;1304;1340;1357;1374;1391;1408;1425;1442;1459;1476;1493;1540;1558;1576;1594;1612;1630;1648;1666;1684;1702;1960;1984;2008;2032;2056;2080;2104;2128;2152;2176;2300;2326;2352;2378;2404;2430;2456;2482;2508;2534;2680;2708;2736;2764;2792;2820;2848;2876;2904;2932;3100;3130;3160;3190;3220;3250;3280;3310;3340;3370;3560;3592;3624;3656;3688;3720;3752;3784;3816;3848;3880;3912;3944;3976;4008;4040;4072;4104;4136;4168;4210;4252;4294;4337;4381;4424;4469;4513;4558;4604;4650;4697;4744;4791;4839;4887;4936;4986;5035;5086;5137;5188;5240;5292;5345;5399;5453;5507;5562;5618;5674;5731;5788;5846;5904;5963;6023;6083;6144;6206;6268;6330;6394;6458;6522;6587;6653;6720;6787;6855;6923;6993;7063;7133;7204;7277;7349;7423;7497;7572;7648;7724;7801;7879;7958;8038;8118;8199;8281;8364;8448;8532;8618;8704;8791;8879;8968;9057;9148;9239;9332;9425;9519;9614;9711;9808;9906;10005;10105;10206;10308;10411;10515;10620;10727;10834;10942;11052;11162;11274>,8,<1000;1015;1030;1045;1060;1075;1090;1105;1120;1135;1160;1176;1192;1208;1224;1240;1256;1272;1288;1304;1340;1357;1374;1391;1408;1425;1442;1459;1476;1493;1540;1558;1576;1594;1612;1630;1648;1666;1684;1702;1960;1984;2008;2032;2056;2080;2104;2128;2152;2176;2300;2326;2352;2378;2404;2430;2456;2482;2508;2534;2680;2708;2736;2764;2792;2820;2848;2876;2904;2932;3100;3130;3160;3190;3220;3250;3280;3310;3340;3370;3560;3592;3624;3656;3688;3720;3752;3784;3816;3848;3880;3912;3944;3976;4008;4040;4072;4104;4136;4168;4210;4252;4294;4337;4381;4424;4469;4513;4558;4604;4650;4697;4744;4791;4839;4887;4936;4986;5035;5086;5137;5188;5240;5292;5345;5399;5453;5507;5562;5618;5674;5731;5788;5846;5904;5963;6023;6083;6144;6206;6268;6330;6394;6458;6522;6587;6653;6720;6787;6855;6923;6993;7063;7133;7204;7277;7349;7423;7497;7572;7648;7724;7801;7879;7958;8038;8118;8199;8281;8364;8448;8532;8618;8704;8791;8879;8968;9057;9148;9239;9332;9425;9519;9614;9711;9808;9906;10005;10105;10206;10308;10411;10515;10620;10727;10834;10942;11052;11162;11274>,90,<134;134;134;134;134;149;149;149;149;149;163;163;163;163;163;178;178;178;178;178;192;192;192;192;192;206;206;206;206;206;221;221;221;221;221;235;235;235;235;235;250;250;250;250;250;264;264;264;264;264;278;278;278;278;278;293;293;293;293;293;307;307;307;307;307;322;322;322;322;322;336;336;336;336;336;350;350;350;350;350;365;365;365;365;365;379;379;379;379;379;394;394;394;394;394;408;408;408;408;408;412;416;420;425;429;433;437;442;446;451;455;460;464;469;474;478;483;488;493;498;503;508;513;518;523;528;534;539;544;550;555;561;567;572;578;584;590;595;601;607;614;620;626;632;638;645;651;658;664;671;678;684;691;698;705;712;719;727;734;741;749;756;764;771;779;787;795;803;811;819;827;835;844;852;861;869;878;887;895;904;913;923;932;941;951;960;970;979;989;999;1009;1019;1029;1040;1050;1061;1071;1082;1093;1104>,0,<>,,{drawcard=hong_effect_loop}
40365,好战,好戰,Warlike,Warlike,전투광,Guerreiro,3,5,config/item/gem/icon_9_h_5.png,6,攻击向符石,攻擊向符石,Offensive-type,Offensive-type,공격 룬스톤,Tipo ofensivo,ประเภทรุก,9999,{529=2000},100,6,7,<1000;1015;1030;1045;1060;1075;1090;1105;1120;1135;1160;1176;1192;1208;1224;1240;1256;1272;1288;1304;1340;1357;1374;1391;1408;1425;1442;1459;1476;1493;1540;1558;1576;1594;1612;1630;1648;1666;1684;1702;1960;1984;2008;2032;2056;2080;2104;2128;2152;2176;2300;2326;2352;2378;2404;2430;2456;2482;2508;2534;2680;2708;2736;2764;2792;2820;2848;2876;2904;2932;3100;3130;3160;3190;3220;3250;3280;3310;3340;3370;3560;3592;3624;3656;3688;3720;3752;3784;3816;3848;3880;3912;3944;3976;4008;4040;4072;4104;4136;4168;4210;4252;4294;4337;4381;4424;4469;4513;4558;4604;4650;4697;4744;4791;4839;4887;4936;4986;5035;5086;5137;5188;5240;5292;5345;5399;5453;5507;5562;5618;5674;5731;5788;5846;5904;5963;6023;6083;6144;6206;6268;6330;6394;6458;6522;6587;6653;6720;6787;6855;6923;6993;7063;7133;7204;7277;7349;7423;7497;7572;7648;7724;7801;7879;7958;8038;8118;8199;8281;8364;8448;8532;8618;8704;8791;8879;8968;9057;9148;9239;9332;9425;9519;9614;9711;9808;9906;10005;10105;10206;10308;10411;10515;10620;10727;10834;10942;11052;11162;11274>,8,<1000;1015;1030;1045;1060;1075;1090;1105;1120;1135;1160;1176;1192;1208;1224;1240;1256;1272;1288;1304;1340;1357;1374;1391;1408;1425;1442;1459;1476;1493;1540;1558;1576;1594;1612;1630;1648;1666;1684;1702;1960;1984;2008;2032;2056;2080;2104;2128;2152;2176;2300;2326;2352;2378;2404;2430;2456;2482;2508;2534;2680;2708;2736;2764;2792;2820;2848;2876;2904;2932;3100;3130;3160;3190;3220;3250;3280;3310;3340;3370;3560;3592;3624;3656;3688;3720;3752;3784;3816;3848;3880;3912;3944;3976;4008;4040;4072;4104;4136;4168;4210;4252;4294;4337;4381;4424;4469;4513;4558;4604;4650;4697;4744;4791;4839;4887;4936;4986;5035;5086;5137;5188;5240;5292;5345;5399;5453;5507;5562;5618;5674;5731;5788;5846;5904;5963;6023;6083;6144;6206;6268;6330;6394;6458;6522;6587;6653;6720;6787;6855;6923;6993;7063;7133;7204;7277;7349;7423;7497;7572;7648;7724;7801;7879;7958;8038;8118;8199;8281;8364;8448;8532;8618;8704;8791;8879;8968;9057;9148;9239;9332;9425;9519;9614;9711;9808;9906;10005;10105;10206;10308;10411;10515;10620;10727;10834;10942;11052;11162;11274>,9,<700;711;721;732;742;753;763;774;784;795;812;823;834;846;857;868;879;890;902;913;938;950;962;974;986;998;1009;1021;1033;1045;1078;1091;1103;1116;1128;1141;1154;1166;1179;1191;1372;1389;1406;1422;1439;1456;1473;1490;1506;1523;1610;1628;1646;1665;1683;1701;1719;1737;1756;1774;1876;1896;1915;1935;1954;1974;1994;2013;2033;2052;2170;2191;2212;2233;2254;2275;2296;2317;2338;2359;2492;2514;2537;2559;2582;2604;2626;2649;2671;2694;2716;2738;2761;2783;2806;2828;2850;2873;2895;2918;2947;2977;3006;3036;3067;3098;3128;3160;3191;3223;3256;3288;3321;3354;3388;3422;3456;3490;3525;3561;3596;3632;3668;3705;3742;3780;3817;3856;3894;3933;3972;4012;4052;4093;4134;4175;4217;4259;4301;4345;4388;4432;4476;4521;4566;4612;4658;4704;4752;4799;4847;4895;4944;4994;5044;5094;5145;5197;5249;5301;5354;5408;5462;5516;5572;5627;5684;5740;5798;5856;5914;5973;6033;6094;6154;6216;6278;6341;6404;6468;6533;6598;6664;6731;6798;6866;6935;7004;7074;7145;7217;7289;7362;7435;7510;7585;7661;7737;7815;7893>,22,<67;67;67;67;67;74;74;74;74;74;82;82;82;82;82;89;89;89;89;89;96;96;96;96;96;103;103;103;103;103;110;110;110;110;110;118;118;118;118;118;125;125;125;125;125;132;132;132;132;132;139;139;139;139;139;146;146;146;146;146;154;154;154;154;154;161;161;161;161;161;168;168;168;168;168;175;175;175;175;175;182;182;182;182;182;190;190;190;190;190;197;197;197;197;197;204;204;204;204;204;206;208;210;212;214;217;219;221;223;225;228;230;232;234;237;239;242;244;246;249;251;254;256;259;262;264;267;270;272;275;278;280;283;286;289;292;295;298;301;304;307;310;313;316;319;322;326;329;332;336;339;342;346;349;353;356;360;363;367;371;374;378;382;386;390;393;397;401;405;409;413;418;422;426;430;435;439;443;448;452;457;461;466;471;475;480;485;490;495;500;505;510;515;520;525;530;536;541;546;552>,0,<>,,{drawcard=hong_effect_loop}
40366,好战,好戰,Warlike,Warlike,전투광,Guerreiro,3,6,config/item/gem/icon_9_h_6.png,6,攻击向符石,攻擊向符石,Offensive-type,Offensive-type,공격 룬스톤,Tipo ofensivo,ประเภทรุก,9999,{529=2000},100,6,7,<1000;1015;1030;1045;1060;1075;1090;1105;1120;1135;1160;1176;1192;1208;1224;1240;1256;1272;1288;1304;1340;1357;1374;1391;1408;1425;1442;1459;1476;1493;1540;1558;1576;1594;1612;1630;1648;1666;1684;1702;1960;1984;2008;2032;2056;2080;2104;2128;2152;2176;2300;2326;2352;2378;2404;2430;2456;2482;2508;2534;2680;2708;2736;2764;2792;2820;2848;2876;2904;2932;3100;3130;3160;3190;3220;3250;3280;3310;3340;3370;3560;3592;3624;3656;3688;3720;3752;3784;3816;3848;3880;3912;3944;3976;4008;4040;4072;4104;4136;4168;4210;4252;4294;4337;4381;4424;4469;4513;4558;4604;4650;4697;4744;4791;4839;4887;4936;4986;5035;5086;5137;5188;5240;5292;5345;5399;5453;5507;5562;5618;5674;5731;5788;5846;5904;5963;6023;6083;6144;6206;6268;6330;6394;6458;6522;6587;6653;6720;6787;6855;6923;6993;7063;7133;7204;7277;7349;7423;7497;7572;7648;7724;7801;7879;7958;8038;8118;8199;8281;8364;8448;8532;8618;8704;8791;8879;8968;9057;9148;9239;9332;9425;9519;9614;9711;9808;9906;10005;10105;10206;10308;10411;10515;10620;10727;10834;10942;11052;11162;11274>,8,<1000;1015;1030;1045;1060;1075;1090;1105;1120;1135;1160;1176;1192;1208;1224;1240;1256;1272;1288;1304;1340;1357;1374;1391;1408;1425;1442;1459;1476;1493;1540;1558;1576;1594;1612;1630;1648;1666;1684;1702;1960;1984;2008;2032;2056;2080;2104;2128;2152;2176;2300;2326;2352;2378;2404;2430;2456;2482;2508;2534;2680;2708;2736;2764;2792;2820;2848;2876;2904;2932;3100;3130;3160;3190;3220;3250;3280;3310;3340;3370;3560;3592;3624;3656;3688;3720;3752;3784;3816;3848;3880;3912;3944;3976;4008;4040;4072;4104;4136;4168;4210;4252;4294;4337;4381;4424;4469;4513;4558;4604;4650;4697;4744;4791;4839;4887;4936;4986;5035;5086;5137;5188;5240;5292;5345;5399;5453;5507;5562;5618;5674;5731;5788;5846;5904;5963;6023;6083;6144;6206;6268;6330;6394;6458;6522;6587;6653;6720;6787;6855;6923;6993;7063;7133;7204;7277;7349;7423;7497;7572;7648;7724;7801;7879;7958;8038;8118;8199;8281;8364;8448;8532;8618;8704;8791;8879;8968;9057;9148;9239;9332;9425;9519;9614;9711;9808;9906;10005;10105;10206;10308;10411;10515;10620;10727;10834;10942;11052;11162;11274>,10,<700;711;721;732;742;753;763;774;784;795;812;823;834;846;857;868;879;890;902;913;938;950;962;974;986;998;1009;1021;1033;1045;1078;1091;1103;1116;1128;1141;1154;1166;1179;1191;1372;1389;1406;1422;1439;1456;1473;1490;1506;1523;1610;1628;1646;1665;1683;1701;1719;1737;1756;1774;1876;1896;1915;1935;1954;1974;1994;2013;2033;2052;2170;2191;2212;2233;2254;2275;2296;2317;2338;2359;2492;2514;2537;2559;2582;2604;2626;2649;2671;2694;2716;2738;2761;2783;2806;2828;2850;2873;2895;2918;2947;2977;3006;3036;3067;3098;3128;3160;3191;3223;3256;3288;3321;3354;3388;3422;3456;3490;3525;3561;3596;3632;3668;3705;3742;3780;3817;3856;3894;3933;3972;4012;4052;4093;4134;4175;4217;4259;4301;4345;4388;4432;4476;4521;4566;4612;4658;4704;4752;4799;4847;4895;4944;4994;5044;5094;5145;5197;5249;5301;5354;5408;5462;5516;5572;5627;5684;5740;5798;5856;5914;5973;6033;6094;6154;6216;6278;6341;6404;6468;6533;6598;6664;6731;6798;6866;6935;7004;7074;7145;7217;7289;7362;7435;7510;7585;7661;7737;7815;7893>,23,<67;67;67;67;67;74;74;74;74;74;82;82;82;82;82;89;89;89;89;89;96;96;96;96;96;103;103;103;103;103;110;110;110;110;110;118;118;118;118;118;125;125;125;125;125;132;132;132;132;132;139;139;139;139;139;146;146;146;146;146;154;154;154;154;154;161;161;161;161;161;168;168;168;168;168;175;175;175;175;175;182;182;182;182;182;190;190;190;190;190;197;197;197;197;197;204;204;204;204;204;206;208;210;212;214;217;219;221;223;225;228;230;232;234;237;239;242;244;246;249;251;254;256;259;262;264;267;270;272;275;278;280;283;286;289;292;295;298;301;304;307;310;313;316;319;322;326;329;332;336;339;342;346;349;353;356;360;363;367;371;374;378;382;386;390;393;397;401;405;409;413;418;422;426;430;435;439;443;448;452;457;461;466;471;475;480;485;490;495;500;505;510;515;520;525;530;536;541;546;552>,0,<>,,{drawcard=hong_effect_loop}
40421,守御,守禦,Defend,Defend,방어,Defender,4,1,config/item/gem/icon_4_lv_1.png,2,防御向符石,防禦向符石,Defensive-type,Defensive-type,방어 룬스톤,Tipo defensivo,ประเภทป้องกัน,9999,{529=20},100,2,1,<1008;1023;1038;1053;1068;1084;1099;1114;1129;1144;1169;1185;1202;1218;1234;1250;1266;1282;1298;1314;1351;1368;1385;1402;1419;1436;1454;1471;1488;1505;1552;1570;1589;1607;1625;1643;1661;1679;1697;1716;1814;1835;1855;1875;1895;1915;1935;1956;1976;1996;2117;2139;2161;2183;2206;2228;2250;2272;2294;2316;2460;2484;2508;2532;2556;2580;2605;2629;2653;2677;2843;2869;2895;2921;2947;2974;3000;3026;3052;3078;3266;3294;3322;3351;3379;3407;3435;3463;3492;3520;3730;3760;3790;3820;3851;3881;3911;3941;3972;4002;4042;4082;4123;4164;4206;4248;4291;4334;4377;4421;4465;4510;4555;4600;4646;4693;4740;4787;4835;4883;4932;4981;5031;5081;5132;5184;5235;5288;5341;5394;5448;5503;5558;5613;5669;5726;5783;5841;5899;5958;6018;6078;6139;6200;6262;6325;6388;6452;6517;6582;6648;6714;6781;6849;6918;6987;7057;7127;7198;7270;7343;7417;7491;7566;7641;7718;7795;7873;7952;8031;8111;8192;8274;8357;8441;8525;8610;8696;8783;8871;8960;9050;9140;9232;9324;9417;9511;9606;9702;9799;9897;9996;10096;10197;10299;10402;10506;10611;10717;10825>,9,<140;142;144;146;148;151;153;155;157;159;162;165;167;169;171;174;176;178;180;183;188;190;192;195;197;200;202;204;207;209;216;218;221;223;226;228;231;233;236;238;252;255;258;260;263;266;269;272;274;277;294;297;300;303;306;309;312;316;319;322;342;345;348;352;355;358;362;365;368;372;395;398;402;406;409;413;417;420;424;428;454;458;461;465;469;473;477;481;485;489;518;522;526;531;535;539;543;547;552;556;562;567;573;579;584;590;596;602;608;614;620;627;633;639;645;652;658;665;672;678;685;692;699;706;713;720;727;735;742;749;757;764;772;780;788;796;803;811;820;828;836;844;853;861;870;879;888;896;905;914;924;933;942;952;961;971;980;990;1000;1010;1020;1030;1041;1051;1062;1072;1083;1094;1105;1116;1127;1138;1150;1161;1173;1184;1196;1208;1220;1232;1245;1257;1270;1283;1295;1308;1321;1335;1348;1361;1375;1389;1403;1417;1431;1445;1460;1474;1489;1504>,17,<27;27;27;27;27;30;30;30;30;30;33;33;33;33;33;36;36;36;36;36;38;38;38;38;38;41;41;41;41;41;44;44;44;44;44;47;47;47;47;47;50;50;50;50;50;53;53;53;53;53;56;56;56;56;56;59;59;59;59;59;61;61;61;61;61;64;64;64;64;64;67;67;67;67;67;70;70;70;70;70;73;73;73;73;73;76;76;76;76;76;79;79;79;79;79;82;82;82;82;82;83;84;84;85;86;87;88;89;90;91;91;92;93;94;95;96;97;98;99;100;101;102;103;104;105;106;107;108;109;111;112;113;114;115;116;117;118;120;121;122;123;125;126;127;128;130;131;132;134;135;136;138;139;140;142;143;145;146;147;149;150;152;153;155;157;158;160;161;163;165;166;168;170;171;173;175;176;178;180;182;184;185;187;189;191;193;195;197;199;201;203;205;207;209;211;213;215;217;220;222>,0,<>,0,<>,,{drawcard=false;gain=false}
40422,守御,守禦,Defend,Defend,방어,Defender,4,2,config/item/gem/icon_4_lv_2.png,2,防御向符石,防禦向符石,Defensive-type,Defensive-type,방어 룬스톤,Tipo defensivo,ประเภทป้องกัน,9999,{529=20},100,2,1,<1008;1023;1038;1053;1068;1084;1099;1114;1129;1144;1169;1185;1202;1218;1234;1250;1266;1282;1298;1314;1351;1368;1385;1402;1419;1436;1454;1471;1488;1505;1552;1570;1589;1607;1625;1643;1661;1679;1697;1716;1814;1835;1855;1875;1895;1915;1935;1956;1976;1996;2117;2139;2161;2183;2206;2228;2250;2272;2294;2316;2460;2484;2508;2532;2556;2580;2605;2629;2653;2677;2843;2869;2895;2921;2947;2974;3000;3026;3052;3078;3266;3294;3322;3351;3379;3407;3435;3463;3492;3520;3730;3760;3790;3820;3851;3881;3911;3941;3972;4002;4042;4082;4123;4164;4206;4248;4291;4334;4377;4421;4465;4510;4555;4600;4646;4693;4740;4787;4835;4883;4932;4981;5031;5081;5132;5184;5235;5288;5341;5394;5448;5503;5558;5613;5669;5726;5783;5841;5899;5958;6018;6078;6139;6200;6262;6325;6388;6452;6517;6582;6648;6714;6781;6849;6918;6987;7057;7127;7198;7270;7343;7417;7491;7566;7641;7718;7795;7873;7952;8031;8111;8192;8274;8357;8441;8525;8610;8696;8783;8871;8960;9050;9140;9232;9324;9417;9511;9606;9702;9799;9897;9996;10096;10197;10299;10402;10506;10611;10717;10825>,10,<140;142;144;146;148;151;153;155;157;159;162;165;167;169;171;174;176;178;180;183;188;190;192;195;197;200;202;204;207;209;216;218;221;223;226;228;231;233;236;238;252;255;258;260;263;266;269;272;274;277;294;297;300;303;306;309;312;316;319;322;342;345;348;352;355;358;362;365;368;372;395;398;402;406;409;413;417;420;424;428;454;458;461;465;469;473;477;481;485;489;518;522;526;531;535;539;543;547;552;556;562;567;573;579;584;590;596;602;608;614;620;627;633;639;645;652;658;665;672;678;685;692;699;706;713;720;727;735;742;749;757;764;772;780;788;796;803;811;820;828;836;844;853;861;870;879;888;896;905;914;924;933;942;952;961;971;980;990;1000;1010;1020;1030;1041;1051;1062;1072;1083;1094;1105;1116;1127;1138;1150;1161;1173;1184;1196;1208;1220;1232;1245;1257;1270;1283;1295;1308;1321;1335;1348;1361;1375;1389;1403;1417;1431;1445;1460;1474;1489;1504>,19,<27;27;27;27;27;30;30;30;30;30;33;33;33;33;33;36;36;36;36;36;38;38;38;38;38;41;41;41;41;41;44;44;44;44;44;47;47;47;47;47;50;50;50;50;50;53;53;53;53;53;56;56;56;56;56;59;59;59;59;59;61;61;61;61;61;64;64;64;64;64;67;67;67;67;67;70;70;70;70;70;73;73;73;73;73;76;76;76;76;76;79;79;79;79;79;82;82;82;82;82;83;84;84;85;86;87;88;89;90;91;91;92;93;94;95;96;97;98;99;100;101;102;103;104;105;106;107;108;109;111;112;113;114;115;116;117;118;120;121;122;123;125;126;127;128;130;131;132;134;135;136;138;139;140;142;143;145;146;147;149;150;152;153;155;157;158;160;161;163;165;166;168;170;171;173;175;176;178;180;182;184;185;187;189;191;193;195;197;199;201;203;205;207;209;211;213;215;217;220;222>,0,<>,0,<>,,{drawcard=false;gain=false}
40423,守御,守禦,Defend,Defend,방어,Defender,4,3,config/item/gem/icon_4_lv_3.png,2,防御向符石,防禦向符石,Defensive-type,Defensive-type,방어 룬스톤,Tipo defensivo,ประเภทป้องกัน,9999,{529=20},100,2,9,<140;142;144;146;148;151;153;155;157;159;162;165;167;169;171;174;176;178;180;183;188;190;192;195;197;200;202;204;207;209;216;218;221;223;226;228;231;233;236;238;252;255;258;260;263;266;269;272;274;277;294;297;300;303;306;309;312;316;319;322;342;345;348;352;355;358;362;365;368;372;395;398;402;406;409;413;417;420;424;428;454;458;461;465;469;473;477;481;485;489;518;522;526;531;535;539;543;547;552;556;562;567;573;579;584;590;596;602;608;614;620;627;633;639;645;652;658;665;672;678;685;692;699;706;713;720;727;735;742;749;757;764;772;780;788;796;803;811;820;828;836;844;853;861;870;879;888;896;905;914;924;933;942;952;961;971;980;990;1000;1010;1020;1030;1041;1051;1062;1072;1083;1094;1105;1116;1127;1138;1150;1161;1173;1184;1196;1208;1220;1232;1245;1257;1270;1283;1295;1308;1321;1335;1348;1361;1375;1389;1403;1417;1431;1445;1460;1474;1489;1504>,10,<140;142;144;146;148;151;153;155;157;159;162;165;167;169;171;174;176;178;180;183;188;190;192;195;197;200;202;204;207;209;216;218;221;223;226;228;231;233;236;238;252;255;258;260;263;266;269;272;274;277;294;297;300;303;306;309;312;316;319;322;342;345;348;352;355;358;362;365;368;372;395;398;402;406;409;413;417;420;424;428;454;458;461;465;469;473;477;481;485;489;518;522;526;531;535;539;543;547;552;556;562;567;573;579;584;590;596;602;608;614;620;627;633;639;645;652;658;665;672;678;685;692;699;706;713;720;727;735;742;749;757;764;772;780;788;796;803;811;820;828;836;844;853;861;870;879;888;896;905;914;924;933;942;952;961;971;980;990;1000;1010;1020;1030;1041;1051;1062;1072;1083;1094;1105;1116;1127;1138;1150;1161;1173;1184;1196;1208;1220;1232;1245;1257;1270;1283;1295;1308;1321;1335;1348;1361;1375;1389;1403;1417;1431;1445;1460;1474;1489;1504>,22,<13;13;13;13;13;15;15;15;15;15;16;16;16;16;16;18;18;18;18;18;19;19;19;19;19;21;21;21;21;21;22;22;22;22;22;24;24;24;24;24;25;25;25;25;25;26;26;26;26;26;28;28;28;28;28;29;29;29;29;29;31;31;31;31;31;32;32;32;32;32;34;34;34;34;34;35;35;35;35;35;36;36;36;36;36;38;38;38;38;38;39;39;39;39;39;41;41;41;41;41;41;42;42;43;43;44;44;44;45;45;46;46;47;47;48;48;49;49;50;50;51;51;52;52;53;53;54;54;55;55;56;56;57;58;58;59;59;60;60;61;62;62;63;64;64;65;65;66;67;67;68;69;69;70;71;72;72;73;74;74;75;76;77;78;78;79;80;81;81;82;83;84;85;86;86;87;88;89;90;91;92;93;94;95;96;96;97;98;99;100;101;102;103;104;106;107;108;109;110;111>,0,<>,0,<>,,{drawcard=false;gain=false}
40424,守御,守禦,Defend,Defend,방어,Defender,4,4,config/item/gem/icon_4_lv_4.png,2,防御向符石,防禦向符石,Defensive-type,Defensive-type,방어 룬스톤,Tipo defensivo,ประเภทป้องกัน,9999,{529=20},100,2,9,<140;142;144;146;148;151;153;155;157;159;162;165;167;169;171;174;176;178;180;183;188;190;192;195;197;200;202;204;207;209;216;218;221;223;226;228;231;233;236;238;252;255;258;260;263;266;269;272;274;277;294;297;300;303;306;309;312;316;319;322;342;345;348;352;355;358;362;365;368;372;395;398;402;406;409;413;417;420;424;428;454;458;461;465;469;473;477;481;485;489;518;522;526;531;535;539;543;547;552;556;562;567;573;579;584;590;596;602;608;614;620;627;633;639;645;652;658;665;672;678;685;692;699;706;713;720;727;735;742;749;757;764;772;780;788;796;803;811;820;828;836;844;853;861;870;879;888;896;905;914;924;933;942;952;961;971;980;990;1000;1010;1020;1030;1041;1051;1062;1072;1083;1094;1105;1116;1127;1138;1150;1161;1173;1184;1196;1208;1220;1232;1245;1257;1270;1283;1295;1308;1321;1335;1348;1361;1375;1389;1403;1417;1431;1445;1460;1474;1489;1504>,10,<140;142;144;146;148;151;153;155;157;159;162;165;167;169;171;174;176;178;180;183;188;190;192;195;197;200;202;204;207;209;216;218;221;223;226;228;231;233;236;238;252;255;258;260;263;266;269;272;274;277;294;297;300;303;306;309;312;316;319;322;342;345;348;352;355;358;362;365;368;372;395;398;402;406;409;413;417;420;424;428;454;458;461;465;469;473;477;481;485;489;518;522;526;531;535;539;543;547;552;556;562;567;573;579;584;590;596;602;608;614;620;627;633;639;645;652;658;665;672;678;685;692;699;706;713;720;727;735;742;749;757;764;772;780;788;796;803;811;820;828;836;844;853;861;870;879;888;896;905;914;924;933;942;952;961;971;980;990;1000;1010;1020;1030;1041;1051;1062;1072;1083;1094;1105;1116;1127;1138;1150;1161;1173;1184;1196;1208;1220;1232;1245;1257;1270;1283;1295;1308;1321;1335;1348;1361;1375;1389;1403;1417;1431;1445;1460;1474;1489;1504>,23,<13;13;13;13;13;15;15;15;15;15;16;16;16;16;16;18;18;18;18;18;19;19;19;19;19;21;21;21;21;21;22;22;22;22;22;24;24;24;24;24;25;25;25;25;25;26;26;26;26;26;28;28;28;28;28;29;29;29;29;29;31;31;31;31;31;32;32;32;32;32;34;34;34;34;34;35;35;35;35;35;36;36;36;36;36;38;38;38;38;38;39;39;39;39;39;41;41;41;41;41;41;42;42;43;43;44;44;44;45;45;46;46;47;47;48;48;49;49;50;50;51;51;52;52;53;53;54;54;55;55;56;56;57;58;58;59;59;60;60;61;62;62;63;64;64;65;65;66;67;67;68;69;69;70;71;72;72;73;74;74;75;76;77;78;78;79;80;81;81;82;83;84;85;86;86;87;88;89;90;91;92;93;94;95;96;96;97;98;99;100;101;102;103;104;106;107;108;109;110;111>,0,<>,0,<>,,{drawcard=false;gain=false}
40425,守御,守禦,Defend,Defend,방어,Defender,4,5,config/item/gem/icon_4_lv_5.png,2,防御向符石,防禦向符石,Defensive-type,Defensive-type,방어 룬스톤,Tipo defensivo,ประเภทป้องกัน,9999,{529=20},100,2,1,<1008;1023;1038;1053;1068;1084;1099;1114;1129;1144;1169;1185;1202;1218;1234;1250;1266;1282;1298;1314;1351;1368;1385;1402;1419;1436;1454;1471;1488;1505;1552;1570;1589;1607;1625;1643;1661;1679;1697;1716;1814;1835;1855;1875;1895;1915;1935;1956;1976;1996;2117;2139;2161;2183;2206;2228;2250;2272;2294;2316;2460;2484;2508;2532;2556;2580;2605;2629;2653;2677;2843;2869;2895;2921;2947;2974;3000;3026;3052;3078;3266;3294;3322;3351;3379;3407;3435;3463;3492;3520;3730;3760;3790;3820;3851;3881;3911;3941;3972;4002;4042;4082;4123;4164;4206;4248;4291;4334;4377;4421;4465;4510;4555;4600;4646;4693;4740;4787;4835;4883;4932;4981;5031;5081;5132;5184;5235;5288;5341;5394;5448;5503;5558;5613;5669;5726;5783;5841;5899;5958;6018;6078;6139;6200;6262;6325;6388;6452;6517;6582;6648;6714;6781;6849;6918;6987;7057;7127;7198;7270;7343;7417;7491;7566;7641;7718;7795;7873;7952;8031;8111;8192;8274;8357;8441;8525;8610;8696;8783;8871;8960;9050;9140;9232;9324;9417;9511;9606;9702;9799;9897;9996;10096;10197;10299;10402;10506;10611;10717;10825>,7,<200;203;206;209;212;215;218;221;224;227;232;235;238;242;245;248;251;254;258;261;268;271;275;278;282;285;288;292;295;299;308;312;315;319;322;326;330;333;337;340;360;364;368;372;376;380;384;388;392;396;420;424;429;433;438;442;446;451;455;460;488;493;498;502;507;512;517;522;526;531;564;569;574;580;585;590;595;600;606;611;648;654;659;665;670;676;682;687;693;698;740;746;752;758;764;770;776;782;788;794;802;810;818;826;835;843;851;860;868;877;886;895;904;913;922;931;940;950;959;969;979;988;998;1008;1018;1028;1039;1049;1060;1070;1081;1092;1103;1114;1125;1136;1147;1159;1170;1182;1194;1206;1218;1230;1242;1255;1267;1280;1293;1306;1319;1332;1345;1359;1372;1386;1400;1414;1428;1442;1457;1471;1486;1501;1516;1531;1547;1562;1578;1593;1609;1625;1642;1658;1675;1691;1708;1725;1743;1760;1778;1795;1813;1832;1850;1868;1887;1906;1925;1944;1964;1983;2003;2023;2043;2064;2084;2105;2126;2148>,8,<200;203;206;209;212;215;218;221;224;227;232;235;238;242;245;248;251;254;258;261;268;271;275;278;282;285;288;292;295;299;308;312;315;319;322;326;330;333;337;340;360;364;368;372;376;380;384;388;392;396;420;424;429;433;438;442;446;451;455;460;488;493;498;502;507;512;517;522;526;531;564;569;574;580;585;590;595;600;606;611;648;654;659;665;670;676;682;687;693;698;740;746;752;758;764;770;776;782;788;794;802;810;818;826;835;843;851;860;868;877;886;895;904;913;922;931;940;950;959;969;979;988;998;1008;1018;1028;1039;1049;1060;1070;1081;1092;1103;1114;1125;1136;1147;1159;1170;1182;1194;1206;1218;1230;1242;1255;1267;1280;1293;1306;1319;1332;1345;1359;1372;1386;1400;1414;1428;1442;1457;1471;1486;1501;1516;1531;1547;1562;1578;1593;1609;1625;1642;1658;1675;1691;1708;1725;1743;1760;1778;1795;1813;1832;1850;1868;1887;1906;1925;1944;1964;1983;2003;2023;2043;2064;2084;2105;2126;2148>,91,<27;27;27;27;27;30;30;30;30;30;33;33;33;33;33;36;36;36;36;36;38;38;38;38;38;41;41;41;41;41;44;44;44;44;44;47;47;47;47;47;50;50;50;50;50;53;53;53;53;53;56;56;56;56;56;59;59;59;59;59;61;61;61;61;61;64;64;64;64;64;67;67;67;67;67;70;70;70;70;70;73;73;73;73;73;76;76;76;76;76;79;79;79;79;79;82;82;82;82;82;83;84;84;85;86;87;88;89;90;91;91;92;93;94;95;96;97;98;99;100;101;102;103;104;105;106;107;108;109;111;112;113;114;115;116;117;118;120;121;122;123;125;126;127;128;130;131;132;134;135;136;138;139;140;142;143;145;146;147;149;150;152;153;155;157;158;160;161;163;165;166;168;170;171;173;175;176;178;180;182;184;185;187;189;191;193;195;197;199;201;203;205;207;209;211;213;215;217;220;222>,0,<>,,{drawcard=false;gain=false}
40426,守御,守禦,Defend,Defend,방어,Defender,4,6,config/item/gem/icon_4_lv_6.png,2,防御向符石,防禦向符石,Defensive-type,Defensive-type,방어 룬스톤,Tipo defensivo,ประเภทป้องกัน,9999,{529=20},100,2,1,<1008;1023;1038;1053;1068;1084;1099;1114;1129;1144;1169;1185;1202;1218;1234;1250;1266;1282;1298;1314;1351;1368;1385;1402;1419;1436;1454;1471;1488;1505;1552;1570;1589;1607;1625;1643;1661;1679;1697;1716;1814;1835;1855;1875;1895;1915;1935;1956;1976;1996;2117;2139;2161;2183;2206;2228;2250;2272;2294;2316;2460;2484;2508;2532;2556;2580;2605;2629;2653;2677;2843;2869;2895;2921;2947;2974;3000;3026;3052;3078;3266;3294;3322;3351;3379;3407;3435;3463;3492;3520;3730;3760;3790;3820;3851;3881;3911;3941;3972;4002;4042;4082;4123;4164;4206;4248;4291;4334;4377;4421;4465;4510;4555;4600;4646;4693;4740;4787;4835;4883;4932;4981;5031;5081;5132;5184;5235;5288;5341;5394;5448;5503;5558;5613;5669;5726;5783;5841;5899;5958;6018;6078;6139;6200;6262;6325;6388;6452;6517;6582;6648;6714;6781;6849;6918;6987;7057;7127;7198;7270;7343;7417;7491;7566;7641;7718;7795;7873;7952;8031;8111;8192;8274;8357;8441;8525;8610;8696;8783;8871;8960;9050;9140;9232;9324;9417;9511;9606;9702;9799;9897;9996;10096;10197;10299;10402;10506;10611;10717;10825>,7,<200;203;206;209;212;215;218;221;224;227;232;235;238;242;245;248;251;254;258;261;268;271;275;278;282;285;288;292;295;299;308;312;315;319;322;326;330;333;337;340;360;364;368;372;376;380;384;388;392;396;420;424;429;433;438;442;446;451;455;460;488;493;498;502;507;512;517;522;526;531;564;569;574;580;585;590;595;600;606;611;648;654;659;665;670;676;682;687;693;698;740;746;752;758;764;770;776;782;788;794;802;810;818;826;835;843;851;860;868;877;886;895;904;913;922;931;940;950;959;969;979;988;998;1008;1018;1028;1039;1049;1060;1070;1081;1092;1103;1114;1125;1136;1147;1159;1170;1182;1194;1206;1218;1230;1242;1255;1267;1280;1293;1306;1319;1332;1345;1359;1372;1386;1400;1414;1428;1442;1457;1471;1486;1501;1516;1531;1547;1562;1578;1593;1609;1625;1642;1658;1675;1691;1708;1725;1743;1760;1778;1795;1813;1832;1850;1868;1887;1906;1925;1944;1964;1983;2003;2023;2043;2064;2084;2105;2126;2148>,8,<200;203;206;209;212;215;218;221;224;227;232;235;238;242;245;248;251;254;258;261;268;271;275;278;282;285;288;292;295;299;308;312;315;319;322;326;330;333;337;340;360;364;368;372;376;380;384;388;392;396;420;424;429;433;438;442;446;451;455;460;488;493;498;502;507;512;517;522;526;531;564;569;574;580;585;590;595;600;606;611;648;654;659;665;670;676;682;687;693;698;740;746;752;758;764;770;776;782;788;794;802;810;818;826;835;843;851;860;868;877;886;895;904;913;922;931;940;950;959;969;979;988;998;1008;1018;1028;1039;1049;1060;1070;1081;1092;1103;1114;1125;1136;1147;1159;1170;1182;1194;1206;1218;1230;1242;1255;1267;1280;1293;1306;1319;1332;1345;1359;1372;1386;1400;1414;1428;1442;1457;1471;1486;1501;1516;1531;1547;1562;1578;1593;1609;1625;1642;1658;1675;1691;1708;1725;1743;1760;1778;1795;1813;1832;1850;1868;1887;1906;1925;1944;1964;1983;2003;2023;2043;2064;2084;2105;2126;2148>,16,<22;22;22;22;22;25;25;25;25;25;27;27;27;27;27;30;30;30;30;30;32;32;32;32;32;34;34;34;34;34;37;37;37;37;37;39;39;39;39;39;42;42;42;42;42;44;44;44;44;44;46;46;46;46;46;49;49;49;49;49;51;51;51;51;51;54;54;54;54;54;56;56;56;56;56;58;58;58;58;58;61;61;61;61;61;63;63;63;63;63;66;66;66;66;66;68;68;68;68;68;69;69;70;71;71;72;73;74;74;75;76;77;77;78;79;80;81;81;82;83;84;85;85;86;87;88;89;90;91;92;93;93;94;95;96;97;98;99;100;101;102;103;104;105;106;107;109;110;111;112;113;114;115;116;118;119;120;121;122;124;125;126;127;129;130;131;132;134;135;136;138;139;141;142;143;145;146;148;149;151;152;154;155;157;158;160;162;163;165;167;168;170;172;173;175;177;179;180;182;184>,0,<>,,{drawcard=false;gain=false}
40431,守御,守禦,Defend,Defend,방어,Defender,4,1,config/item/gem/icon_4_l_1.png,3,防御向符石,防禦向符石,Defensive-type,Defensive-type,방어 룬스톤,Tipo defensivo,ประเภทป้องกัน,9999,{529=40},100,3,1,<1512;1535;1557;1580;1603;1625;1648;1671;1693;1716;1754;1778;1802;1826;1851;1875;1899;1923;1947;1972;2026;2052;2077;2103;2129;2155;2180;2206;2232;2257;2328;2356;2383;2410;2437;2465;2492;2519;2546;2573;2722;2752;2782;2812;2843;2873;2903;2933;2964;2994;3175;3208;3242;3275;3308;3342;3375;3408;3441;3475;3689;3726;3762;3798;3834;3871;3907;3943;3980;4016;4264;4303;4342;4382;4421;4460;4500;4539;4578;4618;4899;4941;4984;5026;5068;5111;5153;5195;5238;5280;5594;5640;5685;5730;5776;5821;5867;5912;5957;6003;6063;6124;6185;6247;6309;6372;6436;6500;6565;6631;6697;6764;6832;6900;6969;7039;7109;7180;7252;7325;7398;7472;7547;7622;7698;7775;7853;7932;8011;8091;8172;8254;8336;8420;8504;8589;8675;8762;8849;8938;9027;9117;9208;9301;9394;9487;9582;9678;9775;9873;9971;10071;10172;10274;10376;10480;10585;10691;10798;10906;11015;11125;11236;11348;11462;11577;11692;11809;11927;12047;12167;12289;12412;12536;12661;12788;12916;13045;13175;13307;13440;13574;13710;13847;13986;14126;14267;14410;14554;14699;14846;14995;15145;15296;15449;15603;15759;15917;16076;16237>,9,<210;213;216;219;223;226;229;232;235;238;244;247;250;254;257;260;264;267;270;274;281;285;289;292;296;299;303;306;310;314;323;327;331;335;339;342;346;350;354;357;378;382;386;391;395;399;403;407;412;416;441;446;450;455;459;464;469;473;478;483;512;517;522;528;533;538;543;548;553;558;592;598;603;609;614;620;625;630;636;641;680;686;692;698;704;710;716;722;727;733;777;783;790;796;802;809;815;821;827;834;842;851;859;868;877;885;894;903;912;921;930;940;949;959;968;978;988;998;1008;1018;1028;1038;1048;1059;1070;1080;1091;1102;1113;1124;1135;1147;1158;1170;1181;1193;1205;1217;1229;1242;1254;1267;1279;1292;1305;1318;1331;1345;1358;1372;1385;1399;1413;1427;1442;1456;1471;1485;1500;1515;1530;1546;1561;1577;1592;1608;1624;1641;1657;1674;1690;1707;1724;1742;1759;1777;1794;1812;1830;1849;1867;1886;1905;1924;1943;1962;1982;2002;2022;2042;2063;2083;2104;2125;2146;2168;2189;2211;2233;2256>,17,<40;40;40;40;40;45;45;45;45;45;49;49;49;49;49;53;53;53;53;53;58;58;58;58;58;62;62;62;62;62;66;66;66;66;66;71;71;71;71;71;75;75;75;75;75;79;79;79;79;79;84;84;84;84;84;88;88;88;88;88;92;92;92;92;92;96;96;96;96;96;101;101;101;101;101;105;105;105;105;105;109;109;109;109;109;114;114;114;114;114;118;118;118;118;118;122;122;122;122;122;123;124;126;127;128;130;131;132;133;135;136;137;139;140;142;143;144;146;147;149;150;152;153;155;156;158;160;161;163;164;166;168;169;171;173;175;176;178;180;182;183;185;187;189;191;193;195;197;199;201;203;205;207;209;211;213;215;217;219;222;224;226;228;231;233;235;238;240;242;245;247;250;252;255;257;260;262;265;268;270;273;276;279;281;284;287;290;293;296;299;302;305;308;311;314;317;320;323;327;330>,0,<>,0,<>,,{drawcard=false;gain=false}
40432,守御,守禦,Defend,Defend,방어,Defender,4,2,config/item/gem/icon_4_l_2.png,3,防御向符石,防禦向符石,Defensive-type,Defensive-type,방어 룬스톤,Tipo defensivo,ประเภทป้องกัน,9999,{529=40},100,3,1,<1512;1535;1557;1580;1603;1625;1648;1671;1693;1716;1754;1778;1802;1826;1851;1875;1899;1923;1947;1972;2026;2052;2077;2103;2129;2155;2180;2206;2232;2257;2328;2356;2383;2410;2437;2465;2492;2519;2546;2573;2722;2752;2782;2812;2843;2873;2903;2933;2964;2994;3175;3208;3242;3275;3308;3342;3375;3408;3441;3475;3689;3726;3762;3798;3834;3871;3907;3943;3980;4016;4264;4303;4342;4382;4421;4460;4500;4539;4578;4618;4899;4941;4984;5026;5068;5111;5153;5195;5238;5280;5594;5640;5685;5730;5776;5821;5867;5912;5957;6003;6063;6124;6185;6247;6309;6372;6436;6500;6565;6631;6697;6764;6832;6900;6969;7039;7109;7180;7252;7325;7398;7472;7547;7622;7698;7775;7853;7932;8011;8091;8172;8254;8336;8420;8504;8589;8675;8762;8849;8938;9027;9117;9208;9301;9394;9487;9582;9678;9775;9873;9971;10071;10172;10274;10376;10480;10585;10691;10798;10906;11015;11125;11236;11348;11462;11577;11692;11809;11927;12047;12167;12289;12412;12536;12661;12788;12916;13045;13175;13307;13440;13574;13710;13847;13986;14126;14267;14410;14554;14699;14846;14995;15145;15296;15449;15603;15759;15917;16076;16237>,10,<210;213;216;219;223;226;229;232;235;238;244;247;250;254;257;260;264;267;270;274;281;285;289;292;296;299;303;306;310;314;323;327;331;335;339;342;346;350;354;357;378;382;386;391;395;399;403;407;412;416;441;446;450;455;459;464;469;473;478;483;512;517;522;528;533;538;543;548;553;558;592;598;603;609;614;620;625;630;636;641;680;686;692;698;704;710;716;722;727;733;777;783;790;796;802;809;815;821;827;834;842;851;859;868;877;885;894;903;912;921;930;940;949;959;968;978;988;998;1008;1018;1028;1038;1048;1059;1070;1080;1091;1102;1113;1124;1135;1147;1158;1170;1181;1193;1205;1217;1229;1242;1254;1267;1279;1292;1305;1318;1331;1345;1358;1372;1385;1399;1413;1427;1442;1456;1471;1485;1500;1515;1530;1546;1561;1577;1592;1608;1624;1641;1657;1674;1690;1707;1724;1742;1759;1777;1794;1812;1830;1849;1867;1886;1905;1924;1943;1962;1982;2002;2022;2042;2063;2083;2104;2125;2146;2168;2189;2211;2233;2256>,19,<40;40;40;40;40;45;45;45;45;45;49;49;49;49;49;53;53;53;53;53;58;58;58;58;58;62;62;62;62;62;66;66;66;66;66;71;71;71;71;71;75;75;75;75;75;79;79;79;79;79;84;84;84;84;84;88;88;88;88;88;92;92;92;92;92;96;96;96;96;96;101;101;101;101;101;105;105;105;105;105;109;109;109;109;109;114;114;114;114;114;118;118;118;118;118;122;122;122;122;122;123;124;126;127;128;130;131;132;133;135;136;137;139;140;142;143;144;146;147;149;150;152;153;155;156;158;160;161;163;164;166;168;169;171;173;175;176;178;180;182;183;185;187;189;191;193;195;197;199;201;203;205;207;209;211;213;215;217;219;222;224;226;228;231;233;235;238;240;242;245;247;250;252;255;257;260;262;265;268;270;273;276;279;281;284;287;290;293;296;299;302;305;308;311;314;317;320;323;327;330>,0,<>,0,<>,,{drawcard=false;gain=false}
40433,守御,守禦,Defend,Defend,방어,Defender,4,3,config/item/gem/icon_4_l_3.png,3,防御向符石,防禦向符石,Defensive-type,Defensive-type,방어 룬스톤,Tipo defensivo,ประเภทป้องกัน,9999,{529=40},100,3,9,<210;213;216;219;223;226;229;232;235;238;244;247;250;254;257;260;264;267;270;274;281;285;289;292;296;299;303;306;310;314;323;327;331;335;339;342;346;350;354;357;378;382;386;391;395;399;403;407;412;416;441;446;450;455;459;464;469;473;478;483;512;517;522;528;533;538;543;548;553;558;592;598;603;609;614;620;625;630;636;641;680;686;692;698;704;710;716;722;727;733;777;783;790;796;802;809;815;821;827;834;842;851;859;868;877;885;894;903;912;921;930;940;949;959;968;978;988;998;1008;1018;1028;1038;1048;1059;1070;1080;1091;1102;1113;1124;1135;1147;1158;1170;1181;1193;1205;1217;1229;1242;1254;1267;1279;1292;1305;1318;1331;1345;1358;1372;1385;1399;1413;1427;1442;1456;1471;1485;1500;1515;1530;1546;1561;1577;1592;1608;1624;1641;1657;1674;1690;1707;1724;1742;1759;1777;1794;1812;1830;1849;1867;1886;1905;1924;1943;1962;1982;2002;2022;2042;2063;2083;2104;2125;2146;2168;2189;2211;2233;2256>,10,<210;213;216;219;223;226;229;232;235;238;244;247;250;254;257;260;264;267;270;274;281;285;289;292;296;299;303;306;310;314;323;327;331;335;339;342;346;350;354;357;378;382;386;391;395;399;403;407;412;416;441;446;450;455;459;464;469;473;478;483;512;517;522;528;533;538;543;548;553;558;592;598;603;609;614;620;625;630;636;641;680;686;692;698;704;710;716;722;727;733;777;783;790;796;802;809;815;821;827;834;842;851;859;868;877;885;894;903;912;921;930;940;949;959;968;978;988;998;1008;1018;1028;1038;1048;1059;1070;1080;1091;1102;1113;1124;1135;1147;1158;1170;1181;1193;1205;1217;1229;1242;1254;1267;1279;1292;1305;1318;1331;1345;1358;1372;1385;1399;1413;1427;1442;1456;1471;1485;1500;1515;1530;1546;1561;1577;1592;1608;1624;1641;1657;1674;1690;1707;1724;1742;1759;1777;1794;1812;1830;1849;1867;1886;1905;1924;1943;1962;1982;2002;2022;2042;2063;2083;2104;2125;2146;2168;2189;2211;2233;2256>,22,<20;20;20;20;20;22;22;22;22;22;24;24;24;24;24;27;27;27;27;27;29;29;29;29;29;31;31;31;31;31;33;33;33;33;33;35;35;35;35;35;37;37;37;37;37;40;40;40;40;40;42;42;42;42;42;44;44;44;44;44;46;46;46;46;46;48;48;48;48;48;50;50;50;50;50;53;53;53;53;53;55;55;55;55;55;57;57;57;57;57;59;59;59;59;59;61;61;61;61;61;62;62;63;63;64;65;65;66;67;67;68;69;69;70;71;72;72;73;74;74;75;76;77;77;78;79;80;81;81;82;83;84;85;86;86;87;88;89;90;91;92;93;94;95;95;96;97;98;99;100;101;102;103;104;105;106;108;109;110;111;112;113;114;115;116;118;119;120;121;122;124;125;126;127;129;130;131;133;134;135;137;138;139;141;142;144;145;146;148;149;151;152;154;155;157;159;160;162;163;165>,0,<>,0,<>,,{drawcard=false;gain=false}
40434,守御,守禦,Defend,Defend,방어,Defender,4,4,config/item/gem/icon_4_l_4.png,3,防御向符石,防禦向符石,Defensive-type,Defensive-type,방어 룬스톤,Tipo defensivo,ประเภทป้องกัน,9999,{529=40},100,3,9,<210;213;216;219;223;226;229;232;235;238;244;247;250;254;257;260;264;267;270;274;281;285;289;292;296;299;303;306;310;314;323;327;331;335;339;342;346;350;354;357;378;382;386;391;395;399;403;407;412;416;441;446;450;455;459;464;469;473;478;483;512;517;522;528;533;538;543;548;553;558;592;598;603;609;614;620;625;630;636;641;680;686;692;698;704;710;716;722;727;733;777;783;790;796;802;809;815;821;827;834;842;851;859;868;877;885;894;903;912;921;930;940;949;959;968;978;988;998;1008;1018;1028;1038;1048;1059;1070;1080;1091;1102;1113;1124;1135;1147;1158;1170;1181;1193;1205;1217;1229;1242;1254;1267;1279;1292;1305;1318;1331;1345;1358;1372;1385;1399;1413;1427;1442;1456;1471;1485;1500;1515;1530;1546;1561;1577;1592;1608;1624;1641;1657;1674;1690;1707;1724;1742;1759;1777;1794;1812;1830;1849;1867;1886;1905;1924;1943;1962;1982;2002;2022;2042;2063;2083;2104;2125;2146;2168;2189;2211;2233;2256>,10,<210;213;216;219;223;226;229;232;235;238;244;247;250;254;257;260;264;267;270;274;281;285;289;292;296;299;303;306;310;314;323;327;331;335;339;342;346;350;354;357;378;382;386;391;395;399;403;407;412;416;441;446;450;455;459;464;469;473;478;483;512;517;522;528;533;538;543;548;553;558;592;598;603;609;614;620;625;630;636;641;680;686;692;698;704;710;716;722;727;733;777;783;790;796;802;809;815;821;827;834;842;851;859;868;877;885;894;903;912;921;930;940;949;959;968;978;988;998;1008;1018;1028;1038;1048;1059;1070;1080;1091;1102;1113;1124;1135;1147;1158;1170;1181;1193;1205;1217;1229;1242;1254;1267;1279;1292;1305;1318;1331;1345;1358;1372;1385;1399;1413;1427;1442;1456;1471;1485;1500;1515;1530;1546;1561;1577;1592;1608;1624;1641;1657;1674;1690;1707;1724;1742;1759;1777;1794;1812;1830;1849;1867;1886;1905;1924;1943;1962;1982;2002;2022;2042;2063;2083;2104;2125;2146;2168;2189;2211;2233;2256>,23,<20;20;20;20;20;22;22;22;22;22;24;24;24;24;24;27;27;27;27;27;29;29;29;29;29;31;31;31;31;31;33;33;33;33;33;35;35;35;35;35;37;37;37;37;37;40;40;40;40;40;42;42;42;42;42;44;44;44;44;44;46;46;46;46;46;48;48;48;48;48;50;50;50;50;50;53;53;53;53;53;55;55;55;55;55;57;57;57;57;57;59;59;59;59;59;61;61;61;61;61;62;62;63;63;64;65;65;66;67;67;68;69;69;70;71;72;72;73;74;74;75;76;77;77;78;79;80;81;81;82;83;84;85;86;86;87;88;89;90;91;92;93;94;95;95;96;97;98;99;100;101;102;103;104;105;106;108;109;110;111;112;113;114;115;116;118;119;120;121;122;124;125;126;127;129;130;131;133;134;135;137;138;139;141;142;144;145;146;148;149;151;152;154;155;157;159;160;162;163;165>,0,<>,0,<>,,{drawcard=false;gain=false}
40435,守御,守禦,Defend,Defend,방어,Defender,4,5,config/item/gem/icon_4_l_5.png,3,防御向符石,防禦向符石,Defensive-type,Defensive-type,방어 룬스톤,Tipo defensivo,ประเภทป้องกัน,9999,{529=40},100,3,1,<1512;1535;1557;1580;1603;1625;1648;1671;1693;1716;1754;1778;1802;1826;1851;1875;1899;1923;1947;1972;2026;2052;2077;2103;2129;2155;2180;2206;2232;2257;2328;2356;2383;2410;2437;2465;2492;2519;2546;2573;2722;2752;2782;2812;2843;2873;2903;2933;2964;2994;3175;3208;3242;3275;3308;3342;3375;3408;3441;3475;3689;3726;3762;3798;3834;3871;3907;3943;3980;4016;4264;4303;4342;4382;4421;4460;4500;4539;4578;4618;4899;4941;4984;5026;5068;5111;5153;5195;5238;5280;5594;5640;5685;5730;5776;5821;5867;5912;5957;6003;6063;6124;6185;6247;6309;6372;6436;6500;6565;6631;6697;6764;6832;6900;6969;7039;7109;7180;7252;7325;7398;7472;7547;7622;7698;7775;7853;7932;8011;8091;8172;8254;8336;8420;8504;8589;8675;8762;8849;8938;9027;9117;9208;9301;9394;9487;9582;9678;9775;9873;9971;10071;10172;10274;10376;10480;10585;10691;10798;10906;11015;11125;11236;11348;11462;11577;11692;11809;11927;12047;12167;12289;12412;12536;12661;12788;12916;13045;13175;13307;13440;13574;13710;13847;13986;14126;14267;14410;14554;14699;14846;14995;15145;15296;15449;15603;15759;15917;16076;16237>,7,<300;305;309;314;318;323;327;332;336;341;348;353;358;362;367;372;377;382;386;391;402;407;412;417;422;428;433;438;443;448;462;467;473;478;484;489;494;500;505;511;540;546;552;558;564;570;576;582;588;594;630;637;643;650;656;663;670;676;683;689;732;739;746;754;761;768;775;782;790;797;846;854;862;869;877;885;893;901;908;916;972;980;989;997;1006;1014;1022;1031;1039;1048;1110;1119;1128;1137;1146;1155;1164;1173;1182;1191;1203;1215;1227;1239;1252;1264;1277;1290;1303;1316;1329;1342;1355;1369;1383;1397;1411;1425;1439;1453;1468;1482;1497;1512;1527;1543;1558;1574;1589;1605;1621;1638;1654;1670;1687;1704;1721;1738;1756;1773;1791;1809;1827;1845;1864;1882;1901;1920;1939;1959;1978;1998;2018;2038;2059;2079;2100;2121;2142;2164;2185;2207;2229;2252;2274;2297;2320;2343;2366;2390;2414;2438;2462;2487;2512;2537;2562;2588;2614;2640;2667;2693;2720;2747;2775;2803;2831;2859;2887;2916;2945;2975;3005;3035;3065;3096;3127;3158;3190;3221>,8,<300;305;309;314;318;323;327;332;336;341;348;353;358;362;367;372;377;382;386;391;402;407;412;417;422;428;433;438;443;448;462;467;473;478;484;489;494;500;505;511;540;546;552;558;564;570;576;582;588;594;630;637;643;650;656;663;670;676;683;689;732;739;746;754;761;768;775;782;790;797;846;854;862;869;877;885;893;901;908;916;972;980;989;997;1006;1014;1022;1031;1039;1048;1110;1119;1128;1137;1146;1155;1164;1173;1182;1191;1203;1215;1227;1239;1252;1264;1277;1290;1303;1316;1329;1342;1355;1369;1383;1397;1411;1425;1439;1453;1468;1482;1497;1512;1527;1543;1558;1574;1589;1605;1621;1638;1654;1670;1687;1704;1721;1738;1756;1773;1791;1809;1827;1845;1864;1882;1901;1920;1939;1959;1978;1998;2018;2038;2059;2079;2100;2121;2142;2164;2185;2207;2229;2252;2274;2297;2320;2343;2366;2390;2414;2438;2462;2487;2512;2537;2562;2588;2614;2640;2667;2693;2720;2747;2775;2803;2831;2859;2887;2916;2945;2975;3005;3035;3065;3096;3127;3158;3190;3221>,91,<40;40;40;40;40;45;45;45;45;45;49;49;49;49;49;53;53;53;53;53;58;58;58;58;58;62;62;62;62;62;66;66;66;66;66;71;71;71;71;71;75;75;75;75;75;79;79;79;79;79;84;84;84;84;84;88;88;88;88;88;92;92;92;92;92;96;96;96;96;96;101;101;101;101;101;105;105;105;105;105;109;109;109;109;109;114;114;114;114;114;118;118;118;118;118;122;122;122;122;122;123;124;126;127;128;130;131;132;133;135;136;137;139;140;142;143;144;146;147;149;150;152;153;155;156;158;160;161;163;164;166;168;169;171;173;175;176;178;180;182;183;185;187;189;191;193;195;197;199;201;203;205;207;209;211;213;215;217;219;222;224;226;228;231;233;235;238;240;242;245;247;250;252;255;257;260;262;265;268;270;273;276;279;281;284;287;290;293;296;299;302;305;308;311;314;317;320;323;327;330>,0,<>,,{drawcard=false;gain=false}
40436,守御,守禦,Defend,Defend,방어,Defender,4,6,config/item/gem/icon_4_l_6.png,3,防御向符石,防禦向符石,Defensive-type,Defensive-type,방어 룬스톤,Tipo defensivo,ประเภทป้องกัน,9999,{529=40},100,3,1,<1512;1535;1557;1580;1603;1625;1648;1671;1693;1716;1754;1778;1802;1826;1851;1875;1899;1923;1947;1972;2026;2052;2077;2103;2129;2155;2180;2206;2232;2257;2328;2356;2383;2410;2437;2465;2492;2519;2546;2573;2722;2752;2782;2812;2843;2873;2903;2933;2964;2994;3175;3208;3242;3275;3308;3342;3375;3408;3441;3475;3689;3726;3762;3798;3834;3871;3907;3943;3980;4016;4264;4303;4342;4382;4421;4460;4500;4539;4578;4618;4899;4941;4984;5026;5068;5111;5153;5195;5238;5280;5594;5640;5685;5730;5776;5821;5867;5912;5957;6003;6063;6124;6185;6247;6309;6372;6436;6500;6565;6631;6697;6764;6832;6900;6969;7039;7109;7180;7252;7325;7398;7472;7547;7622;7698;7775;7853;7932;8011;8091;8172;8254;8336;8420;8504;8589;8675;8762;8849;8938;9027;9117;9208;9301;9394;9487;9582;9678;9775;9873;9971;10071;10172;10274;10376;10480;10585;10691;10798;10906;11015;11125;11236;11348;11462;11577;11692;11809;11927;12047;12167;12289;12412;12536;12661;12788;12916;13045;13175;13307;13440;13574;13710;13847;13986;14126;14267;14410;14554;14699;14846;14995;15145;15296;15449;15603;15759;15917;16076;16237>,7,<300;305;309;314;318;323;327;332;336;341;348;353;358;362;367;372;377;382;386;391;402;407;412;417;422;428;433;438;443;448;462;467;473;478;484;489;494;500;505;511;540;546;552;558;564;570;576;582;588;594;630;637;643;650;656;663;670;676;683;689;732;739;746;754;761;768;775;782;790;797;846;854;862;869;877;885;893;901;908;916;972;980;989;997;1006;1014;1022;1031;1039;1048;1110;1119;1128;1137;1146;1155;1164;1173;1182;1191;1203;1215;1227;1239;1252;1264;1277;1290;1303;1316;1329;1342;1355;1369;1383;1397;1411;1425;1439;1453;1468;1482;1497;1512;1527;1543;1558;1574;1589;1605;1621;1638;1654;1670;1687;1704;1721;1738;1756;1773;1791;1809;1827;1845;1864;1882;1901;1920;1939;1959;1978;1998;2018;2038;2059;2079;2100;2121;2142;2164;2185;2207;2229;2252;2274;2297;2320;2343;2366;2390;2414;2438;2462;2487;2512;2537;2562;2588;2614;2640;2667;2693;2720;2747;2775;2803;2831;2859;2887;2916;2945;2975;3005;3035;3065;3096;3127;3158;3190;3221>,8,<300;305;309;314;318;323;327;332;336;341;348;353;358;362;367;372;377;382;386;391;402;407;412;417;422;428;433;438;443;448;462;467;473;478;484;489;494;500;505;511;540;546;552;558;564;570;576;582;588;594;630;637;643;650;656;663;670;676;683;689;732;739;746;754;761;768;775;782;790;797;846;854;862;869;877;885;893;901;908;916;972;980;989;997;1006;1014;1022;1031;1039;1048;1110;1119;1128;1137;1146;1155;1164;1173;1182;1191;1203;1215;1227;1239;1252;1264;1277;1290;1303;1316;1329;1342;1355;1369;1383;1397;1411;1425;1439;1453;1468;1482;1497;1512;1527;1543;1558;1574;1589;1605;1621;1638;1654;1670;1687;1704;1721;1738;1756;1773;1791;1809;1827;1845;1864;1882;1901;1920;1939;1959;1978;1998;2018;2038;2059;2079;2100;2121;2142;2164;2185;2207;2229;2252;2274;2297;2320;2343;2366;2390;2414;2438;2462;2487;2512;2537;2562;2588;2614;2640;2667;2693;2720;2747;2775;2803;2831;2859;2887;2916;2945;2975;3005;3035;3065;3096;3127;3158;3190;3221>,16,<34;34;34;34;34;37;37;37;37;37;41;41;41;41;41;44;44;44;44;44;48;48;48;48;48;52;52;52;52;52;55;55;55;55;55;59;59;59;59;59;62;62;62;62;62;66;66;66;66;66;70;70;70;70;70;73;73;73;73;73;77;77;77;77;77;80;80;80;80;80;84;84;84;84;84;88;88;88;88;88;91;91;91;91;91;95;95;95;95;95;98;98;98;98;98;102;102;102;102;102;103;104;105;106;107;108;109;110;112;113;114;115;116;117;118;120;121;122;123;124;126;127;128;130;131;132;133;135;136;137;139;140;142;143;144;146;147;149;150;152;153;155;156;158;160;161;163;164;166;168;169;171;173;175;176;178;180;182;183;185;187;189;191;193;195;197;199;201;203;205;207;209;211;213;215;217;219;222;224;226;228;231;233;235;238;240;242;245;247;250;252;255;257;260;263;265;268;270;273;276>,0,<>,,{drawcard=false;gain=false}
40441,守御,守禦,Defend,Defend,방어,Defender,4,1,config/item/gem/icon_4_z_1.png,4,防御向符石,防禦向符石,Defensive-type,Defensive-type,방어 룬스톤,Tipo defensivo,ประเภทป้องกัน,9999,{529=80},100,4,1,<2218;2251;2285;2318;2351;2384;2418;2451;2484;2517;2573;2608;2644;2679;2715;2750;2786;2821;2857;2892;2972;3010;3048;3085;3123;3161;3198;3236;3274;3311;3416;3456;3496;3535;3575;3615;3655;3695;3735;3775;3992;4037;4081;4125;4170;4214;4259;4303;4347;4392;4658;4707;4755;4804;4853;4902;4951;4999;5048;5097;5412;5465;5518;5572;5625;5678;5731;5785;5838;5891;6255;6312;6370;6428;6485;6543;6601;6658;6716;6774;7186;7248;7311;7373;7435;7497;7559;7621;7683;7745;8207;8273;8340;8406;8473;8539;8606;8672;8739;8805;8893;8982;9072;9163;9254;9347;9440;9535;9630;9726;9823;9922;10021;10121;10222;10325;10428;10532;10637;10744;10851;10960;11069;11180;11292;11405;11519;11634;11750;11868;11986;12106;12227;12350;12473;12598;12724;12851;12980;13109;13241;13373;13507;13642;13778;13916;14055;14196;14338;14481;14626;14772;14920;15069;15220;15372;15526;15681;15838;15996;16156;16318;16481;16646;16812;16980;17150;17321;17495;17670;17846;18025;18205;18387;18571;18757;18944;19134;19325;19518;19713;19910;20110;20311;20514;20719;20926;21135;21347;21560;21776;21994;22214;22436;22660;22887;23115;23347;23580;23816>,9,<308;313;317;322;326;331;336;340;345;350;357;362;367;372;377;382;387;392;397;402;413;418;423;428;434;439;444;449;455;460;474;480;485;491;496;502;508;513;519;524;554;561;567;573;579;585;591;598;604;610;647;654;660;667;674;681;687;694;701;708;752;759;766;774;781;788;796;803;811;818;869;877;885;893;901;909;917;925;933;941;998;1007;1015;1024;1032;1041;1050;1058;1067;1076;1140;1149;1158;1167;1177;1186;1195;1204;1214;1223;1235;1248;1260;1273;1285;1298;1311;1324;1338;1351;1364;1378;1392;1406;1420;1434;1448;1463;1478;1492;1507;1522;1538;1553;1568;1584;1600;1616;1632;1648;1665;1682;1698;1715;1733;1750;1767;1785;1803;1821;1839;1857;1876;1895;1914;1933;1952;1972;1991;2011;2031;2052;2072;2093;2114;2135;2156;2178;2200;2222;2244;2266;2289;2312;2335;2359;2382;2406;2430;2454;2479;2504;2529;2554;2579;2605;2631;2658;2684;2711;2738;2766;2793;2821;2849;2878;2907;2936;2965;2995;3025;3055;3085;3116;3147;3179;3211;3243;3275;3308>,17,<59;59;59;59;59;65;65;65;65;65;72;72;72;72;72;78;78;78;78;78;84;84;84;84;84;91;91;91;91;91;97;97;97;97;97;103;103;103;103;103;110;110;110;110;110;116;116;116;116;116;122;122;122;122;122;129;129;129;129;129;135;135;135;135;135;142;142;142;142;142;148;148;148;148;148;154;154;154;154;154;161;161;161;161;161;167;167;167;167;167;173;173;173;173;173;180;180;180;180;180;182;184;185;187;189;191;193;195;197;199;201;203;205;207;209;211;213;215;217;220;222;224;226;229;231;233;235;238;240;243;245;247;250;252;255;258;260;263;265;268;271;273;276;279;282;284;287;290;293;296;299;302;305;308;311;314;317;321;324;327;330;334;337;340;344;347;351;354;358;361;365;368;372;376;380;383;387;391;395;399;403;407;411;415;419;424;428;432;436;441;445;450;454;459;463;468;473;477;482;487>,0,<>,0,<>,,{drawcard=zi_effect_loop}
40442,守御,守禦,Defend,Defend,방어,Defender,4,2,config/item/gem/icon_4_z_2.png,4,防御向符石,防禦向符石,Defensive-type,Defensive-type,방어 룬스톤,Tipo defensivo,ประเภทป้องกัน,9999,{529=80},100,4,1,<2218;2251;2285;2318;2351;2384;2418;2451;2484;2517;2573;2608;2644;2679;2715;2750;2786;2821;2857;2892;2972;3010;3048;3085;3123;3161;3198;3236;3274;3311;3416;3456;3496;3535;3575;3615;3655;3695;3735;3775;3992;4037;4081;4125;4170;4214;4259;4303;4347;4392;4658;4707;4755;4804;4853;4902;4951;4999;5048;5097;5412;5465;5518;5572;5625;5678;5731;5785;5838;5891;6255;6312;6370;6428;6485;6543;6601;6658;6716;6774;7186;7248;7311;7373;7435;7497;7559;7621;7683;7745;8207;8273;8340;8406;8473;8539;8606;8672;8739;8805;8893;8982;9072;9163;9254;9347;9440;9535;9630;9726;9823;9922;10021;10121;10222;10325;10428;10532;10637;10744;10851;10960;11069;11180;11292;11405;11519;11634;11750;11868;11986;12106;12227;12350;12473;12598;12724;12851;12980;13109;13241;13373;13507;13642;13778;13916;14055;14196;14338;14481;14626;14772;14920;15069;15220;15372;15526;15681;15838;15996;16156;16318;16481;16646;16812;16980;17150;17321;17495;17670;17846;18025;18205;18387;18571;18757;18944;19134;19325;19518;19713;19910;20110;20311;20514;20719;20926;21135;21347;21560;21776;21994;22214;22436;22660;22887;23115;23347;23580;23816>,10,<308;313;317;322;326;331;336;340;345;350;357;362;367;372;377;382;387;392;397;402;413;418;423;428;434;439;444;449;455;460;474;480;485;491;496;502;508;513;519;524;554;561;567;573;579;585;591;598;604;610;647;654;660;667;674;681;687;694;701;708;752;759;766;774;781;788;796;803;811;818;869;877;885;893;901;909;917;925;933;941;998;1007;1015;1024;1032;1041;1050;1058;1067;1076;1140;1149;1158;1167;1177;1186;1195;1204;1214;1223;1235;1248;1260;1273;1285;1298;1311;1324;1338;1351;1364;1378;1392;1406;1420;1434;1448;1463;1478;1492;1507;1522;1538;1553;1568;1584;1600;1616;1632;1648;1665;1682;1698;1715;1733;1750;1767;1785;1803;1821;1839;1857;1876;1895;1914;1933;1952;1972;1991;2011;2031;2052;2072;2093;2114;2135;2156;2178;2200;2222;2244;2266;2289;2312;2335;2359;2382;2406;2430;2454;2479;2504;2529;2554;2579;2605;2631;2658;2684;2711;2738;2766;2793;2821;2849;2878;2907;2936;2965;2995;3025;3055;3085;3116;3147;3179;3211;3243;3275;3308>,19,<59;59;59;59;59;65;65;65;65;65;72;72;72;72;72;78;78;78;78;78;84;84;84;84;84;91;91;91;91;91;97;97;97;97;97;103;103;103;103;103;110;110;110;110;110;116;116;116;116;116;122;122;122;122;122;129;129;129;129;129;135;135;135;135;135;142;142;142;142;142;148;148;148;148;148;154;154;154;154;154;161;161;161;161;161;167;167;167;167;167;173;173;173;173;173;180;180;180;180;180;182;184;185;187;189;191;193;195;197;199;201;203;205;207;209;211;213;215;217;220;222;224;226;229;231;233;235;238;240;243;245;247;250;252;255;258;260;263;265;268;271;273;276;279;282;284;287;290;293;296;299;302;305;308;311;314;317;321;324;327;330;334;337;340;344;347;351;354;358;361;365;368;372;376;380;383;387;391;395;399;403;407;411;415;419;424;428;432;436;441;445;450;454;459;463;468;473;477;482;487>,0,<>,0,<>,,{drawcard=zi_effect_loop}
40443,守御,守禦,Defend,Defend,방어,Defender,4,3,config/item/gem/icon_4_z_3.png,4,防御向符石,防禦向符石,Defensive-type,Defensive-type,방어 룬스톤,Tipo defensivo,ประเภทป้องกัน,9999,{529=80},100,4,9,<308;313;317;322;326;331;336;340;345;350;357;362;367;372;377;382;387;392;397;402;413;418;423;428;434;439;444;449;455;460;474;480;485;491;496;502;508;513;519;524;554;561;567;573;579;585;591;598;604;610;647;654;660;667;674;681;687;694;701;708;752;759;766;774;781;788;796;803;811;818;869;877;885;893;901;909;917;925;933;941;998;1007;1015;1024;1032;1041;1050;1058;1067;1076;1140;1149;1158;1167;1177;1186;1195;1204;1214;1223;1235;1248;1260;1273;1285;1298;1311;1324;1338;1351;1364;1378;1392;1406;1420;1434;1448;1463;1478;1492;1507;1522;1538;1553;1568;1584;1600;1616;1632;1648;1665;1682;1698;1715;1733;1750;1767;1785;1803;1821;1839;1857;1876;1895;1914;1933;1952;1972;1991;2011;2031;2052;2072;2093;2114;2135;2156;2178;2200;2222;2244;2266;2289;2312;2335;2359;2382;2406;2430;2454;2479;2504;2529;2554;2579;2605;2631;2658;2684;2711;2738;2766;2793;2821;2849;2878;2907;2936;2965;2995;3025;3055;3085;3116;3147;3179;3211;3243;3275;3308>,10,<308;313;317;322;326;331;336;340;345;350;357;362;367;372;377;382;387;392;397;402;413;418;423;428;434;439;444;449;455;460;474;480;485;491;496;502;508;513;519;524;554;561;567;573;579;585;591;598;604;610;647;654;660;667;674;681;687;694;701;708;752;759;766;774;781;788;796;803;811;818;869;877;885;893;901;909;917;925;933;941;998;1007;1015;1024;1032;1041;1050;1058;1067;1076;1140;1149;1158;1167;1177;1186;1195;1204;1214;1223;1235;1248;1260;1273;1285;1298;1311;1324;1338;1351;1364;1378;1392;1406;1420;1434;1448;1463;1478;1492;1507;1522;1538;1553;1568;1584;1600;1616;1632;1648;1665;1682;1698;1715;1733;1750;1767;1785;1803;1821;1839;1857;1876;1895;1914;1933;1952;1972;1991;2011;2031;2052;2072;2093;2114;2135;2156;2178;2200;2222;2244;2266;2289;2312;2335;2359;2382;2406;2430;2454;2479;2504;2529;2554;2579;2605;2631;2658;2684;2711;2738;2766;2793;2821;2849;2878;2907;2936;2965;2995;3025;3055;3085;3116;3147;3179;3211;3243;3275;3308>,22,<30;30;30;30;30;33;33;33;33;33;36;36;36;36;36;39;39;39;39;39;42;42;42;42;42;45;45;45;45;45;49;49;49;49;49;52;52;52;52;52;55;55;55;55;55;58;58;58;58;58;61;61;61;61;61;64;64;64;64;64;68;68;68;68;68;71;71;71;71;71;74;74;74;74;74;77;77;77;77;77;80;80;80;80;80;83;83;83;83;83;87;87;87;87;87;90;90;90;90;90;91;92;93;94;95;96;96;97;98;99;100;101;102;103;104;106;107;108;109;110;111;112;113;114;115;117;118;119;120;121;123;124;125;126;127;129;130;131;133;134;135;137;138;139;141;142;144;145;147;148;149;151;153;154;156;157;159;160;162;164;165;167;168;170;172;174;175;177;179;181;182;184;186;188;190;192;194;196;198;200;201;204;206;208;210;212;214;216;218;220;223;225;227;229;232;234;236;239;241;243>,0,<>,0,<>,,{drawcard=zi_effect_loop}
40444,守御,守禦,Defend,Defend,방어,Defender,4,4,config/item/gem/icon_4_z_4.png,4,防御向符石,防禦向符石,Defensive-type,Defensive-type,방어 룬스톤,Tipo defensivo,ประเภทป้องกัน,9999,{529=80},100,4,9,<308;313;317;322;326;331;336;340;345;350;357;362;367;372;377;382;387;392;397;402;413;418;423;428;434;439;444;449;455;460;474;480;485;491;496;502;508;513;519;524;554;561;567;573;579;585;591;598;604;610;647;654;660;667;674;681;687;694;701;708;752;759;766;774;781;788;796;803;811;818;869;877;885;893;901;909;917;925;933;941;998;1007;1015;1024;1032;1041;1050;1058;1067;1076;1140;1149;1158;1167;1177;1186;1195;1204;1214;1223;1235;1248;1260;1273;1285;1298;1311;1324;1338;1351;1364;1378;1392;1406;1420;1434;1448;1463;1478;1492;1507;1522;1538;1553;1568;1584;1600;1616;1632;1648;1665;1682;1698;1715;1733;1750;1767;1785;1803;1821;1839;1857;1876;1895;1914;1933;1952;1972;1991;2011;2031;2052;2072;2093;2114;2135;2156;2178;2200;2222;2244;2266;2289;2312;2335;2359;2382;2406;2430;2454;2479;2504;2529;2554;2579;2605;2631;2658;2684;2711;2738;2766;2793;2821;2849;2878;2907;2936;2965;2995;3025;3055;3085;3116;3147;3179;3211;3243;3275;3308>,10,<308;313;317;322;326;331;336;340;345;350;357;362;367;372;377;382;387;392;397;402;413;418;423;428;434;439;444;449;455;460;474;480;485;491;496;502;508;513;519;524;554;561;567;573;579;585;591;598;604;610;647;654;660;667;674;681;687;694;701;708;752;759;766;774;781;788;796;803;811;818;869;877;885;893;901;909;917;925;933;941;998;1007;1015;1024;1032;1041;1050;1058;1067;1076;1140;1149;1158;1167;1177;1186;1195;1204;1214;1223;1235;1248;1260;1273;1285;1298;1311;1324;1338;1351;1364;1378;1392;1406;1420;1434;1448;1463;1478;1492;1507;1522;1538;1553;1568;1584;1600;1616;1632;1648;1665;1682;1698;1715;1733;1750;1767;1785;1803;1821;1839;1857;1876;1895;1914;1933;1952;1972;1991;2011;2031;2052;2072;2093;2114;2135;2156;2178;2200;2222;2244;2266;2289;2312;2335;2359;2382;2406;2430;2454;2479;2504;2529;2554;2579;2605;2631;2658;2684;2711;2738;2766;2793;2821;2849;2878;2907;2936;2965;2995;3025;3055;3085;3116;3147;3179;3211;3243;3275;3308>,23,<30;30;30;30;30;33;33;33;33;33;36;36;36;36;36;39;39;39;39;39;42;42;42;42;42;45;45;45;45;45;49;49;49;49;49;52;52;52;52;52;55;55;55;55;55;58;58;58;58;58;61;61;61;61;61;64;64;64;64;64;68;68;68;68;68;71;71;71;71;71;74;74;74;74;74;77;77;77;77;77;80;80;80;80;80;83;83;83;83;83;87;87;87;87;87;90;90;90;90;90;91;92;93;94;95;96;96;97;98;99;100;101;102;103;104;106;107;108;109;110;111;112;113;114;115;117;118;119;120;121;123;124;125;126;127;129;130;131;133;134;135;137;138;139;141;142;144;145;147;148;149;151;153;154;156;157;159;160;162;164;165;167;168;170;172;174;175;177;179;181;182;184;186;188;190;192;194;196;198;200;201;204;206;208;210;212;214;216;218;220;223;225;227;229;232;234;236;239;241;243>,0,<>,0,<>,,{drawcard=zi_effect_loop}
40445,守御,守禦,Defend,Defend,방어,Defender,4,5,config/item/gem/icon_4_z_5.png,4,防御向符石,防禦向符石,Defensive-type,Defensive-type,방어 룬스톤,Tipo defensivo,ประเภทป้องกัน,9999,{529=80},100,4,1,<2218;2251;2285;2318;2351;2384;2418;2451;2484;2517;2573;2608;2644;2679;2715;2750;2786;2821;2857;2892;2972;3010;3048;3085;3123;3161;3198;3236;3274;3311;3416;3456;3496;3535;3575;3615;3655;3695;3735;3775;3992;4037;4081;4125;4170;4214;4259;4303;4347;4392;4658;4707;4755;4804;4853;4902;4951;4999;5048;5097;5412;5465;5518;5572;5625;5678;5731;5785;5838;5891;6255;6312;6370;6428;6485;6543;6601;6658;6716;6774;7186;7248;7311;7373;7435;7497;7559;7621;7683;7745;8207;8273;8340;8406;8473;8539;8606;8672;8739;8805;8893;8982;9072;9163;9254;9347;9440;9535;9630;9726;9823;9922;10021;10121;10222;10325;10428;10532;10637;10744;10851;10960;11069;11180;11292;11405;11519;11634;11750;11868;11986;12106;12227;12350;12473;12598;12724;12851;12980;13109;13241;13373;13507;13642;13778;13916;14055;14196;14338;14481;14626;14772;14920;15069;15220;15372;15526;15681;15838;15996;16156;16318;16481;16646;16812;16980;17150;17321;17495;17670;17846;18025;18205;18387;18571;18757;18944;19134;19325;19518;19713;19910;20110;20311;20514;20719;20926;21135;21347;21560;21776;21994;22214;22436;22660;22887;23115;23347;23580;23816>,7,<440;447;453;460;466;473;480;486;493;499;510;517;524;532;539;546;553;560;567;574;590;597;605;612;620;627;634;642;649;657;678;686;693;701;709;717;725;733;741;749;792;801;810;818;827;836;845;854;862;871;924;934;943;953;963;972;982;992;1001;1011;1074;1084;1095;1105;1116;1126;1137;1148;1158;1169;1241;1252;1264;1275;1287;1298;1309;1321;1332;1344;1426;1438;1450;1463;1475;1487;1500;1512;1524;1536;1628;1641;1654;1668;1681;1694;1707;1720;1734;1747;1764;1782;1800;1818;1836;1854;1873;1892;1911;1930;1949;1969;1988;2008;2028;2048;2069;2090;2111;2132;2153;2175;2196;2218;2240;2263;2285;2308;2331;2355;2378;2402;2426;2450;2475;2500;2525;2550;2575;2601;2627;2653;2680;2707;2734;2761;2789;2817;2845;2873;2902;2931;2960;2990;3020;3050;3080;3111;3142;3174;3206;3238;3270;3303;3336;3369;3403;3437;3471;3506;3541;3576;3612;3648;3685;3721;3759;3796;3834;3873;3911;3950;3990;4030;4070;4111;4152;4193;4235;4278;4321;4364;4407;4451;4496;4541;4586;4632;4679;4725>,8,<440;447;453;460;466;473;480;486;493;499;510;517;524;532;539;546;553;560;567;574;590;597;605;612;620;627;634;642;649;657;678;686;693;701;709;717;725;733;741;749;792;801;810;818;827;836;845;854;862;871;924;934;943;953;963;972;982;992;1001;1011;1074;1084;1095;1105;1116;1126;1137;1148;1158;1169;1241;1252;1264;1275;1287;1298;1309;1321;1332;1344;1426;1438;1450;1463;1475;1487;1500;1512;1524;1536;1628;1641;1654;1668;1681;1694;1707;1720;1734;1747;1764;1782;1800;1818;1836;1854;1873;1892;1911;1930;1949;1969;1988;2008;2028;2048;2069;2090;2111;2132;2153;2175;2196;2218;2240;2263;2285;2308;2331;2355;2378;2402;2426;2450;2475;2500;2525;2550;2575;2601;2627;2653;2680;2707;2734;2761;2789;2817;2845;2873;2902;2931;2960;2990;3020;3050;3080;3111;3142;3174;3206;3238;3270;3303;3336;3369;3403;3437;3471;3506;3541;3576;3612;3648;3685;3721;3759;3796;3834;3873;3911;3950;3990;4030;4070;4111;4152;4193;4235;4278;4321;4364;4407;4451;4496;4541;4586;4632;4679;4725>,91,<59;59;59;59;59;65;65;65;65;65;72;72;72;72;72;78;78;78;78;78;84;84;84;84;84;91;91;91;91;91;97;97;97;97;97;103;103;103;103;103;110;110;110;110;110;116;116;116;116;116;122;122;122;122;122;129;129;129;129;129;135;135;135;135;135;142;142;142;142;142;148;148;148;148;148;154;154;154;154;154;161;161;161;161;161;167;167;167;167;167;173;173;173;173;173;180;180;180;180;180;182;184;185;187;189;191;193;195;197;199;201;203;205;207;209;211;213;215;217;220;222;224;226;229;231;233;235;238;240;243;245;247;250;252;255;258;260;263;265;268;271;273;276;279;282;284;287;290;293;296;299;302;305;308;311;314;317;321;324;327;330;334;337;340;344;347;351;354;358;361;365;368;372;376;380;383;387;391;395;399;403;407;411;415;419;424;428;432;436;441;445;450;454;459;463;468;473;477;482;487>,0,<>,,{drawcard=zi_effect_loop}
40446,守御,守禦,Defend,Defend,방어,Defender,4,6,config/item/gem/icon_4_z_6.png,4,防御向符石,防禦向符石,Defensive-type,Defensive-type,방어 룬스톤,Tipo defensivo,ประเภทป้องกัน,9999,{529=80},100,4,1,<2218;2251;2285;2318;2351;2384;2418;2451;2484;2517;2573;2608;2644;2679;2715;2750;2786;2821;2857;2892;2972;3010;3048;3085;3123;3161;3198;3236;3274;3311;3416;3456;3496;3535;3575;3615;3655;3695;3735;3775;3992;4037;4081;4125;4170;4214;4259;4303;4347;4392;4658;4707;4755;4804;4853;4902;4951;4999;5048;5097;5412;5465;5518;5572;5625;5678;5731;5785;5838;5891;6255;6312;6370;6428;6485;6543;6601;6658;6716;6774;7186;7248;7311;7373;7435;7497;7559;7621;7683;7745;8207;8273;8340;8406;8473;8539;8606;8672;8739;8805;8893;8982;9072;9163;9254;9347;9440;9535;9630;9726;9823;9922;10021;10121;10222;10325;10428;10532;10637;10744;10851;10960;11069;11180;11292;11405;11519;11634;11750;11868;11986;12106;12227;12350;12473;12598;12724;12851;12980;13109;13241;13373;13507;13642;13778;13916;14055;14196;14338;14481;14626;14772;14920;15069;15220;15372;15526;15681;15838;15996;16156;16318;16481;16646;16812;16980;17150;17321;17495;17670;17846;18025;18205;18387;18571;18757;18944;19134;19325;19518;19713;19910;20110;20311;20514;20719;20926;21135;21347;21560;21776;21994;22214;22436;22660;22887;23115;23347;23580;23816>,7,<440;447;453;460;466;473;480;486;493;499;510;517;524;532;539;546;553;560;567;574;590;597;605;612;620;627;634;642;649;657;678;686;693;701;709;717;725;733;741;749;792;801;810;818;827;836;845;854;862;871;924;934;943;953;963;972;982;992;1001;1011;1074;1084;1095;1105;1116;1126;1137;1148;1158;1169;1241;1252;1264;1275;1287;1298;1309;1321;1332;1344;1426;1438;1450;1463;1475;1487;1500;1512;1524;1536;1628;1641;1654;1668;1681;1694;1707;1720;1734;1747;1764;1782;1800;1818;1836;1854;1873;1892;1911;1930;1949;1969;1988;2008;2028;2048;2069;2090;2111;2132;2153;2175;2196;2218;2240;2263;2285;2308;2331;2355;2378;2402;2426;2450;2475;2500;2525;2550;2575;2601;2627;2653;2680;2707;2734;2761;2789;2817;2845;2873;2902;2931;2960;2990;3020;3050;3080;3111;3142;3174;3206;3238;3270;3303;3336;3369;3403;3437;3471;3506;3541;3576;3612;3648;3685;3721;3759;3796;3834;3873;3911;3950;3990;4030;4070;4111;4152;4193;4235;4278;4321;4364;4407;4451;4496;4541;4586;4632;4679;4725>,8,<440;447;453;460;466;473;480;486;493;499;510;517;524;532;539;546;553;560;567;574;590;597;605;612;620;627;634;642;649;657;678;686;693;701;709;717;725;733;741;749;792;801;810;818;827;836;845;854;862;871;924;934;943;953;963;972;982;992;1001;1011;1074;1084;1095;1105;1116;1126;1137;1148;1158;1169;1241;1252;1264;1275;1287;1298;1309;1321;1332;1344;1426;1438;1450;1463;1475;1487;1500;1512;1524;1536;1628;1641;1654;1668;1681;1694;1707;1720;1734;1747;1764;1782;1800;1818;1836;1854;1873;1892;1911;1930;1949;1969;1988;2008;2028;2048;2069;2090;2111;2132;2153;2175;2196;2218;2240;2263;2285;2308;2331;2355;2378;2402;2426;2450;2475;2500;2525;2550;2575;2601;2627;2653;2680;2707;2734;2761;2789;2817;2845;2873;2902;2931;2960;2990;3020;3050;3080;3111;3142;3174;3206;3238;3270;3303;3336;3369;3403;3437;3471;3506;3541;3576;3612;3648;3685;3721;3759;3796;3834;3873;3911;3950;3990;4030;4070;4111;4152;4193;4235;4278;4321;4364;4407;4451;4496;4541;4586;4632;4679;4725>,16,<49;49;49;49;49;55;55;55;55;55;60;60;60;60;60;65;65;65;65;65;70;70;70;70;70;76;76;76;76;76;81;81;81;81;81;86;86;86;86;86;92;92;92;92;92;97;97;97;97;97;102;102;102;102;102;107;107;107;107;107;113;113;113;113;113;118;118;118;118;118;123;123;123;123;123;128;128;128;128;128;134;134;134;134;134;139;139;139;139;139;144;144;144;144;144;150;150;150;150;150;152;153;155;156;158;159;161;162;164;166;167;169;171;172;174;176;178;179;181;183;185;187;189;190;192;194;196;198;200;202;204;206;208;210;212;215;217;219;221;223;226;228;230;232;235;237;239;242;244;247;249;252;254;257;259;262;264;267;270;273;275;278;281;284;286;289;292;295;298;301;304;307;310;313;316;320;323;326;329;333;336;339;343;346;349;353;356;360;364;367;371;375;378;382;386;390;394;398;402;406>,0,<>,,{drawcard=zi_effect_loop}
40451,守御,守禦,Defend,Defend,방어,Defender,4,1,config/item/gem/icon_4_hu_1.png,5,防御向符石,防禦向符石,Defensive-type,Defensive-type,방어 룬스톤,Tipo defensivo,ประเภทป้องกัน,9999,{529=400},100,5,1,<3427;3478;3530;3581;3633;3684;3735;3787;3838;3890;3975;4030;4085;4140;4195;4249;4304;4359;4414;4469;4592;4650;4709;4767;4825;4883;4942;5000;5058;5117;5278;5339;5401;5463;5524;5586;5648;5709;5771;5833;6169;6237;6306;6374;6443;6511;6580;6648;6717;6785;7197;7272;7347;7423;7498;7574;7649;7724;7800;7875;8362;8444;8526;8609;8691;8773;8855;8938;9020;9102;9664;9753;9842;9931;10021;10110;10199;10288;10377;10466;11103;11199;11295;11391;11487;11583;11679;11775;11871;11967;12680;12783;12886;12988;13091;13194;13297;13400;13502;13605;13741;13878;14017;14157;14299;14442;14586;14732;14880;15028;15179;15330;15484;15639;15795;15953;16112;16274;16436;16601;16767;16934;17104;17275;17447;17622;17798;17976;18156;18337;18521;18706;18893;19082;19273;19466;19660;19857;20055;20256;20459;20663;20870;21078;21289;21502;21717;21934;22154;22375;22599;22825;23053;23284;23517;23752;23989;24229;24471;24716;24963;25213;25465;25720;25977;26237;26499;26764;27032;27302;27575;27851;28129;28411;28695;28982;29271;29564;29860;30158;30460;30765;31072;31383;31697;32014;32334;32657;32984;33314;33647;33983;34323;34666;35013;35363;35717;36074;36435;36799>,9,<476;483;490;497;505;512;519;526;533;540;552;560;567;575;583;590;598;605;613;621;638;646;654;662;670;678;686;694;703;711;733;742;750;759;767;776;784;793;802;810;857;866;876;885;895;904;914;923;933;942;1000;1010;1021;1031;1041;1052;1062;1073;1083;1094;1161;1173;1184;1196;1207;1219;1230;1241;1253;1264;1342;1355;1367;1379;1392;1404;1417;1429;1441;1454;1542;1556;1569;1582;1596;1609;1622;1636;1649;1662;1761;1775;1790;1804;1818;1833;1847;1861;1875;1890;1909;1928;1947;1967;1986;2006;2026;2047;2067;2088;2109;2130;2151;2173;2194;2216;2238;2261;2283;2306;2329;2353;2376;2400;2424;2448;2473;2497;2522;2547;2573;2599;2625;2651;2677;2704;2731;2759;2786;2814;2842;2871;2899;2928;2957;2987;3017;3047;3078;3108;3139;3171;3203;3235;3267;3300;3333;3366;3400;3434;3468;3503;3538;3573;3609;3645;3681;3718;3755;3793;3831;3869;3908;3947;3986;4026;4066;4107;4148;4190;4231;4274;4317;4360;4403;4447;4492;4537;4582;4628;4674;4721;4768;4816;4864;4913;4962;5011;5061;5112>,17,<91;91;91;91;91;101;101;101;101;101;111;111;111;111;111;121;121;121;121;121;131;131;131;131;131;140;140;140;140;140;150;150;150;150;150;160;160;160;160;160;170;170;170;170;170;180;180;180;180;180;189;189;189;189;189;199;199;199;199;199;209;209;209;209;209;219;219;219;219;219;228;228;228;228;228;238;238;238;238;238;248;248;248;248;248;258;258;258;258;258;268;268;268;268;268;277;277;277;277;277;280;283;285;288;291;294;297;300;303;306;309;312;315;318;322;325;328;331;335;338;341;345;348;352;355;359;362;366;370;373;377;381;385;389;392;396;400;404;408;412;417;421;425;429;433;438;442;447;451;456;460;465;469;474;479;484;488;493;498;503;508;513;518;524;529;534;540;545;550;556;561;567;573;578;584;590;596;602;608;614;620;626;633;639;645;652;658;665;672;678;685;692;699;706;713;720;727;734;742;749>,0,<>,0,<>,,{drawcard=huang_effect_loop}
40452,守御,守禦,Defend,Defend,방어,Defender,4,2,config/item/gem/icon_4_hu_2.png,5,防御向符石,防禦向符石,Defensive-type,Defensive-type,방어 룬스톤,Tipo defensivo,ประเภทป้องกัน,9999,{529=400},100,5,1,<3427;3478;3530;3581;3633;3684;3735;3787;3838;3890;3975;4030;4085;4140;4195;4249;4304;4359;4414;4469;4592;4650;4709;4767;4825;4883;4942;5000;5058;5117;5278;5339;5401;5463;5524;5586;5648;5709;5771;5833;6169;6237;6306;6374;6443;6511;6580;6648;6717;6785;7197;7272;7347;7423;7498;7574;7649;7724;7800;7875;8362;8444;8526;8609;8691;8773;8855;8938;9020;9102;9664;9753;9842;9931;10021;10110;10199;10288;10377;10466;11103;11199;11295;11391;11487;11583;11679;11775;11871;11967;12680;12783;12886;12988;13091;13194;13297;13400;13502;13605;13741;13878;14017;14157;14299;14442;14586;14732;14880;15028;15179;15330;15484;15639;15795;15953;16112;16274;16436;16601;16767;16934;17104;17275;17447;17622;17798;17976;18156;18337;18521;18706;18893;19082;19273;19466;19660;19857;20055;20256;20459;20663;20870;21078;21289;21502;21717;21934;22154;22375;22599;22825;23053;23284;23517;23752;23989;24229;24471;24716;24963;25213;25465;25720;25977;26237;26499;26764;27032;27302;27575;27851;28129;28411;28695;28982;29271;29564;29860;30158;30460;30765;31072;31383;31697;32014;32334;32657;32984;33314;33647;33983;34323;34666;35013;35363;35717;36074;36435;36799>,10,<476;483;490;497;505;512;519;526;533;540;552;560;567;575;583;590;598;605;613;621;638;646;654;662;670;678;686;694;703;711;733;742;750;759;767;776;784;793;802;810;857;866;876;885;895;904;914;923;933;942;1000;1010;1021;1031;1041;1052;1062;1073;1083;1094;1161;1173;1184;1196;1207;1219;1230;1241;1253;1264;1342;1355;1367;1379;1392;1404;1417;1429;1441;1454;1542;1556;1569;1582;1596;1609;1622;1636;1649;1662;1761;1775;1790;1804;1818;1833;1847;1861;1875;1890;1909;1928;1947;1967;1986;2006;2026;2047;2067;2088;2109;2130;2151;2173;2194;2216;2238;2261;2283;2306;2329;2353;2376;2400;2424;2448;2473;2497;2522;2547;2573;2599;2625;2651;2677;2704;2731;2759;2786;2814;2842;2871;2899;2928;2957;2987;3017;3047;3078;3108;3139;3171;3203;3235;3267;3300;3333;3366;3400;3434;3468;3503;3538;3573;3609;3645;3681;3718;3755;3793;3831;3869;3908;3947;3986;4026;4066;4107;4148;4190;4231;4274;4317;4360;4403;4447;4492;4537;4582;4628;4674;4721;4768;4816;4864;4913;4962;5011;5061;5112>,19,<91;91;91;91;91;101;101;101;101;101;111;111;111;111;111;121;121;121;121;121;131;131;131;131;131;140;140;140;140;140;150;150;150;150;150;160;160;160;160;160;170;170;170;170;170;180;180;180;180;180;189;189;189;189;189;199;199;199;199;199;209;209;209;209;209;219;219;219;219;219;228;228;228;228;228;238;238;238;238;238;248;248;248;248;248;258;258;258;258;258;268;268;268;268;268;277;277;277;277;277;280;283;285;288;291;294;297;300;303;306;309;312;315;318;322;325;328;331;335;338;341;345;348;352;355;359;362;366;370;373;377;381;385;389;392;396;400;404;408;412;417;421;425;429;433;438;442;447;451;456;460;465;469;474;479;484;488;493;498;503;508;513;518;524;529;534;540;545;550;556;561;567;573;578;584;590;596;602;608;614;620;626;633;639;645;652;658;665;672;678;685;692;699;706;713;720;727;734;742;749>,0,<>,0,<>,,{drawcard=huang_effect_loop}
40453,守御,守禦,Defend,Defend,방어,Defender,4,3,config/item/gem/icon_4_hu_3.png,5,防御向符石,防禦向符石,Defensive-type,Defensive-type,방어 룬스톤,Tipo defensivo,ประเภทป้องกัน,9999,{529=400},100,5,9,<476;483;490;497;505;512;519;526;533;540;552;560;567;575;583;590;598;605;613;621;638;646;654;662;670;678;686;694;703;711;733;742;750;759;767;776;784;793;802;810;857;866;876;885;895;904;914;923;933;942;1000;1010;1021;1031;1041;1052;1062;1073;1083;1094;1161;1173;1184;1196;1207;1219;1230;1241;1253;1264;1342;1355;1367;1379;1392;1404;1417;1429;1441;1454;1542;1556;1569;1582;1596;1609;1622;1636;1649;1662;1761;1775;1790;1804;1818;1833;1847;1861;1875;1890;1909;1928;1947;1967;1986;2006;2026;2047;2067;2088;2109;2130;2151;2173;2194;2216;2238;2261;2283;2306;2329;2353;2376;2400;2424;2448;2473;2497;2522;2547;2573;2599;2625;2651;2677;2704;2731;2759;2786;2814;2842;2871;2899;2928;2957;2987;3017;3047;3078;3108;3139;3171;3203;3235;3267;3300;3333;3366;3400;3434;3468;3503;3538;3573;3609;3645;3681;3718;3755;3793;3831;3869;3908;3947;3986;4026;4066;4107;4148;4190;4231;4274;4317;4360;4403;4447;4492;4537;4582;4628;4674;4721;4768;4816;4864;4913;4962;5011;5061;5112>,10,<476;483;490;497;505;512;519;526;533;540;552;560;567;575;583;590;598;605;613;621;638;646;654;662;670;678;686;694;703;711;733;742;750;759;767;776;784;793;802;810;857;866;876;885;895;904;914;923;933;942;1000;1010;1021;1031;1041;1052;1062;1073;1083;1094;1161;1173;1184;1196;1207;1219;1230;1241;1253;1264;1342;1355;1367;1379;1392;1404;1417;1429;1441;1454;1542;1556;1569;1582;1596;1609;1622;1636;1649;1662;1761;1775;1790;1804;1818;1833;1847;1861;1875;1890;1909;1928;1947;1967;1986;2006;2026;2047;2067;2088;2109;2130;2151;2173;2194;2216;2238;2261;2283;2306;2329;2353;2376;2400;2424;2448;2473;2497;2522;2547;2573;2599;2625;2651;2677;2704;2731;2759;2786;2814;2842;2871;2899;2928;2957;2987;3017;3047;3078;3108;3139;3171;3203;3235;3267;3300;3333;3366;3400;3434;3468;3503;3538;3573;3609;3645;3681;3718;3755;3793;3831;3869;3908;3947;3986;4026;4066;4107;4148;4190;4231;4274;4317;4360;4403;4447;4492;4537;4582;4628;4674;4721;4768;4816;4864;4913;4962;5011;5061;5112>,22,<46;46;46;46;46;51;51;51;51;51;55;55;55;55;55;60;60;60;60;60;65;65;65;65;65;70;70;70;70;70;75;75;75;75;75;80;80;80;80;80;85;85;85;85;85;90;90;90;90;90;95;95;95;95;95;100;100;100;100;100;104;104;104;104;104;109;109;109;109;109;114;114;114;114;114;119;119;119;119;119;124;124;124;124;124;129;129;129;129;129;134;134;134;134;134;139;139;139;139;139;140;142;143;145;146;148;149;151;152;154;155;157;158;160;161;163;165;166;168;170;171;173;175;176;178;180;182;184;185;187;189;191;193;195;197;199;201;203;205;207;209;211;213;215;218;220;222;224;226;229;231;233;236;238;240;243;245;248;250;253;255;258;260;263;265;268;271;273;276;279;282;285;287;290;293;296;299;302;305;308;311;314;317;321;324;327;330;334;337;340;344;347;351;354;358;361;365;369;372;376>,0,<>,0,<>,,{drawcard=huang_effect_loop}
40454,守御,守禦,Defend,Defend,방어,Defender,4,4,config/item/gem/icon_4_hu_4.png,5,防御向符石,防禦向符石,Defensive-type,Defensive-type,방어 룬스톤,Tipo defensivo,ประเภทป้องกัน,9999,{529=400},100,5,9,<476;483;490;497;505;512;519;526;533;540;552;560;567;575;583;590;598;605;613;621;638;646;654;662;670;678;686;694;703;711;733;742;750;759;767;776;784;793;802;810;857;866;876;885;895;904;914;923;933;942;1000;1010;1021;1031;1041;1052;1062;1073;1083;1094;1161;1173;1184;1196;1207;1219;1230;1241;1253;1264;1342;1355;1367;1379;1392;1404;1417;1429;1441;1454;1542;1556;1569;1582;1596;1609;1622;1636;1649;1662;1761;1775;1790;1804;1818;1833;1847;1861;1875;1890;1909;1928;1947;1967;1986;2006;2026;2047;2067;2088;2109;2130;2151;2173;2194;2216;2238;2261;2283;2306;2329;2353;2376;2400;2424;2448;2473;2497;2522;2547;2573;2599;2625;2651;2677;2704;2731;2759;2786;2814;2842;2871;2899;2928;2957;2987;3017;3047;3078;3108;3139;3171;3203;3235;3267;3300;3333;3366;3400;3434;3468;3503;3538;3573;3609;3645;3681;3718;3755;3793;3831;3869;3908;3947;3986;4026;4066;4107;4148;4190;4231;4274;4317;4360;4403;4447;4492;4537;4582;4628;4674;4721;4768;4816;4864;4913;4962;5011;5061;5112>,10,<476;483;490;497;505;512;519;526;533;540;552;560;567;575;583;590;598;605;613;621;638;646;654;662;670;678;686;694;703;711;733;742;750;759;767;776;784;793;802;810;857;866;876;885;895;904;914;923;933;942;1000;1010;1021;1031;1041;1052;1062;1073;1083;1094;1161;1173;1184;1196;1207;1219;1230;1241;1253;1264;1342;1355;1367;1379;1392;1404;1417;1429;1441;1454;1542;1556;1569;1582;1596;1609;1622;1636;1649;1662;1761;1775;1790;1804;1818;1833;1847;1861;1875;1890;1909;1928;1947;1967;1986;2006;2026;2047;2067;2088;2109;2130;2151;2173;2194;2216;2238;2261;2283;2306;2329;2353;2376;2400;2424;2448;2473;2497;2522;2547;2573;2599;2625;2651;2677;2704;2731;2759;2786;2814;2842;2871;2899;2928;2957;2987;3017;3047;3078;3108;3139;3171;3203;3235;3267;3300;3333;3366;3400;3434;3468;3503;3538;3573;3609;3645;3681;3718;3755;3793;3831;3869;3908;3947;3986;4026;4066;4107;4148;4190;4231;4274;4317;4360;4403;4447;4492;4537;4582;4628;4674;4721;4768;4816;4864;4913;4962;5011;5061;5112>,23,<46;46;46;46;46;51;51;51;51;51;55;55;55;55;55;60;60;60;60;60;65;65;65;65;65;70;70;70;70;70;75;75;75;75;75;80;80;80;80;80;85;85;85;85;85;90;90;90;90;90;95;95;95;95;95;100;100;100;100;100;104;104;104;104;104;109;109;109;109;109;114;114;114;114;114;119;119;119;119;119;124;124;124;124;124;129;129;129;129;129;134;134;134;134;134;139;139;139;139;139;140;142;143;145;146;148;149;151;152;154;155;157;158;160;161;163;165;166;168;170;171;173;175;176;178;180;182;184;185;187;189;191;193;195;197;199;201;203;205;207;209;211;213;215;218;220;222;224;226;229;231;233;236;238;240;243;245;248;250;253;255;258;260;263;265;268;271;273;276;279;282;285;287;290;293;296;299;302;305;308;311;314;317;321;324;327;330;334;337;340;344;347;351;354;358;361;365;369;372;376>,0,<>,0,<>,,{drawcard=huang_effect_loop}
40455,守御,守禦,Defend,Defend,방어,Defender,4,5,config/item/gem/icon_4_hu_5.png,5,防御向符石,防禦向符石,Defensive-type,Defensive-type,방어 룬스톤,Tipo defensivo,ประเภทป้องกัน,9999,{529=400},100,5,1,<3427;3478;3530;3581;3633;3684;3735;3787;3838;3890;3975;4030;4085;4140;4195;4249;4304;4359;4414;4469;4592;4650;4709;4767;4825;4883;4942;5000;5058;5117;5278;5339;5401;5463;5524;5586;5648;5709;5771;5833;6169;6237;6306;6374;6443;6511;6580;6648;6717;6785;7197;7272;7347;7423;7498;7574;7649;7724;7800;7875;8362;8444;8526;8609;8691;8773;8855;8938;9020;9102;9664;9753;9842;9931;10021;10110;10199;10288;10377;10466;11103;11199;11295;11391;11487;11583;11679;11775;11871;11967;12680;12783;12886;12988;13091;13194;13297;13400;13502;13605;13741;13878;14017;14157;14299;14442;14586;14732;14880;15028;15179;15330;15484;15639;15795;15953;16112;16274;16436;16601;16767;16934;17104;17275;17447;17622;17798;17976;18156;18337;18521;18706;18893;19082;19273;19466;19660;19857;20055;20256;20459;20663;20870;21078;21289;21502;21717;21934;22154;22375;22599;22825;23053;23284;23517;23752;23989;24229;24471;24716;24963;25213;25465;25720;25977;26237;26499;26764;27032;27302;27575;27851;28129;28411;28695;28982;29271;29564;29860;30158;30460;30765;31072;31383;31697;32014;32334;32657;32984;33314;33647;33983;34323;34666;35013;35363;35717;36074;36435;36799>,7,<680;690;700;711;721;731;741;751;762;772;789;800;811;821;832;843;854;865;876;887;911;923;934;946;957;969;981;992;1004;1015;1047;1059;1072;1084;1096;1108;1121;1133;1145;1157;1224;1238;1251;1265;1278;1292;1306;1319;1333;1346;1428;1443;1458;1473;1488;1503;1518;1533;1548;1563;1659;1676;1692;1708;1724;1741;1757;1773;1790;1806;1918;1935;1953;1971;1988;2006;2024;2041;2059;2077;2203;2222;2241;2260;2279;2298;2317;2336;2356;2375;2516;2536;2557;2577;2598;2618;2638;2659;2679;2700;2727;2754;2782;2810;2838;2866;2895;2924;2953;2982;3012;3042;3073;3104;3135;3166;3198;3230;3262;3295;3327;3361;3394;3428;3463;3497;3532;3567;3603;3639;3676;3712;3749;3787;3825;3863;3902;3941;3980;4020;4060;4101;4142;4183;4225;4267;4310;4353;4397;4441;4485;4530;4575;4621;4667;4714;4761;4808;4857;4905;4954;5004;5054;5104;5155;5207;5259;5311;5365;5418;5472;5527;5582;5638;5695;5752;5809;5867;5926;5985;6045;6105;6166;6228;6290;6353;6417;6481;6546;6611;6677;6744;6812;6880;6949;7018;7088;7159;7231;7303>,8,<680;690;700;711;721;731;741;751;762;772;789;800;811;821;832;843;854;865;876;887;911;923;934;946;957;969;981;992;1004;1015;1047;1059;1072;1084;1096;1108;1121;1133;1145;1157;1224;1238;1251;1265;1278;1292;1306;1319;1333;1346;1428;1443;1458;1473;1488;1503;1518;1533;1548;1563;1659;1676;1692;1708;1724;1741;1757;1773;1790;1806;1918;1935;1953;1971;1988;2006;2024;2041;2059;2077;2203;2222;2241;2260;2279;2298;2317;2336;2356;2375;2516;2536;2557;2577;2598;2618;2638;2659;2679;2700;2727;2754;2782;2810;2838;2866;2895;2924;2953;2982;3012;3042;3073;3104;3135;3166;3198;3230;3262;3295;3327;3361;3394;3428;3463;3497;3532;3567;3603;3639;3676;3712;3749;3787;3825;3863;3902;3941;3980;4020;4060;4101;4142;4183;4225;4267;4310;4353;4397;4441;4485;4530;4575;4621;4667;4714;4761;4808;4857;4905;4954;5004;5054;5104;5155;5207;5259;5311;5365;5418;5472;5527;5582;5638;5695;5752;5809;5867;5926;5985;6045;6105;6166;6228;6290;6353;6417;6481;6546;6611;6677;6744;6812;6880;6949;7018;7088;7159;7231;7303>,91,<91;91;91;91;91;101;101;101;101;101;111;111;111;111;111;121;121;121;121;121;131;131;131;131;131;140;140;140;140;140;150;150;150;150;150;160;160;160;160;160;170;170;170;170;170;180;180;180;180;180;189;189;189;189;189;199;199;199;199;199;209;209;209;209;209;219;219;219;219;219;228;228;228;228;228;238;238;238;238;238;248;248;248;248;248;258;258;258;258;258;268;268;268;268;268;277;277;277;277;277;280;283;285;288;291;294;297;300;303;306;309;312;315;318;322;325;328;331;335;338;341;345;348;352;355;359;362;366;370;373;377;381;385;389;392;396;400;404;408;412;417;421;425;429;433;438;442;447;451;456;460;465;469;474;479;484;488;493;498;503;508;513;518;524;529;534;540;545;550;556;561;567;573;578;584;590;596;602;608;614;620;626;633;639;645;652;658;665;672;678;685;692;699;706;713;720;727;734;742;749>,0,<>,,{drawcard=huang_effect_loop}
40456,守御,守禦,Defend,Defend,방어,Defender,4,6,config/item/gem/icon_4_hu_6.png,5,防御向符石,防禦向符石,Defensive-type,Defensive-type,방어 룬스톤,Tipo defensivo,ประเภทป้องกัน,9999,{529=400},100,5,1,<3427;3478;3530;3581;3633;3684;3735;3787;3838;3890;3975;4030;4085;4140;4195;4249;4304;4359;4414;4469;4592;4650;4709;4767;4825;4883;4942;5000;5058;5117;5278;5339;5401;5463;5524;5586;5648;5709;5771;5833;6169;6237;6306;6374;6443;6511;6580;6648;6717;6785;7197;7272;7347;7423;7498;7574;7649;7724;7800;7875;8362;8444;8526;8609;8691;8773;8855;8938;9020;9102;9664;9753;9842;9931;10021;10110;10199;10288;10377;10466;11103;11199;11295;11391;11487;11583;11679;11775;11871;11967;12680;12783;12886;12988;13091;13194;13297;13400;13502;13605;13741;13878;14017;14157;14299;14442;14586;14732;14880;15028;15179;15330;15484;15639;15795;15953;16112;16274;16436;16601;16767;16934;17104;17275;17447;17622;17798;17976;18156;18337;18521;18706;18893;19082;19273;19466;19660;19857;20055;20256;20459;20663;20870;21078;21289;21502;21717;21934;22154;22375;22599;22825;23053;23284;23517;23752;23989;24229;24471;24716;24963;25213;25465;25720;25977;26237;26499;26764;27032;27302;27575;27851;28129;28411;28695;28982;29271;29564;29860;30158;30460;30765;31072;31383;31697;32014;32334;32657;32984;33314;33647;33983;34323;34666;35013;35363;35717;36074;36435;36799>,7,<680;690;700;711;721;731;741;751;762;772;789;800;811;821;832;843;854;865;876;887;911;923;934;946;957;969;981;992;1004;1015;1047;1059;1072;1084;1096;1108;1121;1133;1145;1157;1224;1238;1251;1265;1278;1292;1306;1319;1333;1346;1428;1443;1458;1473;1488;1503;1518;1533;1548;1563;1659;1676;1692;1708;1724;1741;1757;1773;1790;1806;1918;1935;1953;1971;1988;2006;2024;2041;2059;2077;2203;2222;2241;2260;2279;2298;2317;2336;2356;2375;2516;2536;2557;2577;2598;2618;2638;2659;2679;2700;2727;2754;2782;2810;2838;2866;2895;2924;2953;2982;3012;3042;3073;3104;3135;3166;3198;3230;3262;3295;3327;3361;3394;3428;3463;3497;3532;3567;3603;3639;3676;3712;3749;3787;3825;3863;3902;3941;3980;4020;4060;4101;4142;4183;4225;4267;4310;4353;4397;4441;4485;4530;4575;4621;4667;4714;4761;4808;4857;4905;4954;5004;5054;5104;5155;5207;5259;5311;5365;5418;5472;5527;5582;5638;5695;5752;5809;5867;5926;5985;6045;6105;6166;6228;6290;6353;6417;6481;6546;6611;6677;6744;6812;6880;6949;7018;7088;7159;7231;7303>,8,<680;690;700;711;721;731;741;751;762;772;789;800;811;821;832;843;854;865;876;887;911;923;934;946;957;969;981;992;1004;1015;1047;1059;1072;1084;1096;1108;1121;1133;1145;1157;1224;1238;1251;1265;1278;1292;1306;1319;1333;1346;1428;1443;1458;1473;1488;1503;1518;1533;1548;1563;1659;1676;1692;1708;1724;1741;1757;1773;1790;1806;1918;1935;1953;1971;1988;2006;2024;2041;2059;2077;2203;2222;2241;2260;2279;2298;2317;2336;2356;2375;2516;2536;2557;2577;2598;2618;2638;2659;2679;2700;2727;2754;2782;2810;2838;2866;2895;2924;2953;2982;3012;3042;3073;3104;3135;3166;3198;3230;3262;3295;3327;3361;3394;3428;3463;3497;3532;3567;3603;3639;3676;3712;3749;3787;3825;3863;3902;3941;3980;4020;4060;4101;4142;4183;4225;4267;4310;4353;4397;4441;4485;4530;4575;4621;4667;4714;4761;4808;4857;4905;4954;5004;5054;5104;5155;5207;5259;5311;5365;5418;5472;5527;5582;5638;5695;5752;5809;5867;5926;5985;6045;6105;6166;6228;6290;6353;6417;6481;6546;6611;6677;6744;6812;6880;6949;7018;7088;7159;7231;7303>,16,<76;76;76;76;76;84;84;84;84;84;92;92;92;92;92;101;101;101;101;101;109;109;109;109;109;117;117;117;117;117;125;125;125;125;125;133;133;133;133;133;141;141;141;141;141;150;150;150;150;150;158;158;158;158;158;166;166;166;166;166;174;174;174;174;174;182;182;182;182;182;190;190;190;190;190;199;199;199;199;199;207;207;207;207;207;215;215;215;215;215;223;223;223;223;223;231;231;231;231;231;233;236;238;240;243;245;248;250;253;255;258;260;263;266;268;271;274;276;279;282;285;288;290;293;296;299;302;305;308;311;314;318;321;324;327;331;334;337;341;344;347;351;354;358;361;365;369;372;376;380;384;388;391;395;399;403;407;411;416;420;424;428;432;437;441;445;450;454;459;464;468;473;478;482;487;492;497;502;507;512;517;522;528;533;538;544;549;554;560;566;571;577;583;589;594;600;606;613;619;625>,0,<>,,{drawcard=huang_effect_loop}
40461,守御,守禦,Defend,Defend,방어,Defender,4,1,config/item/gem/icon_4_h_1.png,6,防御向符石,防禦向符石,Defensive-type,Defensive-type,방어 룬스톤,Tipo defensivo,ประเภทป้องกัน,9999,{529=2000},100,6,1,<5040;5116;5191;5267;5342;5418;5494;5569;5645;5720;5846;5927;6008;6088;6169;6250;6330;6411;6492;6572;6754;6839;6925;7011;7096;7182;7268;7353;7439;7525;7762;7852;7943;8034;8124;8215;8306;8397;8487;8578;9878;9999;10120;10241;10362;10483;10604;10725;10846;10967;11592;11723;11854;11985;12116;12247;12378;12509;12640;12771;13507;13648;13789;13931;14072;14213;14354;14495;14636;14777;15624;15775;15926;16078;16229;16380;16531;16682;16834;16985;17942;18104;18265;18426;18588;18749;18910;19071;19233;19394;19555;19716;19878;20039;20200;20362;20523;20684;20845;21007;21217;21429;21644;21860;22079;22299;22522;22748;22975;23205;23437;23671;23908;24147;24388;24632;24879;25127;25379;25633;25889;26148;26409;26673;26940;27209;27482;27756;28034;28314;28597;28883;29172;29464;29759;30056;30357;30660;30967;31277;31589;31905;32224;32547;32872;33201;33533;33868;34207;34549;34894;35243;35596;35952;36311;36674;37041;37411;37785;38163;38545;38930;39320;39713;40110;40511;40916;41325;41739;42156;42578;43003;43433;43868;44306;44750;45197;45649;46105;46567;47032;47503;47978;48457;48942;49431;49926;50425;50929;51438;51953;52472;52997;53527;54062;54603;55149;55700;56257;56820>,9,<700;711;721;732;742;753;763;774;784;795;812;823;834;846;857;868;879;890;902;913;938;950;962;974;986;998;1009;1021;1033;1045;1078;1091;1103;1116;1128;1141;1154;1166;1179;1191;1372;1389;1406;1422;1439;1456;1473;1490;1506;1523;1610;1628;1646;1665;1683;1701;1719;1737;1756;1774;1876;1896;1915;1935;1954;1974;1994;2013;2033;2052;2170;2191;2212;2233;2254;2275;2296;2317;2338;2359;2492;2514;2537;2559;2582;2604;2626;2649;2671;2694;2716;2738;2761;2783;2806;2828;2850;2873;2895;2918;2947;2977;3006;3036;3067;3098;3128;3160;3191;3223;3256;3288;3321;3354;3388;3422;3456;3490;3525;3561;3596;3632;3668;3705;3742;3780;3817;3856;3894;3933;3972;4012;4052;4093;4134;4175;4217;4259;4301;4345;4388;4432;4476;4521;4566;4612;4658;4704;4752;4799;4847;4895;4944;4994;5044;5094;5145;5197;5249;5301;5354;5408;5462;5516;5572;5627;5684;5740;5798;5856;5914;5973;6033;6094;6154;6216;6278;6341;6404;6468;6533;6598;6664;6731;6798;6866;6935;7004;7074;7145;7217;7289;7362;7435;7510;7585;7661;7737;7815;7893>,17,<134;134;134;134;134;149;149;149;149;149;163;163;163;163;163;178;178;178;178;178;192;192;192;192;192;206;206;206;206;206;221;221;221;221;221;235;235;235;235;235;250;250;250;250;250;264;264;264;264;264;278;278;278;278;278;293;293;293;293;293;307;307;307;307;307;322;322;322;322;322;336;336;336;336;336;350;350;350;350;350;365;365;365;365;365;379;379;379;379;379;394;394;394;394;394;408;408;408;408;408;412;416;420;425;429;433;437;442;446;451;455;460;464;469;474;478;483;488;493;498;503;508;513;518;523;528;534;539;544;550;555;561;567;572;578;584;590;595;601;607;614;620;626;632;638;645;651;658;664;671;678;684;691;698;705;712;719;727;734;741;749;756;764;771;779;787;795;803;811;819;827;835;844;852;861;869;878;887;895;904;913;923;932;941;951;960;970;979;989;999;1009;1019;1029;1040;1050;1061;1071;1082;1093;1104>,0,<>,0,<>,,{drawcard=hong_effect_loop}
40462,守御,守禦,Defend,Defend,방어,Defender,4,2,config/item/gem/icon_4_h_2.png,6,防御向符石,防禦向符石,Defensive-type,Defensive-type,방어 룬스톤,Tipo defensivo,ประเภทป้องกัน,9999,{529=2000},100,6,1,<5040;5116;5191;5267;5342;5418;5494;5569;5645;5720;5846;5927;6008;6088;6169;6250;6330;6411;6492;6572;6754;6839;6925;7011;7096;7182;7268;7353;7439;7525;7762;7852;7943;8034;8124;8215;8306;8397;8487;8578;9878;9999;10120;10241;10362;10483;10604;10725;10846;10967;11592;11723;11854;11985;12116;12247;12378;12509;12640;12771;13507;13648;13789;13931;14072;14213;14354;14495;14636;14777;15624;15775;15926;16078;16229;16380;16531;16682;16834;16985;17942;18104;18265;18426;18588;18749;18910;19071;19233;19394;19555;19716;19878;20039;20200;20362;20523;20684;20845;21007;21217;21429;21644;21860;22079;22299;22522;22748;22975;23205;23437;23671;23908;24147;24388;24632;24879;25127;25379;25633;25889;26148;26409;26673;26940;27209;27482;27756;28034;28314;28597;28883;29172;29464;29759;30056;30357;30660;30967;31277;31589;31905;32224;32547;32872;33201;33533;33868;34207;34549;34894;35243;35596;35952;36311;36674;37041;37411;37785;38163;38545;38930;39320;39713;40110;40511;40916;41325;41739;42156;42578;43003;43433;43868;44306;44750;45197;45649;46105;46567;47032;47503;47978;48457;48942;49431;49926;50425;50929;51438;51953;52472;52997;53527;54062;54603;55149;55700;56257;56820>,10,<700;711;721;732;742;753;763;774;784;795;812;823;834;846;857;868;879;890;902;913;938;950;962;974;986;998;1009;1021;1033;1045;1078;1091;1103;1116;1128;1141;1154;1166;1179;1191;1372;1389;1406;1422;1439;1456;1473;1490;1506;1523;1610;1628;1646;1665;1683;1701;1719;1737;1756;1774;1876;1896;1915;1935;1954;1974;1994;2013;2033;2052;2170;2191;2212;2233;2254;2275;2296;2317;2338;2359;2492;2514;2537;2559;2582;2604;2626;2649;2671;2694;2716;2738;2761;2783;2806;2828;2850;2873;2895;2918;2947;2977;3006;3036;3067;3098;3128;3160;3191;3223;3256;3288;3321;3354;3388;3422;3456;3490;3525;3561;3596;3632;3668;3705;3742;3780;3817;3856;3894;3933;3972;4012;4052;4093;4134;4175;4217;4259;4301;4345;4388;4432;4476;4521;4566;4612;4658;4704;4752;4799;4847;4895;4944;4994;5044;5094;5145;5197;5249;5301;5354;5408;5462;5516;5572;5627;5684;5740;5798;5856;5914;5973;6033;6094;6154;6216;6278;6341;6404;6468;6533;6598;6664;6731;6798;6866;6935;7004;7074;7145;7217;7289;7362;7435;7510;7585;7661;7737;7815;7893>,19,<134;134;134;134;134;149;149;149;149;149;163;163;163;163;163;178;178;178;178;178;192;192;192;192;192;206;206;206;206;206;221;221;221;221;221;235;235;235;235;235;250;250;250;250;250;264;264;264;264;264;278;278;278;278;278;293;293;293;293;293;307;307;307;307;307;322;322;322;322;322;336;336;336;336;336;350;350;350;350;350;365;365;365;365;365;379;379;379;379;379;394;394;394;394;394;408;408;408;408;408;412;416;420;425;429;433;437;442;446;451;455;460;464;469;474;478;483;488;493;498;503;508;513;518;523;528;534;539;544;550;555;561;567;572;578;584;590;595;601;607;614;620;626;632;638;645;651;658;664;671;678;684;691;698;705;712;719;727;734;741;749;756;764;771;779;787;795;803;811;819;827;835;844;852;861;869;878;887;895;904;913;923;932;941;951;960;970;979;989;999;1009;1019;1029;1040;1050;1061;1071;1082;1093;1104>,0,<>,0,<>,,{drawcard=hong_effect_loop}
40463,守御,守禦,Defend,Defend,방어,Defender,4,3,config/item/gem/icon_4_h_3.png,6,防御向符石,防禦向符石,Defensive-type,Defensive-type,방어 룬스톤,Tipo defensivo,ประเภทป้องกัน,9999,{529=2000},100,6,9,<700;711;721;732;742;753;763;774;784;795;812;823;834;846;857;868;879;890;902;913;938;950;962;974;986;998;1009;1021;1033;1045;1078;1091;1103;1116;1128;1141;1154;1166;1179;1191;1372;1389;1406;1422;1439;1456;1473;1490;1506;1523;1610;1628;1646;1665;1683;1701;1719;1737;1756;1774;1876;1896;1915;1935;1954;1974;1994;2013;2033;2052;2170;2191;2212;2233;2254;2275;2296;2317;2338;2359;2492;2514;2537;2559;2582;2604;2626;2649;2671;2694;2716;2738;2761;2783;2806;2828;2850;2873;2895;2918;2947;2977;3006;3036;3067;3098;3128;3160;3191;3223;3256;3288;3321;3354;3388;3422;3456;3490;3525;3561;3596;3632;3668;3705;3742;3780;3817;3856;3894;3933;3972;4012;4052;4093;4134;4175;4217;4259;4301;4345;4388;4432;4476;4521;4566;4612;4658;4704;4752;4799;4847;4895;4944;4994;5044;5094;5145;5197;5249;5301;5354;5408;5462;5516;5572;5627;5684;5740;5798;5856;5914;5973;6033;6094;6154;6216;6278;6341;6404;6468;6533;6598;6664;6731;6798;6866;6935;7004;7074;7145;7217;7289;7362;7435;7510;7585;7661;7737;7815;7893>,10,<700;711;721;732;742;753;763;774;784;795;812;823;834;846;857;868;879;890;902;913;938;950;962;974;986;998;1009;1021;1033;1045;1078;1091;1103;1116;1128;1141;1154;1166;1179;1191;1372;1389;1406;1422;1439;1456;1473;1490;1506;1523;1610;1628;1646;1665;1683;1701;1719;1737;1756;1774;1876;1896;1915;1935;1954;1974;1994;2013;2033;2052;2170;2191;2212;2233;2254;2275;2296;2317;2338;2359;2492;2514;2537;2559;2582;2604;2626;2649;2671;2694;2716;2738;2761;2783;2806;2828;2850;2873;2895;2918;2947;2977;3006;3036;3067;3098;3128;3160;3191;3223;3256;3288;3321;3354;3388;3422;3456;3490;3525;3561;3596;3632;3668;3705;3742;3780;3817;3856;3894;3933;3972;4012;4052;4093;4134;4175;4217;4259;4301;4345;4388;4432;4476;4521;4566;4612;4658;4704;4752;4799;4847;4895;4944;4994;5044;5094;5145;5197;5249;5301;5354;5408;5462;5516;5572;5627;5684;5740;5798;5856;5914;5973;6033;6094;6154;6216;6278;6341;6404;6468;6533;6598;6664;6731;6798;6866;6935;7004;7074;7145;7217;7289;7362;7435;7510;7585;7661;7737;7815;7893>,22,<67;67;67;67;67;74;74;74;74;74;82;82;82;82;82;89;89;89;89;89;96;96;96;96;96;103;103;103;103;103;110;110;110;110;110;118;118;118;118;118;125;125;125;125;125;132;132;132;132;132;139;139;139;139;139;146;146;146;146;146;154;154;154;154;154;161;161;161;161;161;168;168;168;168;168;175;175;175;175;175;182;182;182;182;182;190;190;190;190;190;197;197;197;197;197;204;204;204;204;204;206;208;210;212;214;217;219;221;223;225;228;230;232;234;237;239;242;244;246;249;251;254;256;259;262;264;267;270;272;275;278;280;283;286;289;292;295;298;301;304;307;310;313;316;319;322;326;329;332;336;339;342;346;349;353;356;360;363;367;371;374;378;382;386;390;393;397;401;405;409;413;418;422;426;430;435;439;443;448;452;457;461;466;471;475;480;485;490;495;500;505;510;515;520;525;530;536;541;546;552>,0,<>,0,<>,,{drawcard=hong_effect_loop}
40464,守御,守禦,Defend,Defend,방어,Defender,4,4,config/item/gem/icon_4_h_4.png,6,防御向符石,防禦向符石,Defensive-type,Defensive-type,방어 룬스톤,Tipo defensivo,ประเภทป้องกัน,9999,{529=2000},100,6,9,<700;711;721;732;742;753;763;774;784;795;812;823;834;846;857;868;879;890;902;913;938;950;962;974;986;998;1009;1021;1033;1045;1078;1091;1103;1116;1128;1141;1154;1166;1179;1191;1372;1389;1406;1422;1439;1456;1473;1490;1506;1523;1610;1628;1646;1665;1683;1701;1719;1737;1756;1774;1876;1896;1915;1935;1954;1974;1994;2013;2033;2052;2170;2191;2212;2233;2254;2275;2296;2317;2338;2359;2492;2514;2537;2559;2582;2604;2626;2649;2671;2694;2716;2738;2761;2783;2806;2828;2850;2873;2895;2918;2947;2977;3006;3036;3067;3098;3128;3160;3191;3223;3256;3288;3321;3354;3388;3422;3456;3490;3525;3561;3596;3632;3668;3705;3742;3780;3817;3856;3894;3933;3972;4012;4052;4093;4134;4175;4217;4259;4301;4345;4388;4432;4476;4521;4566;4612;4658;4704;4752;4799;4847;4895;4944;4994;5044;5094;5145;5197;5249;5301;5354;5408;5462;5516;5572;5627;5684;5740;5798;5856;5914;5973;6033;6094;6154;6216;6278;6341;6404;6468;6533;6598;6664;6731;6798;6866;6935;7004;7074;7145;7217;7289;7362;7435;7510;7585;7661;7737;7815;7893>,10,<700;711;721;732;742;753;763;774;784;795;812;823;834;846;857;868;879;890;902;913;938;950;962;974;986;998;1009;1021;1033;1045;1078;1091;1103;1116;1128;1141;1154;1166;1179;1191;1372;1389;1406;1422;1439;1456;1473;1490;1506;1523;1610;1628;1646;1665;1683;1701;1719;1737;1756;1774;1876;1896;1915;1935;1954;1974;1994;2013;2033;2052;2170;2191;2212;2233;2254;2275;2296;2317;2338;2359;2492;2514;2537;2559;2582;2604;2626;2649;2671;2694;2716;2738;2761;2783;2806;2828;2850;2873;2895;2918;2947;2977;3006;3036;3067;3098;3128;3160;3191;3223;3256;3288;3321;3354;3388;3422;3456;3490;3525;3561;3596;3632;3668;3705;3742;3780;3817;3856;3894;3933;3972;4012;4052;4093;4134;4175;4217;4259;4301;4345;4388;4432;4476;4521;4566;4612;4658;4704;4752;4799;4847;4895;4944;4994;5044;5094;5145;5197;5249;5301;5354;5408;5462;5516;5572;5627;5684;5740;5798;5856;5914;5973;6033;6094;6154;6216;6278;6341;6404;6468;6533;6598;6664;6731;6798;6866;6935;7004;7074;7145;7217;7289;7362;7435;7510;7585;7661;7737;7815;7893>,23,<67;67;67;67;67;74;74;74;74;74;82;82;82;82;82;89;89;89;89;89;96;96;96;96;96;103;103;103;103;103;110;110;110;110;110;118;118;118;118;118;125;125;125;125;125;132;132;132;132;132;139;139;139;139;139;146;146;146;146;146;154;154;154;154;154;161;161;161;161;161;168;168;168;168;168;175;175;175;175;175;182;182;182;182;182;190;190;190;190;190;197;197;197;197;197;204;204;204;204;204;206;208;210;212;214;217;219;221;223;225;228;230;232;234;237;239;242;244;246;249;251;254;256;259;262;264;267;270;272;275;278;280;283;286;289;292;295;298;301;304;307;310;313;316;319;322;326;329;332;336;339;342;346;349;353;356;360;363;367;371;374;378;382;386;390;393;397;401;405;409;413;418;422;426;430;435;439;443;448;452;457;461;466;471;475;480;485;490;495;500;505;510;515;520;525;530;536;541;546;552>,0,<>,0,<>,,{drawcard=hong_effect_loop}
40465,守御,守禦,Defend,Defend,방어,Defender,4,5,config/item/gem/icon_4_h_5.png,6,防御向符石,防禦向符石,Defensive-type,Defensive-type,방어 룬스톤,Tipo defensivo,ประเภทป้องกัน,9999,{529=2000},100,6,1,<5040;5116;5191;5267;5342;5418;5494;5569;5645;5720;5846;5927;6008;6088;6169;6250;6330;6411;6492;6572;6754;6839;6925;7011;7096;7182;7268;7353;7439;7525;7762;7852;7943;8034;8124;8215;8306;8397;8487;8578;9878;9999;10120;10241;10362;10483;10604;10725;10846;10967;11592;11723;11854;11985;12116;12247;12378;12509;12640;12771;13507;13648;13789;13931;14072;14213;14354;14495;14636;14777;15624;15775;15926;16078;16229;16380;16531;16682;16834;16985;17942;18104;18265;18426;18588;18749;18910;19071;19233;19394;19555;19716;19878;20039;20200;20362;20523;20684;20845;21007;21217;21429;21644;21860;22079;22299;22522;22748;22975;23205;23437;23671;23908;24147;24388;24632;24879;25127;25379;25633;25889;26148;26409;26673;26940;27209;27482;27756;28034;28314;28597;28883;29172;29464;29759;30056;30357;30660;30967;31277;31589;31905;32224;32547;32872;33201;33533;33868;34207;34549;34894;35243;35596;35952;36311;36674;37041;37411;37785;38163;38545;38930;39320;39713;40110;40511;40916;41325;41739;42156;42578;43003;43433;43868;44306;44750;45197;45649;46105;46567;47032;47503;47978;48457;48942;49431;49926;50425;50929;51438;51953;52472;52997;53527;54062;54603;55149;55700;56257;56820>,7,<1000;1015;1030;1045;1060;1075;1090;1105;1120;1135;1160;1176;1192;1208;1224;1240;1256;1272;1288;1304;1340;1357;1374;1391;1408;1425;1442;1459;1476;1493;1540;1558;1576;1594;1612;1630;1648;1666;1684;1702;1960;1984;2008;2032;2056;2080;2104;2128;2152;2176;2300;2326;2352;2378;2404;2430;2456;2482;2508;2534;2680;2708;2736;2764;2792;2820;2848;2876;2904;2932;3100;3130;3160;3190;3220;3250;3280;3310;3340;3370;3560;3592;3624;3656;3688;3720;3752;3784;3816;3848;3880;3912;3944;3976;4008;4040;4072;4104;4136;4168;4210;4252;4294;4337;4381;4424;4469;4513;4558;4604;4650;4697;4744;4791;4839;4887;4936;4986;5035;5086;5137;5188;5240;5292;5345;5399;5453;5507;5562;5618;5674;5731;5788;5846;5904;5963;6023;6083;6144;6206;6268;6330;6394;6458;6522;6587;6653;6720;6787;6855;6923;6993;7063;7133;7204;7277;7349;7423;7497;7572;7648;7724;7801;7879;7958;8038;8118;8199;8281;8364;8448;8532;8618;8704;8791;8879;8968;9057;9148;9239;9332;9425;9519;9614;9711;9808;9906;10005;10105;10206;10308;10411;10515;10620;10727;10834;10942;11052;11162;11274>,8,<1000;1015;1030;1045;1060;1075;1090;1105;1120;1135;1160;1176;1192;1208;1224;1240;1256;1272;1288;1304;1340;1357;1374;1391;1408;1425;1442;1459;1476;1493;1540;1558;1576;1594;1612;1630;1648;1666;1684;1702;1960;1984;2008;2032;2056;2080;2104;2128;2152;2176;2300;2326;2352;2378;2404;2430;2456;2482;2508;2534;2680;2708;2736;2764;2792;2820;2848;2876;2904;2932;3100;3130;3160;3190;3220;3250;3280;3310;3340;3370;3560;3592;3624;3656;3688;3720;3752;3784;3816;3848;3880;3912;3944;3976;4008;4040;4072;4104;4136;4168;4210;4252;4294;4337;4381;4424;4469;4513;4558;4604;4650;4697;4744;4791;4839;4887;4936;4986;5035;5086;5137;5188;5240;5292;5345;5399;5453;5507;5562;5618;5674;5731;5788;5846;5904;5963;6023;6083;6144;6206;6268;6330;6394;6458;6522;6587;6653;6720;6787;6855;6923;6993;7063;7133;7204;7277;7349;7423;7497;7572;7648;7724;7801;7879;7958;8038;8118;8199;8281;8364;8448;8532;8618;8704;8791;8879;8968;9057;9148;9239;9332;9425;9519;9614;9711;9808;9906;10005;10105;10206;10308;10411;10515;10620;10727;10834;10942;11052;11162;11274>,91,<134;134;134;134;134;149;149;149;149;149;163;163;163;163;163;178;178;178;178;178;192;192;192;192;192;206;206;206;206;206;221;221;221;221;221;235;235;235;235;235;250;250;250;250;250;264;264;264;264;264;278;278;278;278;278;293;293;293;293;293;307;307;307;307;307;322;322;322;322;322;336;336;336;336;336;350;350;350;350;350;365;365;365;365;365;379;379;379;379;379;394;394;394;394;394;408;408;408;408;408;412;416;420;425;429;433;437;442;446;451;455;460;464;469;474;478;483;488;493;498;503;508;513;518;523;528;534;539;544;550;555;561;567;572;578;584;590;595;601;607;614;620;626;632;638;645;651;658;664;671;678;684;691;698;705;712;719;727;734;741;749;756;764;771;779;787;795;803;811;819;827;835;844;852;861;869;878;887;895;904;913;923;932;941;951;960;970;979;989;999;1009;1019;1029;1040;1050;1061;1071;1082;1093;1104>,0,<>,,{drawcard=hong_effect_loop}
40466,守御,守禦,Defend,Defend,방어,Defender,4,6,config/item/gem/icon_4_h_6.png,6,防御向符石,防禦向符石,Defensive-type,Defensive-type,방어 룬스톤,Tipo defensivo,ประเภทป้องกัน,9999,{529=2000},100,6,1,<5040;5116;5191;5267;5342;5418;5494;5569;5645;5720;5846;5927;6008;6088;6169;6250;6330;6411;6492;6572;6754;6839;6925;7011;7096;7182;7268;7353;7439;7525;7762;7852;7943;8034;8124;8215;8306;8397;8487;8578;9878;9999;10120;10241;10362;10483;10604;10725;10846;10967;11592;11723;11854;11985;12116;12247;12378;12509;12640;12771;13507;13648;13789;13931;14072;14213;14354;14495;14636;14777;15624;15775;15926;16078;16229;16380;16531;16682;16834;16985;17942;18104;18265;18426;18588;18749;18910;19071;19233;19394;19555;19716;19878;20039;20200;20362;20523;20684;20845;21007;21217;21429;21644;21860;22079;22299;22522;22748;22975;23205;23437;23671;23908;24147;24388;24632;24879;25127;25379;25633;25889;26148;26409;26673;26940;27209;27482;27756;28034;28314;28597;28883;29172;29464;29759;30056;30357;30660;30967;31277;31589;31905;32224;32547;32872;33201;33533;33868;34207;34549;34894;35243;35596;35952;36311;36674;37041;37411;37785;38163;38545;38930;39320;39713;40110;40511;40916;41325;41739;42156;42578;43003;43433;43868;44306;44750;45197;45649;46105;46567;47032;47503;47978;48457;48942;49431;49926;50425;50929;51438;51953;52472;52997;53527;54062;54603;55149;55700;56257;56820>,7,<1000;1015;1030;1045;1060;1075;1090;1105;1120;1135;1160;1176;1192;1208;1224;1240;1256;1272;1288;1304;1340;1357;1374;1391;1408;1425;1442;1459;1476;1493;1540;1558;1576;1594;1612;1630;1648;1666;1684;1702;1960;1984;2008;2032;2056;2080;2104;2128;2152;2176;2300;2326;2352;2378;2404;2430;2456;2482;2508;2534;2680;2708;2736;2764;2792;2820;2848;2876;2904;2932;3100;3130;3160;3190;3220;3250;3280;3310;3340;3370;3560;3592;3624;3656;3688;3720;3752;3784;3816;3848;3880;3912;3944;3976;4008;4040;4072;4104;4136;4168;4210;4252;4294;4337;4381;4424;4469;4513;4558;4604;4650;4697;4744;4791;4839;4887;4936;4986;5035;5086;5137;5188;5240;5292;5345;5399;5453;5507;5562;5618;5674;5731;5788;5846;5904;5963;6023;6083;6144;6206;6268;6330;6394;6458;6522;6587;6653;6720;6787;6855;6923;6993;7063;7133;7204;7277;7349;7423;7497;7572;7648;7724;7801;7879;7958;8038;8118;8199;8281;8364;8448;8532;8618;8704;8791;8879;8968;9057;9148;9239;9332;9425;9519;9614;9711;9808;9906;10005;10105;10206;10308;10411;10515;10620;10727;10834;10942;11052;11162;11274>,8,<1000;1015;1030;1045;1060;1075;1090;1105;1120;1135;1160;1176;1192;1208;1224;1240;1256;1272;1288;1304;1340;1357;1374;1391;1408;1425;1442;1459;1476;1493;1540;1558;1576;1594;1612;1630;1648;1666;1684;1702;1960;1984;2008;2032;2056;2080;2104;2128;2152;2176;2300;2326;2352;2378;2404;2430;2456;2482;2508;2534;2680;2708;2736;2764;2792;2820;2848;2876;2904;2932;3100;3130;3160;3190;3220;3250;3280;3310;3340;3370;3560;3592;3624;3656;3688;3720;3752;3784;3816;3848;3880;3912;3944;3976;4008;4040;4072;4104;4136;4168;4210;4252;4294;4337;4381;4424;4469;4513;4558;4604;4650;4697;4744;4791;4839;4887;4936;4986;5035;5086;5137;5188;5240;5292;5345;5399;5453;5507;5562;5618;5674;5731;5788;5846;5904;5963;6023;6083;6144;6206;6268;6330;6394;6458;6522;6587;6653;6720;6787;6855;6923;6993;7063;7133;7204;7277;7349;7423;7497;7572;7648;7724;7801;7879;7958;8038;8118;8199;8281;8364;8448;8532;8618;8704;8791;8879;8968;9057;9148;9239;9332;9425;9519;9614;9711;9808;9906;10005;10105;10206;10308;10411;10515;10620;10727;10834;10942;11052;11162;11274>,16,<112;112;112;112;112;124;124;124;124;124;136;136;136;136;136;148;148;148;148;148;160;160;160;160;160;172;172;172;172;172;184;184;184;184;184;196;196;196;196;196;208;208;208;208;208;220;220;220;220;220;232;232;232;232;232;244;244;244;244;244;256;256;256;256;256;268;268;268;268;268;280;280;280;280;280;292;292;292;292;292;304;304;304;304;304;316;316;316;316;316;328;328;328;328;328;340;340;340;340;340;343;347;350;354;357;361;365;368;372;376;379;383;387;391;395;399;403;407;411;415;419;423;427;432;436;440;445;449;454;458;463;467;472;477;482;486;491;496;501;506;511;516;522;527;532;537;543;548;554;559;565;570;576;582;588;594;600;606;612;618;624;630;636;643;649;656;662;669;676;682;689;696;703;710;717;724;732;739;746;754;761;769;777;784;792;800;808;816;824;833;841;849;858;866;875;884;893;902;911;920>,0,<>,,{drawcard=hong_effect_loop}
40521,盾甲,盾甲,Shield,Shield,실드,Escudo,5,1,config/item/gem/icon_7_lv_1.png,2,防御向符石,防禦向符石,Defensive-type,Defensive-type,방어 룬스톤,Tipo defensivo,ประเภทป้องกัน,9999,{529=20},100,2,1,<1008;1023;1038;1053;1068;1084;1099;1114;1129;1144;1169;1185;1202;1218;1234;1250;1266;1282;1298;1314;1351;1368;1385;1402;1419;1436;1454;1471;1488;1505;1552;1570;1589;1607;1625;1643;1661;1679;1697;1716;1814;1835;1855;1875;1895;1915;1935;1956;1976;1996;2117;2139;2161;2183;2206;2228;2250;2272;2294;2316;2460;2484;2508;2532;2556;2580;2605;2629;2653;2677;2843;2869;2895;2921;2947;2974;3000;3026;3052;3078;3266;3294;3322;3351;3379;3407;3435;3463;3492;3520;3730;3760;3790;3820;3851;3881;3911;3941;3972;4002;4042;4082;4123;4164;4206;4248;4291;4334;4377;4421;4465;4510;4555;4600;4646;4693;4740;4787;4835;4883;4932;4981;5031;5081;5132;5184;5235;5288;5341;5394;5448;5503;5558;5613;5669;5726;5783;5841;5899;5958;6018;6078;6139;6200;6262;6325;6388;6452;6517;6582;6648;6714;6781;6849;6918;6987;7057;7127;7198;7270;7343;7417;7491;7566;7641;7718;7795;7873;7952;8031;8111;8192;8274;8357;8441;8525;8610;8696;8783;8871;8960;9050;9140;9232;9324;9417;9511;9606;9702;9799;9897;9996;10096;10197;10299;10402;10506;10611;10717;10825>,9,<140;142;144;146;148;151;153;155;157;159;162;165;167;169;171;174;176;178;180;183;188;190;192;195;197;200;202;204;207;209;216;218;221;223;226;228;231;233;236;238;252;255;258;260;263;266;269;272;274;277;294;297;300;303;306;309;312;316;319;322;342;345;348;352;355;358;362;365;368;372;395;398;402;406;409;413;417;420;424;428;454;458;461;465;469;473;477;481;485;489;518;522;526;531;535;539;543;547;552;556;562;567;573;579;584;590;596;602;608;614;620;627;633;639;645;652;658;665;672;678;685;692;699;706;713;720;727;735;742;749;757;764;772;780;788;796;803;811;820;828;836;844;853;861;870;879;888;896;905;914;924;933;942;952;961;971;980;990;1000;1010;1020;1030;1041;1051;1062;1072;1083;1094;1105;1116;1127;1138;1150;1161;1173;1184;1196;1208;1220;1232;1245;1257;1270;1283;1295;1308;1321;1335;1348;1361;1375;1389;1403;1417;1431;1445;1460;1474;1489;1504>,17,<27;27;27;27;27;30;30;30;30;30;33;33;33;33;33;36;36;36;36;36;38;38;38;38;38;41;41;41;41;41;44;44;44;44;44;47;47;47;47;47;50;50;50;50;50;53;53;53;53;53;56;56;56;56;56;59;59;59;59;59;61;61;61;61;61;64;64;64;64;64;67;67;67;67;67;70;70;70;70;70;73;73;73;73;73;76;76;76;76;76;79;79;79;79;79;82;82;82;82;82;83;84;84;85;86;87;88;89;90;91;91;92;93;94;95;96;97;98;99;100;101;102;103;104;105;106;107;108;109;111;112;113;114;115;116;117;118;120;121;122;123;125;126;127;128;130;131;132;134;135;136;138;139;140;142;143;145;146;147;149;150;152;153;155;157;158;160;161;163;165;166;168;170;171;173;175;176;178;180;182;184;185;187;189;191;193;195;197;199;201;203;205;207;209;211;213;215;217;220;222>,0,<>,0,<>,,{drawcard=false;gain=false}
40522,盾甲,盾甲,Shield,Shield,실드,Escudo,5,2,config/item/gem/icon_7_lv_2.png,2,防御向符石,防禦向符石,Defensive-type,Defensive-type,방어 룬스톤,Tipo defensivo,ประเภทป้องกัน,9999,{529=20},100,2,1,<1008;1023;1038;1053;1068;1084;1099;1114;1129;1144;1169;1185;1202;1218;1234;1250;1266;1282;1298;1314;1351;1368;1385;1402;1419;1436;1454;1471;1488;1505;1552;1570;1589;1607;1625;1643;1661;1679;1697;1716;1814;1835;1855;1875;1895;1915;1935;1956;1976;1996;2117;2139;2161;2183;2206;2228;2250;2272;2294;2316;2460;2484;2508;2532;2556;2580;2605;2629;2653;2677;2843;2869;2895;2921;2947;2974;3000;3026;3052;3078;3266;3294;3322;3351;3379;3407;3435;3463;3492;3520;3730;3760;3790;3820;3851;3881;3911;3941;3972;4002;4042;4082;4123;4164;4206;4248;4291;4334;4377;4421;4465;4510;4555;4600;4646;4693;4740;4787;4835;4883;4932;4981;5031;5081;5132;5184;5235;5288;5341;5394;5448;5503;5558;5613;5669;5726;5783;5841;5899;5958;6018;6078;6139;6200;6262;6325;6388;6452;6517;6582;6648;6714;6781;6849;6918;6987;7057;7127;7198;7270;7343;7417;7491;7566;7641;7718;7795;7873;7952;8031;8111;8192;8274;8357;8441;8525;8610;8696;8783;8871;8960;9050;9140;9232;9324;9417;9511;9606;9702;9799;9897;9996;10096;10197;10299;10402;10506;10611;10717;10825>,10,<140;142;144;146;148;151;153;155;157;159;162;165;167;169;171;174;176;178;180;183;188;190;192;195;197;200;202;204;207;209;216;218;221;223;226;228;231;233;236;238;252;255;258;260;263;266;269;272;274;277;294;297;300;303;306;309;312;316;319;322;342;345;348;352;355;358;362;365;368;372;395;398;402;406;409;413;417;420;424;428;454;458;461;465;469;473;477;481;485;489;518;522;526;531;535;539;543;547;552;556;562;567;573;579;584;590;596;602;608;614;620;627;633;639;645;652;658;665;672;678;685;692;699;706;713;720;727;735;742;749;757;764;772;780;788;796;803;811;820;828;836;844;853;861;870;879;888;896;905;914;924;933;942;952;961;971;980;990;1000;1010;1020;1030;1041;1051;1062;1072;1083;1094;1105;1116;1127;1138;1150;1161;1173;1184;1196;1208;1220;1232;1245;1257;1270;1283;1295;1308;1321;1335;1348;1361;1375;1389;1403;1417;1431;1445;1460;1474;1489;1504>,19,<27;27;27;27;27;30;30;30;30;30;33;33;33;33;33;36;36;36;36;36;38;38;38;38;38;41;41;41;41;41;44;44;44;44;44;47;47;47;47;47;50;50;50;50;50;53;53;53;53;53;56;56;56;56;56;59;59;59;59;59;61;61;61;61;61;64;64;64;64;64;67;67;67;67;67;70;70;70;70;70;73;73;73;73;73;76;76;76;76;76;79;79;79;79;79;82;82;82;82;82;83;84;84;85;86;87;88;89;90;91;91;92;93;94;95;96;97;98;99;100;101;102;103;104;105;106;107;108;109;111;112;113;114;115;116;117;118;120;121;122;123;125;126;127;128;130;131;132;134;135;136;138;139;140;142;143;145;146;147;149;150;152;153;155;157;158;160;161;163;165;166;168;170;171;173;175;176;178;180;182;184;185;187;189;191;193;195;197;199;201;203;205;207;209;211;213;215;217;220;222>,0,<>,0,<>,,{drawcard=false;gain=false}
40523,盾甲,盾甲,Shield,Shield,실드,Escudo,5,3,config/item/gem/icon_7_lv_3.png,2,防御向符石,防禦向符石,Defensive-type,Defensive-type,방어 룬스톤,Tipo defensivo,ประเภทป้องกัน,9999,{529=20},100,2,9,<140;142;144;146;148;151;153;155;157;159;162;165;167;169;171;174;176;178;180;183;188;190;192;195;197;200;202;204;207;209;216;218;221;223;226;228;231;233;236;238;252;255;258;260;263;266;269;272;274;277;294;297;300;303;306;309;312;316;319;322;342;345;348;352;355;358;362;365;368;372;395;398;402;406;409;413;417;420;424;428;454;458;461;465;469;473;477;481;485;489;518;522;526;531;535;539;543;547;552;556;562;567;573;579;584;590;596;602;608;614;620;627;633;639;645;652;658;665;672;678;685;692;699;706;713;720;727;735;742;749;757;764;772;780;788;796;803;811;820;828;836;844;853;861;870;879;888;896;905;914;924;933;942;952;961;971;980;990;1000;1010;1020;1030;1041;1051;1062;1072;1083;1094;1105;1116;1127;1138;1150;1161;1173;1184;1196;1208;1220;1232;1245;1257;1270;1283;1295;1308;1321;1335;1348;1361;1375;1389;1403;1417;1431;1445;1460;1474;1489;1504>,10,<140;142;144;146;148;151;153;155;157;159;162;165;167;169;171;174;176;178;180;183;188;190;192;195;197;200;202;204;207;209;216;218;221;223;226;228;231;233;236;238;252;255;258;260;263;266;269;272;274;277;294;297;300;303;306;309;312;316;319;322;342;345;348;352;355;358;362;365;368;372;395;398;402;406;409;413;417;420;424;428;454;458;461;465;469;473;477;481;485;489;518;522;526;531;535;539;543;547;552;556;562;567;573;579;584;590;596;602;608;614;620;627;633;639;645;652;658;665;672;678;685;692;699;706;713;720;727;735;742;749;757;764;772;780;788;796;803;811;820;828;836;844;853;861;870;879;888;896;905;914;924;933;942;952;961;971;980;990;1000;1010;1020;1030;1041;1051;1062;1072;1083;1094;1105;1116;1127;1138;1150;1161;1173;1184;1196;1208;1220;1232;1245;1257;1270;1283;1295;1308;1321;1335;1348;1361;1375;1389;1403;1417;1431;1445;1460;1474;1489;1504>,22,<13;13;13;13;13;15;15;15;15;15;16;16;16;16;16;18;18;18;18;18;19;19;19;19;19;21;21;21;21;21;22;22;22;22;22;24;24;24;24;24;25;25;25;25;25;26;26;26;26;26;28;28;28;28;28;29;29;29;29;29;31;31;31;31;31;32;32;32;32;32;34;34;34;34;34;35;35;35;35;35;36;36;36;36;36;38;38;38;38;38;39;39;39;39;39;41;41;41;41;41;41;42;42;43;43;44;44;44;45;45;46;46;47;47;48;48;49;49;50;50;51;51;52;52;53;53;54;54;55;55;56;56;57;58;58;59;59;60;60;61;62;62;63;64;64;65;65;66;67;67;68;69;69;70;71;72;72;73;74;74;75;76;77;78;78;79;80;81;81;82;83;84;85;86;86;87;88;89;90;91;92;93;94;95;96;96;97;98;99;100;101;102;103;104;106;107;108;109;110;111>,0,<>,0,<>,,{drawcard=false;gain=false}
40524,盾甲,盾甲,Shield,Shield,실드,Escudo,5,4,config/item/gem/icon_7_lv_4.png,2,防御向符石,防禦向符石,Defensive-type,Defensive-type,방어 룬스톤,Tipo defensivo,ประเภทป้องกัน,9999,{529=20},100,2,9,<140;142;144;146;148;151;153;155;157;159;162;165;167;169;171;174;176;178;180;183;188;190;192;195;197;200;202;204;207;209;216;218;221;223;226;228;231;233;236;238;252;255;258;260;263;266;269;272;274;277;294;297;300;303;306;309;312;316;319;322;342;345;348;352;355;358;362;365;368;372;395;398;402;406;409;413;417;420;424;428;454;458;461;465;469;473;477;481;485;489;518;522;526;531;535;539;543;547;552;556;562;567;573;579;584;590;596;602;608;614;620;627;633;639;645;652;658;665;672;678;685;692;699;706;713;720;727;735;742;749;757;764;772;780;788;796;803;811;820;828;836;844;853;861;870;879;888;896;905;914;924;933;942;952;961;971;980;990;1000;1010;1020;1030;1041;1051;1062;1072;1083;1094;1105;1116;1127;1138;1150;1161;1173;1184;1196;1208;1220;1232;1245;1257;1270;1283;1295;1308;1321;1335;1348;1361;1375;1389;1403;1417;1431;1445;1460;1474;1489;1504>,10,<140;142;144;146;148;151;153;155;157;159;162;165;167;169;171;174;176;178;180;183;188;190;192;195;197;200;202;204;207;209;216;218;221;223;226;228;231;233;236;238;252;255;258;260;263;266;269;272;274;277;294;297;300;303;306;309;312;316;319;322;342;345;348;352;355;358;362;365;368;372;395;398;402;406;409;413;417;420;424;428;454;458;461;465;469;473;477;481;485;489;518;522;526;531;535;539;543;547;552;556;562;567;573;579;584;590;596;602;608;614;620;627;633;639;645;652;658;665;672;678;685;692;699;706;713;720;727;735;742;749;757;764;772;780;788;796;803;811;820;828;836;844;853;861;870;879;888;896;905;914;924;933;942;952;961;971;980;990;1000;1010;1020;1030;1041;1051;1062;1072;1083;1094;1105;1116;1127;1138;1150;1161;1173;1184;1196;1208;1220;1232;1245;1257;1270;1283;1295;1308;1321;1335;1348;1361;1375;1389;1403;1417;1431;1445;1460;1474;1489;1504>,23,<13;13;13;13;13;15;15;15;15;15;16;16;16;16;16;18;18;18;18;18;19;19;19;19;19;21;21;21;21;21;22;22;22;22;22;24;24;24;24;24;25;25;25;25;25;26;26;26;26;26;28;28;28;28;28;29;29;29;29;29;31;31;31;31;31;32;32;32;32;32;34;34;34;34;34;35;35;35;35;35;36;36;36;36;36;38;38;38;38;38;39;39;39;39;39;41;41;41;41;41;41;42;42;43;43;44;44;44;45;45;46;46;47;47;48;48;49;49;50;50;51;51;52;52;53;53;54;54;55;55;56;56;57;58;58;59;59;60;60;61;62;62;63;64;64;65;65;66;67;67;68;69;69;70;71;72;72;73;74;74;75;76;77;78;78;79;80;81;81;82;83;84;85;86;86;87;88;89;90;91;92;93;94;95;96;96;97;98;99;100;101;102;103;104;106;107;108;109;110;111>,0,<>,0,<>,,{drawcard=false;gain=false}
40525,盾甲,盾甲,Shield,Shield,실드,Escudo,5,5,config/item/gem/icon_7_lv_5.png,2,防御向符石,防禦向符石,Defensive-type,Defensive-type,방어 룬스톤,Tipo defensivo,ประเภทป้องกัน,9999,{529=20},100,2,1,<1008;1023;1038;1053;1068;1084;1099;1114;1129;1144;1169;1185;1202;1218;1234;1250;1266;1282;1298;1314;1351;1368;1385;1402;1419;1436;1454;1471;1488;1505;1552;1570;1589;1607;1625;1643;1661;1679;1697;1716;1814;1835;1855;1875;1895;1915;1935;1956;1976;1996;2117;2139;2161;2183;2206;2228;2250;2272;2294;2316;2460;2484;2508;2532;2556;2580;2605;2629;2653;2677;2843;2869;2895;2921;2947;2974;3000;3026;3052;3078;3266;3294;3322;3351;3379;3407;3435;3463;3492;3520;3730;3760;3790;3820;3851;3881;3911;3941;3972;4002;4042;4082;4123;4164;4206;4248;4291;4334;4377;4421;4465;4510;4555;4600;4646;4693;4740;4787;4835;4883;4932;4981;5031;5081;5132;5184;5235;5288;5341;5394;5448;5503;5558;5613;5669;5726;5783;5841;5899;5958;6018;6078;6139;6200;6262;6325;6388;6452;6517;6582;6648;6714;6781;6849;6918;6987;7057;7127;7198;7270;7343;7417;7491;7566;7641;7718;7795;7873;7952;8031;8111;8192;8274;8357;8441;8525;8610;8696;8783;8871;8960;9050;9140;9232;9324;9417;9511;9606;9702;9799;9897;9996;10096;10197;10299;10402;10506;10611;10717;10825>,7,<200;203;206;209;212;215;218;221;224;227;232;235;238;242;245;248;251;254;258;261;268;271;275;278;282;285;288;292;295;299;308;312;315;319;322;326;330;333;337;340;360;364;368;372;376;380;384;388;392;396;420;424;429;433;438;442;446;451;455;460;488;493;498;502;507;512;517;522;526;531;564;569;574;580;585;590;595;600;606;611;648;654;659;665;670;676;682;687;693;698;740;746;752;758;764;770;776;782;788;794;802;810;818;826;835;843;851;860;868;877;886;895;904;913;922;931;940;950;959;969;979;988;998;1008;1018;1028;1039;1049;1060;1070;1081;1092;1103;1114;1125;1136;1147;1159;1170;1182;1194;1206;1218;1230;1242;1255;1267;1280;1293;1306;1319;1332;1345;1359;1372;1386;1400;1414;1428;1442;1457;1471;1486;1501;1516;1531;1547;1562;1578;1593;1609;1625;1642;1658;1675;1691;1708;1725;1743;1760;1778;1795;1813;1832;1850;1868;1887;1906;1925;1944;1964;1983;2003;2023;2043;2064;2084;2105;2126;2148>,8,<200;203;206;209;212;215;218;221;224;227;232;235;238;242;245;248;251;254;258;261;268;271;275;278;282;285;288;292;295;299;308;312;315;319;322;326;330;333;337;340;360;364;368;372;376;380;384;388;392;396;420;424;429;433;438;442;446;451;455;460;488;493;498;502;507;512;517;522;526;531;564;569;574;580;585;590;595;600;606;611;648;654;659;665;670;676;682;687;693;698;740;746;752;758;764;770;776;782;788;794;802;810;818;826;835;843;851;860;868;877;886;895;904;913;922;931;940;950;959;969;979;988;998;1008;1018;1028;1039;1049;1060;1070;1081;1092;1103;1114;1125;1136;1147;1159;1170;1182;1194;1206;1218;1230;1242;1255;1267;1280;1293;1306;1319;1332;1345;1359;1372;1386;1400;1414;1428;1442;1457;1471;1486;1501;1516;1531;1547;1562;1578;1593;1609;1625;1642;1658;1675;1691;1708;1725;1743;1760;1778;1795;1813;1832;1850;1868;1887;1906;1925;1944;1964;1983;2003;2023;2043;2064;2084;2105;2126;2148>,91,<27;27;27;27;27;30;30;30;30;30;33;33;33;33;33;36;36;36;36;36;38;38;38;38;38;41;41;41;41;41;44;44;44;44;44;47;47;47;47;47;50;50;50;50;50;53;53;53;53;53;56;56;56;56;56;59;59;59;59;59;61;61;61;61;61;64;64;64;64;64;67;67;67;67;67;70;70;70;70;70;73;73;73;73;73;76;76;76;76;76;79;79;79;79;79;82;82;82;82;82;83;84;84;85;86;87;88;89;90;91;91;92;93;94;95;96;97;98;99;100;101;102;103;104;105;106;107;108;109;111;112;113;114;115;116;117;118;120;121;122;123;125;126;127;128;130;131;132;134;135;136;138;139;140;142;143;145;146;147;149;150;152;153;155;157;158;160;161;163;165;166;168;170;171;173;175;176;178;180;182;184;185;187;189;191;193;195;197;199;201;203;205;207;209;211;213;215;217;220;222>,0,<>,,{drawcard=false;gain=false}
40526,盾甲,盾甲,Shield,Shield,실드,Escudo,5,6,config/item/gem/icon_7_lv_6.png,2,防御向符石,防禦向符石,Defensive-type,Defensive-type,방어 룬스톤,Tipo defensivo,ประเภทป้องกัน,9999,{529=20},100,2,1,<1008;1023;1038;1053;1068;1084;1099;1114;1129;1144;1169;1185;1202;1218;1234;1250;1266;1282;1298;1314;1351;1368;1385;1402;1419;1436;1454;1471;1488;1505;1552;1570;1589;1607;1625;1643;1661;1679;1697;1716;1814;1835;1855;1875;1895;1915;1935;1956;1976;1996;2117;2139;2161;2183;2206;2228;2250;2272;2294;2316;2460;2484;2508;2532;2556;2580;2605;2629;2653;2677;2843;2869;2895;2921;2947;2974;3000;3026;3052;3078;3266;3294;3322;3351;3379;3407;3435;3463;3492;3520;3730;3760;3790;3820;3851;3881;3911;3941;3972;4002;4042;4082;4123;4164;4206;4248;4291;4334;4377;4421;4465;4510;4555;4600;4646;4693;4740;4787;4835;4883;4932;4981;5031;5081;5132;5184;5235;5288;5341;5394;5448;5503;5558;5613;5669;5726;5783;5841;5899;5958;6018;6078;6139;6200;6262;6325;6388;6452;6517;6582;6648;6714;6781;6849;6918;6987;7057;7127;7198;7270;7343;7417;7491;7566;7641;7718;7795;7873;7952;8031;8111;8192;8274;8357;8441;8525;8610;8696;8783;8871;8960;9050;9140;9232;9324;9417;9511;9606;9702;9799;9897;9996;10096;10197;10299;10402;10506;10611;10717;10825>,7,<200;203;206;209;212;215;218;221;224;227;232;235;238;242;245;248;251;254;258;261;268;271;275;278;282;285;288;292;295;299;308;312;315;319;322;326;330;333;337;340;360;364;368;372;376;380;384;388;392;396;420;424;429;433;438;442;446;451;455;460;488;493;498;502;507;512;517;522;526;531;564;569;574;580;585;590;595;600;606;611;648;654;659;665;670;676;682;687;693;698;740;746;752;758;764;770;776;782;788;794;802;810;818;826;835;843;851;860;868;877;886;895;904;913;922;931;940;950;959;969;979;988;998;1008;1018;1028;1039;1049;1060;1070;1081;1092;1103;1114;1125;1136;1147;1159;1170;1182;1194;1206;1218;1230;1242;1255;1267;1280;1293;1306;1319;1332;1345;1359;1372;1386;1400;1414;1428;1442;1457;1471;1486;1501;1516;1531;1547;1562;1578;1593;1609;1625;1642;1658;1675;1691;1708;1725;1743;1760;1778;1795;1813;1832;1850;1868;1887;1906;1925;1944;1964;1983;2003;2023;2043;2064;2084;2105;2126;2148>,8,<200;203;206;209;212;215;218;221;224;227;232;235;238;242;245;248;251;254;258;261;268;271;275;278;282;285;288;292;295;299;308;312;315;319;322;326;330;333;337;340;360;364;368;372;376;380;384;388;392;396;420;424;429;433;438;442;446;451;455;460;488;493;498;502;507;512;517;522;526;531;564;569;574;580;585;590;595;600;606;611;648;654;659;665;670;676;682;687;693;698;740;746;752;758;764;770;776;782;788;794;802;810;818;826;835;843;851;860;868;877;886;895;904;913;922;931;940;950;959;969;979;988;998;1008;1018;1028;1039;1049;1060;1070;1081;1092;1103;1114;1125;1136;1147;1159;1170;1182;1194;1206;1218;1230;1242;1255;1267;1280;1293;1306;1319;1332;1345;1359;1372;1386;1400;1414;1428;1442;1457;1471;1486;1501;1516;1531;1547;1562;1578;1593;1609;1625;1642;1658;1675;1691;1708;1725;1743;1760;1778;1795;1813;1832;1850;1868;1887;1906;1925;1944;1964;1983;2003;2023;2043;2064;2084;2105;2126;2148>,16,<22;22;22;22;22;25;25;25;25;25;27;27;27;27;27;30;30;30;30;30;32;32;32;32;32;34;34;34;34;34;37;37;37;37;37;39;39;39;39;39;42;42;42;42;42;44;44;44;44;44;46;46;46;46;46;49;49;49;49;49;51;51;51;51;51;54;54;54;54;54;56;56;56;56;56;58;58;58;58;58;61;61;61;61;61;63;63;63;63;63;66;66;66;66;66;68;68;68;68;68;69;69;70;71;71;72;73;74;74;75;76;77;77;78;79;80;81;81;82;83;84;85;85;86;87;88;89;90;91;92;93;93;94;95;96;97;98;99;100;101;102;103;104;105;106;107;109;110;111;112;113;114;115;116;118;119;120;121;122;124;125;126;127;129;130;131;132;134;135;136;138;139;141;142;143;145;146;148;149;151;152;154;155;157;158;160;162;163;165;167;168;170;172;173;175;177;179;180;182;184>,0,<>,,{drawcard=false;gain=false}
40531,盾甲,盾甲,Shield,Shield,실드,Escudo,5,1,config/item/gem/icon_7_l_1.png,3,防御向符石,防禦向符石,Defensive-type,Defensive-type,방어 룬스톤,Tipo defensivo,ประเภทป้องกัน,9999,{529=40},100,3,1,<1512;1535;1557;1580;1603;1625;1648;1671;1693;1716;1754;1778;1802;1826;1851;1875;1899;1923;1947;1972;2026;2052;2077;2103;2129;2155;2180;2206;2232;2257;2328;2356;2383;2410;2437;2465;2492;2519;2546;2573;2722;2752;2782;2812;2843;2873;2903;2933;2964;2994;3175;3208;3242;3275;3308;3342;3375;3408;3441;3475;3689;3726;3762;3798;3834;3871;3907;3943;3980;4016;4264;4303;4342;4382;4421;4460;4500;4539;4578;4618;4899;4941;4984;5026;5068;5111;5153;5195;5238;5280;5594;5640;5685;5730;5776;5821;5867;5912;5957;6003;6063;6124;6185;6247;6309;6372;6436;6500;6565;6631;6697;6764;6832;6900;6969;7039;7109;7180;7252;7325;7398;7472;7547;7622;7698;7775;7853;7932;8011;8091;8172;8254;8336;8420;8504;8589;8675;8762;8849;8938;9027;9117;9208;9301;9394;9487;9582;9678;9775;9873;9971;10071;10172;10274;10376;10480;10585;10691;10798;10906;11015;11125;11236;11348;11462;11577;11692;11809;11927;12047;12167;12289;12412;12536;12661;12788;12916;13045;13175;13307;13440;13574;13710;13847;13986;14126;14267;14410;14554;14699;14846;14995;15145;15296;15449;15603;15759;15917;16076;16237>,9,<210;213;216;219;223;226;229;232;235;238;244;247;250;254;257;260;264;267;270;274;281;285;289;292;296;299;303;306;310;314;323;327;331;335;339;342;346;350;354;357;378;382;386;391;395;399;403;407;412;416;441;446;450;455;459;464;469;473;478;483;512;517;522;528;533;538;543;548;553;558;592;598;603;609;614;620;625;630;636;641;680;686;692;698;704;710;716;722;727;733;777;783;790;796;802;809;815;821;827;834;842;851;859;868;877;885;894;903;912;921;930;940;949;959;968;978;988;998;1008;1018;1028;1038;1048;1059;1070;1080;1091;1102;1113;1124;1135;1147;1158;1170;1181;1193;1205;1217;1229;1242;1254;1267;1279;1292;1305;1318;1331;1345;1358;1372;1385;1399;1413;1427;1442;1456;1471;1485;1500;1515;1530;1546;1561;1577;1592;1608;1624;1641;1657;1674;1690;1707;1724;1742;1759;1777;1794;1812;1830;1849;1867;1886;1905;1924;1943;1962;1982;2002;2022;2042;2063;2083;2104;2125;2146;2168;2189;2211;2233;2256>,17,<40;40;40;40;40;45;45;45;45;45;49;49;49;49;49;53;53;53;53;53;58;58;58;58;58;62;62;62;62;62;66;66;66;66;66;71;71;71;71;71;75;75;75;75;75;79;79;79;79;79;84;84;84;84;84;88;88;88;88;88;92;92;92;92;92;96;96;96;96;96;101;101;101;101;101;105;105;105;105;105;109;109;109;109;109;114;114;114;114;114;118;118;118;118;118;122;122;122;122;122;123;124;126;127;128;130;131;132;133;135;136;137;139;140;142;143;144;146;147;149;150;152;153;155;156;158;160;161;163;164;166;168;169;171;173;175;176;178;180;182;183;185;187;189;191;193;195;197;199;201;203;205;207;209;211;213;215;217;219;222;224;226;228;231;233;235;238;240;242;245;247;250;252;255;257;260;262;265;268;270;273;276;279;281;284;287;290;293;296;299;302;305;308;311;314;317;320;323;327;330>,0,<>,0,<>,,{drawcard=false;gain=false}
40532,盾甲,盾甲,Shield,Shield,실드,Escudo,5,2,config/item/gem/icon_7_l_2.png,3,防御向符石,防禦向符石,Defensive-type,Defensive-type,방어 룬스톤,Tipo defensivo,ประเภทป้องกัน,9999,{529=40},100,3,1,<1512;1535;1557;1580;1603;1625;1648;1671;1693;1716;1754;1778;1802;1826;1851;1875;1899;1923;1947;1972;2026;2052;2077;2103;2129;2155;2180;2206;2232;2257;2328;2356;2383;2410;2437;2465;2492;2519;2546;2573;2722;2752;2782;2812;2843;2873;2903;2933;2964;2994;3175;3208;3242;3275;3308;3342;3375;3408;3441;3475;3689;3726;3762;3798;3834;3871;3907;3943;3980;4016;4264;4303;4342;4382;4421;4460;4500;4539;4578;4618;4899;4941;4984;5026;5068;5111;5153;5195;5238;5280;5594;5640;5685;5730;5776;5821;5867;5912;5957;6003;6063;6124;6185;6247;6309;6372;6436;6500;6565;6631;6697;6764;6832;6900;6969;7039;7109;7180;7252;7325;7398;7472;7547;7622;7698;7775;7853;7932;8011;8091;8172;8254;8336;8420;8504;8589;8675;8762;8849;8938;9027;9117;9208;9301;9394;9487;9582;9678;9775;9873;9971;10071;10172;10274;10376;10480;10585;10691;10798;10906;11015;11125;11236;11348;11462;11577;11692;11809;11927;12047;12167;12289;12412;12536;12661;12788;12916;13045;13175;13307;13440;13574;13710;13847;13986;14126;14267;14410;14554;14699;14846;14995;15145;15296;15449;15603;15759;15917;16076;16237>,10,<210;213;216;219;223;226;229;232;235;238;244;247;250;254;257;260;264;267;270;274;281;285;289;292;296;299;303;306;310;314;323;327;331;335;339;342;346;350;354;357;378;382;386;391;395;399;403;407;412;416;441;446;450;455;459;464;469;473;478;483;512;517;522;528;533;538;543;548;553;558;592;598;603;609;614;620;625;630;636;641;680;686;692;698;704;710;716;722;727;733;777;783;790;796;802;809;815;821;827;834;842;851;859;868;877;885;894;903;912;921;930;940;949;959;968;978;988;998;1008;1018;1028;1038;1048;1059;1070;1080;1091;1102;1113;1124;1135;1147;1158;1170;1181;1193;1205;1217;1229;1242;1254;1267;1279;1292;1305;1318;1331;1345;1358;1372;1385;1399;1413;1427;1442;1456;1471;1485;1500;1515;1530;1546;1561;1577;1592;1608;1624;1641;1657;1674;1690;1707;1724;1742;1759;1777;1794;1812;1830;1849;1867;1886;1905;1924;1943;1962;1982;2002;2022;2042;2063;2083;2104;2125;2146;2168;2189;2211;2233;2256>,19,<40;40;40;40;40;45;45;45;45;45;49;49;49;49;49;53;53;53;53;53;58;58;58;58;58;62;62;62;62;62;66;66;66;66;66;71;71;71;71;71;75;75;75;75;75;79;79;79;79;79;84;84;84;84;84;88;88;88;88;88;92;92;92;92;92;96;96;96;96;96;101;101;101;101;101;105;105;105;105;105;109;109;109;109;109;114;114;114;114;114;118;118;118;118;118;122;122;122;122;122;123;124;126;127;128;130;131;132;133;135;136;137;139;140;142;143;144;146;147;149;150;152;153;155;156;158;160;161;163;164;166;168;169;171;173;175;176;178;180;182;183;185;187;189;191;193;195;197;199;201;203;205;207;209;211;213;215;217;219;222;224;226;228;231;233;235;238;240;242;245;247;250;252;255;257;260;262;265;268;270;273;276;279;281;284;287;290;293;296;299;302;305;308;311;314;317;320;323;327;330>,0,<>,0,<>,,{drawcard=false;gain=false}
40533,盾甲,盾甲,Shield,Shield,실드,Escudo,5,3,config/item/gem/icon_7_l_3.png,3,防御向符石,防禦向符石,Defensive-type,Defensive-type,방어 룬스톤,Tipo defensivo,ประเภทป้องกัน,9999,{529=40},100,3,9,<210;213;216;219;223;226;229;232;235;238;244;247;250;254;257;260;264;267;270;274;281;285;289;292;296;299;303;306;310;314;323;327;331;335;339;342;346;350;354;357;378;382;386;391;395;399;403;407;412;416;441;446;450;455;459;464;469;473;478;483;512;517;522;528;533;538;543;548;553;558;592;598;603;609;614;620;625;630;636;641;680;686;692;698;704;710;716;722;727;733;777;783;790;796;802;809;815;821;827;834;842;851;859;868;877;885;894;903;912;921;930;940;949;959;968;978;988;998;1008;1018;1028;1038;1048;1059;1070;1080;1091;1102;1113;1124;1135;1147;1158;1170;1181;1193;1205;1217;1229;1242;1254;1267;1279;1292;1305;1318;1331;1345;1358;1372;1385;1399;1413;1427;1442;1456;1471;1485;1500;1515;1530;1546;1561;1577;1592;1608;1624;1641;1657;1674;1690;1707;1724;1742;1759;1777;1794;1812;1830;1849;1867;1886;1905;1924;1943;1962;1982;2002;2022;2042;2063;2083;2104;2125;2146;2168;2189;2211;2233;2256>,10,<210;213;216;219;223;226;229;232;235;238;244;247;250;254;257;260;264;267;270;274;281;285;289;292;296;299;303;306;310;314;323;327;331;335;339;342;346;350;354;357;378;382;386;391;395;399;403;407;412;416;441;446;450;455;459;464;469;473;478;483;512;517;522;528;533;538;543;548;553;558;592;598;603;609;614;620;625;630;636;641;680;686;692;698;704;710;716;722;727;733;777;783;790;796;802;809;815;821;827;834;842;851;859;868;877;885;894;903;912;921;930;940;949;959;968;978;988;998;1008;1018;1028;1038;1048;1059;1070;1080;1091;1102;1113;1124;1135;1147;1158;1170;1181;1193;1205;1217;1229;1242;1254;1267;1279;1292;1305;1318;1331;1345;1358;1372;1385;1399;1413;1427;1442;1456;1471;1485;1500;1515;1530;1546;1561;1577;1592;1608;1624;1641;1657;1674;1690;1707;1724;1742;1759;1777;1794;1812;1830;1849;1867;1886;1905;1924;1943;1962;1982;2002;2022;2042;2063;2083;2104;2125;2146;2168;2189;2211;2233;2256>,22,<20;20;20;20;20;22;22;22;22;22;24;24;24;24;24;27;27;27;27;27;29;29;29;29;29;31;31;31;31;31;33;33;33;33;33;35;35;35;35;35;37;37;37;37;37;40;40;40;40;40;42;42;42;42;42;44;44;44;44;44;46;46;46;46;46;48;48;48;48;48;50;50;50;50;50;53;53;53;53;53;55;55;55;55;55;57;57;57;57;57;59;59;59;59;59;61;61;61;61;61;62;62;63;63;64;65;65;66;67;67;68;69;69;70;71;72;72;73;74;74;75;76;77;77;78;79;80;81;81;82;83;84;85;86;86;87;88;89;90;91;92;93;94;95;95;96;97;98;99;100;101;102;103;104;105;106;108;109;110;111;112;113;114;115;116;118;119;120;121;122;124;125;126;127;129;130;131;133;134;135;137;138;139;141;142;144;145;146;148;149;151;152;154;155;157;159;160;162;163;165>,0,<>,0,<>,,{drawcard=false;gain=false}
40534,盾甲,盾甲,Shield,Shield,실드,Escudo,5,4,config/item/gem/icon_7_l_4.png,3,防御向符石,防禦向符石,Defensive-type,Defensive-type,방어 룬스톤,Tipo defensivo,ประเภทป้องกัน,9999,{529=40},100,3,9,<210;213;216;219;223;226;229;232;235;238;244;247;250;254;257;260;264;267;270;274;281;285;289;292;296;299;303;306;310;314;323;327;331;335;339;342;346;350;354;357;378;382;386;391;395;399;403;407;412;416;441;446;450;455;459;464;469;473;478;483;512;517;522;528;533;538;543;548;553;558;592;598;603;609;614;620;625;630;636;641;680;686;692;698;704;710;716;722;727;733;777;783;790;796;802;809;815;821;827;834;842;851;859;868;877;885;894;903;912;921;930;940;949;959;968;978;988;998;1008;1018;1028;1038;1048;1059;1070;1080;1091;1102;1113;1124;1135;1147;1158;1170;1181;1193;1205;1217;1229;1242;1254;1267;1279;1292;1305;1318;1331;1345;1358;1372;1385;1399;1413;1427;1442;1456;1471;1485;1500;1515;1530;1546;1561;1577;1592;1608;1624;1641;1657;1674;1690;1707;1724;1742;1759;1777;1794;1812;1830;1849;1867;1886;1905;1924;1943;1962;1982;2002;2022;2042;2063;2083;2104;2125;2146;2168;2189;2211;2233;2256>,10,<210;213;216;219;223;226;229;232;235;238;244;247;250;254;257;260;264;267;270;274;281;285;289;292;296;299;303;306;310;314;323;327;331;335;339;342;346;350;354;357;378;382;386;391;395;399;403;407;412;416;441;446;450;455;459;464;469;473;478;483;512;517;522;528;533;538;543;548;553;558;592;598;603;609;614;620;625;630;636;641;680;686;692;698;704;710;716;722;727;733;777;783;790;796;802;809;815;821;827;834;842;851;859;868;877;885;894;903;912;921;930;940;949;959;968;978;988;998;1008;1018;1028;1038;1048;1059;1070;1080;1091;1102;1113;1124;1135;1147;1158;1170;1181;1193;1205;1217;1229;1242;1254;1267;1279;1292;1305;1318;1331;1345;1358;1372;1385;1399;1413;1427;1442;1456;1471;1485;1500;1515;1530;1546;1561;1577;1592;1608;1624;1641;1657;1674;1690;1707;1724;1742;1759;1777;1794;1812;1830;1849;1867;1886;1905;1924;1943;1962;1982;2002;2022;2042;2063;2083;2104;2125;2146;2168;2189;2211;2233;2256>,23,<20;20;20;20;20;22;22;22;22;22;24;24;24;24;24;27;27;27;27;27;29;29;29;29;29;31;31;31;31;31;33;33;33;33;33;35;35;35;35;35;37;37;37;37;37;40;40;40;40;40;42;42;42;42;42;44;44;44;44;44;46;46;46;46;46;48;48;48;48;48;50;50;50;50;50;53;53;53;53;53;55;55;55;55;55;57;57;57;57;57;59;59;59;59;59;61;61;61;61;61;62;62;63;63;64;65;65;66;67;67;68;69;69;70;71;72;72;73;74;74;75;76;77;77;78;79;80;81;81;82;83;84;85;86;86;87;88;89;90;91;92;93;94;95;95;96;97;98;99;100;101;102;103;104;105;106;108;109;110;111;112;113;114;115;116;118;119;120;121;122;124;125;126;127;129;130;131;133;134;135;137;138;139;141;142;144;145;146;148;149;151;152;154;155;157;159;160;162;163;165>,0,<>,0,<>,,{drawcard=false;gain=false}
40535,盾甲,盾甲,Shield,Shield,실드,Escudo,5,5,config/item/gem/icon_7_l_5.png,3,防御向符石,防禦向符石,Defensive-type,Defensive-type,방어 룬스톤,Tipo defensivo,ประเภทป้องกัน,9999,{529=40},100,3,1,<1512;1535;1557;1580;1603;1625;1648;1671;1693;1716;1754;1778;1802;1826;1851;1875;1899;1923;1947;1972;2026;2052;2077;2103;2129;2155;2180;2206;2232;2257;2328;2356;2383;2410;2437;2465;2492;2519;2546;2573;2722;2752;2782;2812;2843;2873;2903;2933;2964;2994;3175;3208;3242;3275;3308;3342;3375;3408;3441;3475;3689;3726;3762;3798;3834;3871;3907;3943;3980;4016;4264;4303;4342;4382;4421;4460;4500;4539;4578;4618;4899;4941;4984;5026;5068;5111;5153;5195;5238;5280;5594;5640;5685;5730;5776;5821;5867;5912;5957;6003;6063;6124;6185;6247;6309;6372;6436;6500;6565;6631;6697;6764;6832;6900;6969;7039;7109;7180;7252;7325;7398;7472;7547;7622;7698;7775;7853;7932;8011;8091;8172;8254;8336;8420;8504;8589;8675;8762;8849;8938;9027;9117;9208;9301;9394;9487;9582;9678;9775;9873;9971;10071;10172;10274;10376;10480;10585;10691;10798;10906;11015;11125;11236;11348;11462;11577;11692;11809;11927;12047;12167;12289;12412;12536;12661;12788;12916;13045;13175;13307;13440;13574;13710;13847;13986;14126;14267;14410;14554;14699;14846;14995;15145;15296;15449;15603;15759;15917;16076;16237>,7,<300;305;309;314;318;323;327;332;336;341;348;353;358;362;367;372;377;382;386;391;402;407;412;417;422;428;433;438;443;448;462;467;473;478;484;489;494;500;505;511;540;546;552;558;564;570;576;582;588;594;630;637;643;650;656;663;670;676;683;689;732;739;746;754;761;768;775;782;790;797;846;854;862;869;877;885;893;901;908;916;972;980;989;997;1006;1014;1022;1031;1039;1048;1110;1119;1128;1137;1146;1155;1164;1173;1182;1191;1203;1215;1227;1239;1252;1264;1277;1290;1303;1316;1329;1342;1355;1369;1383;1397;1411;1425;1439;1453;1468;1482;1497;1512;1527;1543;1558;1574;1589;1605;1621;1638;1654;1670;1687;1704;1721;1738;1756;1773;1791;1809;1827;1845;1864;1882;1901;1920;1939;1959;1978;1998;2018;2038;2059;2079;2100;2121;2142;2164;2185;2207;2229;2252;2274;2297;2320;2343;2366;2390;2414;2438;2462;2487;2512;2537;2562;2588;2614;2640;2667;2693;2720;2747;2775;2803;2831;2859;2887;2916;2945;2975;3005;3035;3065;3096;3127;3158;3190;3221>,8,<300;305;309;314;318;323;327;332;336;341;348;353;358;362;367;372;377;382;386;391;402;407;412;417;422;428;433;438;443;448;462;467;473;478;484;489;494;500;505;511;540;546;552;558;564;570;576;582;588;594;630;637;643;650;656;663;670;676;683;689;732;739;746;754;761;768;775;782;790;797;846;854;862;869;877;885;893;901;908;916;972;980;989;997;1006;1014;1022;1031;1039;1048;1110;1119;1128;1137;1146;1155;1164;1173;1182;1191;1203;1215;1227;1239;1252;1264;1277;1290;1303;1316;1329;1342;1355;1369;1383;1397;1411;1425;1439;1453;1468;1482;1497;1512;1527;1543;1558;1574;1589;1605;1621;1638;1654;1670;1687;1704;1721;1738;1756;1773;1791;1809;1827;1845;1864;1882;1901;1920;1939;1959;1978;1998;2018;2038;2059;2079;2100;2121;2142;2164;2185;2207;2229;2252;2274;2297;2320;2343;2366;2390;2414;2438;2462;2487;2512;2537;2562;2588;2614;2640;2667;2693;2720;2747;2775;2803;2831;2859;2887;2916;2945;2975;3005;3035;3065;3096;3127;3158;3190;3221>,91,<40;40;40;40;40;45;45;45;45;45;49;49;49;49;49;53;53;53;53;53;58;58;58;58;58;62;62;62;62;62;66;66;66;66;66;71;71;71;71;71;75;75;75;75;75;79;79;79;79;79;84;84;84;84;84;88;88;88;88;88;92;92;92;92;92;96;96;96;96;96;101;101;101;101;101;105;105;105;105;105;109;109;109;109;109;114;114;114;114;114;118;118;118;118;118;122;122;122;122;122;123;124;126;127;128;130;131;132;133;135;136;137;139;140;142;143;144;146;147;149;150;152;153;155;156;158;160;161;163;164;166;168;169;171;173;175;176;178;180;182;183;185;187;189;191;193;195;197;199;201;203;205;207;209;211;213;215;217;219;222;224;226;228;231;233;235;238;240;242;245;247;250;252;255;257;260;262;265;268;270;273;276;279;281;284;287;290;293;296;299;302;305;308;311;314;317;320;323;327;330>,0,<>,,{drawcard=false;gain=false}
40536,盾甲,盾甲,Shield,Shield,실드,Escudo,5,6,config/item/gem/icon_7_l_6.png,3,防御向符石,防禦向符石,Defensive-type,Defensive-type,방어 룬스톤,Tipo defensivo,ประเภทป้องกัน,9999,{529=40},100,3,1,<1512;1535;1557;1580;1603;1625;1648;1671;1693;1716;1754;1778;1802;1826;1851;1875;1899;1923;1947;1972;2026;2052;2077;2103;2129;2155;2180;2206;2232;2257;2328;2356;2383;2410;2437;2465;2492;2519;2546;2573;2722;2752;2782;2812;2843;2873;2903;2933;2964;2994;3175;3208;3242;3275;3308;3342;3375;3408;3441;3475;3689;3726;3762;3798;3834;3871;3907;3943;3980;4016;4264;4303;4342;4382;4421;4460;4500;4539;4578;4618;4899;4941;4984;5026;5068;5111;5153;5195;5238;5280;5594;5640;5685;5730;5776;5821;5867;5912;5957;6003;6063;6124;6185;6247;6309;6372;6436;6500;6565;6631;6697;6764;6832;6900;6969;7039;7109;7180;7252;7325;7398;7472;7547;7622;7698;7775;7853;7932;8011;8091;8172;8254;8336;8420;8504;8589;8675;8762;8849;8938;9027;9117;9208;9301;9394;9487;9582;9678;9775;9873;9971;10071;10172;10274;10376;10480;10585;10691;10798;10906;11015;11125;11236;11348;11462;11577;11692;11809;11927;12047;12167;12289;12412;12536;12661;12788;12916;13045;13175;13307;13440;13574;13710;13847;13986;14126;14267;14410;14554;14699;14846;14995;15145;15296;15449;15603;15759;15917;16076;16237>,7,<300;305;309;314;318;323;327;332;336;341;348;353;358;362;367;372;377;382;386;391;402;407;412;417;422;428;433;438;443;448;462;467;473;478;484;489;494;500;505;511;540;546;552;558;564;570;576;582;588;594;630;637;643;650;656;663;670;676;683;689;732;739;746;754;761;768;775;782;790;797;846;854;862;869;877;885;893;901;908;916;972;980;989;997;1006;1014;1022;1031;1039;1048;1110;1119;1128;1137;1146;1155;1164;1173;1182;1191;1203;1215;1227;1239;1252;1264;1277;1290;1303;1316;1329;1342;1355;1369;1383;1397;1411;1425;1439;1453;1468;1482;1497;1512;1527;1543;1558;1574;1589;1605;1621;1638;1654;1670;1687;1704;1721;1738;1756;1773;1791;1809;1827;1845;1864;1882;1901;1920;1939;1959;1978;1998;2018;2038;2059;2079;2100;2121;2142;2164;2185;2207;2229;2252;2274;2297;2320;2343;2366;2390;2414;2438;2462;2487;2512;2537;2562;2588;2614;2640;2667;2693;2720;2747;2775;2803;2831;2859;2887;2916;2945;2975;3005;3035;3065;3096;3127;3158;3190;3221>,8,<300;305;309;314;318;323;327;332;336;341;348;353;358;362;367;372;377;382;386;391;402;407;412;417;422;428;433;438;443;448;462;467;473;478;484;489;494;500;505;511;540;546;552;558;564;570;576;582;588;594;630;637;643;650;656;663;670;676;683;689;732;739;746;754;761;768;775;782;790;797;846;854;862;869;877;885;893;901;908;916;972;980;989;997;1006;1014;1022;1031;1039;1048;1110;1119;1128;1137;1146;1155;1164;1173;1182;1191;1203;1215;1227;1239;1252;1264;1277;1290;1303;1316;1329;1342;1355;1369;1383;1397;1411;1425;1439;1453;1468;1482;1497;1512;1527;1543;1558;1574;1589;1605;1621;1638;1654;1670;1687;1704;1721;1738;1756;1773;1791;1809;1827;1845;1864;1882;1901;1920;1939;1959;1978;1998;2018;2038;2059;2079;2100;2121;2142;2164;2185;2207;2229;2252;2274;2297;2320;2343;2366;2390;2414;2438;2462;2487;2512;2537;2562;2588;2614;2640;2667;2693;2720;2747;2775;2803;2831;2859;2887;2916;2945;2975;3005;3035;3065;3096;3127;3158;3190;3221>,16,<34;34;34;34;34;37;37;37;37;37;41;41;41;41;41;44;44;44;44;44;48;48;48;48;48;52;52;52;52;52;55;55;55;55;55;59;59;59;59;59;62;62;62;62;62;66;66;66;66;66;70;70;70;70;70;73;73;73;73;73;77;77;77;77;77;80;80;80;80;80;84;84;84;84;84;88;88;88;88;88;91;91;91;91;91;95;95;95;95;95;98;98;98;98;98;102;102;102;102;102;103;104;105;106;107;108;109;110;112;113;114;115;116;117;118;120;121;122;123;124;126;127;128;130;131;132;133;135;136;137;139;140;142;143;144;146;147;149;150;152;153;155;156;158;160;161;163;164;166;168;169;171;173;175;176;178;180;182;183;185;187;189;191;193;195;197;199;201;203;205;207;209;211;213;215;217;219;222;224;226;228;231;233;235;238;240;242;245;247;250;252;255;257;260;263;265;268;270;273;276>,0,<>,,{drawcard=false;gain=false}
40541,盾甲,盾甲,Shield,Shield,실드,Escudo,5,1,config/item/gem/icon_7_z_1.png,4,防御向符石,防禦向符石,Defensive-type,Defensive-type,방어 룬스톤,Tipo defensivo,ประเภทป้องกัน,9999,{529=80},100,4,1,<2218;2251;2285;2318;2351;2384;2418;2451;2484;2517;2573;2608;2644;2679;2715;2750;2786;2821;2857;2892;2972;3010;3048;3085;3123;3161;3198;3236;3274;3311;3416;3456;3496;3535;3575;3615;3655;3695;3735;3775;3992;4037;4081;4125;4170;4214;4259;4303;4347;4392;4658;4707;4755;4804;4853;4902;4951;4999;5048;5097;5412;5465;5518;5572;5625;5678;5731;5785;5838;5891;6255;6312;6370;6428;6485;6543;6601;6658;6716;6774;7186;7248;7311;7373;7435;7497;7559;7621;7683;7745;8207;8273;8340;8406;8473;8539;8606;8672;8739;8805;8893;8982;9072;9163;9254;9347;9440;9535;9630;9726;9823;9922;10021;10121;10222;10325;10428;10532;10637;10744;10851;10960;11069;11180;11292;11405;11519;11634;11750;11868;11986;12106;12227;12350;12473;12598;12724;12851;12980;13109;13241;13373;13507;13642;13778;13916;14055;14196;14338;14481;14626;14772;14920;15069;15220;15372;15526;15681;15838;15996;16156;16318;16481;16646;16812;16980;17150;17321;17495;17670;17846;18025;18205;18387;18571;18757;18944;19134;19325;19518;19713;19910;20110;20311;20514;20719;20926;21135;21347;21560;21776;21994;22214;22436;22660;22887;23115;23347;23580;23816>,9,<308;313;317;322;326;331;336;340;345;350;357;362;367;372;377;382;387;392;397;402;413;418;423;428;434;439;444;449;455;460;474;480;485;491;496;502;508;513;519;524;554;561;567;573;579;585;591;598;604;610;647;654;660;667;674;681;687;694;701;708;752;759;766;774;781;788;796;803;811;818;869;877;885;893;901;909;917;925;933;941;998;1007;1015;1024;1032;1041;1050;1058;1067;1076;1140;1149;1158;1167;1177;1186;1195;1204;1214;1223;1235;1248;1260;1273;1285;1298;1311;1324;1338;1351;1364;1378;1392;1406;1420;1434;1448;1463;1478;1492;1507;1522;1538;1553;1568;1584;1600;1616;1632;1648;1665;1682;1698;1715;1733;1750;1767;1785;1803;1821;1839;1857;1876;1895;1914;1933;1952;1972;1991;2011;2031;2052;2072;2093;2114;2135;2156;2178;2200;2222;2244;2266;2289;2312;2335;2359;2382;2406;2430;2454;2479;2504;2529;2554;2579;2605;2631;2658;2684;2711;2738;2766;2793;2821;2849;2878;2907;2936;2965;2995;3025;3055;3085;3116;3147;3179;3211;3243;3275;3308>,17,<59;59;59;59;59;65;65;65;65;65;72;72;72;72;72;78;78;78;78;78;84;84;84;84;84;91;91;91;91;91;97;97;97;97;97;103;103;103;103;103;110;110;110;110;110;116;116;116;116;116;122;122;122;122;122;129;129;129;129;129;135;135;135;135;135;142;142;142;142;142;148;148;148;148;148;154;154;154;154;154;161;161;161;161;161;167;167;167;167;167;173;173;173;173;173;180;180;180;180;180;182;184;185;187;189;191;193;195;197;199;201;203;205;207;209;211;213;215;217;220;222;224;226;229;231;233;235;238;240;243;245;247;250;252;255;258;260;263;265;268;271;273;276;279;282;284;287;290;293;296;299;302;305;308;311;314;317;321;324;327;330;334;337;340;344;347;351;354;358;361;365;368;372;376;380;383;387;391;395;399;403;407;411;415;419;424;428;432;436;441;445;450;454;459;463;468;473;477;482;487>,0,<>,0,<>,,{drawcard=zi_effect_loop}
40542,盾甲,盾甲,Shield,Shield,실드,Escudo,5,2,config/item/gem/icon_7_z_2.png,4,防御向符石,防禦向符石,Defensive-type,Defensive-type,방어 룬스톤,Tipo defensivo,ประเภทป้องกัน,9999,{529=80},100,4,1,<2218;2251;2285;2318;2351;2384;2418;2451;2484;2517;2573;2608;2644;2679;2715;2750;2786;2821;2857;2892;2972;3010;3048;3085;3123;3161;3198;3236;3274;3311;3416;3456;3496;3535;3575;3615;3655;3695;3735;3775;3992;4037;4081;4125;4170;4214;4259;4303;4347;4392;4658;4707;4755;4804;4853;4902;4951;4999;5048;5097;5412;5465;5518;5572;5625;5678;5731;5785;5838;5891;6255;6312;6370;6428;6485;6543;6601;6658;6716;6774;7186;7248;7311;7373;7435;7497;7559;7621;7683;7745;8207;8273;8340;8406;8473;8539;8606;8672;8739;8805;8893;8982;9072;9163;9254;9347;9440;9535;9630;9726;9823;9922;10021;10121;10222;10325;10428;10532;10637;10744;10851;10960;11069;11180;11292;11405;11519;11634;11750;11868;11986;12106;12227;12350;12473;12598;12724;12851;12980;13109;13241;13373;13507;13642;13778;13916;14055;14196;14338;14481;14626;14772;14920;15069;15220;15372;15526;15681;15838;15996;16156;16318;16481;16646;16812;16980;17150;17321;17495;17670;17846;18025;18205;18387;18571;18757;18944;19134;19325;19518;19713;19910;20110;20311;20514;20719;20926;21135;21347;21560;21776;21994;22214;22436;22660;22887;23115;23347;23580;23816>,10,<308;313;317;322;326;331;336;340;345;350;357;362;367;372;377;382;387;392;397;402;413;418;423;428;434;439;444;449;455;460;474;480;485;491;496;502;508;513;519;524;554;561;567;573;579;585;591;598;604;610;647;654;660;667;674;681;687;694;701;708;752;759;766;774;781;788;796;803;811;818;869;877;885;893;901;909;917;925;933;941;998;1007;1015;1024;1032;1041;1050;1058;1067;1076;1140;1149;1158;1167;1177;1186;1195;1204;1214;1223;1235;1248;1260;1273;1285;1298;1311;1324;1338;1351;1364;1378;1392;1406;1420;1434;1448;1463;1478;1492;1507;1522;1538;1553;1568;1584;1600;1616;1632;1648;1665;1682;1698;1715;1733;1750;1767;1785;1803;1821;1839;1857;1876;1895;1914;1933;1952;1972;1991;2011;2031;2052;2072;2093;2114;2135;2156;2178;2200;2222;2244;2266;2289;2312;2335;2359;2382;2406;2430;2454;2479;2504;2529;2554;2579;2605;2631;2658;2684;2711;2738;2766;2793;2821;2849;2878;2907;2936;2965;2995;3025;3055;3085;3116;3147;3179;3211;3243;3275;3308>,19,<59;59;59;59;59;65;65;65;65;65;72;72;72;72;72;78;78;78;78;78;84;84;84;84;84;91;91;91;91;91;97;97;97;97;97;103;103;103;103;103;110;110;110;110;110;116;116;116;116;116;122;122;122;122;122;129;129;129;129;129;135;135;135;135;135;142;142;142;142;142;148;148;148;148;148;154;154;154;154;154;161;161;161;161;161;167;167;167;167;167;173;173;173;173;173;180;180;180;180;180;182;184;185;187;189;191;193;195;197;199;201;203;205;207;209;211;213;215;217;220;222;224;226;229;231;233;235;238;240;243;245;247;250;252;255;258;260;263;265;268;271;273;276;279;282;284;287;290;293;296;299;302;305;308;311;314;317;321;324;327;330;334;337;340;344;347;351;354;358;361;365;368;372;376;380;383;387;391;395;399;403;407;411;415;419;424;428;432;436;441;445;450;454;459;463;468;473;477;482;487>,0,<>,0,<>,,{drawcard=zi_effect_loop}
40543,盾甲,盾甲,Shield,Shield,실드,Escudo,5,3,config/item/gem/icon_7_z_3.png,4,防御向符石,防禦向符石,Defensive-type,Defensive-type,방어 룬스톤,Tipo defensivo,ประเภทป้องกัน,9999,{529=80},100,4,9,<308;313;317;322;326;331;336;340;345;350;357;362;367;372;377;382;387;392;397;402;413;418;423;428;434;439;444;449;455;460;474;480;485;491;496;502;508;513;519;524;554;561;567;573;579;585;591;598;604;610;647;654;660;667;674;681;687;694;701;708;752;759;766;774;781;788;796;803;811;818;869;877;885;893;901;909;917;925;933;941;998;1007;1015;1024;1032;1041;1050;1058;1067;1076;1140;1149;1158;1167;1177;1186;1195;1204;1214;1223;1235;1248;1260;1273;1285;1298;1311;1324;1338;1351;1364;1378;1392;1406;1420;1434;1448;1463;1478;1492;1507;1522;1538;1553;1568;1584;1600;1616;1632;1648;1665;1682;1698;1715;1733;1750;1767;1785;1803;1821;1839;1857;1876;1895;1914;1933;1952;1972;1991;2011;2031;2052;2072;2093;2114;2135;2156;2178;2200;2222;2244;2266;2289;2312;2335;2359;2382;2406;2430;2454;2479;2504;2529;2554;2579;2605;2631;2658;2684;2711;2738;2766;2793;2821;2849;2878;2907;2936;2965;2995;3025;3055;3085;3116;3147;3179;3211;3243;3275;3308>,10,<308;313;317;322;326;331;336;340;345;350;357;362;367;372;377;382;387;392;397;402;413;418;423;428;434;439;444;449;455;460;474;480;485;491;496;502;508;513;519;524;554;561;567;573;579;585;591;598;604;610;647;654;660;667;674;681;687;694;701;708;752;759;766;774;781;788;796;803;811;818;869;877;885;893;901;909;917;925;933;941;998;1007;1015;1024;1032;1041;1050;1058;1067;1076;1140;1149;1158;1167;1177;1186;1195;1204;1214;1223;1235;1248;1260;1273;1285;1298;1311;1324;1338;1351;1364;1378;1392;1406;1420;1434;1448;1463;1478;1492;1507;1522;1538;1553;1568;1584;1600;1616;1632;1648;1665;1682;1698;1715;1733;1750;1767;1785;1803;1821;1839;1857;1876;1895;1914;1933;1952;1972;1991;2011;2031;2052;2072;2093;2114;2135;2156;2178;2200;2222;2244;2266;2289;2312;2335;2359;2382;2406;2430;2454;2479;2504;2529;2554;2579;2605;2631;2658;2684;2711;2738;2766;2793;2821;2849;2878;2907;2936;2965;2995;3025;3055;3085;3116;3147;3179;3211;3243;3275;3308>,22,<30;30;30;30;30;33;33;33;33;33;36;36;36;36;36;39;39;39;39;39;42;42;42;42;42;45;45;45;45;45;49;49;49;49;49;52;52;52;52;52;55;55;55;55;55;58;58;58;58;58;61;61;61;61;61;64;64;64;64;64;68;68;68;68;68;71;71;71;71;71;74;74;74;74;74;77;77;77;77;77;80;80;80;80;80;83;83;83;83;83;87;87;87;87;87;90;90;90;90;90;91;92;93;94;95;96;96;97;98;99;100;101;102;103;104;106;107;108;109;110;111;112;113;114;115;117;118;119;120;121;123;124;125;126;127;129;130;131;133;134;135;137;138;139;141;142;144;145;147;148;149;151;153;154;156;157;159;160;162;164;165;167;168;170;172;174;175;177;179;181;182;184;186;188;190;192;194;196;198;200;201;204;206;208;210;212;214;216;218;220;223;225;227;229;232;234;236;239;241;243>,0,<>,0,<>,,{drawcard=zi_effect_loop}
40544,盾甲,盾甲,Shield,Shield,실드,Escudo,5,4,config/item/gem/icon_7_z_4.png,4,防御向符石,防禦向符石,Defensive-type,Defensive-type,방어 룬스톤,Tipo defensivo,ประเภทป้องกัน,9999,{529=80},100,4,9,<308;313;317;322;326;331;336;340;345;350;357;362;367;372;377;382;387;392;397;402;413;418;423;428;434;439;444;449;455;460;474;480;485;491;496;502;508;513;519;524;554;561;567;573;579;585;591;598;604;610;647;654;660;667;674;681;687;694;701;708;752;759;766;774;781;788;796;803;811;818;869;877;885;893;901;909;917;925;933;941;998;1007;1015;1024;1032;1041;1050;1058;1067;1076;1140;1149;1158;1167;1177;1186;1195;1204;1214;1223;1235;1248;1260;1273;1285;1298;1311;1324;1338;1351;1364;1378;1392;1406;1420;1434;1448;1463;1478;1492;1507;1522;1538;1553;1568;1584;1600;1616;1632;1648;1665;1682;1698;1715;1733;1750;1767;1785;1803;1821;1839;1857;1876;1895;1914;1933;1952;1972;1991;2011;2031;2052;2072;2093;2114;2135;2156;2178;2200;2222;2244;2266;2289;2312;2335;2359;2382;2406;2430;2454;2479;2504;2529;2554;2579;2605;2631;2658;2684;2711;2738;2766;2793;2821;2849;2878;2907;2936;2965;2995;3025;3055;3085;3116;3147;3179;3211;3243;3275;3308>,10,<308;313;317;322;326;331;336;340;345;350;357;362;367;372;377;382;387;392;397;402;413;418;423;428;434;439;444;449;455;460;474;480;485;491;496;502;508;513;519;524;554;561;567;573;579;585;591;598;604;610;647;654;660;667;674;681;687;694;701;708;752;759;766;774;781;788;796;803;811;818;869;877;885;893;901;909;917;925;933;941;998;1007;1015;1024;1032;1041;1050;1058;1067;1076;1140;1149;1158;1167;1177;1186;1195;1204;1214;1223;1235;1248;1260;1273;1285;1298;1311;1324;1338;1351;1364;1378;1392;1406;1420;1434;1448;1463;1478;1492;1507;1522;1538;1553;1568;1584;1600;1616;1632;1648;1665;1682;1698;1715;1733;1750;1767;1785;1803;1821;1839;1857;1876;1895;1914;1933;1952;1972;1991;2011;2031;2052;2072;2093;2114;2135;2156;2178;2200;2222;2244;2266;2289;2312;2335;2359;2382;2406;2430;2454;2479;2504;2529;2554;2579;2605;2631;2658;2684;2711;2738;2766;2793;2821;2849;2878;2907;2936;2965;2995;3025;3055;3085;3116;3147;3179;3211;3243;3275;3308>,23,<30;30;30;30;30;33;33;33;33;33;36;36;36;36;36;39;39;39;39;39;42;42;42;42;42;45;45;45;45;45;49;49;49;49;49;52;52;52;52;52;55;55;55;55;55;58;58;58;58;58;61;61;61;61;61;64;64;64;64;64;68;68;68;68;68;71;71;71;71;71;74;74;74;74;74;77;77;77;77;77;80;80;80;80;80;83;83;83;83;83;87;87;87;87;87;90;90;90;90;90;91;92;93;94;95;96;96;97;98;99;100;101;102;103;104;106;107;108;109;110;111;112;113;114;115;117;118;119;120;121;123;124;125;126;127;129;130;131;133;134;135;137;138;139;141;142;144;145;147;148;149;151;153;154;156;157;159;160;162;164;165;167;168;170;172;174;175;177;179;181;182;184;186;188;190;192;194;196;198;200;201;204;206;208;210;212;214;216;218;220;223;225;227;229;232;234;236;239;241;243>,0,<>,0,<>,,{drawcard=zi_effect_loop}
40545,盾甲,盾甲,Shield,Shield,실드,Escudo,5,5,config/item/gem/icon_7_z_5.png,4,防御向符石,防禦向符石,Defensive-type,Defensive-type,방어 룬스톤,Tipo defensivo,ประเภทป้องกัน,9999,{529=80},100,4,1,<2218;2251;2285;2318;2351;2384;2418;2451;2484;2517;2573;2608;2644;2679;2715;2750;2786;2821;2857;2892;2972;3010;3048;3085;3123;3161;3198;3236;3274;3311;3416;3456;3496;3535;3575;3615;3655;3695;3735;3775;3992;4037;4081;4125;4170;4214;4259;4303;4347;4392;4658;4707;4755;4804;4853;4902;4951;4999;5048;5097;5412;5465;5518;5572;5625;5678;5731;5785;5838;5891;6255;6312;6370;6428;6485;6543;6601;6658;6716;6774;7186;7248;7311;7373;7435;7497;7559;7621;7683;7745;8207;8273;8340;8406;8473;8539;8606;8672;8739;8805;8893;8982;9072;9163;9254;9347;9440;9535;9630;9726;9823;9922;10021;10121;10222;10325;10428;10532;10637;10744;10851;10960;11069;11180;11292;11405;11519;11634;11750;11868;11986;12106;12227;12350;12473;12598;12724;12851;12980;13109;13241;13373;13507;13642;13778;13916;14055;14196;14338;14481;14626;14772;14920;15069;15220;15372;15526;15681;15838;15996;16156;16318;16481;16646;16812;16980;17150;17321;17495;17670;17846;18025;18205;18387;18571;18757;18944;19134;19325;19518;19713;19910;20110;20311;20514;20719;20926;21135;21347;21560;21776;21994;22214;22436;22660;22887;23115;23347;23580;23816>,7,<440;447;453;460;466;473;480;486;493;499;510;517;524;532;539;546;553;560;567;574;590;597;605;612;620;627;634;642;649;657;678;686;693;701;709;717;725;733;741;749;792;801;810;818;827;836;845;854;862;871;924;934;943;953;963;972;982;992;1001;1011;1074;1084;1095;1105;1116;1126;1137;1148;1158;1169;1241;1252;1264;1275;1287;1298;1309;1321;1332;1344;1426;1438;1450;1463;1475;1487;1500;1512;1524;1536;1628;1641;1654;1668;1681;1694;1707;1720;1734;1747;1764;1782;1800;1818;1836;1854;1873;1892;1911;1930;1949;1969;1988;2008;2028;2048;2069;2090;2111;2132;2153;2175;2196;2218;2240;2263;2285;2308;2331;2355;2378;2402;2426;2450;2475;2500;2525;2550;2575;2601;2627;2653;2680;2707;2734;2761;2789;2817;2845;2873;2902;2931;2960;2990;3020;3050;3080;3111;3142;3174;3206;3238;3270;3303;3336;3369;3403;3437;3471;3506;3541;3576;3612;3648;3685;3721;3759;3796;3834;3873;3911;3950;3990;4030;4070;4111;4152;4193;4235;4278;4321;4364;4407;4451;4496;4541;4586;4632;4679;4725>,8,<440;447;453;460;466;473;480;486;493;499;510;517;524;532;539;546;553;560;567;574;590;597;605;612;620;627;634;642;649;657;678;686;693;701;709;717;725;733;741;749;792;801;810;818;827;836;845;854;862;871;924;934;943;953;963;972;982;992;1001;1011;1074;1084;1095;1105;1116;1126;1137;1148;1158;1169;1241;1252;1264;1275;1287;1298;1309;1321;1332;1344;1426;1438;1450;1463;1475;1487;1500;1512;1524;1536;1628;1641;1654;1668;1681;1694;1707;1720;1734;1747;1764;1782;1800;1818;1836;1854;1873;1892;1911;1930;1949;1969;1988;2008;2028;2048;2069;2090;2111;2132;2153;2175;2196;2218;2240;2263;2285;2308;2331;2355;2378;2402;2426;2450;2475;2500;2525;2550;2575;2601;2627;2653;2680;2707;2734;2761;2789;2817;2845;2873;2902;2931;2960;2990;3020;3050;3080;3111;3142;3174;3206;3238;3270;3303;3336;3369;3403;3437;3471;3506;3541;3576;3612;3648;3685;3721;3759;3796;3834;3873;3911;3950;3990;4030;4070;4111;4152;4193;4235;4278;4321;4364;4407;4451;4496;4541;4586;4632;4679;4725>,91,<59;59;59;59;59;65;65;65;65;65;72;72;72;72;72;78;78;78;78;78;84;84;84;84;84;91;91;91;91;91;97;97;97;97;97;103;103;103;103;103;110;110;110;110;110;116;116;116;116;116;122;122;122;122;122;129;129;129;129;129;135;135;135;135;135;142;142;142;142;142;148;148;148;148;148;154;154;154;154;154;161;161;161;161;161;167;167;167;167;167;173;173;173;173;173;180;180;180;180;180;182;184;185;187;189;191;193;195;197;199;201;203;205;207;209;211;213;215;217;220;222;224;226;229;231;233;235;238;240;243;245;247;250;252;255;258;260;263;265;268;271;273;276;279;282;284;287;290;293;296;299;302;305;308;311;314;317;321;324;327;330;334;337;340;344;347;351;354;358;361;365;368;372;376;380;383;387;391;395;399;403;407;411;415;419;424;428;432;436;441;445;450;454;459;463;468;473;477;482;487>,0,<>,,{drawcard=zi_effect_loop}
40546,盾甲,盾甲,Shield,Shield,실드,Escudo,5,6,config/item/gem/icon_7_z_6.png,4,防御向符石,防禦向符石,Defensive-type,Defensive-type,방어 룬스톤,Tipo defensivo,ประเภทป้องกัน,9999,{529=80},100,4,1,<2218;2251;2285;2318;2351;2384;2418;2451;2484;2517;2573;2608;2644;2679;2715;2750;2786;2821;2857;2892;2972;3010;3048;3085;3123;3161;3198;3236;3274;3311;3416;3456;3496;3535;3575;3615;3655;3695;3735;3775;3992;4037;4081;4125;4170;4214;4259;4303;4347;4392;4658;4707;4755;4804;4853;4902;4951;4999;5048;5097;5412;5465;5518;5572;5625;5678;5731;5785;5838;5891;6255;6312;6370;6428;6485;6543;6601;6658;6716;6774;7186;7248;7311;7373;7435;7497;7559;7621;7683;7745;8207;8273;8340;8406;8473;8539;8606;8672;8739;8805;8893;8982;9072;9163;9254;9347;9440;9535;9630;9726;9823;9922;10021;10121;10222;10325;10428;10532;10637;10744;10851;10960;11069;11180;11292;11405;11519;11634;11750;11868;11986;12106;12227;12350;12473;12598;12724;12851;12980;13109;13241;13373;13507;13642;13778;13916;14055;14196;14338;14481;14626;14772;14920;15069;15220;15372;15526;15681;15838;15996;16156;16318;16481;16646;16812;16980;17150;17321;17495;17670;17846;18025;18205;18387;18571;18757;18944;19134;19325;19518;19713;19910;20110;20311;20514;20719;20926;21135;21347;21560;21776;21994;22214;22436;22660;22887;23115;23347;23580;23816>,7,<440;447;453;460;466;473;480;486;493;499;510;517;524;532;539;546;553;560;567;574;590;597;605;612;620;627;634;642;649;657;678;686;693;701;709;717;725;733;741;749;792;801;810;818;827;836;845;854;862;871;924;934;943;953;963;972;982;992;1001;1011;1074;1084;1095;1105;1116;1126;1137;1148;1158;1169;1241;1252;1264;1275;1287;1298;1309;1321;1332;1344;1426;1438;1450;1463;1475;1487;1500;1512;1524;1536;1628;1641;1654;1668;1681;1694;1707;1720;1734;1747;1764;1782;1800;1818;1836;1854;1873;1892;1911;1930;1949;1969;1988;2008;2028;2048;2069;2090;2111;2132;2153;2175;2196;2218;2240;2263;2285;2308;2331;2355;2378;2402;2426;2450;2475;2500;2525;2550;2575;2601;2627;2653;2680;2707;2734;2761;2789;2817;2845;2873;2902;2931;2960;2990;3020;3050;3080;3111;3142;3174;3206;3238;3270;3303;3336;3369;3403;3437;3471;3506;3541;3576;3612;3648;3685;3721;3759;3796;3834;3873;3911;3950;3990;4030;4070;4111;4152;4193;4235;4278;4321;4364;4407;4451;4496;4541;4586;4632;4679;4725>,8,<440;447;453;460;466;473;480;486;493;499;510;517;524;532;539;546;553;560;567;574;590;597;605;612;620;627;634;642;649;657;678;686;693;701;709;717;725;733;741;749;792;801;810;818;827;836;845;854;862;871;924;934;943;953;963;972;982;992;1001;1011;1074;1084;1095;1105;1116;1126;1137;1148;1158;1169;1241;1252;1264;1275;1287;1298;1309;1321;1332;1344;1426;1438;1450;1463;1475;1487;1500;1512;1524;1536;1628;1641;1654;1668;1681;1694;1707;1720;1734;1747;1764;1782;1800;1818;1836;1854;1873;1892;1911;1930;1949;1969;1988;2008;2028;2048;2069;2090;2111;2132;2153;2175;2196;2218;2240;2263;2285;2308;2331;2355;2378;2402;2426;2450;2475;2500;2525;2550;2575;2601;2627;2653;2680;2707;2734;2761;2789;2817;2845;2873;2902;2931;2960;2990;3020;3050;3080;3111;3142;3174;3206;3238;3270;3303;3336;3369;3403;3437;3471;3506;3541;3576;3612;3648;3685;3721;3759;3796;3834;3873;3911;3950;3990;4030;4070;4111;4152;4193;4235;4278;4321;4364;4407;4451;4496;4541;4586;4632;4679;4725>,16,<49;49;49;49;49;55;55;55;55;55;60;60;60;60;60;65;65;65;65;65;70;70;70;70;70;76;76;76;76;76;81;81;81;81;81;86;86;86;86;86;92;92;92;92;92;97;97;97;97;97;102;102;102;102;102;107;107;107;107;107;113;113;113;113;113;118;118;118;118;118;123;123;123;123;123;128;128;128;128;128;134;134;134;134;134;139;139;139;139;139;144;144;144;144;144;150;150;150;150;150;152;153;155;156;158;159;161;162;164;166;167;169;171;172;174;176;178;179;181;183;185;187;189;190;192;194;196;198;200;202;204;206;208;210;212;215;217;219;221;223;226;228;230;232;235;237;239;242;244;247;249;252;254;257;259;262;264;267;270;273;275;278;281;284;286;289;292;295;298;301;304;307;310;313;316;320;323;326;329;333;336;339;343;346;349;353;356;360;364;367;371;375;378;382;386;390;394;398;402;406>,0,<>,,{drawcard=zi_effect_loop}
40551,盾甲,盾甲,Shield,Shield,실드,Escudo,5,1,config/item/gem/icon_7_hu_1.png,5,防御向符石,防禦向符石,Defensive-type,Defensive-type,방어 룬스톤,Tipo defensivo,ประเภทป้องกัน,9999,{529=400},100,5,1,<3427;3478;3530;3581;3633;3684;3735;3787;3838;3890;3975;4030;4085;4140;4195;4249;4304;4359;4414;4469;4592;4650;4709;4767;4825;4883;4942;5000;5058;5117;5278;5339;5401;5463;5524;5586;5648;5709;5771;5833;6169;6237;6306;6374;6443;6511;6580;6648;6717;6785;7197;7272;7347;7423;7498;7574;7649;7724;7800;7875;8362;8444;8526;8609;8691;8773;8855;8938;9020;9102;9664;9753;9842;9931;10021;10110;10199;10288;10377;10466;11103;11199;11295;11391;11487;11583;11679;11775;11871;11967;12680;12783;12886;12988;13091;13194;13297;13400;13502;13605;13741;13878;14017;14157;14299;14442;14586;14732;14880;15028;15179;15330;15484;15639;15795;15953;16112;16274;16436;16601;16767;16934;17104;17275;17447;17622;17798;17976;18156;18337;18521;18706;18893;19082;19273;19466;19660;19857;20055;20256;20459;20663;20870;21078;21289;21502;21717;21934;22154;22375;22599;22825;23053;23284;23517;23752;23989;24229;24471;24716;24963;25213;25465;25720;25977;26237;26499;26764;27032;27302;27575;27851;28129;28411;28695;28982;29271;29564;29860;30158;30460;30765;31072;31383;31697;32014;32334;32657;32984;33314;33647;33983;34323;34666;35013;35363;35717;36074;36435;36799>,9,<476;483;490;497;505;512;519;526;533;540;552;560;567;575;583;590;598;605;613;621;638;646;654;662;670;678;686;694;703;711;733;742;750;759;767;776;784;793;802;810;857;866;876;885;895;904;914;923;933;942;1000;1010;1021;1031;1041;1052;1062;1073;1083;1094;1161;1173;1184;1196;1207;1219;1230;1241;1253;1264;1342;1355;1367;1379;1392;1404;1417;1429;1441;1454;1542;1556;1569;1582;1596;1609;1622;1636;1649;1662;1761;1775;1790;1804;1818;1833;1847;1861;1875;1890;1909;1928;1947;1967;1986;2006;2026;2047;2067;2088;2109;2130;2151;2173;2194;2216;2238;2261;2283;2306;2329;2353;2376;2400;2424;2448;2473;2497;2522;2547;2573;2599;2625;2651;2677;2704;2731;2759;2786;2814;2842;2871;2899;2928;2957;2987;3017;3047;3078;3108;3139;3171;3203;3235;3267;3300;3333;3366;3400;3434;3468;3503;3538;3573;3609;3645;3681;3718;3755;3793;3831;3869;3908;3947;3986;4026;4066;4107;4148;4190;4231;4274;4317;4360;4403;4447;4492;4537;4582;4628;4674;4721;4768;4816;4864;4913;4962;5011;5061;5112>,17,<91;91;91;91;91;101;101;101;101;101;111;111;111;111;111;121;121;121;121;121;131;131;131;131;131;140;140;140;140;140;150;150;150;150;150;160;160;160;160;160;170;170;170;170;170;180;180;180;180;180;189;189;189;189;189;199;199;199;199;199;209;209;209;209;209;219;219;219;219;219;228;228;228;228;228;238;238;238;238;238;248;248;248;248;248;258;258;258;258;258;268;268;268;268;268;277;277;277;277;277;280;283;285;288;291;294;297;300;303;306;309;312;315;318;322;325;328;331;335;338;341;345;348;352;355;359;362;366;370;373;377;381;385;389;392;396;400;404;408;412;417;421;425;429;433;438;442;447;451;456;460;465;469;474;479;484;488;493;498;503;508;513;518;524;529;534;540;545;550;556;561;567;573;578;584;590;596;602;608;614;620;626;633;639;645;652;658;665;672;678;685;692;699;706;713;720;727;734;742;749>,0,<>,0,<>,,{drawcard=huang_effect_loop}
40552,盾甲,盾甲,Shield,Shield,실드,Escudo,5,2,config/item/gem/icon_7_hu_2.png,5,防御向符石,防禦向符石,Defensive-type,Defensive-type,방어 룬스톤,Tipo defensivo,ประเภทป้องกัน,9999,{529=400},100,5,1,<3427;3478;3530;3581;3633;3684;3735;3787;3838;3890;3975;4030;4085;4140;4195;4249;4304;4359;4414;4469;4592;4650;4709;4767;4825;4883;4942;5000;5058;5117;5278;5339;5401;5463;5524;5586;5648;5709;5771;5833;6169;6237;6306;6374;6443;6511;6580;6648;6717;6785;7197;7272;7347;7423;7498;7574;7649;7724;7800;7875;8362;8444;8526;8609;8691;8773;8855;8938;9020;9102;9664;9753;9842;9931;10021;10110;10199;10288;10377;10466;11103;11199;11295;11391;11487;11583;11679;11775;11871;11967;12680;12783;12886;12988;13091;13194;13297;13400;13502;13605;13741;13878;14017;14157;14299;14442;14586;14732;14880;15028;15179;15330;15484;15639;15795;15953;16112;16274;16436;16601;16767;16934;17104;17275;17447;17622;17798;17976;18156;18337;18521;18706;18893;19082;19273;19466;19660;19857;20055;20256;20459;20663;20870;21078;21289;21502;21717;21934;22154;22375;22599;22825;23053;23284;23517;23752;23989;24229;24471;24716;24963;25213;25465;25720;25977;26237;26499;26764;27032;27302;27575;27851;28129;28411;28695;28982;29271;29564;29860;30158;30460;30765;31072;31383;31697;32014;32334;32657;32984;33314;33647;33983;34323;34666;35013;35363;35717;36074;36435;36799>,10,<476;483;490;497;505;512;519;526;533;540;552;560;567;575;583;590;598;605;613;621;638;646;654;662;670;678;686;694;703;711;733;742;750;759;767;776;784;793;802;810;857;866;876;885;895;904;914;923;933;942;1000;1010;1021;1031;1041;1052;1062;1073;1083;1094;1161;1173;1184;1196;1207;1219;1230;1241;1253;1264;1342;1355;1367;1379;1392;1404;1417;1429;1441;1454;1542;1556;1569;1582;1596;1609;1622;1636;1649;1662;1761;1775;1790;1804;1818;1833;1847;1861;1875;1890;1909;1928;1947;1967;1986;2006;2026;2047;2067;2088;2109;2130;2151;2173;2194;2216;2238;2261;2283;2306;2329;2353;2376;2400;2424;2448;2473;2497;2522;2547;2573;2599;2625;2651;2677;2704;2731;2759;2786;2814;2842;2871;2899;2928;2957;2987;3017;3047;3078;3108;3139;3171;3203;3235;3267;3300;3333;3366;3400;3434;3468;3503;3538;3573;3609;3645;3681;3718;3755;3793;3831;3869;3908;3947;3986;4026;4066;4107;4148;4190;4231;4274;4317;4360;4403;4447;4492;4537;4582;4628;4674;4721;4768;4816;4864;4913;4962;5011;5061;5112>,19,<91;91;91;91;91;101;101;101;101;101;111;111;111;111;111;121;121;121;121;121;131;131;131;131;131;140;140;140;140;140;150;150;150;150;150;160;160;160;160;160;170;170;170;170;170;180;180;180;180;180;189;189;189;189;189;199;199;199;199;199;209;209;209;209;209;219;219;219;219;219;228;228;228;228;228;238;238;238;238;238;248;248;248;248;248;258;258;258;258;258;268;268;268;268;268;277;277;277;277;277;280;283;285;288;291;294;297;300;303;306;309;312;315;318;322;325;328;331;335;338;341;345;348;352;355;359;362;366;370;373;377;381;385;389;392;396;400;404;408;412;417;421;425;429;433;438;442;447;451;456;460;465;469;474;479;484;488;493;498;503;508;513;518;524;529;534;540;545;550;556;561;567;573;578;584;590;596;602;608;614;620;626;633;639;645;652;658;665;672;678;685;692;699;706;713;720;727;734;742;749>,0,<>,0,<>,,{drawcard=huang_effect_loop}
40553,盾甲,盾甲,Shield,Shield,실드,Escudo,5,3,config/item/gem/icon_7_hu_3.png,5,防御向符石,防禦向符石,Defensive-type,Defensive-type,방어 룬스톤,Tipo defensivo,ประเภทป้องกัน,9999,{529=400},100,5,9,<476;483;490;497;505;512;519;526;533;540;552;560;567;575;583;590;598;605;613;621;638;646;654;662;670;678;686;694;703;711;733;742;750;759;767;776;784;793;802;810;857;866;876;885;895;904;914;923;933;942;1000;1010;1021;1031;1041;1052;1062;1073;1083;1094;1161;1173;1184;1196;1207;1219;1230;1241;1253;1264;1342;1355;1367;1379;1392;1404;1417;1429;1441;1454;1542;1556;1569;1582;1596;1609;1622;1636;1649;1662;1761;1775;1790;1804;1818;1833;1847;1861;1875;1890;1909;1928;1947;1967;1986;2006;2026;2047;2067;2088;2109;2130;2151;2173;2194;2216;2238;2261;2283;2306;2329;2353;2376;2400;2424;2448;2473;2497;2522;2547;2573;2599;2625;2651;2677;2704;2731;2759;2786;2814;2842;2871;2899;2928;2957;2987;3017;3047;3078;3108;3139;3171;3203;3235;3267;3300;3333;3366;3400;3434;3468;3503;3538;3573;3609;3645;3681;3718;3755;3793;3831;3869;3908;3947;3986;4026;4066;4107;4148;4190;4231;4274;4317;4360;4403;4447;4492;4537;4582;4628;4674;4721;4768;4816;4864;4913;4962;5011;5061;5112>,10,<476;483;490;497;505;512;519;526;533;540;552;560;567;575;583;590;598;605;613;621;638;646;654;662;670;678;686;694;703;711;733;742;750;759;767;776;784;793;802;810;857;866;876;885;895;904;914;923;933;942;1000;1010;1021;1031;1041;1052;1062;1073;1083;1094;1161;1173;1184;1196;1207;1219;1230;1241;1253;1264;1342;1355;1367;1379;1392;1404;1417;1429;1441;1454;1542;1556;1569;1582;1596;1609;1622;1636;1649;1662;1761;1775;1790;1804;1818;1833;1847;1861;1875;1890;1909;1928;1947;1967;1986;2006;2026;2047;2067;2088;2109;2130;2151;2173;2194;2216;2238;2261;2283;2306;2329;2353;2376;2400;2424;2448;2473;2497;2522;2547;2573;2599;2625;2651;2677;2704;2731;2759;2786;2814;2842;2871;2899;2928;2957;2987;3017;3047;3078;3108;3139;3171;3203;3235;3267;3300;3333;3366;3400;3434;3468;3503;3538;3573;3609;3645;3681;3718;3755;3793;3831;3869;3908;3947;3986;4026;4066;4107;4148;4190;4231;4274;4317;4360;4403;4447;4492;4537;4582;4628;4674;4721;4768;4816;4864;4913;4962;5011;5061;5112>,22,<46;46;46;46;46;51;51;51;51;51;55;55;55;55;55;60;60;60;60;60;65;65;65;65;65;70;70;70;70;70;75;75;75;75;75;80;80;80;80;80;85;85;85;85;85;90;90;90;90;90;95;95;95;95;95;100;100;100;100;100;104;104;104;104;104;109;109;109;109;109;114;114;114;114;114;119;119;119;119;119;124;124;124;124;124;129;129;129;129;129;134;134;134;134;134;139;139;139;139;139;140;142;143;145;146;148;149;151;152;154;155;157;158;160;161;163;165;166;168;170;171;173;175;176;178;180;182;184;185;187;189;191;193;195;197;199;201;203;205;207;209;211;213;215;218;220;222;224;226;229;231;233;236;238;240;243;245;248;250;253;255;258;260;263;265;268;271;273;276;279;282;285;287;290;293;296;299;302;305;308;311;314;317;321;324;327;330;334;337;340;344;347;351;354;358;361;365;369;372;376>,0,<>,0,<>,,{drawcard=huang_effect_loop}
40554,盾甲,盾甲,Shield,Shield,실드,Escudo,5,4,config/item/gem/icon_7_hu_4.png,5,防御向符石,防禦向符石,Defensive-type,Defensive-type,방어 룬스톤,Tipo defensivo,ประเภทป้องกัน,9999,{529=400},100,5,9,<476;483;490;497;505;512;519;526;533;540;552;560;567;575;583;590;598;605;613;621;638;646;654;662;670;678;686;694;703;711;733;742;750;759;767;776;784;793;802;810;857;866;876;885;895;904;914;923;933;942;1000;1010;1021;1031;1041;1052;1062;1073;1083;1094;1161;1173;1184;1196;1207;1219;1230;1241;1253;1264;1342;1355;1367;1379;1392;1404;1417;1429;1441;1454;1542;1556;1569;1582;1596;1609;1622;1636;1649;1662;1761;1775;1790;1804;1818;1833;1847;1861;1875;1890;1909;1928;1947;1967;1986;2006;2026;2047;2067;2088;2109;2130;2151;2173;2194;2216;2238;2261;2283;2306;2329;2353;2376;2400;2424;2448;2473;2497;2522;2547;2573;2599;2625;2651;2677;2704;2731;2759;2786;2814;2842;2871;2899;2928;2957;2987;3017;3047;3078;3108;3139;3171;3203;3235;3267;3300;3333;3366;3400;3434;3468;3503;3538;3573;3609;3645;3681;3718;3755;3793;3831;3869;3908;3947;3986;4026;4066;4107;4148;4190;4231;4274;4317;4360;4403;4447;4492;4537;4582;4628;4674;4721;4768;4816;4864;4913;4962;5011;5061;5112>,10,<476;483;490;497;505;512;519;526;533;540;552;560;567;575;583;590;598;605;613;621;638;646;654;662;670;678;686;694;703;711;733;742;750;759;767;776;784;793;802;810;857;866;876;885;895;904;914;923;933;942;1000;1010;1021;1031;1041;1052;1062;1073;1083;1094;1161;1173;1184;1196;1207;1219;1230;1241;1253;1264;1342;1355;1367;1379;1392;1404;1417;1429;1441;1454;1542;1556;1569;1582;1596;1609;1622;1636;1649;1662;1761;1775;1790;1804;1818;1833;1847;1861;1875;1890;1909;1928;1947;1967;1986;2006;2026;2047;2067;2088;2109;2130;2151;2173;2194;2216;2238;2261;2283;2306;2329;2353;2376;2400;2424;2448;2473;2497;2522;2547;2573;2599;2625;2651;2677;2704;2731;2759;2786;2814;2842;2871;2899;2928;2957;2987;3017;3047;3078;3108;3139;3171;3203;3235;3267;3300;3333;3366;3400;3434;3468;3503;3538;3573;3609;3645;3681;3718;3755;3793;3831;3869;3908;3947;3986;4026;4066;4107;4148;4190;4231;4274;4317;4360;4403;4447;4492;4537;4582;4628;4674;4721;4768;4816;4864;4913;4962;5011;5061;5112>,23,<46;46;46;46;46;51;51;51;51;51;55;55;55;55;55;60;60;60;60;60;65;65;65;65;65;70;70;70;70;70;75;75;75;75;75;80;80;80;80;80;85;85;85;85;85;90;90;90;90;90;95;95;95;95;95;100;100;100;100;100;104;104;104;104;104;109;109;109;109;109;114;114;114;114;114;119;119;119;119;119;124;124;124;124;124;129;129;129;129;129;134;134;134;134;134;139;139;139;139;139;140;142;143;145;146;148;149;151;152;154;155;157;158;160;161;163;165;166;168;170;171;173;175;176;178;180;182;184;185;187;189;191;193;195;197;199;201;203;205;207;209;211;213;215;218;220;222;224;226;229;231;233;236;238;240;243;245;248;250;253;255;258;260;263;265;268;271;273;276;279;282;285;287;290;293;296;299;302;305;308;311;314;317;321;324;327;330;334;337;340;344;347;351;354;358;361;365;369;372;376>,0,<>,0,<>,,{drawcard=huang_effect_loop}
40555,盾甲,盾甲,Shield,Shield,실드,Escudo,5,5,config/item/gem/icon_7_hu_5.png,5,防御向符石,防禦向符石,Defensive-type,Defensive-type,방어 룬스톤,Tipo defensivo,ประเภทป้องกัน,9999,{529=400},100,5,1,<3427;3478;3530;3581;3633;3684;3735;3787;3838;3890;3975;4030;4085;4140;4195;4249;4304;4359;4414;4469;4592;4650;4709;4767;4825;4883;4942;5000;5058;5117;5278;5339;5401;5463;5524;5586;5648;5709;5771;5833;6169;6237;6306;6374;6443;6511;6580;6648;6717;6785;7197;7272;7347;7423;7498;7574;7649;7724;7800;7875;8362;8444;8526;8609;8691;8773;8855;8938;9020;9102;9664;9753;9842;9931;10021;10110;10199;10288;10377;10466;11103;11199;11295;11391;11487;11583;11679;11775;11871;11967;12680;12783;12886;12988;13091;13194;13297;13400;13502;13605;13741;13878;14017;14157;14299;14442;14586;14732;14880;15028;15179;15330;15484;15639;15795;15953;16112;16274;16436;16601;16767;16934;17104;17275;17447;17622;17798;17976;18156;18337;18521;18706;18893;19082;19273;19466;19660;19857;20055;20256;20459;20663;20870;21078;21289;21502;21717;21934;22154;22375;22599;22825;23053;23284;23517;23752;23989;24229;24471;24716;24963;25213;25465;25720;25977;26237;26499;26764;27032;27302;27575;27851;28129;28411;28695;28982;29271;29564;29860;30158;30460;30765;31072;31383;31697;32014;32334;32657;32984;33314;33647;33983;34323;34666;35013;35363;35717;36074;36435;36799>,7,<680;690;700;711;721;731;741;751;762;772;789;800;811;821;832;843;854;865;876;887;911;923;934;946;957;969;981;992;1004;1015;1047;1059;1072;1084;1096;1108;1121;1133;1145;1157;1224;1238;1251;1265;1278;1292;1306;1319;1333;1346;1428;1443;1458;1473;1488;1503;1518;1533;1548;1563;1659;1676;1692;1708;1724;1741;1757;1773;1790;1806;1918;1935;1953;1971;1988;2006;2024;2041;2059;2077;2203;2222;2241;2260;2279;2298;2317;2336;2356;2375;2516;2536;2557;2577;2598;2618;2638;2659;2679;2700;2727;2754;2782;2810;2838;2866;2895;2924;2953;2982;3012;3042;3073;3104;3135;3166;3198;3230;3262;3295;3327;3361;3394;3428;3463;3497;3532;3567;3603;3639;3676;3712;3749;3787;3825;3863;3902;3941;3980;4020;4060;4101;4142;4183;4225;4267;4310;4353;4397;4441;4485;4530;4575;4621;4667;4714;4761;4808;4857;4905;4954;5004;5054;5104;5155;5207;5259;5311;5365;5418;5472;5527;5582;5638;5695;5752;5809;5867;5926;5985;6045;6105;6166;6228;6290;6353;6417;6481;6546;6611;6677;6744;6812;6880;6949;7018;7088;7159;7231;7303>,8,<680;690;700;711;721;731;741;751;762;772;789;800;811;821;832;843;854;865;876;887;911;923;934;946;957;969;981;992;1004;1015;1047;1059;1072;1084;1096;1108;1121;1133;1145;1157;1224;1238;1251;1265;1278;1292;1306;1319;1333;1346;1428;1443;1458;1473;1488;1503;1518;1533;1548;1563;1659;1676;1692;1708;1724;1741;1757;1773;1790;1806;1918;1935;1953;1971;1988;2006;2024;2041;2059;2077;2203;2222;2241;2260;2279;2298;2317;2336;2356;2375;2516;2536;2557;2577;2598;2618;2638;2659;2679;2700;2727;2754;2782;2810;2838;2866;2895;2924;2953;2982;3012;3042;3073;3104;3135;3166;3198;3230;3262;3295;3327;3361;3394;3428;3463;3497;3532;3567;3603;3639;3676;3712;3749;3787;3825;3863;3902;3941;3980;4020;4060;4101;4142;4183;4225;4267;4310;4353;4397;4441;4485;4530;4575;4621;4667;4714;4761;4808;4857;4905;4954;5004;5054;5104;5155;5207;5259;5311;5365;5418;5472;5527;5582;5638;5695;5752;5809;5867;5926;5985;6045;6105;6166;6228;6290;6353;6417;6481;6546;6611;6677;6744;6812;6880;6949;7018;7088;7159;7231;7303>,91,<91;91;91;91;91;101;101;101;101;101;111;111;111;111;111;121;121;121;121;121;131;131;131;131;131;140;140;140;140;140;150;150;150;150;150;160;160;160;160;160;170;170;170;170;170;180;180;180;180;180;189;189;189;189;189;199;199;199;199;199;209;209;209;209;209;219;219;219;219;219;228;228;228;228;228;238;238;238;238;238;248;248;248;248;248;258;258;258;258;258;268;268;268;268;268;277;277;277;277;277;280;283;285;288;291;294;297;300;303;306;309;312;315;318;322;325;328;331;335;338;341;345;348;352;355;359;362;366;370;373;377;381;385;389;392;396;400;404;408;412;417;421;425;429;433;438;442;447;451;456;460;465;469;474;479;484;488;493;498;503;508;513;518;524;529;534;540;545;550;556;561;567;573;578;584;590;596;602;608;614;620;626;633;639;645;652;658;665;672;678;685;692;699;706;713;720;727;734;742;749>,0,<>,,{drawcard=huang_effect_loop}
40556,盾甲,盾甲,Shield,Shield,실드,Escudo,5,6,config/item/gem/icon_7_hu_6.png,5,防御向符石,防禦向符石,Defensive-type,Defensive-type,방어 룬스톤,Tipo defensivo,ประเภทป้องกัน,9999,{529=400},100,5,1,<3427;3478;3530;3581;3633;3684;3735;3787;3838;3890;3975;4030;4085;4140;4195;4249;4304;4359;4414;4469;4592;4650;4709;4767;4825;4883;4942;5000;5058;5117;5278;5339;5401;5463;5524;5586;5648;5709;5771;5833;6169;6237;6306;6374;6443;6511;6580;6648;6717;6785;7197;7272;7347;7423;7498;7574;7649;7724;7800;7875;8362;8444;8526;8609;8691;8773;8855;8938;9020;9102;9664;9753;9842;9931;10021;10110;10199;10288;10377;10466;11103;11199;11295;11391;11487;11583;11679;11775;11871;11967;12680;12783;12886;12988;13091;13194;13297;13400;13502;13605;13741;13878;14017;14157;14299;14442;14586;14732;14880;15028;15179;15330;15484;15639;15795;15953;16112;16274;16436;16601;16767;16934;17104;17275;17447;17622;17798;17976;18156;18337;18521;18706;18893;19082;19273;19466;19660;19857;20055;20256;20459;20663;20870;21078;21289;21502;21717;21934;22154;22375;22599;22825;23053;23284;23517;23752;23989;24229;24471;24716;24963;25213;25465;25720;25977;26237;26499;26764;27032;27302;27575;27851;28129;28411;28695;28982;29271;29564;29860;30158;30460;30765;31072;31383;31697;32014;32334;32657;32984;33314;33647;33983;34323;34666;35013;35363;35717;36074;36435;36799>,7,<680;690;700;711;721;731;741;751;762;772;789;800;811;821;832;843;854;865;876;887;911;923;934;946;957;969;981;992;1004;1015;1047;1059;1072;1084;1096;1108;1121;1133;1145;1157;1224;1238;1251;1265;1278;1292;1306;1319;1333;1346;1428;1443;1458;1473;1488;1503;1518;1533;1548;1563;1659;1676;1692;1708;1724;1741;1757;1773;1790;1806;1918;1935;1953;1971;1988;2006;2024;2041;2059;2077;2203;2222;2241;2260;2279;2298;2317;2336;2356;2375;2516;2536;2557;2577;2598;2618;2638;2659;2679;2700;2727;2754;2782;2810;2838;2866;2895;2924;2953;2982;3012;3042;3073;3104;3135;3166;3198;3230;3262;3295;3327;3361;3394;3428;3463;3497;3532;3567;3603;3639;3676;3712;3749;3787;3825;3863;3902;3941;3980;4020;4060;4101;4142;4183;4225;4267;4310;4353;4397;4441;4485;4530;4575;4621;4667;4714;4761;4808;4857;4905;4954;5004;5054;5104;5155;5207;5259;5311;5365;5418;5472;5527;5582;5638;5695;5752;5809;5867;5926;5985;6045;6105;6166;6228;6290;6353;6417;6481;6546;6611;6677;6744;6812;6880;6949;7018;7088;7159;7231;7303>,8,<680;690;700;711;721;731;741;751;762;772;789;800;811;821;832;843;854;865;876;887;911;923;934;946;957;969;981;992;1004;1015;1047;1059;1072;1084;1096;1108;1121;1133;1145;1157;1224;1238;1251;1265;1278;1292;1306;1319;1333;1346;1428;1443;1458;1473;1488;1503;1518;1533;1548;1563;1659;1676;1692;1708;1724;1741;1757;1773;1790;1806;1918;1935;1953;1971;1988;2006;2024;2041;2059;2077;2203;2222;2241;2260;2279;2298;2317;2336;2356;2375;2516;2536;2557;2577;2598;2618;2638;2659;2679;2700;2727;2754;2782;2810;2838;2866;2895;2924;2953;2982;3012;3042;3073;3104;3135;3166;3198;3230;3262;3295;3327;3361;3394;3428;3463;3497;3532;3567;3603;3639;3676;3712;3749;3787;3825;3863;3902;3941;3980;4020;4060;4101;4142;4183;4225;4267;4310;4353;4397;4441;4485;4530;4575;4621;4667;4714;4761;4808;4857;4905;4954;5004;5054;5104;5155;5207;5259;5311;5365;5418;5472;5527;5582;5638;5695;5752;5809;5867;5926;5985;6045;6105;6166;6228;6290;6353;6417;6481;6546;6611;6677;6744;6812;6880;6949;7018;7088;7159;7231;7303>,16,<76;76;76;76;76;84;84;84;84;84;92;92;92;92;92;101;101;101;101;101;109;109;109;109;109;117;117;117;117;117;125;125;125;125;125;133;133;133;133;133;141;141;141;141;141;150;150;150;150;150;158;158;158;158;158;166;166;166;166;166;174;174;174;174;174;182;182;182;182;182;190;190;190;190;190;199;199;199;199;199;207;207;207;207;207;215;215;215;215;215;223;223;223;223;223;231;231;231;231;231;233;236;238;240;243;245;248;250;253;255;258;260;263;266;268;271;274;276;279;282;285;288;290;293;296;299;302;305;308;311;314;318;321;324;327;331;334;337;341;344;347;351;354;358;361;365;369;372;376;380;384;388;391;395;399;403;407;411;416;420;424;428;432;437;441;445;450;454;459;464;468;473;478;482;487;492;497;502;507;512;517;522;528;533;538;544;549;554;560;566;571;577;583;589;594;600;606;613;619;625>,0,<>,,{drawcard=huang_effect_loop}
40561,盾甲,盾甲,Shield,Shield,실드,Escudo,5,1,config/item/gem/icon_7_h_1.png,6,防御向符石,防禦向符石,Defensive-type,Defensive-type,방어 룬스톤,Tipo defensivo,ประเภทป้องกัน,9999,{529=2000},100,6,1,<5040;5116;5191;5267;5342;5418;5494;5569;5645;5720;5846;5927;6008;6088;6169;6250;6330;6411;6492;6572;6754;6839;6925;7011;7096;7182;7268;7353;7439;7525;7762;7852;7943;8034;8124;8215;8306;8397;8487;8578;9878;9999;10120;10241;10362;10483;10604;10725;10846;10967;11592;11723;11854;11985;12116;12247;12378;12509;12640;12771;13507;13648;13789;13931;14072;14213;14354;14495;14636;14777;15624;15775;15926;16078;16229;16380;16531;16682;16834;16985;17942;18104;18265;18426;18588;18749;18910;19071;19233;19394;19555;19716;19878;20039;20200;20362;20523;20684;20845;21007;21217;21429;21644;21860;22079;22299;22522;22748;22975;23205;23437;23671;23908;24147;24388;24632;24879;25127;25379;25633;25889;26148;26409;26673;26940;27209;27482;27756;28034;28314;28597;28883;29172;29464;29759;30056;30357;30660;30967;31277;31589;31905;32224;32547;32872;33201;33533;33868;34207;34549;34894;35243;35596;35952;36311;36674;37041;37411;37785;38163;38545;38930;39320;39713;40110;40511;40916;41325;41739;42156;42578;43003;43433;43868;44306;44750;45197;45649;46105;46567;47032;47503;47978;48457;48942;49431;49926;50425;50929;51438;51953;52472;52997;53527;54062;54603;55149;55700;56257;56820>,9,<700;711;721;732;742;753;763;774;784;795;812;823;834;846;857;868;879;890;902;913;938;950;962;974;986;998;1009;1021;1033;1045;1078;1091;1103;1116;1128;1141;1154;1166;1179;1191;1372;1389;1406;1422;1439;1456;1473;1490;1506;1523;1610;1628;1646;1665;1683;1701;1719;1737;1756;1774;1876;1896;1915;1935;1954;1974;1994;2013;2033;2052;2170;2191;2212;2233;2254;2275;2296;2317;2338;2359;2492;2514;2537;2559;2582;2604;2626;2649;2671;2694;2716;2738;2761;2783;2806;2828;2850;2873;2895;2918;2947;2977;3006;3036;3067;3098;3128;3160;3191;3223;3256;3288;3321;3354;3388;3422;3456;3490;3525;3561;3596;3632;3668;3705;3742;3780;3817;3856;3894;3933;3972;4012;4052;4093;4134;4175;4217;4259;4301;4345;4388;4432;4476;4521;4566;4612;4658;4704;4752;4799;4847;4895;4944;4994;5044;5094;5145;5197;5249;5301;5354;5408;5462;5516;5572;5627;5684;5740;5798;5856;5914;5973;6033;6094;6154;6216;6278;6341;6404;6468;6533;6598;6664;6731;6798;6866;6935;7004;7074;7145;7217;7289;7362;7435;7510;7585;7661;7737;7815;7893>,17,<134;134;134;134;134;149;149;149;149;149;163;163;163;163;163;178;178;178;178;178;192;192;192;192;192;206;206;206;206;206;221;221;221;221;221;235;235;235;235;235;250;250;250;250;250;264;264;264;264;264;278;278;278;278;278;293;293;293;293;293;307;307;307;307;307;322;322;322;322;322;336;336;336;336;336;350;350;350;350;350;365;365;365;365;365;379;379;379;379;379;394;394;394;394;394;408;408;408;408;408;412;416;420;425;429;433;437;442;446;451;455;460;464;469;474;478;483;488;493;498;503;508;513;518;523;528;534;539;544;550;555;561;567;572;578;584;590;595;601;607;614;620;626;632;638;645;651;658;664;671;678;684;691;698;705;712;719;727;734;741;749;756;764;771;779;787;795;803;811;819;827;835;844;852;861;869;878;887;895;904;913;923;932;941;951;960;970;979;989;999;1009;1019;1029;1040;1050;1061;1071;1082;1093;1104>,0,<>,0,<>,,{drawcard=hong_effect_loop}
40562,盾甲,盾甲,Shield,Shield,실드,Escudo,5,2,config/item/gem/icon_7_h_2.png,6,防御向符石,防禦向符石,Defensive-type,Defensive-type,방어 룬스톤,Tipo defensivo,ประเภทป้องกัน,9999,{529=2000},100,6,1,<5040;5116;5191;5267;5342;5418;5494;5569;5645;5720;5846;5927;6008;6088;6169;6250;6330;6411;6492;6572;6754;6839;6925;7011;7096;7182;7268;7353;7439;7525;7762;7852;7943;8034;8124;8215;8306;8397;8487;8578;9878;9999;10120;10241;10362;10483;10604;10725;10846;10967;11592;11723;11854;11985;12116;12247;12378;12509;12640;12771;13507;13648;13789;13931;14072;14213;14354;14495;14636;14777;15624;15775;15926;16078;16229;16380;16531;16682;16834;16985;17942;18104;18265;18426;18588;18749;18910;19071;19233;19394;19555;19716;19878;20039;20200;20362;20523;20684;20845;21007;21217;21429;21644;21860;22079;22299;22522;22748;22975;23205;23437;23671;23908;24147;24388;24632;24879;25127;25379;25633;25889;26148;26409;26673;26940;27209;27482;27756;28034;28314;28597;28883;29172;29464;29759;30056;30357;30660;30967;31277;31589;31905;32224;32547;32872;33201;33533;33868;34207;34549;34894;35243;35596;35952;36311;36674;37041;37411;37785;38163;38545;38930;39320;39713;40110;40511;40916;41325;41739;42156;42578;43003;43433;43868;44306;44750;45197;45649;46105;46567;47032;47503;47978;48457;48942;49431;49926;50425;50929;51438;51953;52472;52997;53527;54062;54603;55149;55700;56257;56820>,10,<700;711;721;732;742;753;763;774;784;795;812;823;834;846;857;868;879;890;902;913;938;950;962;974;986;998;1009;1021;1033;1045;1078;1091;1103;1116;1128;1141;1154;1166;1179;1191;1372;1389;1406;1422;1439;1456;1473;1490;1506;1523;1610;1628;1646;1665;1683;1701;1719;1737;1756;1774;1876;1896;1915;1935;1954;1974;1994;2013;2033;2052;2170;2191;2212;2233;2254;2275;2296;2317;2338;2359;2492;2514;2537;2559;2582;2604;2626;2649;2671;2694;2716;2738;2761;2783;2806;2828;2850;2873;2895;2918;2947;2977;3006;3036;3067;3098;3128;3160;3191;3223;3256;3288;3321;3354;3388;3422;3456;3490;3525;3561;3596;3632;3668;3705;3742;3780;3817;3856;3894;3933;3972;4012;4052;4093;4134;4175;4217;4259;4301;4345;4388;4432;4476;4521;4566;4612;4658;4704;4752;4799;4847;4895;4944;4994;5044;5094;5145;5197;5249;5301;5354;5408;5462;5516;5572;5627;5684;5740;5798;5856;5914;5973;6033;6094;6154;6216;6278;6341;6404;6468;6533;6598;6664;6731;6798;6866;6935;7004;7074;7145;7217;7289;7362;7435;7510;7585;7661;7737;7815;7893>,19,<134;134;134;134;134;149;149;149;149;149;163;163;163;163;163;178;178;178;178;178;192;192;192;192;192;206;206;206;206;206;221;221;221;221;221;235;235;235;235;235;250;250;250;250;250;264;264;264;264;264;278;278;278;278;278;293;293;293;293;293;307;307;307;307;307;322;322;322;322;322;336;336;336;336;336;350;350;350;350;350;365;365;365;365;365;379;379;379;379;379;394;394;394;394;394;408;408;408;408;408;412;416;420;425;429;433;437;442;446;451;455;460;464;469;474;478;483;488;493;498;503;508;513;518;523;528;534;539;544;550;555;561;567;572;578;584;590;595;601;607;614;620;626;632;638;645;651;658;664;671;678;684;691;698;705;712;719;727;734;741;749;756;764;771;779;787;795;803;811;819;827;835;844;852;861;869;878;887;895;904;913;923;932;941;951;960;970;979;989;999;1009;1019;1029;1040;1050;1061;1071;1082;1093;1104>,0,<>,0,<>,,{drawcard=hong_effect_loop}
40563,盾甲,盾甲,Shield,Shield,실드,Escudo,5,3,config/item/gem/icon_7_h_3.png,6,防御向符石,防禦向符石,Defensive-type,Defensive-type,방어 룬스톤,Tipo defensivo,ประเภทป้องกัน,9999,{529=2000},100,6,9,<700;711;721;732;742;753;763;774;784;795;812;823;834;846;857;868;879;890;902;913;938;950;962;974;986;998;1009;1021;1033;1045;1078;1091;1103;1116;1128;1141;1154;1166;1179;1191;1372;1389;1406;1422;1439;1456;1473;1490;1506;1523;1610;1628;1646;1665;1683;1701;1719;1737;1756;1774;1876;1896;1915;1935;1954;1974;1994;2013;2033;2052;2170;2191;2212;2233;2254;2275;2296;2317;2338;2359;2492;2514;2537;2559;2582;2604;2626;2649;2671;2694;2716;2738;2761;2783;2806;2828;2850;2873;2895;2918;2947;2977;3006;3036;3067;3098;3128;3160;3191;3223;3256;3288;3321;3354;3388;3422;3456;3490;3525;3561;3596;3632;3668;3705;3742;3780;3817;3856;3894;3933;3972;4012;4052;4093;4134;4175;4217;4259;4301;4345;4388;4432;4476;4521;4566;4612;4658;4704;4752;4799;4847;4895;4944;4994;5044;5094;5145;5197;5249;5301;5354;5408;5462;5516;5572;5627;5684;5740;5798;5856;5914;5973;6033;6094;6154;6216;6278;6341;6404;6468;6533;6598;6664;6731;6798;6866;6935;7004;7074;7145;7217;7289;7362;7435;7510;7585;7661;7737;7815;7893>,10,<700;711;721;732;742;753;763;774;784;795;812;823;834;846;857;868;879;890;902;913;938;950;962;974;986;998;1009;1021;1033;1045;1078;1091;1103;1116;1128;1141;1154;1166;1179;1191;1372;1389;1406;1422;1439;1456;1473;1490;1506;1523;1610;1628;1646;1665;1683;1701;1719;1737;1756;1774;1876;1896;1915;1935;1954;1974;1994;2013;2033;2052;2170;2191;2212;2233;2254;2275;2296;2317;2338;2359;2492;2514;2537;2559;2582;2604;2626;2649;2671;2694;2716;2738;2761;2783;2806;2828;2850;2873;2895;2918;2947;2977;3006;3036;3067;3098;3128;3160;3191;3223;3256;3288;3321;3354;3388;3422;3456;3490;3525;3561;3596;3632;3668;3705;3742;3780;3817;3856;3894;3933;3972;4012;4052;4093;4134;4175;4217;4259;4301;4345;4388;4432;4476;4521;4566;4612;4658;4704;4752;4799;4847;4895;4944;4994;5044;5094;5145;5197;5249;5301;5354;5408;5462;5516;5572;5627;5684;5740;5798;5856;5914;5973;6033;6094;6154;6216;6278;6341;6404;6468;6533;6598;6664;6731;6798;6866;6935;7004;7074;7145;7217;7289;7362;7435;7510;7585;7661;7737;7815;7893>,22,<67;67;67;67;67;74;74;74;74;74;82;82;82;82;82;89;89;89;89;89;96;96;96;96;96;103;103;103;103;103;110;110;110;110;110;118;118;118;118;118;125;125;125;125;125;132;132;132;132;132;139;139;139;139;139;146;146;146;146;146;154;154;154;154;154;161;161;161;161;161;168;168;168;168;168;175;175;175;175;175;182;182;182;182;182;190;190;190;190;190;197;197;197;197;197;204;204;204;204;204;206;208;210;212;214;217;219;221;223;225;228;230;232;234;237;239;242;244;246;249;251;254;256;259;262;264;267;270;272;275;278;280;283;286;289;292;295;298;301;304;307;310;313;316;319;322;326;329;332;336;339;342;346;349;353;356;360;363;367;371;374;378;382;386;390;393;397;401;405;409;413;418;422;426;430;435;439;443;448;452;457;461;466;471;475;480;485;490;495;500;505;510;515;520;525;530;536;541;546;552>,0,<>,0,<>,,{drawcard=hong_effect_loop}
40564,盾甲,盾甲,Shield,Shield,실드,Escudo,5,4,config/item/gem/icon_7_h_4.png,6,防御向符石,防禦向符石,Defensive-type,Defensive-type,방어 룬스톤,Tipo defensivo,ประเภทป้องกัน,9999,{529=2000},100,6,9,<700;711;721;732;742;753;763;774;784;795;812;823;834;846;857;868;879;890;902;913;938;950;962;974;986;998;1009;1021;1033;1045;1078;1091;1103;1116;1128;1141;1154;1166;1179;1191;1372;1389;1406;1422;1439;1456;1473;1490;1506;1523;1610;1628;1646;1665;1683;1701;1719;1737;1756;1774;1876;1896;1915;1935;1954;1974;1994;2013;2033;2052;2170;2191;2212;2233;2254;2275;2296;2317;2338;2359;2492;2514;2537;2559;2582;2604;2626;2649;2671;2694;2716;2738;2761;2783;2806;2828;2850;2873;2895;2918;2947;2977;3006;3036;3067;3098;3128;3160;3191;3223;3256;3288;3321;3354;3388;3422;3456;3490;3525;3561;3596;3632;3668;3705;3742;3780;3817;3856;3894;3933;3972;4012;4052;4093;4134;4175;4217;4259;4301;4345;4388;4432;4476;4521;4566;4612;4658;4704;4752;4799;4847;4895;4944;4994;5044;5094;5145;5197;5249;5301;5354;5408;5462;5516;5572;5627;5684;5740;5798;5856;5914;5973;6033;6094;6154;6216;6278;6341;6404;6468;6533;6598;6664;6731;6798;6866;6935;7004;7074;7145;7217;7289;7362;7435;7510;7585;7661;7737;7815;7893>,10,<700;711;721;732;742;753;763;774;784;795;812;823;834;846;857;868;879;890;902;913;938;950;962;974;986;998;1009;1021;1033;1045;1078;1091;1103;1116;1128;1141;1154;1166;1179;1191;1372;1389;1406;1422;1439;1456;1473;1490;1506;1523;1610;1628;1646;1665;1683;1701;1719;1737;1756;1774;1876;1896;1915;1935;1954;1974;1994;2013;2033;2052;2170;2191;2212;2233;2254;2275;2296;2317;2338;2359;2492;2514;2537;2559;2582;2604;2626;2649;2671;2694;2716;2738;2761;2783;2806;2828;2850;2873;2895;2918;2947;2977;3006;3036;3067;3098;3128;3160;3191;3223;3256;3288;3321;3354;3388;3422;3456;3490;3525;3561;3596;3632;3668;3705;3742;3780;3817;3856;3894;3933;3972;4012;4052;4093;4134;4175;4217;4259;4301;4345;4388;4432;4476;4521;4566;4612;4658;4704;4752;4799;4847;4895;4944;4994;5044;5094;5145;5197;5249;5301;5354;5408;5462;5516;5572;5627;5684;5740;5798;5856;5914;5973;6033;6094;6154;6216;6278;6341;6404;6468;6533;6598;6664;6731;6798;6866;6935;7004;7074;7145;7217;7289;7362;7435;7510;7585;7661;7737;7815;7893>,23,<67;67;67;67;67;74;74;74;74;74;82;82;82;82;82;89;89;89;89;89;96;96;96;96;96;103;103;103;103;103;110;110;110;110;110;118;118;118;118;118;125;125;125;125;125;132;132;132;132;132;139;139;139;139;139;146;146;146;146;146;154;154;154;154;154;161;161;161;161;161;168;168;168;168;168;175;175;175;175;175;182;182;182;182;182;190;190;190;190;190;197;197;197;197;197;204;204;204;204;204;206;208;210;212;214;217;219;221;223;225;228;230;232;234;237;239;242;244;246;249;251;254;256;259;262;264;267;270;272;275;278;280;283;286;289;292;295;298;301;304;307;310;313;316;319;322;326;329;332;336;339;342;346;349;353;356;360;363;367;371;374;378;382;386;390;393;397;401;405;409;413;418;422;426;430;435;439;443;448;452;457;461;466;471;475;480;485;490;495;500;505;510;515;520;525;530;536;541;546;552>,0,<>,0,<>,,{drawcard=hong_effect_loop}
40565,盾甲,盾甲,Shield,Shield,실드,Escudo,5,5,config/item/gem/icon_7_h_5.png,6,防御向符石,防禦向符石,Defensive-type,Defensive-type,방어 룬스톤,Tipo defensivo,ประเภทป้องกัน,9999,{529=2000},100,6,1,<5040;5116;5191;5267;5342;5418;5494;5569;5645;5720;5846;5927;6008;6088;6169;6250;6330;6411;6492;6572;6754;6839;6925;7011;7096;7182;7268;7353;7439;7525;7762;7852;7943;8034;8124;8215;8306;8397;8487;8578;9878;9999;10120;10241;10362;10483;10604;10725;10846;10967;11592;11723;11854;11985;12116;12247;12378;12509;12640;12771;13507;13648;13789;13931;14072;14213;14354;14495;14636;14777;15624;15775;15926;16078;16229;16380;16531;16682;16834;16985;17942;18104;18265;18426;18588;18749;18910;19071;19233;19394;19555;19716;19878;20039;20200;20362;20523;20684;20845;21007;21217;21429;21644;21860;22079;22299;22522;22748;22975;23205;23437;23671;23908;24147;24388;24632;24879;25127;25379;25633;25889;26148;26409;26673;26940;27209;27482;27756;28034;28314;28597;28883;29172;29464;29759;30056;30357;30660;30967;31277;31589;31905;32224;32547;32872;33201;33533;33868;34207;34549;34894;35243;35596;35952;36311;36674;37041;37411;37785;38163;38545;38930;39320;39713;40110;40511;40916;41325;41739;42156;42578;43003;43433;43868;44306;44750;45197;45649;46105;46567;47032;47503;47978;48457;48942;49431;49926;50425;50929;51438;51953;52472;52997;53527;54062;54603;55149;55700;56257;56820>,7,<1000;1015;1030;1045;1060;1075;1090;1105;1120;1135;1160;1176;1192;1208;1224;1240;1256;1272;1288;1304;1340;1357;1374;1391;1408;1425;1442;1459;1476;1493;1540;1558;1576;1594;1612;1630;1648;1666;1684;1702;1960;1984;2008;2032;2056;2080;2104;2128;2152;2176;2300;2326;2352;2378;2404;2430;2456;2482;2508;2534;2680;2708;2736;2764;2792;2820;2848;2876;2904;2932;3100;3130;3160;3190;3220;3250;3280;3310;3340;3370;3560;3592;3624;3656;3688;3720;3752;3784;3816;3848;3880;3912;3944;3976;4008;4040;4072;4104;4136;4168;4210;4252;4294;4337;4381;4424;4469;4513;4558;4604;4650;4697;4744;4791;4839;4887;4936;4986;5035;5086;5137;5188;5240;5292;5345;5399;5453;5507;5562;5618;5674;5731;5788;5846;5904;5963;6023;6083;6144;6206;6268;6330;6394;6458;6522;6587;6653;6720;6787;6855;6923;6993;7063;7133;7204;7277;7349;7423;7497;7572;7648;7724;7801;7879;7958;8038;8118;8199;8281;8364;8448;8532;8618;8704;8791;8879;8968;9057;9148;9239;9332;9425;9519;9614;9711;9808;9906;10005;10105;10206;10308;10411;10515;10620;10727;10834;10942;11052;11162;11274>,8,<1000;1015;1030;1045;1060;1075;1090;1105;1120;1135;1160;1176;1192;1208;1224;1240;1256;1272;1288;1304;1340;1357;1374;1391;1408;1425;1442;1459;1476;1493;1540;1558;1576;1594;1612;1630;1648;1666;1684;1702;1960;1984;2008;2032;2056;2080;2104;2128;2152;2176;2300;2326;2352;2378;2404;2430;2456;2482;2508;2534;2680;2708;2736;2764;2792;2820;2848;2876;2904;2932;3100;3130;3160;3190;3220;3250;3280;3310;3340;3370;3560;3592;3624;3656;3688;3720;3752;3784;3816;3848;3880;3912;3944;3976;4008;4040;4072;4104;4136;4168;4210;4252;4294;4337;4381;4424;4469;4513;4558;4604;4650;4697;4744;4791;4839;4887;4936;4986;5035;5086;5137;5188;5240;5292;5345;5399;5453;5507;5562;5618;5674;5731;5788;5846;5904;5963;6023;6083;6144;6206;6268;6330;6394;6458;6522;6587;6653;6720;6787;6855;6923;6993;7063;7133;7204;7277;7349;7423;7497;7572;7648;7724;7801;7879;7958;8038;8118;8199;8281;8364;8448;8532;8618;8704;8791;8879;8968;9057;9148;9239;9332;9425;9519;9614;9711;9808;9906;10005;10105;10206;10308;10411;10515;10620;10727;10834;10942;11052;11162;11274>,91,<134;134;134;134;134;149;149;149;149;149;163;163;163;163;163;178;178;178;178;178;192;192;192;192;192;206;206;206;206;206;221;221;221;221;221;235;235;235;235;235;250;250;250;250;250;264;264;264;264;264;278;278;278;278;278;293;293;293;293;293;307;307;307;307;307;322;322;322;322;322;336;336;336;336;336;350;350;350;350;350;365;365;365;365;365;379;379;379;379;379;394;394;394;394;394;408;408;408;408;408;412;416;420;425;429;433;437;442;446;451;455;460;464;469;474;478;483;488;493;498;503;508;513;518;523;528;534;539;544;550;555;561;567;572;578;584;590;595;601;607;614;620;626;632;638;645;651;658;664;671;678;684;691;698;705;712;719;727;734;741;749;756;764;771;779;787;795;803;811;819;827;835;844;852;861;869;878;887;895;904;913;923;932;941;951;960;970;979;989;999;1009;1019;1029;1040;1050;1061;1071;1082;1093;1104>,0,<>,,{drawcard=hong_effect_loop}
40566,盾甲,盾甲,Shield,Shield,실드,Escudo,5,6,config/item/gem/icon_7_h_6.png,6,防御向符石,防禦向符石,Defensive-type,Defensive-type,방어 룬스톤,Tipo defensivo,ประเภทป้องกัน,9999,{529=2000},100,6,1,<5040;5116;5191;5267;5342;5418;5494;5569;5645;5720;5846;5927;6008;6088;6169;6250;6330;6411;6492;6572;6754;6839;6925;7011;7096;7182;7268;7353;7439;7525;7762;7852;7943;8034;8124;8215;8306;8397;8487;8578;9878;9999;10120;10241;10362;10483;10604;10725;10846;10967;11592;11723;11854;11985;12116;12247;12378;12509;12640;12771;13507;13648;13789;13931;14072;14213;14354;14495;14636;14777;15624;15775;15926;16078;16229;16380;16531;16682;16834;16985;17942;18104;18265;18426;18588;18749;18910;19071;19233;19394;19555;19716;19878;20039;20200;20362;20523;20684;20845;21007;21217;21429;21644;21860;22079;22299;22522;22748;22975;23205;23437;23671;23908;24147;24388;24632;24879;25127;25379;25633;25889;26148;26409;26673;26940;27209;27482;27756;28034;28314;28597;28883;29172;29464;29759;30056;30357;30660;30967;31277;31589;31905;32224;32547;32872;33201;33533;33868;34207;34549;34894;35243;35596;35952;36311;36674;37041;37411;37785;38163;38545;38930;39320;39713;40110;40511;40916;41325;41739;42156;42578;43003;43433;43868;44306;44750;45197;45649;46105;46567;47032;47503;47978;48457;48942;49431;49926;50425;50929;51438;51953;52472;52997;53527;54062;54603;55149;55700;56257;56820>,7,<1000;1015;1030;1045;1060;1075;1090;1105;1120;1135;1160;1176;1192;1208;1224;1240;1256;1272;1288;1304;1340;1357;1374;1391;1408;1425;1442;1459;1476;1493;1540;1558;1576;1594;1612;1630;1648;1666;1684;1702;1960;1984;2008;2032;2056;2080;2104;2128;2152;2176;2300;2326;2352;2378;2404;2430;2456;2482;2508;2534;2680;2708;2736;2764;2792;2820;2848;2876;2904;2932;3100;3130;3160;3190;3220;3250;3280;3310;3340;3370;3560;3592;3624;3656;3688;3720;3752;3784;3816;3848;3880;3912;3944;3976;4008;4040;4072;4104;4136;4168;4210;4252;4294;4337;4381;4424;4469;4513;4558;4604;4650;4697;4744;4791;4839;4887;4936;4986;5035;5086;5137;5188;5240;5292;5345;5399;5453;5507;5562;5618;5674;5731;5788;5846;5904;5963;6023;6083;6144;6206;6268;6330;6394;6458;6522;6587;6653;6720;6787;6855;6923;6993;7063;7133;7204;7277;7349;7423;7497;7572;7648;7724;7801;7879;7958;8038;8118;8199;8281;8364;8448;8532;8618;8704;8791;8879;8968;9057;9148;9239;9332;9425;9519;9614;9711;9808;9906;10005;10105;10206;10308;10411;10515;10620;10727;10834;10942;11052;11162;11274>,8,<1000;1015;1030;1045;1060;1075;1090;1105;1120;1135;1160;1176;1192;1208;1224;1240;1256;1272;1288;1304;1340;1357;1374;1391;1408;1425;1442;1459;1476;1493;1540;1558;1576;1594;1612;1630;1648;1666;1684;1702;1960;1984;2008;2032;2056;2080;2104;2128;2152;2176;2300;2326;2352;2378;2404;2430;2456;2482;2508;2534;2680;2708;2736;2764;2792;2820;2848;2876;2904;2932;3100;3130;3160;3190;3220;3250;3280;3310;3340;3370;3560;3592;3624;3656;3688;3720;3752;3784;3816;3848;3880;3912;3944;3976;4008;4040;4072;4104;4136;4168;4210;4252;4294;4337;4381;4424;4469;4513;4558;4604;4650;4697;4744;4791;4839;4887;4936;4986;5035;5086;5137;5188;5240;5292;5345;5399;5453;5507;5562;5618;5674;5731;5788;5846;5904;5963;6023;6083;6144;6206;6268;6330;6394;6458;6522;6587;6653;6720;6787;6855;6923;6993;7063;7133;7204;7277;7349;7423;7497;7572;7648;7724;7801;7879;7958;8038;8118;8199;8281;8364;8448;8532;8618;8704;8791;8879;8968;9057;9148;9239;9332;9425;9519;9614;9711;9808;9906;10005;10105;10206;10308;10411;10515;10620;10727;10834;10942;11052;11162;11274>,16,<112;112;112;112;112;124;124;124;124;124;136;136;136;136;136;148;148;148;148;148;160;160;160;160;160;172;172;172;172;172;184;184;184;184;184;196;196;196;196;196;208;208;208;208;208;220;220;220;220;220;232;232;232;232;232;244;244;244;244;244;256;256;256;256;256;268;268;268;268;268;280;280;280;280;280;292;292;292;292;292;304;304;304;304;304;316;316;316;316;316;328;328;328;328;328;340;340;340;340;340;343;347;350;354;357;361;365;368;372;376;379;383;387;391;395;399;403;407;411;415;419;423;427;432;436;440;445;449;454;458;463;467;472;477;482;486;491;496;501;506;511;516;522;527;532;537;543;548;554;559;565;570;576;582;588;594;600;606;612;618;624;630;636;643;649;656;662;669;676;682;689;696;703;710;717;724;732;739;746;754;761;769;777;784;792;800;808;816;824;833;841;849;858;866;875;884;893;902;911;920>,0,<>,,{drawcard=hong_effect_loop}
40621,金刚,金剛,King Kong,King Kong,금강,Rei Kong,6,1,config/item/gem/icon_3_lv_1.png,2,防御向符石,防禦向符石,Defensive-type,Defensive-type,방어 룬스톤,Tipo defensivo,ประเภทป้องกัน,9999,{529=20},100,2,1,<1008;1023;1038;1053;1068;1084;1099;1114;1129;1144;1169;1185;1202;1218;1234;1250;1266;1282;1298;1314;1351;1368;1385;1402;1419;1436;1454;1471;1488;1505;1552;1570;1589;1607;1625;1643;1661;1679;1697;1716;1814;1835;1855;1875;1895;1915;1935;1956;1976;1996;2117;2139;2161;2183;2206;2228;2250;2272;2294;2316;2460;2484;2508;2532;2556;2580;2605;2629;2653;2677;2843;2869;2895;2921;2947;2974;3000;3026;3052;3078;3266;3294;3322;3351;3379;3407;3435;3463;3492;3520;3730;3760;3790;3820;3851;3881;3911;3941;3972;4002;4042;4082;4123;4164;4206;4248;4291;4334;4377;4421;4465;4510;4555;4600;4646;4693;4740;4787;4835;4883;4932;4981;5031;5081;5132;5184;5235;5288;5341;5394;5448;5503;5558;5613;5669;5726;5783;5841;5899;5958;6018;6078;6139;6200;6262;6325;6388;6452;6517;6582;6648;6714;6781;6849;6918;6987;7057;7127;7198;7270;7343;7417;7491;7566;7641;7718;7795;7873;7952;8031;8111;8192;8274;8357;8441;8525;8610;8696;8783;8871;8960;9050;9140;9232;9324;9417;9511;9606;9702;9799;9897;9996;10096;10197;10299;10402;10506;10611;10717;10825>,9,<140;142;144;146;148;151;153;155;157;159;162;165;167;169;171;174;176;178;180;183;188;190;192;195;197;200;202;204;207;209;216;218;221;223;226;228;231;233;236;238;252;255;258;260;263;266;269;272;274;277;294;297;300;303;306;309;312;316;319;322;342;345;348;352;355;358;362;365;368;372;395;398;402;406;409;413;417;420;424;428;454;458;461;465;469;473;477;481;485;489;518;522;526;531;535;539;543;547;552;556;562;567;573;579;584;590;596;602;608;614;620;627;633;639;645;652;658;665;672;678;685;692;699;706;713;720;727;735;742;749;757;764;772;780;788;796;803;811;820;828;836;844;853;861;870;879;888;896;905;914;924;933;942;952;961;971;980;990;1000;1010;1020;1030;1041;1051;1062;1072;1083;1094;1105;1116;1127;1138;1150;1161;1173;1184;1196;1208;1220;1232;1245;1257;1270;1283;1295;1308;1321;1335;1348;1361;1375;1389;1403;1417;1431;1445;1460;1474;1489;1504>,17,<27;27;27;27;27;30;30;30;30;30;33;33;33;33;33;36;36;36;36;36;38;38;38;38;38;41;41;41;41;41;44;44;44;44;44;47;47;47;47;47;50;50;50;50;50;53;53;53;53;53;56;56;56;56;56;59;59;59;59;59;61;61;61;61;61;64;64;64;64;64;67;67;67;67;67;70;70;70;70;70;73;73;73;73;73;76;76;76;76;76;79;79;79;79;79;82;82;82;82;82;83;84;84;85;86;87;88;89;90;91;91;92;93;94;95;96;97;98;99;100;101;102;103;104;105;106;107;108;109;111;112;113;114;115;116;117;118;120;121;122;123;125;126;127;128;130;131;132;134;135;136;138;139;140;142;143;145;146;147;149;150;152;153;155;157;158;160;161;163;165;166;168;170;171;173;175;176;178;180;182;184;185;187;189;191;193;195;197;199;201;203;205;207;209;211;213;215;217;220;222>,0,<>,0,<>,,{drawcard=false;gain=false}
40622,金刚,金剛,King Kong,King Kong,금강,Rei Kong,6,2,config/item/gem/icon_3_lv_2.png,2,防御向符石,防禦向符石,Defensive-type,Defensive-type,방어 룬스톤,Tipo defensivo,ประเภทป้องกัน,9999,{529=20},100,2,1,<1008;1023;1038;1053;1068;1084;1099;1114;1129;1144;1169;1185;1202;1218;1234;1250;1266;1282;1298;1314;1351;1368;1385;1402;1419;1436;1454;1471;1488;1505;1552;1570;1589;1607;1625;1643;1661;1679;1697;1716;1814;1835;1855;1875;1895;1915;1935;1956;1976;1996;2117;2139;2161;2183;2206;2228;2250;2272;2294;2316;2460;2484;2508;2532;2556;2580;2605;2629;2653;2677;2843;2869;2895;2921;2947;2974;3000;3026;3052;3078;3266;3294;3322;3351;3379;3407;3435;3463;3492;3520;3730;3760;3790;3820;3851;3881;3911;3941;3972;4002;4042;4082;4123;4164;4206;4248;4291;4334;4377;4421;4465;4510;4555;4600;4646;4693;4740;4787;4835;4883;4932;4981;5031;5081;5132;5184;5235;5288;5341;5394;5448;5503;5558;5613;5669;5726;5783;5841;5899;5958;6018;6078;6139;6200;6262;6325;6388;6452;6517;6582;6648;6714;6781;6849;6918;6987;7057;7127;7198;7270;7343;7417;7491;7566;7641;7718;7795;7873;7952;8031;8111;8192;8274;8357;8441;8525;8610;8696;8783;8871;8960;9050;9140;9232;9324;9417;9511;9606;9702;9799;9897;9996;10096;10197;10299;10402;10506;10611;10717;10825>,10,<140;142;144;146;148;151;153;155;157;159;162;165;167;169;171;174;176;178;180;183;188;190;192;195;197;200;202;204;207;209;216;218;221;223;226;228;231;233;236;238;252;255;258;260;263;266;269;272;274;277;294;297;300;303;306;309;312;316;319;322;342;345;348;352;355;358;362;365;368;372;395;398;402;406;409;413;417;420;424;428;454;458;461;465;469;473;477;481;485;489;518;522;526;531;535;539;543;547;552;556;562;567;573;579;584;590;596;602;608;614;620;627;633;639;645;652;658;665;672;678;685;692;699;706;713;720;727;735;742;749;757;764;772;780;788;796;803;811;820;828;836;844;853;861;870;879;888;896;905;914;924;933;942;952;961;971;980;990;1000;1010;1020;1030;1041;1051;1062;1072;1083;1094;1105;1116;1127;1138;1150;1161;1173;1184;1196;1208;1220;1232;1245;1257;1270;1283;1295;1308;1321;1335;1348;1361;1375;1389;1403;1417;1431;1445;1460;1474;1489;1504>,19,<27;27;27;27;27;30;30;30;30;30;33;33;33;33;33;36;36;36;36;36;38;38;38;38;38;41;41;41;41;41;44;44;44;44;44;47;47;47;47;47;50;50;50;50;50;53;53;53;53;53;56;56;56;56;56;59;59;59;59;59;61;61;61;61;61;64;64;64;64;64;67;67;67;67;67;70;70;70;70;70;73;73;73;73;73;76;76;76;76;76;79;79;79;79;79;82;82;82;82;82;83;84;84;85;86;87;88;89;90;91;91;92;93;94;95;96;97;98;99;100;101;102;103;104;105;106;107;108;109;111;112;113;114;115;116;117;118;120;121;122;123;125;126;127;128;130;131;132;134;135;136;138;139;140;142;143;145;146;147;149;150;152;153;155;157;158;160;161;163;165;166;168;170;171;173;175;176;178;180;182;184;185;187;189;191;193;195;197;199;201;203;205;207;209;211;213;215;217;220;222>,0,<>,0,<>,,{drawcard=false;gain=false}
40623,金刚,金剛,King Kong,King Kong,금강,Rei Kong,6,3,config/item/gem/icon_3_lv_3.png,2,防御向符石,防禦向符石,Defensive-type,Defensive-type,방어 룬스톤,Tipo defensivo,ประเภทป้องกัน,9999,{529=20},100,2,9,<140;142;144;146;148;151;153;155;157;159;162;165;167;169;171;174;176;178;180;183;188;190;192;195;197;200;202;204;207;209;216;218;221;223;226;228;231;233;236;238;252;255;258;260;263;266;269;272;274;277;294;297;300;303;306;309;312;316;319;322;342;345;348;352;355;358;362;365;368;372;395;398;402;406;409;413;417;420;424;428;454;458;461;465;469;473;477;481;485;489;518;522;526;531;535;539;543;547;552;556;562;567;573;579;584;590;596;602;608;614;620;627;633;639;645;652;658;665;672;678;685;692;699;706;713;720;727;735;742;749;757;764;772;780;788;796;803;811;820;828;836;844;853;861;870;879;888;896;905;914;924;933;942;952;961;971;980;990;1000;1010;1020;1030;1041;1051;1062;1072;1083;1094;1105;1116;1127;1138;1150;1161;1173;1184;1196;1208;1220;1232;1245;1257;1270;1283;1295;1308;1321;1335;1348;1361;1375;1389;1403;1417;1431;1445;1460;1474;1489;1504>,10,<140;142;144;146;148;151;153;155;157;159;162;165;167;169;171;174;176;178;180;183;188;190;192;195;197;200;202;204;207;209;216;218;221;223;226;228;231;233;236;238;252;255;258;260;263;266;269;272;274;277;294;297;300;303;306;309;312;316;319;322;342;345;348;352;355;358;362;365;368;372;395;398;402;406;409;413;417;420;424;428;454;458;461;465;469;473;477;481;485;489;518;522;526;531;535;539;543;547;552;556;562;567;573;579;584;590;596;602;608;614;620;627;633;639;645;652;658;665;672;678;685;692;699;706;713;720;727;735;742;749;757;764;772;780;788;796;803;811;820;828;836;844;853;861;870;879;888;896;905;914;924;933;942;952;961;971;980;990;1000;1010;1020;1030;1041;1051;1062;1072;1083;1094;1105;1116;1127;1138;1150;1161;1173;1184;1196;1208;1220;1232;1245;1257;1270;1283;1295;1308;1321;1335;1348;1361;1375;1389;1403;1417;1431;1445;1460;1474;1489;1504>,22,<13;13;13;13;13;15;15;15;15;15;16;16;16;16;16;18;18;18;18;18;19;19;19;19;19;21;21;21;21;21;22;22;22;22;22;24;24;24;24;24;25;25;25;25;25;26;26;26;26;26;28;28;28;28;28;29;29;29;29;29;31;31;31;31;31;32;32;32;32;32;34;34;34;34;34;35;35;35;35;35;36;36;36;36;36;38;38;38;38;38;39;39;39;39;39;41;41;41;41;41;41;42;42;43;43;44;44;44;45;45;46;46;47;47;48;48;49;49;50;50;51;51;52;52;53;53;54;54;55;55;56;56;57;58;58;59;59;60;60;61;62;62;63;64;64;65;65;66;67;67;68;69;69;70;71;72;72;73;74;74;75;76;77;78;78;79;80;81;81;82;83;84;85;86;86;87;88;89;90;91;92;93;94;95;96;96;97;98;99;100;101;102;103;104;106;107;108;109;110;111>,0,<>,0,<>,,{drawcard=false;gain=false}
40624,金刚,金剛,King Kong,King Kong,금강,Rei Kong,6,4,config/item/gem/icon_3_lv_4.png,2,防御向符石,防禦向符石,Defensive-type,Defensive-type,방어 룬스톤,Tipo defensivo,ประเภทป้องกัน,9999,{529=20},100,2,9,<140;142;144;146;148;151;153;155;157;159;162;165;167;169;171;174;176;178;180;183;188;190;192;195;197;200;202;204;207;209;216;218;221;223;226;228;231;233;236;238;252;255;258;260;263;266;269;272;274;277;294;297;300;303;306;309;312;316;319;322;342;345;348;352;355;358;362;365;368;372;395;398;402;406;409;413;417;420;424;428;454;458;461;465;469;473;477;481;485;489;518;522;526;531;535;539;543;547;552;556;562;567;573;579;584;590;596;602;608;614;620;627;633;639;645;652;658;665;672;678;685;692;699;706;713;720;727;735;742;749;757;764;772;780;788;796;803;811;820;828;836;844;853;861;870;879;888;896;905;914;924;933;942;952;961;971;980;990;1000;1010;1020;1030;1041;1051;1062;1072;1083;1094;1105;1116;1127;1138;1150;1161;1173;1184;1196;1208;1220;1232;1245;1257;1270;1283;1295;1308;1321;1335;1348;1361;1375;1389;1403;1417;1431;1445;1460;1474;1489;1504>,10,<140;142;144;146;148;151;153;155;157;159;162;165;167;169;171;174;176;178;180;183;188;190;192;195;197;200;202;204;207;209;216;218;221;223;226;228;231;233;236;238;252;255;258;260;263;266;269;272;274;277;294;297;300;303;306;309;312;316;319;322;342;345;348;352;355;358;362;365;368;372;395;398;402;406;409;413;417;420;424;428;454;458;461;465;469;473;477;481;485;489;518;522;526;531;535;539;543;547;552;556;562;567;573;579;584;590;596;602;608;614;620;627;633;639;645;652;658;665;672;678;685;692;699;706;713;720;727;735;742;749;757;764;772;780;788;796;803;811;820;828;836;844;853;861;870;879;888;896;905;914;924;933;942;952;961;971;980;990;1000;1010;1020;1030;1041;1051;1062;1072;1083;1094;1105;1116;1127;1138;1150;1161;1173;1184;1196;1208;1220;1232;1245;1257;1270;1283;1295;1308;1321;1335;1348;1361;1375;1389;1403;1417;1431;1445;1460;1474;1489;1504>,23,<13;13;13;13;13;15;15;15;15;15;16;16;16;16;16;18;18;18;18;18;19;19;19;19;19;21;21;21;21;21;22;22;22;22;22;24;24;24;24;24;25;25;25;25;25;26;26;26;26;26;28;28;28;28;28;29;29;29;29;29;31;31;31;31;31;32;32;32;32;32;34;34;34;34;34;35;35;35;35;35;36;36;36;36;36;38;38;38;38;38;39;39;39;39;39;41;41;41;41;41;41;42;42;43;43;44;44;44;45;45;46;46;47;47;48;48;49;49;50;50;51;51;52;52;53;53;54;54;55;55;56;56;57;58;58;59;59;60;60;61;62;62;63;64;64;65;65;66;67;67;68;69;69;70;71;72;72;73;74;74;75;76;77;78;78;79;80;81;81;82;83;84;85;86;86;87;88;89;90;91;92;93;94;95;96;96;97;98;99;100;101;102;103;104;106;107;108;109;110;111>,0,<>,0,<>,,{drawcard=false;gain=false}
40625,金刚,金剛,King Kong,King Kong,금강,Rei Kong,6,5,config/item/gem/icon_3_lv_5.png,2,防御向符石,防禦向符石,Defensive-type,Defensive-type,방어 룬스톤,Tipo defensivo,ประเภทป้องกัน,9999,{529=20},100,2,1,<1008;1023;1038;1053;1068;1084;1099;1114;1129;1144;1169;1185;1202;1218;1234;1250;1266;1282;1298;1314;1351;1368;1385;1402;1419;1436;1454;1471;1488;1505;1552;1570;1589;1607;1625;1643;1661;1679;1697;1716;1814;1835;1855;1875;1895;1915;1935;1956;1976;1996;2117;2139;2161;2183;2206;2228;2250;2272;2294;2316;2460;2484;2508;2532;2556;2580;2605;2629;2653;2677;2843;2869;2895;2921;2947;2974;3000;3026;3052;3078;3266;3294;3322;3351;3379;3407;3435;3463;3492;3520;3730;3760;3790;3820;3851;3881;3911;3941;3972;4002;4042;4082;4123;4164;4206;4248;4291;4334;4377;4421;4465;4510;4555;4600;4646;4693;4740;4787;4835;4883;4932;4981;5031;5081;5132;5184;5235;5288;5341;5394;5448;5503;5558;5613;5669;5726;5783;5841;5899;5958;6018;6078;6139;6200;6262;6325;6388;6452;6517;6582;6648;6714;6781;6849;6918;6987;7057;7127;7198;7270;7343;7417;7491;7566;7641;7718;7795;7873;7952;8031;8111;8192;8274;8357;8441;8525;8610;8696;8783;8871;8960;9050;9140;9232;9324;9417;9511;9606;9702;9799;9897;9996;10096;10197;10299;10402;10506;10611;10717;10825>,7,<200;203;206;209;212;215;218;221;224;227;232;235;238;242;245;248;251;254;258;261;268;271;275;278;282;285;288;292;295;299;308;312;315;319;322;326;330;333;337;340;360;364;368;372;376;380;384;388;392;396;420;424;429;433;438;442;446;451;455;460;488;493;498;502;507;512;517;522;526;531;564;569;574;580;585;590;595;600;606;611;648;654;659;665;670;676;682;687;693;698;740;746;752;758;764;770;776;782;788;794;802;810;818;826;835;843;851;860;868;877;886;895;904;913;922;931;940;950;959;969;979;988;998;1008;1018;1028;1039;1049;1060;1070;1081;1092;1103;1114;1125;1136;1147;1159;1170;1182;1194;1206;1218;1230;1242;1255;1267;1280;1293;1306;1319;1332;1345;1359;1372;1386;1400;1414;1428;1442;1457;1471;1486;1501;1516;1531;1547;1562;1578;1593;1609;1625;1642;1658;1675;1691;1708;1725;1743;1760;1778;1795;1813;1832;1850;1868;1887;1906;1925;1944;1964;1983;2003;2023;2043;2064;2084;2105;2126;2148>,8,<200;203;206;209;212;215;218;221;224;227;232;235;238;242;245;248;251;254;258;261;268;271;275;278;282;285;288;292;295;299;308;312;315;319;322;326;330;333;337;340;360;364;368;372;376;380;384;388;392;396;420;424;429;433;438;442;446;451;455;460;488;493;498;502;507;512;517;522;526;531;564;569;574;580;585;590;595;600;606;611;648;654;659;665;670;676;682;687;693;698;740;746;752;758;764;770;776;782;788;794;802;810;818;826;835;843;851;860;868;877;886;895;904;913;922;931;940;950;959;969;979;988;998;1008;1018;1028;1039;1049;1060;1070;1081;1092;1103;1114;1125;1136;1147;1159;1170;1182;1194;1206;1218;1230;1242;1255;1267;1280;1293;1306;1319;1332;1345;1359;1372;1386;1400;1414;1428;1442;1457;1471;1486;1501;1516;1531;1547;1562;1578;1593;1609;1625;1642;1658;1675;1691;1708;1725;1743;1760;1778;1795;1813;1832;1850;1868;1887;1906;1925;1944;1964;1983;2003;2023;2043;2064;2084;2105;2126;2148>,91,<27;27;27;27;27;30;30;30;30;30;33;33;33;33;33;36;36;36;36;36;38;38;38;38;38;41;41;41;41;41;44;44;44;44;44;47;47;47;47;47;50;50;50;50;50;53;53;53;53;53;56;56;56;56;56;59;59;59;59;59;61;61;61;61;61;64;64;64;64;64;67;67;67;67;67;70;70;70;70;70;73;73;73;73;73;76;76;76;76;76;79;79;79;79;79;82;82;82;82;82;83;84;84;85;86;87;88;89;90;91;91;92;93;94;95;96;97;98;99;100;101;102;103;104;105;106;107;108;109;111;112;113;114;115;116;117;118;120;121;122;123;125;126;127;128;130;131;132;134;135;136;138;139;140;142;143;145;146;147;149;150;152;153;155;157;158;160;161;163;165;166;168;170;171;173;175;176;178;180;182;184;185;187;189;191;193;195;197;199;201;203;205;207;209;211;213;215;217;220;222>,0,<>,,{drawcard=false;gain=false}
40626,金刚,金剛,King Kong,King Kong,금강,Rei Kong,6,6,config/item/gem/icon_3_lv_6.png,2,防御向符石,防禦向符石,Defensive-type,Defensive-type,방어 룬스톤,Tipo defensivo,ประเภทป้องกัน,9999,{529=20},100,2,1,<1008;1023;1038;1053;1068;1084;1099;1114;1129;1144;1169;1185;1202;1218;1234;1250;1266;1282;1298;1314;1351;1368;1385;1402;1419;1436;1454;1471;1488;1505;1552;1570;1589;1607;1625;1643;1661;1679;1697;1716;1814;1835;1855;1875;1895;1915;1935;1956;1976;1996;2117;2139;2161;2183;2206;2228;2250;2272;2294;2316;2460;2484;2508;2532;2556;2580;2605;2629;2653;2677;2843;2869;2895;2921;2947;2974;3000;3026;3052;3078;3266;3294;3322;3351;3379;3407;3435;3463;3492;3520;3730;3760;3790;3820;3851;3881;3911;3941;3972;4002;4042;4082;4123;4164;4206;4248;4291;4334;4377;4421;4465;4510;4555;4600;4646;4693;4740;4787;4835;4883;4932;4981;5031;5081;5132;5184;5235;5288;5341;5394;5448;5503;5558;5613;5669;5726;5783;5841;5899;5958;6018;6078;6139;6200;6262;6325;6388;6452;6517;6582;6648;6714;6781;6849;6918;6987;7057;7127;7198;7270;7343;7417;7491;7566;7641;7718;7795;7873;7952;8031;8111;8192;8274;8357;8441;8525;8610;8696;8783;8871;8960;9050;9140;9232;9324;9417;9511;9606;9702;9799;9897;9996;10096;10197;10299;10402;10506;10611;10717;10825>,7,<200;203;206;209;212;215;218;221;224;227;232;235;238;242;245;248;251;254;258;261;268;271;275;278;282;285;288;292;295;299;308;312;315;319;322;326;330;333;337;340;360;364;368;372;376;380;384;388;392;396;420;424;429;433;438;442;446;451;455;460;488;493;498;502;507;512;517;522;526;531;564;569;574;580;585;590;595;600;606;611;648;654;659;665;670;676;682;687;693;698;740;746;752;758;764;770;776;782;788;794;802;810;818;826;835;843;851;860;868;877;886;895;904;913;922;931;940;950;959;969;979;988;998;1008;1018;1028;1039;1049;1060;1070;1081;1092;1103;1114;1125;1136;1147;1159;1170;1182;1194;1206;1218;1230;1242;1255;1267;1280;1293;1306;1319;1332;1345;1359;1372;1386;1400;1414;1428;1442;1457;1471;1486;1501;1516;1531;1547;1562;1578;1593;1609;1625;1642;1658;1675;1691;1708;1725;1743;1760;1778;1795;1813;1832;1850;1868;1887;1906;1925;1944;1964;1983;2003;2023;2043;2064;2084;2105;2126;2148>,8,<200;203;206;209;212;215;218;221;224;227;232;235;238;242;245;248;251;254;258;261;268;271;275;278;282;285;288;292;295;299;308;312;315;319;322;326;330;333;337;340;360;364;368;372;376;380;384;388;392;396;420;424;429;433;438;442;446;451;455;460;488;493;498;502;507;512;517;522;526;531;564;569;574;580;585;590;595;600;606;611;648;654;659;665;670;676;682;687;693;698;740;746;752;758;764;770;776;782;788;794;802;810;818;826;835;843;851;860;868;877;886;895;904;913;922;931;940;950;959;969;979;988;998;1008;1018;1028;1039;1049;1060;1070;1081;1092;1103;1114;1125;1136;1147;1159;1170;1182;1194;1206;1218;1230;1242;1255;1267;1280;1293;1306;1319;1332;1345;1359;1372;1386;1400;1414;1428;1442;1457;1471;1486;1501;1516;1531;1547;1562;1578;1593;1609;1625;1642;1658;1675;1691;1708;1725;1743;1760;1778;1795;1813;1832;1850;1868;1887;1906;1925;1944;1964;1983;2003;2023;2043;2064;2084;2105;2126;2148>,16,<22;22;22;22;22;25;25;25;25;25;27;27;27;27;27;30;30;30;30;30;32;32;32;32;32;34;34;34;34;34;37;37;37;37;37;39;39;39;39;39;42;42;42;42;42;44;44;44;44;44;46;46;46;46;46;49;49;49;49;49;51;51;51;51;51;54;54;54;54;54;56;56;56;56;56;58;58;58;58;58;61;61;61;61;61;63;63;63;63;63;66;66;66;66;66;68;68;68;68;68;69;69;70;71;71;72;73;74;74;75;76;77;77;78;79;80;81;81;82;83;84;85;85;86;87;88;89;90;91;92;93;93;94;95;96;97;98;99;100;101;102;103;104;105;106;107;109;110;111;112;113;114;115;116;118;119;120;121;122;124;125;126;127;129;130;131;132;134;135;136;138;139;141;142;143;145;146;148;149;151;152;154;155;157;158;160;162;163;165;167;168;170;172;173;175;177;179;180;182;184>,0,<>,,{drawcard=false;gain=false}
40631,金刚,金剛,King Kong,King Kong,금강,Rei Kong,6,1,config/item/gem/icon_3_l_1.png,3,防御向符石,防禦向符石,Defensive-type,Defensive-type,방어 룬스톤,Tipo defensivo,ประเภทป้องกัน,9999,{529=40},100,3,1,<1512;1535;1557;1580;1603;1625;1648;1671;1693;1716;1754;1778;1802;1826;1851;1875;1899;1923;1947;1972;2026;2052;2077;2103;2129;2155;2180;2206;2232;2257;2328;2356;2383;2410;2437;2465;2492;2519;2546;2573;2722;2752;2782;2812;2843;2873;2903;2933;2964;2994;3175;3208;3242;3275;3308;3342;3375;3408;3441;3475;3689;3726;3762;3798;3834;3871;3907;3943;3980;4016;4264;4303;4342;4382;4421;4460;4500;4539;4578;4618;4899;4941;4984;5026;5068;5111;5153;5195;5238;5280;5594;5640;5685;5730;5776;5821;5867;5912;5957;6003;6063;6124;6185;6247;6309;6372;6436;6500;6565;6631;6697;6764;6832;6900;6969;7039;7109;7180;7252;7325;7398;7472;7547;7622;7698;7775;7853;7932;8011;8091;8172;8254;8336;8420;8504;8589;8675;8762;8849;8938;9027;9117;9208;9301;9394;9487;9582;9678;9775;9873;9971;10071;10172;10274;10376;10480;10585;10691;10798;10906;11015;11125;11236;11348;11462;11577;11692;11809;11927;12047;12167;12289;12412;12536;12661;12788;12916;13045;13175;13307;13440;13574;13710;13847;13986;14126;14267;14410;14554;14699;14846;14995;15145;15296;15449;15603;15759;15917;16076;16237>,9,<210;213;216;219;223;226;229;232;235;238;244;247;250;254;257;260;264;267;270;274;281;285;289;292;296;299;303;306;310;314;323;327;331;335;339;342;346;350;354;357;378;382;386;391;395;399;403;407;412;416;441;446;450;455;459;464;469;473;478;483;512;517;522;528;533;538;543;548;553;558;592;598;603;609;614;620;625;630;636;641;680;686;692;698;704;710;716;722;727;733;777;783;790;796;802;809;815;821;827;834;842;851;859;868;877;885;894;903;912;921;930;940;949;959;968;978;988;998;1008;1018;1028;1038;1048;1059;1070;1080;1091;1102;1113;1124;1135;1147;1158;1170;1181;1193;1205;1217;1229;1242;1254;1267;1279;1292;1305;1318;1331;1345;1358;1372;1385;1399;1413;1427;1442;1456;1471;1485;1500;1515;1530;1546;1561;1577;1592;1608;1624;1641;1657;1674;1690;1707;1724;1742;1759;1777;1794;1812;1830;1849;1867;1886;1905;1924;1943;1962;1982;2002;2022;2042;2063;2083;2104;2125;2146;2168;2189;2211;2233;2256>,17,<40;40;40;40;40;45;45;45;45;45;49;49;49;49;49;53;53;53;53;53;58;58;58;58;58;62;62;62;62;62;66;66;66;66;66;71;71;71;71;71;75;75;75;75;75;79;79;79;79;79;84;84;84;84;84;88;88;88;88;88;92;92;92;92;92;96;96;96;96;96;101;101;101;101;101;105;105;105;105;105;109;109;109;109;109;114;114;114;114;114;118;118;118;118;118;122;122;122;122;122;123;124;126;127;128;130;131;132;133;135;136;137;139;140;142;143;144;146;147;149;150;152;153;155;156;158;160;161;163;164;166;168;169;171;173;175;176;178;180;182;183;185;187;189;191;193;195;197;199;201;203;205;207;209;211;213;215;217;219;222;224;226;228;231;233;235;238;240;242;245;247;250;252;255;257;260;262;265;268;270;273;276;279;281;284;287;290;293;296;299;302;305;308;311;314;317;320;323;327;330>,0,<>,0,<>,,{drawcard=false;gain=false}
40632,金刚,金剛,King Kong,King Kong,금강,Rei Kong,6,2,config/item/gem/icon_3_l_2.png,3,防御向符石,防禦向符石,Defensive-type,Defensive-type,방어 룬스톤,Tipo defensivo,ประเภทป้องกัน,9999,{529=40},100,3,1,<1512;1535;1557;1580;1603;1625;1648;1671;1693;1716;1754;1778;1802;1826;1851;1875;1899;1923;1947;1972;2026;2052;2077;2103;2129;2155;2180;2206;2232;2257;2328;2356;2383;2410;2437;2465;2492;2519;2546;2573;2722;2752;2782;2812;2843;2873;2903;2933;2964;2994;3175;3208;3242;3275;3308;3342;3375;3408;3441;3475;3689;3726;3762;3798;3834;3871;3907;3943;3980;4016;4264;4303;4342;4382;4421;4460;4500;4539;4578;4618;4899;4941;4984;5026;5068;5111;5153;5195;5238;5280;5594;5640;5685;5730;5776;5821;5867;5912;5957;6003;6063;6124;6185;6247;6309;6372;6436;6500;6565;6631;6697;6764;6832;6900;6969;7039;7109;7180;7252;7325;7398;7472;7547;7622;7698;7775;7853;7932;8011;8091;8172;8254;8336;8420;8504;8589;8675;8762;8849;8938;9027;9117;9208;9301;9394;9487;9582;9678;9775;9873;9971;10071;10172;10274;10376;10480;10585;10691;10798;10906;11015;11125;11236;11348;11462;11577;11692;11809;11927;12047;12167;12289;12412;12536;12661;12788;12916;13045;13175;13307;13440;13574;13710;13847;13986;14126;14267;14410;14554;14699;14846;14995;15145;15296;15449;15603;15759;15917;16076;16237>,10,<210;213;216;219;223;226;229;232;235;238;244;247;250;254;257;260;264;267;270;274;281;285;289;292;296;299;303;306;310;314;323;327;331;335;339;342;346;350;354;357;378;382;386;391;395;399;403;407;412;416;441;446;450;455;459;464;469;473;478;483;512;517;522;528;533;538;543;548;553;558;592;598;603;609;614;620;625;630;636;641;680;686;692;698;704;710;716;722;727;733;777;783;790;796;802;809;815;821;827;834;842;851;859;868;877;885;894;903;912;921;930;940;949;959;968;978;988;998;1008;1018;1028;1038;1048;1059;1070;1080;1091;1102;1113;1124;1135;1147;1158;1170;1181;1193;1205;1217;1229;1242;1254;1267;1279;1292;1305;1318;1331;1345;1358;1372;1385;1399;1413;1427;1442;1456;1471;1485;1500;1515;1530;1546;1561;1577;1592;1608;1624;1641;1657;1674;1690;1707;1724;1742;1759;1777;1794;1812;1830;1849;1867;1886;1905;1924;1943;1962;1982;2002;2022;2042;2063;2083;2104;2125;2146;2168;2189;2211;2233;2256>,19,<40;40;40;40;40;45;45;45;45;45;49;49;49;49;49;53;53;53;53;53;58;58;58;58;58;62;62;62;62;62;66;66;66;66;66;71;71;71;71;71;75;75;75;75;75;79;79;79;79;79;84;84;84;84;84;88;88;88;88;88;92;92;92;92;92;96;96;96;96;96;101;101;101;101;101;105;105;105;105;105;109;109;109;109;109;114;114;114;114;114;118;118;118;118;118;122;122;122;122;122;123;124;126;127;128;130;131;132;133;135;136;137;139;140;142;143;144;146;147;149;150;152;153;155;156;158;160;161;163;164;166;168;169;171;173;175;176;178;180;182;183;185;187;189;191;193;195;197;199;201;203;205;207;209;211;213;215;217;219;222;224;226;228;231;233;235;238;240;242;245;247;250;252;255;257;260;262;265;268;270;273;276;279;281;284;287;290;293;296;299;302;305;308;311;314;317;320;323;327;330>,0,<>,0,<>,,{drawcard=false;gain=false}
40633,金刚,金剛,King Kong,King Kong,금강,Rei Kong,6,3,config/item/gem/icon_3_l_3.png,3,防御向符石,防禦向符石,Defensive-type,Defensive-type,방어 룬스톤,Tipo defensivo,ประเภทป้องกัน,9999,{529=40},100,3,9,<210;213;216;219;223;226;229;232;235;238;244;247;250;254;257;260;264;267;270;274;281;285;289;292;296;299;303;306;310;314;323;327;331;335;339;342;346;350;354;357;378;382;386;391;395;399;403;407;412;416;441;446;450;455;459;464;469;473;478;483;512;517;522;528;533;538;543;548;553;558;592;598;603;609;614;620;625;630;636;641;680;686;692;698;704;710;716;722;727;733;777;783;790;796;802;809;815;821;827;834;842;851;859;868;877;885;894;903;912;921;930;940;949;959;968;978;988;998;1008;1018;1028;1038;1048;1059;1070;1080;1091;1102;1113;1124;1135;1147;1158;1170;1181;1193;1205;1217;1229;1242;1254;1267;1279;1292;1305;1318;1331;1345;1358;1372;1385;1399;1413;1427;1442;1456;1471;1485;1500;1515;1530;1546;1561;1577;1592;1608;1624;1641;1657;1674;1690;1707;1724;1742;1759;1777;1794;1812;1830;1849;1867;1886;1905;1924;1943;1962;1982;2002;2022;2042;2063;2083;2104;2125;2146;2168;2189;2211;2233;2256>,10,<210;213;216;219;223;226;229;232;235;238;244;247;250;254;257;260;264;267;270;274;281;285;289;292;296;299;303;306;310;314;323;327;331;335;339;342;346;350;354;357;378;382;386;391;395;399;403;407;412;416;441;446;450;455;459;464;469;473;478;483;512;517;522;528;533;538;543;548;553;558;592;598;603;609;614;620;625;630;636;641;680;686;692;698;704;710;716;722;727;733;777;783;790;796;802;809;815;821;827;834;842;851;859;868;877;885;894;903;912;921;930;940;949;959;968;978;988;998;1008;1018;1028;1038;1048;1059;1070;1080;1091;1102;1113;1124;1135;1147;1158;1170;1181;1193;1205;1217;1229;1242;1254;1267;1279;1292;1305;1318;1331;1345;1358;1372;1385;1399;1413;1427;1442;1456;1471;1485;1500;1515;1530;1546;1561;1577;1592;1608;1624;1641;1657;1674;1690;1707;1724;1742;1759;1777;1794;1812;1830;1849;1867;1886;1905;1924;1943;1962;1982;2002;2022;2042;2063;2083;2104;2125;2146;2168;2189;2211;2233;2256>,22,<20;20;20;20;20;22;22;22;22;22;24;24;24;24;24;27;27;27;27;27;29;29;29;29;29;31;31;31;31;31;33;33;33;33;33;35;35;35;35;35;37;37;37;37;37;40;40;40;40;40;42;42;42;42;42;44;44;44;44;44;46;46;46;46;46;48;48;48;48;48;50;50;50;50;50;53;53;53;53;53;55;55;55;55;55;57;57;57;57;57;59;59;59;59;59;61;61;61;61;61;62;62;63;63;64;65;65;66;67;67;68;69;69;70;71;72;72;73;74;74;75;76;77;77;78;79;80;81;81;82;83;84;85;86;86;87;88;89;90;91;92;93;94;95;95;96;97;98;99;100;101;102;103;104;105;106;108;109;110;111;112;113;114;115;116;118;119;120;121;122;124;125;126;127;129;130;131;133;134;135;137;138;139;141;142;144;145;146;148;149;151;152;154;155;157;159;160;162;163;165>,0,<>,0,<>,,{drawcard=false;gain=false}
40634,金刚,金剛,King Kong,King Kong,금강,Rei Kong,6,4,config/item/gem/icon_3_l_4.png,3,防御向符石,防禦向符石,Defensive-type,Defensive-type,방어 룬스톤,Tipo defensivo,ประเภทป้องกัน,9999,{529=40},100,3,9,<210;213;216;219;223;226;229;232;235;238;244;247;250;254;257;260;264;267;270;274;281;285;289;292;296;299;303;306;310;314;323;327;331;335;339;342;346;350;354;357;378;382;386;391;395;399;403;407;412;416;441;446;450;455;459;464;469;473;478;483;512;517;522;528;533;538;543;548;553;558;592;598;603;609;614;620;625;630;636;641;680;686;692;698;704;710;716;722;727;733;777;783;790;796;802;809;815;821;827;834;842;851;859;868;877;885;894;903;912;921;930;940;949;959;968;978;988;998;1008;1018;1028;1038;1048;1059;1070;1080;1091;1102;1113;1124;1135;1147;1158;1170;1181;1193;1205;1217;1229;1242;1254;1267;1279;1292;1305;1318;1331;1345;1358;1372;1385;1399;1413;1427;1442;1456;1471;1485;1500;1515;1530;1546;1561;1577;1592;1608;1624;1641;1657;1674;1690;1707;1724;1742;1759;1777;1794;1812;1830;1849;1867;1886;1905;1924;1943;1962;1982;2002;2022;2042;2063;2083;2104;2125;2146;2168;2189;2211;2233;2256>,10,<210;213;216;219;223;226;229;232;235;238;244;247;250;254;257;260;264;267;270;274;281;285;289;292;296;299;303;306;310;314;323;327;331;335;339;342;346;350;354;357;378;382;386;391;395;399;403;407;412;416;441;446;450;455;459;464;469;473;478;483;512;517;522;528;533;538;543;548;553;558;592;598;603;609;614;620;625;630;636;641;680;686;692;698;704;710;716;722;727;733;777;783;790;796;802;809;815;821;827;834;842;851;859;868;877;885;894;903;912;921;930;940;949;959;968;978;988;998;1008;1018;1028;1038;1048;1059;1070;1080;1091;1102;1113;1124;1135;1147;1158;1170;1181;1193;1205;1217;1229;1242;1254;1267;1279;1292;1305;1318;1331;1345;1358;1372;1385;1399;1413;1427;1442;1456;1471;1485;1500;1515;1530;1546;1561;1577;1592;1608;1624;1641;1657;1674;1690;1707;1724;1742;1759;1777;1794;1812;1830;1849;1867;1886;1905;1924;1943;1962;1982;2002;2022;2042;2063;2083;2104;2125;2146;2168;2189;2211;2233;2256>,23,<20;20;20;20;20;22;22;22;22;22;24;24;24;24;24;27;27;27;27;27;29;29;29;29;29;31;31;31;31;31;33;33;33;33;33;35;35;35;35;35;37;37;37;37;37;40;40;40;40;40;42;42;42;42;42;44;44;44;44;44;46;46;46;46;46;48;48;48;48;48;50;50;50;50;50;53;53;53;53;53;55;55;55;55;55;57;57;57;57;57;59;59;59;59;59;61;61;61;61;61;62;62;63;63;64;65;65;66;67;67;68;69;69;70;71;72;72;73;74;74;75;76;77;77;78;79;80;81;81;82;83;84;85;86;86;87;88;89;90;91;92;93;94;95;95;96;97;98;99;100;101;102;103;104;105;106;108;109;110;111;112;113;114;115;116;118;119;120;121;122;124;125;126;127;129;130;131;133;134;135;137;138;139;141;142;144;145;146;148;149;151;152;154;155;157;159;160;162;163;165>,0,<>,0,<>,,{drawcard=false;gain=false}
40635,金刚,金剛,King Kong,King Kong,금강,Rei Kong,6,5,config/item/gem/icon_3_l_5.png,3,防御向符石,防禦向符石,Defensive-type,Defensive-type,방어 룬스톤,Tipo defensivo,ประเภทป้องกัน,9999,{529=40},100,3,1,<1512;1535;1557;1580;1603;1625;1648;1671;1693;1716;1754;1778;1802;1826;1851;1875;1899;1923;1947;1972;2026;2052;2077;2103;2129;2155;2180;2206;2232;2257;2328;2356;2383;2410;2437;2465;2492;2519;2546;2573;2722;2752;2782;2812;2843;2873;2903;2933;2964;2994;3175;3208;3242;3275;3308;3342;3375;3408;3441;3475;3689;3726;3762;3798;3834;3871;3907;3943;3980;4016;4264;4303;4342;4382;4421;4460;4500;4539;4578;4618;4899;4941;4984;5026;5068;5111;5153;5195;5238;5280;5594;5640;5685;5730;5776;5821;5867;5912;5957;6003;6063;6124;6185;6247;6309;6372;6436;6500;6565;6631;6697;6764;6832;6900;6969;7039;7109;7180;7252;7325;7398;7472;7547;7622;7698;7775;7853;7932;8011;8091;8172;8254;8336;8420;8504;8589;8675;8762;8849;8938;9027;9117;9208;9301;9394;9487;9582;9678;9775;9873;9971;10071;10172;10274;10376;10480;10585;10691;10798;10906;11015;11125;11236;11348;11462;11577;11692;11809;11927;12047;12167;12289;12412;12536;12661;12788;12916;13045;13175;13307;13440;13574;13710;13847;13986;14126;14267;14410;14554;14699;14846;14995;15145;15296;15449;15603;15759;15917;16076;16237>,7,<300;305;309;314;318;323;327;332;336;341;348;353;358;362;367;372;377;382;386;391;402;407;412;417;422;428;433;438;443;448;462;467;473;478;484;489;494;500;505;511;540;546;552;558;564;570;576;582;588;594;630;637;643;650;656;663;670;676;683;689;732;739;746;754;761;768;775;782;790;797;846;854;862;869;877;885;893;901;908;916;972;980;989;997;1006;1014;1022;1031;1039;1048;1110;1119;1128;1137;1146;1155;1164;1173;1182;1191;1203;1215;1227;1239;1252;1264;1277;1290;1303;1316;1329;1342;1355;1369;1383;1397;1411;1425;1439;1453;1468;1482;1497;1512;1527;1543;1558;1574;1589;1605;1621;1638;1654;1670;1687;1704;1721;1738;1756;1773;1791;1809;1827;1845;1864;1882;1901;1920;1939;1959;1978;1998;2018;2038;2059;2079;2100;2121;2142;2164;2185;2207;2229;2252;2274;2297;2320;2343;2366;2390;2414;2438;2462;2487;2512;2537;2562;2588;2614;2640;2667;2693;2720;2747;2775;2803;2831;2859;2887;2916;2945;2975;3005;3035;3065;3096;3127;3158;3190;3221>,8,<300;305;309;314;318;323;327;332;336;341;348;353;358;362;367;372;377;382;386;391;402;407;412;417;422;428;433;438;443;448;462;467;473;478;484;489;494;500;505;511;540;546;552;558;564;570;576;582;588;594;630;637;643;650;656;663;670;676;683;689;732;739;746;754;761;768;775;782;790;797;846;854;862;869;877;885;893;901;908;916;972;980;989;997;1006;1014;1022;1031;1039;1048;1110;1119;1128;1137;1146;1155;1164;1173;1182;1191;1203;1215;1227;1239;1252;1264;1277;1290;1303;1316;1329;1342;1355;1369;1383;1397;1411;1425;1439;1453;1468;1482;1497;1512;1527;1543;1558;1574;1589;1605;1621;1638;1654;1670;1687;1704;1721;1738;1756;1773;1791;1809;1827;1845;1864;1882;1901;1920;1939;1959;1978;1998;2018;2038;2059;2079;2100;2121;2142;2164;2185;2207;2229;2252;2274;2297;2320;2343;2366;2390;2414;2438;2462;2487;2512;2537;2562;2588;2614;2640;2667;2693;2720;2747;2775;2803;2831;2859;2887;2916;2945;2975;3005;3035;3065;3096;3127;3158;3190;3221>,91,<40;40;40;40;40;45;45;45;45;45;49;49;49;49;49;53;53;53;53;53;58;58;58;58;58;62;62;62;62;62;66;66;66;66;66;71;71;71;71;71;75;75;75;75;75;79;79;79;79;79;84;84;84;84;84;88;88;88;88;88;92;92;92;92;92;96;96;96;96;96;101;101;101;101;101;105;105;105;105;105;109;109;109;109;109;114;114;114;114;114;118;118;118;118;118;122;122;122;122;122;123;124;126;127;128;130;131;132;133;135;136;137;139;140;142;143;144;146;147;149;150;152;153;155;156;158;160;161;163;164;166;168;169;171;173;175;176;178;180;182;183;185;187;189;191;193;195;197;199;201;203;205;207;209;211;213;215;217;219;222;224;226;228;231;233;235;238;240;242;245;247;250;252;255;257;260;262;265;268;270;273;276;279;281;284;287;290;293;296;299;302;305;308;311;314;317;320;323;327;330>,0,<>,,{drawcard=false;gain=false}
40636,金刚,金剛,King Kong,King Kong,금강,Rei Kong,6,6,config/item/gem/icon_3_l_6.png,3,防御向符石,防禦向符石,Defensive-type,Defensive-type,방어 룬스톤,Tipo defensivo,ประเภทป้องกัน,9999,{529=40},100,3,1,<1512;1535;1557;1580;1603;1625;1648;1671;1693;1716;1754;1778;1802;1826;1851;1875;1899;1923;1947;1972;2026;2052;2077;2103;2129;2155;2180;2206;2232;2257;2328;2356;2383;2410;2437;2465;2492;2519;2546;2573;2722;2752;2782;2812;2843;2873;2903;2933;2964;2994;3175;3208;3242;3275;3308;3342;3375;3408;3441;3475;3689;3726;3762;3798;3834;3871;3907;3943;3980;4016;4264;4303;4342;4382;4421;4460;4500;4539;4578;4618;4899;4941;4984;5026;5068;5111;5153;5195;5238;5280;5594;5640;5685;5730;5776;5821;5867;5912;5957;6003;6063;6124;6185;6247;6309;6372;6436;6500;6565;6631;6697;6764;6832;6900;6969;7039;7109;7180;7252;7325;7398;7472;7547;7622;7698;7775;7853;7932;8011;8091;8172;8254;8336;8420;8504;8589;8675;8762;8849;8938;9027;9117;9208;9301;9394;9487;9582;9678;9775;9873;9971;10071;10172;10274;10376;10480;10585;10691;10798;10906;11015;11125;11236;11348;11462;11577;11692;11809;11927;12047;12167;12289;12412;12536;12661;12788;12916;13045;13175;13307;13440;13574;13710;13847;13986;14126;14267;14410;14554;14699;14846;14995;15145;15296;15449;15603;15759;15917;16076;16237>,7,<300;305;309;314;318;323;327;332;336;341;348;353;358;362;367;372;377;382;386;391;402;407;412;417;422;428;433;438;443;448;462;467;473;478;484;489;494;500;505;511;540;546;552;558;564;570;576;582;588;594;630;637;643;650;656;663;670;676;683;689;732;739;746;754;761;768;775;782;790;797;846;854;862;869;877;885;893;901;908;916;972;980;989;997;1006;1014;1022;1031;1039;1048;1110;1119;1128;1137;1146;1155;1164;1173;1182;1191;1203;1215;1227;1239;1252;1264;1277;1290;1303;1316;1329;1342;1355;1369;1383;1397;1411;1425;1439;1453;1468;1482;1497;1512;1527;1543;1558;1574;1589;1605;1621;1638;1654;1670;1687;1704;1721;1738;1756;1773;1791;1809;1827;1845;1864;1882;1901;1920;1939;1959;1978;1998;2018;2038;2059;2079;2100;2121;2142;2164;2185;2207;2229;2252;2274;2297;2320;2343;2366;2390;2414;2438;2462;2487;2512;2537;2562;2588;2614;2640;2667;2693;2720;2747;2775;2803;2831;2859;2887;2916;2945;2975;3005;3035;3065;3096;3127;3158;3190;3221>,8,<300;305;309;314;318;323;327;332;336;341;348;353;358;362;367;372;377;382;386;391;402;407;412;417;422;428;433;438;443;448;462;467;473;478;484;489;494;500;505;511;540;546;552;558;564;570;576;582;588;594;630;637;643;650;656;663;670;676;683;689;732;739;746;754;761;768;775;782;790;797;846;854;862;869;877;885;893;901;908;916;972;980;989;997;1006;1014;1022;1031;1039;1048;1110;1119;1128;1137;1146;1155;1164;1173;1182;1191;1203;1215;1227;1239;1252;1264;1277;1290;1303;1316;1329;1342;1355;1369;1383;1397;1411;1425;1439;1453;1468;1482;1497;1512;1527;1543;1558;1574;1589;1605;1621;1638;1654;1670;1687;1704;1721;1738;1756;1773;1791;1809;1827;1845;1864;1882;1901;1920;1939;1959;1978;1998;2018;2038;2059;2079;2100;2121;2142;2164;2185;2207;2229;2252;2274;2297;2320;2343;2366;2390;2414;2438;2462;2487;2512;2537;2562;2588;2614;2640;2667;2693;2720;2747;2775;2803;2831;2859;2887;2916;2945;2975;3005;3035;3065;3096;3127;3158;3190;3221>,16,<34;34;34;34;34;37;37;37;37;37;41;41;41;41;41;44;44;44;44;44;48;48;48;48;48;52;52;52;52;52;55;55;55;55;55;59;59;59;59;59;62;62;62;62;62;66;66;66;66;66;70;70;70;70;70;73;73;73;73;73;77;77;77;77;77;80;80;80;80;80;84;84;84;84;84;88;88;88;88;88;91;91;91;91;91;95;95;95;95;95;98;98;98;98;98;102;102;102;102;102;103;104;105;106;107;108;109;110;112;113;114;115;116;117;118;120;121;122;123;124;126;127;128;130;131;132;133;135;136;137;139;140;142;143;144;146;147;149;150;152;153;155;156;158;160;161;163;164;166;168;169;171;173;175;176;178;180;182;183;185;187;189;191;193;195;197;199;201;203;205;207;209;211;213;215;217;219;222;224;226;228;231;233;235;238;240;242;245;247;250;252;255;257;260;263;265;268;270;273;276>,0,<>,,{drawcard=false;gain=false}
40641,金刚,金剛,King Kong,King Kong,금강,Rei Kong,6,1,config/item/gem/icon_3_z_1.png,4,防御向符石,防禦向符石,Defensive-type,Defensive-type,방어 룬스톤,Tipo defensivo,ประเภทป้องกัน,9999,{529=80},100,4,1,<2218;2251;2285;2318;2351;2384;2418;2451;2484;2517;2573;2608;2644;2679;2715;2750;2786;2821;2857;2892;2972;3010;3048;3085;3123;3161;3198;3236;3274;3311;3416;3456;3496;3535;3575;3615;3655;3695;3735;3775;3992;4037;4081;4125;4170;4214;4259;4303;4347;4392;4658;4707;4755;4804;4853;4902;4951;4999;5048;5097;5412;5465;5518;5572;5625;5678;5731;5785;5838;5891;6255;6312;6370;6428;6485;6543;6601;6658;6716;6774;7186;7248;7311;7373;7435;7497;7559;7621;7683;7745;8207;8273;8340;8406;8473;8539;8606;8672;8739;8805;8893;8982;9072;9163;9254;9347;9440;9535;9630;9726;9823;9922;10021;10121;10222;10325;10428;10532;10637;10744;10851;10960;11069;11180;11292;11405;11519;11634;11750;11868;11986;12106;12227;12350;12473;12598;12724;12851;12980;13109;13241;13373;13507;13642;13778;13916;14055;14196;14338;14481;14626;14772;14920;15069;15220;15372;15526;15681;15838;15996;16156;16318;16481;16646;16812;16980;17150;17321;17495;17670;17846;18025;18205;18387;18571;18757;18944;19134;19325;19518;19713;19910;20110;20311;20514;20719;20926;21135;21347;21560;21776;21994;22214;22436;22660;22887;23115;23347;23580;23816>,9,<308;313;317;322;326;331;336;340;345;350;357;362;367;372;377;382;387;392;397;402;413;418;423;428;434;439;444;449;455;460;474;480;485;491;496;502;508;513;519;524;554;561;567;573;579;585;591;598;604;610;647;654;660;667;674;681;687;694;701;708;752;759;766;774;781;788;796;803;811;818;869;877;885;893;901;909;917;925;933;941;998;1007;1015;1024;1032;1041;1050;1058;1067;1076;1140;1149;1158;1167;1177;1186;1195;1204;1214;1223;1235;1248;1260;1273;1285;1298;1311;1324;1338;1351;1364;1378;1392;1406;1420;1434;1448;1463;1478;1492;1507;1522;1538;1553;1568;1584;1600;1616;1632;1648;1665;1682;1698;1715;1733;1750;1767;1785;1803;1821;1839;1857;1876;1895;1914;1933;1952;1972;1991;2011;2031;2052;2072;2093;2114;2135;2156;2178;2200;2222;2244;2266;2289;2312;2335;2359;2382;2406;2430;2454;2479;2504;2529;2554;2579;2605;2631;2658;2684;2711;2738;2766;2793;2821;2849;2878;2907;2936;2965;2995;3025;3055;3085;3116;3147;3179;3211;3243;3275;3308>,17,<59;59;59;59;59;65;65;65;65;65;72;72;72;72;72;78;78;78;78;78;84;84;84;84;84;91;91;91;91;91;97;97;97;97;97;103;103;103;103;103;110;110;110;110;110;116;116;116;116;116;122;122;122;122;122;129;129;129;129;129;135;135;135;135;135;142;142;142;142;142;148;148;148;148;148;154;154;154;154;154;161;161;161;161;161;167;167;167;167;167;173;173;173;173;173;180;180;180;180;180;182;184;185;187;189;191;193;195;197;199;201;203;205;207;209;211;213;215;217;220;222;224;226;229;231;233;235;238;240;243;245;247;250;252;255;258;260;263;265;268;271;273;276;279;282;284;287;290;293;296;299;302;305;308;311;314;317;321;324;327;330;334;337;340;344;347;351;354;358;361;365;368;372;376;380;383;387;391;395;399;403;407;411;415;419;424;428;432;436;441;445;450;454;459;463;468;473;477;482;487>,0,<>,0,<>,,{drawcard=zi_effect_loop}
40642,金刚,金剛,King Kong,King Kong,금강,Rei Kong,6,2,config/item/gem/icon_3_z_2.png,4,防御向符石,防禦向符石,Defensive-type,Defensive-type,방어 룬스톤,Tipo defensivo,ประเภทป้องกัน,9999,{529=80},100,4,1,<2218;2251;2285;2318;2351;2384;2418;2451;2484;2517;2573;2608;2644;2679;2715;2750;2786;2821;2857;2892;2972;3010;3048;3085;3123;3161;3198;3236;3274;3311;3416;3456;3496;3535;3575;3615;3655;3695;3735;3775;3992;4037;4081;4125;4170;4214;4259;4303;4347;4392;4658;4707;4755;4804;4853;4902;4951;4999;5048;5097;5412;5465;5518;5572;5625;5678;5731;5785;5838;5891;6255;6312;6370;6428;6485;6543;6601;6658;6716;6774;7186;7248;7311;7373;7435;7497;7559;7621;7683;7745;8207;8273;8340;8406;8473;8539;8606;8672;8739;8805;8893;8982;9072;9163;9254;9347;9440;9535;9630;9726;9823;9922;10021;10121;10222;10325;10428;10532;10637;10744;10851;10960;11069;11180;11292;11405;11519;11634;11750;11868;11986;12106;12227;12350;12473;12598;12724;12851;12980;13109;13241;13373;13507;13642;13778;13916;14055;14196;14338;14481;14626;14772;14920;15069;15220;15372;15526;15681;15838;15996;16156;16318;16481;16646;16812;16980;17150;17321;17495;17670;17846;18025;18205;18387;18571;18757;18944;19134;19325;19518;19713;19910;20110;20311;20514;20719;20926;21135;21347;21560;21776;21994;22214;22436;22660;22887;23115;23347;23580;23816>,10,<308;313;317;322;326;331;336;340;345;350;357;362;367;372;377;382;387;392;397;402;413;418;423;428;434;439;444;449;455;460;474;480;485;491;496;502;508;513;519;524;554;561;567;573;579;585;591;598;604;610;647;654;660;667;674;681;687;694;701;708;752;759;766;774;781;788;796;803;811;818;869;877;885;893;901;909;917;925;933;941;998;1007;1015;1024;1032;1041;1050;1058;1067;1076;1140;1149;1158;1167;1177;1186;1195;1204;1214;1223;1235;1248;1260;1273;1285;1298;1311;1324;1338;1351;1364;1378;1392;1406;1420;1434;1448;1463;1478;1492;1507;1522;1538;1553;1568;1584;1600;1616;1632;1648;1665;1682;1698;1715;1733;1750;1767;1785;1803;1821;1839;1857;1876;1895;1914;1933;1952;1972;1991;2011;2031;2052;2072;2093;2114;2135;2156;2178;2200;2222;2244;2266;2289;2312;2335;2359;2382;2406;2430;2454;2479;2504;2529;2554;2579;2605;2631;2658;2684;2711;2738;2766;2793;2821;2849;2878;2907;2936;2965;2995;3025;3055;3085;3116;3147;3179;3211;3243;3275;3308>,19,<59;59;59;59;59;65;65;65;65;65;72;72;72;72;72;78;78;78;78;78;84;84;84;84;84;91;91;91;91;91;97;97;97;97;97;103;103;103;103;103;110;110;110;110;110;116;116;116;116;116;122;122;122;122;122;129;129;129;129;129;135;135;135;135;135;142;142;142;142;142;148;148;148;148;148;154;154;154;154;154;161;161;161;161;161;167;167;167;167;167;173;173;173;173;173;180;180;180;180;180;182;184;185;187;189;191;193;195;197;199;201;203;205;207;209;211;213;215;217;220;222;224;226;229;231;233;235;238;240;243;245;247;250;252;255;258;260;263;265;268;271;273;276;279;282;284;287;290;293;296;299;302;305;308;311;314;317;321;324;327;330;334;337;340;344;347;351;354;358;361;365;368;372;376;380;383;387;391;395;399;403;407;411;415;419;424;428;432;436;441;445;450;454;459;463;468;473;477;482;487>,0,<>,0,<>,,{drawcard=zi_effect_loop}
40643,金刚,金剛,King Kong,King Kong,금강,Rei Kong,6,3,config/item/gem/icon_3_z_3.png,4,防御向符石,防禦向符石,Defensive-type,Defensive-type,방어 룬스톤,Tipo defensivo,ประเภทป้องกัน,9999,{529=80},100,4,9,<308;313;317;322;326;331;336;340;345;350;357;362;367;372;377;382;387;392;397;402;413;418;423;428;434;439;444;449;455;460;474;480;485;491;496;502;508;513;519;524;554;561;567;573;579;585;591;598;604;610;647;654;660;667;674;681;687;694;701;708;752;759;766;774;781;788;796;803;811;818;869;877;885;893;901;909;917;925;933;941;998;1007;1015;1024;1032;1041;1050;1058;1067;1076;1140;1149;1158;1167;1177;1186;1195;1204;1214;1223;1235;1248;1260;1273;1285;1298;1311;1324;1338;1351;1364;1378;1392;1406;1420;1434;1448;1463;1478;1492;1507;1522;1538;1553;1568;1584;1600;1616;1632;1648;1665;1682;1698;1715;1733;1750;1767;1785;1803;1821;1839;1857;1876;1895;1914;1933;1952;1972;1991;2011;2031;2052;2072;2093;2114;2135;2156;2178;2200;2222;2244;2266;2289;2312;2335;2359;2382;2406;2430;2454;2479;2504;2529;2554;2579;2605;2631;2658;2684;2711;2738;2766;2793;2821;2849;2878;2907;2936;2965;2995;3025;3055;3085;3116;3147;3179;3211;3243;3275;3308>,10,<308;313;317;322;326;331;336;340;345;350;357;362;367;372;377;382;387;392;397;402;413;418;423;428;434;439;444;449;455;460;474;480;485;491;496;502;508;513;519;524;554;561;567;573;579;585;591;598;604;610;647;654;660;667;674;681;687;694;701;708;752;759;766;774;781;788;796;803;811;818;869;877;885;893;901;909;917;925;933;941;998;1007;1015;1024;1032;1041;1050;1058;1067;1076;1140;1149;1158;1167;1177;1186;1195;1204;1214;1223;1235;1248;1260;1273;1285;1298;1311;1324;1338;1351;1364;1378;1392;1406;1420;1434;1448;1463;1478;1492;1507;1522;1538;1553;1568;1584;1600;1616;1632;1648;1665;1682;1698;1715;1733;1750;1767;1785;1803;1821;1839;1857;1876;1895;1914;1933;1952;1972;1991;2011;2031;2052;2072;2093;2114;2135;2156;2178;2200;2222;2244;2266;2289;2312;2335;2359;2382;2406;2430;2454;2479;2504;2529;2554;2579;2605;2631;2658;2684;2711;2738;2766;2793;2821;2849;2878;2907;2936;2965;2995;3025;3055;3085;3116;3147;3179;3211;3243;3275;3308>,22,<30;30;30;30;30;33;33;33;33;33;36;36;36;36;36;39;39;39;39;39;42;42;42;42;42;45;45;45;45;45;49;49;49;49;49;52;52;52;52;52;55;55;55;55;55;58;58;58;58;58;61;61;61;61;61;64;64;64;64;64;68;68;68;68;68;71;71;71;71;71;74;74;74;74;74;77;77;77;77;77;80;80;80;80;80;83;83;83;83;83;87;87;87;87;87;90;90;90;90;90;91;92;93;94;95;96;96;97;98;99;100;101;102;103;104;106;107;108;109;110;111;112;113;114;115;117;118;119;120;121;123;124;125;126;127;129;130;131;133;134;135;137;138;139;141;142;144;145;147;148;149;151;153;154;156;157;159;160;162;164;165;167;168;170;172;174;175;177;179;181;182;184;186;188;190;192;194;196;198;200;201;204;206;208;210;212;214;216;218;220;223;225;227;229;232;234;236;239;241;243>,0,<>,0,<>,,{drawcard=zi_effect_loop}
40644,金刚,金剛,King Kong,King Kong,금강,Rei Kong,6,4,config/item/gem/icon_3_z_4.png,4,防御向符石,防禦向符石,Defensive-type,Defensive-type,방어 룬스톤,Tipo defensivo,ประเภทป้องกัน,9999,{529=80},100,4,9,<308;313;317;322;326;331;336;340;345;350;357;362;367;372;377;382;387;392;397;402;413;418;423;428;434;439;444;449;455;460;474;480;485;491;496;502;508;513;519;524;554;561;567;573;579;585;591;598;604;610;647;654;660;667;674;681;687;694;701;708;752;759;766;774;781;788;796;803;811;818;869;877;885;893;901;909;917;925;933;941;998;1007;1015;1024;1032;1041;1050;1058;1067;1076;1140;1149;1158;1167;1177;1186;1195;1204;1214;1223;1235;1248;1260;1273;1285;1298;1311;1324;1338;1351;1364;1378;1392;1406;1420;1434;1448;1463;1478;1492;1507;1522;1538;1553;1568;1584;1600;1616;1632;1648;1665;1682;1698;1715;1733;1750;1767;1785;1803;1821;1839;1857;1876;1895;1914;1933;1952;1972;1991;2011;2031;2052;2072;2093;2114;2135;2156;2178;2200;2222;2244;2266;2289;2312;2335;2359;2382;2406;2430;2454;2479;2504;2529;2554;2579;2605;2631;2658;2684;2711;2738;2766;2793;2821;2849;2878;2907;2936;2965;2995;3025;3055;3085;3116;3147;3179;3211;3243;3275;3308>,10,<308;313;317;322;326;331;336;340;345;350;357;362;367;372;377;382;387;392;397;402;413;418;423;428;434;439;444;449;455;460;474;480;485;491;496;502;508;513;519;524;554;561;567;573;579;585;591;598;604;610;647;654;660;667;674;681;687;694;701;708;752;759;766;774;781;788;796;803;811;818;869;877;885;893;901;909;917;925;933;941;998;1007;1015;1024;1032;1041;1050;1058;1067;1076;1140;1149;1158;1167;1177;1186;1195;1204;1214;1223;1235;1248;1260;1273;1285;1298;1311;1324;1338;1351;1364;1378;1392;1406;1420;1434;1448;1463;1478;1492;1507;1522;1538;1553;1568;1584;1600;1616;1632;1648;1665;1682;1698;1715;1733;1750;1767;1785;1803;1821;1839;1857;1876;1895;1914;1933;1952;1972;1991;2011;2031;2052;2072;2093;2114;2135;2156;2178;2200;2222;2244;2266;2289;2312;2335;2359;2382;2406;2430;2454;2479;2504;2529;2554;2579;2605;2631;2658;2684;2711;2738;2766;2793;2821;2849;2878;2907;2936;2965;2995;3025;3055;3085;3116;3147;3179;3211;3243;3275;3308>,23,<30;30;30;30;30;33;33;33;33;33;36;36;36;36;36;39;39;39;39;39;42;42;42;42;42;45;45;45;45;45;49;49;49;49;49;52;52;52;52;52;55;55;55;55;55;58;58;58;58;58;61;61;61;61;61;64;64;64;64;64;68;68;68;68;68;71;71;71;71;71;74;74;74;74;74;77;77;77;77;77;80;80;80;80;80;83;83;83;83;83;87;87;87;87;87;90;90;90;90;90;91;92;93;94;95;96;96;97;98;99;100;101;102;103;104;106;107;108;109;110;111;112;113;114;115;117;118;119;120;121;123;124;125;126;127;129;130;131;133;134;135;137;138;139;141;142;144;145;147;148;149;151;153;154;156;157;159;160;162;164;165;167;168;170;172;174;175;177;179;181;182;184;186;188;190;192;194;196;198;200;201;204;206;208;210;212;214;216;218;220;223;225;227;229;232;234;236;239;241;243>,0,<>,0,<>,,{drawcard=zi_effect_loop}
40645,金刚,金剛,King Kong,King Kong,금강,Rei Kong,6,5,config/item/gem/icon_3_z_5.png,4,防御向符石,防禦向符石,Defensive-type,Defensive-type,방어 룬스톤,Tipo defensivo,ประเภทป้องกัน,9999,{529=80},100,4,1,<2218;2251;2285;2318;2351;2384;2418;2451;2484;2517;2573;2608;2644;2679;2715;2750;2786;2821;2857;2892;2972;3010;3048;3085;3123;3161;3198;3236;3274;3311;3416;3456;3496;3535;3575;3615;3655;3695;3735;3775;3992;4037;4081;4125;4170;4214;4259;4303;4347;4392;4658;4707;4755;4804;4853;4902;4951;4999;5048;5097;5412;5465;5518;5572;5625;5678;5731;5785;5838;5891;6255;6312;6370;6428;6485;6543;6601;6658;6716;6774;7186;7248;7311;7373;7435;7497;7559;7621;7683;7745;8207;8273;8340;8406;8473;8539;8606;8672;8739;8805;8893;8982;9072;9163;9254;9347;9440;9535;9630;9726;9823;9922;10021;10121;10222;10325;10428;10532;10637;10744;10851;10960;11069;11180;11292;11405;11519;11634;11750;11868;11986;12106;12227;12350;12473;12598;12724;12851;12980;13109;13241;13373;13507;13642;13778;13916;14055;14196;14338;14481;14626;14772;14920;15069;15220;15372;15526;15681;15838;15996;16156;16318;16481;16646;16812;16980;17150;17321;17495;17670;17846;18025;18205;18387;18571;18757;18944;19134;19325;19518;19713;19910;20110;20311;20514;20719;20926;21135;21347;21560;21776;21994;22214;22436;22660;22887;23115;23347;23580;23816>,7,<440;447;453;460;466;473;480;486;493;499;510;517;524;532;539;546;553;560;567;574;590;597;605;612;620;627;634;642;649;657;678;686;693;701;709;717;725;733;741;749;792;801;810;818;827;836;845;854;862;871;924;934;943;953;963;972;982;992;1001;1011;1074;1084;1095;1105;1116;1126;1137;1148;1158;1169;1241;1252;1264;1275;1287;1298;1309;1321;1332;1344;1426;1438;1450;1463;1475;1487;1500;1512;1524;1536;1628;1641;1654;1668;1681;1694;1707;1720;1734;1747;1764;1782;1800;1818;1836;1854;1873;1892;1911;1930;1949;1969;1988;2008;2028;2048;2069;2090;2111;2132;2153;2175;2196;2218;2240;2263;2285;2308;2331;2355;2378;2402;2426;2450;2475;2500;2525;2550;2575;2601;2627;2653;2680;2707;2734;2761;2789;2817;2845;2873;2902;2931;2960;2990;3020;3050;3080;3111;3142;3174;3206;3238;3270;3303;3336;3369;3403;3437;3471;3506;3541;3576;3612;3648;3685;3721;3759;3796;3834;3873;3911;3950;3990;4030;4070;4111;4152;4193;4235;4278;4321;4364;4407;4451;4496;4541;4586;4632;4679;4725>,8,<440;447;453;460;466;473;480;486;493;499;510;517;524;532;539;546;553;560;567;574;590;597;605;612;620;627;634;642;649;657;678;686;693;701;709;717;725;733;741;749;792;801;810;818;827;836;845;854;862;871;924;934;943;953;963;972;982;992;1001;1011;1074;1084;1095;1105;1116;1126;1137;1148;1158;1169;1241;1252;1264;1275;1287;1298;1309;1321;1332;1344;1426;1438;1450;1463;1475;1487;1500;1512;1524;1536;1628;1641;1654;1668;1681;1694;1707;1720;1734;1747;1764;1782;1800;1818;1836;1854;1873;1892;1911;1930;1949;1969;1988;2008;2028;2048;2069;2090;2111;2132;2153;2175;2196;2218;2240;2263;2285;2308;2331;2355;2378;2402;2426;2450;2475;2500;2525;2550;2575;2601;2627;2653;2680;2707;2734;2761;2789;2817;2845;2873;2902;2931;2960;2990;3020;3050;3080;3111;3142;3174;3206;3238;3270;3303;3336;3369;3403;3437;3471;3506;3541;3576;3612;3648;3685;3721;3759;3796;3834;3873;3911;3950;3990;4030;4070;4111;4152;4193;4235;4278;4321;4364;4407;4451;4496;4541;4586;4632;4679;4725>,91,<59;59;59;59;59;65;65;65;65;65;72;72;72;72;72;78;78;78;78;78;84;84;84;84;84;91;91;91;91;91;97;97;97;97;97;103;103;103;103;103;110;110;110;110;110;116;116;116;116;116;122;122;122;122;122;129;129;129;129;129;135;135;135;135;135;142;142;142;142;142;148;148;148;148;148;154;154;154;154;154;161;161;161;161;161;167;167;167;167;167;173;173;173;173;173;180;180;180;180;180;182;184;185;187;189;191;193;195;197;199;201;203;205;207;209;211;213;215;217;220;222;224;226;229;231;233;235;238;240;243;245;247;250;252;255;258;260;263;265;268;271;273;276;279;282;284;287;290;293;296;299;302;305;308;311;314;317;321;324;327;330;334;337;340;344;347;351;354;358;361;365;368;372;376;380;383;387;391;395;399;403;407;411;415;419;424;428;432;436;441;445;450;454;459;463;468;473;477;482;487>,0,<>,,{drawcard=zi_effect_loop}
40646,金刚,金剛,King Kong,King Kong,금강,Rei Kong,6,6,config/item/gem/icon_3_z_6.png,4,防御向符石,防禦向符石,Defensive-type,Defensive-type,방어 룬스톤,Tipo defensivo,ประเภทป้องกัน,9999,{529=80},100,4,1,<2218;2251;2285;2318;2351;2384;2418;2451;2484;2517;2573;2608;2644;2679;2715;2750;2786;2821;2857;2892;2972;3010;3048;3085;3123;3161;3198;3236;3274;3311;3416;3456;3496;3535;3575;3615;3655;3695;3735;3775;3992;4037;4081;4125;4170;4214;4259;4303;4347;4392;4658;4707;4755;4804;4853;4902;4951;4999;5048;5097;5412;5465;5518;5572;5625;5678;5731;5785;5838;5891;6255;6312;6370;6428;6485;6543;6601;6658;6716;6774;7186;7248;7311;7373;7435;7497;7559;7621;7683;7745;8207;8273;8340;8406;8473;8539;8606;8672;8739;8805;8893;8982;9072;9163;9254;9347;9440;9535;9630;9726;9823;9922;10021;10121;10222;10325;10428;10532;10637;10744;10851;10960;11069;11180;11292;11405;11519;11634;11750;11868;11986;12106;12227;12350;12473;12598;12724;12851;12980;13109;13241;13373;13507;13642;13778;13916;14055;14196;14338;14481;14626;14772;14920;15069;15220;15372;15526;15681;15838;15996;16156;16318;16481;16646;16812;16980;17150;17321;17495;17670;17846;18025;18205;18387;18571;18757;18944;19134;19325;19518;19713;19910;20110;20311;20514;20719;20926;21135;21347;21560;21776;21994;22214;22436;22660;22887;23115;23347;23580;23816>,7,<440;447;453;460;466;473;480;486;493;499;510;517;524;532;539;546;553;560;567;574;590;597;605;612;620;627;634;642;649;657;678;686;693;701;709;717;725;733;741;749;792;801;810;818;827;836;845;854;862;871;924;934;943;953;963;972;982;992;1001;1011;1074;1084;1095;1105;1116;1126;1137;1148;1158;1169;1241;1252;1264;1275;1287;1298;1309;1321;1332;1344;1426;1438;1450;1463;1475;1487;1500;1512;1524;1536;1628;1641;1654;1668;1681;1694;1707;1720;1734;1747;1764;1782;1800;1818;1836;1854;1873;1892;1911;1930;1949;1969;1988;2008;2028;2048;2069;2090;2111;2132;2153;2175;2196;2218;2240;2263;2285;2308;2331;2355;2378;2402;2426;2450;2475;2500;2525;2550;2575;2601;2627;2653;2680;2707;2734;2761;2789;2817;2845;2873;2902;2931;2960;2990;3020;3050;3080;3111;3142;3174;3206;3238;3270;3303;3336;3369;3403;3437;3471;3506;3541;3576;3612;3648;3685;3721;3759;3796;3834;3873;3911;3950;3990;4030;4070;4111;4152;4193;4235;4278;4321;4364;4407;4451;4496;4541;4586;4632;4679;4725>,8,<440;447;453;460;466;473;480;486;493;499;510;517;524;532;539;546;553;560;567;574;590;597;605;612;620;627;634;642;649;657;678;686;693;701;709;717;725;733;741;749;792;801;810;818;827;836;845;854;862;871;924;934;943;953;963;972;982;992;1001;1011;1074;1084;1095;1105;1116;1126;1137;1148;1158;1169;1241;1252;1264;1275;1287;1298;1309;1321;1332;1344;1426;1438;1450;1463;1475;1487;1500;1512;1524;1536;1628;1641;1654;1668;1681;1694;1707;1720;1734;1747;1764;1782;1800;1818;1836;1854;1873;1892;1911;1930;1949;1969;1988;2008;2028;2048;2069;2090;2111;2132;2153;2175;2196;2218;2240;2263;2285;2308;2331;2355;2378;2402;2426;2450;2475;2500;2525;2550;2575;2601;2627;2653;2680;2707;2734;2761;2789;2817;2845;2873;2902;2931;2960;2990;3020;3050;3080;3111;3142;3174;3206;3238;3270;3303;3336;3369;3403;3437;3471;3506;3541;3576;3612;3648;3685;3721;3759;3796;3834;3873;3911;3950;3990;4030;4070;4111;4152;4193;4235;4278;4321;4364;4407;4451;4496;4541;4586;4632;4679;4725>,16,<49;49;49;49;49;55;55;55;55;55;60;60;60;60;60;65;65;65;65;65;70;70;70;70;70;76;76;76;76;76;81;81;81;81;81;86;86;86;86;86;92;92;92;92;92;97;97;97;97;97;102;102;102;102;102;107;107;107;107;107;113;113;113;113;113;118;118;118;118;118;123;123;123;123;123;128;128;128;128;128;134;134;134;134;134;139;139;139;139;139;144;144;144;144;144;150;150;150;150;150;152;153;155;156;158;159;161;162;164;166;167;169;171;172;174;176;178;179;181;183;185;187;189;190;192;194;196;198;200;202;204;206;208;210;212;215;217;219;221;223;226;228;230;232;235;237;239;242;244;247;249;252;254;257;259;262;264;267;270;273;275;278;281;284;286;289;292;295;298;301;304;307;310;313;316;320;323;326;329;333;336;339;343;346;349;353;356;360;364;367;371;375;378;382;386;390;394;398;402;406>,0,<>,,{drawcard=zi_effect_loop}
40651,金刚,金剛,King Kong,King Kong,금강,Rei Kong,6,1,config/item/gem/icon_3_hu_1.png,5,防御向符石,防禦向符石,Defensive-type,Defensive-type,방어 룬스톤,Tipo defensivo,ประเภทป้องกัน,9999,{529=400},100,5,1,<3427;3478;3530;3581;3633;3684;3735;3787;3838;3890;3975;4030;4085;4140;4195;4249;4304;4359;4414;4469;4592;4650;4709;4767;4825;4883;4942;5000;5058;5117;5278;5339;5401;5463;5524;5586;5648;5709;5771;5833;6169;6237;6306;6374;6443;6511;6580;6648;6717;6785;7197;7272;7347;7423;7498;7574;7649;7724;7800;7875;8362;8444;8526;8609;8691;8773;8855;8938;9020;9102;9664;9753;9842;9931;10021;10110;10199;10288;10377;10466;11103;11199;11295;11391;11487;11583;11679;11775;11871;11967;12680;12783;12886;12988;13091;13194;13297;13400;13502;13605;13741;13878;14017;14157;14299;14442;14586;14732;14880;15028;15179;15330;15484;15639;15795;15953;16112;16274;16436;16601;16767;16934;17104;17275;17447;17622;17798;17976;18156;18337;18521;18706;18893;19082;19273;19466;19660;19857;20055;20256;20459;20663;20870;21078;21289;21502;21717;21934;22154;22375;22599;22825;23053;23284;23517;23752;23989;24229;24471;24716;24963;25213;25465;25720;25977;26237;26499;26764;27032;27302;27575;27851;28129;28411;28695;28982;29271;29564;29860;30158;30460;30765;31072;31383;31697;32014;32334;32657;32984;33314;33647;33983;34323;34666;35013;35363;35717;36074;36435;36799>,9,<476;483;490;497;505;512;519;526;533;540;552;560;567;575;583;590;598;605;613;621;638;646;654;662;670;678;686;694;703;711;733;742;750;759;767;776;784;793;802;810;857;866;876;885;895;904;914;923;933;942;1000;1010;1021;1031;1041;1052;1062;1073;1083;1094;1161;1173;1184;1196;1207;1219;1230;1241;1253;1264;1342;1355;1367;1379;1392;1404;1417;1429;1441;1454;1542;1556;1569;1582;1596;1609;1622;1636;1649;1662;1761;1775;1790;1804;1818;1833;1847;1861;1875;1890;1909;1928;1947;1967;1986;2006;2026;2047;2067;2088;2109;2130;2151;2173;2194;2216;2238;2261;2283;2306;2329;2353;2376;2400;2424;2448;2473;2497;2522;2547;2573;2599;2625;2651;2677;2704;2731;2759;2786;2814;2842;2871;2899;2928;2957;2987;3017;3047;3078;3108;3139;3171;3203;3235;3267;3300;3333;3366;3400;3434;3468;3503;3538;3573;3609;3645;3681;3718;3755;3793;3831;3869;3908;3947;3986;4026;4066;4107;4148;4190;4231;4274;4317;4360;4403;4447;4492;4537;4582;4628;4674;4721;4768;4816;4864;4913;4962;5011;5061;5112>,17,<91;91;91;91;91;101;101;101;101;101;111;111;111;111;111;121;121;121;121;121;131;131;131;131;131;140;140;140;140;140;150;150;150;150;150;160;160;160;160;160;170;170;170;170;170;180;180;180;180;180;189;189;189;189;189;199;199;199;199;199;209;209;209;209;209;219;219;219;219;219;228;228;228;228;228;238;238;238;238;238;248;248;248;248;248;258;258;258;258;258;268;268;268;268;268;277;277;277;277;277;280;283;285;288;291;294;297;300;303;306;309;312;315;318;322;325;328;331;335;338;341;345;348;352;355;359;362;366;370;373;377;381;385;389;392;396;400;404;408;412;417;421;425;429;433;438;442;447;451;456;460;465;469;474;479;484;488;493;498;503;508;513;518;524;529;534;540;545;550;556;561;567;573;578;584;590;596;602;608;614;620;626;633;639;645;652;658;665;672;678;685;692;699;706;713;720;727;734;742;749>,0,<>,0,<>,,{drawcard=huang_effect_loop}
40652,金刚,金剛,King Kong,King Kong,금강,Rei Kong,6,2,config/item/gem/icon_3_hu_2.png,5,防御向符石,防禦向符石,Defensive-type,Defensive-type,방어 룬스톤,Tipo defensivo,ประเภทป้องกัน,9999,{529=400},100,5,1,<3427;3478;3530;3581;3633;3684;3735;3787;3838;3890;3975;4030;4085;4140;4195;4249;4304;4359;4414;4469;4592;4650;4709;4767;4825;4883;4942;5000;5058;5117;5278;5339;5401;5463;5524;5586;5648;5709;5771;5833;6169;6237;6306;6374;6443;6511;6580;6648;6717;6785;7197;7272;7347;7423;7498;7574;7649;7724;7800;7875;8362;8444;8526;8609;8691;8773;8855;8938;9020;9102;9664;9753;9842;9931;10021;10110;10199;10288;10377;10466;11103;11199;11295;11391;11487;11583;11679;11775;11871;11967;12680;12783;12886;12988;13091;13194;13297;13400;13502;13605;13741;13878;14017;14157;14299;14442;14586;14732;14880;15028;15179;15330;15484;15639;15795;15953;16112;16274;16436;16601;16767;16934;17104;17275;17447;17622;17798;17976;18156;18337;18521;18706;18893;19082;19273;19466;19660;19857;20055;20256;20459;20663;20870;21078;21289;21502;21717;21934;22154;22375;22599;22825;23053;23284;23517;23752;23989;24229;24471;24716;24963;25213;25465;25720;25977;26237;26499;26764;27032;27302;27575;27851;28129;28411;28695;28982;29271;29564;29860;30158;30460;30765;31072;31383;31697;32014;32334;32657;32984;33314;33647;33983;34323;34666;35013;35363;35717;36074;36435;36799>,10,<476;483;490;497;505;512;519;526;533;540;552;560;567;575;583;590;598;605;613;621;638;646;654;662;670;678;686;694;703;711;733;742;750;759;767;776;784;793;802;810;857;866;876;885;895;904;914;923;933;942;1000;1010;1021;1031;1041;1052;1062;1073;1083;1094;1161;1173;1184;1196;1207;1219;1230;1241;1253;1264;1342;1355;1367;1379;1392;1404;1417;1429;1441;1454;1542;1556;1569;1582;1596;1609;1622;1636;1649;1662;1761;1775;1790;1804;1818;1833;1847;1861;1875;1890;1909;1928;1947;1967;1986;2006;2026;2047;2067;2088;2109;2130;2151;2173;2194;2216;2238;2261;2283;2306;2329;2353;2376;2400;2424;2448;2473;2497;2522;2547;2573;2599;2625;2651;2677;2704;2731;2759;2786;2814;2842;2871;2899;2928;2957;2987;3017;3047;3078;3108;3139;3171;3203;3235;3267;3300;3333;3366;3400;3434;3468;3503;3538;3573;3609;3645;3681;3718;3755;3793;3831;3869;3908;3947;3986;4026;4066;4107;4148;4190;4231;4274;4317;4360;4403;4447;4492;4537;4582;4628;4674;4721;4768;4816;4864;4913;4962;5011;5061;5112>,19,<91;91;91;91;91;101;101;101;101;101;111;111;111;111;111;121;121;121;121;121;131;131;131;131;131;140;140;140;140;140;150;150;150;150;150;160;160;160;160;160;170;170;170;170;170;180;180;180;180;180;189;189;189;189;189;199;199;199;199;199;209;209;209;209;209;219;219;219;219;219;228;228;228;228;228;238;238;238;238;238;248;248;248;248;248;258;258;258;258;258;268;268;268;268;268;277;277;277;277;277;280;283;285;288;291;294;297;300;303;306;309;312;315;318;322;325;328;331;335;338;341;345;348;352;355;359;362;366;370;373;377;381;385;389;392;396;400;404;408;412;417;421;425;429;433;438;442;447;451;456;460;465;469;474;479;484;488;493;498;503;508;513;518;524;529;534;540;545;550;556;561;567;573;578;584;590;596;602;608;614;620;626;633;639;645;652;658;665;672;678;685;692;699;706;713;720;727;734;742;749>,0,<>,0,<>,,{drawcard=huang_effect_loop}
40653,金刚,金剛,King Kong,King Kong,금강,Rei Kong,6,3,config/item/gem/icon_3_hu_3.png,5,防御向符石,防禦向符石,Defensive-type,Defensive-type,방어 룬스톤,Tipo defensivo,ประเภทป้องกัน,9999,{529=400},100,5,9,<476;483;490;497;505;512;519;526;533;540;552;560;567;575;583;590;598;605;613;621;638;646;654;662;670;678;686;694;703;711;733;742;750;759;767;776;784;793;802;810;857;866;876;885;895;904;914;923;933;942;1000;1010;1021;1031;1041;1052;1062;1073;1083;1094;1161;1173;1184;1196;1207;1219;1230;1241;1253;1264;1342;1355;1367;1379;1392;1404;1417;1429;1441;1454;1542;1556;1569;1582;1596;1609;1622;1636;1649;1662;1761;1775;1790;1804;1818;1833;1847;1861;1875;1890;1909;1928;1947;1967;1986;2006;2026;2047;2067;2088;2109;2130;2151;2173;2194;2216;2238;2261;2283;2306;2329;2353;2376;2400;2424;2448;2473;2497;2522;2547;2573;2599;2625;2651;2677;2704;2731;2759;2786;2814;2842;2871;2899;2928;2957;2987;3017;3047;3078;3108;3139;3171;3203;3235;3267;3300;3333;3366;3400;3434;3468;3503;3538;3573;3609;3645;3681;3718;3755;3793;3831;3869;3908;3947;3986;4026;4066;4107;4148;4190;4231;4274;4317;4360;4403;4447;4492;4537;4582;4628;4674;4721;4768;4816;4864;4913;4962;5011;5061;5112>,10,<476;483;490;497;505;512;519;526;533;540;552;560;567;575;583;590;598;605;613;621;638;646;654;662;670;678;686;694;703;711;733;742;750;759;767;776;784;793;802;810;857;866;876;885;895;904;914;923;933;942;1000;1010;1021;1031;1041;1052;1062;1073;1083;1094;1161;1173;1184;1196;1207;1219;1230;1241;1253;1264;1342;1355;1367;1379;1392;1404;1417;1429;1441;1454;1542;1556;1569;1582;1596;1609;1622;1636;1649;1662;1761;1775;1790;1804;1818;1833;1847;1861;1875;1890;1909;1928;1947;1967;1986;2006;2026;2047;2067;2088;2109;2130;2151;2173;2194;2216;2238;2261;2283;2306;2329;2353;2376;2400;2424;2448;2473;2497;2522;2547;2573;2599;2625;2651;2677;2704;2731;2759;2786;2814;2842;2871;2899;2928;2957;2987;3017;3047;3078;3108;3139;3171;3203;3235;3267;3300;3333;3366;3400;3434;3468;3503;3538;3573;3609;3645;3681;3718;3755;3793;3831;3869;3908;3947;3986;4026;4066;4107;4148;4190;4231;4274;4317;4360;4403;4447;4492;4537;4582;4628;4674;4721;4768;4816;4864;4913;4962;5011;5061;5112>,22,<46;46;46;46;46;51;51;51;51;51;55;55;55;55;55;60;60;60;60;60;65;65;65;65;65;70;70;70;70;70;75;75;75;75;75;80;80;80;80;80;85;85;85;85;85;90;90;90;90;90;95;95;95;95;95;100;100;100;100;100;104;104;104;104;104;109;109;109;109;109;114;114;114;114;114;119;119;119;119;119;124;124;124;124;124;129;129;129;129;129;134;134;134;134;134;139;139;139;139;139;140;142;143;145;146;148;149;151;152;154;155;157;158;160;161;163;165;166;168;170;171;173;175;176;178;180;182;184;185;187;189;191;193;195;197;199;201;203;205;207;209;211;213;215;218;220;222;224;226;229;231;233;236;238;240;243;245;248;250;253;255;258;260;263;265;268;271;273;276;279;282;285;287;290;293;296;299;302;305;308;311;314;317;321;324;327;330;334;337;340;344;347;351;354;358;361;365;369;372;376>,0,<>,0,<>,,{drawcard=huang_effect_loop}
40654,金刚,金剛,King Kong,King Kong,금강,Rei Kong,6,4,config/item/gem/icon_3_hu_4.png,5,防御向符石,防禦向符石,Defensive-type,Defensive-type,방어 룬스톤,Tipo defensivo,ประเภทป้องกัน,9999,{529=400},100,5,9,<476;483;490;497;505;512;519;526;533;540;552;560;567;575;583;590;598;605;613;621;638;646;654;662;670;678;686;694;703;711;733;742;750;759;767;776;784;793;802;810;857;866;876;885;895;904;914;923;933;942;1000;1010;1021;1031;1041;1052;1062;1073;1083;1094;1161;1173;1184;1196;1207;1219;1230;1241;1253;1264;1342;1355;1367;1379;1392;1404;1417;1429;1441;1454;1542;1556;1569;1582;1596;1609;1622;1636;1649;1662;1761;1775;1790;1804;1818;1833;1847;1861;1875;1890;1909;1928;1947;1967;1986;2006;2026;2047;2067;2088;2109;2130;2151;2173;2194;2216;2238;2261;2283;2306;2329;2353;2376;2400;2424;2448;2473;2497;2522;2547;2573;2599;2625;2651;2677;2704;2731;2759;2786;2814;2842;2871;2899;2928;2957;2987;3017;3047;3078;3108;3139;3171;3203;3235;3267;3300;3333;3366;3400;3434;3468;3503;3538;3573;3609;3645;3681;3718;3755;3793;3831;3869;3908;3947;3986;4026;4066;4107;4148;4190;4231;4274;4317;4360;4403;4447;4492;4537;4582;4628;4674;4721;4768;4816;4864;4913;4962;5011;5061;5112>,10,<476;483;490;497;505;512;519;526;533;540;552;560;567;575;583;590;598;605;613;621;638;646;654;662;670;678;686;694;703;711;733;742;750;759;767;776;784;793;802;810;857;866;876;885;895;904;914;923;933;942;1000;1010;1021;1031;1041;1052;1062;1073;1083;1094;1161;1173;1184;1196;1207;1219;1230;1241;1253;1264;1342;1355;1367;1379;1392;1404;1417;1429;1441;1454;1542;1556;1569;1582;1596;1609;1622;1636;1649;1662;1761;1775;1790;1804;1818;1833;1847;1861;1875;1890;1909;1928;1947;1967;1986;2006;2026;2047;2067;2088;2109;2130;2151;2173;2194;2216;2238;2261;2283;2306;2329;2353;2376;2400;2424;2448;2473;2497;2522;2547;2573;2599;2625;2651;2677;2704;2731;2759;2786;2814;2842;2871;2899;2928;2957;2987;3017;3047;3078;3108;3139;3171;3203;3235;3267;3300;3333;3366;3400;3434;3468;3503;3538;3573;3609;3645;3681;3718;3755;3793;3831;3869;3908;3947;3986;4026;4066;4107;4148;4190;4231;4274;4317;4360;4403;4447;4492;4537;4582;4628;4674;4721;4768;4816;4864;4913;4962;5011;5061;5112>,23,<46;46;46;46;46;51;51;51;51;51;55;55;55;55;55;60;60;60;60;60;65;65;65;65;65;70;70;70;70;70;75;75;75;75;75;80;80;80;80;80;85;85;85;85;85;90;90;90;90;90;95;95;95;95;95;100;100;100;100;100;104;104;104;104;104;109;109;109;109;109;114;114;114;114;114;119;119;119;119;119;124;124;124;124;124;129;129;129;129;129;134;134;134;134;134;139;139;139;139;139;140;142;143;145;146;148;149;151;152;154;155;157;158;160;161;163;165;166;168;170;171;173;175;176;178;180;182;184;185;187;189;191;193;195;197;199;201;203;205;207;209;211;213;215;218;220;222;224;226;229;231;233;236;238;240;243;245;248;250;253;255;258;260;263;265;268;271;273;276;279;282;285;287;290;293;296;299;302;305;308;311;314;317;321;324;327;330;334;337;340;344;347;351;354;358;361;365;369;372;376>,0,<>,0,<>,,{drawcard=huang_effect_loop}
40655,金刚,金剛,King Kong,King Kong,금강,Rei Kong,6,5,config/item/gem/icon_3_hu_5.png,5,防御向符石,防禦向符石,Defensive-type,Defensive-type,방어 룬스톤,Tipo defensivo,ประเภทป้องกัน,9999,{529=400},100,5,1,<3427;3478;3530;3581;3633;3684;3735;3787;3838;3890;3975;4030;4085;4140;4195;4249;4304;4359;4414;4469;4592;4650;4709;4767;4825;4883;4942;5000;5058;5117;5278;5339;5401;5463;5524;5586;5648;5709;5771;5833;6169;6237;6306;6374;6443;6511;6580;6648;6717;6785;7197;7272;7347;7423;7498;7574;7649;7724;7800;7875;8362;8444;8526;8609;8691;8773;8855;8938;9020;9102;9664;9753;9842;9931;10021;10110;10199;10288;10377;10466;11103;11199;11295;11391;11487;11583;11679;11775;11871;11967;12680;12783;12886;12988;13091;13194;13297;13400;13502;13605;13741;13878;14017;14157;14299;14442;14586;14732;14880;15028;15179;15330;15484;15639;15795;15953;16112;16274;16436;16601;16767;16934;17104;17275;17447;17622;17798;17976;18156;18337;18521;18706;18893;19082;19273;19466;19660;19857;20055;20256;20459;20663;20870;21078;21289;21502;21717;21934;22154;22375;22599;22825;23053;23284;23517;23752;23989;24229;24471;24716;24963;25213;25465;25720;25977;26237;26499;26764;27032;27302;27575;27851;28129;28411;28695;28982;29271;29564;29860;30158;30460;30765;31072;31383;31697;32014;32334;32657;32984;33314;33647;33983;34323;34666;35013;35363;35717;36074;36435;36799>,7,<680;690;700;711;721;731;741;751;762;772;789;800;811;821;832;843;854;865;876;887;911;923;934;946;957;969;981;992;1004;1015;1047;1059;1072;1084;1096;1108;1121;1133;1145;1157;1224;1238;1251;1265;1278;1292;1306;1319;1333;1346;1428;1443;1458;1473;1488;1503;1518;1533;1548;1563;1659;1676;1692;1708;1724;1741;1757;1773;1790;1806;1918;1935;1953;1971;1988;2006;2024;2041;2059;2077;2203;2222;2241;2260;2279;2298;2317;2336;2356;2375;2516;2536;2557;2577;2598;2618;2638;2659;2679;2700;2727;2754;2782;2810;2838;2866;2895;2924;2953;2982;3012;3042;3073;3104;3135;3166;3198;3230;3262;3295;3327;3361;3394;3428;3463;3497;3532;3567;3603;3639;3676;3712;3749;3787;3825;3863;3902;3941;3980;4020;4060;4101;4142;4183;4225;4267;4310;4353;4397;4441;4485;4530;4575;4621;4667;4714;4761;4808;4857;4905;4954;5004;5054;5104;5155;5207;5259;5311;5365;5418;5472;5527;5582;5638;5695;5752;5809;5867;5926;5985;6045;6105;6166;6228;6290;6353;6417;6481;6546;6611;6677;6744;6812;6880;6949;7018;7088;7159;7231;7303>,8,<680;690;700;711;721;731;741;751;762;772;789;800;811;821;832;843;854;865;876;887;911;923;934;946;957;969;981;992;1004;1015;1047;1059;1072;1084;1096;1108;1121;1133;1145;1157;1224;1238;1251;1265;1278;1292;1306;1319;1333;1346;1428;1443;1458;1473;1488;1503;1518;1533;1548;1563;1659;1676;1692;1708;1724;1741;1757;1773;1790;1806;1918;1935;1953;1971;1988;2006;2024;2041;2059;2077;2203;2222;2241;2260;2279;2298;2317;2336;2356;2375;2516;2536;2557;2577;2598;2618;2638;2659;2679;2700;2727;2754;2782;2810;2838;2866;2895;2924;2953;2982;3012;3042;3073;3104;3135;3166;3198;3230;3262;3295;3327;3361;3394;3428;3463;3497;3532;3567;3603;3639;3676;3712;3749;3787;3825;3863;3902;3941;3980;4020;4060;4101;4142;4183;4225;4267;4310;4353;4397;4441;4485;4530;4575;4621;4667;4714;4761;4808;4857;4905;4954;5004;5054;5104;5155;5207;5259;5311;5365;5418;5472;5527;5582;5638;5695;5752;5809;5867;5926;5985;6045;6105;6166;6228;6290;6353;6417;6481;6546;6611;6677;6744;6812;6880;6949;7018;7088;7159;7231;7303>,91,<91;91;91;91;91;101;101;101;101;101;111;111;111;111;111;121;121;121;121;121;131;131;131;131;131;140;140;140;140;140;150;150;150;150;150;160;160;160;160;160;170;170;170;170;170;180;180;180;180;180;189;189;189;189;189;199;199;199;199;199;209;209;209;209;209;219;219;219;219;219;228;228;228;228;228;238;238;238;238;238;248;248;248;248;248;258;258;258;258;258;268;268;268;268;268;277;277;277;277;277;280;283;285;288;291;294;297;300;303;306;309;312;315;318;322;325;328;331;335;338;341;345;348;352;355;359;362;366;370;373;377;381;385;389;392;396;400;404;408;412;417;421;425;429;433;438;442;447;451;456;460;465;469;474;479;484;488;493;498;503;508;513;518;524;529;534;540;545;550;556;561;567;573;578;584;590;596;602;608;614;620;626;633;639;645;652;658;665;672;678;685;692;699;706;713;720;727;734;742;749>,0,<>,,{drawcard=huang_effect_loop}
40656,金刚,金剛,King Kong,King Kong,금강,Rei Kong,6,6,config/item/gem/icon_3_hu_6.png,5,防御向符石,防禦向符石,Defensive-type,Defensive-type,방어 룬스톤,Tipo defensivo,ประเภทป้องกัน,9999,{529=400},100,5,1,<3427;3478;3530;3581;3633;3684;3735;3787;3838;3890;3975;4030;4085;4140;4195;4249;4304;4359;4414;4469;4592;4650;4709;4767;4825;4883;4942;5000;5058;5117;5278;5339;5401;5463;5524;5586;5648;5709;5771;5833;6169;6237;6306;6374;6443;6511;6580;6648;6717;6785;7197;7272;7347;7423;7498;7574;7649;7724;7800;7875;8362;8444;8526;8609;8691;8773;8855;8938;9020;9102;9664;9753;9842;9931;10021;10110;10199;10288;10377;10466;11103;11199;11295;11391;11487;11583;11679;11775;11871;11967;12680;12783;12886;12988;13091;13194;13297;13400;13502;13605;13741;13878;14017;14157;14299;14442;14586;14732;14880;15028;15179;15330;15484;15639;15795;15953;16112;16274;16436;16601;16767;16934;17104;17275;17447;17622;17798;17976;18156;18337;18521;18706;18893;19082;19273;19466;19660;19857;20055;20256;20459;20663;20870;21078;21289;21502;21717;21934;22154;22375;22599;22825;23053;23284;23517;23752;23989;24229;24471;24716;24963;25213;25465;25720;25977;26237;26499;26764;27032;27302;27575;27851;28129;28411;28695;28982;29271;29564;29860;30158;30460;30765;31072;31383;31697;32014;32334;32657;32984;33314;33647;33983;34323;34666;35013;35363;35717;36074;36435;36799>,7,<680;690;700;711;721;731;741;751;762;772;789;800;811;821;832;843;854;865;876;887;911;923;934;946;957;969;981;992;1004;1015;1047;1059;1072;1084;1096;1108;1121;1133;1145;1157;1224;1238;1251;1265;1278;1292;1306;1319;1333;1346;1428;1443;1458;1473;1488;1503;1518;1533;1548;1563;1659;1676;1692;1708;1724;1741;1757;1773;1790;1806;1918;1935;1953;1971;1988;2006;2024;2041;2059;2077;2203;2222;2241;2260;2279;2298;2317;2336;2356;2375;2516;2536;2557;2577;2598;2618;2638;2659;2679;2700;2727;2754;2782;2810;2838;2866;2895;2924;2953;2982;3012;3042;3073;3104;3135;3166;3198;3230;3262;3295;3327;3361;3394;3428;3463;3497;3532;3567;3603;3639;3676;3712;3749;3787;3825;3863;3902;3941;3980;4020;4060;4101;4142;4183;4225;4267;4310;4353;4397;4441;4485;4530;4575;4621;4667;4714;4761;4808;4857;4905;4954;5004;5054;5104;5155;5207;5259;5311;5365;5418;5472;5527;5582;5638;5695;5752;5809;5867;5926;5985;6045;6105;6166;6228;6290;6353;6417;6481;6546;6611;6677;6744;6812;6880;6949;7018;7088;7159;7231;7303>,8,<680;690;700;711;721;731;741;751;762;772;789;800;811;821;832;843;854;865;876;887;911;923;934;946;957;969;981;992;1004;1015;1047;1059;1072;1084;1096;1108;1121;1133;1145;1157;1224;1238;1251;1265;1278;1292;1306;1319;1333;1346;1428;1443;1458;1473;1488;1503;1518;1533;1548;1563;1659;1676;1692;1708;1724;1741;1757;1773;1790;1806;1918;1935;1953;1971;1988;2006;2024;2041;2059;2077;2203;2222;2241;2260;2279;2298;2317;2336;2356;2375;2516;2536;2557;2577;2598;2618;2638;2659;2679;2700;2727;2754;2782;2810;2838;2866;2895;2924;2953;2982;3012;3042;3073;3104;3135;3166;3198;3230;3262;3295;3327;3361;3394;3428;3463;3497;3532;3567;3603;3639;3676;3712;3749;3787;3825;3863;3902;3941;3980;4020;4060;4101;4142;4183;4225;4267;4310;4353;4397;4441;4485;4530;4575;4621;4667;4714;4761;4808;4857;4905;4954;5004;5054;5104;5155;5207;5259;5311;5365;5418;5472;5527;5582;5638;5695;5752;5809;5867;5926;5985;6045;6105;6166;6228;6290;6353;6417;6481;6546;6611;6677;6744;6812;6880;6949;7018;7088;7159;7231;7303>,16,<76;76;76;76;76;84;84;84;84;84;92;92;92;92;92;101;101;101;101;101;109;109;109;109;109;117;117;117;117;117;125;125;125;125;125;133;133;133;133;133;141;141;141;141;141;150;150;150;150;150;158;158;158;158;158;166;166;166;166;166;174;174;174;174;174;182;182;182;182;182;190;190;190;190;190;199;199;199;199;199;207;207;207;207;207;215;215;215;215;215;223;223;223;223;223;231;231;231;231;231;233;236;238;240;243;245;248;250;253;255;258;260;263;266;268;271;274;276;279;282;285;288;290;293;296;299;302;305;308;311;314;318;321;324;327;331;334;337;341;344;347;351;354;358;361;365;369;372;376;380;384;388;391;395;399;403;407;411;416;420;424;428;432;437;441;445;450;454;459;464;468;473;478;482;487;492;497;502;507;512;517;522;528;533;538;544;549;554;560;566;571;577;583;589;594;600;606;613;619;625>,0,<>,,{drawcard=huang_effect_loop}
40661,金刚,金剛,King Kong,King Kong,금강,Rei Kong,6,1,config/item/gem/icon_3_h_1.png,6,防御向符石,防禦向符石,Defensive-type,Defensive-type,방어 룬스톤,Tipo defensivo,ประเภทป้องกัน,9999,{529=2000},100,6,1,<5040;5116;5191;5267;5342;5418;5494;5569;5645;5720;5846;5927;6008;6088;6169;6250;6330;6411;6492;6572;6754;6839;6925;7011;7096;7182;7268;7353;7439;7525;7762;7852;7943;8034;8124;8215;8306;8397;8487;8578;9878;9999;10120;10241;10362;10483;10604;10725;10846;10967;11592;11723;11854;11985;12116;12247;12378;12509;12640;12771;13507;13648;13789;13931;14072;14213;14354;14495;14636;14777;15624;15775;15926;16078;16229;16380;16531;16682;16834;16985;17942;18104;18265;18426;18588;18749;18910;19071;19233;19394;19555;19716;19878;20039;20200;20362;20523;20684;20845;21007;21217;21429;21644;21860;22079;22299;22522;22748;22975;23205;23437;23671;23908;24147;24388;24632;24879;25127;25379;25633;25889;26148;26409;26673;26940;27209;27482;27756;28034;28314;28597;28883;29172;29464;29759;30056;30357;30660;30967;31277;31589;31905;32224;32547;32872;33201;33533;33868;34207;34549;34894;35243;35596;35952;36311;36674;37041;37411;37785;38163;38545;38930;39320;39713;40110;40511;40916;41325;41739;42156;42578;43003;43433;43868;44306;44750;45197;45649;46105;46567;47032;47503;47978;48457;48942;49431;49926;50425;50929;51438;51953;52472;52997;53527;54062;54603;55149;55700;56257;56820>,9,<700;711;721;732;742;753;763;774;784;795;812;823;834;846;857;868;879;890;902;913;938;950;962;974;986;998;1009;1021;1033;1045;1078;1091;1103;1116;1128;1141;1154;1166;1179;1191;1372;1389;1406;1422;1439;1456;1473;1490;1506;1523;1610;1628;1646;1665;1683;1701;1719;1737;1756;1774;1876;1896;1915;1935;1954;1974;1994;2013;2033;2052;2170;2191;2212;2233;2254;2275;2296;2317;2338;2359;2492;2514;2537;2559;2582;2604;2626;2649;2671;2694;2716;2738;2761;2783;2806;2828;2850;2873;2895;2918;2947;2977;3006;3036;3067;3098;3128;3160;3191;3223;3256;3288;3321;3354;3388;3422;3456;3490;3525;3561;3596;3632;3668;3705;3742;3780;3817;3856;3894;3933;3972;4012;4052;4093;4134;4175;4217;4259;4301;4345;4388;4432;4476;4521;4566;4612;4658;4704;4752;4799;4847;4895;4944;4994;5044;5094;5145;5197;5249;5301;5354;5408;5462;5516;5572;5627;5684;5740;5798;5856;5914;5973;6033;6094;6154;6216;6278;6341;6404;6468;6533;6598;6664;6731;6798;6866;6935;7004;7074;7145;7217;7289;7362;7435;7510;7585;7661;7737;7815;7893>,17,<134;134;134;134;134;149;149;149;149;149;163;163;163;163;163;178;178;178;178;178;192;192;192;192;192;206;206;206;206;206;221;221;221;221;221;235;235;235;235;235;250;250;250;250;250;264;264;264;264;264;278;278;278;278;278;293;293;293;293;293;307;307;307;307;307;322;322;322;322;322;336;336;336;336;336;350;350;350;350;350;365;365;365;365;365;379;379;379;379;379;394;394;394;394;394;408;408;408;408;408;412;416;420;425;429;433;437;442;446;451;455;460;464;469;474;478;483;488;493;498;503;508;513;518;523;528;534;539;544;550;555;561;567;572;578;584;590;595;601;607;614;620;626;632;638;645;651;658;664;671;678;684;691;698;705;712;719;727;734;741;749;756;764;771;779;787;795;803;811;819;827;835;844;852;861;869;878;887;895;904;913;923;932;941;951;960;970;979;989;999;1009;1019;1029;1040;1050;1061;1071;1082;1093;1104>,0,<>,0,<>,,{drawcard=hong_effect_loop}
40662,金刚,金剛,King Kong,King Kong,금강,Rei Kong,6,2,config/item/gem/icon_3_h_2.png,6,防御向符石,防禦向符石,Defensive-type,Defensive-type,방어 룬스톤,Tipo defensivo,ประเภทป้องกัน,9999,{529=2000},100,6,1,<5040;5116;5191;5267;5342;5418;5494;5569;5645;5720;5846;5927;6008;6088;6169;6250;6330;6411;6492;6572;6754;6839;6925;7011;7096;7182;7268;7353;7439;7525;7762;7852;7943;8034;8124;8215;8306;8397;8487;8578;9878;9999;10120;10241;10362;10483;10604;10725;10846;10967;11592;11723;11854;11985;12116;12247;12378;12509;12640;12771;13507;13648;13789;13931;14072;14213;14354;14495;14636;14777;15624;15775;15926;16078;16229;16380;16531;16682;16834;16985;17942;18104;18265;18426;18588;18749;18910;19071;19233;19394;19555;19716;19878;20039;20200;20362;20523;20684;20845;21007;21217;21429;21644;21860;22079;22299;22522;22748;22975;23205;23437;23671;23908;24147;24388;24632;24879;25127;25379;25633;25889;26148;26409;26673;26940;27209;27482;27756;28034;28314;28597;28883;29172;29464;29759;30056;30357;30660;30967;31277;31589;31905;32224;32547;32872;33201;33533;33868;34207;34549;34894;35243;35596;35952;36311;36674;37041;37411;37785;38163;38545;38930;39320;39713;40110;40511;40916;41325;41739;42156;42578;43003;43433;43868;44306;44750;45197;45649;46105;46567;47032;47503;47978;48457;48942;49431;49926;50425;50929;51438;51953;52472;52997;53527;54062;54603;55149;55700;56257;56820>,10,<700;711;721;732;742;753;763;774;784;795;812;823;834;846;857;868;879;890;902;913;938;950;962;974;986;998;1009;1021;1033;1045;1078;1091;1103;1116;1128;1141;1154;1166;1179;1191;1372;1389;1406;1422;1439;1456;1473;1490;1506;1523;1610;1628;1646;1665;1683;1701;1719;1737;1756;1774;1876;1896;1915;1935;1954;1974;1994;2013;2033;2052;2170;2191;2212;2233;2254;2275;2296;2317;2338;2359;2492;2514;2537;2559;2582;2604;2626;2649;2671;2694;2716;2738;2761;2783;2806;2828;2850;2873;2895;2918;2947;2977;3006;3036;3067;3098;3128;3160;3191;3223;3256;3288;3321;3354;3388;3422;3456;3490;3525;3561;3596;3632;3668;3705;3742;3780;3817;3856;3894;3933;3972;4012;4052;4093;4134;4175;4217;4259;4301;4345;4388;4432;4476;4521;4566;4612;4658;4704;4752;4799;4847;4895;4944;4994;5044;5094;5145;5197;5249;5301;5354;5408;5462;5516;5572;5627;5684;5740;5798;5856;5914;5973;6033;6094;6154;6216;6278;6341;6404;6468;6533;6598;6664;6731;6798;6866;6935;7004;7074;7145;7217;7289;7362;7435;7510;7585;7661;7737;7815;7893>,19,<134;134;134;134;134;149;149;149;149;149;163;163;163;163;163;178;178;178;178;178;192;192;192;192;192;206;206;206;206;206;221;221;221;221;221;235;235;235;235;235;250;250;250;250;250;264;264;264;264;264;278;278;278;278;278;293;293;293;293;293;307;307;307;307;307;322;322;322;322;322;336;336;336;336;336;350;350;350;350;350;365;365;365;365;365;379;379;379;379;379;394;394;394;394;394;408;408;408;408;408;412;416;420;425;429;433;437;442;446;451;455;460;464;469;474;478;483;488;493;498;503;508;513;518;523;528;534;539;544;550;555;561;567;572;578;584;590;595;601;607;614;620;626;632;638;645;651;658;664;671;678;684;691;698;705;712;719;727;734;741;749;756;764;771;779;787;795;803;811;819;827;835;844;852;861;869;878;887;895;904;913;923;932;941;951;960;970;979;989;999;1009;1019;1029;1040;1050;1061;1071;1082;1093;1104>,0,<>,0,<>,,{drawcard=hong_effect_loop}
40663,金刚,金剛,King Kong,King Kong,금강,Rei Kong,6,3,config/item/gem/icon_3_h_3.png,6,防御向符石,防禦向符石,Defensive-type,Defensive-type,방어 룬스톤,Tipo defensivo,ประเภทป้องกัน,9999,{529=2000},100,6,9,<700;711;721;732;742;753;763;774;784;795;812;823;834;846;857;868;879;890;902;913;938;950;962;974;986;998;1009;1021;1033;1045;1078;1091;1103;1116;1128;1141;1154;1166;1179;1191;1372;1389;1406;1422;1439;1456;1473;1490;1506;1523;1610;1628;1646;1665;1683;1701;1719;1737;1756;1774;1876;1896;1915;1935;1954;1974;1994;2013;2033;2052;2170;2191;2212;2233;2254;2275;2296;2317;2338;2359;2492;2514;2537;2559;2582;2604;2626;2649;2671;2694;2716;2738;2761;2783;2806;2828;2850;2873;2895;2918;2947;2977;3006;3036;3067;3098;3128;3160;3191;3223;3256;3288;3321;3354;3388;3422;3456;3490;3525;3561;3596;3632;3668;3705;3742;3780;3817;3856;3894;3933;3972;4012;4052;4093;4134;4175;4217;4259;4301;4345;4388;4432;4476;4521;4566;4612;4658;4704;4752;4799;4847;4895;4944;4994;5044;5094;5145;5197;5249;5301;5354;5408;5462;5516;5572;5627;5684;5740;5798;5856;5914;5973;6033;6094;6154;6216;6278;6341;6404;6468;6533;6598;6664;6731;6798;6866;6935;7004;7074;7145;7217;7289;7362;7435;7510;7585;7661;7737;7815;7893>,10,<700;711;721;732;742;753;763;774;784;795;812;823;834;846;857;868;879;890;902;913;938;950;962;974;986;998;1009;1021;1033;1045;1078;1091;1103;1116;1128;1141;1154;1166;1179;1191;1372;1389;1406;1422;1439;1456;1473;1490;1506;1523;1610;1628;1646;1665;1683;1701;1719;1737;1756;1774;1876;1896;1915;1935;1954;1974;1994;2013;2033;2052;2170;2191;2212;2233;2254;2275;2296;2317;2338;2359;2492;2514;2537;2559;2582;2604;2626;2649;2671;2694;2716;2738;2761;2783;2806;2828;2850;2873;2895;2918;2947;2977;3006;3036;3067;3098;3128;3160;3191;3223;3256;3288;3321;3354;3388;3422;3456;3490;3525;3561;3596;3632;3668;3705;3742;3780;3817;3856;3894;3933;3972;4012;4052;4093;4134;4175;4217;4259;4301;4345;4388;4432;4476;4521;4566;4612;4658;4704;4752;4799;4847;4895;4944;4994;5044;5094;5145;5197;5249;5301;5354;5408;5462;5516;5572;5627;5684;5740;5798;5856;5914;5973;6033;6094;6154;6216;6278;6341;6404;6468;6533;6598;6664;6731;6798;6866;6935;7004;7074;7145;7217;7289;7362;7435;7510;7585;7661;7737;7815;7893>,22,<67;67;67;67;67;74;74;74;74;74;82;82;82;82;82;89;89;89;89;89;96;96;96;96;96;103;103;103;103;103;110;110;110;110;110;118;118;118;118;118;125;125;125;125;125;132;132;132;132;132;139;139;139;139;139;146;146;146;146;146;154;154;154;154;154;161;161;161;161;161;168;168;168;168;168;175;175;175;175;175;182;182;182;182;182;190;190;190;190;190;197;197;197;197;197;204;204;204;204;204;206;208;210;212;214;217;219;221;223;225;228;230;232;234;237;239;242;244;246;249;251;254;256;259;262;264;267;270;272;275;278;280;283;286;289;292;295;298;301;304;307;310;313;316;319;322;326;329;332;336;339;342;346;349;353;356;360;363;367;371;374;378;382;386;390;393;397;401;405;409;413;418;422;426;430;435;439;443;448;452;457;461;466;471;475;480;485;490;495;500;505;510;515;520;525;530;536;541;546;552>,0,<>,0,<>,,{drawcard=hong_effect_loop}
40664,金刚,金剛,King Kong,King Kong,금강,Rei Kong,6,4,config/item/gem/icon_3_h_4.png,6,防御向符石,防禦向符石,Defensive-type,Defensive-type,방어 룬스톤,Tipo defensivo,ประเภทป้องกัน,9999,{529=2000},100,6,9,<700;711;721;732;742;753;763;774;784;795;812;823;834;846;857;868;879;890;902;913;938;950;962;974;986;998;1009;1021;1033;1045;1078;1091;1103;1116;1128;1141;1154;1166;1179;1191;1372;1389;1406;1422;1439;1456;1473;1490;1506;1523;1610;1628;1646;1665;1683;1701;1719;1737;1756;1774;1876;1896;1915;1935;1954;1974;1994;2013;2033;2052;2170;2191;2212;2233;2254;2275;2296;2317;2338;2359;2492;2514;2537;2559;2582;2604;2626;2649;2671;2694;2716;2738;2761;2783;2806;2828;2850;2873;2895;2918;2947;2977;3006;3036;3067;3098;3128;3160;3191;3223;3256;3288;3321;3354;3388;3422;3456;3490;3525;3561;3596;3632;3668;3705;3742;3780;3817;3856;3894;3933;3972;4012;4052;4093;4134;4175;4217;4259;4301;4345;4388;4432;4476;4521;4566;4612;4658;4704;4752;4799;4847;4895;4944;4994;5044;5094;5145;5197;5249;5301;5354;5408;5462;5516;5572;5627;5684;5740;5798;5856;5914;5973;6033;6094;6154;6216;6278;6341;6404;6468;6533;6598;6664;6731;6798;6866;6935;7004;7074;7145;7217;7289;7362;7435;7510;7585;7661;7737;7815;7893>,10,<700;711;721;732;742;753;763;774;784;795;812;823;834;846;857;868;879;890;902;913;938;950;962;974;986;998;1009;1021;1033;1045;1078;1091;1103;1116;1128;1141;1154;1166;1179;1191;1372;1389;1406;1422;1439;1456;1473;1490;1506;1523;1610;1628;1646;1665;1683;1701;1719;1737;1756;1774;1876;1896;1915;1935;1954;1974;1994;2013;2033;2052;2170;2191;2212;2233;2254;2275;2296;2317;2338;2359;2492;2514;2537;2559;2582;2604;2626;2649;2671;2694;2716;2738;2761;2783;2806;2828;2850;2873;2895;2918;2947;2977;3006;3036;3067;3098;3128;3160;3191;3223;3256;3288;3321;3354;3388;3422;3456;3490;3525;3561;3596;3632;3668;3705;3742;3780;3817;3856;3894;3933;3972;4012;4052;4093;4134;4175;4217;4259;4301;4345;4388;4432;4476;4521;4566;4612;4658;4704;4752;4799;4847;4895;4944;4994;5044;5094;5145;5197;5249;5301;5354;5408;5462;5516;5572;5627;5684;5740;5798;5856;5914;5973;6033;6094;6154;6216;6278;6341;6404;6468;6533;6598;6664;6731;6798;6866;6935;7004;7074;7145;7217;7289;7362;7435;7510;7585;7661;7737;7815;7893>,23,<67;67;67;67;67;74;74;74;74;74;82;82;82;82;82;89;89;89;89;89;96;96;96;96;96;103;103;103;103;103;110;110;110;110;110;118;118;118;118;118;125;125;125;125;125;132;132;132;132;132;139;139;139;139;139;146;146;146;146;146;154;154;154;154;154;161;161;161;161;161;168;168;168;168;168;175;175;175;175;175;182;182;182;182;182;190;190;190;190;190;197;197;197;197;197;204;204;204;204;204;206;208;210;212;214;217;219;221;223;225;228;230;232;234;237;239;242;244;246;249;251;254;256;259;262;264;267;270;272;275;278;280;283;286;289;292;295;298;301;304;307;310;313;316;319;322;326;329;332;336;339;342;346;349;353;356;360;363;367;371;374;378;382;386;390;393;397;401;405;409;413;418;422;426;430;435;439;443;448;452;457;461;466;471;475;480;485;490;495;500;505;510;515;520;525;530;536;541;546;552>,0,<>,0,<>,,{drawcard=hong_effect_loop}
40665,金刚,金剛,King Kong,King Kong,금강,Rei Kong,6,5,config/item/gem/icon_3_h_5.png,6,防御向符石,防禦向符石,Defensive-type,Defensive-type,방어 룬스톤,Tipo defensivo,ประเภทป้องกัน,9999,{529=2000},100,6,1,<5040;5116;5191;5267;5342;5418;5494;5569;5645;5720;5846;5927;6008;6088;6169;6250;6330;6411;6492;6572;6754;6839;6925;7011;7096;7182;7268;7353;7439;7525;7762;7852;7943;8034;8124;8215;8306;8397;8487;8578;9878;9999;10120;10241;10362;10483;10604;10725;10846;10967;11592;11723;11854;11985;12116;12247;12378;12509;12640;12771;13507;13648;13789;13931;14072;14213;14354;14495;14636;14777;15624;15775;15926;16078;16229;16380;16531;16682;16834;16985;17942;18104;18265;18426;18588;18749;18910;19071;19233;19394;19555;19716;19878;20039;20200;20362;20523;20684;20845;21007;21217;21429;21644;21860;22079;22299;22522;22748;22975;23205;23437;23671;23908;24147;24388;24632;24879;25127;25379;25633;25889;26148;26409;26673;26940;27209;27482;27756;28034;28314;28597;28883;29172;29464;29759;30056;30357;30660;30967;31277;31589;31905;32224;32547;32872;33201;33533;33868;34207;34549;34894;35243;35596;35952;36311;36674;37041;37411;37785;38163;38545;38930;39320;39713;40110;40511;40916;41325;41739;42156;42578;43003;43433;43868;44306;44750;45197;45649;46105;46567;47032;47503;47978;48457;48942;49431;49926;50425;50929;51438;51953;52472;52997;53527;54062;54603;55149;55700;56257;56820>,7,<1000;1015;1030;1045;1060;1075;1090;1105;1120;1135;1160;1176;1192;1208;1224;1240;1256;1272;1288;1304;1340;1357;1374;1391;1408;1425;1442;1459;1476;1493;1540;1558;1576;1594;1612;1630;1648;1666;1684;1702;1960;1984;2008;2032;2056;2080;2104;2128;2152;2176;2300;2326;2352;2378;2404;2430;2456;2482;2508;2534;2680;2708;2736;2764;2792;2820;2848;2876;2904;2932;3100;3130;3160;3190;3220;3250;3280;3310;3340;3370;3560;3592;3624;3656;3688;3720;3752;3784;3816;3848;3880;3912;3944;3976;4008;4040;4072;4104;4136;4168;4210;4252;4294;4337;4381;4424;4469;4513;4558;4604;4650;4697;4744;4791;4839;4887;4936;4986;5035;5086;5137;5188;5240;5292;5345;5399;5453;5507;5562;5618;5674;5731;5788;5846;5904;5963;6023;6083;6144;6206;6268;6330;6394;6458;6522;6587;6653;6720;6787;6855;6923;6993;7063;7133;7204;7277;7349;7423;7497;7572;7648;7724;7801;7879;7958;8038;8118;8199;8281;8364;8448;8532;8618;8704;8791;8879;8968;9057;9148;9239;9332;9425;9519;9614;9711;9808;9906;10005;10105;10206;10308;10411;10515;10620;10727;10834;10942;11052;11162;11274>,8,<1000;1015;1030;1045;1060;1075;1090;1105;1120;1135;1160;1176;1192;1208;1224;1240;1256;1272;1288;1304;1340;1357;1374;1391;1408;1425;1442;1459;1476;1493;1540;1558;1576;1594;1612;1630;1648;1666;1684;1702;1960;1984;2008;2032;2056;2080;2104;2128;2152;2176;2300;2326;2352;2378;2404;2430;2456;2482;2508;2534;2680;2708;2736;2764;2792;2820;2848;2876;2904;2932;3100;3130;3160;3190;3220;3250;3280;3310;3340;3370;3560;3592;3624;3656;3688;3720;3752;3784;3816;3848;3880;3912;3944;3976;4008;4040;4072;4104;4136;4168;4210;4252;4294;4337;4381;4424;4469;4513;4558;4604;4650;4697;4744;4791;4839;4887;4936;4986;5035;5086;5137;5188;5240;5292;5345;5399;5453;5507;5562;5618;5674;5731;5788;5846;5904;5963;6023;6083;6144;6206;6268;6330;6394;6458;6522;6587;6653;6720;6787;6855;6923;6993;7063;7133;7204;7277;7349;7423;7497;7572;7648;7724;7801;7879;7958;8038;8118;8199;8281;8364;8448;8532;8618;8704;8791;8879;8968;9057;9148;9239;9332;9425;9519;9614;9711;9808;9906;10005;10105;10206;10308;10411;10515;10620;10727;10834;10942;11052;11162;11274>,91,<134;134;134;134;134;149;149;149;149;149;163;163;163;163;163;178;178;178;178;178;192;192;192;192;192;206;206;206;206;206;221;221;221;221;221;235;235;235;235;235;250;250;250;250;250;264;264;264;264;264;278;278;278;278;278;293;293;293;293;293;307;307;307;307;307;322;322;322;322;322;336;336;336;336;336;350;350;350;350;350;365;365;365;365;365;379;379;379;379;379;394;394;394;394;394;408;408;408;408;408;412;416;420;425;429;433;437;442;446;451;455;460;464;469;474;478;483;488;493;498;503;508;513;518;523;528;534;539;544;550;555;561;567;572;578;584;590;595;601;607;614;620;626;632;638;645;651;658;664;671;678;684;691;698;705;712;719;727;734;741;749;756;764;771;779;787;795;803;811;819;827;835;844;852;861;869;878;887;895;904;913;923;932;941;951;960;970;979;989;999;1009;1019;1029;1040;1050;1061;1071;1082;1093;1104>,0,<>,,{drawcard=hong_effect_loop}
40666,金刚,金剛,King Kong,King Kong,금강,Rei Kong,6,6,config/item/gem/icon_3_h_6.png,6,防御向符石,防禦向符石,Defensive-type,Defensive-type,방어 룬스톤,Tipo defensivo,ประเภทป้องกัน,9999,{529=2000},100,6,1,<5040;5116;5191;5267;5342;5418;5494;5569;5645;5720;5846;5927;6008;6088;6169;6250;6330;6411;6492;6572;6754;6839;6925;7011;7096;7182;7268;7353;7439;7525;7762;7852;7943;8034;8124;8215;8306;8397;8487;8578;9878;9999;10120;10241;10362;10483;10604;10725;10846;10967;11592;11723;11854;11985;12116;12247;12378;12509;12640;12771;13507;13648;13789;13931;14072;14213;14354;14495;14636;14777;15624;15775;15926;16078;16229;16380;16531;16682;16834;16985;17942;18104;18265;18426;18588;18749;18910;19071;19233;19394;19555;19716;19878;20039;20200;20362;20523;20684;20845;21007;21217;21429;21644;21860;22079;22299;22522;22748;22975;23205;23437;23671;23908;24147;24388;24632;24879;25127;25379;25633;25889;26148;26409;26673;26940;27209;27482;27756;28034;28314;28597;28883;29172;29464;29759;30056;30357;30660;30967;31277;31589;31905;32224;32547;32872;33201;33533;33868;34207;34549;34894;35243;35596;35952;36311;36674;37041;37411;37785;38163;38545;38930;39320;39713;40110;40511;40916;41325;41739;42156;42578;43003;43433;43868;44306;44750;45197;45649;46105;46567;47032;47503;47978;48457;48942;49431;49926;50425;50929;51438;51953;52472;52997;53527;54062;54603;55149;55700;56257;56820>,7,<1000;1015;1030;1045;1060;1075;1090;1105;1120;1135;1160;1176;1192;1208;1224;1240;1256;1272;1288;1304;1340;1357;1374;1391;1408;1425;1442;1459;1476;1493;1540;1558;1576;1594;1612;1630;1648;1666;1684;1702;1960;1984;2008;2032;2056;2080;2104;2128;2152;2176;2300;2326;2352;2378;2404;2430;2456;2482;2508;2534;2680;2708;2736;2764;2792;2820;2848;2876;2904;2932;3100;3130;3160;3190;3220;3250;3280;3310;3340;3370;3560;3592;3624;3656;3688;3720;3752;3784;3816;3848;3880;3912;3944;3976;4008;4040;4072;4104;4136;4168;4210;4252;4294;4337;4381;4424;4469;4513;4558;4604;4650;4697;4744;4791;4839;4887;4936;4986;5035;5086;5137;5188;5240;5292;5345;5399;5453;5507;5562;5618;5674;5731;5788;5846;5904;5963;6023;6083;6144;6206;6268;6330;6394;6458;6522;6587;6653;6720;6787;6855;6923;6993;7063;7133;7204;7277;7349;7423;7497;7572;7648;7724;7801;7879;7958;8038;8118;8199;8281;8364;8448;8532;8618;8704;8791;8879;8968;9057;9148;9239;9332;9425;9519;9614;9711;9808;9906;10005;10105;10206;10308;10411;10515;10620;10727;10834;10942;11052;11162;11274>,8,<1000;1015;1030;1045;1060;1075;1090;1105;1120;1135;1160;1176;1192;1208;1224;1240;1256;1272;1288;1304;1340;1357;1374;1391;1408;1425;1442;1459;1476;1493;1540;1558;1576;1594;1612;1630;1648;1666;1684;1702;1960;1984;2008;2032;2056;2080;2104;2128;2152;2176;2300;2326;2352;2378;2404;2430;2456;2482;2508;2534;2680;2708;2736;2764;2792;2820;2848;2876;2904;2932;3100;3130;3160;3190;3220;3250;3280;3310;3340;3370;3560;3592;3624;3656;3688;3720;3752;3784;3816;3848;3880;3912;3944;3976;4008;4040;4072;4104;4136;4168;4210;4252;4294;4337;4381;4424;4469;4513;4558;4604;4650;4697;4744;4791;4839;4887;4936;4986;5035;5086;5137;5188;5240;5292;5345;5399;5453;5507;5562;5618;5674;5731;5788;5846;5904;5963;6023;6083;6144;6206;6268;6330;6394;6458;6522;6587;6653;6720;6787;6855;6923;6993;7063;7133;7204;7277;7349;7423;7497;7572;7648;7724;7801;7879;7958;8038;8118;8199;8281;8364;8448;8532;8618;8704;8791;8879;8968;9057;9148;9239;9332;9425;9519;9614;9711;9808;9906;10005;10105;10206;10308;10411;10515;10620;10727;10834;10942;11052;11162;11274>,16,<112;112;112;112;112;124;124;124;124;124;136;136;136;136;136;148;148;148;148;148;160;160;160;160;160;172;172;172;172;172;184;184;184;184;184;196;196;196;196;196;208;208;208;208;208;220;220;220;220;220;232;232;232;232;232;244;244;244;244;244;256;256;256;256;256;268;268;268;268;268;280;280;280;280;280;292;292;292;292;292;304;304;304;304;304;316;316;316;316;316;328;328;328;328;328;340;340;340;340;340;343;347;350;354;357;361;365;368;372;376;379;383;387;391;395;399;403;407;411;415;419;423;427;432;436;440;445;449;454;458;463;467;472;477;482;486;491;496;501;506;511;516;522;527;532;537;543;548;554;559;565;570;576;582;588;594;600;606;612;618;624;630;636;643;649;656;662;669;676;682;689;696;703;710;717;724;732;739;746;754;761;769;777;784;792;800;808;816;824;833;841;849;858;866;875;884;893;902;911;920>,0,<>,,{drawcard=hong_effect_loop}
40721,庇护,庇護,shelter,shelter,비호,abrigo,7,1,config/item/gem/icon_2_lv_1.png,2,辅助向符石,輔助向符石,Support-type,Support-type,서포트 룬스톤,Tipo de suporte,ประเภทการสนับสนุน,9999,{529=20},100,2,7,<200;203;206;209;212;215;218;221;224;227;232;235;238;242;245;248;251;254;258;261;268;271;275;278;282;285;288;292;295;299;308;312;315;319;322;326;330;333;337;340;360;364;368;372;376;380;384;388;392;396;420;424;429;433;438;442;446;451;455;460;488;493;498;502;507;512;517;522;526;531;564;569;574;580;585;590;595;600;606;611;648;654;659;665;670;676;682;687;693;698;740;746;752;758;764;770;776;782;788;794;802;810;818;826;835;843;851;860;868;877;886;895;904;913;922;931;940;950;959;969;979;988;998;1008;1018;1028;1039;1049;1060;1070;1081;1092;1103;1114;1125;1136;1147;1159;1170;1182;1194;1206;1218;1230;1242;1255;1267;1280;1293;1306;1319;1332;1345;1359;1372;1386;1400;1414;1428;1442;1457;1471;1486;1501;1516;1531;1547;1562;1578;1593;1609;1625;1642;1658;1675;1691;1708;1725;1743;1760;1778;1795;1813;1832;1850;1868;1887;1906;1925;1944;1964;1983;2003;2023;2043;2064;2084;2105;2126;2148>,8,<200;203;206;209;212;215;218;221;224;227;232;235;238;242;245;248;251;254;258;261;268;271;275;278;282;285;288;292;295;299;308;312;315;319;322;326;330;333;337;340;360;364;368;372;376;380;384;388;392;396;420;424;429;433;438;442;446;451;455;460;488;493;498;502;507;512;517;522;526;531;564;569;574;580;585;590;595;600;606;611;648;654;659;665;670;676;682;687;693;698;740;746;752;758;764;770;776;782;788;794;802;810;818;826;835;843;851;860;868;877;886;895;904;913;922;931;940;950;959;969;979;988;998;1008;1018;1028;1039;1049;1060;1070;1081;1092;1103;1114;1125;1136;1147;1159;1170;1182;1194;1206;1218;1230;1242;1255;1267;1280;1293;1306;1319;1332;1345;1359;1372;1386;1400;1414;1428;1442;1457;1471;1486;1501;1516;1531;1547;1562;1578;1593;1609;1625;1642;1658;1675;1691;1708;1725;1743;1760;1778;1795;1813;1832;1850;1868;1887;1906;1925;1944;1964;1983;2003;2023;2043;2064;2084;2105;2126;2148>,16,<22;22;22;22;22;25;25;25;25;25;27;27;27;27;27;30;30;30;30;30;32;32;32;32;32;34;34;34;34;34;37;37;37;37;37;39;39;39;39;39;42;42;42;42;42;44;44;44;44;44;46;46;46;46;46;49;49;49;49;49;51;51;51;51;51;54;54;54;54;54;56;56;56;56;56;58;58;58;58;58;61;61;61;61;61;63;63;63;63;63;66;66;66;66;66;68;68;68;68;68;69;69;70;71;71;72;73;74;74;75;76;77;77;78;79;80;81;81;82;83;84;85;85;86;87;88;89;90;91;92;93;93;94;95;96;97;98;99;100;101;102;103;104;105;106;107;109;110;111;112;113;114;115;116;118;119;120;121;122;124;125;126;127;129;130;131;132;134;135;136;138;139;141;142;143;145;146;148;149;151;152;154;155;157;158;160;162;163;165;167;168;170;172;173;175;177;179;180;182;184>,0,<>,0,<>,,{drawcard=false;gain=false}
40722,庇护,庇護,shelter,shelter,비호,abrigo,7,2,config/item/gem/icon_2_lv_2.png,2,辅助向符石,輔助向符石,Support-type,Support-type,서포트 룬스톤,Tipo de suporte,ประเภทการสนับสนุน,9999,{529=20},100,2,1,<1008;1023;1038;1053;1068;1084;1099;1114;1129;1144;1169;1185;1202;1218;1234;1250;1266;1282;1298;1314;1351;1368;1385;1402;1419;1436;1454;1471;1488;1505;1552;1570;1589;1607;1625;1643;1661;1679;1697;1716;1814;1835;1855;1875;1895;1915;1935;1956;1976;1996;2117;2139;2161;2183;2206;2228;2250;2272;2294;2316;2460;2484;2508;2532;2556;2580;2605;2629;2653;2677;2843;2869;2895;2921;2947;2974;3000;3026;3052;3078;3266;3294;3322;3351;3379;3407;3435;3463;3492;3520;3730;3760;3790;3820;3851;3881;3911;3941;3972;4002;4042;4082;4123;4164;4206;4248;4291;4334;4377;4421;4465;4510;4555;4600;4646;4693;4740;4787;4835;4883;4932;4981;5031;5081;5132;5184;5235;5288;5341;5394;5448;5503;5558;5613;5669;5726;5783;5841;5899;5958;6018;6078;6139;6200;6262;6325;6388;6452;6517;6582;6648;6714;6781;6849;6918;6987;7057;7127;7198;7270;7343;7417;7491;7566;7641;7718;7795;7873;7952;8031;8111;8192;8274;8357;8441;8525;8610;8696;8783;8871;8960;9050;9140;9232;9324;9417;9511;9606;9702;9799;9897;9996;10096;10197;10299;10402;10506;10611;10717;10825>,7,<200;203;206;209;212;215;218;221;224;227;232;235;238;242;245;248;251;254;258;261;268;271;275;278;282;285;288;292;295;299;308;312;315;319;322;326;330;333;337;340;360;364;368;372;376;380;384;388;392;396;420;424;429;433;438;442;446;451;455;460;488;493;498;502;507;512;517;522;526;531;564;569;574;580;585;590;595;600;606;611;648;654;659;665;670;676;682;687;693;698;740;746;752;758;764;770;776;782;788;794;802;810;818;826;835;843;851;860;868;877;886;895;904;913;922;931;940;950;959;969;979;988;998;1008;1018;1028;1039;1049;1060;1070;1081;1092;1103;1114;1125;1136;1147;1159;1170;1182;1194;1206;1218;1230;1242;1255;1267;1280;1293;1306;1319;1332;1345;1359;1372;1386;1400;1414;1428;1442;1457;1471;1486;1501;1516;1531;1547;1562;1578;1593;1609;1625;1642;1658;1675;1691;1708;1725;1743;1760;1778;1795;1813;1832;1850;1868;1887;1906;1925;1944;1964;1983;2003;2023;2043;2064;2084;2105;2126;2148>,8,<200;203;206;209;212;215;218;221;224;227;232;235;238;242;245;248;251;254;258;261;268;271;275;278;282;285;288;292;295;299;308;312;315;319;322;326;330;333;337;340;360;364;368;372;376;380;384;388;392;396;420;424;429;433;438;442;446;451;455;460;488;493;498;502;507;512;517;522;526;531;564;569;574;580;585;590;595;600;606;611;648;654;659;665;670;676;682;687;693;698;740;746;752;758;764;770;776;782;788;794;802;810;818;826;835;843;851;860;868;877;886;895;904;913;922;931;940;950;959;969;979;988;998;1008;1018;1028;1039;1049;1060;1070;1081;1092;1103;1114;1125;1136;1147;1159;1170;1182;1194;1206;1218;1230;1242;1255;1267;1280;1293;1306;1319;1332;1345;1359;1372;1386;1400;1414;1428;1442;1457;1471;1486;1501;1516;1531;1547;1562;1578;1593;1609;1625;1642;1658;1675;1691;1708;1725;1743;1760;1778;1795;1813;1832;1850;1868;1887;1906;1925;1944;1964;1983;2003;2023;2043;2064;2084;2105;2126;2148>,22,<13;13;13;13;13;15;15;15;15;15;16;16;16;16;16;18;18;18;18;18;19;19;19;19;19;21;21;21;21;21;22;22;22;22;22;24;24;24;24;24;25;25;25;25;25;26;26;26;26;26;28;28;28;28;28;29;29;29;29;29;31;31;31;31;31;32;32;32;32;32;34;34;34;34;34;35;35;35;35;35;36;36;36;36;36;38;38;38;38;38;39;39;39;39;39;41;41;41;41;41;41;42;42;43;43;44;44;44;45;45;46;46;47;47;48;48;49;49;50;50;51;51;52;52;53;53;54;54;55;55;56;56;57;58;58;59;59;60;60;61;62;62;63;64;64;65;65;66;67;67;68;69;69;70;71;72;72;73;74;74;75;76;77;78;78;79;80;81;81;82;83;84;85;86;86;87;88;89;90;91;92;93;94;95;96;96;97;98;99;100;101;102;103;104;106;107;108;109;110;111>,0,<>,,{drawcard=false;gain=false}
40723,庇护,庇護,shelter,shelter,비호,abrigo,7,3,config/item/gem/icon_2_lv_3.png,2,辅助向符石,輔助向符石,Support-type,Support-type,서포트 룬스톤,Tipo de suporte,ประเภทการสนับสนุน,9999,{529=20},100,2,1,<1008;1023;1038;1053;1068;1084;1099;1114;1129;1144;1169;1185;1202;1218;1234;1250;1266;1282;1298;1314;1351;1368;1385;1402;1419;1436;1454;1471;1488;1505;1552;1570;1589;1607;1625;1643;1661;1679;1697;1716;1814;1835;1855;1875;1895;1915;1935;1956;1976;1996;2117;2139;2161;2183;2206;2228;2250;2272;2294;2316;2460;2484;2508;2532;2556;2580;2605;2629;2653;2677;2843;2869;2895;2921;2947;2974;3000;3026;3052;3078;3266;3294;3322;3351;3379;3407;3435;3463;3492;3520;3730;3760;3790;3820;3851;3881;3911;3941;3972;4002;4042;4082;4123;4164;4206;4248;4291;4334;4377;4421;4465;4510;4555;4600;4646;4693;4740;4787;4835;4883;4932;4981;5031;5081;5132;5184;5235;5288;5341;5394;5448;5503;5558;5613;5669;5726;5783;5841;5899;5958;6018;6078;6139;6200;6262;6325;6388;6452;6517;6582;6648;6714;6781;6849;6918;6987;7057;7127;7198;7270;7343;7417;7491;7566;7641;7718;7795;7873;7952;8031;8111;8192;8274;8357;8441;8525;8610;8696;8783;8871;8960;9050;9140;9232;9324;9417;9511;9606;9702;9799;9897;9996;10096;10197;10299;10402;10506;10611;10717;10825>,7,<200;203;206;209;212;215;218;221;224;227;232;235;238;242;245;248;251;254;258;261;268;271;275;278;282;285;288;292;295;299;308;312;315;319;322;326;330;333;337;340;360;364;368;372;376;380;384;388;392;396;420;424;429;433;438;442;446;451;455;460;488;493;498;502;507;512;517;522;526;531;564;569;574;580;585;590;595;600;606;611;648;654;659;665;670;676;682;687;693;698;740;746;752;758;764;770;776;782;788;794;802;810;818;826;835;843;851;860;868;877;886;895;904;913;922;931;940;950;959;969;979;988;998;1008;1018;1028;1039;1049;1060;1070;1081;1092;1103;1114;1125;1136;1147;1159;1170;1182;1194;1206;1218;1230;1242;1255;1267;1280;1293;1306;1319;1332;1345;1359;1372;1386;1400;1414;1428;1442;1457;1471;1486;1501;1516;1531;1547;1562;1578;1593;1609;1625;1642;1658;1675;1691;1708;1725;1743;1760;1778;1795;1813;1832;1850;1868;1887;1906;1925;1944;1964;1983;2003;2023;2043;2064;2084;2105;2126;2148>,8,<200;203;206;209;212;215;218;221;224;227;232;235;238;242;245;248;251;254;258;261;268;271;275;278;282;285;288;292;295;299;308;312;315;319;322;326;330;333;337;340;360;364;368;372;376;380;384;388;392;396;420;424;429;433;438;442;446;451;455;460;488;493;498;502;507;512;517;522;526;531;564;569;574;580;585;590;595;600;606;611;648;654;659;665;670;676;682;687;693;698;740;746;752;758;764;770;776;782;788;794;802;810;818;826;835;843;851;860;868;877;886;895;904;913;922;931;940;950;959;969;979;988;998;1008;1018;1028;1039;1049;1060;1070;1081;1092;1103;1114;1125;1136;1147;1159;1170;1182;1194;1206;1218;1230;1242;1255;1267;1280;1293;1306;1319;1332;1345;1359;1372;1386;1400;1414;1428;1442;1457;1471;1486;1501;1516;1531;1547;1562;1578;1593;1609;1625;1642;1658;1675;1691;1708;1725;1743;1760;1778;1795;1813;1832;1850;1868;1887;1906;1925;1944;1964;1983;2003;2023;2043;2064;2084;2105;2126;2148>,23,<13;13;13;13;13;15;15;15;15;15;16;16;16;16;16;18;18;18;18;18;19;19;19;19;19;21;21;21;21;21;22;22;22;22;22;24;24;24;24;24;25;25;25;25;25;26;26;26;26;26;28;28;28;28;28;29;29;29;29;29;31;31;31;31;31;32;32;32;32;32;34;34;34;34;34;35;35;35;35;35;36;36;36;36;36;38;38;38;38;38;39;39;39;39;39;41;41;41;41;41;41;42;42;43;43;44;44;44;45;45;46;46;47;47;48;48;49;49;50;50;51;51;52;52;53;53;54;54;55;55;56;56;57;58;58;59;59;60;60;61;62;62;63;64;64;65;65;66;67;67;68;69;69;70;71;72;72;73;74;74;75;76;77;78;78;79;80;81;81;82;83;84;85;86;86;87;88;89;90;91;92;93;94;95;96;96;97;98;99;100;101;102;103;104;106;107;108;109;110;111>,0,<>,,{drawcard=false;gain=false}
40731,庇护,庇護,shelter,shelter,비호,abrigo,7,1,config/item/gem/icon_2_l_1.png,3,辅助向符石,輔助向符石,Support-type,Support-type,서포트 룬스톤,Tipo de suporte,ประเภทการสนับสนุน,9999,{529=40},100,3,7,<300;305;309;314;318;323;327;332;336;341;348;353;358;362;367;372;377;382;386;391;402;407;412;417;422;428;433;438;443;448;462;467;473;478;484;489;494;500;505;511;540;546;552;558;564;570;576;582;588;594;630;637;643;650;656;663;670;676;683;689;732;739;746;754;761;768;775;782;790;797;846;854;862;869;877;885;893;901;908;916;972;980;989;997;1006;1014;1022;1031;1039;1048;1110;1119;1128;1137;1146;1155;1164;1173;1182;1191;1203;1215;1227;1239;1252;1264;1277;1290;1303;1316;1329;1342;1355;1369;1383;1397;1411;1425;1439;1453;1468;1482;1497;1512;1527;1543;1558;1574;1589;1605;1621;1638;1654;1670;1687;1704;1721;1738;1756;1773;1791;1809;1827;1845;1864;1882;1901;1920;1939;1959;1978;1998;2018;2038;2059;2079;2100;2121;2142;2164;2185;2207;2229;2252;2274;2297;2320;2343;2366;2390;2414;2438;2462;2487;2512;2537;2562;2588;2614;2640;2667;2693;2720;2747;2775;2803;2831;2859;2887;2916;2945;2975;3005;3035;3065;3096;3127;3158;3190;3221>,8,<300;305;309;314;318;323;327;332;336;341;348;353;358;362;367;372;377;382;386;391;402;407;412;417;422;428;433;438;443;448;462;467;473;478;484;489;494;500;505;511;540;546;552;558;564;570;576;582;588;594;630;637;643;650;656;663;670;676;683;689;732;739;746;754;761;768;775;782;790;797;846;854;862;869;877;885;893;901;908;916;972;980;989;997;1006;1014;1022;1031;1039;1048;1110;1119;1128;1137;1146;1155;1164;1173;1182;1191;1203;1215;1227;1239;1252;1264;1277;1290;1303;1316;1329;1342;1355;1369;1383;1397;1411;1425;1439;1453;1468;1482;1497;1512;1527;1543;1558;1574;1589;1605;1621;1638;1654;1670;1687;1704;1721;1738;1756;1773;1791;1809;1827;1845;1864;1882;1901;1920;1939;1959;1978;1998;2018;2038;2059;2079;2100;2121;2142;2164;2185;2207;2229;2252;2274;2297;2320;2343;2366;2390;2414;2438;2462;2487;2512;2537;2562;2588;2614;2640;2667;2693;2720;2747;2775;2803;2831;2859;2887;2916;2945;2975;3005;3035;3065;3096;3127;3158;3190;3221>,16,<34;34;34;34;34;37;37;37;37;37;41;41;41;41;41;44;44;44;44;44;48;48;48;48;48;52;52;52;52;52;55;55;55;55;55;59;59;59;59;59;62;62;62;62;62;66;66;66;66;66;70;70;70;70;70;73;73;73;73;73;77;77;77;77;77;80;80;80;80;80;84;84;84;84;84;88;88;88;88;88;91;91;91;91;91;95;95;95;95;95;98;98;98;98;98;102;102;102;102;102;103;104;105;106;107;108;109;110;112;113;114;115;116;117;118;120;121;122;123;124;126;127;128;130;131;132;133;135;136;137;139;140;142;143;144;146;147;149;150;152;153;155;156;158;160;161;163;164;166;168;169;171;173;175;176;178;180;182;183;185;187;189;191;193;195;197;199;201;203;205;207;209;211;213;215;217;219;222;224;226;228;231;233;235;238;240;242;245;247;250;252;255;257;260;263;265;268;270;273;276>,0,<>,0,<>,,{drawcard=false;gain=false}
40732,庇护,庇護,shelter,shelter,비호,abrigo,7,2,config/item/gem/icon_2_l_2.png,3,辅助向符石,輔助向符石,Support-type,Support-type,서포트 룬스톤,Tipo de suporte,ประเภทการสนับสนุน,9999,{529=40},100,3,1,<1512;1535;1557;1580;1603;1625;1648;1671;1693;1716;1754;1778;1802;1826;1851;1875;1899;1923;1947;1972;2026;2052;2077;2103;2129;2155;2180;2206;2232;2257;2328;2356;2383;2410;2437;2465;2492;2519;2546;2573;2722;2752;2782;2812;2843;2873;2903;2933;2964;2994;3175;3208;3242;3275;3308;3342;3375;3408;3441;3475;3689;3726;3762;3798;3834;3871;3907;3943;3980;4016;4264;4303;4342;4382;4421;4460;4500;4539;4578;4618;4899;4941;4984;5026;5068;5111;5153;5195;5238;5280;5594;5640;5685;5730;5776;5821;5867;5912;5957;6003;6063;6124;6185;6247;6309;6372;6436;6500;6565;6631;6697;6764;6832;6900;6969;7039;7109;7180;7252;7325;7398;7472;7547;7622;7698;7775;7853;7932;8011;8091;8172;8254;8336;8420;8504;8589;8675;8762;8849;8938;9027;9117;9208;9301;9394;9487;9582;9678;9775;9873;9971;10071;10172;10274;10376;10480;10585;10691;10798;10906;11015;11125;11236;11348;11462;11577;11692;11809;11927;12047;12167;12289;12412;12536;12661;12788;12916;13045;13175;13307;13440;13574;13710;13847;13986;14126;14267;14410;14554;14699;14846;14995;15145;15296;15449;15603;15759;15917;16076;16237>,7,<300;305;309;314;318;323;327;332;336;341;348;353;358;362;367;372;377;382;386;391;402;407;412;417;422;428;433;438;443;448;462;467;473;478;484;489;494;500;505;511;540;546;552;558;564;570;576;582;588;594;630;637;643;650;656;663;670;676;683;689;732;739;746;754;761;768;775;782;790;797;846;854;862;869;877;885;893;901;908;916;972;980;989;997;1006;1014;1022;1031;1039;1048;1110;1119;1128;1137;1146;1155;1164;1173;1182;1191;1203;1215;1227;1239;1252;1264;1277;1290;1303;1316;1329;1342;1355;1369;1383;1397;1411;1425;1439;1453;1468;1482;1497;1512;1527;1543;1558;1574;1589;1605;1621;1638;1654;1670;1687;1704;1721;1738;1756;1773;1791;1809;1827;1845;1864;1882;1901;1920;1939;1959;1978;1998;2018;2038;2059;2079;2100;2121;2142;2164;2185;2207;2229;2252;2274;2297;2320;2343;2366;2390;2414;2438;2462;2487;2512;2537;2562;2588;2614;2640;2667;2693;2720;2747;2775;2803;2831;2859;2887;2916;2945;2975;3005;3035;3065;3096;3127;3158;3190;3221>,8,<300;305;309;314;318;323;327;332;336;341;348;353;358;362;367;372;377;382;386;391;402;407;412;417;422;428;433;438;443;448;462;467;473;478;484;489;494;500;505;511;540;546;552;558;564;570;576;582;588;594;630;637;643;650;656;663;670;676;683;689;732;739;746;754;761;768;775;782;790;797;846;854;862;869;877;885;893;901;908;916;972;980;989;997;1006;1014;1022;1031;1039;1048;1110;1119;1128;1137;1146;1155;1164;1173;1182;1191;1203;1215;1227;1239;1252;1264;1277;1290;1303;1316;1329;1342;1355;1369;1383;1397;1411;1425;1439;1453;1468;1482;1497;1512;1527;1543;1558;1574;1589;1605;1621;1638;1654;1670;1687;1704;1721;1738;1756;1773;1791;1809;1827;1845;1864;1882;1901;1920;1939;1959;1978;1998;2018;2038;2059;2079;2100;2121;2142;2164;2185;2207;2229;2252;2274;2297;2320;2343;2366;2390;2414;2438;2462;2487;2512;2537;2562;2588;2614;2640;2667;2693;2720;2747;2775;2803;2831;2859;2887;2916;2945;2975;3005;3035;3065;3096;3127;3158;3190;3221>,22,<20;20;20;20;20;22;22;22;22;22;24;24;24;24;24;27;27;27;27;27;29;29;29;29;29;31;31;31;31;31;33;33;33;33;33;35;35;35;35;35;37;37;37;37;37;40;40;40;40;40;42;42;42;42;42;44;44;44;44;44;46;46;46;46;46;48;48;48;48;48;50;50;50;50;50;53;53;53;53;53;55;55;55;55;55;57;57;57;57;57;59;59;59;59;59;61;61;61;61;61;62;62;63;63;64;65;65;66;67;67;68;69;69;70;71;72;72;73;74;74;75;76;77;77;78;79;80;81;81;82;83;84;85;86;86;87;88;89;90;91;92;93;94;95;95;96;97;98;99;100;101;102;103;104;105;106;108;109;110;111;112;113;114;115;116;118;119;120;121;122;124;125;126;127;129;130;131;133;134;135;137;138;139;141;142;144;145;146;148;149;151;152;154;155;157;159;160;162;163;165>,0,<>,,{drawcard=false;gain=false}
40733,庇护,庇護,shelter,shelter,비호,abrigo,7,3,config/item/gem/icon_2_l_3.png,3,辅助向符石,輔助向符石,Support-type,Support-type,서포트 룬스톤,Tipo de suporte,ประเภทการสนับสนุน,9999,{529=40},100,3,1,<1512;1535;1557;1580;1603;1625;1648;1671;1693;1716;1754;1778;1802;1826;1851;1875;1899;1923;1947;1972;2026;2052;2077;2103;2129;2155;2180;2206;2232;2257;2328;2356;2383;2410;2437;2465;2492;2519;2546;2573;2722;2752;2782;2812;2843;2873;2903;2933;2964;2994;3175;3208;3242;3275;3308;3342;3375;3408;3441;3475;3689;3726;3762;3798;3834;3871;3907;3943;3980;4016;4264;4303;4342;4382;4421;4460;4500;4539;4578;4618;4899;4941;4984;5026;5068;5111;5153;5195;5238;5280;5594;5640;5685;5730;5776;5821;5867;5912;5957;6003;6063;6124;6185;6247;6309;6372;6436;6500;6565;6631;6697;6764;6832;6900;6969;7039;7109;7180;7252;7325;7398;7472;7547;7622;7698;7775;7853;7932;8011;8091;8172;8254;8336;8420;8504;8589;8675;8762;8849;8938;9027;9117;9208;9301;9394;9487;9582;9678;9775;9873;9971;10071;10172;10274;10376;10480;10585;10691;10798;10906;11015;11125;11236;11348;11462;11577;11692;11809;11927;12047;12167;12289;12412;12536;12661;12788;12916;13045;13175;13307;13440;13574;13710;13847;13986;14126;14267;14410;14554;14699;14846;14995;15145;15296;15449;15603;15759;15917;16076;16237>,7,<300;305;309;314;318;323;327;332;336;341;348;353;358;362;367;372;377;382;386;391;402;407;412;417;422;428;433;438;443;448;462;467;473;478;484;489;494;500;505;511;540;546;552;558;564;570;576;582;588;594;630;637;643;650;656;663;670;676;683;689;732;739;746;754;761;768;775;782;790;797;846;854;862;869;877;885;893;901;908;916;972;980;989;997;1006;1014;1022;1031;1039;1048;1110;1119;1128;1137;1146;1155;1164;1173;1182;1191;1203;1215;1227;1239;1252;1264;1277;1290;1303;1316;1329;1342;1355;1369;1383;1397;1411;1425;1439;1453;1468;1482;1497;1512;1527;1543;1558;1574;1589;1605;1621;1638;1654;1670;1687;1704;1721;1738;1756;1773;1791;1809;1827;1845;1864;1882;1901;1920;1939;1959;1978;1998;2018;2038;2059;2079;2100;2121;2142;2164;2185;2207;2229;2252;2274;2297;2320;2343;2366;2390;2414;2438;2462;2487;2512;2537;2562;2588;2614;2640;2667;2693;2720;2747;2775;2803;2831;2859;2887;2916;2945;2975;3005;3035;3065;3096;3127;3158;3190;3221>,8,<300;305;309;314;318;323;327;332;336;341;348;353;358;362;367;372;377;382;386;391;402;407;412;417;422;428;433;438;443;448;462;467;473;478;484;489;494;500;505;511;540;546;552;558;564;570;576;582;588;594;630;637;643;650;656;663;670;676;683;689;732;739;746;754;761;768;775;782;790;797;846;854;862;869;877;885;893;901;908;916;972;980;989;997;1006;1014;1022;1031;1039;1048;1110;1119;1128;1137;1146;1155;1164;1173;1182;1191;1203;1215;1227;1239;1252;1264;1277;1290;1303;1316;1329;1342;1355;1369;1383;1397;1411;1425;1439;1453;1468;1482;1497;1512;1527;1543;1558;1574;1589;1605;1621;1638;1654;1670;1687;1704;1721;1738;1756;1773;1791;1809;1827;1845;1864;1882;1901;1920;1939;1959;1978;1998;2018;2038;2059;2079;2100;2121;2142;2164;2185;2207;2229;2252;2274;2297;2320;2343;2366;2390;2414;2438;2462;2487;2512;2537;2562;2588;2614;2640;2667;2693;2720;2747;2775;2803;2831;2859;2887;2916;2945;2975;3005;3035;3065;3096;3127;3158;3190;3221>,23,<20;20;20;20;20;22;22;22;22;22;24;24;24;24;24;27;27;27;27;27;29;29;29;29;29;31;31;31;31;31;33;33;33;33;33;35;35;35;35;35;37;37;37;37;37;40;40;40;40;40;42;42;42;42;42;44;44;44;44;44;46;46;46;46;46;48;48;48;48;48;50;50;50;50;50;53;53;53;53;53;55;55;55;55;55;57;57;57;57;57;59;59;59;59;59;61;61;61;61;61;62;62;63;63;64;65;65;66;67;67;68;69;69;70;71;72;72;73;74;74;75;76;77;77;78;79;80;81;81;82;83;84;85;86;86;87;88;89;90;91;92;93;94;95;95;96;97;98;99;100;101;102;103;104;105;106;108;109;110;111;112;113;114;115;116;118;119;120;121;122;124;125;126;127;129;130;131;133;134;135;137;138;139;141;142;144;145;146;148;149;151;152;154;155;157;159;160;162;163;165>,0,<>,,{drawcard=false;gain=false}
40741,庇护,庇護,shelter,shelter,비호,abrigo,7,1,config/item/gem/icon_2_z_1.png,4,辅助向符石,輔助向符石,Support-type,Support-type,서포트 룬스톤,Tipo de suporte,ประเภทการสนับสนุน,9999,{529=80},100,4,7,<440;447;453;460;466;473;480;486;493;499;510;517;524;532;539;546;553;560;567;574;590;597;605;612;620;627;634;642;649;657;678;686;693;701;709;717;725;733;741;749;792;801;810;818;827;836;845;854;862;871;924;934;943;953;963;972;982;992;1001;1011;1074;1084;1095;1105;1116;1126;1137;1148;1158;1169;1241;1252;1264;1275;1287;1298;1309;1321;1332;1344;1426;1438;1450;1463;1475;1487;1500;1512;1524;1536;1628;1641;1654;1668;1681;1694;1707;1720;1734;1747;1764;1782;1800;1818;1836;1854;1873;1892;1911;1930;1949;1969;1988;2008;2028;2048;2069;2090;2111;2132;2153;2175;2196;2218;2240;2263;2285;2308;2331;2355;2378;2402;2426;2450;2475;2500;2525;2550;2575;2601;2627;2653;2680;2707;2734;2761;2789;2817;2845;2873;2902;2931;2960;2990;3020;3050;3080;3111;3142;3174;3206;3238;3270;3303;3336;3369;3403;3437;3471;3506;3541;3576;3612;3648;3685;3721;3759;3796;3834;3873;3911;3950;3990;4030;4070;4111;4152;4193;4235;4278;4321;4364;4407;4451;4496;4541;4586;4632;4679;4725>,8,<440;447;453;460;466;473;480;486;493;499;510;517;524;532;539;546;553;560;567;574;590;597;605;612;620;627;634;642;649;657;678;686;693;701;709;717;725;733;741;749;792;801;810;818;827;836;845;854;862;871;924;934;943;953;963;972;982;992;1001;1011;1074;1084;1095;1105;1116;1126;1137;1148;1158;1169;1241;1252;1264;1275;1287;1298;1309;1321;1332;1344;1426;1438;1450;1463;1475;1487;1500;1512;1524;1536;1628;1641;1654;1668;1681;1694;1707;1720;1734;1747;1764;1782;1800;1818;1836;1854;1873;1892;1911;1930;1949;1969;1988;2008;2028;2048;2069;2090;2111;2132;2153;2175;2196;2218;2240;2263;2285;2308;2331;2355;2378;2402;2426;2450;2475;2500;2525;2550;2575;2601;2627;2653;2680;2707;2734;2761;2789;2817;2845;2873;2902;2931;2960;2990;3020;3050;3080;3111;3142;3174;3206;3238;3270;3303;3336;3369;3403;3437;3471;3506;3541;3576;3612;3648;3685;3721;3759;3796;3834;3873;3911;3950;3990;4030;4070;4111;4152;4193;4235;4278;4321;4364;4407;4451;4496;4541;4586;4632;4679;4725>,16,<49;49;49;49;49;55;55;55;55;55;60;60;60;60;60;65;65;65;65;65;70;70;70;70;70;76;76;76;76;76;81;81;81;81;81;86;86;86;86;86;92;92;92;92;92;97;97;97;97;97;102;102;102;102;102;107;107;107;107;107;113;113;113;113;113;118;118;118;118;118;123;123;123;123;123;128;128;128;128;128;134;134;134;134;134;139;139;139;139;139;144;144;144;144;144;150;150;150;150;150;152;153;155;156;158;159;161;162;164;166;167;169;171;172;174;176;178;179;181;183;185;187;189;190;192;194;196;198;200;202;204;206;208;210;212;215;217;219;221;223;226;228;230;232;235;237;239;242;244;247;249;252;254;257;259;262;264;267;270;273;275;278;281;284;286;289;292;295;298;301;304;307;310;313;316;320;323;326;329;333;336;339;343;346;349;353;356;360;364;367;371;375;378;382;386;390;394;398;402;406>,0,<>,0,<>,,{drawcard=zi_effect_loop}
40742,庇护,庇護,shelter,shelter,비호,abrigo,7,2,config/item/gem/icon_2_z_2.png,4,辅助向符石,輔助向符石,Support-type,Support-type,서포트 룬스톤,Tipo de suporte,ประเภทการสนับสนุน,9999,{529=80},100,4,1,<2218;2251;2285;2318;2351;2384;2418;2451;2484;2517;2573;2608;2644;2679;2715;2750;2786;2821;2857;2892;2972;3010;3048;3085;3123;3161;3198;3236;3274;3311;3416;3456;3496;3535;3575;3615;3655;3695;3735;3775;3992;4037;4081;4125;4170;4214;4259;4303;4347;4392;4658;4707;4755;4804;4853;4902;4951;4999;5048;5097;5412;5465;5518;5572;5625;5678;5731;5785;5838;5891;6255;6312;6370;6428;6485;6543;6601;6658;6716;6774;7186;7248;7311;7373;7435;7497;7559;7621;7683;7745;8207;8273;8340;8406;8473;8539;8606;8672;8739;8805;8893;8982;9072;9163;9254;9347;9440;9535;9630;9726;9823;9922;10021;10121;10222;10325;10428;10532;10637;10744;10851;10960;11069;11180;11292;11405;11519;11634;11750;11868;11986;12106;12227;12350;12473;12598;12724;12851;12980;13109;13241;13373;13507;13642;13778;13916;14055;14196;14338;14481;14626;14772;14920;15069;15220;15372;15526;15681;15838;15996;16156;16318;16481;16646;16812;16980;17150;17321;17495;17670;17846;18025;18205;18387;18571;18757;18944;19134;19325;19518;19713;19910;20110;20311;20514;20719;20926;21135;21347;21560;21776;21994;22214;22436;22660;22887;23115;23347;23580;23816>,7,<440;447;453;460;466;473;480;486;493;499;510;517;524;532;539;546;553;560;567;574;590;597;605;612;620;627;634;642;649;657;678;686;693;701;709;717;725;733;741;749;792;801;810;818;827;836;845;854;862;871;924;934;943;953;963;972;982;992;1001;1011;1074;1084;1095;1105;1116;1126;1137;1148;1158;1169;1241;1252;1264;1275;1287;1298;1309;1321;1332;1344;1426;1438;1450;1463;1475;1487;1500;1512;1524;1536;1628;1641;1654;1668;1681;1694;1707;1720;1734;1747;1764;1782;1800;1818;1836;1854;1873;1892;1911;1930;1949;1969;1988;2008;2028;2048;2069;2090;2111;2132;2153;2175;2196;2218;2240;2263;2285;2308;2331;2355;2378;2402;2426;2450;2475;2500;2525;2550;2575;2601;2627;2653;2680;2707;2734;2761;2789;2817;2845;2873;2902;2931;2960;2990;3020;3050;3080;3111;3142;3174;3206;3238;3270;3303;3336;3369;3403;3437;3471;3506;3541;3576;3612;3648;3685;3721;3759;3796;3834;3873;3911;3950;3990;4030;4070;4111;4152;4193;4235;4278;4321;4364;4407;4451;4496;4541;4586;4632;4679;4725>,8,<440;447;453;460;466;473;480;486;493;499;510;517;524;532;539;546;553;560;567;574;590;597;605;612;620;627;634;642;649;657;678;686;693;701;709;717;725;733;741;749;792;801;810;818;827;836;845;854;862;871;924;934;943;953;963;972;982;992;1001;1011;1074;1084;1095;1105;1116;1126;1137;1148;1158;1169;1241;1252;1264;1275;1287;1298;1309;1321;1332;1344;1426;1438;1450;1463;1475;1487;1500;1512;1524;1536;1628;1641;1654;1668;1681;1694;1707;1720;1734;1747;1764;1782;1800;1818;1836;1854;1873;1892;1911;1930;1949;1969;1988;2008;2028;2048;2069;2090;2111;2132;2153;2175;2196;2218;2240;2263;2285;2308;2331;2355;2378;2402;2426;2450;2475;2500;2525;2550;2575;2601;2627;2653;2680;2707;2734;2761;2789;2817;2845;2873;2902;2931;2960;2990;3020;3050;3080;3111;3142;3174;3206;3238;3270;3303;3336;3369;3403;3437;3471;3506;3541;3576;3612;3648;3685;3721;3759;3796;3834;3873;3911;3950;3990;4030;4070;4111;4152;4193;4235;4278;4321;4364;4407;4451;4496;4541;4586;4632;4679;4725>,22,<30;30;30;30;30;33;33;33;33;33;36;36;36;36;36;39;39;39;39;39;42;42;42;42;42;45;45;45;45;45;49;49;49;49;49;52;52;52;52;52;55;55;55;55;55;58;58;58;58;58;61;61;61;61;61;64;64;64;64;64;68;68;68;68;68;71;71;71;71;71;74;74;74;74;74;77;77;77;77;77;80;80;80;80;80;83;83;83;83;83;87;87;87;87;87;90;90;90;90;90;91;92;93;94;95;96;96;97;98;99;100;101;102;103;104;106;107;108;109;110;111;112;113;114;115;117;118;119;120;121;123;124;125;126;127;129;130;131;133;134;135;137;138;139;141;142;144;145;147;148;149;151;153;154;156;157;159;160;162;164;165;167;168;170;172;174;175;177;179;181;182;184;186;188;190;192;194;196;198;200;201;204;206;208;210;212;214;216;218;220;223;225;227;229;232;234;236;239;241;243>,0,<>,,{drawcard=zi_effect_loop}
40743,庇护,庇護,shelter,shelter,비호,abrigo,7,3,config/item/gem/icon_2_z_3.png,4,辅助向符石,輔助向符石,Support-type,Support-type,서포트 룬스톤,Tipo de suporte,ประเภทการสนับสนุน,9999,{529=80},100,4,1,<2218;2251;2285;2318;2351;2384;2418;2451;2484;2517;2573;2608;2644;2679;2715;2750;2786;2821;2857;2892;2972;3010;3048;3085;3123;3161;3198;3236;3274;3311;3416;3456;3496;3535;3575;3615;3655;3695;3735;3775;3992;4037;4081;4125;4170;4214;4259;4303;4347;4392;4658;4707;4755;4804;4853;4902;4951;4999;5048;5097;5412;5465;5518;5572;5625;5678;5731;5785;5838;5891;6255;6312;6370;6428;6485;6543;6601;6658;6716;6774;7186;7248;7311;7373;7435;7497;7559;7621;7683;7745;8207;8273;8340;8406;8473;8539;8606;8672;8739;8805;8893;8982;9072;9163;9254;9347;9440;9535;9630;9726;9823;9922;10021;10121;10222;10325;10428;10532;10637;10744;10851;10960;11069;11180;11292;11405;11519;11634;11750;11868;11986;12106;12227;12350;12473;12598;12724;12851;12980;13109;13241;13373;13507;13642;13778;13916;14055;14196;14338;14481;14626;14772;14920;15069;15220;15372;15526;15681;15838;15996;16156;16318;16481;16646;16812;16980;17150;17321;17495;17670;17846;18025;18205;18387;18571;18757;18944;19134;19325;19518;19713;19910;20110;20311;20514;20719;20926;21135;21347;21560;21776;21994;22214;22436;22660;22887;23115;23347;23580;23816>,7,<440;447;453;460;466;473;480;486;493;499;510;517;524;532;539;546;553;560;567;574;590;597;605;612;620;627;634;642;649;657;678;686;693;701;709;717;725;733;741;749;792;801;810;818;827;836;845;854;862;871;924;934;943;953;963;972;982;992;1001;1011;1074;1084;1095;1105;1116;1126;1137;1148;1158;1169;1241;1252;1264;1275;1287;1298;1309;1321;1332;1344;1426;1438;1450;1463;1475;1487;1500;1512;1524;1536;1628;1641;1654;1668;1681;1694;1707;1720;1734;1747;1764;1782;1800;1818;1836;1854;1873;1892;1911;1930;1949;1969;1988;2008;2028;2048;2069;2090;2111;2132;2153;2175;2196;2218;2240;2263;2285;2308;2331;2355;2378;2402;2426;2450;2475;2500;2525;2550;2575;2601;2627;2653;2680;2707;2734;2761;2789;2817;2845;2873;2902;2931;2960;2990;3020;3050;3080;3111;3142;3174;3206;3238;3270;3303;3336;3369;3403;3437;3471;3506;3541;3576;3612;3648;3685;3721;3759;3796;3834;3873;3911;3950;3990;4030;4070;4111;4152;4193;4235;4278;4321;4364;4407;4451;4496;4541;4586;4632;4679;4725>,8,<440;447;453;460;466;473;480;486;493;499;510;517;524;532;539;546;553;560;567;574;590;597;605;612;620;627;634;642;649;657;678;686;693;701;709;717;725;733;741;749;792;801;810;818;827;836;845;854;862;871;924;934;943;953;963;972;982;992;1001;1011;1074;1084;1095;1105;1116;1126;1137;1148;1158;1169;1241;1252;1264;1275;1287;1298;1309;1321;1332;1344;1426;1438;1450;1463;1475;1487;1500;1512;1524;1536;1628;1641;1654;1668;1681;1694;1707;1720;1734;1747;1764;1782;1800;1818;1836;1854;1873;1892;1911;1930;1949;1969;1988;2008;2028;2048;2069;2090;2111;2132;2153;2175;2196;2218;2240;2263;2285;2308;2331;2355;2378;2402;2426;2450;2475;2500;2525;2550;2575;2601;2627;2653;2680;2707;2734;2761;2789;2817;2845;2873;2902;2931;2960;2990;3020;3050;3080;3111;3142;3174;3206;3238;3270;3303;3336;3369;3403;3437;3471;3506;3541;3576;3612;3648;3685;3721;3759;3796;3834;3873;3911;3950;3990;4030;4070;4111;4152;4193;4235;4278;4321;4364;4407;4451;4496;4541;4586;4632;4679;4725>,23,<30;30;30;30;30;33;33;33;33;33;36;36;36;36;36;39;39;39;39;39;42;42;42;42;42;45;45;45;45;45;49;49;49;49;49;52;52;52;52;52;55;55;55;55;55;58;58;58;58;58;61;61;61;61;61;64;64;64;64;64;68;68;68;68;68;71;71;71;71;71;74;74;74;74;74;77;77;77;77;77;80;80;80;80;80;83;83;83;83;83;87;87;87;87;87;90;90;90;90;90;91;92;93;94;95;96;96;97;98;99;100;101;102;103;104;106;107;108;109;110;111;112;113;114;115;117;118;119;120;121;123;124;125;126;127;129;130;131;133;134;135;137;138;139;141;142;144;145;147;148;149;151;153;154;156;157;159;160;162;164;165;167;168;170;172;174;175;177;179;181;182;184;186;188;190;192;194;196;198;200;201;204;206;208;210;212;214;216;218;220;223;225;227;229;232;234;236;239;241;243>,0,<>,,{drawcard=zi_effect_loop}
40751,庇护,庇護,shelter,shelter,비호,abrigo,7,1,config/item/gem/icon_2_hu_1.png,5,辅助向符石,輔助向符石,Support-type,Support-type,서포트 룬스톤,Tipo de suporte,ประเภทการสนับสนุน,9999,{529=400},100,5,7,<680;690;700;711;721;731;741;751;762;772;789;800;811;821;832;843;854;865;876;887;911;923;934;946;957;969;981;992;1004;1015;1047;1059;1072;1084;1096;1108;1121;1133;1145;1157;1224;1238;1251;1265;1278;1292;1306;1319;1333;1346;1428;1443;1458;1473;1488;1503;1518;1533;1548;1563;1659;1676;1692;1708;1724;1741;1757;1773;1790;1806;1918;1935;1953;1971;1988;2006;2024;2041;2059;2077;2203;2222;2241;2260;2279;2298;2317;2336;2356;2375;2516;2536;2557;2577;2598;2618;2638;2659;2679;2700;2727;2754;2782;2810;2838;2866;2895;2924;2953;2982;3012;3042;3073;3104;3135;3166;3198;3230;3262;3295;3327;3361;3394;3428;3463;3497;3532;3567;3603;3639;3676;3712;3749;3787;3825;3863;3902;3941;3980;4020;4060;4101;4142;4183;4225;4267;4310;4353;4397;4441;4485;4530;4575;4621;4667;4714;4761;4808;4857;4905;4954;5004;5054;5104;5155;5207;5259;5311;5365;5418;5472;5527;5582;5638;5695;5752;5809;5867;5926;5985;6045;6105;6166;6228;6290;6353;6417;6481;6546;6611;6677;6744;6812;6880;6949;7018;7088;7159;7231;7303>,8,<680;690;700;711;721;731;741;751;762;772;789;800;811;821;832;843;854;865;876;887;911;923;934;946;957;969;981;992;1004;1015;1047;1059;1072;1084;1096;1108;1121;1133;1145;1157;1224;1238;1251;1265;1278;1292;1306;1319;1333;1346;1428;1443;1458;1473;1488;1503;1518;1533;1548;1563;1659;1676;1692;1708;1724;1741;1757;1773;1790;1806;1918;1935;1953;1971;1988;2006;2024;2041;2059;2077;2203;2222;2241;2260;2279;2298;2317;2336;2356;2375;2516;2536;2557;2577;2598;2618;2638;2659;2679;2700;2727;2754;2782;2810;2838;2866;2895;2924;2953;2982;3012;3042;3073;3104;3135;3166;3198;3230;3262;3295;3327;3361;3394;3428;3463;3497;3532;3567;3603;3639;3676;3712;3749;3787;3825;3863;3902;3941;3980;4020;4060;4101;4142;4183;4225;4267;4310;4353;4397;4441;4485;4530;4575;4621;4667;4714;4761;4808;4857;4905;4954;5004;5054;5104;5155;5207;5259;5311;5365;5418;5472;5527;5582;5638;5695;5752;5809;5867;5926;5985;6045;6105;6166;6228;6290;6353;6417;6481;6546;6611;6677;6744;6812;6880;6949;7018;7088;7159;7231;7303>,16,<76;76;76;76;76;84;84;84;84;84;92;92;92;92;92;101;101;101;101;101;109;109;109;109;109;117;117;117;117;117;125;125;125;125;125;133;133;133;133;133;141;141;141;141;141;150;150;150;150;150;158;158;158;158;158;166;166;166;166;166;174;174;174;174;174;182;182;182;182;182;190;190;190;190;190;199;199;199;199;199;207;207;207;207;207;215;215;215;215;215;223;223;223;223;223;231;231;231;231;231;233;236;238;240;243;245;248;250;253;255;258;260;263;266;268;271;274;276;279;282;285;288;290;293;296;299;302;305;308;311;314;318;321;324;327;331;334;337;341;344;347;351;354;358;361;365;369;372;376;380;384;388;391;395;399;403;407;411;416;420;424;428;432;437;441;445;450;454;459;464;468;473;478;482;487;492;497;502;507;512;517;522;528;533;538;544;549;554;560;566;571;577;583;589;594;600;606;613;619;625>,0,<>,0,<>,,{drawcard=huang_effect_loop}
40752,庇护,庇護,shelter,shelter,비호,abrigo,7,2,config/item/gem/icon_2_hu_2.png,5,辅助向符石,輔助向符石,Support-type,Support-type,서포트 룬스톤,Tipo de suporte,ประเภทการสนับสนุน,9999,{529=400},100,5,1,<3427;3478;3530;3581;3633;3684;3735;3787;3838;3890;3975;4030;4085;4140;4195;4249;4304;4359;4414;4469;4592;4650;4709;4767;4825;4883;4942;5000;5058;5117;5278;5339;5401;5463;5524;5586;5648;5709;5771;5833;6169;6237;6306;6374;6443;6511;6580;6648;6717;6785;7197;7272;7347;7423;7498;7574;7649;7724;7800;7875;8362;8444;8526;8609;8691;8773;8855;8938;9020;9102;9664;9753;9842;9931;10021;10110;10199;10288;10377;10466;11103;11199;11295;11391;11487;11583;11679;11775;11871;11967;12680;12783;12886;12988;13091;13194;13297;13400;13502;13605;13741;13878;14017;14157;14299;14442;14586;14732;14880;15028;15179;15330;15484;15639;15795;15953;16112;16274;16436;16601;16767;16934;17104;17275;17447;17622;17798;17976;18156;18337;18521;18706;18893;19082;19273;19466;19660;19857;20055;20256;20459;20663;20870;21078;21289;21502;21717;21934;22154;22375;22599;22825;23053;23284;23517;23752;23989;24229;24471;24716;24963;25213;25465;25720;25977;26237;26499;26764;27032;27302;27575;27851;28129;28411;28695;28982;29271;29564;29860;30158;30460;30765;31072;31383;31697;32014;32334;32657;32984;33314;33647;33983;34323;34666;35013;35363;35717;36074;36435;36799>,7,<680;690;700;711;721;731;741;751;762;772;789;800;811;821;832;843;854;865;876;887;911;923;934;946;957;969;981;992;1004;1015;1047;1059;1072;1084;1096;1108;1121;1133;1145;1157;1224;1238;1251;1265;1278;1292;1306;1319;1333;1346;1428;1443;1458;1473;1488;1503;1518;1533;1548;1563;1659;1676;1692;1708;1724;1741;1757;1773;1790;1806;1918;1935;1953;1971;1988;2006;2024;2041;2059;2077;2203;2222;2241;2260;2279;2298;2317;2336;2356;2375;2516;2536;2557;2577;2598;2618;2638;2659;2679;2700;2727;2754;2782;2810;2838;2866;2895;2924;2953;2982;3012;3042;3073;3104;3135;3166;3198;3230;3262;3295;3327;3361;3394;3428;3463;3497;3532;3567;3603;3639;3676;3712;3749;3787;3825;3863;3902;3941;3980;4020;4060;4101;4142;4183;4225;4267;4310;4353;4397;4441;4485;4530;4575;4621;4667;4714;4761;4808;4857;4905;4954;5004;5054;5104;5155;5207;5259;5311;5365;5418;5472;5527;5582;5638;5695;5752;5809;5867;5926;5985;6045;6105;6166;6228;6290;6353;6417;6481;6546;6611;6677;6744;6812;6880;6949;7018;7088;7159;7231;7303>,8,<680;690;700;711;721;731;741;751;762;772;789;800;811;821;832;843;854;865;876;887;911;923;934;946;957;969;981;992;1004;1015;1047;1059;1072;1084;1096;1108;1121;1133;1145;1157;1224;1238;1251;1265;1278;1292;1306;1319;1333;1346;1428;1443;1458;1473;1488;1503;1518;1533;1548;1563;1659;1676;1692;1708;1724;1741;1757;1773;1790;1806;1918;1935;1953;1971;1988;2006;2024;2041;2059;2077;2203;2222;2241;2260;2279;2298;2317;2336;2356;2375;2516;2536;2557;2577;2598;2618;2638;2659;2679;2700;2727;2754;2782;2810;2838;2866;2895;2924;2953;2982;3012;3042;3073;3104;3135;3166;3198;3230;3262;3295;3327;3361;3394;3428;3463;3497;3532;3567;3603;3639;3676;3712;3749;3787;3825;3863;3902;3941;3980;4020;4060;4101;4142;4183;4225;4267;4310;4353;4397;4441;4485;4530;4575;4621;4667;4714;4761;4808;4857;4905;4954;5004;5054;5104;5155;5207;5259;5311;5365;5418;5472;5527;5582;5638;5695;5752;5809;5867;5926;5985;6045;6105;6166;6228;6290;6353;6417;6481;6546;6611;6677;6744;6812;6880;6949;7018;7088;7159;7231;7303>,22,<46;46;46;46;46;51;51;51;51;51;55;55;55;55;55;60;60;60;60;60;65;65;65;65;65;70;70;70;70;70;75;75;75;75;75;80;80;80;80;80;85;85;85;85;85;90;90;90;90;90;95;95;95;95;95;100;100;100;100;100;104;104;104;104;104;109;109;109;109;109;114;114;114;114;114;119;119;119;119;119;124;124;124;124;124;129;129;129;129;129;134;134;134;134;134;139;139;139;139;139;140;142;143;145;146;148;149;151;152;154;155;157;158;160;161;163;165;166;168;170;171;173;175;176;178;180;182;184;185;187;189;191;193;195;197;199;201;203;205;207;209;211;213;215;218;220;222;224;226;229;231;233;236;238;240;243;245;248;250;253;255;258;260;263;265;268;271;273;276;279;282;285;287;290;293;296;299;302;305;308;311;314;317;321;324;327;330;334;337;340;344;347;351;354;358;361;365;369;372;376>,0,<>,,{drawcard=huang_effect_loop}
40753,庇护,庇護,shelter,shelter,비호,abrigo,7,3,config/item/gem/icon_2_hu_3.png,5,辅助向符石,輔助向符石,Support-type,Support-type,서포트 룬스톤,Tipo de suporte,ประเภทการสนับสนุน,9999,{529=400},100,5,1,<3427;3478;3530;3581;3633;3684;3735;3787;3838;3890;3975;4030;4085;4140;4195;4249;4304;4359;4414;4469;4592;4650;4709;4767;4825;4883;4942;5000;5058;5117;5278;5339;5401;5463;5524;5586;5648;5709;5771;5833;6169;6237;6306;6374;6443;6511;6580;6648;6717;6785;7197;7272;7347;7423;7498;7574;7649;7724;7800;7875;8362;8444;8526;8609;8691;8773;8855;8938;9020;9102;9664;9753;9842;9931;10021;10110;10199;10288;10377;10466;11103;11199;11295;11391;11487;11583;11679;11775;11871;11967;12680;12783;12886;12988;13091;13194;13297;13400;13502;13605;13741;13878;14017;14157;14299;14442;14586;14732;14880;15028;15179;15330;15484;15639;15795;15953;16112;16274;16436;16601;16767;16934;17104;17275;17447;17622;17798;17976;18156;18337;18521;18706;18893;19082;19273;19466;19660;19857;20055;20256;20459;20663;20870;21078;21289;21502;21717;21934;22154;22375;22599;22825;23053;23284;23517;23752;23989;24229;24471;24716;24963;25213;25465;25720;25977;26237;26499;26764;27032;27302;27575;27851;28129;28411;28695;28982;29271;29564;29860;30158;30460;30765;31072;31383;31697;32014;32334;32657;32984;33314;33647;33983;34323;34666;35013;35363;35717;36074;36435;36799>,7,<680;690;700;711;721;731;741;751;762;772;789;800;811;821;832;843;854;865;876;887;911;923;934;946;957;969;981;992;1004;1015;1047;1059;1072;1084;1096;1108;1121;1133;1145;1157;1224;1238;1251;1265;1278;1292;1306;1319;1333;1346;1428;1443;1458;1473;1488;1503;1518;1533;1548;1563;1659;1676;1692;1708;1724;1741;1757;1773;1790;1806;1918;1935;1953;1971;1988;2006;2024;2041;2059;2077;2203;2222;2241;2260;2279;2298;2317;2336;2356;2375;2516;2536;2557;2577;2598;2618;2638;2659;2679;2700;2727;2754;2782;2810;2838;2866;2895;2924;2953;2982;3012;3042;3073;3104;3135;3166;3198;3230;3262;3295;3327;3361;3394;3428;3463;3497;3532;3567;3603;3639;3676;3712;3749;3787;3825;3863;3902;3941;3980;4020;4060;4101;4142;4183;4225;4267;4310;4353;4397;4441;4485;4530;4575;4621;4667;4714;4761;4808;4857;4905;4954;5004;5054;5104;5155;5207;5259;5311;5365;5418;5472;5527;5582;5638;5695;5752;5809;5867;5926;5985;6045;6105;6166;6228;6290;6353;6417;6481;6546;6611;6677;6744;6812;6880;6949;7018;7088;7159;7231;7303>,8,<680;690;700;711;721;731;741;751;762;772;789;800;811;821;832;843;854;865;876;887;911;923;934;946;957;969;981;992;1004;1015;1047;1059;1072;1084;1096;1108;1121;1133;1145;1157;1224;1238;1251;1265;1278;1292;1306;1319;1333;1346;1428;1443;1458;1473;1488;1503;1518;1533;1548;1563;1659;1676;1692;1708;1724;1741;1757;1773;1790;1806;1918;1935;1953;1971;1988;2006;2024;2041;2059;2077;2203;2222;2241;2260;2279;2298;2317;2336;2356;2375;2516;2536;2557;2577;2598;2618;2638;2659;2679;2700;2727;2754;2782;2810;2838;2866;2895;2924;2953;2982;3012;3042;3073;3104;3135;3166;3198;3230;3262;3295;3327;3361;3394;3428;3463;3497;3532;3567;3603;3639;3676;3712;3749;3787;3825;3863;3902;3941;3980;4020;4060;4101;4142;4183;4225;4267;4310;4353;4397;4441;4485;4530;4575;4621;4667;4714;4761;4808;4857;4905;4954;5004;5054;5104;5155;5207;5259;5311;5365;5418;5472;5527;5582;5638;5695;5752;5809;5867;5926;5985;6045;6105;6166;6228;6290;6353;6417;6481;6546;6611;6677;6744;6812;6880;6949;7018;7088;7159;7231;7303>,23,<46;46;46;46;46;51;51;51;51;51;55;55;55;55;55;60;60;60;60;60;65;65;65;65;65;70;70;70;70;70;75;75;75;75;75;80;80;80;80;80;85;85;85;85;85;90;90;90;90;90;95;95;95;95;95;100;100;100;100;100;104;104;104;104;104;109;109;109;109;109;114;114;114;114;114;119;119;119;119;119;124;124;124;124;124;129;129;129;129;129;134;134;134;134;134;139;139;139;139;139;140;142;143;145;146;148;149;151;152;154;155;157;158;160;161;163;165;166;168;170;171;173;175;176;178;180;182;184;185;187;189;191;193;195;197;199;201;203;205;207;209;211;213;215;218;220;222;224;226;229;231;233;236;238;240;243;245;248;250;253;255;258;260;263;265;268;271;273;276;279;282;285;287;290;293;296;299;302;305;308;311;314;317;321;324;327;330;334;337;340;344;347;351;354;358;361;365;369;372;376>,0,<>,,{drawcard=huang_effect_loop}
40761,庇护,庇護,shelter,shelter,비호,abrigo,7,1,config/item/gem/icon_2_h_1.png,6,辅助向符石,輔助向符石,Support-type,Support-type,서포트 룬스톤,Tipo de suporte,ประเภทการสนับสนุน,9999,{529=2000},100,6,7,<1000;1015;1030;1045;1060;1075;1090;1105;1120;1135;1160;1176;1192;1208;1224;1240;1256;1272;1288;1304;1340;1357;1374;1391;1408;1425;1442;1459;1476;1493;1540;1558;1576;1594;1612;1630;1648;1666;1684;1702;1960;1984;2008;2032;2056;2080;2104;2128;2152;2176;2300;2326;2352;2378;2404;2430;2456;2482;2508;2534;2680;2708;2736;2764;2792;2820;2848;2876;2904;2932;3100;3130;3160;3190;3220;3250;3280;3310;3340;3370;3560;3592;3624;3656;3688;3720;3752;3784;3816;3848;3880;3912;3944;3976;4008;4040;4072;4104;4136;4168;4210;4252;4294;4337;4381;4424;4469;4513;4558;4604;4650;4697;4744;4791;4839;4887;4936;4986;5035;5086;5137;5188;5240;5292;5345;5399;5453;5507;5562;5618;5674;5731;5788;5846;5904;5963;6023;6083;6144;6206;6268;6330;6394;6458;6522;6587;6653;6720;6787;6855;6923;6993;7063;7133;7204;7277;7349;7423;7497;7572;7648;7724;7801;7879;7958;8038;8118;8199;8281;8364;8448;8532;8618;8704;8791;8879;8968;9057;9148;9239;9332;9425;9519;9614;9711;9808;9906;10005;10105;10206;10308;10411;10515;10620;10727;10834;10942;11052;11162;11274>,8,<1000;1015;1030;1045;1060;1075;1090;1105;1120;1135;1160;1176;1192;1208;1224;1240;1256;1272;1288;1304;1340;1357;1374;1391;1408;1425;1442;1459;1476;1493;1540;1558;1576;1594;1612;1630;1648;1666;1684;1702;1960;1984;2008;2032;2056;2080;2104;2128;2152;2176;2300;2326;2352;2378;2404;2430;2456;2482;2508;2534;2680;2708;2736;2764;2792;2820;2848;2876;2904;2932;3100;3130;3160;3190;3220;3250;3280;3310;3340;3370;3560;3592;3624;3656;3688;3720;3752;3784;3816;3848;3880;3912;3944;3976;4008;4040;4072;4104;4136;4168;4210;4252;4294;4337;4381;4424;4469;4513;4558;4604;4650;4697;4744;4791;4839;4887;4936;4986;5035;5086;5137;5188;5240;5292;5345;5399;5453;5507;5562;5618;5674;5731;5788;5846;5904;5963;6023;6083;6144;6206;6268;6330;6394;6458;6522;6587;6653;6720;6787;6855;6923;6993;7063;7133;7204;7277;7349;7423;7497;7572;7648;7724;7801;7879;7958;8038;8118;8199;8281;8364;8448;8532;8618;8704;8791;8879;8968;9057;9148;9239;9332;9425;9519;9614;9711;9808;9906;10005;10105;10206;10308;10411;10515;10620;10727;10834;10942;11052;11162;11274>,16,<112;112;112;112;112;124;124;124;124;124;136;136;136;136;136;148;148;148;148;148;160;160;160;160;160;172;172;172;172;172;184;184;184;184;184;196;196;196;196;196;208;208;208;208;208;220;220;220;220;220;232;232;232;232;232;244;244;244;244;244;256;256;256;256;256;268;268;268;268;268;280;280;280;280;280;292;292;292;292;292;304;304;304;304;304;316;316;316;316;316;328;328;328;328;328;340;340;340;340;340;343;347;350;354;357;361;365;368;372;376;379;383;387;391;395;399;403;407;411;415;419;423;427;432;436;440;445;449;454;458;463;467;472;477;482;486;491;496;501;506;511;516;522;527;532;537;543;548;554;559;565;570;576;582;588;594;600;606;612;618;624;630;636;643;649;656;662;669;676;682;689;696;703;710;717;724;732;739;746;754;761;769;777;784;792;800;808;816;824;833;841;849;858;866;875;884;893;902;911;920>,0,<>,0,<>,,{drawcard=hong_effect_loop}
40762,庇护,庇護,shelter,shelter,비호,abrigo,7,2,config/item/gem/icon_2_h_2.png,6,辅助向符石,輔助向符石,Support-type,Support-type,서포트 룬스톤,Tipo de suporte,ประเภทการสนับสนุน,9999,{529=2000},100,6,1,<5040;5116;5191;5267;5342;5418;5494;5569;5645;5720;5846;5927;6008;6088;6169;6250;6330;6411;6492;6572;6754;6839;6925;7011;7096;7182;7268;7353;7439;7525;7762;7852;7943;8034;8124;8215;8306;8397;8487;8578;9878;9999;10120;10241;10362;10483;10604;10725;10846;10967;11592;11723;11854;11985;12116;12247;12378;12509;12640;12771;13507;13648;13789;13931;14072;14213;14354;14495;14636;14777;15624;15775;15926;16078;16229;16380;16531;16682;16834;16985;17942;18104;18265;18426;18588;18749;18910;19071;19233;19394;19555;19716;19878;20039;20200;20362;20523;20684;20845;21007;21217;21429;21644;21860;22079;22299;22522;22748;22975;23205;23437;23671;23908;24147;24388;24632;24879;25127;25379;25633;25889;26148;26409;26673;26940;27209;27482;27756;28034;28314;28597;28883;29172;29464;29759;30056;30357;30660;30967;31277;31589;31905;32224;32547;32872;33201;33533;33868;34207;34549;34894;35243;35596;35952;36311;36674;37041;37411;37785;38163;38545;38930;39320;39713;40110;40511;40916;41325;41739;42156;42578;43003;43433;43868;44306;44750;45197;45649;46105;46567;47032;47503;47978;48457;48942;49431;49926;50425;50929;51438;51953;52472;52997;53527;54062;54603;55149;55700;56257;56820>,7,<1000;1015;1030;1045;1060;1075;1090;1105;1120;1135;1160;1176;1192;1208;1224;1240;1256;1272;1288;1304;1340;1357;1374;1391;1408;1425;1442;1459;1476;1493;1540;1558;1576;1594;1612;1630;1648;1666;1684;1702;1960;1984;2008;2032;2056;2080;2104;2128;2152;2176;2300;2326;2352;2378;2404;2430;2456;2482;2508;2534;2680;2708;2736;2764;2792;2820;2848;2876;2904;2932;3100;3130;3160;3190;3220;3250;3280;3310;3340;3370;3560;3592;3624;3656;3688;3720;3752;3784;3816;3848;3880;3912;3944;3976;4008;4040;4072;4104;4136;4168;4210;4252;4294;4337;4381;4424;4469;4513;4558;4604;4650;4697;4744;4791;4839;4887;4936;4986;5035;5086;5137;5188;5240;5292;5345;5399;5453;5507;5562;5618;5674;5731;5788;5846;5904;5963;6023;6083;6144;6206;6268;6330;6394;6458;6522;6587;6653;6720;6787;6855;6923;6993;7063;7133;7204;7277;7349;7423;7497;7572;7648;7724;7801;7879;7958;8038;8118;8199;8281;8364;8448;8532;8618;8704;8791;8879;8968;9057;9148;9239;9332;9425;9519;9614;9711;9808;9906;10005;10105;10206;10308;10411;10515;10620;10727;10834;10942;11052;11162;11274>,8,<1000;1015;1030;1045;1060;1075;1090;1105;1120;1135;1160;1176;1192;1208;1224;1240;1256;1272;1288;1304;1340;1357;1374;1391;1408;1425;1442;1459;1476;1493;1540;1558;1576;1594;1612;1630;1648;1666;1684;1702;1960;1984;2008;2032;2056;2080;2104;2128;2152;2176;2300;2326;2352;2378;2404;2430;2456;2482;2508;2534;2680;2708;2736;2764;2792;2820;2848;2876;2904;2932;3100;3130;3160;3190;3220;3250;3280;3310;3340;3370;3560;3592;3624;3656;3688;3720;3752;3784;3816;3848;3880;3912;3944;3976;4008;4040;4072;4104;4136;4168;4210;4252;4294;4337;4381;4424;4469;4513;4558;4604;4650;4697;4744;4791;4839;4887;4936;4986;5035;5086;5137;5188;5240;5292;5345;5399;5453;5507;5562;5618;5674;5731;5788;5846;5904;5963;6023;6083;6144;6206;6268;6330;6394;6458;6522;6587;6653;6720;6787;6855;6923;6993;7063;7133;7204;7277;7349;7423;7497;7572;7648;7724;7801;7879;7958;8038;8118;8199;8281;8364;8448;8532;8618;8704;8791;8879;8968;9057;9148;9239;9332;9425;9519;9614;9711;9808;9906;10005;10105;10206;10308;10411;10515;10620;10727;10834;10942;11052;11162;11274>,22,<67;67;67;67;67;74;74;74;74;74;82;82;82;82;82;89;89;89;89;89;96;96;96;96;96;103;103;103;103;103;110;110;110;110;110;118;118;118;118;118;125;125;125;125;125;132;132;132;132;132;139;139;139;139;139;146;146;146;146;146;154;154;154;154;154;161;161;161;161;161;168;168;168;168;168;175;175;175;175;175;182;182;182;182;182;190;190;190;190;190;197;197;197;197;197;204;204;204;204;204;206;208;210;212;214;217;219;221;223;225;228;230;232;234;237;239;242;244;246;249;251;254;256;259;262;264;267;270;272;275;278;280;283;286;289;292;295;298;301;304;307;310;313;316;319;322;326;329;332;336;339;342;346;349;353;356;360;363;367;371;374;378;382;386;390;393;397;401;405;409;413;418;422;426;430;435;439;443;448;452;457;461;466;471;475;480;485;490;495;500;505;510;515;520;525;530;536;541;546;552>,0,<>,,{drawcard=hong_effect_loop}
40763,庇护,庇護,shelter,shelter,비호,abrigo,7,3,config/item/gem/icon_2_h_3.png,6,辅助向符石,輔助向符石,Support-type,Support-type,서포트 룬스톤,Tipo de suporte,ประเภทการสนับสนุน,9999,{529=2000},100,6,1,<5040;5116;5191;5267;5342;5418;5494;5569;5645;5720;5846;5927;6008;6088;6169;6250;6330;6411;6492;6572;6754;6839;6925;7011;7096;7182;7268;7353;7439;7525;7762;7852;7943;8034;8124;8215;8306;8397;8487;8578;9878;9999;10120;10241;10362;10483;10604;10725;10846;10967;11592;11723;11854;11985;12116;12247;12378;12509;12640;12771;13507;13648;13789;13931;14072;14213;14354;14495;14636;14777;15624;15775;15926;16078;16229;16380;16531;16682;16834;16985;17942;18104;18265;18426;18588;18749;18910;19071;19233;19394;19555;19716;19878;20039;20200;20362;20523;20684;20845;21007;21217;21429;21644;21860;22079;22299;22522;22748;22975;23205;23437;23671;23908;24147;24388;24632;24879;25127;25379;25633;25889;26148;26409;26673;26940;27209;27482;27756;28034;28314;28597;28883;29172;29464;29759;30056;30357;30660;30967;31277;31589;31905;32224;32547;32872;33201;33533;33868;34207;34549;34894;35243;35596;35952;36311;36674;37041;37411;37785;38163;38545;38930;39320;39713;40110;40511;40916;41325;41739;42156;42578;43003;43433;43868;44306;44750;45197;45649;46105;46567;47032;47503;47978;48457;48942;49431;49926;50425;50929;51438;51953;52472;52997;53527;54062;54603;55149;55700;56257;56820>,7,<1000;1015;1030;1045;1060;1075;1090;1105;1120;1135;1160;1176;1192;1208;1224;1240;1256;1272;1288;1304;1340;1357;1374;1391;1408;1425;1442;1459;1476;1493;1540;1558;1576;1594;1612;1630;1648;1666;1684;1702;1960;1984;2008;2032;2056;2080;2104;2128;2152;2176;2300;2326;2352;2378;2404;2430;2456;2482;2508;2534;2680;2708;2736;2764;2792;2820;2848;2876;2904;2932;3100;3130;3160;3190;3220;3250;3280;3310;3340;3370;3560;3592;3624;3656;3688;3720;3752;3784;3816;3848;3880;3912;3944;3976;4008;4040;4072;4104;4136;4168;4210;4252;4294;4337;4381;4424;4469;4513;4558;4604;4650;4697;4744;4791;4839;4887;4936;4986;5035;5086;5137;5188;5240;5292;5345;5399;5453;5507;5562;5618;5674;5731;5788;5846;5904;5963;6023;6083;6144;6206;6268;6330;6394;6458;6522;6587;6653;6720;6787;6855;6923;6993;7063;7133;7204;7277;7349;7423;7497;7572;7648;7724;7801;7879;7958;8038;8118;8199;8281;8364;8448;8532;8618;8704;8791;8879;8968;9057;9148;9239;9332;9425;9519;9614;9711;9808;9906;10005;10105;10206;10308;10411;10515;10620;10727;10834;10942;11052;11162;11274>,8,<1000;1015;1030;1045;1060;1075;1090;1105;1120;1135;1160;1176;1192;1208;1224;1240;1256;1272;1288;1304;1340;1357;1374;1391;1408;1425;1442;1459;1476;1493;1540;1558;1576;1594;1612;1630;1648;1666;1684;1702;1960;1984;2008;2032;2056;2080;2104;2128;2152;2176;2300;2326;2352;2378;2404;2430;2456;2482;2508;2534;2680;2708;2736;2764;2792;2820;2848;2876;2904;2932;3100;3130;3160;3190;3220;3250;3280;3310;3340;3370;3560;3592;3624;3656;3688;3720;3752;3784;3816;3848;3880;3912;3944;3976;4008;4040;4072;4104;4136;4168;4210;4252;4294;4337;4381;4424;4469;4513;4558;4604;4650;4697;4744;4791;4839;4887;4936;4986;5035;5086;5137;5188;5240;5292;5345;5399;5453;5507;5562;5618;5674;5731;5788;5846;5904;5963;6023;6083;6144;6206;6268;6330;6394;6458;6522;6587;6653;6720;6787;6855;6923;6993;7063;7133;7204;7277;7349;7423;7497;7572;7648;7724;7801;7879;7958;8038;8118;8199;8281;8364;8448;8532;8618;8704;8791;8879;8968;9057;9148;9239;9332;9425;9519;9614;9711;9808;9906;10005;10105;10206;10308;10411;10515;10620;10727;10834;10942;11052;11162;11274>,23,<67;67;67;67;67;74;74;74;74;74;82;82;82;82;82;89;89;89;89;89;96;96;96;96;96;103;103;103;103;103;110;110;110;110;110;118;118;118;118;118;125;125;125;125;125;132;132;132;132;132;139;139;139;139;139;146;146;146;146;146;154;154;154;154;154;161;161;161;161;161;168;168;168;168;168;175;175;175;175;175;182;182;182;182;182;190;190;190;190;190;197;197;197;197;197;204;204;204;204;204;206;208;210;212;214;217;219;221;223;225;228;230;232;234;237;239;242;244;246;249;251;254;256;259;262;264;267;270;272;275;278;280;283;286;289;292;295;298;301;304;307;310;313;316;319;322;326;329;332;336;339;342;346;349;353;356;360;363;367;371;374;378;382;386;390;393;397;401;405;409;413;418;422;426;430;435;439;443;448;452;457;461;466;471;475;480;485;490;495;500;505;510;515;520;525;530;536;541;546;552>,0,<>,,{drawcard=hong_effect_loop}
40821,闪耀,閃耀,shine,shine,반짝임,brilhar,8,1,config/item/gem/icon_5_lv_1.png,2,辅助向符石,輔助向符石,Support-type,Support-type,서포트 룬스톤,Tipo de suporte,ประเภทการสนับสนุน,9999,{529=20},100,2,7,<200;203;206;209;212;215;218;221;224;227;232;235;238;242;245;248;251;254;258;261;268;271;275;278;282;285;288;292;295;299;308;312;315;319;322;326;330;333;337;340;360;364;368;372;376;380;384;388;392;396;420;424;429;433;438;442;446;451;455;460;488;493;498;502;507;512;517;522;526;531;564;569;574;580;585;590;595;600;606;611;648;654;659;665;670;676;682;687;693;698;740;746;752;758;764;770;776;782;788;794;802;810;818;826;835;843;851;860;868;877;886;895;904;913;922;931;940;950;959;969;979;988;998;1008;1018;1028;1039;1049;1060;1070;1081;1092;1103;1114;1125;1136;1147;1159;1170;1182;1194;1206;1218;1230;1242;1255;1267;1280;1293;1306;1319;1332;1345;1359;1372;1386;1400;1414;1428;1442;1457;1471;1486;1501;1516;1531;1547;1562;1578;1593;1609;1625;1642;1658;1675;1691;1708;1725;1743;1760;1778;1795;1813;1832;1850;1868;1887;1906;1925;1944;1964;1983;2003;2023;2043;2064;2084;2105;2126;2148>,8,<200;203;206;209;212;215;218;221;224;227;232;235;238;242;245;248;251;254;258;261;268;271;275;278;282;285;288;292;295;299;308;312;315;319;322;326;330;333;337;340;360;364;368;372;376;380;384;388;392;396;420;424;429;433;438;442;446;451;455;460;488;493;498;502;507;512;517;522;526;531;564;569;574;580;585;590;595;600;606;611;648;654;659;665;670;676;682;687;693;698;740;746;752;758;764;770;776;782;788;794;802;810;818;826;835;843;851;860;868;877;886;895;904;913;922;931;940;950;959;969;979;988;998;1008;1018;1028;1039;1049;1060;1070;1081;1092;1103;1114;1125;1136;1147;1159;1170;1182;1194;1206;1218;1230;1242;1255;1267;1280;1293;1306;1319;1332;1345;1359;1372;1386;1400;1414;1428;1442;1457;1471;1486;1501;1516;1531;1547;1562;1578;1593;1609;1625;1642;1658;1675;1691;1708;1725;1743;1760;1778;1795;1813;1832;1850;1868;1887;1906;1925;1944;1964;1983;2003;2023;2043;2064;2084;2105;2126;2148>,14,<22;22;22;22;22;25;25;25;25;25;27;27;27;27;27;30;30;30;30;30;32;32;32;32;32;34;34;34;34;34;37;37;37;37;37;39;39;39;39;39;42;42;42;42;42;44;44;44;44;44;46;46;46;46;46;49;49;49;49;49;51;51;51;51;51;54;54;54;54;54;56;56;56;56;56;58;58;58;58;58;61;61;61;61;61;63;63;63;63;63;66;66;66;66;66;68;68;68;68;68;69;69;70;71;71;72;73;74;74;75;76;77;77;78;79;80;81;81;82;83;84;85;85;86;87;88;89;90;91;92;93;93;94;95;96;97;98;99;100;101;102;103;104;105;106;107;109;110;111;112;113;114;115;116;118;119;120;121;122;124;125;126;127;129;130;131;132;134;135;136;138;139;141;142;143;145;146;148;149;151;152;154;155;157;158;160;162;163;165;167;168;170;172;173;175;177;179;180;182;184>,0,<>,0,<>,,{drawcard=false;gain=false}
40822,闪耀,閃耀,shine,shine,반짝임,brilhar,8,2,config/item/gem/icon_5_lv_2.png,2,辅助向符石,輔助向符石,Support-type,Support-type,서포트 룬스톤,Tipo de suporte,ประเภทการสนับสนุน,9999,{529=20},100,2,1,<1008;1023;1038;1053;1068;1084;1099;1114;1129;1144;1169;1185;1202;1218;1234;1250;1266;1282;1298;1314;1351;1368;1385;1402;1419;1436;1454;1471;1488;1505;1552;1570;1589;1607;1625;1643;1661;1679;1697;1716;1814;1835;1855;1875;1895;1915;1935;1956;1976;1996;2117;2139;2161;2183;2206;2228;2250;2272;2294;2316;2460;2484;2508;2532;2556;2580;2605;2629;2653;2677;2843;2869;2895;2921;2947;2974;3000;3026;3052;3078;3266;3294;3322;3351;3379;3407;3435;3463;3492;3520;3730;3760;3790;3820;3851;3881;3911;3941;3972;4002;4042;4082;4123;4164;4206;4248;4291;4334;4377;4421;4465;4510;4555;4600;4646;4693;4740;4787;4835;4883;4932;4981;5031;5081;5132;5184;5235;5288;5341;5394;5448;5503;5558;5613;5669;5726;5783;5841;5899;5958;6018;6078;6139;6200;6262;6325;6388;6452;6517;6582;6648;6714;6781;6849;6918;6987;7057;7127;7198;7270;7343;7417;7491;7566;7641;7718;7795;7873;7952;8031;8111;8192;8274;8357;8441;8525;8610;8696;8783;8871;8960;9050;9140;9232;9324;9417;9511;9606;9702;9799;9897;9996;10096;10197;10299;10402;10506;10611;10717;10825>,7,<200;203;206;209;212;215;218;221;224;227;232;235;238;242;245;248;251;254;258;261;268;271;275;278;282;285;288;292;295;299;308;312;315;319;322;326;330;333;337;340;360;364;368;372;376;380;384;388;392;396;420;424;429;433;438;442;446;451;455;460;488;493;498;502;507;512;517;522;526;531;564;569;574;580;585;590;595;600;606;611;648;654;659;665;670;676;682;687;693;698;740;746;752;758;764;770;776;782;788;794;802;810;818;826;835;843;851;860;868;877;886;895;904;913;922;931;940;950;959;969;979;988;998;1008;1018;1028;1039;1049;1060;1070;1081;1092;1103;1114;1125;1136;1147;1159;1170;1182;1194;1206;1218;1230;1242;1255;1267;1280;1293;1306;1319;1332;1345;1359;1372;1386;1400;1414;1428;1442;1457;1471;1486;1501;1516;1531;1547;1562;1578;1593;1609;1625;1642;1658;1675;1691;1708;1725;1743;1760;1778;1795;1813;1832;1850;1868;1887;1906;1925;1944;1964;1983;2003;2023;2043;2064;2084;2105;2126;2148>,8,<200;203;206;209;212;215;218;221;224;227;232;235;238;242;245;248;251;254;258;261;268;271;275;278;282;285;288;292;295;299;308;312;315;319;322;326;330;333;337;340;360;364;368;372;376;380;384;388;392;396;420;424;429;433;438;442;446;451;455;460;488;493;498;502;507;512;517;522;526;531;564;569;574;580;585;590;595;600;606;611;648;654;659;665;670;676;682;687;693;698;740;746;752;758;764;770;776;782;788;794;802;810;818;826;835;843;851;860;868;877;886;895;904;913;922;931;940;950;959;969;979;988;998;1008;1018;1028;1039;1049;1060;1070;1081;1092;1103;1114;1125;1136;1147;1159;1170;1182;1194;1206;1218;1230;1242;1255;1267;1280;1293;1306;1319;1332;1345;1359;1372;1386;1400;1414;1428;1442;1457;1471;1486;1501;1516;1531;1547;1562;1578;1593;1609;1625;1642;1658;1675;1691;1708;1725;1743;1760;1778;1795;1813;1832;1850;1868;1887;1906;1925;1944;1964;1983;2003;2023;2043;2064;2084;2105;2126;2148>,15,<34;34;34;34;34;37;37;37;37;37;41;41;41;41;41;44;44;44;44;44;48;48;48;48;48;52;52;52;52;52;55;55;55;55;55;59;59;59;59;59;62;62;62;62;62;66;66;66;66;66;70;70;70;70;70;73;73;73;73;73;77;77;77;77;77;80;80;80;80;80;84;84;84;84;84;88;88;88;88;88;91;91;91;91;91;95;95;95;95;95;98;98;98;98;98;102;102;102;102;102;103;104;105;106;107;108;109;110;112;113;114;115;116;117;118;120;121;122;123;124;126;127;128;130;131;132;133;135;136;137;139;140;142;143;144;146;147;149;150;152;153;155;156;158;160;161;163;164;166;168;169;171;173;175;176;178;180;182;183;185;187;189;191;193;195;197;199;201;203;205;207;209;211;213;215;217;219;222;224;226;228;231;233;235;238;240;242;245;247;250;252;255;257;260;263;265;268;270;273;276>,0,<>,,{drawcard=false;gain=false}
40823,闪耀,閃耀,shine,shine,반짝임,brilhar,8,3,config/item/gem/icon_5_lv_3.png,2,辅助向符石,輔助向符石,Support-type,Support-type,서포트 룬스톤,Tipo de suporte,ประเภทการสนับสนุน,9999,{529=20},100,2,1,<1008;1023;1038;1053;1068;1084;1099;1114;1129;1144;1169;1185;1202;1218;1234;1250;1266;1282;1298;1314;1351;1368;1385;1402;1419;1436;1454;1471;1488;1505;1552;1570;1589;1607;1625;1643;1661;1679;1697;1716;1814;1835;1855;1875;1895;1915;1935;1956;1976;1996;2117;2139;2161;2183;2206;2228;2250;2272;2294;2316;2460;2484;2508;2532;2556;2580;2605;2629;2653;2677;2843;2869;2895;2921;2947;2974;3000;3026;3052;3078;3266;3294;3322;3351;3379;3407;3435;3463;3492;3520;3730;3760;3790;3820;3851;3881;3911;3941;3972;4002;4042;4082;4123;4164;4206;4248;4291;4334;4377;4421;4465;4510;4555;4600;4646;4693;4740;4787;4835;4883;4932;4981;5031;5081;5132;5184;5235;5288;5341;5394;5448;5503;5558;5613;5669;5726;5783;5841;5899;5958;6018;6078;6139;6200;6262;6325;6388;6452;6517;6582;6648;6714;6781;6849;6918;6987;7057;7127;7198;7270;7343;7417;7491;7566;7641;7718;7795;7873;7952;8031;8111;8192;8274;8357;8441;8525;8610;8696;8783;8871;8960;9050;9140;9232;9324;9417;9511;9606;9702;9799;9897;9996;10096;10197;10299;10402;10506;10611;10717;10825>,7,<200;203;206;209;212;215;218;221;224;227;232;235;238;242;245;248;251;254;258;261;268;271;275;278;282;285;288;292;295;299;308;312;315;319;322;326;330;333;337;340;360;364;368;372;376;380;384;388;392;396;420;424;429;433;438;442;446;451;455;460;488;493;498;502;507;512;517;522;526;531;564;569;574;580;585;590;595;600;606;611;648;654;659;665;670;676;682;687;693;698;740;746;752;758;764;770;776;782;788;794;802;810;818;826;835;843;851;860;868;877;886;895;904;913;922;931;940;950;959;969;979;988;998;1008;1018;1028;1039;1049;1060;1070;1081;1092;1103;1114;1125;1136;1147;1159;1170;1182;1194;1206;1218;1230;1242;1255;1267;1280;1293;1306;1319;1332;1345;1359;1372;1386;1400;1414;1428;1442;1457;1471;1486;1501;1516;1531;1547;1562;1578;1593;1609;1625;1642;1658;1675;1691;1708;1725;1743;1760;1778;1795;1813;1832;1850;1868;1887;1906;1925;1944;1964;1983;2003;2023;2043;2064;2084;2105;2126;2148>,8,<200;203;206;209;212;215;218;221;224;227;232;235;238;242;245;248;251;254;258;261;268;271;275;278;282;285;288;292;295;299;308;312;315;319;322;326;330;333;337;340;360;364;368;372;376;380;384;388;392;396;420;424;429;433;438;442;446;451;455;460;488;493;498;502;507;512;517;522;526;531;564;569;574;580;585;590;595;600;606;611;648;654;659;665;670;676;682;687;693;698;740;746;752;758;764;770;776;782;788;794;802;810;818;826;835;843;851;860;868;877;886;895;904;913;922;931;940;950;959;969;979;988;998;1008;1018;1028;1039;1049;1060;1070;1081;1092;1103;1114;1125;1136;1147;1159;1170;1182;1194;1206;1218;1230;1242;1255;1267;1280;1293;1306;1319;1332;1345;1359;1372;1386;1400;1414;1428;1442;1457;1471;1486;1501;1516;1531;1547;1562;1578;1593;1609;1625;1642;1658;1675;1691;1708;1725;1743;1760;1778;1795;1813;1832;1850;1868;1887;1906;1925;1944;1964;1983;2003;2023;2043;2064;2084;2105;2126;2148>,16,<22;22;22;22;22;25;25;25;25;25;27;27;27;27;27;30;30;30;30;30;32;32;32;32;32;34;34;34;34;34;37;37;37;37;37;39;39;39;39;39;42;42;42;42;42;44;44;44;44;44;46;46;46;46;46;49;49;49;49;49;51;51;51;51;51;54;54;54;54;54;56;56;56;56;56;58;58;58;58;58;61;61;61;61;61;63;63;63;63;63;66;66;66;66;66;68;68;68;68;68;69;69;70;71;71;72;73;74;74;75;76;77;77;78;79;80;81;81;82;83;84;85;85;86;87;88;89;90;91;92;93;93;94;95;96;97;98;99;100;101;102;103;104;105;106;107;109;110;111;112;113;114;115;116;118;119;120;121;122;124;125;126;127;129;130;131;132;134;135;136;138;139;141;142;143;145;146;148;149;151;152;154;155;157;158;160;162;163;165;167;168;170;172;173;175;177;179;180;182;184>,0,<>,,{drawcard=false;gain=false}
40831,闪耀,閃耀,shine,shine,반짝임,brilhar,8,1,config/item/gem/icon_5_l_1.png,3,辅助向符石,輔助向符石,Support-type,Support-type,서포트 룬스톤,Tipo de suporte,ประเภทการสนับสนุน,9999,{529=40},100,3,7,<300;305;309;314;318;323;327;332;336;341;348;353;358;362;367;372;377;382;386;391;402;407;412;417;422;428;433;438;443;448;462;467;473;478;484;489;494;500;505;511;540;546;552;558;564;570;576;582;588;594;630;637;643;650;656;663;670;676;683;689;732;739;746;754;761;768;775;782;790;797;846;854;862;869;877;885;893;901;908;916;972;980;989;997;1006;1014;1022;1031;1039;1048;1110;1119;1128;1137;1146;1155;1164;1173;1182;1191;1203;1215;1227;1239;1252;1264;1277;1290;1303;1316;1329;1342;1355;1369;1383;1397;1411;1425;1439;1453;1468;1482;1497;1512;1527;1543;1558;1574;1589;1605;1621;1638;1654;1670;1687;1704;1721;1738;1756;1773;1791;1809;1827;1845;1864;1882;1901;1920;1939;1959;1978;1998;2018;2038;2059;2079;2100;2121;2142;2164;2185;2207;2229;2252;2274;2297;2320;2343;2366;2390;2414;2438;2462;2487;2512;2537;2562;2588;2614;2640;2667;2693;2720;2747;2775;2803;2831;2859;2887;2916;2945;2975;3005;3035;3065;3096;3127;3158;3190;3221>,8,<300;305;309;314;318;323;327;332;336;341;348;353;358;362;367;372;377;382;386;391;402;407;412;417;422;428;433;438;443;448;462;467;473;478;484;489;494;500;505;511;540;546;552;558;564;570;576;582;588;594;630;637;643;650;656;663;670;676;683;689;732;739;746;754;761;768;775;782;790;797;846;854;862;869;877;885;893;901;908;916;972;980;989;997;1006;1014;1022;1031;1039;1048;1110;1119;1128;1137;1146;1155;1164;1173;1182;1191;1203;1215;1227;1239;1252;1264;1277;1290;1303;1316;1329;1342;1355;1369;1383;1397;1411;1425;1439;1453;1468;1482;1497;1512;1527;1543;1558;1574;1589;1605;1621;1638;1654;1670;1687;1704;1721;1738;1756;1773;1791;1809;1827;1845;1864;1882;1901;1920;1939;1959;1978;1998;2018;2038;2059;2079;2100;2121;2142;2164;2185;2207;2229;2252;2274;2297;2320;2343;2366;2390;2414;2438;2462;2487;2512;2537;2562;2588;2614;2640;2667;2693;2720;2747;2775;2803;2831;2859;2887;2916;2945;2975;3005;3035;3065;3096;3127;3158;3190;3221>,14,<34;34;34;34;34;37;37;37;37;37;41;41;41;41;41;44;44;44;44;44;48;48;48;48;48;52;52;52;52;52;55;55;55;55;55;59;59;59;59;59;62;62;62;62;62;66;66;66;66;66;70;70;70;70;70;73;73;73;73;73;77;77;77;77;77;80;80;80;80;80;84;84;84;84;84;88;88;88;88;88;91;91;91;91;91;95;95;95;95;95;98;98;98;98;98;102;102;102;102;102;103;104;105;106;107;108;109;110;112;113;114;115;116;117;118;120;121;122;123;124;126;127;128;130;131;132;133;135;136;137;139;140;142;143;144;146;147;149;150;152;153;155;156;158;160;161;163;164;166;168;169;171;173;175;176;178;180;182;183;185;187;189;191;193;195;197;199;201;203;205;207;209;211;213;215;217;219;222;224;226;228;231;233;235;238;240;242;245;247;250;252;255;257;260;263;265;268;270;273;276>,0,<>,0,<>,,{drawcard=false;gain=false}
40832,闪耀,閃耀,shine,shine,반짝임,brilhar,8,2,config/item/gem/icon_5_l_2.png,3,辅助向符石,輔助向符石,Support-type,Support-type,서포트 룬스톤,Tipo de suporte,ประเภทการสนับสนุน,9999,{529=40},100,3,1,<1512;1535;1557;1580;1603;1625;1648;1671;1693;1716;1754;1778;1802;1826;1851;1875;1899;1923;1947;1972;2026;2052;2077;2103;2129;2155;2180;2206;2232;2257;2328;2356;2383;2410;2437;2465;2492;2519;2546;2573;2722;2752;2782;2812;2843;2873;2903;2933;2964;2994;3175;3208;3242;3275;3308;3342;3375;3408;3441;3475;3689;3726;3762;3798;3834;3871;3907;3943;3980;4016;4264;4303;4342;4382;4421;4460;4500;4539;4578;4618;4899;4941;4984;5026;5068;5111;5153;5195;5238;5280;5594;5640;5685;5730;5776;5821;5867;5912;5957;6003;6063;6124;6185;6247;6309;6372;6436;6500;6565;6631;6697;6764;6832;6900;6969;7039;7109;7180;7252;7325;7398;7472;7547;7622;7698;7775;7853;7932;8011;8091;8172;8254;8336;8420;8504;8589;8675;8762;8849;8938;9027;9117;9208;9301;9394;9487;9582;9678;9775;9873;9971;10071;10172;10274;10376;10480;10585;10691;10798;10906;11015;11125;11236;11348;11462;11577;11692;11809;11927;12047;12167;12289;12412;12536;12661;12788;12916;13045;13175;13307;13440;13574;13710;13847;13986;14126;14267;14410;14554;14699;14846;14995;15145;15296;15449;15603;15759;15917;16076;16237>,7,<300;305;309;314;318;323;327;332;336;341;348;353;358;362;367;372;377;382;386;391;402;407;412;417;422;428;433;438;443;448;462;467;473;478;484;489;494;500;505;511;540;546;552;558;564;570;576;582;588;594;630;637;643;650;656;663;670;676;683;689;732;739;746;754;761;768;775;782;790;797;846;854;862;869;877;885;893;901;908;916;972;980;989;997;1006;1014;1022;1031;1039;1048;1110;1119;1128;1137;1146;1155;1164;1173;1182;1191;1203;1215;1227;1239;1252;1264;1277;1290;1303;1316;1329;1342;1355;1369;1383;1397;1411;1425;1439;1453;1468;1482;1497;1512;1527;1543;1558;1574;1589;1605;1621;1638;1654;1670;1687;1704;1721;1738;1756;1773;1791;1809;1827;1845;1864;1882;1901;1920;1939;1959;1978;1998;2018;2038;2059;2079;2100;2121;2142;2164;2185;2207;2229;2252;2274;2297;2320;2343;2366;2390;2414;2438;2462;2487;2512;2537;2562;2588;2614;2640;2667;2693;2720;2747;2775;2803;2831;2859;2887;2916;2945;2975;3005;3035;3065;3096;3127;3158;3190;3221>,8,<300;305;309;314;318;323;327;332;336;341;348;353;358;362;367;372;377;382;386;391;402;407;412;417;422;428;433;438;443;448;462;467;473;478;484;489;494;500;505;511;540;546;552;558;564;570;576;582;588;594;630;637;643;650;656;663;670;676;683;689;732;739;746;754;761;768;775;782;790;797;846;854;862;869;877;885;893;901;908;916;972;980;989;997;1006;1014;1022;1031;1039;1048;1110;1119;1128;1137;1146;1155;1164;1173;1182;1191;1203;1215;1227;1239;1252;1264;1277;1290;1303;1316;1329;1342;1355;1369;1383;1397;1411;1425;1439;1453;1468;1482;1497;1512;1527;1543;1558;1574;1589;1605;1621;1638;1654;1670;1687;1704;1721;1738;1756;1773;1791;1809;1827;1845;1864;1882;1901;1920;1939;1959;1978;1998;2018;2038;2059;2079;2100;2121;2142;2164;2185;2207;2229;2252;2274;2297;2320;2343;2366;2390;2414;2438;2462;2487;2512;2537;2562;2588;2614;2640;2667;2693;2720;2747;2775;2803;2831;2859;2887;2916;2945;2975;3005;3035;3065;3096;3127;3158;3190;3221>,15,<50;50;50;50;50;56;56;56;56;56;61;61;61;61;61;67;67;67;67;67;72;72;72;72;72;77;77;77;77;77;83;83;83;83;83;88;88;88;88;88;94;94;94;94;94;99;99;99;99;99;104;104;104;104;104;110;110;110;110;110;115;115;115;115;115;121;121;121;121;121;126;126;126;126;126;131;131;131;131;131;137;137;137;137;137;142;142;142;142;142;148;148;148;148;148;153;153;153;153;153;155;156;158;159;161;162;164;166;167;169;171;172;174;176;178;179;181;183;185;187;189;190;192;194;196;198;200;202;204;206;208;210;212;215;217;219;221;223;226;228;230;232;235;237;239;242;244;247;249;252;254;257;259;262;264;267;270;272;275;278;281;284;286;289;292;295;298;301;304;307;310;313;316;320;323;326;329;332;336;339;343;346;349;353;356;360;364;367;371;375;378;382;386;390;394;398;402;406;410;414>,0,<>,,{drawcard=false;gain=false}
40833,闪耀,閃耀,shine,shine,반짝임,brilhar,8,3,config/item/gem/icon_5_l_3.png,3,辅助向符石,輔助向符石,Support-type,Support-type,서포트 룬스톤,Tipo de suporte,ประเภทการสนับสนุน,9999,{529=40},100,3,1,<1512;1535;1557;1580;1603;1625;1648;1671;1693;1716;1754;1778;1802;1826;1851;1875;1899;1923;1947;1972;2026;2052;2077;2103;2129;2155;2180;2206;2232;2257;2328;2356;2383;2410;2437;2465;2492;2519;2546;2573;2722;2752;2782;2812;2843;2873;2903;2933;2964;2994;3175;3208;3242;3275;3308;3342;3375;3408;3441;3475;3689;3726;3762;3798;3834;3871;3907;3943;3980;4016;4264;4303;4342;4382;4421;4460;4500;4539;4578;4618;4899;4941;4984;5026;5068;5111;5153;5195;5238;5280;5594;5640;5685;5730;5776;5821;5867;5912;5957;6003;6063;6124;6185;6247;6309;6372;6436;6500;6565;6631;6697;6764;6832;6900;6969;7039;7109;7180;7252;7325;7398;7472;7547;7622;7698;7775;7853;7932;8011;8091;8172;8254;8336;8420;8504;8589;8675;8762;8849;8938;9027;9117;9208;9301;9394;9487;9582;9678;9775;9873;9971;10071;10172;10274;10376;10480;10585;10691;10798;10906;11015;11125;11236;11348;11462;11577;11692;11809;11927;12047;12167;12289;12412;12536;12661;12788;12916;13045;13175;13307;13440;13574;13710;13847;13986;14126;14267;14410;14554;14699;14846;14995;15145;15296;15449;15603;15759;15917;16076;16237>,7,<300;305;309;314;318;323;327;332;336;341;348;353;358;362;367;372;377;382;386;391;402;407;412;417;422;428;433;438;443;448;462;467;473;478;484;489;494;500;505;511;540;546;552;558;564;570;576;582;588;594;630;637;643;650;656;663;670;676;683;689;732;739;746;754;761;768;775;782;790;797;846;854;862;869;877;885;893;901;908;916;972;980;989;997;1006;1014;1022;1031;1039;1048;1110;1119;1128;1137;1146;1155;1164;1173;1182;1191;1203;1215;1227;1239;1252;1264;1277;1290;1303;1316;1329;1342;1355;1369;1383;1397;1411;1425;1439;1453;1468;1482;1497;1512;1527;1543;1558;1574;1589;1605;1621;1638;1654;1670;1687;1704;1721;1738;1756;1773;1791;1809;1827;1845;1864;1882;1901;1920;1939;1959;1978;1998;2018;2038;2059;2079;2100;2121;2142;2164;2185;2207;2229;2252;2274;2297;2320;2343;2366;2390;2414;2438;2462;2487;2512;2537;2562;2588;2614;2640;2667;2693;2720;2747;2775;2803;2831;2859;2887;2916;2945;2975;3005;3035;3065;3096;3127;3158;3190;3221>,8,<300;305;309;314;318;323;327;332;336;341;348;353;358;362;367;372;377;382;386;391;402;407;412;417;422;428;433;438;443;448;462;467;473;478;484;489;494;500;505;511;540;546;552;558;564;570;576;582;588;594;630;637;643;650;656;663;670;676;683;689;732;739;746;754;761;768;775;782;790;797;846;854;862;869;877;885;893;901;908;916;972;980;989;997;1006;1014;1022;1031;1039;1048;1110;1119;1128;1137;1146;1155;1164;1173;1182;1191;1203;1215;1227;1239;1252;1264;1277;1290;1303;1316;1329;1342;1355;1369;1383;1397;1411;1425;1439;1453;1468;1482;1497;1512;1527;1543;1558;1574;1589;1605;1621;1638;1654;1670;1687;1704;1721;1738;1756;1773;1791;1809;1827;1845;1864;1882;1901;1920;1939;1959;1978;1998;2018;2038;2059;2079;2100;2121;2142;2164;2185;2207;2229;2252;2274;2297;2320;2343;2366;2390;2414;2438;2462;2487;2512;2537;2562;2588;2614;2640;2667;2693;2720;2747;2775;2803;2831;2859;2887;2916;2945;2975;3005;3035;3065;3096;3127;3158;3190;3221>,16,<34;34;34;34;34;37;37;37;37;37;41;41;41;41;41;44;44;44;44;44;48;48;48;48;48;52;52;52;52;52;55;55;55;55;55;59;59;59;59;59;62;62;62;62;62;66;66;66;66;66;70;70;70;70;70;73;73;73;73;73;77;77;77;77;77;80;80;80;80;80;84;84;84;84;84;88;88;88;88;88;91;91;91;91;91;95;95;95;95;95;98;98;98;98;98;102;102;102;102;102;103;104;105;106;107;108;109;110;112;113;114;115;116;117;118;120;121;122;123;124;126;127;128;130;131;132;133;135;136;137;139;140;142;143;144;146;147;149;150;152;153;155;156;158;160;161;163;164;166;168;169;171;173;175;176;178;180;182;183;185;187;189;191;193;195;197;199;201;203;205;207;209;211;213;215;217;219;222;224;226;228;231;233;235;238;240;242;245;247;250;252;255;257;260;263;265;268;270;273;276>,0,<>,,{drawcard=false;gain=false}
40841,闪耀,閃耀,shine,shine,반짝임,brilhar,8,1,config/item/gem/icon_5_z_1.png,4,辅助向符石,輔助向符石,Support-type,Support-type,서포트 룬스톤,Tipo de suporte,ประเภทการสนับสนุน,9999,{529=80},100,4,7,<440;447;453;460;466;473;480;486;493;499;510;517;524;532;539;546;553;560;567;574;590;597;605;612;620;627;634;642;649;657;678;686;693;701;709;717;725;733;741;749;792;801;810;818;827;836;845;854;862;871;924;934;943;953;963;972;982;992;1001;1011;1074;1084;1095;1105;1116;1126;1137;1148;1158;1169;1241;1252;1264;1275;1287;1298;1309;1321;1332;1344;1426;1438;1450;1463;1475;1487;1500;1512;1524;1536;1628;1641;1654;1668;1681;1694;1707;1720;1734;1747;1764;1782;1800;1818;1836;1854;1873;1892;1911;1930;1949;1969;1988;2008;2028;2048;2069;2090;2111;2132;2153;2175;2196;2218;2240;2263;2285;2308;2331;2355;2378;2402;2426;2450;2475;2500;2525;2550;2575;2601;2627;2653;2680;2707;2734;2761;2789;2817;2845;2873;2902;2931;2960;2990;3020;3050;3080;3111;3142;3174;3206;3238;3270;3303;3336;3369;3403;3437;3471;3506;3541;3576;3612;3648;3685;3721;3759;3796;3834;3873;3911;3950;3990;4030;4070;4111;4152;4193;4235;4278;4321;4364;4407;4451;4496;4541;4586;4632;4679;4725>,8,<440;447;453;460;466;473;480;486;493;499;510;517;524;532;539;546;553;560;567;574;590;597;605;612;620;627;634;642;649;657;678;686;693;701;709;717;725;733;741;749;792;801;810;818;827;836;845;854;862;871;924;934;943;953;963;972;982;992;1001;1011;1074;1084;1095;1105;1116;1126;1137;1148;1158;1169;1241;1252;1264;1275;1287;1298;1309;1321;1332;1344;1426;1438;1450;1463;1475;1487;1500;1512;1524;1536;1628;1641;1654;1668;1681;1694;1707;1720;1734;1747;1764;1782;1800;1818;1836;1854;1873;1892;1911;1930;1949;1969;1988;2008;2028;2048;2069;2090;2111;2132;2153;2175;2196;2218;2240;2263;2285;2308;2331;2355;2378;2402;2426;2450;2475;2500;2525;2550;2575;2601;2627;2653;2680;2707;2734;2761;2789;2817;2845;2873;2902;2931;2960;2990;3020;3050;3080;3111;3142;3174;3206;3238;3270;3303;3336;3369;3403;3437;3471;3506;3541;3576;3612;3648;3685;3721;3759;3796;3834;3873;3911;3950;3990;4030;4070;4111;4152;4193;4235;4278;4321;4364;4407;4451;4496;4541;4586;4632;4679;4725>,14,<49;49;49;49;49;55;55;55;55;55;60;60;60;60;60;65;65;65;65;65;70;70;70;70;70;76;76;76;76;76;81;81;81;81;81;86;86;86;86;86;92;92;92;92;92;97;97;97;97;97;102;102;102;102;102;107;107;107;107;107;113;113;113;113;113;118;118;118;118;118;123;123;123;123;123;128;128;128;128;128;134;134;134;134;134;139;139;139;139;139;144;144;144;144;144;150;150;150;150;150;152;153;155;156;158;159;161;162;164;166;167;169;171;172;174;176;178;179;181;183;185;187;189;190;192;194;196;198;200;202;204;206;208;210;212;215;217;219;221;223;226;228;230;232;235;237;239;242;244;247;249;252;254;257;259;262;264;267;270;273;275;278;281;284;286;289;292;295;298;301;304;307;310;313;316;320;323;326;329;333;336;339;343;346;349;353;356;360;364;367;371;375;378;382;386;390;394;398;402;406>,0,<>,0,<>,,{drawcard=zi_effect_loop}
40842,闪耀,閃耀,shine,shine,반짝임,brilhar,8,2,config/item/gem/icon_5_z_2.png,4,辅助向符石,輔助向符石,Support-type,Support-type,서포트 룬스톤,Tipo de suporte,ประเภทการสนับสนุน,9999,{529=80},100,4,1,<2218;2251;2285;2318;2351;2384;2418;2451;2484;2517;2573;2608;2644;2679;2715;2750;2786;2821;2857;2892;2972;3010;3048;3085;3123;3161;3198;3236;3274;3311;3416;3456;3496;3535;3575;3615;3655;3695;3735;3775;3992;4037;4081;4125;4170;4214;4259;4303;4347;4392;4658;4707;4755;4804;4853;4902;4951;4999;5048;5097;5412;5465;5518;5572;5625;5678;5731;5785;5838;5891;6255;6312;6370;6428;6485;6543;6601;6658;6716;6774;7186;7248;7311;7373;7435;7497;7559;7621;7683;7745;8207;8273;8340;8406;8473;8539;8606;8672;8739;8805;8893;8982;9072;9163;9254;9347;9440;9535;9630;9726;9823;9922;10021;10121;10222;10325;10428;10532;10637;10744;10851;10960;11069;11180;11292;11405;11519;11634;11750;11868;11986;12106;12227;12350;12473;12598;12724;12851;12980;13109;13241;13373;13507;13642;13778;13916;14055;14196;14338;14481;14626;14772;14920;15069;15220;15372;15526;15681;15838;15996;16156;16318;16481;16646;16812;16980;17150;17321;17495;17670;17846;18025;18205;18387;18571;18757;18944;19134;19325;19518;19713;19910;20110;20311;20514;20719;20926;21135;21347;21560;21776;21994;22214;22436;22660;22887;23115;23347;23580;23816>,7,<440;447;453;460;466;473;480;486;493;499;510;517;524;532;539;546;553;560;567;574;590;597;605;612;620;627;634;642;649;657;678;686;693;701;709;717;725;733;741;749;792;801;810;818;827;836;845;854;862;871;924;934;943;953;963;972;982;992;1001;1011;1074;1084;1095;1105;1116;1126;1137;1148;1158;1169;1241;1252;1264;1275;1287;1298;1309;1321;1332;1344;1426;1438;1450;1463;1475;1487;1500;1512;1524;1536;1628;1641;1654;1668;1681;1694;1707;1720;1734;1747;1764;1782;1800;1818;1836;1854;1873;1892;1911;1930;1949;1969;1988;2008;2028;2048;2069;2090;2111;2132;2153;2175;2196;2218;2240;2263;2285;2308;2331;2355;2378;2402;2426;2450;2475;2500;2525;2550;2575;2601;2627;2653;2680;2707;2734;2761;2789;2817;2845;2873;2902;2931;2960;2990;3020;3050;3080;3111;3142;3174;3206;3238;3270;3303;3336;3369;3403;3437;3471;3506;3541;3576;3612;3648;3685;3721;3759;3796;3834;3873;3911;3950;3990;4030;4070;4111;4152;4193;4235;4278;4321;4364;4407;4451;4496;4541;4586;4632;4679;4725>,8,<440;447;453;460;466;473;480;486;493;499;510;517;524;532;539;546;553;560;567;574;590;597;605;612;620;627;634;642;649;657;678;686;693;701;709;717;725;733;741;749;792;801;810;818;827;836;845;854;862;871;924;934;943;953;963;972;982;992;1001;1011;1074;1084;1095;1105;1116;1126;1137;1148;1158;1169;1241;1252;1264;1275;1287;1298;1309;1321;1332;1344;1426;1438;1450;1463;1475;1487;1500;1512;1524;1536;1628;1641;1654;1668;1681;1694;1707;1720;1734;1747;1764;1782;1800;1818;1836;1854;1873;1892;1911;1930;1949;1969;1988;2008;2028;2048;2069;2090;2111;2132;2153;2175;2196;2218;2240;2263;2285;2308;2331;2355;2378;2402;2426;2450;2475;2500;2525;2550;2575;2601;2627;2653;2680;2707;2734;2761;2789;2817;2845;2873;2902;2931;2960;2990;3020;3050;3080;3111;3142;3174;3206;3238;3270;3303;3336;3369;3403;3437;3471;3506;3541;3576;3612;3648;3685;3721;3759;3796;3834;3873;3911;3950;3990;4030;4070;4111;4152;4193;4235;4278;4321;4364;4407;4451;4496;4541;4586;4632;4679;4725>,15,<74;74;74;74;74;82;82;82;82;82;90;90;90;90;90;98;98;98;98;98;106;106;106;106;106;114;114;114;114;114;121;121;121;121;121;129;129;129;129;129;137;137;137;137;137;145;145;145;145;145;153;153;153;153;153;161;161;161;161;161;169;169;169;169;169;177;177;177;177;177;185;185;185;185;185;193;193;193;193;193;201;201;201;201;201;209;209;209;209;209;216;216;216;216;216;224;224;224;224;224;226;229;231;233;235;238;240;243;245;247;250;252;255;257;260;263;265;268;271;273;276;279;282;284;287;290;293;296;299;302;305;308;311;314;317;320;324;327;330;334;337;340;344;347;351;354;358;361;365;368;372;376;380;383;387;391;395;399;403;407;411;415;419;423;428;432;436;441;445;450;454;459;463;468;472;477;482;487;492;497;502;507;512;517;522;527;532;538;543;548;554;560;565;571;576;582;588;594;600;606>,0,<>,,{drawcard=zi_effect_loop}
40843,闪耀,閃耀,shine,shine,반짝임,brilhar,8,3,config/item/gem/icon_5_z_3.png,4,辅助向符石,輔助向符石,Support-type,Support-type,서포트 룬스톤,Tipo de suporte,ประเภทการสนับสนุน,9999,{529=80},100,4,1,<2218;2251;2285;2318;2351;2384;2418;2451;2484;2517;2573;2608;2644;2679;2715;2750;2786;2821;2857;2892;2972;3010;3048;3085;3123;3161;3198;3236;3274;3311;3416;3456;3496;3535;3575;3615;3655;3695;3735;3775;3992;4037;4081;4125;4170;4214;4259;4303;4347;4392;4658;4707;4755;4804;4853;4902;4951;4999;5048;5097;5412;5465;5518;5572;5625;5678;5731;5785;5838;5891;6255;6312;6370;6428;6485;6543;6601;6658;6716;6774;7186;7248;7311;7373;7435;7497;7559;7621;7683;7745;8207;8273;8340;8406;8473;8539;8606;8672;8739;8805;8893;8982;9072;9163;9254;9347;9440;9535;9630;9726;9823;9922;10021;10121;10222;10325;10428;10532;10637;10744;10851;10960;11069;11180;11292;11405;11519;11634;11750;11868;11986;12106;12227;12350;12473;12598;12724;12851;12980;13109;13241;13373;13507;13642;13778;13916;14055;14196;14338;14481;14626;14772;14920;15069;15220;15372;15526;15681;15838;15996;16156;16318;16481;16646;16812;16980;17150;17321;17495;17670;17846;18025;18205;18387;18571;18757;18944;19134;19325;19518;19713;19910;20110;20311;20514;20719;20926;21135;21347;21560;21776;21994;22214;22436;22660;22887;23115;23347;23580;23816>,7,<440;447;453;460;466;473;480;486;493;499;510;517;524;532;539;546;553;560;567;574;590;597;605;612;620;627;634;642;649;657;678;686;693;701;709;717;725;733;741;749;792;801;810;818;827;836;845;854;862;871;924;934;943;953;963;972;982;992;1001;1011;1074;1084;1095;1105;1116;1126;1137;1148;1158;1169;1241;1252;1264;1275;1287;1298;1309;1321;1332;1344;1426;1438;1450;1463;1475;1487;1500;1512;1524;1536;1628;1641;1654;1668;1681;1694;1707;1720;1734;1747;1764;1782;1800;1818;1836;1854;1873;1892;1911;1930;1949;1969;1988;2008;2028;2048;2069;2090;2111;2132;2153;2175;2196;2218;2240;2263;2285;2308;2331;2355;2378;2402;2426;2450;2475;2500;2525;2550;2575;2601;2627;2653;2680;2707;2734;2761;2789;2817;2845;2873;2902;2931;2960;2990;3020;3050;3080;3111;3142;3174;3206;3238;3270;3303;3336;3369;3403;3437;3471;3506;3541;3576;3612;3648;3685;3721;3759;3796;3834;3873;3911;3950;3990;4030;4070;4111;4152;4193;4235;4278;4321;4364;4407;4451;4496;4541;4586;4632;4679;4725>,8,<440;447;453;460;466;473;480;486;493;499;510;517;524;532;539;546;553;560;567;574;590;597;605;612;620;627;634;642;649;657;678;686;693;701;709;717;725;733;741;749;792;801;810;818;827;836;845;854;862;871;924;934;943;953;963;972;982;992;1001;1011;1074;1084;1095;1105;1116;1126;1137;1148;1158;1169;1241;1252;1264;1275;1287;1298;1309;1321;1332;1344;1426;1438;1450;1463;1475;1487;1500;1512;1524;1536;1628;1641;1654;1668;1681;1694;1707;1720;1734;1747;1764;1782;1800;1818;1836;1854;1873;1892;1911;1930;1949;1969;1988;2008;2028;2048;2069;2090;2111;2132;2153;2175;2196;2218;2240;2263;2285;2308;2331;2355;2378;2402;2426;2450;2475;2500;2525;2550;2575;2601;2627;2653;2680;2707;2734;2761;2789;2817;2845;2873;2902;2931;2960;2990;3020;3050;3080;3111;3142;3174;3206;3238;3270;3303;3336;3369;3403;3437;3471;3506;3541;3576;3612;3648;3685;3721;3759;3796;3834;3873;3911;3950;3990;4030;4070;4111;4152;4193;4235;4278;4321;4364;4407;4451;4496;4541;4586;4632;4679;4725>,16,<49;49;49;49;49;55;55;55;55;55;60;60;60;60;60;65;65;65;65;65;70;70;70;70;70;76;76;76;76;76;81;81;81;81;81;86;86;86;86;86;92;92;92;92;92;97;97;97;97;97;102;102;102;102;102;107;107;107;107;107;113;113;113;113;113;118;118;118;118;118;123;123;123;123;123;128;128;128;128;128;134;134;134;134;134;139;139;139;139;139;144;144;144;144;144;150;150;150;150;150;152;153;155;156;158;159;161;162;164;166;167;169;171;172;174;176;178;179;181;183;185;187;189;190;192;194;196;198;200;202;204;206;208;210;212;215;217;219;221;223;226;228;230;232;235;237;239;242;244;247;249;252;254;257;259;262;264;267;270;273;275;278;281;284;286;289;292;295;298;301;304;307;310;313;316;320;323;326;329;333;336;339;343;346;349;353;356;360;364;367;371;375;378;382;386;390;394;398;402;406>,0,<>,,{drawcard=zi_effect_loop}
40851,闪耀,閃耀,shine,shine,반짝임,brilhar,8,1,config/item/gem/icon_5_hu_1.png,5,辅助向符石,輔助向符石,Support-type,Support-type,서포트 룬스톤,Tipo de suporte,ประเภทการสนับสนุน,9999,{529=400},100,5,7,<680;690;700;711;721;731;741;751;762;772;789;800;811;821;832;843;854;865;876;887;911;923;934;946;957;969;981;992;1004;1015;1047;1059;1072;1084;1096;1108;1121;1133;1145;1157;1224;1238;1251;1265;1278;1292;1306;1319;1333;1346;1428;1443;1458;1473;1488;1503;1518;1533;1548;1563;1659;1676;1692;1708;1724;1741;1757;1773;1790;1806;1918;1935;1953;1971;1988;2006;2024;2041;2059;2077;2203;2222;2241;2260;2279;2298;2317;2336;2356;2375;2516;2536;2557;2577;2598;2618;2638;2659;2679;2700;2727;2754;2782;2810;2838;2866;2895;2924;2953;2982;3012;3042;3073;3104;3135;3166;3198;3230;3262;3295;3327;3361;3394;3428;3463;3497;3532;3567;3603;3639;3676;3712;3749;3787;3825;3863;3902;3941;3980;4020;4060;4101;4142;4183;4225;4267;4310;4353;4397;4441;4485;4530;4575;4621;4667;4714;4761;4808;4857;4905;4954;5004;5054;5104;5155;5207;5259;5311;5365;5418;5472;5527;5582;5638;5695;5752;5809;5867;5926;5985;6045;6105;6166;6228;6290;6353;6417;6481;6546;6611;6677;6744;6812;6880;6949;7018;7088;7159;7231;7303>,8,<680;690;700;711;721;731;741;751;762;772;789;800;811;821;832;843;854;865;876;887;911;923;934;946;957;969;981;992;1004;1015;1047;1059;1072;1084;1096;1108;1121;1133;1145;1157;1224;1238;1251;1265;1278;1292;1306;1319;1333;1346;1428;1443;1458;1473;1488;1503;1518;1533;1548;1563;1659;1676;1692;1708;1724;1741;1757;1773;1790;1806;1918;1935;1953;1971;1988;2006;2024;2041;2059;2077;2203;2222;2241;2260;2279;2298;2317;2336;2356;2375;2516;2536;2557;2577;2598;2618;2638;2659;2679;2700;2727;2754;2782;2810;2838;2866;2895;2924;2953;2982;3012;3042;3073;3104;3135;3166;3198;3230;3262;3295;3327;3361;3394;3428;3463;3497;3532;3567;3603;3639;3676;3712;3749;3787;3825;3863;3902;3941;3980;4020;4060;4101;4142;4183;4225;4267;4310;4353;4397;4441;4485;4530;4575;4621;4667;4714;4761;4808;4857;4905;4954;5004;5054;5104;5155;5207;5259;5311;5365;5418;5472;5527;5582;5638;5695;5752;5809;5867;5926;5985;6045;6105;6166;6228;6290;6353;6417;6481;6546;6611;6677;6744;6812;6880;6949;7018;7088;7159;7231;7303>,14,<76;76;76;76;76;84;84;84;84;84;92;92;92;92;92;101;101;101;101;101;109;109;109;109;109;117;117;117;117;117;125;125;125;125;125;133;133;133;133;133;141;141;141;141;141;150;150;150;150;150;158;158;158;158;158;166;166;166;166;166;174;174;174;174;174;182;182;182;182;182;190;190;190;190;190;199;199;199;199;199;207;207;207;207;207;215;215;215;215;215;223;223;223;223;223;231;231;231;231;231;233;236;238;240;243;245;248;250;253;255;258;260;263;266;268;271;274;276;279;282;285;288;290;293;296;299;302;305;308;311;314;318;321;324;327;331;334;337;341;344;347;351;354;358;361;365;369;372;376;380;384;388;391;395;399;403;407;411;416;420;424;428;432;437;441;445;450;454;459;464;468;473;478;482;487;492;497;502;507;512;517;522;528;533;538;544;549;554;560;566;571;577;583;589;594;600;606;613;619;625>,0,<>,0,<>,,{drawcard=huang_effect_loop}
40852,闪耀,閃耀,shine,shine,반짝임,brilhar,8,2,config/item/gem/icon_5_hu_2.png,5,辅助向符石,輔助向符石,Support-type,Support-type,서포트 룬스톤,Tipo de suporte,ประเภทการสนับสนุน,9999,{529=400},100,5,1,<3427;3478;3530;3581;3633;3684;3735;3787;3838;3890;3975;4030;4085;4140;4195;4249;4304;4359;4414;4469;4592;4650;4709;4767;4825;4883;4942;5000;5058;5117;5278;5339;5401;5463;5524;5586;5648;5709;5771;5833;6169;6237;6306;6374;6443;6511;6580;6648;6717;6785;7197;7272;7347;7423;7498;7574;7649;7724;7800;7875;8362;8444;8526;8609;8691;8773;8855;8938;9020;9102;9664;9753;9842;9931;10021;10110;10199;10288;10377;10466;11103;11199;11295;11391;11487;11583;11679;11775;11871;11967;12680;12783;12886;12988;13091;13194;13297;13400;13502;13605;13741;13878;14017;14157;14299;14442;14586;14732;14880;15028;15179;15330;15484;15639;15795;15953;16112;16274;16436;16601;16767;16934;17104;17275;17447;17622;17798;17976;18156;18337;18521;18706;18893;19082;19273;19466;19660;19857;20055;20256;20459;20663;20870;21078;21289;21502;21717;21934;22154;22375;22599;22825;23053;23284;23517;23752;23989;24229;24471;24716;24963;25213;25465;25720;25977;26237;26499;26764;27032;27302;27575;27851;28129;28411;28695;28982;29271;29564;29860;30158;30460;30765;31072;31383;31697;32014;32334;32657;32984;33314;33647;33983;34323;34666;35013;35363;35717;36074;36435;36799>,7,<680;690;700;711;721;731;741;751;762;772;789;800;811;821;832;843;854;865;876;887;911;923;934;946;957;969;981;992;1004;1015;1047;1059;1072;1084;1096;1108;1121;1133;1145;1157;1224;1238;1251;1265;1278;1292;1306;1319;1333;1346;1428;1443;1458;1473;1488;1503;1518;1533;1548;1563;1659;1676;1692;1708;1724;1741;1757;1773;1790;1806;1918;1935;1953;1971;1988;2006;2024;2041;2059;2077;2203;2222;2241;2260;2279;2298;2317;2336;2356;2375;2516;2536;2557;2577;2598;2618;2638;2659;2679;2700;2727;2754;2782;2810;2838;2866;2895;2924;2953;2982;3012;3042;3073;3104;3135;3166;3198;3230;3262;3295;3327;3361;3394;3428;3463;3497;3532;3567;3603;3639;3676;3712;3749;3787;3825;3863;3902;3941;3980;4020;4060;4101;4142;4183;4225;4267;4310;4353;4397;4441;4485;4530;4575;4621;4667;4714;4761;4808;4857;4905;4954;5004;5054;5104;5155;5207;5259;5311;5365;5418;5472;5527;5582;5638;5695;5752;5809;5867;5926;5985;6045;6105;6166;6228;6290;6353;6417;6481;6546;6611;6677;6744;6812;6880;6949;7018;7088;7159;7231;7303>,8,<680;690;700;711;721;731;741;751;762;772;789;800;811;821;832;843;854;865;876;887;911;923;934;946;957;969;981;992;1004;1015;1047;1059;1072;1084;1096;1108;1121;1133;1145;1157;1224;1238;1251;1265;1278;1292;1306;1319;1333;1346;1428;1443;1458;1473;1488;1503;1518;1533;1548;1563;1659;1676;1692;1708;1724;1741;1757;1773;1790;1806;1918;1935;1953;1971;1988;2006;2024;2041;2059;2077;2203;2222;2241;2260;2279;2298;2317;2336;2356;2375;2516;2536;2557;2577;2598;2618;2638;2659;2679;2700;2727;2754;2782;2810;2838;2866;2895;2924;2953;2982;3012;3042;3073;3104;3135;3166;3198;3230;3262;3295;3327;3361;3394;3428;3463;3497;3532;3567;3603;3639;3676;3712;3749;3787;3825;3863;3902;3941;3980;4020;4060;4101;4142;4183;4225;4267;4310;4353;4397;4441;4485;4530;4575;4621;4667;4714;4761;4808;4857;4905;4954;5004;5054;5104;5155;5207;5259;5311;5365;5418;5472;5527;5582;5638;5695;5752;5809;5867;5926;5985;6045;6105;6166;6228;6290;6353;6417;6481;6546;6611;6677;6744;6812;6880;6949;7018;7088;7159;7231;7303>,15,<114;114;114;114;114;126;126;126;126;126;139;139;139;139;139;151;151;151;151;151;163;163;163;163;163;175;175;175;175;175;188;188;188;188;188;200;200;200;200;200;212;212;212;212;212;224;224;224;224;224;237;237;237;237;237;249;249;249;249;249;261;261;261;261;261;273;273;273;273;273;286;286;286;286;286;298;298;298;298;298;310;310;310;310;310;322;322;322;322;322;335;335;335;335;335;347;347;347;347;347;350;354;358;361;365;368;372;376;380;383;387;391;395;399;403;407;411;415;419;423;428;432;436;441;445;449;454;458;463;468;472;477;482;487;492;496;501;506;512;517;522;527;532;538;543;548;554;559;565;571;576;582;588;594;600;606;612;618;624;630;637;643;649;656;663;669;676;683;689;696;703;710;717;725;732;739;747;754;762;769;777;785;793;800;808;817;825;833;841;850;858;867;875;884;893;902;911;920;929;939>,0,<>,,{drawcard=huang_effect_loop}
40853,闪耀,閃耀,shine,shine,반짝임,brilhar,8,3,config/item/gem/icon_5_hu_3.png,5,辅助向符石,輔助向符石,Support-type,Support-type,서포트 룬스톤,Tipo de suporte,ประเภทการสนับสนุน,9999,{529=400},100,5,1,<3427;3478;3530;3581;3633;3684;3735;3787;3838;3890;3975;4030;4085;4140;4195;4249;4304;4359;4414;4469;4592;4650;4709;4767;4825;4883;4942;5000;5058;5117;5278;5339;5401;5463;5524;5586;5648;5709;5771;5833;6169;6237;6306;6374;6443;6511;6580;6648;6717;6785;7197;7272;7347;7423;7498;7574;7649;7724;7800;7875;8362;8444;8526;8609;8691;8773;8855;8938;9020;9102;9664;9753;9842;9931;10021;10110;10199;10288;10377;10466;11103;11199;11295;11391;11487;11583;11679;11775;11871;11967;12680;12783;12886;12988;13091;13194;13297;13400;13502;13605;13741;13878;14017;14157;14299;14442;14586;14732;14880;15028;15179;15330;15484;15639;15795;15953;16112;16274;16436;16601;16767;16934;17104;17275;17447;17622;17798;17976;18156;18337;18521;18706;18893;19082;19273;19466;19660;19857;20055;20256;20459;20663;20870;21078;21289;21502;21717;21934;22154;22375;22599;22825;23053;23284;23517;23752;23989;24229;24471;24716;24963;25213;25465;25720;25977;26237;26499;26764;27032;27302;27575;27851;28129;28411;28695;28982;29271;29564;29860;30158;30460;30765;31072;31383;31697;32014;32334;32657;32984;33314;33647;33983;34323;34666;35013;35363;35717;36074;36435;36799>,7,<680;690;700;711;721;731;741;751;762;772;789;800;811;821;832;843;854;865;876;887;911;923;934;946;957;969;981;992;1004;1015;1047;1059;1072;1084;1096;1108;1121;1133;1145;1157;1224;1238;1251;1265;1278;1292;1306;1319;1333;1346;1428;1443;1458;1473;1488;1503;1518;1533;1548;1563;1659;1676;1692;1708;1724;1741;1757;1773;1790;1806;1918;1935;1953;1971;1988;2006;2024;2041;2059;2077;2203;2222;2241;2260;2279;2298;2317;2336;2356;2375;2516;2536;2557;2577;2598;2618;2638;2659;2679;2700;2727;2754;2782;2810;2838;2866;2895;2924;2953;2982;3012;3042;3073;3104;3135;3166;3198;3230;3262;3295;3327;3361;3394;3428;3463;3497;3532;3567;3603;3639;3676;3712;3749;3787;3825;3863;3902;3941;3980;4020;4060;4101;4142;4183;4225;4267;4310;4353;4397;4441;4485;4530;4575;4621;4667;4714;4761;4808;4857;4905;4954;5004;5054;5104;5155;5207;5259;5311;5365;5418;5472;5527;5582;5638;5695;5752;5809;5867;5926;5985;6045;6105;6166;6228;6290;6353;6417;6481;6546;6611;6677;6744;6812;6880;6949;7018;7088;7159;7231;7303>,8,<680;690;700;711;721;731;741;751;762;772;789;800;811;821;832;843;854;865;876;887;911;923;934;946;957;969;981;992;1004;1015;1047;1059;1072;1084;1096;1108;1121;1133;1145;1157;1224;1238;1251;1265;1278;1292;1306;1319;1333;1346;1428;1443;1458;1473;1488;1503;1518;1533;1548;1563;1659;1676;1692;1708;1724;1741;1757;1773;1790;1806;1918;1935;1953;1971;1988;2006;2024;2041;2059;2077;2203;2222;2241;2260;2279;2298;2317;2336;2356;2375;2516;2536;2557;2577;2598;2618;2638;2659;2679;2700;2727;2754;2782;2810;2838;2866;2895;2924;2953;2982;3012;3042;3073;3104;3135;3166;3198;3230;3262;3295;3327;3361;3394;3428;3463;3497;3532;3567;3603;3639;3676;3712;3749;3787;3825;3863;3902;3941;3980;4020;4060;4101;4142;4183;4225;4267;4310;4353;4397;4441;4485;4530;4575;4621;4667;4714;4761;4808;4857;4905;4954;5004;5054;5104;5155;5207;5259;5311;5365;5418;5472;5527;5582;5638;5695;5752;5809;5867;5926;5985;6045;6105;6166;6228;6290;6353;6417;6481;6546;6611;6677;6744;6812;6880;6949;7018;7088;7159;7231;7303>,16,<76;76;76;76;76;84;84;84;84;84;92;92;92;92;92;101;101;101;101;101;109;109;109;109;109;117;117;117;117;117;125;125;125;125;125;133;133;133;133;133;141;141;141;141;141;150;150;150;150;150;158;158;158;158;158;166;166;166;166;166;174;174;174;174;174;182;182;182;182;182;190;190;190;190;190;199;199;199;199;199;207;207;207;207;207;215;215;215;215;215;223;223;223;223;223;231;231;231;231;231;233;236;238;240;243;245;248;250;253;255;258;260;263;266;268;271;274;276;279;282;285;288;290;293;296;299;302;305;308;311;314;318;321;324;327;331;334;337;341;344;347;351;354;358;361;365;369;372;376;380;384;388;391;395;399;403;407;411;416;420;424;428;432;437;441;445;450;454;459;464;468;473;478;482;487;492;497;502;507;512;517;522;528;533;538;544;549;554;560;566;571;577;583;589;594;600;606;613;619;625>,0,<>,,{drawcard=huang_effect_loop}
40861,闪耀,閃耀,shine,shine,반짝임,brilhar,8,1,config/item/gem/icon_5_h_1.png,6,辅助向符石,輔助向符石,Support-type,Support-type,서포트 룬스톤,Tipo de suporte,ประเภทการสนับสนุน,9999,{529=2000},100,6,7,<1000;1015;1030;1045;1060;1075;1090;1105;1120;1135;1160;1176;1192;1208;1224;1240;1256;1272;1288;1304;1340;1357;1374;1391;1408;1425;1442;1459;1476;1493;1540;1558;1576;1594;1612;1630;1648;1666;1684;1702;1960;1984;2008;2032;2056;2080;2104;2128;2152;2176;2300;2326;2352;2378;2404;2430;2456;2482;2508;2534;2680;2708;2736;2764;2792;2820;2848;2876;2904;2932;3100;3130;3160;3190;3220;3250;3280;3310;3340;3370;3560;3592;3624;3656;3688;3720;3752;3784;3816;3848;3880;3912;3944;3976;4008;4040;4072;4104;4136;4168;4210;4252;4294;4337;4381;4424;4469;4513;4558;4604;4650;4697;4744;4791;4839;4887;4936;4986;5035;5086;5137;5188;5240;5292;5345;5399;5453;5507;5562;5618;5674;5731;5788;5846;5904;5963;6023;6083;6144;6206;6268;6330;6394;6458;6522;6587;6653;6720;6787;6855;6923;6993;7063;7133;7204;7277;7349;7423;7497;7572;7648;7724;7801;7879;7958;8038;8118;8199;8281;8364;8448;8532;8618;8704;8791;8879;8968;9057;9148;9239;9332;9425;9519;9614;9711;9808;9906;10005;10105;10206;10308;10411;10515;10620;10727;10834;10942;11052;11162;11274>,8,<1000;1015;1030;1045;1060;1075;1090;1105;1120;1135;1160;1176;1192;1208;1224;1240;1256;1272;1288;1304;1340;1357;1374;1391;1408;1425;1442;1459;1476;1493;1540;1558;1576;1594;1612;1630;1648;1666;1684;1702;1960;1984;2008;2032;2056;2080;2104;2128;2152;2176;2300;2326;2352;2378;2404;2430;2456;2482;2508;2534;2680;2708;2736;2764;2792;2820;2848;2876;2904;2932;3100;3130;3160;3190;3220;3250;3280;3310;3340;3370;3560;3592;3624;3656;3688;3720;3752;3784;3816;3848;3880;3912;3944;3976;4008;4040;4072;4104;4136;4168;4210;4252;4294;4337;4381;4424;4469;4513;4558;4604;4650;4697;4744;4791;4839;4887;4936;4986;5035;5086;5137;5188;5240;5292;5345;5399;5453;5507;5562;5618;5674;5731;5788;5846;5904;5963;6023;6083;6144;6206;6268;6330;6394;6458;6522;6587;6653;6720;6787;6855;6923;6993;7063;7133;7204;7277;7349;7423;7497;7572;7648;7724;7801;7879;7958;8038;8118;8199;8281;8364;8448;8532;8618;8704;8791;8879;8968;9057;9148;9239;9332;9425;9519;9614;9711;9808;9906;10005;10105;10206;10308;10411;10515;10620;10727;10834;10942;11052;11162;11274>,14,<112;112;112;112;112;124;124;124;124;124;136;136;136;136;136;148;148;148;148;148;160;160;160;160;160;172;172;172;172;172;184;184;184;184;184;196;196;196;196;196;208;208;208;208;208;220;220;220;220;220;232;232;232;232;232;244;244;244;244;244;256;256;256;256;256;268;268;268;268;268;280;280;280;280;280;292;292;292;292;292;304;304;304;304;304;316;316;316;316;316;328;328;328;328;328;340;340;340;340;340;343;347;350;354;357;361;365;368;372;376;379;383;387;391;395;399;403;407;411;415;419;423;427;432;436;440;445;449;454;458;463;467;472;477;482;486;491;496;501;506;511;516;522;527;532;537;543;548;554;559;565;570;576;582;588;594;600;606;612;618;624;630;636;643;649;656;662;669;676;682;689;696;703;710;717;724;732;739;746;754;761;769;777;784;792;800;808;816;824;833;841;849;858;866;875;884;893;902;911;920>,0,<>,0,<>,,{drawcard=hong_effect_loop}
40862,闪耀,閃耀,shine,shine,반짝임,brilhar,8,2,config/item/gem/icon_5_h_2.png,6,辅助向符石,輔助向符石,Support-type,Support-type,서포트 룬스톤,Tipo de suporte,ประเภทการสนับสนุน,9999,{529=2000},100,6,1,<5040;5116;5191;5267;5342;5418;5494;5569;5645;5720;5846;5927;6008;6088;6169;6250;6330;6411;6492;6572;6754;6839;6925;7011;7096;7182;7268;7353;7439;7525;7762;7852;7943;8034;8124;8215;8306;8397;8487;8578;9878;9999;10120;10241;10362;10483;10604;10725;10846;10967;11592;11723;11854;11985;12116;12247;12378;12509;12640;12771;13507;13648;13789;13931;14072;14213;14354;14495;14636;14777;15624;15775;15926;16078;16229;16380;16531;16682;16834;16985;17942;18104;18265;18426;18588;18749;18910;19071;19233;19394;19555;19716;19878;20039;20200;20362;20523;20684;20845;21007;21217;21429;21644;21860;22079;22299;22522;22748;22975;23205;23437;23671;23908;24147;24388;24632;24879;25127;25379;25633;25889;26148;26409;26673;26940;27209;27482;27756;28034;28314;28597;28883;29172;29464;29759;30056;30357;30660;30967;31277;31589;31905;32224;32547;32872;33201;33533;33868;34207;34549;34894;35243;35596;35952;36311;36674;37041;37411;37785;38163;38545;38930;39320;39713;40110;40511;40916;41325;41739;42156;42578;43003;43433;43868;44306;44750;45197;45649;46105;46567;47032;47503;47978;48457;48942;49431;49926;50425;50929;51438;51953;52472;52997;53527;54062;54603;55149;55700;56257;56820>,7,<1000;1015;1030;1045;1060;1075;1090;1105;1120;1135;1160;1176;1192;1208;1224;1240;1256;1272;1288;1304;1340;1357;1374;1391;1408;1425;1442;1459;1476;1493;1540;1558;1576;1594;1612;1630;1648;1666;1684;1702;1960;1984;2008;2032;2056;2080;2104;2128;2152;2176;2300;2326;2352;2378;2404;2430;2456;2482;2508;2534;2680;2708;2736;2764;2792;2820;2848;2876;2904;2932;3100;3130;3160;3190;3220;3250;3280;3310;3340;3370;3560;3592;3624;3656;3688;3720;3752;3784;3816;3848;3880;3912;3944;3976;4008;4040;4072;4104;4136;4168;4210;4252;4294;4337;4381;4424;4469;4513;4558;4604;4650;4697;4744;4791;4839;4887;4936;4986;5035;5086;5137;5188;5240;5292;5345;5399;5453;5507;5562;5618;5674;5731;5788;5846;5904;5963;6023;6083;6144;6206;6268;6330;6394;6458;6522;6587;6653;6720;6787;6855;6923;6993;7063;7133;7204;7277;7349;7423;7497;7572;7648;7724;7801;7879;7958;8038;8118;8199;8281;8364;8448;8532;8618;8704;8791;8879;8968;9057;9148;9239;9332;9425;9519;9614;9711;9808;9906;10005;10105;10206;10308;10411;10515;10620;10727;10834;10942;11052;11162;11274>,8,<1000;1015;1030;1045;1060;1075;1090;1105;1120;1135;1160;1176;1192;1208;1224;1240;1256;1272;1288;1304;1340;1357;1374;1391;1408;1425;1442;1459;1476;1493;1540;1558;1576;1594;1612;1630;1648;1666;1684;1702;1960;1984;2008;2032;2056;2080;2104;2128;2152;2176;2300;2326;2352;2378;2404;2430;2456;2482;2508;2534;2680;2708;2736;2764;2792;2820;2848;2876;2904;2932;3100;3130;3160;3190;3220;3250;3280;3310;3340;3370;3560;3592;3624;3656;3688;3720;3752;3784;3816;3848;3880;3912;3944;3976;4008;4040;4072;4104;4136;4168;4210;4252;4294;4337;4381;4424;4469;4513;4558;4604;4650;4697;4744;4791;4839;4887;4936;4986;5035;5086;5137;5188;5240;5292;5345;5399;5453;5507;5562;5618;5674;5731;5788;5846;5904;5963;6023;6083;6144;6206;6268;6330;6394;6458;6522;6587;6653;6720;6787;6855;6923;6993;7063;7133;7204;7277;7349;7423;7497;7572;7648;7724;7801;7879;7958;8038;8118;8199;8281;8364;8448;8532;8618;8704;8791;8879;8968;9057;9148;9239;9332;9425;9519;9614;9711;9808;9906;10005;10105;10206;10308;10411;10515;10620;10727;10834;10942;11052;11162;11274>,15,<168;168;168;168;168;186;186;186;186;186;204;204;204;204;204;222;222;222;222;222;240;240;240;240;240;258;258;258;258;258;276;276;276;276;276;294;294;294;294;294;312;312;312;312;312;330;330;330;330;330;348;348;348;348;348;366;366;366;366;366;384;384;384;384;384;402;402;402;402;402;420;420;420;420;420;438;438;438;438;438;456;456;456;456;456;474;474;474;474;474;492;492;492;492;492;510;510;510;510;510;515;520;525;531;536;541;547;552;558;563;569;575;580;586;592;598;604;610;616;622;629;635;641;648;654;661;667;674;681;687;694;701;708;715;722;730;737;744;752;759;767;775;782;790;798;806;814;822;830;839;847;856;864;873;882;890;899;908;917;927;936;945;955;964;974;984;993;1003;1013;1023;1034;1044;1054;1065;1076;1086;1097;1108;1119;1131;1142;1153;1165;1176;1188;1200;1212;1224;1236;1249;1261;1274;1287;1300;1313;1326;1339;1352;1366;1379>,0,<>,,{drawcard=hong_effect_loop}
40863,闪耀,閃耀,shine,shine,반짝임,brilhar,8,3,config/item/gem/icon_5_h_3.png,6,辅助向符石,輔助向符石,Support-type,Support-type,서포트 룬스톤,Tipo de suporte,ประเภทการสนับสนุน,9999,{529=2000},100,6,1,<5040;5116;5191;5267;5342;5418;5494;5569;5645;5720;5846;5927;6008;6088;6169;6250;6330;6411;6492;6572;6754;6839;6925;7011;7096;7182;7268;7353;7439;7525;7762;7852;7943;8034;8124;8215;8306;8397;8487;8578;9878;9999;10120;10241;10362;10483;10604;10725;10846;10967;11592;11723;11854;11985;12116;12247;12378;12509;12640;12771;13507;13648;13789;13931;14072;14213;14354;14495;14636;14777;15624;15775;15926;16078;16229;16380;16531;16682;16834;16985;17942;18104;18265;18426;18588;18749;18910;19071;19233;19394;19555;19716;19878;20039;20200;20362;20523;20684;20845;21007;21217;21429;21644;21860;22079;22299;22522;22748;22975;23205;23437;23671;23908;24147;24388;24632;24879;25127;25379;25633;25889;26148;26409;26673;26940;27209;27482;27756;28034;28314;28597;28883;29172;29464;29759;30056;30357;30660;30967;31277;31589;31905;32224;32547;32872;33201;33533;33868;34207;34549;34894;35243;35596;35952;36311;36674;37041;37411;37785;38163;38545;38930;39320;39713;40110;40511;40916;41325;41739;42156;42578;43003;43433;43868;44306;44750;45197;45649;46105;46567;47032;47503;47978;48457;48942;49431;49926;50425;50929;51438;51953;52472;52997;53527;54062;54603;55149;55700;56257;56820>,7,<1000;1015;1030;1045;1060;1075;1090;1105;1120;1135;1160;1176;1192;1208;1224;1240;1256;1272;1288;1304;1340;1357;1374;1391;1408;1425;1442;1459;1476;1493;1540;1558;1576;1594;1612;1630;1648;1666;1684;1702;1960;1984;2008;2032;2056;2080;2104;2128;2152;2176;2300;2326;2352;2378;2404;2430;2456;2482;2508;2534;2680;2708;2736;2764;2792;2820;2848;2876;2904;2932;3100;3130;3160;3190;3220;3250;3280;3310;3340;3370;3560;3592;3624;3656;3688;3720;3752;3784;3816;3848;3880;3912;3944;3976;4008;4040;4072;4104;4136;4168;4210;4252;4294;4337;4381;4424;4469;4513;4558;4604;4650;4697;4744;4791;4839;4887;4936;4986;5035;5086;5137;5188;5240;5292;5345;5399;5453;5507;5562;5618;5674;5731;5788;5846;5904;5963;6023;6083;6144;6206;6268;6330;6394;6458;6522;6587;6653;6720;6787;6855;6923;6993;7063;7133;7204;7277;7349;7423;7497;7572;7648;7724;7801;7879;7958;8038;8118;8199;8281;8364;8448;8532;8618;8704;8791;8879;8968;9057;9148;9239;9332;9425;9519;9614;9711;9808;9906;10005;10105;10206;10308;10411;10515;10620;10727;10834;10942;11052;11162;11274>,8,<1000;1015;1030;1045;1060;1075;1090;1105;1120;1135;1160;1176;1192;1208;1224;1240;1256;1272;1288;1304;1340;1357;1374;1391;1408;1425;1442;1459;1476;1493;1540;1558;1576;1594;1612;1630;1648;1666;1684;1702;1960;1984;2008;2032;2056;2080;2104;2128;2152;2176;2300;2326;2352;2378;2404;2430;2456;2482;2508;2534;2680;2708;2736;2764;2792;2820;2848;2876;2904;2932;3100;3130;3160;3190;3220;3250;3280;3310;3340;3370;3560;3592;3624;3656;3688;3720;3752;3784;3816;3848;3880;3912;3944;3976;4008;4040;4072;4104;4136;4168;4210;4252;4294;4337;4381;4424;4469;4513;4558;4604;4650;4697;4744;4791;4839;4887;4936;4986;5035;5086;5137;5188;5240;5292;5345;5399;5453;5507;5562;5618;5674;5731;5788;5846;5904;5963;6023;6083;6144;6206;6268;6330;6394;6458;6522;6587;6653;6720;6787;6855;6923;6993;7063;7133;7204;7277;7349;7423;7497;7572;7648;7724;7801;7879;7958;8038;8118;8199;8281;8364;8448;8532;8618;8704;8791;8879;8968;9057;9148;9239;9332;9425;9519;9614;9711;9808;9906;10005;10105;10206;10308;10411;10515;10620;10727;10834;10942;11052;11162;11274>,16,<112;112;112;112;112;124;124;124;124;124;136;136;136;136;136;148;148;148;148;148;160;160;160;160;160;172;172;172;172;172;184;184;184;184;184;196;196;196;196;196;208;208;208;208;208;220;220;220;220;220;232;232;232;232;232;244;244;244;244;244;256;256;256;256;256;268;268;268;268;268;280;280;280;280;280;292;292;292;292;292;304;304;304;304;304;316;316;316;316;316;328;328;328;328;328;340;340;340;340;340;343;347;350;354;357;361;365;368;372;376;379;383;387;391;395;399;403;407;411;415;419;423;427;432;436;440;445;449;454;458;463;467;472;477;482;486;491;496;501;506;511;516;522;527;532;537;543;548;554;559;565;570;576;582;588;594;600;606;612;618;624;630;636;643;649;656;662;669;676;682;689;696;703;710;717;724;732;739;746;754;761;769;777;784;792;800;808;816;824;833;841;849;858;866;875;884;893;902;911;920>,0,<>,,{drawcard=hong_effect_loop}
40921,反制,反制,Counter,Counter,반격,Contador,9,1,config/item/gem/icon_8_lv_1.png,2,辅助向符石,輔助向符石,Support-type,Support-type,서포트 룬스톤,Tipo de suporte,ประเภทการสนับสนุน,9999,{529=20},100,2,9,<140;142;144;146;148;151;153;155;157;159;162;165;167;169;171;174;176;178;180;183;188;190;192;195;197;200;202;204;207;209;216;218;221;223;226;228;231;233;236;238;252;255;258;260;263;266;269;272;274;277;294;297;300;303;306;309;312;316;319;322;342;345;348;352;355;358;362;365;368;372;395;398;402;406;409;413;417;420;424;428;454;458;461;465;469;473;477;481;485;489;518;522;526;531;535;539;543;547;552;556;562;567;573;579;584;590;596;602;608;614;620;627;633;639;645;652;658;665;672;678;685;692;699;706;713;720;727;735;742;749;757;764;772;780;788;796;803;811;820;828;836;844;853;861;870;879;888;896;905;914;924;933;942;952;961;971;980;990;1000;1010;1020;1030;1041;1051;1062;1072;1083;1094;1105;1116;1127;1138;1150;1161;1173;1184;1196;1208;1220;1232;1245;1257;1270;1283;1295;1308;1321;1335;1348;1361;1375;1389;1403;1417;1431;1445;1460;1474;1489;1504>,10,<140;142;144;146;148;151;153;155;157;159;162;165;167;169;171;174;176;178;180;183;188;190;192;195;197;200;202;204;207;209;216;218;221;223;226;228;231;233;236;238;252;255;258;260;263;266;269;272;274;277;294;297;300;303;306;309;312;316;319;322;342;345;348;352;355;358;362;365;368;372;395;398;402;406;409;413;417;420;424;428;454;458;461;465;469;473;477;481;485;489;518;522;526;531;535;539;543;547;552;556;562;567;573;579;584;590;596;602;608;614;620;627;633;639;645;652;658;665;672;678;685;692;699;706;713;720;727;735;742;749;757;764;772;780;788;796;803;811;820;828;836;844;853;861;870;879;888;896;905;914;924;933;942;952;961;971;980;990;1000;1010;1020;1030;1041;1051;1062;1072;1083;1094;1105;1116;1127;1138;1150;1161;1173;1184;1196;1208;1220;1232;1245;1257;1270;1283;1295;1308;1321;1335;1348;1361;1375;1389;1403;1417;1431;1445;1460;1474;1489;1504>,16,<22;22;22;22;22;25;25;25;25;25;27;27;27;27;27;30;30;30;30;30;32;32;32;32;32;34;34;34;34;34;37;37;37;37;37;39;39;39;39;39;42;42;42;42;42;44;44;44;44;44;46;46;46;46;46;49;49;49;49;49;51;51;51;51;51;54;54;54;54;54;56;56;56;56;56;58;58;58;58;58;61;61;61;61;61;63;63;63;63;63;66;66;66;66;66;68;68;68;68;68;69;69;70;71;71;72;73;74;74;75;76;77;77;78;79;80;81;81;82;83;84;85;85;86;87;88;89;90;91;92;93;93;94;95;96;97;98;99;100;101;102;103;104;105;106;107;109;110;111;112;113;114;115;116;118;119;120;121;122;124;125;126;127;129;130;131;132;134;135;136;138;139;141;142;143;145;146;148;149;151;152;154;155;157;158;160;162;163;165;167;168;170;172;173;175;177;179;180;182;184>,0,<>,0,<>,,{drawcard=false;gain=false}
40922,反制,反制,Counter,Counter,반격,Contador,9,2,config/item/gem/icon_8_lv_2.png,2,辅助向符石,輔助向符石,Support-type,Support-type,서포트 룬스톤,Tipo de suporte,ประเภทการสนับสนุน,9999,{529=20},100,2,1,<1008;1023;1038;1053;1068;1084;1099;1114;1129;1144;1169;1185;1202;1218;1234;1250;1266;1282;1298;1314;1351;1368;1385;1402;1419;1436;1454;1471;1488;1505;1552;1570;1589;1607;1625;1643;1661;1679;1697;1716;1814;1835;1855;1875;1895;1915;1935;1956;1976;1996;2117;2139;2161;2183;2206;2228;2250;2272;2294;2316;2460;2484;2508;2532;2556;2580;2605;2629;2653;2677;2843;2869;2895;2921;2947;2974;3000;3026;3052;3078;3266;3294;3322;3351;3379;3407;3435;3463;3492;3520;3730;3760;3790;3820;3851;3881;3911;3941;3972;4002;4042;4082;4123;4164;4206;4248;4291;4334;4377;4421;4465;4510;4555;4600;4646;4693;4740;4787;4835;4883;4932;4981;5031;5081;5132;5184;5235;5288;5341;5394;5448;5503;5558;5613;5669;5726;5783;5841;5899;5958;6018;6078;6139;6200;6262;6325;6388;6452;6517;6582;6648;6714;6781;6849;6918;6987;7057;7127;7198;7270;7343;7417;7491;7566;7641;7718;7795;7873;7952;8031;8111;8192;8274;8357;8441;8525;8610;8696;8783;8871;8960;9050;9140;9232;9324;9417;9511;9606;9702;9799;9897;9996;10096;10197;10299;10402;10506;10611;10717;10825>,9,<140;142;144;146;148;151;153;155;157;159;162;165;167;169;171;174;176;178;180;183;188;190;192;195;197;200;202;204;207;209;216;218;221;223;226;228;231;233;236;238;252;255;258;260;263;266;269;272;274;277;294;297;300;303;306;309;312;316;319;322;342;345;348;352;355;358;362;365;368;372;395;398;402;406;409;413;417;420;424;428;454;458;461;465;469;473;477;481;485;489;518;522;526;531;535;539;543;547;552;556;562;567;573;579;584;590;596;602;608;614;620;627;633;639;645;652;658;665;672;678;685;692;699;706;713;720;727;735;742;749;757;764;772;780;788;796;803;811;820;828;836;844;853;861;870;879;888;896;905;914;924;933;942;952;961;971;980;990;1000;1010;1020;1030;1041;1051;1062;1072;1083;1094;1105;1116;1127;1138;1150;1161;1173;1184;1196;1208;1220;1232;1245;1257;1270;1283;1295;1308;1321;1335;1348;1361;1375;1389;1403;1417;1431;1445;1460;1474;1489;1504>,90,<27;27;27;27;27;30;30;30;30;30;33;33;33;33;33;36;36;36;36;36;38;38;38;38;38;41;41;41;41;41;44;44;44;44;44;47;47;47;47;47;50;50;50;50;50;53;53;53;53;53;56;56;56;56;56;59;59;59;59;59;61;61;61;61;61;64;64;64;64;64;67;67;67;67;67;70;70;70;70;70;73;73;73;73;73;76;76;76;76;76;79;79;79;79;79;82;82;82;82;82;83;84;84;85;86;87;88;89;90;91;91;92;93;94;95;96;97;98;99;100;101;102;103;104;105;106;107;108;109;111;112;113;114;115;116;117;118;120;121;122;123;125;126;127;128;130;131;132;134;135;136;138;139;140;142;143;145;146;147;149;150;152;153;155;157;158;160;161;163;165;166;168;170;171;173;175;176;178;180;182;184;185;187;189;191;193;195;197;199;201;203;205;207;209;211;213;215;217;220;222>,0,<>,0,<>,,{drawcard=false;gain=false}
40923,反制,反制,Counter,Counter,반격,Contador,9,3,config/item/gem/icon_8_lv_3.png,2,辅助向符石,輔助向符石,Support-type,Support-type,서포트 룬스톤,Tipo de suporte,ประเภทการสนับสนุน,9999,{529=20},100,2,1,<1008;1023;1038;1053;1068;1084;1099;1114;1129;1144;1169;1185;1202;1218;1234;1250;1266;1282;1298;1314;1351;1368;1385;1402;1419;1436;1454;1471;1488;1505;1552;1570;1589;1607;1625;1643;1661;1679;1697;1716;1814;1835;1855;1875;1895;1915;1935;1956;1976;1996;2117;2139;2161;2183;2206;2228;2250;2272;2294;2316;2460;2484;2508;2532;2556;2580;2605;2629;2653;2677;2843;2869;2895;2921;2947;2974;3000;3026;3052;3078;3266;3294;3322;3351;3379;3407;3435;3463;3492;3520;3730;3760;3790;3820;3851;3881;3911;3941;3972;4002;4042;4082;4123;4164;4206;4248;4291;4334;4377;4421;4465;4510;4555;4600;4646;4693;4740;4787;4835;4883;4932;4981;5031;5081;5132;5184;5235;5288;5341;5394;5448;5503;5558;5613;5669;5726;5783;5841;5899;5958;6018;6078;6139;6200;6262;6325;6388;6452;6517;6582;6648;6714;6781;6849;6918;6987;7057;7127;7198;7270;7343;7417;7491;7566;7641;7718;7795;7873;7952;8031;8111;8192;8274;8357;8441;8525;8610;8696;8783;8871;8960;9050;9140;9232;9324;9417;9511;9606;9702;9799;9897;9996;10096;10197;10299;10402;10506;10611;10717;10825>,10,<140;142;144;146;148;151;153;155;157;159;162;165;167;169;171;174;176;178;180;183;188;190;192;195;197;200;202;204;207;209;216;218;221;223;226;228;231;233;236;238;252;255;258;260;263;266;269;272;274;277;294;297;300;303;306;309;312;316;319;322;342;345;348;352;355;358;362;365;368;372;395;398;402;406;409;413;417;420;424;428;454;458;461;465;469;473;477;481;485;489;518;522;526;531;535;539;543;547;552;556;562;567;573;579;584;590;596;602;608;614;620;627;633;639;645;652;658;665;672;678;685;692;699;706;713;720;727;735;742;749;757;764;772;780;788;796;803;811;820;828;836;844;853;861;870;879;888;896;905;914;924;933;942;952;961;971;980;990;1000;1010;1020;1030;1041;1051;1062;1072;1083;1094;1105;1116;1127;1138;1150;1161;1173;1184;1196;1208;1220;1232;1245;1257;1270;1283;1295;1308;1321;1335;1348;1361;1375;1389;1403;1417;1431;1445;1460;1474;1489;1504>,91,<27;27;27;27;27;30;30;30;30;30;33;33;33;33;33;36;36;36;36;36;38;38;38;38;38;41;41;41;41;41;44;44;44;44;44;47;47;47;47;47;50;50;50;50;50;53;53;53;53;53;56;56;56;56;56;59;59;59;59;59;61;61;61;61;61;64;64;64;64;64;67;67;67;67;67;70;70;70;70;70;73;73;73;73;73;76;76;76;76;76;79;79;79;79;79;82;82;82;82;82;83;84;84;85;86;87;88;89;90;91;91;92;93;94;95;96;97;98;99;100;101;102;103;104;105;106;107;108;109;111;112;113;114;115;116;117;118;120;121;122;123;125;126;127;128;130;131;132;134;135;136;138;139;140;142;143;145;146;147;149;150;152;153;155;157;158;160;161;163;165;166;168;170;171;173;175;176;178;180;182;184;185;187;189;191;193;195;197;199;201;203;205;207;209;211;213;215;217;220;222>,0,<>,0,<>,,{drawcard=false;gain=false}
40931,反制,反制,Counter,Counter,반격,Contador,9,1,config/item/gem/icon_8_l_1.png,3,辅助向符石,輔助向符石,Support-type,Support-type,서포트 룬스톤,Tipo de suporte,ประเภทการสนับสนุน,9999,{529=40},100,3,9,<210;213;216;219;223;226;229;232;235;238;244;247;250;254;257;260;264;267;270;274;281;285;289;292;296;299;303;306;310;314;323;327;331;335;339;342;346;350;354;357;378;382;386;391;395;399;403;407;412;416;441;446;450;455;459;464;469;473;478;483;512;517;522;528;533;538;543;548;553;558;592;598;603;609;614;620;625;630;636;641;680;686;692;698;704;710;716;722;727;733;777;783;790;796;802;809;815;821;827;834;842;851;859;868;877;885;894;903;912;921;930;940;949;959;968;978;988;998;1008;1018;1028;1038;1048;1059;1070;1080;1091;1102;1113;1124;1135;1147;1158;1170;1181;1193;1205;1217;1229;1242;1254;1267;1279;1292;1305;1318;1331;1345;1358;1372;1385;1399;1413;1427;1442;1456;1471;1485;1500;1515;1530;1546;1561;1577;1592;1608;1624;1641;1657;1674;1690;1707;1724;1742;1759;1777;1794;1812;1830;1849;1867;1886;1905;1924;1943;1962;1982;2002;2022;2042;2063;2083;2104;2125;2146;2168;2189;2211;2233;2256>,10,<210;213;216;219;223;226;229;232;235;238;244;247;250;254;257;260;264;267;270;274;281;285;289;292;296;299;303;306;310;314;323;327;331;335;339;342;346;350;354;357;378;382;386;391;395;399;403;407;412;416;441;446;450;455;459;464;469;473;478;483;512;517;522;528;533;538;543;548;553;558;592;598;603;609;614;620;625;630;636;641;680;686;692;698;704;710;716;722;727;733;777;783;790;796;802;809;815;821;827;834;842;851;859;868;877;885;894;903;912;921;930;940;949;959;968;978;988;998;1008;1018;1028;1038;1048;1059;1070;1080;1091;1102;1113;1124;1135;1147;1158;1170;1181;1193;1205;1217;1229;1242;1254;1267;1279;1292;1305;1318;1331;1345;1358;1372;1385;1399;1413;1427;1442;1456;1471;1485;1500;1515;1530;1546;1561;1577;1592;1608;1624;1641;1657;1674;1690;1707;1724;1742;1759;1777;1794;1812;1830;1849;1867;1886;1905;1924;1943;1962;1982;2002;2022;2042;2063;2083;2104;2125;2146;2168;2189;2211;2233;2256>,16,<34;34;34;34;34;37;37;37;37;37;41;41;41;41;41;44;44;44;44;44;48;48;48;48;48;52;52;52;52;52;55;55;55;55;55;59;59;59;59;59;62;62;62;62;62;66;66;66;66;66;70;70;70;70;70;73;73;73;73;73;77;77;77;77;77;80;80;80;80;80;84;84;84;84;84;88;88;88;88;88;91;91;91;91;91;95;95;95;95;95;98;98;98;98;98;102;102;102;102;102;103;104;105;106;107;108;109;110;112;113;114;115;116;117;118;120;121;122;123;124;126;127;128;130;131;132;133;135;136;137;139;140;142;143;144;146;147;149;150;152;153;155;156;158;160;161;163;164;166;168;169;171;173;175;176;178;180;182;183;185;187;189;191;193;195;197;199;201;203;205;207;209;211;213;215;217;219;222;224;226;228;231;233;235;238;240;242;245;247;250;252;255;257;260;263;265;268;270;273;276>,0,<>,0,<>,,{drawcard=false;gain=false}
40932,反制,反制,Counter,Counter,반격,Contador,9,2,config/item/gem/icon_8_l_2.png,3,辅助向符石,輔助向符石,Support-type,Support-type,서포트 룬스톤,Tipo de suporte,ประเภทการสนับสนุน,9999,{529=40},100,3,1,<1512;1535;1557;1580;1603;1625;1648;1671;1693;1716;1754;1778;1802;1826;1851;1875;1899;1923;1947;1972;2026;2052;2077;2103;2129;2155;2180;2206;2232;2257;2328;2356;2383;2410;2437;2465;2492;2519;2546;2573;2722;2752;2782;2812;2843;2873;2903;2933;2964;2994;3175;3208;3242;3275;3308;3342;3375;3408;3441;3475;3689;3726;3762;3798;3834;3871;3907;3943;3980;4016;4264;4303;4342;4382;4421;4460;4500;4539;4578;4618;4899;4941;4984;5026;5068;5111;5153;5195;5238;5280;5594;5640;5685;5730;5776;5821;5867;5912;5957;6003;6063;6124;6185;6247;6309;6372;6436;6500;6565;6631;6697;6764;6832;6900;6969;7039;7109;7180;7252;7325;7398;7472;7547;7622;7698;7775;7853;7932;8011;8091;8172;8254;8336;8420;8504;8589;8675;8762;8849;8938;9027;9117;9208;9301;9394;9487;9582;9678;9775;9873;9971;10071;10172;10274;10376;10480;10585;10691;10798;10906;11015;11125;11236;11348;11462;11577;11692;11809;11927;12047;12167;12289;12412;12536;12661;12788;12916;13045;13175;13307;13440;13574;13710;13847;13986;14126;14267;14410;14554;14699;14846;14995;15145;15296;15449;15603;15759;15917;16076;16237>,9,<210;213;216;219;223;226;229;232;235;238;244;247;250;254;257;260;264;267;270;274;281;285;289;292;296;299;303;306;310;314;323;327;331;335;339;342;346;350;354;357;378;382;386;391;395;399;403;407;412;416;441;446;450;455;459;464;469;473;478;483;512;517;522;528;533;538;543;548;553;558;592;598;603;609;614;620;625;630;636;641;680;686;692;698;704;710;716;722;727;733;777;783;790;796;802;809;815;821;827;834;842;851;859;868;877;885;894;903;912;921;930;940;949;959;968;978;988;998;1008;1018;1028;1038;1048;1059;1070;1080;1091;1102;1113;1124;1135;1147;1158;1170;1181;1193;1205;1217;1229;1242;1254;1267;1279;1292;1305;1318;1331;1345;1358;1372;1385;1399;1413;1427;1442;1456;1471;1485;1500;1515;1530;1546;1561;1577;1592;1608;1624;1641;1657;1674;1690;1707;1724;1742;1759;1777;1794;1812;1830;1849;1867;1886;1905;1924;1943;1962;1982;2002;2022;2042;2063;2083;2104;2125;2146;2168;2189;2211;2233;2256>,90,<40;40;40;40;40;45;45;45;45;45;49;49;49;49;49;53;53;53;53;53;58;58;58;58;58;62;62;62;62;62;66;66;66;66;66;71;71;71;71;71;75;75;75;75;75;79;79;79;79;79;84;84;84;84;84;88;88;88;88;88;92;92;92;92;92;96;96;96;96;96;101;101;101;101;101;105;105;105;105;105;109;109;109;109;109;114;114;114;114;114;118;118;118;118;118;122;122;122;122;122;123;124;126;127;128;130;131;132;133;135;136;137;139;140;142;143;144;146;147;149;150;152;153;155;156;158;160;161;163;164;166;168;169;171;173;175;176;178;180;182;183;185;187;189;191;193;195;197;199;201;203;205;207;209;211;213;215;217;219;222;224;226;228;231;233;235;238;240;242;245;247;250;252;255;257;260;262;265;268;270;273;276;279;281;284;287;290;293;296;299;302;305;308;311;314;317;320;323;327;330>,0,<>,0,<>,,{drawcard=false;gain=false}
40933,反制,反制,Counter,Counter,반격,Contador,9,3,config/item/gem/icon_8_l_3.png,3,辅助向符石,輔助向符石,Support-type,Support-type,서포트 룬스톤,Tipo de suporte,ประเภทการสนับสนุน,9999,{529=40},100,3,1,<1512;1535;1557;1580;1603;1625;1648;1671;1693;1716;1754;1778;1802;1826;1851;1875;1899;1923;1947;1972;2026;2052;2077;2103;2129;2155;2180;2206;2232;2257;2328;2356;2383;2410;2437;2465;2492;2519;2546;2573;2722;2752;2782;2812;2843;2873;2903;2933;2964;2994;3175;3208;3242;3275;3308;3342;3375;3408;3441;3475;3689;3726;3762;3798;3834;3871;3907;3943;3980;4016;4264;4303;4342;4382;4421;4460;4500;4539;4578;4618;4899;4941;4984;5026;5068;5111;5153;5195;5238;5280;5594;5640;5685;5730;5776;5821;5867;5912;5957;6003;6063;6124;6185;6247;6309;6372;6436;6500;6565;6631;6697;6764;6832;6900;6969;7039;7109;7180;7252;7325;7398;7472;7547;7622;7698;7775;7853;7932;8011;8091;8172;8254;8336;8420;8504;8589;8675;8762;8849;8938;9027;9117;9208;9301;9394;9487;9582;9678;9775;9873;9971;10071;10172;10274;10376;10480;10585;10691;10798;10906;11015;11125;11236;11348;11462;11577;11692;11809;11927;12047;12167;12289;12412;12536;12661;12788;12916;13045;13175;13307;13440;13574;13710;13847;13986;14126;14267;14410;14554;14699;14846;14995;15145;15296;15449;15603;15759;15917;16076;16237>,10,<210;213;216;219;223;226;229;232;235;238;244;247;250;254;257;260;264;267;270;274;281;285;289;292;296;299;303;306;310;314;323;327;331;335;339;342;346;350;354;357;378;382;386;391;395;399;403;407;412;416;441;446;450;455;459;464;469;473;478;483;512;517;522;528;533;538;543;548;553;558;592;598;603;609;614;620;625;630;636;641;680;686;692;698;704;710;716;722;727;733;777;783;790;796;802;809;815;821;827;834;842;851;859;868;877;885;894;903;912;921;930;940;949;959;968;978;988;998;1008;1018;1028;1038;1048;1059;1070;1080;1091;1102;1113;1124;1135;1147;1158;1170;1181;1193;1205;1217;1229;1242;1254;1267;1279;1292;1305;1318;1331;1345;1358;1372;1385;1399;1413;1427;1442;1456;1471;1485;1500;1515;1530;1546;1561;1577;1592;1608;1624;1641;1657;1674;1690;1707;1724;1742;1759;1777;1794;1812;1830;1849;1867;1886;1905;1924;1943;1962;1982;2002;2022;2042;2063;2083;2104;2125;2146;2168;2189;2211;2233;2256>,91,<40;40;40;40;40;45;45;45;45;45;49;49;49;49;49;53;53;53;53;53;58;58;58;58;58;62;62;62;62;62;66;66;66;66;66;71;71;71;71;71;75;75;75;75;75;79;79;79;79;79;84;84;84;84;84;88;88;88;88;88;92;92;92;92;92;96;96;96;96;96;101;101;101;101;101;105;105;105;105;105;109;109;109;109;109;114;114;114;114;114;118;118;118;118;118;122;122;122;122;122;123;124;126;127;128;130;131;132;133;135;136;137;139;140;142;143;144;146;147;149;150;152;153;155;156;158;160;161;163;164;166;168;169;171;173;175;176;178;180;182;183;185;187;189;191;193;195;197;199;201;203;205;207;209;211;213;215;217;219;222;224;226;228;231;233;235;238;240;242;245;247;250;252;255;257;260;262;265;268;270;273;276;279;281;284;287;290;293;296;299;302;305;308;311;314;317;320;323;327;330>,0,<>,0,<>,,{drawcard=false;gain=false}
40941,反制,反制,Counter,Counter,반격,Contador,9,1,config/item/gem/icon_8_z_1.png,4,辅助向符石,輔助向符石,Support-type,Support-type,서포트 룬스톤,Tipo de suporte,ประเภทการสนับสนุน,9999,{529=80},100,4,9,<308;313;317;322;326;331;336;340;345;350;357;362;367;372;377;382;387;392;397;402;413;418;423;428;434;439;444;449;455;460;474;480;485;491;496;502;508;513;519;524;554;561;567;573;579;585;591;598;604;610;647;654;660;667;674;681;687;694;701;708;752;759;766;774;781;788;796;803;811;818;869;877;885;893;901;909;917;925;933;941;998;1007;1015;1024;1032;1041;1050;1058;1067;1076;1140;1149;1158;1167;1177;1186;1195;1204;1214;1223;1235;1248;1260;1273;1285;1298;1311;1324;1338;1351;1364;1378;1392;1406;1420;1434;1448;1463;1478;1492;1507;1522;1538;1553;1568;1584;1600;1616;1632;1648;1665;1682;1698;1715;1733;1750;1767;1785;1803;1821;1839;1857;1876;1895;1914;1933;1952;1972;1991;2011;2031;2052;2072;2093;2114;2135;2156;2178;2200;2222;2244;2266;2289;2312;2335;2359;2382;2406;2430;2454;2479;2504;2529;2554;2579;2605;2631;2658;2684;2711;2738;2766;2793;2821;2849;2878;2907;2936;2965;2995;3025;3055;3085;3116;3147;3179;3211;3243;3275;3308>,10,<308;313;317;322;326;331;336;340;345;350;357;362;367;372;377;382;387;392;397;402;413;418;423;428;434;439;444;449;455;460;474;480;485;491;496;502;508;513;519;524;554;561;567;573;579;585;591;598;604;610;647;654;660;667;674;681;687;694;701;708;752;759;766;774;781;788;796;803;811;818;869;877;885;893;901;909;917;925;933;941;998;1007;1015;1024;1032;1041;1050;1058;1067;1076;1140;1149;1158;1167;1177;1186;1195;1204;1214;1223;1235;1248;1260;1273;1285;1298;1311;1324;1338;1351;1364;1378;1392;1406;1420;1434;1448;1463;1478;1492;1507;1522;1538;1553;1568;1584;1600;1616;1632;1648;1665;1682;1698;1715;1733;1750;1767;1785;1803;1821;1839;1857;1876;1895;1914;1933;1952;1972;1991;2011;2031;2052;2072;2093;2114;2135;2156;2178;2200;2222;2244;2266;2289;2312;2335;2359;2382;2406;2430;2454;2479;2504;2529;2554;2579;2605;2631;2658;2684;2711;2738;2766;2793;2821;2849;2878;2907;2936;2965;2995;3025;3055;3085;3116;3147;3179;3211;3243;3275;3308>,16,<49;49;49;49;49;55;55;55;55;55;60;60;60;60;60;65;65;65;65;65;70;70;70;70;70;76;76;76;76;76;81;81;81;81;81;86;86;86;86;86;92;92;92;92;92;97;97;97;97;97;102;102;102;102;102;107;107;107;107;107;113;113;113;113;113;118;118;118;118;118;123;123;123;123;123;128;128;128;128;128;134;134;134;134;134;139;139;139;139;139;144;144;144;144;144;150;150;150;150;150;152;153;155;156;158;159;161;162;164;166;167;169;171;172;174;176;178;179;181;183;185;187;189;190;192;194;196;198;200;202;204;206;208;210;212;215;217;219;221;223;226;228;230;232;235;237;239;242;244;247;249;252;254;257;259;262;264;267;270;273;275;278;281;284;286;289;292;295;298;301;304;307;310;313;316;320;323;326;329;333;336;339;343;346;349;353;356;360;364;367;371;375;378;382;386;390;394;398;402;406>,0,<>,0,<>,,{drawcard=zi_effect_loop}
40942,反制,反制,Counter,Counter,반격,Contador,9,2,config/item/gem/icon_8_z_2.png,4,辅助向符石,輔助向符石,Support-type,Support-type,서포트 룬스톤,Tipo de suporte,ประเภทการสนับสนุน,9999,{529=80},100,4,1,<2218;2251;2285;2318;2351;2384;2418;2451;2484;2517;2573;2608;2644;2679;2715;2750;2786;2821;2857;2892;2972;3010;3048;3085;3123;3161;3198;3236;3274;3311;3416;3456;3496;3535;3575;3615;3655;3695;3735;3775;3992;4037;4081;4125;4170;4214;4259;4303;4347;4392;4658;4707;4755;4804;4853;4902;4951;4999;5048;5097;5412;5465;5518;5572;5625;5678;5731;5785;5838;5891;6255;6312;6370;6428;6485;6543;6601;6658;6716;6774;7186;7248;7311;7373;7435;7497;7559;7621;7683;7745;8207;8273;8340;8406;8473;8539;8606;8672;8739;8805;8893;8982;9072;9163;9254;9347;9440;9535;9630;9726;9823;9922;10021;10121;10222;10325;10428;10532;10637;10744;10851;10960;11069;11180;11292;11405;11519;11634;11750;11868;11986;12106;12227;12350;12473;12598;12724;12851;12980;13109;13241;13373;13507;13642;13778;13916;14055;14196;14338;14481;14626;14772;14920;15069;15220;15372;15526;15681;15838;15996;16156;16318;16481;16646;16812;16980;17150;17321;17495;17670;17846;18025;18205;18387;18571;18757;18944;19134;19325;19518;19713;19910;20110;20311;20514;20719;20926;21135;21347;21560;21776;21994;22214;22436;22660;22887;23115;23347;23580;23816>,9,<308;313;317;322;326;331;336;340;345;350;357;362;367;372;377;382;387;392;397;402;413;418;423;428;434;439;444;449;455;460;474;480;485;491;496;502;508;513;519;524;554;561;567;573;579;585;591;598;604;610;647;654;660;667;674;681;687;694;701;708;752;759;766;774;781;788;796;803;811;818;869;877;885;893;901;909;917;925;933;941;998;1007;1015;1024;1032;1041;1050;1058;1067;1076;1140;1149;1158;1167;1177;1186;1195;1204;1214;1223;1235;1248;1260;1273;1285;1298;1311;1324;1338;1351;1364;1378;1392;1406;1420;1434;1448;1463;1478;1492;1507;1522;1538;1553;1568;1584;1600;1616;1632;1648;1665;1682;1698;1715;1733;1750;1767;1785;1803;1821;1839;1857;1876;1895;1914;1933;1952;1972;1991;2011;2031;2052;2072;2093;2114;2135;2156;2178;2200;2222;2244;2266;2289;2312;2335;2359;2382;2406;2430;2454;2479;2504;2529;2554;2579;2605;2631;2658;2684;2711;2738;2766;2793;2821;2849;2878;2907;2936;2965;2995;3025;3055;3085;3116;3147;3179;3211;3243;3275;3308>,90,<59;59;59;59;59;65;65;65;65;65;72;72;72;72;72;78;78;78;78;78;84;84;84;84;84;91;91;91;91;91;97;97;97;97;97;103;103;103;103;103;110;110;110;110;110;116;116;116;116;116;122;122;122;122;122;129;129;129;129;129;135;135;135;135;135;142;142;142;142;142;148;148;148;148;148;154;154;154;154;154;161;161;161;161;161;167;167;167;167;167;173;173;173;173;173;180;180;180;180;180;182;184;185;187;189;191;193;195;197;199;201;203;205;207;209;211;213;215;217;220;222;224;226;229;231;233;235;238;240;243;245;247;250;252;255;258;260;263;265;268;271;273;276;279;282;284;287;290;293;296;299;302;305;308;311;314;317;321;324;327;330;334;337;340;344;347;351;354;358;361;365;368;372;376;380;383;387;391;395;399;403;407;411;415;419;424;428;432;436;441;445;450;454;459;463;468;473;477;482;487>,0,<>,0,<>,,{drawcard=zi_effect_loop}
40943,反制,反制,Counter,Counter,반격,Contador,9,3,config/item/gem/icon_8_z_3.png,4,辅助向符石,輔助向符石,Support-type,Support-type,서포트 룬스톤,Tipo de suporte,ประเภทการสนับสนุน,9999,{529=80},100,4,1,<2218;2251;2285;2318;2351;2384;2418;2451;2484;2517;2573;2608;2644;2679;2715;2750;2786;2821;2857;2892;2972;3010;3048;3085;3123;3161;3198;3236;3274;3311;3416;3456;3496;3535;3575;3615;3655;3695;3735;3775;3992;4037;4081;4125;4170;4214;4259;4303;4347;4392;4658;4707;4755;4804;4853;4902;4951;4999;5048;5097;5412;5465;5518;5572;5625;5678;5731;5785;5838;5891;6255;6312;6370;6428;6485;6543;6601;6658;6716;6774;7186;7248;7311;7373;7435;7497;7559;7621;7683;7745;8207;8273;8340;8406;8473;8539;8606;8672;8739;8805;8893;8982;9072;9163;9254;9347;9440;9535;9630;9726;9823;9922;10021;10121;10222;10325;10428;10532;10637;10744;10851;10960;11069;11180;11292;11405;11519;11634;11750;11868;11986;12106;12227;12350;12473;12598;12724;12851;12980;13109;13241;13373;13507;13642;13778;13916;14055;14196;14338;14481;14626;14772;14920;15069;15220;15372;15526;15681;15838;15996;16156;16318;16481;16646;16812;16980;17150;17321;17495;17670;17846;18025;18205;18387;18571;18757;18944;19134;19325;19518;19713;19910;20110;20311;20514;20719;20926;21135;21347;21560;21776;21994;22214;22436;22660;22887;23115;23347;23580;23816>,10,<308;313;317;322;326;331;336;340;345;350;357;362;367;372;377;382;387;392;397;402;413;418;423;428;434;439;444;449;455;460;474;480;485;491;496;502;508;513;519;524;554;561;567;573;579;585;591;598;604;610;647;654;660;667;674;681;687;694;701;708;752;759;766;774;781;788;796;803;811;818;869;877;885;893;901;909;917;925;933;941;998;1007;1015;1024;1032;1041;1050;1058;1067;1076;1140;1149;1158;1167;1177;1186;1195;1204;1214;1223;1235;1248;1260;1273;1285;1298;1311;1324;1338;1351;1364;1378;1392;1406;1420;1434;1448;1463;1478;1492;1507;1522;1538;1553;1568;1584;1600;1616;1632;1648;1665;1682;1698;1715;1733;1750;1767;1785;1803;1821;1839;1857;1876;1895;1914;1933;1952;1972;1991;2011;2031;2052;2072;2093;2114;2135;2156;2178;2200;2222;2244;2266;2289;2312;2335;2359;2382;2406;2430;2454;2479;2504;2529;2554;2579;2605;2631;2658;2684;2711;2738;2766;2793;2821;2849;2878;2907;2936;2965;2995;3025;3055;3085;3116;3147;3179;3211;3243;3275;3308>,91,<59;59;59;59;59;65;65;65;65;65;72;72;72;72;72;78;78;78;78;78;84;84;84;84;84;91;91;91;91;91;97;97;97;97;97;103;103;103;103;103;110;110;110;110;110;116;116;116;116;116;122;122;122;122;122;129;129;129;129;129;135;135;135;135;135;142;142;142;142;142;148;148;148;148;148;154;154;154;154;154;161;161;161;161;161;167;167;167;167;167;173;173;173;173;173;180;180;180;180;180;182;184;185;187;189;191;193;195;197;199;201;203;205;207;209;211;213;215;217;220;222;224;226;229;231;233;235;238;240;243;245;247;250;252;255;258;260;263;265;268;271;273;276;279;282;284;287;290;293;296;299;302;305;308;311;314;317;321;324;327;330;334;337;340;344;347;351;354;358;361;365;368;372;376;380;383;387;391;395;399;403;407;411;415;419;424;428;432;436;441;445;450;454;459;463;468;473;477;482;487>,0,<>,0,<>,,{drawcard=zi_effect_loop}
40951,反制,反制,Counter,Counter,반격,Contador,9,1,config/item/gem/icon_8_hu_1.png,5,辅助向符石,輔助向符石,Support-type,Support-type,서포트 룬스톤,Tipo de suporte,ประเภทการสนับสนุน,9999,{529=400},100,5,9,<476;483;490;497;505;512;519;526;533;540;552;560;567;575;583;590;598;605;613;621;638;646;654;662;670;678;686;694;703;711;733;742;750;759;767;776;784;793;802;810;857;866;876;885;895;904;914;923;933;942;1000;1010;1021;1031;1041;1052;1062;1073;1083;1094;1161;1173;1184;1196;1207;1219;1230;1241;1253;1264;1342;1355;1367;1379;1392;1404;1417;1429;1441;1454;1542;1556;1569;1582;1596;1609;1622;1636;1649;1662;1761;1775;1790;1804;1818;1833;1847;1861;1875;1890;1909;1928;1947;1967;1986;2006;2026;2047;2067;2088;2109;2130;2151;2173;2194;2216;2238;2261;2283;2306;2329;2353;2376;2400;2424;2448;2473;2497;2522;2547;2573;2599;2625;2651;2677;2704;2731;2759;2786;2814;2842;2871;2899;2928;2957;2987;3017;3047;3078;3108;3139;3171;3203;3235;3267;3300;3333;3366;3400;3434;3468;3503;3538;3573;3609;3645;3681;3718;3755;3793;3831;3869;3908;3947;3986;4026;4066;4107;4148;4190;4231;4274;4317;4360;4403;4447;4492;4537;4582;4628;4674;4721;4768;4816;4864;4913;4962;5011;5061;5112>,10,<476;483;490;497;505;512;519;526;533;540;552;560;567;575;583;590;598;605;613;621;638;646;654;662;670;678;686;694;703;711;733;742;750;759;767;776;784;793;802;810;857;866;876;885;895;904;914;923;933;942;1000;1010;1021;1031;1041;1052;1062;1073;1083;1094;1161;1173;1184;1196;1207;1219;1230;1241;1253;1264;1342;1355;1367;1379;1392;1404;1417;1429;1441;1454;1542;1556;1569;1582;1596;1609;1622;1636;1649;1662;1761;1775;1790;1804;1818;1833;1847;1861;1875;1890;1909;1928;1947;1967;1986;2006;2026;2047;2067;2088;2109;2130;2151;2173;2194;2216;2238;2261;2283;2306;2329;2353;2376;2400;2424;2448;2473;2497;2522;2547;2573;2599;2625;2651;2677;2704;2731;2759;2786;2814;2842;2871;2899;2928;2957;2987;3017;3047;3078;3108;3139;3171;3203;3235;3267;3300;3333;3366;3400;3434;3468;3503;3538;3573;3609;3645;3681;3718;3755;3793;3831;3869;3908;3947;3986;4026;4066;4107;4148;4190;4231;4274;4317;4360;4403;4447;4492;4537;4582;4628;4674;4721;4768;4816;4864;4913;4962;5011;5061;5112>,16,<76;76;76;76;76;84;84;84;84;84;92;92;92;92;92;101;101;101;101;101;109;109;109;109;109;117;117;117;117;117;125;125;125;125;125;133;133;133;133;133;141;141;141;141;141;150;150;150;150;150;158;158;158;158;158;166;166;166;166;166;174;174;174;174;174;182;182;182;182;182;190;190;190;190;190;199;199;199;199;199;207;207;207;207;207;215;215;215;215;215;223;223;223;223;223;231;231;231;231;231;233;236;238;240;243;245;248;250;253;255;258;260;263;266;268;271;274;276;279;282;285;288;290;293;296;299;302;305;308;311;314;318;321;324;327;331;334;337;341;344;347;351;354;358;361;365;369;372;376;380;384;388;391;395;399;403;407;411;416;420;424;428;432;437;441;445;450;454;459;464;468;473;478;482;487;492;497;502;507;512;517;522;528;533;538;544;549;554;560;566;571;577;583;589;594;600;606;613;619;625>,0,<>,0,<>,,{drawcard=huang_effect_loop}
40952,反制,反制,Counter,Counter,반격,Contador,9,2,config/item/gem/icon_8_hu_2.png,5,辅助向符石,輔助向符石,Support-type,Support-type,서포트 룬스톤,Tipo de suporte,ประเภทการสนับสนุน,9999,{529=400},100,5,1,<3427;3478;3530;3581;3633;3684;3735;3787;3838;3890;3975;4030;4085;4140;4195;4249;4304;4359;4414;4469;4592;4650;4709;4767;4825;4883;4942;5000;5058;5117;5278;5339;5401;5463;5524;5586;5648;5709;5771;5833;6169;6237;6306;6374;6443;6511;6580;6648;6717;6785;7197;7272;7347;7423;7498;7574;7649;7724;7800;7875;8362;8444;8526;8609;8691;8773;8855;8938;9020;9102;9664;9753;9842;9931;10021;10110;10199;10288;10377;10466;11103;11199;11295;11391;11487;11583;11679;11775;11871;11967;12680;12783;12886;12988;13091;13194;13297;13400;13502;13605;13741;13878;14017;14157;14299;14442;14586;14732;14880;15028;15179;15330;15484;15639;15795;15953;16112;16274;16436;16601;16767;16934;17104;17275;17447;17622;17798;17976;18156;18337;18521;18706;18893;19082;19273;19466;19660;19857;20055;20256;20459;20663;20870;21078;21289;21502;21717;21934;22154;22375;22599;22825;23053;23284;23517;23752;23989;24229;24471;24716;24963;25213;25465;25720;25977;26237;26499;26764;27032;27302;27575;27851;28129;28411;28695;28982;29271;29564;29860;30158;30460;30765;31072;31383;31697;32014;32334;32657;32984;33314;33647;33983;34323;34666;35013;35363;35717;36074;36435;36799>,9,<476;483;490;497;505;512;519;526;533;540;552;560;567;575;583;590;598;605;613;621;638;646;654;662;670;678;686;694;703;711;733;742;750;759;767;776;784;793;802;810;857;866;876;885;895;904;914;923;933;942;1000;1010;1021;1031;1041;1052;1062;1073;1083;1094;1161;1173;1184;1196;1207;1219;1230;1241;1253;1264;1342;1355;1367;1379;1392;1404;1417;1429;1441;1454;1542;1556;1569;1582;1596;1609;1622;1636;1649;1662;1761;1775;1790;1804;1818;1833;1847;1861;1875;1890;1909;1928;1947;1967;1986;2006;2026;2047;2067;2088;2109;2130;2151;2173;2194;2216;2238;2261;2283;2306;2329;2353;2376;2400;2424;2448;2473;2497;2522;2547;2573;2599;2625;2651;2677;2704;2731;2759;2786;2814;2842;2871;2899;2928;2957;2987;3017;3047;3078;3108;3139;3171;3203;3235;3267;3300;3333;3366;3400;3434;3468;3503;3538;3573;3609;3645;3681;3718;3755;3793;3831;3869;3908;3947;3986;4026;4066;4107;4148;4190;4231;4274;4317;4360;4403;4447;4492;4537;4582;4628;4674;4721;4768;4816;4864;4913;4962;5011;5061;5112>,90,<91;91;91;91;91;101;101;101;101;101;111;111;111;111;111;121;121;121;121;121;131;131;131;131;131;140;140;140;140;140;150;150;150;150;150;160;160;160;160;160;170;170;170;170;170;180;180;180;180;180;189;189;189;189;189;199;199;199;199;199;209;209;209;209;209;219;219;219;219;219;228;228;228;228;228;238;238;238;238;238;248;248;248;248;248;258;258;258;258;258;268;268;268;268;268;277;277;277;277;277;280;283;285;288;291;294;297;300;303;306;309;312;315;318;322;325;328;331;335;338;341;345;348;352;355;359;362;366;370;373;377;381;385;389;392;396;400;404;408;412;417;421;425;429;433;438;442;447;451;456;460;465;469;474;479;484;488;493;498;503;508;513;518;524;529;534;540;545;550;556;561;567;573;578;584;590;596;602;608;614;620;626;633;639;645;652;658;665;672;678;685;692;699;706;713;720;727;734;742;749>,0,<>,0,<>,,{drawcard=huang_effect_loop}
40953,反制,反制,Counter,Counter,반격,Contador,9,3,config/item/gem/icon_8_hu_3.png,5,辅助向符石,輔助向符石,Support-type,Support-type,서포트 룬스톤,Tipo de suporte,ประเภทการสนับสนุน,9999,{529=400},100,5,1,<3427;3478;3530;3581;3633;3684;3735;3787;3838;3890;3975;4030;4085;4140;4195;4249;4304;4359;4414;4469;4592;4650;4709;4767;4825;4883;4942;5000;5058;5117;5278;5339;5401;5463;5524;5586;5648;5709;5771;5833;6169;6237;6306;6374;6443;6511;6580;6648;6717;6785;7197;7272;7347;7423;7498;7574;7649;7724;7800;7875;8362;8444;8526;8609;8691;8773;8855;8938;9020;9102;9664;9753;9842;9931;10021;10110;10199;10288;10377;10466;11103;11199;11295;11391;11487;11583;11679;11775;11871;11967;12680;12783;12886;12988;13091;13194;13297;13400;13502;13605;13741;13878;14017;14157;14299;14442;14586;14732;14880;15028;15179;15330;15484;15639;15795;15953;16112;16274;16436;16601;16767;16934;17104;17275;17447;17622;17798;17976;18156;18337;18521;18706;18893;19082;19273;19466;19660;19857;20055;20256;20459;20663;20870;21078;21289;21502;21717;21934;22154;22375;22599;22825;23053;23284;23517;23752;23989;24229;24471;24716;24963;25213;25465;25720;25977;26237;26499;26764;27032;27302;27575;27851;28129;28411;28695;28982;29271;29564;29860;30158;30460;30765;31072;31383;31697;32014;32334;32657;32984;33314;33647;33983;34323;34666;35013;35363;35717;36074;36435;36799>,10,<476;483;490;497;505;512;519;526;533;540;552;560;567;575;583;590;598;605;613;621;638;646;654;662;670;678;686;694;703;711;733;742;750;759;767;776;784;793;802;810;857;866;876;885;895;904;914;923;933;942;1000;1010;1021;1031;1041;1052;1062;1073;1083;1094;1161;1173;1184;1196;1207;1219;1230;1241;1253;1264;1342;1355;1367;1379;1392;1404;1417;1429;1441;1454;1542;1556;1569;1582;1596;1609;1622;1636;1649;1662;1761;1775;1790;1804;1818;1833;1847;1861;1875;1890;1909;1928;1947;1967;1986;2006;2026;2047;2067;2088;2109;2130;2151;2173;2194;2216;2238;2261;2283;2306;2329;2353;2376;2400;2424;2448;2473;2497;2522;2547;2573;2599;2625;2651;2677;2704;2731;2759;2786;2814;2842;2871;2899;2928;2957;2987;3017;3047;3078;3108;3139;3171;3203;3235;3267;3300;3333;3366;3400;3434;3468;3503;3538;3573;3609;3645;3681;3718;3755;3793;3831;3869;3908;3947;3986;4026;4066;4107;4148;4190;4231;4274;4317;4360;4403;4447;4492;4537;4582;4628;4674;4721;4768;4816;4864;4913;4962;5011;5061;5112>,91,<91;91;91;91;91;101;101;101;101;101;111;111;111;111;111;121;121;121;121;121;131;131;131;131;131;140;140;140;140;140;150;150;150;150;150;160;160;160;160;160;170;170;170;170;170;180;180;180;180;180;189;189;189;189;189;199;199;199;199;199;209;209;209;209;209;219;219;219;219;219;228;228;228;228;228;238;238;238;238;238;248;248;248;248;248;258;258;258;258;258;268;268;268;268;268;277;277;277;277;277;280;283;285;288;291;294;297;300;303;306;309;312;315;318;322;325;328;331;335;338;341;345;348;352;355;359;362;366;370;373;377;381;385;389;392;396;400;404;408;412;417;421;425;429;433;438;442;447;451;456;460;465;469;474;479;484;488;493;498;503;508;513;518;524;529;534;540;545;550;556;561;567;573;578;584;590;596;602;608;614;620;626;633;639;645;652;658;665;672;678;685;692;699;706;713;720;727;734;742;749>,0,<>,0,<>,,{drawcard=huang_effect_loop}
40961,反制,反制,Counter,Counter,반격,Contador,9,1,config/item/gem/icon_8_h_1.png,6,辅助向符石,輔助向符石,Support-type,Support-type,서포트 룬스톤,Tipo de suporte,ประเภทการสนับสนุน,9999,{529=2000},100,6,9,<700;711;721;732;742;753;763;774;784;795;812;823;834;846;857;868;879;890;902;913;938;950;962;974;986;998;1009;1021;1033;1045;1078;1091;1103;1116;1128;1141;1154;1166;1179;1191;1372;1389;1406;1422;1439;1456;1473;1490;1506;1523;1610;1628;1646;1665;1683;1701;1719;1737;1756;1774;1876;1896;1915;1935;1954;1974;1994;2013;2033;2052;2170;2191;2212;2233;2254;2275;2296;2317;2338;2359;2492;2514;2537;2559;2582;2604;2626;2649;2671;2694;2716;2738;2761;2783;2806;2828;2850;2873;2895;2918;2947;2977;3006;3036;3067;3098;3128;3160;3191;3223;3256;3288;3321;3354;3388;3422;3456;3490;3525;3561;3596;3632;3668;3705;3742;3780;3817;3856;3894;3933;3972;4012;4052;4093;4134;4175;4217;4259;4301;4345;4388;4432;4476;4521;4566;4612;4658;4704;4752;4799;4847;4895;4944;4994;5044;5094;5145;5197;5249;5301;5354;5408;5462;5516;5572;5627;5684;5740;5798;5856;5914;5973;6033;6094;6154;6216;6278;6341;6404;6468;6533;6598;6664;6731;6798;6866;6935;7004;7074;7145;7217;7289;7362;7435;7510;7585;7661;7737;7815;7893>,10,<700;711;721;732;742;753;763;774;784;795;812;823;834;846;857;868;879;890;902;913;938;950;962;974;986;998;1009;1021;1033;1045;1078;1091;1103;1116;1128;1141;1154;1166;1179;1191;1372;1389;1406;1422;1439;1456;1473;1490;1506;1523;1610;1628;1646;1665;1683;1701;1719;1737;1756;1774;1876;1896;1915;1935;1954;1974;1994;2013;2033;2052;2170;2191;2212;2233;2254;2275;2296;2317;2338;2359;2492;2514;2537;2559;2582;2604;2626;2649;2671;2694;2716;2738;2761;2783;2806;2828;2850;2873;2895;2918;2947;2977;3006;3036;3067;3098;3128;3160;3191;3223;3256;3288;3321;3354;3388;3422;3456;3490;3525;3561;3596;3632;3668;3705;3742;3780;3817;3856;3894;3933;3972;4012;4052;4093;4134;4175;4217;4259;4301;4345;4388;4432;4476;4521;4566;4612;4658;4704;4752;4799;4847;4895;4944;4994;5044;5094;5145;5197;5249;5301;5354;5408;5462;5516;5572;5627;5684;5740;5798;5856;5914;5973;6033;6094;6154;6216;6278;6341;6404;6468;6533;6598;6664;6731;6798;6866;6935;7004;7074;7145;7217;7289;7362;7435;7510;7585;7661;7737;7815;7893>,16,<112;112;112;112;112;124;124;124;124;124;136;136;136;136;136;148;148;148;148;148;160;160;160;160;160;172;172;172;172;172;184;184;184;184;184;196;196;196;196;196;208;208;208;208;208;220;220;220;220;220;232;232;232;232;232;244;244;244;244;244;256;256;256;256;256;268;268;268;268;268;280;280;280;280;280;292;292;292;292;292;304;304;304;304;304;316;316;316;316;316;328;328;328;328;328;340;340;340;340;340;343;347;350;354;357;361;365;368;372;376;379;383;387;391;395;399;403;407;411;415;419;423;427;432;436;440;445;449;454;458;463;467;472;477;482;486;491;496;501;506;511;516;522;527;532;537;543;548;554;559;565;570;576;582;588;594;600;606;612;618;624;630;636;643;649;656;662;669;676;682;689;696;703;710;717;724;732;739;746;754;761;769;777;784;792;800;808;816;824;833;841;849;858;866;875;884;893;902;911;920>,0,<>,0,<>,,{drawcard=hong_effect_loop}
40962,反制,反制,Counter,Counter,반격,Contador,9,2,config/item/gem/icon_8_h_2.png,6,辅助向符石,輔助向符石,Support-type,Support-type,서포트 룬스톤,Tipo de suporte,ประเภทการสนับสนุน,9999,{529=2000},100,6,1,<5040;5116;5191;5267;5342;5418;5494;5569;5645;5720;5846;5927;6008;6088;6169;6250;6330;6411;6492;6572;6754;6839;6925;7011;7096;7182;7268;7353;7439;7525;7762;7852;7943;8034;8124;8215;8306;8397;8487;8578;9878;9999;10120;10241;10362;10483;10604;10725;10846;10967;11592;11723;11854;11985;12116;12247;12378;12509;12640;12771;13507;13648;13789;13931;14072;14213;14354;14495;14636;14777;15624;15775;15926;16078;16229;16380;16531;16682;16834;16985;17942;18104;18265;18426;18588;18749;18910;19071;19233;19394;19555;19716;19878;20039;20200;20362;20523;20684;20845;21007;21217;21429;21644;21860;22079;22299;22522;22748;22975;23205;23437;23671;23908;24147;24388;24632;24879;25127;25379;25633;25889;26148;26409;26673;26940;27209;27482;27756;28034;28314;28597;28883;29172;29464;29759;30056;30357;30660;30967;31277;31589;31905;32224;32547;32872;33201;33533;33868;34207;34549;34894;35243;35596;35952;36311;36674;37041;37411;37785;38163;38545;38930;39320;39713;40110;40511;40916;41325;41739;42156;42578;43003;43433;43868;44306;44750;45197;45649;46105;46567;47032;47503;47978;48457;48942;49431;49926;50425;50929;51438;51953;52472;52997;53527;54062;54603;55149;55700;56257;56820>,9,<700;711;721;732;742;753;763;774;784;795;812;823;834;846;857;868;879;890;902;913;938;950;962;974;986;998;1009;1021;1033;1045;1078;1091;1103;1116;1128;1141;1154;1166;1179;1191;1372;1389;1406;1422;1439;1456;1473;1490;1506;1523;1610;1628;1646;1665;1683;1701;1719;1737;1756;1774;1876;1896;1915;1935;1954;1974;1994;2013;2033;2052;2170;2191;2212;2233;2254;2275;2296;2317;2338;2359;2492;2514;2537;2559;2582;2604;2626;2649;2671;2694;2716;2738;2761;2783;2806;2828;2850;2873;2895;2918;2947;2977;3006;3036;3067;3098;3128;3160;3191;3223;3256;3288;3321;3354;3388;3422;3456;3490;3525;3561;3596;3632;3668;3705;3742;3780;3817;3856;3894;3933;3972;4012;4052;4093;4134;4175;4217;4259;4301;4345;4388;4432;4476;4521;4566;4612;4658;4704;4752;4799;4847;4895;4944;4994;5044;5094;5145;5197;5249;5301;5354;5408;5462;5516;5572;5627;5684;5740;5798;5856;5914;5973;6033;6094;6154;6216;6278;6341;6404;6468;6533;6598;6664;6731;6798;6866;6935;7004;7074;7145;7217;7289;7362;7435;7510;7585;7661;7737;7815;7893>,90,<134;134;134;134;134;149;149;149;149;149;163;163;163;163;163;178;178;178;178;178;192;192;192;192;192;206;206;206;206;206;221;221;221;221;221;235;235;235;235;235;250;250;250;250;250;264;264;264;264;264;278;278;278;278;278;293;293;293;293;293;307;307;307;307;307;322;322;322;322;322;336;336;336;336;336;350;350;350;350;350;365;365;365;365;365;379;379;379;379;379;394;394;394;394;394;408;408;408;408;408;412;416;420;425;429;433;437;442;446;451;455;460;464;469;474;478;483;488;493;498;503;508;513;518;523;528;534;539;544;550;555;561;567;572;578;584;590;595;601;607;614;620;626;632;638;645;651;658;664;671;678;684;691;698;705;712;719;727;734;741;749;756;764;771;779;787;795;803;811;819;827;835;844;852;861;869;878;887;895;904;913;923;932;941;951;960;970;979;989;999;1009;1019;1029;1040;1050;1061;1071;1082;1093;1104>,0,<>,0,<>,,{drawcard=hong_effect_loop}
40963,反制,反制,Counter,Counter,반격,Contador,9,3,config/item/gem/icon_8_h_3.png,6,辅助向符石,輔助向符石,Support-type,Support-type,서포트 룬스톤,Tipo de suporte,ประเภทการสนับสนุน,9999,{529=2000},100,6,1,<5040;5116;5191;5267;5342;5418;5494;5569;5645;5720;5846;5927;6008;6088;6169;6250;6330;6411;6492;6572;6754;6839;6925;7011;7096;7182;7268;7353;7439;7525;7762;7852;7943;8034;8124;8215;8306;8397;8487;8578;9878;9999;10120;10241;10362;10483;10604;10725;10846;10967;11592;11723;11854;11985;12116;12247;12378;12509;12640;12771;13507;13648;13789;13931;14072;14213;14354;14495;14636;14777;15624;15775;15926;16078;16229;16380;16531;16682;16834;16985;17942;18104;18265;18426;18588;18749;18910;19071;19233;19394;19555;19716;19878;20039;20200;20362;20523;20684;20845;21007;21217;21429;21644;21860;22079;22299;22522;22748;22975;23205;23437;23671;23908;24147;24388;24632;24879;25127;25379;25633;25889;26148;26409;26673;26940;27209;27482;27756;28034;28314;28597;28883;29172;29464;29759;30056;30357;30660;30967;31277;31589;31905;32224;32547;32872;33201;33533;33868;34207;34549;34894;35243;35596;35952;36311;36674;37041;37411;37785;38163;38545;38930;39320;39713;40110;40511;40916;41325;41739;42156;42578;43003;43433;43868;44306;44750;45197;45649;46105;46567;47032;47503;47978;48457;48942;49431;49926;50425;50929;51438;51953;52472;52997;53527;54062;54603;55149;55700;56257;56820>,10,<700;711;721;732;742;753;763;774;784;795;812;823;834;846;857;868;879;890;902;913;938;950;962;974;986;998;1009;1021;1033;1045;1078;1091;1103;1116;1128;1141;1154;1166;1179;1191;1372;1389;1406;1422;1439;1456;1473;1490;1506;1523;1610;1628;1646;1665;1683;1701;1719;1737;1756;1774;1876;1896;1915;1935;1954;1974;1994;2013;2033;2052;2170;2191;2212;2233;2254;2275;2296;2317;2338;2359;2492;2514;2537;2559;2582;2604;2626;2649;2671;2694;2716;2738;2761;2783;2806;2828;2850;2873;2895;2918;2947;2977;3006;3036;3067;3098;3128;3160;3191;3223;3256;3288;3321;3354;3388;3422;3456;3490;3525;3561;3596;3632;3668;3705;3742;3780;3817;3856;3894;3933;3972;4012;4052;4093;4134;4175;4217;4259;4301;4345;4388;4432;4476;4521;4566;4612;4658;4704;4752;4799;4847;4895;4944;4994;5044;5094;5145;5197;5249;5301;5354;5408;5462;5516;5572;5627;5684;5740;5798;5856;5914;5973;6033;6094;6154;6216;6278;6341;6404;6468;6533;6598;6664;6731;6798;6866;6935;7004;7074;7145;7217;7289;7362;7435;7510;7585;7661;7737;7815;7893>,91,<134;134;134;134;134;149;149;149;149;149;163;163;163;163;163;178;178;178;178;178;192;192;192;192;192;206;206;206;206;206;221;221;221;221;221;235;235;235;235;235;250;250;250;250;250;264;264;264;264;264;278;278;278;278;278;293;293;293;293;293;307;307;307;307;307;322;322;322;322;322;336;336;336;336;336;350;350;350;350;350;365;365;365;365;365;379;379;379;379;379;394;394;394;394;394;408;408;408;408;408;412;416;420;425;429;433;437;442;446;451;455;460;464;469;474;478;483;488;493;498;503;508;513;518;523;528;534;539;544;550;555;561;567;572;578;584;590;595;601;607;614;620;626;632;638;645;651;658;664;671;678;684;691;698;705;712;719;727;734;741;749;756;764;771;779;787;795;803;811;819;827;835;844;852;861;869;878;887;895;904;913;923;932;941;951;960;970;979;989;999;1009;1019;1029;1040;1050;1061;1071;1082;1093;1104>,0,<>,0,<>,,{drawcard=hong_effect_loop}