变量名,_beizhu,cardID,unitID,desc,desc_tw,desc_en,desc_vn,desc_kr,desc_pt,desc_th,rarity,level,star,advance,skillLevels,skills,abilities,nvalue,fetters,equipAdvance,equipStar,equipLevel,equipAwake,hp,damage,specialDamage,defence,specialDefence,speed,strikeLevel,strikeDamage,strikeResistance,blockLevel,breakBlockLevel,blockPower,damageAdd,damageSub,mainSkillAdd,mainSkillSub,controlPer,immuneControl,suckBlood,rebound,languages
默认值,,0,0,"""""","""""","""""","""""","""""","""""","""""",1,90,12,17,<80;80;80;80;80;80>,{},{1=20;2=20;3=20;4=20;5=20;6=20;7=20;8=20;9=20;10=20},{hp=31;speed=31;damage=31;defence=31;specialDamage=31;specialDefence=31},TRUE,16,5,90,5,"""""","""""","""""","""""","""""","""""","""""","""""","""""","""""","""""","""""","""""","""""","""""","""""","""""","""""","""""","""""",<cn;tw;en;vn;kr;pt;th>
ID,备注,卡牌ID,形象ID,描述,描述,描述,描述,描述,描述,描述,稀有度,等级,星级,突破阶数,技能等级,技能({skillID=skillLevel;...}),潜能等级,个体值,羁绊,饰品阶数,饰品星级,饰品等级,饰品觉醒等级,血量,物攻,特攻,物防,特防,速度,暴击等级,暴击伤害,暴击抗性,格挡等级,破格挡等级,格挡强度,伤害加成,伤害减免,大招伤害加成,大招伤害抗性,控制率,免控率,吸血率,反弹率,语言
1,,1,1,备用卡牌,備用卡牌,Spare Card,Thẻ Dự Phòng,예비 카드,Carta Reserva,การ์ดสำรอง,2,90,12,17,<80;80;80;80;80;80>,{},{1=20;2=20;3=20;4=20;5=20;6=20;7=20;8=20;9=20;10=20},{defence=31;specialDefence=31;speed=31;hp=31;damage=31;specialDamage=31},TRUE,16,5,90,5,,,,,,,,,,,,,,,,,,,,,
2,,2,2,备用卡牌,備用卡牌,Spare Card,Thẻ Dự Phòng,예비 카드,Carta Reserva,การ์ดสำรอง,2,90,12,17,<80;80;80;80;80;80>,{},{1=20;2=20;3=20;4=20;5=20;6=20;7=20;8=20;9=20;10=20},{defence=31;specialDefence=31;speed=31;hp=31;damage=31;specialDamage=31},TRUE,16,5,90,5,,,,,,,,,,,,,,,,,,,,,
3,,3,3,备用卡牌,備用卡牌,Spare Card,Thẻ Dự Phòng,예비 카드,Carta Reserva,การ์ดสำรอง,2,90,12,17,<80;80;80;80;80;80>,{},{1=20;2=20;3=20;4=20;5=20;6=20;7=20;8=20;9=20;10=20},{defence=31;specialDefence=31;speed=31;hp=31;damage=31;specialDamage=31},TRUE,16,5,90,5,,,,,,,,,,,,,,,,,,,,,
4,,4,4,备用卡牌,備用卡牌,Spare Card,Thẻ Dự Phòng,예비 카드,Carta Reserva,การ์ดสำรอง,3,90,12,17,<80;80;80;80;80;80>,{},{1=20;2=20;3=20;4=20;5=20;6=20;7=20;8=20;9=20;10=20},{defence=31;specialDefence=31;speed=31;hp=31;damage=31;specialDamage=31},TRUE,16,5,90,5,,,,,,,,,,,,,,,,,,,,,
11,,11,11,备用卡牌,備用卡牌,Spare Card,Thẻ Dự Phòng,예비 카드,Carta Reserva,การ์ดสำรอง,2,90,12,17,<80;80;80;80;80;80>,{},{1=20;2=20;3=20;4=20;5=20;6=20;7=20;8=20;9=20;10=20},{defence=31;specialDefence=31;speed=31;hp=31;damage=31;specialDamage=31},TRUE,16,5,90,5,,,,,,,,,,,,,,,,,,,,,
12,,12,12,备用卡牌,備用卡牌,Spare Card,Thẻ Dự Phòng,예비 카드,Carta Reserva,การ์ดสำรอง,2,90,12,17,<80;80;80;80;80;80>,{},{1=20;2=20;3=20;4=20;5=20;6=20;7=20;8=20;9=20;10=20},{defence=31;specialDefence=31;speed=31;hp=31;damage=31;specialDamage=31},TRUE,16,5,90,5,,,,,,,,,,,,,,,,,,,,,
13,,13,13,备用卡牌,備用卡牌,Spare Card,Thẻ Dự Phòng,예비 카드,Carta Reserva,การ์ดสำรอง,2,90,12,17,<80;80;80;80;80;80>,{},{1=20;2=20;3=20;4=20;5=20;6=20;7=20;8=20;9=20;10=20},{defence=31;specialDefence=31;speed=31;hp=31;damage=31;specialDamage=31},TRUE,16,5,90,5,,,,,,,,,,,,,,,,,,,,,
14,,14,14,备用卡牌,備用卡牌,Spare Card,Thẻ Dự Phòng,예비 카드,Carta Reserva,การ์ดสำรอง,3,90,12,17,<80;80;80;80;80;80>,{},{1=20;2=20;3=20;4=20;5=20;6=20;7=20;8=20;9=20;10=20},{defence=31;specialDefence=31;speed=31;hp=31;damage=31;specialDamage=31},TRUE,16,5,90,5,,,,,,,,,,,,,,,,,,,,,
15,,15,15,备用卡牌,備用卡牌,Spare Card,Thẻ Dự Phòng,예비 카드,Carta Reserva,การ์ดสำรอง,3,90,12,17,<80;80;80;80;80;80>,{},{1=20;2=20;3=20;4=20;5=20;6=20;7=20;8=20;9=20;10=20},{defence=31;specialDefence=31;speed=31;hp=31;damage=31;specialDamage=31},TRUE,16,5,90,5,,,,,,,,,,,,,,,,,,,,,
21,,21,21,备用卡牌,備用卡牌,Spare Card,Thẻ Dự Phòng,예비 카드,Carta Reserva,การ์ดสำรอง,2,90,12,17,<80;80;80;80;80;80>,{},{1=20;2=20;3=20;4=20;5=20;6=20;7=20;8=20;9=20;10=20},{defence=31;specialDefence=31;speed=31;hp=31;damage=31;specialDamage=31},TRUE,16,5,90,5,,,,,,,,,,,,,,,,,,,,,
22,,22,22,备用卡牌,備用卡牌,Spare Card,Thẻ Dự Phòng,예비 카드,Carta Reserva,การ์ดสำรอง,2,90,12,17,<80;80;80;80;80;80>,{},{1=20;2=20;3=20;4=20;5=20;6=20;7=20;8=20;9=20;10=20},{defence=31;specialDefence=31;speed=31;hp=31;damage=31;specialDamage=31},TRUE,16,5,90,5,,,,,,,,,,,,,,,,,,,,,
23,,23,23,备用卡牌,備用卡牌,Spare Card,Thẻ Dự Phòng,예비 카드,Carta Reserva,การ์ดสำรอง,2,90,12,17,<80;80;80;80;80;80>,{},{1=20;2=20;3=20;4=20;5=20;6=20;7=20;8=20;9=20;10=20},{defence=31;specialDefence=31;speed=31;hp=31;damage=31;specialDamage=31},TRUE,16,5,90,5,,,,,,,,,,,,,,,,,,,,,
24,,24,24,备用卡牌,備用卡牌,Spare Card,Thẻ Dự Phòng,예비 카드,Carta Reserva,การ์ดสำรอง,3,90,12,17,<80;80;80;80;80;80>,{},{1=20;2=20;3=20;4=20;5=20;6=20;7=20;8=20;9=20;10=20},{defence=31;specialDefence=31;speed=31;hp=31;damage=31;specialDamage=31},TRUE,16,5,90,5,,,,,,,,,,,,,,,,,,,,,
31,,31,31,备用卡牌,備用卡牌,Spare Card,Thẻ Dự Phòng,예비 카드,Carta Reserva,การ์ดสำรอง,1,90,12,17,<80;80;80;80;80;80>,{},{1=20;2=20;3=20;4=20;5=20;6=20;7=20;8=20;9=20;10=20},{defence=31;specialDefence=31;speed=31;hp=31;damage=31;specialDamage=31},TRUE,16,5,90,5,,,,,,,,,,,,,,,,,,,,,
33,,33,33,备用卡牌,備用卡牌,Spare Card,Thẻ Dự Phòng,예비 카드,Carta Reserva,การ์ดสำรอง,1,90,12,17,<80;80;80;80;80;80>,{},{1=20;2=20;3=20;4=20;5=20;6=20;7=20;8=20;9=20;10=20},{defence=31;specialDefence=31;speed=31;hp=31;damage=31;specialDamage=31},TRUE,16,5,90,5,,,,,,,,,,,,,,,,,,,,,
41,,41,43,备用卡牌,備用卡牌,Spare Card,Thẻ Dự Phòng,예비 카드,Carta Reserva,การ์ดสำรอง,1,90,12,17,<80;80;80;80;80;80>,{},{1=20;2=20;3=20;4=20;5=20;6=20;7=20;8=20;9=20;10=20},{defence=31;specialDefence=31;speed=31;hp=31;damage=31;specialDamage=31},TRUE,16,5,90,5,,,,,,,,,,,,,,,,,,,,,
44,,44,44,备用卡牌,備用卡牌,Spare Card,Thẻ Dự Phòng,예비 카드,Carta Reserva,การ์ดสำรอง,2,90,12,17,<80;80;80;80;80;80>,{},{1=20;2=20;3=20;4=20;5=20;6=20;7=20;8=20;9=20;10=20},{defence=31;specialDefence=31;speed=31;hp=31;damage=31;specialDamage=31},TRUE,16,5,90,5,,,,,,,,,,,,,,,,,,,,,
51,,51,51,备用卡牌,備用卡牌,Spare Card,Thẻ Dự Phòng,예비 카드,Carta Reserva,การ์ดสำรอง,2,90,12,17,<80;80;80;80;80;80>,{},{1=20;2=20;3=20;4=20;5=20;6=20;7=20;8=20;9=20;10=20},{defence=31;specialDefence=31;speed=31;hp=31;damage=31;specialDamage=31},TRUE,16,5,90,5,,,,,,,,,,,,,,,,,,,,,
52,,52,52,备用卡牌,備用卡牌,Spare Card,Thẻ Dự Phòng,예비 카드,Carta Reserva,การ์ดสำรอง,2,90,12,17,<80;80;80;80;80;80>,{},{1=20;2=20;3=20;4=20;5=20;6=20;7=20;8=20;9=20;10=20},{defence=31;specialDefence=31;speed=31;hp=31;damage=31;specialDamage=31},TRUE,16,5,90,5,,,,,,,,,,,,,,,,,,,,,
53,,53,53,备用卡牌,備用卡牌,Spare Card,Thẻ Dự Phòng,예비 카드,Carta Reserva,การ์ดสำรอง,2,90,12,17,<80;80;80;80;80;80>,{},{1=20;2=20;3=20;4=20;5=20;6=20;7=20;8=20;9=20;10=20},{defence=31;specialDefence=31;speed=31;hp=31;damage=31;specialDamage=31},TRUE,16,5,90,5,,,,,,,,,,,,,,,,,,,,,
61,,61,61,备用卡牌,備用卡牌,Spare Card,Thẻ Dự Phòng,예비 카드,Carta Reserva,การ์ดสำรอง,1,90,12,17,<80;80;80;80;80;80>,{},{1=20;2=20;3=20;4=20;5=20;6=20;7=20;8=20;9=20;10=20},{defence=31;specialDefence=31;speed=31;hp=31;damage=31;specialDamage=31},TRUE,16,5,90,5,,,,,,,,,,,,,,,,,,,,,
62,,62,62,备用卡牌,備用卡牌,Spare Card,Thẻ Dự Phòng,예비 카드,Carta Reserva,การ์ดสำรอง,1,90,12,17,<80;80;80;80;80;80>,{},{1=20;2=20;3=20;4=20;5=20;6=20;7=20;8=20;9=20;10=20},{defence=31;specialDefence=31;speed=31;hp=31;damage=31;specialDamage=31},TRUE,16,5,90,5,,,,,,,,,,,,,,,,,,,,,
71,,71,71,备用卡牌,備用卡牌,Spare Card,Thẻ Dự Phòng,예비 카드,Carta Reserva,การ์ดสำรอง,1,90,12,17,<80;80;80;80;80;80>,{},{1=20;2=20;3=20;4=20;5=20;6=20;7=20;8=20;9=20;10=20},{defence=31;specialDefence=31;speed=31;hp=31;damage=31;specialDamage=31},TRUE,16,5,90,5,,,,,,,,,,,,,,,,,,,,,
72,,72,72,备用卡牌,備用卡牌,Spare Card,Thẻ Dự Phòng,예비 카드,Carta Reserva,การ์ดสำรอง,1,90,12,17,<80;80;80;80;80;80>,{},{1=20;2=20;3=20;4=20;5=20;6=20;7=20;8=20;9=20;10=20},{defence=31;specialDefence=31;speed=31;hp=31;damage=31;specialDamage=31},TRUE,16,5,90,5,,,,,,,,,,,,,,,,,,,,,
81,,81,81,备用卡牌,備用卡牌,Spare Card,Thẻ Dự Phòng,예비 카드,Carta Reserva,การ์ดสำรอง,1,90,12,17,<80;80;80;80;80;80>,{},{1=20;2=20;3=20;4=20;5=20;6=20;7=20;8=20;9=20;10=20},{defence=31;specialDefence=31;speed=31;hp=31;damage=31;specialDamage=31},TRUE,16,5,90,5,,,,,,,,,,,,,,,,,,,,,
82,,82,82,备用卡牌,備用卡牌,Spare Card,Thẻ Dự Phòng,예비 카드,Carta Reserva,การ์ดสำรอง,1,90,12,17,<80;80;80;80;80;80>,{},{1=20;2=20;3=20;4=20;5=20;6=20;7=20;8=20;9=20;10=20},{defence=31;specialDefence=31;speed=31;hp=31;damage=31;specialDamage=31},TRUE,16,5,90,5,,,,,,,,,,,,,,,,,,,,,
91,,91,91,备用卡牌,備用卡牌,Spare Card,Thẻ Dự Phòng,예비 카드,Carta Reserva,การ์ดสำรอง,2,90,12,17,<80;80;80;80;80;80>,{},{1=20;2=20;3=20;4=20;5=20;6=20;7=20;8=20;9=20;10=20},{defence=31;specialDefence=31;speed=31;hp=31;damage=31;specialDamage=31},TRUE,16,5,90,5,,,,,,,,,,,,,,,,,,,,,
92,,92,92,备用卡牌,備用卡牌,Spare Card,Thẻ Dự Phòng,예비 카드,Carta Reserva,การ์ดสำรอง,2,90,12,17,<80;80;80;80;80;80>,{},{1=20;2=20;3=20;4=20;5=20;6=20;7=20;8=20;9=20;10=20},{defence=31;specialDefence=31;speed=31;hp=31;damage=31;specialDamage=31},TRUE,16,5,90,5,,,,,,,,,,,,,,,,,,,,,
93,,93,93,备用卡牌,備用卡牌,Spare Card,Thẻ Dự Phòng,예비 카드,Carta Reserva,การ์ดสำรอง,2,90,12,17,<80;80;80;80;80;80>,{},{1=20;2=20;3=20;4=20;5=20;6=20;7=20;8=20;9=20;10=20},{defence=31;specialDefence=31;speed=31;hp=31;damage=31;specialDamage=31},TRUE,16,5,90,5,,,,,,,,,,,,,,,,,,,,,
101,,101,101,备用卡牌,備用卡牌,Spare Card,Thẻ Dự Phòng,예비 카드,Carta Reserva,การ์ดสำรอง,1,90,12,17,<80;80;80;80;80;80>,{},{1=20;2=20;3=20;4=20;5=20;6=20;7=20;8=20;9=20;10=20},{defence=31;specialDefence=31;speed=31;hp=31;damage=31;specialDamage=31},TRUE,16,5,90,5,,,,,,,,,,,,,,,,,,,,,
102,,102,102,备用卡牌,備用卡牌,Spare Card,Thẻ Dự Phòng,예비 카드,Carta Reserva,การ์ดสำรอง,1,90,12,17,<80;80;80;80;80;80>,{},{1=20;2=20;3=20;4=20;5=20;6=20;7=20;8=20;9=20;10=20},{defence=31;specialDefence=31;speed=31;hp=31;damage=31;specialDamage=31},TRUE,16,5,90,5,,,,,,,,,,,,,,,,,,,,,
111,,111,111,备用卡牌,備用卡牌,Spare Card,Thẻ Dự Phòng,예비 카드,Carta Reserva,การ์ดสำรอง,1,90,12,17,<80;80;80;80;80;80>,{},{1=20;2=20;3=20;4=20;5=20;6=20;7=20;8=20;9=20;10=20},{defence=31;specialDefence=31;speed=31;hp=31;damage=31;specialDamage=31},TRUE,16,5,90,5,,,,,,,,,,,,,,,,,,,,,
112,,112,112,备用卡牌,備用卡牌,Spare Card,Thẻ Dự Phòng,예비 카드,Carta Reserva,การ์ดสำรอง,1,90,12,17,<80;80;80;80;80;80>,{},{1=20;2=20;3=20;4=20;5=20;6=20;7=20;8=20;9=20;10=20},{defence=31;specialDefence=31;speed=31;hp=31;damage=31;specialDamage=31},TRUE,16,5,90,5,,,,,,,,,,,,,,,,,,,,,
113,,113,113,备用卡牌,備用卡牌,Spare Card,Thẻ Dự Phòng,예비 카드,Carta Reserva,การ์ดสำรอง,1,90,12,17,<80;80;80;80;80;80>,{},{1=20;2=20;3=20;4=20;5=20;6=20;7=20;8=20;9=20;10=20},{defence=31;specialDefence=31;speed=31;hp=31;damage=31;specialDamage=31},TRUE,16,5,90,5,,,,,,,,,,,,,,,,,,,,,
121,,121,121,备用卡牌,備用卡牌,Spare Card,Thẻ Dự Phòng,예비 카드,Carta Reserva,การ์ดสำรอง,1,90,12,17,<80;80;80;80;80;80>,{},{1=20;2=20;3=20;4=20;5=20;6=20;7=20;8=20;9=20;10=20},{defence=31;specialDefence=31;speed=31;hp=31;damage=31;specialDamage=31},TRUE,16,5,90,5,,,,,,,,,,,,,,,,,,,,,
122,,122,122,备用卡牌,備用卡牌,Spare Card,Thẻ Dự Phòng,예비 카드,Carta Reserva,การ์ดสำรอง,1,90,12,17,<80;80;80;80;80;80>,{},{1=20;2=20;3=20;4=20;5=20;6=20;7=20;8=20;9=20;10=20},{defence=31;specialDefence=31;speed=31;hp=31;damage=31;specialDamage=31},TRUE,16,5,90,5,,,,,,,,,,,,,,,,,,,,,
123,,123,123,备用卡牌,備用卡牌,Spare Card,Thẻ Dự Phòng,예비 카드,Carta Reserva,การ์ดสำรอง,1,90,12,17,<80;80;80;80;80;80>,{},{1=20;2=20;3=20;4=20;5=20;6=20;7=20;8=20;9=20;10=20},{defence=31;specialDefence=31;speed=31;hp=31;damage=31;specialDamage=31},TRUE,16,5,90,5,,,,,,,,,,,,,,,,,,,,,
131,,131,131,备用卡牌,備用卡牌,Spare Card,Thẻ Dự Phòng,예비 카드,Carta Reserva,การ์ดสำรอง,2,90,12,17,<80;80;80;80;80;80>,{},{1=20;2=20;3=20;4=20;5=20;6=20;7=20;8=20;9=20;10=20},{defence=31;specialDefence=31;speed=31;hp=31;damage=31;specialDamage=31},TRUE,16,5,90,5,,,,,,,,,,,,,,,,,,,,,
132,,132,132,备用卡牌,備用卡牌,Spare Card,Thẻ Dự Phòng,예비 카드,Carta Reserva,การ์ดสำรอง,2,90,12,17,<80;80;80;80;80;80>,{},{1=20;2=20;3=20;4=20;5=20;6=20;7=20;8=20;9=20;10=20},{defence=31;specialDefence=31;speed=31;hp=31;damage=31;specialDamage=31},TRUE,16,5,90,5,,,,,,,,,,,,,,,,,,,,,
133,,133,133,备用卡牌,備用卡牌,Spare Card,Thẻ Dự Phòng,예비 카드,Carta Reserva,การ์ดสำรอง,2,90,12,17,<80;80;80;80;80;80>,{},{1=20;2=20;3=20;4=20;5=20;6=20;7=20;8=20;9=20;10=20},{defence=31;specialDefence=31;speed=31;hp=31;damage=31;specialDamage=31},TRUE,16,5,90,5,,,,,,,,,,,,,,,,,,,,,
151,,151,151,备用卡牌,備用卡牌,Spare Card,Thẻ Dự Phòng,예비 카드,Carta Reserva,การ์ดสำรอง,2,90,12,17,<80;80;80;80;80;80>,{},{1=20;2=20;3=20;4=20;5=20;6=20;7=20;8=20;9=20;10=20},{defence=31;specialDefence=31;speed=31;hp=31;damage=31;specialDamage=31},TRUE,16,5,90,5,,,,,,,,,,,,,,,,,,,,,
152,,152,152,备用卡牌,備用卡牌,Spare Card,Thẻ Dự Phòng,예비 카드,Carta Reserva,การ์ดสำรอง,2,90,12,17,<80;80;80;80;80;80>,{},{1=20;2=20;3=20;4=20;5=20;6=20;7=20;8=20;9=20;10=20},{defence=31;specialDefence=31;speed=31;hp=31;damage=31;specialDamage=31},TRUE,16,5,90,5,,,,,,,,,,,,,,,,,,,,,
153,,153,153,备用卡牌,備用卡牌,Spare Card,Thẻ Dự Phòng,예비 카드,Carta Reserva,การ์ดสำรอง,2,90,12,17,<80;80;80;80;80;80>,{},{1=20;2=20;3=20;4=20;5=20;6=20;7=20;8=20;9=20;10=20},{defence=31;specialDefence=31;speed=31;hp=31;damage=31;specialDamage=31},TRUE,16,5,90,5,,,,,,,,,,,,,,,,,,,,,
161,,161,161,备用卡牌,備用卡牌,Spare Card,Thẻ Dự Phòng,예비 카드,Carta Reserva,การ์ดสำรอง,3,90,12,17,<80;80;80;80;80;80>,{},{1=20;2=20;3=20;4=20;5=20;6=20;7=20;8=20;9=20;10=20},{defence=31;specialDefence=31;speed=31;hp=31;damage=31;specialDamage=31},TRUE,16,5,90,5,,,,,,,,,,,,,,,,,,,,,
162,,162,162,备用卡牌,備用卡牌,Spare Card,Thẻ Dự Phòng,예비 카드,Carta Reserva,การ์ดสำรอง,3,90,12,17,<80;80;80;80;80;80>,{},{1=20;2=20;3=20;4=20;5=20;6=20;7=20;8=20;9=20;10=20},{defence=31;specialDefence=31;speed=31;hp=31;damage=31;specialDamage=31},TRUE,16,5,90,5,,,,,,,,,,,,,,,,,,,,,
163,,163,163,备用卡牌,備用卡牌,Spare Card,Thẻ Dự Phòng,예비 카드,Carta Reserva,การ์ดสำรอง,3,90,12,17,<80;80;80;80;80;80>,{},{1=20;2=20;3=20;4=20;5=20;6=20;7=20;8=20;9=20;10=20},{defence=31;specialDefence=31;speed=31;hp=31;damage=31;specialDamage=31},TRUE,16,5,90,5,,,,,,,,,,,,,,,,,,,,,
171,,171,171,备用卡牌,備用卡牌,Spare Card,Thẻ Dự Phòng,예비 카드,Carta Reserva,การ์ดสำรอง,1,90,12,17,<80;80;80;80;80;80>,{},{1=20;2=20;3=20;4=20;5=20;6=20;7=20;8=20;9=20;10=20},{defence=31;specialDefence=31;speed=31;hp=31;damage=31;specialDamage=31},TRUE,16,5,90,5,,,,,,,,,,,,,,,,,,,,,
172,,172,172,备用卡牌,備用卡牌,Spare Card,Thẻ Dự Phòng,예비 카드,Carta Reserva,การ์ดสำรอง,1,90,12,17,<80;80;80;80;80;80>,{},{1=20;2=20;3=20;4=20;5=20;6=20;7=20;8=20;9=20;10=20},{defence=31;specialDefence=31;speed=31;hp=31;damage=31;specialDamage=31},TRUE,16,5,90,5,,,,,,,,,,,,,,,,,,,,,
173,,173,173,备用卡牌,備用卡牌,Spare Card,Thẻ Dự Phòng,예비 카드,Carta Reserva,การ์ดสำรอง,1,90,12,17,<80;80;80;80;80;80>,{},{1=20;2=20;3=20;4=20;5=20;6=20;7=20;8=20;9=20;10=20},{defence=31;specialDefence=31;speed=31;hp=31;damage=31;specialDamage=31},TRUE,16,5,90,5,,,,,,,,,,,,,,,,,,,,,
191,,191,191,备用卡牌,備用卡牌,Spare Card,Thẻ Dự Phòng,예비 카드,Carta Reserva,การ์ดสำรอง,1,90,12,17,<80;80;80;80;80;80>,{},{1=20;2=20;3=20;4=20;5=20;6=20;7=20;8=20;9=20;10=20},{defence=31;specialDefence=31;speed=31;hp=31;damage=31;specialDamage=31},TRUE,16,5,90,5,,,,,,,,,,,,,,,,,,,,,
192,,192,192,备用卡牌,備用卡牌,Spare Card,Thẻ Dự Phòng,예비 카드,Carta Reserva,การ์ดสำรอง,1,90,12,17,<80;80;80;80;80;80>,{},{1=20;2=20;3=20;4=20;5=20;6=20;7=20;8=20;9=20;10=20},{defence=31;specialDefence=31;speed=31;hp=31;damage=31;specialDamage=31},TRUE,16,5,90,5,,,,,,,,,,,,,,,,,,,,,
221,,221,221,备用卡牌,備用卡牌,Spare Card,Thẻ Dự Phòng,예비 카드,Carta Reserva,การ์ดสำรอง,2,90,12,17,<80;80;80;80;80;80>,{},{1=20;2=20;3=20;4=20;5=20;6=20;7=20;8=20;9=20;10=20},{defence=31;specialDefence=31;speed=31;hp=31;damage=31;specialDamage=31},TRUE,16,5,90,5,,,,,,,,,,,,,,,,,,,,,
222,,222,222,备用卡牌,備用卡牌,Spare Card,Thẻ Dự Phòng,예비 카드,Carta Reserva,การ์ดสำรอง,2,90,12,17,<80;80;80;80;80;80>,{},{1=20;2=20;3=20;4=20;5=20;6=20;7=20;8=20;9=20;10=20},{defence=31;specialDefence=31;speed=31;hp=31;damage=31;specialDamage=31},TRUE,16,5,90,5,,,,,,,,,,,,,,,,,,,,,
231,,231,231,备用卡牌,備用卡牌,Spare Card,Thẻ Dự Phòng,예비 카드,Carta Reserva,การ์ดสำรอง,1,90,12,17,<80;80;80;80;80;80>,{},{1=20;2=20;3=20;4=20;5=20;6=20;7=20;8=20;9=20;10=20},{defence=31;specialDefence=31;speed=31;hp=31;damage=31;specialDamage=31},TRUE,16,5,90,5,,,,,,,,,,,,,,,,,,,,,
232,,232,232,备用卡牌,備用卡牌,Spare Card,Thẻ Dự Phòng,예비 카드,Carta Reserva,การ์ดสำรอง,1,90,12,17,<80;80;80;80;80;80>,{},{1=20;2=20;3=20;4=20;5=20;6=20;7=20;8=20;9=20;10=20},{defence=31;specialDefence=31;speed=31;hp=31;damage=31;specialDamage=31},TRUE,16,5,90,5,,,,,,,,,,,,,,,,,,,,,
241,,241,241,备用卡牌,備用卡牌,Spare Card,Thẻ Dự Phòng,예비 카드,Carta Reserva,การ์ดสำรอง,3,90,12,17,<80;80;80;80;80;80>,{},{1=20;2=20;3=20;4=20;5=20;6=20;7=20;8=20;9=20;10=20},{defence=31;specialDefence=31;speed=31;hp=31;damage=31;specialDamage=31},TRUE,16,5,90,5,,,,,,,,,,,,,,,,,,,,,
242,,242,242,备用卡牌,備用卡牌,Spare Card,Thẻ Dự Phòng,예비 카드,Carta Reserva,การ์ดสำรอง,3,90,12,17,<80;80;80;80;80;80>,{},{1=20;2=20;3=20;4=20;5=20;6=20;7=20;8=20;9=20;10=20},{defence=31;specialDefence=31;speed=31;hp=31;damage=31;specialDamage=31},TRUE,16,5,90,5,,,,,,,,,,,,,,,,,,,,,
261,,261,261,备用卡牌,備用卡牌,Spare Card,Thẻ Dự Phòng,예비 카드,Carta Reserva,การ์ดสำรอง,3,90,12,17,<80;80;80;80;80;80>,{},{1=20;2=20;3=20;4=20;5=20;6=20;7=20;8=20;9=20;10=20},{defence=31;specialDefence=31;speed=31;hp=31;damage=31;specialDamage=31},TRUE,16,5,90,5,,,,,,,,,,,,,,,,,,,,,
262,,262,262,备用卡牌,備用卡牌,Spare Card,Thẻ Dự Phòng,예비 카드,Carta Reserva,การ์ดสำรอง,3,90,12,17,<80;80;80;80;80;80>,{},{1=20;2=20;3=20;4=20;5=20;6=20;7=20;8=20;9=20;10=20},{defence=31;specialDefence=31;speed=31;hp=31;damage=31;specialDamage=31},TRUE,16,5,90,5,,,,,,,,,,,,,,,,,,,,,
263,,263,263,备用卡牌,備用卡牌,Spare Card,Thẻ Dự Phòng,예비 카드,Carta Reserva,การ์ดสำรอง,3,90,12,17,<80;80;80;80;80;80>,{},{1=20;2=20;3=20;4=20;5=20;6=20;7=20;8=20;9=20;10=20},{defence=31;specialDefence=31;speed=31;hp=31;damage=31;specialDamage=31},TRUE,16,5,90,5,,,,,,,,,,,,,,,,,,,,,
264,,264,264,备用卡牌,備用卡牌,Spare Card,Thẻ Dự Phòng,예비 카드,Carta Reserva,การ์ดสำรอง,3,90,12,17,<80;80;80;80;80;80>,{},{1=20;2=20;3=20;4=20;5=20;6=20;7=20;8=20;9=20;10=20},{defence=31;specialDefence=31;speed=31;hp=31;damage=31;specialDamage=31},TRUE,16,5,90,5,,,,,,,,,,,,,,,,,,,,,
271,,271,271,备用卡牌,備用卡牌,Spare Card,Thẻ Dự Phòng,예비 카드,Carta Reserva,การ์ดสำรอง,2,90,12,17,<80;80;80;80;80;80>,{},{1=20;2=20;3=20;4=20;5=20;6=20;7=20;8=20;9=20;10=20},{defence=31;specialDefence=31;speed=31;hp=31;damage=31;specialDamage=31},TRUE,16,5,90,5,,,,,,,,,,,,,,,,,,,,,
272,,272,272,备用卡牌,備用卡牌,Spare Card,Thẻ Dự Phòng,예비 카드,Carta Reserva,การ์ดสำรอง,2,90,12,17,<80;80;80;80;80;80>,{},{1=20;2=20;3=20;4=20;5=20;6=20;7=20;8=20;9=20;10=20},{defence=31;specialDefence=31;speed=31;hp=31;damage=31;specialDamage=31},TRUE,16,5,90,5,,,,,,,,,,,,,,,,,,,,,
273,,273,273,备用卡牌,備用卡牌,Spare Card,Thẻ Dự Phòng,예비 카드,Carta Reserva,การ์ดสำรอง,2,90,12,17,<80;80;80;80;80;80>,{},{1=20;2=20;3=20;4=20;5=20;6=20;7=20;8=20;9=20;10=20},{defence=31;specialDefence=31;speed=31;hp=31;damage=31;specialDamage=31},TRUE,16,5,90,5,,,,,,,,,,,,,,,,,,,,,
281,,281,281,备用卡牌,備用卡牌,Spare Card,Thẻ Dự Phòng,예비 카드,Carta Reserva,การ์ดสำรอง,2,90,12,17,<80;80;80;80;80;80>,{},{1=20;2=20;3=20;4=20;5=20;6=20;7=20;8=20;9=20;10=20},{defence=31;specialDefence=31;speed=31;hp=31;damage=31;specialDamage=31},TRUE,16,5,90,5,,,,,,,,,,,,,,,,,,,,,
282,,282,282,备用卡牌,備用卡牌,Spare Card,Thẻ Dự Phòng,예비 카드,Carta Reserva,การ์ดสำรอง,2,90,12,17,<80;80;80;80;80;80>,{},{1=20;2=20;3=20;4=20;5=20;6=20;7=20;8=20;9=20;10=20},{defence=31;specialDefence=31;speed=31;hp=31;damage=31;specialDamage=31},TRUE,16,5,90,5,,,,,,,,,,,,,,,,,,,,,
283,,283,283,备用卡牌,備用卡牌,Spare Card,Thẻ Dự Phòng,예비 카드,Carta Reserva,การ์ดสำรอง,2,90,12,17,<80;80;80;80;80;80>,{},{1=20;2=20;3=20;4=20;5=20;6=20;7=20;8=20;9=20;10=20},{defence=31;specialDefence=31;speed=31;hp=31;damage=31;specialDamage=31},TRUE,16,5,90,5,,,,,,,,,,,,,,,,,,,,,
301,,301,301,备用卡牌,備用卡牌,Spare Card,Thẻ Dự Phòng,예비 카드,Carta Reserva,การ์ดสำรอง,2,90,12,17,<80;80;80;80;80;80>,{},{1=20;2=20;3=20;4=20;5=20;6=20;7=20;8=20;9=20;10=20},{defence=31;specialDefence=31;speed=31;hp=31;damage=31;specialDamage=31},TRUE,16,5,90,5,,,,,,,,,,,,,,,,,,,,,
302,,302,302,备用卡牌,備用卡牌,Spare Card,Thẻ Dự Phòng,예비 카드,Carta Reserva,การ์ดสำรอง,2,90,12,17,<80;80;80;80;80;80>,{},{1=20;2=20;3=20;4=20;5=20;6=20;7=20;8=20;9=20;10=20},{defence=31;specialDefence=31;speed=31;hp=31;damage=31;specialDamage=31},TRUE,16,5,90,5,,,,,,,,,,,,,,,,,,,,,
303,,303,303,备用卡牌,備用卡牌,Spare Card,Thẻ Dự Phòng,예비 카드,Carta Reserva,การ์ดสำรอง,2,90,12,17,<80;80;80;80;80;80>,{},{1=20;2=20;3=20;4=20;5=20;6=20;7=20;8=20;9=20;10=20},{defence=31;specialDefence=31;speed=31;hp=31;damage=31;specialDamage=31},TRUE,16,5,90,5,,,,,,,,,,,,,,,,,,,,,
331,,331,331,备用卡牌,備用卡牌,Spare Card,Thẻ Dự Phòng,예비 카드,Carta Reserva,การ์ดสำรอง,3,90,12,17,<80;80;80;80;80;80>,{},{1=20;2=20;3=20;4=20;5=20;6=20;7=20;8=20;9=20;10=20},{defence=31;specialDefence=31;speed=31;hp=31;damage=31;specialDamage=31},TRUE,16,5,90,5,,,,,,,,,,,,,,,,,,,,,
332,,332,332,备用卡牌,備用卡牌,Spare Card,Thẻ Dự Phòng,예비 카드,Carta Reserva,การ์ดสำรอง,3,90,12,17,<80;80;80;80;80;80>,{},{1=20;2=20;3=20;4=20;5=20;6=20;7=20;8=20;9=20;10=20},{defence=31;specialDefence=31;speed=31;hp=31;damage=31;specialDamage=31},TRUE,16,5,90,5,,,,,,,,,,,,,,,,,,,,,
333,,333,333,备用卡牌,備用卡牌,Spare Card,Thẻ Dự Phòng,예비 카드,Carta Reserva,การ์ดสำรอง,3,90,12,17,<80;80;80;80;80;80>,{},{1=20;2=20;3=20;4=20;5=20;6=20;7=20;8=20;9=20;10=20},{defence=31;specialDefence=31;speed=31;hp=31;damage=31;specialDamage=31},TRUE,16,5,90,5,,,,,,,,,,,,,,,,,,,,,
341,,341,341,备用卡牌,備用卡牌,Spare Card,Thẻ Dự Phòng,예비 카드,Carta Reserva,การ์ดสำรอง,2,90,12,17,<80;80;80;80;80;80>,{},{1=20;2=20;3=20;4=20;5=20;6=20;7=20;8=20;9=20;10=20},{defence=31;specialDefence=31;speed=31;hp=31;damage=31;specialDamage=31},TRUE,16,5,90,5,,,,,,,,,,,,,,,,,,,,,
351,,351,351,备用卡牌,備用卡牌,Spare Card,Thẻ Dự Phòng,예비 카드,Carta Reserva,การ์ดสำรอง,1,90,12,17,<80;80;80;80;80;80>,{},{1=20;2=20;3=20;4=20;5=20;6=20;7=20;8=20;9=20;10=20},{defence=31;specialDefence=31;speed=31;hp=31;damage=31;specialDamage=31},TRUE,16,5,90,5,,,,,,,,,,,,,,,,,,,,,
352,,352,352,备用卡牌,備用卡牌,Spare Card,Thẻ Dự Phòng,예비 카드,Carta Reserva,การ์ดสำรอง,1,90,12,17,<80;80;80;80;80;80>,{},{1=20;2=20;3=20;4=20;5=20;6=20;7=20;8=20;9=20;10=20},{defence=31;specialDefence=31;speed=31;hp=31;damage=31;specialDamage=31},TRUE,16,5,90,5,,,,,,,,,,,,,,,,,,,,,
371,,371,371,备用卡牌,備用卡牌,Spare Card,Thẻ Dự Phòng,예비 카드,Carta Reserva,การ์ดสำรอง,2,90,12,17,<80;80;80;80;80;80>,{},{1=20;2=20;3=20;4=20;5=20;6=20;7=20;8=20;9=20;10=20},{defence=31;specialDefence=31;speed=31;hp=31;damage=31;specialDamage=31},TRUE,16,5,90,5,,,,,,,,,,,,,,,,,,,,,
372,,372,372,备用卡牌,備用卡牌,Spare Card,Thẻ Dự Phòng,예비 카드,Carta Reserva,การ์ดสำรอง,2,90,12,17,<80;80;80;80;80;80>,{},{1=20;2=20;3=20;4=20;5=20;6=20;7=20;8=20;9=20;10=20},{defence=31;specialDefence=31;speed=31;hp=31;damage=31;specialDamage=31},TRUE,16,5,90,5,,,,,,,,,,,,,,,,,,,,,
381,,381,381,备用卡牌,備用卡牌,Spare Card,Thẻ Dự Phòng,예비 카드,Carta Reserva,การ์ดสำรอง,3,90,12,17,<80;80;80;80;80;80>,{},{1=20;2=20;3=20;4=20;5=20;6=20;7=20;8=20;9=20;10=20},{defence=31;specialDefence=31;speed=31;hp=31;damage=31;specialDamage=31},TRUE,16,5,90,5,,,,,,,,,,,,,,,,,,,,,
382,,382,382,备用卡牌,備用卡牌,Spare Card,Thẻ Dự Phòng,예비 카드,Carta Reserva,การ์ดสำรอง,3,90,12,17,<80;80;80;80;80;80>,{},{1=20;2=20;3=20;4=20;5=20;6=20;7=20;8=20;9=20;10=20},{defence=31;specialDefence=31;speed=31;hp=31;damage=31;specialDamage=31},TRUE,16,5,90,5,,,,,,,,,,,,,,,,,,,,,
391,,391,391,备用卡牌,備用卡牌,Spare Card,Thẻ Dự Phòng,예비 카드,Carta Reserva,การ์ดสำรอง,3,90,12,17,<80;80;80;80;80;80>,{},{1=20;2=20;3=20;4=20;5=20;6=20;7=20;8=20;9=20;10=20},{defence=31;specialDefence=31;speed=31;hp=31;damage=31;specialDamage=31},TRUE,16,5,90,5,,,,,,,,,,,,,,,,,,,,,
392,,392,392,备用卡牌,備用卡牌,Spare Card,Thẻ Dự Phòng,예비 카드,Carta Reserva,การ์ดสำรอง,3,90,12,17,<80;80;80;80;80;80>,{},{1=20;2=20;3=20;4=20;5=20;6=20;7=20;8=20;9=20;10=20},{defence=31;specialDefence=31;speed=31;hp=31;damage=31;specialDamage=31},TRUE,16,5,90,5,,,,,,,,,,,,,,,,,,,,,
393,,393,393,备用卡牌,備用卡牌,Spare Card,Thẻ Dự Phòng,예비 카드,Carta Reserva,การ์ดสำรอง,3,90,12,17,<80;80;80;80;80;80>,{},{1=20;2=20;3=20;4=20;5=20;6=20;7=20;8=20;9=20;10=20},{defence=31;specialDefence=31;speed=31;hp=31;damage=31;specialDamage=31},TRUE,16,5,90,5,,,,,,,,,,,,,,,,,,,,,
394,,394,394,备用卡牌,備用卡牌,Spare Card,Thẻ Dự Phòng,예비 카드,Carta Reserva,การ์ดสำรอง,3,90,12,17,<80;80;80;80;80;80>,{},{1=20;2=20;3=20;4=20;5=20;6=20;7=20;8=20;9=20;10=20},{defence=31;specialDefence=31;speed=31;hp=31;damage=31;specialDamage=31},TRUE,16,5,90,5,,,,,,,,,,,,,,,,,,,,,
401,,401,401,备用卡牌,備用卡牌,Spare Card,Thẻ Dự Phòng,예비 카드,Carta Reserva,การ์ดสำรอง,3,90,12,17,<80;80;80;80;80;80>,{},{1=20;2=20;3=20;4=20;5=20;6=20;7=20;8=20;9=20;10=20},{defence=31;specialDefence=31;speed=31;hp=31;damage=31;specialDamage=31},TRUE,16,5,90,5,,,,,,,,,,,,,,,,,,,,,
402,,402,402,备用卡牌,備用卡牌,Spare Card,Thẻ Dự Phòng,예비 카드,Carta Reserva,การ์ดสำรอง,3,90,12,17,<80;80;80;80;80;80>,{},{1=20;2=20;3=20;4=20;5=20;6=20;7=20;8=20;9=20;10=20},{defence=31;specialDefence=31;speed=31;hp=31;damage=31;specialDamage=31},TRUE,16,5,90,5,,,,,,,,,,,,,,,,,,,,,
451,,451,451,备用卡牌,備用卡牌,Spare Card,Thẻ Dự Phòng,예비 카드,Carta Reserva,การ์ดสำรอง,1,90,12,17,<80;80;80;80;80;80>,{},{1=20;2=20;3=20;4=20;5=20;6=20;7=20;8=20;9=20;10=20},{defence=31;specialDefence=31;speed=31;hp=31;damage=31;specialDamage=31},TRUE,16,5,90,5,,,,,,,,,,,,,,,,,,,,,
452,,452,452,备用卡牌,備用卡牌,Spare Card,Thẻ Dự Phòng,예비 카드,Carta Reserva,การ์ดสำรอง,1,90,12,17,<80;80;80;80;80;80>,{},{1=20;2=20;3=20;4=20;5=20;6=20;7=20;8=20;9=20;10=20},{defence=31;specialDefence=31;speed=31;hp=31;damage=31;specialDamage=31},TRUE,16,5,90,5,,,,,,,,,,,,,,,,,,,,,
461,,461,461,备用卡牌,備用卡牌,Spare Card,Thẻ Dự Phòng,예비 카드,Carta Reserva,การ์ดสำรอง,2,90,12,17,<80;80;80;80;80;80>,{},{1=20;2=20;3=20;4=20;5=20;6=20;7=20;8=20;9=20;10=20},{defence=31;specialDefence=31;speed=31;hp=31;damage=31;specialDamage=31},TRUE,16,5,90,5,,,,,,,,,,,,,,,,,,,,,
462,,462,462,备用卡牌,備用卡牌,Spare Card,Thẻ Dự Phòng,예비 카드,Carta Reserva,การ์ดสำรอง,2,90,12,17,<80;80;80;80;80;80>,{},{1=20;2=20;3=20;4=20;5=20;6=20;7=20;8=20;9=20;10=20},{defence=31;specialDefence=31;speed=31;hp=31;damage=31;specialDamage=31},TRUE,16,5,90,5,,,,,,,,,,,,,,,,,,,,,
463,,463,463,备用卡牌,備用卡牌,Spare Card,Thẻ Dự Phòng,예비 카드,Carta Reserva,การ์ดสำรอง,2,90,12,17,<80;80;80;80;80;80>,{},{1=20;2=20;3=20;4=20;5=20;6=20;7=20;8=20;9=20;10=20},{defence=31;specialDefence=31;speed=31;hp=31;damage=31;specialDamage=31},TRUE,16,5,90,5,,,,,,,,,,,,,,,,,,,,,
464,,464,464,备用卡牌,備用卡牌,Spare Card,Thẻ Dự Phòng,예비 카드,Carta Reserva,การ์ดสำรอง,2,90,12,17,<80;80;80;80;80;80>,{},{1=20;2=20;3=20;4=20;5=20;6=20;7=20;8=20;9=20;10=20},{defence=31;specialDefence=31;speed=31;hp=31;damage=31;specialDamage=31},TRUE,16,5,90,5,,,,,,,,,,,,,,,,,,,,,
471,,471,471,备用卡牌,備用卡牌,Spare Card,Thẻ Dự Phòng,예비 카드,Carta Reserva,การ์ดสำรอง,2,90,12,17,<80;80;80;80;80;80>,{},{1=20;2=20;3=20;4=20;5=20;6=20;7=20;8=20;9=20;10=20},{defence=31;specialDefence=31;speed=31;hp=31;damage=31;specialDamage=31},TRUE,16,5,90,5,,,,,,,,,,,,,,,,,,,,,
472,,472,472,备用卡牌,備用卡牌,Spare Card,Thẻ Dự Phòng,예비 카드,Carta Reserva,การ์ดสำรอง,2,90,12,17,<80;80;80;80;80;80>,{},{1=20;2=20;3=20;4=20;5=20;6=20;7=20;8=20;9=20;10=20},{defence=31;specialDefence=31;speed=31;hp=31;damage=31;specialDamage=31},TRUE,16,5,90,5,,,,,,,,,,,,,,,,,,,,,
481,,481,481,备用卡牌,備用卡牌,Spare Card,Thẻ Dự Phòng,예비 카드,Carta Reserva,การ์ดสำรอง,2,90,12,17,<80;80;80;80;80;80>,{},{1=20;2=20;3=20;4=20;5=20;6=20;7=20;8=20;9=20;10=20},{defence=31;specialDefence=31;speed=31;hp=31;damage=31;specialDamage=31},TRUE,16,5,90,5,,,,,,,,,,,,,,,,,,,,,
482,,482,482,备用卡牌,備用卡牌,Spare Card,Thẻ Dự Phòng,예비 카드,Carta Reserva,การ์ดสำรอง,2,90,12,17,<80;80;80;80;80;80>,{},{1=20;2=20;3=20;4=20;5=20;6=20;7=20;8=20;9=20;10=20},{defence=31;specialDefence=31;speed=31;hp=31;damage=31;specialDamage=31},TRUE,16,5,90,5,,,,,,,,,,,,,,,,,,,,,
491,,491,491,备用卡牌,備用卡牌,Spare Card,Thẻ Dự Phòng,예비 카드,Carta Reserva,การ์ดสำรอง,3,90,12,17,<80;80;80;80;80;80>,{},{1=20;2=20;3=20;4=20;5=20;6=20;7=20;8=20;9=20;10=20},{defence=31;specialDefence=31;speed=31;hp=31;damage=31;specialDamage=31},TRUE,16,5,90,5,,,,,,,,,,,,,,,,,,,,,
492,,492,492,备用卡牌,備用卡牌,Spare Card,Thẻ Dự Phòng,예비 카드,Carta Reserva,การ์ดสำรอง,3,90,12,17,<80;80;80;80;80;80>,{},{1=20;2=20;3=20;4=20;5=20;6=20;7=20;8=20;9=20;10=20},{defence=31;specialDefence=31;speed=31;hp=31;damage=31;specialDamage=31},TRUE,16,5,90,5,,,,,,,,,,,,,,,,,,,,,
493,,493,493,备用卡牌,備用卡牌,Spare Card,Thẻ Dự Phòng,예비 카드,Carta Reserva,การ์ดสำรอง,3,90,12,17,<80;80;80;80;80;80>,{},{1=20;2=20;3=20;4=20;5=20;6=20;7=20;8=20;9=20;10=20},{defence=31;specialDefence=31;speed=31;hp=31;damage=31;specialDamage=31},TRUE,16,5,90,5,,,,,,,,,,,,,,,,,,,,,
501,,501,501,备用卡牌,備用卡牌,Spare Card,Thẻ Dự Phòng,예비 카드,Carta Reserva,การ์ดสำรอง,3,90,12,17,<80;80;80;80;80;80>,{},{1=20;2=20;3=20;4=20;5=20;6=20;7=20;8=20;9=20;10=20},{defence=31;specialDefence=31;speed=31;hp=31;damage=31;specialDamage=31},TRUE,16,5,90,5,,,,,,,,,,,,,,,,,,,,,
502,,502,502,备用卡牌,備用卡牌,Spare Card,Thẻ Dự Phòng,예비 카드,Carta Reserva,การ์ดสำรอง,3,90,12,17,<80;80;80;80;80;80>,{},{1=20;2=20;3=20;4=20;5=20;6=20;7=20;8=20;9=20;10=20},{defence=31;specialDefence=31;speed=31;hp=31;damage=31;specialDamage=31},TRUE,16,5,90,5,,,,,,,,,,,,,,,,,,,,,
503,,503,503,备用卡牌,備用卡牌,Spare Card,Thẻ Dự Phòng,예비 카드,Carta Reserva,การ์ดสำรอง,3,90,12,17,<80;80;80;80;80;80>,{},{1=20;2=20;3=20;4=20;5=20;6=20;7=20;8=20;9=20;10=20},{defence=31;specialDefence=31;speed=31;hp=31;damage=31;specialDamage=31},TRUE,16,5,90,5,,,,,,,,,,,,,,,,,,,,,
541,,541,541,备用卡牌,備用卡牌,Spare Card,Thẻ Dự Phòng,예비 카드,Carta Reserva,การ์ดสำรอง,1,90,12,17,<80;80;80;80;80;80>,{},{1=20;2=20;3=20;4=20;5=20;6=20;7=20;8=20;9=20;10=20},{defence=31;specialDefence=31;speed=31;hp=31;damage=31;specialDamage=31},TRUE,16,5,90,5,,,,,,,,,,,,,,,,,,,,,
542,,542,542,备用卡牌,備用卡牌,Spare Card,Thẻ Dự Phòng,예비 카드,Carta Reserva,การ์ดสำรอง,1,90,12,17,<80;80;80;80;80;80>,{},{1=20;2=20;3=20;4=20;5=20;6=20;7=20;8=20;9=20;10=20},{defence=31;specialDefence=31;speed=31;hp=31;damage=31;specialDamage=31},TRUE,16,5,90,5,,,,,,,,,,,,,,,,,,,,,
551,,551,551,备用卡牌,備用卡牌,Spare Card,Thẻ Dự Phòng,예비 카드,Carta Reserva,การ์ดสำรอง,2,90,12,17,<80;80;80;80;80;80>,{},{1=20;2=20;3=20;4=20;5=20;6=20;7=20;8=20;9=20;10=20},{defence=31;specialDefence=31;speed=31;hp=31;damage=31;specialDamage=31},TRUE,16,5,90,5,,,,,,,,,,,,,,,,,,,,,
552,,552,552,备用卡牌,備用卡牌,Spare Card,Thẻ Dự Phòng,예비 카드,Carta Reserva,การ์ดสำรอง,2,90,12,17,<80;80;80;80;80;80>,{},{1=20;2=20;3=20;4=20;5=20;6=20;7=20;8=20;9=20;10=20},{defence=31;specialDefence=31;speed=31;hp=31;damage=31;specialDamage=31},TRUE,16,5,90,5,,,,,,,,,,,,,,,,,,,,,
571,,571,571,备用卡牌,備用卡牌,Spare Card,Thẻ Dự Phòng,예비 카드,Carta Reserva,การ์ดสำรอง,3,90,12,17,<80;80;80;80;80;80>,{},{1=20;2=20;3=20;4=20;5=20;6=20;7=20;8=20;9=20;10=20},{defence=31;specialDefence=31;speed=31;hp=31;damage=31;specialDamage=31},TRUE,16,5,90,5,,,,,,,,,,,,,,,,,,,,,
572,,572,572,备用卡牌,備用卡牌,Spare Card,Thẻ Dự Phòng,예비 카드,Carta Reserva,การ์ดสำรอง,3,90,12,17,<80;80;80;80;80;80>,{},{1=20;2=20;3=20;4=20;5=20;6=20;7=20;8=20;9=20;10=20},{defence=31;specialDefence=31;speed=31;hp=31;damage=31;specialDamage=31},TRUE,16,5,90,5,,,,,,,,,,,,,,,,,,,,,
574,,574,574,备用卡牌,備用卡牌,Spare Card,Thẻ Dự Phòng,예비 카드,Carta Reserva,การ์ดสำรอง,3,90,12,17,<80;80;80;80;80;80>,{},{1=20;2=20;3=20;4=20;5=20;6=20;7=20;8=20;9=20;10=20},{defence=31;specialDefence=31;speed=31;hp=31;damage=31;specialDamage=31},TRUE,16,5,90,5,,,,,,,,,,,,,,,,,,,,,
591,,591,591,备用卡牌,備用卡牌,Spare Card,Thẻ Dự Phòng,예비 카드,Carta Reserva,การ์ดสำรอง,3,90,12,17,<80;80;80;80;80;80>,{},{1=20;2=20;3=20;4=20;5=20;6=20;7=20;8=20;9=20;10=20},{defence=31;specialDefence=31;speed=31;hp=31;damage=31;specialDamage=31},TRUE,16,5,90,5,,,,,,,,,,,,,,,,,,,,,
592,,592,592,备用卡牌,備用卡牌,Spare Card,Thẻ Dự Phòng,예비 카드,Carta Reserva,การ์ดสำรอง,3,90,12,17,<80;80;80;80;80;80>,{},{1=20;2=20;3=20;4=20;5=20;6=20;7=20;8=20;9=20;10=20},{defence=31;specialDefence=31;speed=31;hp=31;damage=31;specialDamage=31},TRUE,16,5,90,5,,,,,,,,,,,,,,,,,,,,,
593,,593,593,备用卡牌,備用卡牌,Spare Card,Thẻ Dự Phòng,예비 카드,Carta Reserva,การ์ดสำรอง,3,90,12,17,<80;80;80;80;80;80>,{},{1=20;2=20;3=20;4=20;5=20;6=20;7=20;8=20;9=20;10=20},{defence=31;specialDefence=31;speed=31;hp=31;damage=31;specialDamage=31},TRUE,16,5,90,5,,,,,,,,,,,,,,,,,,,,,
601,,601,601,备用卡牌,備用卡牌,Spare Card,Thẻ Dự Phòng,예비 카드,Carta Reserva,การ์ดสำรอง,3,90,12,17,<80;80;80;80;80;80>,{},{1=20;2=20;3=20;4=20;5=20;6=20;7=20;8=20;9=20;10=20},{defence=31;specialDefence=31;speed=31;hp=31;damage=31;specialDamage=31},TRUE,16,5,90,5,,,,,,,,,,,,,,,,,,,,,
602,,602,602,备用卡牌,備用卡牌,Spare Card,Thẻ Dự Phòng,예비 카드,Carta Reserva,การ์ดสำรอง,3,90,12,17,<80;80;80;80;80;80>,{},{1=20;2=20;3=20;4=20;5=20;6=20;7=20;8=20;9=20;10=20},{defence=31;specialDefence=31;speed=31;hp=31;damage=31;specialDamage=31},TRUE,16,5,90,5,,,,,,,,,,,,,,,,,,,,,
603,,603,603,备用卡牌,備用卡牌,Spare Card,Thẻ Dự Phòng,예비 카드,Carta Reserva,การ์ดสำรอง,3,90,12,17,<80;80;80;80;80;80>,{},{1=20;2=20;3=20;4=20;5=20;6=20;7=20;8=20;9=20;10=20},{defence=31;specialDefence=31;speed=31;hp=31;damage=31;specialDamage=31},TRUE,16,5,90,5,,,,,,,,,,,,,,,,,,,,,
631,,631,632,备用卡牌,備用卡牌,Spare Card,Thẻ Dự Phòng,예비 카드,Carta Reserva,การ์ดสำรอง,3,90,12,17,<80;80;80;80;80;80>,{},{1=20;2=20;3=20;4=20;5=20;6=20;7=20;8=20;9=20;10=20},{defence=31;specialDefence=31;speed=31;hp=31;damage=31;specialDamage=31},TRUE,16,5,90,5,,,,,,,,,,,,,,,,,,,,,
641,,641,641,备用卡牌,備用卡牌,Spare Card,Thẻ Dự Phòng,예비 카드,Carta Reserva,การ์ดสำรอง,3,90,12,17,<80;80;80;80;80;80>,{},{1=20;2=20;3=20;4=20;5=20;6=20;7=20;8=20;9=20;10=20},{defence=31;specialDefence=31;speed=31;hp=31;damage=31;specialDamage=31},TRUE,16,5,90,5,,,,,,,,,,,,,,,,,,,,,
691,,691,691,备用卡牌,備用卡牌,Spare Card,Thẻ Dự Phòng,예비 카드,Carta Reserva,การ์ดสำรอง,2,90,12,17,<80;80;80;80;80;80>,{},{1=20;2=20;3=20;4=20;5=20;6=20;7=20;8=20;9=20;10=20},{defence=31;specialDefence=31;speed=31;hp=31;damage=31;specialDamage=31},TRUE,16,5,90,5,,,,,,,,,,,,,,,,,,,,,
692,,692,692,备用卡牌,備用卡牌,Spare Card,Thẻ Dự Phòng,예비 카드,Carta Reserva,การ์ดสำรอง,2,90,12,17,<80;80;80;80;80;80>,{},{1=20;2=20;3=20;4=20;5=20;6=20;7=20;8=20;9=20;10=20},{defence=31;specialDefence=31;speed=31;hp=31;damage=31;specialDamage=31},TRUE,16,5,90,5,,,,,,,,,,,,,,,,,,,,,
701,,701,701,备用卡牌,備用卡牌,Spare Card,Thẻ Dự Phòng,예비 카드,Carta Reserva,การ์ดสำรอง,3,90,12,17,<80;80;80;80;80;80>,{},{1=20;2=20;3=20;4=20;5=20;6=20;7=20;8=20;9=20;10=20},{defence=31;specialDefence=31;speed=31;hp=31;damage=31;specialDamage=31},TRUE,16,5,90,5,,,,,,,,,,,,,,,,,,,,,
711,,711,711,备用卡牌,備用卡牌,Spare Card,Thẻ Dự Phòng,예비 카드,Carta Reserva,การ์ดสำรอง,3,90,12,17,<80;80;80;80;80;80>,{},{1=20;2=20;3=20;4=20;5=20;6=20;7=20;8=20;9=20;10=20},{defence=31;specialDefence=31;speed=31;hp=31;damage=31;specialDamage=31},TRUE,16,5,90,5,,,,,,,,,,,,,,,,,,,,,
712,,712,712,备用卡牌,備用卡牌,Spare Card,Thẻ Dự Phòng,예비 카드,Carta Reserva,การ์ดสำรอง,3,90,12,17,<80;80;80;80;80;80>,{},{1=20;2=20;3=20;4=20;5=20;6=20;7=20;8=20;9=20;10=20},{defence=31;specialDefence=31;speed=31;hp=31;damage=31;specialDamage=31},TRUE,16,5,90,5,,,,,,,,,,,,,,,,,,,,,
721,,721,721,备用卡牌,備用卡牌,Spare Card,Thẻ Dự Phòng,예비 카드,Carta Reserva,การ์ดสำรอง,3,90,12,17,<80;80;80;80;80;80>,{},{1=20;2=20;3=20;4=20;5=20;6=20;7=20;8=20;9=20;10=20},{defence=31;specialDefence=31;speed=31;hp=31;damage=31;specialDamage=31},TRUE,16,5,90,5,,,,,,,,,,,,,,,,,,,,,
731,,731,731,备用卡牌,備用卡牌,Spare Card,Thẻ Dự Phòng,예비 카드,Carta Reserva,การ์ดสำรอง,3,90,12,17,<80;80;80;80;80;80>,{},{1=20;2=20;3=20;4=20;5=20;6=20;7=20;8=20;9=20;10=20},{defence=31;specialDefence=31;speed=31;hp=31;damage=31;specialDamage=31},TRUE,16,5,90,5,,,,,,,,,,,,,,,,,,,,,
741,,741,741,备用卡牌,備用卡牌,Spare Card,Thẻ Dự Phòng,예비 카드,Carta Reserva,การ์ดสำรอง,3,90,12,17,<80;80;80;80;80;80>,{},{1=20;2=20;3=20;4=20;5=20;6=20;7=20;8=20;9=20;10=20},{defence=31;specialDefence=31;speed=31;hp=31;damage=31;specialDamage=31},TRUE,16,5,90,5,,,,,,,,,,,,,,,,,,,,,
753,,753,753,备用卡牌,備用卡牌,Spare Card,Thẻ Dự Phòng,예비 카드,Carta Reserva,การ์ดสำรอง,3,90,12,17,<80;80;80;80;80;80>,{},{1=20;2=20;3=20;4=20;5=20;6=20;7=20;8=20;9=20;10=20},{defence=31;specialDefence=31;speed=31;hp=31;damage=31;specialDamage=31},TRUE,16,5,90,5,,,,,,,,,,,,,,,,,,,,,
761,,761,761,备用卡牌,備用卡牌,Spare Card,Thẻ Dự Phòng,예비 카드,Carta Reserva,การ์ดสำรอง,4,90,12,17,<80;80;80;80;80;80>,{},{1=20;2=20;3=20;4=20;5=20;6=20;7=20;8=20;9=20;10=20},{defence=31;specialDefence=31;speed=31;hp=31;damage=31;specialDamage=31},TRUE,16,5,90,5,,,,,,,,,,,,,,,,,,,,,
771,,771,771,备用卡牌,備用卡牌,Spare Card,Thẻ Dự Phòng,예비 카드,Carta Reserva,การ์ดสำรอง,3,90,12,17,<80;80;80;80;80;80>,{},{1=20;2=20;3=20;4=20;5=20;6=20;7=20;8=20;9=20;10=20},{defence=31;specialDefence=31;speed=31;hp=31;damage=31;specialDamage=31},TRUE,16,5,90,5,,,,,,,,,,,,,,,,,,,,,
781,,781,781,备用卡牌,備用卡牌,Spare Card,Thẻ Dự Phòng,예비 카드,Carta Reserva,การ์ดสำรอง,2,90,12,17,<80;80;80;80;80;80>,{},{1=20;2=20;3=20;4=20;5=20;6=20;7=20;8=20;9=20;10=20},{defence=31;specialDefence=31;speed=31;hp=31;damage=31;specialDamage=31},TRUE,16,5,90,5,,,,,,,,,,,,,,,,,,,,,
782,,782,782,备用卡牌,備用卡牌,Spare Card,Thẻ Dự Phòng,예비 카드,Carta Reserva,การ์ดสำรอง,2,90,12,17,<80;80;80;80;80;80>,{},{1=20;2=20;3=20;4=20;5=20;6=20;7=20;8=20;9=20;10=20},{defence=31;specialDefence=31;speed=31;hp=31;damage=31;specialDamage=31},TRUE,16,5,90,5,,,,,,,,,,,,,,,,,,,,,
783,,783,783,备用卡牌,備用卡牌,Spare Card,Thẻ Dự Phòng,예비 카드,Carta Reserva,การ์ดสำรอง,2,90,12,17,<80;80;80;80;80;80>,{},{1=20;2=20;3=20;4=20;5=20;6=20;7=20;8=20;9=20;10=20},{defence=31;specialDefence=31;speed=31;hp=31;damage=31;specialDamage=31},TRUE,16,5,90,5,,,,,,,,,,,,,,,,,,,,,
791,,791,791,备用卡牌,備用卡牌,Spare Card,Thẻ Dự Phòng,예비 카드,Carta Reserva,การ์ดสำรอง,2,90,12,17,<80;80;80;80;80;80>,{},{1=20;2=20;3=20;4=20;5=20;6=20;7=20;8=20;9=20;10=20},{defence=31;specialDefence=31;speed=31;hp=31;damage=31;specialDamage=31},TRUE,16,5,90,5,,,,,,,,,,,,,,,,,,,,,
792,,792,792,备用卡牌,備用卡牌,Spare Card,Thẻ Dự Phòng,예비 카드,Carta Reserva,การ์ดสำรอง,2,90,12,17,<80;80;80;80;80;80>,{},{1=20;2=20;3=20;4=20;5=20;6=20;7=20;8=20;9=20;10=20},{defence=31;specialDefence=31;speed=31;hp=31;damage=31;specialDamage=31},TRUE,16,5,90,5,,,,,,,,,,,,,,,,,,,,,
793,,793,793,备用卡牌,備用卡牌,Spare Card,Thẻ Dự Phòng,예비 카드,Carta Reserva,การ์ดสำรอง,2,90,12,17,<80;80;80;80;80;80>,{},{1=20;2=20;3=20;4=20;5=20;6=20;7=20;8=20;9=20;10=20},{defence=31;specialDefence=31;speed=31;hp=31;damage=31;specialDamage=31},TRUE,16,5,90,5,,,,,,,,,,,,,,,,,,,,,
801,,801,801,备用卡牌,備用卡牌,Spare Card,Thẻ Dự Phòng,예비 카드,Carta Reserva,การ์ดสำรอง,2,90,12,17,<80;80;80;80;80;80>,{},{1=20;2=20;3=20;4=20;5=20;6=20;7=20;8=20;9=20;10=20},{defence=31;specialDefence=31;speed=31;hp=31;damage=31;specialDamage=31},TRUE,16,5,90,5,,,,,,,,,,,,,,,,,,,,,
802,,802,802,备用卡牌,備用卡牌,Spare Card,Thẻ Dự Phòng,예비 카드,Carta Reserva,การ์ดสำรอง,2,90,12,17,<80;80;80;80;80;80>,{},{1=20;2=20;3=20;4=20;5=20;6=20;7=20;8=20;9=20;10=20},{defence=31;specialDefence=31;speed=31;hp=31;damage=31;specialDamage=31},TRUE,16,5,90,5,,,,,,,,,,,,,,,,,,,,,
803,,803,803,备用卡牌,備用卡牌,Spare Card,Thẻ Dự Phòng,예비 카드,Carta Reserva,การ์ดสำรอง,2,90,12,17,<80;80;80;80;80;80>,{},{1=20;2=20;3=20;4=20;5=20;6=20;7=20;8=20;9=20;10=20},{defence=31;specialDefence=31;speed=31;hp=31;damage=31;specialDamage=31},TRUE,16,5,90,5,,,,,,,,,,,,,,,,,,,,,
861,,861,861,备用卡牌,備用卡牌,Spare Card,Thẻ Dự Phòng,예비 카드,Carta Reserva,การ์ดสำรอง,3,90,12,17,<80;80;80;80;80;80>,{},{1=20;2=20;3=20;4=20;5=20;6=20;7=20;8=20;9=20;10=20},{defence=31;specialDefence=31;speed=31;hp=31;damage=31;specialDamage=31},TRUE,16,5,90,5,,,,,,,,,,,,,,,,,,,,,
862,,862,862,备用卡牌,備用卡牌,Spare Card,Thẻ Dự Phòng,예비 카드,Carta Reserva,การ์ดสำรอง,3,90,12,17,<80;80;80;80;80;80>,{},{1=20;2=20;3=20;4=20;5=20;6=20;7=20;8=20;9=20;10=20},{defence=31;specialDefence=31;speed=31;hp=31;damage=31;specialDamage=31},TRUE,16,5,90,5,,,,,,,,,,,,,,,,,,,,,
863,,863,863,备用卡牌,備用卡牌,Spare Card,Thẻ Dự Phòng,예비 카드,Carta Reserva,การ์ดสำรอง,3,90,12,17,<80;80;80;80;80;80>,{},{1=20;2=20;3=20;4=20;5=20;6=20;7=20;8=20;9=20;10=20},{defence=31;specialDefence=31;speed=31;hp=31;damage=31;specialDamage=31},TRUE,16,5,90,5,,,,,,,,,,,,,,,,,,,,,
881,,881,881,备用卡牌,備用卡牌,Spare Card,Thẻ Dự Phòng,예비 카드,Carta Reserva,การ์ดสำรอง,3,90,12,17,<80;80;80;80;80;80>,{},{1=20;2=20;3=20;4=20;5=20;6=20;7=20;8=20;9=20;10=20},{defence=31;specialDefence=31;speed=31;hp=31;damage=31;specialDamage=31},TRUE,16,5,90,5,,,,,,,,,,,,,,,,,,,,,
882,,882,882,备用卡牌,備用卡牌,Spare Card,Thẻ Dự Phòng,예비 카드,Carta Reserva,การ์ดสำรอง,3,90,12,17,<80;80;80;80;80;80>,{},{1=20;2=20;3=20;4=20;5=20;6=20;7=20;8=20;9=20;10=20},{defence=31;specialDefence=31;speed=31;hp=31;damage=31;specialDamage=31},TRUE,16,5,90,5,,,,,,,,,,,,,,,,,,,,,
883,,883,883,备用卡牌,備用卡牌,Spare Card,Thẻ Dự Phòng,예비 카드,Carta Reserva,การ์ดสำรอง,3,90,12,17,<80;80;80;80;80;80>,{},{1=20;2=20;3=20;4=20;5=20;6=20;7=20;8=20;9=20;10=20},{defence=31;specialDefence=31;speed=31;hp=31;damage=31;specialDamage=31},TRUE,16,5,90,5,,,,,,,,,,,,,,,,,,,,,
884,,884,884,备用卡牌,備用卡牌,Spare Card,Thẻ Dự Phòng,예비 카드,Carta Reserva,การ์ดสำรอง,3,90,12,17,<80;80;80;80;80;80>,{},{1=20;2=20;3=20;4=20;5=20;6=20;7=20;8=20;9=20;10=20},{defence=31;specialDefence=31;speed=31;hp=31;damage=31;specialDamage=31},TRUE,16,5,90,5,,,,,,,,,,,,,,,,,,,,,
891,,891,891,备用卡牌,備用卡牌,Spare Card,Thẻ Dự Phòng,예비 카드,Carta Reserva,การ์ดสำรอง,1,90,12,17,<80;80;80;80;80;80>,{},{1=20;2=20;3=20;4=20;5=20;6=20;7=20;8=20;9=20;10=20},{defence=31;specialDefence=31;speed=31;hp=31;damage=31;specialDamage=31},TRUE,16,5,90,5,,,,,,,,,,,,,,,,,,,,,
892,,892,892,备用卡牌,備用卡牌,Spare Card,Thẻ Dự Phòng,예비 카드,Carta Reserva,การ์ดสำรอง,1,90,12,17,<80;80;80;80;80;80>,{},{1=20;2=20;3=20;4=20;5=20;6=20;7=20;8=20;9=20;10=20},{defence=31;specialDefence=31;speed=31;hp=31;damage=31;specialDamage=31},TRUE,16,5,90,5,,,,,,,,,,,,,,,,,,,,,
893,,893,893,备用卡牌,備用卡牌,Spare Card,Thẻ Dự Phòng,예비 카드,Carta Reserva,การ์ดสำรอง,1,90,12,17,<80;80;80;80;80;80>,{},{1=20;2=20;3=20;4=20;5=20;6=20;7=20;8=20;9=20;10=20},{defence=31;specialDefence=31;speed=31;hp=31;damage=31;specialDamage=31},TRUE,16,5,90,5,,,,,,,,,,,,,,,,,,,,,
1031,,1031,1031,备用卡牌,備用卡牌,Spare Card,Thẻ Dự Phòng,예비 카드,Carta Reserva,การ์ดสำรอง,3,90,12,17,<80;80;80;80;80;80>,{},{1=20;2=20;3=20;4=20;5=20;6=20;7=20;8=20;9=20;10=20},{defence=31;specialDefence=31;speed=31;hp=31;damage=31;specialDamage=31},TRUE,16,5,90,5,,,,,,,,,,,,,,,,,,,,,
1032,,1032,1032,备用卡牌,備用卡牌,Spare Card,Thẻ Dự Phòng,예비 카드,Carta Reserva,การ์ดสำรอง,3,90,12,17,<80;80;80;80;80;80>,{},{1=20;2=20;3=20;4=20;5=20;6=20;7=20;8=20;9=20;10=20},{defence=31;specialDefence=31;speed=31;hp=31;damage=31;specialDamage=31},TRUE,16,5,90,5,,,,,,,,,,,,,,,,,,,,,
1071,,1071,1071,备用卡牌,備用卡牌,Spare Card,Thẻ Dự Phòng,예비 카드,Carta Reserva,การ์ดสำรอง,3,90,12,17,<80;80;80;80;80;80>,{},{1=20;2=20;3=20;4=20;5=20;6=20;7=20;8=20;9=20;10=20},{defence=31;specialDefence=31;speed=31;hp=31;damage=31;specialDamage=31},TRUE,16,5,90,5,,,,,,,,,,,,,,,,,,,,,
1081,,1081,1081,备用卡牌,備用卡牌,Spare Card,Thẻ Dự Phòng,예비 카드,Carta Reserva,การ์ดสำรอง,3,90,12,17,<80;80;80;80;80;80>,{},{1=20;2=20;3=20;4=20;5=20;6=20;7=20;8=20;9=20;10=20},{defence=31;specialDefence=31;speed=31;hp=31;damage=31;specialDamage=31},TRUE,16,5,90,5,,,,,,,,,,,,,,,,,,,,,
1082,,1082,1082,备用卡牌,備用卡牌,Spare Card,Thẻ Dự Phòng,예비 카드,Carta Reserva,การ์ดสำรอง,3,90,12,17,<80;80;80;80;80;80>,{},{1=20;2=20;3=20;4=20;5=20;6=20;7=20;8=20;9=20;10=20},{defence=31;specialDefence=31;speed=31;hp=31;damage=31;specialDamage=31},TRUE,16,5,90,5,,,,,,,,,,,,,,,,,,,,,
1171,,1171,1171,备用卡牌,備用卡牌,Spare Card,Thẻ Dự Phòng,예비 카드,Carta Reserva,การ์ดสำรอง,3,90,12,17,<80;80;80;80;80;80>,{},{1=20;2=20;3=20;4=20;5=20;6=20;7=20;8=20;9=20;10=20},{defence=31;specialDefence=31;speed=31;hp=31;damage=31;specialDamage=31},TRUE,16,5,90,5,,,,,,,,,,,,,,,,,,,,,
1172,,1172,1172,备用卡牌,備用卡牌,Spare Card,Thẻ Dự Phòng,예비 카드,Carta Reserva,การ์ดสำรอง,3,90,12,17,<80;80;80;80;80;80>,{},{1=20;2=20;3=20;4=20;5=20;6=20;7=20;8=20;9=20;10=20},{defence=31;specialDefence=31;speed=31;hp=31;damage=31;specialDamage=31},TRUE,16,5,90,5,,,,,,,,,,,,,,,,,,,,,
1221,,1221,1221,备用卡牌,備用卡牌,Spare Card,Thẻ Dự Phòng,예비 카드,Carta Reserva,การ์ดสำรอง,3,90,12,17,<80;80;80;80;80;80>,{},{1=20;2=20;3=20;4=20;5=20;6=20;7=20;8=20;9=20;10=20},{defence=31;specialDefence=31;speed=31;hp=31;damage=31;specialDamage=31},TRUE,16,5,90,5,,,,,,,,,,,,,,,,,,,,,
1231,,1231,1231,备用卡牌,備用卡牌,Spare Card,Thẻ Dự Phòng,예비 카드,Carta Reserva,การ์ดสำรอง,3,90,12,17,<80;80;80;80;80;80>,{},{1=20;2=20;3=20;4=20;5=20;6=20;7=20;8=20;9=20;10=20},{defence=31;specialDefence=31;speed=31;hp=31;damage=31;specialDamage=31},TRUE,16,5,90,5,,,,,,,,,,,,,,,,,,,,,
1241,,1241,1241,备用卡牌,備用卡牌,Spare Card,Thẻ Dự Phòng,예비 카드,Carta Reserva,การ์ดสำรอง,3,90,12,17,<80;80;80;80;80;80>,{},{1=20;2=20;3=20;4=20;5=20;6=20;7=20;8=20;9=20;10=20},{defence=31;specialDefence=31;speed=31;hp=31;damage=31;specialDamage=31},TRUE,16,5,90,5,,,,,,,,,,,,,,,,,,,,,
1251,,1251,1251,备用卡牌,備用卡牌,Spare Card,Thẻ Dự Phòng,예비 카드,Carta Reserva,การ์ดสำรอง,3,90,12,17,<80;80;80;80;80;80>,{},{1=20;2=20;3=20;4=20;5=20;6=20;7=20;8=20;9=20;10=20},{defence=31;specialDefence=31;speed=31;hp=31;damage=31;specialDamage=31},TRUE,16,5,90,5,,,,,,,,,,,,,,,,,,,,,
1252,,1252,1252,备用卡牌,備用卡牌,Spare Card,Thẻ Dự Phòng,예비 카드,Carta Reserva,การ์ดสำรอง,3,90,12,17,<80;80;80;80;80;80>,{},{1=20;2=20;3=20;4=20;5=20;6=20;7=20;8=20;9=20;10=20},{defence=31;specialDefence=31;speed=31;hp=31;damage=31;specialDamage=31},TRUE,16,5,90,5,,,,,,,,,,,,,,,,,,,,,
1253,,1253,1253,备用卡牌,備用卡牌,Spare Card,Thẻ Dự Phòng,예비 카드,Carta Reserva,การ์ดสำรอง,3,90,12,17,<80;80;80;80;80;80>,{},{1=20;2=20;3=20;4=20;5=20;6=20;7=20;8=20;9=20;10=20},{defence=31;specialDefence=31;speed=31;hp=31;damage=31;specialDamage=31},TRUE,16,5,90,5,,,,,,,,,,,,,,,,,,,,,
1261,,1261,1261,备用卡牌,備用卡牌,Spare Card,Thẻ Dự Phòng,예비 카드,Carta Reserva,การ์ดสำรอง,4,90,12,17,<80;80;80;80;80;80>,{},{1=20;2=20;3=20;4=20;5=20;6=20;7=20;8=20;9=20;10=20},{defence=31;specialDefence=31;speed=31;hp=31;damage=31;specialDamage=31},TRUE,16,5,90,5,,,,,,,,,,,,,,,,,,,,,
1271,,1271,1271,备用卡牌,備用卡牌,Spare Card,Thẻ Dự Phòng,예비 카드,Carta Reserva,การ์ดสำรอง,4,90,12,17,<80;80;80;80;80;80>,{},{1=20;2=20;3=20;4=20;5=20;6=20;7=20;8=20;9=20;10=20},{defence=31;specialDefence=31;speed=31;hp=31;damage=31;specialDamage=31},TRUE,16,5,90,5,,,,,,,,,,,,,,,,,,,,,
1291,,1291,1291,备用卡牌,備用卡牌,Spare Card,Thẻ Dự Phòng,예비 카드,Carta Reserva,การ์ดสำรอง,3,90,12,17,<80;80;80;80;80;80>,{},{1=20;2=20;3=20;4=20;5=20;6=20;7=20;8=20;9=20;10=20},{defence=31;specialDefence=31;speed=31;hp=31;damage=31;specialDamage=31},TRUE,16,5,90,5,,,,,,,,,,,,,,,,,,,,,
1292,,1292,1292,备用卡牌,備用卡牌,Spare Card,Thẻ Dự Phòng,예비 카드,Carta Reserva,การ์ดสำรอง,3,90,12,17,<80;80;80;80;80;80>,{},{1=20;2=20;3=20;4=20;5=20;6=20;7=20;8=20;9=20;10=20},{defence=31;specialDefence=31;speed=31;hp=31;damage=31;specialDamage=31},TRUE,16,5,90,5,,,,,,,,,,,,,,,,,,,,,
1293,,1293,1293,备用卡牌,備用卡牌,Spare Card,Thẻ Dự Phòng,예비 카드,Carta Reserva,การ์ดสำรอง,3,90,12,17,<80;80;80;80;80;80>,{},{1=20;2=20;3=20;4=20;5=20;6=20;7=20;8=20;9=20;10=20},{defence=31;specialDefence=31;speed=31;hp=31;damage=31;specialDamage=31},TRUE,16,5,90,5,,,,,,,,,,,,,,,,,,,,,
1301,,1301,1301,备用卡牌,備用卡牌,Spare Card,Thẻ Dự Phòng,예비 카드,Carta Reserva,การ์ดสำรอง,3,90,12,17,<80;80;80;80;80;80>,{},{1=20;2=20;3=20;4=20;5=20;6=20;7=20;8=20;9=20;10=20},{defence=31;specialDefence=31;speed=31;hp=31;damage=31;specialDamage=31},TRUE,16,5,90,5,,,,,,,,,,,,,,,,,,,,,
1302,,1302,1302,备用卡牌,備用卡牌,Spare Card,Thẻ Dự Phòng,예비 카드,Carta Reserva,การ์ดสำรอง,3,90,12,17,<80;80;80;80;80;80>,{},{1=20;2=20;3=20;4=20;5=20;6=20;7=20;8=20;9=20;10=20},{defence=31;specialDefence=31;speed=31;hp=31;damage=31;specialDamage=31},TRUE,16,5,90,5,,,,,,,,,,,,,,,,,,,,,
1303,,1303,1303,备用卡牌,備用卡牌,Spare Card,Thẻ Dự Phòng,예비 카드,Carta Reserva,การ์ดสำรอง,3,90,12,17,<80;80;80;80;80;80>,{},{1=20;2=20;3=20;4=20;5=20;6=20;7=20;8=20;9=20;10=20},{defence=31;specialDefence=31;speed=31;hp=31;damage=31;specialDamage=31},TRUE,16,5,90,5,,,,,,,,,,,,,,,,,,,,,
1311,,1311,1311,备用卡牌,備用卡牌,Spare Card,Thẻ Dự Phòng,예비 카드,Carta Reserva,การ์ดสำรอง,3,90,12,17,<80;80;80;80;80;80>,{},{1=20;2=20;3=20;4=20;5=20;6=20;7=20;8=20;9=20;10=20},{defence=31;specialDefence=31;speed=31;hp=31;damage=31;specialDamage=31},TRUE,16,5,90,5,,,,,,,,,,,,,,,,,,,,,
1312,,1312,1312,备用卡牌,備用卡牌,Spare Card,Thẻ Dự Phòng,예비 카드,Carta Reserva,การ์ดสำรอง,3,90,12,17,<80;80;80;80;80;80>,{},{1=20;2=20;3=20;4=20;5=20;6=20;7=20;8=20;9=20;10=20},{defence=31;specialDefence=31;speed=31;hp=31;damage=31;specialDamage=31},TRUE,16,5,90,5,,,,,,,,,,,,,,,,,,,,,
1313,,1313,1313,备用卡牌,備用卡牌,Spare Card,Thẻ Dự Phòng,예비 카드,Carta Reserva,การ์ดสำรอง,3,90,12,17,<80;80;80;80;80;80>,{},{1=20;2=20;3=20;4=20;5=20;6=20;7=20;8=20;9=20;10=20},{defence=31;specialDefence=31;speed=31;hp=31;damage=31;specialDamage=31},TRUE,16,5,90,5,,,,,,,,,,,,,,,,,,,,,
1314,,1314,1314,备用卡牌,備用卡牌,Spare Card,Thẻ Dự Phòng,예비 카드,Carta Reserva,การ์ดสำรอง,3,90,12,17,<80;80;80;80;80;80>,{},{1=20;2=20;3=20;4=20;5=20;6=20;7=20;8=20;9=20;10=20},{defence=31;specialDefence=31;speed=31;hp=31;damage=31;specialDamage=31},TRUE,16,5,90,5,,,,,,,,,,,,,,,,,,,,,
1351,,1351,1351,备用卡牌,備用卡牌,Spare Card,Thẻ Dự Phòng,예비 카드,Carta Reserva,การ์ดสำรอง,1,90,12,17,<80;80;80;80;80;80>,{},{1=20;2=20;3=20;4=20;5=20;6=20;7=20;8=20;9=20;10=20},{defence=31;specialDefence=31;speed=31;hp=31;damage=31;specialDamage=31},TRUE,16,5,90,5,,,,,,,,,,,,,,,,,,,,,
1352,,1352,1352,备用卡牌,備用卡牌,Spare Card,Thẻ Dự Phòng,예비 카드,Carta Reserva,การ์ดสำรอง,1,90,12,17,<80;80;80;80;80;80>,{},{1=20;2=20;3=20;4=20;5=20;6=20;7=20;8=20;9=20;10=20},{defence=31;specialDefence=31;speed=31;hp=31;damage=31;specialDamage=31},TRUE,16,5,90,5,,,,,,,,,,,,,,,,,,,,,
1353,,1353,1353,备用卡牌,備用卡牌,Spare Card,Thẻ Dự Phòng,예비 카드,Carta Reserva,การ์ดสำรอง,1,90,12,17,<80;80;80;80;80;80>,{},{1=20;2=20;3=20;4=20;5=20;6=20;7=20;8=20;9=20;10=20},{defence=31;specialDefence=31;speed=31;hp=31;damage=31;specialDamage=31},TRUE,16,5,90,5,,,,,,,,,,,,,,,,,,,,,
1391,,1391,1391,备用卡牌,備用卡牌,Spare Card,Thẻ Dự Phòng,예비 카드,Carta Reserva,การ์ดสำรอง,3,90,12,17,<80;80;80;80;80;80>,{},{1=20;2=20;3=20;4=20;5=20;6=20;7=20;8=20;9=20;10=20},{defence=31;specialDefence=31;speed=31;hp=31;damage=31;specialDamage=31},TRUE,16,5,90,5,,,,,,,,,,,,,,,,,,,,,
1392,,1392,1392,备用卡牌,備用卡牌,Spare Card,Thẻ Dự Phòng,예비 카드,Carta Reserva,การ์ดสำรอง,3,90,12,17,<80;80;80;80;80;80>,{},{1=20;2=20;3=20;4=20;5=20;6=20;7=20;8=20;9=20;10=20},{defence=31;specialDefence=31;speed=31;hp=31;damage=31;specialDamage=31},TRUE,16,5,90,5,,,,,,,,,,,,,,,,,,,,,
1393,,1393,1393,备用卡牌,備用卡牌,Spare Card,Thẻ Dự Phòng,예비 카드,Carta Reserva,การ์ดสำรอง,3,90,12,17,<80;80;80;80;80;80>,{},{1=20;2=20;3=20;4=20;5=20;6=20;7=20;8=20;9=20;10=20},{defence=31;specialDefence=31;speed=31;hp=31;damage=31;specialDamage=31},TRUE,16,5,90,5,,,,,,,,,,,,,,,,,,,,,
1394,,1394,1394,备用卡牌,備用卡牌,Spare Card,Thẻ Dự Phòng,예비 카드,Carta Reserva,การ์ดสำรอง,3,90,12,17,<80;80;80;80;80;80>,{},{1=20;2=20;3=20;4=20;5=20;6=20;7=20;8=20;9=20;10=20},{defence=31;specialDefence=31;speed=31;hp=31;damage=31;specialDamage=31},TRUE,16,5,90,5,,,,,,,,,,,,,,,,,,,,,
1396,,1396,1396,备用卡牌,備用卡牌,Spare Card,Thẻ Dự Phòng,예비 카드,Carta Reserva,การ์ดสำรอง,3,90,12,17,<80;80;80;80;80;80>,{},{1=20;2=20;3=20;4=20;5=20;6=20;7=20;8=20;9=20;10=20},{defence=31;specialDefence=31;speed=31;hp=31;damage=31;specialDamage=31},TRUE,16,5,90,5,,,,,,,,,,,,,,,,,,,,,
1421,,1421,1421,备用卡牌,備用卡牌,Spare Card,Thẻ Dự Phòng,예비 카드,Carta Reserva,การ์ดสำรอง,3,90,12,17,<80;80;80;80;80;80>,{},{1=20;2=20;3=20;4=20;5=20;6=20;7=20;8=20;9=20;10=20},{defence=31;specialDefence=31;speed=31;hp=31;damage=31;specialDamage=31},TRUE,16,5,90,5,,,,,,,,,,,,,,,,,,,,,
1422,,1422,1422,备用卡牌,備用卡牌,Spare Card,Thẻ Dự Phòng,예비 카드,Carta Reserva,การ์ดสำรอง,3,90,12,17,<80;80;80;80;80;80>,{},{1=20;2=20;3=20;4=20;5=20;6=20;7=20;8=20;9=20;10=20},{defence=31;specialDefence=31;speed=31;hp=31;damage=31;specialDamage=31},TRUE,16,5,90,5,,,,,,,,,,,,,,,,,,,,,
1423,,1423,1423,备用卡牌,備用卡牌,Spare Card,Thẻ Dự Phòng,예비 카드,Carta Reserva,การ์ดสำรอง,3,90,12,17,<80;80;80;80;80;80>,{},{1=20;2=20;3=20;4=20;5=20;6=20;7=20;8=20;9=20;10=20},{defence=31;specialDefence=31;speed=31;hp=31;damage=31;specialDamage=31},TRUE,16,5,90,5,,,,,,,,,,,,,,,,,,,,,
1441,,1441,1441,备用卡牌,備用卡牌,Spare Card,Thẻ Dự Phòng,예비 카드,Carta Reserva,การ์ดสำรอง,2,90,12,17,<80;80;80;80;80;80>,{},{1=20;2=20;3=20;4=20;5=20;6=20;7=20;8=20;9=20;10=20},{defence=31;specialDefence=31;speed=31;hp=31;damage=31;specialDamage=31},TRUE,16,5,90,5,,,,,,,,,,,,,,,,,,,,,
1442,,1442,1442,备用卡牌,備用卡牌,Spare Card,Thẻ Dự Phòng,예비 카드,Carta Reserva,การ์ดสำรอง,2,90,12,17,<80;80;80;80;80;80>,{},{1=20;2=20;3=20;4=20;5=20;6=20;7=20;8=20;9=20;10=20},{defence=31;specialDefence=31;speed=31;hp=31;damage=31;specialDamage=31},TRUE,16,5,90,5,,,,,,,,,,,,,,,,,,,,,
1443,,1443,1443,备用卡牌,備用卡牌,Spare Card,Thẻ Dự Phòng,예비 카드,Carta Reserva,การ์ดสำรอง,2,90,12,17,<80;80;80;80;80;80>,{},{1=20;2=20;3=20;4=20;5=20;6=20;7=20;8=20;9=20;10=20},{defence=31;specialDefence=31;speed=31;hp=31;damage=31;specialDamage=31},TRUE,16,5,90,5,,,,,,,,,,,,,,,,,,,,,
1501,,1501,1501,备用卡牌,備用卡牌,Spare Card,Thẻ Dự Phòng,예비 카드,Carta Reserva,การ์ดสำรอง,3,90,12,17,<80;80;80;80;80;80>,{},{1=20;2=20;3=20;4=20;5=20;6=20;7=20;8=20;9=20;10=20},{defence=31;specialDefence=31;speed=31;hp=31;damage=31;specialDamage=31},TRUE,16,5,90,5,,,,,,,,,,,,,,,,,,,,,
1502,,1502,1502,备用卡牌,備用卡牌,Spare Card,Thẻ Dự Phòng,예비 카드,Carta Reserva,การ์ดสำรอง,3,90,12,17,<80;80;80;80;80;80>,{},{1=20;2=20;3=20;4=20;5=20;6=20;7=20;8=20;9=20;10=20},{defence=31;specialDefence=31;speed=31;hp=31;damage=31;specialDamage=31},TRUE,16,5,90,5,,,,,,,,,,,,,,,,,,,,,
1503,,1503,1503,备用卡牌,備用卡牌,Spare Card,Thẻ Dự Phòng,예비 카드,Carta Reserva,การ์ดสำรอง,3,90,12,17,<80;80;80;80;80;80>,{},{1=20;2=20;3=20;4=20;5=20;6=20;7=20;8=20;9=20;10=20},{defence=31;specialDefence=31;speed=31;hp=31;damage=31;specialDamage=31},TRUE,16,5,90,5,,,,,,,,,,,,,,,,,,,,,
1611,,1611,1611,备用卡牌,備用卡牌,Spare Card,Thẻ Dự Phòng,예비 카드,Carta Reserva,การ์ดสำรอง,2,90,12,17,<80;80;80;80;80;80>,{},{1=20;2=20;3=20;4=20;5=20;6=20;7=20;8=20;9=20;10=20},{defence=31;specialDefence=31;speed=31;hp=31;damage=31;specialDamage=31},TRUE,16,5,90,5,,,,,,,,,,,,,,,,,,,,,
1612,,1612,1612,备用卡牌,備用卡牌,Spare Card,Thẻ Dự Phòng,예비 카드,Carta Reserva,การ์ดสำรอง,2,90,12,17,<80;80;80;80;80;80>,{},{1=20;2=20;3=20;4=20;5=20;6=20;7=20;8=20;9=20;10=20},{defence=31;specialDefence=31;speed=31;hp=31;damage=31;specialDamage=31},TRUE,16,5,90,5,,,,,,,,,,,,,,,,,,,,,
1771,,1771,1771,备用卡牌,備用卡牌,Spare Card,Thẻ Dự Phòng,예비 카드,Carta Reserva,การ์ดสำรอง,3,90,12,17,<80;80;80;80;80;80>,{},{1=20;2=20;3=20;4=20;5=20;6=20;7=20;8=20;9=20;10=20},{defence=31;specialDefence=31;speed=31;hp=31;damage=31;specialDamage=31},TRUE,16,5,90,5,,,,,,,,,,,,,,,,,,,,,
1772,,1772,1772,备用卡牌,備用卡牌,Spare Card,Thẻ Dự Phòng,예비 카드,Carta Reserva,การ์ดสำรอง,3,90,12,17,<80;80;80;80;80;80>,{},{1=20;2=20;3=20;4=20;5=20;6=20;7=20;8=20;9=20;10=20},{defence=31;specialDefence=31;speed=31;hp=31;damage=31;specialDamage=31},TRUE,16,5,90,5,,,,,,,,,,,,,,,,,,,,,
1801,,1801,1801,备用卡牌,備用卡牌,Spare Card,Thẻ Dự Phòng,예비 카드,Carta Reserva,การ์ดสำรอง,2,90,12,17,<80;80;80;80;80;80>,{},{1=20;2=20;3=20;4=20;5=20;6=20;7=20;8=20;9=20;10=20},{defence=31;specialDefence=31;speed=31;hp=31;damage=31;specialDamage=31},TRUE,16,5,90,5,,,,,,,,,,,,,,,,,,,,,
1802,,1802,1802,备用卡牌,備用卡牌,Spare Card,Thẻ Dự Phòng,예비 카드,Carta Reserva,การ์ดสำรอง,2,90,12,17,<80;80;80;80;80;80>,{},{1=20;2=20;3=20;4=20;5=20;6=20;7=20;8=20;9=20;10=20},{defence=31;specialDefence=31;speed=31;hp=31;damage=31;specialDamage=31},TRUE,16,5,90,5,,,,,,,,,,,,,,,,,,,,,
1811,,1811,1811,备用卡牌,備用卡牌,Spare Card,Thẻ Dự Phòng,예비 카드,Carta Reserva,การ์ดสำรอง,3,90,12,17,<80;80;80;80;80;80>,{},{1=20;2=20;3=20;4=20;5=20;6=20;7=20;8=20;9=20;10=20},{defence=31;specialDefence=31;speed=31;hp=31;damage=31;specialDamage=31},TRUE,16,5,90,5,,,,,,,,,,,,,,,,,,,,,
1812,,1812,1812,备用卡牌,備用卡牌,Spare Card,Thẻ Dự Phòng,예비 카드,Carta Reserva,การ์ดสำรอง,3,90,12,17,<80;80;80;80;80;80>,{},{1=20;2=20;3=20;4=20;5=20;6=20;7=20;8=20;9=20;10=20},{defence=31;specialDefence=31;speed=31;hp=31;damage=31;specialDamage=31},TRUE,16,5,90,5,,,,,,,,,,,,,,,,,,,,,
1813,,1813,1813,备用卡牌,備用卡牌,Spare Card,Thẻ Dự Phòng,예비 카드,Carta Reserva,การ์ดสำรอง,3,90,12,17,<80;80;80;80;80;80>,{},{1=20;2=20;3=20;4=20;5=20;6=20;7=20;8=20;9=20;10=20},{defence=31;specialDefence=31;speed=31;hp=31;damage=31;specialDamage=31},TRUE,16,5,90,5,,,,,,,,,,,,,,,,,,,,,
1841,,1841,1841,备用卡牌,備用卡牌,Spare Card,Thẻ Dự Phòng,예비 카드,Carta Reserva,การ์ดสำรอง,3,90,12,17,<80;80;80;80;80;80>,{},{1=20;2=20;3=20;4=20;5=20;6=20;7=20;8=20;9=20;10=20},{defence=31;specialDefence=31;speed=31;hp=31;damage=31;specialDamage=31},TRUE,16,5,90,5,,,,,,,,,,,,,,,,,,,,,
1851,,1851,1851,备用卡牌,備用卡牌,Spare Card,Thẻ Dự Phòng,예비 카드,Carta Reserva,การ์ดสำรอง,2,90,12,17,<80;80;80;80;80;80>,{},{1=20;2=20;3=20;4=20;5=20;6=20;7=20;8=20;9=20;10=20},{defence=31;specialDefence=31;speed=31;hp=31;damage=31;specialDamage=31},TRUE,16,5,90,5,,,,,,,,,,,,,,,,,,,,,
1852,,1852,1852,备用卡牌,備用卡牌,Spare Card,Thẻ Dự Phòng,예비 카드,Carta Reserva,การ์ดสำรอง,2,90,12,17,<80;80;80;80;80;80>,{},{1=20;2=20;3=20;4=20;5=20;6=20;7=20;8=20;9=20;10=20},{defence=31;specialDefence=31;speed=31;hp=31;damage=31;specialDamage=31},TRUE,16,5,90,5,,,,,,,,,,,,,,,,,,,,,
1853,,1853,1853,备用卡牌,備用卡牌,Spare Card,Thẻ Dự Phòng,예비 카드,Carta Reserva,การ์ดสำรอง,2,90,12,17,<80;80;80;80;80;80>,{},{1=20;2=20;3=20;4=20;5=20;6=20;7=20;8=20;9=20;10=20},{defence=31;specialDefence=31;speed=31;hp=31;damage=31;specialDamage=31},TRUE,16,5,90,5,,,,,,,,,,,,,,,,,,,,,
1861,,1861,1861,备用卡牌,備用卡牌,Spare Card,Thẻ Dự Phòng,예비 카드,Carta Reserva,การ์ดสำรอง,2,90,12,17,<80;80;80;80;80;80>,{},{1=20;2=20;3=20;4=20;5=20;6=20;7=20;8=20;9=20;10=20},{defence=31;specialDefence=31;speed=31;hp=31;damage=31;specialDamage=31},TRUE,16,5,90,5,,,,,,,,,,,,,,,,,,,,,
1862,,1862,1862,备用卡牌,備用卡牌,Spare Card,Thẻ Dự Phòng,예비 카드,Carta Reserva,การ์ดสำรอง,2,90,12,17,<80;80;80;80;80;80>,{},{1=20;2=20;3=20;4=20;5=20;6=20;7=20;8=20;9=20;10=20},{defence=31;specialDefence=31;speed=31;hp=31;damage=31;specialDamage=31},TRUE,16,5,90,5,,,,,,,,,,,,,,,,,,,,,
1863,,1863,1863,备用卡牌,備用卡牌,Spare Card,Thẻ Dự Phòng,예비 카드,Carta Reserva,การ์ดสำรอง,2,90,12,17,<80;80;80;80;80;80>,{},{1=20;2=20;3=20;4=20;5=20;6=20;7=20;8=20;9=20;10=20},{defence=31;specialDefence=31;speed=31;hp=31;damage=31;specialDamage=31},TRUE,16,5,90,5,,,,,,,,,,,,,,,,,,,,,
1891,,1891,1891,备用卡牌,備用卡牌,Spare Card,Thẻ Dự Phòng,예비 카드,Carta Reserva,การ์ดสำรอง,3,90,12,17,<80;80;80;80;80;80>,{},{1=20;2=20;3=20;4=20;5=20;6=20;7=20;8=20;9=20;10=20},{defence=31;specialDefence=31;speed=31;hp=31;damage=31;specialDamage=31},TRUE,16,5,90,5,,,,,,,,,,,,,,,,,,,,,
1892,,1892,1892,备用卡牌,備用卡牌,Spare Card,Thẻ Dự Phòng,예비 카드,Carta Reserva,การ์ดสำรอง,3,90,12,17,<80;80;80;80;80;80>,{},{1=20;2=20;3=20;4=20;5=20;6=20;7=20;8=20;9=20;10=20},{defence=31;specialDefence=31;speed=31;hp=31;damage=31;specialDamage=31},TRUE,16,5,90,5,,,,,,,,,,,,,,,,,,,,,
1893,,1893,1893,备用卡牌,備用卡牌,Spare Card,Thẻ Dự Phòng,예비 카드,Carta Reserva,การ์ดสำรอง,3,90,12,17,<80;80;80;80;80;80>,{},{1=20;2=20;3=20;4=20;5=20;6=20;7=20;8=20;9=20;10=20},{defence=31;specialDefence=31;speed=31;hp=31;damage=31;specialDamage=31},TRUE,16,5,90,5,,,,,,,,,,,,,,,,,,,,,
1901,,1901,1901,备用卡牌,備用卡牌,Spare Card,Thẻ Dự Phòng,예비 카드,Carta Reserva,การ์ดสำรอง,3,90,12,17,<80;80;80;80;80;80>,{},{1=20;2=20;3=20;4=20;5=20;6=20;7=20;8=20;9=20;10=20},{defence=31;specialDefence=31;speed=31;hp=31;damage=31;specialDamage=31},TRUE,16,5,90,5,,,,,,,,,,,,,,,,,,,,,
1902,,1902,1902,备用卡牌,備用卡牌,Spare Card,Thẻ Dự Phòng,예비 카드,Carta Reserva,การ์ดสำรอง,3,90,12,17,<80;80;80;80;80;80>,{},{1=20;2=20;3=20;4=20;5=20;6=20;7=20;8=20;9=20;10=20},{defence=31;specialDefence=31;speed=31;hp=31;damage=31;specialDamage=31},TRUE,16,5,90,5,,,,,,,,,,,,,,,,,,,,,
1903,,1903,1903,备用卡牌,備用卡牌,Spare Card,Thẻ Dự Phòng,예비 카드,Carta Reserva,การ์ดสำรอง,3,90,12,17,<80;80;80;80;80;80>,{},{1=20;2=20;3=20;4=20;5=20;6=20;7=20;8=20;9=20;10=20},{defence=31;specialDefence=31;speed=31;hp=31;damage=31;specialDamage=31},TRUE,16,5,90,5,,,,,,,,,,,,,,,,,,,,,
1911,,1911,1911,备用卡牌,備用卡牌,Spare Card,Thẻ Dự Phòng,예비 카드,Carta Reserva,การ์ดสำรอง,3,90,12,17,<80;80;80;80;80;80>,{},{1=20;2=20;3=20;4=20;5=20;6=20;7=20;8=20;9=20;10=20},{defence=31;specialDefence=31;speed=31;hp=31;damage=31;specialDamage=31},TRUE,16,5,90,5,,,,,,,,,,,,,,,,,,,,,
1921,,1921,1921,备用卡牌,備用卡牌,Spare Card,Thẻ Dự Phòng,예비 카드,Carta Reserva,การ์ดสำรอง,3,90,12,17,<80;80;80;80;80;80>,{},{1=20;2=20;3=20;4=20;5=20;6=20;7=20;8=20;9=20;10=20},{defence=31;specialDefence=31;speed=31;hp=31;damage=31;specialDamage=31},TRUE,16,5,90,5,,,,,,,,,,,,,,,,,,,,,
1931,,1931,1931,备用卡牌,備用卡牌,Spare Card,Thẻ Dự Phòng,예비 카드,Carta Reserva,การ์ดสำรอง,3,90,12,17,<80;80;80;80;80;80>,{},{1=20;2=20;3=20;4=20;5=20;6=20;7=20;8=20;9=20;10=20},{defence=31;specialDefence=31;speed=31;hp=31;damage=31;specialDamage=31},TRUE,16,5,90,5,,,,,,,,,,,,,,,,,,,,,
1941,,1941,1941,备用卡牌,備用卡牌,Spare Card,Thẻ Dự Phòng,예비 카드,Carta Reserva,การ์ดสำรอง,3,90,12,17,<80;80;80;80;80;80>,{},{1=20;2=20;3=20;4=20;5=20;6=20;7=20;8=20;9=20;10=20},{defence=31;specialDefence=31;speed=31;hp=31;damage=31;specialDamage=31},TRUE,16,5,90,5,,,,,,,,,,,,,,,,,,,,,
1951,,1951,1951,备用卡牌,備用卡牌,Spare Card,Thẻ Dự Phòng,예비 카드,Carta Reserva,การ์ดสำรอง,3,90,12,17,<80;80;80;80;80;80>,{},{1=20;2=20;3=20;4=20;5=20;6=20;7=20;8=20;9=20;10=20},{defence=31;specialDefence=31;speed=31;hp=31;damage=31;specialDamage=31},TRUE,16,5,90,5,,,,,,,,,,,,,,,,,,,,,
1961,,1961,1961,备用卡牌,備用卡牌,Spare Card,Thẻ Dự Phòng,예비 카드,Carta Reserva,การ์ดสำรอง,4,90,12,17,<80;80;80;80;80;80>,{},{1=20;2=20;3=20;4=20;5=20;6=20;7=20;8=20;9=20;10=20},{defence=31;specialDefence=31;speed=31;hp=31;damage=31;specialDamage=31},TRUE,16,5,90,5,,,,,,,,,,,,,,,,,,,,,
1971,,1971,1971,备用卡牌,備用卡牌,Spare Card,Thẻ Dự Phòng,예비 카드,Carta Reserva,การ์ดสำรอง,4,90,12,17,<80;80;80;80;80;80>,{},{1=20;2=20;3=20;4=20;5=20;6=20;7=20;8=20;9=20;10=20},{defence=31;specialDefence=31;speed=31;hp=31;damage=31;specialDamage=31},TRUE,16,5,90,5,,,,,,,,,,,,,,,,,,,,,
1981,,1981,1981,备用卡牌,備用卡牌,Spare Card,Thẻ Dự Phòng,예비 카드,Carta Reserva,การ์ดสำรอง,4,90,12,17,<80;80;80;80;80;80>,{},{1=20;2=20;3=20;4=20;5=20;6=20;7=20;8=20;9=20;10=20},{defence=31;specialDefence=31;speed=31;hp=31;damage=31;specialDamage=31},TRUE,16,5,90,5,,,,,,,,,,,,,,,,,,,,,
1982,,1982,1982,备用卡牌,備用卡牌,Spare Card,Thẻ Dự Phòng,예비 카드,Carta Reserva,การ์ดสำรอง,5,90,12,17,<80;80;80;80;80;80>,{},{1=20;2=20;3=20;4=20;5=20;6=20;7=20;8=20;9=20;10=20},{defence=31;specialDefence=31;speed=31;hp=31;damage=31;specialDamage=31},TRUE,16,5,90,5,,,,,,,,,,,,,,,,,,,,,
1991,,1991,1991,备用卡牌,備用卡牌,Spare Card,Thẻ Dự Phòng,예비 카드,Carta Reserva,การ์ดสำรอง,4,90,12,17,<80;80;80;80;80;80>,{},{1=20;2=20;3=20;4=20;5=20;6=20;7=20;8=20;9=20;10=20},{defence=31;specialDefence=31;speed=31;hp=31;damage=31;specialDamage=31},TRUE,16,5,90,5,,,,,,,,,,,,,,,,,,,,,
2011,,2011,2011,备用卡牌,備用卡牌,Spare Card,Thẻ Dự Phòng,예비 카드,Carta Reserva,การ์ดสำรอง,2,90,12,17,<80;80;80;80;80;80>,{},{1=20;2=20;3=20;4=20;5=20;6=20;7=20;8=20;9=20;10=20},{defence=31;specialDefence=31;speed=31;hp=31;damage=31;specialDamage=31},TRUE,16,5,90,5,,,,,,,,,,,,,,,,,,,,,
2012,,2012,2012,备用卡牌,備用卡牌,Spare Card,Thẻ Dự Phòng,예비 카드,Carta Reserva,การ์ดสำรอง,2,90,12,17,<80;80;80;80;80;80>,{},{1=20;2=20;3=20;4=20;5=20;6=20;7=20;8=20;9=20;10=20},{defence=31;specialDefence=31;speed=31;hp=31;damage=31;specialDamage=31},TRUE,16,5,90,5,,,,,,,,,,,,,,,,,,,,,
2013,,2013,2013,备用卡牌,備用卡牌,Spare Card,Thẻ Dự Phòng,예비 카드,Carta Reserva,การ์ดสำรอง,2,90,12,17,<80;80;80;80;80;80>,{},{1=20;2=20;3=20;4=20;5=20;6=20;7=20;8=20;9=20;10=20},{defence=31;specialDefence=31;speed=31;hp=31;damage=31;specialDamage=31},TRUE,16,5,90,5,,,,,,,,,,,,,,,,,,,,,
2031,,2031,2031,备用卡牌,備用卡牌,Spare Card,Thẻ Dự Phòng,예비 카드,Carta Reserva,การ์ดสำรอง,3,90,12,17,<80;80;80;80;80;80>,{},{1=20;2=20;3=20;4=20;5=20;6=20;7=20;8=20;9=20;10=20},{defence=31;specialDefence=31;speed=31;hp=31;damage=31;specialDamage=31},TRUE,16,5,90,5,,,,,,,,,,,,,,,,,,,,,
2032,,2032,2032,备用卡牌,備用卡牌,Spare Card,Thẻ Dự Phòng,예비 카드,Carta Reserva,การ์ดสำรอง,3,90,12,17,<80;80;80;80;80;80>,{},{1=20;2=20;3=20;4=20;5=20;6=20;7=20;8=20;9=20;10=20},{defence=31;specialDefence=31;speed=31;hp=31;damage=31;specialDamage=31},TRUE,16,5,90,5,,,,,,,,,,,,,,,,,,,,,
2033,,2033,2033,备用卡牌,備用卡牌,Spare Card,Thẻ Dự Phòng,예비 카드,Carta Reserva,การ์ดสำรอง,3,90,12,17,<80;80;80;80;80;80>,{},{1=20;2=20;3=20;4=20;5=20;6=20;7=20;8=20;9=20;10=20},{defence=31;specialDefence=31;speed=31;hp=31;damage=31;specialDamage=31},TRUE,16,5,90,5,,,,,,,,,,,,,,,,,,,,,
2071,,2071,2071,备用卡牌,備用卡牌,Spare Card,Thẻ Dự Phòng,예비 카드,Carta Reserva,การ์ดสำรอง,2,90,12,17,<80;80;80;80;80;80>,{},{1=20;2=20;3=20;4=20;5=20;6=20;7=20;8=20;9=20;10=20},{defence=31;specialDefence=31;speed=31;hp=31;damage=31;specialDamage=31},TRUE,16,5,90,5,,,,,,,,,,,,,,,,,,,,,
2072,,2072,2072,备用卡牌,備用卡牌,Spare Card,Thẻ Dự Phòng,예비 카드,Carta Reserva,การ์ดสำรอง,2,90,12,17,<80;80;80;80;80;80>,{},{1=20;2=20;3=20;4=20;5=20;6=20;7=20;8=20;9=20;10=20},{defence=31;specialDefence=31;speed=31;hp=31;damage=31;specialDamage=31},TRUE,16,5,90,5,,,,,,,,,,,,,,,,,,,,,
2073,,2073,2073,备用卡牌,備用卡牌,Spare Card,Thẻ Dự Phòng,예비 카드,Carta Reserva,การ์ดสำรอง,2,90,12,17,<80;80;80;80;80;80>,{},{1=20;2=20;3=20;4=20;5=20;6=20;7=20;8=20;9=20;10=20},{defence=31;specialDefence=31;speed=31;hp=31;damage=31;specialDamage=31},TRUE,16,5,90,5,,,,,,,,,,,,,,,,,,,,,
2231,,2231,2231,备用卡牌,備用卡牌,Spare Card,Thẻ Dự Phòng,예비 카드,Carta Reserva,การ์ดสำรอง,3,90,12,17,<80;80;80;80;80;80>,{},{1=20;2=20;3=20;4=20;5=20;6=20;7=20;8=20;9=20;10=20},{defence=31;specialDefence=31;speed=31;hp=31;damage=31;specialDamage=31},TRUE,16,5,90,5,,,,,,,,,,,,,,,,,,,,,
2232,,2232,2232,备用卡牌,備用卡牌,Spare Card,Thẻ Dự Phòng,예비 카드,Carta Reserva,การ์ดสำรอง,3,90,12,17,<80;80;80;80;80;80>,{},{1=20;2=20;3=20;4=20;5=20;6=20;7=20;8=20;9=20;10=20},{defence=31;specialDefence=31;speed=31;hp=31;damage=31;specialDamage=31},TRUE,16,5,90,5,,,,,,,,,,,,,,,,,,,,,
2233,,2233,2233,备用卡牌,備用卡牌,Spare Card,Thẻ Dự Phòng,예비 카드,Carta Reserva,การ์ดสำรอง,3,90,12,17,<80;80;80;80;80;80>,{},{1=20;2=20;3=20;4=20;5=20;6=20;7=20;8=20;9=20;10=20},{defence=31;specialDefence=31;speed=31;hp=31;damage=31;specialDamage=31},TRUE,16,5,90,5,,,,,,,,,,,,,,,,,,,,,
2241,,2241,2241,备用卡牌,備用卡牌,Spare Card,Thẻ Dự Phòng,예비 카드,Carta Reserva,การ์ดสำรอง,3,90,12,17,<80;80;80;80;80;80>,{},{1=20;2=20;3=20;4=20;5=20;6=20;7=20;8=20;9=20;10=20},{defence=31;specialDefence=31;speed=31;hp=31;damage=31;specialDamage=31},TRUE,16,5,90,5,,,,,,,,,,,,,,,,,,,,,
2242,,2242,2242,备用卡牌,備用卡牌,Spare Card,Thẻ Dự Phòng,예비 카드,Carta Reserva,การ์ดสำรอง,3,90,12,17,<80;80;80;80;80;80>,{},{1=20;2=20;3=20;4=20;5=20;6=20;7=20;8=20;9=20;10=20},{defence=31;specialDefence=31;speed=31;hp=31;damage=31;specialDamage=31},TRUE,16,5,90,5,,,,,,,,,,,,,,,,,,,,,
2271,,2271,2271,备用卡牌,備用卡牌,Spare Card,Thẻ Dự Phòng,예비 카드,Carta Reserva,การ์ดสำรอง,2,90,12,17,<80;80;80;80;80;80>,{},{1=20;2=20;3=20;4=20;5=20;6=20;7=20;8=20;9=20;10=20},{defence=31;specialDefence=31;speed=31;hp=31;damage=31;specialDamage=31},TRUE,16,5,90,5,,,,,,,,,,,,,,,,,,,,,
2272,,2272,2272,备用卡牌,備用卡牌,Spare Card,Thẻ Dự Phòng,예비 카드,Carta Reserva,การ์ดสำรอง,2,90,12,17,<80;80;80;80;80;80>,{},{1=20;2=20;3=20;4=20;5=20;6=20;7=20;8=20;9=20;10=20},{defence=31;specialDefence=31;speed=31;hp=31;damage=31;specialDamage=31},TRUE,16,5,90,5,,,,,,,,,,,,,,,,,,,,,
2301,,2301,2301,备用卡牌,備用卡牌,Spare Card,Thẻ Dự Phòng,예비 카드,Carta Reserva,การ์ดสำรอง,2,90,12,17,<80;80;80;80;80;80>,{},{1=20;2=20;3=20;4=20;5=20;6=20;7=20;8=20;9=20;10=20},{defence=31;specialDefence=31;speed=31;hp=31;damage=31;specialDamage=31},TRUE,16,5,90,5,,,,,,,,,,,,,,,,,,,,,
2302,,2302,2302,备用卡牌,備用卡牌,Spare Card,Thẻ Dự Phòng,예비 카드,Carta Reserva,การ์ดสำรอง,2,90,12,17,<80;80;80;80;80;80>,{},{1=20;2=20;3=20;4=20;5=20;6=20;7=20;8=20;9=20;10=20},{defence=31;specialDefence=31;speed=31;hp=31;damage=31;specialDamage=31},TRUE,16,5,90,5,,,,,,,,,,,,,,,,,,,,,
2303,,2303,2303,备用卡牌,備用卡牌,Spare Card,Thẻ Dự Phòng,예비 카드,Carta Reserva,การ์ดสำรอง,3,90,12,17,<80;80;80;80;80;80>,{},{1=20;2=20;3=20;4=20;5=20;6=20;7=20;8=20;9=20;10=20},{defence=31;specialDefence=31;speed=31;hp=31;damage=31;specialDamage=31},TRUE,16,5,90,5,,,,,,,,,,,,,,,,,,,,,
2351,,2351,2351,备用卡牌,備用卡牌,Spare Card,Thẻ Dự Phòng,예비 카드,Carta Reserva,การ์ดสำรอง,4,90,12,17,<80;80;80;80;80;80>,{},{1=20;2=20;3=20;4=20;5=20;6=20;7=20;8=20;9=20;10=20},{defence=31;specialDefence=31;speed=31;hp=31;damage=31;specialDamage=31},TRUE,16,5,90,5,,,,,,,,,,,,,,,,,,,,,
2361,,2361,2361,备用卡牌,備用卡牌,Spare Card,Thẻ Dự Phòng,예비 카드,Carta Reserva,การ์ดสำรอง,4,90,12,17,<80;80;80;80;80;80>,{},{1=20;2=20;3=20;4=20;5=20;6=20;7=20;8=20;9=20;10=20},{defence=31;specialDefence=31;speed=31;hp=31;damage=31;specialDamage=31},TRUE,16,5,90,5,,,,,,,,,,,,,,,,,,,,,
2381,,2381,2381,备用卡牌,備用卡牌,Spare Card,Thẻ Dự Phòng,예비 카드,Carta Reserva,การ์ดสำรอง,4,90,12,17,<80;80;80;80;80;80>,{},{1=20;2=20;3=20;4=20;5=20;6=20;7=20;8=20;9=20;10=20},{defence=31;specialDefence=31;speed=31;hp=31;damage=31;specialDamage=31},TRUE,16,5,90,5,,,,,,,,,,,,,,,,,,,,,
2391,,2391,2391,备用卡牌,備用卡牌,Spare Card,Thẻ Dự Phòng,예비 카드,Carta Reserva,การ์ดสำรอง,4,90,12,17,<80;80;80;80;80;80>,{},{1=20;2=20;3=20;4=20;5=20;6=20;7=20;8=20;9=20;10=20},{defence=31;specialDefence=31;speed=31;hp=31;damage=31;specialDamage=31},TRUE,16,5,90,5,,,,,,,,,,,,,,,,,,,,,
2401,,2401,2401,备用卡牌,備用卡牌,Spare Card,Thẻ Dự Phòng,예비 카드,Carta Reserva,การ์ดสำรอง,3,90,12,17,<80;80;80;80;80;80>,{},{1=20;2=20;3=20;4=20;5=20;6=20;7=20;8=20;9=20;10=20},{defence=31;specialDefence=31;speed=31;hp=31;damage=31;specialDamage=31},TRUE,16,5,90,5,,,,,,,,,,,,,,,,,,,,,
2431,,2431,2431,备用卡牌,備用卡牌,Spare Card,Thẻ Dự Phòng,예비 카드,Carta Reserva,การ์ดสำรอง,4,90,12,17,<80;80;80;80;80;80>,{},{1=20;2=20;3=20;4=20;5=20;6=20;7=20;8=20;9=20;10=20},{defence=31;specialDefence=31;speed=31;hp=31;damage=31;specialDamage=31},TRUE,16,5,90,5,,,,,,,,,,,,,,,,,,,,,
2441,,2441,2441,备用卡牌,備用卡牌,Spare Card,Thẻ Dự Phòng,예비 카드,Carta Reserva,การ์ดสำรอง,4,90,12,17,<80;80;80;80;80;80>,{},{1=20;2=20;3=20;4=20;5=20;6=20;7=20;8=20;9=20;10=20},{defence=31;specialDefence=31;speed=31;hp=31;damage=31;specialDamage=31},TRUE,16,5,90,5,,,,,,,,,,,,,,,,,,,,,
2442,,2442,2442,备用卡牌,備用卡牌,Spare Card,Thẻ Dự Phòng,예비 카드,Carta Reserva,การ์ดสำรอง,4,90,12,17,<80;80;80;80;80;80>,{},{1=20;2=20;3=20;4=20;5=20;6=20;7=20;8=20;9=20;10=20},{defence=31;specialDefence=31;speed=31;hp=31;damage=31;specialDamage=31},TRUE,16,5,90,5,,,,,,,,,,,,,,,,,,,,,
2471,,2471,2471,备用卡牌,備用卡牌,Spare Card,Thẻ Dự Phòng,예비 카드,Carta Reserva,การ์ดสำรอง,3,90,12,17,<80;80;80;80;80;80>,{},{1=20;2=20;3=20;4=20;5=20;6=20;7=20;8=20;9=20;10=20},{defence=31;specialDefence=31;speed=31;hp=31;damage=31;specialDamage=31},TRUE,16,5,90,5,,,,,,,,,,,,,,,,,,,,,
2472,,2472,2472,备用卡牌,備用卡牌,Spare Card,Thẻ Dự Phòng,예비 카드,Carta Reserva,การ์ดสำรอง,3,90,12,17,<80;80;80;80;80;80>,{},{1=20;2=20;3=20;4=20;5=20;6=20;7=20;8=20;9=20;10=20},{defence=31;specialDefence=31;speed=31;hp=31;damage=31;specialDamage=31},TRUE,16,5,90,5,,,,,,,,,,,,,,,,,,,,,
2473,,2473,2473,备用卡牌,備用卡牌,Spare Card,Thẻ Dự Phòng,예비 카드,Carta Reserva,การ์ดสำรอง,3,90,12,17,<80;80;80;80;80;80>,{},{1=20;2=20;3=20;4=20;5=20;6=20;7=20;8=20;9=20;10=20},{defence=31;specialDefence=31;speed=31;hp=31;damage=31;specialDamage=31},TRUE,16,5,90,5,,,,,,,,,,,,,,,,,,,,,
2481,,2481,2481,备用卡牌,備用卡牌,Spare Card,Thẻ Dự Phòng,예비 카드,Carta Reserva,การ์ดสำรอง,2,90,12,17,<80;80;80;80;80;80>,{},{1=20;2=20;3=20;4=20;5=20;6=20;7=20;8=20;9=20;10=20},{defence=31;specialDefence=31;speed=31;hp=31;damage=31;specialDamage=31},TRUE,16,5,90,5,,,,,,,,,,,,,,,,,,,,,
2482,,2482,2482,备用卡牌,備用卡牌,Spare Card,Thẻ Dự Phòng,예비 카드,Carta Reserva,การ์ดสำรอง,2,90,12,17,<80;80;80;80;80;80>,{},{1=20;2=20;3=20;4=20;5=20;6=20;7=20;8=20;9=20;10=20},{defence=31;specialDefence=31;speed=31;hp=31;damage=31;specialDamage=31},TRUE,16,5,90,5,,,,,,,,,,,,,,,,,,,,,
2483,,2483,2483,备用卡牌,備用卡牌,Spare Card,Thẻ Dự Phòng,예비 카드,Carta Reserva,การ์ดสำรอง,2,90,12,17,<80;80;80;80;80;80>,{},{1=20;2=20;3=20;4=20;5=20;6=20;7=20;8=20;9=20;10=20},{defence=31;specialDefence=31;speed=31;hp=31;damage=31;specialDamage=31},TRUE,16,5,90,5,,,,,,,,,,,,,,,,,,,,,
2591,,2591,2591,备用卡牌,備用卡牌,Spare Card,Thẻ Dự Phòng,예비 카드,Carta Reserva,การ์ดสำรอง,2,90,12,17,<80;80;80;80;80;80>,{},{1=20;2=20;3=20;4=20;5=20;6=20;7=20;8=20;9=20;10=20},{defence=31;specialDefence=31;speed=31;hp=31;damage=31;specialDamage=31},TRUE,16,5,90,5,,,,,,,,,,,,,,,,,,,,,
2592,,2592,2592,备用卡牌,備用卡牌,Spare Card,Thẻ Dự Phòng,예비 카드,Carta Reserva,การ์ดสำรอง,2,90,12,17,<80;80;80;80;80;80>,{},{1=20;2=20;3=20;4=20;5=20;6=20;7=20;8=20;9=20;10=20},{defence=31;specialDefence=31;speed=31;hp=31;damage=31;specialDamage=31},TRUE,16,5,90,5,,,,,,,,,,,,,,,,,,,,,
2593,,2593,2593,备用卡牌,備用卡牌,Spare Card,Thẻ Dự Phòng,예비 카드,Carta Reserva,การ์ดสำรอง,2,90,12,17,<80;80;80;80;80;80>,{},{1=20;2=20;3=20;4=20;5=20;6=20;7=20;8=20;9=20;10=20},{defence=31;specialDefence=31;speed=31;hp=31;damage=31;specialDamage=31},TRUE,16,5,90,5,,,,,,,,,,,,,,,,,,,,,
2611,,2611,2611,备用卡牌,備用卡牌,Spare Card,Thẻ Dự Phòng,예비 카드,Carta Reserva,การ์ดสำรอง,2,90,12,17,<80;80;80;80;80;80>,{},{1=20;2=20;3=20;4=20;5=20;6=20;7=20;8=20;9=20;10=20},{defence=31;specialDefence=31;speed=31;hp=31;damage=31;specialDamage=31},TRUE,16,5,90,5,,,,,,,,,,,,,,,,,,,,,
2612,,2612,2612,备用卡牌,備用卡牌,Spare Card,Thẻ Dự Phòng,예비 카드,Carta Reserva,การ์ดสำรอง,2,90,12,17,<80;80;80;80;80;80>,{},{1=20;2=20;3=20;4=20;5=20;6=20;7=20;8=20;9=20;10=20},{defence=31;specialDefence=31;speed=31;hp=31;damage=31;specialDamage=31},TRUE,16,5,90,5,,,,,,,,,,,,,,,,,,,,,
2631,,2631,2631,备用卡牌,備用卡牌,Spare Card,Thẻ Dự Phòng,예비 카드,Carta Reserva,การ์ดสำรอง,2,90,12,17,<80;80;80;80;80;80>,{},{1=20;2=20;3=20;4=20;5=20;6=20;7=20;8=20;9=20;10=20},{defence=31;specialDefence=31;speed=31;hp=31;damage=31;specialDamage=31},TRUE,16,5,90,5,,,,,,,,,,,,,,,,,,,,,
2632,,2632,2632,备用卡牌,備用卡牌,Spare Card,Thẻ Dự Phòng,예비 카드,Carta Reserva,การ์ดสำรอง,2,90,12,17,<80;80;80;80;80;80>,{},{1=20;2=20;3=20;4=20;5=20;6=20;7=20;8=20;9=20;10=20},{defence=31;specialDefence=31;speed=31;hp=31;damage=31;specialDamage=31},TRUE,16,5,90,5,,,,,,,,,,,,,,,,,,,,,
2633,,2633,2633,备用卡牌,備用卡牌,Spare Card,Thẻ Dự Phòng,예비 카드,Carta Reserva,การ์ดสำรอง,2,90,12,17,<80;80;80;80;80;80>,{},{1=20;2=20;3=20;4=20;5=20;6=20;7=20;8=20;9=20;10=20},{defence=31;specialDefence=31;speed=31;hp=31;damage=31;specialDamage=31},TRUE,16,5,90,5,,,,,,,,,,,,,,,,,,,,,
2681,,2681,2681,备用卡牌,備用卡牌,Spare Card,Thẻ Dự Phòng,예비 카드,Carta Reserva,การ์ดสำรอง,2,90,12,17,<80;80;80;80;80;80>,{},{1=20;2=20;3=20;4=20;5=20;6=20;7=20;8=20;9=20;10=20},{defence=31;specialDefence=31;speed=31;hp=31;damage=31;specialDamage=31},TRUE,16,5,90,5,,,,,,,,,,,,,,,,,,,,,
2682,,2682,2682,备用卡牌,備用卡牌,Spare Card,Thẻ Dự Phòng,예비 카드,Carta Reserva,การ์ดสำรอง,2,90,12,17,<80;80;80;80;80;80>,{},{1=20;2=20;3=20;4=20;5=20;6=20;7=20;8=20;9=20;10=20},{defence=31;specialDefence=31;speed=31;hp=31;damage=31;specialDamage=31},TRUE,16,5,90,5,,,,,,,,,,,,,,,,,,,,,
2683,,2683,2683,备用卡牌,備用卡牌,Spare Card,Thẻ Dự Phòng,예비 카드,Carta Reserva,การ์ดสำรอง,2,90,12,17,<80;80;80;80;80;80>,{},{1=20;2=20;3=20;4=20;5=20;6=20;7=20;8=20;9=20;10=20},{defence=31;specialDefence=31;speed=31;hp=31;damage=31;specialDamage=31},TRUE,16,5,90,5,,,,,,,,,,,,,,,,,,,,,
2721,,2721,2721,备用卡牌,備用卡牌,Spare Card,Thẻ Dự Phòng,예비 카드,Carta Reserva,การ์ดสำรอง,3,90,12,17,<80;80;80;80;80;80>,{},{1=20;2=20;3=20;4=20;5=20;6=20;7=20;8=20;9=20;10=20},{defence=31;specialDefence=31;speed=31;hp=31;damage=31;specialDamage=31},TRUE,16,5,90,5,,,,,,,,,,,,,,,,,,,,,
2722,,2722,2722,备用卡牌,備用卡牌,Spare Card,Thẻ Dự Phòng,예비 카드,Carta Reserva,การ์ดสำรอง,3,90,12,17,<80;80;80;80;80;80>,{},{1=20;2=20;3=20;4=20;5=20;6=20;7=20;8=20;9=20;10=20},{defence=31;specialDefence=31;speed=31;hp=31;damage=31;specialDamage=31},TRUE,16,5,90,5,,,,,,,,,,,,,,,,,,,,,
2723,,2723,2723,备用卡牌,備用卡牌,Spare Card,Thẻ Dự Phòng,예비 카드,Carta Reserva,การ์ดสำรอง,3,90,12,17,<80;80;80;80;80;80>,{},{1=20;2=20;3=20;4=20;5=20;6=20;7=20;8=20;9=20;10=20},{defence=31;specialDefence=31;speed=31;hp=31;damage=31;specialDamage=31},TRUE,16,5,90,5,,,,,,,,,,,,,,,,,,,,,
2821,,2821,2821,备用卡牌,備用卡牌,Spare Card,Thẻ Dự Phòng,예비 카드,Carta Reserva,การ์ดสำรอง,3,90,12,17,<80;80;80;80;80;80>,{},{1=20;2=20;3=20;4=20;5=20;6=20;7=20;8=20;9=20;10=20},{defence=31;specialDefence=31;speed=31;hp=31;damage=31;specialDamage=31},TRUE,16,5,90,5,,,,,,,,,,,,,,,,,,,,,
2822,,2822,2822,备用卡牌,備用卡牌,Spare Card,Thẻ Dự Phòng,예비 카드,Carta Reserva,การ์ดสำรอง,3,90,12,17,<80;80;80;80;80;80>,{},{1=20;2=20;3=20;4=20;5=20;6=20;7=20;8=20;9=20;10=20},{defence=31;specialDefence=31;speed=31;hp=31;damage=31;specialDamage=31},TRUE,16,5,90,5,,,,,,,,,,,,,,,,,,,,,
2841,,2841,2841,备用卡牌,備用卡牌,Spare Card,Thẻ Dự Phòng,예비 카드,Carta Reserva,การ์ดสำรอง,2,90,12,17,<80;80;80;80;80;80>,{},{1=20;2=20;3=20;4=20;5=20;6=20;7=20;8=20;9=20;10=20},{defence=31;specialDefence=31;speed=31;hp=31;damage=31;specialDamage=31},TRUE,16,5,90,5,,,,,,,,,,,,,,,,,,,,,
2842,,2842,2842,备用卡牌,備用卡牌,Spare Card,Thẻ Dự Phòng,예비 카드,Carta Reserva,การ์ดสำรอง,2,90,12,17,<80;80;80;80;80;80>,{},{1=20;2=20;3=20;4=20;5=20;6=20;7=20;8=20;9=20;10=20},{defence=31;specialDefence=31;speed=31;hp=31;damage=31;specialDamage=31},TRUE,16,5,90,5,,,,,,,,,,,,,,,,,,,,,
2843,,2843,2843,备用卡牌,備用卡牌,Spare Card,Thẻ Dự Phòng,예비 카드,Carta Reserva,การ์ดสำรอง,2,90,12,17,<80;80;80;80;80;80>,{},{1=20;2=20;3=20;4=20;5=20;6=20;7=20;8=20;9=20;10=20},{defence=31;specialDefence=31;speed=31;hp=31;damage=31;specialDamage=31},TRUE,16,5,90,5,,,,,,,,,,,,,,,,,,,,,
2871,,2871,2871,备用卡牌,備用卡牌,Spare Card,Thẻ Dự Phòng,예비 카드,Carta Reserva,การ์ดสำรอง,2,90,12,17,<80;80;80;80;80;80>,{},{1=20;2=20;3=20;4=20;5=20;6=20;7=20;8=20;9=20;10=20},{defence=31;specialDefence=31;speed=31;hp=31;damage=31;specialDamage=31},TRUE,16,5,90,5,,,,,,,,,,,,,,,,,,,,,
2872,,2872,2872,备用卡牌,備用卡牌,Spare Card,Thẻ Dự Phòng,예비 카드,Carta Reserva,การ์ดสำรอง,2,90,12,17,<80;80;80;80;80;80>,{},{1=20;2=20;3=20;4=20;5=20;6=20;7=20;8=20;9=20;10=20},{defence=31;specialDefence=31;speed=31;hp=31;damage=31;specialDamage=31},TRUE,16,5,90,5,,,,,,,,,,,,,,,,,,,,,
2873,,2873,2873,备用卡牌,備用卡牌,Spare Card,Thẻ Dự Phòng,예비 카드,Carta Reserva,การ์ดสำรอง,2,90,12,17,<80;80;80;80;80;80>,{},{1=20;2=20;3=20;4=20;5=20;6=20;7=20;8=20;9=20;10=20},{defence=31;specialDefence=31;speed=31;hp=31;damage=31;specialDamage=31},TRUE,16,5,90,5,,,,,,,,,,,,,,,,,,,,,
2891,,2891,2891,备用卡牌,備用卡牌,Spare Card,Thẻ Dự Phòng,예비 카드,Carta Reserva,การ์ดสำรอง,2,90,12,17,<80;80;80;80;80;80>,{},{1=20;2=20;3=20;4=20;5=20;6=20;7=20;8=20;9=20;10=20},{defence=31;specialDefence=31;speed=31;hp=31;damage=31;specialDamage=31},TRUE,16,5,90,5,,,,,,,,,,,,,,,,,,,,,
2921,,2921,2921,备用卡牌,備用卡牌,Spare Card,Thẻ Dự Phòng,예비 카드,Carta Reserva,การ์ดสำรอง,2,90,12,17,<80;80;80;80;80;80>,{},{1=20;2=20;3=20;4=20;5=20;6=20;7=20;8=20;9=20;10=20},{defence=31;specialDefence=31;speed=31;hp=31;damage=31;specialDamage=31},TRUE,16,5,90,5,,,,,,,,,,,,,,,,,,,,,
2922,,2922,2922,备用卡牌,備用卡牌,Spare Card,Thẻ Dự Phòng,예비 카드,Carta Reserva,การ์ดสำรอง,2,90,12,17,<80;80;80;80;80;80>,{},{1=20;2=20;3=20;4=20;5=20;6=20;7=20;8=20;9=20;10=20},{defence=31;specialDefence=31;speed=31;hp=31;damage=31;specialDamage=31},TRUE,16,5,90,5,,,,,,,,,,,,,,,,,,,,,
2923,,2923,2923,备用卡牌,備用卡牌,Spare Card,Thẻ Dự Phòng,예비 카드,Carta Reserva,การ์ดสำรอง,2,90,12,17,<80;80;80;80;80;80>,{},{1=20;2=20;3=20;4=20;5=20;6=20;7=20;8=20;9=20;10=20},{defence=31;specialDefence=31;speed=31;hp=31;damage=31;specialDamage=31},TRUE,16,5,90,5,,,,,,,,,,,,,,,,,,,,,
2924,,2924,2924,备用卡牌,備用卡牌,Spare Card,Thẻ Dự Phòng,예비 카드,Carta Reserva,การ์ดสำรอง,2,90,12,17,<80;80;80;80;80;80>,{},{1=20;2=20;3=20;4=20;5=20;6=20;7=20;8=20;9=20;10=20},{defence=31;specialDefence=31;speed=31;hp=31;damage=31;specialDamage=31},TRUE,16,5,90,5,,,,,,,,,,,,,,,,,,,,,
2961,,2961,2961,备用卡牌,備用卡牌,Spare Card,Thẻ Dự Phòng,예비 카드,Carta Reserva,การ์ดสำรอง,2,90,12,17,<80;80;80;80;80;80>,{},{1=20;2=20;3=20;4=20;5=20;6=20;7=20;8=20;9=20;10=20},{defence=31;specialDefence=31;speed=31;hp=31;damage=31;specialDamage=31},TRUE,16,5,90,5,,,,,,,,,,,,,,,,,,,,,
2962,,2962,2962,备用卡牌,備用卡牌,Spare Card,Thẻ Dự Phòng,예비 카드,Carta Reserva,การ์ดสำรอง,2,90,12,17,<80;80;80;80;80;80>,{},{1=20;2=20;3=20;4=20;5=20;6=20;7=20;8=20;9=20;10=20},{defence=31;specialDefence=31;speed=31;hp=31;damage=31;specialDamage=31},TRUE,16,5,90,5,,,,,,,,,,,,,,,,,,,,,
2963,,2963,2963,备用卡牌,備用卡牌,Spare Card,Thẻ Dự Phòng,예비 카드,Carta Reserva,การ์ดสำรอง,2,90,12,17,<80;80;80;80;80;80>,{},{1=20;2=20;3=20;4=20;5=20;6=20;7=20;8=20;9=20;10=20},{defence=31;specialDefence=31;speed=31;hp=31;damage=31;specialDamage=31},TRUE,16,5,90,5,,,,,,,,,,,,,,,,,,,,,
2991,,2991,2991,备用卡牌,備用卡牌,Spare Card,Thẻ Dự Phòng,예비 카드,Carta Reserva,การ์ดสำรอง,3,90,12,17,<80;80;80;80;80;80>,{},{1=20;2=20;3=20;4=20;5=20;6=20;7=20;8=20;9=20;10=20},{defence=31;specialDefence=31;speed=31;hp=31;damage=31;specialDamage=31},TRUE,16,5,90,5,,,,,,,,,,,,,,,,,,,,,
2992,,2992,2992,备用卡牌,備用卡牌,Spare Card,Thẻ Dự Phòng,예비 카드,Carta Reserva,การ์ดสำรอง,3,90,12,17,<80;80;80;80;80;80>,{},{1=20;2=20;3=20;4=20;5=20;6=20;7=20;8=20;9=20;10=20},{defence=31;specialDefence=31;speed=31;hp=31;damage=31;specialDamage=31},TRUE,16,5,90,5,,,,,,,,,,,,,,,,,,,,,
2993,,2993,2993,备用卡牌,備用卡牌,Spare Card,Thẻ Dự Phòng,예비 카드,Carta Reserva,การ์ดสำรอง,3,90,12,17,<80;80;80;80;80;80>,{},{1=20;2=20;3=20;4=20;5=20;6=20;7=20;8=20;9=20;10=20},{defence=31;specialDefence=31;speed=31;hp=31;damage=31;specialDamage=31},TRUE,16,5,90,5,,,,,,,,,,,,,,,,,,,,,
3001,,3001,3001,备用卡牌,備用卡牌,Spare Card,Thẻ Dự Phòng,예비 카드,Carta Reserva,การ์ดสำรอง,3,90,12,17,<80;80;80;80;80;80>,{},{1=20;2=20;3=20;4=20;5=20;6=20;7=20;8=20;9=20;10=20},{defence=31;specialDefence=31;speed=31;hp=31;damage=31;specialDamage=31},TRUE,16,5,90,5,,,,,,,,,,,,,,,,,,,,,
3002,,3002,3002,备用卡牌,備用卡牌,Spare Card,Thẻ Dự Phòng,예비 카드,Carta Reserva,การ์ดสำรอง,3,90,12,17,<80;80;80;80;80;80>,{},{1=20;2=20;3=20;4=20;5=20;6=20;7=20;8=20;9=20;10=20},{defence=31;specialDefence=31;speed=31;hp=31;damage=31;specialDamage=31},TRUE,16,5,90,5,,,,,,,,,,,,,,,,,,,,,
3003,,3003,3003,备用卡牌,備用卡牌,Spare Card,Thẻ Dự Phòng,예비 카드,Carta Reserva,การ์ดสำรอง,3,90,12,17,<80;80;80;80;80;80>,{},{1=20;2=20;3=20;4=20;5=20;6=20;7=20;8=20;9=20;10=20},{defence=31;specialDefence=31;speed=31;hp=31;damage=31;specialDamage=31},TRUE,16,5,90,5,,,,,,,,,,,,,,,,,,,,,
3011,,3011,3011,备用卡牌,備用卡牌,Spare Card,Thẻ Dự Phòng,예비 카드,Carta Reserva,การ์ดสำรอง,2,90,12,17,<80;80;80;80;80;80>,{},{1=20;2=20;3=20;4=20;5=20;6=20;7=20;8=20;9=20;10=20},{defence=31;specialDefence=31;speed=31;hp=31;damage=31;specialDamage=31},TRUE,16,5,90,5,,,,,,,,,,,,,,,,,,,,,
3012,,3012,3012,备用卡牌,備用卡牌,Spare Card,Thẻ Dự Phòng,예비 카드,Carta Reserva,การ์ดสำรอง,2,90,12,17,<80;80;80;80;80;80>,{},{1=20;2=20;3=20;4=20;5=20;6=20;7=20;8=20;9=20;10=20},{defence=31;specialDefence=31;speed=31;hp=31;damage=31;specialDamage=31},TRUE,16,5,90,5,,,,,,,,,,,,,,,,,,,,,
3021,,3021,3021,备用卡牌,備用卡牌,Spare Card,Thẻ Dự Phòng,예비 카드,Carta Reserva,การ์ดสำรอง,3,90,12,17,<80;80;80;80;80;80>,{},{1=20;2=20;3=20;4=20;5=20;6=20;7=20;8=20;9=20;10=20},{defence=31;specialDefence=31;speed=31;hp=31;damage=31;specialDamage=31},TRUE,16,5,90,5,,,,,,,,,,,,,,,,,,,,,
3141,,3141,3141,备用卡牌,備用卡牌,Spare Card,Thẻ Dự Phòng,예비 카드,Carta Reserva,การ์ดสำรอง,3,90,12,17,<80;80;80;80;80;80>,{},{1=20;2=20;3=20;4=20;5=20;6=20;7=20;8=20;9=20;10=20},{defence=31;specialDefence=31;speed=31;hp=31;damage=31;specialDamage=31},TRUE,16,5,90,5,,,,,,,,,,,,,,,,,,,,,
3142,,3142,3142,备用卡牌,備用卡牌,Spare Card,Thẻ Dự Phòng,예비 카드,Carta Reserva,การ์ดสำรอง,3,90,12,17,<80;80;80;80;80;80>,{},{1=20;2=20;3=20;4=20;5=20;6=20;7=20;8=20;9=20;10=20},{defence=31;specialDefence=31;speed=31;hp=31;damage=31;specialDamage=31},TRUE,16,5,90,5,,,,,,,,,,,,,,,,,,,,,
3143,,3143,3143,备用卡牌,備用卡牌,Spare Card,Thẻ Dự Phòng,예비 카드,Carta Reserva,การ์ดสำรอง,3,90,12,17,<80;80;80;80;80;80>,{},{1=20;2=20;3=20;4=20;5=20;6=20;7=20;8=20;9=20;10=20},{defence=31;specialDefence=31;speed=31;hp=31;damage=31;specialDamage=31},TRUE,16,5,90,5,,,,,,,,,,,,,,,,,,,,,
3151,,3151,3151,备用卡牌,備用卡牌,Spare Card,Thẻ Dự Phòng,예비 카드,Carta Reserva,การ์ดสำรอง,3,90,12,17,<80;80;80;80;80;80>,{},{1=20;2=20;3=20;4=20;5=20;6=20;7=20;8=20;9=20;10=20},{defence=31;specialDefence=31;speed=31;hp=31;damage=31;specialDamage=31},TRUE,16,5,90,5,,,,,,,,,,,,,,,,,,,,,
3152,,3152,3152,备用卡牌,備用卡牌,Spare Card,Thẻ Dự Phòng,예비 카드,Carta Reserva,การ์ดสำรอง,3,90,12,17,<80;80;80;80;80;80>,{},{1=20;2=20;3=20;4=20;5=20;6=20;7=20;8=20;9=20;10=20},{defence=31;specialDefence=31;speed=31;hp=31;damage=31;specialDamage=31},TRUE,16,5,90,5,,,,,,,,,,,,,,,,,,,,,
3161,,3161,3161,备用卡牌,備用卡牌,Spare Card,Thẻ Dự Phòng,예비 카드,Carta Reserva,การ์ดสำรอง,3,90,12,17,<80;80;80;80;80;80>,{},{1=20;2=20;3=20;4=20;5=20;6=20;7=20;8=20;9=20;10=20},{defence=31;specialDefence=31;speed=31;hp=31;damage=31;specialDamage=31},TRUE,16,5,90,5,,,,,,,,,,,,,,,,,,,,,
3171,,3171,3171,备用卡牌,備用卡牌,Spare Card,Thẻ Dự Phòng,예비 카드,Carta Reserva,การ์ดสำรอง,3,90,12,17,<80;80;80;80;80;80>,{},{1=20;2=20;3=20;4=20;5=20;6=20;7=20;8=20;9=20;10=20},{defence=31;specialDefence=31;speed=31;hp=31;damage=31;specialDamage=31},TRUE,16,5,90,5,,,,,,,,,,,,,,,,,,,,,
3181,,3181,3181,备用卡牌,備用卡牌,Spare Card,Thẻ Dự Phòng,예비 카드,Carta Reserva,การ์ดสำรอง,3,90,12,17,<80;80;80;80;80;80>,{},{1=20;2=20;3=20;4=20;5=20;6=20;7=20;8=20;9=20;10=20},{defence=31;specialDefence=31;speed=31;hp=31;damage=31;specialDamage=31},TRUE,16,5,90,5,,,,,,,,,,,,,,,,,,,,,
3211,,3211,3211,备用卡牌,備用卡牌,Spare Card,Thẻ Dự Phòng,예비 카드,Carta Reserva,การ์ดสำรอง,4,90,12,17,<80;80;80;80;80;80>,{},{1=20;2=20;3=20;4=20;5=20;6=20;7=20;8=20;9=20;10=20},{defence=31;specialDefence=31;speed=31;hp=31;damage=31;specialDamage=31},TRUE,16,5,90,5,,,,,,,,,,,,,,,,,,,,,
3221,,3221,3221,备用卡牌,備用卡牌,Spare Card,Thẻ Dự Phòng,예비 카드,Carta Reserva,การ์ดสำรอง,4,90,12,17,<80;80;80;80;80;80>,{},{1=20;2=20;3=20;4=20;5=20;6=20;7=20;8=20;9=20;10=20},{defence=31;specialDefence=31;speed=31;hp=31;damage=31;specialDamage=31},TRUE,16,5,90,5,,,,,,,,,,,,,,,,,,,,,
3241,,3241,3241,备用卡牌,備用卡牌,Spare Card,Thẻ Dự Phòng,예비 카드,Carta Reserva,การ์ดสำรอง,4,90,12,17,<80;80;80;80;80;80>,{},{1=20;2=20;3=20;4=20;5=20;6=20;7=20;8=20;9=20;10=20},{defence=31;specialDefence=31;speed=31;hp=31;damage=31;specialDamage=31},TRUE,16,5,90,5,,,,,,,,,,,,,,,,,,,,,
3251,,3251,3251,备用卡牌,備用卡牌,Spare Card,Thẻ Dự Phòng,예비 카드,Carta Reserva,การ์ดสำรอง,3,90,12,17,<80;80;80;80;80;80>,{},{1=20;2=20;3=20;4=20;5=20;6=20;7=20;8=20;9=20;10=20},{defence=31;specialDefence=31;speed=31;hp=31;damage=31;specialDamage=31},TRUE,16,5,90,5,,,,,,,,,,,,,,,,,,,,,
3261,,3261,3261,备用卡牌,備用卡牌,Spare Card,Thẻ Dự Phòng,예비 카드,Carta Reserva,การ์ดสำรอง,4,90,12,17,<80;80;80;80;80;80>,{},{1=20;2=20;3=20;4=20;5=20;6=20;7=20;8=20;9=20;10=20},{defence=31;specialDefence=31;speed=31;hp=31;damage=31;specialDamage=31},TRUE,16,5,90,5,,,,,,,,,,,,,,,,,,,,,
3262,,3262,3262,备用卡牌,備用卡牌,Spare Card,Thẻ Dự Phòng,예비 카드,Carta Reserva,การ์ดสำรอง,4,90,12,17,<80;80;80;80;80;80>,{},{1=20;2=20;3=20;4=20;5=20;6=20;7=20;8=20;9=20;10=20},{defence=31;specialDefence=31;speed=31;hp=31;damage=31;specialDamage=31},TRUE,16,5,90,5,,,,,,,,,,,,,,,,,,,,,
3281,,3281,3281,备用卡牌,備用卡牌,Spare Card,Thẻ Dự Phòng,예비 카드,Carta Reserva,การ์ดสำรอง,2,90,12,17,<80;80;80;80;80;80>,{},{1=20;2=20;3=20;4=20;5=20;6=20;7=20;8=20;9=20;10=20},{defence=31;specialDefence=31;speed=31;hp=31;damage=31;specialDamage=31},TRUE,16,5,90,5,,,,,,,,,,,,,,,,,,,,,
3282,,3282,3282,备用卡牌,備用卡牌,Spare Card,Thẻ Dự Phòng,예비 카드,Carta Reserva,การ์ดสำรอง,2,90,12,17,<80;80;80;80;80;80>,{},{1=20;2=20;3=20;4=20;5=20;6=20;7=20;8=20;9=20;10=20},{defence=31;specialDefence=31;speed=31;hp=31;damage=31;specialDamage=31},TRUE,16,5,90,5,,,,,,,,,,,,,,,,,,,,,
3283,,3283,3283,备用卡牌,備用卡牌,Spare Card,Thẻ Dự Phòng,예비 카드,Carta Reserva,การ์ดสำรอง,2,90,12,17,<80;80;80;80;80;80>,{},{1=20;2=20;3=20;4=20;5=20;6=20;7=20;8=20;9=20;10=20},{defence=31;specialDefence=31;speed=31;hp=31;damage=31;specialDamage=31},TRUE,16,5,90,5,,,,,,,,,,,,,,,,,,,,,
3291,,3291,3291,备用卡牌,備用卡牌,Spare Card,Thẻ Dự Phòng,예비 카드,Carta Reserva,การ์ดสำรอง,2,90,12,17,<80;80;80;80;80;80>,{},{1=20;2=20;3=20;4=20;5=20;6=20;7=20;8=20;9=20;10=20},{defence=31;specialDefence=31;speed=31;hp=31;damage=31;specialDamage=31},TRUE,16,5,90,5,,,,,,,,,,,,,,,,,,,,,
3292,,3292,3292,备用卡牌,備用卡牌,Spare Card,Thẻ Dự Phòng,예비 카드,Carta Reserva,การ์ดสำรอง,2,90,12,17,<80;80;80;80;80;80>,{},{1=20;2=20;3=20;4=20;5=20;6=20;7=20;8=20;9=20;10=20},{defence=31;specialDefence=31;speed=31;hp=31;damage=31;specialDamage=31},TRUE,16,5,90,5,,,,,,,,,,,,,,,,,,,,,
3293,,3293,3293,备用卡牌,備用卡牌,Spare Card,Thẻ Dự Phòng,예비 카드,Carta Reserva,การ์ดสำรอง,2,90,12,17,<80;80;80;80;80;80>,{},{1=20;2=20;3=20;4=20;5=20;6=20;7=20;8=20;9=20;10=20},{defence=31;specialDefence=31;speed=31;hp=31;damage=31;specialDamage=31},TRUE,16,5,90,5,,,,,,,,,,,,,,,,,,,,,
3301,,3301,3301,备用卡牌,備用卡牌,Spare Card,Thẻ Dự Phòng,예비 카드,Carta Reserva,การ์ดสำรอง,3,90,12,17,<80;80;80;80;80;80>,{},{1=20;2=20;3=20;4=20;5=20;6=20;7=20;8=20;9=20;10=20},{defence=31;specialDefence=31;speed=31;hp=31;damage=31;specialDamage=31},TRUE,16,5,90,5,,,,,,,,,,,,,,,,,,,,,
3302,,3302,3302,备用卡牌,備用卡牌,Spare Card,Thẻ Dự Phòng,예비 카드,Carta Reserva,การ์ดสำรอง,3,90,12,17,<80;80;80;80;80;80>,{},{1=20;2=20;3=20;4=20;5=20;6=20;7=20;8=20;9=20;10=20},{defence=31;specialDefence=31;speed=31;hp=31;damage=31;specialDamage=31},TRUE,16,5,90,5,,,,,,,,,,,,,,,,,,,,,
3303,,3303,3303,备用卡牌,備用卡牌,Spare Card,Thẻ Dự Phòng,예비 카드,Carta Reserva,การ์ดสำรอง,3,90,12,17,<80;80;80;80;80;80>,{},{1=20;2=20;3=20;4=20;5=20;6=20;7=20;8=20;9=20;10=20},{defence=31;specialDefence=31;speed=31;hp=31;damage=31;specialDamage=31},TRUE,16,5,90,5,,,,,,,,,,,,,,,,,,,,,
3341,,3341,3341,备用卡牌,備用卡牌,Spare Card,Thẻ Dự Phòng,예비 카드,Carta Reserva,การ์ดสำรอง,2,90,12,17,<80;80;80;80;80;80>,{},{1=20;2=20;3=20;4=20;5=20;6=20;7=20;8=20;9=20;10=20},{defence=31;specialDefence=31;speed=31;hp=31;damage=31;specialDamage=31},TRUE,16,5,90,5,,,,,,,,,,,,,,,,,,,,,
3342,,3342,3342,备用卡牌,備用卡牌,Spare Card,Thẻ Dự Phòng,예비 카드,Carta Reserva,การ์ดสำรอง,2,90,12,17,<80;80;80;80;80;80>,{},{1=20;2=20;3=20;4=20;5=20;6=20;7=20;8=20;9=20;10=20},{defence=31;specialDefence=31;speed=31;hp=31;damage=31;specialDamage=31},TRUE,16,5,90,5,,,,,,,,,,,,,,,,,,,,,
3351,,3351,3351,备用卡牌,備用卡牌,Spare Card,Thẻ Dự Phòng,예비 카드,Carta Reserva,การ์ดสำรอง,3,90,12,17,<80;80;80;80;80;80>,{},{1=20;2=20;3=20;4=20;5=20;6=20;7=20;8=20;9=20;10=20},{defence=31;specialDefence=31;speed=31;hp=31;damage=31;specialDamage=31},TRUE,16,5,90,5,,,,,,,,,,,,,,,,,,,,,
3352,,3352,3352,备用卡牌,備用卡牌,Spare Card,Thẻ Dự Phòng,예비 카드,Carta Reserva,การ์ดสำรอง,3,90,12,17,<80;80;80;80;80;80>,{},{1=20;2=20;3=20;4=20;5=20;6=20;7=20;8=20;9=20;10=20},{defence=31;specialDefence=31;speed=31;hp=31;damage=31;specialDamage=31},TRUE,16,5,90,5,,,,,,,,,,,,,,,,,,,,,
3353,,3353,3353,备用卡牌,備用卡牌,Spare Card,Thẻ Dự Phòng,예비 카드,Carta Reserva,การ์ดสำรอง,3,90,12,17,<80;80;80;80;80;80>,{},{1=20;2=20;3=20;4=20;5=20;6=20;7=20;8=20;9=20;10=20},{defence=31;specialDefence=31;speed=31;hp=31;damage=31;specialDamage=31},TRUE,16,5,90,5,,,,,,,,,,,,,,,,,,,,,
3411,,3411,3411,备用卡牌,備用卡牌,Spare Card,Thẻ Dự Phòng,예비 카드,Carta Reserva,การ์ดสำรอง,3,90,12,17,<80;80;80;80;80;80>,{},{1=20;2=20;3=20;4=20;5=20;6=20;7=20;8=20;9=20;10=20},{defence=31;specialDefence=31;speed=31;hp=31;damage=31;specialDamage=31},TRUE,16,5,90,5,,,,,,,,,,,,,,,,,,,,,
3412,,3412,3412,备用卡牌,備用卡牌,Spare Card,Thẻ Dự Phòng,예비 카드,Carta Reserva,การ์ดสำรอง,3,90,12,17,<80;80;80;80;80;80>,{},{1=20;2=20;3=20;4=20;5=20;6=20;7=20;8=20;9=20;10=20},{defence=31;specialDefence=31;speed=31;hp=31;damage=31;specialDamage=31},TRUE,16,5,90,5,,,,,,,,,,,,,,,,,,,,,
3413,,3413,3413,备用卡牌,備用卡牌,Spare Card,Thẻ Dự Phòng,예비 카드,Carta Reserva,การ์ดสำรอง,3,90,12,17,<80;80;80;80;80;80>,{},{1=20;2=20;3=20;4=20;5=20;6=20;7=20;8=20;9=20;10=20},{defence=31;specialDefence=31;speed=31;hp=31;damage=31;specialDamage=31},TRUE,16,5,90,5,,,,,,,,,,,,,,,,,,,,,
3431,,3431,3431,备用卡牌,備用卡牌,Spare Card,Thẻ Dự Phòng,예비 카드,Carta Reserva,การ์ดสำรอง,2,90,12,17,<80;80;80;80;80;80>,{},{1=20;2=20;3=20;4=20;5=20;6=20;7=20;8=20;9=20;10=20},{defence=31;specialDefence=31;speed=31;hp=31;damage=31;specialDamage=31},TRUE,16,5,90,5,,,,,,,,,,,,,,,,,,,,,
3432,,3432,3432,备用卡牌,備用卡牌,Spare Card,Thẻ Dự Phòng,예비 카드,Carta Reserva,การ์ดสำรอง,2,90,12,17,<80;80;80;80;80;80>,{},{1=20;2=20;3=20;4=20;5=20;6=20;7=20;8=20;9=20;10=20},{defence=31;specialDefence=31;speed=31;hp=31;damage=31;specialDamage=31},TRUE,16,5,90,5,,,,,,,,,,,,,,,,,,,,,
3471,,3471,3471,备用卡牌,備用卡牌,Spare Card,Thẻ Dự Phòng,예비 카드,Carta Reserva,การ์ดสำรอง,2,90,12,17,<80;80;80;80;80;80>,{},{1=20;2=20;3=20;4=20;5=20;6=20;7=20;8=20;9=20;10=20},{defence=31;specialDefence=31;speed=31;hp=31;damage=31;specialDamage=31},TRUE,16,5,90,5,,,,,,,,,,,,,,,,,,,,,
3472,,3472,3472,备用卡牌,備用卡牌,Spare Card,Thẻ Dự Phòng,예비 카드,Carta Reserva,การ์ดสำรอง,2,90,12,17,<80;80;80;80;80;80>,{},{1=20;2=20;3=20;4=20;5=20;6=20;7=20;8=20;9=20;10=20},{defence=31;specialDefence=31;speed=31;hp=31;damage=31;specialDamage=31},TRUE,16,5,90,5,,,,,,,,,,,,,,,,,,,,,
3501,,3501,3501,备用卡牌,備用卡牌,Spare Card,Thẻ Dự Phòng,예비 카드,Carta Reserva,การ์ดสำรอง,2,90,12,17,<80;80;80;80;80;80>,{},{1=20;2=20;3=20;4=20;5=20;6=20;7=20;8=20;9=20;10=20},{defence=31;specialDefence=31;speed=31;hp=31;damage=31;specialDamage=31},TRUE,16,5,90,5,,,,,,,,,,,,,,,,,,,,,
3502,,3502,3502,备用卡牌,備用卡牌,Spare Card,Thẻ Dự Phòng,예비 카드,Carta Reserva,การ์ดสำรอง,2,90,12,17,<80;80;80;80;80;80>,{},{1=20;2=20;3=20;4=20;5=20;6=20;7=20;8=20;9=20;10=20},{defence=31;specialDefence=31;speed=31;hp=31;damage=31;specialDamage=31},TRUE,16,5,90,5,,,,,,,,,,,,,,,,,,,,,
3511,,3511,3511,备用卡牌,備用卡牌,Spare Card,Thẻ Dự Phòng,예비 카드,Carta Reserva,การ์ดสำรอง,2,90,12,17,<80;80;80;80;80;80>,{},{1=20;2=20;3=20;4=20;5=20;6=20;7=20;8=20;9=20;10=20},{defence=31;specialDefence=31;speed=31;hp=31;damage=31;specialDamage=31},TRUE,16,5,90,5,,,,,,,,,,,,,,,,,,,,,
3541,,3541,3541,备用卡牌,備用卡牌,Spare Card,Thẻ Dự Phòng,예비 카드,Carta Reserva,การ์ดสำรอง,3,90,12,17,<80;80;80;80;80;80>,{},{1=20;2=20;3=20;4=20;5=20;6=20;7=20;8=20;9=20;10=20},{defence=31;specialDefence=31;speed=31;hp=31;damage=31;specialDamage=31},TRUE,16,5,90,5,,,,,,,,,,,,,,,,,,,,,
3542,,3542,3542,备用卡牌,備用卡牌,Spare Card,Thẻ Dự Phòng,예비 카드,Carta Reserva,การ์ดสำรอง,3,90,12,17,<80;80;80;80;80;80>,{},{1=20;2=20;3=20;4=20;5=20;6=20;7=20;8=20;9=20;10=20},{defence=31;specialDefence=31;speed=31;hp=31;damage=31;specialDamage=31},TRUE,16,5,90,5,,,,,,,,,,,,,,,,,,,,,
3543,,3543,3543,备用卡牌,備用卡牌,Spare Card,Thẻ Dự Phòng,예비 카드,Carta Reserva,การ์ดสำรอง,3,90,12,17,<80;80;80;80;80;80>,{},{1=20;2=20;3=20;4=20;5=20;6=20;7=20;8=20;9=20;10=20},{defence=31;specialDefence=31;speed=31;hp=31;damage=31;specialDamage=31},TRUE,16,5,90,5,,,,,,,,,,,,,,,,,,,,,
3561,,3561,3561,备用卡牌,備用卡牌,Spare Card,Thẻ Dự Phòng,예비 카드,Carta Reserva,การ์ดสำรอง,1,90,12,17,<80;80;80;80;80;80>,{},{1=20;2=20;3=20;4=20;5=20;6=20;7=20;8=20;9=20;10=20},{defence=31;specialDefence=31;speed=31;hp=31;damage=31;specialDamage=31},TRUE,16,5,90,5,,,,,,,,,,,,,,,,,,,,,
3562,,3562,3562,备用卡牌,備用卡牌,Spare Card,Thẻ Dự Phòng,예비 카드,Carta Reserva,การ์ดสำรอง,1,90,12,17,<80;80;80;80;80;80>,{},{1=20;2=20;3=20;4=20;5=20;6=20;7=20;8=20;9=20;10=20},{defence=31;specialDefence=31;speed=31;hp=31;damage=31;specialDamage=31},TRUE,16,5,90,5,,,,,,,,,,,,,,,,,,,,,
3591,,3591,3591,备用卡牌,備用卡牌,Spare Card,Thẻ Dự Phòng,예비 카드,Carta Reserva,การ์ดสำรอง,3,90,12,17,<80;80;80;80;80;80>,{},{1=20;2=20;3=20;4=20;5=20;6=20;7=20;8=20;9=20;10=20},{defence=31;specialDefence=31;speed=31;hp=31;damage=31;specialDamage=31},TRUE,16,5,90,5,,,,,,,,,,,,,,,,,,,,,
3592,,3592,3592,备用卡牌,備用卡牌,Spare Card,Thẻ Dự Phòng,예비 카드,Carta Reserva,การ์ดสำรอง,3,90,12,17,<80;80;80;80;80;80>,{},{1=20;2=20;3=20;4=20;5=20;6=20;7=20;8=20;9=20;10=20},{defence=31;specialDefence=31;speed=31;hp=31;damage=31;specialDamage=31},TRUE,16,5,90,5,,,,,,,,,,,,,,,,,,,,,
3601,,3601,3601,备用卡牌,備用卡牌,Spare Card,Thẻ Dự Phòng,예비 카드,Carta Reserva,การ์ดสำรอง,4,90,12,17,<80;80;80;80;80;80>,{},{1=20;2=20;3=20;4=20;5=20;6=20;7=20;8=20;9=20;10=20},{defence=31;specialDefence=31;speed=31;hp=31;damage=31;specialDamage=31},TRUE,16,5,90,5,,,,,,,,,,,,,,,,,,,,,
3611,,3611,3611,备用卡牌,備用卡牌,Spare Card,Thẻ Dự Phòng,예비 카드,Carta Reserva,การ์ดสำรอง,4,90,12,17,<80;80;80;80;80;80>,{},{1=20;2=20;3=20;4=20;5=20;6=20;7=20;8=20;9=20;10=20},{defence=31;specialDefence=31;speed=31;hp=31;damage=31;specialDamage=31},TRUE,16,5,90,5,,,,,,,,,,,,,,,,,,,,,
3631,,3631,3631,备用卡牌,備用卡牌,Spare Card,Thẻ Dự Phòng,예비 카드,Carta Reserva,การ์ดสำรอง,4,90,12,17,<80;80;80;80;80;80>,{},{1=20;2=20;3=20;4=20;5=20;6=20;7=20;8=20;9=20;10=20},{defence=31;specialDefence=31;speed=31;hp=31;damage=31;specialDamage=31},TRUE,16,5,90,5,,,,,,,,,,,,,,,,,,,,,
3641,,3641,3641,备用卡牌,備用卡牌,Spare Card,Thẻ Dự Phòng,예비 카드,Carta Reserva,การ์ดสำรอง,4,90,12,17,<80;80;80;80;80;80>,{},{1=20;2=20;3=20;4=20;5=20;6=20;7=20;8=20;9=20;10=20},{defence=31;specialDefence=31;speed=31;hp=31;damage=31;specialDamage=31},TRUE,16,5,90,5,,,,,,,,,,,,,,,,,,,,,
3642,,3642,3642,备用卡牌,備用卡牌,Spare Card,Thẻ Dự Phòng,예비 카드,Carta Reserva,การ์ดสำรอง,4,90,12,17,<80;80;80;80;80;80>,{},{1=20;2=20;3=20;4=20;5=20;6=20;7=20;8=20;9=20;10=20},{defence=31;specialDefence=31;speed=31;hp=31;damage=31;specialDamage=31},TRUE,16,5,90,5,,,,,,,,,,,,,,,,,,,,,
3661,,3661,3661,备用卡牌,備用卡牌,Spare Card,Thẻ Dự Phòng,예비 카드,Carta Reserva,การ์ดสำรอง,3,90,12,17,<80;80;80;80;80;80>,{},{1=20;2=20;3=20;4=20;5=20;6=20;7=20;8=20;9=20;10=20},{defence=31;specialDefence=31;speed=31;hp=31;damage=31;specialDamage=31},TRUE,16,5,90,5,,,,,,,,,,,,,,,,,,,,,
3662,,3662,3662,备用卡牌,備用卡牌,Spare Card,Thẻ Dự Phòng,예비 카드,Carta Reserva,การ์ดสำรอง,3,90,12,17,<80;80;80;80;80;80>,{},{1=20;2=20;3=20;4=20;5=20;6=20;7=20;8=20;9=20;10=20},{defence=31;specialDefence=31;speed=31;hp=31;damage=31;specialDamage=31},TRUE,16,5,90,5,,,,,,,,,,,,,,,,,,,,,
3663,,3663,3663,备用卡牌,備用卡牌,Spare Card,Thẻ Dự Phòng,예비 카드,Carta Reserva,การ์ดสำรอง,3,90,12,17,<80;80;80;80;80;80>,{},{1=20;2=20;3=20;4=20;5=20;6=20;7=20;8=20;9=20;10=20},{defence=31;specialDefence=31;speed=31;hp=31;damage=31;specialDamage=31},TRUE,16,5,90,5,,,,,,,,,,,,,,,,,,,,,
3771,,3771,3771,备用卡牌,備用卡牌,Spare Card,Thẻ Dự Phòng,예비 카드,Carta Reserva,การ์ดสำรอง,3,90,12,17,<80;80;80;80;80;80>,{},{1=20;2=20;3=20;4=20;5=20;6=20;7=20;8=20;9=20;10=20},{defence=31;specialDefence=31;speed=31;hp=31;damage=31;specialDamage=31},TRUE,16,5,90,5,,,,,,,,,,,,,,,,,,,,,
3772,,3772,3772,备用卡牌,備用卡牌,Spare Card,Thẻ Dự Phòng,예비 카드,Carta Reserva,การ์ดสำรอง,3,90,12,17,<80;80;80;80;80;80>,{},{1=20;2=20;3=20;4=20;5=20;6=20;7=20;8=20;9=20;10=20},{defence=31;specialDefence=31;speed=31;hp=31;damage=31;specialDamage=31},TRUE,16,5,90,5,,,,,,,,,,,,,,,,,,,,,
3841,,3841,3841,备用卡牌,備用卡牌,Spare Card,Thẻ Dự Phòng,예비 카드,Carta Reserva,การ์ดสำรอง,3,90,12,17,<80;80;80;80;80;80>,{},{1=20;2=20;3=20;4=20;5=20;6=20;7=20;8=20;9=20;10=20},{defence=31;specialDefence=31;speed=31;hp=31;damage=31;specialDamage=31},TRUE,16,5,90,5,,,,,,,,,,,,,,,,,,,,,
3842,,3842,3842,备用卡牌,備用卡牌,Spare Card,Thẻ Dự Phòng,예비 카드,Carta Reserva,การ์ดสำรอง,3,90,12,17,<80;80;80;80;80;80>,{},{1=20;2=20;3=20;4=20;5=20;6=20;7=20;8=20;9=20;10=20},{defence=31;specialDefence=31;speed=31;hp=31;damage=31;specialDamage=31},TRUE,16,5,90,5,,,,,,,,,,,,,,,,,,,,,
3843,,3843,3843,备用卡牌,備用卡牌,Spare Card,Thẻ Dự Phòng,예비 카드,Carta Reserva,การ์ดสำรอง,3,90,12,17,<80;80;80;80;80;80>,{},{1=20;2=20;3=20;4=20;5=20;6=20;7=20;8=20;9=20;10=20},{defence=31;specialDefence=31;speed=31;hp=31;damage=31;specialDamage=31},TRUE,16,5,90,5,,,,,,,,,,,,,,,,,,,,,
4131,,4131,4131,备用卡牌,備用卡牌,Spare Card,Thẻ Dự Phòng,예비 카드,Carta Reserva,การ์ดสำรอง,3,90,12,17,<80;80;80;80;80;80>,{},{1=20;2=20;3=20;4=20;5=20;6=20;7=20;8=20;9=20;10=20},{defence=31;specialDefence=31;speed=31;hp=31;damage=31;specialDamage=31},TRUE,16,5,90,5,,,,,,,,,,,,,,,,,,,,,
4132,,4132,4132,备用卡牌,備用卡牌,Spare Card,Thẻ Dự Phòng,예비 카드,Carta Reserva,การ์ดสำรอง,3,90,12,17,<80;80;80;80;80;80>,{},{1=20;2=20;3=20;4=20;5=20;6=20;7=20;8=20;9=20;10=20},{defence=31;specialDefence=31;speed=31;hp=31;damage=31;specialDamage=31},TRUE,16,5,90,5,,,,,,,,,,,,,,,,,,,,,
4171,,4171,4171,备用卡牌,備用卡牌,Spare Card,Thẻ Dự Phòng,예비 카드,Carta Reserva,การ์ดสำรอง,4,90,12,17,<80;80;80;80;80;80>,{},{1=20;2=20;3=20;4=20;5=20;6=20;7=20;8=20;9=20;10=20},{defence=31;specialDefence=31;speed=31;hp=31;damage=31;specialDamage=31},TRUE,16,5,90,5,,,,,,,,,,,,,,,,,,,,,
4172,,4172,4172,备用卡牌,備用卡牌,Spare Card,Thẻ Dự Phòng,예비 카드,Carta Reserva,การ์ดสำรอง,4,90,12,17,<80;80;80;80;80;80>,{},{1=20;2=20;3=20;4=20;5=20;6=20;7=20;8=20;9=20;10=20},{defence=31;specialDefence=31;speed=31;hp=31;damage=31;specialDamage=31},TRUE,16,5,90,5,,,,,,,,,,,,,,,,,,,,,
7001,,7001,7001,备用卡牌,備用卡牌,Spare Card,Thẻ Dự Phòng,예비 카드,Carta Reserva,การ์ดสำรอง,3,90,12,17,<80;80;80;80;80;80>,{},{1=20;2=20;3=20;4=20;5=20;6=20;7=20;8=20;9=20;10=20},{defence=31;specialDefence=31;speed=31;hp=31;damage=31;specialDamage=31},TRUE,16,5,90,5,,,,,,,,,,,,,,,,,,,,,
9001,,9001,9001,备用卡牌,備用卡牌,Spare Card,Thẻ Dự Phòng,예비 카드,Carta Reserva,การ์ดสำรอง,2,90,2,17,<80;80;80;80;80;80>,{},{1=20;2=20;3=20;4=20;5=20;6=20;7=20;8=20;9=20;10=20},{defence=31;specialDefence=31;speed=31;hp=31;damage=31;specialDamage=31},TRUE,16,5,90,5,,,,,,,,,,,,,,,,,,,,,
9002,,9002,9002,备用卡牌,備用卡牌,Spare Card,Thẻ Dự Phòng,예비 카드,Carta Reserva,การ์ดสำรอง,3,90,2,17,<80;80;80;80;80;80>,{},{1=20;2=20;3=20;4=20;5=20;6=20;7=20;8=20;9=20;10=20},{defence=31;specialDefence=31;speed=31;hp=31;damage=31;specialDamage=31},TRUE,16,5,90,5,,,,,,,,,,,,,,,,,,,,,
9003,,9003,9003,备用卡牌,備用卡牌,Spare Card,Thẻ Dự Phòng,예비 카드,Carta Reserva,การ์ดสำรอง,4,90,2,17,<80;80;80;80;80;80>,{},{1=20;2=20;3=20;4=20;5=20;6=20;7=20;8=20;9=20;10=20},{defence=31;specialDefence=31;speed=31;hp=31;damage=31;specialDamage=31},TRUE,16,5,90,5,,,,,,,,,,,,,,,,,,,,,
100001,,753,0,副本1_玩家卡2,副本1_玩家卡2,Dungeon1_PlayerCard2,Phó bản 1_Thẻ người chơi 2,던전1_플레이어카드2,Masmorra1_CartaJogador2,ดันเจี้ยน1_การ์ดผู้เล่น2,3,90,12,17,<80;80;80;80;80;80>,{},{1=20;2=20;3=20;4=20;5=20;6=20;7=20;8=20;9=20;10=20},{defence=31;specialDefence=31;speed=31;hp=31;damage=31;specialDamage=31},TRUE,16,5,90,5,100%,100%,100%,100%,100%,100%,100%,100%,100%,100%,100%,100%,100%,100%,100%,100%,100%,100%,100%,100%,
100002,,3303,0,副本1_玩家卡2,副本1_玩家卡2,Dungeon1_PlayerCard2,Phó bản 1_Thẻ người chơi 2,던전1_플레이어카드2,Masmorra1_CartaJogador2,ดันเจี้ยน1_การ์ดผู้เล่น2,3,90,12,17,<80;80;80;80;80;80>,{},{1=20;2=20;3=20;4=20;5=20;6=20;7=20;8=20;9=20;10=20},{defence=31;specialDefence=31;speed=31;hp=31;damage=31;specialDamage=31},TRUE,16,5,90,5,100%,100%,100%,100%,100%,100%,100%,100%,100%,100%,100%,100%,100%,100%,100%,100%,100%,100%,100%,100%,
100003,,1253,0,副本1_玩家卡3,副本1_玩家卡3,Dungeon1_PlayerCard3,Phó bản 1_Thẻ người chơi 3,던전1_플레이어카드3,Masmorra1_CartaJogador3,ดันเจี้ยน1_การ์ดผู้เล่น3,3,90,12,17,<80;80;80;80;80;80>,{},{1=20;2=20;3=20;4=20;5=20;6=20;7=20;8=20;9=20;10=20},{defence=31;specialDefence=31;speed=31;hp=31;damage=31;specialDamage=31},TRUE,16,5,90,5,100%,100%,100%,100%,100%,100%,100%,100%,100%,100%,100%,100%,100%,100%,100%,100%,100%,100%,100%,100%,
100004,,1303,0,副本1_玩家卡4,副本1_玩家卡4,Dungeon1_PlayerCard4,Phó bản 1_Thẻ người chơi 4,던전1_플레이어카드4,Masmorra1_CartaJogador4,ดันเจี้ยน1_การ์ดผู้เล่น4,3,90,12,17,<80;80;80;80;80;80>,{},{1=20;2=20;3=20;4=20;5=20;6=20;7=20;8=20;9=20;10=20},{defence=31;specialDefence=31;speed=31;hp=31;damage=31;specialDamage=31},TRUE,16,5,90,5,100%,100%,100%,100%,100%,100%,100%,100%,100%,100%,100%,100%,100%,100%,100%,100%,100%,100%,100%,100%,
100005,,1503,0,副本1_玩家卡5,副本1_玩家卡5,Dungeon1_PlayerCard5,Phó bản 1_Thẻ người chơi 5,던전1_플레이어카드5,Masmorra1_CartaJogador5,ดันเจี้ยน1_การ์ดผู้เล่น5,3,90,12,17,<80;80;80;80;80;80>,{},{1=20;2=20;3=20;4=20;5=20;6=20;7=20;8=20;9=20;10=20},{defence=31;specialDefence=31;speed=31;hp=31;damage=31;specialDamage=31},TRUE,16,5,90,5,100%,100%,100%,100%,100%,100%,100%,100%,100%,100%,100%,100%,100%,100%,100%,100%,100%,100%,100%,100%,
100006,,631,0,副本1_玩家卡6,副本1_玩家卡6,Dungeon1_PlayerCard6,Phó bản 1_Thẻ người chơi 6,던전1_플레이어카드6,Masmorra1_CartaJogador6,ดันเจี้ยน1_การ์ดผู้เล่น6,3,90,12,17,<80;80;80;80;80;80>,{},{1=20;2=20;3=20;4=20;5=20;6=20;7=20;8=20;9=20;10=20},{defence=31;specialDefence=31;speed=31;hp=31;damage=31;specialDamage=31},TRUE,16,5,90,5,100%,100%,100%,100%,100%,100%,100%,100%,100%,100%,100%,100%,100%,100%,100%,100%,100%,100%,100%,100%,
100007,,333,0,副本1_玩家卡7,副本1_玩家卡7,Dungeon1_PlayerCard7,Phó bản 1_Thẻ người chơi 7,던전1_플레이어카드7,Masmorra1_CartaJogador7,ดันเจี้ยน1_การ์ดผู้เล่น7,3,90,12,17,<80;80;80;80;80;80>,{},{1=20;2=20;3=20;4=20;5=20;6=20;7=20;8=20;9=20;10=20},{defence=31;specialDefence=31;speed=31;hp=31;damage=31;specialDamage=31},TRUE,16,5,90,5,100%,100%,100%,100%,100%,100%,100%,100%,100%,100%,100%,100%,100%,100%,100%,100%,100%,100%,100%,100%,
100008,,24,0,副本1_玩家卡8,副本1_玩家卡8,Dungeon1_PlayerCard8,Phó bản 1_Thẻ người chơi 8,던전1_플레이어카드8,Masmorra1_CartaJogador8,ดันเจี้ยน1_การ์ดผู้เล่น8,3,90,12,17,<80;80;80;80;80;80>,{},{1=20;2=20;3=20;4=20;5=20;6=20;7=20;8=20;9=20;10=20},{defence=31;specialDefence=31;speed=31;hp=31;damage=31;specialDamage=31},TRUE,16,5,90,5,100%,100%,100%,100%,100%,100%,100%,100%,100%,100%,100%,100%,100%,100%,100%,100%,100%,100%,100%,100%,
100009,,641,0,副本1_玩家卡9,副本1_玩家卡9,Dungeon1_PlayerCard9,Phó bản 1_Thẻ người chơi 9,던전1_플레이어카드9,Masmorra1_CartaJogador9,ดันเจี้ยน1_การ์ดผู้เล่น9,3,90,12,17,<80;80;80;80;80;80>,{},{1=20;2=20;3=20;4=20;5=20;6=20;7=20;8=20;9=20;10=20},{defence=31;specialDefence=31;speed=31;hp=31;damage=31;specialDamage=31},TRUE,16,5,90,5,100%,100%,100%,100%,100%,100%,100%,100%,100%,100%,100%,100%,100%,100%,100%,100%,100%,100%,100%,100%,
100010,,1931,0,副本1_玩家卡10,副本1_玩家卡10,Dungeon1_PlayerCard10,Phó bản 1_Thẻ người chơi 10,던전1_플레이어카드10,Masmorra1_CartaJogador10,ดันเจี้ยน1_การ์ดผู้เล่น10,3,90,12,17,<80;80;80;80;80;80>,{},{1=20;2=20;3=20;4=20;5=20;6=20;7=20;8=20;9=20;10=20},{defence=31;specialDefence=31;speed=31;hp=31;damage=31;specialDamage=31},TRUE,16,5,90,5,100%,100%,100%,100%,100%,100%,100%,100%,100%,100%,100%,100%,100%,100%,100%,100%,100%,100%,100%,100%,
100011,,3592,0,副本1_玩家卡11,副本1_玩家卡11,Dungeon1_PlayerCard11,Phó bản 1_Thẻ người chơi 11,던전1_플레이어카드11,Masmorra1_CartaJogador11,ดันเจี้ยน1_การ์ดผู้เล่น11,3,90,12,17,<80;80;80;80;80;80>,{},{1=20;2=20;3=20;4=20;5=20;6=20;7=20;8=20;9=20;10=20},{defence=31;specialDefence=31;speed=31;hp=31;damage=31;specialDamage=31},TRUE,16,5,90,5,100%,100%,100%,100%,100%,100%,100%,100%,100%,100%,100%,100%,100%,100%,100%,100%,100%,100%,100%,100%,
100012,,3543,0,副本1_玩家卡12,副本1_玩家卡12,Dungeon1_PlayerCard12,Phó bản 1_Thẻ người chơi 12,던전1_플레이어카드12,Masmorra1_CartaJogador12,ดันเจี้ยน1_การ์ดผู้เล่น12,3,90,12,17,<80;80;80;80;80;80>,{},{1=20;2=20;3=20;4=20;5=20;6=20;7=20;8=20;9=20;10=20},{defence=31;specialDefence=31;speed=31;hp=31;damage=31;specialDamage=31},TRUE,16,5,90,5,100%,100%,100%,100%,100%,100%,100%,100%,100%,100%,100%,100%,100%,100%,100%,100%,100%,100%,100%,100%,
100013,,3413,0,副本1_玩家卡13,副本1_玩家卡13,Dungeon1_PlayerCard13,Phó bản 1_Thẻ người chơi 13,던전1_플레이어카드13,Masmorra1_CartaJogador13,ดันเจี้ยน1_การ์ดผู้เล่น13,3,90,12,17,<80;80;80;80;80;80>,{},{1=20;2=20;3=20;4=20;5=20;6=20;7=20;8=20;9=20;10=20},{defence=31;specialDefence=31;speed=31;hp=31;damage=31;specialDamage=31},TRUE,16,5,90,5,100%,100%,100%,100%,100%,100%,100%,100%,100%,100%,100%,100%,100%,100%,100%,100%,100%,100%,100%,100%,
100101,,593,0,副本2_玩家卡1,副本2_玩家卡1,Dungeon2_PlayerCard1,Phó bản 2_Thẻ người chơi 1,던전2_플레이어카드1,Masmorra2_CartaJogador1,ดันเจี้ยน2_การ์ดผู้เล่น1,3,90,12,17,<80;80;80;80;80;80>,{},{1=20;2=20;3=20;4=20;5=20;6=20;7=20;8=20;9=20;10=20},{defence=31;specialDefence=31;speed=31;hp=31;damage=31;specialDamage=31},TRUE,16,5,90,5,120%,120%,120%,120%,120%,120%,100%,100%,100%,100%,100%,100%,100%,100%,100%,100%,100%,100%,100%,100%,
100102,,1241,0,副本2_玩家卡2,副本2_玩家卡2,Dungeon2_PlayerCard2,Phó bản 2_Thẻ người chơi 2,던전2_플레이어카드2,Masmorra2_CartaJogador2,ดันเจี้ยน2_การ์ดผู้เล่น2,3,90,12,17,<80;80;80;80;80;80>,{},{1=20;2=20;3=20;4=20;5=20;6=20;7=20;8=20;9=20;10=20},{defence=31;specialDefence=31;speed=31;hp=31;damage=31;specialDamage=31},TRUE,16,5,90,5,100%,100%,100%,100%,100%,100%,100%,100%,100%,100%,100%,100%,100%,100%,100%,100%,100%,100%,100%,100%,
100103,,641,0,副本2_玩家卡3,副本2_玩家卡3,Dungeon2_PlayerCard3,Phó bản 2_Thẻ người chơi 3,던전2_플레이어카드3,Masmorra2_CartaJogador3,ดันเจี้ยน2_การ์ดผู้เล่น3,3,90,12,17,<80;80;80;80;80;80>,{},{1=20;2=20;3=20;4=20;5=20;6=20;7=20;8=20;9=20;10=20},{defence=31;specialDefence=31;speed=31;hp=31;damage=31;specialDamage=31},TRUE,16,5,90,5,100%,100%,100%,100%,100%,100%,100%,100%,100%,100%,100%,100%,100%,100%,100%,100%,100%,100%,100%,100%,
100104,,3303,0,副本2_玩家卡4,副本2_玩家卡4,Dungeon2_PlayerCard4,Phó bản 2_Thẻ người chơi 4,던전2_플레이어카드4,Masmorra2_CartaJogador4,ดันเจี้ยน2_การ์ดผู้เล่น4,3,90,12,17,<80;80;80;80;80;80>,{},{1=20;2=20;3=20;4=20;5=20;6=20;7=20;8=20;9=20;10=20},{defence=31;specialDefence=31;speed=31;hp=31;damage=31;specialDamage=31},TRUE,16,5,90,5,100%,100%,100%,100%,100%,100%,100%,100%,100%,100%,100%,100%,100%,100%,100%,100%,100%,100%,100%,100%,
100105,,394,0,副本2_玩家卡5,副本2_玩家卡5,Dungeon2_PlayerCard5,Phó bản 2_Thẻ người chơi 5,던전2_플레이어카드5,Masmorra2_CartaJogador5,ดันเจี้ยน2_การ์ดผู้เล่น5,3,90,12,17,<80;80;80;80;80;80>,{},{1=20;2=20;3=20;4=20;5=20;6=20;7=20;8=20;9=20;10=20},{defence=31;specialDefence=31;speed=31;hp=31;damage=31;specialDamage=31},TRUE,16,5,90,5,100%,100%,100%,100%,100%,100%,100%,100%,100%,100%,100%,100%,100%,100%,100%,100%,100%,100%,100%,100%,
100106,,333,0,副本2_玩家卡6,副本2_玩家卡6,Dungeon2_PlayerCard6,Phó bản 2_Thẻ người chơi 6,던전2_플레이어카드6,Masmorra2_CartaJogador6,ดันเจี้ยน2_การ์ดผู้เล่น6,3,90,12,17,<80;80;80;80;80;80>,{},{1=20;2=20;3=20;4=20;5=20;6=20;7=20;8=20;9=20;10=20},{defence=31;specialDefence=31;speed=31;hp=31;damage=31;specialDamage=31},TRUE,16,5,90,5,100%,100%,100%,100%,100%,100%,100%,100%,100%,100%,100%,100%,100%,100%,100%,100%,100%,100%,100%,100%,
100107,,2242,0,副本2_玩家卡7,副本2_玩家卡7,Dungeon2_PlayerCard7,Phó bản 2_Thẻ người chơi 7,던전2_플레이어카드7,Masmorra2_CartaJogador7,ดันเจี้ยน2_การ์ดผู้เล่น7,3,90,12,17,<80;80;80;80;80;80>,{},{1=20;2=20;3=20;4=20;5=20;6=20;7=20;8=20;9=20;10=20},{defence=31;specialDefence=31;speed=31;hp=31;damage=31;specialDamage=31},TRUE,16,5,90,5,100%,100%,100%,100%,100%,100%,100%,100%,100%,100%,100%,100%,100%,100%,100%,100%,100%,100%,100%,100%,
100108,,2401,0,副本2_玩家卡8,副本2_玩家卡8,Dungeon2_PlayerCard8,Phó bản 2_Thẻ người chơi 8,던전2_플레이어카드8,Masmorra2_CartaJogador8,ดันเจี้ยน2_การ์ดผู้เล่น8,3,90,12,17,<80;80;80;80;80;80>,{},{1=20;2=20;3=20;4=20;5=20;6=20;7=20;8=20;9=20;10=20},{defence=31;specialDefence=31;speed=31;hp=31;damage=31;specialDamage=31},TRUE,16,5,90,5,100%,100%,100%,100%,100%,100%,100%,100%,100%,100%,100%,100%,100%,100%,100%,100%,100%,100%,100%,100%,
100109,,2993,0,副本2_玩家卡9,副本2_玩家卡9,Dungeon2_PlayerCard9,Phó bản 2_Thẻ người chơi 9,던전2_플레이어카드9,Masmorra2_CartaJogador9,ดันเจี้ยน2_การ์ดผู้เล่น9,3,90,12,17,<80;80;80;80;80;80>,{},{1=20;2=20;3=20;4=20;5=20;6=20;7=20;8=20;9=20;10=20},{defence=31;specialDefence=31;speed=31;hp=31;damage=31;specialDamage=31},TRUE,16,5,90,5,100%,100%,100%,100%,100%,100%,100%,100%,100%,100%,100%,100%,100%,100%,100%,100%,100%,100%,100%,100%,
100110,,731,0,副本2_玩家卡10,副本2_玩家卡10,Dungeon2_PlayerCard10,Phó bản 2_Thẻ người chơi 10,던전2_플레이어카드10,Masmorra2_CartaJogador10,ดันเจี้ยน2_การ์ดผู้เล่น10,3,90,12,17,<80;80;80;80;80;80>,{},{1=20;2=20;3=20;4=20;5=20;6=20;7=20;8=20;9=20;10=20},{defence=31;specialDefence=31;speed=31;hp=31;damage=31;specialDamage=31},TRUE,16,5,90,5,100%,100%,100%,100%,100%,100%,100%,100%,100%,100%,100%,100%,100%,100%,100%,100%,100%,100%,100%,100%,
100113,,1612,0,副本2_玩家卡11,副本2_玩家卡11,Dungeon2_PlayerCard11,Phó bản 2_Thẻ người chơi 11,던전2_플레이어카드11,Masmorra2_CartaJogador11,ดันเจี้ยน2_การ์ดผู้เล่น11,3,90,12,17,<80;80;80;80;80;80>,{},{1=20;2=20;3=20;4=20;5=20;6=20;7=20;8=20;9=20;10=20},{defence=31;specialDefence=31;speed=31;hp=31;damage=31;specialDamage=31},TRUE,16,5,90,5,100%,100%,100%,100%,100%,100%,100%,100%,100%,100%,100%,100%,100%,100%,100%,100%,100%,100%,100%,100%,
100115,,1303,0,副本2_玩家卡12,副本2_玩家卡12,Dungeon2_PlayerCard12,Phó bản 2_Thẻ người chơi 12,던전2_플레이어카드12,Masmorra2_CartaJogador12,ดันเจี้ยน2_การ์ดผู้เล่น12,3,90,12,17,<80;80;80;80;80;80>,{},{1=20;2=20;3=20;4=20;5=20;6=20;7=20;8=20;9=20;10=20},{defence=31;specialDefence=31;speed=31;hp=31;damage=31;specialDamage=31},TRUE,16,5,90,5,100%,100%,100%,100%,100%,100%,100%,100%,100%,100%,100%,100%,100%,100%,100%,100%,100%,100%,100%,100%,
100118,,1313,0,副本2_玩家卡13,副本2_玩家卡13,Dungeon2_PlayerCard13,Phó bản 2_Thẻ người chơi 13,던전2_플레이어카드13,Masmorra2_CartaJogador13,ดันเจี้ยน2_การ์ดผู้เล่น13,3,90,12,17,<80;80;80;80;80;80>,{},{1=20;2=20;3=20;4=20;5=20;6=20;7=20;8=20;9=20;10=20},{defence=31;specialDefence=31;speed=31;hp=31;damage=31;specialDamage=31},TRUE,16,5,90,5,100%,100%,100%,100%,100%,100%,100%,100%,100%,100%,100%,100%,100%,100%,100%,100%,100%,100%,100%,100%,
100119,,552,0,副本2_玩家卡14,副本2_玩家卡14,Dungeon2_PlayerCard14,Phó bản 2_Thẻ người chơi 14,던전2_플레이어카드14,Masmorra2_CartaJogador14,ดันเจี้ยน2_การ์ดผู้เล่น14,3,90,12,17,<80;80;80;80;80;80>,{},{1=20;2=20;3=20;4=20;5=20;6=20;7=20;8=20;9=20;10=20},{defence=31;specialDefence=31;speed=31;hp=31;damage=31;specialDamage=31},TRUE,16,5,90,5,100%,100%,100%,100%,100%,100%,100%,100%,100%,100%,100%,100%,100%,100%,100%,100%,100%,100%,100%,100%,
100201,,761,0,副本3_玩家卡1,副本3_玩家卡1,Dungeon3_PlayerCard1,Phó bản 3_Thẻ người chơi 1,던전3_플레이어카드1,Masmorra3_CartaJogador1,ดันเจี้ยน3_การ์ดผู้เล่น1,4,90,12,17,<80;80;80;80;80;80>,{},{1=20;2=20;3=20;4=20;5=20;6=20;7=20;8=20;9=20;10=20},{defence=31;specialDefence=31;speed=31;hp=31;damage=31;specialDamage=31},TRUE,16,5,90,5,100%,100%,100%,100%,100%,100%,100%,100%,100%,100%,100%,100%,100%,100%,100%,100%,100%,100%,100%,100%,
100202,,1271,0,副本3_玩家卡2,副本3_玩家卡2,Dungeon3_PlayerCard2,Phó bản 3_Thẻ người chơi 2,던전3_플레이어카드2,Masmorra3_CartaJogador2,ดันเจี้ยน3_การ์ดผู้เล่น2,4,90,12,17,<80;80;80;80;80;80>,{},{1=20;2=20;3=20;4=20;5=20;6=20;7=20;8=20;9=20;10=20},{defence=31;specialDefence=31;speed=31;hp=31;damage=31;specialDamage=31},TRUE,16,5,90,5,100%,100%,100%,100%,100%,100%,100%,100%,100%,100%,100%,100%,100%,100%,100%,100%,100%,100%,100%,100%,
100203,,1961,0,副本3_玩家卡3,副本3_玩家卡3,Dungeon3_PlayerCard3,Phó bản 3_Thẻ người chơi 3,던전3_플레이어카드3,Masmorra3_CartaJogador3,ดันเจี้ยน3_การ์ดผู้เล่น3,4,90,12,17,<80;80;80;80;80;80>,{},{1=20;2=20;3=20;4=20;5=20;6=20;7=20;8=20;9=20;10=20},{defence=31;specialDefence=31;speed=31;hp=31;damage=31;specialDamage=31},TRUE,16,5,90,5,100%,100%,100%,100%,100%,100%,100%,100%,100%,100%,100%,100%,100%,100%,100%,100%,100%,100%,100%,100%,
100204,,3211,0,副本3_玩家卡4,副本3_玩家卡4,Dungeon3_PlayerCard4,Phó bản 3_Thẻ người chơi 4,던전3_플레이어카드4,Masmorra3_CartaJogador4,ดันเจี้ยน3_การ์ดผู้เล่น4,4,90,12,17,<80;80;80;80;80;80>,{},{1=20;2=20;3=20;4=20;5=20;6=20;7=20;8=20;9=20;10=20},{defence=31;specialDefence=31;speed=31;hp=31;damage=31;specialDamage=31},TRUE,16,5,90,5,100%,100%,100%,100%,100%,100%,100%,100%,100%,100%,100%,100%,100%,100%,100%,100%,100%,100%,100%,100%,
100205,,1971,0,副本3_玩家卡5,副本3_玩家卡5,Dungeon3_PlayerCard5,Phó bản 3_Thẻ người chơi 5,던전3_플레이어카드5,Masmorra3_CartaJogador5,ดันเจี้ยน3_การ์ดผู้เล่น5,4,90,12,17,<80;80;80;80;80;80>,{},{1=20;2=20;3=20;4=20;5=20;6=20;7=20;8=20;9=20;10=20},{defence=31;specialDefence=31;speed=31;hp=31;damage=31;specialDamage=31},TRUE,16,5,90,5,100%,100%,100%,100%,100%,100%,100%,100%,100%,100%,100%,100%,100%,100%,100%,100%,100%,100%,100%,100%,
100206,,2361,0,副本3_玩家卡6,副本3_玩家卡6,Dungeon3_PlayerCard6,Phó bản 3_Thẻ người chơi 6,던전3_플레이어카드6,Masmorra3_CartaJogador6,ดันเจี้ยน3_การ์ดผู้เล่น6,4,90,12,17,<80;80;80;80;80;80>,{},{1=20;2=20;3=20;4=20;5=20;6=20;7=20;8=20;9=20;10=20},{defence=31;specialDefence=31;speed=31;hp=31;damage=31;specialDamage=31},TRUE,16,5,90,5,100%,100%,100%,100%,100%,100%,100%,100%,100%,100%,100%,100%,100%,100%,100%,100%,100%,100%,100%,100%,
100207,,3241,0,副本3_玩家卡7,副本3_玩家卡7,Dungeon3_PlayerCard7,Phó bản 3_Thẻ người chơi 7,던전3_플레이어카드7,Masmorra3_CartaJogador7,ดันเจี้ยน3_การ์ดผู้เล่น7,4,90,12,17,<80;80;80;80;80;80>,{},{1=20;2=20;3=20;4=20;5=20;6=20;7=20;8=20;9=20;10=20},{defence=31;specialDefence=31;speed=31;hp=31;damage=31;specialDamage=31},TRUE,16,5,90,5,100%,100%,100%,100%,100%,100%,100%,100%,100%,100%,100%,100%,100%,100%,100%,100%,100%,100%,100%,100%,
100208,,3631,0,副本3_玩家卡8,副本3_玩家卡8,Dungeon3_PlayerCard8,Phó bản 3_Thẻ người chơi 8,던전3_플레이어카드8,Masmorra3_CartaJogador8,ดันเจี้ยน3_การ์ดผู้เล่น8,4,90,12,17,<80;80;80;80;80;80>,{},{1=20;2=20;3=20;4=20;5=20;6=20;7=20;8=20;9=20;10=20},{defence=31;specialDefence=31;speed=31;hp=31;damage=31;specialDamage=31},TRUE,16,5,90,5,100%,100%,100%,100%,100%,100%,100%,100%,100%,100%,100%,100%,100%,100%,100%,100%,100%,100%,100%,100%,
100209,,4172,0,副本3_玩家卡9,副本3_玩家卡9,Dungeon3_PlayerCard9,Phó bản 3_Thẻ người chơi 9,던전3_플레이어카드9,Masmorra3_CartaJogador9,ดันเจี้ยน3_การ์ดผู้เล่น9,4,90,12,17,<80;80;80;80;80;80>,{},{1=20;2=20;3=20;4=20;5=20;6=20;7=20;8=20;9=20;10=20},{defence=31;specialDefence=31;speed=31;hp=31;damage=31;specialDamage=31},TRUE,16,5,90,5,100%,100%,100%,100%,100%,100%,100%,100%,100%,100%,100%,100%,100%,100%,100%,100%,100%,100%,100%,100%,
100210,,3221,0,副本3_玩家卡10,副本3_玩家卡10,Dungeon3_PlayerCard10,Phó bản 3_Thẻ người chơi 10,던전3_플레이어카드10,Masmorra3_CartaJogador10,ดันเจี้ยน3_การ์ดผู้เล่น10,4,90,12,17,<80;80;80;80;80;80>,{},{1=20;2=20;3=20;4=20;5=20;6=20;7=20;8=20;9=20;10=20},{defence=31;specialDefence=31;speed=31;hp=31;damage=31;specialDamage=31},TRUE,16,5,90,5,100%,100%,100%,100%,100%,100%,100%,100%,100%,100%,100%,100%,100%,100%,100%,100%,100%,100%,100%,100%,
100211,,1261,0,副本3_玩家卡11,副本3_玩家卡11,Dungeon3_PlayerCard11,Phó bản 3_Thẻ người chơi 11,던전3_플레이어카드11,Masmorra3_CartaJogador11,ดันเจี้ยน3_การ์ดผู้เล่น11,4,90,12,17,<80;80;80;80;80;80>,{},{1=20;2=20;3=20;4=20;5=20;6=20;7=20;8=20;9=20;10=20},{defence=31;specialDefence=31;speed=31;hp=31;damage=31;specialDamage=31},TRUE,16,5,90,5,100%,100%,100%,100%,100%,100%,100%,100%,100%,100%,100%,100%,100%,100%,100%,100%,100%,100%,100%,100%,
100212,,1981,0,副本3_玩家卡12,副本3_玩家卡12,Dungeon3_PlayerCard12,Phó bản 3_Thẻ người chơi 12,던전3_플레이어카드12,Masmorra3_CartaJogador12,ดันเจี้ยน3_การ์ดผู้เล่น12,4,90,12,17,<80;80;80;80;80;80>,{},{1=20;2=20;3=20;4=20;5=20;6=20;7=20;8=20;9=20;10=20},{defence=31;specialDefence=31;speed=31;hp=31;damage=31;specialDamage=31},TRUE,16,5,90,5,100%,100%,100%,100%,100%,100%,100%,100%,100%,100%,100%,100%,100%,100%,100%,100%,100%,100%,100%,100%,
100301,,641,0,副本4_玩家卡1,副本4_玩家卡1,Dungeon4_PlayerCard1,Phó bản 4_Thẻ người chơi 1,던전4_플레이어카드1,Masmorra4_CartaJogador1,ดันเจี้ยน4_การ์ดผู้เล่น1,3,90,12,17,<80;80;80;80;80;80>,{},{1=20;2=20;3=20;4=20;5=20;6=20;7=20;8=20;9=20;10=20},{defence=31;specialDefence=31;speed=31;hp=31;damage=31;specialDamage=31},TRUE,16,5,90,5,100%,100%,100%,100%,100%,100%,100%,100%,100%,100%,100%,100%,100%,100%,100%,100%,100%,100%,100%,100%,
100302,,3353,0,副本4_玩家卡2,副本4_玩家卡2,Dungeon4_PlayerCard2,Phó bản 4_Thẻ người chơi 2,던전4_플레이어카드2,Masmorra4_CartaJogador2,ดันเจี้ยน4_การ์ดผู้เล่น2,3,90,12,17,<80;80;80;80;80;80>,{},{1=20;2=20;3=20;4=20;5=20;6=20;7=20;8=20;9=20;10=20},{defence=31;specialDefence=31;speed=31;hp=31;damage=31;specialDamage=31},TRUE,16,5,90,5,100%,100%,100%,100%,100%,100%,100%,100%,100%,100%,100%,100%,100%,100%,100%,100%,100%,100%,100%,100%,
100303,,2401,0,副本4_玩家卡3,副本4_玩家卡3,Dungeon4_PlayerCard3,Phó bản 4_Thẻ người chơi 3,던전4_플레이어카드3,Masmorra4_CartaJogador3,ดันเจี้ยน4_การ์ดผู้เล่น3,3,90,12,17,<80;80;80;80;80;80>,{},{1=20;2=20;3=20;4=20;5=20;6=20;7=20;8=20;9=20;10=20},{defence=31;specialDefence=31;speed=31;hp=31;damage=31;specialDamage=31},TRUE,16,5,90,5,100%,100%,100%,100%,100%,100%,100%,100%,100%,100%,100%,100%,100%,100%,100%,100%,100%,100%,100%,100%,
100304,,1303,0,副本4_玩家卡4,副本4_玩家卡4,Dungeon4_PlayerCard4,Phó bản 4_Thẻ người chơi 4,던전4_플레이어카드4,Masmorra4_CartaJogador4,ดันเจี้ยน4_การ์ดผู้เล่น4,3,90,12,17,<80;80;80;80;80;80>,{},{1=20;2=20;3=20;4=20;5=20;6=20;7=20;8=20;9=20;10=20},{defence=31;specialDefence=31;speed=31;hp=31;damage=31;specialDamage=31},TRUE,16,5,90,5,100%,100%,100%,100%,100%,100%,100%,100%,100%,100%,100%,100%,100%,100%,100%,100%,100%,100%,100%,100%,
100305,,603,0,副本4_玩家卡5,副本4_玩家卡5,Dungeon4_PlayerCard5,Phó bản 4_Thẻ người chơi 5,던전4_플레이어카드5,Masmorra4_CartaJogador5,ดันเจี้ยน4_การ์ดผู้เล่น5,3,90,12,17,<80;80;80;80;80;80>,{},{1=20;2=20;3=20;4=20;5=20;6=20;7=20;8=20;9=20;10=20},{defence=31;specialDefence=31;speed=31;hp=31;damage=31;specialDamage=31},TRUE,16,5,90,5,100%,100%,100%,100%,100%,100%,100%,100%,100%,100%,100%,100%,100%,100%,100%,100%,100%,100%,100%,100%,
100306,,2993,0,副本4_玩家卡6,副本4_玩家卡6,Dungeon4_PlayerCard6,Phó bản 4_Thẻ người chơi 6,던전4_플레이어카드6,Masmorra4_CartaJogador6,ดันเจี้ยน4_การ์ดผู้เล่น6,3,90,12,17,<80;80;80;80;80;80>,{},{1=20;2=20;3=20;4=20;5=20;6=20;7=20;8=20;9=20;10=20},{defence=31;specialDefence=31;speed=31;hp=31;damage=31;specialDamage=31},TRUE,16,5,90,5,100%,100%,100%,100%,100%,100%,100%,100%,100%,100%,100%,100%,100%,100%,100%,100%,100%,100%,100%,100%,
100307,,572,0,副本4_玩家卡7,副本4_玩家卡7,Dungeon4_PlayerCard7,Phó bản 4_Thẻ người chơi 7,던전4_플레이어카드7,Masmorra4_CartaJogador7,ดันเจี้ยน4_การ์ดผู้เล่น7,3,90,12,17,<80;80;80;80;80;80>,{},{1=20;2=20;3=20;4=20;5=20;6=20;7=20;8=20;9=20;10=20},{defence=31;specialDefence=31;speed=31;hp=31;damage=31;specialDamage=31},TRUE,16,5,90,5,100%,100%,100%,100%,100%,100%,100%,100%,100%,100%,100%,100%,100%,100%,100%,100%,100%,100%,100%,100%,
100308,,701,0,副本4_玩家卡8,副本4_玩家卡8,Dungeon4_PlayerCard8,Phó bản 4_Thẻ người chơi 8,던전4_플레이어카드8,Masmorra4_CartaJogador8,ดันเจี้ยน4_การ์ดผู้เล่น8,3,90,12,17,<80;80;80;80;80;80>,{},{1=20;2=20;3=20;4=20;5=20;6=20;7=20;8=20;9=20;10=20},{defence=31;specialDefence=31;speed=31;hp=31;damage=31;specialDamage=31},TRUE,16,5,90,5,100%,100%,100%,100%,100%,100%,100%,100%,100%,100%,100%,100%,100%,100%,100%,100%,100%,100%,100%,100%,
100309,,1813,0,副本4_玩家卡9,副本4_玩家卡9,Dungeon4_PlayerCard9,Phó bản 4_Thẻ người chơi 9,던전4_플레이어카드9,Masmorra4_CartaJogador9,ดันเจี้ยน4_การ์ดผู้เล่น9,3,90,12,17,<80;80;80;80;80;80>,{},{1=20;2=20;3=20;4=20;5=20;6=20;7=20;8=20;9=20;10=20},{defence=31;specialDefence=31;speed=31;hp=31;damage=31;specialDamage=31},TRUE,16,5,90,5,100%,100%,100%,100%,100%,100%,100%,100%,100%,100%,100%,100%,100%,100%,100%,100%,100%,100%,100%,100%,
100310,,753,0,副本4_玩家卡10,副本4_玩家卡10,Dungeon4_PlayerCard10,Phó bản 4_Thẻ người chơi 10,던전4_플레이어카드10,Masmorra4_CartaJogador10,ดันเจี้ยน4_การ์ดผู้เล่น10,3,90,12,17,<80;80;80;80;80;80;80>,{},{1=20;2=20;3=20;4=20;5=20;6=20;7=20;8=20;9=20;10=20},{defence=31;specialDefence=31;speed=31;hp=31;damage=31;specialDamage=31},TRUE,16,5,90,5,100%,100%,100%,100%,100%,100%,100%,100%,100%,100%,100%,100%,100%,100%,100%,100%,100%,100%,100%,100%,
100311,,1241,0,副本4_玩家卡11,副本4_玩家卡11,Dungeon4_PlayerCard11,Phó bản 4_Thẻ người chơi 11,던전4_플레이어카드11,Masmorra4_CartaJogador11,ดันเจี้ยน4_การ์ดผู้เล่น11,3,90,12,17,<80;80;80;80;80;80>,{},{1=20;2=20;3=20;4=20;5=20;6=20;7=20;8=20;9=20;10=20},{defence=31;specialDefence=31;speed=31;hp=31;damage=31;specialDamage=31},TRUE,16,5,90,5,100%,100%,100%,100%,100%,100%,100%,100%,100%,100%,100%,100%,100%,100%,100%,100%,100%,100%,100%,100%,
100313,,3303,0,副本4_玩家卡12,副本4_玩家卡12,Dungeon4_PlayerCard12,Phó bản 4_Thẻ người chơi 12,던전4_플레이어카드12,Masmorra4_CartaJogador12,ดันเจี้ยน4_การ์ดผู้เล่น12,3,90,12,17,<80;80;80;80;80;80>,{},{1=20;2=20;3=20;4=20;5=20;6=20;7=20;8=20;9=20;10=20},{defence=31;specialDefence=31;speed=31;hp=31;damage=31;specialDamage=31},TRUE,16,5,90,5,100%,100%,100%,100%,100%,100%,100%,100%,100%,100%,100%,100%,100%,100%,100%,100%,100%,100%,100%,100%,
100316,,741,0,副本4_玩家卡13,副本4_玩家卡13,Dungeon4_PlayerCard13,Phó bản 4_Thẻ người chơi 13,던전4_플레이어카드13,Masmorra4_CartaJogador13,ดันเจี้ยน4_การ์ดผู้เล่น13,3,90,12,17,<80;80;80;80;80;80>,{},{1=20;2=20;3=20;4=20;5=20;6=20;7=20;8=20;9=20;10=20},{defence=31;specialDefence=31;speed=31;hp=31;damage=31;specialDamage=31},TRUE,16,5,90,5,100%,100%,100%,100%,100%,100%,100%,100%,100%,100%,100%,100%,100%,100%,100%,100%,100%,100%,100%,100%,
100318,,1253,0,副本4_玩家卡14,副本4_玩家卡14,Dungeon4_PlayerCard14,Phó bản 4_Thẻ người chơi 14,던전4_플레이어카드14,Masmorra4_CartaJogador14,ดันเจี้ยน4_การ์ดผู้เล่น14,3,90,12,17,<80;80;80;80;80;80>,{},{1=20;2=20;3=20;4=20;5=20;6=20;7=20;8=20;9=20;10=20},{defence=31;specialDefence=31;speed=31;hp=31;damage=31;specialDamage=31},TRUE,16,5,90,5,100%,100%,100%,100%,100%,100%,100%,100%,100%,100%,100%,100%,100%,100%,100%,100%,100%,100%,100%,100%,
100401,,1813,0,副本5_玩家卡1,副本5_玩家卡1,Dungeon5_PlayerCard1,Phó bản 5_Thẻ người chơi 1,던전5_플레이어카드1,Masmorra5_CartaJogador1,ดันเจี้ยน5_การ์ดผู้เล่น1,3,90,12,17,<80;80;80;80;80;80>,{},{1=20;2=20;3=20;4=20;5=20;6=20;7=20;8=20;9=20;10=20},{defence=31;specialDefence=31;speed=31;hp=31;damage=31;specialDamage=31},TRUE,16,5,90,5,100%,100%,100%,100%,100%,100%,100%,100%,100%,100%,100%,100%,100%,100%,100%,100%,100%,100%,100%,100%,
100402,,263,0,副本5_玩家卡2,副本5_玩家卡2,Dungeon5_PlayerCard2,Phó bản 5_Thẻ người chơi 2,던전5_플레이어카드2,Masmorra5_CartaJogador2,ดันเจี้ยน5_การ์ดผู้เล่น2,3,90,12,17,<80;80;80;80;80;80>,{},{1=20;2=20;3=20;4=20;5=20;6=20;7=20;8=20;9=20;10=20},{defence=31;specialDefence=31;speed=31;hp=31;damage=31;specialDamage=31},TRUE,16,5,90,5,100%,100%,100%,100%,100%,100%,100%,100%,100%,100%,100%,100%,100%,100%,100%,100%,100%,100%,100%,100%,
100403,,393,0,副本5_玩家卡3,副本5_玩家卡3,Dungeon5_PlayerCard3,Phó bản 5_Thẻ người chơi 3,던전5_플레이어카드3,Masmorra5_CartaJogador3,ดันเจี้ยน5_การ์ดผู้เล่น3,3,90,12,17,<80;80;80;80;80;80>,{},{1=20;2=20;3=20;4=20;5=20;6=20;7=20;8=20;9=20;10=20},{defence=31;specialDefence=31;speed=31;hp=31;damage=31;specialDamage=31},TRUE,16,5,90,5,100%,100%,100%,100%,100%,100%,100%,100%,100%,100%,100%,100%,100%,100%,100%,100%,100%,100%,100%,100%,
100404,,572,0,副本5_玩家卡4,副本5_玩家卡4,Dungeon5_PlayerCard4,Phó bản 5_Thẻ người chơi 4,던전5_플레이어카드4,Masmorra5_CartaJogador4,ดันเจี้ยน5_การ์ดผู้เล่น4,3,90,12,17,<80;80;80;80;80;80>,{},{1=20;2=20;3=20;4=20;5=20;6=20;7=20;8=20;9=20;10=20},{defence=31;specialDefence=31;speed=31;hp=31;damage=31;specialDamage=31},TRUE,16,5,90,5,100%,100%,100%,100%,100%,100%,100%,100%,100%,100%,100%,100%,100%,100%,100%,100%,100%,100%,100%,100%,
100405,,631,0,副本5_玩家卡5,副本5_玩家卡5,Dungeon5_PlayerCard5,Phó bản 5_Thẻ người chơi 5,던전5_플레이어카드5,Masmorra5_CartaJogador5,ดันเจี้ยน5_การ์ดผู้เล่น5,3,90,12,17,<80;80;80;80;80;80>,{},{1=20;2=20;3=20;4=20;5=20;6=20;7=20;8=20;9=20;10=20},{defence=31;specialDefence=31;speed=31;hp=31;damage=31;specialDamage=31},TRUE,16,5,90,5,100%,100%,100%,100%,100%,100%,100%,100%,100%,100%,100%,100%,100%,100%,100%,100%,100%,100%,100%,100%,
100406,,741,0,副本5_玩家卡6,副本5_玩家卡6,Dungeon5_PlayerCard6,Phó bản 5_Thẻ người chơi 6,던전5_플레이어카드6,Masmorra5_CartaJogador6,ดันเจี้ยน5_การ์ดผู้เล่น6,3,90,12,17,<80;80;80;80;80;80>,{},{1=20;2=20;3=20;4=20;5=20;6=20;7=20;8=20;9=20;10=20},{defence=31;specialDefence=31;speed=31;hp=31;damage=31;specialDamage=31},TRUE,16,5,90,5,100%,100%,100%,100%,100%,100%,100%,100%,100%,100%,100%,100%,100%,100%,100%,100%,100%,100%,100%,100%,
100407,,1303,0,副本5_玩家卡7,副本5_玩家卡7,Dungeon5_PlayerCard7,Phó bản 5_Thẻ người chơi 7,던전5_플레이어카드7,Masmorra5_CartaJogador7,ดันเจี้ยน5_การ์ดผู้เล่น7,3,90,12,17,<80;80;80;80;80;80>,{},{1=20;2=20;3=20;4=20;5=20;6=20;7=20;8=20;9=20;10=20},{defence=31;specialDefence=31;speed=31;hp=31;damage=31;specialDamage=31},TRUE,16,5,90,5,100%,100%,100%,100%,100%,100%,100%,100%,100%,100%,100%,100%,100%,100%,100%,100%,100%,100%,100%,100%,
100408,,1393,0,副本5_玩家卡8,副本5_玩家卡8,Dungeon5_PlayerCard8,Phó bản 5_Thẻ người chơi 8,던전5_플레이어카드8,Masmorra5_CartaJogador8,ดันเจี้ยน5_การ์ดผู้เล่น8,3,90,12,17,<80;80;80;80;80;80>,{},{1=20;2=20;3=20;4=20;5=20;6=20;7=20;8=20;9=20;10=20},{defence=31;specialDefence=31;speed=31;hp=31;damage=31;specialDamage=31},TRUE,16,5,90,5,100%,100%,100%,100%,100%,100%,100%,100%,100%,100%,100%,100%,100%,100%,100%,100%,100%,100%,100%,100%,
100409,,1423,0,副本5_玩家卡9,副本5_玩家卡9,Dungeon5_PlayerCard9,Phó bản 5_Thẻ người chơi 9,던전5_플레이어카드9,Masmorra5_CartaJogador9,ดันเจี้ยน5_การ์ดผู้เล่น9,3,90,12,17,<80;80;80;80;80;80>,{},{1=20;2=20;3=20;4=20;5=20;6=20;7=20;8=20;9=20;10=20},{defence=31;specialDefence=31;speed=31;hp=31;damage=31;specialDamage=31},TRUE,16,5,90,5,100%,100%,100%,100%,100%,100%,100%,100%,100%,100%,100%,100%,100%,100%,100%,100%,100%,100%,100%,100%,
100410,,3303,0,副本5_玩家卡10,副本5_玩家卡10,Dungeon5_PlayerCard10,Phó bản 5_Thẻ người chơi 10,던전5_플레이어카드10,Masmorra5_CartaJogador10,ดันเจี้ยน5_การ์ดผู้เล่น10,3,90,12,17,<80;80;80;80;80;80>,{},{1=20;2=20;3=20;4=20;5=20;6=20;7=20;8=20;9=20;10=20},{defence=31;specialDefence=31;speed=31;hp=31;damage=31;specialDamage=31},TRUE,16,5,90,5,100%,100%,100%,100%,100%,100%,100%,100%,100%,100%,100%,100%,100%,100%,100%,100%,100%,100%,100%,100%,
100501,,3241,0,副本6_玩家卡1,副本6_玩家卡1,Dungeon6_PlayerCard1,Phó bản 6_Thẻ người chơi 1,던전6_플레이어카드1,Masmorra6_CartaJogador1,ดันเจี้ยน6_การ์ดผู้เล่น1,4,90,12,17,<80;80;80;80;80;80>,{},{1=20;2=20;3=20;4=20;5=20;6=20;7=20;8=20;9=20;10=20},{defence=31;specialDefence=31;speed=31;hp=31;damage=31;specialDamage=31},TRUE,16,5,90,5,100%,100%,100%,100%,100%,1000%,100%,100%,100%,100%,100%,100%,100%,100%,100%,100%,100%,100%,100%,100%,
100502,,92,0,副本6_玩家卡1,副本6_玩家卡1,Dungeon6_PlayerCard1,Phó bản 6_Thẻ người chơi 1,던전6_플레이어카드1,Masmorra6_CartaJogador1,ดันเจี้ยน6_การ์ดผู้เล่น1,4,90,12,17,<80;80;80;80;80;80>,{924=80;926=80;40007076=80;922=80;921=80;923=80},{1=20;2=20;3=20;4=20;5=20;6=20;7=20;8=20;9=20;10=20},{defence=31;specialDefence=31;speed=31;hp=31;damage=31;specialDamage=31},TRUE,16,5,90,5,100%,100%,100%,100%,100%,1000%,100%,100%,100%,100%,100%,100%,100%,100%,100%,100%,100%,100%,100%,100%,
100503,,0,0,,,,,,,,1,90,12,17,<80;80;80;80;80;80>,{},{1=20;2=20;3=20;4=20;5=20;6=20;7=20;8=20;9=20;10=20},{defence=31;specialDefence=31;speed=31;hp=31;damage=31;specialDamage=31},TRUE,16,5,90,5,,,,,,,,,,,,,,,,,,,,,
100504,,0,0,,,,,,,,1,90,12,17,<80;80;80;80;80;80>,{},{1=20;2=20;3=20;4=20;5=20;6=20;7=20;8=20;9=20;10=20},{defence=31;specialDefence=31;speed=31;hp=31;damage=31;specialDamage=31},TRUE,16,5,90,5,,,,,,,,,,,,,,,,,,,,,
100505,,0,0,,,,,,,,1,90,12,17,<80;80;80;80;80;80>,{},{1=20;2=20;3=20;4=20;5=20;6=20;7=20;8=20;9=20;10=20},{defence=31;specialDefence=31;speed=31;hp=31;damage=31;specialDamage=31},TRUE,16,5,90,5,,,,,,,,,,,,,,,,,,,,,
100506,,0,0,,,,,,,,1,90,12,17,<80;80;80;80;80;80>,{},{1=20;2=20;3=20;4=20;5=20;6=20;7=20;8=20;9=20;10=20},{defence=31;specialDefence=31;speed=31;hp=31;damage=31;specialDamage=31},TRUE,16,5,90,5,,,,,,,,,,,,,,,,,,,,,
100507,,0,0,,,,,,,,1,90,12,17,<80;80;80;80;80;80>,{},{1=20;2=20;3=20;4=20;5=20;6=20;7=20;8=20;9=20;10=20},{defence=31;specialDefence=31;speed=31;hp=31;damage=31;specialDamage=31},TRUE,16,5,90,5,,,,,,,,,,,,,,,,,,,,,
100508,,0,0,,,,,,,,1,90,12,17,<80;80;80;80;80;80>,{},{1=20;2=20;3=20;4=20;5=20;6=20;7=20;8=20;9=20;10=20},{defence=31;specialDefence=31;speed=31;hp=31;damage=31;specialDamage=31},TRUE,16,5,90,5,,,,,,,,,,,,,,,,,,,,,
100509,,0,0,,,,,,,,1,90,12,17,<80;80;80;80;80;80>,{},{1=20;2=20;3=20;4=20;5=20;6=20;7=20;8=20;9=20;10=20},{defence=31;specialDefence=31;speed=31;hp=31;damage=31;specialDamage=31},TRUE,16,5,90,5,,,,,,,,,,,,,,,,,,,,,
100510,,0,0,,,,,,,,1,90,12,17,<80;80;80;80;80;80>,{},{1=20;2=20;3=20;4=20;5=20;6=20;7=20;8=20;9=20;10=20},{defence=31;specialDefence=31;speed=31;hp=31;damage=31;specialDamage=31},TRUE,16,5,90,5,,,,,,,,,,,,,,,,,,,,,
100601,,2401,0,副本7_玩家卡1,副本7_玩家卡1,Stage7_PlayerCard1,Phó bản7_Thẻ người chơi1,던전7_플레이어카드1,Masmorra7_CartaJogador1,ดันเจี้ยน7_การ์ดผู้เล่น1,3,90,12,17,<80;80;80;80;80;80>,{},{1=20;2=20;3=20;4=20;5=20;6=20;7=20;8=20;9=20;10=20},{defence=31;specialDefence=31;speed=31;hp=31;damage=31;specialDamage=31},TRUE,16,5,90,5,100%,100%,100%,100%,100%,100%,100%,100%,100%,100%,100%,100%,100%,100%,100%,100%,100%,100%,100%,100%,
100602,,23,0,副本7_玩家卡2,副本7_玩家卡2,Stage7_PlayerCard2,Phó bản7_Thẻ người chơi2,던전7_플레이어카드2,Masmorra7_CartaJogador2,ดันเจี้ยน7_การ์ดผู้เล่น2,3,90,12,17,<80;80;80;80;80;80>,{},{1=20;2=20;3=20;4=20;5=20;6=20;7=20;8=20;9=20;10=20},{defence=31;specialDefence=31;speed=31;hp=31;damage=31;specialDamage=31},TRUE,16,5,90,5,100%,100%,100%,100%,100%,100%,100%,100%,100%,100%,100%,100%,100%,100%,100%,100%,100%,100%,100%,100%,
100603,,3413,0,副本7_玩家卡3,副本7_玩家卡3,Stage7_PlayerCard3,Phó bản7_Thẻ người chơi3,던전7_플레이어카드3,Masmorra7_CartaJogador3,ดันเจี้ยน7_การ์ดผู้เล่น3,3,90,12,17,<80;80;80;80;80;80>,{},{1=20;2=20;3=20;4=20;5=20;6=20;7=20;8=20;9=20;10=20},{defence=31;specialDefence=31;speed=31;hp=31;damage=31;specialDamage=31},TRUE,16,5,90,5,100%,100%,100%,100%,100%,100%,100%,100%,100%,100%,100%,100%,100%,100%,100%,100%,100%,100%,100%,100%,
100604,,3161,0,副本7_玩家卡4,副本7_玩家卡4,Stage7_PlayerCard4,Phó bản7_Thẻ người chơi4,던전7_플레이어카드4,Masmorra7_CartaJogador4,ดันเจี้ยน7_การ์ดผู้เล่น4,3,90,12,17,<80;80;80;80;80;80>,{},{1=20;2=20;3=20;4=20;5=20;6=20;7=20;8=20;9=20;10=20},{defence=31;specialDefence=31;speed=31;hp=31;damage=31;specialDamage=31},TRUE,16,5,90,5,100%,100%,100%,100%,100%,100%,100%,100%,100%,100%,100%,100%,100%,100%,100%,100%,100%,100%,100%,100%,
100605,,771,0,副本7_玩家卡5,副本7_玩家卡5,Stage7_PlayerCard5,Phó bản7_Thẻ người chơi5,던전7_플레이어카드5,Masmorra7_CartaJogador5,ดันเจี้ยน7_การ์ดผู้เล่น5,2,90,12,17,<80;80;80;80;80;80>,{},{1=20;2=20;3=20;4=20;5=20;6=20;7=20;8=20;9=20;10=20},{defence=31;specialDefence=31;speed=31;hp=31;damage=31;specialDamage=31},TRUE,16,5,90,5,100%,100%,100%,100%,100%,100%,100%,100%,100%,100%,100%,100%,100%,100%,100%,100%,100%,100%,100%,100%,
100606,,3303,0,副本7_玩家卡6,副本7_玩家卡6,Stage7_PlayerCard6,Phó bản7_Thẻ người chơi6,던전7_플레이어카드6,Masmorra7_CartaJogador6,ดันเจี้ยน7_การ์ดผู้เล่น6,3,90,12,17,<80;80;80;80;80;80>,{},{1=20;2=20;3=20;4=20;5=20;6=20;7=20;8=20;9=20;10=20},{defence=31;specialDefence=31;speed=31;hp=31;damage=31;specialDamage=31},TRUE,16,5,90,5,100%,100%,100%,100%,100%,100%,100%,100%,100%,100%,100%,100%,100%,100%,100%,100%,100%,100%,100%,100%,
100607,,263,0,副本7_玩家卡7,副本7_玩家卡7,Stage7_PlayerCard7,Phó bản7_Thẻ người chơi7,던전7_플레이어카드7,Masmorra7_CartaJogador7,ดันเจี้ยน7_การ์ดผู้เล่น7,3,90,12,17,<80;80;80;80;80;80>,{},{1=20;2=20;3=20;4=20;5=20;6=20;7=20;8=20;9=20;10=20},{defence=31;specialDefence=31;speed=31;hp=31;damage=31;specialDamage=31},TRUE,16,5,90,5,100%,100%,100%,100%,100%,100%,100%,100%,100%,100%,100%,100%,100%,100%,100%,100%,100%,100%,100%,100%,
100608,,603,0,副本7_玩家卡8,副本7_玩家卡8,Stage7_PlayerCard8,Phó bản7_Thẻ người chơi8,던전7_플레이어카드8,Masmorra7_CartaJogador8,ดันเจี้ยน7_การ์ดผู้เล่น8,3,90,12,17,<80;80;80;80;80;80>,{},{1=20;2=20;3=20;4=20;5=20;6=20;7=20;8=20;9=20;10=20},{defence=31;specialDefence=31;speed=31;hp=31;damage=31;specialDamage=31},TRUE,16,5,90,5,100%,100%,100%,100%,100%,100%,100%,100%,100%,100%,100%,100%,100%,100%,100%,100%,100%,100%,100%,100%,
100609,,1303,0,副本7_玩家卡9,副本7_玩家卡9,Stage7_PlayerCard9,Phó bản7_Thẻ người chơi9,던전7_플레이어카드9,Masmorra7_CartaJogador9,ดันเจี้ยน7_การ์ดผู้เล่น9,3,90,12,17,<80;80;80;80;80;80>,{},{1=20;2=20;3=20;4=20;5=20;6=20;7=20;8=20;9=20;10=20},{defence=31;specialDefence=31;speed=31;hp=31;damage=31;specialDamage=31},TRUE,16,5,90,5,100%,100%,100%,100%,100%,100%,100%,100%,100%,100%,100%,100%,100%,100%,100%,100%,100%,100%,100%,100%,
100610,,1241,0,副本7_玩家卡10,副本7_玩家卡10,Stage7_PlayerCard10,Phó bản7_Thẻ người chơi10,던전7_플레이어카드10,Masmorra7_CartaJogador10,ดันเจี้ยน7_การ์ดผู้เล่น10,3,90,12,17,<80;80;80;80;80;80>,{},{1=20;2=20;3=20;4=20;5=20;6=20;7=20;8=20;9=20;10=20},{defence=31;specialDefence=31;speed=31;hp=31;damage=31;specialDamage=31},TRUE,16,5,90,5,100%,100%,100%,100%,100%,100%,100%,100%,100%,100%,100%,100%,100%,100%,100%,100%,100%,100%,100%,100%,
100611,,1771,400607,副本7_玩家卡11,副本7_玩家卡11,Stage7_PlayerCard11,Phó bản7_Thẻ người chơi11,던전7_플레이어카드11,Masmorra7_CartaJogador11,ดันเจี้ยน7_การ์ดผู้เล่น11,3,90,12,17,<80;80;80;80;80;80>,{17712=80;17711=80;17713=80},{1=20;2=20;3=20;4=20;5=20;6=20;7=20;8=20;9=20;10=20},{defence=31;specialDefence=31;speed=31;hp=31;damage=31;specialDamage=31},TRUE,16,5,90,5,100%,100%,100%,100%,100%,100%,100%,100%,100%,100%,100%,100%,100%,100%,100%,100%,100%,100%,100%,100%,
100621,,3353,0,副本7_玩家卡12,副本7_玩家卡12,Stage7_PlayerCard12,Phó bản7_Thẻ người chơi12,던전7_플레이어카드12,Masmorra7_CartaJogador12,ดันเจี้ยน7_การ์ดผู้เล่น12,3,90,12,17,<80;80;80;80;80;80>,{},{1=20;2=20;3=20;4=20;5=20;6=20;7=20;8=20;9=20;10=20},{defence=31;specialDefence=31;speed=31;hp=31;damage=31;specialDamage=31},TRUE,16,5,90,5,100%,100%,100%,100%,100%,100%,100%,100%,100%,100%,100%,100%,100%,100%,100%,100%,100%,100%,100%,100%,
100624,,572,0,副本7_玩家卡13,副本7_玩家卡13,Stage7_PlayerCard13,Phó bản7_Thẻ người chơi13,던전7_플레이어카드13,Masmorra7_CartaJogador13,ดันเจี้ยน7_การ์ดผู้เล่น13,3,90,12,17,<80;80;80;80;80;80>,{},{1=20;2=20;3=20;4=20;5=20;6=20;7=20;8=20;9=20;10=20},{defence=31;specialDefence=31;speed=31;hp=31;damage=31;specialDamage=31},TRUE,16,5,90,5,100%,100%,100%,100%,100%,100%,100%,100%,100%,100%,100%,100%,100%,100%,100%,100%,100%,100%,100%,100%,
100701,,92,0,副本8_玩家卡1,副本8_玩家卡1,Stage8_PlayerCard1,Phó bản8_Thẻ người chơi1,던전8_플레이어카드1,Masmorra8_CartaJogador1,ดันเจี้ยน8_การ์ดผู้เล่น1,2,90,12,17,<80;80;80;80;80;80>,{924=80;926=80;40007076=80;922=80;921=80;923=80},{1=20;2=20;3=20;4=20;5=20;6=20;7=20;8=20;9=20;10=20},{defence=31;specialDefence=31;speed=31;hp=31;damage=31;specialDamage=31},TRUE,16,5,90,5,100%,100%,100%,100%,100%,100%,100%,100%,100%,100%,100%,100%,100%,100%,100%,100%,100%,100%,100%,100%,
100702,,92,0,副本8_玩家卡2,副本8_玩家卡2,Stage8_PlayerCard2,Phó bản8_Thẻ người chơi2,던전8_플레이어카드2,Masmorra8_CartaJogador2,ดันเจี้ยน8_การ์ดผู้เล่น2,2,90,12,17,<80;80;80;80;80;80>,{924=80;926=80;40007076=80;922=80;921=80;923=80},{1=20;2=20;3=20;4=20;5=20;6=20;7=20;8=20;9=20;10=20},{defence=31;specialDefence=31;speed=31;hp=31;damage=31;specialDamage=31},TRUE,16,5,90,5,100%,100%,100%,100%,100%,100%,100%,100%,100%,100%,100%,100%,100%,100%,100%,100%,100%,100%,100%,100%,
100703,,92,0,副本8_玩家卡3,副本8_玩家卡3,Stage8_PlayerCard3,Phó bản8_Thẻ người chơi3,던전8_플레이어카드3,Masmorra8_CartaJogador3,ดันเจี้ยน8_การ์ดผู้เล่น3,2,90,12,17,<80;80;80;80;80;80>,{924=80;926=80;40007076=80;922=80;921=80;923=80},{1=20;2=20;3=20;4=20;5=20;6=20;7=20;8=20;9=20;10=20},{defence=31;specialDefence=31;speed=31;hp=31;damage=31;specialDamage=31},TRUE,16,5,90,5,100%,100%,100%,100%,100%,100%,100%,100%,100%,100%,100%,100%,100%,100%,100%,100%,100%,100%,100%,100%,
100704,,92,0,副本8_玩家卡4,副本8_玩家卡4,Stage8_PlayerCard4,Phó bản8_Thẻ người chơi4,던전8_플레이어카드4,Masmorra8_CartaJogador4,ดันเจี้ยน8_การ์ดผู้เล่น4,2,90,12,17,<80;80;80;80;80;80>,{924=80;926=80;40007076=80;922=80;921=80;923=80},{1=20;2=20;3=20;4=20;5=20;6=20;7=20;8=20;9=20;10=20},{defence=31;specialDefence=31;speed=31;hp=31;damage=31;specialDamage=31},TRUE,16,5,90,5,100%,100%,100%,100%,100%,100%,100%,100%,100%,100%,100%,100%,100%,100%,100%,100%,100%,100%,100%,100%,
100705,,92,0,副本8_玩家卡5,副本8_玩家卡5,Stage8_PlayerCard5,Phó bản8_Thẻ người chơi5,던전8_플레이어카드5,Masmorra8_CartaJogador5,ดันเจี้ยน8_การ์ดผู้เล่น5,2,90,12,17,<80;80;80;80;80;80>,{924=80;926=80;40007076=80;922=80;921=80;923=80},{1=20;2=20;3=20;4=20;5=20;6=20;7=20;8=20;9=20;10=20},{defence=31;specialDefence=31;speed=31;hp=31;damage=31;specialDamage=31},TRUE,16,5,90,5,100%,100%,100%,100%,100%,100%,100%,100%,100%,100%,100%,100%,100%,100%,100%,100%,100%,100%,100%,100%,
100706,,92,0,副本8_玩家卡6,副本8_玩家卡6,Stage8_PlayerCard6,Phó bản8_Thẻ người chơi6,던전8_플레이어카드6,Masmorra8_CartaJogador6,ดันเจี้ยน8_การ์ดผู้เล่น6,2,90,12,17,<80;80;80;80;80;80>,{924=80;926=80;40007076=80;922=80;921=80;923=80},{1=20;2=20;3=20;4=20;5=20;6=20;7=20;8=20;9=20;10=20},{defence=31;specialDefence=31;speed=31;hp=31;damage=31;specialDamage=31},TRUE,16,5,90,5,100%,100%,100%,100%,100%,100%,100%,100%,100%,100%,100%,100%,100%,100%,100%,100%,100%,100%,100%,100%,
100707,,0,0,,,,,,,,1,90,12,17,<80;80;80;80;80;80>,{},{1=20;2=20;3=20;4=20;5=20;6=20;7=20;8=20;9=20;10=20},{defence=31;specialDefence=31;speed=31;hp=31;damage=31;specialDamage=31},TRUE,16,5,90,5,,,,,,,,,,,,,,,,,,,,,
100708,,0,0,,,,,,,,1,90,12,17,<80;80;80;80;80;80>,{},{1=20;2=20;3=20;4=20;5=20;6=20;7=20;8=20;9=20;10=20},{defence=31;specialDefence=31;speed=31;hp=31;damage=31;specialDamage=31},TRUE,16,5,90,5,,,,,,,,,,,,,,,,,,,,,
100709,,0,0,,,,,,,,1,90,12,17,<80;80;80;80;80;80>,{},{1=20;2=20;3=20;4=20;5=20;6=20;7=20;8=20;9=20;10=20},{defence=31;specialDefence=31;speed=31;hp=31;damage=31;specialDamage=31},TRUE,16,5,90,5,,,,,,,,,,,,,,,,,,,,,
100710,,0,0,,,,,,,,1,90,12,17,<80;80;80;80;80;80>,{},{1=20;2=20;3=20;4=20;5=20;6=20;7=20;8=20;9=20;10=20},{defence=31;specialDefence=31;speed=31;hp=31;damage=31;specialDamage=31},TRUE,16,5,90,5,,,,,,,,,,,,,,,,,,,,,
100801,,23,0,副本9_玩家卡1,副本9_玩家卡1,Stage9_PlayerCard1,Phó bản9_Thẻ người chơi1,던전9_플레이어카드1,Masmorra9_CartaJogador1,ดันเจี้ยน9_การ์ดผู้เล่น1,2,90,12,17,<80;80;80;80;80;80>,{},{1=20;2=20;3=20;4=20;5=20;6=20;7=20;8=20;9=20;10=20},{defence=31;specialDefence=31;speed=31;hp=31;damage=31;specialDamage=31},TRUE,16,5,90,5,100%,100%,100%,100%,100%,100%,100%,100%,100%,100%,100%,100%,100%,100%,100%,100%,100%,100%,100%,100%,
100802,,1221,0,副本9_玩家卡2,副本9_玩家卡2,Stage9_PlayerCard2,Phó bản9_Thẻ người chơi2,던전9_플레이어카드2,Masmorra9_CartaJogador2,ดันเจี้ยน9_การ์ดผู้เล่น2,3,90,12,17,<80;80;80;80;80;80>,{},{1=20;2=20;3=20;4=20;5=20;6=20;7=20;8=20;9=20;10=20},{defence=31;specialDefence=31;speed=31;hp=31;damage=31;specialDamage=31},TRUE,16,5,90,5,100%,100%,100%,100%,100%,100%,100%,100%,100%,100%,100%,100%,100%,100%,100%,100%,100%,100%,100%,100%,
100803,,1313,0,副本9_玩家卡3,副本9_玩家卡3,Stage9_PlayerCard3,Phó bản9_Thẻ người chơi3,던전9_플레이어카드3,Masmorra9_CartaJogador3,ดันเจี้ยน9_การ์ดผู้เล่น3,3,90,12,17,<80;80;80;80;80;80>,{},{1=20;2=20;3=20;4=20;5=20;6=20;7=20;8=20;9=20;10=20},{defence=31;specialDefence=31;speed=31;hp=31;damage=31;specialDamage=31},TRUE,16,5,90,5,100%,100%,100%,100%,100%,100%,100%,100%,100%,100%,100%,100%,100%,100%,100%,100%,100%,100%,100%,100%,
100804,,1082,0,副本9_玩家卡4,副本9_玩家卡4,Stage9_PlayerCard4,Phó bản9_Thẻ người chơi4,던전9_플레이어카드4,Masmorra9_CartaJogador4,ดันเจี้ยน9_การ์ดผู้เล่น4,3,90,12,17,<80;80;80;80;80;80>,{},{1=20;2=20;3=20;4=20;5=20;6=20;7=20;8=20;9=20;10=20},{defence=31;specialDefence=31;speed=31;hp=31;damage=31;specialDamage=31},TRUE,16,5,90,5,100%,100%,100%,100%,100%,100%,100%,100%,100%,100%,100%,100%,100%,100%,100%,100%,100%,100%,100%,100%,
100805,,333,0,副本9_玩家卡5,副本9_玩家卡5,Stage9_PlayerCard5,Phó bản9_Thẻ người chơi5,던전9_플레이어카드5,Masmorra9_CartaJogador5,ดันเจี้ยน9_การ์ดผู้เล่น5,3,90,12,17,<80;80;80;80;80;80>,{},{1=20;2=20;3=20;4=20;5=20;6=20;7=20;8=20;9=20;10=20},{defence=31;specialDefence=31;speed=31;hp=31;damage=31;specialDamage=31},TRUE,16,5,90,5,100%,100%,100%,100%,100%,100%,100%,100%,100%,100%,100%,100%,100%,100%,100%,100%,100%,100%,100%,100%,
100806,,263,0,副本9_玩家卡6,副本9_玩家卡6,Stage9_PlayerCard6,Phó bản9_Thẻ người chơi6,던전9_플레이어카드6,Masmorra9_CartaJogador6,ดันเจี้ยน9_การ์ดผู้เล่น6,3,90,12,17,<80;80;80;80;80;80>,{},{1=20;2=20;3=20;4=20;5=20;6=20;7=20;8=20;9=20;10=20},{defence=31;specialDefence=31;speed=31;hp=31;damage=31;specialDamage=31},TRUE,16,5,90,5,100%,100%,100%,100%,100%,100%,100%,100%,100%,100%,100%,100%,100%,100%,100%,100%,100%,100%,100%,100%,
100807,,1612,0,副本9_玩家卡7,副本9_玩家卡7,Stage9_PlayerCard7,Phó bản9_Thẻ người chơi7,던전9_플레이어카드7,Masmorra9_CartaJogador7,ดันเจี้ยน9_การ์ดผู้เล่น7,2,90,12,17,<80;80;80;80;80;80>,{},{1=20;2=20;3=20;4=20;5=20;6=20;7=20;8=20;9=20;10=20},{defence=31;specialDefence=31;speed=31;hp=31;damage=31;specialDamage=31},TRUE,16,5,90,5,100%,100%,100%,100%,100%,100%,100%,100%,100%,100%,100%,100%,100%,100%,100%,100%,100%,100%,100%,100%,
100808,,1393,0,副本9_玩家卡8,副本9_玩家卡8,Stage9_PlayerCard8,Phó bản9_Thẻ người chơi8,던전9_플레이어카드8,Masmorra9_CartaJogador8,ดันเจี้ยน9_การ์ดผู้เล่น8,3,90,12,17,<80;80;80;80;80;80>,{},{1=20;2=20;3=20;4=20;5=20;6=20;7=20;8=20;9=20;10=20},{defence=31;specialDefence=31;speed=31;hp=31;damage=31;specialDamage=31},TRUE,16,5,90,5,100%,100%,100%,100%,100%,100%,100%,100%,100%,100%,100%,100%,100%,100%,100%,100%,100%,100%,100%,100%,
100809,,3303,0,副本9_玩家卡9,副本9_玩家卡9,Stage9_PlayerCard9,Phó bản9_Thẻ người chơi9,던전9_플레이어카드9,Masmorra9_CartaJogador9,ดันเจี้ยน9_การ์ดผู้เล่น9,3,90,12,17,<80;80;80;80;80;80>,{},{1=20;2=20;3=20;4=20;5=20;6=20;7=20;8=20;9=20;10=20},{defence=31;specialDefence=31;speed=31;hp=31;damage=31;specialDamage=31},TRUE,16,5,90,5,100%,100%,100%,100%,100%,100%,100%,100%,100%,100%,100%,100%,100%,100%,100%,100%,100%,100%,100%,100%,
100810,,1303,0,副本9_玩家卡10,副本9_玩家卡10,Stage9_PlayerCard10,Phó bản9_Thẻ người chơi10,던전9_플레이어카드10,Masmorra9_CartaJogador10,ดันเจี้ยน9_การ์ดผู้เล่น10,3,90,12,17,<80;80;80;80;80;80>,{},{1=20;2=20;3=20;4=20;5=20;6=20;7=20;8=20;9=20;10=20},{defence=31;specialDefence=31;speed=31;hp=31;damage=31;specialDamage=31},TRUE,16,5,90,5,100%,100%,100%,100%,100%,100%,100%,100%,100%,100%,100%,100%,100%,100%,100%,100%,100%,100%,100%,100%,
100901,,552,0,副本10_玩家卡1,副本10_玩家卡1,Stage10_PlayerCard1,Phó bản10_Thẻ người chơi1,던전10_플레이어카드1,Masmorra10_CartaJogador1,ดันเจี้ยน10_การ์ดผู้เล่น1,2,90,12,17,<80;80;80;80;80;80>,{},{1=20;2=20;3=20;4=20;5=20;6=20;7=20;8=20;9=20;10=20},{defence=31;specialDefence=31;speed=31;hp=31;damage=31;specialDamage=31},TRUE,16,5,90,5,100%,100%,100%,100%,100%,100%,100%,100%,100%,100%,100%,100%,100%,100%,100%,100%,100%,100%,100%,100%,
100902,,783,0,副本10_玩家卡2,副本10_玩家卡2,Stage10_PlayerCard2,Phó bản10_Thẻ người chơi2,던전10_플레이어카드2,Masmorra10_CartaJogador2,ดันเจี้ยน10_การ์ดผู้เล่น2,2,90,12,17,<80;80;80;80;80;80>,{},{1=20;2=20;3=20;4=20;5=20;6=20;7=20;8=20;9=20;10=20},{defence=31;specialDefence=31;speed=31;hp=31;damage=31;specialDamage=31},TRUE,16,5,90,5,100%,100%,100%,100%,100%,100%,100%,100%,100%,100%,100%,100%,100%,100%,100%,100%,100%,100%,100%,100%,
100903,,23,0,副本10_玩家卡3,副本10_玩家卡3,Stage10_PlayerCard3,Phó bản10_Thẻ người chơi3,던전10_플레이어카드3,Masmorra10_CartaJogador3,ดันเจี้ยน10_การ์ดผู้เล่น3,2,90,12,17,<80;80;80;80;80;80>,{},{1=20;2=20;3=20;4=20;5=20;6=20;7=20;8=20;9=20;10=20},{defence=31;specialDefence=31;speed=31;hp=31;damage=31;specialDamage=31},TRUE,16,5,90,5,100%,100%,100%,100%,100%,100%,100%,100%,100%,100%,100%,100%,100%,100%,100%,100%,100%,100%,100%,100%,
100904,,273,0,副本10_玩家卡4,副本10_玩家卡4,Stage10_PlayerCard4,Phó bản10_Thẻ người chơi4,던전10_플레이어카드4,Masmorra10_CartaJogador4,ดันเจี้ยน10_การ์ดผู้เล่น4,2,90,12,17,<80;80;80;80;80;80>,{},{1=20;2=20;3=20;4=20;5=20;6=20;7=20;8=20;9=20;10=20},{defence=31;specialDefence=31;speed=31;hp=31;damage=31;specialDamage=31},TRUE,16,5,90,5,100%,100%,100%,100%,100%,100%,100%,100%,100%,100%,100%,100%,100%,100%,100%,100%,100%,100%,100%,100%,
100905,,13,0,副本10_玩家卡5,副本10_玩家卡5,Stage10_PlayerCard5,Phó bản10_Thẻ người chơi5,던전10_플레이어카드5,Masmorra10_CartaJogador5,ดันเจี้ยน10_การ์ดผู้เล่น5,2,90,12,17,<80;80;80;80;80;80>,{},{1=20;2=20;3=20;4=20;5=20;6=20;7=20;8=20;9=20;10=20},{defence=31;specialDefence=31;speed=31;hp=31;damage=31;specialDamage=31},TRUE,16,5,90,5,100%,100%,100%,100%,100%,100%,100%,100%,100%,100%,100%,100%,100%,100%,100%,100%,100%,100%,100%,100%,
100906,,1802,0,副本10_玩家卡6,副本10_玩家卡6,Stage10_PlayerCard6,Phó bản10_Thẻ người chơi6,던전10_플레이어카드6,Masmorra10_CartaJogador6,ดันเจี้ยน10_การ์ดผู้เล่น6,2,90,12,17,<80;80;80;80;80;80>,{},{1=20;2=20;3=20;4=20;5=20;6=20;7=20;8=20;9=20;10=20},{defence=31;specialDefence=31;speed=31;hp=31;damage=31;specialDamage=31},TRUE,16,5,90,5,100%,100%,100%,100%,100%,100%,100%,100%,100%,100%,100%,100%,100%,100%,100%,100%,100%,100%,100%,100%,
100907,,2483,0,副本10_玩家卡7,副本10_玩家卡7,Stage10_PlayerCard7,Phó bản10_Thẻ người chơi7,던전10_플레이어카드7,Masmorra10_CartaJogador7,ดันเจี้ยน10_การ์ดผู้เล่น7,2,90,12,17,<80;80;80;80;80;80>,{},{1=20;2=20;3=20;4=20;5=20;6=20;7=20;8=20;9=20;10=20},{defence=31;specialDefence=31;speed=31;hp=31;damage=31;specialDamage=31},TRUE,16,5,90,5,100%,100%,100%,100%,100%,100%,100%,100%,100%,100%,100%,100%,100%,100%,100%,100%,100%,100%,100%,100%,
100908,,2963,0,副本10_玩家卡8,副本10_玩家卡8,Stage10_PlayerCard8,Phó bản10_Thẻ người chơi8,던전10_플레이어카드8,Masmorra10_CartaJogador8,ดันเจี้ยน10_การ์ดผู้เล่น8,2,90,12,17,<80;80;80;80;80;80>,{},{1=20;2=20;3=20;4=20;5=20;6=20;7=20;8=20;9=20;10=20},{defence=31;specialDefence=31;speed=31;hp=31;damage=31;specialDamage=31},TRUE,16,5,90,5,100%,100%,100%,100%,100%,100%,100%,100%,100%,100%,100%,100%,100%,100%,100%,100%,100%,100%,100%,100%,
100909,,2302,0,副本10_玩家卡9,副本10_玩家卡9,Stage10_PlayerCard9,Phó bản10_Thẻ người chơi9,던전10_플레이어카드9,Masmorra10_CartaJogador9,ดันเจี้ยน10_การ์ดผู้เล่น9,2,90,12,17,<80;80;80;80;80;80>,{},{1=20;2=20;3=20;4=20;5=20;6=20;7=20;8=20;9=20;10=20},{defence=31;specialDefence=31;speed=31;hp=31;damage=31;specialDamage=31},TRUE,16,5,90,5,100%,100%,100%,100%,100%,100%,100%,100%,100%,100%,100%,100%,100%,100%,100%,100%,100%,100%,100%,100%,
100910,,3,0,副本10_玩家卡10,副本10_玩家卡10,Stage10_PlayerCard10,Phó bản10_Thẻ người chơi10,던전10_플레이어카드10,Masmorra10_CartaJogador10,ดันเจี้ยน10_การ์ดผู้เล่น10,2,90,12,17,<80;80;80;80;80;80>,{},{1=20;2=20;3=20;4=20;5=20;6=20;7=20;8=20;9=20;10=20},{defence=31;specialDefence=31;speed=31;hp=31;damage=31;specialDamage=31},TRUE,16,5,90,5,100%,100%,100%,100%,100%,100%,100%,100%,100%,100%,100%,100%,100%,100%,100%,100%,100%,100%,100%,100%,
100911,,1772,0,副本10_玩家卡11,副本10_玩家卡11,Stage10_PlayerCard11,Phó bản10_Thẻ người chơi11,던전10_플레이어카드11,Masmorra10_CartaJogador11,ดันเจี้ยน10_การ์ดผู้เล่น11,3,90,12,17,<80;80;80;80;80;80>,{17722=80;17726=80;17727=80;17721=80;17723=80},{1=20;2=20;3=20;4=20;5=20;6=20;7=20;8=20;9=20;10=20},{defence=31;specialDefence=31;speed=31;hp=31;damage=31;specialDamage=31},TRUE,16,5,90,5,160%,100%,120%,100%,150%,100%,100%,100%,100%,100%,100%,100%,100%,100%,100%,100%,100%,100%,100%,100%,
100916,,2633,0,副本10_玩家卡10,副本10_玩家卡10,Stage10_PlayerCard10,Phó bản10_Thẻ người chơi10,던전10_플레이어카드10,Masmorra10_CartaJogador10,ดันเจี้ยน10_การ์ดผู้เล่น10,2,90,12,17,<80;80;80;80;80;80>,{},{1=20;2=20;3=20;4=20;5=20;6=20;7=20;8=20;9=20;10=20},{defence=31;specialDefence=31;speed=31;hp=31;damage=31;specialDamage=31},TRUE,16,5,90,5,100%,100%,100%,100%,100%,100%,100%,100%,100%,100%,100%,100%,100%,100%,100%,100%,100%,100%,100%,100%,
400001,,1293,400001,副本1_怪物1,副本1_怪物1,Stage1_Monster1,Phó bản1_Quái vật1,던전1_몬스터1,Masmorra1_Monstro1,ดันเจี้ยน1_มอนสเตอร์1,3,90,12,17,<80;80;80;80;80;80>,{40000016=80;12931=80;12932=80;12933=80},{1=20;2=20;3=20;4=20;5=20;6=20;7=20;8=20;9=20;10=20},{defence=31;specialDefence=31;speed=31;hp=31;damage=31;specialDamage=31},TRUE,16,5,90,5,100%,100%,100%,100%,100%,100%,100%,100%,100%,100%,100%,100%,100%,100%,100%,100%,100%,100%,100%,100%,
400002,,3663,400002,副本1_怪物2,副本1_怪物2,Stage1_Monster2,Phó bản1_Quái vật2,던전1_몬스터2,Masmorra1_Monstro2,ดันเจี้ยน1_มอนสเตอร์2,3,90,12,17,<80;80;80;80;80;80>,{36633=80;40000022=80;36631=80;40000026=80},{1=20;2=20;3=20;4=20;5=20;6=20;7=20;8=20;9=20;10=20},{defence=31;specialDefence=31;speed=31;hp=31;damage=31;specialDamage=31},TRUE,16,5,90,5,100%,100%,100%,100%,100%,100%,100%,100%,100%,100%,100%,100%,100%,100%,100%,100%,100%,100%,100%,100%,
400003,,4,400003,副本1_怪物3,副本1_怪物3,Stage1_Monster3,Phó bản1_Quái vật3,던전1_몬스터3,Masmorra1_Monstro3,ดันเจี้ยน1_มอนสเตอร์3,3,90,12,17,<80;80;80;80;80;80>,{43=80;41=80;44=80;42=80;40000036=80},{1=20;2=20;3=20;4=20;5=20;6=20;7=20;8=20;9=20;10=20},{defence=31;specialDefence=31;speed=31;hp=31;damage=31;specialDamage=31},TRUE,16,5,90,5,100%,100%,100%,100%,100%,100%,100%,100%,100%,100%,100%,100%,100%,100%,100%,100%,100%,100%,100%,100%,
400004,,2441,400004,副本1_怪物4,副本1_怪物4,Stage1_Monster4,Phó bản1_Quái vật4,던전1_몬스터4,Masmorra1_Monstro4,ดันเจี้ยน1_มอนสเตอร์4,4,90,12,17,<80;80;80;80;80;80>,{24412=80;40000046=80;24411=80;24413=80},{1=20;2=20;3=20;4=20;5=20;6=20;7=20;8=20;9=20;10=20},{defence=31;specialDefence=31;speed=31;hp=31;damage=31;specialDamage=31},TRUE,16,5,90,5,100%,100%,100%,100%,100%,100%,100%,100%,100%,100%,100%,100%,100%,100%,100%,100%,100%,100%,100%,100%,
400005,,3353,400005,副本1_怪物5,副本1_怪物5,Stage1_Monster5,Phó bản1_Quái vật5,던전1_몬스터5,Masmorra1_Monstro5,ดันเจี้ยน1_มอนสเตอร์5,3,90,12,17,<80;80;80;80;80;80>,{33531=80;33532=80;40000056=80;33533=80},{1=20;2=20;3=20;4=20;5=20;6=20;7=20;8=20;9=20;10=20},{defence=31;specialDefence=31;speed=31;hp=31;damage=31;specialDamage=31},TRUE,16,5,90,5,100%,100%,100%,100%,100%,100%,100%,100%,100%,100%,100%,100%,100%,100%,100%,100%,100%,100%,100%,100%,
400101,,721,400101,副本2_怪物1,副本2_怪物1,Stage2_Monster1,Phó bản2_Quái vật1,던전2_몬스터1,Masmorra2_Monstro1,ดันเจี้ยน2_มอนสเตอร์1,3,90,12,17,<80;80;80;80;80;80>,{7211=80;7216=80;40001013=80;7215=80;40001012=80},{1=20;2=20;3=20;4=20;5=20;6=20;7=20;8=20;9=20;10=20},{defence=31;specialDefence=31;speed=31;hp=31;damage=31;specialDamage=31},TRUE,16,5,90,5,100%,100%,100%,100%,100%,100%,100%,100%,100%,100%,100%,100%,100%,100%,100%,100%,100%,100%,100%,100%,
400102,,3021,400102,副本2_怪物2,副本2_怪物2,Stage2_Monster2,Phó bản2_Quái vật2,던전2_몬스터2,Masmorra2_Monstro2,ดันเจี้ยน2_มอนสเตอร์2,3,90,12,17,<80;80;80;80;80;80>,{40001022=80;40001023=80;40001026=80;30214=80;30211=80},{1=20;2=20;3=20;4=20;5=20;6=20;7=20;8=20;9=20;10=20},{defence=31;specialDefence=31;speed=31;hp=31;damage=31;specialDamage=31},TRUE,16,5,90,5,100%,100%,100%,100%,100%,100%,100%,100%,100%,100%,100%,100%,100%,100%,100%,100%,100%,100%,100%,100%,
400103,,1082,400103,副本2_怪物3,副本2_怪物3,Stage2_Monster3,Phó bản2_Quái vật3,던전2_몬스터3,Masmorra2_Monstro3,ดันเจี้ยน2_มอนสเตอร์3,3,90,12,17,<80;80;80;80;80;80>,{10822=80;10821=80;40001036=80;40001033=80},{1=20;2=20;3=20;4=20;5=20;6=20;7=20;8=20;9=20;10=20},{defence=31;specialDefence=31;speed=31;hp=31;damage=31;specialDamage=31},TRUE,16,5,90,5,100%,100%,100%,100%,100%,100%,100%,100%,100%,100%,100%,100%,100%,100%,100%,100%,100%,100%,100%,100%,
400201,,9001,400201,副本3_怪物1,副本3_怪物1,Stage3_Monster1,Phó bản3_Quái vật1,던전3_몬스터1,Masmorra3_Monstro1,ดันเจี้ยน3_มอนสเตอร์1,2,90,2,17,<80;80;80;80;80;80>,{90012=80;90013=80;40002016=80;90011=80},{1=20;2=20;3=20;4=20;5=20;6=20;7=20;8=20;9=20;10=20},{defence=31;specialDefence=31;speed=31;hp=31;damage=31;specialDamage=31},TRUE,16,5,90,5,100%,100%,100%,100%,100%,100%,100%,100%,100%,100%,100%,100%,100%,100%,100%,100%,100%,100%,100%,100%,
400202,,9001,400202,副本3_怪物2,副本3_怪物2,Stage3_Monster2,Phó bản3_Quái vật2,던전3_몬스터2,Masmorra3_Monstro2,ดันเจี้ยน3_มอนสเตอร์2,2,90,2,17,<80;80;80;80;80;80>,{90012=80;90013=80;40002026=80;90011=80},{1=20;2=20;3=20;4=20;5=20;6=20;7=20;8=20;9=20;10=20},{defence=31;specialDefence=31;speed=31;hp=31;damage=31;specialDamage=31},TRUE,16,5,90,5,100%,100%,100%,100%,100%,100%,100%,100%,100%,100%,100%,100%,100%,100%,100%,100%,100%,100%,100%,100%,
400203,,9001,400203,副本3_怪物3,副本3_怪物3,Stage3_Monster3,Phó bản3_Quái vật3,던전3_몬스터3,Masmorra3_Monstro3,ดันเจี้ยน3_มอนสเตอร์3,2,90,2,17,<80;80;80;80;80;80>,{90012=80;90013=80;40002036=80;90011=80},{1=20;2=20;3=20;4=20;5=20;6=20;7=20;8=20;9=20;10=20},{defence=31;specialDefence=31;speed=31;hp=31;damage=31;specialDamage=31},TRUE,16,5,90,5,100%,100%,100%,100%,100%,100%,100%,100%,100%,100%,100%,100%,100%,100%,100%,100%,100%,100%,100%,100%,
400301,,14,400301,副本4_怪物1,副本4_怪物1,Stage4_Monster1,Phó bản4_Quái vật1,던전4_몬스터1,Masmorra4_Monstro1,ดันเจี้ยน4_มอนสเตอร์1,3,90,12,17,<80;80;80;80;80;80>,{141=80;146=80;142=80;40003016=80;143=80},{1=20;2=20;3=20;4=20;5=20;6=20;7=20;8=20;9=20;10=20},{defence=31;specialDefence=31;speed=31;hp=31;damage=31;specialDamage=31},TRUE,16,5,90,5,100%,100%,100%,100%,100%,100%,100%,100%,100%,100%,100%,100%,100%,100%,100%,100%,100%,100%,100%,100%,
400302,,15,400302,副本4_怪物2,副本4_怪物2,Stage4_Monster2,Phó bản4_Quái vật2,던전4_몬스터2,Masmorra4_Monstro2,ดันเจี้ยน4_มอนสเตอร์2,3,90,12,17,<80;80;80;80;80;80>,{151=80;156=80;153=80;40003026=80;152=80},{1=20;2=20;3=20;4=20;5=20;6=20;7=20;8=20;9=20;10=20},{defence=31;specialDefence=31;speed=31;hp=31;damage=31;specialDamage=31},TRUE,16,5,90,5,100%,100%,100%,100%,100%,100%,100%,100%,100%,100%,100%,100%,100%,100%,100%,100%,100%,100%,100%,100%,
400401,,263,400401,副本5_怪物1,副本5_怪物1,Stage5_Monster1,Phó bản5_Quái vật1,던전5_몬스터1,Masmorra5_Monstro1,ดันเจี้ยน5_มอนสเตอร์1,3,90,12,17,<80;80;80;80;80;80>,{2636=80;2633=80;2631=80;2632=80},{1=20;2=20;3=20;4=20;5=20;6=20;7=20;8=20;9=20;10=20},{defence=31;specialDefence=31;speed=31;hp=31;damage=31;specialDamage=31},TRUE,16,5,90,5,100%,100%,100%,100%,100%,100%,100%,100%,100%,100%,100%,100%,100%,100%,100%,100%,100%,100%,100%,100%,
400402,,263,400402,副本5_怪物2,副本5_怪物2,Stage5_Monster2,Phó bản5_Quái vật2,던전5_몬스터2,Masmorra5_Monstro2,ดันเจี้ยน5_มอนสเตอร์2,3,90,12,17,<80;80;80;80;80;80>,{2636=80;2632=80;40004016=80;2631=80;2633=80},{1=20;2=20;3=20;4=20;5=20;6=20;7=20;8=20;9=20;10=20},{defence=31;specialDefence=31;speed=31;hp=31;damage=31;specialDamage=31},TRUE,16,5,90,5,100%,100%,100%,100%,100%,100%,100%,100%,100%,100%,100%,100%,100%,100%,100%,100%,100%,100%,100%,100%,
400403,,263,400403,副本5_怪物3,副本5_怪物3,Stage5_Monster3,Phó bản5_Quái vật3,던전5_몬스터3,Masmorra5_Monstro3,ดันเจี้ยน5_มอนสเตอร์3,3,90,12,17,<80;80;80;80;80;80>,{2636=80;2633=80;2631=80;2632=80},{1=20;2=20;3=20;4=20;5=20;6=20;7=20;8=20;9=20;10=20},{defence=31;specialDefence=31;speed=31;hp=31;damage=31;specialDamage=31},TRUE,16,5,90,5,100%,100%,100%,100%,100%,100%,100%,100%,100%,100%,100%,100%,100%,100%,100%,100%,100%,100%,100%,100%,
400501,,3641,400501,副本6_怪物1,副本6_怪物1,Stage6_Monster1,Phó bản6_Quái vật1,던전6_몬스터1,Masmorra6_Monstro1,ดันเจี้ยน6_มอนสเตอร์1,4,90,12,17,<80;80;80;80;80;80>,{36411=80;40005016=80;36412=80;36413=80},{1=20;2=20;3=20;4=20;5=20;6=20;7=20;8=20;9=20;10=20},{defence=31;specialDefence=31;speed=31;hp=31;damage=31;specialDamage=31},TRUE,16,5,90,5,100%,100%,100%,100%,100%,100%,100%,100%,100%,100%,100%,100%,100%,100%,100%,100%,100%,100%,100%,100%,
400502,,3641,400502,副本6_怪物2,副本6_怪物2,Stage6_Monster2,Phó bản6_Quái vật2,던전6_몬스터2,Masmorra6_Monstro2,ดันเจี้ยน6_มอนสเตอร์2,4,90,12,17,<80;80;80;80;80;80>,{36411=80;40005016=80;36412=80;36413=80},{1=20;2=20;3=20;4=20;5=20;6=20;7=20;8=20;9=20;10=20},{defence=31;specialDefence=31;speed=31;hp=31;damage=31;specialDamage=31},TRUE,16,5,90,5,100%,100%,100%,100%,100%,100%,100%,100%,100%,100%,100%,100%,100%,100%,100%,100%,100%,100%,100%,100%,
400503,,3641,400503,副本6_怪物3,副本6_怪物3,Stage6_Monster3,Phó bản6_Quái vật3,던전6_몬스터3,Masmorra6_Monstro3,ดันเจี้ยน6_มอนสเตอร์3,4,90,12,17,<80;80;80;80;80;80>,{36411=80;40005016=80;36412=80;36413=80},{1=20;2=20;3=20;4=20;5=20;6=20;7=20;8=20;9=20;10=20},{defence=31;specialDefence=31;speed=31;hp=31;damage=31;specialDamage=31},TRUE,16,5,90,5,100%,100%,100%,100%,100%,100%,100%,100%,100%,100%,100%,100%,100%,100%,100%,100%,100%,100%,100%,100%,
400504,,3641,400504,副本6_怪物4,副本6_怪物4,Stage6_Monster4,Phó bản6_Quái vật4,던전6_몬스터4,Masmorra6_Monstro4,ดันเจี้ยน6_มอนสเตอร์4,4,90,12,17,<80;80;80;80;80;80>,{36411=80;40005016=80;36412=80;36413=80},{1=20;2=20;3=20;4=20;5=20;6=20;7=20;8=20;9=20;10=20},{defence=31;specialDefence=31;speed=31;hp=31;damage=31;specialDamage=31},TRUE,16,5,90,5,100%,100%,100%,100%,100%,100%,100%,100%,100%,100%,100%,100%,100%,100%,100%,100%,100%,100%,100%,100%,
400505,,3641,400505,副本6_怪物5,副本6_怪物5,Stage6_Monster5,Phó bản6_Quái vật5,던전6_몬스터5,Masmorra6_Monstro5,ดันเจี้ยน6_มอนสเตอร์5,4,90,12,17,<80;80;80;80;80;80>,{36411=80;40005016=80;36412=80;36413=80},{1=20;2=20;3=20;4=20;5=20;6=20;7=20;8=20;9=20;10=20},{defence=31;specialDefence=31;speed=31;hp=31;damage=31;specialDamage=31},TRUE,16,5,90,5,100%,100%,100%,100%,100%,100%,100%,100%,100%,100%,100%,100%,100%,100%,100%,100%,100%,100%,100%,100%,
400506,,3641,400506,副本6_怪物6,副本6_怪物6,Stage6_Monster6,Phó bản6_Quái vật6,던전6_몬스터6,Masmorra6_Monstro6,ดันเจี้ยน6_มอนสเตอร์6,4,90,12,17,<80;80;80;80;80;80>,{36411=80;36412=80;36413=80;40005026=80},{1=20;2=20;3=20;4=20;5=20;6=20;7=20;8=20;9=20;10=20},{defence=31;specialDefence=31;speed=31;hp=31;damage=31;specialDamage=31},TRUE,16,5,90,5,100%,100%,100%,100%,100%,100%,100%,100%,100%,100%,100%,100%,100%,100%,100%,100%,100%,100%,100%,100%,
400601,,1893,400601,副本7_怪物1,副本7_怪物1,Stage7_Monster1,Phó bản7_Quái vật1,던전7_몬스터1,Masmorra7_Monstro1,ดันเจี้ยน7_มอนสเตอร์1,3,90,12,17,<80;80;80;80;80;80>,{18933=80;18931=80;18936=80;18932=80;40006016=80},{1=20;2=20;3=20;4=20;5=20;6=20;7=20;8=20;9=20;10=20},{defence=31;specialDefence=31;speed=31;hp=31;damage=31;specialDamage=31},TRUE,16,5,90,5,100%,100%,100%,100%,100%,100%,100%,100%,100%,100%,100%,100%,100%,100%,100%,100%,100%,100%,100%,100%,
400602,,1813,400602,副本7_怪物2,副本7_怪物2,Stage7_Monster2,Phó bản7_Quái vật2,던전7_몬스터2,Masmorra7_Monstro2,ดันเจี้ยน7_มอนสเตอร์2,3,90,12,17,<80;80;80;80;80;80>,{18133=80;18131=80;18136=80;40006016=80;18132=80},{1=20;2=20;3=20;4=20;5=20;6=20;7=20;8=20;9=20;10=20},{defence=31;specialDefence=31;speed=31;hp=31;damage=31;specialDamage=31},TRUE,16,5,90,5,100%,100%,100%,100%,100%,100%,100%,100%,100%,100%,100%,100%,100%,100%,100%,100%,100%,100%,100%,100%,
400603,,3021,400603,副本7_怪物3,副本7_怪物3,Stage7_Monster3,Phó bản7_Quái vật3,던전7_몬스터3,Masmorra7_Monstro3,ดันเจี้ยน7_มอนสเตอร์3,3,90,12,17,<80;80;80;80;80;80>,{30213=80;30212=80;30216=80;30214=80;40006016=80;30211=80},{1=20;2=20;3=20;4=20;5=20;6=20;7=20;8=20;9=20;10=20},{defence=31;specialDefence=31;speed=31;hp=31;damage=31;specialDamage=31},TRUE,16,5,90,5,100%,100%,100%,100%,100%,100%,100%,100%,100%,100%,100%,100%,100%,100%,100%,100%,100%,100%,100%,100%,
400604,,1082,400604,副本7_怪物4,副本7_怪物4,Stage7_Monster4,Phó bản7_Quái vật4,던전7_몬스터4,Masmorra7_Monstro4,ดันเจี้ยน7_มอนสเตอร์4,3,90,12,17,<80;80;80;80;80;80>,{10822=80;10826=80;10823=80;10821=80;40006016=80},{1=20;2=20;3=20;4=20;5=20;6=20;7=20;8=20;9=20;10=20},{defence=31;specialDefence=31;speed=31;hp=31;damage=31;specialDamage=31},TRUE,16,5,90,5,100%,100%,100%,100%,100%,100%,100%,100%,100%,100%,100%,100%,100%,100%,100%,100%,100%,100%,100%,100%,
400605,,3353,400605,副本7_怪物5,副本7_怪物5,Stage7_Monster5,Phó bản7_Quái vật5,던전7_몬스터5,Masmorra7_Monstro5,ดันเจี้ยน7_มอนสเตอร์5,3,90,12,17,<80;80;80;80;80;80>,{33531=80;40006016=80;33532=80;33536=80;33533=80},{1=20;2=20;3=20;4=20;5=20;6=20;7=20;8=20;9=20;10=20},{defence=31;specialDefence=31;speed=31;hp=31;damage=31;specialDamage=31},TRUE,16,5,90,5,100%,100%,100%,100%,100%,100%,100%,100%,100%,100%,100%,100%,100%,100%,100%,100%,100%,100%,100%,100%,
400606,,1931,400606,副本7_怪物6,副本7_怪物6,Stage7_Monster6,Phó bản7_Quái vật6,던전7_몬스터6,Masmorra7_Monstro6,ดันเจี้ยน7_มอนสเตอร์6,3,90,12,17,<80;80;80;80;80;80>,{19313=80;19311=80;19316=80;40006016=80;19312=80},{1=20;2=20;3=20;4=20;5=20;6=20;7=20;8=20;9=20;10=20},{defence=31;specialDefence=31;speed=31;hp=31;damage=31;specialDamage=31},TRUE,16,5,90,5,100%,100%,100%,100%,100%,100%,100%,100%,100%,100%,100%,100%,100%,100%,100%,100%,100%,100%,100%,100%,
400701,,1911,400701,副本8_怪物1,副本8_怪物1,Stage8_Monster1,Phó bản8_Quái vật1,던전8_몬스터1,Masmorra8_Monstro1,ดันเจี้ยน8_มอนสเตอร์1,3,90,12,17,<80;80;80;80;80;80>,{19114=80;19112=80;19113=80;19116=80;19111=80;40007016=80},{1=20;2=20;3=20;4=20;5=20;6=20;7=20;8=20;9=20;10=20},{defence=31;specialDefence=31;speed=31;hp=31;damage=31;specialDamage=31},TRUE,16,5,90,5,100%,100%,100%,100%,100%,100%,100%,100%,100%,100%,100%,100%,100%,100%,100%,100%,100%,100%,100%,100%,
400702,,1911,400702,副本8_怪物2,副本8_怪物2,Stage8_Monster2,Phó bản8_Quái vật2,던전8_몬스터2,Masmorra8_Monstro2,ดันเจี้ยน8_มอนสเตอร์2,3,90,12,17,<80;80;80;80;80;80>,{19116=80;19114=80;19112=80;19111=80;19113=80},{1=20;2=20;3=20;4=20;5=20;6=20;7=20;8=20;9=20;10=20},{defence=31;specialDefence=31;speed=31;hp=31;damage=31;specialDamage=31},TRUE,16,5,90,5,100%,100%,100%,100%,100%,100%,100%,100%,100%,100%,100%,100%,100%,100%,100%,100%,100%,100%,100%,100%,
400703,,1911,400703,副本8_怪物3,副本8_怪物3,Stage8_Monster3,Phó bản8_Quái vật3,던전8_몬스터3,Masmorra8_Monstro3,ดันเจี้ยน8_มอนสเตอร์3,3,90,12,17,<80;80;80;80;80;80>,{19116=80;19114=80;19112=80;19111=80;19113=80},{1=20;2=20;3=20;4=20;5=20;6=20;7=20;8=20;9=20;10=20},{defence=31;specialDefence=31;speed=31;hp=31;damage=31;specialDamage=31},TRUE,16,5,90,5,100%,100%,100%,100%,100%,100%,100%,100%,100%,100%,100%,100%,100%,100%,100%,100%,100%,100%,100%,100%,
400704,,1911,400704,副本8_怪物4,副本8_怪物4,Stage8_Monster4,Phó bản8_Quái vật4,던전8_몬스터4,Masmorra8_Monstro4,ดันเจี้ยน8_มอนสเตอร์4,3,90,12,17,<80;80;80;80;80;80>,{19116=80;19114=80;19112=80;19111=80;19113=80},{1=20;2=20;3=20;4=20;5=20;6=20;7=20;8=20;9=20;10=20},{defence=31;specialDefence=31;speed=31;hp=31;damage=31;specialDamage=31},TRUE,16,5,90,5,100%,100%,100%,100%,100%,100%,100%,100%,100%,100%,100%,100%,100%,100%,100%,100%,100%,100%,100%,100%,
400705,,1911,400705,副本8_怪物5,副本8_怪物5,Stage8_Monster5,Phó bản8_Quái vật5,던전8_몬스터5,Masmorra8_Monstro5,ดันเจี้ยน8_มอนสเตอร์5,3,90,12,17,<80;80;80;80;80;80>,{19116=80;19114=80;19112=80;19111=80;19113=80},{1=20;2=20;3=20;4=20;5=20;6=20;7=20;8=20;9=20;10=20},{defence=31;specialDefence=31;speed=31;hp=31;damage=31;specialDamage=31},TRUE,16,5,90,5,100%,100%,100%,100%,100%,100%,100%,100%,100%,100%,100%,100%,100%,100%,100%,100%,100%,100%,100%,100%,
400706,,1911,400706,副本8_怪物6,副本8_怪物6,Stage8_Monster6,Phó bản8_Quái vật6,던전8_몬스터6,Masmorra8_Monstro6,ดันเจี้ยน8_มอนสเตอร์6,3,90,12,17,<80;80;80;80;80;80>,{19116=80;19114=80;19112=80;19111=80;19113=80},{1=20;2=20;3=20;4=20;5=20;6=20;7=20;8=20;9=20;10=20},{defence=31;specialDefence=31;speed=31;hp=31;damage=31;specialDamage=31},TRUE,16,5,90,5,100%,100%,100%,100%,100%,100%,100%,100%,100%,100%,100%,100%,100%,100%,100%,100%,100%,100%,100%,100%,
400801,,482,400801,副本9_怪物1,副本9_怪物1,Stage9_Monster1,Phó bản9_Quái vật1,던전9_몬스터1,Masmorra9_Monstro1,ดันเจี้ยน9_มอนสเตอร์1,2,90,12,17,<80;80;80;80;80;80>,{4822=80;4821=80;40008026=80;4826=80;4823=80},{1=20;2=20;3=20;4=20;5=20;6=20;7=20;8=20;9=20;10=20},{defence=31;specialDefence=31;speed=31;hp=31;damage=31;specialDamage=31},TRUE,16,5,90,5,100%,100%,100%,100%,100%,100%,100%,100%,100%,100%,100%,100%,100%,100%,100%,100%,100%,100%,100%,100%,
400802,,3771,400802,副本9_怪物2,副本9_怪物2,Stage9_Monster2,Phó bản9_Quái vật2,던전9_몬스터2,Masmorra9_Monstro2,ดันเจี้ยน9_มอนสเตอร์2,3,90,12,17,<80;80;80;80;80;80>,{37716=80;37713=80;37712=80;40008026=80;37711=80},{1=20;2=20;3=20;4=20;5=20;6=20;7=20;8=20;9=20;10=20},{defence=31;specialDefence=31;speed=31;hp=31;damage=31;specialDamage=31},TRUE,16,5,90,5,100%,100%,100%,100%,100%,100%,100%,100%,100%,100%,100%,100%,100%,100%,100%,100%,100%,100%,100%,100%,
400803,,283,400803,副本9_怪物3,副本9_怪物3,Stage9_Monster3,Phó bản9_Quái vật3,던전9_몬스터3,Masmorra9_Monstro3,ดันเจี้ยน9_มอนสเตอร์3,2,90,12,17,<80;80;80;80;80;80>,{2832=80;2831=80;2836=80;40008026=80;2833=80},{1=20;2=20;3=20;4=20;5=20;6=20;7=20;8=20;9=20;10=20},{defence=31;specialDefence=31;speed=31;hp=31;damage=31;specialDamage=31},TRUE,16,5,90,5,100%,100%,100%,100%,100%,100%,100%,100%,100%,100%,100%,100%,100%,100%,100%,100%,100%,100%,100%,100%,
400804,,391,400804,副本9_怪物4,副本9_怪物4,Stage9_Monster4,Phó bản9_Quái vật4,던전9_몬스터4,Masmorra9_Monstro4,ดันเจี้ยน9_มอนสเตอร์4,3,90,12,17,<80;80;80;80;80;80>,{3916=80;3911=80;3913=80;3912=80;40008026=80},{1=20;2=20;3=20;4=20;5=20;6=20;7=20;8=20;9=20;10=20},{defence=31;specialDefence=31;speed=31;hp=31;damage=31;specialDamage=31},TRUE,16,5,90,5,100%,100%,100%,100%,100%,100%,100%,100%,100%,100%,100%,100%,100%,100%,100%,100%,100%,100%,100%,100%,
400805,,1772,400805,副本9_怪物5,副本9_怪物5,Stage9_Monster5,Phó bản9_Quái vật5,던전9_몬스터5,Masmorra9_Monstro5,ดันเจี้ยน9_มอนสเตอร์5,3,90,12,17,<80;80;80;80;80;80>,{40008056=80},{1=20;2=20;3=20;4=20;5=20;6=20;7=20;8=20;9=20;10=20},{defence=31;specialDefence=31;speed=31;hp=31;damage=31;specialDamage=31},TRUE,16,5,90,5,100%,100%,100%,100%,100%,100%,100%,100%,100%,100%,100%,100%,100%,100%,100%,100%,100%,100%,100%,100%,
400806,,221,400806,副本9_怪物6,副本9_怪物6,Stage9_Monster6,Phó bản9_Quái vật6,던전9_몬스터6,Masmorra9_Monstro6,ดันเจี้ยน9_มอนสเตอร์6,2,90,12,17,<80;80;80;80;80;80>,{2211=80;2212=80;2213=80;2216=80;40008026=80},{1=20;2=20;3=20;4=20;5=20;6=20;7=20;8=20;9=20;10=20},{defence=31;specialDefence=31;speed=31;hp=31;damage=31;specialDamage=31},TRUE,16,5,90,5,100%,100%,100%,100%,100%,100%,100%,100%,100%,100%,100%,100%,100%,100%,100%,100%,100%,100%,100%,100%,
400901,,741,400901,副本10_怪物1,副本10_怪物1,Stage10_Monster1,Phó bản10_Quái vật1,던전10_몬스터1,Masmorra10_Monstro1,ดันเจี้ยน10_มอนสเตอร์1,3,90,12,17,<80;80;80;80;80;80>,{7411=80;7413=80;7412=80;7416=80},{1=20;2=20;3=20;4=20;5=20;6=20;7=20;8=20;9=20;10=20},{defence=31;specialDefence=31;speed=31;hp=31;damage=31;specialDamage=31},TRUE,16,5,90,5,100%,100%,100%,100%,100%,100%,100%,100%,100%,100%,100%,100%,100%,100%,100%,100%,100%,100%,100%,100%,
400902,,3772,400902,副本10_怪物2,副本10_怪物2,Stage10_Monster2,Phó bản10_Quái vật2,던전10_몬스터2,Masmorra10_Monstro2,ดันเจี้ยน10_มอนสเตอร์2,3,90,12,17,<80;80;80;80;80;80>,{37721=80;37722=80;37726=80;37723=80},{1=20;2=20;3=20;4=20;5=20;6=20;7=20;8=20;9=20;10=20},{defence=31;specialDefence=31;speed=31;hp=31;damage=31;specialDamage=31},TRUE,16,5,90,5,100%,100%,100%,100%,100%,100%,100%,100%,100%,100%,100%,100%,100%,100%,100%,100%,100%,100%,100%,100%,
400903,,603,400903,副本10_怪物3,副本10_怪物3,Stage10_Monster3,Phó bản10_Quái vật3,던전10_몬스터3,Masmorra10_Monstro3,ดันเจี้ยน10_มอนสเตอร์3,3,90,12,17,<80;80;80;80;80;80>,{6031=80;6032=80;6033=80;6036=80},{1=20;2=20;3=20;4=20;5=20;6=20;7=20;8=20;9=20;10=20},{defence=31;specialDefence=31;speed=31;hp=31;damage=31;specialDamage=31},TRUE,16,5,90,5,100%,100%,100%,100%,100%,100%,100%,100%,100%,100%,100%,100%,100%,100%,100%,100%,100%,100%,100%,100%,
400904,,163,400904,副本10_怪物4,副本10_怪物4,Stage10_Monster4,Phó bản10_Quái vật4,던전10_몬스터4,Masmorra10_Monstro4,ดันเจี้ยน10_มอนสเตอร์4,3,90,12,17,<80;80;80;80;80;80>,{1632=80;1631=80;1633=80;1636=80},{1=20;2=20;3=20;4=20;5=20;6=20;7=20;8=20;9=20;10=20},{defence=31;specialDefence=31;speed=31;hp=31;damage=31;specialDamage=31},TRUE,16,5,90,5,100%,100%,100%,100%,100%,100%,100%,100%,100%,100%,100%,100%,100%,100%,100%,100%,100%,100%,100%,100%,
400905,,14,400905,副本10_怪物5,副本10_怪物5,Stage10_Monster5,Phó bản10_Quái vật5,던전10_몬스터5,Masmorra10_Monstro5,ดันเจี้ยน10_มอนสเตอร์5,3,90,12,17,<80;80;80;80;80;80>,{141=80;146=80;142=80;143=80},{1=20;2=20;3=20;4=20;5=20;6=20;7=20;8=20;9=20;10=20},{defence=31;specialDefence=31;speed=31;hp=31;damage=31;specialDamage=31},TRUE,16,5,90,5,100%,100%,100%,100%,100%,100%,100%,100%,100%,100%,100%,100%,100%,100%,100%,100%,100%,100%,100%,100%,
400906,,4132,400906,副本10_怪物6,副本10_怪物6,Stage10_Monster6,Phó bản10_Quái vật6,던전10_몬스터6,Masmorra10_Monstro6,ดันเจี้ยน10_มอนสเตอร์6,3,90,12,17,<80;80;80;80;80;80>,{41323=80;41321=80;41326=80;41322=80},{1=20;2=20;3=20;4=20;5=20;6=20;7=20;8=20;9=20;10=20},{defence=31;specialDefence=31;speed=31;hp=31;damage=31;specialDamage=31},TRUE,16,5,90,5,100%,100%,100%,100%,100%,100%,100%,100%,100%,100%,100%,100%,100%,100%,100%,100%,100%,100%,100%,100%,
