变量名,key,text,text_tw,text_en,text_vn,text_kr,text_pt,text_th
默认值,"""404404""","""404404""","""language404404""","""language404404""","""language404404""","""language404404""","""""",""""""
序号,key（5000之前是服务器使用）,中文简体,描述,描述,描述,描述,描述,描述
1,sessionError,Please login again!,請重新登入！,Please login again!,Mời một lần nữa đăng nhập!,다시 로그인하세요!,"Por favor, faça login novamente!",กรุณาเข้าสู่ระบบอีกครั้ง!
2,todayChanllengeToMuch,You've reached the maximum number of battles today and cannot battle anymore!,今日挑戰已達上限，不能再挑戰啦！,You've reached the maximum number of battles today and cannot battle anymore!,"Hôm nay đã đạt giới hạn thử thách, không thể thử thách thêm nữa!",오늘의 도전이 이미 한도에 도달했습니다!,Você atingiu o número máximo de batalhas hoje e não pode mais batalhar!,วันนี้คุณถึงจำนวนการต่อสู้สูงสุดแล้วและไม่สามารถต่อสู้ต่อไปได้อีก!
3,advanceGoldNotEnough,"Insufficient coins, unable to breakthrough!",金幣不足，無法突破！,"Insufficient coins, unable to breakthrough!","Không đủ vàng, không thể đột phá!",코인이 부족해 돌파할 수 없습니다!,"Moedas insuficientes, não é possível avançar!",เหรียญไม่เพียงพอ ไม่สามารถฝ่าทะลุได้!
4,advanceItemsNotEnough,"Insufficient items, unable to breakthrough!",道具不足，無法突破！,"Insufficient items, unable to breakthrough!",Không đủ vật phẩm! Không thể đột phá!,아이템이 부족해 돌파할 수 없습니다!,"Itens insuficientes, não é possível avançar!",สิ่งของไม่เพียงพอ ไม่สามารถฝ่าทะลุได้!
5,advanceLevelNotEnough,"Insufficient level, unable to breakthrough!",等級不足，無法突破！,"Insufficient level, unable to breakthrough!",Cấp độ không đủ để đột phá!,레벨이 부족해 돌파할 수 없습니다!,"Nível insuficiente, incapaz de avançar!",ระดับไม่เพียงพอ ไม่สามารถฝ่าทะลุได้!
6,advanceFragsNotEnough,"""Insufficient shards, unable to upgrade!""",碎片不足，無法進階！,"""Insufficient shards, unable to upgrade!""",Không đủ Mảnh ghép để tiến hóa!,조각이 부족해 진화할 수 없습니다!,"Fragmentos insuficientes, não é possível atualizar!",ชิ้นส่วนไม่เพียงพอ ไม่สามารถอัปเกรดได้!
7,advanceMaxErr,"""You've upgraded to the maximum level, so stay tuned for new updates!""",已突破到頂級，敬請期待新版本更新！,"""You've upgraded to the maximum level, so stay tuned for new updates!""","Đã đột phá cấp cao nhất, vui lòng chờ cập nhật phiên bản mới!",이미 한도까지 돌파했습니다. 신규 업데이트를 기대해 주세요!,"Você atingiu o nível máximo, então fique atento às novas atualizações!",คุณได้อัปเกรดเป็นระดับสูงสุดแล้ว ดังนั้นโปรดติดตามการอัปเดตใหม่ๆ ต่อไป!
8,skillLevelGoldNotEnough,"""Gold is not enough, skill can't  upgrade.""",金幣不足，技能無法升級！,"""Gold is not enough, skill can't  upgrade.""","Không đủ vàng, không thể nâng cấp kỹ năng!",코인이 부족해 기술을 레벨업할 수 없습니다!,"Ouro não é suficiente, habilidade não pode ser aprimorada.",“ทองอย่างเดียวไม่พอ ทักษะก็อัพเกรดไม่ได้”
9,skillLevelItemsNotEnough,"""Insufficient item, unable to upgrade moves!""",道具不足，技能無法升級！,"""Insufficient item, unable to upgrade moves!""",Không đủ vật phẩm để nâng cấp kỹ năng!,아이템이 부족해 기술을 레벨업할 수 없습니다!,"Item insuficiente, não é possível melhorar os movimentos!",ไอเทมไม่เพียงพอ ไม่สามารถอัพเกรดท่าได้!
10,skillLevelLevelNotEnough,Insufficient Pokémon level to upgrade the move!,精靈等級不足，技能無法升級！,Insufficient Pokémon level to upgrade the move!,"Cấp độ Pokémon quá thấp, không thể nâng cấp kỹ năng!",포켓몬 레벨이 부족해 기술을 레벨업할 수 없습니다!,Nível de Pokémon insuficiente para melhorar o movimento!,เลเวลโปเกมอนไม่เพียงพอที่จะอัพเกรดการเคลื่อนไหว!
11,strategyUnlockLevelNotEnough,"""Insufficient level, unable to unlock strategic moves!""",等級不足，策略技能無法解鎖！,"""Insufficient level, unable to unlock strategic moves!""","Cấp độ không đủ, kỹ năng chiến thuật không thể mở khóa!",레벨이 부족해 전략 기술을 개방할 수 없습니다!,"Nível insuficiente, não é possível desbloquear movimentos estratégicos!",เลเวลไม่เพียงพอ ไม่สามารถปลดล็อคการเคลื่อนไหวเชิงกลยุทธ์ได้!
12,strategyUnlockItemNotEnough,"""Insufficient items, unable to unlock strategic moves!""",道具不足，策略技能無法解鎖！,"""Insufficient items, unable to unlock strategic moves!""","Vật phẩm không đủ, kỹ năng chiến thuật không thể mở khóa!",아이템이 부족해 전략 기술을 개방할 수 없습니다!,"Itens insuficientes, não é possível desbloquear movimentos estratégicos!",ไอเทมไม่เพียงพอ ไม่สามารถปลดล็อคการเคลื่อนไหวเชิงกลยุทธ์ได้!
13,buyShopTimesLimit,You've used up all the shop purchases chances!,商店限購次數已用完！,You've used up all the shop purchases chances!,Cửa hàng hạn mua số lần đã sử dụng hết!,상점 구매 횟수를 모두 사용했습니다!,Você usou todas as chances de comprar na loja!,คุณได้ใช้โอกาสในการซื้อของจากร้านค้าหมดแล้ว!
14,zhulianItemsNotEnough,"""Insufficient items, unable to smelt!""",道具不足，無法鑄煉！,"""Insufficient items, unable to smelt!""",Không đủ vật phẩm để rèn!,아이템이 부족해 재련할 수 없습니다!,"Itens insuficientes, não é possível fundir!",“ของมีไม่เพียงพอ หลอมไม่ได้!”
15,strategyUpdateMax,"""Level  is not enough,can't  upgrade.""",策略技能已經到頂級，無法升級！,"""Level  is not enough,can't  upgrade.""","Kỹ năng chiến thuật đã đạt cấp độ tối đa, không thể nâng cấp!",전략 기술이 이미 최고 레벨입니다!,"O nível não é suficiente, não é possível atualizar.",เลเวลไม่เพียงพอ อัพเกรดไม่ได้
16,taskUnFinished,Quest not completed!,任務未完成！,Quest not completed!,Nhiệm vụ chưa hoàn thành!,퀘스트가 완료되지 않았습니다!,Missão não concluída!,ภารกิจไม่เสร็จสมบูรณ์!
17,taskClosed,Quest reward has been claimed!,任務獎勵已領取！,Quest reward has been claimed!,Nhiệm vụ ban thưởng đã nhận lấy!,퀘스트 보상을 이미 수령했습니다!,A recompensa da missão foi reivindicada!,รับรางวัลภารกิจแล้ว!
18,fragCombCardExisted,Pokémon already exists and the shards cannot be combined!,精靈已經存在，無法進行碎片合成！,Pokémon already exists and the shards cannot be combined!,"Pokémon đã tồn tại, không thể hợp thành Mảnh!",포켓몬이 이미 존재해 조각 합성을 진행할 수 없습니다!,O Pokémon já existe e os fragmentos não podem ser combinados!,โปเกมอนมีอยู่แล้วและไม่สามารถรวมชิ้นส่วนเข้าด้วยกันได้!
19,levelLessNoOpened,"""Insufficient trainer level, unable to unlock!""",主角等級不足，無法開啟！,"""Insufficient trainer level, unable to unlock!""","Nhân vật chính cấp bậc chưa đủ, không cách nào mở ra!",주인공 레벨이 부족해 개방할 수 없습니다!,"Nível de treinador insuficiente, não é possível desbloquear!",ระดับเทรนเนอร์ไม่เพียงพอ ปลดล็อคไม่ได้!
20,rankChanged,"""Main character ranking has changed, please choose another opponent!""",主角排名發生變動，請重新選擇對手！,"""Main character ranking has changed, please choose another opponent!""","Nhân vật chính xếp hạng phát sinh biến động, mời lựa chọn lần nữa đối thủ!",주인공 순위에 변화가 발생했습니다. 도전 대상을 다시 선택하세요!,"A classificação do personagem principal mudou, por favor, escolha outro oponente!",อันดับตัวละครหลักมีการเปลี่ยนแปลง กรุณาเลือกคู่ต่อสู้อื่น!
21,rankBigger,I can't challenge opponents who are weaker than you!,你無法挑戰比你弱的對手！,I can't challenge opponents who are weaker than you!,Ngươi không cách nào khiêu chiến so ngươi yếu đối thủ!,더 약한 상대에게 도전할 수 없습니다!,Não posso desafiar oponentes mais fracos que você!,ฉันไม่สามารถท้าทายคู่ต่อสู้ที่อ่อนแอกว่าคุณได้!
22,rankTimerNoCD,Time for next challenge is not up yet!,下次挑戰時間未到！,Time for next challenge is not up yet!,Lần sau khiêu chiến thời gian chưa tới!,다음 도전 시간이 되지 않았습니다!,Ainda não chegou a hora do próximo desafio!,ยังไม่ถึงเวลาสำหรับการท้าทายครั้งต่อไป!
23,rankEnemyChanged,"""Opponent ranking change, please re-select!""",對手排名發生變動，請重新選擇對手！,"""Opponent ranking change, please re-select!""","Đối thủ xếp hạng phát sinh biến động, mời lựa chọn lần nữa đối thủ!",상대의 순위에 변화가 발생했습니다. 도전 대상을 다시 선택하세요!,"Alteração na classificação do oponente, selecione novamente!",อันดับฝ่ายตรงข้ามเปลี่ยนแปลง กรุณาเลือกใหม่อีกครั้ง!
24,rankEnemyBattling,"""Opponent is in battle, please select another opponent!""",對手正在戰鬥，請重新選擇對手！,"""Opponent is in battle, please select another opponent!""","Đối thủ ngay tại chiến đấu, mời lựa chọn lần nữa đối thủ!",상대가 전투 중입니다. 도전 대상을 다시 선택하세요!,"O oponente está em batalha, selecione outro oponente!",คู่ต่อสู้กำลังอยู่ในการต่อสู้ กรุณาเลือกคู่ต่อสู้อื่น!
25,rankPrevNoFinished,"""The last battle has not ended yet, as the winner is undecided, please come again later!""",上次戰鬥未結束，勝負未知，請稍後再來！,"""The last battle has not ended yet, as the winner is undecided, please come again later!""","Lần trước chiến đấu chưa kết thúc, thắng bại không biết, xin sau lại đến!",지난 전투가 아직 끝나지 않아 승부가 정해지지 않았습니다. 잠시 후 다시 시도하세요!,"A última batalha ainda não terminou, pois o vencedor ainda não foi decidido. Por favor, volte mais tarde!",การต่อสู้ครั้งสุดท้ายยังไม่สิ้นสุด เนื่องจากผู้ชนะยังไม่ถูกตัดสิน โปรดมาอีกครั้งในภายหลัง!
26,pvpShopRefresh,"""The Arena Shop has refreshed, please purchase again!""",競技場商店已經刷新，請重新選購！,"""The Arena Shop has refreshed, please purchase again!""","Sân thi đấu cửa hàng đã đổi mới, mời một lần nữa chọn mua!",아레나 상점이 이미 갱신되었습니다. 다시 구매하세요!,"A Arena Shop foi atualizada, compre novamente!",ร้าน Arena Shop ได้รับการปรับปรุงใหม่แล้ว โปรดซื้ออีกครั้ง!
27,pvpShopRefreshRMBNotEnough,"""Insufficient diamonds, unable to refresh!""",鑽石不足，無法刷新！,"""Insufficient diamonds, unable to refresh!""","Kim cương không đủ, không cách nào đổi mới!",다이아가 부족해 갱신할 수 없습니다!,"Diamantes insuficientes, não é possível atualizar!",เพชรไม่เพียงพอ ไม่สามารถรีเฟรชได้!
28,drawCardRMBNotEnough,"""Insufficient diamonds, you can't draw card!""",鑽石不足，無法抽卡！,"""Insufficient diamonds, you can't draw card!""","Kim cương không đủ, không cách nào rút thẻ!",다이아가 부족해 뽑기를 할 수 없습니다!,"Diamantes insuficientes, você não pode comprar cartas!",“เพชรไม่เพียงพอ คุณไม่สามารถจั่วการ์ดได้!”
29,drawCardGoldNotEnough,"""Gold is not enough, can't refresh.""",金幣不足，無法抽卡！,"""Gold is not enough, can't refresh.""","Kim tệ không đủ, không cách nào rút thẻ!",코인이 부족해 뽑기를 할 수 없습니다!,"O ouro não é suficiente, não pode renovar.",ทองอย่างเดียวไม่พอ เติมซ้ำไม่ได้
30,freeDrawCardTimerNoCD,"""Time has not refreshed yet, you can't draw a card for free!""",免費時間未到，無法抽卡！,"""Time has not refreshed yet, you can't draw a card for free!""","Miễn phí thời gian chưa tới, không cách nào rút thẻ!",무료 시간이 되지 않았습니다!,"O tempo ainda não atualizou, você não pode comprar uma carta de graça!",เวลายังไม่หมด คุณยังจั่วการ์ดฟรีไม่ได้หรอก!
31,vipLevelMax,"""VIP has maxed, can't purchase.""",VIP已經到頂級，無法購買！,"""VIP has maxed, can't purchase.""","VIP Đã đến đỉnh cấp, không cách nào mua!",이미 VIP 최고 레벨입니다!,"O VIP atingiu o máximo, não é possível comprar.",VIP ถึงระดับสูงสุดแล้ว ไม่สามารถซื้อได้
32,vipLevelUpRMBNotEnough,"""Insufficient diamonds, you can't purchase VIP!""",鑽石不足，VIP無法儲值！,"""Insufficient diamonds, you can't purchase VIP!""","Kim cương không đủ, VIP Không cách nào nạp tiền!",다이아가 부족해 VIP 충전을 할 수 없습니다!,"Diamantes insuficientes, você não pode comprar VIP!",เพชรไม่เพียงพอ คุณไม่สามารถซื้อ VIP ได้!
33,pwBuyMax,You've reached the maximum No. of rank match purchases!,今日排位賽購買次數已達上限！,You've reached the maximum No. of rank match purchases!,Hôm nay cuộc thi xếp hạng mua số lần đã đạt hạn mức cao nhất!,오늘의 순위전 구매 횟수가 이미 한도에 도달했습니다!,Você atingiu o número máximo de compras de correspondência de classificação!,คุณได้ถึงจำนวนการซื้อที่ตรงกับอันดับสูงสุดแล้ว!
34,buyRMBNotEnough,"""Insufficient diamonds, unable to buy!""",鑽石不足，無法購買！,"""Insufficient diamonds, unable to buy!""","Kim cương không đủ, không cách nào mua!",다이아가 부족해 구매할 수 없습니다!,"Diamantes insuficientes, não é possível comprar!",เพชรไม่เพียงพอ ไม่สามารถซื้อได้!
35,staminaBuyMax,You've reached the maximum No. of energy purchases!,今日體力購買次數已達上限！,You've reached the maximum No. of energy purchases!,Hôm nay thể lực mua số lần đã đạt hạn mức cao nhất!,오늘의 체력 구매 횟수가 이미 한도에 도달했습니다!,Você atingiu o número máximo de compras de energia!,คุณได้ถึงจำนวนการซื้อพลังงานสูงสุดแล้ว!
36,staminaBuyNoNeed,"""Energy has reached the maximum, you don't have to buy it anymore!""",體力已達上限，無需購買！,"""Energy has reached the maximum, you don't have to buy it anymore!""","Thể lực đã đạt hạn mức cao nhất, không cần mua!",체력이 이미 한도에 도달했습니다.,"A energia atingiu o máximo, você não precisa mais comprá-la!",พลังงานถึงขีดสุดแล้ว ไม่ต้องซื้อเพิ่มอีกแล้ว!
37,herogateBuyMax,You've reached the maximum no. of Difficult level resets today!,今日困難關卡重置次數已達上限！,You've reached the maximum no. of Difficult level resets today!,Lần Reset Ải Khó hôm nay đạt tối đa!,오늘의 하드 스테이지 초기화 횟수가 이미 한도에 도달했습니다!,Você atingiu o número máximo de redefinições de nível Difícil hoje!,วันนี้คุณถึงจำนวนสูงสุดของการรีเซ็ตระดับความยากแล้ว!
38,huodongNoOpen,Event coming soon!,活動未開啟！,Event coming soon!,Hoạt động chưa mở ra!,이벤트 미개방,Evento em breve!,กิจกรรมกำลังจะมาเร็วๆ นี้!
39,huodongLevelNotEnough,"""Insufficient level, unable to unlock the event!""",等級不足，無法開啟活動！,"""Insufficient level, unable to unlock the event!""","Cấp bậc chưa đủ, không cách nào mở ra hoạt động!",레벨이 부족해 이벤트를 개방할 수 없습니다!,"Nível insuficiente, não é possível desbloquear o evento!",เลเวลไม่เพียงพอ ไม่สามารถปลดล็อคกิจกรรมได้!
40,huodongChanllengeToMuch,You've reached the maximum No. of attempts for this event!,活動挑戰次數已達上限！,You've reached the maximum No. of attempts for this event!,Hoạt động khiêu chiến số lần đã đạt hạn mức cao nhất!,이벤트 도전 횟수가 이미 최대입니다!,Você atingiu o número máximo de tentativas para este evento!,คุณได้ถึงจำนวนครั้งสูงสุดของความพยายามสำหรับกิจกรรมนี้แล้ว!
41,gateStaminaNotEnough,"""Insufficient energy, you can't change challenge this level!""",體力不足，無法挑戰關卡！,"""Insufficient energy, you can't change challenge this level!""","Thể lực không đủ, không cách nào khiêu chiến cửa ải!",체력이 부족해 스테이지에 도전할 수 없습니다!,"Energia insuficiente, você não pode mudar o desafio deste nível!",พลังงานไม่เพียงพอ คุณไม่สามารถเปลี่ยนความท้าทายระดับนี้ได้!
42,gateNoOpen,You can't challenge this level!,該關卡你無法挑戰！,You can't challenge this level!,Nên cửa ải ngươi không cách nào khiêu chiến!,해당 스테이지는 도전할 수 없습니다!,Você não pode desafiar este nível!,คุณไม่สามารถท้าทายระดับนี้ได้!
43,gateCardsError,The Pokémons in battle are incorrect!,出戰精靈不對！,The Pokémons in battle are incorrect!,Pokémon xuất chiến không đúng!,출전 포켓몬이 맞지 않습니다!,Os Pokémon em batalha estão incorretos!,โปเกมอนในการต่อสู้นั้นไม่ถูกต้อง!
44,gateBenchCardsError,The substitute Pokémon is incorrect!,替補精靈不對！,The substitute Pokémon is incorrect!,Pokémon thay thế không đúng!,대체 포켓몬이 맞지 않습니다!,O Pokémon substituto está incorreto!,โปเกม่อนทดแทนไม่ถูกต้อง!
45,fragCombfragNotEnough,"""Insufficient shard, cannot combine!""",碎片不足，無法合成！,"""Insufficient shard, cannot combine!""","Mảnh vỡ không đủ, không cách nào hợp thành!",조각이 부족해 합성할 수 없습니다!,"Fragmento insuficiente, não é possível combinar!",“ชิ้นส่วนไม่เพียงพอ ไม่สามารถรวมกันได้!”
46,lianjinRMBNotEnough,"""Insufficient diamonds, unable to process the alchemy!""",鑽石不足，無法煉金！,"""Insufficient diamonds, unable to process the alchemy!""","Kim cương không đủ, không cách nào luyện kim!",다이아가 부족해 연금을 진행할 수 없습니다!,"Diamantes insuficientes, incapaz de processar a alquimia!",“เพชรไม่เพียงพอ ไม่สามารถประมวลผลแร่แปรธาตุได้!”
47,lianjinMax,You've reached the maximum No. of alchemy attempts!,今日煉金次數已達上限！,You've reached the maximum No. of alchemy attempts!,Hôm nay luyện kim số lần đã đạt hạn mức cao nhất!,오늘의 연금 횟수가 한도에 도달했습니다!,Você atingiu o número máximo de tentativas de alquimia!,คุณได้ถึงจำนวนสูงสุดของการลองเล่นแร่แปรธาตุแล้ว!
48,saodangTimesNotEnough,"""Insufficient No. of blitzes, blitz failed!""",掃蕩次數不足，無法掃蕩！,"""Insufficient No. of blitzes, blitz failed!""","Càn quét số lần không đủ, không cách nào càn quét!",소탕 횟수가 부족해 소탕할 수 없습니다!,"Número insuficiente de blitzes, blitz falhou!",จำนวนบลิตซ์ไม่เพียงพอ บลิตซ์ล้มเหลว!
49,saodangGateNoStar,"""This level is not cleared with 3 Stars, you can't blitz it!""",該關卡未三星通關，你無法掃蕩！,"""This level is not cleared with 3 Stars, you can't blitz it!""","Nên cửa ải chưa tam tinh thông quan, ngươi không cách nào càn quét!",해당 스테이지를 3성으로 클리어하지 않아 소탕할 수 없습니다!,"Este nível não é concluído com 3 estrelas, você não pode destruí-lo!",ด่านนี้ไม่สามารถผ่านได้ด้วย 3 ดาว คุณไม่สามารถบลิทซ์ได้!
50,saodangGateTimesNotEnough,"""Insufficient No. of chances to challenge the level, you're unable to blitz!""",該關卡剩餘挑戰次數不足，你無法掃蕩！,"""Insufficient No. of chances to challenge the level, you're unable to blitz!""","Nên cửa ải còn thừa khiêu chiến số lần không đủ, ngươi không cách nào càn quét!",해당 스테이지의 잔여 도전 횟수가 부족해 소탕할 수 없습니다!,"Número insuficiente de chances de desafiar o nível, você não consegue fazer blitz!",โอกาสในการท้าทายด่านไม่เพียงพอ คุณไม่สามารถบลิตซ์ได้!
51,saodangMultiVIPNotEnough,"""Insufficient VIP level, unable to blitz multiple times!""",VIP等級不足，無法掃蕩多次！,"""Insufficient VIP level, unable to blitz multiple times!""","VIP Cấp bậc chưa đủ, không cách nào càn quét nhiều lần!",VIP레벨이 부족해 소탕할 수 없습니다!,"Nível VIP insuficiente, não é possível atacar várias vezes!",ระดับ VIP ไม่เพียงพอ ไม่สามารถบลิตซ์ซ้ำหลายๆ ครั้งได้!
52,yuanzhengNoOpen,"""Insufficient level, unable to activate trial!""",等級不足，無法開啟試煉！,"""Insufficient level, unable to activate trial!""","Cấp bậc chưa đủ, không cách nào mở ra thí luyện!",레벨이 부족해 시련을 개방할 수 없습니다!,"Nível insuficiente, não é possível ativar o teste!",ระดับไม่เพียงพอ ไม่สามารถเปิดใช้งานการทดลองใช้ได้!
53,yuanzhengShopRefresh,"""The trial shop has refreshed, please purchase again!""",試煉商店已經刷新，請重新選購！,"""The trial shop has refreshed, please purchase again!""","Thí luyện cửa hàng đã đổi mới, mời một lần nữa chọn mua!",시련 상점이 이미 갱신되었습니다. 다시 구매하세요!,"A loja de teste foi atualizada, compre novamente!",ร้านทดลองได้รีเฟรชแล้ว โปรดซื้ออีกครั้ง!
54,shopCoinNotEnough,"""Insufficient points, unable to buy!""",積分不足，無法購買！,"""Insufficient points, unable to buy!""","Điểm tích lũy không đủ, không cách nào mua!",포인트가 부족해 구매할 수 없습니다!,"Pontos insuficientes, não é possível comprar!",แต้มไม่เพียงพอ ไม่สามารถซื้อได้!
55,yuanzhengShopRefreshRMBNotEnough,"""Insufficient diamonds, unable to refresh!""",鑽石不足，無法刷新！,"""Insufficient diamonds, unable to refresh!""","Kim cương không đủ, không cách nào đổi mới!",다이아가 부족해 갱신할 수 없습니다!,"Diamantes insuficientes, não é possível atualizar!",เพชรไม่เพียงพอ ไม่สามารถรีเฟรชได้!
56,kgStaminaNotEnough,"""Insufficient energy, unable to study artefacts!""",活力不足，無法考古！,"""Insufficient energy, unable to study artefacts!""",Năng lượng không đủ để khai quật!,활력이 부족해 고고학을 진행할 수 없습니다!,"Energia insuficiente, incapaz de estudar artefatos!",“พลังงานไม่เพียงพอ ไม่สามารถศึกษาสิ่งประดิษฐ์ได้!”
57,kgLevelNotEnough,"""Insufficient trainer level, unable to study artefacts!""",等級不足，無法考古！,"""Insufficient trainer level, unable to study artefacts!""",Cấp độ không đủ để khai quật!,레벨이 부족해 고고학을 진행할 수 없습니다!,"Nível de treinador insuficiente, incapaz de estudar artefatos!",“ระดับผู้ฝึกสอนไม่เพียงพอ ไม่สามารถศึกษาสิ่งประดิษฐ์ได้!”
58,kgStaminaBuyNoNeed,"""Energy is full, you don't have to buy it anymore!""",活力已達上限，無需購買！,"""Energy is full, you don't have to buy it anymore!""","Sức sống đã đạt hạn mức cao nhất, không cần mua!",활력이 이미 최대이므로 구매할 수 없습니다!,"A energia está cheia, você não precisa mais comprá-la!",พลังเต็ม ไม่ต้องซื้อเพิ่มแล้ว!
59,kgStaminaBuyMax,You've reached the maximum No. of purchases for Activity Points!,今日活力購買次數已達上限！,You've reached the maximum No. of purchases for Activity Points!,Hôm nay sức sống mua số lần đã đạt hạn mức cao nhất!,오늘의 활력 구매 횟수가 이미 한도에 도달했습니다!,Você atingiu o número máximo de compras para Pontos de Atividade!,คุณได้ถึงจำนวนการซื้อสูงสุดสำหรับแต้มกิจกรรมแล้ว!
60,kgShopRefresh,Archaeology Shop has expired!,考古商店已過期！,Archaeology Shop has expired!,Cửa hàng khảo cổ đã hết hạn!,고고학 상점이 이미 만료되었습니다!,A Loja de Arqueologia expirou!,ร้านโบราณคดีหมดอายุแล้ว!
61,yyHuoDongNoActive,This event can't be claimed!,該活動無法領取！,This event can't be claimed!,Nên hoạt động không cách nào nhận lấy!,해당 이벤트는 수령할 수 없습니다!,Este evento não pode ser reivindicado!,กิจกรรมนี้ไม่สามารถอ้างสิทธิ์ได้!
62,yyHuoDongRechargeNoTimes,Monthly subscription reward has expired!,月卡領取時間已過期！,Monthly subscription reward has expired!,Thời gian nhận thẻ tháng đã hết hạn!,월간카드 수령 시간이 이미 만료되었습니다!,A recompensa da assinatura mensal expirou!,รางวัลสมัครสมาชิกรายเดือนหมดอายุแล้ว!
63,yyHuoDongAlreadyGet,You've claimed today's event rewards!,今日活動獎勵已領取！,You've claimed today's event rewards!,Hôm nay hoạt động ban thưởng đã nhận lấy!,오늘의 이벤트 보상을 이미 수령했습니다!,Você reivindicou as recompensas do evento de hoje!,คุณได้รับรางวัลจากกิจกรรมของวันนี้แล้ว!
64,kgMineRobbing,You cannot perform any actions while the mine is being looted. Pray hard that your defense will be a success!,礦洞被搶奪中，你無法進行任何操作，祈禱防守成功吧！,You cannot perform any actions while the mine is being looted. Pray hard that your defense will be a success!,Mỏ đang bị tấn công; bạn không thể thực hiện bất kỳ hành động nào. Hãy cầu nguyện cho việc phòng thủ thành công!,광산이 약탈되는 중이므로 어떤 행동도 할 수 없습니다. 방어 성공을 기원해 주세요!,Você não pode executar nenhuma ação enquanto a mina estiver sendo saqueada. Reze bastante para que sua defesa seja um sucesso!,คุณไม่สามารถดำเนินการใดๆ ได้ในขณะที่กำลังปล้นทุ่นระเบิด อธิษฐานให้การป้องกันของคุณประสบความสำเร็จ!
65,kgMineNotYours,This is not your mine!,這不是你的礦洞！,This is not your mine!,Đây không phải mỏ của ngươi!,당신의 광산이 아닙니다!,Esta não é sua mina!,นี่ไม่ใช่ของฉัน!
66,kgMineRefresh,"""Status of the mine has changed, please refresh!""",礦洞狀態更新，請刷新！,"""Status of the mine has changed, please refresh!""","Trạng thái mỏ đã được cập nhật, vui lòng làm mới!",광산 상태가 변경되었습니다. 갱신하세요!,"O status da mina mudou, atualize!",สถานะของเหมืองมีการเปลี่ยนแปลง กรุณารีเฟรช!
67,twLevelNotEnough,"""Insufficient level, unable to enter the Infinite Tower!""",等級不足，無法進入無限塔！,"""Insufficient level, unable to enter the Infinite Tower!""","Cấp độ không đủ, không thể vào Tháp Vô Cực!",레벨이 부족해 무한의 탑에 입장할 수 없습니다!,"Nível insuficiente, não é possível entrar na Torre Infinita!",เลเวลไม่เพียงพอ ไม่สามารถเข้าหอคอยอินฟินิตี้ได้!
68,twFailedMax,You've reached the maximum number of defeats at the Infinite Tower today and cannot continue the challenged!,無限塔今日失敗次數已達上限，無法挑戰!,You've reached the maximum number of defeats at the Infinite Tower today and cannot continue the challenged!,Bạn đã đạt đến giới hạn số lần thử thách trong Tháp Vô Cực ngày hôm nay. Không thể thử thách lại!,오늘 무한의 탑의 도전 실패 횟수가 한도에 도달해 더는 도전할 수 없습니다!,Você atingiu o número máximo de derrotas na Torre Infinita hoje e não pode continuar o desafio!,วันนี้คุณบรรลุจำนวนการพ่ายแพ้สูงสุดใน Infinite Tower แล้ว และไม่สามารถดำเนินการต่อไปได้!
69,twInTopFloor,"""Already at the record highest level, no need to blitz!""",已經在歷史最高層，無需掃蕩！,"""Already at the record highest level, no need to blitz!""","Đã tại lịch sử tầng cao nhất, không cần càn quét!",이미 역대 최고 층입니다. 소탕할 필요가 없습니다!,"Já estamos no nível mais alto do recorde, não há necessidade de blitz!",ถึงระดับสูงสุดเป็นประวัติการณ์แล้ว ไม่ต้องบลิตซ์!
70,roleNameExisted,The nickname is already in use!,該昵稱已被佔用！,The nickname is already in use!,Nên biệt danh đã bị chiếm dụng!,해당 닉네임은 이미 사용 중입니다!,O apelido já está em uso!,ชื่อเล่นนี้ถูกใช้ไปแล้ว!
71,roleNameTooLong,Your nickname is too long!,昵稱過長！,Your nickname is too long!,Biệt danh quá dài!,닉네임이 너무 깁니다!,Seu apelido é muito longo!,ชื่อเล่นของคุณยาวเกินไป!
72,roleNameRMBNotEnough,"""Insufficient diamonds, unable to change nickname!""",鑽石不足，無法改昵稱！,"""Insufficient diamonds, unable to change nickname!""","Kim cương không đủ, không cách nào đổi biệt danh!",다이아가 부족해 닉네임을 변경할 수 없습니다!,"Diamantes insuficientes, não é possível alterar o apelido!",เพชรไม่เพียงพอ ไม่สามารถเปลี่ยนชื่อเล่นได้!
73,roleNameInvalid,Nickname is inappropriate!,昵稱不合適！,Nickname is inappropriate!,Biệt danh không thích hợp!,적절하지 않은 닉네임입니다!,O apelido é inapropriado!,ชื่อเล่นไม่เหมาะสม!
74,giftNoExisted,Reward activation code does not exist!,禮包啟動碼不存在！,Reward activation code does not exist!,Gói quà kích hoạt mã không tồn tại!,선물 활성코드가 존재하지 않습니다!,O código de ativação da recompensa não existe!,รหัสเปิดใช้งานรางวัลไม่พบ!
75,giftOpened,Pack has been claimed!,禮包已領取！,Pack has been claimed!,Gói quà đã nhận lấy!,선물을 이미 수령했습니다!,O pacote foi reivindicado!,แพ็คได้รับการอ้างสิทธิ์แล้ว!
76,giftSameMax,You've claimed the maximum No. of the same reward pack!,同個禮包已達領取上限！,You've claimed the maximum No. of the same reward pack!,Cùng cái gói quà đã đạt nhận lấy hạn mức cao nhất!,동일 선물의 수령 한도에 도달했습니다!,Você reivindicou o número máximo do mesmo pacote de recompensas!,คุณได้รับรางวัลแพ็คเดียวกันถึงจำนวนสูงสุดแล้ว!
77,giftSameTypeMax,You've claimed the maximum No. of similar type reward pack!,同類禮包已達領取上限！,You've claimed the maximum No. of similar type reward pack!,Đồng loại gói quà đã đạt nhận lấy hạn mức cao nhất!,동일 유형 선물의 수령 한도에 도달했습니다!,Você reivindicou o número máximo de pacotes de recompensas do mesmo tipo!,คุณได้รับรางวัลแพ็คประเภทเดียวกันจำนวนสูงสุดแล้ว!
78,shopItemBuyYet,You can't buy this shop item again!,商店物品無法再次購買！,You can't buy this shop item again!,Cửa hàng vật phẩm không cách nào lại lần mua!,상점이 아이템을 더는 구매할 수 없습니다!,Você não pode comprar este item da loja novamente!,คุณไม่สามารถซื้อสินค้าจากร้านนี้อีกต่อไป!
79,unionCreateRMBNotEnough,"""Insufficient diamonds, you can't create a union!""",鑽石不足，無法創建公會！,"""Insufficient diamonds, you can't create a union!""",Không đủ đá quý để tạo bang hội!,다이아가 부족해 길드를 창설할 수 없습니다!,"Sem diamantes suficientes, você não pode criar uma união!",“เพชรไม่เพียงพอ คุณไม่สามารถสร้างสหภาพได้!”
80,unionAlreadyIn,You've already joined a union!,你已經在公會中！,You've already joined a union!,Bạn đã ở trong bang hội rồi!,이미 길드에 가입했습니다!,Você já se filiou a um sindicato!,คุณได้เข้าร่วมสหภาพแล้ว!
81,unionQuitCDTime,"""After leaving a union, there will be a 12-hour cooldown \n before trainers can join another union""",退出公會之後會有12小時的加入\n公會冷卻時間,"""After leaving a union, there will be a 12-hour cooldown \n before trainers can join another union""",Sẽ có thời gian chờ 12 giờ trước khi bạn có thể tham gia bang hội khác sau khi rời khỏi bang hội.,길드 탈퇴 후 12시간 동안\n길드에 가입할 수 없습니다.,"Após deixar um sindicato, haverá um período de espera de 12 horas antes que os treinadores possam ingressar em outro sindicato",“หลังจากออกจากสหภาพแล้ว จะมีช่วงพัก 12 ชั่วโมงก่อนที่ผู้ฝึกสอนจะเข้าร่วมสหภาพอื่นได้”
82,unionNameTooLong,"""Union name is too long, please modify!""",公會名稱過長，請修改！,"""Union name is too long, please modify!""","Tên hội quá dài, vui lòng sửa lại!",길드 이름이 너무 깁니다!,"O nome do sindicato é muito longo, modifique-o!",ชื่อสหภาพยาวเกินไป กรุณาแก้ไข!
83,unionNameInvalid,"""Union name is inappropriate, please modify!""",公會名稱不合適，請修改！,"""Union name is inappropriate, please modify!""","Tên hội không phù hợp, vui lòng sửa lại!",사용할 수 없는 길드 이름입니다!,"O nome do sindicato é inapropriado, por favor, modifique!",ชื่อสหภาพไม่เหมาะสม กรุณาแก้ไข!
84,unionNameDuplicated,"""Union name has been taken, please modify!""",公會名稱已被佔用，請修改！,"""Union name has been taken, please modify!""","Tên hội đã được sử dụng, vui lòng đổi tên!",이미 사용 중인 길드 이름입니다!,"O nome do sindicato foi escolhido, por favor modifique!",ชื่อสหภาพถูกใช้แล้ว กรุณาแก้ไข!
85,unionJoinPendingMax,Too make requests to join the union!,申請加入的公會過多！,Too make requests to join the union!,Quá nhiều bang hội đã xin gia nhập!,가입 신청한 길드가 너무 많습니다!,Faça pedidos para se filiar ao sindicato!,มาทำการร้องขอเข้าร่วมสหภาพกันเถอะ!
86,unionJoinPending,You've already sent a request to join this union!,你已經申請加入該公會！,You've already sent a request to join this union!,Bạn đã đăng ký tham gia hội này!,이미 가입을 신청한 길드입니다!,Você já enviou uma solicitação para ingressar neste sindicato!,คุณได้ส่งคำขอเข้าร่วมสหภาพนี้แล้ว!
87,unionNotExisted,You have been kicked out by the union admin!,您已經被公會管理請離公會！,You have been kicked out by the union admin!,Bạn đã bị quản lý bang hội đuổi khỏi bang hội!,이미 길드에서 추방되었습니다!,Você foi expulso pela administração do sindicato!,คุณถูกไล่ออกโดยผู้ดูแลสหภาพ!
88,unionLevelNotEnough,"""Insufficient trainer level, unable to join union!""",等級不足，無法加入公會！,"""Insufficient trainer level, unable to join union!""",Cấp độ không đủ để gia nhập bang hội!,레벨이 부족해 길드에 가입할 수 없습니다!,"Nível de treinador insuficiente, não é possível ingressar no sindicato!",“ระดับผู้ฝึกสอนไม่เพียงพอ ไม่สามารถเข้าร่วมสหภาพได้!”
89,unionMemberMax,Union members have reached the maximum number!,公會成員數已達上限！,Union members have reached the maximum number!,Số thành viên bang hội đã đạt giới hạn!,길드원 수가 이미 최대입니다!,Os membros do sindicato atingiram o número máximo!,สมาชิกสหภาพฯ ครบจำนวนสูงสุดแล้ว!
90,unionRefuseJoin,Union is not opened for joining yet!,公會未開放成員加入！,Union is not opened for joining yet!,Bang hội không mở tuyển thành viên!,길드가 가입을 개방하지 않았습니다!,O sindicato ainda não está aberto para filiação!,ยูเนี่ยนยังไม่เปิดรับสมัครสมาชิก!
91,unionNoPrivilege,You're not authorized to manage this union!,你沒有許可權管理該公會！,You're not authorized to manage this union!,Bạn không có quyền quản lý bang hội này!,해당 길드의 관리 권한이 없습니다!,Você não está autorizado a administrar este sindicato!,คุณไม่มีสิทธิในการจัดการสหภาพนี้!
92,unionRoleAlreadyIn,The trainer is already a member of the union!,該玩家已經是本公會會員！,The trainer is already a member of the union!,Người chơi này đã là thành viên của bang hội này!,해당 유저는 이미 본 길드의 회원입니다!,O treinador já é membro do sindicato!,ผู้ฝึกสอนเป็นสมาชิกสหภาพเรียบร้อยแล้ว!
93,unionRoleJoinCancel,The trainer has withdrawn their request!,該玩家已經放棄申請！,The trainer has withdrawn their request!,Người chơi đã từ bỏ đơn xin!,해당 유저는 신청을 포기했습니다!,O treinador retirou o pedido!,เทรนเนอร์ถอนคำร้องแล้ว!
94,unionRoleNoJoin,You've not sent a request to join this union!,你沒有申請加入該公會！,You've not sent a request to join this union!,Bạn chưa đăng ký tham gia hội này!,해당 길드에 가입을 신청하지 않았습니다!,Você não enviou uma solicitação para ingressar neste sindicato!,คุณไม่ได้ส่งคำขอเข้าร่วมสหภาพนี้!
95,unionAlreadyIn(exist),You're already a member of the union,你已經是公會成員,You're already a member of the union,Bạn đã là thành viên bang hội.,이미 길드원입니다.,Você já é membro do sindicato,คุณเป็นสมาชิกสหภาพแล้ว
96,unionRoleAlreadyInOther,The trainer is already a member of another union!,該玩家已經是其它公會會員！,The trainer is already a member of another union!,Người chơi này đã là thành viên của một bang hội khác!,해당 유저는 이미 다른 길드에 가입했습니다!,O treinador já é membro de outro sindicato!,ผู้ฝึกสอนเป็นสมาชิกสหภาพอื่นอยู่แล้ว!
97,unionChairmanCanNotQuit,union leader cannot abandon the union!,會長無法退出公會！,union leader cannot abandon the union!,Guild trưởng không thể rời khỏi bang hội!,회장은 길드를 탈퇴할 수 없습니다!,O líder sindical não pode abandonar o sindicato!,หัวหน้าสหภาพแรงงานไม่อาจละทิ้งสหภาพแรงงานได้!
98,unionCanNotHandleNonMember,You can't do this action to non-union members!,無法對非本公會會員進行操作！,You can't do this action to non-union members!,Không thể thực hiện thao tác trên thành viên không thuộc hội!,본 길드의 회원이 아니므로 명령을 실행할 수 없습니다!,Você não pode fazer isso com pessoas que não são filiadas ao sindicato!,คุณไม่สามารถทำการกระทำนี้กับสมาชิกที่ไม่ใช่สหภาพได้!
99,unionOnlyChairman,This can only be done by the union Leader and Assistant Leader!,只有會長與副會長才能操作！,This can only be done by the union Leader and Assistant Leader!,Chỉ có chủ tịch và phó chủ tịch mới có thể vận hành!,회장과 부회장만 실행할 수 있습니다!,Isso só pode ser feito pelo líder sindical e pelo líder assistente!,ทำได้เฉพาะหัวหน้าสหภาพฯ และผู้ช่วยหัวหน้าสหภาพฯ เท่านั้น!
100,unionViceChairmanAlready,"""Already been Vice-Leader, can't promotion!""",已經是副會長，無法晉級!,"""Already been Vice-Leader, can't promotion!""","Đã là phó chủ tịch, không thể thăng cấp!",이미 부회장이므로 진급할 수 없습니다!,"Já fui vice-líder, não posso ser promovido!",“เป็นรองหัวหน้าอยู่แล้ว เลื่อนตำแหน่งไม่ได้หรอก!”
101,unionViceChairmanMax,The number of assistant leaders has reached the maximum!,副會長人數已達上限！,The number of assistant leaders has reached the maximum!,Số lượng phó chủ tịch đã đạt đến giới hạn!,부회장 수가 이미 최대입니다!,O número de líderes assistentes atingiu o máximo!,จำนวนผู้ช่วยผู้นำได้ครบจำนวนสูงสุดแล้ว!
102,unionMemberAlready,"""You're already a member, you can't lower your level!""",已經是會員，無法降級!,"""You're already a member, you can't lower your level!""","Đã là thành viên, không thể hạ cấp!",이미 회원이므로 강등할 수 없습니다!,"Você já é um membro, não pode diminuir seu nível!",คุณเป็นสมาชิกอยู่แล้ว คุณไม่สามารถลดระดับได้!
103,unionIsMyself,This action is inapplicable to yourself!,不能對自己進行該操作！,This action is inapplicable to yourself!,Bạn không thể tự sử dụng chiêu đó!,자기 자신에게 실행할 수 없습니다!,Esta ação não se aplica a você!,การกระทำนี้ไม่เกิดผลกับตัวคุณ!
104,unionNotAloneCanNotDestroy,"""Still have memberships in the union,can't dismiss!""",公會還有會員，無法解散！,"""Still have memberships in the union,can't dismiss!""","Bang hội vẫn còn thành viên, không thể giải tán!",길드에 다른 회원이 있어 해산할 수 없습니다!,"Ainda tenho filiação ao sindicato, não posso demiti-lo!",ยังคงมีสมาชิกอยู่ในสหภาพ ไม่สามารถยกเลิกได้!
105,unionIntroTooLong,"""union announcement is too long, please modify!""",公會公告過長，請修改！,"""union announcement is too long, please modify!""","Thông báo bang hội quá dài, vui lòng sửa lại!",길드 공지가 너무 깁니다!,"o anúncio do sindicato é muito longo, por favor, modifique!",ประกาศสหภาพยาวเกินไป กรุณาแก้ไข!
106,unionIntroInvalid,"""union announcement is inappropriate, please modify!""",公會公告不合適，請修改！,"""union announcement is inappropriate, please modify!""","Thông báo bang hội không phù hợp, vui lòng sửa lại!",길드 공지에 부적절한 내용이 있습니다!,"o anúncio do sindicato é inapropriado, por favor, modifique!",ประกาศสหภาพไม่เหมาะสม กรุณาแก้ไข!
107,unionHuoDongNoOpen,union events are not opened yet!,公會活動未開放！,union events are not opened yet!,Sự kiện bang hội chưa mở!,길드 이벤트가 개방되지 않았습니다!,os eventos sindicais ainda não estão abertos!,กิจกรรมสหภาพยังไม่เปิด!
108,unionHuoDongAwardAlreadyGet,You've claimed union event rewards!,公會活動獎勵已領取！,You've claimed union event rewards!,Đã nhận phần thưởng sự kiện bang hội!,길드 이벤트 보상을 이미 수령했습니다!,Você reivindicou recompensas do evento da união!,คุณได้รับรางวัลจากกิจกรรมสหภาพแล้ว!
109,unionHuoDongContribLess,"""You have insufficient union contribution for the day, and can't claim this reward!""",公會當日貢獻度不足，該獎勵無法領取！,"""You have insufficient union contribution for the day, and can't claim this reward!""","Điểm đóng góp bang hội hôm nay không đủ, không thể nhận phần thưởng này!",길드의 당일 공헌도가 부족해 해당 보상을 수령할 수 없습니다!,Você não tem contribuição sindical suficiente para o dia e não pode reivindicar esta recompensa!,คุณมีเงินสมทบสหภาพไม่เพียงพอสำหรับวันนี้ และไม่สามารถเรียกร้องรางวัลนี้ได้!
110,chatMsgTooLong,Chat content is too long!,聊天內容過長！,Chat content is too long!,Nói chuyện phiếm nội dung quá dài!,채팅 내용이 너무 깁니다!,O conteúdo do chat é muito longo!,เนื้อหาแชทยาวเกินไป!
111,chatMsgInvalid,Sensitive content found in the chat!,聊天內容有敏感詞！,Sensitive content found in the chat!,Nói chuyện phiếm nội dung có mẫn cảm từ!,부적절한 내용이 포함되어 있습니다!,Conteúdo sensível encontrado no chat!,พบเนื้อหาที่ละเอียดอ่อนในห้องแชท!
112,chatNoUnion,"""You haven't join any union, can't chat in the union.""",你沒有加入任何公會，無法進行公會聊天！,"""You haven't join any union, can't chat in the union.""","Ngươi không có gia nhập bất luận cái gì công hội, không cách nào tiến hành công hội nói chuyện phiếm!",아직 길드에 가입하지 않아 길드 채팅을 진행할 수 없습니다!,"Você não se filiou a nenhum sindicato, não pode conversar no sindicato.",คุณไม่ได้เข้าร่วมสหภาพใดๆ เลย ไม่สามารถสนทนาในสหภาพได้
113,chatNoOpen,You have not yet met the conditions for enabling chat!,您還未達到聊天功能開啟的條件！,You have not yet met the conditions for enabling chat!,Bạn chưa đáp ứng đủ điều kiện để mở chức năng trò chuyện!,채팅 기능 개방 조건을 달성하지 않았습니다!,Você ainda não atendeu às condições para habilitar o chat!,คุณยังไม่ตรงตามเงื่อนไขการเปิดแชท!
114,chatTooMuch,"""Take a rest, you've spent a lot of time chatting today!""",今天聊的太多了，休息會！,"""Take a rest, you've spent a lot of time chatting today!""","Hôm nay trò chuyện nhiều lắm, nghỉ ngơi sẽ!",오늘 채팅을 너무 많이 사용했습니다!,"Descanse, você passou muito tempo conversando hoje!",“พักผ่อนเยอะๆ นะ วันนี้คุณคุยเยอะไปแล้ว!”
115,starNoEnoughGold,"""Insufficient coins, unable to increase Star level!""",金幣不足，星級無法提升！,"""Insufficient coins, unable to increase Star level!""","Không đủ vàng, không thể nâng cấp sao!",코인이 부족해 성급을 높일 수 없습니다!,"Moedas insuficientes, não é possível aumentar o nível de estrela!",เหรียญไม่เพียงพอ ไม่สามารถเพิ่มระดับดาวได้!
116,starCanNot,You cannot Star Up the equipment!,該裝備無法升星！,You cannot Star Up the equipment!,Thiết bị này không thể nâng cấp!,해당 장비는 승급할 수 없습니다!,Você não pode dar Star Up no equipamento!,คุณไม่สามารถสตาร์อัพอุปกรณ์ได้!
117,starCostIsStar,Your star level equipment cannot be star upped!,星級裝備無法參與升星！,Your star level equipment cannot be star upped!,Trang bị cấp sao không thể tham gia nâng cấp sao!,성급 장비는 승급할 수 없습니다!,Seu equipamento de nível de estrela não pode ser aumentado!,อุปกรณ์ระดับดาวของคุณไม่สามารถเพิ่มระดับดาวได้!
118,starMax,Equipment has reached the maximum Star level!,裝備星級已達上限！,Equipment has reached the maximum Star level!,Cấp sao trang bị đã đạt đến giới hạn!,장비 성급이 이미 한도에 도달했습니다!,O equipamento atingiu o nível máximo de estrela!,อุปกรณ์ได้ถึงระดับดาวสูงสุดแล้ว!
119,starNoThisEquip,No such equipment!,沒有該裝備！,No such equipment!,Không có nên trang bị!,해당 장비가 없습니다!,Não existe tal equipamento!,ไม่มีอุปกรณ์แบบนั้น!
120,starEquipDressed,"""The equip. still wearing, cost!""",該裝備還穿在身上，無法消耗！,"""The equip. still wearing, cost!""","Nên trang bị còn mặc lên người, không cách nào tiêu hao!",해당 장비는 이미 착용하고 있어 소모할 수 없습니다!,"O equipamento ainda está em uso, custou!",อุปกรณ์ที่ยังสวมใส่อยู่ ราคา!
121,starNoEnoughItems,"""Item is not enough, can't star activation!""",道具不足，無法升星！,"""Item is not enough, can't star activation!""","Đạo cụ không đủ, không cách nào thăng tinh!",아이템이 부족해 승급할 수 없습니다!,"Item insuficiente, não é possível ativar a estrela!",“ไอเทมไม่เพียงพอ ไม่สามารถเริ่มเปิดใช้งานได้!”
122,starNoExp,No EXP gained!,沒有任何經驗獲得！,No EXP gained!,Không có bất kỳ kinh nghiệm nào thu hoạch được!,어떤 경험치도 획득하지 않았습니다!,Não ganhe EXP!,ไม่ได้รับ EXP!
123,starEquipStared,"""The equip. is star equip, can't cost!""",該裝備是加星裝備，無法消耗！,"""The equip. is star equip, can't cost!""","Trang bị này đã được cường hóa sao, không thể tiêu hao!",해당 장비는 성급이 있어 소모할 수 없습니다!,"O equipamento é estelar, não pode custar nada!",อุปกรณ์นั้นเป็นอุปกรณ์ระดับดาว ไม่สามารถเสียค่าใช้จ่ายได้!
124,rankCheat,Challenge failed! Please remove hacking tools such as game accelerators!,挑戰失敗！請關閉加速器等作弊工具！,Challenge failed! Please remove hacking tools such as game accelerators!,Khiêu chiến thất bại! Xin tắt máy gia tốc chờ gian lận công cụ!,도전 실패! 스피드핵 등 비승인 프로그램을 종료하세요!,"Desafio falhou! Por favor, remova ferramentas de hacking como aceleradores de jogos!",ความท้าทายล้มเหลว! กรุณาลบเครื่องมือแฮ็คเช่นโปรแกรมเร่งความเร็วเกม!
125,unionLevelLessNoOpened,"""Insufficient union level, unable to unlock the event!""",公會等級不足，無法開啟活動！,"""Insufficient union level, unable to unlock the event!""","Cấp độ bang hội không đủ, không thể bắt đầu sự kiện!",길드 레벨이 부족해 이벤트를 개방할 수 없습니다!,"Nível de união insuficiente, não é possível desbloquear o evento!",ระดับสหภาพไม่เพียงพอ ไม่สามารถปลดล็อคกิจกรรมได้!
126,unionFubenCD,You can only challenge at 05:00 the next day after switching union!,更換公會明日5點才能挑戰！,You can only challenge at 05:00 the next day after switching union!,"Sau khi đổi bang hội, bạn có thể thử thách lại vào lúc 5 giờ sáng mai!",길드 변경 시 내일 0시 이후 도전할 수 있습니다!,Você só poderá contestar às 05:00 do dia seguinte após a troca de sindicato!,คุณสามารถท้าทายได้ในเวลา 05:00 น. ของวันถัดไปหลังจากเปลี่ยนสหภาพ!
127,unionFubenNoOpened,"""union Dungeon is not opened yet, you can't challenge it!""",公會副本未開放，無法挑戰！,"""union Dungeon is not opened yet, you can't challenge it!""","Phó bản bang hội chưa mở, không thể thách đấu!",길드 던전이 개방되지 않아 도전할 수 없습니다!,"A Masmorra da União ainda não foi aberta, você não pode desafiá-la!",Union Dungeon ยังไม่เปิด คุณไม่สามารถท้าทายมันได้!
128,unionFubenOutOfTime,The union Dungeon is closed!,公會副本已關閉！,The union Dungeon is closed!,Phó bản bang hội đã đóng!,길드 던전이 이미 닫혔습니다!,O Calabouço da União está fechado!,ดันเจี้ยนสหภาพปิดแล้ว!
129,unionFubenPassed,The union dungeon is cleared!,該公會副本已通關！,The union dungeon is cleared!,Phó bản bang hội đã được chinh phục!,해당 길드 던전은 이미 클리어했습니다!,A masmorra da união foi limpa!,คุกใต้ดินสหภาพถูกเคลียร์แล้ว!
130,unionFubenNoPassed,The union Dungeon is not cleared yet!,該公會副本未通關！,The union Dungeon is not cleared yet!,Bản đồ công hội chưa được chinh phục!,해당 길드 던전은 아직 클리어하지 못했습니다!,A Masmorra da União ainda não foi concluída!,ดันเจี้ยนสหภาพยังไม่เคลียร์!
131,unionFubenAwardGot,The union dungeon rewards have been claimed!,該公會副本獎勵已領取！,The union dungeon rewards have been claimed!,Đã nhận phần thưởng phụ bản bang hội!,해당 길드 던전 보상을 이미 수령했습니다!,As recompensas da masmorra da união foram reivindicadas!,รับรางวัลจากดันเจี้ยนสหภาพแล้ว!
132,drawEquipRMBNotEnough,"""Insufficient diamonds, you can't draw equipment!""",鑽石不足，無法抽裝備！,"""Insufficient diamonds, you can't draw equipment!""",Không đủ đá quý để rút trang bị!,다이아가 부족해 장비를 뽑을 수 없습니다!,"Diamantes insuficientes, você não pode comprar equipamentos!",“เพชรไม่เพียงพอ คุณไม่สามารถดึงอุปกรณ์ได้!”
133,freeDrawTimerNoCD,You've used up your free draw today!,今日已免費抽取過，不得再次免費！,You've used up your free draw today!,"Hôm nay đã miễn phí rút ra qua, không được lần nữa miễn phí!",오늘은 이미 무료 뽑기를 진행해 더는 무료로 진행할 수 없습니다!,Você usou seu saque grátis hoje!,วันนี้คุณใช้การจับฉลากฟรีของคุณหมดแล้ว!
134,drawBoxKeyNotEnough,"""Insufficient key, unable to open chest!""",鑰匙不足，無法打開寶箱！,"""Insufficient key, unable to open chest!""",Không đủ chìa khóa để mở rương!,열쇠가 부족해 보물상자를 열 수 없습니다!,"Chave insuficiente, não é possível abrir o baú!",กุญแจไม่เพียงพอ ไม่สามารถเปิดหีบได้!
135,drawBoxNotEnough,No chests to open!,沒有寶箱可以打開！,No chests to open!,Không có rương nào để mở!,열 수 있는 보물상자가 없습니다!,Não há baús para abrir!,ไม่มีหีบที่จะเปิด!
136,fixShopLevelNotEnough,"""Insufficient level, unable to unlock!""",等級不足，無法開啟！,"""Insufficient level, unable to unlock!""","Cấp bậc chưa đủ, không cách nào mở ra!",레벨이 부족해 개방할 수 없습니다!,"Nível insuficiente, não é possível desbloquear!",เลเวลไม่เพียงพอ ปลดล็อคไม่ได้!
137,fixShopVIPNotEnough,"""Insufficient VIP level, unable to unlock!""",VIP等級不足，無法開啟！,"""Insufficient VIP level, unable to unlock!""","VIP Cấp bậc chưa đủ, không cách nào mở ra!",VIP 레벨이 부족해 개방할 수 없습니다!,"Nível VIP insuficiente, não é possível desbloquear!",ระดับ VIP ไม่เพียงพอ ไม่สามารถปลดล็อคได้!
138,fixShopNotExisted,The shop does not exist!,該商店不存在！,The shop does not exist!,Nên cửa hàng không tồn tại!,해당 상점은 존재하지 않습니다!,A loja não existe!,ร้านค้าไม่มีอยู่!
139,fixShopRefresh,"""Shop has refreshed, please purchase again!""",商店已經刷新，請重新選購！,"""Shop has refreshed, please purchase again!""","Cửa hàng đã đổi mới, mời một lần nữa chọn mua!",상점이 이미 갱신되었습니다. 다시 구매하세요!,"A loja foi atualizada, compre novamente!",ร้านค้าได้รีเฟรชแล้ว โปรดซื้ออีกครั้ง!
140,fixShopItemBuyMax,You've reached the maximum purchase of the item!,該商品購買已達上限！,You've reached the maximum purchase of the item!,Nên thương phẩm mua đã đạt hạn mức cao nhất!,해당 상품의 구매가 이미 한도에 도달했습니다!,Você atingiu o limite máximo de compra do item!,คุณถึงยอดการซื้อสินค้าสูงสุดแล้ว!
141,cardStarMaxErr,Pokémon star level has reached the maximum and cannot be upgraded further!,精靈星級已達上限，無法提升！,Pokémon star level has reached the maximum and cannot be upgraded further!,"Tinh linh Tinh cấp đã đạt hạn mức cao nhất, không cách nào tăng lên!",포켓몬 성급이 이미 한도에 도달해 더는 증가시킬 수 없습니다!,O nível de estrela do Pokémon atingiu o máximo e não pode ser melhorado mais!,ระดับดาวโปเกมอนถึงระดับสูงสุดแล้วและไม่สามารถอัปเกรดเพิ่มได้อีก!
142,cardStarGoldNotEnough,"""Gold is not enough,can't star activation!""",金幣不足，無法升星！,"""Gold is not enough,can't star activation!""","Kim tệ không đủ, không cách nào thăng tinh!",코인이 부족해 승급할 수 없습니다!,"Ouro não é suficiente, não é possível ativar estrelas!",ทองไม่เพียงพอ ไม่สามารถเริ่มเปิดใช้งานได้!
143,cardStarFragsNotEnough,"""Insufficient shard, unable to increase Star level!""",碎片不足，星級無法提升！,"""Insufficient shard, unable to increase Star level!""","Mảnh vỡ không đủ, Tinh cấp không cách nào tăng lên!",조각이 부족해 성급을 높일 수 없습니다!,"Fragmento insuficiente, não é possível aumentar o nível da estrela!",ชิ้นส่วนไม่เพียงพอ ไม่สามารถเพิ่มระดับดาวได้!
144,cardResetRMBNotEnough,"""Insufficient diamonds, your Pokémon can't reborn!""",鑽石不足，無法重生！,"""Insufficient diamonds, your Pokémon can't reborn!""","Kim cương không đủ, không thể sống lại!",다이아가 부족해 부활할 수 없습니다!,"Diamantes insuficientes, seu Pokémon não pode renascer!",เพชรไม่เพียงพอ โปเกม่อนของคุณไม่สามารถเกิดใหม่ได้!
145,roleBeenSilent,"""You have been muted, please contact the game developer!""",你已經被禁言，請聯繫GM！,"""You have been muted, please contact the game developer!""","Ngươi đã bị cấm ngôn, xin liên lạc GM!",발언이 금지되었습니다! GM에게 연락하세요!,"Seu jogo foi silenciado, entre em contato com o desenvolvedor do jogo!",คุณถูกปิดเสียง กรุณาติดต่อผู้พัฒนาเกม!
146,roleBeenDisabled,"""Your account has been suspended, please contact the game developer!""",你已經被封號，請聯繫GM！,"""Your account has been suspended, please contact the game developer!""","Ngươi đã bị phong hào, xin liên lạc GM!",계정이 차단되었습니다! GM에게 연락하세요!,"Sua conta foi suspensa, entre em contato com o desenvolvedor do jogo!",บัญชีของคุณถูกระงับ กรุณาติดต่อผู้พัฒนาเกม!
147,shopRefresh,"""Shop items have been refreshed, please purchase again""",商店貨品已刷新，請重新選購,"""Shop items have been refreshed, please purchase again""","Cửa hàng hàng đã đổi mới, mời một lần nữa chọn mua",상점 아이템이 갱신되었습니다. 다시 구매하세요!,"Os itens da loja foram atualizados, compre novamente",สินค้าในร้านได้รับการรีเฟรชแล้ว กรุณาซื้ออีกครั้ง
148,unionShopRefreshRMBNotEnough,"""Insufficient diamonds, unable to refresh!""",鑽石不足，無法刷新！,"""Insufficient diamonds, unable to refresh!""","Kim cương không đủ, không cách nào đổi mới!",다이아가 부족해 갱신할 수 없습니다!,"Diamantes insuficientes, não é possível atualizar!",เพชรไม่เพียงพอ ไม่สามารถรีเฟรชได้!
149,shopNotExisted,Shop does not exist!,商店不存在！,Shop does not exist!,Cửa hàng không tồn tại!,상점이 존재하지 않습니다!,A loja não existe!,ร้านค้านี้ไม่มีอยู่!
150,saodangCanNotBuy,VIP 1 members can purchase No. of blitzes!,VIP 1級可以購買掃蕩次數！,VIP 1 members can purchase No. of blitzes!,VIP 1 Cấp có thể mua càn quét số lần!,VIP 1레벨은 소탕 횟수를 구매할 수 있습니다!,Membros VIP 1 podem comprar o número máximo de blitzes!,สมาชิก VIP 1 สามารถซื้อจำนวนบลิตซ์ได้!
151,saodangBuyNoRMB,"""Insufficient diamonds, unable to buy No. of blitzes!""",鑽石不足，無法購買掃蕩次數！,"""Insufficient diamonds, unable to buy No. of blitzes!""","Kim cương không đủ, không cách nào mua càn quét số lần!",다이아가 부족해 소탕 횟수를 구매할 수 없습니다!,"Diamantes insuficientes, não é possível comprar nenhum blitz!",“เพชรไม่เพียงพอ ไม่สามารถซื้อจำนวนบลิตซ์ได้!”
152,saodangMaxNotBuy,"""Wipe-out chance has maxed, can't purchase!""",掃蕩次數已達上限，無法購買！,"""Wipe-out chance has maxed, can't purchase!""","Càn quét số lần đã đạt hạn mức cao nhất, không cách nào mua!",소탕 횟수가 이미 한도에 도달해 구매할 수 없습니다!,"A chance de eliminação atingiu o máximo, não é possível comprar!",โอกาสกำจัดศัตรูหมดลงแล้ว ไม่สามารถซื้อได้!
153,exchangeGoldNotEnough,"""Insufficient coins, unable to exchange!""",金幣不足，無法兌換！,"""Insufficient coins, unable to exchange!""","Kim tệ không đủ, không cách nào hối đoái!",코인이 부족해 교환할 수 없습니다!,"Moedas insuficientes, não é possível trocar!",เหรียญไม่เพียงพอ ไม่สามารถแลกเปลี่ยนได้!
154,exchangeItemNotEnough,"""Insufficient items, unable to exchange!""",道具不足，無法兌換！,"""Insufficient items, unable to exchange!""","Đạo cụ không đủ, không cách nào hối đoái!",아이템이 부족해 교환할 수 없습니다!,"Itens insuficientes, não é possível trocar!",สิ่งของไม่เพียงพอ ไม่สามารถแลกเปลี่ยนได้!
155,exchangeMax,"""Chance has maxed, can't exchange!""",次數已達上限，無法兌換！,"""Chance has maxed, can't exchange!""","Số lần đã đạt hạn mức cao nhất, không cách nào hối đoái!",횟수가 이미 한도에 도달해 교환할 수 없습니다!,"A chance chegou ao máximo, não é possível trocar!",โอกาสเต็มแล้ว แลกเปลี่ยนไม่ได้แล้ว!
156,exchangeLevelNotEnough,"""Insufficient character level, unable to exchange!""",角色等級不足，無法兌換！,"""Insufficient character level, unable to exchange!""","Nhân vật cấp bậc chưa đủ, không cách nào hối đoái!",캐릭터 레벨이 부족해 교환할 수 없습니다!,"Nível de personagem insuficiente, não é possível trocar!",เลเวลตัวละครไม่เพียงพอ ไม่สามารถแลกเปลี่ยนได้!
157,exchangeVIPNotEnough,"""Insufficient VIP level, unable to exchange!""",VIP等級不足，無法兌換！,"""Insufficient VIP level, unable to exchange!""","VIP Cấp bậc chưa đủ, không cách nào hối đoái!",VIP 레벨이 부족해 교환할 수 없습니다!,"Nível VIP insuficiente, não é possível trocar!",ระดับ VIP ไม่เพียงพอ ไม่สามารถแลกเปลี่ยนได้!
158,huodongChanllengeVIPMax,You've reached the maximum No. of attempts for this event!,活動挑戰次數已達上限！,You've reached the maximum No. of attempts for this event!,Hoạt động khiêu chiến số lần đã đạt hạn mức cao nhất!,이벤트 도전 횟수가 이미 최대입니다!,Você atingiu o número máximo de tentativas para este evento!,คุณได้ถึงจำนวนครั้งสูงสุดของความพยายามสำหรับกิจกรรมนี้แล้ว!
159,giftOtherOpened,Someone has claimed the pack!,禮包已被他人領取！,Someone has claimed the pack!,Gói quà đã bị người khác nhận lấy!,선물을 이미 다른 유저가 수령했습니다!,Alguém reivindicou o pacote!,มีคนอ้างสิทธิ์แพ็คนี้แล้ว!
160,friendStaminaSendMax,You've claimed the all free energy today!,今日體力贈送已達上限！,You've claimed the all free energy today!,Hôm nay thể lực đưa tặng đã đạt hạn mức cao nhất!,오늘의 체력 선물이 이미 한도에 도달했습니다!,Você reivindicou toda a energia gratuita hoje!,วันนี้คุณได้รับพลังงานฟรีทั้งหมดแล้ว!
161,friendStaminaRecvMax,You've claimed a maximum amount of energy today!,今日體力領取已達上限！,You've claimed a maximum amount of energy today!,Hôm nay thể lực nhận lấy đã đạt hạn mức cao nhất!,오늘의 체력 수령이 이미 한도에 도달했습니다!,Você atingiu a quantidade máxima de energia hoje!,วันนี้คุณได้รับพลังงานสูงสุดแล้ว!
162,friendStaminaNone,Unable to claim the energy!,無法領取好友體力！,Unable to claim the energy!,Không cách nào nhận lấy hảo hữu thể lực!,친구 체력을 수령할 수 없습니다!,Não é possível reivindicar a energia!,ไม่สามารถอ้างสิทธิ์พลังงานได้!
163,friendAlready,You've already added as friends!,已經是好友！,You've already added as friends!,Đã là hảo hữu!,이미 친구 사이입니다!,Você já adicionou como amigo!,คุณได้เพิ่มเป็นเพื่อนแล้ว!
164,friendNone,You've not added this trainer as friend!,他不是你的好友！,You've not added this trainer as friend!,Hắn không phải hảo hữu của ngươi!,친구가 아닙니다!,Você não adicionou este treinador como amigo!,คุณไม่ได้เพิ่มผู้ฝึกสอนนี้เป็นเพื่อน!
165,friendMax,You've reached a maximum number of friends!,好友已達上限！,You've reached a maximum number of friends!,Hảo hữu đã đạt hạn mức cao nhất!,친구 수가 한도에 도달했습니다!,Você atingiu o número máximo de amigos!,คุณถึงจำนวนเพื่อนสูงสุดแล้ว!
166,friendFriendMax,The other party has reached a maximum number of friends!,對方好友已達上限！,The other party has reached a maximum number of friends!,Đối phương hảo hữu đã đạt hạn mức cao nhất!,상대방의 친구 목록이 가득 찼습니다!,A outra parte atingiu o número máximo de amigos!,อีกฝ่ายมีจำนวนเพื่อนถึงขีดจำกัดแล้ว!
167,friendFriendReqMax,"""The players receive many friends applications without dealing them, please apply later!""",對方未處理的好友申請過多，您無法再申請！,"""The players receive many friends applications without dealing them, please apply later!""","Đối phương chưa xử lý hảo hữu xin quá nhiều, ngài không cách nào lại xin!",상대방이 처리하지 않은 친구 신청이 너무 많아 신청할 수 없습니다!,"Os jogadores recebem muitas inscrições de amigos sem vendê-las, por favor, inscreva-se mais tarde!",ผู้เล่นได้รับใบสมัครจากเพื่อนๆ มากมายโดยไม่ต้องมีการติดต่อกับพวกเขา กรุณาสมัครภายหลัง!
168,friendSearchNoSuchRole,Trainer does not exist!,查無此人！,Trainer does not exist!,Tra không người này!,해당 유저가 존재하지 않습니다!,O treinador não existe!,ไม่มีเทรนเนอร์!
169,friendSearchMyself,Are you checking yourself up?,您在查自己嗎？,Are you checking yourself up?,Ngài đang tra mình sao?,자기 자신을 찾을 수 없습니다.,Você está se avaliando?,คุณตรวจดูตัวเองอยู่หรือเปล่า?
170,skillPointNotEnough,Move points insufficient,技能點數不足,Move points insufficient,Kỹ năng điểm số không đủ,스킬 포인트가 부족합니다.,Pontos de movimento insuficientes,ย้ายจุดไม่เพียงพอ
171,skillPointBuyNoNeed,"""Skill points have reached the maximum, you don't have to buy it anymore!""",技能點已達上限，無需購買！,"""Skill points have reached the maximum, you don't have to buy it anymore!""","Điểm kỹ năng đã đạt hạn mức cao nhất, không cần mua!",스킬 포인트가 이미 한도에 도달했습니다!,"Os pontos de habilidade atingiram o máximo, você não precisa mais comprá-los!",แต้มทักษะของคุณถึงขีดสุดแล้ว คุณไม่จำเป็นต้องซื้อมันอีกต่อไป!
172,strengthMaxErr,"""Upgrade has maxed, can't upgrade!""",強化已經到頂級，無法強化！,"""Upgrade has maxed, can't upgrade!""","Cường hóa đã đến đỉnh cấp, không cách nào cường hóa!",이미 강화 최고 레벨입니다!,"A atualização atingiu o limite, não é possível atualizar!",อัพเกรดถึงระดับสูงสุดแล้ว ไม่สามารถอัพเกรดได้!
173,strengthGoldNotEnough,"""Insufficient coins, unable to enhance!""",金幣不足，無法強化！,"""Insufficient coins, unable to enhance!""","Kim tệ không đủ, không cách nào cường hóa!",코인이 부족해 강화할 수 없습니다!,"Moedas insuficientes, não é possível melhorar!",เหรียญไม่เพียงพอ ไม่สามารถปรับปรุงได้!
174,strengthItemsNotEnough,"""Insufficient items, unable to enhance!""",道具不足，無法強化！,"""Insufficient items, unable to enhance!""","Đạo cụ không đủ, không cách nào cường hóa!",아이템이 부족해 강화할 수 없습니다!,"Itens insuficientes, não é possível melhorar!",ไอเทมไม่เพียงพอ ไม่สามารถปรับปรุงได้!
175,starItemsNotEnough,"""Item is not enough, can't star activation!""",道具不足，無法升星！,"""Item is not enough, can't star activation!""","Đạo cụ không đủ, không cách nào thăng tinh!",아이템이 부족해 승급할 수 없습니다!,"Item insuficiente, não é possível ativar a estrela!",“ไอเทมไม่เพียงพอ ไม่สามารถเริ่มเปิดใช้งานได้!”
176,starMaxErr,You've attained the highest Star level and unable to level up further!,升星已經到頂級，無法升星！,You've attained the highest Star level and unable to level up further!,"Thăng tinh đã đến đỉnh cấp, không cách nào thăng tinh!",이미 최고레벨까지 승급했습니다!,Você atingiu o nível de estrela mais alto e não pode subir de nível mais!,คุณได้บรรลุระดับดาวสูงสุดแล้วและไม่สามารถเลื่อนระดับขึ้นไปอีกได้!
177,starDropErr,"""Insufficient star level, unable to reduce star level!""",星級不夠，無法降星！,"""Insufficient star level, unable to reduce star level!""","Tinh cấp không đủ, không cách nào hàng tinh!",성급이 부족해 진행할 수 없습니다!,"Nível de estrela insuficiente, não é possível reduzir o nível de estrela!",ระดับดาวไม่เพียงพอ ไม่สามารถลดระดับดาวได้!
178,goldFreeDrawCardTimerNoCD,"""Cool down time for Coins is not up yet, you can't draw a card for free!""",金幣冷卻時間未到，無法抽卡！,"""Cool down time for Coins is not up yet, you can't draw a card for free!""","Kim tệ thời gian cooldown chưa tới, không cách nào rút thẻ!",코인 쿨타임 시간이 되지 않았습니다!,"O tempo de espera para Moedas ainda não acabou, você não pode comprar uma carta de graça!",เวลาพักสำหรับเหรียญยังไม่หมด คุณไม่สามารถจั่วการ์ดได้ฟรี!
179,goldDrawLimitUp,You've reached the maximum number of Coin Draw Cards today,今日金幣抽卡已達上限次數,You've reached the maximum number of Coin Draw Cards today,Hôm nay kim tệ rút thẻ đã đạt hạn mức cao nhất số lần,오늘의 코인 뽑기 횟수가 이미 한도에 도달했습니다!,Você atingiu o número máximo de cartas de sorteio de moedas hoje,วันนี้คุณถึงจำนวนสูงสุดของ Coin Draw Cards แล้ว
180,pwRankAwardLimit,"""You've not attained the rank, and cannot claim it""",未達到該名次，不得領取,"""You've not attained the rank, and cannot claim it""","Chưa đạt tới nên thứ tự, không được nhận lấy",해당 순위를 달성하지 못해 수령할 수 없습니다.,Você não atingiu o posto e não pode reivindicá-lo,“ท่านยังไม่ได้รับยศและไม่สามารถอ้างสิทธิ์ได้”
181,pwAwardAreadyHas,"""Already claimed the rewards, can't claim again""",已經領取過獎勵，不得再次領取,"""Already claimed the rewards, can't claim again""","Đã nhận lấy quá khen lệ, không được lần nữa nhận lấy",이미 해당 보상을 수령했습니다.,"Já reivindiquei as recompensas, não posso reivindicá-las novamente",“รับรางวัลไปแล้ว ไม่สามารถรับรางวัลซ้ำได้”
182,pwPointAwardLimit,"""Point is not enough, can't claim!""",未達到該積分，不得領取,"""Point is not enough, can't claim!""","Chưa đạt tới nên điểm tích lũy, không được nhận lấy",해당 포인트를 달성하지 못해 수령할 수 없습니다.,"Pontos não são suficientes, não posso reivindicar!",คะแนนไม่พอก็อ้างไม่ได้!
183,vipGiftLevelUp,"""Insufficient VIP level, unable to purchase""",vip等級不足，不得購買,"""Insufficient VIP level, unable to purchase""","vip Cấp bậc chưa đủ, không được mua",VIP 레벨이 부족해 구매할 수 없습니다.,"Nível VIP insuficiente, não é possível comprar",ระดับ VIP ไม่เพียงพอ ไม่สามารถซื้อได้
184,vipGiftAreadyBuy,"""VIP Pack has been purchased, you cannot purchase again""",vip禮包已被購買，不得再次購買,"""VIP Pack has been purchased, you cannot purchase again""","vip Gói quà đã bị mua, không được lần nữa mua",VIP 패키지를 이미 구매해 더는 구매할 수 없습니다.,"O pacote VIP foi comprado, você não pode comprar novamente",ได้ทำการซื้อ VIP Pack เรียบร้อยแล้ว ไม่สามารถซื้อซ้ำได้
185,vipGiftRmbUp,"""Insufficient diamonds, unable to buy VIP pack""",鑽石不足，無法購買vip禮包,"""Insufficient diamonds, unable to buy VIP pack""","Kim cương không đủ, không cách nào mua vip Gói quà",다이아가 부족해 VIP 패키지를 구매할 수 없습니다.,"Diamantes insuficientes, não é possível comprar pacote VIP",“เพชรไม่เพียงพอ ไม่สามารถซื้อแพ็ค VIP ได้”
186,buyItemLevelLimit,"""Insufficient trainer level, unable to buy!""",等級不足，無法購買！,"""Insufficient trainer level, unable to buy!""","Cấp bậc chưa đủ, không cách nào mua!",레벨이 부족해 구매할 수 없습니다!,"Nível de treinador insuficiente, não é possível comprar!",เลเวลเทรนเนอร์ไม่เพียงพอ ไม่สามารถซื้อได้!
187,buyItemRmbUp,"""Insufficient diamonds, unable to buy""",鑽石不足，無法購買,"""Insufficient diamonds, unable to buy""","Kim cương không đủ, không cách nào mua",다이아가 부족해 구매할 수 없습니다.,"Diamantes insuficientes, incapaz de comprar",“เพชรไม่พอก็ซื้อไม่ได้”
188,pvpSelfErr,You can't fight against yourself in PVP mode!,PVP不能打自己！,You can't fight against yourself in PVP mode!,PVP Không thể đánh mình!,자기 자신과 PvP를 진행할 수 없습니다.,Você não pode lutar contra si mesmo no modo PVP!,คุณไม่สามารถต่อสู้กับตัวเองในโหมด PVP ได้!
189,dropEquipStarRmbUp,"""Diamond is not enough, can't degrade Star""",鑽石不足，無法降星,"""Diamond is not enough, can't degrade Star""","Kim cương không đủ, không cách nào hàng tinh",다이아가 부족해 진행할 수 없습니다.,"Diamante não é suficiente, não pode degradar Estrela",“เพชรไม่พอ ทำลายดาวไม่ได้”
190,talentLevelUp,"""Talent Level has maxed, can't upgrade.""",該天賦等級已達上限，無法升級,"""Talent Level has maxed, can't upgrade.""","Nên thiên phú đẳng cấp đã đạt hạn mức cao nhất, không cách nào thăng cấp",해당 특성은 이미 한도에 도달해 더는 레벨업할 수 없습니다.,"O nível do talento atingiu o máximo, não é possível melhorar.",ระดับพรสวรรค์ถึงขีดสุดแล้ว ไม่สามารถอัปเกรดได้
191,talentLevelPointUp,Insufficient talent points to level up,天賦點不足，無法升級,Insufficient talent points to level up,"Điểm thiên phú không đủ, không cách nào thăng cấp",특성포인트가 부족해 레벨업할 수 없습니다.,Pontos de talento insuficientes para subir de nível,คะแนนความสามารถไม่เพียงพอต่อการเลเวลอัป
192,talentLevelGoldUp,Insufficient coins to level up,金幣不足，無法升級,Insufficient coins to level up,"Kim tệ không đủ, không cách nào thăng cấp",코인이 부족해 레벨업할 수 없습니다.,Moedas insuficientes para subir de nível,เหรียญไม่เพียงพอต่อการเลเวลอัป
193,talentResetRmbUp,"""Insufficient diamonds, unable to reset""",鑽石不足，無法重置,"""Insufficient diamonds, unable to reset""","Kim cương không đủ, không cách nào thiết lập lại",다이아가 부족해 초기화할 수 없습니다!,"Diamantes insuficientes, não é possível redefinir",“เพชรไม่เพียงพอ ไม่สามารถรีเซตได้”
194,talentResetNoIDs,"""The current talent is not used, unable to reset""",當前天賦無任何消耗，無法重置,"""The current talent is not used, unable to reset""","Trước mắt thiên phú không cái gì tiêu hao, không cách nào thiết lập lại",현재 특성은 어떤 소모도 이루어지지 않아 초기화할 수 없습니다.,"O talento atual não é usado, não é possível redefinir",“ความสามารถปัจจุบันไม่ได้ถูกใช้ ไม่สามารถรีเซ็ตได้”
195,cardDevelopGateLevelUp,Your level is insufficient to enter the level,等級不足不能進入該關卡,Your level is insufficient to enter the level,Cấp bậc chưa đủ không thể tiến vào nên cửa ải,레벨이 부족해 해당 스테이지에 입장할 수 없습니다.,Seu nível é insuficiente para entrar no nível,ระดับของคุณไม่เพียงพอที่จะเข้าสู่ระดับ
196,cardDevelopGateStarUp,Your star level is insufficient to enter the level,星級不足不能進入該關卡,Your star level is insufficient to enter the level,Tinh cấp không đủ không thể tiến vào nên cửa ải,성급이 부족해 해당 스테이지에 입장할 수 없습니다.,Seu nível de estrela é insuficiente para entrar no nível,ระดับดาวของคุณไม่เพียงพอที่จะเข้าสู่ระดับ
197,cardDevelopLevelUp,Insufficient level for evolution,進化所需等級不足,Insufficient level for evolution,Cấp độ chưa đủ để tiến hóa,진화에 필요한 레벨이 부족합니다.,Nível insuficiente para evolução,ระดับไม่เพียงพอสำหรับการวิวัฒนาการ
198,cardDevelopStarUp,Insufficient star level for evolution,進化所需星級不足,Insufficient star level for evolution,Xếp hạng sao không đủ để tiến hóa,진화에 필요한 성급이 부족합니다.,Nível de estrela insuficiente para evolução,ระดับดาวไม่เพียงพอสำหรับการวิวัฒนาการ
199,cardDevelOnceGateUp,You can only attempt the Evolution level once,進化關卡只能打一次,You can only attempt the Evolution level once,Mỗi màn tiến hóa chỉ được chơi một lần.,진화 스테이지는 한 번만 진행할 수 있습니다.,Você só pode tentar o nível Evolution uma vez,คุณสามารถพยายามผ่านระดับวิวัฒนาการได้เพียงครั้งเดียวเท่านั้น
200,cardDevelopGateUp,Evolution level not cleared yet,進化關卡未通關,Evolution level not cleared yet,Chưa vượt qua màn tiến hóa,진화 스테이지를 클리어하지 않았습니다.,Nível de evolução ainda não limpo,ระดับวิวัฒนาการยังไม่เคลียร์
201,cardDevelopLimit,You've attained the highest evolution level,進化等級已是最高,You've attained the highest evolution level,Cấp độ tiến hóa đã đạt tối đa.,진화 레벨이 이미 최대입니다.,Você atingiu o mais alto nível de evolução,คุณได้บรรลุระดับวิวัฒนาการขั้นสูงสุดแล้ว
202,cardFeelLevelUp,Friendship level has reached the maximum,好感度已達等級上限,Friendship level has reached the maximum,Độ thiện cảm đã đạt đến mức tối đa.,호감도가 이미 레벨 한도에 도달했습니다.,O nível de amizade atingiu o máximo,ระดับมิตรภาพถึงขั้นสูงสุดแล้ว
203,cardFeelAdvanceExpLimit,EXP is insufficient to upgrade to Friendship level,經驗還不足以好感度進階,EXP is insufficient to upgrade to Friendship level,Chưa đủ kinh nghiệm để tăng độ thân thiết.,경험치가 부족해 호감도를 진급시킬 수 없습니다.,EXP é insuficiente para evoluir para o nível de amizade,EXP ไม่เพียงพอต่อการอัพเกรดเป็นระดับมิตรภาพ
204,cardFeelAdvanceUp,Friendship level has reached the maximum,好感度已達上限,Friendship level has reached the maximum,Độ thiện cảm đã đạt tối đa.,호감도가 이미 한도에 도달했습니다.,O nível de amizade atingiu o máximo,ระดับมิตรภาพถึงขั้นสูงสุดแล้ว
205,gameRankRoleInfoErr,No information on this trainer,暫無此人信息,No information on this trainer,Tạm thời chưa có người này tin tức,해당 유저의 정보가 존재하지 않습니다.,Nenhuma informação sobre este treinador,ไม่มีข้อมูลเกี่ยวกับเทรนเนอร์นี้
206,cardFightSoulNoactive,This fighting spirit ID is not activated yet,此鬥魂id還未啟動,This fighting spirit ID is not activated yet,ID đấu hồn này chưa được kích hoạt.,해당 투혼 ID는 아직 활성화되지 않았습니다.,Este ID de espírito de luta ainda não foi ativado,ID จิตวิญญาณนักสู้นี้ยังไม่ได้เปิดใช้งาน
207,cardFightSoulLevelUp,Fighting Spirit has reached the maximum level,鬥魂等級已達上限,Fighting Spirit has reached the maximum level,Cấp độ đấu hồn đã đạt đến giới hạn.,투혼 레벨이 이미 한도에 도달했습니다.,O espírito de luta atingiu o nível máximo,จิตวิญญาณนักสู้ได้ไปถึงระดับสูงสุดแล้ว
208,itemsCountError,Item quantity error,道具數量錯誤,Item quantity error,Đạo cụ số lượng sai lầm,아이템 수량 오류,Erro de quantidade de item,ข้อผิดพลาดปริมาณรายการ
209,cardFightGoldLimit,Insufficient coins to level up fighting spirit,金幣不足，鬥魂無法升級,Insufficient coins to level up fighting spirit,"Không đủ vàng, tinh thần chiến đấu không thể nâng cấp.",코인이 부족해 투혼을 레벨업할 수 없습니다.,Moedas insuficientes para aumentar o espírito de luta,เหรียญไม่เพียงพอต่อการยกระดับจิตวิญญาณการต่อสู้
210,cardFightRmbLimit,"""Insufficient diamonds, unable to upgrade the fighting spirit""",鑽石不足，鬥魂無法升級,"""Insufficient diamonds, unable to upgrade the fighting spirit""","Không đủ đá quý, tinh thần chiến đấu không thể nâng cấp",다이아가 부족해 투혼을 레벨업할 수 없습니다.,"Diamantes insuficientes, incapaz de melhorar o espírito de luta",“เพชรไม่เพียงพอ ไม่สามารถอัพเกรดจิตวิญญาณนักสู้ได้”
211,fragsCountError,Shard quantity error,碎片數量錯誤,Shard quantity error,Mảnh vỡ số lượng sai lầm,조각 수량 오류,Erro de quantidade de fragmentos,ข้อผิดพลาดปริมาณชิ้นส่วน
212,unionRenameRmbUp,"""Insufficient diamonds, unable to rename""",鑽石不足，無法重命名,"""Insufficient diamonds, unable to rename""","Kim cương không đủ, không cách nào đổi tên",다이아가 부족해 다시 이름을 지을 수 없습니다!,"Diamantes insuficientes, não é possível renomear",“เพชรไม่เพียงพอ ไม่สามารถเปลี่ยนชื่อได้”
213,gameRankCardInfoErr,No available data on this Pokémon,暫無此精靈信息,No available data on this Pokémon,Không có thông tin Pokémon này,지금은 해당 포켓몬의 정보가 존재하지 않습니다.,Não há dados disponíveis sobre este Pokémon,ไม่มีข้อมูลที่มีอยู่เกี่ยวกับโปเกมอนตัวนี้
214,unionOnlyChairmanOnly,This can only be done by the union Leader!,只有會長才能操作！,This can only be done by the union Leader!,Chỉ có chủ tịch mới có thể vận hành!,회장만 실행할 수 있습니다!,Isso só pode ser feito pelo líder sindical!,นี่จะต้องเป็นหน้าที่ของหัวหน้าสหภาพเท่านั้นที่จะทำได้!
215,unionMailTooLong,"""Union mail exceeds the maximum length, please modify!""",公會郵件過長，請修改！,"""Union mail exceeds the maximum length, please modify!""","Email bang hội quá dài, vui lòng sửa lại!",길드 우편이 너무 깁니다!,"O correio do sindicato excede o comprimento máximo, por favor modifique!",จดหมายสหภาพยาวเกินขีดจำกัด กรุณาแก้ไข!
216,unionMailoInvalid,"""Content of the union mail is inappropriate, please modify!""",公會郵件內容不合適，請修改！,"""Content of the union mail is inappropriate, please modify!""","Nội dung thư hội không phù hợp, vui lòng sửa lại!",길드 우편에 부적절한 내용이 있습니다!,"O conteúdo do e-mail do sindicato é inapropriado, por favor, modifique!",เนื้อหาเมล์สหภาพฯไม่เหมาะสม กรุณาแก้ไข!
217,unionMailSendCountUp,You've sent the maximum No. of mails of the day,當日郵件發送次數已達上限,You've sent the maximum No. of mails of the day,Đã đạt giới hạn gửi email trong ngày.,오늘의 우편 발송 횟수가 이미 한도에 도달했습니다.,Você enviou o número máximo de e-mails do dia,คุณได้ส่งเมล์จำนวนสูงสุดในวันนั้นแล้ว
218,unionNoFixUnion,No suitable union found,沒有找到合適的公會,No suitable union found,Không tìm thấy bang hội phù hợp.,적합한 길드를 찾지 못했습니다.,Nenhuma união adequada encontrada,ไม่พบสหภาพที่เหมาะสม
219,unionWorldChatTime,Union Recruitment cooldown of 5 minutes is not up yet,公會招募冷卻時間5分鐘未到,Union Recruitment cooldown of 5 minutes is not up yet,Thời gian hồi chiêu tuyển dụng bang hội chưa đến 5 phút.,길드 모집 쿨타임 5분이 아직 지나지 않았습니다.,O tempo de espera de 5 minutos para recrutamento sindical ainda não acabou,เวลาคูลดาวน์การรับสมัครสหภาพ 5 นาทียังไม่หมด
220,rolePersonalSignTooLong,Character limit has exceeded,字數過長,Character limit has exceeded,Số lượng từ quá dài,내용이 너무 깁니다.,O limite de caracteres foi excedido,เกินขีดจำกัดตัวอักษรแล้ว
221,rolePersonalSignInvalid,Signature is inappropriate!,簽名不合適！,Signature is inappropriate!,Kí tên không thích hợp!,적절하지 않은 서명입니다!,Assinatura inapropriada!,ลายเซ็นไม่เหมาะสม!
222,societyBlackListHasAdd,The trainer is already blacklisted,對方已經在黑名單裡,The trainer is already blacklisted,Đối phương đã tại sổ đen bên trong,상대가 이미 블랙리스트에 있습니다.,O treinador já está na lista negra,เทรนเนอร์ติดแบล็คลิสต์แล้ว
223,societyBlackListNoThis,This trainer is not in the blacklist,黑名單中並不存在此角色,This trainer is not in the blacklist,Sổ đen bên trong cũng không tồn tại góc này sắc,블랙리스트에 해당 캐릭터가 존재하지 않습니다.,Este treinador não está na lista negra,เทรนเนอร์คนนี้ไม่อยู่ในแบล็คลิสต์
224,randomTowerDataChange,"""Time's up today, please exit and re-enter""",今日時間已到，請退出重進,"""Time's up today, please exit and re-enter""","Hôm nay thời gian đã đến, mời rời khỏi trọng tiến",오늘은 이미 시간이 되었습니다. 퇴장 후 다시 입장하세요.,"O tempo acabou hoje, por favor saia e entre novamente",“วันนี้หมดเวลาแล้ว กรุณาออกและเข้าใหม่อีกครั้ง”
225,yuanzhengStarLimit,Star level insufficient to buy Buff,購買buff所需星級不足,Star level insufficient to buy Buff,Mua buff Cần thiết Tinh cấp không đủ,버프 구매에 필요한 성급이 부족합니다.,Nível de estrela insuficiente para comprar Buff,ระดับดาวไม่เพียงพอที่จะซื้อบัฟ
226,yuanzhengboxOpenRmbUp,Insufficient diamonds to open chests in trial,試煉開寶箱鑽石不足,Insufficient diamonds to open chests in trial,Không đủ kim cương để mở rương kho báu thử thách.,시련 보물상자 개방을 위한 다이아가 부족합니다.,Diamantes insuficientes para abrir baús no julgamento,เพชรไม่เพียงพอสำหรับเปิดหีบในการทดลอง
227,yuanzhengPointAwardLimit,"""Insufficient trial points, unable to receive the reward""",試煉累積積分不足，不能領取該獎勵,"""Insufficient trial points, unable to receive the reward""","Điểm tích lũy thử thách không đủ, không thể nhận phần thưởng.",시련 누적 포인트가 부족해 해당 보상을 수령할 수 없습니다.,"Pontos de teste insuficientes, não é possível receber a recompensa",“แต้มทดลองไม่เพียงพอ ไม่สามารถรับรางวัลได้”
228,yuanzhengPointAwardAlready,The trial point reward has been claimed,該試煉積分獎勵已被領取,The trial point reward has been claimed,Phần thưởng điểm thử thách đã được nhận.,해당 시련 포인트 보상을 이미 수령했습니다.,A recompensa do ponto de teste foi reivindicada,รับรางวัลคะแนนทดลองใช้แล้ว
229,allCanItemIDNoCard,You cannot exchange for shards without this Pokémon card,沒有這張精靈不能轉換碎片,You cannot exchange for shards without this Pokémon card,"Không có Pokémon này, không thể chuyển đổi Mảnh",해당 포켓몬이 없어 조각을 전환할 수 없습니다.,Você não pode trocar por fragmentos sem este card Pokémon,คุณไม่สามารถแลกเปลี่ยนเป็นเศษได้หากไม่มีการ์ดโปเกมอนใบนี้
230,heirloomCanNotUnlock,You've not met the requirements to unlock the relic!,神器解鎖條件未達成！,You've not met the requirements to unlock the relic!,Điều kiện để mở khóa hiện vật chưa được đáp ứng!,신기 개방 조건을 달성하지 않았습니다!,Você não atendeu aos requisitos para desbloquear a relíquia!,คุณยังไม่ตรงตามข้อกำหนดในการปลดล็อคสิ่งประดิษฐ์!
231,heirloomGrowItemLess,"""Insufficient material, unable to upgrade the relic!""",材料不足，無法升級神器！,"""Insufficient material, unable to upgrade the relic!""",Nguyên liệu không đủ để nâng cấp thần khí!,재료가 부족해 레벨업할 수 없습니다!,"Material insuficiente, não é possível atualizar a relíquia!",วัสดุไม่เพียงพอ ไม่สามารถอัพเกรดวัตถุโบราณได้!
232,heirloomGrowGoldLess,Insufficient coins to level up the relic!,金幣不足，無法升級神器！,Insufficient coins to level up the relic!,"Không đủ vàng, không thể nâng cấp thần khí!",코인이 부족해 레벨업할 수 없습니다!,Moedas insuficientes para subir de nível a relíquia!,เหรียญไม่เพียงพอสำหรับการอัปเลเวลวัตถุโบราณ!
233,heirloomGrowRMBLess,Insufficient diamonds to level up the relic!,鑽石不足，無法升級神器！,Insufficient diamonds to level up the relic!,Không đủ kim cương để nâng cấp thần khí!,다이아가 부족해 레벨업할 수 없습니다!,Diamantes insuficientes para subir de nível a relíquia!,เพชรไม่เพียงพอสำหรับการอัปเลเวลวัตถุโบราณ!
234,huodongCanNotSaoDang,"""Event is not cleared yet, you cannot blitz!""",活動未通關，不能掃蕩！,"""Event is not cleared yet, you cannot blitz!""","Hoạt động chưa thông quan, không thể càn quét!",이벤트를 클리어하지 않아 소탕할 수 없습니다!,"O evento ainda não foi concluído, você não pode atacar!",กิจกรรมยังไม่เคลียร์ ไม่สามารถบลิตซ์ได้!
235,luckyCatMax,You've reached the maximum chances of bringing in fortune!,您的招財次數達到上限！,You've reached the maximum chances of bringing in fortune!,Ngài chiêu tài số lần đạt tới hạn mức cao nhất!,재물 횟수가 한도에 도달했습니다!,Você atingiu as chances máximas de trazer fortuna!,คุณได้ถึงโอกาสสูงสุดในการนำโชคมาสู่แล้ว!
236,luckyCatVIPNotEnough,"""Insufficient VIP level, unable to bring in fortune!""",VIP等級不足，無法招財！,"""Insufficient VIP level, unable to bring in fortune!""","VIP Cấp bậc chưa đủ, không cách nào chiêu tài!",VIP레벨이 부족해 진행할 수 없습니다!,"Nível VIP insuficiente, incapaz de trazer fortuna!",ระดับ VIP ไม่เพียงพอ ไม่สามารถนำโชคเข้ามาได้!
237,luckyCatRMBNotEnough,"""Insufficient diamonds, you can't bring in fortune!""",鑽石不足，無法招財！,"""Insufficient diamonds, you can't bring in fortune!""","Kim cương không đủ, không cách nào chiêu tài!",다이아가 부족해 진행할 수 없습니다!,"Com diamantes insuficientes, você não pode trazer fortuna!",“เพชรไม่พอ ก็สร้างโชคลาภไม่ได้!”
238,dailyBuyVIPNotEnough,"""Insufficient VIP level, unable to buy!""",VIP等級不足，無法購買！,"""Insufficient VIP level, unable to buy!""","VIP Cấp bậc chưa đủ, không cách nào mua!",VIP레벨이 부족해 구매할 수 없습니다!,"Nível VIP insuficiente, não é possível comprar!",ระดับ VIP ไม่เพียงพอ ไม่สามารถซื้อได้!
239,dailyBuyMax,You've reached the maximum No. of purchase!,購買已達到上限！,You've reached the maximum No. of purchase!,Mua đã đạt tới hạn mức cao nhất!,구매가 이미 한도에 도달했습니다!,Você atingiu o número máximo de compras!,คุณถึงจำนวนการซื้อสูงสุดแล้ว!
240,dailyBuyRMBNotEnough,"""Insufficient diamonds, unable to buy!""",鑽石不足，無法購買！,"""Insufficient diamonds, unable to buy!""","Kim cương không đủ, không cách nào mua!",다이아가 부족해 구매할 수 없습니다!,"Diamantes insuficientes, não é possível comprar!",เพชรไม่เพียงพอ ไม่สามารถซื้อได้!
241,cardStarRMBNotEnough,"""Diamond is not enough, can't upgrade star!""",鑽石不足，無法升星！,"""Diamond is not enough, can't upgrade star!""","Kim cương không đủ, không cách nào thăng tinh!",다이아가 부족해 승급할 수 없습니다!,"Diamante não é suficiente, não é possível melhorar a estrela!",เพชรไม่พอ อัพเกรดดาวก็ไม่ได้!
242,advanceRMBNotEnough,"""Insufficient diamonds, unable to upgrade!""",鑽石不足，無法進階！,"""Insufficient diamonds, unable to upgrade!""","Kim cương không đủ, không cách nào tiến giai!",다이아가 부족해 진급할 수 없습니다!,"Diamantes insuficientes, não é possível atualizar!",เพชรไม่เพียงพอ ไม่สามารถอัปเกรดได้!
243,equipAwakeFragLimit,Insufficient Equipment Awakening Shard!,裝備覺醒碎片不足!,Insufficient Equipment Awakening Shard!,Trang bị thức tỉnh mảnh vỡ không đủ!,장비 각성 조각이 부족합니다!,Equipamento Insuficiente Fragmento de Despertar!,ชิ้นส่วนการปลุกอุปกรณ์ไม่เพียงพอ!
244,dailyBuyPast,It has expired and cannot be purchased,已過期，無法購買！,It has expired and cannot be purchased,"Đã qua kỳ, không cách nào mua!",이미 만료되어 구매할 수 없습니다!,Expirou e não pode ser comprado,หมดอายุแล้วไม่สามารถซื้อได้
245,pvpRank10Limit,Attain the top 20 rank to challenge the top 10 trainers,排名在前20才能挑戰前10,Attain the top 20 rank to challenge the top 10 trainers,Xếp hạng phía trước 20 Mới có thể khiêu chiến trước 10,상위 20위 이상만 상위 10위 내 유저에게 도전할 수 있습니다.,Alcance o top 20 para desafiar os 10 melhores treinadores,คว้าอันดับ 20 อันดับแรกเพื่อท้าทายเทรนเนอร์ 10 อันดับแรก
246,huodongClassifyError,Type of attacking and defending skills of the Pokémon line-up is incorrect,上陣精靈攻防技類型不對,Type of attacking and defending skills of the Pokémon line-up is incorrect,Loại hình kỹ năng Công Phòng của Pokémon lên trận không đúng,출전 포켓몬의 공격/방어 기술 유형이 맞지 않습니다.,O tipo de habilidades de ataque e defesa da formação Pokémon está incorreto,ประเภทของทักษะการโจมตีและการป้องกันของกลุ่มโปเกมอนไม่ถูกต้อง
247,huodongHuanxiangDayErr,The day of Fantasy Challenge is incorrect,幻象挑戰星期幾不對,The day of Fantasy Challenge is incorrect,Ngày trong tuần của Thử thách Ảo ảnh không đúng.,환상 도전 요일이 맞지 않습니다.,O dia do Desafio de Fantasia está incorreto,วันแห่งการท้าทายแฟนตาซีนั้นไม่ถูกต้อง
248,yuanzhengPassMax,You skip to reach the highest level!,跳過已達最高層數！,You skip to reach the highest level!,Nhảy qua đã đạt tầng cao nhất số!,이미 최고 층수에 도달했습니다!,Você pula para chegar ao nível mais alto!,คุณข้ามเพื่อไปถึงระดับสูงสุด!
249,unionGameTimesMax,You've reached the maximum No. of games!,遊戲次數已達上限！,You've reached the maximum No. of games!,Trò chơi số lần đã đạt hạn mức cao nhất!,게임 횟수가 한도에 도달했습니다!,Você atingiu o número máximo de jogos!,คุณถึงจำนวนเกมสูงสุดแล้ว!
250,unionEggMax,"""Agnimon number has maxed, please claim rewards.""",火神獸個數已達上限！請領取獎勵,"""Agnimon number has maxed, please claim rewards.""",Số lượng Moltres đã đạt đến giới hạn! Vui lòng nhận phần thưởng của bạn.,아그니몬 개수가 한도에 도달했습니다! 보상을 수령하세요.,"O número de Agnimon atingiu o máximo, por favor, reivindique as recompensas.",จำนวนอักนิมอนถึงขีดจำกัดแล้ว โปรดรับรางวัล
251,unionGameRMBNotEnough,"""Insufficient diamonds, unable to start the game!""",鑽石不足，無法進行遊戲！,"""Insufficient diamonds, unable to start the game!""","Kim cương không đủ, không cách nào tiến hành trò chơi!",다이아가 부족해 게임을 진행할 수 없습니다!,"Diamantes insuficientes, não é possível iniciar o jogo!",เพชรไม่เพียงพอ ไม่สามารถเริ่มเกมได้!
252,unionContribCostNotEnough,"""Insufficient items, unable to donate!""",物品不足，無法貢獻！,"""Insufficient items, unable to donate!""","Vật phẩm không đủ, không Pháp Cống hiến!",아이템이 부족해 공헌을 진행할 수 없습니다!,"Itens insuficientes, não é possível doar!",“สิ่งของไม่เพียงพอ ไม่สามารถบริจาคได้!”
253,unionContribDayMax,"""Daily contribution has maxed, can't contribution!""",當日貢獻已達上限，無法貢獻！,"""Daily contribution has maxed, can't contribution!""","Ngày đó cống hiến đã đạt hạn mức cao nhất, không Pháp Cống hiến!",오늘 공헌이 이미 한도에 도달해 더는 공헌을 진행할 수 없습니다!,"A contribuição diária atingiu o máximo, não é possível contribuir!",ยอดบริจาครายวันถึงขีดสุดแล้ว ไม่สามารถบริจาคได้!
254,unionContribVIPNotEnough,"""Insufficient VIP level, unable to carry out Tycoon Donation!""",VIP等級不足，無法進行土豪捐獻！,"""Insufficient VIP level, unable to carry out Tycoon Donation!""","VIP Cấp bậc chưa đủ, không cách nào tiến hành thổ hào hiến cho!",VIP 레벨이 부족해 고급 기부를 할 수 없습니다!,"Nível VIP insuficiente, não é possível realizar a Doação de Magnata!",ระดับ VIP ไม่เพียงพอ ไม่สามารถทำการบริจาค Tycoon ได้!
255,unionTrainNotInTime,Time's not up and you cannot use the training center!,時間未到，無法使用訓練中心！,Time's not up and you cannot use the training center!,"Thời gian chưa tới, không cách nào sử dụng huấn luyện trung tâm!",시간이 되지 않아 훈련센터를 사용할 수 없습니다!,O tempo não acabou e você não pode usar o centro de treinamento!,เวลายังไม่หมด และคุณไม่สามารถใช้ศูนย์ฝึกอบรมได้!
256,unionNotInTime,Time's not up and you cannot use the feature!,時間未到，無法使用該功能！,Time's not up and you cannot use the feature!,"Thời gian chưa tới, không cách nào sử dụng nên công năng!",시간이 되지 않아 해당 기능을 사용할 수 없습니다!,O tempo não acabou e você não pode usar o recurso!,เวลายังไม่หมด และคุณไม่สามารถใช้ฟีเจอร์นี้ได้!
257,unionTrainSlotRMBNotEnough,"""Insufficient diamonds, unable to expand the training slot!""",鑽石不足，無法開啟該訓練位！,"""Insufficient diamonds, unable to expand the training slot!""","Kim cương không đủ, không cách nào mở ra nên huấn luyện vị!",다이아가 부족해 해당 훈련 자리를 개방할 수 없습니다!,"Diamantes insuficientes, não é possível expandir o espaço de treinamento!",“เพชรไม่เพียงพอ ไม่สามารถขยายช่องการฝึกได้!”
258,unionTrainSlotNotEnough,"""Requirements not met, unable to expand the training slot!""",條件不足，無法開啟該訓練位！,"""Requirements not met, unable to expand the training slot!""","Điều kiện không đủ, không cách nào mở ra nên huấn luyện vị!",조건이 부족해 해당 훈련 자리를 개방할 수 없습니다!,"Requisitos não atendidos, não é possível expandir o intervalo de treinamento!",“ไม่เป็นไปตามข้อกำหนด ไม่สามารถขยายช่องการฝึกอบรมได้!”
259,unionTrainCardNotExisted,"Pokémon does not exist, you cannot train it!",精靈不存在，無法訓練！,"Pokémon does not exist, you cannot train it!","Pokémon không tồn tại, không thể huấn luyện!",포켓몬이 존재하지 않아 훈련할 수 없습니다!,"Pokémon não existe, você não pode treiná-lo!",โปเกมอนไม่มีอยู่จริง คุณไม่สามารถฝึกมันได้!
260,unionTrainCardYetInTrain,The Pokémon is in training in other positions!,精靈已經在其它位置上訓練！,The Pokémon is in training in other positions!,Pokémon đã huấn luyện tại vị trí khác!,포켓몬이 이미 다른 위치에서 훈련 중입니다!,O Pokémon está em treinamento em outras posições!,โปเกมอนกำลังฝึกซ้อมตำแหน่งอื่น!
261,unionTrainSlotBeTrain,There are other Pokémons that are training at the slot!,有其它精靈在該位置上訓練！,There are other Pokémons that are training at the slot!,Có Pokémon khác đang huấn luyện ở vị trí này!,다른 포켓몬이 이미 해당 위치에서 훈련 중입니다!,Há outros Pokémon treinando no slot!,มีโปเกมอนตัวอื่นๆ ที่กำลังฝึกฝนอยู่ในสล็อต!
262,unionTrainSlotNotOpen,The slot is locked!,該位置未開放！,The slot is locked!,Nên vị trí chưa mở ra!,해당 위치는 개방되지 않았습니다!,O slot está bloqueado!,ช่องถูกล็อคแล้ว!
263,unionTrainSpeedUpMax,Today's speed has been increased to the maximum!,今日加速已達上限！,Today's speed has been increased to the maximum!,Hôm nay gia tốc đã đạt hạn mức cao nhất!,오늘의 가속이 이미 한도에 도달했습니다!,A velocidade de hoje foi aumentada ao máximo!,วันนี้ความเร็วเพิ่มขึ้นถึงขีดสุดแล้ว!
264,unionTrainNotExisted,The other party's Pokémons are not in training!,對方精靈沒有在訓練！,The other party's Pokémons are not in training!,Pokémon đối phương đang không huấn luyện!,상대방의 포켓몬이 훈련 중이 아닙니다!,Os Pokémon do outro grupo não estão em treinamento!,โปเกมอนของอีกฝ่ายไม่ได้อยู่ในช่วงฝึกซ้อม!
265,unionFeatureNotOpen,Insufficient union level unable to unlock the feature!,公會等級未到，功能未開啟！,Insufficient union level unable to unlock the feature!,"Công hội đẳng cấp chưa tới, công năng chưa mở ra!",길드 레벨이 부족해 기능이 개방되지 않았습니다.,"Nível de união insuficiente, não é possível desbloquear o recurso!",ระดับสหภาพไม่เพียงพอไม่สามารถปลดล็อคคุณสมบัติได้!
266,unionTrainRandomNoOne,You're unable to randomly find anyone!,無法隨機到任何人！,You're unable to randomly find anyone!,Không cách nào ngẫu nhiên đến bất kỳ người!,아무도 선택되지 않았습니다!,Você não consegue encontrar ninguém aleatoriamente!,คุณไม่สามารถค้นหาใครโดยสุ่มได้!
267,unionContribLevelMax,"""Level has maxed,can't contribution!""",等級已達上限，無法貢獻！,"""Level has maxed,can't contribution!""","Đã đạt cấp độ tối đa, không thể đóng góp!",레벨이 이미 한도에 도달해 더는 공헌을 진행할 수 없습니다!,"O nível atingiu o máximo, não é possível contribuir!",เลเวลถึงขีดสุดแล้ว ไม่สามารถมีส่วนสนับสนุนได้!
268,payQQRMBNotEnough,"""Tencent fails to process the payment, please sign in again!""",騰訊扣費失敗，請重登！,"""Tencent fails to process the payment, please sign in again!""","Thanh toán Tencent thất bại, vui lòng đăng nhập lại!",텐센트 결제 실패. 다시 시도하세요!,A Tencent não conseguiu processar o pagamento. Entre novamente!,Tencent ไม่สามารถดำเนินการชำระเงินได้ กรุณาลงชื่อเข้าใช้ใหม่อีกครั้ง!
269,yyboxPointLimit,"""Point not enough, can't claim""",未達到積分要求，不得領取,"""Point not enough, can't claim""","Chưa đạt tới điểm tích lũy yêu cầu, không được nhận lấy",포인트 조건을 달성하지 못해 수령할 수 없습니다.,"Ponto insuficiente, não posso reivindicar",จุดไม่พอก็อ้างไม่ได้
270,yyboxPointAlready,"""Point reward already claimed, can't claim""",此積分獎勵已領取，不得再次領取,"""Point reward already claimed, can't claim""","Này điểm tích lũy ban thưởng đã nhận lấy, không được lần nữa nhận lấy",본 포인트 보상은 이미 수령해 다시 수령할 수 없습니다.,"Recompensa de pontos já reivindicada, não é possível reivindicar",“รับรางวัลคะแนนไปแล้ว ไม่สามารถรับรางวัลได้”
271,yyBoxHasEnd,Time-limited Legendary Pokémon Event has ended,限時神獸活動已結束,Time-limited Legendary Pokémon Event has ended,Sự kiện Pokémon huyền thoại thời gian giới hạn đã kết thúc.,한정 전설의 포켓몬 이벤트가 이미 종료되었습니다.,O evento Pokémon Lendário por tempo limitado terminou,กิจกรรมโปเกมอนในตำนานแบบจำกัดเวลาสิ้นสุดลงแล้ว
272,yyBuyYet,Multiple purchase is not needed!,無需重複購買！,Multiple purchase is not needed!,Không cần lặp lại mua!,중복 구매할 필요가 없습니다!,Não é necessária compra múltipla!,ไม่ต้องซื้อหลายชิ้น!
273,yyBuyVIPNotEnough,"""Insufficient VIP level, unable to buy!""",VIP等級不足，無法購買！,"""Insufficient VIP level, unable to buy!""","VIP Cấp bậc chưa đủ, không cách nào mua!",VIP레벨이 부족해 구매할 수 없습니다!,"Nível VIP insuficiente, não é possível comprar!",ระดับ VIP ไม่เพียงพอ ไม่สามารถซื้อได้!
274,yyWorldBossBuyMax,You've reached the maximum No. of Global Boss purchases!,今日世界boss購買次數已達上限！,You've reached the maximum No. of Global Boss purchases!,Số lần mua Boss Thế giới hôm nay đã đạt đến giới hạn!,오늘의 월드BOSS 구매 횟수가 이미 최대입니다!,Você atingiu o número máximo de compras do Global Boss!,คุณได้ถึงจำนวนสูงสุดของการซื้อ Global Boss แล้ว!
275,yyWorldBossCountLimit,You've reached the maximum No. of Global Boss challenge!,今日世界boss次數已不足,You've reached the maximum No. of Global Boss challenge!,Số lần thử thách World Boss hôm nay không đủ.,오늘의 월드BOSS 구매 횟수가 부족합니다.,Você atingiu o número máximo de desafios de Chefes Globais!,คุณได้ถึงจำนวนสูงสุดของการท้าทายบอสระดับโลกแล้ว!
276,shopHasClosed,Shop is closed,商店已經關閉,Shop is closed,Cửa hàng đã đóng cửa.,상점이 이미 종료되었습니다.,A loja está fechada,ร้านปิดแล้ว
277,cloneCanNotQuitRoom,"""The battle has begun, you can't leave the room!""",已經開始挑戰，無法退出房間！,"""The battle has begun, you can't leave the room!""","Đã bắt đầu khiêu chiến, không cách nào rời khỏi gian phòng!",이미 도전이 시작되어 방에서 나갈 수 없습니다!,"A batalha começou, você não pode sair da sala!",“การต่อสู้ได้เริ่มขึ้นแล้ว คุณออกจากห้องไม่ได้!”
278,cloneLevelNotEnough,"""Insufficient trainer level, unable to unlock element challenge!""",等級不足，無法開啟元素挑戰！,"""Insufficient trainer level, unable to unlock element challenge!""","Cấp bậc chưa đủ, không cách nào mở ra nguyên tố khiêu chiến!",레벨이 부족해 엘리멘탈 챌린지를 개방할 수 없습니다!,"Nível de treinador insuficiente, não é possível desbloquear o desafio elemental!",ระดับเทรนเนอร์ไม่เพียงพอ ไม่สามารถปลดล็อคความท้าทายธาตุได้!
279,cloneCardNotExisted,"Pokémon does not exist, you cannot send it to battle!",精靈不存在，無法上陣！,"Pokémon does not exist, you cannot send it to battle!","Pokémon không tồn tại, không thể lên trận!",포켓몬이 존재하지 않습니다!,"Pokémon não existe, você não pode enviá-lo para a batalha!",โปเกมอนไม่มีอยู่จริง คุณไม่สามารถส่งมันเข้าต่อสู้ได้!
280,cloneRoomOutDate,The room has expired!,房間已經過期！,The room has expired!,Gian phòng đã qua kỳ!,방이 이미 만료됐습니다!,O quarto expirou!,ห้องหมดอายุแล้ว!
281,cloneAlreadyInRoom,You are already in an element challenge team!,您已經在元素挑戰隊伍內了,You are already in an element challenge team!,Bạn đã ở trong đội Thử thách Nguyên tố rồi.,이미 엘리멘탈 챌린지 팀에 가입했습니다.,Você já faz parte de uma equipe de desafio de elementos!,คุณอยู่ในทีมท้าทายธาตุแล้ว!
282,cloneNotInRoom,"""There are changes to the team, please exit and re-enter!""",隊伍發生變化，請退出後重進！,"""There are changes to the team, please exit and re-enter!""",Thành phần đội đã thay đổi. Vui lòng thoát ra và vào lại!,팀에 변화가 발생했습니다. 퇴장 후 다시 진입하세요!,"Há mudanças na equipe, por favor, saia e entre novamente!",มีการเปลี่ยนแปลงทีม กรุณาออกแล้วเข้าใหม่อีกครั้ง!
283,cloneNeedLeader,You're not the leader of the room!,你不是該房間的隊長！,You're not the leader of the room!,Bạn không phải là đội trưởng của phòng này!,해당 방의 리더가 아닙니다!,Você não é o líder da sala!,คุณไม่ใช่หัวหน้าห้อง!
284,cloenRoomFull,"""The team is full, please select to join another team!""",該隊伍已滿，請選擇其他隊伍加入,"""The team is full, please select to join another team!""",Đội đã đầy. Vui lòng chọn đội khác để tham gia.,팀이 가득 찼습니다. 다른 팀을 선택하세요.,"A equipe está completa, selecione para se juntar a outra equipe!",ทีมเต็มแล้ว กรุณาเลือกเข้าร่วมทีมอื่น!
285,cloneRoomBattleFinished,You have completed the element challenge!,你已經完成了元素挑戰！,You have completed the element challenge!,Bạn đã hoàn thành thử thách nguyên tố!,이미 엘리멘탈 챌린지를 완료했습니다!,Você completou o desafio dos elementos!,คุณได้ทำการท้าทายธาตุสำเร็จแล้ว!
286,cloneDrawBoxRMBNotEnough,"""Insufficient diamonds, unable to open chest!""",鑽石不足，無法開啟寶箱！,"""Insufficient diamonds, unable to open chest!""","Kim cương không đủ, không cách nào mở ra bảo rương!",다이아가 부족해 보물상자를 개방할 수 없습니다!,"Diamantes insuficientes, não é possível abrir o baú!",“เพชรไม่เพียงพอ ไม่สามารถเปิดหีบได้!”
287,cloneRoomCardRefresh,"There are changes with the battling Pokémon, please refresh the room!",上陣精靈有變動，請刷新房間！,"There are changes with the battling Pokémon, please refresh the room!","Pokémon lên trận có thay đổi, vui lòng làm mới Phòng!",출전 포켓몬에 변화가 발생했습니다. 방을 갱신하세요!,"Há mudanças nos Pokémon batalhadores, por favor atualize a sala!",มีการเปลี่ยนแปลงกับโปเกมอนที่ต่อสู้ กรุณารีเฟรชห้อง!
288,cloneCanNotEnterRoom,You do not have the right Pokémon and unable to enter the room!,你沒有相關精靈，無法進入房間！,You do not have the right Pokémon and unable to enter the room!,"Chưa có Pokémon liên quan, không thể vào Phòng!",관련 포켓몬이 없어 방에 들어갈 수 없습니다!,Você não tem o Pokémon certo e não consegue entrar na sala!,คุณไม่มีโปเกมอนที่ถูกต้องและไม่สามารถเข้าห้องได้!
289,redPacketSendLimit,You've reached the No. of maximum times of distributing Red Packets,今日發紅包次數已經達到上限,You've reached the No. of maximum times of distributing Red Packets,Hôm nay phát hồng bao số lần đã đạt tới hạn mức cao nhất,오늘의 보너스 보내기 횟수가 이미 한도에 도달했습니다!,Você atingiu o número máximo de vezes de distribuição de Pacotes Vermelhos,คุณได้บรรลุจำนวนครั้งสูงสุดในการแจก Red Packets แล้ว
290,redPacketVipLimit,Insufficient VIP level,vip等級不足,Insufficient VIP level,vip Cấp bậc chưa đủ,VIP 레벨 부족,Nível VIP insuficiente,ระดับ VIP ไม่เพียงพอ
291,redPacketRmbLimit,"""Insufficient diamonds, unable to distribute Red Packets""",鑽石不足，無法發紅包,"""Insufficient diamonds, unable to distribute Red Packets""","Kim cương không đủ, không cách nào phát hồng bao",다이아가 부족해 보너스를 보낼 수 없습니다.,"Diamantes insuficientes, incapaz de distribuir Pacotes Vermelhos",“เพชรไม่เพียงพอ ไม่สามารถแจกซองแดงได้”
292,redPacketLevelNotEnough,"""Insufficient union level, unable to use the Red Packet feature!""",公會等級未到，不能進行紅包操作！,"""Insufficient union level, unable to use the Red Packet feature!""","Cấp độ bang hội chưa đủ, không thể thực hiện thao tác lì xì!",길드 레벨이 부족해 보너스 관련 조작을 진행할 수 없습니다!,"Nível de união insuficiente, não é possível usar o recurso Red Packet!",ระดับสหภาพไม่เพียงพอ ไม่สามารถใช้คุณสมบัติ Red Packet ได้!
293,redPacketNotExist,Red Packet has expired,紅包已失效,Red Packet has expired,Bao lì xì đã hết hạn,유효하지 않은 보너스입니다.,O pacote vermelho expirou,ซองแดงหมดอายุแล้ว
294,redPacketRoleRobLimit,You've reached the No. of maximum times of grabbing Red Packets,今日搶玩家紅包次數已經達到上限,You've reached the No. of maximum times of grabbing Red Packets,Bạn đã đạt đến số lần nhận lì xì từ người chơi tối đa trong ngày hôm nay.,오늘의 보너스 얻기 횟수가 이미 한도에 도달했습니다!,Você atingiu o número máximo de vezes para pegar Pacotes Vermelhos,คุณได้ถึงจำนวนครั้งสูงสุดในการคว้า Red Packets แล้ว
295,redPacketNoRemain,The Red Packet has been grabbed empty,該紅包已被搶光,The Red Packet has been grabbed empty,Nên hồng bao đã bị cướp sạch,해당 보너스는 이미 모두 빼앗겼습니다.,O pacote vermelho foi pego vazio,ซองแดงถูกคว้าไปจนหมด
296,redPacketAlreadyRob,This Red Packet has been grabbed today,今日該紅包已搶過,This Red Packet has been grabbed today,Bao lì xì hôm nay đã được lấy hết rồi.,오늘의 보너스가 이미 바닥났습니다.,Este pacote vermelho foi pego hoje,วันนี้ Red Packet โดนคว้าไปแล้ว
297,pwBattleItemLimit,Insufficient Arena Challenge Coupon,競技場挑戰券不足,Insufficient Arena Challenge Coupon,Sân thi đấu khiêu chiến khoán không đủ,아레나 챌랜지 쿠폰이 부족합니다.,Cupom de Desafio de Arena Insuficiente,คูปอง Arena Challenge ไม่เพียงพอ
298,cloneMonsterNotExisted,"""Dark-type Pokémons are refreshed, please exit and re-enter!""",黑暗寵物已刷新，請退出後重進,"""Dark-type Pokémons are refreshed, please exit and re-enter!""",Pokémon bóng tối đã được làm mới. Vui lòng thoát và đăng nhập lại.,다크 타입 포켓몬이 갱신되었습니다. 퇴장 후 다시 진입하세요!,"Pokémons do tipo escuro foram atualizados, por favor, saia e entre novamente!",โปเกมอนประเภทมืดได้รับการรีเฟรชแล้ว โปรดออกแล้วเข้ามาใหม่!
299,unionRedPacketSysTimeL,"""After switching unions, you have to wait until 19:00 to grab the red packets!""",更換公會後需等到19點紅包刷新才能搶哦,"""After switching unions, you have to wait until 19:00 to grab the red packets!""","Sau khi đổi bang hội, bạn cần đợi đến 7 giờ tối để lì xì được làm mới trước khi có thể nhận.",길드 변경 후에는 19시 보너스 갱신 이후 얻을 수 있습니다.,"Depois de trocar de sindicato, você tem que esperar até as 19:00 para pegar os pacotes vermelhos!",หลังจากสลับสหภาพแล้ว ต้องรอถึง 19.00 น. ถึงไปรับซองแดงได้!
300,unionTrainOtherSpeedUpMax,Opponent's speed has been increased to the maximum!,對方被加速已達上限！,Opponent's speed has been increased to the maximum!,Đối phương bị gia tốc đã đạt hạn mức cao nhất!,상대방의 가속이 이미 한도에 도달했습니다!,A velocidade do oponente foi aumentada ao máximo!,ความเร็วของฝ่ายตรงข้ามได้รับการปรับเพิ่มขึ้นถึงขีดสุดแล้ว!
301,rmbNotEnough,Insufficient diamonds,鑽石不足,Insufficient diamonds,Kim cương không đủ,다이아 부족,Diamantes insuficientes,เพชรไม่เพียงพอ
302,goldNotEnough,Insufficient coins,金幣不足,Insufficient coins,Kim tệ không đủ,코인 부족,Moedas insuficientes,เหรียญไม่เพียงพอ
303,cloneInviteInCD,Invitation cool down time is not up yet!,邀請冷卻時間未到！,Invitation cool down time is not up yet!,Mời thời gian cooldown chưa tới!,요청 쿨타임이 끝나지 않았습니다!,O tempo de espera para os convites ainda não acabou!,เวลาพักการเชิญยังไม่หมด!
304,craftNoOpen,Indigo Plateau Conference is not opened yet!,石英大會未開放！,Indigo Plateau Conference is not opened yet!,Cao nguyên Indigo chưa mở!,석영 대회가 개방되지 않았습니다!,A Conferência Indigo Plateau ainda não foi aberta!,Indigo Plateau Conference ยังไม่เปิด!
305,craftNoOpenForYou,You did not participate in the Indigo Plateau Conference!,你沒有參加石英大會！,You did not participate in the Indigo Plateau Conference!,Bạn đã không tham gia Hội nghị Cao nguyên Indigo!,아직 석영 대회에 참가하지 않았습니다!,Você não participou da Conferência Indigo Plateau!,คุณไม่ได้เข้าร่วมการประชุม Indigo Plateau!
306,craftCanNotBet,"""Time is up, no more bets allowed!""",時間已過，無法下註！,"""Time is up, no more bets allowed!""",Hết giờ! Không đặt cược nữa!,시간이 지나 베팅할 수 없습니다!,"O tempo acabou, não são mais permitidas apostas!",หมดเวลาแล้ว ไม่อนุญาตให้เดิมพันอีกต่อไป!
307,craftBetYet,You've already placed your bet!,已經下註，無需重複下註！,You've already placed your bet!,"Đã đặt cược, không cần đặt lại!",이미 베팅했습니다!,Você já fez sua aposta!,คุณได้วางเดิมพันเรียบร้อยแล้ว!
308,craftBetGoldNotEnough,"""Insufficient coins, unable to place bets!""",金幣不足，無法下註！,"""Insufficient coins, unable to place bets!""","Không đủ tiền xu, không thể đặt cược!",코인이 부족해 베팅할 수 없습니다!,"Moedas insuficientes, não é possível fazer apostas!",เหรียญไม่เพียงพอ ไม่สามารถวางเดิมพันได้!
309,craftBetNoSuchRole,You can't bet on this trainer!,無法對此人下註！,You can't bet on this trainer!,Không thể đặt cược vào người này!,해당 유저에게 베팅할 수 없습니다!,Você não pode apostar neste treinador!,คุณไม่สามารถเดิมพันกับเทรนเนอร์นี้!
310,craftCanNotFillDeploy,"""Registration period is over, changing of line-ups is not allowed anymore!""",報名時間已過，無法更換陣容！,"""Registration period is over, changing of line-ups is not allowed anymore!""","Thời gian đăng ký đã hết, không thể thay đổi đội hình!",신청 시간이 지나 라인업을 변경할 수 없습니다!,"O período de inscrição acabou, não é mais permitida a troca de escalações!",สิ้นสุดระยะเวลารับสมัครแล้ว ไม่อนุญาตให้เปลี่ยนแถวอีกต่อไป!
311,craftLockDeploy,You cannot switch after locking the line-up!,陣容鎖定中無法替換！,You cannot switch after locking the line-up!,Không thể thay thế trong khi đội hình đang bị khóa!,라인업 고정 중에는 교체할 수 없습니다!,Você não pode trocar depois de bloquear a escalação!,หลังจากล็อคไลน์อัปแล้วไม่สามารถเปลี่ยนได้!
312,craftOver,The Indigo Plateau Conference has ended!,石英大會已經結束！,The Indigo Plateau Conference has ended!,Giải đấu Cao Nguyên Indigo đã kết thúc!,석영 대회가 이미 종료되었습니다!,A Conferência Indigo Plateau terminou!,การประชุม Indigo Plateau สิ้นสุดลงแล้ว!
313,craftYouOut,You've been eliminated!,你已經被淘汰！,You've been eliminated!,Bạn đã bị loại!,이미 탈락했습니다!,Você foi eliminado!,คุณถูกกำจัดแล้ว!
314,shopRefreshUp,You've reached the maximum No. of shop refreshes!,該商店刷新次數已達上限！,You've reached the maximum No. of shop refreshes!,Đã đạt giới hạn số lần làm mới cửa hàng!,해당 상점의 갱신 횟수가 이미 한도에 도달했습니다!,Você atingiu o número máximo de atualizações na loja!,คุณถึงจำนวนการรีเฟรชร้านค้าสูงสุดแล้ว!
315,regainBeforeOpened,Energy given before the sever opening cannot be claimed,不能領取開服之前的體力,Energy given before the sever opening cannot be claimed,Không thể nhận stamina trước khi máy chủ mở cửa.,서버 오픈 전의 체력을 수령할 수 없습니다.,A energia fornecida antes da abertura do servidor não pode ser reivindicada,ไม่สามารถขอรับพลังงานที่ให้ก่อนการเปิดเซิร์ฟเวอร์ได้
316,regainTimeError,Not within the claiming hours,不在領取時間內,Not within the claiming hours,Không nằm trong thời gian nhận,수령 시간이 아닙니다.,Não dentro do horário de reivindicação,ไม่อยู่ในช่วงเวลาที่เรียกร้อง
317,galaxyBuyNotEnough,Insufficient diamonds and coins to purchase,鑽石金幣不足以購買,Insufficient diamonds and coins to purchase,Không đủ Kim cương để mua.,"""다이아, 코인이 부족해 구매할 수 없습니다.""",Diamantes e moedas insuficientes para comprar,เพชรและเหรียญไม่เพียงพอต่อการซื้อ
318,galaxyBuyLevelUp,Insufficient Zodiac Purchase level,星座購買等級不足,Insufficient Zodiac Purchase level,Cấp độ mua chòm sao không đủ,성좌 구매 레벨이 부족합니다.,Nível de compra do Zodíaco insuficiente,ระดับการซื้อราศีไม่เพียงพอ
319,galaxyBuyNoCard,The Pokémon is required to buy this zodiac,此星座購買需擁有精靈,The Pokémon is required to buy this zodiac,Mua chòm sao này cần có Pokémon,해당 성좌 구매를 위해서는 포켓몬이 필요합니다.,O Pokémon é necessário para comprar este zodíaco,โปเกมอนจำเป็นสำหรับการซื้อราศีนี้
320,galaxyUseNobuy,This zodiac is not purchased yet,此星座還未購買,This zodiac is not purchased yet,Chòm sao này chưa được mua.,해당 성좌는 아직 구매하지 않았습니다.,Este zodíaco ainda não foi comprado,ราศีนี้ยังไม่ได้ซื้อครับ
321,starSkillFragLimit,Insufficient shards to upgrade this skill,升級該技能碎片不足,Insufficient shards to upgrade this skill,Không đủ mảnh ghép để nâng cấp kỹ năng này.,해당 기술 레벨업에 필요한 조각이 부족합니다.,Fragmentos insuficientes para atualizar esta habilidade,ชิ้นส่วนไม่เพียงพอที่จะอัพเกรดทักษะนี้
322,onlineGiftNotOpen,The pack cannot be claimed,禮包不可領,The pack cannot be claimed,Không thể nhận quà,선물 수령 불가,O pacote não pode ser reivindicado,ไม่สามารถรับแพ็คนี้ได้
323,titleNotExisted,Title cannot be used,頭銜不可用,Title cannot be used,Tiêu đề không khả dụng,칭호 사용 불가,O título não pode ser usado,ไม่สามารถใช้ชื่อเรื่องได้
324,unionfightNoOpen,Union War is not opened yet,公會戰未開啟,Union War is not opened yet,Chiến Tranh Bang Hội chưa bắt đầu,길드전 미개방,A Guerra da União ainda não foi aberta,สงครามสหภาพยังไม่เปิด
325,unionfightDeployLimit,"""In battle, cannot change the formation.""",公會戰進行中不能佈陣,"""In battle, cannot change the formation.""",Không thể sắp xếp đội hình trong khi chiến tranh bang hội đang diễn ra.,길드전 진행 중에는 라인업을 수정할 수 없습니다.,"Na batalha, não é possível mudar a formação.",ในสนามรบไม่สามารถเปลี่ยนรูปแบบได้
326,unionfightYesterdayLimit,You can't view yesterday's battle history when in the current status of Guild War,公會戰當前狀態不能檢視昨日戰況,You can't view yesterday's battle history when in the current status of Guild War,Trạng thái Guild Chiến hiện tại không thể xem chiến báo hôm qua,길드전 현재 상태에서는 어제의 전투 현황을 확인할 수 없습니다.,Você não pode ver o histórico de batalhas de ontem quando estiver no status atual da Guerra de Guildas,คุณไม่สามารถดูประวัติการต่อสู้ของเมื่อวานได้เมื่ออยู่ในสถานะปัจจุบันของสงครามกิลด์
327,unionfightJionTimeUp,You can only participate in the union War the next day,隔天才能參加公會戰,You can only participate in the union War the next day,Chỉ có thể tham gia chiến đấu bang hội vào một ngày cách một.,길드전 참가는 격일로만 가능합니다.,Você só pode participar da Guerra da União no dia seguinte,คุณสามารถเข้าร่วมสงครามสหภาพได้ในวันถัดไปเท่านั้น
328,unionfightbetSign,Bets can only be placed at the registration stage,下註只能在報名階段下註,Bets can only be placed at the registration stage,Chỉ được đặt cược trong giai đoạn đăng ký.,베팅은 신청 단계에서만 가능합니다.,As apostas só podem ser feitas na fase de inscrição,สามารถวางเดิมพันได้ในขั้นตอนการลงทะเบียนเท่านั้น
329,unoinfightHasBet,You can only place one bet and you've already placed a bet,您已經下註過，只能下註一次,You can only place one bet and you've already placed a bet,"Bạn đã đặt cược rồi, chỉ được đặt cược một lần.",이미 베팅했습니다.,Você só pode fazer uma aposta e já fez uma aposta,คุณสามารถวางเดิมพันได้เพียงครั้งเดียวและคุณได้วางเดิมพันไปแล้ว
330,unionfiBetGoldNotEnough,"""Insufficient coins, unable to place bets!""",金幣不足，無法下註！,"""Insufficient coins, unable to place bets!""","Không đủ vàng, không thể đặt cược!",코인이 부족해 베팅할 수 없습니다!,"Moedas insuficientes, não é possível fazer apostas!",เหรียญไม่เพียงพอ ไม่สามารถวางเดิมพันได้!
331,yuanzhengSkipNoOpen,"""Insufficient trainer level, unable to one-tap skip!""",等級不足，無法一鍵跳過！,"""Insufficient trainer level, unable to one-tap skip!""","Cấp độ không đủ, không thể bỏ qua!",레벨이 부족해 일괄스킵을 진행할 수 없습니다!,"Nível de treinador insuficiente, não é possível pular com um toque!",ระดับเทรนเนอร์ไม่เพียงพอ ไม่สามารถข้ามได้ด้วยการแตะครั้งเดียว!
332,yuanzhengskipNoFloor,You've not met the requirements to skip levels,跳過層數不滿足,You've not met the requirements to skip levels,Số tầng bỏ qua không đủ,스킵 층수를 달성하지 못했습니다.,Você não atendeu aos requisitos para pular níveis,คุณไม่ได้ปฏิบัติตามข้อกำหนดในการข้ามระดับ
333,timesLimit2048,Insufficient No. of challenges,挑戰次數不足,Insufficient No. of challenges,Khiêu chiến số lần không đủ,도전 횟수 부족,Número insuficiente de desafios,จำนวนความท้าทายไม่เพียงพอ
334,hammerTimesLimit2048,Insufficient number of hammer purchase,錘子購買次數不足,Insufficient number of hammer purchase,Số lần mua búa không đủ,망치 구매 횟수 부족,Quantidade insuficiente de compra de martelo,จำนวนการซื้อค้อนไม่เพียงพอ
335,buyTimesLimit2048,Insufficient No. of challenges purchased,購買挑戰次數不足,Insufficient No. of challenges purchased,Mua khiêu chiến số lần không đủ,도전 구매 횟수 부족,Número insuficiente de desafios adquiridos,จำนวนการท้าทายที่ซื้อไม่เพียงพอ
336,hammer2048BuyUp,Insufficient diamonds to purchase the hammer,錘子購買鑽石不足,Insufficient diamonds to purchase the hammer,Kim cương không đủ để mua búa,망치 구매 다이아 부족,Diamantes insuficientes para comprar o martelo,เพชรไม่เพียงพอต่อการซื้อค้อน
337,playTimesBuyUp,Insufficient diamonds to purchase for more challenge attempts,購買挑戰次數鑽石不足,Insufficient diamonds to purchase for more challenge attempts,Kim cương không đủ để mua lượt thử thách.,도전 구매 횟수 다이아 부족,Diamantes insuficientes para comprar para mais tentativas de desafio,เพชรไม่เพียงพอที่จะซื้อเพื่อท้าทายอีกครั้ง
338,passDay2048Err,Cross-day Challenge is invalid,跨天挑戰無效,Cross-day Challenge is invalid,Thử thách xuyên ngày không hợp lệ,크로스 도전 무효,O desafio Cross-day é inválido,ความท้าทายข้ามวันไม่ถูกต้อง
339,giftOutOfDate,The pack has expired,禮包已過期,The pack has expired,Gói quà đã hết hạn.,패키지가 이미 만료되었습니다.,O pacote expirou,แพ็คหมดอายุแล้ว
340,acrossTip1,Global Indigo Plateau Conference will begin 30 days after the server opening,跨服石英大會將於開服30天后開啟,Global Indigo Plateau Conference will begin 30 days after the server opening,Giải đấu Đá Quý liên server sẽ mở sau 30 ngày kể từ khi máy chủ mở cửa.,글로벌 석영 대회는 서버 오픈 30일 이후에 개방됩니다.,A Conferência Global Indigo Plateau começará 30 dias após a abertura do servidor,การประชุม Global Indigo Plateau จะเริ่มขึ้น 30 วันหลังจากเปิดเซิร์ฟเวอร์
341,acrossTip2,Requires level 50 to participate in the Global  Indigo Plateau Conference,需要達到50級才能參加跨服石英大會,Requires level 50 to participate in the Global  Indigo Plateau Conference,Cần đạt cấp 50 để tham gia giải đấu Thạch Anh liên server.,50레벨 도달 후 글로벌 석영 대회에 참가할 수 있습니다.,Requer nível 50 para participar da Conferência Global Indigo Plateau,ต้องมีเลเวล 50 จึงจะเข้าร่วมการประชุม Global Indigo Plateau ได้
342,metalStrengthUp,Metal has been enhanced to the maximum level of the stage,合金已強化到該階段最大等級,Metal has been enhanced to the maximum level of the stage,Hợp kim đã được tăng cường đến cấp độ tối đa cho giai đoạn này.,메탈이 이미 최고레벨까지 강화되었습니다.,O metal foi aprimorado ao nível máximo do palco,โลหะได้รับการยกระดับถึงระดับสูงสุดของเวทีแล้ว
343,metalStrengthCoin4Up,"""Insufficient metal essence, unable to enhance""",合金精華不足，不能強化,"""Insufficient metal essence, unable to enhance""","Thiếu tinh chất hợp kim, không thể tăng cường.",메탈 에센스가 부족해 강화할 수 없습니다.,"Essência de metal insuficiente, incapaz de melhorar",“แก่นโลหะไม่เพียงพอ ไม่สามารถเสริมประสิทธิภาพได้”
344,metalAdvanceLevelLimit,"""Insufficient metal level, unable to upgrade""",合金等級不足，無法進階,"""Insufficient metal level, unable to upgrade""","Cấp độ hợp kim không đủ, không thể tiến hóa.",메탈 레벨이 부족해 진급할 수 없습니다.,"Nível de metal insuficiente, não é possível atualizar",ระดับโลหะไม่เพียงพอ ไม่สามารถอัปเกรดได้
345,metalAdvanceLevelUp,You've attained the maximum upgrade level,進階等級已達上限,You've attained the maximum upgrade level,Đã đạt giới hạn cấp độ nâng cao.,진급 레벨이 이미 한도에 도달했습니다.,Você atingiu o nível máximo de atualização,คุณได้บรรลุระดับการอัพเกรดสูงสุดแล้ว
346,metalAdvanceGoldUp,Insufficient upgrade coins,進階金幣不足,Insufficient upgrade coins,Vàng nâng cấp không đủ,진급 코인 부족,Moedas de atualização insuficientes,เหรียญอัพเกรดไม่เพียงพอ
347,drawMetalRMBNotEnough,"""Insufficient diamonds, you can't draw any metals!""",鑽石不足，無法抽合金！,"""Insufficient diamonds, you can't draw any metals!""",Không đủ đá quý để rút hợp kim!,다이아가 부족해 메탈을 뽑을 수 없습니다!,"Diamantes insuficientes, você não consegue extrair nenhum metal!",“เพชรไม่เพียงพอ คุณไม่สามารถดึงโลหะใดๆ ออกมาได้!”
348,drawMetalGoldNotEnough,"""Not enough coins, cannot draw!""",金幣不足，無法抽合金！,"""Not enough coins, cannot draw!""",Không đủ vàng để quay thẻ vàng!,코인이 부족해 메탈을 뽑을 수 없습니다!,"Não há moedas suficientes, não é possível sacar!",เหรียญไม่พอ ดึงไม่ออก!
349,metalRmbDrawFreeUp,One free diamond draw for metals is given per day,每日免費鑽石抽合金只有一次,One free diamond draw for metals is given per day,Chỉ được rút một lần kim loại hợp kim bằng kim cương miễn phí mỗi ngày.,매일 무료 다이아 메탈 뽑기는 한 번만 가능합니다.,Um sorteio gratuito de diamantes para metais é oferecido por dia,รับฟรีเพชรสำหรับโลหะ 1 เม็ดต่อวัน
350,metalGoldDrawFreeUp,One free coin draw for metals is given per day,每日免費金幣抽合金只有一次,One free coin draw for metals is given per day,Chỉ được quay thưởng vàng miễn phí mỗi ngày một lần.,매일 무료 코인 메탈 뽑기는 한 번만 가능합니다.,Um sorteio gratuito de moedas para metais é oferecido por dia,รับฟรีเหรียญสำหรับโลหะ 1 เหรียญต่อวัน
351,metalRmb1DrawCountUp,You've reached the maximum No. of ? diamond single draws for metals today,今日鑽石單抽合金次數已達上限,You've reached the maximum No. of ? diamond single draws for metals today,Đã đạt giới hạn số lần rút hợp kim bằng kim cương đơn lẻ hôm nay.,오늘의 다이아 단일 메탈 뽑기 횟수가 한도에 도달했습니다!,Você atingiu o número máximo de ? sorteios de diamantes simples para metais hoje,คุณได้ถึงจำนวนสูงสุดของการจับฉลากเพชรเดี่ยวสำหรับโลหะในวันนี้แล้ว
352,metalRmb10DrawCountUp,You've reached the maximum No. of 10 consecutive diamond draws for metals today,今日鑽石10連抽合金次數已達上限,You've reached the maximum No. of 10 consecutive diamond draws for metals today,Hôm nay đã đạt giới hạn số lần quay hợp kim 10 lần bằng kim cương.,오늘의 다이아 10연속 메탈 뽑기 횟수가 한도에 도달했습니다!,Você atingiu o número máximo de 10 sorteios consecutivos de diamantes para metais hoje,คุณถึงจำนวนสูงสุดในการจับรางวัลเพชรติดต่อกัน 10 ครั้งสำหรับโลหะในวันนี้แล้ว
353,metalGold1DrawCountUp,You've reached the maximum No. of ? coin single draws for metals today,今日金幣單抽合金次數已達上限,You've reached the maximum No. of ? coin single draws for metals today,Số lần rút hợp kim vàng đơn lẻ hôm nay đã đạt đến giới hạn.,오늘의 코인 단일 메탈 뽑기 횟수가 한도에 도달했습니다!,Você atingiu o número máximo de ? moedas únicas sorteadas para metais hoje,คุณได้ถึงจำนวนสูงสุดของ ? การจับฉลากเหรียญสำหรับโลหะในวันนี้
354,metalGold10DrawCountUp,You've reached the maximum No. of 10 consecutive draws for metals  today,今日金幣10連抽合金次數已達上限,You've reached the maximum No. of 10 consecutive draws for metals  today,Số lần rút hợp kim 10 lần bằng vàng ngày hôm nay đã đạt đến giới hạn.,오늘의 코인 10연속 메탈 뽑기 횟수가 한도에 도달했습니다!,Você atingiu o número máximo de 10 sorteios consecutivos para metais hoje,คุณได้ถึงจำนวนสูงสุดของการจับฉลากโลหะติดต่อกัน 10 ครั้งแล้วในวันนี้
355,crossCraftPlayNotExisted,Battle history has expired and cannot be viewed,戰報已過期，無法觀看,Battle history has expired and cannot be viewed,Bản báo cáo trận đấu đã hết hạn và không thể xem.,전투 보고가 이미 만료되었습니다.,O histórico de batalha expirou e não pode ser visualizado,ประวัติการต่อสู้หมดอายุแล้วและไม่สามารถดูได้
356,crossCraftLevelNotEough,"""Insufficient level, unable to enter the Indigo Plateau Conference """,等級不足，無法參加跨服石英大會,"""Insufficient level, unable to enter the Indigo Plateau Conference """,Cấp độ không đủ để tham gia giải đấu Đá Quý liên máy chủ.,레벨이 부족해 글로벌 석영 대회에 참가할 수 없습니다.,"Nível insuficiente, não é possível entrar na Conferência Indigo Plateau",“ระดับไม่เพียงพอ ไม่สามารถเข้าร่วมการประชุมที่ราบสูงอินดิโก้ได้”
357,timesLimitEatGreenBlock,Insufficient No. of challenges,挑戰次數不足,Insufficient No. of challenges,Khiêu chiến số lần không đủ,도전 횟수 부족,Número insuficiente de desafios,จำนวนความท้าทายไม่เพียงพอ
358,buyTimesLimitEatGreenBlock,Insufficient No. of challenges purchased,購買挑戰次數不足,Insufficient No. of challenges purchased,Mua khiêu chiến số lần không đủ,도전 구매 횟수 부족,Número insuficiente de desafios adquiridos,จำนวนการท้าทายที่ซื้อไม่เพียงพอ
359,cannotReceiveCrossDayAward,You can't claim the Cross-day Rewards,跨天獎勵無法領取,You can't claim the Cross-day Rewards,Không thể nhận phần thưởng hàng ngày,크로스 보상을 수령할 수 없습니다.,Você não pode reivindicar as Recompensas Cross-day,คุณไม่สามารถรับรางวัล Cross-day ได้
360,timesLimitGoDown100,Insufficient No. of challenges,挑戰次數不足,Insufficient No. of challenges,Khiêu chiến số lần không đủ,도전 횟수 부족,Número insuficiente de desafios,จำนวนความท้าทายไม่เพียงพอ
361,buyTimesLimitGoDown100,Insufficient No. of challenges purchased,購買挑戰次數不足,Insufficient No. of challenges purchased,Mua khiêu chiến số lần không đủ,도전 구매 횟수 부족,Número insuficiente de desafios adquiridos,จำนวนการท้าทายที่ซื้อไม่เพียงพอ
362,exchangeSkinLimit,"""You already own the permanent skin, unable to exchange!""",已擁有永久皮膚，無法兌換！,"""You already own the permanent skin, unable to exchange!""","Đã sở hữu trang phục vĩnh viễn, không thể đổi!",이미 영구 스킨을 보유하고 있어 교환할 수 없습니다!,"Você já possui a skin permanente, não é possível trocá-la!",คุณมีสกินถาวรแล้ว ไม่สามารถแลกเปลี่ยนได้!
363,exploreLevelNotEnough,"""Insufficient trainer level, unable to explore""",等級不足，無法探索,"""Insufficient trainer level, unable to explore""","Cấp độ không đủ, không thể khám phá.",레벨이 부족해 탐색할 수 없습니다!,"Nível de treinador insuficiente, incapaz de explorar",“ระดับเทรนเนอร์ไม่เพียงพอ ไม่สามารถสำรวจได้”
364,explorePointNotEnough,"""Insufficient explorer points, unable to explore""",探索點不足，無法探索,"""Insufficient explorer points, unable to explore""",Không đủ điểm khám phá để tiếp tục.,탐색 포인트가 부족해 탐색할 수 없습니다!,"Pontos de explorador insuficientes, incapaz de explorar",คะแนนสำรวจไม่เพียงพอ ไม่สามารถสำรวจได้
365,shopItemBuyMax,You've reached the maximum purchase of the item,商品購買已達上限,You've reached the maximum purchase of the item,Thương phẩm mua đã đạt hạn mức cao nhất,상품의 구매가 이미 한도에 도달했습니다!,Você atingiu o limite máximo de compra do item,คุณได้ซื้อสินค้าครบตามจำนวนที่กำหนดแล้ว
366,vipWeekGiftGainYet,"""You've claimed it this week, please come again next week""",本周已領取，請下周再來,"""You've claimed it this week, please come again next week""","Tuần này đã nhận lấy, mời cuối tuần lại đến",이번 주는 이미 수령했습니다. 다음 주에 다시 오시기 바랍니다.,"Você reivindicou esta semana, por favor, volte na próxima semana",“คุณได้ยืนยันสิทธิ์แล้วในสัปดาห์นี้ โปรดมาอีกครั้งในสัปดาห์หน้า”
367,vipWeekGiftBuyYet,"""You've purchased this week, please come again next week""",本周已購買，請下周再來,"""You've purchased this week, please come again next week""","Tuần này đã mua, mời cuối tuần lại đến",이번 주는 이미 구매했습니다. 다음 주에 다시 오시기 바랍니다.,"Você comprou esta semana, volte na semana que vem",“คุณซื้อไปแล้วในสัปดาห์นี้ โปรดมาอีกครั้งในสัปดาห์หน้า”
368,exploreShopRefresh,"""The explorer shop has refreshed, please purchase again!""",探索商店已經刷新，請重新選購！,"""The explorer shop has refreshed, please purchase again!""","Thăm dò cửa hàng đã đổi mới, mời một lần nữa chọn mua!",탐색 상점이 이미 갱신되었습니다. 다시 구매하세요!,"A loja do explorador foi atualizada, compre novamente!",ร้านสำรวจได้รับการปรับปรุงใหม่แล้ว โปรดซื้ออีกครั้ง!
369,acrossMineTip1,Global Mine War will begin 36 days later,跨服商業街將於開服36天后開啟,Global Mine War will begin 36 days later,Phố thương mại liên server sẽ mở cửa sau 36 ngày kể từ khi máy chủ được mở.,글로벌 광산 전투는 서버 오픈 36일 이후에 개방됩니다.,A Guerra Global das Minas começará 36 dias depois,สงครามทุ่นระเบิดโลกจะเริ่มในอีก 36 วันต่อมา
370,acrossMineTip2,Requires level 55 to participate in the Global Mine War,需要達到55級才能參加跨服商業街,Requires level 55 to participate in the Global Mine War,Cần đạt cấp 55 để tham gia phố thương mại liên server.,53레벨 달성 후 글로벌 광산 전투에 참가할 수 있습니다.,Requer nível 55 para participar da Guerra Global de Minas,ต้องมีเลเวล 55 จึงจะเข้าร่วมสงครามทุ่นระเบิดระดับโลกได้
371,crossMineNoOpen,Global Mine War has not started yet,跨服商業街未開啟,Global Mine War has not started yet,Chợ thương mại liên server chưa mở,글로벌 광산 전투 미개방,A Guerra Global das Minas ainda não começou,สงครามทุ่นระเบิดโลกยังไม่เริ่มต้น
372,crossMineRoleLevelLimit,Trainer level is insufficient for Global Mine War,跨服商業街角色等級不足,Trainer level is insufficient for Global Mine War,Cấp độ nhân vật không đủ điều kiện cho chợ thương mại liên server,글로벌 광산 전투 캐릭터 레벨 부족,O nível do treinador é insuficiente para o Global Mine War,ระดับผู้ฝึกไม่เพียงพอสำหรับสงครามทุ่นระเบิดระดับโลก
373,crossMineRobSelf,You cannot loot your own mine in the Global Mine War,跨服商業街不能搶自己的,You cannot loot your own mine in the Global Mine War,Bạn không thể đấu giá đồ của chính mình tại chợ thương mại liên server.,글로벌 광산 전투에서 자신을 약탈할 수 없습니다.,Você não pode saquear sua própria mina na Guerra Global de Minas,คุณไม่สามารถปล้นทุ่นระเบิดของคุณเองในสงครามทุ่นระเบิดโลกได้
374,crossMineRankChange,There are changes in your ranking,自己排名發生變動,There are changes in your ranking,Xếp hạng thay đổi,자신의 순위에 변화가 발생했습니다.,Há mudanças na sua classificação,มีการเปลี่ยนแปลงในอันดับของคุณ
375,crossMineEnemyBattling,Opponent is in battle,對手正在戰鬥中,Opponent is in battle,Đối thủ đang chiến đấu.,상대방이 현재 전투 중입니다.,O oponente está em batalha,คู่ต่อสู้กำลังอยู่ในสนามรบ
376,crossMineEnemyRankChange,There are changes in your opponent's ranking,對手排名發生變動,There are changes in your opponent's ranking,Bảng xếp hạng đối thủ đã thay đổi.,상대방의 순위에 변화가 발생했습니다.,Há mudanças na classificação do seu oponente,มีการเปลี่ยนแปลงในอันดับของฝ่ายตรงข้าม
377,crossMineNoStart,Global Mine War has not started yet,跨服商業街未開始,Global Mine War has not started yet,Chợ thương mại liên server chưa bắt đầu,글로벌 광산 전투가 시작되지 않았습니다.,A Guerra Global das Minas ainda não começou,สงครามทุ่นระเบิดโลกยังไม่เริ่มต้น
378,crossMineOver,"""Today's Global Mine War has ended, it will start again at 10:00 tomorrow""",跨服商業街今日已結束，明日10點開戰,"""Today's Global Mine War has ended, it will start again at 10:00 tomorrow""",Chợ thương mại liên server đã đóng cửa hôm nay. Mở cửa lại vào 10 giờ sáng mai.,오늘의 글로벌 광산 전투가 이미 종료되었습니다. 내일 10시에 시작됩니다.,A Guerra Global de Minas de hoje terminou e começará novamente às 10:00 de amanhã,“สงครามทุ่นระเบิดโลกในวันนี้สิ้นสุดลงแล้ว และจะเริ่มใหม่อีกครั้งในเวลา 10.00 น. ของวันพรุ่งนี้”
379,crossMineRobTimesLimit,You've reached the maximum No. of mining chances in Global Mine War today,跨服商業街今日搶礦次數已達上限,You've reached the maximum No. of mining chances in Global Mine War today,Số lần đấu giá hôm nay tại chợ thương mại liên server đã đạt mức tối đa.,오늘의 글로벌 광산 전투 약탈 횟수가 이미 한도에 도달했습니다!,Você atingiu o número máximo de chances de mineração no Global Mine War hoje,คุณได้ถึงจำนวนโอกาสการขุดสูงสุดใน Global Mine War แล้ววันนี้
380,crossMineRevengeTimesLimit,You've reached the maximum No. of revenge in Global Mine War today,跨服商業街今日報仇次數已達上限,You've reached the maximum No. of revenge in Global Mine War today,Số lần trả thù tại phố thương mại liên server hôm nay đã đạt giới hạn.,오늘의 글로벌 광산 전투 복수 횟수가 이미 한도에 도달했습니다!,Você atingiu o número máximo de vingança na Guerra Global de Minas hoje,คุณได้ถึงจำนวนการแก้แค้นสูงสุดใน Global Mine War แล้วในวันนี้
381,crossMineRobBeProtect,"""The target was plundered, and it's on protection period at Mine War""",跨服商業街對方正處於剛被搶奪的保護時間,"""The target was plundered, and it's on protection period at Mine War""",Người chơi đối thủ ở khu thương mại liên server hiện đang được bảo vệ sau khi đấu giá.,글로벌 광산 전투의 상대방이 현재 약탈 보호 시간 중입니다.,O alvo foi saqueado e está em período de proteção na Guerra de Minas,“เป้าหมายถูกปล้น และอยู่ในช่วงคุ้มครองในสงครามทุ่นระเบิด”
382,crossMineCoin6Limit,Insufficient Global Mine War resources,跨服商業街資源不足,Insufficient Global Mine War resources,Không đủ tiền tệ tại khu chợ liên máy chủ,글로벌 광산 전투 자원 부족,Recursos insuficientes para a Guerra Global de Minas,ทรัพยากรสงครามทุ่นระเบิดโลกไม่เพียงพอ
383,crossMineBuyTimesLimit,Global Mine War - this product has reached the maximum No. of exchanges,跨服商業街此商品已達兌換上限,Global Mine War - this product has reached the maximum No. of exchanges,Mặt hàng này đã đạt giới hạn quy đổi tại chợ thương mại liên server.,글로벌 광산 전투의 상품이 이미 교환 한도에 도달했습니다.,Global Mine War - este produto atingiu o número máximo de trocas,Global Mine War - ผลิตภัณฑ์นี้ได้ถึงจำนวนการแลกเปลี่ยนสูงสุดแล้ว
384,crossMineNoRole,This character does not exist in the Global Mine War,跨服商業街沒有此角色,This character does not exist in the Global Mine War,Nhân vật này không có sẵn trong chợ giao dịch liên server.,글로벌 광산 전투에 해당 캐릭터가 없습니다.,Este personagem não existe na Guerra Global das Minas,ตัวละครนี้ไม่มีอยู่ในสงครามทุ่นระเบิดโลก
385,crossMineBuffFeedLimit,Global Mine War buff feeding has reached the maximum,跨服商業街buff餵養次數已達上限,Global Mine War buff feeding has reached the maximum,Số lần nuôi dưỡng buff phố thương mại liên server đã đạt giới hạn.,글로벌 광산 전투 버프 횟수가 이미 한도에 도달했습니다!,A alimentação do bônus da Guerra Global de Minas atingiu o máximo,การบัฟสงครามเหมืองทั่วโลกได้ไปถึงจุดสูงสุดแล้ว
386,crossMineRobBuyLimit,You've reached the maximum No. of mining purchases in Global Mine War today,跨服商業街今日搶礦購買次數已達上限,You've reached the maximum No. of mining purchases in Global Mine War today,Số lần mua đấu giá hôm nay tại phố mua sắm liên server đã đạt đến giới hạn.,오늘의 글로벌 광산 전투 약탈 구매 횟수가 이미 한도에 도달했습니다!,Você atingiu o número máximo de compras de mineração no Global Mine War hoje,คุณได้ถึงจำนวนการซื้อการขุดสูงสุดใน Global Mine War แล้ววันนี้
387,crossMineRevengeBuyLimit,You've reached the maximum No. of revenge purchase in Global Mine War today,跨服商業街今日報仇購買次數已達上限,You've reached the maximum No. of revenge purchase in Global Mine War today,Giới hạn mua trả thù tại phố thương mại liên server đã đạt mức tối đa trong ngày hôm nay.,오늘의 글로벌 광산 전투 복수 구매 횟수가 이미 한도에 도달했습니다!,Você atingiu o número máximo de compras de vingança no Global Mine War hoje,คุณได้ถึงจำนวนการซื้อแก้แค้นสูงสุดใน Global Mine War แล้ววันนี้
388,exploreOpenBoxRMBNotEnough,"""Insufficient diamonds, unable to open chest""",鑽石不足，無法開啟寶箱,"""Insufficient diamonds, unable to open chest""",Không đủ đá quý để mở rương.,다이아가 부족해 보물상자를 개방할 수 없습니다!,"Diamantes insuficientes, não é possível abrir o baú",“เพชรไม่เพียงพอ ไม่สามารถเปิดหีบได้”
389,exploreRandBoxActiveMax,You've reached the maximum No. of chests to open,探索寶箱開啟達到上限,You've reached the maximum No. of chests to open,Đã đạt giới hạn khám phá rương kho báu,탐색 보물상자 개방 횟수가 한도에 도달했습니다.,Você atingiu o número máximo de baús para abrir,คุณได้ไปถึงจำนวนสูงสุดของหีบที่จะเปิดแล้ว
390,exploreChallengeBossNotOpen,The BOSS Challenge has closed,該挑戰BOSS已關閉,The BOSS Challenge has closed,Boss thử thách đã đóng.,해당 BOSS 도전이 이미 종료되었습니다.,O Desafio BOSS foi encerrado,BOSS Challenge ได้ปิดตัวลงแล้ว
391,exploreHaveChallengeThisBoss,You've already challenged the BOSS,已經挑戰過該BOSS了,You've already challenged the BOSS,Đã thách đấu BOSS này rồi.,이미 해당 BOSS에게 도전했습니다.,Você já desafiou o BOSS,คุณได้ท้าทาย BOSS ไปแล้ว
392,exploreFriendChallengeBossTimeUp,You've reached the maximum No. of chances of challenging the Boss with friends,好友挑戰該BOSS已達上限,You've reached the maximum No. of chances of challenging the Boss with friends,Số lượng bạn bè thách đấu BOSS này đã đạt giới hạn.,친구의 해당 BOSS 도전 횟수가 한도에 도달했습니다.,Você atingiu o número máximo de chances de desafiar o chefe com amigos,คุณได้ถึงจำนวนสูงสุดของโอกาสในการท้าทายบอสกับเพื่อนแล้ว
393,exploreFriendTaskLevelNotEnough,You've not reached the level needed to complete the friends quest,等級未達到該好友任務等級,You've not reached the level needed to complete the friends quest,Cấp độ chưa đủ điều kiện cho nhiệm vụ bạn bè này.,해당 친구의 퀘스트 레벨을 달성하지 못했습니다.,Você não atingiu o nível necessário para completar a missão dos amigos,คุณยังไม่ถึงระดับที่ต้องการเพื่อทำภารกิจเพื่อนให้สำเร็จ
394,exploreFriendTaskNotOpen,The friends quest has been closed,該好友任務已關閉,The friends quest has been closed,Nhiệm vụ bạn bè này đã đóng.,해당 친구의 퀘스트가 이미 종료되었습니다.,A missão dos amigos foi encerrada,ภารกิจเพื่อนถูกปิดแล้ว
395,exploreFriendTaskHaveFriendJoin,The friend quest has been accepted by another trainer,當前好友任務已被其他玩家選取,The friend quest has been accepted by another trainer,Nhiệm vụ bạn bè hiện tại đã được người chơi khác chọn.,현재 친구 퀘스트를 이미 다른 유저가 수락했습니다.,A missão de amizade foi aceita por outro treinador,ภารกิจเพื่อนได้รับการยอมรับจากเทรนเนอร์คนอื่นแล้ว
396,exploreFriendTaskNotJoin,You've not joined the friends quest,未加入該好友任務,You've not joined the friends quest,Chưa tham gia nhiệm vụ của người bạn này,해당 친구의 퀘스트에 가입하지 않았습니다.,Você não entrou na busca dos amigos,คุณไม่ได้เข้าร่วมภารกิจเพื่อน
397,exploreFriendTaskSelfBattleMax,You've reached the maximum No. of Assistance Quest selection,選取協助任務達到上限,You've reached the maximum No. of Assistance Quest selection,Đã đạt số lượng nhiệm vụ hỗ trợ tối đa.,퀘스트 도움 선택이 이미 한도에 도달했습니다.,Você atingiu o número máximo de seleção de missões de assistência,คุณได้ถึงจำนวนสูงสุดของการเลือกภารกิจความช่วยเหลือแล้ว
398,exploreChallengeBossSelfBattleMax,You're reached the maximum No. of Boss challenges of the day,當日挑戰BOSS達到上限,You're reached the maximum No. of Boss challenges of the day,Đã đạt giới hạn khiêu chiến BOSS trong ngày,당일 BOSS 도전 횟수가 한도에 도달했습니다.,Você atingiu o número máximo de desafios de chefes do dia,คุณเข้าถึงจำนวนสูงสุดของการท้าทายบอสประจำวันแล้ว
399,timesLimitBreakBrick,Insufficient No. of challenges,挑戰次數不足,Insufficient No. of challenges,Khiêu chiến số lần không đủ,도전 횟수 부족,Número insuficiente de desafios,จำนวนความท้าทายไม่เพียงพอ
400,buyTimesLimitBreakBrick,Insufficient No. of challenges purchased,購買挑戰次數不足,Insufficient No. of challenges purchased,Mua khiêu chiến số lần không đủ,도전 구매 횟수 부족,Número insuficiente de desafios adquiridos,จำนวนการท้าทายที่ซื้อไม่เพียงพอ
401,gameOver,Game has ended!,遊戲結束！,Game has ended!,Trò chơi kết thúc!,게임 종료!,O jogo terminou!,เกมจบแล้ว!
402,exploreSingleRandomBoxOpenLimit,You've used up the chances of opening single chests,單個寶箱開啟次數達到上限,You've used up the chances of opening single chests,Một cái bảo rương mở ra số lần đạt tới hạn mức cao nhất,단일 보물상자 개방 횟수가 한도에 도달했습니다.,Você esgotou as chances de abrir baús individuais,คุณใช้โอกาสในการเปิดหีบเดี่ยวหมดแล้ว
403,explorePointLimit,Explorer points have reached the maximum,探索點達到上限,Explorer points have reached the maximum,Thăm dò điểm đạt tới hạn mức cao nhất,탐색 포인트가 이미 최대치입니다.,Os pontos do Explorer atingiram o máximo,คะแนนสำรวจได้ถึงจุดสูงสุดแล้ว
404,unionFubenBossPassed,You've cleared the current dungeon!,當前副本已通關,You've cleared the current dungeon!,Đã hoàn thành bản đồ hiện tại,현재 던전은 이미 클리어했습니다.,Você limpou a masmorra atual!,คุณได้เคลียร์ดันเจี้ยนปัจจุบันแล้ว!
405,treasureActiveNoEnough,Insufficient materials for relic activation,聖物啟動所需材料不足,Insufficient materials for relic activation,Thánh vật kích hoạt tài liệu cần thiết không đủ,성물 활성화에 필요한 재료 부족,Materiais insuficientes para ativação da relíquia,วัสดุสำหรับการเปิดใช้งานวัตถุโบราณไม่เพียงพอ
406,treasureLevelUpNoEnough,Insufficient materials for relic upgrade,聖物升級所需材料不足,Insufficient materials for relic upgrade,Thánh vật thăng cấp tài liệu cần thiết không đủ,성물 레벨업에 필요한 재료 부족,Materiais insuficientes para atualização de relíquia,วัสดุไม่เพียงพอสำหรับการอัพเกรดวัตถุโบราณ
407,treasureLevelLimitUp,You have attained the maximum level for the Relic,聖物已達最高等級,You have attained the maximum level for the Relic,Thánh vật đã đạt đẳng cấp cao nhất,성물이 이미 최고레벨입니다.,Você atingiu o nível máximo para a Relíquia,คุณได้บรรลุระดับสูงสุดของ Relic แล้ว
408,livenessStageAwardAreadyHas,"""Already claimed the rewards, can't claim again""",已經領取過獎勵，不得再次領取,"""Already claimed the rewards, can't claim again""","Đã nhận lấy quá khen lệ, không được lần nữa nhận lấy",이미 해당 보상을 수령했습니다.,"Já reivindiquei as recompensas, não posso reivindicá-las novamente",“รับรางวัลไปแล้ว ไม่สามารถรับรางวัลซ้ำได้”
409,livenessStageAwardLimit,"""Terms not meet, can't claim""",未達到該領取條件，不得領取,"""Terms not meet, can't claim""","Chưa đạt tới nên nhận lấy điều kiện, không được nhận lấy",해당 수령 조건을 달성하지 못해 수령할 수 없습니다.,"Termos não cumpridos, não posso reclamar",“ไม่ตรงตามเงื่อนไข ก็เรียกร้องไม่ได้”
410,treasureAlreadyActive,Relic has been activated,聖物已啟動,Relic has been activated,Vật tổ đã được kích hoạt.,성물이 이미 활성화되었습니다.,A relíquia foi ativada,วัตถุโบราณได้รับการเปิดใช้งานแล้ว
411,treasureCannotUnlock,You've not met the requirements to unlock,未到達解鎖條件,You've not met the requirements to unlock,Điều kiện mở khóa chưa đạt,개방 조건에 도달하지 못했습니다.,Você não atendeu aos requisitos para desbloquear,คุณไม่ได้ปฏิบัติตามข้อกำหนดในการปลดล็อค
412,treasureNotActive,Relic is not activated yet,聖物未啟動,Relic is not activated yet,Di tích chưa được kích hoạt,성물 미활성,A relíquia ainda não foi ativada,เรลิคยังไม่ได้เปิดใช้งาน
413,vipGiftLevelLimit,Team level required for VIP Pack Purchase is insufficient,vip禮包購買所需戰隊等級不足,Team level required for VIP Pack Purchase is insufficient,vip Gói quà mua cần thiết chiến đội cấp bậc chưa đủ,VIP 선물 구매에 필요한 팀 레벨이 부족합니다.,O nível de equipe necessário para a compra do pacote VIP é insuficiente,ระดับทีมที่จำเป็นสำหรับการซื้อแพ็ค VIP นั้นไม่เพียงพอ
414,metalGold50DrawCountUp,You've reached the maximum No. of 50 consecutive draws for metals  today,今日金幣50連抽合金次數已達上限,You've reached the maximum No. of 50 consecutive draws for metals  today,Hôm nay kim tệ 50 Liên rút hợp kim số lần đã đạt hạn mức cao nhất,오늘의 코인 50연속 메탈 뽑기 횟수가 한도에 도달했습니다!,Você atingiu o número máximo de 50 sorteios consecutivos para metais hoje,คุณได้ถึงจำนวนสูงสุดของการจับฉลากโลหะติดต่อกัน 50 ครั้งแล้วในวันนี้
415,cloneKickTimeErr,"""Less than three people have completed the task, you're not allowed to kick any member""",未滿三人完成任務，不得踢人,"""Less than three people have completed the task, you're not allowed to kick any member""","Phải có đủ ba người mới hoàn thành nhiệm vụ, không được đuổi người.",3명이 퀘스트를 완료하지 않아 추방할 수 없습니다.,"Menos de três pessoas completaram a tarefa, você não tem permissão para expulsar nenhum membro",“มีคนทำภารกิจสำเร็จไม่ถึง 3 คน คุณไม่สามารถเตะสมาชิกคนใดได้”
416,cloneKickFinishTimesErr,This trainer has completed the challenge once and cannot be kicked out,該玩家已完成過一次挑戰，不得踢人,This trainer has completed the challenge once and cannot be kicked out,Người chơi này đã hoàn thành một thử thách và không thể bị đá.,해당 유저는 이미 도전을 한 번 완료해 추방할 수 없습니다.,Este treinador completou o desafio uma vez e não pode ser expulso,ผู้ฝึกสอนรายนี้ได้ทำภารกิจสำเร็จไปครั้งหนึ่งแล้วและไม่สามารถไล่ออกได้
417,cloneKickTimeLimit,The trainer has not joined for more than 3 hours and cannot be kicked out,該玩家還不滿3小時，不得踢人,The trainer has not joined for more than 3 hours and cannot be kicked out,"Người chơi này chưa chơi đủ 3 giờ, không được phép đá.",해당 유저는 아직 3시간을 채우지 않아 추방할 수 없습니다.,O treinador não entrou por mais de 3 horas e não pode ser expulso,เทรนเนอร์ไม่ได้เข้าร่วมนานเกิน 3 ชม. ไม่สามารถไล่ออกได้
418,cloneKickNoRole,The trainer is not in the room,該玩家已不在房間內,The trainer is not in the room,Người chơi không còn ở trong phòng.,해당 유저는 이미 방에 없습니다.,O treinador não está na sala,ครูฝึกไม่อยู่ในห้อง
419,cardCapacityLimit,Pokémon bag is full,精靈背包容量不夠,Pokémon bag is full,Tinh linh ba lô dung lượng không đủ,포켓몬 가방 용량량이 부족합니다.,A bolsa de Pokémon está cheia,กระเป๋าโปเกม่อนเต็มแล้ว
420,staminaCanNotGive,Energy has reached the maximum level and cannot be gifted,體力已達上限，無法贈送,Energy has reached the maximum level and cannot be gifted,"Thể lực đã đạt hạn mức cao nhất, không cách nào đưa tặng",체력이 이미 한도에 도달해 선물할 수 없습니다.,A energia atingiu o nível máximo e não pode ser doada,พลังงานได้ถึงระดับสูงสุดแล้ว ไม่สามารถมอบให้เป็นของขวัญได้
421,directBuyGiftCountLimit,Maximum number of Direct Purchase Pack,直購禮包次數限制,Maximum number of Direct Purchase Pack,Thẳng mua gói quà số lần hạn chế,직구 패키지 횟수 제한,Número máximo de Pacotes de Compra Direta,จำนวนสูงสุดของแพ็คซื้อตรง
422,battleCardCountLimit,Requires at least one Pokémon in the team.,隊伍中至少需要一隻精靈,Requires at least one Pokémon in the team.,Trong đội ngũ chí ít cần một con tinh linh,파티마다 최소 1마리의 포켓몬이 필요합니다.,Requer pelo menos um Pokémon na equipe.,ต้องมีโปเกมอนอย่างน้อยหนึ่งตัวในทีม
423,battleCardMarkIDError,Only one Pokémon of the same type is allowed at most,同系列精靈最多上陣一隻,Only one Pokémon of the same type is allowed at most,Cùng hệ liệt tinh linh nhiều nhất ra trận một con,동일 계열의 포켓몬은 최대 1마리만 출전할 수 있습니다.,Apenas um Pokémon do mesmo tipo é permitido no máximo,อนุญาตให้มีโปเกมอนประเภทเดียวกันได้เพียงตัวเดียวเท่านั้น
424,advanceIsMAX,The Held Item has reached the maximum breakthrough level and cannot level up any further!,攜帶道具已達最大突破階段，不能再突破,The Held Item has reached the maximum breakthrough level and cannot level up any further!,Đồ giữ đã đạt đến giai đoạn đột phá tối đa và không thể đột phá thêm được nữa.,휴대 아이템이 이미 최대 돌파 단계에 도달해 더는 돌파할 수 없습니다.,O item retido atingiu o nível máximo de avanço e não pode subir de nível mais!,ไอเทมที่ถูกยึดไว้ได้ถึงระดับการทะลุขีดจำกัดสูงสุดแล้วและไม่สามารถเลเวลเพิ่มไปได้อีก!
425,drawItemRMBNotEnough,You've not spent enough diamonds,消耗鑽石不足夠,You've not spent enough diamonds,Tiêu hao kim cương không đầy đủ,소모 다이아 부족,Você não gastou diamantes suficientes,คุณใช้เพชรไม่เพียงพอ
426,drawItemLimit,You've reached the maximum No. of item draws,抽道具已達上限,You've reached the maximum No. of item draws,Quất đạo cụ đã đạt hạn mức cao nhất,아이템 뽑기가 한도에 도달했습니다.,Você atingiu o número máximo de itens sorteados,คุณได้ถึงจำนวนสูงสุดของการจับฉลากไอเทมแล้ว
427,csvShopLanguageLimit,Language version restrictions,語言版本限制,Language version restrictions,Ngôn ngữ phiên bản hạn chế,언어 버전 제한,Restrições de versão de idioma,ข้อจำกัดเวอร์ชันภาษา
428,csvShopTimeNotEnough,Insufficient number of shop purchases,商店購買次數不足,Insufficient number of shop purchases,Cửa hàng mua số lần không đủ,상점 구매 횟수가 부족합니다.,Número insuficiente de compras na loja,จำนวนการซื้อจากร้านค้าไม่เพียงพอ
429,csvShopCoinNotEnough,Insufficient coins!,貨幣不足,Insufficient coins!,Không đủ tiền,화폐 부족,Moedas insuficientes!,เหรียญไม่เพียงพอ!
430,csvShopNotInTime,Not within the purchase period,不在購買時間內,Not within the purchase period,Không tại mua thời gian bên trong,구매 시간이 아닙니다.,Não dentro do período de compra,ไม่อยู่ในช่วงระยะเวลาการซื้อ
431,overflowExpNotEnough,Insufficient EXP,經驗不足,Insufficient EXP,Kinh nghiệm không đủ,경험치 부족,EXP insuficiente,ค่าประสบการณ์ไม่เพียงพอ
432,overflowExpNotOpen,Overspill EXP exchange is not opened yet,溢出經驗兌換未開放,Overspill EXP exchange is not opened yet,Tràn ra kinh nghiệm hối đoái chưa mở ra,경험치 초과 교환 미개방,A troca de EXP Overspill ainda não foi aberta,การแลกเปลี่ยน Overspill EXP ยังไม่เปิด
433,skillPointBuyMax,Insufficient number of purchases,購買次數不足,Insufficient number of purchases,Mua số lần không đủ,구매 횟수 부족,Número insuficiente de compras,จำนวนการซื้อไม่เพียงพอ
434,playRecordNotFound,Battle history has expired,戰報已失效,Battle history has expired,Chiến báo đã mất hiệu,유효하지 않은 전투 보고입니다.,O histórico de batalha expirou,ประวัติการต่อสู้หมดอายุแล้ว
435,costNotEnough,Insufficient consumption,消耗不足夠,Insufficient consumption,Tiêu hao không đầy đủ,소모 부족,Consumo insuficiente,การบริโภคไม่เพียงพอ
436,unionNotFound,Union not found,未查詢到公會,Union not found,Chưa thẩm tra đến công hội,길드를 찾을 수 없습니다.,União não encontrada,ไม่พบสหภาพ
437,goldDrawFreeLimitUp,Today's free coin drawing chance has been used up,今日免費金幣抽卡已用完,Today's free coin drawing chance has been used up,Hôm nay miễn phí kim tệ rút thẻ đã sử dụng hết,오늘 무료 코인 뽑기 횟수를 모두 사용했습니다.,A chance de sorteio de moedas grátis de hoje foi usada,โอกาสลุ้นรับเหรียญฟรีวันนี้หมดไปแล้ว
438,captureSpriteNotExists,Pokémon does not exist,精靈不存在,Pokémon does not exist,Pokémon không tồn tại.,포켓몬이 존재하지 않습니다.,Pokémon não existe,โปเกม่อนไม่มีอยู่จริง
439,captureBallNotEnough,Insufficient Poké Balls,精靈球不足,Insufficient Poké Balls,Không đủ Poké Ball,몬스터볼 부족,Pokébolas insuficientes,โปเกบอลไม่เพียงพอ
440,captureDone,You've caught the Pokémon successfully,已經成功捕捉該精靈,You've caught the Pokémon successfully,Đã bắt được Pokémon!,이미 해당 포켓몬 포획에 성공했습니다.,Você capturou o Pokémon com sucesso,คุณจับโปเกมอนได้สำเร็จแล้ว
441,captureSpriteMiss,Pokémon is missing,精靈不見了,Pokémon is missing,Pokémon đã biến mất.,포켓몬이 존재하지 않습니다.,Pokémon está desaparecido,โปเกม่อนหายไป
442,captureSceneTimesNotEnough,You have used up your number of tries. The Pokémon escaped.,嘗試次數用盡，精靈逃跑了,You have used up your number of tries. The Pokémon escaped.,"Đã hết lượt thử, Pokémon đã chạy trốn.",시도 횟수를 모두 소진해 포켓몬이 도망쳤습니다.,Você usou seu número de tentativas. O Pokémon escapou.,คุณใช้จำนวนครั้งในการพยายามหมดแล้ว โปเกมอนหลบหนีไป
443,captureTotalTimesNotEnough,"""You've used up all the chances of capture, capture is unsuccessful""",捕捉次數用完了，捕捉失敗,"""You've used up all the chances of capture, capture is unsuccessful""","Hết lượt bắt, bắt Pokémon thất bại.",포획 횟수를 모두 사용했습니다. 포획에 실패했습니다.,"Você usou todas as chances de captura, a captura não teve sucesso",“คุณใช้โอกาสในการจับกุมหมดแล้ว การจับครั้งนี้ไม่ประสบผลสำเร็จ”
444,rechargeWheelScoreNotEnough,Insufficient points for the draw,積分不足無法抽獎,Insufficient points for the draw,Điểm không đủ để quay thưởng.,포인트가 부족해 뽑기를 할 수 없습니다.,Pontos insuficientes para o empate,แต้มไม่พอในการจับฉลาก
445,livenessWheelTimesNotEnough,Insufficient attempts for the draw,次數不足無法抽獎,Insufficient attempts for the draw,Số lượt thử không đủ để quay thưởng.,횟수가 부족해 뽑기를 할 수 없습니다.,Tentativas insuficientes para o empate,ความพยายามไม่เพียงพอสำหรับการเสมอ
446,luckyEggRMBNotEnough,"""Insufficient diamonds, unable to spin a Gashapon""",鑽石不足，無法扭蛋,"""Insufficient diamonds, unable to spin a Gashapon""",Không đủ đá quý để quay gacha.,다이아가 부족해 뽑기를 할 수 없습니다.,"Diamantes insuficientes, incapaz de girar um Gashapon",เพชรไม่เพียงพอ ไม่สามารถปั่นกาชาปองได้
447,hdRedPacketMissMessage,Lack in blessings,缺少祝福,Lack in blessings,Thiếu Phước lành,축복 부족,Falta de bênçãos,ขาดพร
448,unionFightCardNotEnough,"Insufficient number of Pokémons, unable to enter Guild War",精靈不足無法參與公會戰,"Insufficient number of Pokémons, unable to enter Guild War","Pokémon không đủ, không thể tham gia Guild Chiến",포켓몬이 부족해 길드전에 참가할 수 없습니다.,"Número insuficiente de Pokémons, não é possível entrar na Guerra de Guildas",จำนวนโปเกมอนไม่เพียงพอ ไม่สามารถเข้าสู่ Guild War ได้
449,unionFightNotSign,Please check again on event time,公會未報名不能檢視對戰,Please check again on event time,"Guild không đăng ký, không thể xem quyết chiến",길드가 신청하지 않아 대전을 조회할 수 없습니다.,"Por favor, verifique novamente o horário do evento",กรุณาตรวจสอบเวลากิจกรรมอีกครั้ง
450,chatAutoSilent,Has been banned for 60 minutes,已被禁言60分鐘,Has been banned for 60 minutes,Bị câm 60 phút,60분간 채팅이 금지되었습니다.,Foi banido por 60 minutos,ถูกแบนไปแล้ว 60 นาที
451,randomTowerJumpNotOpen,Ether Express is not open,以太直通未開放,Ether Express is not open,Etherpass chưa mở,에테르 익스프레스 미개방,O Ether Express não está aberto,อีเธอร์ เอ็กซ์เพรส ไม่เปิดให้บริการ
452,chatSilent,Can not chat now,全服禁言,Can not chat now,Câm toàn máy chủ,전체 서버 채팅금지,Não é possível conversar agora,ตอนนี้ไม่สามารถแชทได้
453,gateStarLessNoOpened,Able to create Union after stage stars over 40,你的實力不夠,Able to create Union after stage stars over 40,Sức mạnh của bạn không đủ.,스테이지 별 수량 40개 이상 달성 시  길드 창설 가능,Capaz de criar União após estrelas do palco com mais de 40 anos,สามารถสร้างยูเนี่ยนได้หลังจบเวทีดาราอายุเกิน 40
454,msgInvalid,There are sensitive words or advertisements!,有敏感詞或廣告！,There are sensitive words or advertisements!,Chứa từ ngữ nhạy cảm hoặc quảng cáo!,부적절한 내용이 포함되어 있습니다!,Há palavras ou anúncios sensíveis!,มีคำหรือโฆษณาที่ละเอียดอ่อน!
455,lowestFightingPointLimit,You are not strong enough,你的實力不夠,You are not strong enough,Sức mạnh của bạn không đủ.,실력이 부족합니다.,Você não é forte o suficiente,คุณไม่แข็งแกร่งพอ
456,drawGemRMBNotEnough,"There are not enough diamonds, please get more diamonds",鑽石不足，請獲取更多鑽石,"There are not enough diamonds, please get more diamonds","Không đủ kim cương, vui lòng lấy thêm kim cương.",다이아가 부족합니다. 더 많은 다이아를 획득하세요.,"Não há diamantes suficientes, por favor, pegue mais diamantes",เพชรไม่พอ กรุณารับเพชรเพิ่ม
457,drawGemGoldNotEnough,"Insufficient gold coins, please get more gold coins",金幣不足，請獲取更多金幣,"Insufficient gold coins, please get more gold coins","Vàng không đủ, vui lòng kiếm thêm vàng.",코인이 부족합니다. 더 많은 코인을 획득하세요.,"Moedas de ouro insuficientes, por favor, pegue mais moedas de ouro",เหรียญทองไม่เพียงพอ กรุณารับเหรียญทองเพิ่ม
458,rmbDrawGemLimitUp,Chances of diamond runestone draw has reached the upper limit today,今日鑽石符石抽取次數已達上限,Chances of diamond runestone draw has reached the upper limit today,Bạn đã đạt giới hạn số lần rút đá Shard Kim Cương trong ngày.,오늘의 다이아 룬스톤 뽑기 횟수가 한도에 도달했습니다!,As chances de sorteio de runa de diamante atingiram o limite máximo hoje,โอกาสจับรางวัล Diamond Runestone ในวันนี้ถึงขีดจำกัดสูงสุดแล้ว
459,goldDrawGemLimitUp,"Today, the number of gold gold gem draw has reached the upper limit",今日金幣符石抽取次數已達上限,"Today, the number of gold gold gem draw has reached the upper limit",Bạn đã đạt đến giới hạn số lần quay tìm mảnh ghép vàng mỗi ngày.,오늘의 코인 룬스톤 뽑기 횟수가 한도에 도달했습니다!,"Hoje, o número de sorteios de joias de ouro atingiu o limite superior",วันนี้จำนวนการจับฉลากอัญมณีทองคำถึงขีดจำกัดสูงสุดแล้ว
460,gemNotOpen,Runestone is not open,符石功能未開放,Runestone is not open,Chức năng Rune chưa mở,룬스톤 기능 미개방,A Runa não está aberta,รูนสโตนไม่เปิด
461,starSkillPointNotEnough,Insufficient limit point,極限點不足,Insufficient limit point,Thiếu điểm Z,극한 포인트 부족,Ponto limite insuficiente,จุดจำกัดไม่เพียงพอ
462,ltaskRunning,Please wait,請稍後,Please wait,Vui lòng chờ,잠시 후 다시 시도하세요.,"Por favor, aguarde",โปรดรอ
463,luckyCatGoldNotEnough,Insufficent coins to bring in fortune!,金幣不足，無法招財！,Insufficent coins to bring in fortune!,"Không đủ vàng, không thể thu hút của cải!",코인이 부족해 진행할 수 없습니다!,Moedas insuficientes para trazer fortuna!,เหรียญไม่พอจะนำโชคเข้ามา!
464,crossArenaNotOpen,The Global Arena is not open yet!,跨服競技場未開啟！,The Global Arena is not open yet!,Đấu trường liên server chưa mở!,글로벌 아레나 미개방,A Global Arena ainda não está aberta!,Global Arena ยังไม่เปิด!
465,crossArena,Cross-Server Arena,跨服競技場,Cross-Server Arena,Đấu trường liên server,글로벌 아레나,Arena entre servidores,อารีน่าข้ามเซิร์ฟเวอร์
466,megaNotOpen,Mega Evolution is not open,超進化功能未開放,Mega Evolution is not open,Chức năng Siêu Tiến Hóa chưa được mở.,메가진화 기능 미개방,Mega Evolution não está aberto,Mega Evolution ไม่เปิด
467,roleChatSelf,You can't talk to yourself,聊天對象不能是自身!,You can't talk to yourself,Bạn không thể trò chuyện với chính mình!,자기 자신이 채팅 대상일 수 없습니다!,Você não consegue falar consigo mesmo,คุณไม่สามารถพูดคุยกับตัวเองได้
468,friendAskforSelf,You can't ask yourself,不能請求自身!,You can't ask yourself,Không thể tự yêu cầu!,자기 자신에게 요청할 수 없습니다!,Você não pode se perguntar,คุณไม่สามารถถามตัวเองได้
469,megaConvertLimit,mega convert limit,超級石轉化次數不夠,mega convert limit,Số lượng chuyển đổi Siêu Đá không đủ,메가스톤 전환 수량 부족,limite de mega conversão,ขีดจำกัดการแปลงเมกะ
470,megaBuyLimit,mega convert times buy limit,超級石轉化次數購買達上限,mega convert times buy limit,Đã đạt số lượng tối đa mua chuyển đổi mảnh ghép.,진화의 돌 전환 수량 구매가 한도에 도달했습니다.,mega conversão vezes limite de compra,เมกะคอนเวอร์ทเท่าขีดจำกัดการซื้อ
471,megaCommonBuyLimit,mega convert times buy limit,超級石轉化次數購買達上限,mega convert times buy limit,Số lượng chuyển đổi Key Stone đã mua đạt đến giới hạn,키스톤 전환 수량 구매가 한도에 도달했습니다.,mega conversão vezes limite de compra,เมกะคอนเวอร์ทเท่าขีดจำกัดการซื้อ
472,megaBuyChanceLimit,mega convert times buy limit,超級石轉化次數購買達上限,mega convert times buy limit,Đã đạt giới hạn mua đá tiến hóa.,진화의 돌 구매 기회가 한도에 도달했습니다.,mega conversão vezes limite de compra,เมกะคอนเวอร์ทเท่าขีดจำกัดการซื้อ
473,megaCommonBuyChanceLimit,mega convert times buy limit,超級石轉化次數購買達上限,mega convert times buy limit,Đã đạt giới hạn mua Key Stone.,키스톤 구매 기회가 한도에 도달했습니다.,mega conversão vezes limite de compra,เมกะคอนเวอร์ทเท่าขีดจำกัดการซื้อ
474,gymEnemyChanged,gymEnemyChanged,道館主人發生變動，請重新重新戰鬥！,gymEnemyChanged,Nhà huấn luyện đã thay đổi. Hãy chiến đấu lại!,체육관의 주인이 변경되었습니다. 다시 전투를 진행하세요!,ginásioInimigoAlterado,ยิมศัตรูเปลี่ยนแปลง
475,gymEnemyBattling,gymEnemyBattling,道館主人正在戰鬥，請等待！,gymEnemyBattling,"Nhà vô địch đang chiến đấu, vui lòng chờ!",체육관의 주인이 전투 중입니다. 잠시만 기다리세요!,ginásioInimigoBatalhando,ยิมศัตรูต่อสู้
476,gymNatureTypeErr,gymNatureTypeErr,對手正在戰鬥，請重新選擇對手！,gymNatureTypeErr,Loại thẻ không đáp ứng yêu cầu,카드의 자연 속성이 조건에 맞지 않습니다.,academiaNatureTypeErr,ยิมธรรมชาติประเภทข้อผิดพลาด
477,cardCommentNotFind,Comments have been refreshed.,評論已刷新,Comments have been refreshed.,Bình luận đã được làm mới,리뷰 리셋됨,Os comentários foram atualizados.,ความคิดเห็นได้รับการรีเฟรชแล้ว
478,abilityDropErr,"""Insufficient star level, unable to reduce star level!""",潛能不夠，無法降潛能！,"""Insufficient star level, unable to reduce star level!""","Tiềm năng không đủ, không thể giảm tiềm năng!","참재력 부족, 참재력 강성 불가","Nível de estrela insuficiente, não é possível reduzir o nível de estrela!",ระดับดาวไม่เพียงพอ ไม่สามารถลดระดับดาวได้!
479,signetDropErr,"""Insufficient star level, unable to reduce star level!""",刻印不夠，無法降刻印！,"""Insufficient star level, unable to reduce star level!""",Không đủ dấu ấn để giảm!,"각인 부족,각인 강성 불가","Nível de estrela insuficiente, não é possível reduzir o nível de estrela!",ระดับดาวไม่เพียงพอ ไม่สามารถลดระดับดาวได้!
480,gymLeaderNotEmpty,gymLeaderNotEmpty,館主已經先被其他人佔用！,gymLeaderNotEmpty,Huấn luyện viên phòng Gym đã bị người khác chiếm dụng!,체육관 관장은 이미 다른 사람들이 먼저 점용하였다.,gymLeaderNotEmpty,ยิมลีดเดอร์ไม่ว่าง
481,gymNotEmpty,gymNotEmpty,跨服道館該位置已經先被其他人佔用！,gymNotEmpty,Vị trí phòng Gym liên server này đã bị người khác chiếm!,통합 서버 체육관 자리 이미 다른 사람들이 먼저 점용하였다.,ginásioNãoVazio,ยิมไม่ว่าง
482,gymEnemyIsNotNpc,gymEnemyIsNotNpc,館主已不是npc！,gymEnemyIsNotNpc,Huấn luyện viên phòng Gym không còn là NPC nữa!,체육관 관장이 더 이상 npc가 아니다.,ginásioInimigoNãoÉNpc,ยิมศัตรูไม่ใช่NPC
483,gymNotStart,gymNotStart,道館賽季已結束！,gymNotStart,Mùa giải phòng Gym đã kết thúc!,체육관 시즌 종료되었습니다!,ginásioNãoComeçar,ยิมไม่เริ่ม
484,gymNotOpen,gymNotOpen,道館尚未開啟！,gymNotOpen,Đấu trường chưa mở!,체육관 미오픈!,ginásioNãoAberto,ยิมไม่เปิด
485,onlineFightLimitedCardsUnqualified,Pokémon is not qualified.,精靈不符合要求，請調整,Pokémon is not qualified.,Pokémon không đáp ứng yêu cầu. Vui lòng điều chỉnh.,포켓몬 요구에 맞지 않으니 조정하세요,Pokémon não é qualificado.,โปเกมอนไม่มีคุณสมบัติ
486,onlineFightNotEnoughCards,Not enough Pokémon.,精靈數量不夠,Not enough Pokémon.,Không đủ Pokémon,포켓몬 수량 부족,Poucos Pokémon.,มีโปเกมอนไม่เพียงพอ
487,crossGymNotOpen,Cross-server Gym is locked!,跨服道館尚未開啟！,Cross-server Gym is locked!,Đấu trường liên server chưa mở!,통합 서버 체육관 미오픈!,O ginásio entre servidores está bloqueado!,ยิมข้ามเซิร์ฟเวอร์ถูกล็อค!
488,dailyStaminaCostLimit,Max Stamina consumed.,今日體力消耗已超出上限!,Max Stamina consumed.,Hôm nay đã tiêu hao thể lực vượt quá giới hạn!,오늘 체력 소모는 최대 도달,Vigor máximo consumido.,ค่าพลังงานสูงสุดที่ใช้ไป
489,randomTowerPointAwardVersionChange,A new version with Point Reward system is detected. Please exit first and re-enter.,檢測到有新的積分獎勵版本，請退出玩法後重進！,A new version with Point Reward system is detected. Please exit first and re-enter.,Phiên bản phần thưởng điểm mới đã được phát hiện. Vui lòng thoát và vào lại trò chơi!,"새로운 점수 보상 버전이 검출되었으니, 플레이아웃 후 다시 진입하세요!","Uma nova versão com sistema Point Reward foi detectada. Por favor, saia primeiro e entre novamente.",ตรวจพบเวอร์ชันใหม่พร้อมระบบสะสมแต้ม กรุณาออกจากระบบก่อนแล้วเข้าใหม่อีกครั้ง
490,cloneCanNotKick,Unable to Kick.,無法踢出,Unable to Kick.,Không thể đá ra,추방 불가,Incapaz de chutar.,ไม่สามารถเตะได้
491,figuresNotEnough,Not enough Images owned. Unable to unlock Image Skill slots.,擁有的形象數量不足，無法解鎖形象技能欄位！,Not enough Images owned. Unable to unlock Image Skill slots.,Số lượng nhân vật sở hữu không đủ để mở khóa ô kỹ năng nhân vật!,보유한 아바타 수량 부족하니 아바타 스킬 자리 오픈 불가!,Não há imagens suficientes possuídas. Não é possível desbloquear slots de Habilidade de Imagem.,มีรูปภาพไม่เพียงพอ ไม่สามารถปลดล็อคช่องทักษะรูปภาพได้
492,pumpkinCartSent,The pumpkin cart has been sent already,南瓜車已經送走,The pumpkin cart has been sent already,Xe bí ngô đã đi rồi.,호박차는 이미 보내졌다,O carrinho de abóbora já foi enviado,รถเข็นฟักทองได้ถูกส่งไปแล้ว
493,badHalloweenSpriteID,The sprite doesn't exist,搗蛋精靈不存在,The sprite doesn't exist,Pokémon tinh nghịch không tồn tại.,장난 포켓몬 없음,O sprite não existe,สไปรท์ไม่มีอยู่
494,halloweenSpriteRepeats,The sprite repeats,搗蛋精靈重復,The sprite repeats,Pokémon Tinh Nghịch Lặp Lại,장난 포켓몬 중북,O sprite se repete,สไปรท์ทำซ้ำ
495,yyHuodongDouble11LotteryWin,Win,中獎,Win,Trúng thưởng,당첨,Ganhar,ชนะ
496,yyHuodongDouble11LotteryFail,Missed,未中獎,Missed,Không trúng thưởng,미당첨,Perdido,พลาดไป
497,bossDailyChallengeLimit,Daily Boss Challenges:,boss每日挑戰次數上限,Daily Boss Challenges:,Giới hạn thử thách Boss hàng ngày,BOSS 메일 도전 최대 횟수,Desafios diários do chefe:,ความท้าทายบอสประจำวัน:
498,groupPlayNotExist,Cross-server group does not exist.,跨服組不存在,Cross-server group does not exist.,Nhóm máy chủ liên lục không tồn tại.,글로벌 그룹이 존재하지 않습니다.,O grupo entre servidores não existe.,กลุ่มข้ามเซิร์ฟเวอร์ไม่มีอยู่
499,huoDongBossClosed,Event is over.,活動已關閉,Event is over.,Sự kiện đã kết thúc,이벤트가 이미 종료되었습니다.,O evento terminou.,งานจบลงแล้ว
500,huoDongBossNotExist,Boss expired.,Boss已過期,Boss expired.,Boss đã hết hạn,BOSS가 이미 만료되었습니다.,Chefe expirado.,เจ้านายหมดอายุแล้ว
501,huoDongBossChallenged,This Boss has been challenged.,已挑戰過此Boss,This Boss has been challenged.,Boss này đã được thách đấu rồi.,해당 BOSS를 이미 도전했습니다.,Este chefe foi desafiado.,บอสตัวนี้ถูกท้าทายแล้ว
502,huoDongBossNoTimes,Max Challenges for the Boss:,此Boss被挑戰次數上限,Max Challenges for the Boss:,Boss này đã đạt giới hạn số lần thách đấu.,해당 BOSS가 도전 받는 최대 횟수,Desafios máximos para o chefe:,ความท้าทายสูงสุดสำหรับบอส:
503,cheatError,Data error. Please stop using hack.,數據異常，請關閉作弊工具！,Data error. Please stop using hack.,"Dữ liệu bất thường, vui lòng tắt các công cụ gian lận!","데이터 오류, 비승인 프로그램을 종료하세요!","Erro de dados. Por favor, pare de usar o hack.",ข้อมูลผิดพลาด กรุณาหยุดใช้แฮ็ค
504,double11GameNotOpen,Not started Yet,遊戲暫未開始,Not started Yet,Trò chơi chưa bắt đầu.,게임 미오픈,Ainda não começou,ยังไม่ได้เริ่มต้น
505,deployNameInvalid,Invalid team name. Please enter a new name.,隊伍名稱不合適，請修改！,Invalid team name. Please enter a new name.,"Tên đội không phù hợp, vui lòng sửa lại!",부적절한 팀 이름입니다. 수정해주세요!,Nome de equipe inválido. Insira um novo nome.,ชื่อทีมไม่ถูกต้อง กรุณาใส่ชื่อใหม่
506,skinLanguageLimit,Limited Costume for Language Sections,時裝語言區域限購,Limited Costume for Language Sections,Trang phục giới hạn theo khu vực ngôn ngữ,코스튬 언어 구역 한정 구매,Traje limitado para seções de idiomas,เครื่องแต่งกายจำนวนจำกัดสำหรับแผนกภาษา
507,unionFightDeployNatureError,Wrong Card Stats,卡牌屬性錯誤,Wrong Card Stats,Thuộc tính thẻ bài sai,카드 속성 오류,Estatísticas de cartas erradas,สถิติการ์ดผิด
508,crossMineBossFreeTimesLimit,Max challenges for free Boss reached.,免費Boss挑戰次數已達上限,Max challenges for free Boss reached.,Số lần thử thách Boss miễn phí đã đạt đến giới hạn.,BOSS 도전 무료 횟수가 이미 상한에 도달했습니다.,Desafios máximos para chefe gratuito atingidos.,ถึงความท้าทายสูงสุดสำหรับบอสฟรีแล้ว
509,skinNotOwn,Skin not owned.,未擁有該皮膚,Skin not owned.,Không sở hữu skin này,해당 스킨 미보유,Pele sem dono.,สกินไม่ได้เป็นเจ้าของ
510,logoNotOwn,Avatar not owned.,未擁有該頭像,Avatar not owned.,Không sở hữu avatar này.,해당 프로필 미보유,Avatar não possuído.,อวตารไม่ได้เป็นเจ้าของ
511,unionQATimesLimit,Max Daily Guild Quiz Chances:,公會問答每日次數上限,Max Daily Guild Quiz Chances:,Giới hạn số lần trả lời câu hỏi bang hội mỗi ngày,길드 퀴즈 일일 제한,Chances máximas do Quiz Diário da Guilda:,โอกาสสูงสุดในการทำแบบทดสอบกิลด์ประจำวัน:
512,unionQANotOpen,Guild Quiz is locked.,公會問答未開啟,Guild Quiz is locked.,Hỏi đáp bang hội chưa mở,길드 Q&A 열리지 않음,O Quiz da Guilda está bloqueado.,แบบทดสอบกิลด์ถูกล็อคแล้ว
513,crossMineBossNotFind,Boss not found.,boss 未找到,Boss not found.,Không tìm thấy Boss,BOSS를 찾을 수 없음,Chefe não encontrado.,ไม่พบเจ้านาย.
514,crossMineBossHasKilled,Boss has been defeated.,boss 已經被擊殺,Boss has been defeated.,Boss đã bị đánh bại.,BOSS 이미 격살됨,O chefe foi derrotado.,บอสพ่ายแพ้แล้ว
515,crossMineBossNotOpen,Boss not available yet.,boss 暫未開放挑戰,Boss not available yet.,Thử thách Boss chưa mở,BOSS 도전 미개방,Chefe ainda não disponível.,บอสยังไม่พร้อมใช้งาน
516,crossMineBossBattleMaxTimeLimit,Boss Challenge timed out.,boss 挑戰超過時間限製,Boss Challenge timed out.,Thử thách Boss hết thời gian,BOSS 도전 시간 제한 초과,O tempo do desafio do chefe expirou.,การท้าทายบอสหมดเวลาแล้ว
517,crossMineBossBattleNotFind,Boss Challenge not found.,boss 戰鬥未找到,Boss Challenge not found.,Không tìm thấy trận chiến Boss,BOSS 전투 찾을 수 없음,Desafio do chefe não encontrado.,ไม่พบบอสท้าทาย
518,crossMineRevengeBeProtect,This player of Cross-server Mall is under the protection time after being revenged.,跨服商業街對方正處於被復仇後的保護時間,This player of Cross-server Mall is under the protection time after being revenged.,Đối thủ ở khu thương mại liên server hiện đang được bảo vệ sau khi bị trả thù.,글로벌 상가에서 상대방은 복수 당한 후의 보호 시간 내에 있다.,Este jogador do Cross-server Mall está sob proteção após ser vingado.,ผู้เล่นของห้างสรรพสินค้าข้ามเซิร์ฟเวอร์นี้กำลังอยู่ภายใต้การคุ้มครองหลังจากได้รับการแก้แค้น
519,crossMineRoleNotFind,Player not found in Cross-server Mall.,跨服商業街未找到該玩家,Player not found in Cross-server Mall.,Không tìm thấy người chơi trong chợ giao dịch liên server.,글로벌 상가에서 이 유저를 찾을 수 없다.,Jogador não encontrado no Cross-server Mall.,ไม่พบผู้เล่นในห้างสรรพสินค้าข้ามเซิร์ฟเวอร์
520,braveChallengeBanned,Data error. Please stop using hack.,勇者挑戰作弊禁止玩法中,Data error. Please stop using hack.,Lừa đảo bị cấm trong chế độ Thử thách Anh hùng.,영웅 도전 모드에서 부정행위 금지.,"Erro de dados. Por favor, pare de usar o hack.",ข้อมูลผิดพลาด กรุณาหยุดใช้แฮ็ค
521,huntingClosed,The hunting season is over,狩獵本期已結束,The hunting season is over,Thời gian săn bắt đã kết thúc.,이번 사냥 기간이 종료되었습니다.,A temporada de caça acabou,ฤดูล่าสัตว์สิ้นสุดลงแล้ว
522,huntingArea,Safari Zone,狩獵地帶,Safari Zone,Vùng săn bắn,사냥터,Zona de Safári,ซาฟารีโซน
523,drawChipRMBNotEnough,"Insufficient diamonds, please get more diamonds",鉆石不足，請獲取更多鉆石,"Insufficient diamonds, please get more diamonds","Không đủ kim cương, vui lòng lấy thêm kim cương.",다이아몬드가 부족합니다. 더 많은 다이아몬드를 획득하십시오.,"Diamantes insuficientes, por favor, pegue mais diamantes",เพชรไม่พอ กรุณารับเพชรเพิ่ม
524,drawChipGoldNotEnough,"Insufficient coins, please get more coins",金幣不足，請獲取更多金幣,"Insufficient coins, please get more coins","Không đủ vàng, vui lòng lấy thêm vàng.",코인이 부족합니다. 더 많은 코인을 획득하세요.,"Moedas insuficientes, por favor, pegue mais moedas",เหรียญไม่เพียงพอ กรุณารับเหรียญเพิ่ม
525,rmbDrawChipLimitUp,The number of diamond chip draws has reached limit today,今日鉆石晶片抽取次數已達上限,The number of diamond chip draws has reached limit today,Số lần rút mảnh ghép kim cương hôm nay đã đạt đến giới hạn.,오늘 다이아몬드 조각 뽑기 횟수가 상한선에 도달했습니다.,O número de sorteios de fichas de diamante atingiu o limite hoje,จำนวนชิปเพชรที่สุ่มได้ในวันนี้ถึงขีดจำกัดแล้ว
526,goldDrawChipLimitUp,The number of gold coin chip draws has reached limit today,今日金幣晶片抽取次數已達上限,The number of gold coin chip draws has reached limit today,Đã đạt giới hạn số lần rút chíp vàng hôm nay.,오늘 골드 조각 뽑기 횟수가 상한선에 도달했습니다.,O número de sorteios de fichas de moedas de ouro atingiu o limite hoje,จำนวนชิปเหรียญทองที่ออกในวันนี้ถึงขีดจำกัดแล้ว
527,chipPlanNameInvalid,"The chip plan name is illegal, please modify it!",晶片方案名稱不合法，請修改！,"The chip plan name is illegal, please modify it!","Tên sơ đồ chip không hợp lệ, vui lòng sửa lại!",칩 구성표 이름이 잘못되었습니다. 수정해주세요!,"O nome do plano de chip é ilegal, por favor modifique-o!",ชื่อแผนชิปไม่ถูกต้อง กรุณาแก้ไข!
528,volleyballBanned,Data error. Please stop using hack.,沙灘排球作弊,Data error. Please stop using hack.,Gian lận bóng chuyền bãi biển,비치발리볼 부정행위,"Erro de dados. Por favor, pare de usar o hack.",ข้อมูลผิดพลาด กรุณาหยุดใช้แฮ็ค
529,townHomeName,My hut,我的小屋,My hut,Căn nhà nhỏ của tôi,나의 오두막,Minha casa,บ้านของฉัน
530,townHomeLayoutName,Unnamed Scheme,未命名方案,Unnamed Scheme,Kế hoạch chưa đặt tên,이름 없는 계획,Sem nome,ไม่มีชื่อ
531,patchBehind,The current version is inconsistent. Please restart the game and challenge!,當前版本不一致，請重新啟動遊戲後挑戰,The current version is inconsistent. Please restart the game and challenge!,Phiên bản không khớp. Vui lòng khởi động lại trò chơi và thử lại.,현재 버 전이 일치 하지 않 습 니 다. 게임 을 다시 시작 한 후 도전 하 세 요,"A versão atual é inconsistente. Por favor, reinicie o jogo e desafie!",เวอร์ชันปัจจุบันไม่สอดคล้องกัน กรุณาเริ่มเกมใหม่และท้าทาย!
532,crossunionfightNoOpen,Room Battle not started,部屋大作戰未開啟,Room Battle not started,Trận chiến phòng chưa bắt đầu,방 배틀 시작 안 함,Seu nível é insuficiente para entrar na luta da união cruzada,ระดับของคุณยังไม่เพียงพอที่จะเข้าร่วมการต่อสู้ข้ามสหภาพ
533,crossunionfightDeployLimit,Cannot arrange formations while Room Battle is in progress.,部屋大作戰進行中不能佈陣,Cannot arrange formations while Room Battle is in progress.,Không thể sắp xếp đội hình trong khi trận chiến Phòng đang diễn ra.,방 배틀 진행 중에는 진형을 배치할 수 없습니다.,A luta sindical cruzada está em andamento. Você não pode fazer mudanças,การต่อสู้ของสหภาพแรงงานกำลังดำเนินอยู่ คุณไม่สามารถทำการเปลี่ยนแปลงได้
534,crossunionfightJionTimeUp,You can participate in the Room Battle again tomorrow.,隔天才能參加部屋大作戰,You can participate in the Room Battle again tomorrow.,Bạn có thể tham gia trận chiến Phòng lại vào ngày mai.,내일 다시 방 배틀에 참가할 수 있습니다.,Só é possível participar da luta sindical cruzada em dias alternados.,สามารถเข้าร่วมการต่อสู้ข้ามสหภาพได้ทุกๆ วันเว้นวันเท่านั้น
535,crossunionfightbetSign,Betting is only allowed during the registration phase.,下注只能在報名階段下注,Betting is only allowed during the registration phase.,Chỉ được đặt cược trong giai đoạn đăng ký.,베팅은 등록 단계에서만 허용됩니다.,Você só pode fazer sua aposta durante a inscrição.,คุณสามารถวางเดิมพันได้เฉพาะในระหว่างการสมัครสมาชิกเท่านั้น
536,crossunoinfightHasBet,You've already placed a bet; only one bet is allowed.,您已經下注過，只能下注一次,You've already placed a bet; only one bet is allowed.,"Bạn đã đặt cược rồi, chỉ được đặt cược một lần thôi.",이미 베팅하셨습니다. 한 번만 베팅할 수 있습니다.,Você já fez a aposta.,คุณได้วางเดิมพันเรียบร้อยแล้ว
537,crossunionfiBetNotEnough,Insufficient funds to place a bet!,貨幣不足，無法下注！,Insufficient funds to place a bet!,Không đủ tiền để đặt cược!,잔액이 부족하여 베팅할 수 없습니다!,"Moedas insuficientes, não é possível apostar.",เหรียญไม่เพียงพอ ไม่สามารถเดิมพันได้
538,itemExchangeLimit,Redemption conditions not met,兌換條件不滿足,Redemption conditions not met,Điều kiện đổi không đáp ứng,교환 조건을 충족하지 못했습니다,As condições de troca não foram cumpridas.,ไม่เป็นไปตามเงื่อนไขการแลกเปลี่ยน
539,crossunionfightNoRoleOpen,You do not meet the level requirements for Room Raid.,您不符合房間大作戰的等級條件,You do not meet the level requirements for Room Raid.,Bạn không đáp ứng điều kiện cấp độ cho Cuộc đột kích phòng.,방 습격전 레벨 조건을 충족하지 못했습니다.,Nível insuficiente para aderir à luta sindical cruzada.,ระดับไม่เพียงพอที่จะเข้าร่วมการต่อสู้ข้ามสหภาพ
540,crossunionfightNoEnter,Room Battle is over,房間大作戰已結束,Room Battle is over,Cuộc chiến phòng đã kết thúc,방 대결이 끝났습니다,A luta sindical cruzada terminou.,การต่อสู้ข้ามสหภาพสิ้นสุดลงแล้ว
541,giftOutOfCreatedDate,The role creation time does not meet the conditions and cannot be used,創建角色時間不滿足條件，無法使用,The role creation time does not meet the conditions and cannot be used,"Thời gian tạo nhân vật không đáp ứng điều kiện, không thể sử dụng.",캐릭터 생성 시간이 조건에 만족하지 않으므로 사용할 수 없습니다.,O tempo de criação da função não atende às condições e não pode ser usado,เวลาสร้างบทบาทไม่ตรงตามเงื่อนไขและไม่สามารถใช้งานได้
,,,,,,,,
,,,,,,,,
1000,WorldServerMaintain,"""#C0x5B545B# In order to ensure a seamless gaming experience, the sever will be conducting a temporary maintenance at %s. We apologize for any inconvenience caused.""",#C0x5B545B#為了能讓您更流暢的體驗遊戲，伺服器將於%s進行臨時維護，給您帶來的不便深表歉意,"""#C0x5B545B# In order to ensure a seamless gaming experience, the sever will be conducting a temporary maintenance at %s. We apologize for any inconvenience caused.""","#C0x5B545B#Để mang đến cho bạn trải nghiệm chơi game mượt mà hơn, máy chủ sẽ được bảo trì tạm thời vào lúc %s. Chúng tôi chân thành xin lỗi vì sự bất tiện này.",#C0x5B545B#쾌적한 게임 체험을 위해 서버가 %s에 임시 점검을 진행합니다. 불편을 끼쳐드려 대단히 죄송합니다.,"#C0x5B545B# Para garantir uma experiência de jogo perfeita, o servidor realizará uma manutenção temporária em %s. Pedimos desculpas por qualquer inconveniente causado.",#C0x5B545B# เพื่อให้แน่ใจว่าประสบการณ์การเล่นเกมจะราบรื่น เซิร์ฟเวอร์จะทำการบำรุงรักษาชั่วคราวที่ %s เราต้องขออภัยในความไม่สะดวกที่เกิดขึ้น
1001,WorldCloneInvite,"""#C0x5C9971#%s#C0x5B545B#is being surrounded in the %s element room by #C0xE77421#%s#C0x5B545B#! Hurry, offer them some assistance#LULnature_room_id##Icity/adventure/clone_battle/imag_ljjr.png-182-54#""",#C0x5C9971#%s#C0x5B545B#正在%s元素房間被#C0xE77421#%s#C0x5B545B#圍堵，快來前往協助#LULnature_room_id##Icity/adventure/clone_battle/imag_ljjr.png-182-54#,"""#C0x5C9971#%s#C0x5B545B#is being surrounded in the %s element room by #C0xE77421#%s#C0x5B545B#! Hurry, offer them some assistance#LULnature_room_id##Icity/adventure/clone_battle/imag_ljjr.png-182-54#""","#C0x5C9971#%s#C0x5B545B#đang bị #C0xE77421#%s#C0x5B545B# bao vây trong phòng nguyên tố %s, hãy nhanh chóng đến hỗ trợ #LULnature_room_id##Icity/adventure/clone_battle/imag_ljjr.png-182-54#",#C0x5C9971#%s#C0x5B545B# 님이 %s 엘리먼트 방에서 #C0xE77421#%s#C0x5B545B#에게 포위되었습니다. 어서 도와주세요! #LULnature_room_id##Icity/adventure/clone_battle/imag_ljjr.png-182-54#,"#C0x5C9971#%s#C0x5B545B#está sendo cercado na sala do elemento %s por #C0xE77421#%s#C0x5B545B#! Depressa, ofereça-lhes alguma assistência#LULnature_room_id##Icity/adventure/clone_battle/imag_ljjr.png-182-54#",#C0x5C9971#%s#C0x5B545B# กำลังถูกล้อมรอบในห้องธาตุ %s โดย #C0xE77421#%s#C0x5B545B#! รีบเสนอความช่วยเหลือให้พวกเขาหน่อย#LULnature_room_id##Icity/adventure/clone_battle/imag_ljjr.png-182-54#
1002,NewsCardInPub,#C0x5B545B#Congratulations! #C0x5C9971##L10100##LULrole1#{name}#C0x5B545B#gets #C0xE69900#{star}#C0x5B545B# -star #C0xE77421##L10100##LULcard1#{card}#C0x5B545B# by diamond card draw and has increased its strength greatly!,#C0x5B545B#恭喜#C0x5C9971##L10100##LULrole1#{name}#C0x5B545B#通過鑽石抽卡獲得#C0xE69900#{star}#C0x5B545B#星#C0xE77421##L10100##LULcard1#{card}#C0x5B545B#，實力大增！,#C0x5B545B#Congratulations! #C0x5C9971##L10100##LULrole1#{name}#C0x5B545B#gets #C0xE69900#{star}#C0x5B545B# -star #C0xE77421##L10100##LULcard1#{card}#C0x5B545B# by diamond card draw and has increased its strength greatly!,Chúc mừng #{name} đã nhận được thẻ #{star} sao #{card} thông qua quay kim cương! Sức mạnh của bạn đã tăng lên đáng kể!,#C0x5B545B#축하합니다. #C0x5C9971##L10100##LULrole1#{name}#C0x5B545B# 님이 다이아 뽑기를 통해 #C0xE69900#{star}#C0x5B545B#성 #C0xE77421##L10100##LULcard1#{card}#C0x5B545B# 획득!,#C0x5B545B#Parabéns! #C0x5C9971##L10100##LULrole1#{name}#C0x5B545B#recebe #C0xE69900#{star}#C0x5B545B# -star #C0xE77421##L10100##LULcard1#{card}#C0x5B545B# por compra de carta de diamante e aumentou muito sua força!,#C0x5B545B#ยินดีด้วย! #C0x5C9971##L10100##LULrole1#{name}#C0x5B545B#ได้รับ #C0xE69900#{star}#C0x5B545B# -star #C0xE77421##L10100##LULcard1#{card}#C0x5B545B# โดยการจับไพ่เพชรและเพิ่มความแข็งแกร่งอย่างมาก!
1003,NewsCardInCombine,#C0x5B545B#Congratulations! #C0x5C9971##L10100##LULrole1#{name}#C0x5B545B#gets #C0xE69900#{star}#C0x5B545B# -star #C0xE77421##L10100##LULcard1#{card}#C0x5B545B# by shard combination and has increased its strength greatly!,#C0x5B545B#恭喜#C0x5C9971##L10100##LULrole1#{name}#C0x5B545B#通過碎片合成獲得#C0xE69900#{star}#C0x5B545B#星#C0xE77421##L10100##LULcard1#{card}#C0x5B545B#，實力大增！,#C0x5B545B#Congratulations! #C0x5C9971##L10100##LULrole1#{name}#C0x5B545B#gets #C0xE69900#{star}#C0x5B545B# -star #C0xE77421##L10100##LULcard1#{card}#C0x5B545B# by shard combination and has increased its strength greatly!,Chúc mừng #{name} đã nhận được #{card} #{star} sao thông qua tổng hợp Mảnh ghép! Sức mạnh của bạn đã tăng lên đáng kể!,#C0x5B545B#축하합니다. #C0x5C9971##L10100##LULrole1#{name}#C0x5B545B# 님이 조각 합성을 통해 #C0xE69900#{star}#C0x5B545B#성 #C0xE77421##L10100##LULcard1#{card}#C0x5B545B# 획득!,#C0x5B545B#Parabéns! #C0x5C9971##L10100##LULrole1#{name}#C0x5B545B#recebe #C0xE69900#{star}#C0x5B545B# -star #C0xE77421##L10100##LULcard1#{card}#C0x5B545B# por combinação de fragmentos e aumentou sua força muito!,#C0x5B545B#ยินดีด้วย! #C0x5C9971##L10100##LULrole1#{name}#C0x5B545B#ได้รับ #C0xE69900#{star}#C0x5B545B# -star #C0xE77421##L10100##LULcard1#{card}#C0x5B545B# โดยการรวมชิ้นส่วนและเพิ่มความแข็งแกร่งอย่างมาก!
1004,NewsCardInLimitDraw,#C0x5B545B#Congratulations! #C0x5C9971##L10100##LULrole1#{name}#C0x5B545B#gets #C0xE69900#{star}#C0x5B545B# -star #C0xE77421##L10100##LULcard1#{card}#C0x5B545B# by summoning Legendary Beasts and has increased its strength greatly!,#C0x5B545B#恭喜#C0x5C9971##L10100##LULrole1#{name}#C0x5B545B#通過神獸召喚獲得了#C0xE69900#{star}#C0x5B545B#星#C0xE77421##L10100##LULcard1#{card}#C0x5B545B#，實力大幅增強！,#C0x5B545B#Congratulations! #C0x5C9971##L10100##LULrole1#{name}#C0x5B545B#gets #C0xE69900#{star}#C0x5B545B# -star #C0xE77421##L10100##LULcard1#{card}#C0x5B545B# by summoning Legendary Beasts and has increased its strength greatly!,"#C0x5B545B# Chúc mừng #C0x5C9971##L10100##LULrole1#{name}#C0x5B545B# thông qua Triệu Hồi Thần Thú nhận được #C0xE69900#{star}#C0x5B545B# Sao #C0xE77421##L10100##LULcard1#{card}#C0x5B545B#, thực lực tăng cao!",#C0x5B545B#축하합니다. #C0x5C9971##L10100##LULrole1#{name}#C0x5B545B# 님이 전설의 포켓몬 소환을 통해 #C0xE69900#{star}#C0x5B545B#성 #C0xE77421##L10100##LULcard1#{card}#C0x5B545B# 획득!,#C0x5B545B#Parabéns! #C0x5C9971##L10100##LULrole1#{name}#C0x5B545B#recebe #C0xE69900#{star}#C0x5B545B# -star #C0xE77421##L10100##LULcard1#{card}#C0x5B545B# ao invocar Bestas Lendárias e aumentou sua força muito!,#C0x5B545B#ยินดีด้วย! #C0x5C9971##L10100##LULrole1#{name}#C0x5B545B#ได้รับ #C0xE69900#{star}#C0x5B545B# -star #C0xE77421##L10100##LULcard1#{card}#C0x5B545B# โดยการเรียกสัตว์ในตำนานและเพิ่มความแข็งแกร่งของมันอย่างมาก!
1005,NewsCardInOther,#C0x5B545B#Congratulations! #C0x5C9971##L10100##LULrole1#{name}#C0x5B545B#gets #C0xE69900#{star}#C0x5B545B# -star #C0xE77421##L10100##LULcard1#{card}#C0x5B545B# and has increased its strength greatly!,#C0x5B545B#恭喜#C0x5C9971##L10100##LULrole1#{name}#C0x5B545B#獲得了#C0xE69900#{star}#C0x5B545B#星#C0xE77421##L10100##LULcard1#{card}#C0x5B545B#，實力大增！,#C0x5B545B#Congratulations! #C0x5C9971##L10100##LULrole1#{name}#C0x5B545B#gets #C0xE69900#{star}#C0x5B545B# -star #C0xE77421##L10100##LULcard1#{card}#C0x5B545B# and has increased its strength greatly!,"Chúc mừng #{name} đã nhận được #{star} sao #{card}, sức mạnh tăng mạnh!",#C0x5B545B#축하합니다. #C0x5C9971##L10100##LULrole1#{name}#C0x5B545B# 님이 #C0xE69900#{star}#C0x5B545B#성 #C0xE77421##L10100##LULcard1#{card}#C0x5B545B# 획득!,#C0x5B545B#Parabéns! #C0x5C9971##L10100##LULrole1#{name}#C0x5B545B#recebe #C0xE69900#{star}#C0x5B545B# -star #C0xE77421##L10100##LULcard1#{card}#C0x5B545B# e aumentou sua força muito!,#C0x5B545B#ยินดีด้วย! #C0x5C9971##L10100##LULrole1#{name}#C0x5B545B#gets #C0xE69900#{star}#C0x5B545B# -star #C0xE77421##L10100##LULcard1#{card}#C0x5B545B# และเพิ่มความแข็งแกร่งขึ้นอย่างมาก!
1006,RmbText,#Icommon/icon/icon_diamond.png-56-56#,#Icommon/icon/icon_diamond.png-56-56#,#Icommon/icon/icon_diamond.png-56-56#,#Icommon/icon/icon_diamond.png-56-56#,#Icommon/icon/icon_diamond.png-56-56#,#Icommon/icon/icon_diamond.png-56-56#,#ไอคอนสามัญ/ไอคอน/ไอคอนเพชร.png-56-56#
1007,GoldText,#Icommon/icon/icon_gold.png-56-56#,#Icommon/icon/icon_gold.png-56-56#,#Icommon/icon/icon_gold.png-56-56#,#Icommon/icon/icon_gold.png-56-56#,#Icommon/icon/icon_gold.png-56-56#,#Icommon/icon/icon_gold.png-56-56#,#ไอคอนสามัญ/ไอคอน/ไอคอนทอง.png-56-56#
1008,SoulText,#Iconfig/item/icon_ghb.png-64-64#,#Iconfig/item/icon_ghb.png-64-64#,#Iconfig/item/icon_ghb.png-64-64#,#Iconfig/item/icon_ghb.png-64-64#,#Iconfig/item/icon_ghb.png-64-64#,#Iconfig/item/icon_ghb.png-64-64#,#Iconfig/รายการ/icon_ghb.png-64-64#
1009,NewsBreakEgg,#C0x5B545B#Congratulations to #C0x5C9971##L10100##LULrole1#{name}#C0x5B545B# for getting #C0xE69900#{amount}{gainType}({rate}x Golden Egg rewards) in the Golden Egg event!#C0x5B545B#,#C0x5B545B#恭喜玩家#C0x5C9971##L10100##LULrole1#{name}#C0x5B545B#在砸金蛋活動中獲得#C0xE69900#{amount}{gainType}（{rate}倍金蛋獎勵）!#C0x5B545B#,#C0x5B545B#Congratulations to #C0x5C9971##L10100##LULrole1#{name}#C0x5B545B# for getting #C0xE69900#{amount}{gainType}({rate}x Golden Egg rewards) in the Golden Egg event!#C0x5B545B#,#C0x5B545B#Chúc mừng người chơi #C0x5C9971##L10100##LULrole1#{name}#C0x5B545B# đã nhận được #C0xE69900#{amount}{gainType} (phần thưởng trứng vàng x{rate})!#C0x5B545B#,#C0x5B545B#축하합니다. 유저 #C0x5C9971##L10100##LULrole1#{name}#C0x5B545B# 님이 황금알 이벤트에서 #C0xE69900#{amount}{gainType}({rate}배 황금알 보상) 획득!#C0x5B545B#,#C0x5B545B#Parabéns a #C0x5C9971##L10100##LULrole1#{name}#C0x5B545B# por obter #C0xE69900#{amount}{gainType}({rate}x recompensas Golden Egg) no evento Golden Egg!#C0x5B545B#,#C0x5B545B#ขอแสดงความยินดีกับ #C0x5C9971##L10100##LULrole1#{name}#C0x5B545B# ที่ได้รับ #C0xE69900#{amount}{gainType}({rate}x Golden Egg rewards) ในกิจกรรม Golden Egg!#C0x5B545B#
1010,NewsHoldItemInDraw,"#C0x5B545B#Congratulations! ##L10100##LULrole1#{name}#C0x5B545B# gets rare held item #C0x8A5C99##LULrole1#{holdItem}#C0x5B545B# from Trinket Card Draw, lady luck is smiling!",#C0x5B545B#恭喜#C0x5C9971##L10100##LULrole1#{name}#C0x5B545B#通過飾品抽卡獲得了稀有攜帶道具#C0x8A5C99##LULrole1#{holdItem}#C0x5B545B#，真是歐氣爆棚！,"#C0x5B545B#Congratulations! ##L10100##LULrole1#{name}#C0x5B545B# gets rare held item #C0x8A5C99##LULrole1#{holdItem}#C0x5B545B# from Trinket Card Draw, lady luck is smiling!","#C0x5B545B# Chúc mừng #C0x5C9971##L10100##LULrole1#{name}#C0x5B545B# thông qua Rút Thẻ Trang Sức nhận được Held Item hiếm #C0x8A5C99##LULrole1#{holdItem}#C0x5B545B#, quá là may mắn!",#C0x5B545B#축하합니다. #C0x5C9971##L10100##LULrole1#{name}#C0x5B545B# 님이 액세서리 뽑기에서 희귀 휴대 아이템 #C0x8A5C99##LULrole1#{holdItem}#C0x5B545B# 획득!,"#C0x5B545B#Parabéns! ##L10100##LULrole1#{name}#C0x5B545B# recebe o item raro #C0x8A5C99##LULrole1#{holdItem}#C0x5B545B# do Trinket Card Draw, a senhora da sorte está sorrindo!",#C0x5B545B#ยินดีด้วย! ##L10100##LULrole1#{name}#C0x5B545B# ได้รับไอเทมหายาก #C0x8A5C99##LULrole1#{holdItem}#C0x5B545B# จากการจับฉลากการ์ด Trinket โชคยังเข้าข้างคุณ!
1011,NewsEquipInCombine,#C0x5B545B#Congratulations! #C0x5C9971##L10100##LULrole1#{name}#C0x5B545B# got a {quality}#C0x7BFF2C#{equip}#C0x5B545B# by shard combination,#C0x5B545B#恭喜#C0x5C9971##L10100##LULrole1#{name}#C0x5B545B#通過碎片合成獲得了{quality}品質的#C0x7BFF2C#{equip}#C0x5B545B#,#C0x5B545B#Congratulations! #C0x5C9971##L10100##LULrole1#{name}#C0x5B545B# got a {quality}#C0x7BFF2C#{equip}#C0x5B545B# by shard combination,#C0x5B545B#Chúc mừng#C0x5C9971##L10100##LULrole1#{name}#C0x5B545B#đã nhận được {equip} chất lượng {quality} thông qua Tổng hợp Mảnh ghép#C0x5B545B#,#C0x5B545B#축하합니다. #C0x5C9971##L10100##LULrole1#{name}#C0x5B545B# 님이 조각 합성을 통해 {quality} 등급의 #C0x7BFF2C#{equip}#C0x5B545B# 획득!,#C0x5B545B#Parabéns! #C0x5C9971##L10100##LULrole1#{name}#C0x5B545B# obteve uma {qualidade}#C0x7BFF2C#{equip}#C0x5B545B# por combinação de fragmentos,#C0x5B545B#ยินดีด้วย! #C0x5C9971##L10100##LULrole1#{name}#C0x5B545B# ได้รับ {quality}#C0x7BFF2C#{equip}#C0x5B545B# จากการรวมชิ้นส่วน
1012,NewsEquipInBox,#C0x5B545B#Congratulations! #C0x5C9971##L10100##LULrole1#{name}#C0x5B545B# got a {quality}#C0x7BFF2C#{equip}#C0x5B545B# by opening a chest,#C0x5B545B#恭喜#C0x5C9971##L10100##LULrole1#{name}#C0x5B545B#在寶箱中獲得了{quality}品質的#C0x7BFF2C#{equip}#C0x5B545B#,#C0x5B545B#Congratulations! #C0x5C9971##L10100##LULrole1#{name}#C0x5B545B# got a {quality}#C0x7BFF2C#{equip}#C0x5B545B# by opening a chest,Chúc mừng! #L10100#LULrole1#{name}# đã nhận được {equip} {quality} từ rương kho báu!,#C0x5B545B#축하합니다. #C0x5C9971##L10100##LULrole1#{name}#C0x5B545B# 님이 보물상자에서 {quality} 등급의 #C0x7BFF2C#{equip}#C0x5B545B# 획득!,#C0x5B545B#Parabéns! #C0x5C9971##L10100##LULrole1#{name}#C0x5B545B# ganhou uma {quality}#C0x7BFF2C#{equip}#C0x5B545B# ao abrir um baú,#C0x5B545B#ยินดีด้วย! #C0x5C9971##L10100##LULrole1#{name}#C0x5B545B# ได้รับ {quality}#C0x7BFF2C#{equip}#C0x5B545B# โดยการเปิดหีบ
1013,NewsEquipInOther,#C0x5B545B#Congratulations! #C0x5C9971##L10100##LULrole1#{name}#C0x5B545B# got a {quality}#C0x7BFF2C#{equip}#C0x5B545B#,#C0x5B545B#恭喜#C0x5C9971##L10100##LULrole1#{name}#C0x5B545B#獲得了{quality}品質的#C0x7BFF2C#{equip}#C0x5B545B#,#C0x5B545B#Congratulations! #C0x5C9971##L10100##LULrole1#{name}#C0x5B545B# got a {quality}#C0x7BFF2C#{equip}#C0x5B545B#,Chúc mừng! #L10100# {name} đã nhận được {equip} {quality}!,#C0x5B545B#축하합니다. #C0x5C9971##L10100##LULrole1#{name}#C0x5B545B# 님이 {quality} 등급의 #C0x7BFF2C#{equip}#C0x5B545B# 획득!,#C0x5B545B#Parabéns! #C0x5C9971##L10100##LULrole1#{name}#C0x5B545B# obteve uma {quality}#C0x7BFF2C#{equip}#C0x5B545B#,#C0x5B545B#ยินดีด้วย! #C0x5C9971##L10100##LULrole1#{name}#C0x5B545B# ได้รับ {quality}#C0x7BFF2C#{equip}#C0x5B545B#
1014,NewsCardAdvance9,#C0x5B545B#Congratulations to #C0x5C9971##L10100##LULrole1#{name}#C0x5B545B#who has upgraded #C0xE77421##L10100##LULcard1#{card}#C0x5B545B# to Epic grade and greatly enhanced the team's strength!,#C0x5B545B#恭喜玩家#C0x5C9971##L10100##LULrole1#{name}#C0x5B545B#將#C0xE77421##L10100##LULcard1#{card}#C0x5B545B#提升至紫色品質，隊伍實力大增！,#C0x5B545B#Congratulations to #C0x5C9971##L10100##LULrole1#{name}#C0x5B545B#who has upgraded #C0xE77421##L10100##LULcard1#{card}#C0x5B545B# to Epic grade and greatly enhanced the team's strength!,Chúc mừng người chơi #C0x5C9971##L10100##LULrole1#{name}#C0x5B545B# đã nâng cấp #C0xE77421##L10100##LULcard1#{card}#C0x5B545B# lên chất lượng tím! Sức mạnh đội hình của bạn đã được tăng cường đáng kể!,#C0x5B545B#축하합니다. 유저 #C0x5C9971##L10100##LULrole1#{name}#C0x5B545B# 님이 #C0xE77421##L10100##LULcard1#{card}#C0x5B545B#의 보라색 등급을 달성했습니다!,#C0x5B545B#Parabéns a #C0x5C9971##L10100##LULrole1#{name}#C0x5B545B#que elevou #C0xE77421##L10100##LULcard1#{card}#C0x5B545B# para o nível Épico e aumentou muito a força da equipe!,#C0x5B545B#ขอแสดงความยินดีกับ #C0x5C9971##L10100##LULrole1#{name}#C0x5B545B# ที่ได้อัปเกรด #C0xE77421##L10100##LULcard1#{card}#C0x5B545B# เป็นระดับ Epic และเพิ่มความแข็งแกร่งของทีมอย่างมาก!
1015,NewsCardAdvance10,#C0x5B545B#Congratulations trainer!#C0x5C9971##L10100##LULrole1#{name}#C0x5B545B#You've upgraded #C0xE77421##L10100##LULcard1#{card}#C0x5B545B# to Epic +1 and have greatly enhanced your team's strength!,#C0x5B545B#恭喜玩家#C0x5C9971##L10100##LULrole1#{name}#C0x5B545B#將#C0xE77421##L10100##LULcard1#{card}#C0x5B545B#提升至紫色+1品質，隊伍實力大增！,#C0x5B545B#Congratulations trainer!#C0x5C9971##L10100##LULrole1#{name}#C0x5B545B#You've upgraded #C0xE77421##L10100##LULcard1#{card}#C0x5B545B# to Epic +1 and have greatly enhanced your team's strength!,Chúc mừng người chơi #{name} đã nâng cấp #{card} lên phẩm chất Tím+1! Sức mạnh đội hình đã tăng đáng kể!,#C0x5B545B#축하합니다. 유저 #C0x5C9971##L10100##LULrole1#{name}#C0x5B545B# 님이 #C0xE77421##L10100##LULcard1#{card}#C0x5B545B#의 보라색+1 등급을 달성했습니다!,"#C0x5B545B#Parabéns, treinador!#C0x5C9971##L10100##LULrole1#{name}#C0x5B545B#Você melhorou #C0xE77421##L10100##LULcard1#{card}#C0x5B545B# para Épico +1 e aumentou muito a força da sua equipe!",#C0x5B545B#ยินดีด้วย ผู้ฝึกสอน!#C0x5C9971##L10100##LULrole1#{name}#C0x5B545B#คุณได้อัปเกรด #C0xE77421##L10100##LULcard1#{card}#C0x5B545B# เป็นระดับ Epic +1 และเพิ่มความแข็งแกร่งให้กับทีมของคุณอย่างมาก!
1016,NewsCardAdvance11,#C0x5B545B#Congratulations trainer!#C0x5C9971##L10100##LULrole1#{name}#C0x5B545B#You've upgraded #C0xE77421##L10100##LULcard1#{card}#C0x5B545B# to Epic +2 and have greatly enhanced your team's strength!,#C0x5B545B#恭喜玩家#C0x5C9971##L10100##LULrole1#{name}#C0x5B545B#將#C0xE77421##L10100##LULcard1#{card}#C0x5B545B#提升至紫色+2品質，隊伍實力大增！,#C0x5B545B#Congratulations trainer!#C0x5C9971##L10100##LULrole1#{name}#C0x5B545B#You've upgraded #C0xE77421##L10100##LULcard1#{card}#C0x5B545B# to Epic +2 and have greatly enhanced your team's strength!,Chúc mừng người chơi #{name} đã nâng cấp #{card} lên chất lượng Tím+2! Sức mạnh đội hình đã tăng đáng kể!,#C0x5B545B#축하합니다. 유저 #C0x5C9971##L10100##LULrole1#{name}#C0x5B545B# 님이 #C0xE77421##L10100##LULcard1#{card}#C0x5B545B#의 보라색+2 등급을 달성했습니다!,"#C0x5B545B#Parabéns, treinador!#C0x5C9971##L10100##LULrole1#{name}#C0x5B545B#Você melhorou #C0xE77421##L10100##LULcard1#{card}#C0x5B545B# para Épico +2 e aumentou muito a força da sua equipe!",#C0x5B545B#ยินดีด้วย ผู้ฝึกสอน!#C0x5C9971##L10100##LULrole1#{name}#C0x5B545B#คุณได้อัปเกรด #C0xE77421##L10100##LULcard1#{card}#C0x5B545B# เป็นระดับ Epic +2 และเพิ่มความแข็งแกร่งให้กับทีมของคุณอย่างมาก!
1017,NewsCardAdvance12,#C0x5B545B#Congratulations trainer!#C0x5C9971##L10100##LULrole1#{name}#C0x5B545B#You've upgraded #C0xE77421##L10100##LULcard1#{card}#C0x5B545B# to Epic +3 and have greatly enhanced your team's strength!,#C0x5B545B#恭喜玩家#C0x5C9971##L10100##LULrole1#{name}#C0x5B545B#將#C0xE77421##L10100##LULcard1#{card}#C0x5B545B#提升至紫色+3品質，隊伍實力大增！,#C0x5B545B#Congratulations trainer!#C0x5C9971##L10100##LULrole1#{name}#C0x5B545B#You've upgraded #C0xE77421##L10100##LULcard1#{card}#C0x5B545B# to Epic +3 and have greatly enhanced your team's strength!,Chúc mừng người chơi #{name} đã nâng cấp #{card} lên chất lượng Tím+3! Sức mạnh đội hình đã được tăng cường đáng kể!,#C0x5B545B#축하합니다. 유저 #C0x5C9971##L10100##LULrole1#{name}#C0x5B545B# 님이 #C0xE77421##L10100##LULcard1#{card}#C0x5B545B#의 보라색+3 등급을 달성했습니다!,"#C0x5B545B#Parabéns, treinador!#C0x5C9971##L10100##LULrole1#{name}#C0x5B545B#Você melhorou #C0xE77421##L10100##LULcard1#{card}#C0x5B545B# para Épico +3 e melhorou muito a força da sua equipe!",#C0x5B545B#ยินดีด้วย ผู้ฝึกสอน!#C0x5C9971##L10100##LULrole1#{name}#C0x5B545B#คุณได้อัปเกรด #C0xE77421##L10100##LULcard1#{card}#C0x5B545B# เป็นระดับ Epic +3 และเพิ่มความแข็งแกร่งให้กับทีมของคุณอย่างมาก!
1018,NewsCardAdvance13,#C0x5B545B#Congratulations trainer!#C0x5C9971##L10100##LULrole1#{name}#C0x5B545B#You've upgraded #C0xE77421##L10100##LULcard1#{card}#C0x5B545B# to Epic +4 and have greatly enhanced your team's strength!,#C0x5B545B#恭喜玩家#C0x5C9971##L10100##LULrole1#{name}#C0x5B545B#將#C0xE77421##L10100##LULcard1#{card}#C0x5B545B#提升至紫色+4品質，隊伍實力大增！,#C0x5B545B#Congratulations trainer!#C0x5C9971##L10100##LULrole1#{name}#C0x5B545B#You've upgraded #C0xE77421##L10100##LULcard1#{card}#C0x5B545B# to Epic +4 and have greatly enhanced your team's strength!,Chúc mừng người chơi #{name} đã nâng cấp #{card} lên chất lượng Tím+4! Sức mạnh đội hình đã tăng lên đáng kể!,#C0x5B545B#축하합니다. 유저 #C0x5C9971##L10100##LULrole1#{name}#C0x5B545B# 님이 #C0xE77421##L10100##LULcard1#{card}#C0x5B545B#의 보라색+4 등급을 달성했습니다!,"#C0x5B545B#Parabéns, treinador!#C0x5C9971##L10100##LULrole1#{name}#C0x5B545B#Você melhorou #C0xE77421##L10100##LULcard1#{card}#C0x5B545B# para Épico +4 e melhorou muito a força da sua equipe!",#C0x5B545B#ยินดีด้วย ผู้ฝึกสอน!#C0x5C9971##L10100##LULrole1#{name}#C0x5B545B#คุณได้อัปเกรด #C0xE77421##L10100##LULcard1#{card}#C0x5B545B# เป็นระดับ Epic +4 และเพิ่มความแข็งแกร่งให้กับทีมของคุณอย่างมาก!
1019,NewsCardAdvance14,#C0x5B545B#Congratulations to #C0x5C9971##L10100##LULrole1#{name}#C0x5B545B#who has upgraded #C0xE77421##L10100##LULcard1#{card}#C0x5B545B# to Legendary grade and greatly enhanced the team's strength!,#C0x5B545B#恭喜玩家#C0x5C9971##L10100##LULrole1#{name}#C0x5B545B#將#C0xE77421##L10100##LULcard1#{card}#C0x5B545B#提升至橙色品質，隊伍實力大增！,#C0x5B545B#Congratulations to #C0x5C9971##L10100##LULrole1#{name}#C0x5B545B#who has upgraded #C0xE77421##L10100##LULcard1#{card}#C0x5B545B# to Legendary grade and greatly enhanced the team's strength!,Chúc mừng người chơi #{name} đã nâng cấp #{card} lên chất lượng Cam! Sức mạnh đội hình đã được tăng cường đáng kể!,#C0x5B545B#축하합니다. 유저 #C0x5C9971##L10100##LULrole1#{name}#C0x5B545B# 님이 #C0xE77421##L10100##LULcard1#{card}#C0x5B545B#의 주황색 등급을 달성했습니다!,#C0x5B545B#Parabéns a #C0x5C9971##L10100##LULrole1#{name}#C0x5B545B#que elevou #C0xE77421##L10100##LULcard1#{card}#C0x5B545B# para o nível Lendário e aumentou muito a força da equipe!,#C0x5B545B#ขอแสดงความยินดีกับ #C0x5C9971##L10100##LULrole1#{name}#C0x5B545B# ที่ได้อัปเกรด #C0xE77421##L10100##LULcard1#{card}#C0x5B545B# ไปเป็นระดับตำนาน และเพิ่มความแข็งแกร่งให้กับทีมอย่างมาก!
1020,NewsCardAdvance15,#C0x5B545B#Congratulations trainer!#C0x5C9971##L10100##LULrole1#{name}#C0x5B545B#You've upgraded #C0xE77421##L10100##LULcard1#{card}#C0x5B545B# to Legendary +1 and have greatly enhanced your team's strength!,#C0x5B545B#恭喜玩家#C0x5C9971##L10100##LULrole1#{name}#C0x5B545B#將#C0xE77421##L10100##LULcard1#{card}#C0x5B545B#提升至橙色+1品質，隊伍實力大增！,#C0x5B545B#Congratulations trainer!#C0x5C9971##L10100##LULrole1#{name}#C0x5B545B#You've upgraded #C0xE77421##L10100##LULcard1#{card}#C0x5B545B# to Legendary +1 and have greatly enhanced your team's strength!,Chúc mừng người chơi #{name} đã nâng cấp #{card} lên chất lượng Cam+1! Sức mạnh đội hình đã được tăng cường đáng kể!,#C0x5B545B#축하합니다. 유저 #C0x5C9971##L10100##LULrole1#{name}#C0x5B545B# 님이 #C0xE77421##L10100##LULcard1#{card}#C0x5B545B#의 주황색+1 등급을 달성했습니다!,"#C0x5B545B#Parabéns, treinador!#C0x5C9971##L10100##LULrole1#{name}#C0x5B545B#Você atualizou #C0xE77421##L10100##LULcard1#{card}#C0x5B545B# para Lendário +1 e aumentou muito a força da sua equipe!",#C0x5B545B#ยินดีด้วย ผู้ฝึกสอน!#C0x5C9971##L10100##LULrole1#{name}#C0x5B545B#คุณได้อัปเกรด #C0xE77421##L10100##LULcard1#{card}#C0x5B545B# เป็นระดับตำนาน +1 และเพิ่มความแข็งแกร่งให้กับทีมของคุณอย่างมาก!
1021,NewsCardAdvance16,#C0x5B545B#Congratulations trainer!#C0x5C9971##L10100##LULrole1#{name}#C0x5B545B#You've upgraded #C0xE77421##L10100##LULcard1#{card}#C0x5B545B# to Legendary +2 and have greatly enhanced your team's strength!,#C0x5B545B#恭喜玩家#C0x5C9971##L10100##LULrole1#{name}#C0x5B545B#將#C0xE77421##L10100##LULcard1#{card}#C0x5B545B#提升至橙色+2品質，隊伍實力大增！,#C0x5B545B#Congratulations trainer!#C0x5C9971##L10100##LULrole1#{name}#C0x5B545B#You've upgraded #C0xE77421##L10100##LULcard1#{card}#C0x5B545B# to Legendary +2 and have greatly enhanced your team's strength!,Chúc mừng người chơi #C0x5C9971##L10100##LULrole1#{name}#C0x5B545B# đã nâng cấp #C0xE77421##L10100##LULcard1#{card}#C0x5B545B# lên chất lượng Cam+2! Sức mạnh đội hình của bạn đã tăng lên đáng kể!,#C0x5B545B#축하합니다. 유저 #C0x5C9971##L10100##LULrole1#{name}#C0x5B545B# 님이 #C0xE77421##L10100##LULcard1#{card}#C0x5B545B#의 주황색+2 등급을 달성했습니다!,"#C0x5B545B#Parabéns, treinador!#C0x5C9971##L10100##LULrole1#{name}#C0x5B545B#Você atualizou #C0xE77421##L10100##LULcard1#{card}#C0x5B545B# para Lendário +2 e aumentou muito a força da sua equipe!",#C0x5B545B#ยินดีด้วย ผู้ฝึกสอน!#C0x5C9971##L10100##LULrole1#{name}#C0x5B545B#คุณได้อัปเกรด #C0xE77421##L10100##LULcard1#{card}#C0x5B545B# เป็นระดับตำนาน +2 และเพิ่มความแข็งแกร่งให้กับทีมของคุณอย่างมาก!
1022,NewsCardAdvance17,#C0x5B545B#Congratulations trainer!#C0x5C9971##L10100##LULrole1#{name}#C0x5B545B#You've upgraded #C0xE77421##L10100##LULcard1#{card}#C0x5B545B# to Legendary +3 and have greatly enhanced your team's strength!,#C0x5B545B#恭喜玩家#C0x5C9971##L10100##LULrole1#{name}#C0x5B545B#將#C0xE77421##L10100##LULcard1#{card}#C0x5B545B#提升至橙色+3品質，隊伍實力大增！,#C0x5B545B#Congratulations trainer!#C0x5C9971##L10100##LULrole1#{name}#C0x5B545B#You've upgraded #C0xE77421##L10100##LULcard1#{card}#C0x5B545B# to Legendary +3 and have greatly enhanced your team's strength!,Chúc mừng người chơi #{name} đã nâng cấp #{card} lên chất lượng Cam+3! Sức mạnh đội hình đã tăng đáng kể!,#C0x5B545B#축하합니다. 유저 #C0x5C9971##L10100##LULrole1#{name}#C0x5B545B# 님이 #C0xE77421##L10100##LULcard1#{card}#C0x5B545B#의 주황색+3 등급을 달성했습니다!,"#C0x5B545B#Parabéns, treinador!#C0x5C9971##L10100##LULrole1#{name}#C0x5B545B#Você atualizou #C0xE77421##L10100##LULcard1#{card}#C0x5B545B# para Lendário +3 e aumentou muito a força da sua equipe!",#C0x5B545B#ยินดีด้วย ผู้ฝึกสอน!#C0x5C9971##L10100##LULrole1#{name}#C0x5B545B#คุณได้อัปเกรด #C0xE77421##L10100##LULcard1#{card}#C0x5B545B# เป็น Legendary +3 และเพิ่มความแข็งแกร่งให้กับทีมของคุณอย่างมาก!
1023,NewsCardAdvance18,#C0x5B545B#Congratulations trainer!#C0x5C9971##L10100##LULrole1#{name}#C0x5B545B#You've upgraded #C0xE77421##L10100##LULcard1#{card}#C0x5B545B# to Legendary +4 and have greatly enhanced your team's strength!,#C0x5B545B#恭喜玩家#C0x5C9971##L10100##LULrole1#{name}#C0x5B545B#將#C0xE77421##L10100##LULcard1#{card}#C0x5B545B#提升至橙色+4品質，隊伍實力大增！,#C0x5B545B#Congratulations trainer!#C0x5C9971##L10100##LULrole1#{name}#C0x5B545B#You've upgraded #C0xE77421##L10100##LULcard1#{card}#C0x5B545B# to Legendary +4 and have greatly enhanced your team's strength!,Chúc mừng người chơi #{name} đã nâng cấp #{card} lên chất lượng Cam+4! Sức mạnh đội hình đã tăng đáng kể!,#C0x5B545B#축하합니다. 유저 #C0x5C9971##L10100##LULrole1#{name}#C0x5B545B# 님이 #C0xE77421##L10100##LULcard1#{card}#C0x5B545B#의 주황색+4 등급을 달성했습니다!,"#C0x5B545B#Parabéns, treinador!#C0x5C9971##L10100##LULrole1#{name}#C0x5B545B#Você atualizou #C0xE77421##L10100##LULcard1#{card}#C0x5B545B# para Lendário +4 e aumentou muito a força da sua equipe!",#C0x5B545B#ยินดีด้วย ผู้ฝึกสอน!#C0x5C9971##L10100##LULrole1#{name}#C0x5B545B#คุณได้อัปเกรด #C0xE77421##L10100##LULcard1#{card}#C0x5B545B# เป็น Legendary +4 และเพิ่มความแข็งแกร่งให้กับทีมของคุณอย่างมาก!
1024,NewsCardAdvance19,#C0x5B545B#Congratulations trainer!#C0x5C9971##L10100##LULrole1#{name}#C0x5B545B#You've upgraded #C0xE77421##L10100##LULcard1#{card}#C0x5B545B# to Legendary +5 and have greatly enhanced your team's strength!,#C0x5B545B#恭喜玩家#C0x5C9971##L10100##LULrole1#{name}#C0x5B545B#將#C0xE77421##L10100##LULcard1#{card}#C0x5B545B#提升至橙色+5品質，隊伍實力大增！,#C0x5B545B#Congratulations trainer!#C0x5C9971##L10100##LULrole1#{name}#C0x5B545B#You've upgraded #C0xE77421##L10100##LULcard1#{card}#C0x5B545B# to Legendary +5 and have greatly enhanced your team's strength!,Chúc mừng người chơi #LULrole1#{name} đã nâng cấp #LULcard1#{card} lên chất lượng Cam+5! Sức mạnh đội hình đã được tăng cường đáng kể!,#C0x5B545B#축하합니다. 유저 #C0x5C9971##L10100##LULrole1#{name}#C0x5B545B# 님이 #C0xE77421##L10100##LULcard1#{card}#C0x5B545B#의 주황색+5 등급을 달성했습니다!,"#C0x5B545B#Parabéns, treinador!#C0x5C9971##L10100##LULrole1#{name}#C0x5B545B#Você atualizou #C0xE77421##L10100##LULcard1#{card}#C0x5B545B# para Lendário +5 e aumentou muito a força da sua equipe!",#C0x5B545B#ยินดีด้วย ผู้ฝึกสอน!#C0x5C9971##L10100##LULrole1#{name}#C0x5B545B#คุณได้อัปเกรด #C0xE77421##L10100##LULcard1#{card}#C0x5B545B# เป็น Legendary +5 และเพิ่มความแข็งแกร่งให้กับทีมของคุณอย่างมาก!
1025,NewsCardAdvance20,#C0x5B545B#Congratulations to #C0x5C9971##L10100##LULrole1#{name}#C0x5B545B#who has upgraded #C0xE77421##L10100##LULcard1#{card}#C0x5B545B# to Marvel grade and greatly enhanced the team's strength!,#C0x5B545B#恭喜玩家#C0x5C9971##L10100##LULrole1#{name}#C0x5B545B#將#C0xE77421##L10100##LULcard1#{card}#C0x5B545B#提升至紅色品質，隊伍實力大增！,#C0x5B545B#Congratulations to #C0x5C9971##L10100##LULrole1#{name}#C0x5B545B#who has upgraded #C0xE77421##L10100##LULcard1#{card}#C0x5B545B# to Marvel grade and greatly enhanced the team's strength!,Chúc mừng người chơi #{name} đã nâng cấp #{card} lên chất lượng đỏ! Sức mạnh đội hình đã tăng đáng kể!,#C0x5B545B#축하합니다. 유저 #C0x5C9971##L10100##LULrole1#{name}#C0x5B545B# 님이 #C0xE77421##L10100##LULcard1#{card}#C0x5B545B#의 빨간색 등급을 달성했습니다!,#C0x5B545B#Parabéns a #C0x5C9971##L10100##LULrole1#{name}#C0x5B545B#que elevou #C0xE77421##L10100##LULcard1#{card}#C0x5B545B# para o nível Marvel e aumentou muito a força da equipe!,#C0x5B545B#ขอแสดงความยินดีกับ #C0x5C9971##L10100##LULrole1#{name}#C0x5B545B# ที่ได้อัปเกรด #C0xE77421##L10100##LULcard1#{card}#C0x5B545B# ไปเป็นระดับ Marvel และเพิ่มความแข็งแกร่งให้กับทีมอย่างมาก!
1026,NewsCardAdvance21,#C0x5B545B#Congratulations to #C0x5C9971##L10100##LULrole1#{name}#C0x5B545B#who has upgraded #C0xE77421##L10100##LULcard1#{card}#C0x5B545B# to Marvel +1 grade and greatly enhanced the team's strength!,#C0x5B545B#恭喜玩家#C0x5C9971##L10100##LULrole1#{name}#C0x5B545B#將#C0xE77421##L10100##LULcard1#{card}#C0x5B545B#提升至紅色+1品質，隊伍實力大增！,#C0x5B545B#Congratulations to #C0x5C9971##L10100##LULrole1#{name}#C0x5B545B#who has upgraded #C0xE77421##L10100##LULcard1#{card}#C0x5B545B# to Marvel +1 grade and greatly enhanced the team's strength!,Chúc mừng người chơi #{name} đã nâng cấp #{card} lên chất lượng Đỏ+1! Sức mạnh đội hình đã được tăng cường đáng kể!,#C0x5B545B#축하합니다. 유저 #C0x5C9971##L10100##LULrole1#{name}#C0x5B545B# 님이 #C0xE77421##L10100##LULcard1#{card}#C0x5B545B#의 빨간색+1 등급을 달성했습니다!,#C0x5B545B#Parabéns a #C0x5C9971##L10100##LULrole1#{name}#C0x5B545B#que elevou #C0xE77421##L10100##LULcard1#{card}#C0x5B545B# para Marvel +1 e aumentou muito a força da equipe!,#C0x5B545B#ขอแสดงความยินดีกับ #C0x5C9971##L10100##LULrole1#{name}#C0x5B545B# ที่ได้อัปเกรด #C0xE77421##L10100##LULcard1#{card}#C0x5B545B# เป็นเกรด Marvel +1 และเพิ่มความแข็งแกร่งให้กับทีมอย่างมาก!
1027,NewsCardStar,#C0x5B545B#Congratulations to #C0x5C9971##L10100##LULrole1#{name}#C0x5B545B#who has upgraded #C0xE77421##L10100##LULcard1#{card}#C0x5B545B# to {star} stars and greatly enhanced its combat power!,#C0x5B545B#恭喜#C0x5C9971##L10100##LULrole1#{name}#C0x5B545B#將#C0xE77421##L10100##LULcard1#{card}#C0x5B545B#提升到了{star}星，戰力大幅增強！,#C0x5B545B#Congratulations to #C0x5C9971##L10100##LULrole1#{name}#C0x5B545B#who has upgraded #C0xE77421##L10100##LULcard1#{card}#C0x5B545B# to {star} stars and greatly enhanced its combat power!,"Chúc mừng #{name} đã nâng cấp #{card} lên {star} sao, sức mạnh chiến đấu tăng đáng kể!",#C0x5B545B#축하합니다. #C0x5C9971##L10100##LULrole1#{name}#C0x5B545B# 님이 #C0xE77421##L10100##LULcard1#{card}#C0x5B545B# {star}성에 도달해 전투력이 대폭 증가했습니다!,#C0x5B545B#Parabéns a #C0x5C9971##L10100##LULrole1#{name}#C0x5B545B#que atualizou #C0xE77421##L10100##LULcard1#{card}#C0x5B545B# para {star} estrelas e melhorou muito seu poder de combate!,#C0x5B545B#ขอแสดงความยินดีกับ #C0x5C9971##L10100##LULrole1#{name}#C0x5B545B# ที่ได้อัปเกรด #C0xE77421##L10100##LULcard1#{card}#C0x5B545B# เป็น {star} ดาว และปรับปรุงพลังการต่อสู้ให้ดีขึ้นอย่างมาก!
1028,NewsPVPTopRank,#C0x5B545B#Congratulations to #C0x5C9971##L10100##LULrole1#{name}#C0x5B545B# for achieving top in the Arena with an unparalleled strength! It's probably true that it can be kinda lonely at the top...,#C0x5B545B#恭喜#C0x5C9971##L10100##LULrole1#{name}#C0x5B545B#以雷霆萬鈞之勢奪得競技場第一寶座，無敵也是一種寂寞…,#C0x5B545B#Congratulations to #C0x5C9971##L10100##LULrole1#{name}#C0x5B545B# for achieving top in the Arena with an unparalleled strength! It's probably true that it can be kinda lonely at the top...,#C0x5B545B#Chúc mừng#C0x5C9971##L10100##LULrole1#{name}#C0x5B545B#đã giành được ngôi vị quán quân đấu trường với sức mạnh áp đảo.  Bất khả chiến bại cũng là một sự cô đơn…,#C0x5B545B#축하합니다. #C0x5C9971##L10100##LULrole1#{name}#C0x5B545B# 님이 아레나 1위를 달성했습니다!,#C0x5B545B#Parabéns a #C0x5C9971##L10100##LULrole1#{name}#C0x5B545B# por atingir o topo na Arena com uma força inigualável! Provavelmente é verdade que pode ser meio solitário no topo...,#C0x5B545B#ขอแสดงความยินดีกับ #C0x5C9971##L10100##LULrole1#{name}#C0x5B545B# สำหรับการขึ้นถึงจุดสูงสุดใน Arena ด้วยความแข็งแกร่งที่ไม่มีใครเทียบได้! อาจเป็นเรื่องจริงที่การขึ้นถึงจุดสูงสุดนั้นค่อนข้างจะโดดเดี่ยว...
1029,NewsYZPassFloor40,#C0x5B545B#Congratulations to #C0x5C9971##L10100##LULrole1#{name}#C0x5B545B# who reaches trial floor 40 after going through lots of difficulties! We hope you reach greater heights in the future!,#C0x5B545B#恭喜#C0x5C9971##L10100##LULrole1#{name}#C0x5B545B#歷盡艱辛後，達到寵物試煉40層，祝福ta更上一層樓！,#C0x5B545B#Congratulations to #C0x5C9971##L10100##LULrole1#{name}#C0x5B545B# who reaches trial floor 40 after going through lots of difficulties! We hope you reach greater heights in the future!,#C0x5B545B#Chúc mừng#C0x5C9971##L10100##LULrole1#{name}#C0x5B545B#đã vượt qua nhiều khó khăn để đạt đến tầng 40 của thử thách thú cưng! Chúc bạn ngày càng tiến xa hơn nữa!,#C0x5B545B#축하합니다. #C0x5C9971##L10100##LULrole1#{name}#C0x5B545B# 님이 고생 끝에 포켓몬 시련 40층에 도달했습니다!,#C0x5B545B#Parabéns a #C0x5C9971##L10100##LULrole1#{name}#C0x5B545B# que chega ao andar de teste 40 depois de passar por muitas dificuldades! Esperamos que você alcance alturas maiores no futuro!,#C0x5B545B#ขอแสดงความยินดีกับ #C0x5C9971##L10100##LULrole1#{name}#C0x5B545B# ที่ผ่านชั้นทดสอบ 40 ได้สำเร็จหลังจากผ่านความยากลำบากมากมาย! หวังว่าคุณจะไปถึงจุดที่สูงกว่านี้ในอนาคต!
1030,NewsYZPassFloor50,#C0x5B545B#Congratulations to #C0x5C9971##L10100##LULrole1#{name}#C0x5B545B# who reaches trial floor 50 after going through lots of difficulties! Do keep up the good work and reach greater heights in the future!,#C0x5B545B#恭喜#C0x5C9971##L10100##LULrole1#{name}#C0x5B545B#歷盡艱辛後，達到寵物試煉50層，希望ta百尺竿頭，更進一步！,#C0x5B545B#Congratulations to #C0x5C9971##L10100##LULrole1#{name}#C0x5B545B# who reaches trial floor 50 after going through lots of difficulties! Do keep up the good work and reach greater heights in the future!,"#C0x5B545B#Chúc mừng#C0x5C9971##L10100##LULrole1#{name}#C0x5B545B#Sau bao nhiêu khó khăn, bạn đã đạt được tầng 50 của thử thách thú cưng! Chúc thú cưng của bạn ngày càng mạnh mẽ hơn!",#C0x5B545B#축하합니다. #C0x5C9971##L10100##LULrole1#{name}#C0x5B545B# 님이 고생 끝에 포켓몬 시련 50층에 도달했습니다!,#C0x5B545B#Parabéns a #C0x5C9971##L10100##LULrole1#{name}#C0x5B545B# que chega ao nível de teste 50 depois de passar por muitas dificuldades! Continue com o bom trabalho e alcance patamares maiores no futuro!,#C0x5B545B#ขอแสดงความยินดีกับ #C0x5C9971##L10100##LULrole1#{name}#C0x5B545B# ที่ผ่านชั้นทดสอบ 50 ได้สำเร็จหลังจากผ่านความยากลำบากมากมาย! ขอให้รักษาผลงานดีๆ ไว้และก้าวไปสู่จุดที่สูงกว่าในอนาคต!
1031,NewsYZPassFloor60,#C0x5B545B#Congratulations to #C0x5C9971##L10100##LULrole1#{name}#C0x5B545B# who has reached the highest Pokémon trial level ahead of everybody!,#C0x5B545B#恭喜#C0x5C9971##L10100##LULrole1#{name}#C0x5B545B#披荊斬棘，達到寵物試煉最高層，真是一覽眾山小啊！,#C0x5B545B#Congratulations to #C0x5C9971##L10100##LULrole1#{name}#C0x5B545B# who has reached the highest Pokémon trial level ahead of everybody!,#C0x5B545B#Chúc mừng #C0x5C9971##L10100##LULrole1#{name}#C0x5B545B#đã vượt qua mọi chông gai và đạt đến tầng cao nhất của thử thách thú cưng! Thật là một thành tích tuyệt vời!,#C0x5B545B#축하합니다. #C0x5C9971##L10100##LULrole1#{name}#C0x5B545B# 님이 고생 끝에 포켓몬 시련 최고층에 도달했습니다!,#C0x5B545B#Parabéns a #C0x5C9971##L10100##LULrole1#{name}#C0x5B545B# que alcançou o nível mais alto do teste Pokémon antes de todos!,#C0x5B545B#ขอแสดงความยินดีกับ #C0x5C9971##L10100##LULrole1#{name}#C0x5B545B# ที่ได้ไปถึงระดับการทดลองเล่นโปเกมอนสูงสุดก่อนใคร!
1032,UnionLuckyEgg,"""#C0x5B545B##C0x5C9971##L10100##LULrole1#{name}#C0x5B545B# is having Lady Luck on their side, and got #C0xE69900# 6 Agnimons#C0x5B545B#!""",#C0x5B545B##C0x5C9971##L10100##LULrole1#{name}#C0x5B545B# 在搖取火神獸中鴻運當頭，中了#C0xE69900#6個火神獸#C0x5B545B#！,"""#C0x5B545B##C0x5C9971##L10100##LULrole1#{name}#C0x5B545B# is having Lady Luck on their side, and got #C0xE69900# 6 Agnimons#C0x5B545B#!""","Người dùng #{name} đã cực kỳ may mắn trong trò chơi xổ số Moltres, thắng 6 Moltres!",#C0x5B545B##C0x5C9971##L10100##LULrole1#{name}#C0x5B545B# 님이 아그니몬 뽑기 중 #C0xE69900#아그니몬 6개#C0x5B545B#에 당첨됐습니다!,#C0x5B545B##C0x5C9971##L10100##LULrole1#{name}#C0x5B545B# está tendo a Sorte do seu lado e conseguiu #C0xE69900# 6 Agnimons#C0x5B545B#!,#C0x5B545B##C0x5C9971##L10100##LULrole1#{name}#C0x5B545B# กำลังมี Lady Luck อยู่เคียงข้าง และได้รับ #C0xE69900# 6 Agnimons#C0x5B545B#!
1033,UnionSnowball,#C0x5B545B##C0x5C9971##L10100##LULrole1#{name}#C0x5B545B# displayed a great performance in the Chackmon Adventure and earned #C0xE69900#{point}#C0x5B545B# points!,#C0x5B545B##C0x5C9971##L10100##LULrole1#{name}#C0x5B545B# 在冰熊獸大冒險中宛如神射手，獲得#C0xE69900#{point}#C0x5B545B#積分！,#C0x5B545B##C0x5C9971##L10100##LULrole1#{name}#C0x5B545B# displayed a great performance in the Chackmon Adventure and earned #C0xE69900#{point}#C0x5B545B# points!,"#C0x5B545B# #C0x5C9971# #L10100# #LULrole1# {name} #C0x5B545B# đã trở thành một tay bắn tỉa cừ khôi trong cuộc phiêu lưu thú Băng Gấu, kiếm được #C0xE69900#{point}#C0x5B545B# điểm!",#C0x5B545B##C0x5C9971##L10100##LULrole1#{name}#C0x5B545B# 님이 차크몬 대모험에서 #C0xE69900#{point}#C0x5B545B#포인트를 획득했습니다!,#C0x5B545B##C0x5C9971##L10100##LULrole1#{name}#C0x5B545B# teve um ótimo desempenho na Chackmon Adventure e ganhou #C0xE69900#{point}#C0x5B545B# pontos!,#C0x5B545B##C0x5C9971##L10100##LULrole1#{name}#C0x5B545B# ได้แสดงผลงานที่ยอดเยี่ยมใน Chackmon Adventure และได้รับคะแนน #C0xE69900#{point}#C0x5B545B#!
1034,UnionCloneInvite,"""#C0x5C9971#%s#C0x5B545B#is being surrounded in the %s element room by #C0xE77421#%s#C0x5B545B#! Hurry, offer them some assistance#LULnature_room_id##Icity/adventure/clone_battle/imag_ljjr.png-182-54#""",#C0x5C9971#%s#C0x5B545B#正在%s元素房間被#C0xE77421#%s#C0x5B545B#圍堵，快來前往協助#LULnature_room_id##Icity/adventure/clone_battle/imag_ljjr.png-182-54#,"""#C0x5C9971#%s#C0x5B545B#is being surrounded in the %s element room by #C0xE77421#%s#C0x5B545B#! Hurry, offer them some assistance#LULnature_room_id##Icity/adventure/clone_battle/imag_ljjr.png-182-54#""","#C0x5C9971#%s#C0x5B545B#đang bị bao vây trong phòng nguyên tố %s bởi #C0xE77421#%s#C0x5B545B#, hãy nhanh chóng đến hỗ trợ #LULnature_room_id##Icity/adventure/clone_battle/imag_ljjr.png-182-54#",#C0x5C9971#%s#C0x5B545B# 님이 %s 엘리먼트 방에서 #C0xE77421#%s#C0x5B545B#에게 포위되었습니다. 어서 도와주세요! #LULnature_room_id##Icity/adventure/clone_battle/imag_ljjr.png-182-54#,"#C0x5C9971#%s#C0x5B545B#está sendo cercado na sala do elemento %s por #C0xE77421#%s#C0x5B545B#! Depressa, ofereça-lhes alguma assistência#LULnature_room_id##Icity/adventure/clone_battle/imag_ljjr.png-182-54#",#C0x5C9971#%s#C0x5B545B# กำลังถูกล้อมรอบในห้องธาตุ %s โดย #C0xE77421#%s#C0x5B545B#! รีบเสนอความช่วยเหลือให้พวกเขาหน่อย#LULnature_room_id##Icity/adventure/clone_battle/imag_ljjr.png-182-54#
1035,UnionRedPacketSend,"""The #C0x5B545B#Tycoon#C0x5C9971#{role}#C0x5B545B# has put up some rewards! Hurry, grab it now!#LULredpack##Icommon/btn/img_ljqw.png-182-54#""",#C0x5B545B#土豪#C0x5C9971#{role}#C0x5B545B#發福利啦，大家快去搶！#LULredpack##Icommon/btn/img_ljqw.png-182-54#,"""The #C0x5B545B#Tycoon#C0x5C9971#{role}#C0x5B545B# has put up some rewards! Hurry, grab it now!#LULredpack##Icommon/btn/img_ljqw.png-182-54#""","#C0x5B545B#Đại gia#C0x5C9971#{role}#C0x5B545B#đang phát phúc lợi, mọi người nhanh tay tranh giành nào! #LULredpack##Icommon/btn/img_ljqw.png-182-54#",#C0x5B545B##C0x5C9971#{role}#C0x5B545B# 님이 모두에게 보너스 혜택을 보냈습니다. 놓치지 마세요!#LULredpack##Icommon/btn/img_ljqw.png-182-54#,"O #C0x5B545B#Tycoon#C0x5C9971#{role}#C0x5B545B# colocou algumas recompensas! Corra, pegue agora!#LULredpack##Icommon/btn/img_ljqw.png-182-54#",#C0x5B545B#Tycoon#C0x5C9971#{role}#C0x5B545B# ได้มอบรางวัลมาให้แล้ว! รีบคว้ามันมาเลย! #LULredpack##Icommon/btn/img_ljqw.png-182-54#
1036,UnionRedPacketGetRole,#C0x5B545B##C0x5C9971#{role_get}#C0x5B545B# is having Lady Luck on their side as they manage to grab  #C0xE69900#{count}{type}#C0x5B545B# from #C0x5C9971#{role_send}#C0x5B545B#'s Red Packet!,#C0x5B545B##C0x5C9971#{role_get}#C0x5B545B#鴻運當頭，搶到了#C0x5C9971#{role_send}#C0x5B545B#紅包裡的#C0xE69900#{count}{type}#C0x5B545B#！,#C0x5B545B##C0x5C9971#{role_get}#C0x5B545B# is having Lady Luck on their side as they manage to grab  #C0xE69900#{count}{type}#C0x5B545B# from #C0x5C9971#{role_send}#C0x5B545B#'s Red Packet!,May mắn! Bạn đã nhận được #C0xE69900#{count}{type}#C0x5B545B# từ phong bao lì xì của #C0x5C9971#{role_send}#C0x5B545B#!,#C0x5B545B##C0x5C9971#{role_get}#C0x5B545B#축하합니다! #C0x5C9971#{role_send}#C0x5B545B# 보너스에서 #C0xE69900#{count}{type}#C0x5B545B# 획득!,#C0x5B545B##C0x5C9971#{role_get}#C0x5B545B# está tendo a Sorte do seu lado enquanto eles conseguem pegar #C0xE69900#{count}{type}#C0x5B545B# do Pacote Vermelho de #C0x5C9971#{role_send}#C0x5B545B#!,#C0x5B545B##C0x5C9971#{role_get}#C0x5B545B# กำลังมี Lady Luck เข้าข้างพวกเขาในขณะที่พวกเขาสามารถคว้า #C0xE69900#{count}{type}#C0x5B545B# จาก #C0x5C9971#{role_send}#C0x5B545B#
1037,UnionRedPacketGetSys,#C0x5B545B##C0x5C9971#{role_get}#C0x5B545B# is having Lady Luck on their side as they grabbed a union Red Packet which contain #C0xE69900#{count}{type}#C0x5B545B#!,#C0x5B545B##C0x5C9971#{role_get}#C0x5B545B#福星高照，搶到一個公會紅包，獲得了#C0xE69900#{count}{type}#C0x5B545B#！,#C0x5B545B##C0x5C9971#{role_get}#C0x5B545B# is having Lady Luck on their side as they grabbed a union Red Packet which contain #C0xE69900#{count}{type}#C0x5B545B#!,May mắn! Nhận được một phong bao lì xì bang hội và nhận được #C0xE69900#{count}{type}#C0x5B545B#!,#C0x5B545B##C0x5C9971#{role_get}#C0x5B545B# 축하합니다! 길드 보너스를 손에 넣어 #C0xE69900#{count}{type}#C0x5B545B# 획득!,"#C0x5B545B##C0x5C9971#{role_get}#C0x5B545B# está tendo a Sorte do seu lado, pois eles pegaram um Pacote Vermelho da União que contém #C0xE69900#{count}{type}#C0x5B545B#!",#C0x5B545B##C0x5C9971#{role_get}#C0x5B545B# กำลังมี Lady Luck อยู่เคียงข้างในขณะที่พวกเขาคว้า Red Packet ของสหภาพที่ประกอบด้วย #C0xE69900#{count}{type}#C0x5B545B#!
1038,RoleJoinUnionOK,#C0x5B545B#Congratulations for joining %s!,#C0x5B545B#恭喜您成功加入%s公會！,#C0x5B545B#Congratulations for joining %s!,Chúc mừng bạn đã thành công gia nhập bang hội %s!,#C0x5B545B#축하합니다. %s 길드 가입에 성공했습니다!,#C0x5B545B#Parabéns por se juntar ao %s!,#C0x5B545B# ขอแสดงความยินดีกับการเข้าร่วม %s!
1039,WhiteText,#C0x999999#White#C0x5B545B#,#C0x999999#白色#C0x5B545B#,#C0x999999#White#C0x5B545B#,#C0x999999# Màu trắng #C0x5B545B#,#C0x999999#흰색#C0x5B545B#,#C0x999999#Branco#C0x5B545B#,#C0x999999#สีขาว#C0x5B545B#
1040,GreenText,#C0x5C9970#Green#C0x5B545B#,#C0x5C9970#綠色#C0x5B545B#,#C0x5C9970#Green#C0x5B545B#,#C0x5C9970# Lục sắc #C0x5B545B#,#C0x5C9970#초록색#C0x5B545B#,#C0x5C9970#Verde#C0x5B545B#,#C0x5C9970#สีเขียว#C0x5B545B#
1041,BlueText,#C0x3D8A99#Rare#C0x5B545B#,#C0x3D8A99#藍色#C0x5B545B#,#C0x3D8A99#Rare#C0x5B545B#,#C0x3D8A99# Màu lam #C0x5B545B#,#C0x3D8A99#파란색#C0x5B545B#,#C0x3D8A99#Raro#C0x5B545B#,#C0x3D8A99#หายาก#C0x5B545B#
1042,PurpleText,#C0x8A5C99#Epic#C0x5B545B#,#C0x8A5C99#紫色#C0x5B545B#,#C0x8A5C99#Epic#C0x5B545B#,#C0x8A5C99# Tử sắc #C0x5B545B#,#C0x8A5C99#보라색#C0x5B545B#,#C0x8A5C99#Épico#C0x5B545B#,#C0x8A5C99#มหากาพย์#C0x5B545B#
1043,GoldenText,#C0xE69900#Gold#C0x5B545B#,#C0xE69900#金色#C0x5B545B#,#C0xE69900#Gold#C0x5B545B#,#C0xE69900# Kim sắc #C0x5B545B#,#C0xE69900#금색#C0x5B545B#,#C0xE69900#Ouro#C0x5B545B#,#C0xE69900#ทอง#C0x5B545B#
1044,OrangeText,#C0xE67422#Legendary#C0x5B545B#,#C0xE67422#橙色#C0x5B545B#,#C0xE67422#Legendary#C0x5B545B#,#C0xE67422# Màu cam #C0x5B545B#,#C0xE67422#주황색#C0x5B545B#,#C0xE67422#Lendário#C0x5B545B#,#C0xE67422#ตำนาน#C0x5B545B#
1045,RedText,#C0xFL3B54#Marvel#C0x5B545B#,#C0xFL3B54#紅色#C0x5B545B#,#C0xFL3B54#Marvel#C0x5B545B#,#C0xFL3B54# Màu đỏ #C0x5B545B#,#C0xFL3B54#빨간색#C0x5B545B#,#C0xFL3B54#Maravilha#C0x5B545B#,#C0xFL3B54#มาร์เวล#C0x5B545B#
1046,RoleNewJoinUnion,"""#C0x5B545B#%s is requesting to join your union, please grant your approval!""",#C0x5B545B#%s想要加入您的公會，請老大批准！,"""#C0x5B545B#%s is requesting to join your union, please grant your approval!""","#C0x5B545B%s muốn gia nhập bang hội của bạn. Làm ơn phê duyệt, hội trưởng!",#C0x5B545B#%s 님이 길드 가입을 신청했습니다!,"#C0x5B545B#%s está solicitando filiação ao seu sindicato, por favor, conceda sua aprovação!",#C0x5B545B#%s กำลังขอเข้าร่วมสหภาพของคุณ กรุณาให้การอนุมัติ!
1047,UnionIntro,"""Welcome to %s, let's build a new home""",歡迎來到 %s，讓我們一起建設新家園,"""Welcome to %s, let's build a new home""","Chào mừng đến %s, hãy cùng nhau xây dựng một ngôi nhà mới.","""%s 님, 환영합니다! 함께 노력해 성장합시다!""","Bem-vindo a %s, vamos construir uma nova casa",“ยินดีต้อนรับสู่ %s มาสร้างบ้านใหม่กันเถอะ”
1048,LuckyCatDesc1,"""#C0x5B545B#Everyone gets 5 chances,""",#C0x5B545B#每個人都有5次機會，,"""#C0x5B545B#Everyone gets 5 chances,""","#C0x5B545B#Mỗi người có 5 cơ hội,",#C0x5B545B#모두 5회의 기회가 주어집니다.,"#C0x5B545B#Todos têm 5 chances,",#C0x5B545B#ทุกคนได้รับโอกาส 5 ครั้ง
1049,LuckyCatDesc2,More chances here#C0x5B545B#!,#C0x5B545B#有更多機會哦,More chances here#C0x5B545B#!,Nhiều cơ hội hơn để nhận được Mảnh ghép và Z-Chiêu thức!,#C0x5B545B#더 많은 기회가 있습니다.,Mais chances aqui#C0x5B545B#!,โอกาสมากขึ้นที่นี่#C0x5B545B#!
1050,pass_battle,"""#C0x5B545B#As you've displayed a heroic performance yesterday, you may skip this floor's battle and get full stars with the highest points. Continue? (You can only skip %s floors at most today)""",#C0x5B545B#鑒於您昨日試煉的英勇表現，可直接跳過該層戰鬥，並獲得滿星和最高積分，是否繼續？（今日最多可跳過%s層）,"""#C0x5B545B#As you've displayed a heroic performance yesterday, you may skip this floor's battle and get full stars with the highest points. Continue? (You can only skip %s floors at most today)""","#C0x5B545B#Vì màn thể hiện anh hùng của bạn trong thử thách ngày hôm qua, bạn có thể bỏ qua trận chiến này và nhận được đầy đủ sao và điểm số cao nhất. Bạn có muốn tiếp tục không? (Hôm nay bạn có thể bỏ qua tối đa %s màn)","""#C0x5B545B#어제 시련에서의 활약을 통해 해당 층수 전투까지 스킵할 수 있게 되었으며, 최고 성급 및 최고 포인트를 획득했습니다. 계속하겠습니까? (오늘 최대 %s층까지 스킵 가능)""","#C0x5B545B#Como você demonstrou uma performance heroica ontem, você pode pular a batalha deste andar e ganhar estrelas cheias com os pontos mais altos. Continuar? (Você só pode pular %s andares no máximo hoje)","""#C0x5B545B#เนื่องจากคุณได้แสดงผลงานอันกล้าหาญเมื่อวานนี้ คุณจึงสามารถข้ามการต่อสู้ของชั้นนี้และรับดาวเต็มดวงด้วยคะแนนสูงสุด ดำเนินการต่อหรือไม่ (คุณสามารถข้ามชั้นได้มากที่สุดเพียง %s ชั้นเท่านั้นในวันนี้)"
1051,whiteText,Common,白色,Common,Màu trắng,흰색,Comum,ทั่วไป
1052,greenText,Common,綠色,Common,Lục sắc,초록색,Comum,ทั่วไป
1053,blueText,Rare,藍色,Rare,Màu lam,파란색,Cru,หายาก
1054,purpleText,Epic,紫色,Epic,Tử sắc,보라색,Épico,มหากาพย์
1055,orangeText,Legendary,橙色,Legendary,Màu cam,주황색,Lendário,ตำนาน
1056,redText,Marvel,紅色,Marvel,Màu đỏ,빨간색,Maravilha,มาร์เวล
1057,white,Common,白,Common,Bạch,흰색,Comum,ทั่วไป
1058,green,Uncommon,綠,Uncommon,Lục,초록색,Incomum,ไม่ธรรมดา
1059,blue,Rare,藍,Rare,Lam,파란색,Cru,หายาก
1060,purple,Epic,紫,Epic,Tử,보라색,Épico,มหากาพย์
1061,orange,Legendary,橙,Legendary,Cam,주황색,Lendário,ตำนาน
1062,red,Marvel,紅,Marvel,Đỏ,빨간색,Maravilha,มาร์เวล
1063,battleShare,#C0x5B545B#I'm fighting against  #C0x5C9971#{enemy}#C0x5B545B# at #C0xF13B54#{where}#C0x5B545B#. It'll be an exciting battle and I welcome all to spectate the battle.#LULbattleID##Icommon/btn/img_ckxq.png-182-54#,#C0x5B545B#我在#C0xF13B54#{where}#C0x5B545B#對戰#C0x5C9971#{enemy}#C0x5B545B#的戰鬥，真的是太精彩了，邀請大家來欣賞。#LULbattleID##Icommon/btn/img_ckxq.png-182-54#,#C0x5B545B#I'm fighting against  #C0x5C9971#{enemy}#C0x5B545B# at #C0xF13B54#{where}#C0x5B545B#. It'll be an exciting battle and I welcome all to spectate the battle.#LULbattleID##Icommon/btn/img_ckxq.png-182-54#,Trận chiến của tôi chống lại {enemy} tại {where} thực sự rất tuyệt vời! Tôi mời mọi người cùng xem. #LULbattleID##Icommon/btn/img_ckxq.png-182-54#,#C0x5B545B#제가 #C0xF13B54#{where}#C0x5B545B#에서 #C0x5C9971#{enemy}#C0x5B545B#에게 맞선 전투를 보러 오세요! #LULbattleID##Icommon/btn/img_ckxq.png-182-54#,#C0x5B545B#Estou lutando contra #C0x5C9971#{inimigo}#C0x5B545B# em #C0xF13B54#{onde}#C0x5B545B#. Será uma batalha emocionante e dou as boas-vindas a todos para assistir à batalha.#LULbattleID##Icommon/btn/img_ckxq.png-182-54#,#C0x5B545B#ฉันกำลังต่อสู้กับ #C0x5C9971#{ศัตรู}#C0x5B545B# ที่ #C0xF13B54#{ที่ไหน}#C0x5B545B# มันจะเป็นการต่อสู้ที่น่าตื่นเต้นและฉันขอเชิญทุกคนมาชมการต่อสู้นี้ #LULbattleID##Icommon/btn/img_ckxq.png-182-54#
1064,unionJoinupInvite,#C0x5B545B#The union#C0x5C9971##L10100##LULunion1#{name}#C0x5B545B#is recruiting: #C0xE77421#{desc}#LULunion1##Icommon/btn/img_ckxq.png-182-54#,#C0x5B545B#公會#C0x5C9971##L10100##LULunion1#{name}#C0x5B545B#正在招募小夥伴：#C0xE77421#{desc}#LULunion1##Icommon/btn/img_ckxq.png-182-54#,#C0x5B545B#The union#C0x5C9971##L10100##LULunion1#{name}#C0x5B545B#is recruiting: #C0xE77421#{desc}#LULunion1##Icommon/btn/img_ckxq.png-182-54#,#C0x5B545B#Bang hội#C0x5C9971##L10100##LULunion1#{name}#C0x5B545B#đang tuyển thành viên: #C0xE77421#{desc}#LULunion1##Icommon/btn/img_ckxq.png-182-54#,#C0x5B545B##C0x5C9971##L10100##LULunion1#{name}#C0x5B545B# 길드가 동료를 구하고 있습니다: #C0xE77421#{desc}#LULunion1##Icommon/btn/img_ckxq.png-182-54#,#C0x5B545B#O sindicato#C0x5C9971##L10100##LULunion1#{name}#C0x5B545B#está recrutando: #C0xE77421#{desc}#LULunion1##Icommon/btn/img_ckxq.png-182-54#,#C0x5B545B#สหภาพ#C0x5C9971##L10100##LULunion1#{name}#C0x5B545B#กำลังรับสมัคร: #C0xE77421#{desc}#LULunion1##Icommon/btn/img_ckxq.png-182-54#
1065,unionJoinupDesc,We welcome everyone to join us.,歡迎各路大佬萌新加入。,We welcome everyone to join us.,Chào mừng các bậc tiền bối và tân binh!,어떤 분들이든지 환영합니다!,Convidamos todos a se juntarem a nós.,เรายินดีต้อนรับทุกท่านเข้าร่วมกับเรา
1066,NewsCardShare,"""#C0x5B545B#My #C0xE77421##L10100##LULcard1#{card}#C0x5B545B# is really awesome, come and check it out!#LULcard1##Icommon/btn/img_ckxq.png-182-54#""",#C0x5B545B#我的#C0xE77421##L10100##LULcard1#{card}#C0x5B545B#真的是棒極了，快來圍觀！#LULcard1##Icommon/btn/img_ckxq.png-182-54#,"""#C0x5B545B#My #C0xE77421##L10100##LULcard1#{card}#C0x5B545B# is really awesome, come and check it out!#LULcard1##Icommon/btn/img_ckxq.png-182-54#""",#C0x5B545B#Của tôi #C0xE77421##L10100##LULcard1#{card}#C0x5B545B#thật tuyệt vời! Hãy đến và xem! #LULcard1##Icommon/btn/img_ckxq.png-182-54#,"""#C0x5B545B#제 #C0xE77421##L10100##LULcard1#{card}#C0x5B545B#, 정말 멋지지 않아요? 어서 구경하세요! #LULcard1##Icommon/btn/img_ckxq.png-182-54#""","#C0x5B545B#Meu #C0xE77421##L10100##LULcard1#{card}#C0x5B545B# é realmente incrível, venha conferir!#LULcard1##Icommon/btn/img_ckxq.png-182-54#",#C0x5B545B#ของฉัน #C0xE77421##L10100##LULcard1#{card}#C0x5B545B# เจ๋งจริงๆ เข้ามาดูสิ!#LULcard1##Icommon/btn/img_ckxq.png-182-54#
1068,FriendCloneInvite,"""#C0x5C9971#%s#C0x5B545B#is being surrounded in the %s element room by #C0xE77421#%s#C0x5B545B#! Hurry, offer them some assistance#LULnature_room_id##Icity/adventure/clone_battle/imag_ljjr.png-182-54#""",#C0x5C9971#%s#C0x5B545B#正在%s元素房間被#C0xE77421#%s#C0x5B545B#圍堵，快來前往協助#LULnature_room_id##Icity/adventure/clone_battle/imag_ljjr.png-182-54#,"""#C0x5C9971#%s#C0x5B545B#is being surrounded in the %s element room by #C0xE77421#%s#C0x5B545B#! Hurry, offer them some assistance#LULnature_room_id##Icity/adventure/clone_battle/imag_ljjr.png-182-54#""","#C0x5C9971#%s#C0x5B545B#đang bị #C0xE77421#%s#C0x5B545B# bao vây trong phòng thuộc tính %s, hãy nhanh chóng đến hỗ trợ #LULnature_room_id##Icity/adventure/clone_battle/imag_ljjr.png-182-54#",#C0x5C9971#%s#C0x5B545B# 님이 %s 엘리먼트 방에서 #C0xE77421#%s#C0x5B545B#에게 포위되었습니다. 어서 도와주세요! #LULnature_room_id##Icity/adventure/clone_battle/imag_ljjr.png-182-54#,"#C0x5C9971#%s#C0x5B545B#está sendo cercado na sala do elemento %s por #C0xE77421#%s#C0x5B545B#! Depressa, ofereça-lhes alguma assistência#LULnature_room_id##Icity/adventure/clone_battle/imag_ljjr.png-182-54#",#C0x5C9971#%s#C0x5B545B# กำลังถูกล้อมรอบในห้องธาตุ %s โดย #C0xE77421#%s#C0x5B545B#! รีบเสนอความช่วยเหลือให้พวกเขาหน่อย#LULnature_room_id##Icity/adventure/clone_battle/imag_ljjr.png-182-54#
1069,pauseMark,""",""",、,""",""",",",""", """,",",-
1070,NewsCardInLimitDrawUp,#C0x5B545B#Congratulations! #C0x5C9971##L10100##LULrole1#{name}#C0x5B545B#gets #C0xE69900#{star}#C0x5B545B# -star #C0xE77421##L10100##LULcard1#{card}#C0x5B545B# by limited card draw and has increased its strength greatly!,#C0x5B545B#恭喜#C0x5C9971##L10100##LULrole1#{name}#C0x5B545B#通過限定抽卡獲得了#C0xE69900#{star}#C0x5B545B#星#C0xE77421##L10100##LULcard1#{card}#C0x5B545B#，實力大幅增強！,#C0x5B545B#Congratulations! #C0x5C9971##L10100##LULrole1#{name}#C0x5B545B#gets #C0xE69900#{star}#C0x5B545B# -star #C0xE77421##L10100##LULcard1#{card}#C0x5B545B# by limited card draw and has increased its strength greatly!,Chúc mừng #{name} đã nhận được thẻ #{star} sao #{card} từ gacha giới hạn! Sức mạnh của bạn đã được tăng cường đáng kể!,#C0x5B545B#축하합니다. #C0x5C9971##L10100##LULrole1#{name}#C0x5B545B# 님이 한정 뽑기를 통해 #C0xE69900#{star}#C0x5B545B#성 #C0xE77421##L10100##LULcard1#{card}#C0x5B545B# 획득!,#C0x5B545B#Parabéns! #C0x5C9971##L10100##LULrole1#{name}#C0x5B545B#recebe #C0xE69900#{star}#C0x5B545B# -star #C0xE77421##L10100##LULcard1#{card}#C0x5B545B# por compra limitada de cartas e aumentou muito sua força!,#C0x5B545B#ยินดีด้วย! #C0x5C9971##L10100##LULrole1#{name}#C0x5B545B#ได้รับ #C0xE69900#{star}#C0x5B545B# -star #C0xE77421##L10100##LULcard1#{card}#C0x5B545B# โดยการจับการ์ดแบบจำกัดและเพิ่มความแข็งแกร่งอย่างมาก!
1071,HuoDongRedPacket,#C0x5C9971#{role_name}#C0x5B545B# sent a #C0xF13D56#Spring Festival Red Packet#C0x5B545B# with their well wishes message#C0x8DB1D3#a #C0x5B545B#:{message}.#LULhd_redPacket_idx##Iactivity/chinese_new_year/btn_lqhb.png-182-54#,#C0x5C9971#{role_name}#C0x5B545B#發了一個#C0xF13D56#新春紅包#C0x5B545B#，並發出#C0x8DB1D3#祝福#C0x5B545B#：{message}。#LULhd_redPacket_idx##Iactivity/chinese_new_year/btn_lqhb.png-182-54#,#C0x5C9971#{role_name}#C0x5B545B# sent a #C0xF13D56#Spring Festival Red Packet#C0x5B545B# with their well wishes message#C0x8DB1D3#a #C0x5B545B#:{message}.#LULhd_redPacket_idx##Iactivity/chinese_new_year/btn_lqhb.png-182-54#,#C0x5C9971#{role_name}#C0x5B545B#đã gửi một #C0xF13D56#phong bao lì xì Tết Nguyên đán#C0x5B545B# và gửi lời #C0x8DB1D3#chúc mừng#C0x5B545B#：{message}。#LULhd_redPacket_idx##Iactivity/chinese_new_year/btn_lqhb.png-182-54#,#C0x5C9971#{role_name}#C0x5B545B# 님이 #C0xF13D56#새해 보너스#C0x5B545B#와 #C0x8DB1D3#축복#C0x5B545B#의 메시지를 보냈습니다: {message}. #LULhd_redPacket_idx##Iactivity/chinese_new_year/btn_lqhb.png-182-54#,#C0x5C9971#{role_name}#C0x5B545B# enviou um #C0xF13D56#Pacote Vermelho do Festival da Primavera#C0x5B545B# com sua mensagem de votos de felicidades#C0x8DB1D3#a #C0x5B545B#:{mensagem}.#LULhd_redPacket_idx##Iactivity/chinese_new_year/btn_lqhb.png-182-54#,#C0x5C9971#{role_name}#C0x5B545B# ส่ง #C0xF13D56#Spring Festival Red Packet#C0x5B545B# พร้อมข้อความอวยพร #C0x8DB1D3#a #C0x5B545B#:{message}.#LULhd_redPacket_idx##Iactivity/chinese_new_year/btn_lqhb.png-182-54#
1072,unionFragDonateStartNotSuccess,"Your wish was not made, please reopen the Wish Center and try again",許願未成功，請重新打開許願中心再試,"Your wish was not made, please reopen the Wish Center and try again","Cầu nguyện không thành công, vui lòng mở lại Trung Tâm Cầu Nguyện và thử lại",소원에 성공하지 못했습니다. 다시 소원을 열어 시도하세요.,"Seu desejo não foi realizado, reabra o Wish Center e tente novamente",คำขอของคุณไม่สำเร็จ กรุณาเปิดศูนย์คำขออีกครั้งแล้วลองอีกครั้ง
1073,unionFragDonateNotSuccess,"Unable to gift as the gifting time is over, or the other party has obtained enough shards",超過可贈送時間，或者對方已經獲得了足夠的碎片，無法贈送,"Unable to gift as the gifting time is over, or the other party has obtained enough shards","Quá thời gian tặng hoặc đối phương đã nhận đủ Mảnh, không thể tặng",선물 가능 시간을 초과했거나 상대방이 이미 충분한 조각을 획득했습니다.,Não é possível presentear porque o tempo de presente acabou ou a outra parte obteve fragmentos suficientes,ไม่สามารถมอบของขวัญได้เนื่องจากหมดเวลามอบของขวัญแล้ว หรืออีกฝ่ายได้รับชิ้นส่วนเพียงพอแล้ว
1074,NewsCardInCapture,#C0x5B545B#Congratulations! #C0x5C9971##L10100##LULrole1#{name}#C0x5B545B# gets #C0xE69900#{star}#C0x5B545B#-star#C0xE77421##L10100##LULcard1#{card}#C0x5B545B# by catching it and has increased its strength greatly!,#C0x5B545B#恭喜#C0x5C9971##L10100##LULrole1#{name}#C0x5B545B#通過捕捉獲得#C0xE69900#{star}#C0x5B545B#星#C0xE77421##L10100##LULcard1#{card}#C0x5B545B#，實力大增！,#C0x5B545B#Congratulations! #C0x5C9971##L10100##LULrole1#{name}#C0x5B545B# gets #C0xE69900#{star}#C0x5B545B#-star#C0xE77421##L10100##LULcard1#{card}#C0x5B545B# by catching it and has increased its strength greatly!,"Chúc mừng #{name} đã bắt được #{card} #{star} sao, sức mạnh đã tăng lên đáng kể!",#C0x5B545B#축하합니다. #C0x5C9971##L10100##LULrole1#{name}#C0x5B545B# 님이 포획을 통해 #C0xE69900#{star}#C0x5B545B#성 #C0xE77421##L10100##LULcard1#{card}#C0x5B545B# 획득!,#C0x5B545B#Parabéns! #C0x5C9971##L10100##LULrole1#{name}#C0x5B545B# obtém #C0xE69900#{star}#C0x5B545B#-star#C0xE77421##L10100##LULcard1#{card}#C0x5B545B# ao capturá-lo e aumentou muito sua força!,#C0x5B545B#ยินดีด้วย! #C0x5C9971##L10100##LULrole1#{name}#C0x5B545B# ได้รับ #C0xE69900#{star}#C0x5B545B#-star#C0xE77421##L10100##LULcard1#{card}#C0x5B545B# โดยจับมันได้ และเพิ่มความแข็งแกร่งของมันอย่างมาก!
1075,NewsCardInLimitBox,"#C0x5B545B#Congratulations! #C0x5C9971##L10100##LULrole1#{name}#C0x5B545B# gets #C0xE69900#{star}#C0x5B545B#-star#C0xE77421##L10100##LULcard1#{card}#C0x5B545B# from the time-limited Legendary Beast event, and greatly increases their strength!",#C0x5B545B#恭喜#C0x5C9971##L10100##LULrole1#{name}#C0x5B545B#通過限時神獸獲得#C0xE69900#{star}#C0x5B545B#星#C0xE77421##L10100##LULcard1#{card}#C0x5B545B#，實力大增！,"#C0x5B545B#Congratulations! #C0x5C9971##L10100##LULrole1#{name}#C0x5B545B# gets #C0xE69900#{star}#C0x5B545B#-star#C0xE77421##L10100##LULcard1#{card}#C0x5B545B# from the time-limited Legendary Beast event, and greatly increases their strength!",Chúc mừng #{name} đã nhận được #{star} sao #{card} thông qua sự kiện Pokémon huyền thoại giới hạn thời gian! Sức mạnh của bạn đã tăng lên đáng kể!,#C0x5B545B#축하합니다. #C0x5C9971##L10100##LULrole1#{name}#C0x5B545B# 님이 한정 전설의 포켓몬 이벤트를 통해 #C0xE69900#{star}#C0x5B545B#성 #C0xE77421##L10100##LULcard1#{card}#C0x5B545B# 획득!,#C0x5B545B#Parabéns! #C0x5C9971##L10100##LULrole1#{name}#C0x5B545B# recebe #C0xE69900#{star}#C0x5B545B#-star#C0xE77421##L10100##LULcard1#{card}#C0x5B545B# do evento Besta Lendária por tempo limitado e aumenta muito sua força!,#C0x5B545B#ยินดีด้วย! #C0x5C9971##L10100##LULrole1#{name}#C0x5B545B# ได้รับ #C0xE69900#{star}#C0x5B545B#-star#C0xE77421##L10100##LULcard1#{card}#C0x5B545B# จากกิจกรรม Legendary Beast แบบจำกัดเวลา และเพิ่มความแข็งแกร่งของพวกมันอย่างมาก!
1076,MarqueePVPTopRank,#C0x5B545B##C0x5C9971#{name}#C0x5B545B# took the number one place in the arena with informidable skills.,#C0x5B545B#訓練家#C0x5C9971#{name}#C0x5B545B#以雷霆之勢奪得競技場第一寶座。,#C0x5B545B##C0x5C9971#{name}#C0x5B545B# took the number one place in the arena with informidable skills.,#C0x5B545B# HLV #C0x5C9971#{name}#C0x5B545B# giành ngai vàng đầu tiên trong Đấu Trường.,#C0x5B545B#트레이너 #C0x5C9971#{name}#C0x5B545B# 님이 아레나 1위를 달성했습니다!,#C0x5B545B##C0x5C9971#{name}#C0x5B545B# ficou em primeiro lugar na arena com habilidades invejáveis.,#C0x5B545B##C0x5C9971#{name}#C0x5B545B# ขึ้นเป็นอันดับหนึ่งในสนามด้วยทักษะอันน่าทึ่ง
1077,MarqueeHoldItemInDraw,"#C0x5B545B#Congratulations! #C0x5C9971#{name}#C0x5B545B# gets rare held item #C0x8A5C99#{holdItem}#C0x5B545B# from [Trinket Card Draw], lady luck is smiling!",#C0x5B545B#訓練家#C0x5C9971#{name}#C0x5B545B#通過【飾品抽卡】獲得了稀有攜帶道具#C0x8A5C99#{holdItem}#C0x5B545B#，真是歐氣爆棚！,"#C0x5B545B#Congratulations! #C0x5C9971#{name}#C0x5B545B# gets rare held item #C0x8A5C99#{holdItem}#C0x5B545B# from [Trinket Card Draw], lady luck is smiling!","#C0x5B545B# HLV #C0x5C9971#{name}#C0x5B545B# thông qua[Rút Thẻ Trang Sức]nhận Held Item hiếm #C0x8A5C99#{holdItem}#C0x5B545B#, quả là may mắn!",#C0x5B545B#트레이너. #C0x5C9971#{name}#C0x5B545B# 님이 [액세서리 뽑기]에서 희귀 휴대 아이템 #C0x8A5C99#{holdItem}#C0x5B545B# 획득!,"#C0x5B545B#Parabéns! #C0x5C9971#{name}#C0x5B545B# recebe o item raro #C0x8A5C99#{holdItem}#C0x5B545B# do [Trinket Card Draw], a senhora da sorte está sorrindo!",#C0x5B545B#ยินดีด้วย! #C0x5C9971#{name}#C0x5B545B# ได้รับไอเทมหายาก #C0x8A5C99#{holdItem}#C0x5B545B# จาก [Trinket Card Draw] โชคชะตากำลังยิ้มอยู่!
1078,MarqueeCardInCapture,"#C0x5B545B#Trainer#C0x5C9971# {name}#C0x5B545B#has captured the #C0xE69900#{star}#C0x5B545B#-star #C0xE77421#{card}#C0x5B545B#, come and check out this lucky one!",#C0x5B545B#訓練家#C0x5C9971#{name}#C0x5B545B#捕捉到了#C0xE69900#{star}#C0x5B545B#星#C0xE77421#{card}#C0x5B545B#，快來圍觀歐皇！,"#C0x5B545B#Trainer#C0x5C9971# {name}#C0x5B545B#has captured the #C0xE69900#{star}#C0x5B545B#-star #C0xE77421#{card}#C0x5B545B#, come and check out this lucky one!","#C0x5B545B# HLV #C0x5C9971#{name}#C0x5B545B# săn bắt được #C0xE69900#{star}#C0x5B545B# Sao #C0xE77421#{card}#C0x5B545B#, nhanh đến xem!",#C0x5B545B#트레이너 #C0x5C9971#{name}#C0x5B545B# 님이 #C0xE69900#{star}#C0x5B545B#성 #C0xE77421#{card}#C0x5B545B# 포획에 성공했습니다!,"#C0x5B545B#Trainer#C0x5C9971# {name}#C0x5B545B#conquistou a #C0xE69900#{star}#C0x5B545B#-star #C0xE77421#{card}#C0x5B545B#, venha conferir esse sortudo!",#C0x5B545B#Trainer#C0x5C9971# {name}#C0x5B545B# ได้จับ #C0xE69900#{star}#C0x5B545B#-star #C0xE77421#{card}#C0x5B545B# มาดูผู้โชคดีคนนี้กัน!
1079,MarqueeCardInLimitBox,#C0x5B545B#Congratulations to the lucky trainer! #C0x5C9971#{name}#C0x5B545B#gets #C0xE69900#{star}#C0x5B545B#-star#C0xE77421#{card}#C0x5B545B# from [Time-limited Legendary Beast]!,#C0x5B545B#訓練家#C0x5C9971#{name}#C0x5B545B#歐氣爆發，在【限時神獸】中獲得#C0xE69900#{star}#C0x5B545B#星#C0xE77421#{card}#C0x5B545B#！,#C0x5B545B#Congratulations to the lucky trainer! #C0x5C9971#{name}#C0x5B545B#gets #C0xE69900#{star}#C0x5B545B#-star#C0xE77421#{card}#C0x5B545B# from [Time-limited Legendary Beast]!,"#C0x5B545B# HLV #C0x5C9971#{name}#C0x5B545B# vô cùng may mắn, trong[Thần Thú Hạn Giờ]nhận được #C0xE69900#{star}#C0x5B545B# Sao #C0xE77421#{card}#C0x5B545B#!",#C0x5B545B#트레이너 #C0x5C9971#{name}#C0x5B545B# 님이 [한정 전설의 포켓몬] 이벤트를 통해 #C0xE69900#{star}#C0x5B545B#성 #C0xE77421#{card}#C0x5B545B# 획득!,#C0x5B545B#Parabéns ao treinador sortudo! #C0x5C9971#{name}#C0x5B545B#recebe #C0xE69900#{star}#C0x5B545B#-star#C0xE77421#{card}#C0x5B545B# de [Besta Lendária por Tempo Limitado]!,#C0x5B545B#ขอแสดงความยินดีกับผู้ฝึกสอนผู้โชคดี! #C0x5C9971#{name}#C0x5B545B#ได้รับ #C0xE69900#{star}#C0x5B545B#-star#C0xE77421#{card}#C0x5B545B# จาก [Legendary Beast แบบจำกัดเวลา]!
1080,MarqueeCardInPub,#C0x5B545B#Congratulations! #C0x5C9971#{name}#C0x5B545B#gets #C0xE69900#{star}#C0x5B545B#-star#C0xE77421#{card}#C0x5B545B# from [Diamond Card Draw]!,#C0x5B545B#訓練家#C0x5C9971#{name}#C0x5B545B#通過【鑽石抽卡】獲得#C0xE69900#{star}#C0x5B545B#星#C0xE77421#{card}#C0x5B545B#！,#C0x5B545B#Congratulations! #C0x5C9971#{name}#C0x5B545B#gets #C0xE69900#{star}#C0x5B545B#-star#C0xE77421#{card}#C0x5B545B# from [Diamond Card Draw]!,#C0x5B545B# HLV #C0x5C9971#{name}#C0x5B545B# thông qua[Rút Thẻ Diamond]nhận được #C0xE69900#{star}#C0x5B545B# Sao #C0xE77421#{card}#C0x5B545B#!,#C0x5B545B#트레이너 #C0x5C9971#{name}#C0x5B545B# 님이 [다이아 뽑기]를 통해 #C0xE69900#{star}#C0x5B545B#성 #C0xE77421#{card}#C0x5B545B# 획득!,#C0x5B545B#Parabéns! #C0x5C9971#{name}#C0x5B545B#recebe #C0xE69900#{star}#C0x5B545B#-star#C0xE77421#{card}#C0x5B545B# do [Diamond Card Draw]!,#C0x5B545B#ยินดีด้วย! #C0x5C9971#{name}#C0x5B545B#ได้รับ #C0xE69900#{star}#C0x5B545B#-star#C0xE77421#{card}#C0x5B545B# จาก [Diamond Card Draw]!
1081,MarqueeCardInLimitDraw,#C0x5B545B#Congratulations! #C0x5C9971#{name}#C0x5B545B#gets #C0xE69900#{star}#C0x5B545B#-star#C0xE77421#{card}#C0x5B545B# from [Summoning Legendary Beasts]!,#C0x5B545B#訓練家#C0x5C9971#{name}#C0x5B545B#通過【神獸召喚】獲得了#C0xE69900#{star}#C0x5B545B#星#C0xE77421#{card}#C0x5B545B#！,#C0x5B545B#Congratulations! #C0x5C9971#{name}#C0x5B545B#gets #C0xE69900#{star}#C0x5B545B#-star#C0xE77421#{card}#C0x5B545B# from [Summoning Legendary Beasts]!,#C0x5B545B# HLV #C0x5C9971#{name}#C0x5B545B# thông qua[Triệu Hồi Thần Thú]nhận được #C0xE69900#{star}#C0x5B545B# Sao #C0xE77421#{card}#C0x5B545B#!,#C0x5B545B#트레이너 #C0x5C9971#{name}#C0x5B545B# 님이 [전설의 포켓몬 소환]을 통해 #C0xE69900#{star}#C0x5B545B#성 #C0xE77421#{card}#C0x5B545B# 획득!,#C0x5B545B#Parabéns! #C0x5C9971#{name}#C0x5B545B#recebe #C0xE69900#{star}#C0x5B545B#-star#C0xE77421#{card}#C0x5B545B# de [Invocação de Bestas Lendárias]!,#C0x5B545B#ยินดีด้วย! #C0x5C9971#{name}#C0x5B545B#ได้รับ #C0xE69900#{star}#C0x5B545B#-star#C0xE77421#{card}#C0x5B545B# จาก [เรียกสัตว์ในตำนาน]!
1082,MarqueeCardInLimitDrawUp,#C0x5B545B#Congratulations! #C0x5C9971#{name}#C0x5B545B#gets #C0xE69900#{star}#C0x5B545B#-star#C0xE77421#{card}#C0x5B545B# from [Time-limited Card Draw]!,#C0x5B545B#訓練家#C0x5C9971#{name}#C0x5B545B#在【限定抽卡】中獲得了#C0xE69900#{star}#C0x5B545B#星#C0xE77421#{card}#C0x5B545B#！,#C0x5B545B#Congratulations! #C0x5C9971#{name}#C0x5B545B#gets #C0xE69900#{star}#C0x5B545B#-star#C0xE77421#{card}#C0x5B545B# from [Time-limited Card Draw]!,#C0x5B545B# HLV #C0x5C9971#{name}#C0x5B545B# trong[Rút Thẻ Hạn Giờ]nhận được #C0xE69900#{star}#C0x5B545B# Sao #C0xE77421#{card}#C0x5B545B#!,#C0x5B545B#트레이너 #C0x5C9971#{name}#C0x5B545B# 님이 [한정 뽑기]를 통해 #C0xE69900#{star}#C0x5B545B#성 #C0xE77421#{card}#C0x5B545B# 획득!,#C0x5B545B#Parabéns! #C0x5C9971#{name}#C0x5B545B#recebe #C0xE69900#{star}#C0x5B545B#-star#C0xE77421#{card}#C0x5B545B# de [Sorteio de cartas por tempo limitado]!,#C0x5B545B#ยินดีด้วย! #C0x5C9971#{name}#C0x5B545B#ได้รับ #C0xE69900#{star}#C0x5B545B#-star#C0xE77421#{card}#C0x5B545B# จาก [การจับฉลากการ์ดจำกัดเวลา]!
1083,MarqueeRandomMax,"#C0x5B545B#Congratulations! #C0x5C9971#{name}#C0x5B545B# has successfully reached the top of Aether Paradise, what a strong player!",#C0x5B545B#訓練家#C0x5C9971#{name}#C0x5B545B#成功登頂以太樂園，真是太強了。,"#C0x5B545B#Congratulations! #C0x5C9971#{name}#C0x5B545B# has successfully reached the top of Aether Paradise, what a strong player!","#C0x5B545B# HLV #C0x5C9971#{name}#C0x5B545B# thành công leo lên vị trí cao nhất Aether Paradise, mạnh dữ.",#C0x5B545B#트레이너 #C0x5C9971#{name}#C0x5B545B# 님이 에테르파라다이스 정상에 올랐습니다!,"#C0x5B545B#Parabéns! #C0x5C9971#{name}#C0x5B545B# alcançou com sucesso o topo do Aether Paradise, que jogador forte!",#C0x5B545B#ยินดีด้วย! #C0x5C9971#{name}#C0x5B545B# ได้ขึ้นถึงยอด Aether Paradise สำเร็จแล้ว ผู้เล่นที่แข็งแกร่งจริงๆ!
1084,MarqueeEndlessArrive,"#C0x5B545B#Congratulations! #C0x5C9971#{name}#C0x5B545B# blazes through all obstacles and activates the Adventure Road level #C0x5C9971#{num}#C0x5B545B#, and showcasing their powerful abilities.",#C0x5B545B#訓練家#C0x5C9971#{name}#C0x5B545B#披荊斬棘，打通冒險之路第#C0x5C9971#{num}#C0x5B545B#關，表現出了驚人的實力。,"#C0x5B545B#Congratulations! #C0x5C9971#{name}#C0x5B545B# blazes through all obstacles and activates the Adventure Road level #C0x5C9971#{num}#C0x5B545B#, and showcasing their powerful abilities.","#C0x5B545B# HLV #C0x5C9971#{name}#C0x5B545B# vượt mọi chông gai, vượt qua Adventure Road Ải #C0x5C9971#{num}#C0x5B545B#, thể hiện sức mạnh kinh hoàng.",#C0x5B545B#트레이너 #C0x5C9971#{name}#C0x5B545B# 님이 모험의 길 스테이지#C0x5C9971#{num}#C0x5B545B# 클리어에 성공했습니다!,"#C0x5B545B#Parabéns! #C0x5C9971#{name}#C0x5B545B# atravessa todos os obstáculos e ativa o nível Adventure Road #C0x5C9971#{num}#C0x5B545B#, exibindo suas habilidades poderosas.",#C0x5B545B#ยินดีด้วย! #C0x5C9971#{name}#C0x5B545B# พุ่งทะยานผ่านอุปสรรคทั้งหมดและเปิดใช้งานด่านเส้นทางการผจญภัย #C0x5C9971#{num}#C0x5B545B# และแสดงความสามารถอันทรงพลังของพวกเขา
1085,MarqueeCardInLimitDraw1,#C0x5B545B#Congratulations! #C0x5C9971#{name}#C0x5B545B#gets #C0xE69900#{star}#C0x5B545B#-star#C0xE77421#{card}#C0x5B545B# from [Summoning Legendary Beasts]!,#C0x5B545B#訓練家#C0x5C9971#{name}#C0x5B545B#通過【神獸召喚】獲得了#C0xE69900#{star}#C0x5B545B#星#C0xE77421#{card}#C0x5B545B#！,#C0x5B545B#Congratulations! #C0x5C9971#{name}#C0x5B545B#gets #C0xE69900#{star}#C0x5B545B#-star#C0xE77421#{card}#C0x5B545B# from [Summoning Legendary Beasts]!,#C0x5B545B# HLV #C0x5C9971#{name}#C0x5B545B# thông qua[Triệu Hồi Thần Thú]nhận được #C0xE69900#{star}#C0x5B545B# Sao #C0xE77421#{card}#C0x5B545B#!,#C0x5B545B#트레이너 #C0x5C9971#{name}#C0x5B545B# 님이 [전설의 포켓몬 소환]을 통해 #C0xE69900#{star}#C0x5B545B#성 #C0xE77421#{card}#C0x5B545B# 획득!,#C0x5B545B#Parabéns! #C0x5C9971#{name}#C0x5B545B#recebe #C0xE69900#{star}#C0x5B545B#-star#C0xE77421#{card}#C0x5B545B# de [Invocação de Bestas Lendárias]!,#C0x5B545B#ยินดีด้วย! #C0x5C9971#{name}#C0x5B545B#ได้รับ #C0xE69900#{star}#C0x5B545B#-star#C0xE77421#{card}#C0x5B545B# จาก [เรียกสัตว์ในตำนาน]!
1086,MarqueeCardInCombine,#C0x5B545B#Congratulations! #C0x5C9971##L10100##LULrole1#{name}#C0x5B545B#gets #C0xE69900#{star}#C0x5B545B# -star #C0xE77421##L10100##LULcard1#{card}#C0x5B545B# by shard combination and has increased its strength greatly!,#C0x5B545B#恭喜#C0x5C9971##L10100##LULrole1#{name}#C0x5B545B#通過碎片合成獲得#C0xE69900#{star}#C0x5B545B#星#C0xE77421##L10100##LULcard1#{card}#C0x5B545B#，實力大增！,#C0x5B545B#Congratulations! #C0x5C9971##L10100##LULrole1#{name}#C0x5B545B#gets #C0xE69900#{star}#C0x5B545B# -star #C0xE77421##L10100##LULcard1#{card}#C0x5B545B# by shard combination and has increased its strength greatly!,Chúc mừng #{name} đã nhận được #{card} #{star} sao thông qua tổng hợp Mảnh ghép! Sức mạnh của bạn đã tăng lên đáng kể!,#C0x5B545B#축하합니다. #C0x5C9971##L10100##LULrole1#{name}#C0x5B545B# 님이 조각 합성을 통해 #C0xE69900#{star}#C0x5B545B#성 #C0xE77421##L10100##LULcard1#{card}#C0x5B545B# 획득!,#C0x5B545B#Parabéns! #C0x5C9971##L10100##LULrole1#{name}#C0x5B545B#recebe #C0xE69900#{star}#C0x5B545B# -star #C0xE77421##L10100##LULcard1#{card}#C0x5B545B# por combinação de fragmentos e aumentou sua força muito!,#C0x5B545B#ยินดีด้วย! #C0x5C9971##L10100##LULrole1#{name}#C0x5B545B#ได้รับ #C0xE69900#{star}#C0x5B545B# -star #C0xE77421##L10100##LULcard1#{card}#C0x5B545B# โดยการรวมชิ้นส่วนและเพิ่มความแข็งแกร่งอย่างมาก!
1087,MarqueeCardStar,#C0x5B545B#Congratulations to #C0x5C9971##L10100##LULrole1#{name}#C0x5B545B#who has upgraded #C0xE77421##L10100##LULcard1#{card}#C0x5B545B# to {star} stars and greatly enhanced its combat power!,#C0x5B545B#恭喜#C0x5C9971##L10100##LULrole1#{name}#C0x5B545B#將#C0xE77421##L10100##LULcard1#{card}#C0x5B545B#提升到了{star}星，戰力大幅增強！,#C0x5B545B#Congratulations to #C0x5C9971##L10100##LULrole1#{name}#C0x5B545B#who has upgraded #C0xE77421##L10100##LULcard1#{card}#C0x5B545B# to {star} stars and greatly enhanced its combat power!,Chúc mừng #{name} đã nâng cấp #{card} lên {star} sao! Sức mạnh chiến đấu đã được tăng cường đáng kể!,#C0x5B545B#축하합니다. #C0x5C9971##L10100##LULrole1#{name}#C0x5B545B# 님이 #C0xE77421##L10100##LULcard1#{card}#C0x5B545B# {star}성에 도달해 전투력이 대폭 증가했습니다!,#C0x5B545B#Parabéns a #C0x5C9971##L10100##LULrole1#{name}#C0x5B545B#que atualizou #C0xE77421##L10100##LULcard1#{card}#C0x5B545B# para {star} estrelas e melhorou muito seu poder de combate!,#C0x5B545B#ขอแสดงความยินดีกับ #C0x5C9971##L10100##LULrole1#{name}#C0x5B545B# ที่ได้อัปเกรด #C0xE77421##L10100##LULcard1#{card}#C0x5B545B# เป็น {star} ดาว และปรับปรุงพลังการต่อสู้ให้ดีขึ้นอย่างมาก!
1088,MarqueePVPTopRankLast,#C0x5B545B#Congratulations! #C0x5C9971#{name}#C0x5B545B# has emerged victorious as No. 1 in the Arena! This is a salute for the birth of a new king!,#C0x5B545B#訓練家#C0x5C9971#{name}#C0x5B545B#最終登上競技場第一寶座，為王的誕生獻上禮炮。,#C0x5B545B#Congratulations! #C0x5C9971#{name}#C0x5B545B# has emerged victorious as No. 1 in the Arena! This is a salute for the birth of a new king!,"Huấn luyện viên #{name} cuối cùng đã lên ngôi vị quán quân đấu trường, một tràng pháo hoa chúc mừng sự ra đời của nhà vua.",#C0x5B545B#트레이너 #C0x5C9971#{name}#C0x5B545B# 님이 아레나 1위를 달성했습니다!,#C0x5B545B#Parabéns! #C0x5C9971#{name}#C0x5B545B# emergiu vitorioso como o nº 1 na Arena! Esta é uma saudação ao nascimento de um novo rei!,#C0x5B545B#ยินดีด้วย! #C0x5C9971#{name}#C0x5B545B# คว้าชัยชนะในฐานะมือวางอันดับ 1 ในสังเวียน! นี่คือการสดุดีการประสูติของกษัตริย์องค์ใหม่!
1089,MarqueeCraftTopRank,"#C0x5B545B##C0x5C9971#{name}#C0x5B545B# reigns the Indigo Plateau Conference, and nobody can take him down.",#C0x5B545B#訓練家#C0x5C9971#{name}#C0x5B545B#最終稱霸石英大會，石英高原中再無敵手。,"#C0x5B545B##C0x5C9971#{name}#C0x5B545B# reigns the Indigo Plateau Conference, and nobody can take him down.",#C0x5B545B#Huấn luyện viên#C0x5C9971#{name}#C0x5B545B#cuối cùng đã trở thành nhà vô địch bất khả chiến bại tại Cao nguyên Indigo.,#C0x5B545B#트레이너 #C0x5C9971#{name}#C0x5B545B# 님이 석영 대회에서 최종 승리를 거두었습니다.,"#C0x5B545B##C0x5C9971#{name}#C0x5B545B# reina na Indigo Plateau Conference, e ninguém pode derrotá-lo.",#C0x5B545B##C0x5C9971#{name}#C0x5B545B# ครองการประชุม Indigo Plateau และไม่มีใครสามารถเอาชนะเขาได้
1090,MarqueeCardInLimitCard,#C0x5B545B#Congratulations! #C0x5C9971#{name}#C0x5B545B# gets #C0xE69900#{star}#C0x5B545B#-star#C0xE77421#{card}#C0x5B545B# from [Time-limited Legendary Beasts]!,#C0x5B545B#訓練家#C0x5C9971#{name}#C0x5B545B#通過【限時神獸】獲得了#C0xE69900#{star}#C0x5B545B#星#C0xE77421#{card}#C0x5B545B#！,#C0x5B545B#Congratulations! #C0x5C9971#{name}#C0x5B545B# gets #C0xE69900#{star}#C0x5B545B#-star#C0xE77421#{card}#C0x5B545B# from [Time-limited Legendary Beasts]!,Huấn luyện viên {name} đã nhận được {star} sao {card} thông qua sự kiện [Pokémon Huyền Thoại Thời Gian Hạn]!,#C0x5B545B#트레이너 #C0x5C9971#{name}#C0x5B545B# 님이 [한정 전설의 포켓몬] 이벤트를 통해 #C0xE69900#{star}#C0x5B545B#성 #C0xE77421#{card}#C0x5B545B# 획득!,#C0x5B545B#Parabéns! #C0x5C9971#{name}#C0x5B545B# recebe #C0xE69900#{star}#C0x5B545B#-star#C0xE77421#{card}#C0x5B545B# de [Bestas Lendárias por Tempo Limitado]!,#C0x5B545B#ยินดีด้วย! #C0x5C9971#{name}#C0x5B545B# ได้รับ #C0xE69900#{star}#C0x5B545B#-star#C0xE77421#{card}#C0x5B545B# จาก [สัตว์ในตำนานจำกัดเวลา]!
1091,NewsRandomMax,"#C0x5B545B#Congratulations! #C0x5C9971##L10100##LULrole1#{name}#C0x5B545B# has successfully reached the top of Aether Paradise, what a strong player!",#C0x5B545B#訓練家#C0x5C9971##L10100##LULrole1#{name}#C0x5B545B#成功登頂以太樂園，真是太強了。,"#C0x5B545B#Congratulations! #C0x5C9971##L10100##LULrole1#{name}#C0x5B545B# has successfully reached the top of Aether Paradise, what a strong player!",#C0x5B545B#Huấn luyện viên#C0x5C9971##L10100##LULrole1#{name}#C0x5B545B#đã thành công chinh phục Thiên Đường Aether. Tuyệt vời!,#C0x5B545B#트레이너 #C0x5C9971##L10100##LULrole1#{name}#C0x5B545B# 님이 에테르파라다이스 정상에 올랐습니다!,"#C0x5B545B#Parabéns! #C0x5C9971##L10100##LULrole1#{name}#C0x5B545B# alcançou com sucesso o topo do Aether Paradise, que jogador forte!",#C0x5B545B#ยินดีด้วย! #C0x5C9971##L10100##LULrole1#{name}#C0x5B545B# ได้ขึ้นถึงยอด Aether Paradise สำเร็จแล้ว ผู้เล่นที่แข็งแกร่งจริงๆ!
1092,NewsEndlessArrive,"#C0x5B545B#Congratulations! #C0x5C9971##L10100##LULrole1#{name}#C0x5B545B#blazes through all obstacles and activates the Adventure Road level#C0x5C9971#{num}#C0x5B545B#, showcasing their powerful abilities.",#C0x5B545B#訓練家#C0x5C9971##L10100##LULrole1#{name}#C0x5B545B#披荊斬棘，打通冒險之路第#C0x5C9971#{num}#C0x5B545B#關，表現出了驚人的實力。,"#C0x5B545B#Congratulations! #C0x5C9971##L10100##LULrole1#{name}#C0x5B545B#blazes through all obstacles and activates the Adventure Road level#C0x5C9971#{num}#C0x5B545B#, showcasing their powerful abilities.","Huấn luyện viên #{name} đã thể hiện sức mạnh đáng kinh ngạc, vượt qua ải thứ #{num} của con đường phiêu lưu.",#C0x5B545B#트레이너 #C0x5C9971##L10100##LULrole1#{name}#C0x5B545B# 님이 모험의 길 스테이지#C0x5C9971#{num}#C0x5B545B# 클리어에 성공했습니다!,"#C0x5B545B#Parabéns! #C0x5C9971##L10100##LULrole1#{name}#C0x5B545B#atravessa todos os obstáculos e ativa o nível Adventure Road#C0x5C9971#{num}#C0x5B545B#, exibindo suas habilidades poderosas.",#C0x5B545B#ยินดีด้วย! #C0x5C9971##L10100##LULrole1#{name}#C0x5B545B# ทะยานผ่านอุปสรรคทั้งหมดและเปิดใช้งานด่านเส้นทางการผจญภัย #C0x5C9971#{num}#C0x5B545B# พร้อมแสดงความสามารถอันทรงพลังของพวกเขา
1093,NewsPVPTopRankLast,#C0x5B545B#Congratulations! #C0x5C9971##L10100##LULrole1#{name}#C0x5B545B# has emerged victorious as No. 1 in the Arena! This is a salute for the birth of a new king!,#C0x5B545B#訓練家#C0x5C9971##L10100##LULrole1#{name}#C0x5B545B#最終登上競技場第一寶座，為王的誕生獻上禮炮。,#C0x5B545B#Congratulations! #C0x5C9971##L10100##LULrole1#{name}#C0x5B545B# has emerged victorious as No. 1 in the Arena! This is a salute for the birth of a new king!,"#C0x5B545B#Huấn luyện viên#C0x5C9971##L10100##LULrole1#{name}#C0x5B545B#cuối cùng đã lên ngôi vị quán quân đấu trường, một tràng pháo tay chào mừng sự ra đời của nhà vua.",#C0x5B545B#트레이너 #C0x5C9971##L10100##LULrole1#{name}#C0x5B545B# 님이 아레나 1위를 달성했습니다!,#C0x5B545B#Parabéns! #C0x5C9971##L10100##LULrole1#{name}#C0x5B545B# emergiu vitorioso como o nº 1 na Arena! Esta é uma saudação ao nascimento de um novo rei!,#C0x5B545B#ยินดีด้วย! #C0x5C9971##L10100##LULrole1#{name}#C0x5B545B# ได้ชัยชนะในฐานะมือวางอันดับ 1 ในสังเวียน! นี่คือการสดุดีการประสูติของกษัตริย์องค์ใหม่!
1094,NewsCraftTopRank,"#C0x5B545B#Trainer#C0x5C9971##L10100##LULrole1#{name}#C0x5B545B#reigns the Indigo Plateau Conference, and nobody can take him down.",#C0x5B545B#訓練家#C0x5C9971##L10100##LULrole1#{name}#C0x5B545B#最終稱霸石英大會，石英高原中再無敵手。,"#C0x5B545B#Trainer#C0x5C9971##L10100##LULrole1#{name}#C0x5B545B#reigns the Indigo Plateau Conference, and nobody can take him down.","#C0x5B545B#Huấn luyện viên#C0x5C9971##L10100##LULrole1#{name}#C0x5B545B#cuối cùng đã thống trị Cao nguyên Indigo, trở thành nhà vô địch bất khả chiến bại.",#C0x5B545B#트레이너 #C0x5C9971##L10100##LULrole1#{name}#C0x5B545B# 님이 석영 대회에서 최종 승리를 거두었습니다.,"#C0x5B545B#Trainer#C0x5C9971##L10100##LULrole1#{name}#C0x5B545B#reina na Indigo Plateau Conference, e ninguém pode derrotá-lo.",#C0x5B545B#Trainer#C0x5C9971##L10100##LULrole1#{name}#C0x5B545B# ครองการประชุม Indigo Plateau และไม่มีใครสามารถเอาชนะเขาได้
1095,NewsCrossArenaTopRank,"#C0x5B545B#Trainer #C0x5C9971##L10100##LULrole1#{name}#C0x5B545B# has ascended the 1st place of Cross-Server Arena, the best Pokémon Battle Trainer appeared. ",#C0x5B545B#訓練家#C0x5C9971##L10100##LULrole1#{name}#C0x5B545B#登上跨服競技場第一的王座，真不愧是萬中選一的競技王者。,"#C0x5B545B#Trainer #C0x5C9971##L10100##LULrole1#{name}#C0x5B545B# has ascended the 1st place of Cross-Server Arena, the best Pokémon Battle Trainer appeared. ","Huấn luyện viên #C0x5C9971##L10100##LULrole1#{name}#C0x5B545B# đã lên ngôi vị quán quân đấu trường liên server, đúng là một chiến binh xuất sắc nhất trong muôn người.",#C0x5B545B#트레이너 #C0x5C9971##L10100##LULrole1#{name}#C0x5B545B# 님이 글로벌 아레나에서 1위를 달성했습니다.,"#C0x5B545B#Treinador #C0x5C9971##L10100##LULrole1#{name}#C0x5B545B# subiu ao 1º lugar da Cross-Server Arena, o melhor Treinador de Batalha Pokémon apareceu.",#C0x5B545B#Trainer #C0x5C9971##L10100##LULrole1#{name}#C0x5B545B# ได้ขึ้นสู่ตำแหน่งที่ 1 ของ Cross-Server Arena แล้ว โดยมี Pokémon Battle Trainer ที่เก่งที่สุดปรากฏตัวขึ้น
1096,MarqueeCrossArenaTopRank,"#C0x5B545B#Trainer #C0x5C9971##L10100##LULrole1#{name}#C0x5B545B# has ascended the 1st place of Cross-Server Arena, the best Pokémon Battle Trainer appeared. ",#C0x5B545B#訓練家#C0x5C9971##L10100##LULrole1#{name}#C0x5B545B#登上跨服競技場第一的王座，真不愧是萬中選一的競技王者。,"#C0x5B545B#Trainer #C0x5C9971##L10100##LULrole1#{name}#C0x5B545B# has ascended the 1st place of Cross-Server Arena, the best Pokémon Battle Trainer appeared. ","Huấn luyện viên #{name} đã lên ngôi vị quán quân đấu trường liên server, đúng là một cường giả hiếm có.",#C0x5B545B#트레이너 #C0x5C9971##L10100##LULrole1#{name}#C0x5B545B# 님이 글로벌 아레나에서 1위를 달성했습니다.,"#C0x5B545B#Treinador #C0x5C9971##L10100##LULrole1#{name}#C0x5B545B# subiu ao 1º lugar da Cross-Server Arena, o melhor Treinador de Batalha Pokémon apareceu.",#C0x5B545B#Trainer #C0x5C9971##L10100##LULrole1#{name}#C0x5B545B# ได้ขึ้นสู่ตำแหน่งที่ 1 ของ Cross-Server Arena แล้ว โดยมี Pokémon Battle Trainer ที่เก่งที่สุดปรากฏตัวขึ้น
1097,NewsCrossArenaTopHistoryRefresh,"#C0x5B545B#Excellent battle of Cross-Server Arena has refreshed, come check it out",#C0x5B545B#跨服競技場精彩對決已刷新，快來膜拜,"#C0x5B545B#Excellent battle of Cross-Server Arena has refreshed, come check it out","#C0x5B545B#Đấu trường liên server đã cập nhật trận đấu đỉnh cao, hãy đến và chiêm ngưỡng",#C0x5B545B#글로벌 아레나의 멋진 대결이 갱신되었습니다. 어서 경배하세요.,"#C0x5B545B#Excelente batalha da Cross-Server Arena foi atualizada, venha conferir",#C0x5B545B#การต่อสู้อันยอดเยี่ยมของ Cross-Server Arena ได้รับการปรับปรุงใหม่แล้ว เข้ามาดูได้เลย
1098,MarqueeCrossArenaTopHistoryRefresh,"#C0x5B545B#Excellent battle of Cross-Server Arena has refreshed, come check it out",#C0x5B545B#跨服競技場精彩對決已刷新，快來膜拜,"#C0x5B545B#Excellent battle of Cross-Server Arena has refreshed, come check it out","#C0x5B545B#Đấu trường liên server đã cập nhật trận đấu kịch tính, hãy đến và chiêm ngưỡng",#C0x5B545B#글로벌 아레나의 멋진 대결이 갱신되었습니다. 어서 경배하세요.,"#C0x5B545B#Excelente batalha da Cross-Server Arena foi atualizada, venha conferir",#C0x5B545B#การต่อสู้อันยอดเยี่ยมของ Cross-Server Arena ได้รับการปรับปรุงใหม่แล้ว เข้ามาดูได้เลย
1099,ReunionInvite,#C0x5B545B#Long time no see! I'm #C0x5C9971#{name}.#C0x5B545B# Accept my invitation and help me complete the tasks! You will get rich rewards!#LULreunion##Icity/adventure/clone_battle/imag_ljjr.png-182-54#,"#C0x5B545B#好久不見~我是#C0x5C9971#{name}#C0x5B545B#,快接受我的邀請,幫助我完成任務一起領取獎勵吧~#LULreunion##Icity/adventure/clone_battle/imag_ljjr.png-182-54#",#C0x5B545B#Long time no see! I'm #C0x5C9971#{name}.#C0x5B545B# Accept my invitation and help me complete the tasks! You will get rich rewards!#LULreunion##Icity/adventure/clone_battle/imag_ljjr.png-182-54#,"Lâu rồi không gặp~ Mình là #{name}#, hãy nhận lời mời của mình, giúp mình hoàn thành nhiệm vụ và cùng nhận phần thưởng nhé~ #LULreunion##Icity/adventure/clone_battle/imag_ljjr.png-182-54#",#C0x5B545B#오랜만입니다~저는 #C0x5C9971#{name}#C0x5B545B#입니다. 어서 내 초대를 받아 미션 클리어를 도와주고 함께 보상을 수령하세요~#LULreunion##Icity/adventure/clone_battle/imag_ljjr.png-182-54#,#C0x5B545B#Há quanto tempo! Eu sou #C0x5C9971#{name}.#C0x5B545B# Aceite meu convite e me ajude a completar as tarefas! Você ganhará recompensas valiosas!#LULreunion##Icity/adventure/clone_battle/imag_ljjr.png-182-54#,#C0x5B545B#ไม่เจอกันนานเลยนะ ฉันคือ #C0x5C9971#{name}.#C0x5B545B# ยอมรับคำเชิญของฉันแล้วช่วยฉันทำภารกิจให้สำเร็จ! คุณจะได้รับรางวัลมากมาย!#LULreunion##Icity/adventure/clone_battle/imag_ljjr.png-182-54#
1100,RobotName,Pioneer Trainer,競技先鋒訓練家,Pioneer Trainer,Người bảo vệ,수호자,Treinador Pioneiro,ผู้ฝึกสอนผู้บุกเบิก
1101,NewsCrossOnlineFightTopHistoryRefresh,#C0x5B545B#New highlights of PvP Arena Battles are just in. Come and pay your respect!,#C0x5B545B#對戰競技場精彩對決已刷新，快來膜拜,#C0x5B545B#New highlights of PvP Arena Battles are just in. Come and pay your respect!,#C0x5B545B#Trận đấu đỉnh cao mới đã được cập nhật tại Sân vận động Đấu trường! Hãy đến và chiêm ngưỡng nào!,"#C0x5B545B#대전경기장 하이라이트 대결이 리셋됩니다,어서 경배하세요~",#C0x5B545B#Novos destaques das Batalhas de Arena PvP acabaram de chegar. Venha e preste sua homenagem!,#C0x5B545B#ไฮไลท์ใหม่ของ PvP Arena Battles กำลังมาถึงแล้ว มาร่วมแสดงความเคารพกัน!
1102,MarqueeCrossOnlineFightTopHistoryRefresh,#C0x5B545B#New highlights of PvP Arena Battles are just in. Come and pay your respect!,#C0x5B545B#對戰競技場精彩對決已刷新，快來膜拜,#C0x5B545B#New highlights of PvP Arena Battles are just in. Come and pay your respect!,#C0x5B545B#Các trận đấu đỉnh cao mới đã được cập nhật tại Sân vận động Đấu trường! Hãy đến và chiêm ngưỡng nào!,"#C0x5B545B#대전경기장 하이라이트 대결이 리셋됩니다,어서 경배하세요~",#C0x5B545B#Novos destaques das Batalhas de Arena PvP acabaram de chegar. Venha e preste sua homenagem!,#C0x5B545B#ไฮไลท์ใหม่ของ PvP Arena Battles กำลังมาถึงแล้ว มาร่วมแสดงความเคารพกัน!
1103,NewsCrossMineTopHistoryRefresh,#C0x5B545B#New highlights of Cross-server Mall Battles are just in. Come and pay your respect!,#C0x5B545B#跨服商業街精彩對決已刷新，快來膜拜,#C0x5B545B#New highlights of Cross-server Mall Battles are just in. Come and pay your respect!,"#C0x5B545B#Cuộc chiến gay cấn tại phố thương mại liên server đã được làm mới, hãy đến và chiêm ngưỡng",#C0x5B545B#글로벌 상가의 멋진 대결이 갱신되었습니다. 어서 경배하세요.,#C0x5B545B#Novos destaques das Batalhas de Shopping entre servidores acabaram de chegar. Venha e preste sua homenagem!,#C0x5B545B#ไฮไลท์ใหม่ของการต่อสู้ในห้างสรรพสินค้าข้ามเซิร์ฟเวอร์กำลังจะมาถึงแล้ว มาร่วมแสดงความเคารพกันเถอะ!
1104,MarqueeCrossMineTopHistoryRefresh,#C0x5B545B#New highlights of Cross-server Mall Battles are just in. Come and pay your respect!,#C0x5B545B#跨服商業街精彩對決已刷新，快來膜拜,#C0x5B545B#New highlights of Cross-server Mall Battles are just in. Come and pay your respect!,"#C0x5B545B#Cuộc chiến thương mại đường phố liên server đã được làm mới, hãy đến và chiêm ngưỡng!",#C0x5B545B#글로벌 상가의 멋진 대결이 갱신되었습니다. 어서 경배하세요.,#C0x5B545B#Novos destaques das Batalhas de Shopping entre servidores acabaram de chegar. Venha e preste sua homenagem!,#C0x5B545B#ไฮไลท์ใหม่ของการต่อสู้ในห้างสรรพสินค้าข้ามเซิร์ฟเวอร์กำลังจะมาถึงแล้ว มาร่วมแสดงความเคารพกันเถอะ!
1105,NewsCardInGroupDrawUp,#C0x5B545B#Congratulations! #C0x5C9971##L10100##LULrole1#{name}#C0x5B545B#gets #C0xE69900#{star}#C0x5B545B# -star #C0xE77421##L10100##LULcard1#{card}#C0x5B545B# by choosed card draw and has increased its strength greatly!,#C0x5B545B#恭喜#C0x5C9971##L10100##LULrole1#{name}#C0x5B545B#通過自選抽卡獲得了#C0xE69900#{star}#C0x5B545B#星#C0xE77421##L10100##LULcard1#{card}#C0x5B545B#，實力大幅增強！,#C0x5B545B#Congratulations! #C0x5C9971##L10100##LULrole1#{name}#C0x5B545B#gets #C0xE69900#{star}#C0x5B545B# -star #C0xE77421##L10100##LULcard1#{card}#C0x5B545B# by choosed card draw and has increased its strength greatly!,Chúc mừng #{name} đã nhận được thẻ #{star} sao #{card} thông qua hệ thống gacha tự chọn! Sức mạnh của bạn đã được tăng cường đáng kể!,#C0x5B545B#축하합니다. #C0x5C9971##L10100##LULrole1#{name}#C0x5B545B# 님이 한정 뽑기를 통해 #C0xE69900#{star}#C0x5B545B#성 #C0xE77421##L10100##LULcard1#{card}#C0x5B545B# 획득!,#C0x5B545B#Parabéns! #C0x5C9971##L10100##LULrole1#{name}#C0x5B545B#recebe #C0xE69900#{star}#C0x5B545B# -star #C0xE77421##L10100##LULcard1#{card}#C0x5B545B# por compra de cartas escolhida e aumentou muito sua força!,#C0x5B545B#ยินดีด้วย! #C0x5C9971##L10100##LULrole1#{name}#C0x5B545B#ได้รับ #C0xE69900#{star}#C0x5B545B# -star #C0xE77421##L10100##LULcard1#{card}#C0x5B545B# โดยเลือกจั่วการ์ดและเพิ่มความแข็งแกร่งอย่างมาก!
1106,MarqueeCardInGroupDrawUp,#C0x5B545B#Congratulations! #C0x5C9971#{name}#C0x5B545B#gets #C0xE69900#{star}#C0x5B545B#-star#C0xE77421#{card}#C0x5B545B# from [Time-choosed Card Draw]!,#C0x5B545B#訓練家#C0x5C9971#{name}#C0x5B545B#在【自選抽卡】中獲得了#C0xE69900#{star}#C0x5B545B#星#C0xE77421#{card}#C0x5B545B#！,#C0x5B545B#Congratulations! #C0x5C9971#{name}#C0x5B545B#gets #C0xE69900#{star}#C0x5B545B#-star#C0xE77421#{card}#C0x5B545B# from [Time-choosed Card Draw]!,#C0x5B545B# HLV #C0x5C9971#{name}#C0x5B545B# trong[Rút Thẻ Hạn Giờ]nhận được #C0xE69900#{star}#C0x5B545B# Sao #C0xE77421#{card}#C0x5B545B#!,#C0x5B545B#트레이너 #C0x5C9971#{name}#C0x5B545B# 님이 [한정 뽑기]를 통해 #C0xE69900#{star}#C0x5B545B#성 #C0xE77421#{card}#C0x5B545B# 획득!,#C0x5B545B#Parabéns! #C0x5C9971#{name}#C0x5B545B#recebe #C0xE69900#{star}#C0x5B545B#-star#C0xE77421#{card}#C0x5B545B# de [Compra de Cartas Escolhida pelo Tempo]!,#C0x5B545B#ยินดีด้วย! #C0x5C9971#{name}#C0x5B545B#ได้รับ #C0xE69900#{star}#C0x5B545B#-star#C0xE77421#{card}#C0x5B545B# จาก [การจับฉลากการ์ดที่เลือกตามเวลา]!
1107,HandlerDisabled,This feature is temporarily closed,該功能暫時關閉,This feature is temporarily closed,Chức năng này tạm thời bị vô hiệu hóa.,이 기능은 일시적으로 비활성화되었습니다.,Este recurso está temporariamente fechado,ฟีเจอร์นี้ถูกปิดชั่วคราว
,,,,,,,,
,,,,,,,,
5000,client_test,"""5000 previously used by the server, the client is universal""",5000之前是伺服器使用，用戶端通用,"""5000 previously used by the server, the client is universal""",Các phiên bản trước 5000 dùng cho máy chủ và phổ biến trên client.,"""5000 이전은 서버 사용, 클라이언트 통용""","5000 usados anteriormente pelo servidor, o cliente é universal","5,000 ถูกใช้โดยเซิร์ฟเวอร์ก่อนหน้านี้ ไคลเอนต์เป็นแบบสากล"
5001,none,None,無,None,Không,없음,Nenhum,ไม่มี
5002,male,Male,雄性,Male,Giống đực,수컷,Macho,ชาย
5003,female,Female,雌性,Female,Giống cái,암컷,Fêmea,หญิง
5004,iconNumLittle,Few,少量,Few,Chút ít,소량,Alguns,น้อย
5005,iconNumNormal,Normal,普通,Normal,Phổ thông,일반,Normal,ปกติ
5006,iconNumMany,More,較多,More,Khá nhiều,중량,Mais,มากกว่า
5007,iconNumLarge,Plenty,大量,Plenty,Đại lượng,대량,Bastante,มากมาย
5008,iconNumHuge,Huge amount,巨量,Huge amount,Lượng lớn,대량,Grande quantidade,จำนวนมหาศาล
5009,iconNumOut,Massive,海量,Massive,Hải lượng,초대량,Enorme,มโหฬาร
5010,attrHp,HP,生命,HP,HP,HP,HP,เอชพี
5011,attrHpRecover,HP recovery,血量恢復,HP recovery,Hồi Phục HP,HP 회복,Recuperação de HP,การกู้คืน HP
5012,attrMp1Recover,MP1Recovery,怒氣恢復速度,MP1Recovery,Tốc độ hồi phục giận dữ,분노 회복 속도,MP1Recuperação,การกู้คืน MP1
5013,attrMp2Recover,MP 2 reply,MP2回復,MP 2 reply,MP2 Hồi phục,MP2 회복,Resposta do MP 2,สส.2 ตอบ
5014,attrDamage,P.ATK,物攻,P.ATK,Vật Công,공격,P.ATK,พี.เอ.ที.เค
5015,attrSpecialDamage,SP.ATK,特攻,SP.ATK,Đặc Công,특수공격,ESP.ATK,สป.เอทีเค
5016,attrDefence,P.DEF,物防,P.DEF,Vật Phòng,방어,P.DEF,พี.ดีเอฟ
5017,attrSpecialDefence,SP.DEF,特防,SP.DEF,Đặc Phòng,특수방어,SP.DEF,SP.DEF
5018,attrDefenceIgnore,P.DEF ignore,物防忽視,P.DEF ignore,Bỏ qua phòng thủ,방어 무시,P.DEF ignorar,P.DEF ไม่สนใจ
5019,attrSpecialDefenceIgnore,SP.DEF ignore,特防忽視,SP.DEF ignore,Bỏ qua phòng thủ đặc biệt,특수방어 무시,SP.DEF ignorar,SP.DEF ไม่สนใจ
5020,attrSpeed,Speed,速度,Speed,Tốc Độ,스피드,Velocidade,ความเร็ว
5021,attrStrike,CRI rate,暴擊率,CRI rate,Bạo Kích,치명타율,Taxa de IRC,อัตรา CRI
5022,attrStrikeDamage,CRI DMG,暴擊傷害,CRI DMG,Bạo Thương,치명타 피해,CRI DMG,CRI ดีเอ็มจี
5023,attrStrikeResistance,CRI RES,暴擊抗性,CRI RES,Kháng Bạo,치명타 내성,CRI RES,ดัชนีความเชื่อมั่นผู้บริโภค
5024,attrBlock,Block rate,抵禦率,Block rate,Chống Đỡ,저항률,Taxa de bloqueio,อัตราการบล็อค
5025,attrBreakBlock,Block Break rate,破抵禦率,Block Break rate,Xuyên Giáp,저항 무시율,Taxa de quebra de bloco,อัตราการบล็อคเบรก
5026,attrBlockPower,Block intensity,抵禦強度,Block intensity,Chống cự cường độ,저항 강도,Intensidade do bloco,ความเข้มข้นของการบล็อค
5027,attrDodge,Dodge rate,閃避率,Dodge rate,Tỉ lệ né tránh,회피율,Taxa de esquiva,อัตราการหลบเลี่ยง
5028,attrHit,Accuracy,命中率,Accuracy,Tỉ lệ chính xác,명중률,Precisão,ความแม่นยำ
5029,attrDamageAdd,ATK bonus,傷害加成,ATK bonus,Tăng Thương,피해 보너스,Bônus de ATK,โบนัส ATK
5030,attrDamageSub,DMG reduction,傷害減免,DMG reduction,Giảm Thương,피해 감소,Redução de DMG,การลดความเสียหาย
5031,attrUltimateAdd,Ult Skill DMG,必殺傷害加成,Ult Skill DMG,Tăng sát thương chí mạng,필살기 피해 보너스,DMG de Habilidade Suprema,ความเสียหายจากสกิลอัลติเมท
5032,attrUltimateSub,Ult Skill RES,必殺傷害減免,Ult Skill RES,Giảm sát thương chí mạng,필살기 피해 감소율,Habilidade Ult RES,ทักษะอัลติเมท RES
5033,attrSuckBlood,Health Steal rate,吸血率,Health Steal rate,Tỉ lệ hút máu,흡혈률,Taxa de roubo de saúde,อัตราการขโมยสุขภาพ
5034,attrRebound,Rebound rate,反彈率,Rebound rate,Tỷ lệ bật lại,반사율,Taxa de recuperação,อัตราการดีดกลับ
5035,attrCure,Healing rate,治療率,Healing rate,Tỷ lệ hồi phục,치료율,Taxa de cura,อัตราการรักษา
5036,attrNatureRestraint,Type interaction,屬性克制,Type interaction,Thuộc tính khắc chế,타입 상성,Tipo de interação,การโต้ตอบประเภท
5037,attrDamageDeepen,Amplify damage,傷害加深,Amplify damage,Tổn thương làm sâu sắc,피해 심화,Amplificar dano,ขยายความเสียหาย
5038,attrNormalDamageAdd,Normal ATK bonus,一般系傷害加成,Normal ATK bonus,Hệ tổn thương tăng thêm,노말 타입 피해 보너스,Bônus de ATK normal,โบนัส ATK ปกติ
5039,attrFireDamageAdd,Fire ATK bonus,火系傷害加成,Fire ATK bonus,Hỏa hệ tổn thương tăng thêm,불꽃 타입 피해 보너스,Bônus de ATQ de fogo,โบนัส ATK ไฟ
5040,attrWaterDamageAdd,Water ATK bonus,水系傷害加成,Water ATK bonus,Thủy hệ tổn thương tăng thêm,물 타입 피해 보너스,Bônus de ATQ de água,โบนัส ATK น้ำ
5041,attrGrassDamageAdd,Grass ATK bonus,草系傷害加成,Grass ATK bonus,Cỏ hệ tổn thương tăng thêm,풀 타입 피해 보너스,Bônus de ATK de grama,โบนัส ATK หญ้า
5042,attrElectricityDamageAdd,Electric ATK bonus,電系傷害加成,Electric ATK bonus,Điện hệ tổn thương tăng thêm,전기 타입 피해 보너스,Bônus de ATQ elétrico,โบนัส ATK ไฟฟ้า
5043,attrIceDamageAdd,Ice ATK bonus,冰系傷害加成,Ice ATK bonus,Băng hệ tổn thương tăng thêm,얼음 타입 피해 보너스,Bônus de ATAQUE de gelo,โบนัส ATK น้ำแข็ง
5044,attrCombatDamageAdd,Fighting ATK bonus,格鬥系傷害加成,Fighting ATK bonus,Cách đấu hệ tổn thương tăng thêm,격투 타입 피해 보너스,Bônus de ATQ de luta,โบนัส ATK การต่อสู้
5045,attrPoisonDamageAdd,Poison ATK bonus,毒系傷害加成,Poison ATK bonus,Độc hệ tổn thương tăng thêm,독 타입 피해 보너스,Bônus de ATQ de veneno,โบนัส ATK พิษ
5046,attrGroundDamageAdd,Ground damage bonus,地面系傷害加成,Ground damage bonus,Mặt đất hệ tổn thương tăng thêm,땅 타입 피해 보너스,Bônus de dano ao solo,โบนัสความเสียหายภาคพื้นดิน
5047,attrFlyDamageAdd,Flying ATK bonus,飛行系傷害加成,Flying ATK bonus,Phi hành hệ tổn thương tăng thêm,비행 타입 피해 보너스,Bônus de ATK voador,โบนัส ATK บิน
5048,attrSuperDamageAdd,Psychic ATK bonus,超能系傷害加成,Psychic ATK bonus,Siêu năng hệ tổn thương tăng thêm,에스퍼 타입 피해 보너스,Bônus de ATQ psíquico,โบนัส ATK พลังจิต
5049,attrWormDamageAdd,Bug ATK bonus,蟲系傷害加成,Bug ATK bonus,Trùng hệ tổn thương tăng thêm,벌레 타입 피해 보너스,Bônus de ataque de inseto,โบนัส ATK ของแมลง
5050,attrRockDamageAdd,Rock ATK bonus,岩石系傷害加成,Rock ATK bonus,Nham thạch hệ tổn thương tăng thêm,바위 타입 피해 보너스,Bônus de ataque de rocha,โบนัส ATK ร็อค
5051,attrGhostDamageAdd,Ghost ATK bonus,幽靈系傷害加成,Ghost ATK bonus,U linh hệ tổn thương tăng thêm,고스트 타입 피해 보너스,Bônus de ATQ do Ghost,โบนัส ATK ผี
5052,attrDragonDamageAdd,Dragon ATK bonus,龍系傷害加成,Dragon ATK bonus,Rồng hệ tổn thương tăng thêm,드래곤 타입 피해 보너스,Bônus de ATAQUE do Dragão,โบนัส ATK มังกร
5053,attrEvilDamageAdd,Dark ATK bonus,惡系傷害加成,Dark ATK bonus,Ác hệ tổn thương tăng thêm,악 타입 피해 보너스,Bônus de ATK escuro,โบนัส ATK มืด
5054,attrSteelDamageAdd,Steel ATK bonus,鋼系傷害加成,Steel ATK bonus,Thép hệ tổn thương tăng thêm,강철 타입 피해 보너스,Bônus de ATQ de aço,โบนัส ATK เหล็ก
5055,attrFairyDamageAdd,Fairy ATK bonus,妖精系傷害加成,Fairy ATK bonus,Yêu tinh hệ tổn thương tăng thêm,페어리 타입 피해 보너스,Bônus de ATAQUE de fada,โบนัส ATK นางฟ้า
5056,attrNormalDamageSub,Normal DMG reduction,一般系傷害減免,Normal DMG reduction,Hệ giảm tổn thương,노말 타입 피해 감소,Redução normal de DMG,การลด DMG ตามปกติ
5057,attrFireDamageSub,Fire DMG reduction,火系傷害減免,Fire DMG reduction,Hỏa hệ giảm tổn thương,불꽃 타입 피해 감소,Redução de DMG de fogo,ลดความเสียหายจากไฟไหม้
5058,attrWaterDamageSub,Water DMG reduction,水系傷害減免,Water DMG reduction,Thủy hệ giảm tổn thương,물 타입 피해 감소,Redução de DMG de água,การลดความเสียหายจากน้ำ
5059,attrGrassDamageSub,Grass DMG reduction,草系傷害減免,Grass DMG reduction,Cỏ hệ giảm tổn thương,풀 타입 피해 감소,Redução de DMG de grama,การลดความเสียหายของหญ้า
5060,attrElectricityDamageSub,Electric DMG reduction,電系傷害減免,Electric DMG reduction,Điện hệ giảm tổn thương,전기 타입 피해 감소,Redução de DMG elétrico,ลดความเสียหายจากไฟฟ้า
5061,attrIceDamageSub,Ice DMG reduction,冰系傷害減免,Ice DMG reduction,Băng hệ giảm tổn thương,얼음 타입 피해 감소,Redução de DMG de gelo,ลดความเสียหายจากน้ำแข็ง
5062,attrCombatDamageSub,Fighting DMG reduction,格鬥系傷害減免,Fighting DMG reduction,Cách đấu hệ giảm tổn thương,격투 타입 피해 감소,Combatendo a redução de DMG,การต่อสู้กับการลด DMG
5063,attrPoisonDamageSub,Poison DMG reduction,毒系傷害減免,Poison DMG reduction,Độc hệ giảm tổn thương,독 타입 피해 감소,Redução de DMG de veneno,ลดความเสียหายจากพิษ
5064,attrGroundDamageSub,Ground DMG reduction,地面系傷害減免,Ground DMG reduction,Mặt đất hệ giảm tổn thương,땅 타입 피해 감소,Redução de DMG no solo,การลดความเสียหายภาคพื้นดิน
5065,attrFlyDamageSub,Flying DMG reduction,飛行系傷害減免,Flying DMG reduction,Phi hành hệ giảm tổn thương,비행 타입 피해 감소,Redução de DMG de voo,การลด DMG ขณะบิน
5066,attrSuperDamageSub,Psychic DMG reduction,超能系傷害減免,Psychic DMG reduction,Siêu năng hệ giảm tổn thương,에스퍼 타입 피해 감소,Redução de DMG psíquico,การลดความเสียหายทางจิตใจ
5067,attrWormDamageSub,Bug DMG reduction,蟲系傷害減免,Bug DMG reduction,Trùng hệ giảm tổn thương,벌레 타입 피해 감소,Redução de DMG de Bug,ลดความเสียหายจากแมลง
5068,attrRockDamageSub,Rock DMG reduction,岩石系傷害減免,Rock DMG reduction,Nham thạch hệ giảm tổn thương,바위 타입 피해 감소,Redução de DMG de rocha,ลดความเสียหายจากหิน
5069,attrGhostDamageSub,Ghost DMG reduction,幽靈系傷害減免,Ghost DMG reduction,U linh hệ giảm tổn thương,고스트 타입 피해 감소,Redução de DMG Fantasma,การลด DMG ของ Ghost
5070,attrDragonDamageSub,Dragon DMG reduction,龍系傷害減免,Dragon DMG reduction,Rồng hệ giảm tổn thương,드래곤 타입 피해 감소,Redução de DMG do Dragão,การลด DMG ของมังกร
5071,attrEvilDamageSub,Dark DMG reduction,惡系傷害減免,Dark DMG reduction,Ác hệ giảm tổn thương,악 타입 피해 감소,Redução de DMG escuro,ลด DMG ด้านมืด
5072,attrSteelDamageSub,Steel DMG reduction,鋼系傷害減免,Steel DMG reduction,Thép hệ giảm tổn thương,강철 타입 피해 감소,Redução de DMG de aço,ลดความเสียหายของเหล็ก
5073,attrFairyDamageSub,Fairy DMG reduction,妖精系傷害減免,Fairy DMG reduction,Yêu tinh hệ giảm tổn thương,페어리 타입 피해 감소,Redução de DMG de Fada,ลดความเสียหายของนางฟ้า
5074,attrNormalCure,Normal Healing rate,一般系治療率,Normal Healing rate,Tỉ lệ hồi phục hệ Bình thường,노말 타입 치료율,Taxa de cura normal,อัตราการรักษาปกติ
5075,attrFireCure,Fire Healing rate,火系治療率,Fire Healing rate,Tỷ lệ hồi phục hệ Lửa,불꽃 타입 치료율,Taxa de cura de fogo,อัตราการรักษาไฟ
5076,attrWaterCure,Water Healing rate,水系治療率,Water Healing rate,Tỉ lệ hồi phục hệ Nước,물 타입 치료율,Taxa de cura da água,อัตราการบำบัดด้วยน้ำ
5077,attrGrassCure,Grass Healing rate,草系治療率,Grass Healing rate,Tỷ lệ hồi phục hệ Cỏ,풀 타입 치료율,Taxa de cura da grama,อัตราการสมานตัวของหญ้า
5078,attrElectricityCure,Electric Healing rate,電系治療率,Electric Healing rate,Tỷ lệ hồi phục hệ Điện,전기 타입 치료율,Taxa de cura elétrica,อัตราการรักษาด้วยไฟฟ้า
5079,attrIceCure,Ice Healing rate,冰系治療率,Ice Healing rate,Tỷ lệ hồi phục hệ Băng,얼음 타입 치료율,Taxa de cura do gelo,อัตราการรักษาด้วยน้ำแข็ง
5080,attrCombatCure,Fighting Healing rate,格鬥系治療率,Fighting Healing rate,Tỉ lệ hồi phục hệ Đấu,격투 타입 치료율,Taxa de cura de luta,การต่อสู้อัตราการรักษา
5081,attrPoisonCure,Poison Healing rate,毒系治療率,Poison Healing rate,Tỉ lệ hồi phục hệ Độc,독 타입 치료율,Taxa de cura de veneno,อัตราการรักษาพิษ
5082,attrGroundCure,Ground Healing rate,地面系治療率,Ground Healing rate,Tỉ lệ hồi phục hệ Đất,땅 타입 치료율,Taxa de cura do solo,อัตราการรักษาพื้นดิน
5083,attrFlyCure,Flying Healing rate,飛行系治療率,Flying Healing rate,Tỷ lệ hồi phục hệ bay,비행 타입 치료율,Taxa de cura de voo,อัตราการรักษาบิน
5084,attrSuperCure,Psychic Healing rate,超能系治療率,Psychic Healing rate,Tỉ lệ hồi phục hệ Siêu năng,에스퍼 타입 치료율,Taxa de cura psíquica,อัตราการรักษาทางจิตใจ
5085,attrWormCure,Bug Healing rate,蟲系治療率,Bug Healing rate,Tỷ lệ hồi phục hệ Côn trùng,벌레 타입 치료율,Taxa de cura de insetos,อัตราการรักษาแมลง
5086,attrRockCure,Rock Healing rate,岩石系治療率,Rock Healing rate,Tỷ lệ hồi phục hệ Đá,바위 타입 치료율,Taxa de cura de rocha,อัตราการรักษาของหิน
5087,attrGhostCure,Ghost Healing rate,幽靈系治療率,Ghost Healing rate,Tỷ lệ hồi phục hệ Ghost,고스트 타입 치료율,Taxa de cura fantasma,อัตราการรักษาของผี
5088,attrDragonCure,Dragon Healing rate,龍系治療率,Dragon Healing rate,Tỷ lệ hồi phục hệ Rồng,드래곤 타입 치료율,Taxa de cura do dragão,อัตราการรักษาของมังกร
5089,attrEvilCure,Dark Healing rate,惡系治療率,Dark Healing rate,Tỉ lệ hồi phục hệ Bóng Tối,악 타입 치료율,Taxa de cura escura,อัตราการรักษาความมืด
5090,attrSteelCure,Steel Healing rate,鋼系治療率,Steel Healing rate,Tỷ lệ hồi phục hệ Thép,강철 타입 치료율,Taxa de cura do aço,อัตราการรักษาเหล็ก
5091,attrFairyCure,Fairy Healing rate,妖精系治療率,Fairy Healing rate,Tỷ lệ hồi phục hệ Tiên,페어리 타입 치료율,Taxa de cura das fadas,อัตราการรักษาของนางฟ้า
5092,attrDamageReduce,DMG ↓,傷害降低,DMG ↓,Tổn thương giảm xuống,피해 ↓,DMG ↓,ความเสียหาย ↓
5093,attrPhysicalDamageAdd,P.ATK bonus,物傷加成,P.ATK bonus,Tăng sát thương vật lý,물리 피해 보너스,Bônus P.ATK,โบนัส P.ATK
5094,attrPhysicalDamageSub,P.ATK reduction,物傷減免,P.ATK reduction,Giảm sát thương vật lý,물리 피해 감소,Redução de P.ATK,การลด P.ATK
5095,attrSpecialDamageAdd,SP.ATK bonus,特傷加成,SP.ATK bonus,Tăng cường Sức tấn công Đặc biệt,특수 피해 보너스,Bônus SP.ATK,โบนัส SP.ATK
5096,attrSpecialDamageSub,SP.ATK reduction,特傷減免,SP.ATK reduction,Giảm sát thương đặc biệt,특수 피해 감소,Redução SP.ATK,การลด SP.ATK
5097,attrControlPer,Control rate,控制率,Control rate,Tỉ lệ kiểm soát,제어율,Taxa de controle,อัตราการควบคุม
5098,attrImmuneControl,Immune control,免控率,Immune control,Tỷ lệ kháng hiệu ứng khống chế,제어 면역률,Controle imunológico,การควบคุมภูมิคุ้มกัน
5099,normal,Normal,一般,Normal,0,노말,Normal,ปกติ
5100,fire,Fire,火,Fire,Lửa,불꽃,Fogo,ไฟ
5101,water,Water,水,Water,Nước,물,Água,น้ำ
5102,grass,Grass,草,Grass,Cỏ,풀,Grama,หญ้า
5103,electricity,Electric,電,Electric,Điện,전기,Elétrico,ไฟฟ้า
5104,ice,Ice,冰,Ice,Băng,얼음,Gelo,น้ำแข็ง
5105,combat,Fighting,格鬥,Fighting,Cách đấu,격투,Combate,การต่อสู้
5106,poison,Poison,毒,Poison,Độc,독,Tóxico,พิษ
5107,ground,Ground,地面,Ground,Mặt đất,땅,Chão,พื้น
5108,fly,Fly,飛行,Fly,Phi hành,비행,Voar,บิน
5109,super,Psychic,超能,Psychic,Siêu năng,에스퍼,Psíquico,พลังจิต
5110,worm,Bug,蟲,Bug,Trùng,벌레,Erro,แมลง
5111,rock,Rock,岩石,Rock,Nham thạch,바위,Pedra,หิน
5112,ghost,Ghost,幽靈,Ghost,U linh,유령,Fantasma,ผี
5113,dragon,Dragon,龍,Dragon,Rồng,드래곤,Dragão,มังกร
5114,evil,Dark,惡,Dark,Ác,악,Escuro,มืด
5115,steel,Steel,鋼,Steel,Thép,강철,Aço,เหล็ก
5116,fairy,Pokémon,妖精,Pokémon,Yêu tinh,페어리,Pokémon,โปเกม่อน
5117,connect,Connecting,連接中,Connecting,Kết nối bên trong,연결 중...,Conectando,การเชื่อมต่อ
5118,onLine,Online,線上,Online,Online,온라인,On-line,ออนไลน์
5119,offLine,Offline,離線,Offline,Offline,오프라인,Desligado,ออฟไลน์
5120,descendingOrder,Down,降冪,Down,Hàng tự,내림차순,Abaixo,ลง
5121,ascendingOrder,Up,昇冪,Up,Thăng tự,오름차순,Acima,ขึ้น
5122,starCondition1,Level victory,關卡勝利,Level victory,Cửa ải thắng lợi,스테이지 승리,Vitória nivelada,ชัยชนะระดับ
5123,starCondition2,Lesser than %d Pokémons be knockout,陣亡數不超過%d,Lesser than %d Pokémons be knockout,Bỏ mình số ít hơn so với %d,사망 수 %d 미만,Menos de %s Pokémons serão nocauteados,โปเกมอนที่มีจำนวนน้อยกว่า %s ตัวจะถูกน็อคเอาท์
5124,starCondition3,Boss battle  in %d rounds,boss戰回合數不超過%d,Boss battle  in %d rounds,boss Chiến hiệp số ít hơn so với %d,BOSS전 턴 수 %d 미만,Batalha de chefe em %s rodadas,การต่อสู้กับบอสใน %s รอบ
5125,starCondition4,Send less than %d Pokémons to battle,上陣精靈數不超過%d,Send less than %d Pokémons to battle,Ra trận tinh linh số ít hơn so với %d,출전 포켓몬 수 %d 미만,Envie menos de %s Pokémons para a batalha,ส่งโปเกมอนน้อยกว่า %s ตัวไปต่อสู้
5126,starCondition5,Send %d or more Pokémons to battle,上陣精靈數不少於%d,Send %d or more Pokémons to battle,Ra trận tinh linh số không ít hơn %d,출전 포켓몬 수 %d 이상,Envie %s ou mais Pokémons para a batalha,ส่ง %s หรือมากกว่าโปเกมอนไปต่อสู้
5127,monthCardPrivilege1,Treasure Pot Coins increases,聚寶金幣獲得增加,Treasure Pot Coins increases,Tăng lượng nhận được Charm óng ánh,보물단지 코인 획득 증가,Aumento de moedas do pote do tesouro,เหรียญหม้อสมบัติเพิ่มขึ้น
5128,monthCardPrivilege2,Maximum energy increases,體力上限增加,Maximum energy increases,HP tối đa tăng lên,체력 한도 증가,Aumento máximo de energia,เพิ่มพลังงานสูงสุด
5129,monthCardPrivilege3,Maximum talent point increases,技能點上限增加,Maximum talent point increases,Giới hạn điểm kỹ năng tăng lên,스킬 포인트 한도 증가,Aumento máximo de pontos de talento,คะแนนความสามารถสูงสุดเพิ่มขึ้น
5130,monthCardPrivilege4,Arena challenge cancellation cooldown timer,競技場取消挑戰冷卻時間,Arena challenge cancellation cooldown timer,Sân thi đấu hủy bỏ khiêu chiến thời gian cooldown,아레나 도전 취소 쿨타임,Temporizador de cancelamento do desafio da arena,ตัวจับเวลาคูลดาวน์การยกเลิกความท้าทายในอารีน่า
5131,monthCardPrivilege5,No. of Treasure Pot chances increases,免費聚寶次數增加,No. of Treasure Pot chances increases,Miễn phí tụ bảo số lần gia tăng,무료 보물단지 횟수 증가,O número de chances do pote do tesouro aumenta,จำนวนโอกาสที่จะได้รับ Treasure Pot เพิ่มขึ้น
5132,monthCardPrivilege6,The No. of free energy purchase increases,免費購買體力次數增加,The No. of free energy purchase increases,Miễn phí mua thể lực số lần gia tăng,무료 체력 구매 횟수 증가,O número de compras de energia livre aumenta,จำนวนการซื้อพลังงานฟรีเพิ่มขึ้น
5133,monthCardPrivilege7,Treasure Pot increases CRI rate,聚寶增加暴擊幾率,Treasure Pot increases CRI rate,Kho báu tăng tỷ lệ chí mạng,보물단지 대박 확률 증가,Treasure Pot aumenta taxa de CRI,Treasure Pot เพิ่มอัตรา CRI
5134,monthCardPrivilege8,Increase No. of Shard Dungeon attempts,碎片副本次數增加,Increase No. of Shard Dungeon attempts,Mảnh vỡ phó bản số lần gia tăng,조각 던전 횟수 증가,Aumentar o número de tentativas de Shard Dungeon,เพิ่มจำนวนครั้งในการพยายามเข้าดันเจี้ยน Shard
5135,monthCardPrivilege9,Shard Dungeon drops increases,碎片副本產出增加,Shard Dungeon drops increases,Mảnh vỡ phó bản sản xuất gia tăng,조각 던전 생산 증가,Aumento de drop de Shard Dungeon,การดรอป Shard Dungeon เพิ่มขึ้น
5136,monthCardPrivilege10,Increase number of gift dungeon attempts,禮物副本次數增加,Increase number of gift dungeon attempts,Tăng số lần chạy phụ bản quà tặng,선물 던전 횟수 증가,Aumentar o número de tentativas de masmorras de presentes,เพิ่มจำนวนครั้งในการเข้าดันเจี้ยนของขวัญ
5137,monthCardPrivilege11,Gift Dungeon drops increases,禮物副本產出增加,Gift Dungeon drops increases,Tăng phần thưởng từ phụ bản quà tặng.,선물 던전 생산 증가,Aumento de drops de Gift Dungeon,การเพิ่มจำนวนการดรอปของ Gift Dungeon
5138,monthCardPrivilege12,No. of Shard Shop refreshes increases,碎片商店刷新次數上限增加,No. of Shard Shop refreshes increases,Giới hạn làm mới cửa hàng Mảnh ghép đã được tăng lên,조각 상점 갱신 횟수 한도 증가,O número de atualizações da Shard Shop aumenta,จำนวนการรีเฟรชร้าน Shard เพิ่มขึ้น
5139,monthCardPrivilege13,Mystery Shop Discount,神秘商店好康,Mystery Shop Discount,Thần bí cửa hàng ưu đãi,신비한 상점 혜택,Desconto Mystery Shop,ส่วนลดร้านค้าลึกลับ
5140,monthCardPrivilege14,Recommended Shop Discount,精選商店好康,Recommended Shop Discount,Ưu đãi cửa hàng nổi bật,특선 상점 혜택,Desconto de loja recomendado,ส่วนลดร้านค้าแนะนำ
5141,monthCardPrivilege15,Increase No. of Coin Dungeon attempts,金幣副本次數增加,Increase No. of Coin Dungeon attempts,Tăng số lần chạy phụ bản vàng,코인 던전 횟수 증가,Aumentar o número de tentativas de Dungeon de Moedas,เพิ่มจำนวนครั้งในการพยายามเข้าดันเจี้ยนเหรียญ
5142,monthCardPrivilege16,Coin Dungeon drops increases,金幣副本產出增加,Coin Dungeon drops increases,Tăng sản lượng tiền vàng trong phụ bản,코인 던전 생산 증가,Aumento de quedas de Coin Dungeon,การดรอป Coin Dungeon เพิ่มขึ้น
5143,monthCardPrivilege17,No. of EXP Dungeon attempts increases,經驗副本次數增加,No. of EXP Dungeon attempts increases,Tăng số lần chạy phụ bản kinh nghiệm,경험치 던전 횟수 증가,Número de tentativas de EXP Dungeon aumenta,จำนวนครั้งในการพยายามเข้าดันเจี้ยน EXP เพิ่มขึ้น
5144,monthCardPrivilege18,EXP Dungeon drops increases,經驗副本產出增加,EXP Dungeon drops increases,Tăng phần thưởng kinh nghiệm trong phụ bản,경험치 던전 생산 증가,EXP Dungeon dropa aumentos,ค่าประสบการณ์ดันเจี้ยนเพิ่มขึ้น
5145,monthCardPrivilege19,Unlock time-limited title,解鎖限時稱號,Unlock time-limited title,Mở khóa danh hiệu thời hạn,한정 칭호 개방,Desbloqueie um título por tempo limitado,ปลดล็อคชื่อที่มีเวลาจำกัด
5146,trainerPrivilege1,First Diamond Single Draw is at half price,鑽石單次抽卡每日首次半價,First Diamond Single Draw is at half price,Lần rút thẻ kim cương đơn lần đầu tiên mỗi ngày giảm giá 50%,매일 첫 다이아 뽑기 반값,O primeiro sorteio do Diamond Single está pela metade do preço,การจับฉลากเพชรครั้งแรกครั้งเดียวลดราคาครึ่งหนึ่ง
5147,trainerPrivilege2,Maximum energy,體力上限,Maximum energy,Thể lực hạn mức cao nhất,체력 한도,Energia máxima,พลังงานสูงสุด
5148,trainerPrivilege3,Maximum No. of energy purchases,體力購買次數上限,Maximum No. of energy purchases,Thể lực mua số lần hạn mức cao nhất,체력 구매 횟수 한도,Nº máximo de compras de energia,จำนวนการซื้อพลังงานสูงสุด
5149,trainerPrivilege4,Maximum No. of treasure pot,聚寶次數上限,Maximum No. of treasure pot,Tụ bảo số lần hạn mức cao nhất,보물단지 횟수 한도,Número máximo de potes de tesouro,จำนวนสูงสุดของหม้อสมบัติ
5150,trainerPrivilege5,%s can skip the battle,%s可以跳過戰鬥,%s can skip the battle,%s Có thể nhảy qua chiến đấu,%s 전투 스킵 가능,%s pode pular a batalha,%s สามารถข้ามการต่อสู้ได้
5151,trainerPrivilege6,Get EXP from daily quests,日常任務獲得經驗,Get EXP from daily quests,Nhiệm vụ hàng ngày thu hoạch được kinh nghiệm,일일 퀘스트 획득 경험치,Ganhe EXP com missões diárias,รับ EXP จากภารกิจประจำวัน
5152,trainerPrivilege7,Number of coin dungeon attempts,金幣副本次數,Number of coin dungeon attempts,Kim tệ phó bản số lần,코인 던전 횟수,Número de tentativas de masmorra de moedas,จำนวนครั้งในการลองดันเจี้ยนเหรียญ
5153,trainerPrivilege8,No. of EXP Dungeon attempts,經驗副本次數,No. of EXP Dungeon attempts,Kinh nghiệm phó bản số lần,경험치 던전 횟수,Nº de tentativas de EXP Dungeon,จำนวนครั้งในการพยายามเข้าดันเจี้ยน EXP
5154,trainerPrivilege9,EXP Potion Purchase Coupon,購買經驗藥水好康,EXP Potion Purchase Coupon,Mua kinh nghiệm dược thủy ưu đãi,경험치 포션 구매 혜택,Cupom de compra de poção EXP,คูปองซื้อยา EXP
5155,trainerPrivilege10,Unlock privilege to upgrade the types,解鎖特權升級屬性,Unlock privilege to upgrade the types,Giải tỏa đặc quyền thăng cấp thuộc tính,특권 레벨업 속성 개방,Desbloqueie o privilégio de atualizar os tipos,ปลดล็อคสิทธิ์ในการอัพเกรดประเภท
5156,trainerPrivilege20,Blitz for %d times,%d次掃蕩開啟,Blitz for %d times,%d Lần càn quét mở ra,%d회 소탕 시작,Blitz por %s vezes,บลิทซ์เป็นเวลา %s ครั้ง
5157,trainerPrivilege21,Free Exploration Treasure Hunt chances +%d,探險尋寶免費次數+%d,Free Exploration Treasure Hunt chances +%d,Thám hiểm tầm bảo miễn phí số lần +%d,탐험 보물찾기 무료 횟수 +%d,Chances de Caça ao Tesouro de Exploração Gratuita +%s,โอกาสล่าสมบัติสำรวจฟรี +%s
5158,city,Main City,主城,Main City,Chủ thành,메인 시티,Cidade principal,เมืองหลัก
5159,gate,Level,關卡,Level,Cửa ải,스테이지,Nível,ระดับ
5160,arena,Arena,競技場,Arena,Sân thi đấu,아레나,Arena,สนามกีฬา
5161,huodongFuben,Daily Dungeon,每日副本,Daily Dungeon,Mỗi ngày phó bản,일일 던전,Calabouço Diário,ดันเจี้ยนประจำวัน
5162,endlessTower,Adventure Road,冒險之路,Adventure Road,Mạo hiểm con đường,모험의 길,Estrada da Aventura,ถนนแห่งการผจญภัย
5163,unionFuben,Union Dungeon,公會副本,Union Dungeon,Công hội phó bản,길드 던전,Masmorra da União,คุกใต้ดินสหภาพ
5164,craft,Indigo Plateau Conference,石英大會,Indigo Plateau Conference,Thạch anh đại hội,석영 대회,Conferência Indigo Plateau,การประชุมที่ราบสูงอินดิโก้
5165,clone,Element Challenge,元素挑戰,Element Challenge,Nguyên tố khiêu chiến,엘리멘탈 챌린지,Desafio dos Elementos,ความท้าทายขององค์ประกอบ
5166,randomTower,Aether Paradise,以太樂園,Aether Paradise,Aether nhạc viên,에테르파라다이스,Paraíso do Éter,สวรรค์แห่งอีเธอร์
5167,symbolMoney,$ %s,$ %s,$ %s,$%s,$ %s,$ %s,$ %s
5168,symbolDot,""",""",，,""",""",""",""",""", """,，,，
5169,symbolPeriod,.,。,.,.,.,。,。
5170,symbolComma,""",""",、,""",""",""",""",""", """,、,、
5171,symbolColon,：,：,：,:,:,：,：
5172,symbolRome1,Ⅰ,Ⅰ,Ⅰ,Ⅰ,Ⅰ,Ⅰ,Ⅰ
5173,symbolRome2,Ⅱ,Ⅱ,Ⅱ,Ⅱ,Ⅱ,II,Ⅱ
5174,symbolRome3,Ⅲ,Ⅲ,Ⅲ,Ⅲ,Ⅲ,Ⅲ,Ⅲ
5175,symbolRome4,Ⅳ,Ⅳ,Ⅳ,Ⅳ,Ⅳ,Ⅳ,Ⅳ
5176,symbolRome5,Ⅴ,Ⅴ,Ⅴ,Ⅴ,Ⅴ,Ⅴ,Ⅴ
5177,symbolRome6,Ⅵ,Ⅵ,Ⅵ,Ⅵ,Ⅵ,Ⅵ,Ⅵ
5178,symbolRome7,Ⅶ,Ⅶ,Ⅶ,Ⅶ,Ⅶ,Ⅶ,Ⅶ
5179,symbolRome8,Ⅷ,Ⅷ,Ⅷ,Ⅷ,Ⅷ,Ⅷ,Ⅷ
5180,symbolRome9,Ⅸ,Ⅸ,Ⅸ,Ⅸ,Ⅸ,Ⅸ,Ⅸ
5181,symbolRome10,Ⅹ,Ⅹ,Ⅹ,Ⅹ,Ⅹ,Ⅹ,Ⅹ
5182,timeString,"""{month}/{day} {hour}hrs""","""{month}月{day}日{hour}時""","""{month}/{day} {hour}hrs""","""{month} Nguyệt {day} Nhật {hour} Lúc""","""{month}월 {day}일 {hour}시""","""{mês}/{dia} {hora}horas""","""{เดือน}/{วัน} {ชั่วโมง}ชม."""
5183,timeMonthDay,"""{month}/{day}""","""{month}月{day}日""","""{month}/{day}""","""{month} Nguyệt {day} Nhật""","""{month}월 {day}일""","""{mês}/{dia}""","""{เดือน}/{วัน}"""
5184,second,%s,%s秒,%s,%s Giây,%s초,%s,%s
5185,hour,%s hrs,%s小時,%s hrs,%s Giờ,%s시간,%s horas,%s ชั่วโมง
5186,minute,%s minutes,%s分鐘,%s minutes,%s Phút,%s분,%s minutos,%s นาที
5187,day,%s days,%s天,%s days,%s Trời,%s일,%s dias,%s วัน
5188,time,Time,時間,Time,Thời gian,시간,Tempo,เวลา
5189,tenThousand,"""0,000""",萬,"""0,000""",Vạn,만,0,ล้าน
5190,hundredMillion,00 mil,億,00 mil,Ức,억,00 mil,พันล้าน
5191,discount,%s%% off,%s折,%s%% off,%s Gãy,%s%%off,%s%%off,%s%% off
5192,xi,Type,系,Type,Hệ,계,Tipo,ระบบ
5193,hotness,Hot,熱,Hot,Nóng,인기,Quente,ความร้อน
5194,limit,Limited,限,Limited,Hạn,한정,Limitado,ขีดจำกัด
5195,new,New,新,New,Mới,New,Novo,ใหม่
5196,newbieName1,Ash,小智,Ash,Satoshi,지우,Cinzas,ภูมิปัญญา
5197,newbieName2,Alain,艾嵐,Alain,Alan,알랭,Alain,อาราชิ
5198,rarity0,Normal,普通,Normal,Phổ thông,일반,Normal,ทั่วไป
5199,rarity1,Rare,稀有,Rare,Hi hữu,레어,Cru,หายาก
5200,rarity2,Epic,史詩,Epic,Sử thi,에픽,Épico,มหากาพย์
5201,rarity3,Pseudo-legendary Pokémon,准神獸,Pseudo-legendary Pokémon,Chuẩn Thần thú,준전설,Pokémon pseudo-lendários,สัตว์ร้ายกึ่งเทพ
5202,rarity4,Legendary Pokémon,神獸,Legendary Pokémon,Thần thú,전설,Pokémon Lendário,สัตว์ร้ายศักดิ์สิทธิ์
5203,rarityCard0,B-quality Pokémon,B品質精靈,B-quality Pokémon,Pokémon B,B등급 포켓몬,Pokémon de qualidade B,เอลฟ์คุณภาพ B
5204,rarityCard1,A-quality Pokémon,A品質精靈,A-quality Pokémon,Pokémon A,A등급 포켓몬,Pokémon de qualidade A,เอลฟ์คุณภาพ A
5205,rarityCard2,S-quality Pokémon,S品質精靈,S-quality Pokémon,Pokémon S,S등급 포켓몬,Pokémon de qualidade S,เอลฟ์คุณภาพ S
5206,rarityCard3,S+-quality Pokémon,S+品質精靈,S+-quality Pokémon,Pokémon S+,S+등급 포켓몬,Pokémon de qualidade S+,เอลฟ์คุณภาพ S+
5207,rarityCard4,SS-quality Pokémon,SS品質精靈,SS-quality Pokémon,Pokémon SS,SS등급 포켓몬,Pokémon de qualidade SS,เอลฟ์คุณภาพ SS
5208,rarityFrag0,Pokémon Shard,精靈碎片,Pokémon Shard,Tinh linh mảnh vỡ,포켓몬 조각,Fragmento de Pokémon,เศษเอลฟ์
5209,rarityFrag1,Pokémon Shard,精靈碎片,Pokémon Shard,Tinh linh mảnh vỡ,포켓몬 조각,Fragmento de Pokémon,เศษเอลฟ์
5210,rarityFrag2,Pokémon Shard,精靈碎片,Pokémon Shard,Tinh linh mảnh vỡ,포켓몬 조각,Fragmento de Pokémon,เศษเอลฟ์
5211,rarityFrag3,Pokémon Shard,精靈碎片,Pokémon Shard,Tinh linh mảnh vỡ,포켓몬 조각,Fragmento de Pokémon,เศษเอลฟ์
5212,rarityFrag4,Pokémon Shard,精靈碎片,Pokémon Shard,Tinh linh mảnh vỡ,포켓몬 조각,Fragmento de Pokémon,เศษเอลฟ์
5213,normalItem,Common items,一般道具,Common items,Đạo cụ,노말 아이템,Itens comuns,เศษเอลฟ์
5214,specialItem,Rare item,稀有道具,Rare item,Hi hữu đạo cụ,레어 아이템,Item raro,ทั่วไป
5215,diamond,Diamond,鑽石,Diamond,Kim cương,다이아,Diamante,หายาก
5216,rarityHeldItem0,Uncommon Held Item,綠色攜帶道具,Uncommon Held Item,Held Item Lục,초록색 휴대 아이템,Item incomum mantido,เพชร
5217,rarityHeldItem1,Rare Held Item,藍色攜帶道具,Rare Held Item,Held Item Lam,파란색 휴대 아이템,Item raro mantido,กระเป๋าสัมภาระสีเขียว
5218,rarityHeldItem2,Epic Held Item,紫色攜帶道具,Epic Held Item,Held Item Tím,보라색 휴대 아이템,Item épico mantido,กระเป๋าสัมภาระสีน้ำเงิน
5219,attrPvpDamageAdd,PVP ATK bonus,PVP傷害加成,PVP ATK bonus,Tăng sức mạnh sát thương PVP,PVP 피해 보너스,Bônus de ATK PVP,ไอเทมกระเป๋าสัมภาระสีม่วง
5220,attrPvpDamageSub,PVP DMG reduction,PVP傷害減免,PVP DMG reduction,Giảm sát thương PvP,PVP 피해 감소율,Redução de DMG de PVP,เพิ่มความเสียหาย PVP
5221,trainerPrivilege22,Free No. of dispatch quest refreshes +,派遣任務免費刷新次數+,Free No. of dispatch quest refreshes +,Số lần làm mới nhiệm vụ điều động miễn phí+,파견 퀘스트 무료 갱신 횟수 +,Nº gratuito de atualizações de missões de despacho +,ลดความเสียหาย PVP
5222,trainerPrivilege13,Get additional coins from treasure pot +,聚寶獲得金幣額外+,Get additional coins from treasure pot +,Thêm vàng từ Kho báu,보물단지 코인 획득 추가 +,Obtenha moedas adicionais do pote do tesouro +,เวลาการรีเฟรชฟรีสำหรับภารกิจการจัดส่ง+
5223,trainerPrivilege15,Get additional coins from coin dungeon +,金幣副本獲得金幣額外+,Get additional coins from coin dungeon +,Thêm vàng từ phụ bản vàng+,코인 던전 획득 코인 추가 +,Obtenha moedas adicionais no calabouço de moedas +,พิเศษ + สำหรับเหรียญทองที่ได้รับจากการรวบรวมสมบัติ
5224,trainerPrivilege24,Gift Dungeon drops increases,禮物副本產出增加,Gift Dungeon drops increases,Tăng phần thưởng từ sự kiện quà tặng.,선물 던전 생산 증가,Aumento de drops de Gift Dungeon,สำเนาเหรียญทองได้รับเหรียญทองพิเศษ +
5225,serverArea,Server,區,Server,Quận,서버,Servidor,เพิ่มผลผลิตสำเนาของขวัญ
5226,serverAutoChooseNew,Recommended server:,自動推薦伺服器：,Recommended server:,Server đề xuất tự động:,자동 추천 서버:,Servidor recomendado:,เขต
5227,serverRegisterDisable,The server has closed the registration. Please proceed to the latest server to have the best game experience!,該伺服器已關閉註冊，請前往最新伺服器體驗最優遊戲！,The server has closed the registration. Please proceed to the latest server to have the best game experience!,"Server đã đóng đăng ký, vui lòng đến server mới nhất để có trải nghiệm tốt nhất!",서버가 이미 닫혔습니다. 최신 서버를 선택하세요.,"O servidor fechou o registro. Por favor, prossiga para o servidor mais recente para ter a melhor experiência de jogo!",เซิร์ฟเวอร์ที่แนะนำโดยอัตโนมัติ:
5228,rarityTanxian1,Uncommon component,綠色組件,Uncommon component,Thành phần màu xanh lá,초록색 부품,Componente incomum,เซิร์ฟเวอร์นี้ปิดให้ลงทะเบียนแล้ว โปรดไปที่เซิร์ฟเวอร์ล่าสุดเพื่อสัมผัสประสบการณ์เกมที่ดีที่สุด! ส่วนประกอบสีเขียว
5229,rarityTanxian2,Rare Component,藍色組件,Rare Component,Mảnh ghép xanh lam,파란색 부품,Componente Raro,ส่วนประกอบสีน้ำเงิน
5230,rarityTanxian3,Epic Component,紫色組件,Epic Component,Thành phần màu tím,보라색 부품,Componente épico,สีม่วง
5231,rarityTanxian4,Legendary Component,橙色組件,Legendary Component,Thành phần màu cam,주황색 부품,Componente Lendário,ส่วนประกอบสีส้ม
5232,tanxianItem,Explorer Component,探險零件,Explorer Component,Phần thưởng phiêu lưu,탐험 부품,Componente Explorer,ส่วนประกอบของการเดินทาง
5233,starItem,Emerald Star Stone,翡翠星石,Emerald Star Stone,Mảnh Ngọc Lục Bảo,에메랄드 성석,Pedra Estrela Esmeralda,หินดาวมรกต
5234,juexingItem,Jewelry Awakening Props,飾品覺醒道具,Jewelry Awakening Props,Đồ dùng Z-Move phụ kiện,액세서리 각성 아이템,Adereços de Despertar de Jóias,อุปกรณ์ปลุกพลังอัญมณี
5235,symbolBracketLeft,(,（,(,(,(,(,(
5236,symbolBracketRight,),）,),）,),),)
5237,symbolSquareBracketLeft,[,【,[,[,[,[,[
5238,symbolSquareBracketRight,],】,],】,],],】
5239,emojiTab1,Default,默認,Default,Ngầm thừa nhận,기본,Padrão,ค่าเริ่มต้น
5240,emojiTab2,Funny,搞怪,Funny,Naughty,괴상,Engraçado,แปลกประหลาด
5241,symbolNumber1,One,一,One,Một,1,Um,หนึ่ง
5242,symbolNumber2,Two,二,Two,Hai,2,Dois,สอง
5243,symbolNumber3,3,三,3,Ba,3,Três,สาม
5244,symbolNumber4,4,四,4,Bốn,4,Quatro,สี่
5245,symbolNumber5,5,五,5,Năm,5,Cinco,ห้า
5246,symbolNumber6,6,六,6,Sáu,6,Seis,หก
5247,symbolNumber7,7,七,7,Bảy,7,Sete,เจ็ด
5248,symbolNumber8,8,八,8,Tám,8,Oito,แปด
5249,symbolNumber9,9,九,9,Chín,9,Nove,เก้า
5250,symbolNumber10,10,十,10,Mười,10,Dez,สิบ
5251,iconNumBest,404404,天量,404404,404404,404404,Infinito,จำนวนสวรรค์
5252,rose,404404,玫,404404,404404,404404,Rosa,กุหลาบ
5253,roseText,404404,玫紅,404404,404404,404404,Rosa vermelha,กุหลาบ
,,,,,,,,
,,,,,,,,
5500,auth_error,Please login again,請重新登入,Please login again,Mời một lần nữa đăng nhập,다시 로그인하세요.,"Por favor, faça login novamente",กรุณาเข้าสู่ระบบอีกครั้ง
5501,network_lost,"""Network error, please try again""",網路錯誤，請重試,"""Network error, please try again""","Mạng lưới sai lầm, mời thử lại","""네트워크 연결 오류, 다시 시도하세요.""","Erro de rede, tente novamente",ข้อผิดพลาดของเครือข่าย กรุณาลองอีกครั้ง
5502,process_task_error,Error,出錯了,Error,Sai lầm,오류 발생,Erro,ข้อผิดพลาด
5503,network_interrupted,"""Network error, please try again""",網路出問題了，請重試,"""Network error, please try again""","Mạng lưới xảy ra vấn đề, mời thử lại","""네트워크 오류, 다시 시도하세요.""","Erro de rede, tente novamente",ข้อผิดพลาดของเครือข่าย กรุณาลองอีกครั้ง
5504,raise_exception,I made a mistake,我犯了個錯,I made a mistake,Ta phạm vào cái sai,실수를 했네요,Eu cometi um erro,ฉันทำผิดพลาด
5505,feedBackSuccess,We've received your feedback.,您的回饋我們已收到！,We've received your feedback.,Chúng tôi đã nhận được phản hồi của bạn!,유저님의 문의를 받았습니다.,Recebemos seu feedback.,เราได้รับคำติชมของคุณแล้ว
5506,feedBackFail,"""Error in submitting feedback, please contact us through other methods!""",當前回饋存在異常，請通過其他方式與我們聯繫！,"""Error in submitting feedback, please contact us through other methods!""","Có sự cố trong phản hồi hiện tại, vui lòng liên hệ với chúng tôi qua các kênh khác!",문의 내용에 오류가 있습니다. 다른 방식으로 연락하세요!,"Erro ao enviar feedback, entre em contato conosco por outros métodos!",เกิดข้อผิดพลาดในการส่งข้อเสนอแนะ กรุณาติดต่อเราผ่านช่องทางอื่น!
5507,feedBackTooMany,"""You've sent too many feedback today, please send again tomorrow!""",您今日回饋數量過多，請明日再發！,"""You've sent too many feedback today, please send again tomorrow!""",Bạn đã gửi quá nhiều phản hồi hôm nay. Vui lòng thử lại vào ngày mai!,오늘의 문의 횟수가 너무 많습니다. 내일 다시 시도하세요!,"Você enviou muitos comentários hoje, por favor envie novamente amanhã!",วันนี้คุณส่งข้อเสนอแนะมากเกินไป กรุณาส่งอีกครั้งในวันพรุ่งนี้!
5508,patch_error,"""New version is available, please restart the game""",有新版本，請重啟遊戲,"""New version is available, please restart the game""",Phiên bản mới đã có. Vui lòng khởi động lại trò chơi.,새로운 버전이 있습니다. 게임을 재시작하세요.,"Nova versão disponível, reinicie o jogo",มีเวอร์ชันใหม่แล้ว กรุณาเริ่มเกมใหม่อีกครั้ง
5509,cheat_error,"""Data error, please move the hacking tool!""",資料異常，請關閉作弊工具！,"""Data error, please move the hacking tool!""","Dữ liệu bất thường, vui lòng tắt các công cụ gian lận!","""데이터 오류, 비승인 프로그램을 종료하세요!""","Erro de dados, mova a ferramenta de hacking!",“ข้อมูลผิดพลาด กรุณาย้ายเครื่องมือแฮ็ค!”
5510,serverCloseTime,"Trial has ended, do join QQ chat group: 87229733 to get more information of the game!",測試已經結束，加官方Q群：687229733瞭解遊戲更多資訊！,"Trial has ended, do join QQ chat group: 87229733 to get more information of the game!","Test đã kết thúc, thêm nhóm Q chính thức: 687229733 tìm hiểu thêm thông tin trò chơi!",테스트가 이미 종료되었습니다. 공식 웹사이트를 확인하세요. 더 많은 게임 정보를 얻을 수 있습니다!,"O teste terminou, entre no grupo de bate-papo QQ: 87229733 para obter mais informações sobre o jogo!",ช่วงทดลองเล่นสิ้นสุดลงแล้ว โปรดเข้าร่วมกลุ่มแชท QQ: 87229733 เพื่อรับข้อมูลเพิ่มเติมเกี่ยวกับเกม!
5511,server_maintain,"The current server is in maintenance, please follow the official QQ chat group and announcement for more details",當前伺服器正在維護中，請關注官方臉書和公告相關內容,"The current server is in maintenance, please follow the official QQ chat group and announcement for more details","Server đang bảo trì, vui lòng theo dõi nhóm Q và thông báo liên quan",현재 서버 점검 중입니다. 공식 웹사이트의 공지사항을 확인하세요.,"O servidor atual está em manutenção, siga o grupo de bate-papo oficial do QQ e o anúncio para mais detalhes",เซิร์ฟเวอร์ปัจจุบันกำลังอยู่ในระหว่างการบำรุงรักษา โปรดติดตามกลุ่มแชท QQ อย่างเป็นทางการและประกาศเพื่อดูรายละเอียดเพิ่มเติม
5512,ltask_running,Please try again later,請稍後重試,Please try again later,Vui lòng thử lại sau.,잠시 후 다시 시도하세요.,"Por favor, tente novamente mais tarde",กรุณาลองใหม่อีกครั้งในภายหลัง
,,,,,,,,
,,,,,,,,
6000,view_test,Define the respective UI for the client after 6000,6000之後給用戶端各自UI定義,Define the respective UI for the client after 6000,Định nghĩa giao diện người dùng (UI) riêng cho từng client sau 6000.,6000 이후 클라이언트 UI 설정,Defina a respectiva IU para o cliente após 6000,กำหนด UI ที่เกี่ยวข้องสำหรับไคลเอนต์หลังจาก 6000
,,,,,,,,
6001,spaceSell,Sell,出 售,Sell,Ra Bán,판 매,Vender,ขาย
6002,spaceOpen,Open,打 開,Open,Đánh Mở,열 기,Abrir,เปิด
6003,spaceUse,Use,使 用,Use,Làm Dùng,사 용,Usar,ใช้
6004,spaceSend,Gift,贈 送,Gift,Tặng Đưa,증 정,Presente,ของขวัญ
6005,spaceBuy,Buy,購 買,Buy,Mua Mua,구 매,Comprar,ซื้อ
6006,spaceReceive,Claim,領 取,Claim,Lĩnh Lấy,수 령,Alegar,เรียกร้อง
6007,spaceEquip,Equip,裝 備,Equip,Trang Chuẩn bị,장 비,Equipar,อุปกรณ์
6008,spaceRecharge,Purchase,儲 值,Purchase,Mạo xưng Giá trị,충 전,Comprar,ซื้อ
6009,spacePrivilege,Privilege,特 權,Privilege,Đặc biệt Quyền,특 권,Privilégio,สิทธิพิเศษ
6010,spaceGuild,Union,公 會,Union,Công Sẽ,길 드,União,สหภาพแรงงาน
6011,spaceGlory,Honor,榮 耀,Honor,Vinh Diệu,명 예,Honra,ให้เกียรติ
6012,spacePvp,Arena,競 技,Arena,Cạnh Kỹ,아레나,Arena,สนามกีฬา
6013,spaceSpecial,Special,特 殊,Special,Đặc biệt Khác biệt,특 수,Especial,พิเศษ
6014,spaceAll,All,全 部,All,Toàn Bộ,전 체,Todos,ทั้งหมด
6015,spaceMaterial,Material,材 料,Material,Tài Liệu,재 료,Material,วัสดุ
6016,spaceFragment,Shard,碎 片,Shard,Nát Phiến,조 각,Fragmento,เศษชิ้นส่วน
6017,spaceDaily,Daily,日 常,Daily,Nhật Thường,일 일,Diário,รายวัน
6018,spaceMainLine,Main,主 線,Main,Chủ Tuyến,메 인,Principal,หลัก
6019,spaceRefuse,Reject,拒 絕,Reject,Cự Tuyệt,거 절,Rejeitar,ปฏิเสธ
6020,spaceAccept,Accept,接 受,Accept,Tiếp Thụ,수 락,Aceitar,ยอมรับ
6021,spaceApply,Apply,申 請,Apply,Thân Mời,신 청,Aplicar,นำมาใช้
6022,spaceEat,Feed,食 用,Feed,Ăn Dùng,식 용,Alimentar,ให้อาหาร
6023,spaceAgainEat,Reclaim,補 領,Reclaim,Bổ Lĩnh,수 령,Recuperar,เรียกคืน
6024,signIn,Sign-in,簽到,Sign-in,Đánh dấu,출석체크,Entrar,เข้าสู่ระบบ
6025,rank,Ranking,排行,Ranking,Xếp hạng,순위,Classificação,การจัดอันดับ
6026,shop,Shop,商店,Shop,Cửa hàng,상점,Comprar,ร้านค้า
6027,drawCard,Draw,抽卡,Draw,Rút thẻ,뽑기,Empate,วาด
6028,handbook,Pokédex,圖鑒,Pokédex,Đồ giám,도감,Pokédex,โปเกเด็กซ์
6029,develop,Training,養成,Training,Dưỡng thành,육성,Treinamento,การฝึกอบรม
6030,card,Pokémon,精靈,Pokémon,Tinh linh,포켓몬,Pokémon,โปเกม่อน
6031,pvp,Arena,競技,Arena,Thi đấu,아레나,Arena,สนามกีฬา
6032,adventure,Adventure,冒險,Adventure,Mạo hiểm,모험,Aventura,การผจญภัย
6033,vipGift,Privilege Pack,特權禮包,Privilege Pack,Đặc quyền gói quà,특권 선물,Pacote Privilégio,แพ็กสิทธิพิเศษ
6034,cost,Use,消耗,Use,Tiêu hao,소모,Usar,ใช้
6035,tips,Tip,提示,Tip,Nhắc nhở,알림,Dica,เคล็ดลับ
6036,recharge,Purchase,儲值,Purchase,Nạp tiền,충전,Comprar,ซื้อ
6037,privilege,Privilege,特權,Privilege,Đặc quyền,특권,Privilégio,สิทธิพิเศษ
6038,recieveMail,Receive mail,收信,Receive mail,Thu thư,수신,Receber correio,รับจดหมาย
6039,sendMail,Write a letter,寫信,Write a letter,Viết thư,보내기,Escreva uma carta,เขียนจดหมาย
6040,nofication,Notice,通知,Notice,Thông tri,알림,Perceber,สังเกต
6041,system,System,系統,System,Hệ thống,시스템,Sistema,ระบบ
6042,player,Trainer,玩家,Trainer,Người chơi,유저,Treinador,เทรนเนอร์
6043,guild,Union,公會,Union,Công hội,길드,União,สหภาพแรงงาน
6044,gainGold,Treasure Pot,聚寶,Treasure Pot,Tụ bảo,보물단지,Pote de Tesouro,หม้อสมบัติ
6045,fighting,C.P.,戰鬥力,C.P.,Sức chiến đấu,전투력,PC,ซีพี
6046,lastOnline,Last online,最後線上,Last online,Cuối cùng online,마지막 접속,Último online,ออนไลน์ครั้งสุดท้าย
6047,level,Level,等級,Level,Đẳng cấp,레벨,Nível,ระดับ
6048,daily,Daily,日常,Daily,Thường ngày,일상,Diário,รายวัน
6049,collectRate,Collection rate,收藏率,Collection rate,Cất giữ suất,수집률,Taxa de coleta,อัตราการเก็บ
6050,myFriend,Friends,我的好友,Friends,Hảo hữu của ta,내 친구,Amigos,เพื่อน
6051,friendApply,Friend request,好友申請,Friend request,Hảo hữu xin,친구 신청,Pedido de amizade,คำขอเป็นเพื่อน
6052,addFriend,Add friend,添加好友,Add friend,Tăng thêm hảo hữu,친구 추가,Adicionar amigo,เพิ่มเพื่อน
6053,upgrade,Level,升級,Level,Thăng cấp,레벨업,Nível,ระดับ
6054,back,Back,返回,Back,Trở về,돌아가기,Voltar,กลับ
6055,attribute,Type,屬性,Type,Thuộc tính,타입,Tipo,พิมพ์
6056,nvalue,Individual Value,個體值,Individual Value,Cá thể giá trị,개체값,Valor Individual,มูลค่ารายบุคคล
6057,advance,Breakthrough,突破,Breakthrough,Đột phá,돌파,Avanço,ความก้าวหน้า
6058,star,Star,星級,Star,Tinh cấp,성급,Estrela,ดาว
6059,skill,Skill,技能,Skill,Kỹ năng,스킬,Habilidade,ทักษะ
6060,accessories,Trinket,飾品,Trinket,Trang sức,액세서리,bugiganga,เครื่องประดับ
6061,rarity,Rarity,稀有度,Rarity,Hi hữu độ,희귀도,Raridade,ความหายาก
6062,getTime,Time,獲取時間,Time,Thu hoạch thời gian,획득 시간,Tempo,เวลา
6063,numberPieces,Shard quantity,碎片數量,Shard quantity,Mảnh vỡ số lượng,조각 수량,Quantidade de fragmentos,ปริมาณเศษชิ้นส่วน
6064,collectDegrees,Collection progress,收集度,Collection progress,Thu thập độ,수집 진도,Progresso da coleta,ความคืบหน้าการรวบรวม
6065,world,Global,世界,Global,Thế giới,월드,Global,ทั่วโลก
6066,privateChat,Message,私聊,Message,Nói chuyện riêng,귓속말,Mensagem,ข้อความ
6067,formTeam,Form a team,組隊,Form a team,Tổ đội,파티,Forme uma equipe,จัดตั้งทีม
6068,activity,Event,活動,Event,Hoạt động,이벤트,Evento,เหตุการณ์
6069,commonUse,Common,常用,Common,Thường dùng,상용,Comum,ทั่วไป
6070,default,Default,默認,Default,Ngầm thừa nhận,기본,Padrão,ค่าเริ่มต้น
6071,mainline,Main,主線,Main,Chủ tuyến,메인,Principal,หลัก
6072,supermarket,Shop,商城,Shop,Thương thành,상점,Comprar,ร้านค้า
6073,getplay,How to play,獲取玩法,How to play,Thu hoạch cách chơi,획득 방법,Como jogar,วิธีการเล่น
6074,mopUp,Blitz,掃 蕩,Blitz,Quét Đãng,소 탕,Blitz,บลิทซ์
6075,leaveFor,Proceed,前 往,Proceed,Trước Hướng,이 동,Prosseguir,ดำเนินการ
6076,notOpen,Locked,未開啟,Locked,Chưa mở ra,미개방,Bloqueado,ล็อค
6077,ranking,Rank,排名,Rank,Xếp hạng,랭킹,Classificação,อันดับ
6078,training,Passport,冒險執照,Passport,Mạo hiểm giấy phép,모험 허가증,Passaporte,หนังสือเดินทาง
6079,power,C.P.,戰力,C.P.,Chiến lực,전투력,PC,ซีพี
6080,team,Team,隊伍,Team,Đội ngũ,파티,Equipe,ทีม
6081,unlockSprite,Unlock Pokémon,解鎖精靈,Unlock Pokémon,Giải tỏa tinh linh,포켓몬 개방,Desbloquear Pokémon,ปลดล็อคโปเกมอน
6082,bag,Bag,背包,Bag,Ba lô,가방,Bolsa,ถุง
6083,all,All,全部,All,Toàn bộ,전부,Todos,ทั้งหมด
6084,consumable,Consumables,消耗品,Consumables,Tiêu hao phẩm,소모품,Consumíveis,สินค้าสิ้นเปลือง
6085,material,Material,材料,Material,Vật liệu,재료,Material,วัสดุ
6086,equip,Equipment,裝備,Equipment,Trang bị,장비,Equipamento,อุปกรณ์
6087,fragment,Shard,碎片,Shard,Mảnh vỡ,조각,Fragmento,เศษชิ้นส่วน
6088,carryItem,Held Items,攜帶道具,Held Items,Mang theo đạo cụ,휴대 아이템,Itens retidos,รายการที่ถืออยู่
6089,task,Quest,任務,Quest,Nhiệm vụ,퀘스트,Busca,ภารกิจ
6090,rankList,Ranking,排行榜,Ranking,Bảng xếp hạng,순위 차트,Classificação,การจัดอันดับ
6091,friend,Friends,好友,Friends,Hảo hữu,친구,Amigos,เพื่อน
6092,glory,Honor,榮耀,Honor,Vinh quang,명예,Honra,ให้เกียรติ
6093,special,Special,特殊,Special,Đặc thù,특수,Especial,พิเศษ
6094,refreshSuccessful,Refreshed successfully,刷新成功,Refreshed successfully,Đổi mới thành công,갱신 성공,Atualizado com sucesso,รีเฟรชสำเร็จแล้ว
6095,hasBuy,Purchased,已購買,Purchased,Đã mua,구매완료,Comprado,ซื้อแล้ว
6096,received,Claimed,已領取,Claimed,Đã nhận lấy,수령 완료,Reivindicado,อ้างสิทธิ์แล้ว
6097,rechargeSuccess,Purchase successfully,儲值成功,Purchase successfully,Nạp tiền thành công,충전 성공,Compra realizada com sucesso,สั่งซื้อสำเร็จแล้ว
6098,staminaSendSucceful,Gifted successfully,贈送成功,Gifted successfully,Đưa tặng thành công,선물 성공,Dotado com sucesso,ได้รับพรสวรรค์สำเร็จ
6099,combSuccess,Successfully combined,合成成功,Successfully combined,Hợp thành thành công,합성 성공,Combinado com sucesso,รวมเข้าด้วยกันสำเร็จ
6100,sendSuccessful,Sent successfully!,發送成功了,Sent successfully!,Gửi đi thành công,발송 성공,Enviado com sucesso!,ส่งเรียบร้อยแล้ว!
6101,staminaBuySuccess,Energy purchase successfully,購買體力成功,Energy purchase successfully,Mua thể lực thành công,체력 구매 성공,Compra de energia com sucesso,ซื้อพลังงานสำเร็จแล้ว
6102,commonVipMax,"""%s has reached the maximum VIP limit today, please come back tomorrow""",今日%s次數已達到最高VIP上限，請明日再來,"""%s has reached the maximum VIP limit today, please come back tomorrow""","Hôm nay %s Số lần đã đạt tới tối cao VIP Hạn mức cao nhất, mời ngày mai lại đến",오늘 %s 횟수가 이미 VIP 한도에 도달했습니다. 내일 다시 오세요.,"%s atingiu o limite máximo de VIP hoje, volte amanhã",%s ได้ถึงขีดจำกัด VIP สูงสุดแล้วในวันนี้ โปรดกลับมาอีกครั้งในวันพรุ่งนี้
6103,commonTodayMax,You've reached the maximum %s today,已達到今日%s上限,You've reached the maximum %s today,Đã đạt tới hôm nay %s Hạn mức cao nhất,이미 오늘의 %s 한도에 도달했습니다.,Você atingiu o máximo de %s hoje,คุณถึงจำนวนสูงสุด %s แล้วในวันนี้
6104,commonVipIncrease,Upgrade VIP level to increase %s No. of times,提升VIP等級可增加%s次數,Upgrade VIP level to increase %s No. of times,Tăng lên VIP Đẳng cấp có thể gia tăng %s Số lần,VIP 레벨업 시 %s 횟수 증가,Atualize o nível VIP para aumentar %s Número de vezes,อัพเกรดระดับ VIP เพื่อเพิ่ม %s จำนวนครั้ง
6105,inBlacklist,Special characters are not allowed,不能包含特殊字元,Special characters are not allowed,Không thể bao hàm đặc thù ký tự,특수문자를 포함할 수 없습니다.,Caracteres especiais não são permitidos,ไม่อนุญาตให้ใช้ตัวอักษรพิเศษ
6106,hasSpaceBothEnds,Empty spaces not allowed at the beginning and the end of the word,不允許頭尾空格,Empty spaces not allowed at the beginning and the end of the word,Không cho phép đầu đuôi khoảng trắng,첫 글자에 빈칸을 쓸 수 없습니다.,Espaços vazios não são permitidos no início e no fim da palavra,ห้ามเว้นวรรคตอนต้นและตอนท้ายคำ
6107,inputNewName,Please enter your new nickname.,請輸入新的昵稱喲,Please enter your new nickname.,Vui lòng nhập biệt danh mới.,새로운 닉네임을 입력하세요.,"Por favor, insira seu novo apelido.",กรุณากรอกชื่อเล่นใหม่ของคุณ
6108,noContainSpecailChar,Special characters are prohibited,禁止包含特殊字元,Special characters are prohibited,Cấm chỉ bao hàm đặc thù ký tự,특수문자를 포함할 수 없습니다.,Caracteres especiais são proibidos,ห้ามใช้ตัวอักษรพิเศษ
6109,noChangeName,Name remains unchanged.,名字沒有發生變化,Name remains unchanged.,Tên không thay đổi.,이름에 변화가 없습니다.,O nome permanece inalterado.,ชื่อยังคงไม่เปลี่ยนแปลง
6110,useSuccess,Used successfully!,使用成功,Used successfully!,Sử dụng thành công,사용 성공,Usado com sucesso!,ใช้แล้วสำเร็จ!
6111,sellSuccess,Sold!,出售成功,Sold!,Bán thành công,판매 성공,Vendido!,ขายแล้ว!
6112,noRead,"""Unread, unable to perform any actions""",未讀，無法操作,"""Unread, unable to perform any actions""","Chưa đọc, không cách nào thao tác",읽지 않아 조작할 수 없습니다.,"Não lido, incapaz de executar qualquer ação",“ไม่ได้อ่าน ไม่สามารถดำเนินการใดๆ ได้”
6113,vipNotEnough,"""Insufficient VIP level, please upgrade it first""",vip等級不足，請先提升vip等級,"""Insufficient VIP level, please upgrade it first""","vip Cấp bậc chưa đủ, mời trước tăng lên vip Đẳng cấp",VIP레벨이 부족합니다.,"Nível VIP insuficiente, atualize-o primeiro",ระดับ VIP ไม่เพียงพอ กรุณาอัปเกรดก่อน
6114,noDiamondGoRecharge,"""Insufficient diamonds, you may buy it from the purchase interface""",鑽石不足，可在儲值介面進行儲值,"""Insufficient diamonds, you may buy it from the purchase interface""","Kim cương không đủ, nhưng tại nạp tiền giao diện tiến hành nạp tiền",다이아가 부족합니다. 충전 메뉴에서 충전을 진행할 수 있습니다.,"Diamantes insuficientes, você pode comprá-los na interface de compra",เพชรไม่เพียงพอ คุณสามารถซื้อได้จากอินเทอร์เฟซการซื้อ
6115,noDiamondRefresh,"""Insufficient diamond, failed to refresh""",鑽石不足，刷新失敗,"""Insufficient diamond, failed to refresh""","Kim cương không đủ, đổi mới thất bại","""다이아 부족, 갱신 실패""","Diamante insuficiente, falha na atualização",“เพชรไม่เพียงพอ ไม่สามารถรีเฟรชได้”
6116,refreshLimit,"""You have run out of refreshes today, please try again later""",今日刷新次數已用完，請改日再試,"""You have run out of refreshes today, please try again later""","Hôm nay đổi mới số lần đã sử dụng hết, mời ngày khác thử lại",오늘의 갱신 횟수를 모두 사용했습니다.,"Você ficou sem atualizações hoje, tente novamente mais tarde",วันนี้การรีเฟรชของคุณหมดลงแล้ว โปรดลองอีกครั้งในภายหลัง
6117,noDiamondGoBuy,"""You don't have enough diamonds, purchase it now?""",當前鑽石不足，是否前往購買？,"""You don't have enough diamonds, purchase it now?""","Trước mắt kim cương không đủ, phải chăng tiến về mua?",다이아가 부족합니다. 구매하겠습니까?,"Você não tem diamantes suficientes, compra agora?",“คุณมีเพชรไม่เพียงพอ ซื้อตอนนี้เลยไหม?”
6118,notReachedCannotGet,"""Requirements not met, unable to claim it""",條件未達成，無法領取,"""Requirements not met, unable to claim it""","Điều kiện chưa đạt thành, không cách nào nhận lấy",조건을 달성하지 못해 수령할 수 없습니다.,"Requisitos não atendidos, não é possível reivindicá-lo",“ไม่เป็นไปตามข้อกำหนด ไม่สามารถเรียกร้องได้”
6119,showVip,Check VIP,檢視VIP,Check VIP,Xem xét VIP,VIP 보기,Verifique VIP,เช็ค VIP
6120,canNotEmpty,Cannot be empty,不能為空,Cannot be empty,Không thể vì không,비울 수 없습니다.,Não pode estar vazio,ไม่สามารถว่างเปล่าได้
6121,buyItem,Purchase item,購買物品,Purchase item,Mua vật phẩm,아이템 구매,Comprar item,ซื้อสินค้า
6122,sellItem,Sell item,出售物品,Sell item,Bán ra vật phẩm,판매 아이템,Vender item,ขายสินค้า
6123,useItem,Use item,使用物品,Use item,Sử dụng vật phẩm,아이템 사용,Usar item,ใช้รายการ
6124,openItem,Open item,打開物品,Open item,Mở ra vật phẩm,아이템 열기,Item aberto,เปิดรายการ
6125,activityDaily,(Daily event),（每日活動）,(Daily event),( Mỗi ngày hoạt động ),(일일 이벤트),(Evento diário),(กิจกรรมรายวัน)
6126,activityOver,Event has ended,活動已結束,Event has ended,Hoạt động đã kết thúc,이벤트 종료,O evento terminou,กิจกรรมสิ้นสุดแล้ว
6127,activityLeftTime,Event time:,剩餘時間:,Event time:,Còn thừa thời gian:,남은 시간:,Horário do evento:,เวลากิจกรรม:
6128,makeSureBuy,Are you sure you wanna purchase it?,是否確認購買？,Are you sure you wanna purchase it?,Phải chăng xác nhận mua?,구매하겠습니까?,Tem certeza de que deseja comprá-lo?,คุณแน่ใจว่าต้องการซื้อหรือไม่?
6129,rechargeFirstExtra,Extra %d diamonds,首儲額外獲得%d鑽石,Extra %d diamonds,Thủ mạo xưng ngoài định mức thu hoạch được %d Kim cương,첫 충전 시 추가로 %d 다이아 획득,%s diamantes extras,เพชรพิเศษ %s
6130,sureBuyVipGift,Are you sure you want to buy the V%d Super Value Pack?,確認購買V%d超值禮包麼？,Are you sure you want to buy the V%d Super Value Pack?,Xác nhận mua V%d Siêu giá trị gói quà a?,V%d 초특가 패키지를 구매하겠습니까?,Tem certeza de que deseja comprar o V%s Super Value Pack?,คุณแน่ใจหรือไม่ว่าต้องการซื้อ V%s Super Value Pack?
6131,needJoinGuild,"""Unable to use union mail feature, please try again after joining a union""",無法使用公會郵件，請加入公會後再試,"""Unable to use union mail feature, please try again after joining a union""","Không cách nào sử dụng công hội bưu kiện, xin gia nhập công hội sau thử lại",길드 우편을 사용할 수 없습니다. 길드에 가입한 후 다시 시도하세요.,Não é possível usar o recurso de correspondência do sindicato. Tente novamente após ingressar em um sindicato,“ไม่สามารถใช้ฟีเจอร์จดหมายสหภาพได้ กรุณาลองอีกครั้งหลังจากเข้าร่วมสหภาพแล้ว”
6132,noMail,No mails to claim for now,暫無郵件可領取,No mails to claim for now,Tạm thời chưa có bưu kiện nhưng nhận lấy,수령할 수 있는 우편이 없습니다.,Nenhum e-mail para reivindicar por enquanto,ไม่มีเมล์ให้เรียกร้องในตอนนี้
6133,mailLimit,You've sent the maximum No. of mails today,今日郵件發送次數已達上限,You've sent the maximum No. of mails today,Hôm nay bưu kiện gửi đi số lần đã đạt hạn mức cao nhất,오늘의 우편 발송 횟수가 이미 한도에 도달했습니다.,Você enviou o número máximo de e-mails hoje,คุณได้ส่งเมล์จำนวนสูงสุดในวันนี้
6134,itemSellOut,"""The item has sold out, please be patient while it is being restocked""",當前物品已售罄，請耐心等待進貨,"""The item has sold out, please be patient while it is being restocked""","Trước mắt vật phẩm đã bán sạch, mời kiên nhẫn chờ đợi nhập hàng",현재 아이템이 이미 판매되었습니다. 보충을 기다려 주세요.,"O item está esgotado, aguarde enquanto ele é reabastecido",สินค้าหมดสต๊อก กรุณารอสักครู่ระหว่างการสต๊อกสินค้า
6135,noRetroactive,You don't have to sign in for previous days,暫不需要補簽,You don't have to sign in for previous days,Không cần bù lệ phí vắng mặt.,보충 출석이 필요하지 않습니다.,Não é necessário fazer login para dias anteriores,คุณไม่จำเป็นต้องลงชื่อเข้าใช้ในวันก่อนหน้า
6136,gainGoldMultiple,%d x CRI DMG,%d倍暴擊,%d x CRI DMG,%d Lần bạo kích,%d배 크리티컬,%sx CRI DMG,%sx CRI ความเสียหาย
6137,noFriendCanGive,You do not have any friends to gift,沒有可贈送的好友,You do not have any friends to gift,Không có bạn bè nào để tặng.,선물할 수 있는 친구가 없습니다.,Você não tem amigos para presentear,คุณไม่มีเพื่อนที่จะให้ของขวัญ
6138,staminaGetSuccessful,Energy claimed successfully,體力領取成功,Energy claimed successfully,Thể lực nhận lấy thành công,체력 수령 성공,Energia reivindicada com sucesso,เรียกร้องพลังงานสำเร็จแล้ว
6139,noStaminaCanGet,No energy to be claimed,暫無體力可領取,No energy to be claimed,Tạm thời chưa có thể lực nhưng nhận lấy,수령할 수 있는 체력이 없습니다.,Nenhuma energia a ser reivindicada,ไม่มีพลังงานที่จะเรียกร้อง
6140,addFriendSuccessful,Add as friend,成功添加好友,Add as friend,Thành công tăng thêm hảo hữu,친구 추가 성공,Adicionar como amigo,เพิ่มเป็นเพื่อน
6141,addFriendLimit,You've reached the maximum No. of friends and can't send any more requests,好友數量已達上限，申請失敗,You've reached the maximum No. of friends and can't send any more requests,"Hảo hữu số lượng đã đạt hạn mức cao nhất, xin thất bại",친구 수가 이미 한도에 도달했습니다.,Você atingiu o número máximo de amigos e não pode enviar mais solicitações,คุณถึงจำนวนเพื่อนสูงสุดแล้วและไม่สามารถส่งคำขอเพิ่มเติมได้อีก
6142,addFriendWait,"""Friend request sent, please wait for the acceptance""",已發送好友申請，請等待對方同意,"""Friend request sent, please wait for the acceptance""","Đã gửi đi hảo hữu xin, xin chờ đợi đối phương đồng ý",이미 친구 신청을 발송했습니다. 상대방의 동의를 기다려 주세요.,"Solicitação de amizade enviada, aguarde a aceitação",ส่งคำขอเป็นเพื่อนแล้ว กรุณารอการตอบรับ
6143,refuseFriendApply,Friend request rejected,已拒絕好友申請,Friend request rejected,Đã cự tuyệt hảo hữu xin,친구 신청을 거절했습니다.,Solicitação de amizade rejeitada,คำขอเป็นเพื่อนถูกปฏิเสธ
6144,whereMyFriend,No friends yet,還沒有好友鴨,No friends yet,Còn không có hảo hữu vịt,아직 친구가 없습니다.,Nenhum amigo ainda,ยังไม่มีเพื่อน
6145,noOneApply,No requests,沒人申請鴨,No requests,Không ai xin vịt,신청이 없습니다.,Sem solicitações,ไม่มีการร้องขอ
6146,currNoFriendApply,No new friend request,當前沒有好友申請,No new friend request,Trước mắt không có hảo hữu xin,현재 친구 신청이 없습니다.,Nenhuma nova solicitação de amizade,ไม่มีคำขอเป็นเพื่อนใหม่
6147,retroactiveCommonBox,#C0xFF5B545B# Do you want to spend %d#Icommon/icon/icon_diamond.png-56-56# to get the unclaimed reward?,#C0xFF5B545B#是否消耗%d#Icommon/icon/icon_diamond.png-56-56#進行補簽？,#C0xFF5B545B# Do you want to spend %d#Icommon/icon/icon_diamond.png-56-56# to get the unclaimed reward?,#C0xFF5B545B# Phải chăng tiêu hao %d#Icommon/icon/icon_diamond.png-56-56# Tiến hành bổ ký?,#C0xFF5B545B#%d#Icommon/icon/icon_diamond.png-56-56#의 비용을 소모해 출석을 보충하겠습니까?,#C0xFF5B545B# Você quer gastar %s#Icommon/icon/icon_diamond.png-56-56# para obter a recompensa não reivindicada?,#C0xFF5B545B# คุณต้องการใช้ %s#Icommon/icon/icon_diamond.png-56-56# เพื่อรับรางวัลที่ยังไม่รับหรือไม่?
6148,updateSuccessfully,Level up,等級提升成功,Level up,Đẳng cấp tăng lên thành công,레벨업 성공,Subir de nível,เลเวลอัพ
6149,vipDouble,V%d ×2,V%d雙倍,V%d ×2,V%d Gấp đôi,V%d 2배,V%s ×2,วี%s ×2
6150,friendLimit,Maximum No. of friends,好友上限,Maximum No. of friends,Hảo hữu hạn mức cao nhất,친구 한도,Número máximo de amigos,จำนวนเพื่อนสูงสุด
6151,sendFriend,Send to friend,發給好友,Send to friend,Phát cho hảo hữu,친구 발송,Enviar para um amigo,ส่งให้เพื่อน
6152,guildMember,Union member,公會成員,Union member,Công hội thành viên,길드원,Membro do sindicato,สมาชิกสหภาพฯ
6153,haveBoth,You also own,同時擁有,You also own,Đồng thời có được,동시 보유,Você também possui,คุณก็เป็นเจ้าของเช่นกัน
6154,improve,""" Enhance""",提升,""" Enhance""",Tăng lên,상승,Melhorar,ยกระดับ
6155,notActivated,(unactivated),（未啟動）,(unactivated),( Chưa kích hoạt ),(미활성),(desativado),(ไม่ได้เปิดใช้งาน)
6156,gainGoldMoreTimes,Get %d times,聚寶%d次,Get %d times,Tụ bảo %d Lần,보물단지 %d회,Obtenha %s vezes,รับ %s ครั้ง
6157,cardCapacityTimes2,"""#C0x5b545b#Do you want to spend %d #Icommon/icon/icon_diamond.png-56-56#, to expand #C0x60C456# %d #C0x5b545b# bag slots?\n#C0x5b545b# (You've purchased %d/%d)""",#C0x5b545b#是否花費 %d #Icommon/icon/icon_diamond.png-56-56#，擴充#C0x60C456# %d #C0x5b545b#格背包？\n#C0x5b545b#（累計已購買%d/%d）,"""#C0x5b545b#Do you want to spend %d #Icommon/icon/icon_diamond.png-56-56#, to expand #C0x60C456# %d #C0x5b545b# bag slots?\n#C0x5b545b# (You've purchased %d/%d)""","#C0x5b545b# Phải chăng tốn hao %d#Icommon/icon/icon_diamond.png-56-56#, mở rộng #C0x60C456# %d#C0x5b545b# Ô chứa ba lô?\n#C0x5b545b#( Tính gộp lại đã mua %d/%d)",#C0x5b545b#%d #Icommon/icon/icon_diamond.png-56-56#를 소모해 가방을 #C0x60C456# %d #C0x5b545b#칸 확장하겠습니까?\n#C0x5b545b#(누적 구매 수 %d/%d),#C0x5b545b#Você quer gastar %s #Icommon/icon/icon_diamond.png-56-56# para expandir #C0x60C456# %s #C0x5b545b# espaços para bolsas?n#C0x5b545b# (Você comprou %s/%s),#C0x5b545b#คุณต้องการใช้เงิน %s #Icommon/icon/icon_diamond.png-56-56# เพื่อขยายช่องกระเป๋า #C0x60C456# %s #C0x5b545b# หรือไม่n#C0x5b545b# (คุณได้ซื้อเงิน %s/%s)
6158,cardCapacityTimes1,(You've purchased %d/%d times in total),(累計已購買%d/%d次),(You've purchased %d/%d times in total),( Tính gộp lại đã mua %d/%d Lần ),(누적 %d /%d회 구매),(Você comprou %s/%s vezes no total),(คุณได้ซื้อทั้งหมด %s/%s ครั้ง)
6159,shopNotRefreshTimes,Insufficient number of shop purchases,商店購買次數不足,Insufficient number of shop purchases,Cửa hàng mua số lần không đủ,상점 구매 횟수가 부족합니다.,Número insuficiente de compras na loja,จำนวนการซื้อจากร้านค้าไม่เพียงพอ
6160,fragCombTip,Are you sure you want to combine %s?,確定要合成%s嗎,Are you sure you want to combine %s?,Nhất định phải hợp thành %s Sao,정말 %s 합성을 진행하겠습니까?,Tem certeza de que deseja combinar %s?,คุณแน่ใจหรือไม่ว่าต้องการรวม %s?
6161,bagReachedLimit,Your bag is full,背包容量已達上限,Your bag is full,Ba lô dung lượng đã đạt hạn mức cao nhất,가방 용량량이 이미 한도에 도달했습니다.,Sua bolsa está cheia,กระเป๋าของคุณเต็มแล้ว
6162,addSuccess,Expanded successfully,擴容成功,Expanded successfully,Khuếch trương cho thành công,확장 성공,Expandido com sucesso,ขยายกิจการสำเร็จ
6163,insufficientPurchaseTimes,"""Insufficient attempts, please upgrade VIP level first""",次數不足，請提升VIP等級,"""Insufficient attempts, please upgrade VIP level first""","Số lần không đủ, mời tăng lên VIP Đẳng cấp","""횟수 부족, VIP 레벨을 높이세요.""","Tentativas insuficientes, por favor, atualize o nível VIP primeiro",จำนวนครั้งในการพยายามไม่เพียงพอ กรุณาอัปเกรดระดับ VIP ก่อน
6164,sweepManyTimes,Blitz %d times,掃蕩%d次,Blitz %d times,Càn quét %d Lần,%d회 소탕,Blitz %s vezes,บลิทซ์ %s ครั้ง
6165,resetNumberEliteLevels2,(No. of reset %d/%d times),(累計已重置%d/%d次),(No. of reset %d/%d times),( Tính gộp lại đã thiết lập lại %d/%d Lần ),(누적 %d /%d회 초기화),(Número de redefinições %s/%s vezes),(จำนวนการรีเซ็ต %s/%s ครั้ง)
6166,resetSuccess,Reset successfully,重置成功,Reset successfully,Thiết lập lại thành công,초기화 성공,Redefinir com sucesso,รีเซ็ตสำเร็จแล้ว
6167,noPrivateChatList,No private message,沒有私聊資訊,No private message,Không có private chat,귓속말 메시지가 없습니다.,Nenhuma mensagem privada,ไม่มีข้อความส่วนตัว
6168,nvalueCuccess,Refined successfully,洗練成功,Refined successfully,Tẩy luyện thành công,제련 성공,Refinado com sucesso,ปรับปรุงสำเร็จแล้ว
6169,pleaseSelectMaterials,Please select the material,請選擇材料,Please select the material,Mời lựa chọn vật liệu,재료를 선택하세요.,Por favor selecione o material,กรุณาเลือกวัสดุ
6170,perfectNvalueTips,#C0x5b545b#You currently have#C0xf76b45# unlocked perfect type option#C0x5b545b# which may be lost if you continue to refine it.\n Do you want to continue the refinement?,#C0x5b545b#目前有#C0xf76b45#未鎖定的完美屬性項#C0x5b545b#，繼續洗練可能會丟失。\n是否繼續進行本次洗練？,#C0x5b545b#You currently have#C0xf76b45# unlocked perfect type option#C0x5b545b# which may be lost if you continue to refine it.\n Do you want to continue the refinement?,"#C0x5b545b# Trước mắt có #C0xf76b45# Chưa khóa chặt hoàn mỹ thuộc tính hạng #C0x5b545b#, tiếp tục tẩy luyện có thể sẽ mất đi.\n Phải chăng tiếp tục tiến hành lần này tẩy luyện?",#C0x5b545b#현재 #C0xf76b45#잠기지 않은 완벽 속성이 있습니다#C0x5b545b#. 계속 제련 시 사라집니다. \n정말 이번 제련을 계속하겠습니까?,#C0x5b545b#Você atualmente tem#C0xf76b45# a opção de tipo perfeito desbloqueada#C0x5b545b# que pode ser perdida se você continuar a refiná-la.n Deseja continuar o refinamento?,#C0x5b545b# ขณะนี้คุณมี #C0xf76b45# ปลดล็อกตัวเลือกประเภทสมบูรณ์แบบ #C0x5b545b# ซึ่งอาจสูญหายไปหากคุณดำเนินการปรับปรุงต่อn คุณต้องการดำเนินกระบวนการปรับปรุงต่อหรือไม่
6171,nvalueLackMaterial,Insufficient refinement material,洗練材料不足,Insufficient refinement material,Tẩy luyện vật liệu không đủ,제련 재료 부족,Material de refinamento insuficiente,วัสดุปรับปรุงไม่เพียงพอ
6172,nvalueLackGold,"""Insufficient coins, unable to refine""",金幣不足，無法洗練,"""Insufficient coins, unable to refine""","Kim tệ không đủ, không cách nào tẩy luyện",코인이 부족해 제련할 수 없습니다.,"Moedas insuficientes, incapaz de refinar",เหรียญไม่เพียงพอ ไม่สามารถกลั่นได้
6173,nvalueLackRmb,"""Insufficient diamonds, unable to refine""",鑽石不足，無法洗練,"""Insufficient diamonds, unable to refine""","Kim cương không đủ, không cách nào tẩy luyện",다이아가 부족해 제련할 수 없습니다.,"Diamantes insuficientes, incapazes de refinar",“เพชรมีไม่เพียงพอ ไม่สามารถกลั่นได้”
6174,nvalueContinue,Continue the refinement,繼續洗練,Continue the refinement,Tiếp tục tẩy luyện,계속 제련,Continue o refinamento,ดำเนินการปรับปรุงต่อไป
6175,itemExpireWillUnuse,"""Validity period: %s, expired items cannot be used""",有效期至：%s，過期後物品不可使用,"""Validity period: %s, expired items cannot be used""","Thời hạn có hiệu lực đến: %s, quá thời hạn sau vật phẩm không thể sử dụng","""유효 기간: %s, 만료 후 아이템 사용 불가""","Período de validade: %s, itens expirados não podem ser usados","ระยะเวลาใช้งาน: %s, ไอเทมที่หมดอายุแล้วไม่สามารถใช้งานได้"
6176,itemExpireWillDestory,"""Validity period: %s, expired items will disappear""",有效期至：%s，過期後物品消失,"""Validity period: %s, expired items will disappear""","Thời hạn có hiệu lực đến: %s, quá thời hạn sau vật phẩm biến mất","""유효 기간: %s, 만료 후 아이템 사라짐""","Período de validade: %s, itens expirados desaparecerão","ระยะเวลาใช้งาน: %s, รายการที่หมดอายุจะหายไป"
6177,itemExpireUnuse,The item has expired and cannot be used. It may be sold for some money.,物品已過期，無法使用，或許可以賣掉換點錢財。,The item has expired and cannot be used. It may be sold for some money.,"Vật phẩm đã qua kỳ, không cách nào sử dụng, có lẽ có thể bán đi đổi ít tiền tài.",아이템이 이미 만료되어 사용할 수 없습니다. 판매할 수 있을지도 모릅니다.,O item expirou e não pode ser usado. Pode ser vendido por algum dinheiro.,ไอเทมนี้หมดอายุแล้วและไม่สามารถใช้งานได้ อาจถูกขายเพื่อแลกเงิน
6178,gainWay,How to get,獲得途徑,How to get,Thu hoạch được đường tắt,획득 경로,Como obter,วิธีการรับ
6179,staminaBuy,Purchase,體力購買,Purchase,Thể lực mua,체력 구매,Comprar,ซื้อ
6180,staminaFull,Full,體力已滿,Full,Thể lực đã đủ,체력 최대,Completo,เต็ม
6181,staminaLimitToUse,"""Your energy has currently full, please purchase after using it!""",當前體力已達上限，請使用後再買,"""Your energy has currently full, please purchase after using it!""",Thể lực hiện tại đã đạt đến giới hạn. Vui lòng sử dụng trước khi mua thêm.,현재 체력이 이미 한도에 도달했습니다. 사용 후 다시 구매하세요.,"Sua energia está cheia no momento, compre depois de usá-la!",ขณะนี้พลังงานของคุณเต็มแล้ว กรุณาซื้อหลังจากใช้งานแล้ว!
6182,emailSend,Sender,寄件者,Sender,Phát kiện người,발신인,Remetente,ผู้ส่ง
6183,unlockSuccess,Unlocked,已解鎖,Unlocked,Đã giải tỏa,개방 완료,Desbloqueado,ปลดล็อคแล้ว
6184,lockSuccess,Locked successfully,鎖定成功,Locked successfully,Khóa chặt thành công,잠금 성공,Bloqueado com sucesso,ล็อคสำเร็จแล้ว
6185,noUniversalFrags,Insufficient universal shard,萬能碎片不足,Insufficient universal shard,Vạn năng mảnh vỡ không đủ,만능 조각 부족,Fragmento universal insuficiente,ชิ้นส่วนสากลไม่เพียงพอ
6186,cardFragsEnough,The Pokémon shard is ready for Star Up,精靈碎片已滿足星級提升,The Pokémon shard is ready for Star Up,Tinh linh mảnh vỡ đã thỏa mãn Tinh cấp tăng lên,성급 향상에 필요한 포켓몬 조각이 충분합니다.,O fragmento Pokémon está pronto para Star Up,ชิ้นส่วนโปเกมอนพร้อมแล้วสำหรับ Star Up
6187,advanceSuccess,Conversion successful,轉化成功,Conversion successful,Chuyển hóa thành công,전환 성공,Conversão bem-sucedida,การแปลงสำเร็จแล้ว
6188,cardBagHaveBeenFull,Bag is full. Please expand the bag or decompose some Pokémons before trying again,精靈背包已滿，請擴展背包或分解精靈後再試,Bag is full. Please expand the bag or decompose some Pokémons before trying again,"Tinh linh ba lô đã đủ, mời mở rộng ba lô hoặc phân giải tinh linh sau thử lại",포켓몬 가방이 가득 찼습니다. 가방을 확장하거나 포켓몬을 분해한 후 다시 시도하세요.,"A bolsa está cheia. Por favor, expanda a bolsa ou decomponha alguns Pokémons antes de tentar novamente",กระเป๋าเต็มแล้ว โปรดขยายกระเป๋าหรือย่อยสลายโปเกมอนบางตัวก่อนลองอีกครั้ง
6189,totalLivenessCanGetBox,"""You've attained a total of %d, you may claim:""",累計活躍度到達%d，可領取:,"""You've attained a total of %d, you may claim:""","Tính gộp lại sinh động độ đến %d, nhưng nhận lấy:",누적 활약도 %d 도달 시 수령 가능:,"Você atingiu um total de %s, você pode reivindicar:",คุณได้รับยอดรวม %s แล้ว คุณสามารถอ้างสิทธิ์ได้:
6190,totalSignInCanGetBox,Sign in for a total of %d days to claim:,累積簽到%d天，可領取:,Sign in for a total of %d days to claim:,"Tích lũy đánh dấu %d Trời, nhưng nhận lấy:",누적 %d일 출석 시 수령 가능:,Faça login por um total de %s dias para reivindicar:,ลงชื่อเข้าใช้งานทั้งหมด %s วันเพื่อรับสิทธิ์:
6191,inTheTeam,In team,隊伍中,In team,Trong đội ngũ,파티 중,Em equipe,ในทีม
6192,canComb,Can be combined,可合成,Can be combined,Nhưng hợp thành,합성 가능,Pode ser combinado,สามารถรวมกันได้
6193,strengthen,Training,精靈培養,Training,Tinh linh bồi dưỡng,포켓몬 육성,Treinamento,การฝึกอบรม
6194,cardLevelReachedLimit,The Pokémon level should not exceed trainer level!,精靈等級不能超過玩家等級,The Pokémon level should not exceed trainer level!,Cấp độ Pokémon không được vượt quá cấp độ người chơi.,포켓몬 레벨은 유저 레벨보다 높을 수 없습니다.,O nível do Pokémon não deve exceder o nível do treinador!,เลเวลโปเกมอนไม่ควรเกินเลเวลเทรนเนอร์!
6195,limitBuy,Limited purchase,限購,Limited purchase,Hạn mua,한정판매,Compra limitada,ซื้อได้จำกัด
6196,shopRefreshCommonBox,Spend %d#Icommon/icon/icon_diamond.png-56-56# to refresh shop chances,消耗%d#Icommon/icon/icon_diamond.png-56-56#刷新商店次數,Spend %d#Icommon/icon/icon_diamond.png-56-56# to refresh shop chances,Tiêu hao %d#Icommon/icon/icon_diamond.png-56-56# Đổi mới cửa hàng số lần,%d#Icommon/icon/icon_diamond.png-56-56#를 소모해 상점 횟수 갱신,Gaste %s#Icommon/icon/icon_diamond.png-56-56# para atualizar as chances de comprar,ใช้ %s#Icommon/icon/icon_diamond.png-56-56# เพื่อรีเฟรชโอกาสในการซื้อของ
6197,staminaAlreadyGet,Has claimed,體力已領取,Has claimed,Thể lực đã nhận lấy,체력을 이미 수령했습니다.,Reivindicado,ได้อ้างสิทธิ์
6198,needNameOrUID,Please enter a nickname or ID and try again,請輸入昵稱或UID後重試,Please enter a nickname or ID and try again,Xin điền vào biệt danh hoặc UID Sau thử lại,닉네임 또는 UID를 입력한 후 다시 시도하세요.,"Por favor, insira um apelido ou ID e tente novamente",กรุณากรอกชื่อเล่นหรือ ID แล้วลองอีกครั้ง
6199,staminaToLimit,Energy has reached the maximum level and cannot be claimed!,體力已達上限，無法領取,Energy has reached the maximum level and cannot be claimed!,"Thể lực đã đạt hạn mức cao nhất, không cách nào nhận lấy",체력이 이미 한도에 도달해 수령할 수 없습니다.,A energia atingiu o nível máximo e não pode ser reivindicada!,พลังงานได้ถึงระดับสูงสุดแล้ว ไม่สามารถอ้างสิทธิ์ได้!
6200,have,Own,擁有,Own,Có được,보유,Ter,เป็นเจ้าของ
6201,levelUpNoEnough,Insufficient upgrade material,升級材料不足,Insufficient upgrade material,Thăng cấp vật liệu không đủ,레벨업 재료 부족,Material de atualização insuficiente,วัสดุอัพเกรดไม่เพียงพอ
6202,pleaseSelectTargetLevel,Please select the target level,請選擇目標等級,Please select the target level,Mời lựa chọn mục tiêu đẳng cấp,목표 레벨을 선택하세요.,Selecione o nível de destino,กรุณาเลือกระดับเป้าหมาย
6203,filteringIsEmpty,The filter results are empty,本次篩選結果為空,The filter results are empty,Lần này sàng chọn kết quả vì không,이번 선택 결과가 없습니다.,Os resultados do filtro estão vazios,ผลการกรองว่างเปล่า
6204,cardBagNoFrags,No Pokémon shard now,背包裡暫時沒有精靈碎片,No Pokémon shard now,Trong ba lô tạm thời không có tinh linh mảnh vỡ,가방에 포켓몬 조각이 없습니다.,Nenhum fragmento de Pokémon agora,ไม่มีชิ้นส่วนโปเกมอนอีกต่อไป
6205,getAccessory,Claim,領取附件,Claim,Nhận lấy phụ kiện,아이템 수령,Alegar,เรียกร้อง
6206,conventionalSkill,Active move,主動技能,Active move,Kỹ năng chủ động,액티브 스킬,Movimento ativo,การเคลื่อนไหวที่กระตือรือร้น
6207,passiveSkill,Passive move,被動技能,Passive move,Kỹ năng bị động,패시브 스킬,Movimento passivo,การเคลื่อนไหวแบบพาสซีฟ
6208,pleaseSelectNumber,Please select the quantity to %s,請選擇要%s的數量,Please select the quantity to %s,Vui lòng chọn số lượng %s bạn muốn.,%s 수량을 선택하세요.,Selecione a quantidade para %s,กรุณาเลือกปริมาณเป็น %s
6209,currChannelNotTalk,You can't chat on the current channel,當前頻道無法發言,You can't chat on the current channel,Trước mắt kênh không cách nào phát biểu,현재 채널에서는 발언할 수 없습니다.,Você não pode conversar no canal atual,คุณไม่สามารถแชทในช่องปัจจุบันได้
6210,notGuildNotUse,You've not joined a union and unable to use it. Please try again after joining a union,暫無公會，無法使用，請加入公會之後再試,You've not joined a union and unable to use it. Please try again after joining a union,"Tạm thời chưa có công hội, không cách nào sử dụng, xin gia nhập công hội về sau thử lại",길드가 없어 사용할 수 없습니다. 길드에 가입한 후 다시 시도하세요.,Você não se filiou a um sindicato e não pode usá-lo. Tente novamente após se filiar a um sindicato,คุณยังไม่ได้เข้าร่วมสหภาพและไม่สามารถใช้งานมันได้ โปรดลองอีกครั้งหลังจากเข้าร่วมสหภาพ
6211,spriteLevelNotEnough,The move level should not exceed Pokémon level!,技能等級不能超過精靈等級！,The move level should not exceed Pokémon level!,Kỹ năng đẳng cấp không thể vượt qua tinh linh đẳng cấp!,기술 레벨은 포켓몬 레벨보다 높을 수 없습니다.,O nível de movimento não deve exceder o nível do Pokémon!,ระดับการเคลื่อนไหวไม่ควรเกินระดับโปเกมอน!
6212,alreadyHaveSameSprite,You can't send out Pokémons of the same type,已有同類精靈，無法上陣,You can't send out Pokémons of the same type,"Đã có đồng loại tinh linh, không cách nào ra trận",이미 동일한 포켓몬이 있어 출전할 수 없습니다.,Você não pode enviar Pokémons do mesmo tipo,คุณไม่สามารถส่งโปเกมอนประเภทเดียวกันออกไปได้
6213,battleCannotEmpty,"""The line-up cannot be empty, unable to remove from battle""",陣容不能為空，無法下陣,"""The line-up cannot be empty, unable to remove from battle""","Đội hình không thể vì không, không cách nào hạ trận",라인업을 비울 수 없습니다.,"A escalação não pode estar vazia, não podendo ser retirada da batalha",“การจัดทัพไม่อาจว่างเปล่า ไม่สามารถถอนตัวออกจากการรบได้”
6214,battleTimes,Round %d,第%d戰,Round %d,Thứ %d Chiến,%d라운드,Rodada %s,รอบ %s
6215,addExpTeam,Team EXP + %d,戰隊經驗+%d,Team EXP + %d,Chiến đội kinh nghiệm +%d,팀 경험치 +%d,EXP de equipe + %s,ทีม EXP + %s
6216,formation,Formation,編隊,Formation,Biên đội,진형,Formação,การก่อตัว
6217,levelChapterId,Chapter %s,%s章,Chapter %s,%s Chương,챕터%s,Capítulo %s,บท %s
6218,activityBoard,Event,活動公告,Event,Hoạt động thông cáo,이벤트 공지,Evento,เหตุการณ์
6219,updateContent,New update,更新內容,New update,Đổi mới nội dung,업데이트 내용,Nova atualização,อัพเดทใหม่
6220,alredyKnow,Okay,我知道了,Okay,Ta đã biết,확인,OK,ตกลง
6221,todayNotNotice,Don't remind me again today,今天不再提醒,Don't remind me again today,Hôm nay không còn nhắc nhở,오늘은 그만 보기,Não me lembre mais hoje,อย่ามาเตือนฉันอีกนะวันนี้
6222,theRound,%02d/ %02d turn,第%02d/%02d回合,%02d/ %02d turn,Thứ %02d/%02d Hiệp,%02d/%02d턴,%02d/ %02d volta,%02d/ %02d เทิร์น
6223,leftRounds,%s turn left,剩餘%s回合,%s turn left,Còn thừa %s Hiệp,잔여 %s턴,%s vire à esquerda,%s เลี้ยวซ้าย
6224,noEffect,Ineffective,沒有效果,Ineffective,Không có hiệu quả,효과 없음,Ineficaz,ไม่ได้ผล
6225,canResist,Resistance,抵抗,Resistance,Chống cự,저항,Resistência,ความต้านทาน
6226,canCounter,Effectiveness,克制,Effectiveness,Khắc chế,상성,Eficácia,ประสิทธิผล
6227,reveiveLeftDay,Remain time:,月卡剩餘有效天數:,Remain time:,Số ngày còn hiệu lực của thẻ tháng:,월간카드 남은 유효 일수:,Tempo restante:,เวลาที่เหลืออยู่:
6228,reveivedToday,Claimed today,今日已領取,Claimed today,Hôm nay đã nhận lấy,오늘은 이미 수령했습니다.,Reivindicado hoje,อ้างสิทธิ์วันนี้
6229,monthCardBuySuccess,Monthly subscription purchased successfully,月卡購買成功,Monthly subscription purchased successfully,Nguyệt thẻ mua thành công,월간카드 구매 성공,Assinatura mensal adquirida com sucesso,ซื้อการสมัครสมาชิกรายเดือนสำเร็จแล้ว
6230,monthCardNotHave,Not subscribed.,未擁有該月卡,Not subscribed.,Chưa đăng ký,미가입,Não inscrito,ยังไม่ได้สมัคร
6231,cardStarSuccess,Level up successfully,提升成功,Level up successfully,Tăng lên thành công,증가 성공,Suba de nível com sucesso,เลื่อนระดับสำเร็จ
6232,cardDevelopSuccess,Evolution is successful,進化成功,Evolution is successful,Tiến hóa thành công,진화 성공,A evolução é bem-sucedida,วิวัฒนาการประสบความสำเร็จ
6233,cardLevelArrive,Pokémon level reaches %s%d/%d,精靈等級達到%s%d/%d,Pokémon level reaches %s%d/%d,Tinh linh đẳng cấp đạt tới %s%d/%d,포켓몬 레벨 %s%d/%d 도달,O nível do Pokémon atinge %s%s/%s,เลเวลโปเกมอนถึง %s%s/%s
6234,cardStarArrive,Pokémon star level reaches,精靈星級達到,Pokémon star level reaches,Tinh linh Tinh cấp đạt tới,포켓몬 성급 도달,O nível de estrela do Pokémon é alcançado,เลเวลดาวโปเกมอนถึงแล้ว
6235,cardAdvanceArrive,Pokémon has broken through to %s%s%s,精靈突破至%s%s%s,Pokémon has broken through to %s%s%s,Tinh linh đột phá tới %s%s%s,포켓몬 %s%s%s까지 돌파,Pokémon chegou a %s%s%s,โปเกมอนทะลุไปถึง %s%s%s แล้ว
6236,appearBranch,Branch has appeared,出現分支,Branch has appeared,Xuất hiện chi nhánh,분기 출현,Apareceu um ramo,สาขาได้ปรากฏแล้ว
6237,directBuyGiftDailyBuy,(Daily limited %d/%d),（每日限購%d/%d）,(Daily limited %d/%d),( Mỗi ngày hạn mua %d/%d),(일일 한정 %d/%d),(Limitado diariamente %s/%s),(จำกัดต่อวัน %s/%s)
6238,directBuyGiftOnetimeBuy,(Permanent limited %d/%d),（永久限購%d/%d）,(Permanent limited %d/%d),( Vĩnh cửu hạn mua %d/%d),(영구 한정 %d/%d),(Permanentemente limitado %s/%s),(จำกัดถาวร %s/%s)
6239,directBuyGiftTip,Price of #C0xFFFC00#%s #C0x55504D# is $%s,#C0xFFFC00#%s #C0x55504D#價格為￥%s,Price of #C0xFFFC00#%s #C0x55504D# is $%s,#C0xFFFC00#%s #C0x55504D# Giá cả là ￥%s,#C0xFFFC00#%s #C0x55504D#가격: $%s,O preço de #C0xFFFC00#%s #C0x55504D# é $%s,ราคาของ #C0xFFFC00#%s #C0x55504D# คือ $%s
6240,theWave,Wave%02d/ %02d,第%02d/%02d波,Wave%02d/ %02d,Thứ %02d/%02d Sóng,%02d/%02d파,Onda%02d/ %02d,คลื่น%02d/ %02d
6241,spriteEvolutionLevelNotEnough,Insufficient Pokémon level!,精靈等級不足!,Insufficient Pokémon level!,Cấp độ Pokémon không đủ!,포켓몬 레벨 부족!,Nível de Pokémon insuficiente!,เลเวลโปเกมอนไม่เพียงพอ!
6242,spriteEvolutionAdvanceNotEnough,Pokémon's breakthrough grade is insufficient!,精靈的突破品階不足!,Pokémon's breakthrough grade is insufficient!,Cấp độ đột phá của Pokémon không đủ!,포켓몬 돌파 등급 부족!,O nível de avanço do Pokémon é insuficiente!,เกรดการก้าวข้ามของโปเกมอนยังไม่เพียงพอ!
6243,spriteEvolutionStarNotEnough,Insufficient Pokémon star level,精靈的星級不足!,Insufficient Pokémon star level,Sao của Pokémon không đủ!,포켓몬 성급 부족!,Nível de estrela Pokémon insuficiente,ระดับดาวโปเกมอนไม่เพียงพอ
6244,summary,Introduction,簡介,Introduction,Giới thiệu vắn tắt,소개,Introdução,การแนะนำ
6245,uniqueSkill,Lethal Skill,必殺技,Lethal Skill,Tất sát kỹ,필살기,Habilidade letal,ทักษะการสังหาร
6246,personalInfo,Personal information,個人資訊,Personal information,Thông tin cá nhân,개인 정보,Informações pessoais,ข้อมูลส่วนตัว
6247,spriteRename,Modify Pokémon's name,修改精靈名字,Modify Pokémon's name,Sửa chữa tinh linh danh tự,포켓몬 이름 수정,Modificar o nome do Pokémon,ปรับเปลี่ยนชื่อโปเกมอน
6248,roleRename,Edit name of trainer,修改訓練家名字,Edit name of trainer,Sửa chữa huấn luyện nhà danh tự,트레이너 이름 수정,Editar nome do treinador,แก้ไขชื่อผู้ฝึกสอน
6249,roleLevel,Trainer level,訓練家等級,Trainer level,Huấn luyện nhà đẳng cấp,트레이너 레벨,Nível de treinador,ระดับเทรนเนอร์
6250,exps,EXP,經驗值,EXP,Điểm kinh nghiệm,경험치,EXP,ประสบการณ์
6251,getAwards,Items obtained,獲得物品,Items obtained,Thu hoạch được vật phẩm,획득 아이템,Itens obtidos,รายการที่ได้รับ
6252,allSprite,All Pokémons,全體精靈,All Pokémons,Toàn thể tinh linh,전체 포켓몬,Todos os Pokémons,โปเกมอนทั้งหมด
6253,someSprite,%s-type Pokémon,%s系精靈,%s-type Pokémon,%s Hệ tinh linh,%s 계열 포켓몬,Pokémon tipo %s,โปเกมอนประเภท %s
6254,withoutSomeFigure,No %s image,無%s的形象,No %s image,Không %s Hình tượng,%s 아바타 없음,Nenhuma imagem %s,ไม่มีรูปภาพ%s
6255,canExchangeTImes,No. of exchanges available (%d/%d),可兌換次數（%d/%d）,No. of exchanges available (%d/%d),Có thể hối đoái số lần (%d/%d),교환 가능 횟수(%d/%d),Nº de trocas disponíveis (%s/%s),จำนวนการแลกเปลี่ยนที่สามารถใช้ได้ (%s/%s)
6256,changesHaveBeenDetectedLogo,"""You've changed your avatar, do you want to leave without saving?""",檢查到有頭像修改，不保存退出？,"""You've changed your avatar, do you want to leave without saving?""","Kiểm tra đến có ảnh chân dung sửa chữa, không bảo tồn rời khỏi?",프로필이 수정되었습니다. 저장하지 않고 퇴장하겠습니까?,"Você mudou seu avatar, quer sair sem salvar?",“คุณเปลี่ยนอวาตาร์ของคุณแล้ว คุณต้องการออกโดยไม่บันทึกใช่ไหม?”
6257,framePreview,Avatar frame preview,頭像框預覽,Avatar frame preview,Ảnh chân dung khung dự lãm,테두리 미리보기,Prévia do quadro do Avatar,ตัวอย่างกรอบรูปอวาตาร์
6258,logoPreview,Avatar Preview,頭像預覽,Avatar Preview,Ảnh chân dung dự lãm,프로필 미리보기,Prévia do Avatar,ตัวอย่างอวาตาร์
6259,spaceAttribute,Type,屬 性,Type,Thuộc Tính,타 입,Tipo,พิมพ์
6260,spaceSpeciality,Ability,特 性,Ability,Đặc biệt Tính,특 성,Habilidade,ความสามารถ
6261,spaceSkill,Skill,技 能,Skill,Kỹ Có thể,기 술,Habilidade,ทักษะ
6262,auto,Auto,自動,Auto,Tự động,자동,Auto,ออโต้
6263,manual,Act,手動,Act,Dùng tay,수동,Agir,กระทำ
6264,canUnlock,Unlock,可解鎖,Unlock,Có thể giải khóa,개방 가능,Desbloquear,ปลดล็อค
6265,notUnlock,Locked,未解鎖,Locked,Chưa giải khóa,미개방,Bloqueado,ล็อค
6266,spaceActive,Activate,激 活,Activate,Kích Sống,활성화,Ativar,เปิดใช้งาน
6267,frameNotUnlock,Avatar frame is locked and cannot be saved,頭像框未解鎖，無法保存,Avatar frame is locked and cannot be saved,"Ảnh chân dung khung chưa giải khóa, không cách nào bảo tồn",테두리가 개방되지 않아 저장할 수 없습니다.,O quadro do avatar está bloqueado e não pode ser salvo,เฟรมอวาตาร์ถูกล็อคและไม่สามารถบันทึกได้
6268,logoNotUnlock,Avatar is locked and cannot be saved,頭像未解鎖，無法保存,Avatar is locked and cannot be saved,"Ảnh chân dung chưa giải khóa, không cách nào bảo tồn",프로필이 개방되지 않아 저장할 수 없습니다.,O avatar está bloqueado e não pode ser salvo,อวาตาร์ถูกล็อคและไม่สามารถบันทึกได้
6269,hot,[Hot],【火爆】,[Hot],[ Nóng nảy ],[포화],[Quente],[ร้อน]
6270,fluency,[Smooth],【流暢】,[Smooth],[ Trôi chảy ],[원활],[Suave],[เรียบ]
6271,preserve,[Maintenance],【維護】,[Maintenance],[ Giữ gìn ],[점검],[Manutenção],[การซ่อมบำรุง]
6272,rareFigure,Rare,稀有形象,Rare,Hi hữu hình tượng,레어 아바타,Cru,หายาก
6273,serverLastLogin,%d Server %s,%d區 %s,%d Server %s,%d Khu %s,%d서버 %s,%s Servidor %s,%s เซิร์ฟเวอร์ %s
6274,myServer,My server,我的伺服器,My server,Ta Server,내 서버,Meu servidor,เซิฟเวอร์ของฉัน
6275,serverIndex,%d-%d server,%d—%d服,%d-%d server,%d—%d Phục,%d-%d서버,Servidor %s-%s,เซิร์ฟเวอร์ %s-%s
6276,handbookTitle,Pokédex,精靈圖鑒,Pokédex,Tinh linh đồ giám,포켓몬 도감,Pokédex,โปเกเด็กซ์
6277,levelUp,Evolve,進化,Evolve,Tiến hóa,진화,Evoluir,วิวัฒนาการ
6278,alreadyHas,Owned,已擁有,Owned,Đã có được,보유 중,Controlado,เป็นเจ้าของ
6279,normalFigure,Normal,普通形象,Normal,Phổ thông hình tượng,일반 아바타,Normal,ปกติ
6280,whichServer,Server %d,%d區,Server %d,%d Khu,%d서버,Servidor %s,เซิร์ฟเวอร์ %s
6281,addedBonus,Extra rewards,額外獎勵,Extra rewards,Khen thưởng thêm,추가 보상,Recompensas extras,รางวัลพิเศษเพิ่มเติม
6282,staminaNotEnoughNotSweep,"""Insufficient energy, unable to blitz""",體力不足，無法掃蕩,"""Insufficient energy, unable to blitz""","Thể lực không đủ, không cách nào càn quét",체력이 부족해 소탕할 수 없습니다.,"Energia insuficiente, incapaz de blitz",“พลังไม่เพียงพอ ไม่สามารถบลิทซ์ได้”
6283,saodangMultiRoleNotEnough,"""Insufficient Adventure Pass level, unable to blitz multiple times!""",冒險執照等級不足，無法掃蕩多次！,"""Insufficient Adventure Pass level, unable to blitz multiple times!""","Cấp độ giấy phép phiêu lưu không đủ, không thể quét nhiều lần!",모험 허가증 레벨이 부족해 소탕할 수 없습니다!,"Nível insuficiente do Passe de Aventura, não é possível atacar várias vezes!",เลเวล Adventure Pass ไม่เพียงพอ ไม่สามารถบลิตซ์ซ้ำหลายๆ ครั้งได้!
6284,changesHaveBeenDetectedFrame,"""You've changed your avatar frame, do you want to leave without saving?""",檢查到有頭像框修改，不保存退出？,"""You've changed your avatar frame, do you want to leave without saving?""","Kiểm tra đến có ảnh chân dung khung sửa chữa, không bảo tồn rời khỏi?",테두리가 수정되었습니다. 저장하지 않고 퇴장하겠습니까?,Você alterou a moldura do seu avatar. Quer sair sem salvar?,“คุณเปลี่ยนเฟรมอวาตาร์ของคุณแล้ว คุณต้องการออกโดยไม่บันทึกใช่ไหม”
6285,breakfast,Breakfast,早餐,Breakfast,Bữa sáng,아침 식사,Café da manhã,อาหารเช้า
6286,launch,Lunch,午餐,Lunch,Cơm trưa,점심 식사,Almoço,อาหารกลางวัน
6287,dinner,Dinner,晚餐,Dinner,Bữa tối,저녁 식사,Jantar,อาหารเย็น
6288,supper,Supper,夜宵,Supper,Bữa ăn khuya,야식,Jantar,อาหารเย็น
6289,cakeNameTime,%s%d:00-%d:00,%s%d:00-%d:00,%s%d:00-%d:00,%s%d:00-%d:00,%s %d:00~%d:00,%s%s:00-%s:00,%s%s:00-%s:00
6290,currTimeEat,Current meal that can recover %d Energy after eating,當前飯點，食用後可回復%d點體力,Current meal that can recover %d Energy after eating,"Trước mắt giờ cơm, dùng ăn sau nhưng hồi phục %d Một ít thể lực",현재 식사 시간입니다. 체력을 %d 회복할 수 있습니다.,Refeição atual que pode recuperar %s de energia após comer,มื้ออาหารปัจจุบันที่สามารถฟื้นพลังงานได้ %s หลังรับประทานอาหาร
6291,pastTimeEat,Mealtime is over that can recover %d Energy after reclaiming,已過飯點，補領後可回復%d點體力,Mealtime is over that can recover %d Energy after reclaiming,"Đã qua giờ cơm, bổ lĩnh sau nhưng hồi phục %d Một ít thể lực",식사 시간이 지났습니다. 보충 시 체력을 %d 회복할 수 있습니다.,A hora da refeição acabou e pode recuperar %s de energia após a recuperação,เวลาอาหารหมดลงแล้วและสามารถฟื้นคืนพลังงานได้ %s หลังจากเรียกคืน
6292,notCurrTimeEat,"""It's not time for a meal yet, please wait a while more!""",還沒到飯點，請耐心等待一下吧！,"""It's not time for a meal yet, please wait a while more!""","Còn chưa tới giờ cơm, mời kiên nhẫn chờ đợi một cái đi!",아직 식사 시간이 되지 않았습니다. 잠시만 기다려 주세요!,"Ainda não é hora de comer, por favor, espere mais um pouco!",“ยังไม่ถึงเวลาอาหาร กรุณารอก่อนสักหน่อย!”
6293,handbookBreakTitle,%s collects %d%s%s%s Pokémon,%s收集%d只%s%s%s精靈,%s collects %d%s%s%s Pokémon,%s Thu thập %d Chỉ %s%s%s Tinh linh,%s 님이 %d마리의 %s%s%s 포켓몬 수집,%s coleta %s%s%s%s Pokémon,%s รวบรวม %s%s%s%s โปเกมอน
6294,handbookBreakContent,All Pokémons of %s increases %s,%s全體精靈%s提升,All Pokémons of %s increases %s,%s Toàn thể tinh linh %s Tăng lên,%s전체 포켓몬 %s 증가,Todos os Pokémons de %s aumentam %s,โปเกมอนทุกตัวของ %s เพิ่มขึ้น %s
6295,arrivalLevelOpen,Lv.%d unlock,Lv.%d開啟,Lv.%d unlock,Lv.%d Mở ra,Lv.%d 개방,Lv.%s desbloqueado,ปลดล็อค Lv.%s
6296,addBlackListSuccess,You have blocked this trainer,添加黑名單成功,You have blocked this trainer,Tăng thêm sổ đen thành công,블랙리스트 추가 성공,Você bloqueou este treinador,คุณได้บล็อคเทรนเนอร์นี้แล้ว
6297,removeBlackListSuccess,You have unblocked this trainer,移除黑名單成功,You have unblocked this trainer,Gỡ ra sổ đen thành công,블랙리스트 삭제 성공,Você desbloqueou este treinador,คุณได้ปลดบล็อคเทรนเนอร์นี้แล้ว
6298,unBlackList,Unblock,解除拉黑,Unblock,Giải trừ kéo đen,블랙리스트 삭제,Desbloquear,ปลดบล็อค
6299,spaceBlackList,Block,拉 黑,Block,Kéo Đen,차 단,Bloquear,ปิดกั้น
6300,logoWasSavedSuccessfully,Avatar saved successfully,頭像保存成功,Avatar saved successfully,Ảnh chân dung bảo tồn thành công,프로필 저장 성공,Avatar salvo com sucesso,บันทึกอวาตาร์เรียบร้อยแล้ว
6301,frameWasSavedSuccessfully,Avatar frame saved successfully,頭像框保存成功,Avatar frame saved successfully,Ảnh chân dung khung bảo tồn thành công,테두리 저장 성공,Moldura de avatar salva com sucesso,บันทึกกรอบรูปอวาตาร์สำเร็จแล้ว
6302,logoHasBeenSaved,Avatar has been saved,頭像已保存,Avatar has been saved,Ảnh chân dung đã bảo tồn,프로필 저장,Avatar foi salvo,อวตารได้รับการบันทึกแล้ว
6303,frameHasBeenSaved,Avatar frame has been saved,頭像框已保存,Avatar frame has been saved,Ảnh chân dung khung đã bảo tồn,테두리가 저장되었습니다.,O quadro do avatar foi salvo,กรอบรูปอวาตาร์ได้รับการบันทึกแล้ว
6304,breakSuccess,Breakthrough successfully,突破成功,Breakthrough successfully,Đột phá thành công,돌파 성공,Avanço bem-sucedido,ก้าวสู่ความสำเร็จ
6305,talentTreeUnlockCondition,"Unlock condition: %s Upgrade %d Talent Points in Talent feature and all previous Talent tree are unlocked, trainer level reach Lv.%d",解鎖條件:%s天賦樹中投入%d點天賦點且所有前置天賦樹均已解鎖，戰隊等級達到%d級,"Unlock condition: %s Upgrade %d Talent Points in Talent feature and all previous Talent tree are unlocked, trainer level reach Lv.%d",404404,"개방 조건: %s 특성트리에 특성포인트 %d 투입 및 모든 조건 특성트리가 개방되고, 팀 %d레벨 달성","Condição de desbloqueio: %s Atualize %s Pontos de Talento no recurso Talento e toda a árvore de Talento anterior são desbloqueados, o nível do treinador atinge o Lv.%s",เงื่อนไขการปลดล็อค: ปลดล็อค %s อัพเกรด %s คะแนนพรสวรรค์ในฟีเจอร์พรสวรรค์และแผนภูมิพรสวรรค์ก่อนหน้าทั้งหมด ระดับเทรนเนอร์จะถึงระดับ Lv.%s
6306,currTreeCostTalentPoint,The talent tree has currently put in %d talent points,當前天賦樹已投入%d天賦點,The talent tree has currently put in %d talent points,Trước mắt thiên phú cây đã đầu nhập %d Điểm thiên phú,현재 특성트리에 특성포인트 %d 투입,A árvore de talentos atualmente colocou %s pontos de talento,ต้นไม้ความสามารถได้เพิ่มคะแนนความสามารถเป็น %s คะแนนแล้ว
6307,teamReachTargetLevel,Team reaches level %d,戰隊等級達到%d級,Team reaches level %d,Chiến đội đẳng cấp đạt tới %d Cấp,팀 %d레벨 달성,A equipe atinge o nível %s,ทีมถึงระดับ %s แล้ว
6308,talentLevelReach,Forward Talent Level Reached,前置天賦等級達到,Forward Talent Level Reached,Trước đưa thiên phú đẳng cấp đạt tới,조건 특성 레벨 도달,Nível de talento avançado alcançado,ถึงระดับความสามารถล่วงหน้าแล้ว
6309,talentLevel,Level: %d/%d,等級：%d/%d,Level: %d/%d,Đẳng cấp: %d/%d,레벨: %d/%d,Nível: %s/%s,ระดับ : %s/%s
6310,talent,Talent,天賦,Talent,Thiên phú,특성,Talento,ความสามารถพิเศษ
6311,levelUnLock,Next chapter unlocks at Lv. %d,LV.%d開啟下一章,Next chapter unlocks at Lv. %d,LV.%d Mở ra chương sau,Lv.%d에 다음 챕터 개방,O próximo capítulo é desbloqueado no nível %s,บทต่อไปปลดล็อคที่ระดับ %s
6312,commonTextOk,OK,確 定,OK,Xác thực Định,확 인,OK,ตกลง
6313,commonTextGet,Claim,領取,Claim,Nhận lấy,수령,Alegar,เรียกร้อง
6314,playmindgames,C.P.,戰,C.P.,Chiến,전력,PC,ซีพี
6315,acquiringWay,Get %s,%s獲取,Get %s,%s Thu hoạch,%s 획득,Obter %s,รับ %s
6316,deleteFriend,"""After deleting your friend, you will also be removed from their friends list""",刪除好友後你將同時從對方好友列表中消失,"""After deleting your friend, you will also be removed from their friends list""",Xóa bỏ hảo hữu sau ngươi đem đồng thời từ đối phương hảo hữu liệt biểu bên trong biến mất,친구 삭제 시 상대방의 목록에서도 친구 관계가 삭제됩니다.,"Após excluir seu amigo, você também será removido da lista de amigos dele",หลังจากลบเพื่อนของคุณแล้ว คุณจะถูกลบออกจากรายชื่อเพื่อนของพวกเขาด้วย
6317,pvpResetTime,Cooldown,立即冷卻,Cooldown,Lập tức làm lạnh,즉시 쿨타임,Esfriar,คูลดาวน์
6318,pvpBuyTime,Chance+1,購買次數,Chance+1,Mua số lần,구매 횟수,Chance+1,โอกาส+1
6319,rankPointRule,"""#C0x55504D#(Initiating and winning the challenge gives #C0xEF3453#+2#C0x55504D# points, while losing gives #C0xEF3453#+1#C0x55504D# points. Trainers who have attained VIP5 or level 45 and above can also earn #C0xEF3453#+2#C0x55504D# points)""",#C0x55504D#（主動挑戰勝利積分#C0xEF3453#+2#C0x55504D#，失敗積分#C0xEF3453#+1#C0x55504D#，達到VIP5或者等級到達45後失敗也獲得積分#C0xEF3453#+2#C0x55504D#）,"""#C0x55504D#(Initiating and winning the challenge gives #C0xEF3453#+2#C0x55504D# points, while losing gives #C0xEF3453#+1#C0x55504D# points. Trainers who have attained VIP5 or level 45 and above can also earn #C0xEF3453#+2#C0x55504D# points)""","#C0x55504D# (Thắng thử thách tích điểm #C0xEF3453# +2 #C0x55504D#, thua tích điểm #C0xEF3453# +1 #C0x55504D#, đạt VIP5 hoặc cấp độ 45 thì thua vẫn được tích điểm #C0xEF3453# +2 #C0x55504D#)","""#C0x55504D#(도전 승리 시 포인트 #C0xEF3453#+2#C0x55504D#, 패배 시 포인트 #C0xEF3453#+1#C0x55504D#, VIP 5 또는 45레벨 이후 패배 시에도 포인트 #C0xEF3453#+2#C0x55504D#)""","#C0x55504D#(Iniciar e vencer o desafio dá #C0xEF3453#+2#C0x55504D# pontos, enquanto perder dá #C0xEF3453#+1#C0x55504D# pontos. Treinadores que atingiram VIP5 ou nível 45 e acima também podem ganhar #C0xEF3453#+2#C0x55504D# pontos)",#C0x55504D#(การเริ่มและชนะการท้าทายจะได้รับคะแนน #C0xEF3453#+2#C0x55504D# ในขณะที่การแพ้จะได้รับคะแนน #C0xEF3453#+1#C0x55504D# ผู้ฝึกสอนที่ได้ระดับ VIP5 หรือเลเวล 45 ขึ้นไปก็ยังสามารถได้รับคะแนน #C0xEF3453#+2#C0x55504D# ได้เช่นกัน)
6320,before,""" ago""",前,""" ago""",Trước,상위,atrás,ที่ผ่านมา
6321,spaceExchange,Exchange,兌 換,Exchange,Đổi Đổi,교 환,Intercâmbio,แลกเปลี่ยน
6322,hasChange,Exchanged,已兌換,Exchanged,Đã hối đoái,교환 완료,Trocado,แลกเปลี่ยน
6323,todayNumber,No. of times today:,今日次數:,No. of times today:,Hôm nay số lần: ,오늘 횟수:,Número de vezes hoje:,จำนวนครั้งในวันนี้:
6324,transcriptTitle,Daily Dungeon,日常副本,Daily Dungeon,Thường ngày phó bản,일상 던전,Calabouço Diário,ดันเจี้ยนประจำวัน
6325,doubleReward,Double rewards,雙倍獎勵,Double rewards,Gấp đôi ban thưởng,2배 보상,Recompensas em dobro,รางวัลสองเท่า
6326,additionalNumber,Chance+1,額外次數,Chance+1,Ngoài định mức số lần,추가 횟수,Chance+1,โอกาส+1
6328,spaceChallenge,Challenge,挑 戰,Challenge,Chọn Chiến,도 전,Desafio,ท้าทาย
6329,GoldTranscript,Coin dungeon,金幣副本,Coin dungeon,Kim tệ phó bản,골드 코인 던전,Masmorra de moedas,คุกใต้ดินเหรียญ
6330,expTranscript,EXP Dungeon,經驗副本,EXP Dungeon,Kinh nghiệm phó bản,경험치 던전,Masmorra EXP,ดันเจี้ยน EXP
6331,materialTranscript,Material Dungeon,材料副本,Material Dungeon,Vật liệu phó bản,재료 던전,Masmorra de materiais,ดันเจี้ยนวัสดุ
6332,currentLevelNotAvailable,Insufficient level,等級不足,Insufficient level,Cấp bậc chưa đủ,레벨 부족,Nível insuficiente,ระดับไม่เพียงพอ
6333,notPerfectClearanceNextLevel,You've not cleared the previous level,上一級未通關,You've not cleared the previous level,Lên một cấp chưa thông quan,지난 레벨을 클리어하지 않았습니다.,Você não completou o nível anterior,คุณยังไม่ได้ผ่านด่านก่อนหน้า
6334,arenaCoinNotEnoughNotBuy,Insufficient Arena Coins to purchase,競技貨幣不足，不能購買,Insufficient Arena Coins to purchase,"Thi đấu tiền tệ không đủ, không thể mua","""아레나 화폐 부족, 구매할 수 없습니다.""",Moedas de Arena insuficientes para comprar,มี Arena Coins ไม่เพียงพอที่จะซื้อ
6335,youAreNotVIP,You are not a VIP yet,您現在還不是VIP,You are not a VIP yet,Ngài hiện tại còn không phải VIP,현재 VIP가 아닙니다.,Você ainda não é VIP,คุณยังไม่ใช่ VIP
6336,haveChallengeTimesUnused,"""You still have available chances left, don't need to purchase for more""",還有挑戰次數未用，無需購買,"""You still have available chances left, don't need to purchase for more""","Còn có khiêu chiến số lần không dùng, không cần mua",아직 도전 횟수가 남아 구매할 필요가 없습니다.,"Você ainda tem chances disponíveis, não precisa comprar mais",“คุณยังมีโอกาสเหลืออยู่ ไม่จำเป็นต้องซื้อเพิ่ม”
6337,resetNumberEliteLevels1,#C0xFF5B545B# Do you want to spend %d#Icommon/icon/icon_diamond.png-56-56# and reset the no. of Difficult level attempts?,#C0xFF5B545B#是否消耗%d#Icommon/icon/icon_diamond.png-56-56#，重置困難關卡次數？,#C0xFF5B545B# Do you want to spend %d#Icommon/icon/icon_diamond.png-56-56# and reset the no. of Difficult level attempts?,"#C0xFF5B545B#Xác nhận dùng %d#Icommon/icon/icon_diamond.png-56-56#, Reset số lần Ải Khó?",#C0xFF5B545B#%d#Icommon/icon/icon_diamond.png-56-56#를 소모해 하드 스테이지 횟수를 초기화하겠습니까?,#C0xFF5B545B# Você quer gastar %s#Icommon/icon/icon_diamond.png-56-56# e redefinir o número de tentativas de nível Difícil?,#C0xFF5B545B# คุณต้องการใช้ %s#Icommon/icon/icon_diamond.png-56-56# และรีเซ็ตจำนวนครั้งในการพยายามผ่านระดับความยากหรือไม่?
6338,pvpRank,Rank No.: %d(,排名：%d(,Rank No.: %d(,Xếp hạng: %d(,순위: %d(,Classificação nº: %s(,อันดับที่: %s(
6340,pvpRankUnChanged,"""Win your opponent, there are no changes in ranking""",戰勝對手，排名未發生變動,"""Win your opponent, there are no changes in ranking""","Chiến thắng đối thủ, xếp hạng chưa phát sinh biến động",상대방에게 승리해도 순위에 변화가 발생하지 않았습니다.,"Vença seu oponente, não há mudanças na classificação",“ชนะคู่ต่อสู้ได้ ไม่มีการเปลี่ยนแปลงอันดับ”
6341,pvpFail,You have failed to beat your opponent in battle. \n Ranking remains unchanged,您在戰鬥中未能戰勝對手\n排名不變,You have failed to beat your opponent in battle. \n Ranking remains unchanged,Ngài trong chiến đấu chưa thể chiến thắng đối thủ \n Xếp hạng không thay đổi,전투 중 상대방에게 승리하지 못했습니다.\n순위에 변화가 발생하지 않았습니다.,Você não conseguiu derrotar seu oponente na batalha. n A classificação permanece inalterada,คุณล้มเหลวในการเอาชนะคู่ต่อสู้ในการต่อสู้ n อันดับยังคงไม่เปลี่ยนแปลง
6342,totalKill,Total victories: %d/%d,累計擊敗數:%d/%d,Total victories: %d/%d,Tính gộp lại đánh bại số:%d/%d,누적 처치 수: %d/%d,Total de vitórias: %s/%s,ชัยชนะทั้งหมด: %s/%s
6343,detail,Details,詳情,Details,Tường tình,상세정보,Detalhes,รายละเอียด
6344,produce,Proceed,產出,Proceed,Sản xuất,생산,Prosseguir,ดำเนินการ
6345,fetter,Bond,羈絆,Bond,Ràng buộc,유대,Ligação,พันธบัตร
6346,analyze,Analysis,分析,Analysis,Phân tích,분석,Análise,การวิเคราะห์
6347,roleLogo,Avatar,頭像,Avatar,Ảnh chân dung,프로필,Avatar,อวตาร
6348,figure,Personal image,個人形象,Personal image,Cái hình người tượng,개인 아바타,Imagem pessoal,ภาพส่วนตัว
6349,cardBag,Pokémons,精靈背包,Pokémons,Tinh linh ba lô,포켓몬 가방,Pokémons,โปเกม่อน
6350,battleSet,Settings,設置,Settings,Thiết trí,설정,Configurações,การตั้งค่า
6351,battleBack,Quit,退出,Quit,Rời khỏi,퇴장,Desistir,ล้มเลิก
6352,battleRestart,Restart,重開,Restart,Mở lại,부활,Reiniciar,เริ่มใหม่อีกครั้ง
6353,battleContinue,Continue,繼續,Continue,Tiếp tục,계속,Continuar,ดำเนินการต่อ
6354,back2City,Return to Main,回主介面,Return to Main,Về chủ giao diện,메인으로,Retornar para o principal,กลับสู่หน้าหลัก
6355,playAgain,Battle again,再戰一次,Battle again,Tái chiến một lần,다시 전투,Lute novamente,สู้กันใหม่อีกครั้ง
6356,dungeonList,Level list,關卡列表,Level list,Cửa ải liệt biểu,스테이지 목록,Lista de níveis,รายการระดับ
6357,blackListNull,You've not blocked anyone,沒有遮罩人鴨,You've not blocked anyone,Không có che đậy người vịt,차단한 사람이 없습니다.,Você não bloqueou ninguém,คุณไม่ได้บล็อคใครเลย
6358,blackList,Blacklist,黑名單,Blacklist,Sổ đen,블랙리스트,Lista negra,บัญชีดำ
6359,talentBasis,Basic,基礎,Basic,Cơ sở,기초,Básico,พื้นฐาน
6360,talentAdvance,Normal,進階,Normal,Tiến giai,진급,Normal,ปกติ
6361,talentElement,Element,元素,Element,Nguyên tố,엘리먼트,Elemento,องค์ประกอบ
6362,talentChallenge,Challenge,挑戰,Challenge,Khiêu chiến,도전,Desafio,ท้าทาย
6363,talentDetailRoleLevel,#C0x5B545B#Trainer reaches level #%s#%d#C0x5B545B#,#C0x5B545B#人物等級達到#%s#%d#C0x5B545B#級,#C0x5B545B#Trainer reaches level #%s#%d#C0x5B545B#,#C0x5B545B# Nhân vật đẳng cấp đạt tới #%s#%d#C0x5B545B# Cấp,#C0x5B545B#캐릭터 레벨 #%s#%d#C0x5B545B#달성,#C0x5B545B#O treinador atinge o nível #%s#%s#C0x5B545B#,#C0x5B545B#เทรนเนอร์ถึงระดับ #%s#%s#C0x5B545B#
6364,getaSectionBoxTitle,Chapter %d,第%d章,Chapter %d,Thứ %d Chương,%d장,Capítulo %s,บทที่ %s
6365,removeSelectBlackListSuccess,#C0x5B545B# has removed #C0xF76B45#%s#C0x5B545B# from the blacklist,#C0x5B545B#將#C0xF76B45#%s#C0x5B545B#從黑名單中移除,#C0x5B545B# has removed #C0xF76B45#%s#C0x5B545B# from the blacklist,#C0x5B545B# Đem #C0xF76B45#%s#C0x5B545B# Từ sổ đen bên trong gỡ ra,#C0x5B545B##C0xF76B45#%s#C0x5B545B# 님을 블랙리스트에서 삭제했습니다.,#C0x5B545B# removeu #C0xF76B45#%s#C0x5B545B# da lista negra,#C0x5B545B# ได้ลบ #C0xF76B45#%s#C0x5B545B# ออกจากบัญชีดำแล้ว
6366,removeSelectFriend1,#C0x5B545B#Remove #C0xF76B45#%s#C0x5B545B# from your friends list,#C0x5B545B#將#C0xF76B45#%s#C0x5B545B#從你的好友列表中刪除,#C0x5B545B#Remove #C0xF76B45#%s#C0x5B545B# from your friends list,Xóa %s khỏi danh sách bạn bè của bạn,#C0x5B545B##C0xF76B45#%s#C0x5B545B# 님을 친구 목록에서 삭제했습니다.,#C0x5B545B#Remova #C0xF76B45#%s#C0x5B545B# da sua lista de amigos,#C0x5B545B#ลบ #C0xF76B45#%s#C0x5B545B# จากรายชื่อเพื่อนของคุณ
6367,removeSelectFriend2,"""#C0x5B545B#After deleting your friend, you will also be removed from their friends list""",#C0x5B545B#刪除好友後你將同時從對方好友列表中消失,"""#C0x5B545B#After deleting your friend, you will also be removed from their friends list""",#C0x5B545B# Xóa bỏ hảo hữu sau ngươi đem đồng thời từ đối phương hảo hữu liệt biểu bên trong biến mất,#C0x5B545B#친구 삭제 시 상대방의 목록에서도 친구 관계가 삭제됩니다.,"#C0x5B545B#Após excluir seu amigo, você também será removido da lista de amigos dele",#C0x5B545B#หลังจากลบเพื่อนของคุณแล้ว คุณจะถูกลบออกจากรายชื่อเพื่อนของพวกเขาด้วย
6368,sellingPrice,Price,售價,Price,Giá bán,판매가,Preço,ราคา
6369,roleLogoFrame,Avatar frame,頭像框,Avatar frame,Ảnh chân dung khung,테두리,Moldura Avatar,กรอบรูปอวาตาร์
6370,sellout,Sold out,已售罄,Sold out,Đã bán sạch,매진,Vendido,ขายหมดแล้ว
6371,nextDayRefresh5,Refresh at 0:00 next day,次日5點刷新,Refresh at 0:00 next day,Ngày kế tiếp 5 Điểm đổi mới,다음날 0시 갱신,Atualizar às 0:00 do dia seguinte,รีเฟรชเวลา 0:00 ของวันถัดไป
6372,notAtOpenLevel,Insufficient level to unlock,未到開啟等級,Insufficient level to unlock,Chưa tới mở ra đẳng cấp,개방 레벨이 되지 않았습니다.,Nível insuficiente para desbloquear,ระดับไม่เพียงพอที่จะปลดล็อค
6373,notOpenToday,Yet to unlock today,今日未開啟,Yet to unlock today,Hôm nay chưa mở ra,오늘 미개방,Ainda para desbloquear hoje,ยังไม่ปลดล็อควันนี้
6374,changeEnemy,Change,更換對手,Change,Thay đổi đối thủ,상대 변경,Mudar,เปลี่ยน
6375,battleEvaluation,Battle Score,戰鬥評價,Battle Score,Chiến đấu đánh giá,전투 평점,Pontuação da Batalha,คะแนนการต่อสู้
6376,battleScore,Battle points,戰鬥積分,Battle points,Chiến đấu điểm tích lũy,전투 포인트,Pontos de batalha,คะแนนการต่อสู้
6377,battleProgress,Complete the progress,完成進度,Complete the progress,Hoàn thành tiến độ,진행도,Complete o progresso,เสร็จสิ้นความคืบหน้า
6378,buySuccess,Purchased successfully,購買成功,Purchased successfully,Mua thành công,구매 성공,Comprado com sucesso,ซื้อสำเร็จแล้ว
6379,potentialIncreasedStarsUnlocked,#C0xF76B45#Increase star level to #C0xE69900#[%d star]#C0xF76B45# to unlock,#C0xF76B45#星級提升至#C0xE69900#【%d星】#C0xF76B45#解鎖,#C0xF76B45#Increase star level to #C0xE69900#[%d star]#C0xF76B45# to unlock,#C0xF76B45# Tinh cấp tăng lên đến #C0xE69900#[%d Tinh ]#C0xF76B45# Giải tỏa,#C0xF76B45#성급 #C0xE69900#[%d성] #C0xF76B45#달성 시 개방,#C0xF76B45#Aumente o nível de estrela para #C0xE69900#[%s estrela]#C0xF76B45# para desbloquear,#C0xF76B45# เพิ่มระดับดาวเป็น #C0xE69900#[%s ดาว]#C0xF76B45# เพื่อปลดล็อค
6380,canGetArriveAtJubaoNumber,"""When the number of Treasure Pot reaches %d, you get:""",聚寶次數到達%d，可領取：,"""When the number of Treasure Pot reaches %d, you get:""","Tụ bảo số lần đến %d, nhưng nhận lấy:",보물단지 횟수 %d 도달 시 수령 가능:,"Quando o número de Treasure Pots atingir %s, você receberá:",เมื่อจำนวน Treasure Pot ถึง %s คุณจะได้รับ:
6381,diamondDraw,Diamond Card Draw,鑽石抽卡,Diamond Card Draw,Kim cương rút thẻ,다이아 뽑기,Sorteio de Cartas Diamante,การจับฉลากการ์ดเพชร
6382,goldDraw,Coin Card Draw,金幣抽卡,Coin Card Draw,Kim tệ rút thẻ,골드코인 뽑기,Sorteio de cartas de moedas,การจับฉลากการ์ดเหรียญ
6383,drawLeftTime,Draw %d more to guarantee trinket Star Up items,再抽%d次必得飾品升星道具,Draw %d more to guarantee trinket Star Up items,Bảo đảm nhận được vật phẩm nâng cấp phụ kiện sau %d lượt quay nữa,%d회 추가 뽑기 진행 시 액세서리 승급 아이템 100%% 획득,Desenhe %s a mais para garantir itens de bugiganga Star Up,ดึงเพิ่มอีก %s เพื่อรับประกันไอเทม Star Up
6384,drawLimit,Time-limited Soul Box,限時魂匣,Time-limited Soul Box,Hạn lúc hồn hộp,한정 영혼함,Caixa de Alma por Tempo Limitado,กล่องวิญญาณจำกัดเวลา
6385,drawTimes,Draw %d times,抽%d次,Draw %d times,Quất %d Lần,%d회 뽑기,Desenhe %s vezes,วาด %s ครั้ง
6386,res,Item,物品,Item,Vật phẩm,아이템,Item,รายการ
6387,probability,Chance,概率,Chance,Xác suất,확률,Chance,โอกาส
6388,curDrawHaveSprite,Trinket Star Up Item guaranteed,本次必定飾品升星道具,Trinket Star Up Item guaranteed,Lần này chắc chắn nhận đạo cụ tăng sao Trang Sức,이번에 액세서리 승급 아이템 100%% 획득,Item Trinket Star Up garantido,Trinket Star Up ไอเทมรับประกัน
6389,richCostDiamond,#C0xFF5B545B# Do you want to spend %d#Icommon/icon/icon_diamond.png-56-56#? #C0xFF5B545B#,#C0xFF5B545B#是否消耗%d#Icommon/icon/icon_diamond.png-56-56#,#C0xFF5B545B# Do you want to spend %d#Icommon/icon/icon_diamond.png-56-56#? #C0xFF5B545B#,#C0xFF5B545B# Phải chăng tiêu hao %d#Icommon/icon/icon_diamond.png-56-56#,#C0xFF5B545B#%d#Icommon/icon/icon_diamond.png-56-56# 소모,#C0xFF5B545B# Você quer gastar %s#Icommon/icon/icon_diamond.png-56-56#? #C0xFF5B545B#,#C0xFF5B545B# คุณต้องการใช้จ่าย %s#Icommon/icon/icon_diamond.png-56-56# หรือไม่? #C0xFF5B545B#
6390,buyTime,Reset challenge cooldown timer,重置挑戰冷卻時間,Reset challenge cooldown timer,Thiết lập lại khiêu chiến thời gian cooldown,도전 쿨타임 초기화,Reiniciar o temporizador de espera do desafio,รีเซ็ตตัวจับเวลาคูลดาวน์การท้าทาย
6391,changeItems,#C0xFF5B545B#Do you want to spend %d#Icity/pvp/arena/icon_jf_jjc.png# to exchange for rewards?,#C0xFF5B545B#是否消耗%d#Icity/pvp/arena/icon_jf_jjc.png#兌換獎勵,#C0xFF5B545B#Do you want to spend %d#Icity/pvp/arena/icon_jf_jjc.png# to exchange for rewards?,#C0xFF5B545B# Phải chăng tiêu hao %d#Icity/pvp/arena/icon_jf_jjc.png# Hối đoái ban thưởng,#C0xFF5B545B#%d#Icity/pvp/arena/icon_jf_jjc.png#를 소모해 보상 교환,#C0xFF5B545B#Você quer gastar %s#Icity/pvp/arena/icon_jf_jjc.png# para trocar por recompensas?,#C0xFF5B545B#คุณต้องการใช้ %s#Icity/pvp/arena/icon_jf_jjc.png# เพื่อแลกรับรางวัลหรือไม่?
6392,timeNotUp,Not ready yet,未到可挑戰時間,Not ready yet,Chưa tới nhưng khiêu chiến thời gian,도전 시간이 되지 않았습니다.,Ainda não está pronto,ยังไม่พร้อม
6393,rankNotEnough,Reach top 20 to challenge,到達前20名方可挑戰,Reach top 20 to challenge,Đến trước 20 Tên mới có thể khiêu chiến,상위 20위만 도전 가능,Chegue ao top 20 para desafiar,เข้าถึง 20 อันดับแรกเพื่อท้าทาย
6394,drawNum,%d time(s) more,再抽%d次,%d time(s) more,Lại quất %d Lần,%d회 더 뽑기,%s vez(es) mais,%s ครั้งเพิ่มเติม
6395,recentGain,Last Obtained,最近獲得,Last Obtained,Gần nhất thu hoạch được,최근 획득,Último obtido,ได้มาล่าสุด
6396,spaceHonor,Honor,榮 譽,Honor,Vinh Dự,명 예,Honra,ให้เกียรติ
6397,spaceOther,Others,其 他,Others,Hắn,기 타,Outros,คนอื่น
6398,spaceDischarge,Remove,卸 下,Remove,Gỡ Hạ,해 제,Remover,ลบ
6399,successUseTitle,Title put on successfully,成功佩戴稱號,Title put on successfully,Thành công đeo xưng hào,칭호 착용 성공,Título colocado com sucesso,ใส่ชื่อเรื่องได้สำเร็จ
6400,successDischargeTitle,Title removed successfully,成功卸下稱號,Title removed successfully,Thành công dỡ xuống xưng hào,칭호 해제 성공,Título removido com sucesso,ลบชื่อเรื่องสำเร็จแล้ว
6401,titleBook,Titles,稱號簿,Titles,Xưng hào sổ ghi chép,칭호 메뉴,Títulos,ชื่อเรื่อง
6402,challengeLastGate,Please clear the previous level first,請先通關上一關,Please clear the previous level first,Mời trước thông quan bên trên một quan,먼저 지난 스테이지를 클리어하세요.,"Por favor, limpe o nível anterior primeiro",กรุณาผ่านด่านก่อนหน้าให้หมดก่อน
6403,soLazy,This person is too lazy to write anything,這個人很懶，什麼都沒留下,This person is too lazy to write anything,"Người này rất lười, cái gì đều không có lưu lại",아무 내용도 없습니다.,Essa pessoa tem preguiça de escrever qualquer coisa,คนนี้ขี้เกียจเขียนอะไรทั้งนั้น
6404,foreverUse,Validity period: %s Permanently,有效期：%s永久有效,Validity period: %s Permanently,Thời hạn có hiệu lực: %s Vĩnh cửu hữu hiệu,유효기간: %s 영구 유효,Período de validade: %s Permanentemente,ระยะเวลาใช้งาน: %s ถาวร
6405,titleHaveTimeLimit,"Validity period: remaining% s, cannot be used after expiration, and the attribute is invalid",有效期：剩餘%s，過期後不可使用，且屬性失效,"Validity period: remaining% s, cannot be used after expiration, and the attribute is invalid","Thời hạn sử dụng: Còn lại %s, hết hạn sẽ không thể sử dụng và thuộc tính sẽ vô hiệu","""유효기간: %s 남음, 만료 후 사용 불가, 속성 효력 사라짐""","Período de validade: %s restantes, não pode ser usado após a expiração e o atributo é inválido",ระยะเวลาใช้งาน: เหลือ%ss ไม่สามารถใช้งานได้หลังจากหมดอายุ และแอตทริบิวต์ไม่ถูกต้อง
6406,currNoTitle,No title yet,當前分類尚未獲得稱號,No title yet,Trước mắt phân loại chưa thu hoạch được xưng hào,현재 칭호 없음,Ainda sem título,ยังไม่มีชื่อเรื่อง
6407,spaceAdventure,Adventure,冒 險,Adventure,Bốc lên Hiểm,모 험,Aventura,การผจญภัย
6408,firstPassAward,First clearance rewards:,首通獎勵：,First clearance rewards:,Thủ thông ban thưởng:,첫 클리어 보상:,Recompensas pela primeira liberação:,รางวัลการเคลียร์ครั้งแรก:
6409,sweepingReward,Blitz reward:,掃蕩獎勵：,Blitz reward:,Càn quét ban thưởng:,소탕 보상:,Recompensa Blitz:,รางวัลบลิตซ์:
6410,elementAttributeRestrictionNotBattle,The types of Pokémons that are not allowed on the battlefield include:,限制上陣精靈屬性，不可上陣精靈屬性：,The types of Pokémons that are not allowed on the battlefield include:,"Hạn chế ra trận tinh linh thuộc tính, không thể ra trận tinh linh thuộc tính:","""포켓몬 타입 출전 제한, 출전할 수 없는 포켓몬 타입:""",Os tipos de Pokémon que não são permitidos no campo de batalha incluem:,ประเภทของโปเกมอนที่ไม่อนุญาตให้เข้าสู่สนามรบ ได้แก่:
6411,attributeCorrection,Type adjustment:,屬性修正：,Type adjustment:,Thuộc tính sửa đổi:,타입 수정:,Ajuste de tipo:,การปรับปรุงประเภท:
6412,limitPlayingCards,Battle Pokémon restriction:,上陣精靈限制：,Battle Pokémon restriction:,Hạn chế Pokémon lên trận:,출전 포켓몬 제한:,Restrição de Pokémon de Batalha:,ข้อจำกัดของโปเกมอนต่อสู้:
6413,elementAttributeRestrictionCanBattle,The types of Pokémons allowed on the battlefield is limited to:,限制上陣精靈屬性，可上陣精靈屬性：,The types of Pokémons allowed on the battlefield is limited to:,"Hạn chế ra trận tinh linh thuộc tính, có thể lên trận tinh linh thuộc tính:","""포켓몬 타입 출전 제한, 출전 가능한 포켓몬 타입:""",Os tipos de Pokémon permitidos no campo de batalha são limitados a:,ประเภทของโปเกมอนที่ได้รับอนุญาตให้เข้าสู่สนามรบมีจำกัดดังนี้:
6414,weSpirit,Allied Pokémons,我方精靈,Allied Pokémons,Bên ta tinh linh,아군 포켓몬,Pokémons aliados,โปเกมอนพันธมิตร
6415,enemySpirit,Enemy Pokémons,敵方精靈,Enemy Pokémons,Địch quân tinh linh,적 포켓몬,Pokémons inimigos,โปเกมอนศัตรู
6416,bothSpirit,Pokémons of both sides,雙方精靈,Pokémons of both sides,Song phương tinh linh,양측 포켓몬,Pokémons de ambos os lados,โปเกม่อนของทั้งสองฝ่าย
6417,increase,Increase,增加,Increase,Gia tăng,증가,Aumentar,เพิ่มขึ้น
6418,reduce,Reduce,減少,Reduce,Giảm bớt,감소,Reduzir,ลด
6419,forceIntoBattle,Forced to fight,強制上陣,Forced to fight,Cưỡng chế ra trận,강제 출전,Forçado a lutar,ถูกบังคับให้ต่อสู้
6420,someSpriteSomeNum,%d %s Pokémons,%s精靈%d個,%d %s Pokémons,%s Tinh linh %d Cái,%s 포켓몬 %d마리,%s %s Pokémons,%s %s โปเกมอน
6421,lineupInconsistency,"""The current line-up does not meet the level requirements, please rearrange it""",當前陣容不符合關卡條件，請重新佈陣,"""The current line-up does not meet the level requirements, please rearrange it""","Trước mắt đội hình không phù hợp cửa ải điều kiện, mời một lần nữa bày trận",현재 라인업이 스테이지 조건에 맞지 않습니다. 다시 라인업을 설정하세요.,"A escalação atual não atende aos requisitos de nível, por favor, reorganize-a",“ไลน์อัพปัจจุบันไม่ตรงตามข้อกำหนดระดับ กรุณาจัดใหม่”
6422,resetGate,Confirm to reset level,確認重置關卡,Confirm to reset level,Xác nhận thiết lập lại cửa ải,스테이지 초기화 확인,Confirme para redefinir o nível,ยืนยันการรีเซ็ตระดับ
6423,sweepGate,Blitz until level %s and obtain Blitz Rewards for blitzed levels,掃蕩至第%s關，並獲得已掃蕩關卡的掃蕩獎勵,Blitz until level %s and obtain Blitz Rewards for blitzed levels,"Càn quét đến thứ %s Quan, cũng thu hoạch được đã càn quét cửa ải càn quét ban thưởng",스테이지%s까지 소탕 및 소탕한 스테이지의 보상을 획득했습니다.,Blitz até o nível %s e obtenha recompensas Blitz para níveis blitzados,บลิทซ์จนถึงเลเวล %s และรับรางวัลบลิทซ์สำหรับเลเวลที่บลิทซ์
6424,cannotSweep,There are no levels to blitz for now,當前無關卡可進行掃蕩,There are no levels to blitz for now,Trước mắt không quan hệ thẻ có thể tiến hành càn quét,현재 소탕할 수 있는 스테이지가 없습니다.,Não há níveis para atacar por enquanto,ไม่มีระดับให้บลิตซ์ในตอนนี้
6425,cannotResetGate,You can't reset the current level,當前關卡無法重置,You can't reset the current level,Trước mắt cửa ải không cách nào thiết lập lại,현재 스테이지는 초기화할 수 없습니다.,Você não pode redefinir o nível atual,คุณไม่สามารถรีเซ็ตระดับปัจจุบันได้
6426,resetTimesNotEnough,"""Insufficient No. of resets, unable to reset""",重置次數不足，無法重置,"""Insufficient No. of resets, unable to reset""","Thiết lập lại số lần không đủ, không cách nào thiết lập lại",초기화 횟수가 부족해 초기화할 수 없습니다.,"Número insuficiente de reinicializações, não é possível reinicializar",“จำนวนการรีเซ็ตไม่เพียงพอ ไม่สามารถรีเซ็ตได้”
6427,overdue,Expired,過期了,Expired,Quá thời hạn,기간이 만료됐습니다.,Expirado,หมดอายุแล้ว
6428,rushToPurchase,Buy now,立即搶購,Buy now,Lập tức tranh mua,바로구매,Comprar agora,ซื้อเลยตอนนี้
6429,carnival,Carnival,嘉年華,Carnival,Carnival,카니발,Carnaval,งานคาร์นิวัล
6430,goToRecharge,Purchase now,前往儲值,Purchase now,Tiến về nạp tiền,충전하기,Compre agora,สั่งซื้อเลยตอนนี้
6431,firstRecharge,First purchase,首儲,First purchase,Thủ mạo xưng,첫 충전,Primeira compra,การซื้อครั้งแรก
6432,notOnTheList,Unranked,尚未上榜,Unranked,Chưa lên bảng,순위 밖,Não classificado,ไม่จัดอันดับ
6433,notCleared,Not cleared yet,暫未通關,Not cleared yet,Tạm chưa thông quan,클리어하지 않음,Ainda não foi liberado,ยังไม่เคลียร์
6434,notHasRole,You do not have any Pokémons that meet the requirements,未擁有符合條件的精靈,You do not have any Pokémons that meet the requirements,Chưa có được điều kiện phù hợp tinh linh,조건에 맞는 포켓몬이 없습니다.,Você não tem nenhum Pokémon que atenda aos requisitos,คุณไม่มีโปเกมอนที่ตรงตามข้อกำหนด
6435,curEndlessGateIdx,Current level,當前關卡,Current level,Trước mắt cửa ải,현재 스테이지,Nível atual,ระดับปัจจุบัน
6436,nextGate,Next level,下一關,Next level,Cửa ải tiếp theo,다음 스테이지,Próximo nível,ระดับถัดไป
6437,click2Exit,Tap empty space to exit,點擊空白處退出,Tap empty space to exit,Nhấn vào bất kỳ đâu để thoát,공백 부분을 터치해 퇴장,Toque no espaço vazio para sair,แตะพื้นที่ว่างเพื่อออก
6438,playAgain4Endless,Again,再次挑戰,Again,Lần nữa khiêu chiến,재도전,De novo,อีกครั้ง
6439,activityBuyLimit,(Limited sale %d/%d),（活動期間限購%d/%d）,(Limited sale %d/%d),( Hoạt động trong lúc đó hạn mua %d/%d),(이벤트 기간 한정 구매 %d/%d),(Venda limitada %s/%s),(จำหน่ายจำนวนจำกัด %s/%s)
6440,activityRechargeGift,"""#L10##C0xC46762#Daily purchase#L10##C0x5F944A#%d Diamond(able to count as VIP exp), #L10##C0xC46762#to get""","""#L10##C0xC46762#再儲值#L10##C0x5F944A#%d#Icommon/icon/icon_diamond.png-48-48#，#L10##C0xC46762#即可獲得以下獎勵""","""#L10##C0xC46762#Daily purchase#L10##C0x5F944A#%d Diamond(able to count as VIP exp), #L10##C0xC46762#to get""","#L10##C0xC46762#Nạp thêm#L10##C0x5F944A#%d, #L10##C0xC46762#nhận ngay phần thưởng sau","""#L10##C0xC46762#오늘충전#L10##C0x5F944A#%d다이아(vip경험치에 반영됨)，#L10##C0xC46762#획득""","#L10##C0xC46762#Compra diária#L10##C0x5F944A#%s Diamante (pode contar como exp VIP), #L10##C0xC46762#para obter",#L10##C0xC46762#ซื้อรายวัน#L10##C0x5F944A#%s เพชร(นับเป็นประสบการณ์ VIP ได้) #L10##C0xC46762#เพื่อรับ
6441,directJoin,Join now,直接加入,Join now,Trực tiếp gia nhập,즉시 가입,Junte-se agora,เข้าร่วมตอนนี้
6442,refuseJoin,Reject invitation,拒絕加入,Reject invitation,Cự tuyệt gia nhập,가입 거절,Rejeitar convite,ปฏิเสธคำเชิญ
6443,approve,Apply,申請,Apply,Xin,신청,Aplicar,นำมาใช้
6444,approveCancle,Cancel request,取消申請,Cancel request,Hủy bỏ xin,신청 취소,Cancelar solicitação,คำขอยกเลิก
6445,joinIn,Join,加入,Join,Gia nhập,가입,Juntar,เข้าร่วม
6446,levelLimit,(Lv %d and above),（Lv%d以上）,(Lv %d and above),(Lv%d Trở lên ),(Lv.%d 이상),(Nível %s e acima),(Lv %s ขึ้นไป)
6447,noLimit,(unlimited),（無限制）,(unlimited),( Không hạn chế ),(무제한),(ilimitado),(ไม่จำกัด)
6448,unionInformation,Union Information,公會信息,Union Information,Công hội tin tức,길드 정보,Informação da União,ข้อมูลสหภาพฯ
6449,unionRecod,Union history,公會記錄,Union history,Công hội ghi chép,길드 기록,História da União,ประวัติสหภาพฯ
6450,applyList,Request list,申請列表,Request list,Xin liệt biểu,신청 목록,Lista de pedidos,รายการคำร้องขอ
6451,smallSkills,Small move,小技能,Small move,Tài mọn có thể,일반 스킬,Pequeno movimento,การเคลื่อนไหวเล็ก ๆ
6452,dailyRedPack,Daily Red Packet,每日紅包,Daily Red Packet,Mỗi ngày hồng bao,일일 보너스,Pacote Vermelho Diário,ซองแดงประจำวัน
6453,membersRedPack,Member Red Packet,會員紅包,Member Red Packet,Hội viên hồng bao,회원 보너스,Pacote Vermelho de Membro,สมาชิกซองแดง
6454,sendRedPack,Send Red Packet,發 紅 包,Send Red Packet,Chuyển tiền lì xì,보너스 보내기,Enviar pacote vermelho,ส่งซองแดง
6455,getRedPack,Obtain Red Packet,獲取紅包,Obtain Red Packet,Thu hoạch hồng bao,보너스 획득,Obter Pacote Vermelho,รับซองแดง
6456,goldRedPack,Coin Red Packet,金幣紅包,Coin Red Packet,Kim tệ hồng bao,코인 보너스,Pacote de moedas vermelhas,เหรียญซองแดง
6457,diamondRedPack,Diamond Red Packet,鑽石紅包,Diamond Red Packet,Kim cương hồng bao,다이아 보너스,Pacote Diamante Vermelho,ไดมอนด์ เรด แพ็คเก็ต
6458,unionCoinRedPack,Union Coin Red Packet,公會幣紅包,Union Coin Red Packet,Công hội tệ hồng bao,길드 코인 보너스,Pacote vermelho de moedas da União,ยูเนี่ยนคอยน์ ซองแดง
6459,trainTimes,Train %d times,培養%d次,Train %d times,Bồi dưỡng %d Lần,%d회 육성,Treinar %s vezes,รถไฟ %s ครั้ง
6460,spaceCancel,Cancel,取 消,Cancel,Lấy Tiêu,취 소,Cancelar,ยกเลิก
6461,spaceSave,Save,保 存,Save,Bảo đảm Tồn,저 장,Salvar,บันทึก
6462,effortNotUpgrade,"""Effort value cannot be upgraded further for now, please increase the trainer level first!""",努力值暫無法再提升，請提升訓練師等級！,"""Effort value cannot be upgraded further for now, please increase the trainer level first!""",Không thể tăng thêm chỉ số nỗ lực nữa. Vui lòng nâng cấp cấp độ huấn luyện viên!,노력치를 더는 올릴 수 없습니다. 트레이너 레벨을 높이세요!,"O valor do esforço não pode ser melhorado mais por enquanto. Por favor, aumente o nível do treinador primeiro!",ตอนนี้ไม่สามารถอัปเกรดค่าความพยายามได้เพิ่มเติม กรุณาเพิ่มระดับเทรนเนอร์ก่อน!
6463,effortCancel,Training Value will not be saved if you cancel the EV Training. Do you want to continue?,即將取消本次努力值培養，取消後培養值將不會保存，是否繼續？,Training Value will not be saved if you cancel the EV Training. Do you want to continue?,"Sắp hủy huấn luyện nỗ lực giá trị này. Sau khi hủy bỏ, giá trị đã huấn luyện sẽ không được lưu. Bạn có muốn tiếp tục không?",이번 노력치 육성을 정말 취소하겠습니까? 취소 시 수치가 저장되지 않습니다.,O valor do treinamento não será salvo se você cancelar o treinamento EV. Você quer continuar?,ค่าการฝึกอบรมจะไม่ถูกบันทึกหากคุณยกเลิกการฝึกอบรม EV คุณต้องการดำเนินการต่อหรือไม่
6464,effortMaterialNotEnough,Insufficient Effort Value material,努力值材料不足,Insufficient Effort Value material,Cố gắng giá trị vật liệu không đủ,노력치 재료 부족,Valor de esforço insuficiente material,ความพยายามไม่เพียงพอค่าวัสดุ
6465,effortvalue,Effort Value,努力值,Effort Value,Cố gắng giá trị,노력치,Valor do esforço,มูลค่าความพยายาม
6466,send,Send,發,Send,Phát,발송,Enviar,ส่ง
6467,get,Get,獲取,Get,Thu hoạch,획득,Pegar,รับ
6468,grab,Loot,搶,Loot,Đoạt,획득,Saque,ยกเค้า
6469,show,View,檢視,View,Xem xét,보기,Visualizar,ดู
6470,sendRedPackTip,"""You don't have any Red Packet to distribute, go and get one first!""",沒有可以發放的紅包，先去獲取一個吧！,"""You don't have any Red Packet to distribute, go and get one first!""","Không có có thể cấp cho hồng bao, đi trước thu hoạch một cái đi!",발송할 보너스가 존재하지 않습니다. 먼저 획득하세요!,"Você não tem nenhum Pacote Vermelho para distribuir, vá e pegue um primeiro!",คุณไม่มี Red Packet ที่จะแจกจ่าย รีบไปเอามาหนึ่งอันก่อนสิ!
6471,notHasRedPack,No one has distributed Red Packets yet!,現在還沒有人發紅包哦,No one has distributed Red Packets yet!,Chưa ai gửi lì xì cả.,지금은 아무도 보너스를 발송하지 않았습니다.,Ninguém distribuiu Pacotes Vermelhos ainda!,ยังไม่มีใครแจกอั่งเปาเลย!
6472,personal,Individual,個人,Individual,Người,개인,Individual,รายบุคคล
6473,everyday,Daily,每日,Daily,Mỗi ngày,일간,Diário,รายวัน
6474,everyweek,Weekly,每週,Weekly,Mỗi tuần,주간,Semanalmente,รายสัปดาห์
6475,goto,Proceed,前往,Proceed,Tiến về,이동,Prosseguir,ดำเนินการ
6476,unionLvUpTip,"""When the union EXP reaches the maximum value, the union will automatically be upgraded to Lv %d""",公會經驗達到上限時公會自動升級為Lv%d,"""When the union EXP reaches the maximum value, the union will automatically be upgraded to Lv %d""",Công hội kinh nghiệm đạt tới hạn mức cao nhất lúc công hội tự động thăng cấp làm Lv%d,길드 경험치 한도 도달 시 길드가 자동으로 Lv%d로 레벨업,"Quando a EXP da união atingir o valor máximo, a união será automaticamente atualizada para o nível %s",เมื่อค่า EXP ของสหภาพถึงค่าสูงสุด สหภาพจะได้รับการอัปเกรดเป็น Lv %s โดยอัตโนมัติ
6477,noUnionToJoin,No unions available,沒有可以加入的公會,No unions available,Không có có thể gia nhập công hội,가입할 수 있는 길드가 없습니다.,Nenhum sindicato disponível,ไม่มีสหภาพที่มีอยู่
6478,sendReadPackCost,#C0xFF5B545B#Spend %d#Icommon/icon/icon_diamond.png-56-56# and give Red Packets to union members,#C0xFF5B545B#消耗%d#Icommon/icon/icon_diamond.png-56-56#發放紅包到公會,#C0xFF5B545B#Spend %d#Icommon/icon/icon_diamond.png-56-56# and give Red Packets to union members,#C0xFF5B545B# Tiêu hao %d#Icommon/icon/icon_diamond.png-56-56# Cấp cho hồng bao đến công hội,#C0xFF5B545B#%d#Icommon/icon/icon_diamond.png-56-56#를 소모해 길드에 보너스 발송,#C0xFF5B545B#Gaste %s#Icommon/icon/icon_diamond.png-56-56# e dê Pacotes Vermelhos aos membros do sindicato,#C0xFF5B545B#ใช้ %s#Icommon/icon/icon_diamond.png-56-56# และมอบ Red Packets ให้กับสมาชิกสหภาพแรงงาน
6479,redpackSender,%s's Red Packet,%s的紅包,%s's Red Packet,%s Hồng bao,%s의 보너스,Pacote vermelho de %s,ซองแดงของ %s
6480,chairman,Leader,會長,Leader,Hội trưởng,회장,Líder,ผู้นำ
6481,viceChairman,Assistant Leader,副會長,Assistant Leader,Phó hội trưởng,부회장,Líder Assistente,ผู้ช่วยหัวหน้า
6482,member,Member,會員,Member,Hội viên,회원,Membro,สมาชิก
6483,modifySuccessful,Edited successfully,修改成功,Edited successfully,Sửa chữa thành công,수정 완료,Editado com sucesso,แก้ไขสำเร็จแล้ว
6484,unionKickMember,Ask member %s to leave the union,將會員%s請離公會,Ask member %s to leave the union,Sẽ viên %s Mời cách công hội,회원 %s 님을 길드에서 추방,Peça ao membro %s para deixar o sindicato,ขอให้สมาชิก %s ออกจากสหภาพ
6485,unionChangeChairman,#C0xFF5B545B# transfers the role of union Leader to\n  #C0xFF60C456#%s \n#C0xFF5B545B# while their own role has changed to %s,#C0xFF5B545B#將會長職位轉讓給\n  #C0xFF60C456#%s \n#C0xFF5B545B#同時自己將變成%s,#C0xFF5B545B# transfers the role of union Leader to\n  #C0xFF60C456#%s \n#C0xFF5B545B# while their own role has changed to %s,#C0xFF5B545B# Sẽ dài chức vị chuyển nhượng cho \n  #C0xFF60C456#%s \n#C0xFF5B545B# Đồng thời mình đem biến thành %s,#C0xFF5B545B#회장 직위를 #C0xFF60C456#%s 님에게\n양도하겠습니까?\n#C0xFF5B545B#양도 후 %s 직위가 됩니다.,#C0xFF5B545B# transfere a função de líder sindical paran #C0xFF60C456#%s n#C0xFF5B545B# enquanto sua própria função foi alterada para %s,#C0xFF5B545B# โอนบทบาทผู้นำสหภาพไปยังn #C0xFF60C456#%s n#C0xFF5B545B# ในขณะที่บทบาทของตนเองได้เปลี่ยนเป็น %s
6486,unionPromoteMember,#C0xFF5B545B# promoted the member #C0xFF60C456#%s#C0xFF5B545B# to Assistant union Leader,#C0xFF5B545B#將會員#C0xFF60C456#%s#C0xFF5B545B#升職為副會長,#C0xFF5B545B# promoted the member #C0xFF60C456#%s#C0xFF5B545B# to Assistant union Leader,#C0xFF5B545B# Sẽ viên #C0xFF60C456#%s#C0xFF5B545B# Thăng chức làm phó hội trưởng,#C0xFF5B545B#회원 #C0xFF60C456#%s#C0xFF5B545B# 님을 부회장으로 진급시켰습니다.,#C0xFF5B545B# promoveu o membro #C0xFF60C456#%s#C0xFF5B545B# a Líder Sindical Assistente,#C0xFF5B545B# เลื่อนตำแหน่งสมาชิก #C0xFF60C456#%s#C0xFF5B545B# เป็นผู้ช่วยหัวหน้าสหภาพ
6487,unionDemoteMember,#C0xFF5B545B# demoted the Assistant union Leader #C0xFF60C456#%s#C0xFF5B545B# to union Member,#C0xFF5B545B#將副會長#C0xFF60C456#%s#C0xFF5B545B#降職為會員,#C0xFF5B545B# demoted the Assistant union Leader #C0xFF60C456#%s#C0xFF5B545B# to union Member,#C0xFF5B545B# Đem phó hội trưởng #C0xFF60C456#%s#C0xFF5B545B# Xuống chức vì hội viên,#C0xFF5B545B#부회장 #C0xFF60C456#%s#C0xFF5B545B# 님을 회원으로 강등시켰습니다.,#C0xFF5B545B# rebaixou o Líder Sindical Assistente #C0xFF60C456#%s#C0xFF5B545B# para Membro Sindical,#C0xFF5B545B# ลดตำแหน่งผู้ช่วยหัวหน้าสหภาพ #C0xFF60C456#%s#C0xFF5B545B# เป็นสมาชิกสหภาพ
6488,minutesAgo,mins ago,分鐘前,mins ago,Phút trước,분 전,minutos atrás,นาทีที่แล้ว
6489,hoursAgo,hours ago,小時前,hours ago,Giờ trước,시간 전,horas atrás,ชั่วโมงที่ผ่านมา
6490,daysAgo,days ago,天前,days ago,Ngày trước,일 전,dias atrás,วันก่อน
6491,currentlyOnline,Online,當前線上,Online,Trước mắt online,현재 로그인,On-line,ออนไลน์
6492,releaseSuccessful,Posted successfully,發佈成功,Posted successfully,Tuyên bố thành công,발표 성공,Postado com sucesso,โพสสำเร็จแล้ว
6493,agreed,Accepted,已同意,Accepted,Đã đồng ý,동의함,Aceito,ได้รับการยอมรับ
6494,rejected,Rejected,已拒絕,Rejected,Đã cự tuyệt,거절함,Rejeitado,ถูกปฏิเสธ
6495,allRejected,All rejected,已全部拒絕,All rejected,Đã toàn bộ cự tuyệt,모두 거절함,Todos rejeitados,ถูกปฏิเสธทั้งหมด
6496,pleaseLeave,Has been asked to leave,已請離,Has been asked to leave,Đã mời cách,추방밤,Foi convidado a sair,ได้รับการขอร้องให้ออกไป
6497,promoted,Promoted,已升職,Promoted,Đã thăng chức,진급함,Promovido,ส่งเสริม
6498,demoted,Demoted,已降職,Demoted,Đã xuống chức,강등함,Rebaixado,ลดตำแหน่ง
6499,transferred,Transferred,已轉讓,Transferred,Đã chuyển nhượng,양도함,Transferido,โอนแล้ว
6500,equipAwakeDetail,"""#C0x5B545B#Awaken%s [#L10#%s]#C0x5B545B#, %s increases %s""","#C0x5B545B#覺醒%s【 #L10#%s 】#C0x5B545B#, %s提升%s","""#C0x5B545B#Awaken%s [#L10#%s]#C0x5B545B#, %s increases %s""","#C0x5B545B# Thức tỉnh %s[ #L10#%s ]#C0x5B545B#,%s Tăng lên %s","""#C0x5B545B#각성 %s[ #L10#%s ]#C0x5B545B#, %s %s 증가""","#C0x5B545B#Desperte%s [#L10#%s]#C0x5B545B#, %s aumenta %s","#C0x5B545B#Awaken%s [#L10#%s]#C0x5B545B#, %s เพิ่ม %s"
6501,equipNotEnoughStar,Trinket level is currently insufficient,當前飾品星級不足,Trinket level is currently insufficient,Trước mắt trang sức Tinh cấp không đủ,현재 액세서리 성급이 부족합니다.,O nível do Trinket é insuficiente no momento,ระดับของเครื่องประดับในปัจจุบันยังไม่เพียงพอ
6502,equipNotEnoughAwakeItems,Insufficient Trinket Awakening item currently,當前飾品覺醒道具不足,Insufficient Trinket Awakening item currently,Trước mắt trang sức thức tỉnh đạo cụ không đủ,현재 액세서리 각성 아이템이 부족합니다.,Item Trinket Awakening insuficiente no momento,ไอเทมปลุกพลัง Trinket ไม่เพียงพอในขณะนี้
6503,equipAdvanceAddLevelCondition,Requires trainer level %d for trinket breakthrough,玩家等級達到%d級當前飾品可突破,Requires trainer level %d for trinket breakthrough,Người chơi đẳng cấp đạt tới %d Cấp trước mắt trang sức có thể đột phá,유저 레벨 %d 달성 시 현재 액세서리들 돌파할 수 있다.,Requer nível de treinador %s para descoberta de bugiganga,ต้องมีระดับผู้ฝึกสอน %s จึงจะทะลุทะลวงเครื่องประดับได้
6504,equipAdvanceGoldNotEnough,"""Insufficient coins, unable to breakthrough""",金幣不足，無法突破,"""Insufficient coins, unable to breakthrough""","Kim tệ không đủ, không cách nào đột phá",코인이 부족해 돌파할 수 없습니다.,"Moedas insuficientes, incapaz de avançar",“เหรียญไม่เพียงพอ ไม่สามารถฝ่าทะลุได้”
6505,equipNotEnoughAdvanceItems,Insufficient Trinket Breakthrough item currently,當前飾品突破道具不足,Insufficient Trinket Breakthrough item currently,Trước mắt trang sức đột phá đạo cụ không đủ,현재 액세서리 돌파 아이템이 부족합니다.,Item Trinket Breakthrough insuficiente no momento,ไอเทมพัฒนา Trinket ไม่เพียงพอในขณะนี้
6506,equipStarSucess,Star up successfully,升星成功,Star up successfully,Thăng tinh thành công,승급 성공,Comece com sucesso,สตาร์อัพสำเร็จแล้ว
6507,noOneRob,No one has snatched it yet.,還沒人搶過,No one has snatched it yet.,Còn không người đoạt lấy,수령 기록 없음,Nenhum,ไม่มี
6508,needApply,Need request,需要申請,Need request,Cần xin,신청 필요,Precisa de solicitação,ต้องการคำร้องขอ
6509,levelLimitJoinUnion,(level limit),（等級限制）,(level limit),( Đẳng cấp hạn chế ),(레벨 제한),(limite de nível),(ระดับจำกัด)
6510,noMoreRecruiting,Recruitment closed,不再招募,Recruitment closed,Không còn chiêu mộ,더는 모집하지 않음,Recrutamento encerrado,ปิดรับสมัครแล้ว
6511,canDissolvedOnlyOnePerson,Union can only be dissolved when there's only one member,公會只有一人時才可解散,Union can only be dissolved when there's only one member,Công hội chỉ có một người lúc mới có thể giải tán,길드에 혼자 남아야만 해산할 수 있습니다.,A união só pode ser dissolvida quando houver apenas um membro,สหภาพสามารถยุบได้เมื่อมีสมาชิกเพียงคนเดียวเท่านั้น
6512,currentlyNoApplication,No requests,當前沒有人申請,No requests,Trước mắt không có người xin,현재 신청자가 없습니다.,Sem solicitações,ไม่มีการร้องขอ
6513,publishingRecruitmentInformation,Do you want to recruit on the Global channel?,在世界頻道發佈招募資訊？,Do you want to recruit on the Global channel?,Ở thế giới kênh tuyên bố chiêu mộ tin tức?,월드 채널에 모집 메시지를 보내겠습니까?,Você quer recrutar no canal Global?,คุณต้องการที่จะรับสมัครบนช่องทางทั่วโลกหรือไม่?
6514,confirmDissolutionGuild,The union cannot be recovered after it is dissolved. Are you sure you want to dissolve it?,解散公會後，公會將消失不可恢復，確認解散公會？,The union cannot be recovered after it is dissolved. Are you sure you want to dissolve it?,"Giải tán công hội sau, công hội sắp biến mất không thể khôi phục, xác nhận giải tán công hội?",길드 해산 시 길드를 복구할 수 없습니다. 정말 해산하겠습니까?,A união não pode ser recuperada após ser dissolvida. Tem certeza de que deseja dissolvê-la?,สหภาพไม่สามารถฟื้นคืนได้หลังจากถูกยุบ คุณแน่ใจหรือไม่ว่าต้องการยุบ?
6515,confirmWithdrawalFromTheGuild,"""Are you sure you want to leave this union? When you join another union, some of the features are only available the next day""",確定退出公會？更換公會後，部分功能需要次日才可使用,"""Are you sure you want to leave this union? When you join another union, some of the features are only available the next day""","Xác định rời khỏi công hội? Thay đổi công hội sau, bộ phận công năng cần ngày kế tiếp mới có thể sử dụng",정말 길드에서 탈퇴하겠습니까? 탈퇴 시 일부 기능은 다음 날부터 사용이 가능합니다.,"Tem certeza de que quer sair deste sindicato? Quando você se junta a outro sindicato, alguns dos recursos só ficam disponíveis no dia seguinte",คุณแน่ใจหรือไม่ว่าต้องการออกจากสหภาพนี้ เมื่อคุณเข้าร่วมสหภาพอื่น คุณสมบัติบางอย่างจะพร้อมใช้งานในวันถัดไปเท่านั้น
6516,historyDirect,#C0xFF60C456#%s#C0xFF5B545B# has joined the union,#C0xFF60C456#%s#C0xFF5B545B#加入公會,#C0xFF60C456#%s#C0xFF5B545B# has joined the union,#C0xFF60C456#%s#C0xFF5B545B# Gia nhập công hội,#C0xFF60C456#%s#C0xFF5B545B# 님이 길드에 가입했습니다.,#C0xFF60C456#%s#C0xFF5B545B# juntou-se ao sindicato,#C0xFF60C456#%s#C0xFF5B545B# ได้เข้าร่วมสหภาพแล้ว
6517,historyQuit,#C0xFF60C456#%s#C0xFF5B545B# has left the union,#C0xFF60C456#%s#C0xFF5B545B#退出公會,#C0xFF60C456#%s#C0xFF5B545B# has left the union,#C0xFF60C456#%s#C0xFF5B545B# Rời khỏi công hội,#C0xFF60C456#%s#C0xFF5B545B# 님이 길드를 탈퇴했습니다.,#C0xFF60C456#%s#C0xFF5B545B# deixou o sindicato,#C0xFF60C456#%s#C0xFF5B545B# ได้ออกจากสหภาพแล้ว
6518,historyKick,#C0xFF60C456#%s#C0xFF5B545B# is being kicked out of #C0xFF60C456#%s#C0xFF5B545B#,#C0xFF60C456#%s#C0xFF5B545B#被#C0xFF60C456#%s#C0xFF5B545B#踢出公會,#C0xFF60C456#%s#C0xFF5B545B# is being kicked out of #C0xFF60C456#%s#C0xFF5B545B#,#C0xFF60C456#%s#C0xFF5B545B# Bị #C0xFF60C456#%s#C0xFF5B545B# Đá ra công hội,#C0xFF60C456#%s#C0xFF5B545B# 님이 #C0xFF60C456#%s#C0xFF5B545B# 님에 의해 길드에서 추방되었습니다.,#C0xFF60C456#%s#C0xFF5B545B# está sendo expulso de #C0xFF60C456#%s#C0xFF5B545B#,#C0xFF60C456#%s#C0xFF5B545B# กำลังถูกไล่ออกจาก #C0xFF60C456#%s#C0xFF5B545B#
6519,historyPromote,#C0xFF60C456#%s#C0xFF5B545B# is promoted to the Assistant Leader,#C0xFF60C456#%s#C0xFF5B545B#晉升為副會長,#C0xFF60C456#%s#C0xFF5B545B# is promoted to the Assistant Leader,#C0xFF60C456#%s#C0xFF5B545B# Tấn thăng làm phó hội trưởng,#C0xFF60C456#%s#C0xFF5B545B# 님이 부회장이 되었습니다.,#C0xFF60C456#%s#C0xFF5B545B# é promovido a Líder Assistente,#C0xFF60C456#%s#C0xFF5B545B# ได้รับการเลื่อนตำแหน่งเป็นผู้ช่วยหัวหน้า
6520,historyDemote,#C0xFF60C456#%s#C0xFF5B545B# has been demoted to member,#C0xFF60C456#%s#C0xFF5B545B#降級為會員,#C0xFF60C456#%s#C0xFF5B545B# has been demoted to member,#C0xFF60C456#%s#C0xFF5B545B# Giáng cấp vì hội viên,#C0xFF60C456#%s#C0xFF5B545B# 님이 회원으로 강등되었습니다.,#C0xFF60C456#%s#C0xFF5B545B# foi rebaixado a membro,#C0xFF60C456#%s#C0xFF5B545B# ถูกลดระดับเป็นสมาชิก
6521,historySwap,#C0xFF60C456#%s#C0xFF5B545B#Transfer the role of union Leader to #C0xFF60C456#%s,#C0xFF60C456#%s#C0xFF5B545B#轉讓會長給#C0xFF60C456#%s,#C0xFF60C456#%s#C0xFF5B545B#Transfer the role of union Leader to #C0xFF60C456#%s,#C0xFF60C456#%s#C0xFF5B545B# Chuyển nhượng hội trưởng cho #C0xFF60C456#%s,#C0xFF60C456#%s#C0xFF5B545B# 님이 회장 직위를 #C0xFF60C456#%s 님에게 양도했습니다.,#C0xFF60C456#%s#C0xFF5B545B#Transferir o papel de líder sindical para #C0xFF60C456#%s,#C0xFF60C456#%s#C0xFF5B545B#โอนบทบาทผู้นำสหภาพไปยัง #C0xFF60C456#%s
6522,historyChoose,#C0xFF60C456#%s#C0xFF5B545B# has been selected as the new union Leader,#C0xFF60C456#%s#C0xFF5B545B#被選拔為新任會長,#C0xFF60C456#%s#C0xFF5B545B# has been selected as the new union Leader,#C0xFF60C456#%s#C0xFF5B545B# Bị tuyển chọn vì tân nhiệm hội trưởng,#C0xFF60C456#%s#C0xFF5B545B# 님이 신임 회장이 되었습니다.,#C0xFF60C456#%s#C0xFF5B545B# foi selecionado como o novo líder sindical,#C0xFF60C456#%s#C0xFF5B545B# ได้รับเลือกให้เป็นผู้นำสหภาพคนใหม่
6523,historyAccept,#C0xFF60C456#%s#C0xFF5B545B#approves #C0xFF60C456#%s#C0xFF5B545B# to join the union,#C0xFF60C456#%s#C0xFF5B545B#批准#C0xFF60C456#%s#C0xFF5B545B#加入公會,#C0xFF60C456#%s#C0xFF5B545B#approves #C0xFF60C456#%s#C0xFF5B545B# to join the union,#C0xFF60C456#%s#C0xFF5B545B# Phê chuẩn #C0xFF60C456#%s#C0xFF5B545B# Gia nhập công hội,#C0xFF60C456#%s#C0xFF5B545B# 님이 #C0xFF60C456#%s#C0xFF5B545B# 님의 길드 가입을 승인했습니다.,#C0xFF60C456#%s#C0xFF5B545B#aprova #C0xFF60C456#%s#C0xFF5B545B# para se juntar ao sindicato,#C0xFF60C456#%s#C0xFF5B545B#อนุมัติ #C0xFF60C456#%s#C0xFF5B545B# เพื่อเข้าร่วมสหภาพ
6524,sendableToday,You can still send %d/%d today,今日還可發送%d/%d,You can still send %d/%d today,Hôm nay còn có thể gửi đi %d/%d,오늘 %d/%d회 발송 가능,Você ainda pode enviar %s/%s hoje,คุณยังสามารถส่ง %s/%s ได้ในวันนี้
6525,currentNumberVicePresidents,Current No. of assistant leaders (%d/%d),當前副會長人數（%d/%d）,Current No. of assistant leaders (%d/%d),Trước mắt phó hội trưởng nhân số (%d/%d),현재 부회장 인원수(%d/%d),Número atual de líderes assistentes (%s/%s),จำนวนผู้ช่วยผู้นำปัจจุบัน (%s/%s)
6526,freeEntry,Free to join,自由加入,Free to join,Tự do gia nhập,자유 가입,Livre para participar,เข้าร่วมได้ฟรี
6527,equipStrengthen,Enhance,強化,Enhance,Cường hóa,강화,Melhorar,ยกระดับ
6528,starUp,Star Up,升星,Star Up,Thăng tinh,승급,Estrela para cima,สตาร์อัพ
6529,awake,Awakening,覺醒,Awakening,Thức tỉnh,각성,Despertar,การตื่นรู้
6530,equipNotEnoughStarItems,Insufficient Trinket Star Up item currently,當前飾品升星道具不足,Insufficient Trinket Star Up item currently,Trước mắt trang sức thăng tinh đạo cụ không đủ,현재 액세서리 승급 아이템이 부족합니다.,Item Trinket Star Up insuficiente no momento,ไอเทม Trinket Star Up ไม่เพียงพอในขณะนี้
6531,notEnoughTimes,"""You've used up all the chances, please try again tomorrow.""",今日次數用完，請明日再試。,"""You've used up all the chances, please try again tomorrow.""","Hôm nay số lần sử dụng hết, mời ngày mai thử lại.",오늘의 횟수를 모두 사용했습니다. 내일 다시 이용하세요.,"Você já usou todas as chances, por favor, tente novamente amanhã.",คุณได้ใช้โอกาสทั้งหมดไปแล้ว โปรดลองใหม่อีกครั้งพรุ่งนี้
6532,justNow,Brock,剛剛,Brock,Vừa mới,방금 전,Brock,บร็อค
6533,noChangeIntro,No chances to the announcements,公告無變化,No chances to the announcements,Thông cáo không biến hóa,공지 변화 없음,Sem chances para os anúncios,ไม่มีโอกาสในการประกาศ
6534,notice,Notice,公告,Notice,Thông cáo,공지,Perceber,สังเกต
6535,arenaRule,Rules of Arena,競技場規則,Rules of Arena,Sân thi đấu quy tắc,아레나 규칙,Regras da Arena,กฎกติกาของสนามประลอง
6536,rankSingle,No. %d:,第 %d 名:,No. %d:,Thứ %d Tên:,%d위:,No. %s:,เลขที่ %s:
6537,rankMulti,No. %d - %d:,第 %d - %d 名:,No. %d - %d:,Thứ %d - %d Tên:,%d~%d등:,Não. %s - %s:,เลขที่ %s - %s:
6538,skillCannotSpell,Move is in cooldown,技能冷卻中,Move is in cooldown,Kỹ năng làm lạnh bên trong,기술 쿨타임 중,O movimento está em espera,การเคลื่อนไหวอยู่ในช่วงคูลดาวน์
6540,mpNotEnough,Insufficient rage,怒氣不足,Insufficient rage,Nộ khí không đủ,분노가 부족합니다.,Raiva insuficiente,ความโกรธที่ไม่เพียงพอ
6541,taskUnionExpMax,The maximum union EXP to be gained through quests per week is %d,當前每週通過任務獲取的公會經驗上限為%d,The maximum union EXP to be gained through quests per week is %d,Trước mắt mỗi tuần thông qua nhiệm vụ thu hoạch công hội kinh nghiệm hạn mức cao nhất vì %d,현재 매주 길드 퀘스트로 획득할 수 있는 길드 경험치 한도는 %d입니다.,O máximo de EXP da união a ser obtido por meio de missões por semana é %s,EXP สหภาพสูงสุดที่ได้รับจากภารกิจต่อสัปดาห์คือ %s
6542,vipCanUse,Open for VIP %d,VIP%d可用,Open for VIP %d,VIP%d Có thể dùng,VIP%d 사용 가능,Aberto para VIP %s,เปิดรับ VIP %s
6543,contrubuteCountNotEnough,"""You've used up your donation chances, please come again tomorrow""",今天捐獻次數已用完，請明日再來,"""You've used up your donation chances, please come again tomorrow""","Hôm nay hiến cho số lần đã sử dụng hết, mời ngày mai lại đến","""오늘의 기부 횟수를 모두 사용했습니다, 내일 다시 오세요.""","Você já usou suas chances de doação, por favor, volte amanhã",“คุณได้ใช้สิทธิ์บริจาคของคุณหมดแล้ว โปรดมาใหม่อีกครั้งพรุ่งนี้”
6544,objectInSneer,The Pokémon is taunted and can only use basic attack moves,精靈受嘲諷中，只能釋放普攻技能,The Pokémon is taunted and can only use basic attack moves,"Tinh linh thụ trào phúng bên trong, chỉ có thể phóng thích phổ công kỹ năng",포켓몬이 도발을 받으면 일반공격 기술만 사용할 수 있습니다.,O Pokémon é provocado e só pode usar movimentos de ataque básicos,โปเกมอนถูกยั่วยุและสามารถใช้ท่าโจมตีพื้นฐานได้เท่านั้น
6545,toProvideAddition,#C0x5b545b##C0x60C456#%s#C0x5b545b#receives #C0x60C456#%s#C0x5b545b# boost,#C0x5b545b#為#C0x60C456#%s#C0x5b545b#提供#C0x60C456#%s#C0x5b545b#加成,#C0x5b545b##C0x60C456#%s#C0x5b545b#receives #C0x60C456#%s#C0x5b545b# boost,#C0x5b545b# Vì #C0x60C456#%s#C0x5b545b# Cung cấp #C0x60C456#%s#C0x5b545b# Tăng thêm,#C0x5b545b##C0x60C456#%s#C0x5b545b#에게 #C0x60C456#%s#C0x5b545b# 보너스,#C0x5b545b##C0x60C456#%s#C0x5b545b#recebe #C0x60C456#%s#C0x5b545b# aumento,#C0x5b545b##C0x60C456#%s#C0x5b545b# ได้รับการบูสต์ #C0x60C456#%s#C0x5b545b#
6546,meetConditionsUnlock,(%s)%s unlock,（%s）%s解鎖,(%s)%s unlock,(%s)%s Giải tỏa,(%s) %s 개방,(%s)%s desbloquear,(%s)%s ปลดล็อค
6547,cuildCurrencyNotEnough,Insufficient union Coin,公會幣不足,Insufficient union Coin,Công hội tệ không đủ,길드 코인 부족,União insuficiente Coin,เหรียญสหภาพไม่เพียงพอ
6548,practiceSuccessful,Refinement successful,修煉成功,Refinement successful,Tu luyện thành công,수련 성공,Refinamento bem-sucedido,การปรับปรุงสำเร็จแล้ว
6549,guildReachLevelUnlock,Unlocks when union reaches level %d,公會等級達到%d級解鎖,Unlocks when union reaches level %d,Công hội đẳng cấp đạt tới %d Cấp giải tỏa,길드 %d레벨 도달 시 개방,Desbloqueia quando a união atinge o nível %s,ปลดล็อคเมื่อสหภาพถึงระดับ %s
6550,skillReachedLevelUnlock,(%s) Unlocks at level %d,（%s）達到%d級解鎖,(%s) Unlocks at level %d,(%s) Đạt tới %d Cấp giải tỏa,(%s) %d레벨 도달 시 개방,(%s) Desbloqueia no nível %s,(%s) ปลดล็อคที่ระดับ %s
6551,chooseFigure,Please select an image,請先選擇一個形象吧,Please select an image,Mời trước lựa chọn một cái hình tượng đi,아바타 1개를 선택하세요.,Selecione uma imagem,กรุณาเลือกภาพ
6552,unionRedPacketRule,Union Red Packet Rules,公會紅包規則,Union Red Packet Rules,Công hội hồng bao quy tắc,길드 보너스 규칙,Regras do Pacote Vermelho da União,กฎของสหภาพแดง
6553,myTrainingCenter,My Training Center,我的訓練中心,My Training Center,Huấn luyện của ta trung tâm,내 혼련 센터,Meu Centro de Treinamento,ศูนย์ฝึกอบรมของฉัน
6554,accelerateForComrades,Speed up for your comrade,為戰友加速,Speed up for your comrade,Vì chiến hữu gia tốc,동료 가속,Acelere para o seu camarada,เร่งความเร็วเพื่อสหายของคุณ
6555,cannotUseBuilding,"""The feature is temporarily unavailable, please try again tomorrow""",功能暫不可用，請明日再試,"""The feature is temporarily unavailable, please try again tomorrow""","Công năng tạm không thể dùng, mời ngày mai thử lại",아직 사용할 수 없습니다. 내일 다시 이용하세요.,"O recurso está temporariamente indisponível, tente novamente amanhã",ฟีเจอร์นี้ไม่สามารถใช้งานได้ชั่วคราว โปรดลองอีกครั้งในวันพรุ่งนี้
6556,aleardyGetGift,"""The packs are restocking, please come back tomorrow""",禮包正在備貨中，請明天再來,"""The packs are restocking, please come back tomorrow""","Gói quà ngay tại đồ phụ tùng bên trong, xin ngày mai lại đến",패키지 재고 준비 중입니다. 내일 다시 오세요.,"Os pacotes estão sendo reabastecidos, por favor, volte amanhã",“สินค้ากำลังเติมสต๊อก โปรดกลับมาอีกครั้งพรุ่งนี้”
6557,noLimitNoBrackets,Unlimited,無限制,Unlimited,Không hạn chế,무제한,Ilimitado,ไม่จำกัด
6558,normalMember,Ordinary Member,普通會員,Ordinary Member,Phổ thông hội viên,일반 회원,Membro Ordinário,สมาชิกสามัญ
6559,approveMax,The earliest request will automatically be canceled if the number of union request sent is more than 3,申請公會數超過3，自動取消最早的申請,The earliest request will automatically be canceled if the number of union request sent is more than 3,"Xin công hội số vượt qua 3, tự động hủy bỏ sớm nhất xin",지원한 길드 개수가 3개 이상입니다. 가장 먼저 보낸 신청이 자동으로 취소됩니다.,O primeiro pedido será automaticamente cancelado se o número de pedidos sindicais enviados for maior que 3,คำขอที่เร็วที่สุดจะถูกยกเลิกโดยอัตโนมัติหากจำนวนคำขอสหภาพที่ส่งมีมากกว่า 3
6560,unionNameIsEmpty,Union name cannot be empty,公會名不能為空,Union name cannot be empty,Công hội tên không thể vì không,길드 이름을 비울 수 없습니다.,O nome do sindicato não pode estar vazio,ชื่อสหภาพไม่สามารถว่างเปล่าได้
6561,levelIntro,About Levels,等級說明,About Levels,Đẳng cấp nói rõ,레벨 설명,Sobre Níveis,เกี่ยวกับระดับ
6562,luckyCat,Fortune Cat,招財貓,Fortune Cat,Mèo cầu tài,복 냐옹이,Gato da sorte,แมวนำโชค
6563,luckyMax,You've reached the maximum No. of times of bringing in fortune,已達招財上限,You've reached the maximum No. of times of bringing in fortune,Đã đạt chiêu tài hạn mức cao nhất,이미 한도에 도달했습니다.,Você atingiu o número máximo de vezes de trazer fortuna,คุณได้ถึงจำนวนครั้งสูงสุดของการนำโชคเข้ามาแล้ว
6564,congratulationGet,%s got,恭喜%s獲得,%s got,Chúc mừng %s Thu hoạch được,축하합니다! %s 님이 획득:,%s conseguiu,%s ได้
6565,reachedConditoinUnlock,Reach at %s,%s到達,Reach at %s,%s Đến,%s 도달,Alcance em %s,ถึงที่ %s
6566,experienceFull,EXP is full,經驗已滿,EXP is full,Kinh nghiệm đã đủ,경험치가 이미 최대입니다.,EXP está cheio,EXP เต็มแล้ว
6567,refreshUnionList,Successfully refreshed union list,成功刷新公會列表,Successfully refreshed union list,Thành công đổi mới công hội liệt biểu,길드 목록 갱신 성공,Lista de sindicatos atualizada com sucesso,รีเฟรชรายชื่อสหภาพสำเร็จแล้ว
6568,aConditionsUnlock,%s unlock,%s解鎖,%s unlock,%s Giải tỏa,%s 개방,%s desbloqueio,ปลดล็อค %s
6569,acceleratingSuccessTips,"""Speed up is successful, you get %s coins in return""",加速成功，獲得金幣%s作為回報,"""Speed up is successful, you get %s coins in return""","Gia tốc thành công, thu hoạch được kim tệ %s Để báo đáp lại","""가속 성공, 코인 보상 %s개 획득""","A aceleração foi bem-sucedida, você ganha %s moedas em troca",เร่งความเร็วสำเร็จ คุณจะได้รับเหรียญ %s เป็นการตอบแทน
6570,pleaseSelectSprite,Please select the Pokémon,請選擇精靈,Please select the Pokémon,Mời lựa chọn tinh linh,포켓몬을 선택하세요.,Por favor selecione o Pokémon,กรุณาเลือกโปเกมอน
6571,unionUnlockLevel,Unlocks at union level %d,公會等級%d級解鎖,Unlocks at union level %d,Công hội đẳng cấp %d Cấp giải tỏa,길드 %d레벨 개방,Desbloqueia no nível da união %s,ปลดล็อคที่ระดับสหภาพ %s
6572,noUnion,Unknown type,無所屬,Unknown type,Không sở thuộc,무소속,Tipo desconhecido,ประเภทไม่ทราบ
6573,noRewardAvailable,No rewards to be claimed for now,暫無可領取獎勵,No rewards to be claimed for now,Tạm thời chưa có nhưng nhận lấy ban thưởng,수령할 수 있는 보상 없음,Nenhuma recompensa a ser reivindicada por enquanto,ไม่มีการรับรางวัลใดๆ ที่จะอ้างสิทธิ์ในตอนนี้
6574,howManyLevels,Level %d,第%d關,Level %d,Thứ %d Quan,스테이지%d,Nível %s,ระดับ %s
6575,fubenClosedOnSunday,"""Union dungeon are closed on Sundays, so get some rest before fighting again!""",周日公會副本休息一天，養足精神再來吧,"""Union dungeon are closed on Sundays, so get some rest before fighting again!""","Chủ nhật công hội phó bản nghỉ ngơi một ngày, dưỡng đủ tinh thần lại đến đi",일요일은 길드 던전 휴식일입니다.,"As masmorras da União fecham aos domingos, então descanse um pouco antes de lutar novamente!",ดันเจี้ยนสหภาพปิดวันอาทิตย์ ดังนั้นพักผ่อนสักหน่อยก่อนที่จะสู้ต่อ!
6576,killReward,Kill rewards:,擊殺獎勵：,Kill rewards:,Đánh giết ban thưởng:,처치 보상:,Recompensas por morte:,ฆ่ารางวัล:
6577,shopBuyLimit,#C0x5B545B#Time-limited purchase %s%d/%d#C0x5B545B#(%s),#C0x5B545B#限購%s%d/%d#C0x5B545B#(%s),#C0x5B545B#Time-limited purchase %s%d/%d#C0x5B545B#(%s),#C0x5B545B# Hạn mua %s%d/%d#C0x5B545B#(%s),#C0x5B545B#한정 %s %d/%d#C0x5B545B#(%s),#C0x5B545B#Compra por tempo limitado %s%s/%s#C0x5B545B#(%s),#C0x5B545B#การซื้อแบบจำกัดเวลา %s%s/%s#C0x5B545B#(%s)
6578,nextRefreshTime,Refresh CD: %s,下次自動刷新：%s,Refresh CD: %s,Lần sau tự động đổi mới: %s,다음 자동 갱신: %s,Atualizar CD: %s,รีเฟรชซีดี: %s
6579,aleardyDress,Equipped,已裝備,Equipped,Đã trang bị,착용 중,Equipado,พร้อมแล้ว
6580,notDress,Unequipped,未裝備,Unequipped,Chưa trang bị,미착용,Não equipado,ไม่มีอุปกรณ์
6581,quality,Grade,品質,Grade,Phẩm chất,등급,Nota,ระดับ
6582,strengthenLv,Enhance level,強化等級,Enhance level,Cường hóa đẳng cấp,강화 레벨,Melhorar nível,เพิ่มระดับ
6583,breachLv,Breakthrough,突破階級,Breakthrough,Đột phá giai cấp,돌파 단계,Avanço,ความก้าวหน้า
6584,needRechargeMore,You need to spend a certain amount to obtain the Red Packet. Proceed to the purchase interface now?,該紅包需要儲值指定金額獲取，立即前往儲值介面？,You need to spend a certain amount to obtain the Red Packet. Proceed to the purchase interface now?,"Nên hồng bao cần nạp tiền chỉ định kim ngạch thu hoạch, lập tức tiến về nạp tiền giao diện?",해당 보너스는 지정 금액을 충전해야만 획득할 수 있습니다. 지금 즉시 충전하겠습니까?,Você precisa gastar uma certa quantia para obter o Red Packet. Prosseguir para a interface de compra agora?,คุณต้องใช้เงินจำนวนหนึ่งเพื่อรับ Red Packet ดำเนินการไปยังอินเทอร์เฟซการซื้อทันทีหรือไม่
6585,fightRank,Combat power ranking,戰力排行,Combat power ranking,Chiến lực xếp hạng,전투력 순위,Classificação de poder de combate,อันดับพลังการต่อสู้
6586,fetterInfo,About Bond,羈絆說明,About Bond,Ràng buộc nói rõ,유대 설명,Sobre Bond,เกี่ยวกับบอนด์
6587,needEquipStar,Requires %d-star trinket,需要飾品%d星,Requires %d-star trinket,Cần trang sức %d Tinh,액세서리 %d성 필요,Requer bugiganga %s-estrelas,ต้องใช้เครื่องประดับ %s ดาว
6588,heldItemReDress,%s is using this Held Item. Do you want to use it for this Pokémon?,該攜帶道具已經被%s佩戴，是否繼續重新裝備到當前精靈身上？,%s is using this Held Item. Do you want to use it for this Pokémon?,"Nên mang theo đạo cụ đã bị %s Đeo, phải chăng tiếp tục nạp lại chuẩn bị đến trước mắt tinh linh trên thân?",해당 휴대 아이템은 이미 %s에게 착용되어 있습니다. 현재 포켓몬에게 착용시키겠습니까?,%s está usando este Held Item. Você quer usá-lo para este Pokémon?,%s กำลังใช้ไอเทมที่ถืออยู่นี้ คุณต้องการใช้ไอเทมนี้กับโปเกมอนตัวนี้หรือไม่
6589,current,Current,當前,Current,Trước mắt,현재,Atual,ปัจจุบัน
6590,contrubuteSucc,Donated made successfully. No. of union Coins has increased by %s,捐獻成功，公會幣增加%s,Donated made successfully. No. of union Coins has increased by %s,"Hiến cho thành công, công hội tệ gia tăng %s","""기부 성공, 길드 코인 %s 증가""",Doação feita com sucesso. O número de moedas da união aumentou em %s,บริจาคสำเร็จแล้ว จำนวนเหรียญสหภาพเพิ่มขึ้น %s
6591,noRank,Unranked,未上榜,Unranked,Không lên bảng,순위 밖,Não classificado,ไม่จัดอันดับ
6592,strengthenSuccess,Enhancement successful,強化成功,Enhancement successful,Cường hóa thành công,강화 성공,Melhoria bem-sucedida,การปรับปรุงสำเร็จแล้ว
6593,damageMade,Deal damage,造成傷害,Deal damage,Tạo thành tổn thương,입힌 피해,Causar dano,สร้างความเสียหาย
6594,onlineGift,Online Pack,線上禮包,Online Pack,Online gói quà,온라인 패키지,Pacote Online,แพ็คออนไลน์
6595,onlineGiftGet,Claimable,可領取,Claimable,Nhưng nhận lấy,수령 가능,Reivindicável,สามารถเรียกร้องได้
6596,breakthroughInStrengtheningLv,Can breakthrough when enhanced to Lv. %d,強化 Lv%d 時可突破,Can breakthrough when enhanced to Lv. %d,Cường hóa Lv%d Lúc có thể đột phá,Lv%d 강화 시 돌파 가능,Pode avançar quando aprimorado para o nível %s,สามารถทะลุทะลวงได้เมื่อเพิ่มระดับเป็น Lv. %s
6597,levelUpgradeToTrainer,Level up to %s,升級至%s,Level up to %s,Thăng cấp đến %s,레벨 %s 도달,Suba de nível para %s,เลเวลขึ้นถึง %s
6598,trainerSkillTotal,Total trainer move type level %d (%d/%d),訓練師技能屬性累計%d級（%d/%d）,Total trainer move type level %d (%d/%d),Huấn luyện sư kỹ năng thuộc tính tính gộp lại %d Cấp (%d/%d),트레이너 기술 속성 누적 %d레벨(%d/%d),Nível total do tipo de movimento do treinador %s (%s/%s),ระดับประเภทการเคลื่อนไหวของเทรนเนอร์ทั้งหมด %s (%s/%s)
6599,levelMax,Lv.max,已滿級,Lv.max,Đã đủ cấp,최대 레벨,Nível máximo,Lv.สูงสุด
6600,advanceMax,Level is full,已滿階,Level is full,Đã đủ giai,최고등급,O nível está cheio,ระดับเต็มแล้ว
6601,advanceAdd,Upgradeable,可進階,Upgradeable,Nhưng tiến giai,진화 가능,Atualizável,อัพเกรดได้
6602,dailyReward,Daily rewards,每日獎勵,Daily rewards,Mỗi ngày ban thưởng,일일 보상,Recompensas diárias,รางวัลรายวัน
6603,advancedQualityCarryingProps,You are about to use a high-quality Held Item. Do you want to continue?,即將選擇消耗高級品質的攜帶道具，是否繼續？,You are about to use a high-quality Held Item. Do you want to continue?,"Sắp lựa chọn tiêu hao cao cấp phẩm chất mang theo đạo cụ, phải chăng tiếp tục?",고급 등급의 휴대 아이템을 소모합니다. 계속하겠습니까?,Você está prestes a usar um Held Item de alta qualidade. Você quer continuar?,คุณกำลังจะใช้ไอเทมคุณภาพสูง คุณต้องการดำเนินการต่อหรือไม่?
6604,inadequateProps,Insufficient items,道具不足,Insufficient items,Đạo cụ không đủ,아이템 부족,Itens insuficientes,รายการไม่เพียงพอ
6605,unionChangeName,Modify union name,修改公會名字,Modify union name,Sửa chữa công hội danh tự,길드 이름 수정,Modificar nome do sindicato,ปรับเปลี่ยนชื่อสหภาพ
6606,voiceSettingPage,"Select the music to set it as the BGM, tap Play for preview",勾選音樂將其作為主場背景音樂，點擊播放可以試聽,"Select the music to set it as the BGM, tap Play for preview","Câu tuyển âm nhạc đem là chủ trận bối cảnh âm nhạc, điểm kích phát ra có thể thử nghe",음악 선택 시 메인 배경음악이 됩니다. 터치 시 미리듣기를 진행합니다.,"Selecione a música para defini-la como BGM, toque em Reproduzir para pré-visualizar",เลือกเพลงที่จะตั้งเป็น BGM แตะเล่นเพื่อดูตัวอย่าง
6607,nature,Nature,性格,Nature,Tính cách,성격,Natureza,ธรรมชาติ
6608,natureSwap,Nature,性格交換,Nature,Tính cách trao đổi,성격 변경,Natureza,ธรรมชาติ
6609,nvalueSwap,Individual,個體值交換,Individual,Cá thể giá trị trao đổi,개체값 교환,Individual,รายบุคคล
6610,effortvalueSwap,Effort,努力值交換,Effort,Cố gắng giá trị trao đổi,노력치 교환,Esforço,ความพยายาม
6611,swapCard,%s of both sides will be swapped\n after selecting the Pokémon Swap feature,選擇精靈交換後\n雙方的%s將互換,%s of both sides will be swapped\n after selecting the Pokémon Swap feature,Sau khi chọn hoán đổi Pokémon \n %s hai bên được hoán đổi,포켓몬 교환 선택 시\n양측의 %s 교환을 진행합니다.,%s de ambos os lados serão trocadosn após selecionar o recurso Troca de Pokémon,%s ของทั้งสองฝ่ายจะถูกสลับกันn หลังจากเลือกฟีเจอร์สลับโปเกมอน
6612,swapCardContinue,"""After switching, the %s of the two Pokémons will swap. Do you want to continue?""",交換後兩隻精靈的%s將互換，是否繼續？,"""After switching, the %s of the two Pokémons will swap. Do you want to continue?""","Trao đổi sau hai con tinh linh %s Đem trao đổi, phải chăng tiếp tục?",교환 시 두 포켓몬의 %s 교환을 진행합니다. 계속하겠습니까?,"Após a troca, os %s dos dois Pokémons serão trocados. Você quer continuar?",หลังจากสลับกันแล้ว %s ของโปเกมอนทั้งสองตัวจะสลับกัน คุณต้องการดำเนินการต่อหรือไม่
6613,swapSuccess,Exchanges successfully,交換成功,Exchanges successfully,Trao đổi thành công,교환 성공,Trocas com sucesso,แลกเปลี่ยนสำเร็จ
6614,congratulationGetCard,"""Congratulations, %s has joined you""",恭喜%s成為你的夥伴,"""Congratulations, %s has joined you""",Chúc mừng %s Trở thành đồng bọn của ngươi,축하합니다. %s이(가) 당신의 동료가 되었습니다.,"Parabéns, %s se juntou a você",ขอแสดงความยินดี %s ได้เข้าร่วมกับคุณแล้ว
6615,settingFPS,FPS,運動幀率,FPS,Vận động tấm suất,FPS,FPS,FPS
6616,settingFPSSelect1,30,30幀,30,30 Tấm,30,30 FPS,30 FPS
6617,settingFPSSelect2,60,60幀,60,60 Tấm,60,60 FPS,60 FPS
6618,settingScreen,Formation,適配方案,Formation,Vừa phối phương án,적용 설정,Formação,การก่อตัว
6619,settingScreenSelect1,Default,系統預設,Default,Mặc định của hệ thống,시스템 기본,Padrão,ค่าเริ่มต้น
6620,settingScreenSelect2,Notch,劉海屏適配方案,Notch,Tóc cắt ngang trán bình phong vừa phối phương án ,노치 적용 설정,Entalhe,รอยบาก
6621,settingNotice,Notice,消息通知,Notice,Tin tức thông tri,소식 알림,Perceber,สังเกต
6622,settingNoticeSelect2,Claim energy,體力領取,Claim energy,Thể lực nhận lấy,체력 수령,Reivindicar energia,เรียกร้องพลังงาน
6623,settingBattle,Battle settings,戰鬥設置,Battle settings,Chiến đấu thiết trí,전투 설정,Configurações de batalha,การตั้งค่าการต่อสู้
6624,settingBattleSelect1,Display HP,顯示血量,Display HP,Biểu hiện HP,HP 표시,Exibir HP,จอแสดงผล HP
6625,settingBattleSelect2,Simplify battle,戰鬥簡化,Simplify battle,Chiến đấu đơn giản hoá,전투 간소화,Simplifique a batalha,ลดความซับซ้อนของการต่อสู้
6626,privilegeCurrTimeEat,#C0xFFFCED#Current meal recovers %d#C0x60C456#+%d#C0xFFFCED# energy,#C0xFFFCED#當前飯點恢復%d#C0x60C456#+%d#C0xFFFCED#體力,#C0xFFFCED#Current meal recovers %d#C0x60C456#+%d#C0xFFFCED# energy,#C0xFFFCED# Trước mắt giờ cơm khôi phục %d#C0x60C456#+%d#C0xFFFCED# Thể lực,#C0xFFFCED#현재 식사 시간에 %d#C0x60C456#+%d#C0xFFFCED#의 체력을 회복합니다.,#C0xFFFCED#A refeição atual recupera %s#C0x60C456#+%s#C0xFFFCED# energia,#C0xFFFCED#มื้ออาหารปัจจุบันฟื้นคืนพลังงาน %s#C0x60C456#+%s#C0xFFFCED#
6627,privilegePastTimeEat,"""#C0xFFFCED#Mealtime is up, recovers %d#C0x60C456#+%d#C0xFFFCED# energy after reclaiming""",#C0xFFFCED#已過飯點，補領後恢復%d#C0x60C456#+%d#C0xFFFCED#體力,"""#C0xFFFCED#Mealtime is up, recovers %d#C0x60C456#+%d#C0xFFFCED# energy after reclaiming""","#C0xFFFCED# Đã qua giờ cơm, bổ lĩnh sau khôi phục %d#C0x60C456#+%d#C0xFFFCED# Thể lực",#C0xFFFCED#식사 시간이 지났습니다. 보충 시 체력을 %d#C0x60C456#+%d#C0xFFFCED# 회복할 수 있습니다.,"#C0xFFFCED#A hora da refeição acabou, recupera %s#C0x60C456#+%s#C0xFFFCED# energia após a recuperação",#C0xFFFCED#Mealtime หมดเวลาแล้ว ฟื้นคืนพลัง %s#C0x60C456#+%s#C0xFFFCED# หลังจากเรียกคืน
6628,fightRankTimeFMT,%s day %s hr %s min %ss,%s天%s小時%s分%s秒,%s day %s hr %s min %ss,%s Trời %s Giờ %s Phân %s Giây,%s일 %s시간 %s분 %s초,%s dia %s hr %s min %ss,%s วัน %s ชม. %s นาที %ss
6629,fightRankBottomRichText,"""%s has achieved a combat power of %s80,000%s and ranks top %s10%s. Plenty of rewards will be given.""",%s戰力排名前%s10%s，且達到%s8%s萬戰力可獲得豐厚獎勵,"""%s has achieved a combat power of %s80,000%s and ranks top %s10%s. Plenty of rewards will be given.""","Top %s10%s trong bảng xếp hạng sức mạnh chiến đấu cho %s, và đạt %s80.000%s sức mạnh chiến đấu sẽ nhận được phần thưởng hậu hĩnh",%s 전투력 순위 상위 %s10%s위 및 %s8%s만 도달 시 풍성한 보상 획득 가능,%s alcançou um poder de combate de %s80.000%s e está no topo de %s10%s. Muitas recompensas serão dadas.,"%s มีพลังต่อสู้ถึง %s80,000%s และอยู่ในอันดับสูงสุด %s10%s จะมีการมอบรางวัลมากมาย"
6630,fightRankRuleTitle,Combat power ranking rules,戰力排行規則,Combat power ranking rules,Chiến lực xếp hạng quy tắc,전투력 순위 규칙,Regras de classificação de poder de combate,กฎการจัดอันดับพลังการต่อสู้
6631,rankAward,Rewards,排名獎勵,Rewards,Xếp hạng ban thưởng,랭킹 보상,Recompensas,รางวัล
6632,fightAward,C.P. rewards,戰力獎勵,C.P. rewards,Chiến lực ban thưởng,전투력 보상,Recompensas CP,รางวัลซีพี
6633,fightRankItem,C.P. ranking,戰力排名,C.P. ranking,Chiến lực xếp hạng,전투력 순위,Classificação CP,การจัดอันดับซีพี
6634,spriteShow,Pokémon introduction,精靈介紹,Pokémon introduction,Tinh linh giới thiệu,포켓몬 설명,Introdução ao Pokémon,การแนะนำโปเกมอน
6635,unlockGate,Clear %s-%s to unlock %s,通關%s-%s之後開啟%s,Clear %s-%s to unlock %s,Thông quan %s-%s Về sau mở ra %s,%s-%s 클리어 시 %s 개방,Limpe %s-%s para desbloquear %s,ล้าง %s-%s เพื่อปลดล็อค %s
6637,unlockVip,%s unlocks after attaining VIP %s,vip%s後開啟%s,%s unlocks after attaining VIP %s,vip%s Sau mở ra %s,VIP%s 이후 %s 개방,%s desbloqueia após atingir o VIP %s,%s จะปลดล็อคหลังจากได้รับระดับ VIP %s
6638,unlockLevel,Reaching lv %s unlocks %s,%s級開啟%s,Reaching lv %s unlocks %s,%s Cấp mở ra %s,%s레벨 %s 개방,Alcançar o nível %s desbloqueia %s,เมื่อถึงระดับ %s จะปลดล็อค %s
6639,unlockServerOpen,Opens %s days after server opening,開服%s天后開啟,Opens %s days after server opening,Mở sau %s ngày mở server,서버 오픈 %s일 후 개방,Abre %s dias após a abertura do servidor,เปิด %s วันหลังจากเปิดเซิร์ฟเวอร์
6640,unlockUnionLevel,Opens at Guild Lv. %s,公會Lv%s開啟,Opens at Guild Lv. %s,Guild LV%s mở,길드 Lv.%s 개방,Abre no nível de guilda %s,เปิดที่กิลด์ Lv. %s
6641,unlockUnionQuit,Change the guild to use the next day,更換公會次日才能使用,Change the guild to use the next day,Bạn có thể sử dụng tính năng này vào ngày hôm sau khi thay đổi bang hội.,길드 변경 시 다음 날 사용할 수 있습니다.,Alterar a guilda para usar no dia seguinte,เปลี่ยนกิลด์ใช้วันถัดไป
6642,guideTip,Please follow the steps of the tutorial.,請按引導進行操作,Please follow the steps of the tutorial.,Vui lòng làm theo hướng dẫn.,가이드에 따라 조작을 진행하세요.,Siga os passos do tutorial.,โปรดปฏิบัติตามขั้นตอนของบทช่วยสอน
6643,fubenChallenge,Dungeon challenge,副本挑戰,Dungeon challenge,Phó bản khiêu chiến,던전 도전,Desafio da masmorra,ความท้าทายในดันเจี้ยน
6644,percentageOfInjuries,Damage percentage:,傷害百分比:,Damage percentage:,Tổn thương tỉ lệ phần trăm:,피해 퍼센트:,Porcentagem de dano:,เปอร์เซ็นต์ความเสียหาย:
6645,noRecruitTime,"""You've used up the No. of recruitments, please try again tomorrow""",今日招募次數用完，請明日再試,"""You've used up the No. of recruitments, please try again tomorrow""","Hôm nay chiêu mộ số lần sử dụng hết, mời ngày mai thử lại",오늘의 모집 횟수를 모두 사용했습니다. 내일 다시 이용하세요.,"Você esgotou o número de recrutamentos, tente novamente amanhã",“คุณได้ใช้จำนวนการรับสมัครหมดแล้ว กรุณาลองใหม่อีกครั้งในวันพรุ่งนี้”
6646,noMailTime,"""You've used up all the chances, please try again tomorrow""",今日次數用完，請明日再試,"""You've used up all the chances, please try again tomorrow""","Hôm nay số lần sử dụng hết, mời ngày mai thử lại",오늘의 횟수를 모두 사용했습니다. 내일 다시 이용하세요.,"Você já usou todas as chances, por favor, tente novamente amanhã",“คุณได้ใช้โอกาสทั้งหมดไปแล้ว โปรดลองใหม่อีกครั้งพรุ่งนี้”
6647,manyStars,%s star,%s星,%s star,%s Tinh,%s성,estrela %s,ดาว %s
6648,manyClasses,%s,%s,%s,%s,%s,%s,%s
6649,manyQualifications,1. Rarity %s and above × %s,1.稀有度%s及以上 %s 名 精靈,1. Rarity %s and above × %s,1. Hi hữu độ %s Trở lên %s Tên Tinh linh,1. %s마리의 %s 이상 포켓몬,1. Raridade %s e acima × %s,1. ระดับความหายาก %s ขึ้นไป × %s
6650,dispatch,Dispatch,派遣,Dispatch,Điều động,파견,Expedição,การจัดส่ง
6651,forceRequirement,1. C.P. (%s/%s),1.戰力需求（%s/%s）,1. C.P. (%s/%s),1. Chiến lực nhu cầu (%s/%s),1. 전투력 조건(%s/%s),1. CP (%s/%s),1. ซีพี (%s/%s)
6652,troopsOnTheBattlefield,2. %s Pokémons,2.上陣人數 %s 人,2. %s Pokémons,2. Ra trận nhân số %s Người,2. 출전 인원수 %s명,2. %s Pokémons,2. %s โปเกมอน
6653,conditionsForBattle,1.%s Pokémons of %s ↑,1.派 %s 名 %s及以上精靈,1.%s Pokémons of %s ↑,Gọi ra %s Pokémon cấp %s trở lên.,1. %s마리의 %s 이상 포켓몬,1.%s Pokémons de %s ↑,1.%s โปเกมอนของ %s ↑
6654,gainChance,(%s chances of getting it),（獲得幾率 %s）,(%s chances of getting it),( Thu hoạch được tỉ lệ %s),(획득 확률 %s),(%s chances de conseguir),(%s โอกาสที่จะได้มัน)
6655,notFinished,[Not achieved],【未達成】,[Not achieved],[ Chưa đạt thành ],[미달성],[Não alcançado],[ไม่สำเร็จ]
6656,fightNotEnough,Insufficient combat power,戰力不足,Insufficient combat power,Chiến lực không đủ,전투력 부족,Poder de combate insuficiente,พลังต่อสู้ไม่เพียงพอ
6657,numberNotEnough,Insufficient No. of Pokémons,精靈數量不足,Insufficient No. of Pokémons,Tinh linh số lượng không đủ,포켓몬 수량 부족,Número insuficiente de Pokémons,จำนวนโปเกมอนไม่เพียงพอ
6658,pleaseCollectCompletedReward,Please claim your rewards before accepting new quests,請先領取已完成獎勵後，再進行新任務接取,Please claim your rewards before accepting new quests,"Mời trước nhận lấy đã hoàn thành ban thưởng sau, lại tiến hành nhiệm vụ mới xác nhận",먼저 완료한 보상을 수령한 후 다시 새 퀘스트를 수락하세요.,"Por favor, reivindique suas recompensas antes de aceitar novas missões",โปรดรับรางวัลของคุณก่อนที่จะรับภารกิจใหม่
6659,currentlyNoTasksRefresh,You do not have any quests to refresh for now,當前無任務可刷新,You do not have any quests to refresh for now,Trước mắt vô cùng vụ có thể quét mới,현재 갱신 가능한 퀘스트 없음,Você não tem nenhuma missão para atualizar agora,คุณไม่มีภารกิจใด ๆ ที่จะรีเฟรชในตอนนี้
6660,dressDown,Remove,脫 下,Remove,Thoát Hạ,해 제,Remover,ลบ
6661,dressSuccess,Item is equipped successfully!,道具裝備成功,Item is equipped successfully!,Trang bị vật phẩm thành công,아이템 착용 성공,O item foi equipado com sucesso!,ติดตั้งไอเทมสำเร็จแล้ว!
6662,dressDownSuccess,Equipment removed,裝備已脫下,Equipment removed,Đã cởi trang bị,이미 장비를 해제했습니다.,Equipamento removido,อุปกรณ์ที่ถูกถอดออก
6663,talentPoint,[Talent points],【天賦點】,[Talent points],[ Điểm thiên phú ],[특성포인트],[Pontos de talento],[คะแนนความสามารถ]
6664,consumptionOrNot,Do you want to spend,是否消耗,Do you want to spend,Phải chăng tiêu hao,소모:,Você quer gastar,คุณต้องการที่จะใช้จ่าย
6665,completeTheTaskImmediately,Complete the quest immediately to get the quest reward,立即完成該任務獲得任務獎勵,Complete the quest immediately to get the quest reward,Lập tức hoàn thành nên nhiệm vụ thu hoạch được nhiệm vụ ban thưởng,해당 퀘스트를 즉시 완료하고 보상 획득,Complete a missão imediatamente para receber a recompensa da missão,ทำภารกิจให้สำเร็จทันทีเพื่อรับรางวัลภารกิจ
6666,noAttrReset,No types available to reset,當前無屬性可重置,No types available to reset,Trước mắt không thuộc tính nhưng thiết lập lại,현재 초기화 가능한 속성 없음,Nenhum tipo disponível para redefinir,ไม่มีประเภทที่สามารถรีเซ็ตได้
6667,trainerCointNotEnough,Insufficient privilege Coin,特權幣不足,Insufficient privilege Coin,Đặc quyền tệ không đủ,특권 코인 부족,Moeda de privilégio insuficiente,เหรียญสิทธิพิเศษไม่เพียงพอ
6668,refreshTaskQuality,Refresh quest level,刷新任務品質,Refresh quest level,Đổi mới nhiệm vụ phẩm chất,퀘스트 등급 갱신,Atualizar nível de missão,รีเฟรชระดับภารกิจ
6669,restIn,Resting,休息中,Resting,Đang nghỉ ngơi,휴식 중,Descansando,พักผ่อน
6670,InDispatch,In dispatch,派遣中,In dispatch,Điều động bên trong,파견 중,Em despacho,ในการจัดส่ง
6671,presentAtDutyEveryDay,"""You've signed in for all days, and don't need to sign in for previous days""",已經全勤，不需要補簽,"""You've signed in for all days, and don't need to sign in for previous days""","Đã toàn cần, không cần bổ ký",이미 모두 출석해 보충 출석이 필요하지 않습니다.,Você fez login para todos os dias e não precisa fazer login para os dias anteriores,“คุณได้ลงชื่อเข้าใช้สำหรับทุกวันแล้ว และไม่จำเป็นต้องลงชื่อเข้าใช้สำหรับวันก่อนหน้า”
6672,signInDayLessCreateDay,Total No. of sign-ins cannot exceed the No. of days the character is created,總簽到天數無法超過角色創建時間,Total No. of sign-ins cannot exceed the No. of days the character is created,Tổng đánh dấu số trời không cách nào vượt qua nhân vật sáng tạo thời gian,총 출석 일수는 캐릭터 생성 시간을 초과할 수 없습니다.,O número total de logins não pode exceder o número de dias em que o personagem é criado,จำนวนการลงชื่อเข้าใช้ทั้งหมดไม่สามารถเกินจำนวนวันที่สร้างตัวละครได้
6673,addToEmbattle,Successfully sent out to battle!,上陣成功,Successfully sent out to battle!,Triển khai thành công,출전 성공,Enviado para a batalha com sucesso!,ส่งออกไปรบสำเร็จ!
6674,downToEmbattle,Withdrawn successfully!,下陣成功,Withdrawn successfully!,Đã rút khỏi trận đấu thành công,해제 성공,Retirado com sucesso!,ถอนออกสำเร็จแล้ว!
6675,spriteRenameSuccess,Pokémon renamed successfully!,精靈改名成功,Pokémon renamed successfully!,Đổi biệt danh Pokémon thành công.,포켓몬 개명 완료,Pokémon renomeado com sucesso!,โปเกมอนเปลี่ยนชื่อสำเร็จแล้ว!
6676,cardCapacityBuy,Purchase bag space,背包容量購買,Purchase bag space,Ba lô dung lượng mua,가방 용량량 구매,Compre espaço para bolsa,ซื้อพื้นที่เก็บกระเป๋า
6677,cardCapacityBuyMax,You've reached the maximum No. of purchases,已達到購買次數上限,You've reached the maximum No. of purchases,Đã đạt tới mua số lần hạn mức cao nhất,구매 횟수 한도에 도달했습니다.,Você atingiu o número máximo de compras,คุณถึงจำนวนการซื้อสูงสุดแล้ว
6678,buy,Buy,購買,Buy,Mua,구매,Comprar,ซื้อ
6679,cardCapacityBuyLimit,You've reached the maximum No. of bag purchases!,精靈背包購買次數已達上限,You've reached the maximum No. of bag purchases!,Đã đạt giới hạn mua lần trong Túi Đựng Pokémon.,포켓몬 가방 구매 횟수가 이미 한도에 도달했습니다.,Você atingiu o número máximo de compras de sacolas!,คุณถึงจำนวนการซื้อถุงสูงสุดแล้ว!
6680,click2Continue,Tap to continue,點擊繼續,Tap to continue,Điểm kích tiếp tục,터치해 계속,Toque para continuar,แตะเพื่อดำเนินการต่อ
6681,currentTaskDispatched,Current quest is being dispatched,當前任務正在派遣,Current quest is being dispatched,Nhiệm vụ trước mặt ngay tại điều động,현재 퀘스트에 파견 중입니다.,A missão atual está sendo despachada,ภารกิจปัจจุบันกำลังถูกส่งไป
6682,currentTaskCompleted,Current quest is completed,當前任務已完成,Current quest is completed,Nhiệm vụ trước mặt đã hoàn thành,현재 퀘스트는 이미 완료했습니다.,A missão atual foi concluída,ภารกิจปัจจุบันเสร็จสมบูรณ์แล้ว
6683,currentTaskChanged,Current quest has changed,當前任務已變更,Current quest has changed,Nhiệm vụ trước mặt đã thay đổi,현재 퀘스트는 이미 변경했습니다.,A missão atual foi alterada,ภารกิจปัจจุบันได้รับการเปลี่ยนแปลง
6684,unlockTrain,#C0x5b545b#Do you want to spend %d#Icommon/icon/icon_diamond.png-56-56# to unlock the slot?,#C0x5b545b#是否消耗%d#Icommon/icon/icon_diamond.png-56-56#，解鎖欄位？,#C0x5b545b#Do you want to spend %d#Icommon/icon/icon_diamond.png-56-56# to unlock the slot?,"#C0x5b545b# Phải chăng tiêu hao %d#Icommon/icon/icon_diamond.png-56-56#, giải tỏa cột vị?",#C0x5b545b#%d#Icommon/icon/icon_diamond.png-56-56#를 소모해 슬롯을 개방하겠습니까?,#C0x5b545b#Você quer gastar %s#Icommon/icon/icon_diamond.png-56-56# para desbloquear o slot?,#C0x5b545b#คุณต้องการใช้ %s#Icommon/icon/icon_diamond.png-56-56# เพื่อปลดล็อคช่องหรือไม่?
6685,cardBagHaveBeenFullDraw,"""There is not enough bag space, and no more Pokémons can be obtained at this time. Do you want to expand the bag space or decompose the Pokémons?""",精靈背包可用容量不足，暫無法獲取到更多的精靈，是否前往精靈背包擴充容量或者分解精靈？,"""There is not enough bag space, and no more Pokémons can be obtained at this time. Do you want to expand the bag space or decompose the Pokémons?""",Dung lượng lưu trữ Pokémon của bạn đã đầy. Bạn không thể nhận thêm Pokémon. Bạn có muốn mở rộng dung lượng lưu trữ Pokémon hoặc thả một số Pokémon không?,포켓몬 가방 용량량이 부족해 더는 포켓몬을 획득할 수 없습니다. 포켓몬 가방으로 이동해 용량을 확장하거나 포켓몬을 분해하겠습니까?,"Não há espaço suficiente na bolsa, e não é possível obter mais Pokémons neste momento. Você quer expandir o espaço da bolsa ou decompor os Pokémons?",พื้นที่ในกระเป๋าไม่เพียงพอ และไม่สามารถรับโปเกมอนเพิ่มได้ในขณะนี้ คุณต้องการขยายพื้นที่ในกระเป๋าหรือแยกโปเกมอนออกหรือไม่
6686,rules,[Rules],【玩法規則】,[Rules],[ Cách chơi quy tắc ],[시스템 규칙],[Regras],[กฎ]
6687,equipStarDownCost,#C0x5B545B#Will spend %d#Icommon/icon/icon_diamond.png-56-56#.,#C0x5B545B#即將消耗%d#Icommon/icon/icon_diamond.png-56-56#,#C0x5B545B#Will spend %d#Icommon/icon/icon_diamond.png-56-56#.,#C0x5B545B# Sắp tiêu hao %d#Icommon/icon/icon_diamond.png-56-56#,#C0x5B545B#%d#Icommon/icon/icon_diamond.png-56-56# 소모,#C0x5B545B#Gastará %s#Icommon/icon/icon_diamond.png-56-56#.,#C0x5B545B#จะใช้ %s#Icommon/icon/icon_diamond.png-56-56#
6688,equipStarDownReturn,#C0x5B545B#Returns all %s material. Do you want to continue?,#C0x5B545B#返回所有%s材料，是否繼續？,#C0x5B545B#Returns all %s material. Do you want to continue?,"Trả lại tất cả nguyên liệu %s, bạn có muốn tiếp tục không?",#C0x5B545B#모든 %s 재료를 반환합니다. 계속하겠습니까?,#C0x5B545B#Retorna todo o material %s. Você quer continuar?,#C0x5B545B#ส่งคืนวัสดุทั้งหมด %s คุณต้องการดำเนินการต่อหรือไม่
6689,like,Friendship,好感度,Friendship,Độ thiện cảm,호감도,Amizade,มิตรภาพ
6690,reborn,Revive,重生,Revive,Trùng sinh,부활,Reviver,ฟื้นคืนชีพ
6691,inherit,Inherit,繼承,Inherit,Kế thừa,계승,Herdar,สืบทอด
6692,buyInfoTip,Requires trainer level %d to purchase,玩家等級達到%d級才能購買,Requires trainer level %d to purchase,Người chơi đẳng cấp đạt tới %d Cấp mới có thể mua,유저 레벨 %d 도달 시 구매 가능,Requer nível de treinador %s para comprar,ต้องมีระดับเทรนเนอร์ %s จึงจะซื้อได้
6693,currentPrivilege,#C0x5B545B#Current privilege: Get %s#C0x5C9970# +%s #Icommon/icon/logo_arrow_green.png#,#C0x5B545B#當前特權：獲取%s#C0x5C9970# +%s #Icommon/icon/logo_arrow_green.png#,#C0x5B545B#Current privilege: Get %s#C0x5C9970# +%s #Icommon/icon/logo_arrow_green.png#,#C0x5B545B# Trước mắt đặc quyền: Thu hoạch %s#C0x5C9970# +%s#Icommon/icon/logo_arrow_green.png#,#C0x5B545B#현재 특권: %s#C0x5C9970# +%s #Icommon/icon/logo_arrow_green.png# 획득,#C0x5B545B#Privilégio atual: Obter %s#C0x5C9970# +%s #Icommon/icon/logo_arrow_green.png#,#C0x5B545B#สิทธิพิเศษปัจจุบัน: รับ %s#C0x5C9970# +%s #Icommon/icon/logo_arrow_green.png#
6694,gold,Coins,金幣,Coins,Kim tệ,코인,Moedas,เหรียญ
6695,expLiquid,EXP Potion,經驗藥水,EXP Potion,Kinh nghiệm dược thủy,경험치 포션,Poção EXP,ยาเพิ่มค่าประสบการณ์
6696,unionCoin,Union Coin,公會幣,Union Coin,Công hội tệ,길드 코인,Moeda da União,เหรียญสหภาพ
6697,spaceHandpick,Featured,精 選,Featured,Tinh Tuyển,특 선,Apresentou,โดดเด่น
6698,shopBuyLimitNoDay,#C0x5B545B#Time-limited purchase %s%d/%d#C0x5B545B#,#C0x5B545B#限購%s%d/%d#C0x5B545B#,#C0x5B545B#Time-limited purchase %s%d/%d#C0x5B545B#,#C0x5B545B# Hạn mua %s%d/%d#C0x5B545B#,#C0x5B545B#한정 %s %d/%d#C0x5B545B#,#C0x5B545B#Compra por tempo limitado %s%s/%s#C0x5B545B#,#C0x5B545B#การซื้อแบบจำกัดเวลา %s%s/%s#C0x5B545B#
6699,allCheckpointscleared,You've cleared all the levels,已通關全部關卡,You've cleared all the levels,Đã thông quan toàn bộ cửa ải,이미 모든 스테이지를 클리어했습니다.,Você limpou todos os níveis,คุณได้ผ่านทุกระดับแล้ว
6700,pleasePassCurPage,Please clear all the levels of this chapter first,請先通過本章所有關卡,Please clear all the levels of this chapter first,Mời trước thông qua tấu chương tất cả cửa ải,먼저 본 챕터의 모든 스테이지를 클리어하세요.,"Por favor, limpe todos os níveis deste capítulo primeiro",กรุณาเคลียร์ทุกระดับของบทนี้ก่อน
6701,privilegeCount,No. of privileges,特權次數,No. of privileges,Đặc quyền số lần,특권 횟수,Nº de privilégios,จำนวนสิทธิพิเศษ
6702,freeCount,Free chances,免費次數,Free chances,Miễn phí số lần,무료 횟수,Chances livres,โอกาสฟรี
6703,free,Free,免費,Free,Miễn phí,무료,Livre,ฟรี
6704,cardRebirth,Rebirth,精靈重生,Rebirth,Tinh linh trùng sinh,포켓몬 부활,Renascimento,การเกิดใหม่
6705,cardDecompose,Decomposition,精靈分解,Decomposition,Tinh linh phân giải,포켓몬 분해,Decomposição,การย่อยสลาย
6706,heldItemRebirth,Held Item,攜帶道具重生,Held Item,Mang theo đạo cụ trùng sinh,휴대 아이템 부활,Item retido,รายการที่ถืออยู่
6707,rebirthNotes,%s returnable items:,%s可返還道具:,%s returnable items:,%s Nhưng trả về đạo cụ:,%s 반환 가능 아이템:,%s itens retornáveis:,%s รายการที่สามารถส่งคืนได้:
6708,notSelRole,Please select the Pokémon,請選擇精靈,Please select the Pokémon,Mời lựa chọn tinh linh,포켓몬을 선택하세요.,Por favor selecione o Pokémon,กรุณาเลือกโปเกมอน
6709,cantRebirth,Pokémon is unable to reborn!,精靈無法進行重生,Pokémon is unable to reborn!,Pokémon không thể hồi sinh.,포켓몬 부활을 진행할 수 없습니다.,Pokémon não consegue renascer!,โปเกมอนไม่สามารถกลับมาเกิดใหม่ได้!
6710,notSelHeldItem,You've not selected any Held Items,還沒有選擇攜帶道具呢,You've not selected any Held Items,Bạn chưa chọn vật phẩm nào để mang.,휴대 아이템을 선택하지 않았습니다.,Você não selecionou nenhum item retido,คุณไม่ได้เลือกสินค้าที่ถูกยึดไว้
6711,autoDecompose,"""You Pokémon storage is full, it will decompose Pokémons automatically to make space""",精靈數量已超出可存放上限，已自動分解,"""You Pokémon storage is full, it will decompose Pokémons automatically to make space""","Tinh linh số lượng đã vượt qua nhưng cất giữ hạn mức cao nhất, đã tự động phân giải",포켓몬 수량이 보관 한도를 초과해 자동으로 분해되었습니다.,"Seu armazenamento de Pokémon está cheio, ele irá decompor os Pokémon automaticamente para abrir espaço",พื้นที่จัดเก็บโปเกมอนของคุณเต็มแล้ว มันจะย่อยสลายโปเกมอนโดยอัตโนมัติเพื่อเพิ่มพื้นที่ว่าง
6712,sureRebirth,"""The Pokémon is in a team, are you sure you want it to reborn?""",精靈已在隊伍中，是否選擇重生？,"""The Pokémon is in a team, are you sure you want it to reborn?""","Tinh linh đã ở trong đội ngũ, phải chăng lựa chọn trùng sinh?",포켓몬이 이미 파티에 있습니다. 부활시키겠습니까?,"O Pokémon está em um time, você tem certeza que quer que ele renasça?",โปเกม่อนอยู่ทีมเดียวกัน คุณแน่ใจนะว่าอยากให้มันเกิดใหม่อีกครั้ง?
6713,gotoUnLock,Pokémon is locked and unable to %s. Do you want to unlock it?,精靈已被鎖定，無法進行%s，是否前往解鎖？,Pokémon is locked and unable to %s. Do you want to unlock it?,"Tinh linh đã bị khóa chặt, không cách nào tiến hành %s, phải chăng tiến về giải tỏa?",포켓몬이 잠긴 상태이므로 %s 진행이 불가능합니다. 잠금을 해제하겠습니까?,Pokémon está bloqueado e não pode %s. Você quer desbloqueá-lo?,โปเกมอนถูกล็อคและไม่สามารถ %s ได้ คุณต้องการปลดล็อคหรือไม่
6714,isBattleCantDecompose,"""Pokémon is in other mode, unable to decompose!""",精靈已在其他玩法的隊伍中，無法分解,"""Pokémon is in other mode, unable to decompose!""","Pokémon đã ở trong đội hình của chế độ chơi khác, không thể phân giải.",포켓몬이 이미 다른 파티에 있어 분해할 수 없습니다.,"Pokémon está em outro modo, incapaz de se decompor!",โปเกมอนอยู่ในโหมดอื่น ไม่สามารถสลายตัวได้!
6715,isInUnionCantDecompose,The Pokémons that are in union training cannot be decomposed!,精靈正在公會訓練中，無法分解,The Pokémons that are in union training cannot be decomposed!,Pokémon đang được huấn luyện tại hội guild và không thể được phân rã.,포켓몬이 길드 훈련 중이므로 분해할 수 없습니다.,Os Pokémon que estão em treinamento de união não podem ser decompostos!,โปเกมอนที่อยู่ในการฝึกสหภาพไม่สามารถย่อยสลายได้!
6716,selectedmax,You can only choose up to %d Pokémons,每次最多選擇%d只精靈,You can only choose up to %d Pokémons,Mỗi lần nhiều nhất lựa chọn %d Chỉ tinh linh,한 번에 최대 %d마리의 포켓몬 선택 가능,Você só pode escolher até %s Pokémons,คุณสามารถเลือกได้มากถึง %s โปเกมอน
6717,fundVipNotEnough,"""#C0x5B545B#Insufficient VIP #Icommon/icon/vip/icon_vip3.png-60-60# is required, are you sure you want to purchase?""",#C0x5B545B#VIP等級不足，需達到#Icommon/icon/vip/icon_vip3.png-60-60#才可進行購買，是否進行儲值？,"""#C0x5B545B#Insufficient VIP #Icommon/icon/vip/icon_vip3.png-60-60# is required, are you sure you want to purchase?""","Cấp VIP không đủ, cần đạt đến #Icommon/icon/vip/icon_vip3.png-60-60# mới có thể mua. Bạn có muốn nạp tiền không?",#C0x5B545B#VIP레벨이 부족합니다. #Icommon/icon/vip/icon_vip3.png-60-60# 도달 후 구매할 수 있습니다. 충전하겠습니까?,"#C0x5B545B#VIP insuficiente #Icommon/icon/vip/icon_vip3.png-60-60# é necessário, tem certeza de que deseja comprar?",#C0x5B545B#VIP ไม่เพียงพอ #Icommon/icon/vip/icon_vip3.png-60-60# จำเป็นต้องมี คุณแน่ใจหรือไม่ว่าต้องการซื้อ?
6718,fundBuyConfirm,#C0x5B545B#Are you sure you want to spend #C0xf39265#1000#Icommon/icon/icon_diamond.png-56-56##C0x5B545B# to buy Growth Fund?,#C0x5B545B#確認花費#C0xf39265#1000#Icommon/icon/icon_diamond.png-56-56##C0x5B545B#購買成長基金嗎？,#C0x5B545B#Are you sure you want to spend #C0xf39265#1000#Icommon/icon/icon_diamond.png-56-56##C0x5B545B# to buy Growth Fund?,#C0x5B545B#Xác nhận chi phí#C0xf39265#1000#Icommon/icon/icon_diamond.png-56-56##C0x5B545B#Mua Quỹ Phát triển?,#C0x5B545B##C0xf39265#1000#Icommon/icon/icon_diamond.png-56-56##C0x5B545B#를 소모해 성장기금을 구매하겠습니까?,#C0x5B545B#Tem certeza de que deseja gastar #C0xf39265#1000#Icommon/icon/icon_diamond.png-56-56##C0x5B545B# para comprar o Fundo de Crescimento?,#C0x5B545B#คุณแน่ใจหรือไม่ว่าต้องการใช้ #C0xf39265#1000#Icommon/icon/icon_diamond.png-56-56##C0x5B545B# เพื่อซื้อ Growth Fund?
6719,sureDecomposeCard,"""These Pokémons are relatively rare, are you sure you want to decompose them?""",精靈稀有度較高，是否繼續選擇分解？,"""These Pokémons are relatively rare, are you sure you want to decompose them?""","Tinh linh hi hữu độ tương đối cao, phải chăng tiếp tục lựa chọn phân giải?",포켓몬 희귀도가 높습니다. 정말 분해하겠습니까?,Esses Pokémon são relativamente raros. Você tem certeza de que quer decompô-los?,โปเกมอนพวกนี้หายากมาก คุณแน่ใจเหรอว่าต้องการย่อยสลายพวกมัน?
6720,hasRarityCard,You've selected a Pokémon with higher rarity. Are you sure you want to decompose it?,已選擇稀有度較高的精靈，是否繼續分解？,You've selected a Pokémon with higher rarity. Are you sure you want to decompose it?,"Đã chọn chọn hi hữu độ tương đối cao tinh linh, phải chăng tiếp tục phân giải?",희귀도가 높은 포켓몬을 선택했습니다. 정말 분해하겠습니까?,Você selecionou um Pokémon com raridade maior. Tem certeza de que deseja decompô-lo?,คุณได้เลือกโปเกมอนที่มีความหายากสูง คุณแน่ใจหรือไม่ว่าต้องการย่อยสลายมัน?
6721,heldItemIsDress,"#C0x5b545b# Held Item have been equipped on the Pokémon %s#C0x5b545b#, do you continue to rebirth?",#C0x5b545b#攜帶道具已裝備在精靈%s#C0x5b545b#身上，是否繼續重生？,"#C0x5b545b# Held Item have been equipped on the Pokémon %s#C0x5b545b#, do you continue to rebirth?",404,#C0x5b545b#휴대 아이템이 이미 %s#C0x5b545b#포켓몬에게 착용되어 있습니다. 부활시키겠습니까?,"#C0x5b545b# O item segurado foi equipado no Pokémon %s#C0x5b545b#, você continua o renascimento?",#C0x5b545b# ไอเทมที่ถืออยู่ได้ถูกติดตั้งลงบนโปเกมอน %s#C0x5b545b# แล้ว คุณจะยังคงเกิดใหม่ต่อไปหรือไม่?
6722,rebirthCardTip,"""#C0x5b545b#%s#C0x5b545b# will soon reborn. Besides #C0x60C456#Nature, Individual Value, Effort Value and Friendship#C0x5b545b#, other stats will#C0xF76B45# return to its initial state#C0x5b545b#. Do you want to continue?""",#C0x5b545b#即將重生%s#C0x5b545b#，除#C0x60C456#性格、個體值、努力值、好感度#C0x5b545b#外，其他培養屬性將#C0xF76B45#還原至初始狀態#C0x5b545b#，是否繼續？,"""#C0x5b545b#%s#C0x5b545b# will soon reborn. Besides #C0x60C456#Nature, Individual Value, Effort Value and Friendship#C0x5b545b#, other stats will#C0xF76B45# return to its initial state#C0x5b545b#. Do you want to continue?""","#C0x5b545b# Sắp trùng sinh %s#C0x5b545b#, trừ #C0x60C456# Tính cách, cá thể giá trị, cố gắng giá trị, độ thiện cảm #C0x5b545b# Bên ngoài, cái khác bồi dưỡng thuộc tính đem #C0xF76B45# Hoàn nguyên đến ban đầu trạng thái #C0x5b545b#, phải chăng tiếp tục?","""#C0x5b545b#%s#C0x5b545b# 부활을 진행합니다. #C0x60C456#성격, 개체값, 노력치, 호감도#C0x5b545b# 외 나머지 육성 속성은 #C0xF76B45#초기 상태로 돌아갑니다#C0x5b545b#. 계속하겠습니까?""","#C0x5b545b#%s#C0x5b545b# renascerá em breve. Além de #C0x60C456#Natureza, Valor Individual, Valor de Esforço e Amizade#C0x5b545b#, outras estatísticas retornarão ao seu estado inicial#C0x5b545b#. Você quer continuar?",#C0x5b545b#%s#C0x5b545b# จะฟื้นคืนชีพในเร็วๆ นี้ นอกจาก #C0x60C456#ธรรมชาติ คุณค่าของแต่ละบุคคล คุณค่าของความพยายาม และมิตรภาพ#C0x5b545b# แล้ว สถิติอื่นๆ จะ#C0xF76B45# กลับไปสู่สถานะเริ่มต้น#C0x5b545b# คุณต้องการดำเนินการต่อหรือไม่
6723,decomposeCardTip,"""#C0x5b545b# The selected Pokémon is about to be reborn and decomposed, the training resources used in its #C0x60C456# individual value, effort value and friendship level #C0x5b545b# will all be #C0xF76B45# gone #C0x5b545b#. Continue?""",#C0x5b545b#即將重生並分解選中的精靈，#C0x60C456#個體值、努力值、好感度#C0x5b545b#的養成資源將會#C0xF76B45#損失#C0x5b545b#，是否繼續？,"""#C0x5b545b# The selected Pokémon is about to be reborn and decomposed, the training resources used in its #C0x60C456# individual value, effort value and friendship level #C0x5b545b# will all be #C0xF76B45# gone #C0x5b545b#. Continue?""","#C0x5b545b# Sắp trùng sinh cũng phân giải chọn trúng tinh linh, #C0x60C456# Cá thể giá trị, cố gắng giá trị, độ thiện cảm #C0x5b545b# Dưỡng thành tài nguyên sẽ #C0xF76B45# Tổn thất #C0x5b545b#, phải chăng tiếp tục?","""#C0x5b545b#선택한 포켓몬을 부활 및 분해합니다. #C0x60C456#개체값, 노력치, 호감도#C0x5b545b#의 육성 자원을 #C0xF76B45#잃게 됩니다#C0x5b545b#. 계속하겠습니까?""","#C0x5b545b# O Pokémon selecionado está prestes a renascer e se decompor, os recursos de treinamento usados em seu #C0x60C456# valor individual, valor de esforço e nível de amizade #C0x5b545b# serão todos #C0xF76B45# perdidos #C0x5b545b#. Continuar?",#C0x5b545b# โปเกมอนที่ถูกเลือกกำลังจะเกิดใหม่และสลายตัว ทรัพยากรการฝึกฝนที่ใช้ใน #C0x60C456# มูลค่ารายบุคคล มูลค่าความพยายาม และระดับมิตรภาพ #C0x5b545b# จะหายไปทั้งหมด #C0xF76B45# #C0x5b545b# ดำเนินการต่อหรือไม่
6724,rebirthHeldItemTip,404404,#C0x5b545b#即將重生選中的攜帶道具，培養等級將#C0xF76B45#還原至初始狀態#C0x5b545b#，是否繼續？,404404,"Vật phẩm đã chọn sẽ được tái sinh, và cấp độ phát triển sẽ được đặt lại về trạng thái ban đầu. Tiếp tục?",#C0x5b545b#선택한 휴대 아이템의 부활을 진행합니다. 육성 레벨이 #C0xF76B45#초기 상태로 돌아갑니다#C0x5b545b#. 계속하겠습니까?,O renascimento manteve os itens no nível original,การเกิดใหม่ถือไอเทมไว้ที่ระดับเดิม
6725,heldItemCanotRebirth,Held item cannot be reborn!,該攜帶道具無法重生,Held item cannot be reborn!,Vật phẩm giữ này không thể hồi sinh.,해당 휴대 아이템은 부활할 수 없습니다.,O item segurado não pode renascer!,ไอเทมที่ถูกยึดไว้ไม่สามารถกลับมาเกิดใหม่ได้!
6726,cardRebirthNote,About Pokémon Rebirth,精靈重生說明,About Pokémon Rebirth,Tinh linh trùng sinh nói rõ,포켓몬 부활 설명,Sobre Pokémon Rebirth,เกี่ยวกับโปเกมอนรีเบิร์ธ
6727,cardDecomposeNote,About Pokémon Decomposition,精靈分解說明,About Pokémon Decomposition,Tinh linh phân giải nói rõ,포켓몬 분해 설명,Sobre a decomposição de Pokémon,เกี่ยวกับการสลายตัวของโปเกมอน
6728,heldItemRebirthNote,About the Rebirth of Held Items,攜帶道具重生說明,About the Rebirth of Held Items,Mang theo đạo cụ trùng sinh nói rõ,휴대 아이템 부활 설명,Sobre o renascimento dos itens retidos,เกี่ยวกับการเกิดใหม่ของสิ่งของที่ถูกถือครอง
6729,canNotLock,Unable to lock,當前無法鎖定,Unable to lock,Trước mắt không cách nào khóa chặt,현재 잠글 수 없습니다.,Não é possível bloquear,ไม่สามารถล็อคได้
6730,inUnionTrain,In union training,公會訓練中,In union training,Công hội huấn luyện bên trong,길드 훈련 중,Em treinamento sindical,ในการฝึกอบรมสหภาพแรงงาน
6731,decompose,Decompose,分 解,Decompose,Phân Giải,분 해,Decompor,สลายตัว
6732,insufficientGifts,Insufficient gift,禮物不足,Insufficient gift,Lễ vật không đủ,선물 부족,Presente insuficiente,ของขวัญไม่เพียงพอ
6733,feelReachedFullLevel,Friendship level of the Pokémon at maximum,該精靈的好感度已滿級,Friendship level of the Pokémon at maximum,Nên tinh linh độ thiện cảm đã đủ cấp,해당 포켓몬의 호감도가 이미 최대입니다.,Nível de amizade do Pokémon no máximo,ระดับมิตรภาพของโปเกมอนสูงสุด
6734,wantUpgradeWithOneClick,Do you want to Fast upgrade?,是否進行一鍵升級,Do you want to Fast upgrade?,Phải chăng tiến hành một khóa thăng cấp,일괄 레벨업을 진행하겠습니까?,Você quer fazer uma atualização rápida?,คุณต้องการอัปเกรดอย่างรวดเร็วหรือไม่?
6735,feelLevelNote,Friendship level Lv. %d:,好感度 Lv%d：,Friendship level Lv. %d:,Độ thiện cảm Lv%d:,호감도 Lv.%d:,Nível de amizade Lv. %s:,ระดับมิตรภาพ Lv. %s:
6736,propertyChoiceFirst,Please select one Pokémon first!,請先選擇一隻精靈,Please select one Pokémon first!,Vui lòng chọn một Pokémon.,포켓몬을 하나 선택하세요.,Selecione um Pokémon primeiro!,กรุณาเลือกโปเกมอนตัวหนึ่งก่อน!
6737,gateStory,Story,劇情,Story,Kịch bản,스토리,História,เรื่องราว
6738,gateDifficult,Hard,困難,Hard,Khó khăn,어려움,Duro,แข็ง
6739,wizardNotActivated,You've not activated the Pokémon,尚未啟動該精靈,You've not activated the Pokémon,Chưa kích hoạt nên tinh linh,해당 포켓몬을 활성화하지 않았습니다.,Você não ativou o Pokémon,คุณยังไม่ได้เปิดใช้งานโปเกมอน
6740,savorableOpinionStatement,[About Friendship Level],【好感度說明】,[About Friendship Level],[ Độ thiện cảm nói rõ ],[호감도 설명],[Sobre o nível de amizade],[เกี่ยวกับระดับมิตรภาพ]
6741,explorer,Device,探險器,Device,Thám hiểm khí,탐지기,Dispositivo,อุปกรณ์
6742,spaceExplorer,Explore,探 險,Explore,Dò xét Hiểm,탐 험,Explorar,สำรวจ
6743,notActivatedTip,Unactivated,未啟動,Unactivated,Chưa kích hoạt,미활성,Desativado,ยังไม่ได้เปิดใช้งาน
6744,canActive,Can be activated,可啟動,Can be activated,Nhưng kích hoạt,활성화 가능,Pode ser ativado,สามารถเปิดใช้งานได้
6745,spaceAdvance,Upgrade,進 階,Upgrade,Tiến Giai,진 화,Atualizar,อัพเกรด
6746,collectAllComponentsCanActive,Activates when all components are collected,收集齊所有組件後可啟動,Activates when all components are collected,Thu thập đủ tất cả bộ phận sau nhưng kích hoạt,모든 부품 수집 시 활성화 가능,Ativa quando todos os componentes são coletados,เปิดใช้งานเมื่อรวบรวมส่วนประกอบทั้งหมดแล้ว
6747,allComponentsNeedLevelCondition,All necessary components reaches Lv. %d,所有元件需要達到Lv.%d,All necessary components reaches Lv. %d,Tất cả bộ phận cần đạt tới Lv.%d,모든 부품 Lv.%d 도달 필요,Todos os componentes necessários atingem o nível %s,ส่วนประกอบที่จำเป็นทั้งหมดถึงระดับ %s
6748,attributeAdd,#C0x5B545B#Stats bonus ( %s#C0x5B545B#):,#C0x5B545B#屬性加成（ %s#C0x5B545B#）:,#C0x5B545B#Stats bonus ( %s#C0x5B545B#):,#C0x5B545B# Thuộc tính tăng thêm ( %s#C0x5B545B#):,#C0x5B545B#속성 보너스(%s#C0x5B545B#):,#C0x5B545B#Bônus de estatísticas ( %s#C0x5B545B#):,#C0x5B545B#โบนัสสถิติ ( %s#C0x5B545B#):
6749,allTeamActive,#C0xE57422#Effective for whole team,#C0xE57422#全隊生效,#C0xE57422#Effective for whole team,#C0xE57422# Toàn đội có hiệu lực,#C0xE57422#전체 파티 유효,#C0xE57422#Eficaz para toda a equipe,#C0xE57422#มีผลกับทั้งทีม
6750,noGet,Not obtained,未獲得,Not obtained,Chưa thu hoạch được,미획득,Não obtido,ไม่ได้รับ
6751,active,Activate,啟動,Activate,Kích hoạt,활성화,Ativar,เปิดใช้งาน
6752,oneOrMoreNotReachCondition,"""Some components have not met the advanced requirement, please upgrade their levels first""",有組件沒有達到進階條件，請提升其等級,"""Some components have not met the advanced requirement, please upgrade their levels first""","Có bộ phận không có đạt tới tiến giai điều kiện, mời tăng lên đẳng cấp",진급 조건을 달성하지 못한 부품이 있습니다. 먼저 레벨을 높이세요.,"Alguns componentes não atendem aos requisitos avançados, atualize seus níveis primeiro",ส่วนประกอบบางส่วนไม่ตรงตามข้อกำหนดขั้นสูง โปรดอัปเกรดระดับของส่วนประกอบเหล่านั้นก่อน
6753,selectedHighQualityComponent,#C0x5B545B#You have selected#C0xF76B45# components of Epic and above#C0x5B545B#. Do you want to continue decomposing?,#C0x5B545B#已選擇#C0xF76B45#紫色或者紫色以上品質的元件#C0x5B545B#，是否繼續分解？,#C0x5B545B#You have selected#C0xF76B45# components of Epic and above#C0x5B545B#. Do you want to continue decomposing?,Đã chọn các thành phần cấp tím trở lên. Tiếp tục phân hủy?,#C0x5B545B##C0xF76B45#보라색 이상 등급의 부품을 선택했습니다. #C0x5B545B#정말 분해하겠습니까?,#C0x5B545B#Você selecionou#C0xF76B45# componentes do Epic e acima#C0x5B545B#. Você quer continuar decompondo?,#C0x5B545B#คุณได้เลือกส่วนประกอบของ Epic และข้างต้น #C0x5B545B# แล้ว คุณต้องการดำเนินการต่อหรือไม่
6754,spaceTips,Tip,提 示,Tip,Xách Bày ra,알 림,Dica,เคล็ดลับ
6755,explorerDrawItem,Explorer Treasure Hunt,探險尋寶,Explorer Treasure Hunt,Thám hiểm tầm bảo,탐험 보물찾기,Caça ao Tesouro do Explorador,เกมล่าสมบัติสำรวจ
6756,todayDrawItemLimit,You've reached the maximum No. of treasure hunt attempts!,今日尋寶次數已達上限,You've reached the maximum No. of treasure hunt attempts!,Hôm nay tầm bảo số lần đã đạt hạn mức cao nhất,오늘의 보물찾기 횟수가 이미 한도에 도달했습니다.,Você atingiu o número máximo de tentativas de caça ao tesouro!,คุณถึงจำนวนครั้งสูงสุดของการพยายามล่าสมบัติแล้ว!
6757,todayDrawItemTimesLessFive,Treasure hunt is less than 5 times today,今日可尋寶次數不足5次,Treasure hunt is less than 5 times today,Hôm nay có thể tìm ra bảo số lần không đủ 5 Lần,오늘 보물찾기 가능 횟수가 5회보다 부족합니다.,A caça ao tesouro é menos de 5 vezes hoje,วันนี้ล่าสมบัติไม่ถึง 5 ครั้ง
6758,drawItemOne,Once more,再尋1次,Once more,Lại tìm 1 Lần,1회 더 뽑기,Mais uma vez,อีกครั้งหนึ่ง
6759,drawItemFive,5 times more,再尋5次,5 times more,Lại tìm 5 Lần,5회 더 뽑기,5 vezes mais,5 เท่าขึ้นไป
6760,extraGetCoin4,#L10#Obtain additional %d Treasure Hunt Coins #I%s-50-50#,#L10#額外獲得%d枚尋寶幣#I%s-50-50#,#L10#Obtain additional %d Treasure Hunt Coins #I%s-50-50#,#L10# Ngoài định mức thu hoạch được %d Mai tầm bảo tệ #I%s-50-50#,#L10#보물찾기 코인 %d개 추가 획득#I%s-50-50#,#L10#Obtenha %s moedas adicionais da caça ao tesouro #I%s-50-50#,#L10#รับเหรียญล่าสมบัติเพิ่มเติม %s เหรียญ #I%s-50-50#
6761,qualityComponent,%s grade component,%s品質組件,%s grade component,%s Phẩm chất bộ phận,%s 등급 부품,componente de grau %s,ส่วนประกอบเกรด %s
6762,reachLevelCanBuy,Purchasable at level %d,%d級可購買,Purchasable at level %d,%d Cấp có thể mua mua,%d레벨 구매 가능,Comprável no nível %s,สามารถซื้อได้ในระดับ %s
6763,reachVipLevelCanBuy,Available for VIP %d to purchase,VIP%d 可以購買,Available for VIP %d to purchase,VIP%d Có thể mua,VIP%d 구매 가능,Disponível para VIP %s para compra,มีจำหน่ายสำหรับ VIP %s ที่จะซื้อ
6764,currDayBuyLimit,#C0x5B545B#Daily limited %d/%d,#C0x5B545B#當日限購%d/%d,#C0x5B545B#Daily limited %d/%d,#C0x5B545B# Ngày đó hạn mua %d/%d,#C0x5B545B#당일 한정 구매 %d/%d,#C0x5B545B#Limitação diária %s/%s,#C0x5B545B#จำกัดรายวัน %s/%s
6765,currWeekBuyLimit,#C0x5B545B#Weekly limited %d/%d,#C0x5B545B#當周限購%d/%d,#C0x5B545B#Weekly limited %d/%d,#C0x5B545B# Đương tuần hạn mua %d/%d,#C0x5B545B#이번 주 한정 구매 %d/%d,#C0x5B545B#Limitado semanalmente %s/%s,#C0x5B545B#จำกัดรายสัปดาห์ %s/%s
6766,currMonthBuyLimit,#C0x5B545B#Monthly limited %d/%d,#C0x5B545B#當月限購%d/%d,#C0x5B545B#Monthly limited %d/%d,#C0x5B545B# Tháng đó hạn mua %d/%d,#C0x5B545B#이번 달 한정 구매 %d/%d,#C0x5B545B#Mensal limitado %s/%s,#C0x5B545B#จำกัดรายเดือน %s/%s
6767,foreverBuyLimit,#C0x5B545B#Permanent limited %d/%d,#C0x5B545B#永久限購%d/%d,#C0x5B545B#Permanent limited %d/%d,#C0x5B545B# Vĩnh cửu hạn mua %d/%d,#C0x5B545B#영구 한정 구매 %d/%d,#C0x5B545B#Permanente limitado %s/%s,#C0x5B545B#จำกัดถาวร %s/%s
6768,activeSuccess,Activated successfully!,啟動成功,Activated successfully!,Kích hoạt thành công,활성화 성공,Ativado com sucesso!,เปิดใช้งานสำเร็จแล้ว!
6769,comingSoon,Coming soon!,敬請期待,Coming soon!,Kính thỉnh chờ mong,많은 기대 바랍니다,Em breve!,เร็วๆ นี้!
6770,redPacketSendSuccess,Red Packet sent successfully!,紅包發送成功,Red Packet sent successfully!,Gửi lì xì thành công,보너스 발송 성공,Pacote vermelho enviado com sucesso!,ส่งอั่งเปาสีแดงเรียบร้อยแล้ว!
6771,levelAndVip,Available for level %d and VIP %d to purchase,%d級或VIP%d可以購買,Available for level %d and VIP %d to purchase,%d Cấp hoặc VIP%d Có thể mua,%d레벨 또는 VIP%d 구매 가능,Disponível para compra no nível %s e VIP %s,มีจำหน่ายสำหรับระดับ %s และ VIP %s
6772,starMaterialsNotEnough,Insufficient Star Up material,升星材料不足,Insufficient Star Up material,Thăng tinh vật liệu không đủ,승급 재료 부족,Material Star Up insuficiente,วัสดุ Star Up ไม่เพียงพอ
6773,uniqueForTheSameSeries,%s%s (Unique effects in the same series of Pokémons),%s%s（同一系列精靈效果唯一）,%s%s (Unique effects in the same series of Pokémons),%s%s( Cùng một hệ liệt tinh linh hiệu quả duy nhất ),%s %s(동일 계열 포켓몬은 단일 효과),%s%s (Efeitos únicos na mesma série de Pokémons),%s%s (เอฟเฟกต์พิเศษในซีรีย์โปเกมอนเดียวกัน)
6774,wantConsumeFragsCombCard,Do you want to spend %s %s to combine into %s?,是否消耗%s個%s合成%s,Do you want to spend %s %s to combine into %s?,Phải chăng tiêu hao %s Cái %s Hợp thành %s,%s개의 %s 소모를 통해 %s 합성을 진행하겠습니까?,Você quer gastar %s %s para combinar em %s?,คุณต้องการใช้ %s %s เพื่อรวมเข้าเป็น %s หรือไม่
6775,firstChooseNeedAttr,Please select the type,請先勾選需要的屬性,Please select the type,Vui lòng chọn các thuộc tính cần thiết trước.,필요한 속성을 선택해 주세요.,Por favor selecione o tipo,กรุณาเลือกประเภท
6776,tipsForSelectingMaterials,#C0x5b545b#You've used training materials for the selected Pokémon has training materials. It will #not be returned #C0x5b545b#if you use it to increase the star level. Are you sure you want to use this Pokémon?# C0x60C456#(Training materials can be returned through rebirth),#C0x5b545b#所選精靈有養成材料投入，用作升星#C0xF76B45#消耗後將無返還，#C0x5b545b#是否確認添加材料？#C0x60C456#（可通過重生返還養成消耗）,#C0x5b545b#You've used training materials for the selected Pokémon has training materials. It will #not be returned #C0x5b545b#if you use it to increase the star level. Are you sure you want to use this Pokémon?# C0x60C456#(Training materials can be returned through rebirth),"Pokémon đã được đầu tư nguyên liệu huấn luyện, dùng để nâng sao. #C0xF76B45#Sau khi sử dụng sẽ không được hoàn trả, #C0x5b545b#bạn có xác nhận thêm nguyên liệu không? #C0x60C456#(Có thể hoàn trả chi phí huấn luyện thông qua Tái sinh)",#C0x5b545b#선택한 포켓몬은 육성 재료가 투입되었습니다. 승급에 사용 시 #C0xF76B45#반환되지 않습니다. #C0x5b545b#정말 재료로 추가하겠습니까?#C0x60C456#(부활을 통해 육성 소모 반환),#C0x5b545b#Você usou materiais de treinamento para o Pokémon selecionado tem materiais de treinamento. Ele #não será devolvido #C0x5b545b#se você usá-lo para aumentar o nível de estrela. Tem certeza de que deseja usar este Pokémon?# C0x60C456#(Materiais de treinamento podem ser devolvidos por meio do renascimento),#C0x5b545b#คุณได้ใช้วัสดุฝึกฝนสำหรับโปเกมอนที่เลือกแล้ว วัสดุฝึกฝนนั้นจะ #ไม่ส่งคืน #C0x5b545b# หากคุณใช้เพื่อเพิ่มระดับดาว คุณแน่ใจหรือไม่ว่าต้องการใช้โปเกมอนตัวนี้?# C0x60C456#(สามารถส่งคืนวัสดุฝึกฝนได้ผ่านการเกิดใหม่)
6777,refreshTimesNotEnough,"""No. of refreshes has been used up, please try again""",刷新次數已用完，下次再試,"""No. of refreshes has been used up, please try again""","Đổi mới số lần đã sử dụng hết, lần sau thử lại",부활 횟수를 모두 사용했습니다. 다음에 다시 시도하세요.,"Número de atualizações foi usado, tente novamente",จำนวนการรีเฟรชถูกใช้หมดแล้ว กรุณาลองอีกครั้ง
6778,mysteryShopClose,"""Mystery Shop has closed, may we see it again soon""",神秘商店已關閉，有緣再見,"""Mystery Shop has closed, may we see it again soon""","Thần bí cửa hàng đã đóng, hữu duyên gặp lại",신비한 상점이 닫혔습니다.,"A Loja Mistério fechou, que possamos vê-la novamente em breve",“Mystery Shop ปิดแล้ว หวังว่าจะได้พบกันใหม่เร็วๆ นี้”
6779,noSpriteToDecompose,None of the Pokémons meet the requirements,沒有符合條件的精靈,None of the Pokémons meet the requirements,Không có điều kiện phù hợp tinh linh,조건에 맞는 포켓몬이 없습니다.,Nenhum dos Pokémon atende aos requisitos,ไม่มีโปเกมอนตัวใดที่ตรงตามข้อกำหนด
6780,selectedMaterialsNotEnough,Insufficient selected material,所選材料不足,Insufficient selected material,Lựa chọn vật liệu không đủ,선택 재료 부족,Material selecionado insuficiente,วัสดุที่เลือกไม่เพียงพอ
6781,coinNotEnough,"""Insufficient %s, unable to buy""",%s不足，無法購買,"""Insufficient %s, unable to buy""","%s Không đủ, không cách nào mua","""%s 부족, 구매할 수 없습니다.""","%s insuficientes, não é possível comprar",%s ไม่เพียงพอ ไม่สามารถซื้อได้
6782,mysteryShop,Mystery Shop,神秘商店,Mystery Shop,Thần bí cửa hàng,신비한 상점,Loja misteriosa,ร้านค้าลึกลับ
6783,noChooseComponent,None of the components are selected,沒有選中任何組件,None of the components are selected,Không có chọn trúng bất luận cái gì bộ phận,어떤 부품도 선택되지 않았습니다.,Nenhum dos componentes está selecionado,ไม่มีการเลือกส่วนประกอบใด ๆ
6784,deComposeComponent,#C0x5B545B# will be decomposing the selected components to get #I%s#%d. Do you want to continue?,#C0x5B545B#即將分解所選的元件，可獲得#I%s#%d，是否繼續？,#C0x5B545B# will be decomposing the selected components to get #I%s#%d. Do you want to continue?,"#C0x5B545B# Sắp phân giải lựa chọn bộ phận, có thể đạt được #I%s#%d, phải chăng tiếp tục?","""#C0x5B545B#선택한 부품을 분해하며, #I%s#%d 획득이 가능합니다. 계속하겠습니까?""",#C0x5B545B# decomporá os componentes selecionados para obter #I%s#%s. Você quer continuar?,#C0x5B545B# จะแยกส่วนประกอบที่เลือกออกเพื่อให้ได้ #I%s#%s คุณต้องการดำเนินการต่อหรือไม่
6785,todayCharacteristics,#C0x5b545b##L10#Today's potential:,#C0x5b545b##L10#今日潛能：,#C0x5b545b##L10#Today's potential:,#C0x5b545b##L10# Hôm nay tiềm năng:,#C0x5b545b##L10#오늘 잠재력:,#C0x5b545b##L10#Potencial de hoje:,#C0x5b545b##L10#ศักยภาพของวันนี้:
6786,immuneInjury,#C0x5b545b#All Pokémons are immune to #C0xF76B45#%s#C0x5b545b#'s damage dealt,#C0x5b545b#所有怪物免疫#C0xF76B45#%s#C0x5b545b#造成的傷害,#C0x5b545b#All Pokémons are immune to #C0xF76B45#%s#C0x5b545b#'s damage dealt,#C0x5b545b# Tất cả quái vật miễn dịch #C0xF76B45#%s#C0x5b545b# Tạo thành tổn thương,#C0x5b545b#모든 몬스터가 #C0xF76B45#%s#C0x5b545b#의 피해에 면역,#C0x5b545b#Todos os Pokémon são imunes ao dano causado por #C0xF76B45#%s#C0x5b545b#,#C0x5b545b#โปเกมอนทุกตัวจะไม่รับความเสียหายที่ #C0xF76B45#%s#C0x5b545b# ทำได้
6787,recommendedToday,#C0x5b545b##L10#Today's recommendation:,#C0x5b545b##L10#今日推薦使用：,#C0x5b545b##L10#Today's recommendation:,#C0x5b545b##L10# Hôm nay đề cử sử dụng:,#C0x5b545b##L10#오늘의 추천 사용,#C0x5b545b##L10#Recomendação de hoje:,#C0x5b545b##L10#คำแนะนำประจำวันนี้:
6788,spriteFrags,Pokémon Shard,精靈碎片,Pokémon Shard,Tinh linh mảnh vỡ,포켓몬 조각,Fragmento de Pokémon,โปเกมอนชาร์ด
6789,favouriteGift,Friendship Gift,好感度禮物,Friendship Gift,Độ thiện cảm lễ vật,호감도 선물,Presente de amizade,ของขวัญแห่งมิตรภาพ
6790,unionCreateLimit,Only VIP %d and above are allowed to create,VIP%d及以上才可以創建,Only VIP %d and above are allowed to create,VIP%d Trở lên mới có thể sáng tạo,VIP%d 이상부터 생성 가능,Apenas VIP %s e acima estão autorizados a criar,อนุญาตให้สร้างได้เฉพาะ VIP %s ขึ้นไปเท่านั้น
6791,titleHaveTimeLimitDays,Validity period: %s can be used for %d days,有效期：%s可使用%d天,Validity period: %s can be used for %d days,Thời hạn có hiệu lực: %s Nhưng sử dụng %d Trời,유효기간: %s %d일 사용 가능,Período de validade: %s pode ser usado por %s dias,ระยะเวลาใช้งาน: %s สามารถใช้ได้ %s วัน
6792,lvToUnlock,Lv.%d unlock,達到Lv%s解鎖,Lv.%d unlock,Đạt tới Lv%s Giải tỏa,Lv.%s 도달 시 개방,Lv.%s desbloqueado,ปลดล็อค Lv.%s
6793,afterObtaining,Obtained,獲得後,Obtained,Thu hoạch được sau,획득 후,Obtido,ได้รับแล้ว
6794,canUsedEnteringGuild,Can be used after joining the union,進入公會後可使用,Can be used after joining the union,Tiến vào công hội sau nhưng sử dụng,길드 진입 후 사용 가능,Pode ser usado após a adesão ao sindicato,สามารถใช้งานได้หลังเข้าร่วมสหภาพฯ
6795,battleCardCountEnough,Team is full!,隊伍已滿,Team is full!,Đội đã đầy,팀이 가득 찼습니다.,A equipe está completa!,ทีมเต็มแล้ว!
6796,currDay,Day %d,第 %d 天,Day %d,Thứ %d Trời,%d일,Dia %s,วัน %s
6797,trainerUnlockSkill,Upgrade to %s to unlock the feature,升階至%s解鎖該功能,Upgrade to %s to unlock the feature,Thăng giai đến %s Giải tỏa nên công năng,%s 도달 시 해당 기능 개방,Atualize para %s para desbloquear o recurso,อัปเกรดเป็น %s เพื่อปลดล็อคคุณสมบัติ
6798,spaceQuality,Grade,品 質,Grade,Phẩm Chất,등 급,Nota,ระดับ
6799,serverOpenTime,The server opens at 10:00 on February 28,伺服器將於2月28日10點開放,The server opens at 10:00 on February 28,Server mở vào 10h ngày 28 tháng 2,서버가 12월 26일 11시에 정식 오픈됩니다.,O servidor abre às 10:00 do dia 28 de fevereiro,เซิฟเวอร์เปิดเวลา 10.00 น. วันที่ 28 กุมภาพันธ์
6800,GiftTranscript,Gift Dungeon,禮物副本,Gift Dungeon,Lễ vật phó bản,선물 던전,Calabouço de presentes,ดันเจี้ยนของขวัญ
6801,FragmentTranscript,Shard Dungeon,碎片副本,Shard Dungeon,Mảnh vỡ phó bản,조각 던전,Masmorra de Fragmentos,ดันเจี้ยนชาร์ด
6802,addSuccessRefuseOther,"""Added successfully, requests that exceed the maximum No. of friends are automatically rejected""",添加成功，已自動拒絕達到好友上限的申請,"""Added successfully, requests that exceed the maximum No. of friends are automatically rejected""","Tăng thêm thành công, đã tự động cự tuyệt đạt tới hảo hữu hạn mức cao nhất xin","""추가 성공, 자동으로 친구 한도를 초과한 신청을 거절했습니다.""","Adicionado com sucesso, solicitações que excedem o número máximo de amigos são rejeitadas automaticamente",เพิ่มเรียบร้อยแล้ว คำขอที่เกินจำนวนเพื่อนสูงสุดจะถูกปฏิเสธโดยอัตโนมัติ
6803,rebirthSpace,Revive,重 生,Revive,Tái sinh,부 활,Reviver,ฟื้นคืนชีพ
6804,rebirthTip,"""You only have 1 of this Pokémon in your bag, and the bond effect will disappear if you decompose it. Are you sure you want to continue?""",該精靈在背包內只有一個，分解後已啟動的羈絆效果將會消失，是否繼續？,"""You only have 1 of this Pokémon in your bag, and the bond effect will disappear if you decompose it. Are you sure you want to continue?""",Chỉ có một Pokémon trong túi đồ của bạn. Hiệu ứng Liên kết đã kích hoạt sẽ biến mất sau khi phân hủy. Bạn có muốn tiếp tục không?,해당 포켓몬은 가방에 하나만 있습니다. 분해 시 활성화된 유대 효과가 사라집니다. 계속하겠습니까?,"Você só tem 1 Pokémon deste na sua bolsa, e o efeito de vínculo desaparecerá se você decompô-lo. Tem certeza de que quer continuar?",คุณมีโปเกมอนตัวนี้ในกระเป๋าเพียงตัวเดียว และเอฟเฟกต์พันธะจะหายไปหากคุณย่อยสลายมัน คุณแน่ใจหรือไม่ว่าต้องการดำเนินการต่อ
6805,rebirthTipDouble,"""You only have 1 of this Pokémon in your bag with relatively high rarity, and the bond effect will disappear if you decompose it. Are you sure you want to continue?""",該精靈在背包內只有一個，分解後已啟動的羈絆效果將會消失；且稀有度較高，是否繼續分解？,"""You only have 1 of this Pokémon in your bag with relatively high rarity, and the bond effect will disappear if you decompose it. Are you sure you want to continue?""",Bạn chỉ có một Pokémon này trong túi đồ. Phân giải nó sẽ làm mất hiệu ứng Liên kết đã kích hoạt. Nó cũng khá hiếm. Bạn có muốn tiếp tục phân giải không?,"""해당 포켓몬은 가방에 하나만 있습니다. 분해 시 활성화된 유대 효과가 사라지며, 희귀도가 높습니다. 계속하겠습니까?""","Você só tem 1 deste Pokémon na sua bolsa com raridade relativamente alta, e o efeito de vínculo desaparecerá se você decompô-lo. Tem certeza de que deseja continuar?",คุณมีโปเกมอนตัวนี้เพียง 1 ตัวในกระเป๋าซึ่งมีความหายากค่อนข้างสูง และเอฟเฟกต์พันธะจะหายไปหากคุณย่อยสลายมัน คุณแน่ใจหรือไม่ว่าต้องการดำเนินการต่อ
6806,contribute1,Standard donation,基礎捐獻,Standard donation,Cơ sở hiến cho,기본 기부,Doação padrão,การบริจาคตามมาตรฐาน
6807,contribute2,Grand Donation,豪華捐獻,Grand Donation,Xa hoa hiến cho,호화 기부,Grande Doação,การบริจาคครั้งใหญ่
6808,contribute3,Supreme Donation,至尊捐獻,Supreme Donation,Chí tôn hiến cho,최고급 기부,Doação Suprema,การบริจาคสูงสุด
6809,materialWizardBeenSelected,You've selected material Pokémon Ditto. Are you sure you want to decompose?,已選擇素材精靈百變怪，是否繼續分解？,You've selected material Pokémon Ditto. Are you sure you want to decompose?,"Đã chọn chọn tài liệu tinh linh bách biến quái, phải chăng tiếp tục phân giải?",재료 포켓몬 메타몽을 선택했습니다. 정말 분해하겠습니까?,Você selecionou o material Pokémon Ditto. Tem certeza de que deseja decompor?,คุณได้เลือกวัสดุโปเกมอน ดิตโต้แล้ว คุณแน่ใจหรือไม่ว่าต้องการย่อยสลาย?
6810,ballRefreshShop,#C0x5B545B#Spend one #Iconfig/item/icon_sxq.png# to refresh shop chances,#C0x5B545B#消耗一個#Iconfig/item/icon_sxq.png#刷新商店次數,#C0x5B545B#Spend one #Iconfig/item/icon_sxq.png# to refresh shop chances,#C0x5B545B# Tiêu hao một cái #IConfig/item/icon_sxq.png# Đổi mới cửa hàng số lần,"""#C0x5B545B##Iconfig/item/icon_sxq.png# 1개 소모, 상점 횟수 갱신""",#C0x5B545B#Gaste um #Iconfig/item/icon_sxq.png# para atualizar as chances de comprar,#C0x5B545B#ใช้ #Iconfig/item/icon_sxq.png# หนึ่งครั้งเพื่อรีเฟรชโอกาสในการซื้อของ
6811,ballNotCostTime,#C0x5B545B##F40#(Using Refresh Balls do not consume daily No. of refreshes),#C0x5B545B##F40#（使用刷新球不消耗每日刷新次數）,#C0x5B545B##F40#(Using Refresh Balls do not consume daily No. of refreshes),#C0x5B545B##F40#( Sử dụng đổi mới cầu không tiêu hao mỗi ngày đổi mới số lần ),#C0x5B545B##F40#(갱신 볼 사용 시 일일 갱신 횟수를 소모하지 않음),#C0x5B545B##F40#(Usar Refresh Balls não consome o número diário de atualizações),#C0x5B545B##F40#(การใช้ Refresh Balls จะไม่ใช้จำนวนการรีเฟรชรายวัน)
6812,drawEquip,Trinket Card Draw,飾品抽卡,Trinket Card Draw,Trang sức rút thẻ,액세서리 뽑기,Sorteio de cartas de bugigangas,การจับฉลากการ์ด Trinket
6813,serverOpenDiscount,#C0x5b545b#Are you sure you want to spend %d #Icommon/icon/icon_diamond.png-56-56#\n#C0x5b545b# to purchase the discount pack?,#C0x5b545b#購買折扣禮包需花費 %d #Icommon/icon/icon_diamond.png-56-56#\n#C0x5b545b#確定購買嗎？,#C0x5b545b#Are you sure you want to spend %d #Icommon/icon/icon_diamond.png-56-56#\n#C0x5b545b# to purchase the discount pack?,#C0x5b545b# Mua chiết khấu gói quà cần tốn hao %d#Icommon/icon/icon_diamond.png-56-56#\n#C0x5b545b# Xác định mua sao?,#C0x5b545b#할인 패키지 구매 시 %d #Icommon/icon/icon_diamond.png-56-56#를 소모합니다.\n#C0x5b545b#구매하겠습니까?,#C0x5b545b#Tem certeza de que deseja gastar %s #Icommon/icon/icon_diamond.png-56-56#n#C0x5b545b# para comprar o pacote de desconto?,#C0x5b545b#คุณแน่ใจหรือไม่ว่าจะต้องการใช้จ่าย %s #Icommon/icon/icon_diamond.png-56-56#n#C0x5b545b# เพื่อซื้อแพ็คส่วนลด?
6814,directBuyLongTime,Gift Pack timeout! Gift items will be stored in the bag directly after you've confirmed the server!,獲取禮包超時！禮包物品會在伺服器確認後直接放入背包,Gift Pack timeout! Gift items will be stored in the bag directly after you've confirmed the server!,Lấy gói quà hết giờ! Vật phẩm trong gói quà sẽ được thêm trực tiếp vào ba lô sau khi máy chủ xác nhận.,선물 획득 시간 초과! 선물 아이템은 서버 확인 후 즉시 가방으로 넣어집니다.,Tempo limite do Gift Pack! Os itens de presente serão armazenados na bolsa diretamente após você confirmar o servidor!,หมดเวลาแจกของขวัญแล้ว! ไอเทมของขวัญจะถูกเก็บไว้ในกระเป๋าทันทีหลังจากที่คุณยืนยันเซิร์ฟเวอร์แล้ว!
6815,hasEnoughItemOrFrag,You've sufficient %s,已獲得足夠的%s,You've sufficient %s,Đã thu hoạch được đầy đủ %s,이미 충분한 %s 획득 완료,Você tem %s suficientes,คุณมีเพียงพอ %s
6816,decomposeText,Decompose,分解,Decompose,Phân giải,분해,Decompor,สลายตัว
6817,skillBreakAdvanceUnlocked,Unlocks when #C0xF76B45#Pokémon breaks through to %s#C0xF76B45# stage,#C0xF76B45#精靈突破至%s#C0xF76B45#階段後解鎖,Unlocks when #C0xF76B45#Pokémon breaks through to %s#C0xF76B45# stage,#C0xF76B45# Tinh linh đột phá tới %s#C0xF76B45# Giai đoạn sau giải tỏa,#C0xF76B45#포켓몬 %s#C0xF76B45# 단계까지 돌파 시 개방,Desbloqueia quando #C0xF76B45#Pokémon avança para o estágio %s#C0xF76B45#,ปลดล็อคเมื่อ #C0xF76B45#Pokémon ทะลุผ่านด่าน %s#C0xF76B45#
6818,exploreNoGain,"""Explorer Device unactivated, please upgrade it after activation!""",探險器未啟動，請啟動後再升級！,"""Explorer Device unactivated, please upgrade it after activation!""","Thám hiểm khí chưa kích hoạt, mời kích hoạt sau lại tăng cấp!",탐지기가 활성화되지 않았습니다. 활성화 후 다시 레벨업하세요!,"Dispositivo Explorer desativado, atualize-o após a ativação!",อุปกรณ์ Explorer ยังไม่ได้เปิดใช้งาน กรุณาอัปเกรดหลังจากเปิดใช้งานแล้ว!
6819,yourHandIsTooFast,"""You're too fast, perhaps leave some Red Packets for the others?""",您手速太快了，留點紅包給別人吧,"""You're too fast, perhaps leave some Red Packets for the others?""","Ngài tốc độ tay quá nhanh, chừa chút hồng bao cho người khác đi",너무 빠르시군요. 다른 사람들에게도 좀 남겨 주세요.,Você é rápido demais. Talvez seja melhor deixar alguns Pacotes Vermelhos para os outros?,“คุณเร็วเกินไป บางทีอาจเก็บ Red Packets ไว้ให้คนอื่นบ้างดีไหม”
6820,newWithdrawalFromTheGuild,Are you sure you want to leave this union? New trainers can change their union at  will within %d hours and use the union buildings normally.,確定退出公會？新晉訓練家%d小時內可以任意更換公會並正常使用公會建築。,Are you sure you want to leave this union? New trainers can change their union at  will within %d hours and use the union buildings normally.,Xác định rời khỏi công hội? Tân tấn huấn luyện nhà %d Giờ bên trong có thể tùy ý thay đổi công hội cũng bình thường sử dụng công hội kiến trúc.,"""정말 길드에서 탈퇴하겠습니까? 신규 트레이너는 %d시간 동안 임의로 길드를 변경할 수 있고, 정상적으로 길드 건물을 사용할 수 있습니다.""",Tem certeza de que quer sair desta união? Novos treinadores podem mudar de união à vontade dentro de %s horas e usar os prédios da união normalmente.,คุณแน่ใจหรือไม่ว่าต้องการออกจากสหภาพนี้ ผู้ฝึกสอนใหม่สามารถเปลี่ยนสหภาพได้ตามต้องการภายใน %s ชั่วโมง และใช้อาคารสหภาพได้ตามปกติ
6821,friendCannotFight,Trainer has not opened the arena feature and request to challenge,該好友尚未開啟競技場，無法挑戰,Trainer has not opened the arena feature and request to challenge,"Nên hảo hữu chưa mở ra sân thi đấu, không cách nào khiêu chiến",해당 친구는 아직 아레나가 개방되지 않아 도전할 수 없습니다.,O treinador não abriu o recurso de arena e solicitou o desafio,เทรนเนอร์ไม่ได้เปิดฟีเจอร์สนามและขอท้าดวล
6822,recordShareSuccess,Shared successfully,分享成功,Shared successfully,Chia sẻ thành công,공유 성공,Compartilhado com sucesso,แชร์สำเร็จแล้ว
6823,randomTowerFloor,Currently: Floor %d,當前：第%d層,Currently: Floor %d,Hiện tại: Tầng %d,현재: %d층,Atualmente: Andar %s,ปัจจุบัน : ชั้น %s
6824,randomTowerRoom,Room:  %s,房間: %s,Room:  %s,Gian phòng: %s,방: %s,Sala: %s,ห้อง: %s
6825,randomTowerNextDay,"""Yesterday's Aether Paradise has been closed, a new round of challenge will begin""",昨日的以太樂園已關閉，當前開啟新一輪挑戰,"""Yesterday's Aether Paradise has been closed, a new round of challenge will begin""","Hôm qua aether nhạc viên đã đóng, trước mắt mở ra một vòng mới khiêu chiến",어제의 에테르파라다이스가 이미 닫혔습니다. 현재 새 라운드의 도전이 개방되었습니다.,"O Aether Paradise de ontem foi fechado, uma nova rodada de desafios começará",“สวรรค์อีเธอร์เมื่อวานนี้ถูกปิดลงแล้ว การท้าทายรอบใหม่กำลังจะเริ่มต้นขึ้น”
6826,signup,Register,報 名,Register,Báo Tên,신 청,Registrar,ลงทะเบียน
6827,craftNotOpen,Not started yet,未開始,Not started yet,Chưa bắt đầu,시작 전,Ainda não começou,ยังไม่ได้เริ่มต้น
6828,craftRankReward,Rewards,排行榜獎勵,Rewards,Bảng xếp hạng ban thưởng,순위 보상,Recompensas,รางวัล
6829,craftNoRank,Unranked,暫未上榜,Unranked,Tạm không lên bảng,순위 없음,Não classificado,ไม่จัดอันดับ
6830,numNotEnough,"""You still have Pokémons that are not in the line-up, unable to register""",還有未上陣的精靈，無法報名,"""You still have Pokémons that are not in the line-up, unable to register""","Còn có không lên trận tinh linh, không cách nào báo danh",출전하지 않은 포켓몬이 있어 신청할 수 없습니다.,"Você ainda tem Pokémon que não estão na fila, não é possível registrar",“คุณยังมีโปเกมอนที่ไม่อยู่ในรายชื่อซึ่งไม่สามารถลงทะเบียนได้”
6831,signUpSuccess,Registered successfully,報名成功,Registered successfully,Báo danh thành công,신청 성공,Registrado com sucesso,ลงทะเบียนสำเร็จแล้ว
6832,cardNotEnough,You own less than 10 Pokémons and cannot register successfully,精靈數量不足10只，無法報名,You own less than 10 Pokémons and cannot register successfully,"Số lượng Pokémon ít hơn 10, không thể đăng ký.",포켓몬 수량이 10마리 미만이므로 신청할 수 없습니다.,Você possui menos de 10 Pokémons e não consegue se registrar com sucesso,คุณมีโปเกมอนน้อยกว่า 10 ตัวและไม่สามารถลงทะเบียนได้สำเร็จ
6833,isSaveCurBattle,Do you want to save the current line-up?,是否保存當前陣容？,Do you want to save the current line-up?,Phải chăng bảo tồn trước mắt đội hình?,현재 라인업을 저장하겠습니까?,Você quer salvar a escalação atual?,คุณต้องการบันทึกไลน์อัปปัจจุบันหรือไม่?
6834,craftRankGaming,"""Match in progress, please again check later""",比賽進行中，請稍後檢視,"""Match in progress, please again check later""","Tranh tài đang tiến hành, xin sau xem xét","""경기 진행 중, 잠시 후 다시 시도하세요.""","Partida em andamento, verifique novamente mais tarde",“การแข่งขันกำลังดำเนินอยู่ กรุณาตรวจสอบอีกครั้งในภายหลัง”
6835,craftBetAlready,Bet has been placed today,今日已下註,Bet has been placed today,Hôm nay đã đặt cược,오늘은 이미 베팅했습니다.,A aposta foi feita hoje,ได้มีการวางเดิมพันแล้วในวันนี้
6836,craftBetCanNot,You can't place a bet at this stage,當前階段無法進行下註,You can't place a bet at this stage,Trước mắt giai đoạn không cách nào tiến hành xuống chú,현재 단계에는 베팅할 수 없습니다.,Você não pode fazer uma aposta neste estágio,คุณไม่สามารถวางเดิมพันได้ในขั้นตอนนี้
6837,craftBetGoldNone,"""Insufficient coins, unable to place bets""",金幣不足，無法進行下註,"""Insufficient coins, unable to place bets""","Kim tệ không đủ, không cách nào tiến hành xuống chú",코인이 부족해 베팅할 수 없습니다.,"Moedas insuficientes, não é possível fazer apostas",เหรียญไม่เพียงพอ ไม่สามารถวางเดิมพันได้
6838,normalSkill,Basic attack,普通攻擊,Basic attack,Đòn công kích bình thường,일반공격,Ataque básico,การโจมตีพื้นฐาน
6839,craftIsOver,"""Indigo Plateau Conference has come to an end. As you have a total of %d victories and %d losses, you fail to advance to the next round.""",石英大會已結束，您獲得了%d勝%d負，未能晉級下一輪,"""Indigo Plateau Conference has come to an end. As you have a total of %d victories and %d losses, you fail to advance to the next round.""",Giải đấu Cao nguyên Indigo đã kết thúc. Bạn đã kết thúc với %d thắng và %d thua và không thể tiến vào vòng tiếp theo.,석영 대회가 이미 종료되었습니다. %d승 %d패를 거두어 다음 라운드 진출에 실패했습니다.,"A Indigo Plateau Conference chegou ao fim. Como você tem um total de %s vitórias e %s derrotas, você não avança para a próxima rodada.",การประชุม Indigo Plateau สิ้นสุดลงแล้ว เนื่องจากคุณมีชัยชนะทั้งหมด %s ครั้งและพ่ายแพ้ %s ครั้ง คุณจึงไม่สามารถผ่านเข้าสู่รอบต่อไปได้
6840,whoIsMe,Who am I,我是誰,Who am I,Ta là ai,난 누구,Quem sou eu,ฉันเป็นใคร
6841,winAndLoseNum,%d victories %d defeats,%d勝%d負,%d victories %d defeats,%d Thắng %d Phụ,%d승 %d패,%s vitórias %s derrotas,%s ชัยชนะ %s ความพ่ายแพ้
6842,battleResetSuccess,Line-up adjusted successfully,陣容調整成功,Line-up adjusted successfully,Đội hình điều chỉnh thành công,라인업 조정 성공,Alinhamento ajustado com sucesso,ปรับเปลี่ยนไลน์อัพเรียบร้อยแล้ว
6843,budi,Loses to,不敵,Loses to,Không địch lại,패배 상대:,Perde para,แพ้ไป
6844,wansheng,"""Brave and victorious, a complete victory""",驍勇善戰，完勝,"""Brave and victorious, a complete victory""","Dũng mãnh thiện chiến, toàn thắng",거뜬하게 완승,"Corajoso e vitorioso, uma vitória completa",“กล้าหาญและมีชัยชนะ ชัยชนะที่สมบูรณ์แบบ”
6845,zhansheng,Dominating victory,英勇無敵，戰勝,Dominating victory,"Anh dũng vô địch, chiến thắng",용감하게 승리,Vitória dominante,ชัยชนะอันครอบงำ
6846,xiansheng,"""What a close shave, a narrow victory!""",千鈞一髮，險勝,"""What a close shave, a narrow victory!""","Nghìn cân treo sợi tóc, thắng hiểm",아슬아슬하게 승리,"Que vitória apertada, uma vitória apertada!",เฉือนอย่างเฉียดฉิวแต่ชัยชนะก็หวุดหวิด!
6847,yihanluobai,Unfortunate defeat.,遺憾落敗。,Unfortunate defeat.,Tiếc nuối lạc bại.,석패,Derrota infeliz.,ความพ่ายแพ้อันน่าเสียดาย
6848,chenggongjinji,Level up successfully.,成功晉級。,Level up successfully.,Thành công tấn cấp.,진출 성공.,Suba de nível com sucesso.,เพิ่มเลเวลสำเร็จแล้ว
6849,perNum,Round %d,第%d場,Round %d,Thứ %d Trận,%d라운드,Rodada %s,รอบ %s
6850,perNumTitle,Round %s of Qualifiers,預選賽第%d場,Round %s of Qualifiers,Vòng Loại trận %d,예선전 %d차전,Rodada %s de Eliminatórias,รอบ %s ของผู้ผ่านการคัดเลือก
6851,spaceTrial,Trial,試 煉,Trial,Thử Luyện,시 련,Julgamento,การทดลอง
6852,notStartFighting,"""Tournament has not started yet, stay tuned""",尚未開賽，敬請期待,"""Tournament has not started yet, stay tuned""","Chưa bắt đầu thi đấu, kính thỉnh chờ mong",준비 중입니다.,"O torneio ainda não começou, fique ligado",“การแข่งขันยังไม่เริ่ม โปรดติดตาม”
6853,stateFighting,In progress,進行中,In progress,Đang tiến hành,진행 중,Em andamento,อยู่ระหว่างดำเนินการ
6854,stateReady,Preparing for battle,備戰中,Preparing for battle,Chuẩn bị chiến đấu bên trong,준비 중,Preparando-se para a batalha,การเตรียมพร้อมสำหรับการรบ
6855,jinji,Promotion,晉 級,Promotion,Lên cấp,진 급,Promoção,การส่งเสริม
6856,beisai,Preparation,備 賽,Preparation,Chuẩn bị,준 비,Preparação,การตระเตรียม
6857,zhandou,Battle,戰 鬥,Battle,Trận chiến,전 투,Batalha,การต่อสู้
6858,notjinji,Not advanced yet,未晉級,Not advanced yet,Chưa tấn cấp,미진급,Ainda não avançado,ยังไม่ก้าวหน้า
6859,luobai,Defeat,落 敗,Defeat,Thất bại,패 배,Derrota,ความพ่ายแพ้
6860,huosheng,Win,獲 勝,Win,Chiến thắng,승 리,Ganhar,ชนะ
6861,randomTowerGateDetailPoint,#L10##C0x5b545b#Challenge points:   %d,#L10##C0x5b545b#挑戰積分:  %d,#L10##C0x5b545b#Challenge points:   %d,#L10##C0x5b545b#Điểm Thách đấu: %d,#L10##C0x5b545b#도전 포인트:  %d,#L10##C0x5b545b#Pontos de desafio: %s,#L10##C0x5b545b#คะแนนความท้าทาย: %s
6862,notSignUp,Unregistered,尚未報名,Unregistered,Chưa báo danh,미신청,Não registrado,ไม่ได้ลงทะเบียน
6863,isSIgnUping,Registering,報名中,Registering,Báo danh bên trong,신청 중,Registrando,การลงทะเบียน
6864,isReading,Getting ready,準備中,Getting ready,Chuẩn bị bên trong,준비 중,Preparando-se,การเตรียมตัว
6865,noSignupCantBattle,You can't enter the tournament as you've not registered yet,"尚未報名,無法參賽",You can't enter the tournament as you've not registered yet,"Chưa báo danh, không cách nào dự thi",참가 신청을 하지 않아 참가할 수 없습니다.,Você não pode entrar no torneio porque ainda não se registrou,คุณไม่สามารถเข้าร่วมการแข่งขันได้เนื่องจากคุณยังไม่ได้ลงทะเบียน
6866,isOutCantEnterEmbattle,You've been eliminated and unable to join my line-up,您已淘汰，無法進入我的陣容,You've been eliminated and unable to join my line-up,"Ngài đã đào thải, không cách nào tiến vào ta đội hình",이미 탈락해 라인업에 입장할 수 없습니다.,Você foi eliminado e não pode entrar na minha escalação,คุณถูกคัดออกและไม่สามารถเข้าร่วมทีมของฉันได้
6867,isStreakWin,Achieved %s%s winning streak,已獲%s%s連勝,Achieved %s%s winning streak,Đã lấy được %s%s Thắng liên tiếp,%s%s연승 달성,Alcançou %s%s sequência de vitórias,ประสบความสำเร็จ %s%s สตรีคชนะ
6868,streakwin3,On a rampage,正大殺四方,On a rampage,Chính đại giết tứ phương,대살육 중입니다,Em fúria,อยู่ในอาละวาด
6869,streakwin4,In a rampage,正在暴走,In a rampage,Ngay tại bạo tẩu,폭주 중입니다,Em uma fúria,อยู่ในอาละวาด
6870,streakwin5,Unstoppable,已無人可擋,Unstoppable,Đã mất người có thể ngăn cản,아무도 막을 수 없습니다,Imparável,หยุดไม่อยู่
6871,streakwin6,Dominating,正主宰比賽,Dominating,Chính chúa tể tranh tài,경기의 지배자입니다,Dominando,การครอบงำ
6872,streakwin7,God-like,已接近神,God-like,Đã tiếp cận thần,신에 가까운 실력입니다,semelhante a Deus,เหมือนพระเจ้า
6873,streakwin8,The legendary exists!!!,超神存在！！！,The legendary exists!!!,Siêu thần tồn tại!!!,신의 재림입니다,O lendário existe!!!,ตำนานมีอยู่จริง!!!
6880,startChallenge,Challenge,開始挑戰,Challenge,Bắt đầu khiêu chiến,도전 시작,Desafio,ท้าทาย
6881,complete,Completed,已完成,Completed,Đã hoàn thành,완료,Concluído,สมบูรณ์
6882,natureRoom,Room,元素房間,Room,Nguyên tố gian phòng,엘리먼트 방,Sala,ห้อง
6883,isOutCantResetBattle,You've been eliminated and unable to adjust your line-up,您已被淘汰，無法調整整容,You've been eliminated and unable to adjust your line-up,"Ngài đã bị đào thải, không cách nào điều chỉnh chỉnh dung",이미 탈락해 라인업을 조정할 수 없습니다.,Você foi eliminado e não pode ajustar sua escalação,คุณถูกคัดออกและไม่สามารถปรับรายชื่อผู้เล่นได้
6884,challengeTime,Challenge progress (%s/%s),挑戰進度(%s/%s),Challenge progress (%s/%s),Khiêu chiến tiến độ (%s/%s),도전 진행도(%s/%s),Progresso do desafio (%s/%s),ความคืบหน้าการท้าทาย (%s/%s)
6885,passport,Pass,通行證,Pass,Giấy thông hành,패스,Passar,ผ่าน
6888,shareTimesNotEnough,"""You've used up your chances, please try again tomorrow""",次數已用完，請明天再試,"""You've used up your chances, please try again tomorrow""","Số lần đã sử dụng hết, xin ngày mai thử lại",남은 횟수가 없습니다. 내일 다시 시도하세요.,"Você já usou suas chances, por favor, tente novamente amanhã",“คุณหมดโอกาสแล้ว โปรดลองใหม่อีกครั้งพรุ่งนี้”
6889,shareBattleNote,Do you want to share your battle history to the Global channel? You can share %s times more today,將戰鬥記錄分享到世界頻道?今日還可分享%s次,Do you want to share your battle history to the Global channel? You can share %s times more today,Đem chiến đấu ghi chép chia sẻ đến kênh thế giới? Hôm nay còn có thể chia sẻ %s Lần,전투 기록을 월드 채널에 공유하겠습니까? 오늘 %s회 더 공유할 수 있습니다.,Você quer compartilhar seu histórico de batalhas no canal Global? Você pode compartilhar %s vezes mais hoje,คุณต้องการแบ่งปันประวัติการต่อสู้ของคุณไปยังช่อง Global หรือไม่ คุณสามารถแบ่งปันได้อีก %s ครั้งในวันนี้
6890,randomTowerSomeFloor,Floor %d,第%d層,Floor %d,Thứ %d Tầng,%d층,Piso %s,ชั้น %s
6891,randomTowerRule,Aether Paradise Rules,以太樂園規則,Aether Paradise Rules,Aether nhạc viên quy tắc,에테르파라다이스 규칙,Regras do Paraíso Etéreo,กฎของสวรรค์อีเธอร์
6892,spaceDamage,P.ATK,物        攻,P.ATK,Vật        Công,공        격,P.ATK,พี.เอ.ที.เค
6893,spaceSpecialDamage,SP.ATK,特        攻,SP.ATK,Đặc biệt        Công,특수공격,ESP.ATK,สป.เอทีเค
6894,spaceDefence,P.DEF,物        防,P.DEF,Vật        Phòng,방        어,P.DEF,พี.ดีเอฟ
6895,spaceSpecialDefence,SP.DEF,特        防,SP.DEF,Đặc biệt        Phòng,특수방어,SP.DEF,SP.DEF
6896,spaceSpeed,Speed,速        度,Speed,Nhanh        Độ,스 피 드,Velocidade,ความเร็ว
6897,spaceStrike,CRI rate,暴  擊  率,CRI rate,Bạo  Kích   Suất,치명타율,Taxa de IRC,อัตรา CRI
6898,spaceSuckBlood,Life steal,吸        血,Life steal,Hút        Máu,흡        혈,Roubo de vida,ขโมยชีวิต
6899,spaceBlock,Defense,抵        禦,Defense,Kháng cự,저        항,Defesa,การป้องกัน
6900,pointAdd,Point buff,積分加成,Point buff,Điểm tích lũy tăng thêm,포인트 보너스,Buff de pontos,บัฟจุด
6901,battleAdd,Battle buff,戰鬥加成,Battle buff,Chiến đấu tăng thêm,전투 보너스,Buff de batalha,บัฟการต่อสู้
6902,noSomeAdd,%s is unavailable for now,暫無%s哦,%s is unavailable for now,Hiện không có %s nào.,%s 없음,%s não está disponível no momento,%s ไม่สามารถใช้งานได้ในขณะนี้
6903,canOpenTimes,Aquirable (%s/%s),還可開啟 ( %s/%s ),Aquirable (%s/%s),Còn có thể mở ra ( %s/%s ),개방 가능 (%s/%s),Adquirível (%s/%s),สามารถรับได้ (%s/%s)
6904,isNotLeader,You're not the host,你不是房主,You're not the host,Bạn không phải chủ nhà.,방장이 아닙니다.,Você não é o anfitrião,คุณไม่ใช่เจ้าภาพ
6905,selectCardSupply,Tap on the avatar to select the Pokémon that needs %s,點擊頭像選擇需要%s的精靈,Tap on the avatar to select the Pokémon that needs %s,Điểm kích ảnh chân dung lựa chọn cần %s Tinh linh ,프로필을 터치해 %s 진행 포켓몬을 선택하세요.,Toque no avatar para selecionar o Pokémon que precisa de %s,แตะที่อวาตาร์เพื่อเลือกโปเกมอนที่ต้องการ %s
6906,noCardSupply,#C0x5b545b#None of the Pokémons require %s. Do you want to select this item? Confirm to advance to the next floor.,#C0x5b545b#沒有需要%s的精靈，是否選擇此補給？確定後進入下層。,#C0x5b545b#None of the Pokémons require %s. Do you want to select this item? Confirm to advance to the next floor.,"#C0x5b545b# Không có cần %s Tinh linh, phải chăng lựa chọn này tiếp tế? Xác định sau tiến nhập tầng dưới.",#C0x5b545b#%s 필요 포켓몬이 없습니다. 보급을 진행하겠습니까? 확인 시 다음 층으로 진입합니다.,#C0x5b545b#Nenhum dos Pokémons requer %s. Você quer selecionar este item? Confirme para avançar para o próximo andar.,#C0x5b545b#โปเกมอนไม่ต้องการ %s คุณต้องการเลือกไอเทมนี้หรือไม่ ยืนยันเพื่อไปยังชั้นถัดไป
6907,recover,Recover,恢復,Recover,Khôi phục,회복,Recuperar,ฟื้นตัว
6908,revive,Revive,復活,Revive,Phục sinh,부활,Reviver,ฟื้นคืนชีพ
6909,noNature,No suitable target Pokémon,沒有適合的目標精靈,No suitable target Pokémon,Không có thích hợp mục tiêu tinh linh,적합한 대상 포켓몬이 없습니다.,Nenhum Pokémon alvo adequado,ไม่มีโปเกมอนเป้าหมายที่เหมาะสม
6910,randomTowerStart,Begin exploring,開始探索,Begin exploring,Bắt đầu thăm dò,탐색 시작,Comece a explorar,เริ่มสำรวจ
6911,randomTowerEnterNext,Next floor,進入下一層,Next floor,Vào tầng tiếp theo,다음 층으로,Próximo andar,ชั้นถัดไป
6912,passportExp,EXP,通行證經驗,EXP,Kinh nghiệm Hộ chiếu,경험치,EXP,ประสบการณ์
6913,levelGet,Claim at\n  Lv.,級可領,Claim at\n  Lv.,Cấp nhưng lĩnh,레벨 수령 가능,Reivindicar emn Lv.,รับที่n Lv.
6914,leveUpLessExp,Need %s EXP to level up,距離升級還差%s經驗,Need %s EXP to level up,Khoảng cách thăng cấp còn kém %s Kinh nghiệm,레벨업까지 %s 경험치 남음,Precisa de %s EXP para subir de nível,ต้องใช้ %s EXP เพื่อเลเวลอัป
6915,buyToLevel,It can be claimed when level reaches %s after purchase:,購買後等級達到%s級,It can be claimed when level reaches %s after purchase:,Mua sau đẳng cấp đạt tới %s Cấp,구매 시 %s레벨 도달,Pode ser reivindicado quando o nível atingir %s após a compra:,สามารถรับได้เมื่อระดับถึง %s หลังจากการซื้อ:
6916,textReward,Reward,獎勵,Reward,Ban thưởng,보상,Recompensa,รางวัล
6917,cloneBattleRuleTitle,Element Challenge Rules,元素挑戰規則,Element Challenge Rules,Nguyên tố khiêu chiến quy tắc,엘리멘탈 챌린지 규칙,Regras do Desafio Elemental,กฎการท้าทายธาตุ
6918,rewardCanGet,Claimable,獎勵可領,Claimable,Phần thưởng có thể nhận,보상 수령 가능,Reivindicável,สามารถเรียกร้องได้
6919,shareCardTo,Share the information of %s to,將精靈%s的資訊分享到,Share the information of %s to,Đem tinh linh %s Tin tức chia sẻ đến,포켓몬 %s의 정보 공유:,Compartilhe as informações de %s para,แบ่งปันข้อมูลของ %s ให้
6920,noSpriteAvailable,"""There are no Pokémons in the line-up, please set it up first""",陣容中無精靈可用，請先佈陣,"""There are no Pokémons in the line-up, please set it up first""","Đội hình bên trong không tinh linh có thể dùng, mời trước bày trận",라인업 중 사용 가능한 포켓몬이 없습니다. 먼저 라인업을 배치하세요.,"Não há Pokémon na fila, por favor, configure-os primeiro",ไม่มีโปเกมอนอยู่ในไลน์อัพ กรุณาตั้งค่าก่อน
6921,randomTimeOver,"""Time is up, please return to the refresh interface""",時間已過，請返回刷新介面,"""Time is up, please return to the refresh interface""","Thời gian đã qua, xin trở lại đổi mới giao diện",시간이 지났습니다. 메뉴를 갱신하세요.,"O tempo acabou, retorne à interface de atualização",“หมดเวลาแล้ว กรุณากลับสู่อินเทอร์เฟซรีเฟรช”
6922,limitSpriteTimeNote,%s days %s:%s:%s,%s天%s:%s:%s,%s days %s:%s:%s,%s Trời %s:%s:%s,%s일 %s:%s:%s,%s dias %s:%s:%s,%s วัน %s:%s:%s
6923,limitTip,Reach #C0xFFE661#VIP %s#C0xFFFCED# or combat power#C0xFFE661#%s#C0xFFFCED##C0xFFFCED#%s days%s before to enter the rank,#C0xFFFCED#第#C0xFFE661#%s#C0xFFFCED#天#C0xFFE661#%s#C0xFFFCED#前達到#C0xFFE661#vip%s#C0xFFFCED#或戰力#C0xFFE661#%s#C0xFFFCED#可入榜,Reach #C0xFFE661#VIP %s#C0xFFFCED# or combat power#C0xFFE661#%s#C0xFFFCED##C0xFFFCED#%s days%s before to enter the rank,Đạt vip%s hoặc sức mạnh chiến đấu %s trước ngày %s của sự kiện để được xếp hạng.,이벤트 %s일 전에 vip%s 또는 전투력 %s에 도달하면 순위에 오를 수 있습니다.,Alcance #C0xFFE661#VIP %s#C0xFFFCED# ou poder de combate#C0xFFE661#%s#C0xFFFCED##C0xFFFCED#%s dias%s antes de entrar na classificação,ถึงระดับ #C0xFFE661#VIP %s#C0xFFFCED# หรือพลังการต่อสู้#C0xFFE661#%s#C0xFFFCED##C0xFFFCED#%s วัน%s ก่อนที่จะเข้าสู่ระดับ
6924,limitTenText,%s shard is guaranteed,必得%s碎片,%s shard is guaranteed,Nhất định được %s Mảnh vỡ,%s 조각 100%% 획득,O fragmento %s está garantido,%s ชาร์ดได้รับการรับประกัน
6925,startTime,Starting time：,開始時間:,Starting time：,Lúc bắt đầu ở giữa:,시작 시간:,Hora de início:,เวลาเริ่มต้น：
6926,signTime,Registration period:,報名時間:,Registration period:,Báo danh thời gian:,신청 시간:,Período de inscrição:,ระยะเวลาการลงทะเบียน:
6927,xibai,Lose,惜 敗,Lose,Thua sát sao,석패,Perder,สูญเสีย
6928,weikaisai,Tournament not started yet,未開賽,Tournament not started yet,Chưa bắt đầu thi đấu,미개방,O torneio ainda não começou,การแข่งขันยังไม่เริ่ม
6929,yitaotai,Eliminated,已淘汰,Eliminated,Đã đào thải,탈락함,Eliminado,ถูกกำจัด
6930,limitBoxFmt,Points %s,積分 %s,Points %s,Điểm tích lũy %s,포인트 %s,Pontos %s,คะแนน %s
6931,stateChangedResetPos,"""Battle status has changed, please readjust""",戰鬥狀態發生變化，請重新調整,"""Battle status has changed, please readjust""","Trạng thái chiến đấu phát sinh biến hóa, mời một lần nữa điều chỉnh",전투 상태에 변화가 발생했습니다. 다시 시도하세요.,"O status da batalha mudou, por favor reajuste",“สถานะการต่อสู้ได้เปลี่ยนแปลง กรุณาปรับเปลี่ยนใหม่”
6932,battleNotOpen,Tournament has not started yet,比賽尚未開啟,Tournament has not started yet,Trận đấu chưa bắt đầu.,경기가 아직 개방되지 않았습니다.,O torneio ainda não começou,การแข่งขันยังไม่เริ่ม
6933,battleIsOver,"""Today's tournament has ended, thank you for your participation""",當日比賽已結束，謝謝參加,"""Today's tournament has ended, thank you for your participation""",Cuộc thi hôm nay đã kết thúc. Cảm ơn sự tham gia của bạn.,당일 경기가 종료되었습니다.,"O torneio de hoje terminou, obrigado pela sua participação",“การแข่งขันวันนี้สิ้นสุดลงแล้ว ขอขอบคุณทุกท่านที่เข้าร่วม”
6934,passportBuyExpOverflow,Current EXP purchase will spill over. Continue?,當前購買的經驗值將會溢出，是否繼續,Current EXP purchase will spill over. Continue?,Điểm kinh nghiệm hiện tại đã mua sẽ bị tràn. Tiếp tục?,현재 구매한 경험치가 초과될 예정입니다. 계속하겠습니까?,A compra atual de EXP será extrapolada. Continuar?,การซื้อ EXP ปัจจุบันจะล้นออกมา ดำเนินการต่อหรือไม่
6935,noRewardGet,There are no rewards to be claimed now,當前無獎勵可領取,There are no rewards to be claimed now,Đương không ban thưởng nhưng nhận lấy,현재 수령 가능한 보상이 없습니다.,Não há recompensas para reivindicar agora,ไม่มีรางวัลที่จะอ้างสิทธิ์ตอนนี้
6936,signupNumIsMax,"""No. of participants is full, you cannot register""",報名人數已滿，無法報名,"""No. of participants is full, you cannot register""","Báo danh số người đã đủ, không cách nào báo danh",신청 인원 수가 가득 차 신청할 수 없습니다.,"Número de participantes esgotado, você não pode se registrar",“จำนวนผู้เข้าร่วมเต็มแล้ว ไม่สามารถลงทะเบียนได้”
6937,limitSpriteBtnText,Form %s:,形態%s:,Form %s:,Hình thái %s:,형태 %s:,Formulário %s:,แบบฟอร์ม %s:
6938,limitBoxGet,Attain %s points to claim,積分達到%s可領取,Attain %s points to claim,Điểm tích lũy đạt tới %s Nhưng nhận lấy,포인트 %s 도달 시 수령 가능,Obtenha %s pontos para reivindicar,รับคะแนน %s เพื่อรับสิทธิ์
6939,cloneMonsterCannotChoose,You can’t choose the target Pokémon again if you have already challenged it.,已經挑戰過就不能再選擇目標精靈了哦,You can’t choose the target Pokémon again if you have already challenged it.,Bạn không thể chọn Pokémon mục tiêu khác sau khi đã thách đấu.,이미 도전했습니다. 더는 대상 포켓몬을 선택할 수 없습니다.,Você não poderá escolher o Pokémon alvo novamente se já o tiver desafiado.,คุณจะไม่สามารถเลือกโปเกมอนเป้าหมายได้อีกต่อไปหากคุณได้ท้าทายมันไปแล้ว
6940,ability,Potential,潛能,Potential,Tiềm năng,잠재력,Potencial,ศักยภาพ
6941,spaceStrengthen,Enhance,強 化,Enhance,Mạnh Hóa,강 화,Melhorar,ยกระดับ
6942,activeSlotNotEnough,Requirements for activation not met!,啟動所需條件不足,Requirements for activation not met!,Điều kiện không đủ để kích hoạt.,활성화에 필요한 조건 부족,Requisitos para ativação não atendidos!,ไม่ตรงตามข้อกำหนดในการเปิดใช้งาน!
6943,materialsNotEnough,Insufficient material!,材料不足,Insufficient material!,Nguyên liệu không đủ,재료 부족,Material insuficiente!,วัสดุไม่เพียงพอ!
6944,needSpriteLevelAchieve,Requires Pokémon level %s,需要精靈等級達到 Lv%s,Requires Pokémon level %s,Cần tinh linh đẳng cấp đạt tới Lv%s,포켓몬 Lv%s 달성 필요,Requer Pokémon nível %s,ต้องมีเลเวลโปเกมอน %s
6945,needSpriteAdvanceAchieve,Requires Pokémon to breakthrough to %s,需要精靈突破至%s,Requires Pokémon to breakthrough to %s,Cần tinh linh đột phá tới %s,포켓몬 %s까지 돌파 필요,Requer que o Pokémon avance para %s,ต้องใช้โปเกมอนถึงจะทะลุไปถึง %s ได้
6946,needPreSkillLevelAchieve,Requires forward potential of level %s,需要前置潛能等級達到 Lv%s,Requires forward potential of level %s,Cần trước đưa tiềm năng đẳng cấp đạt tới Lv%s,조건 잠재력 레벨 Lv%s 달성 필요,Requer potencial de avanço de nível %s,ต้องใช้ศักยภาพไปข้างหน้าระดับ %s
6947,freeOnce,Free once,免費一次,Free once,Miễn phí một lần,무료 1회,Livre uma vez,ฟรีครั้งเดียว
6948,pleaseWait,Coming soon!,敬請期待,Coming soon!,Kính thỉnh chờ mong,많은 기대 바랍니다,Em breve!,เร็วๆ นี้!
6949,unLockReward,Rewards,解鎖獎勵,Rewards,Giải tỏa ban thưởng,개방 보상,Recompensas,รางวัล
6950,taskReward,Rewards,任務獎勵,Rewards,Nhiệm vụ ban thưởng,퀘스트 보상,Recompensas,รางวัล
6951,notSignupCantShowBattleReport,You did not participate in the last tournament and no reports to be viewed,未報名參加上期比賽，無法檢視自身戰報,You did not participate in the last tournament and no reports to be viewed,"Chưa báo danh tham gia bên trên kỳ tranh tài, không cách nào xem xét tự thân chiến báo",지난 대회에 참가하지 않아 자신의 전투 보고를 볼 수 없습니다.,Você não participou do último torneio e não há relatórios para serem visualizados,คุณไม่ได้เข้าร่วมการแข่งขันครั้งล่าสุดและไม่มีรายงานให้ดู
6954,cloneBattleFightTip,"The currently selected sprite is %s. After the challenge, the target sprite cannot be replaced. Continue",你當前選擇的精靈是%s，挑戰過後無法再進行更換目標精靈，是否繼續,"The currently selected sprite is %s. After the challenge, the target sprite cannot be replaced. Continue",Pokémon bạn hiện đang chọn là %s. Bạn không thể thay đổi Pokémon mục tiêu sau khi bắt đầu thử thách. Bạn có muốn tiếp tục không?,현재 선택한 포켓몬은 %s입니다. 도전 후 더는 대상 포켓몬을 변경할 수 없습니다. 계속하겠습니까?,"O sprite selecionado atualmente é %s. Após o desafio, o sprite alvo não pode ser substituído. Continuar",สไปรต์ที่เลือกในปัจจุบันคือ %s หลังจากความท้าทาย สไปรต์เป้าหมายจะไม่สามารถถูกแทนที่ได้ ดำเนินการต่อ
6955,equipShop,Trinket Shop,飾品商店,Trinket Shop,Trang sức cửa hàng,액세서리 상점,Loja de bugigangas,ร้านขายของจุกจิก
6956,capture,Catch,捕捉,Catch,Bắt giữ,포획,Pegar,จับ
6957,unlockGateToCapture,Clear Chapter %s-%s to unlock,通關第%s章%s後可解鎖,Clear Chapter %s-%s to unlock,Mở khóa sau khi hoàn thành Chương %s %s,챕터%s %s 클리어 후 개방 가능,Limpe o Capítulo %s-%s para desbloquear,เคลียร์บท %s-%s เพื่อปลดล็อค
6958,limitItemSchedule,Limited-time items can only be purchased once and will be replaced after %s,限期商品只能購買一次，且會在%s後進行替換,Limited-time items can only be purchased once and will be replaced after %s,Vật phẩm giới hạn thời gian chỉ có thể mua một lần và sẽ được thay thế sau %s,"""한정 상품은 1번만 구매할 수 있으며, %s 후 대체할 수 있습니다.""",Itens por tempo limitado só podem ser comprados uma vez e serão substituídos após %s,ไอเทมจำกัดเวลาสามารถซื้อได้เพียงครั้งเดียวและจะถูกแทนที่หลังจาก %s
6959,rule,Rules,規則,Rules,Quy tắc,규칙,Regras,กฎ
6960,canCaptureSprite,Preview,可捕捉精靈,Preview,Pokémon có thể bắt được,포획 가능 포켓몬,Pré-visualização,ตัวอย่าง
6961,leftTimesNotEnough,"""Today's No. of draws is less than %d, unable to draw""",今日抽取次數不足%d次，無法抽取,"""Today's No. of draws is less than %d, unable to draw""","Số lần rút hôm nay không đủ %d lần, không thể rút.",오늘 뽑기 횟수가 %d회보다 부족해 뽑을 수 없습니다.,"O número de sorteios de hoje é menor que %s, não é possível sacar",จำนวนการจับฉลากวันนี้ น้อยกว่า %s ไม่สามารถจับฉลากได้
6962,notAwake,0,未覺醒,0,Chưa thức tỉnh,미각성,Desperto,ไม่ตื่นขึ้น
6963,selectSpriteDecompositionTip,Confirmation prompt for cancelling Pokémon decomposition rarity A and below,取消稀有度A及A以下的精靈分解確認提示,Confirmation prompt for cancelling Pokémon decomposition rarity A and below,Bỏ xác nhận khi phân hủy Pokémon cấp độ hiếm A trở xuống.,희귀도 A 이하의 포켓몬 분해 확인 알림 취소,Prompt de confirmação para cancelamento de decomposição de Pokémon raridade A e abaixo,ข้อความยืนยันการยกเลิกการแยกย่อยโปเกมอนระดับความหายาก A และต่ำกว่า
6964,limitSpriteRuleTitle,Rules of time-limited Legendary Pokémon,限時神獸規則,Rules of time-limited Legendary Pokémon,Luật Pokémon Huyền Thoại Thời Gian Hạn,한정 전설 규칙,Regras de Pokémon Lendários por tempo limitado,กฎของโปเกมอนในตำนานที่มีระยะเวลาจำกัด
6965,traineraaResetNote,#C0x5b545b##F50#Spend %d#Icommon/icon/icon_diamond.png-62-59# to reset privilege move type. Privilege points will be returned after the reset.,#C0x5b545b##F50#消耗%d#Icommon/icon/icon_diamond.png-62-59#重置特權技能屬性重置後返還所有消耗特權點,#C0x5b545b##F50#Spend %d#Icommon/icon/icon_diamond.png-62-59# to reset privilege move type. Privilege points will be returned after the reset.,#C0x5b545b##F50#Tốn %d #Icommon/icon/icon_diamond.png-62-59#Thiết lập lại kỹ năng đặc quyền và thuộc tính sẽ hoàn trả lại tất cả điểm đặc quyền đã sử dụng.,#C0x5b545b##F50#%d#Icommon/icon/icon_diamond.png-62-59#를 소모해 특권 기술 속성 초기화 시 모든 소모 특권 포인트 반환,#C0x5b545b##F50#Gaste %s#Icommon/icon/icon_diamond.png-62-59# para redefinir o tipo de movimento de privilégio. Os pontos de privilégio serão devolvidos após a redefinição.,#C0x5b545b##F50# ใช้ %s#Icommon/icon/icon_diamond.png-62-59# เพื่อรีเซ็ตประเภทการเคลื่อนไหวที่มีสิทธิพิเศษ คะแนนสิทธิพิเศษจะคืนกลับมาหลังจากรีเซ็ต
6966,getOtherItemNum,Get additional %d,額外獲得%d個,Get additional %d,Nhận thêm %d,추가로 %d개 획득,Obtenha %s adicional,รับเพิ่ม %s
6967,spaceComb,Combine,合 成,Combine,Hợp thành,합 성,Combinar,รวมกัน
6968,spaceChange,Convert,轉 化,Convert,Chuyển Hóa,전 환,Converter,แปลง
6969,comb,Combine,合成,Combine,Hợp thành,합성,Combinar,รวมกัน
6970,change,Convert,轉化,Convert,Chuyển hóa,전환,Converter,แปลง
6971,fragmentTransformation,Conversion,碎片轉化,Conversion,Chuyển đổi mảnh vỡ,조각 전환,Conversão,การแปลง
6972,universalSynthesis,Compound,萬能合成,Compound,Tổng hợp vạn năng,만능 합성,Composto,สารประกอบ
6973,spriteClose,Do you want to give up catching the Pokémon?,是否放棄捕捉精靈,Do you want to give up catching the Pokémon?,Từ bỏ bắt Pokémon?,포켓몬 포획을 포기하겠습니까?,Você quer desistir de capturar os Pokémon?,คุณอยากจะยอมแพ้ในการจับโปเกม่อนไหม?
6974,abandon,Quit,放棄,Quit,Từ bỏ,포기,Desistir,ล้มเลิก
6975,universalFragCombTip,%s %s can combine into %s %s,%s個%s可合成%s個%s,%s %s can combine into %s %s,%s %s có thể kết hợp để tạo thành %s %s,"""%s개의 %s, %s개의 %s 합성 가능""",%s %s pode combinar em %s %s,%s %s สามารถรวมกันเป็น %s %s ได้
6976,cloneInviteMyRoom,This is your own room,這是你自己的房間,This is your own room,Đây là phòng của riêng bạn.,이곳은 자신의 방입니다.,Este é o seu próprio quarto,นี่คือห้องของคุณเอง
6977,levelFundTitle1,"#C0xffff33##L01100000##LOC0x80C44100##LOS2##LSC0x80C44100##LSO0,-6#%s#C0xFFFCED##L01100000##LOC0x80C44100##LOS2##LSC0x80C44100##LSO0,-6# Diamond purchase while #C0xffff33##L01100000##LOC0x80C44100##LOS2##LSC0x80C44100##LSO0,-3#%s#C0xFFFCED##L01100000##LOC0x80C44100##LOS2##LSC0x80C44100##LSO0,-6# diamonds claim","#C0xffff33##L01100000##LOC0x80C44100##LOS2##LSC0x80C44100##LSO0,-6#%s#C0xFFFCED##L01100000##LOC0x80C44100##LOS2##LSC0x80C44100##LSO0,-6# 鑽石購買成長基金，總計可獲得 #C0xffff33##L01100000##LOC0x80C44100##LOS2##LSC0x80C44100##LSO0,-3#%s#C0xFFFCED##L01100000##LOC0x80C44100##LOS2##LSC0x80C44100##LSO0,-6# 鑽石","#C0xffff33##L01100000##LOC0x80C44100##LOS2##LSC0x80C44100##LSO0,-6#%s#C0xFFFCED##L01100000##LOC0x80C44100##LOS2##LSC0x80C44100##LSO0,-6# Diamond purchase while #C0xffff33##L01100000##LOC0x80C44100##LOS2##LSC0x80C44100##LSO0,-3#%s#C0xFFFCED##L01100000##LOC0x80C44100##LOS2##LSC0x80C44100##LSO0,-6# diamonds claim","Mua quỹ phát triển bằng Kim cương, tổng cộng nhận được %s Kim cương","""#C0xffff33##L01100000##LOC0x80C44100##LOS2##LSC0x80C44100##LSO0,-6#%s#C0xFFFCED##L01100000##LOC0x80C44100##LOS2##LSC0x80C44100##LSO0,-6# 다이아로 성장기금 구매 시 총 #C0xffff33##L01100000##LOC0x80C44100##LOS2##LSC0x80C44100##LSO0,-3#%s#C0xFFFCED##L01100000##LOC0x80C44100##LOS2##LSC0x80C44100##LSO0,-6# 다이아 획득 가능""","#C0xffff33##L01100000##LOC0x80C44100##LOS2##LSC0x80C44100##LSO0,-6#%s#C0xFFFCED##L01100000##LOC0x80C44100##LOS2##LSC0x80C44100##LSO0,-6# Compra de diamantes enquanto #C0xffff33##L01100000##LOC0x80C44100##LOS2##LSC0x80C44100##LSO0,-3#%s#C0xFFFCED##L01100000##LOC0x80C44100##LOS2##LSC0x80C44100##LSO0,-6# reivindicação de diamantes","#C0xffff33##L01100000##LOC0x80C44100##LOS2##LSC0x80C44100##LSO0,-6#%s#C0xFFFCED##L01100000##LOC0x80C44100##LOS2##LSC0x80C44100##LSO0,-6# ซื้อเพชรในขณะที่ #C0xffff33##L01100000##LOC0x80C44100##LOS2##LSC0x80C44100##LSO0,-3#%s#C0xFFFCED##L01100000##LOC0x80C44100##LOS2##LSC0x80C44100##LSO0,-6# สิทธิ์รับเพชร"
6978,levelFundTitle2,"""Players of #I%s-61-52##C0xFFFCED##L01100000##LOC0x80C44100##LOS2##LSC0x80C44100##LSO0,-6# and above can purchase""","#I%s-61-52##C0xFFFCED##L01100000##LOC0x80C44100##LOS2##LSC0x80C44100##LSO0,-6# 及以上玩家可以購買","""Players of #I%s-61-52##C0xFFFCED##L01100000##LOC0x80C44100##LOS2##LSC0x80C44100##LSO0,-6# and above can purchase""",Người chơi cấp I%s-61-52 trở lên có thể mua,"""#I%s-61-52##C0xFFFCED##L01100000##LOC0x80C44100##LOS2##LSC0x80C44100##LSO0,-6# 이상 유저만 구매 가능""","Jogadores de #I%s-61-52##C0xFFFCED##L01100000##LOC0x80C44100##LOS2##LSC0x80C44100##LSO0,-6# e acima podem comprar","ผู้เล่น #I%s-61-52##C0xFFFCED##L01100000##LOC0x80C44100##LOS2##LSC0x80C44100##LSO0,-6# ขึ้นไปสามารถซื้อได้"
6979,overView,Overview,總覽,Overview,Tổng quan,전체,Visão geral,ภาพรวม
6980,staminaAaginGet,#C0x5B545B#Are you sure you want to spend #C0xf39265#%s#Icommon/icon/icon_diamond.png-56-56##C0x5B545B# to reclaim energy?,#C0x5B545B#確認花費#C0xf39265#%s#Icommon/icon/icon_diamond.png-56-56##C0x5B545B#補領體力嗎？,#C0x5B545B#Are you sure you want to spend #C0xf39265#%s#Icommon/icon/icon_diamond.png-56-56##C0x5B545B# to reclaim energy?,Xác nhận chi phí #C0xf39265#%s#Icommon/icon/icon_diamond.png-56-56# Bổ sung thể lực?,#C0x5B545B#정말 #C0xf39265#%s#Icommon/icon/icon_diamond.png-56-56##C0x5B545B#를 소모해 체력을 보충 수령하겠습니까?,#C0x5B545B#Tem certeza de que deseja gastar #C0xf39265#%s#Icommon/icon/icon_diamond.png-56-56##C0x5B545B# para recuperar energia?,#C0x5B545B#คุณแน่ใจหรือไม่ว่าต้องการใช้ #C0xf39265#%s#Icommon/icon/icon_diamond.png-56-56##C0x5B545B# เพื่อเรียกคืนพลังงาน?
6981,randomTowerVipPointAddTip,#C0x60C456# (VIP+%s%%),#C0x60C456# (VIP+%s%%),#C0x60C456# (VIP+%s%%),#C0x60C456# (VIP+%s%),#C0x60C456# (VIP+%s%%),#C0x60C456# (VIP+%s%%),#C0x60C456# (VIP+%s%%)
6982,effortNotCancel,"""High-quality stats appeared, you can't cancel this time around!""",出現優質的屬性，本次無法取消,"""High-quality stats appeared, you can't cancel this time around!""","Xuất hiện thuộc tính chất lượng cao, lần này không thể hủy bỏ.","""우수 속성 등장, 취소할 수 없습니다.""","Estatísticas de alta qualidade apareceram, você não pode cancelar desta vez!",สถิติคุณภาพสูงปรากฏขึ้น คุณไม่สามารถยกเลิกได้ในครั้งนี้!
6983,brackets,[%s],【%s】,[%s],【%s】,[%s],[%s],[%sินาที]
6984,trainerCoin,Privilege Coin,特權幣,Privilege Coin,Đồng xu đặc quyền,특권 코인,Moeda Privilégio,เหรียญสิทธิพิเศษ
6985,effortValueOneMask,Please select whether you want to cancel or save the results of the current training,請先選擇取消或者保存本次培養,Please select whether you want to cancel or save the results of the current training,Vui lòng chọn hủy bỏ hoặc lưu lại quá trình huấn luyện này.,이번 육성을 취소하거나 저장하세요.,Selecione se deseja cancelar ou salvar os resultados do treinamento atual,กรุณาเลือกว่าต้องการยกเลิกหรือบันทึกผลการอบรมปัจจุบัน
6986,unionSkillLimitTip,(Depend on union level),(升級公會可提高上限),(Depend on union level),(Nâng cấp bang hội để tăng giới hạn),(길드 레벨업 시 한도 증가),(Depende do nível sindical),(ขึ้นอยู่กับระดับสหภาพ)
6987,shopNotOpen,Shop is temporarily closed,商店暫未開啟,Shop is temporarily closed,Cửa hàng chưa mở,상점이 미개방,A loja está temporariamente fechada,ร้านปิดชั่วคราว
6988,notUnionCantShare,You've not joined the union and can't share to the channel!,暫未加入公會，無法分享到該頻道,You've not joined the union and can't share to the channel!,"Chưa tham gia bang hội, không thể chia sẻ đến kênh này.",아직 길드에 가입하지 않아 해당 채널에 공유할 수 없습니다.,Você não entrou no sindicato e não pode compartilhar no canal!,คุณไม่ได้เข้าร่วมสหภาพและไม่สามารถแชร์ในช่องได้!
6989,gateNightMare,Nightmare,噩夢,Nightmare,Ác mộng,악몽,Pesadelo,ฝันร้าย
6990,randomTowerCanPassTip,"#C0x5b545b#According to your current level and yesterday performance, today you can rolling to the battle of Floor #C0xf39265#%s Room %s#C0x5b545b#",#C0x5b545b#根據您昨日的表現和當前等級，今天可以直接碾壓直到#C0xf39265#%s層房間%s#C0x5b545b#的戰鬥,"#C0x5b545b#According to your current level and yesterday performance, today you can rolling to the battle of Floor #C0xf39265#%s Room %s#C0x5b545b#","#C0x5b545b#Dựa trên thành tích của bạn hôm qua và cấp độ hiện tại, hôm nay bạn có thể dễ dàng đánh bại các trận chiến cho đến phòng #C0xf39265#%s%s#C0x5b545b#.",#C0x5b545b#어제의 결과와 현재 레벨에 따라 오늘 #C0xf39265#%s층 방 %s#C0x5b545b#의 전투까지 진압할 수 있습니다.,"#C0x5b545b#De acordo com seu nível atual e desempenho de ontem, hoje você pode ir para a batalha do Andar #C0xf39265#%s Sala %s#C0x5b545b#",#C0x5b545b#ตามระดับปัจจุบันของคุณและประสิทธิภาพเมื่อวาน วันนี้คุณสามารถกลิ้งไปที่การต่อสู้ของ Floor #C0xf39265#%s Room %s#C0x5b545b#
6991,needUnlockGate,Need to pass %s%s-%s,需通關%s%s-%s,Need to pass %s%s-%s,Cần vượt qua %s%s-%s,%s %s-%s 클리어 필요,Precisa passar %s%s-%s,ต้องผ่าน%s%s-%s
6992,rewardBoxReciveOver,You've claimed all the chests,寶箱已全部領取,You've claimed all the chests,Tất cả rương báu đã được thu thập.,보물상자를 모두 수령했습니다.,Você reivindicou todos os baús,คุณได้อ้างสิทธิ์หีบทั้งหมดแล้ว
6993,pleasePassNormalCurPage,Please unlock the Story level of the next chapter first,請先解鎖下一章劇情關卡,Please unlock the Story level of the next chapter first,Vui lòng mở khóa màn chơi cốt truyện chương tiếp theo trước.,먼저 다음 스토리 스테이지를 개방하세요.,"Por favor, desbloqueie o nível da história do próximo capítulo primeiro",กรุณาปลดล็อคเลเวลเนื้อเรื่องของบทต่อไปก่อน
6994,playRule,How to Play,玩法,How to Play,Lối chơi,게임 방법,Como Jogar,วิธีการเล่น
6995,itemStackOverMax,"""You are about to exceed the maximum No. of item stacks, and exceeded items will be eaten by Snorlax. Do you still want to %s?""",即將超過物品堆疊上限，超出上限部分將會被卡比獸吃掉，依然%s？,"""You are about to exceed the maximum No. of item stacks, and exceeded items will be eaten by Snorlax. Do you still want to %s?""",Bạn sắp vượt quá giới hạn chồng vật phẩm. Phần vượt quá sẽ bị Snorlax ăn mất. Vẫn %s?,곧 아이템 중첩 한도를 초과합니다. 한도를 초과한 부분은 잠만보가 먹어버립니다. %s의 진행을 계속할까요?,"Você está prestes a exceder o número máximo de pilhas de itens, e os itens excedidos serão comidos por Snorlax. Você ainda quer %s?",คุณกำลังจะเกินจำนวนสูงสุดของกองไอเทมแล้ว และไอเทมที่เกินจะถูก Snorlax กิน คุณยังต้องการ %s อยู่ไหม
6996,abilitySkillAddDesc,%s (+%s#Icity/card/helditem/strengthen/icon_jt.png-37-60#）,%s（+%s#Icity/card/helditem/strengthen/icon_jt.png-37-60#）,%s (+%s#Icity/card/helditem/strengthen/icon_jt.png-37-60#）,%s (+%s#Icity/card/helditem/strengthen/icon_jt.png-37-60#),%s(+%s#Icity/card/helditem/strengthen/icon_jt.png-37-60#),%s（+%s#Icity/card/helditem/strengthen/icon_jt.png-37-60#）,%s（+%s#Icity/card/helditem/strengthen/icon_jt.png-37-60#）
6997,countTime,Countdown timer,倒計時,Countdown timer,Đếm ngược,남은 시간,Contador regressivo,ตัวนับเวลาถอยหลัง
6998,cloneRobotTextOn,"""The elite members are ready, please start the challenge!""",精英隊員已經就位，請進行挑戰,"""The elite members are ready, please start the challenge!""","Thành viên tinh nhuệ đã sẵn sàng, hãy bắt đầu thử thách.",이미 정예 팀원이 있습니다. 도전을 진행하세요.,"Os membros de elite estão prontos, por favor, comecem o desafio!",สมาชิกชั้นยอดพร้อมแล้ว โปรดเริ่มการท้าทายได้เลย!
6999,cloneRobotTextOff,The elite member has left.,精英隊員已經離開,The elite member has left.,Các thành viên ưu tú đã rời đi.,정예 팀원이 떠났습니다.,O membro de elite foi embora.,สมาชิกระดับอีลีทได้ออกไปแล้ว
7000,achievement,Achievement,成就,Achievement,Thành tích,업적,Conquista,ความสำเร็จ
7001,manGrow,Growth,人物成長,Growth,Tăng trưởng nhân vật,캐릭터 성장,Crescimento,การเจริญเติบโต
7002,cardsGet,Collection,精靈收集,Collection,Bộ sưu tập yêu tinh,포켓몬 수집,Coleção,ของสะสม
7003,battleActivity,Dungeon,副本活動,Dungeon,Sao chép hoạt động,던전 이벤트,Masmorra,คุกใต้ดิน
7004,pvpChallenge,Arena,競技挑戰,Arena,Thách thức cạnh tranh,아레나 도전,Arena,สนามกีฬา
7005,socialContact,Social,社交,Social,Xã hội,소셜,Social,ทางสังคม
7006,unvislbleAchievement,Hidden,隱藏成就,Hidden,Ẩn thành tích,히든 업적,Escondido,ที่ซ่อนอยู่
7007,allAchievement,Overview,成就總覽,Overview,Tổng quan thành tích,업적 목록,Visão geral,ภาพรวม
7008,needTargetAchievementLv,It can be claimed when achievement level reaches %s:,成就等級達到%s級，可領取:,It can be claimed when achievement level reaches %s:,"Đã đạt cấp độ thành tích %s, có thể nhận:",업적 %s레벨 달성 시 수령 가능:,Pode ser reivindicado quando o nível de conquista atinge %s:,สามารถรับได้เมื่อระดับความสำเร็จถึง %s:
7009,diamondUpDrawCard,Limited Draw,限定抽卡,Limited Draw,Triệu hồi giới hạn thời gian,한정 뽑기,Sorteio limitado,จับฉลากจำกัด
7010,noUnvisibleTasks,Hidden achievements not found,還沒發現隱藏成就,Hidden achievements not found,Chưa phát hiện thành tích ẩn.,아직 히든 업적을 발견하지 못했습니다.,Conquistas ocultas não encontradas,ไม่พบความสำเร็จที่ซ่อนอยู่
7011,noFinishedTasks,Do your best to get more achievements!,加把勁去完成成就吧,Do your best to get more achievements!,Cố gắng lên và hoàn thành thành tích nào!,어서 업적을 완료하세요.,Faça o seu melhor para obter mais conquistas!,พยายามทำให้ดีที่สุดเพื่อรับความสำเร็จมากขึ้น!
7012,currentStarCannotReduced,Current star level cannot be decreased,當前星級無法降星,Current star level cannot be decreased,Không thể giảm sao hiện tại.,현재 성급에서는 진행할 수 없습니다.,O nível atual de estrelas não pode ser diminuído,ระดับดาวปัจจุบันไม่สามารถลดได้
7013,currentAwakeCannotReduced,Level cannot be lowered!,當前階段無法降階,Level cannot be lowered!,Không thể giảm cấp ở giai đoạn này,현재 단계에는 진행할 수 없습니다.,O nível não pode ser reduzido!,ระดับไม่สามารถลดได้!
7014,limitTenText1,10x draw guarantee Green Orb and Universal Shard,十連必得翡翠星石和萬能碎片,10x draw guarantee Green Orb and Universal Shard,Gói 10 lần quay chắc chắn nhận được Mảnh sao Ngọc lục bảo và Mảnh linh kiện vạn năng,10연속 시 에메랄드 성석과 만능 조각 필득,Garantia de sorteio de 10x Orbe Verde e Fragmento Universal,รับประกันการจับฉลาก 10 เท่า Green Orb และ Universal Shard
7015,heldItemAdvanceLvTip,"""#C0x5B545B#The training level of the selection item is more than 1, #C0xF76B45# no materials will be returned if it is used for breakthough#C0x5B545B#. Do you want to continue?# C0x60C456#(Training materials can be returned through rebirth)""",#C0x5B545B#所選道具養成等級大於1，#C0xF76B45#用於突破消耗後將無任何材料返回#C0x5B545B#，是否繼續選擇該道具？#C0x60C456#（可通過重生返回養成材料）,"""#C0x5B545B#The training level of the selection item is more than 1, #C0xF76B45# no materials will be returned if it is used for breakthough#C0x5B545B#. Do you want to continue?# C0x60C456#(Training materials can be returned through rebirth)""",Mức độ nuôi dưỡng của vật phẩm đã chọn lớn hơn 1. Sử dụng nó để đột phá sẽ không có bất kỳ nguyên liệu nào được trả lại. Bạn có muốn tiếp tục không?,#C0x5B545B#선택한 아이템 육성 레벨이 1보다 높습니다. #C0xF76B45#돌파에 사용해 소모 시 어떤 재료도 반환하지 않습니다#C0x5B545B#. 해당 아이템을 계속 선택하겠습니까?#C0x60C456#(부활을 통해 육성 재료 반환 가능),"#C0x5B545B#O nível de treinamento do item selecionado é maior que 1, #C0xF76B45# nenhum material será devolvido se for usado para avanço#C0x5B545B#. Você quer continuar?# C0x60C456#(Materiais de treinamento podem ser devolvidos por meio do renascimento)","#C0x5B545B# ระดับการฝึกของรายการที่เลือกมีมากกว่า 1, #C0xF76B45# จะไม่มีการคืนวัสดุใดๆ หากใช้เพื่อการฝ่าฟัน#C0x5B545B# คุณต้องการดำเนินการต่อหรือไม่? # C0x60C456# (สามารถคืนวัสดุการฝึกได้ผ่านการเกิดใหม่)"
7016,heldItemAdvanceDressTip,#C0x5B545B#The selected item is currently worn by %s#C0x5B545B#. Are you sure you want to use it? (#C0x60C456#The item will be removed if you proceed#C0x5B545B#),#C0x5B545B#所選道具已被%s#C0x5B545B#穿戴，是否繼續用於本次消耗？（#C0x60C456#確認後該道具將被脫下#C0x5B545B#）,#C0x5B545B#The selected item is currently worn by %s#C0x5B545B#. Are you sure you want to use it? (#C0x60C456#The item will be removed if you proceed#C0x5B545B#),Đồ vật đã được trang bị %s. Bạn có muốn tiếp tục sử dụng và tiêu hao nó không? (#C0x60C456#Đồ vật sẽ được tháo ra sau khi xác nhận#C0x5B545B#),#C0x5B545B#선택한 아이템이 %s#C0x5B545B#에게 착용되어 있습니다. 이번 소모에 계속해서 사용하겠습니까?(#C0x60C456#확인 시 해당 아이템이 해제됨#C0x5B545B#),#C0x5B545B#O item selecionado está sendo usado por %s#C0x5B545B#. Tem certeza de que deseja usá-lo? (#C0x60C456#O item será removido se você prosseguir#C0x5B545B#),#C0x5B545B#ขณะนี้ไอเท็มที่เลือกถูกสวมใส่โดย %s#C0x5B545B# คุณแน่ใจหรือไม่ว่าต้องการใช้มัน? (#C0x60C456#ไอเท็มจะถูกลบออกหากคุณดำเนินการต่อ#C0x5B545B#)
7017,gateStar,Stage Star,關卡星級,Stage Star,Sao cấp độ,스테이지 성급,Estrela do palco,สตาร์สเตจ
7018,noGiftsToReceiveNow,There are no gifts to be claimed,現在沒有禮物可以領取喲,There are no gifts to be claimed,Hiện tại không có quà nào để nhận.,현재 획득 가능한 선물이 없습니다.,Não há presentes para serem reivindicados,ไม่มีของขวัญที่ต้องเรียกร้อง
7019,numberSelectedHasMet,Number of items is full!,道具數量已滿足,Number of items is full!,Số lượng vật phẩm đã đủ,아이템 수량이 이미 최대입니다.,O número de itens está cheio!,จำนวนรายการเต็มแล้ว!
7020,cardDoesNotExist,Pokémon does not exist,精靈不存在,Pokémon does not exist,Không tìm thấy Pokémon.,포켓몬이 존재하지 않습니다.,Pokémon não existe,โปเกม่อนไม่มีอยู่จริง
7021,exchangeItem,Exchange gifts,兌換物品,Exchange gifts,Đổi vật phẩm,교환 아이템,Trocar presentes,แลกเปลี่ยนของขวัญ
7022,exchange,Exchange,交換,Exchange,Trao đổi,교환,Intercâmbio,แลกเปลี่ยน
7023,use,Use,使用,Use,Sử dụng,사용,Usar,ใช้
7024,chooseItem,Select item,選擇道具,Select item,Chọn vật phẩm,아이템 선택,Selecionar item,เลือกสินค้า
7025,chooseSpr,Select Pokémon,選擇精靈,Select Pokémon,Chọn Pokémon,포켓몬 선택,Selecione Pokémon,เลือกโปเกมอน
7026,useCharacterItemTip,"""#C0x5B545B#After using it, the Pokémon#C0x60C456# will get a new nature#C0x5B545B# and #C0xF76B45# but nature items and its old nature will disappear #C0x5B545B#. Do you want to continue?""",#C0x5B545B#使用後，精靈#C0x60C456#將獲得新的性格#C0x5B545B#，並且#C0xF76B45#性格道具和舊性格將同時消失#C0x5B545B#，是否繼續？,"""#C0x5B545B#After using it, the Pokémon#C0x60C456# will get a new nature#C0x5B545B# and #C0xF76B45# but nature items and its old nature will disappear #C0x5B545B#. Do you want to continue?""","Sau khi sử dụng, Pokémon sẽ nhận được một tính cách mới. Vật phẩm thay đổi tính cách và tính cách cũ sẽ cùng biến mất. Tiếp tục?","""#C0x5B545B#사용 시 포켓몬이 #C0x60C456#새로운 성격을 획득#C0x5B545B#하며, #C0xF76B45#성격 아이템과 기존 성격이 사라집니다#C0x5B545B#. 계속하겠습니까?""","#C0x5B545B#Após usá-lo, o Pokémon#C0x60C456# ganhará uma nova natureza#C0x5B545B# e #C0xF76B45# mas os itens da natureza e sua antiga natureza desaparecerão #C0x5B545B#. Você quer continuar?",#C0x5B545B#หลังจากใช้แล้ว โปเกมอน#C0x60C456# จะได้รับธรรมชาติใหม่#C0x5B545B# และ #C0xF76B45# แต่ไอเทมธรรมชาติและธรรมชาติเดิมจะหายไป #C0x5B545B# คุณต้องการดำเนินการต่อหรือไม่
7027,characterChangeSuccess,Nature changed successfully!,性格改變成功,Nature changed successfully!,Thay đổi tính cách thành công,성격 변경 성공,A natureza mudou com sucesso!,ธรรมชาติเปลี่ยนแปลงสำเร็จแล้ว!
7028,characterSame,There will be no changes to its nature!,性格將不會發生變化,There will be no changes to its nature!,Tính cách sẽ không thay đổi.,성격이 변화하지 않습니다.,Não haverá mudanças em sua natureza!,ธรรมชาติของมันจะไม่มีการเปลี่ยนแปลงใดๆเลย!
7029,chooseSprOrItem,Please select Pokémon or Nature Item,選擇精靈或者性格道具,Please select Pokémon or Nature Item,Chọn một Pokémon hoặc một vật phẩm thuộc tính,포켓몬 또는 성격 아이템을 선택하세요.,Selecione Pokémon ou Item da Natureza,กรุณาเลือกโปเกมอนหรือไอเทมธรรมชาติ
7030,haveNotLogin,Not logged in,未登入,Not logged in,Chưa đăng nhập,미로그인,Não logado,ไม่ได้เข้าสู่ระบบ
7031,accumulatedAward,Claimable when the total value reaches %d,累積值到達%d時，可領取,Claimable when the total value reaches %d,Có thể nhận khi giá trị tích lũy đạt %d.,누적 수치 %d 도달 시 수령 가능,Reivindicável quando o valor total atingir %s,เรียกร้องได้เมื่อมูลค่ารวมถึง %s
7032,itemStackReachMax,Your item has reached the maximum and unable to %s!,物品已達上限，無法%s!,Your item has reached the maximum and unable to %s!,"Túi đồ đã đầy, không thể %s!",아이템이 이미 한도에 도달해 %s 불가,Seu item atingiu o máximo e não pode ser %s!,ไอเทมของคุณถึงค่าสูงสุดแล้วและไม่สามารถ %s ได้!
7033,welfare,Rewards,福利,Rewards,Lợi ích,혜택,Recompensas,รางวัล
7034,needTargetAchievementPoint,"""If you reach %s, you can claim:""",成就點達到%s點，可以領取:,"""If you reach %s, you can claim:""","Điểm thành tích đạt %s, có thể nhận:",업적 점수 %s 도달 시 수령 가능:,"Se você atingir %s, você pode reivindicar:",หากคุณเข้าถึง %s คุณสามารถรับสิทธิ์ได้:
7035,experience,EXP,經驗,EXP,Kinh nghiệm,경험치,EXP,ประสบการณ์
7036,drawing,Blueprint,圖紙,Blueprint,Bản vẽ,설계도,Projeto,พิมพ์เขียว
7037,energyItems,Energy Core,能量核心,Energy Core,Lõi năng lượng,에너지 코어,Núcleo de Energia,แกนพลังงาน
7038,canRetrieve,Recoverable,可找回,Recoverable,Có thể tìm lại,회수 가능,Recuperável,สามารถกู้คืนได้
7039,canAlsoRetrieve,It is still recoverable,還可找回,It is still recoverable,Có thể tìm lại được,회수 가능,Ainda é recuperável,ยังสามารถกู้คืนได้
7040,haveRetrieved,Recovered,已找回,Recovered,Đã tìm lại được,회수 완료,Recuperado,กู้คืนแล้ว
7041,luckyEggTitle,Gashapon Machine,扭蛋機,Gashapon Machine,Máy bán đồ chơi tự động,뽑기 기계,Máquina Gashapon,เครื่องทำกาชาปอง
7042,rechargeWheelTip,"""#C0xF7A57C##F30##L10#For every#C0xFFF8E0##F40##L10#%d#Icommon/icon/icon_diamond.png-41-37##C0xF7A57C##F30##L10#spent, you get#C0xFFFF7F##F40##L10#%d#C0xF7A57C##F30##L10#points. The points are only valid for the current event.""",#C0xF7A57C##F30##L10#每儲值#C0xFFF8E0##F40##L10#%d#Icommon/icon/icon_diamond.png-41-37##C0xF7A57C##F30##L10#獲得#C0xFFFF7F##F40##L10#%d#C0xF7A57C##F30##L10#積分 積分只對本期活動有效,"""#C0xF7A57C##F30##L10#For every#C0xFFF8E0##F40##L10#%d#Icommon/icon/icon_diamond.png-41-37##C0xF7A57C##F30##L10#spent, you get#C0xFFFF7F##F40##L10#%d#C0xF7A57C##F30##L10#points. The points are only valid for the current event.""",Mỗi lần nạp #C0xFFF8E0##F40##L10#%d#Icommon/icon/icon_diamond.png-41-37#C0xF7A57C##F30##L10#bạn sẽ nhận được#C0xFFFF7F##F40##L10#%d#C0xF7A57C##F30##L10#điểm. Điểm chỉ có hiệu lực trong sự kiện này.,"""#C0xF7A57C##F30##L10##C0xFFF8E0##F40##L10#%d#Icommon/icon/icon_diamond.png-41-37##C0xF7A57C##F30##L10# 충전 시마다 #C0xFFFF7F##F40##L10#%d#C0xF7A57C##F30##L10#포인트 획득, 포인트는 이번 이벤트에서만 유효합니다.""","#C0xF7A57C##F30##L10#Para cada#C0xFFF8E0##F40##L10#%s#Icommon/icon/icon_diamond.png-41-37##C0xF7A57C##F30##L10#gasto, você ganha#C0xFFFF7F##F40##L10#%s#C0xF7A57C##F30##L10#pontos. Os pontos são válidos apenas para o evento atual.",#C0xF7A57C##F30##L10#สำหรับทุก #C0xFFF8E0##F40##L10#%s#Icommon/icon/icon_diamond.png-41-37##C0xF7A57C##F30##L10# ที่ใช้ไป คุณจะได้รับ #C0xFFFF7F##F40##L10#%s#C0xF7A57C##F30##L10# คะแนนเหล่านี้ใช้ได้เฉพาะในงานกิจกรรมปัจจุบันเท่านั้น
7043,freeDraw,Free draw,免費抽取,Free draw,Rút thăm miễn phí,무료 뽑기,Sorteio livre,วาดฟรี
7044,onceDraw,Single draw,單次抽取,Single draw,Triệu hồi đơn,1회 뽑기,Sorteio único,ดึงเดี่ยว
7045,awakeLevel,%s,覺醒%s,%s,Tỉnh thức %s,%s 각성,Despertando %s,การตื่นขึ้น %s
7046,luckyEggTip,"""Insufficient Gashapon points currently, unable to buy""",當前扭蛋積分不足，無法購買,"""Insufficient Gashapon points currently, unable to buy""",Số điểm gacha hiện tại không đủ để mua.,현재 뽑기 포인트가 부족해 구매할 수 없습니다.,"Pontos Gashapon insuficientes no momento, não é possível comprar",“ขณะนี้แต้มกาชาปองไม่เพียงพอ ไม่สามารถซื้อได้”
7047,explorerDraw,Explorer Device Treasure Hunt,探險器尋寶,Explorer Device Treasure Hunt,Cuộc săn kho báu của nhà thám hiểm,탐지기 보물찾기,Caça ao tesouro do dispositivo Explorer,เกมล่าสมบัติอุปกรณ์สำรวจ
7048,rechargeWheelReport,#C0xD97B4C##L10#%s#C0xC78D50##L10# gets #C0xCC7A52##L10#%s x%d,#C0xD97B4C##L10#%s#C0xC78D50##L10#獲得#C0xCC7A52##L10#%s x%d,#C0xD97B4C##L10#%s#C0xC78D50##L10# gets #C0xCC7A52##L10#%s x%d,Nhận được #C0xCC7A52##L10#%s x%d Mảnh ghép,#C0xD97B4C##L10#%s#C0xC78D50##L10# 님이 #C0xCC7A52##L10#%s x%d 획득,#C0xD97B4C##L10#%s#C0xC78D50##L10# obtém #C0xCC7A52##L10#%sx%s,#C0xD97B4C##L10#%s#C0xC78D50##L10# ได้รับ #C0xCC7A52##L10#%sx%s
7049,pleasePassGateNormal,Please unlock the Chapter %s of the level first,請先解鎖解鎖關卡第%s章,Please unlock the Chapter %s of the level first,Vui lòng mở khóa chương %s trước.,먼저 스테이지 챕터%s 개방 필요,"Por favor, desbloqueie o Capítulo %s do nível primeiro",กรุณาปลดล็อคบทที่ %s ของระดับก่อน
7050,pleasePassGateDifficult,Please unlock the Chapter %s of the Hard level first,請先解鎖困難關卡第%s章,Please unlock the Chapter %s of the Hard level first,Vui lòng mở khóa chương %s của cấp độ khó trước.,먼저 하드 스테이지 챕터%s 개방 필요,"Por favor, desbloqueie o Capítulo %s do nível Difícil primeiro",กรุณาปลดล็อคบทที่ %s ของระดับ Hard ก่อน
7051,pleasePassGateNightMare,Please unlock the Chapter %s of the Challenging level first,請先解鎖噩夢關卡第%s章,Please unlock the Chapter %s of the Challenging level first,Vui lòng mở khóa Chương %s của cấp độ Ác mộng trước.,먼저 악몽 스테이지 챕터%s 개방 필요,"Por favor, desbloqueie o Capítulo %s do nível desafiador primeiro",กรุณาปลดล็อคบทที่ %s ของระดับท้าทายก่อน
7052,pleasePassGate,Please clear %s level %s first,請先通關%s關卡%s,Please clear %s level %s first,Vui lòng vượt qua màn %s-%s trước.,먼저 %s 스테이지%s 클리어 필요,"Por favor, limpe %s nível %s primeiro",กรุณาเคลียร์ระดับ %s ก่อน
7053,festival,Happy Lunar New Year,新年大吉,Happy Lunar New Year,Chúc mừng năm mới,새해 대길,Feliz Ano Novo Lunar,สุขสันต์วันตรุษจีน
7054,goRecharge,Purchase now,去儲值,Purchase now,Nạp tiền,충전하기,Compre agora,สั่งซื้อเลยตอนนี้
7055,luckyEggRuleTitle,Rules of Gashapon Machine,扭蛋機規則,Rules of Gashapon Machine,Luật quay gacha,뽑기 기계 규칙,Regras da Máquina Gashapon,กติกาของกาชาปอง
7056,robcomplete,All claimed,已領完,All claimed,Đã nhận,수령완료,Todos reivindicados,อ้างสิทธิ์ทั้งหมด
7057,clickinfo,Tap to check information for claiming,點擊檢視領取詳情,Tap to check information for claiming,Nhấp để xem chi tiết,터치해 상세 수령 확인,Toque para verificar informações para reivindicar,แตะเพื่อตรวจสอบข้อมูลการขอรับสิทธิ์
7058,nvalueTip1,"""#C0x5B545B#After refining %s times, the lowest single IV is #F50##C0x74BE6D#%s""",#C0x5B545B#洗練%s次後，單項個體值最低為#F50##C0x74BE6D#%s,"""#C0x5B545B#After refining %s times, the lowest single IV is #F50##C0x74BE6D#%s""","#C0x5B545B#Sau khi tinh luyện %s lần, chỉ số cá thể tối thiểu cho một chỉ số đơn lẻ là #F50##C0x74BE6D#%s",#C0x5B545B#제련%s회 후 단일  최저 개체값:#F50##C0x74BE6D#%s.,"#C0x5B545B#Após refinar %s vezes, o menor IV único é #F50##C0x74BE6D#%s",#C0x5B545B#หลังจากปรับแต่ง %s ครั้ง IV เดี่ยวที่ต่ำที่สุดคือ #F50##C0x74BE6D#%s
7059,nvalueTip2,"""#C0x5B545B#After single refinement, the lowest single IV is #F50##C0x74BE6D#%s""",#C0x5B545B#當前洗練單項個體值最低為#F50##C0x74BE6D#%s,"""#C0x5B545B#After single refinement, the lowest single IV is #F50##C0x74BE6D#%s""",#C0x5B545B#Giá trị cá thể tối thiểu hiện tại cho một chỉ số đơn lẻ là #F50##C0x74BE6D#%s,#C0x5B545B#현재 단일 제련 최저 개체값 #F50##C0x74BE6D#%s,"#C0x5B545B#Após o refinamento único, o menor IV único é #F50##C0x74BE6D#%s",#C0x5B545B# หลังจากการปรับแต่งครั้งเดียว IV ครั้งเดียวที่ต่ำที่สุดคือ #F50##C0x74BE6D#%s
7060,canBuyInBoutique,Can be obtained at the Recommended Shop,可以在精選商店購買獲取,Can be obtained at the Recommended Shop,Có thể mua được tại cửa hàng nổi bật,특선 상점에서 구매해 획득 가능,Pode ser obtido na Loja Recomendada,หาซื้อได้ที่ร้านค้าแนะนำ
7061,getInActOrMysteryShop,Available at events or Mystery Shop,活動或者神秘商店中可獲取,Available at events or Mystery Shop,Có sẵn trong sự kiện hoặc cửa hàng Bí ẩn.,이벤트 또는 신비한 상점에서 획득 가능,Disponível em eventos ou Mystery Shop,มีจำหน่ายที่งานอีเว้นท์หรือร้าน Mystery Shop
7062,nonunion,Must in a union,未加入公會,Must in a union,Chưa tham gia bang hội,길드에 가입하지 않았습니다.,Deve em uma união,ต้องอยู่ในสหภาพ
7063,effortAdvanceAttrTip,#L10# stage %s: #L0#Total Pokémon base stats +%s,#L10#階段 %s: #L0#精靈基礎屬性累計 +%s,#L10# stage %s: #L0#Total Pokémon base stats +%s,Lv. %s: Tăng chỉ số cơ bản cho Pokémon +%s,#L10#계단 %s: #L0#포켓몬 기초 속성 누적 +%s,#L10# estágio %s: #L0#Total de estatísticas básicas de Pokémon +%s,#L10# ระยะ %s: #L0# สถิติพื้นฐานของโปเกมอนทั้งหมด +%s
7064,effortCurrentAdvance,#C0xf13b54# (Current Stage),#C0xf13b54# （當前階段）,#C0xf13b54# (Current Stage),#C0xf13b54# (Giai đoạn hiện tại),#C0xf13b54#(현재 단계),#C0xf13b54# (Estágio atual),#C0xf13b54# (ระยะปัจจุบัน)
7065,effortAdvanceActiveTip,#C0x5b545b##L10#Activate attribution: #L0#Total of all basic stats #C0x74BE6D#+%s,#C0x5b545b##L10#啟動屬性: #L0#所有基礎屬性累計 #C0x74BE6D#+%s,#C0x5b545b##L10#Activate attribution: #L0#Total of all basic stats #C0x74BE6D#+%s,#C0x5b545b##L10#Kích hoạt thuộc tính: #L0#Tổng cộng chỉ số cơ bản #C0x74BE6D#+%s,#C0x5b545b##L10#속성 활성화: #L0#모든 기초 속성 누적 #C0x74BE6D#+%s,#C0x5b545b##L10#Ativar atribuição: #L0#Total de todas as estatísticas básicas #C0x74BE6D#+%s,#C0x5b545b##L10#เปิดใช้งานการระบุ: #L0#รวมสถิติพื้นฐานทั้งหมด #C0x74BE6D#+%s
7066,effortAdvance,Stage,階段,Stage,Giai đoạn,단계,Estágio,เวที
7067,needSpriteLevelArrival,Requires Pokémon level %s,需要精靈等級到達%s,Requires Pokémon level %s,Pokémon cần đạt cấp độ %s,포켓몬 %s레벨 달성 필요,Requer Pokémon nível %s,ต้องมีเลเวลโปเกมอน %s
7068,descriptionCultureAddition,About Training Bonus,培養加成說明,About Training Bonus,Giải thích về tăng cường sức mạnh,육성 보너스 설명,Sobre o bônus de treinamento,เกี่ยวกับโบนัสการฝึกอบรม
7069,currentVersionNotOpen,"""This Pokémon is coming soon, stay tuned!""",此精靈即將到來，請期待喲！,"""This Pokémon is coming soon, stay tuned!""","Pokémon này sắp ra mắt, hãy chờ đón nhé!",해당 포켓몬은 준비 중입니다!,"Este Pokémon chegará em breve, fique ligado!",โปเกมอนตัวนี้กำลังจะมาเร็วๆ นี้ โปรดคอยติดตามเอาไว้!
7070,noConditionNoGrade,You've not met the requirements to level up,條件不足，無法升級,You've not met the requirements to level up,"Điều kiện không đủ, không thể nâng cấp.",조건이 부족해 레벨업할 수 없습니다.,Você não atendeu aos requisitos para subir de nível,คุณไม่ได้ปฏิบัติตามข้อกำหนดในการเลื่อนระดับ
7071,teamHaloTitle,"When there are different numbers of Pokémons of the same types within the team, the corresponding team aura can be activated ",隊伍中存在不同數量同屬性系精靈時，可啟動相應的隊伍光環,"When there are different numbers of Pokémons of the same types within the team, the corresponding team aura can be activated ","Khi đội ngũ có Pokémon cùng hệ thuộc tính khác số lượng, có thể kích hoạt Aura đội ngũ tương ứng","""팀 내에 동일 타입과 계열의 포켓몬이 여러 마리 존재 시,해당하는 팀 오라가 활성화 가능""","Quando há um número diferente de Pokémon do mesmo tipo dentro da equipe, a aura da equipe correspondente pode ser ativada",เมื่อมีจำนวนโปเกมอนประเภทเดียวกันในทีมต่างกัน ออร่าทีมที่เกี่ยวข้องก็จะเปิดใช้งานได้
7072,higherStarContinueDecomposition,"These Pokémons are relatively high in star level, are you sure you want to decompose them?",精靈星級較高，是否繼續選擇分解？,"These Pokémons are relatively high in star level, are you sure you want to decompose them?","Cấp sao Pokémon khá cao, tiếp tục phân giải?",포켓몬 성급이 높습니다. 정말 분해하겠습니까?,Esses Pokémon têm um nível de estrela relativamente alto. Tem certeza de que deseja decompô-los?,โปเกมอนเหล่านี้มีระดับดาวค่อนข้างสูง คุณแน่ใจหรือว่าต้องการย่อยสลายพวกมัน?
7073,hasRarityAndStarCard,You've selected a Pokémon with higher rarity and star level. Are you sure you want to decompose it?,已選擇稀有度和星級較高的精靈，是否繼續分解？,You've selected a Pokémon with higher rarity and star level. Are you sure you want to decompose it?,"Pokémon có độ hiếm và cấp sao khá cao, xác nhận phân giải?",희귀도와 성급이 높은 포켓몬을 선택했습니다. 정말 분해하겠습니까?,Você selecionou um Pokémon com maior raridade e nível de estrela. Tem certeza de que deseja decompô-lo?,คุณได้เลือกโปเกมอนที่มีความหายากและระดับดาวที่สูงกว่า คุณแน่ใจว่าต้องการย่อยสลายมันหรือไม่
7074,chooseNatureTypeSuccess,The effective stats within the team aura have been successfully switched!,隊伍光環內生效屬性已切換成功,The effective stats within the team aura have been successfully switched!,Thuộc tính hiệu lực trong hào quang đội đã được chuyển đổi thành công.,팀 오라의 유효 타입이 전환되었습니다.,As estatísticas efetivas dentro da aura da equipe foram alteradas com sucesso!,ค่าสถิติที่มีผลภายในออร่าทีมได้ถูกสลับเรียบร้อยแล้ว!
7075,trainerPrivilege27,Explorer Device Treasure Hunt at half price the first time each day,探險器尋寶每日首次半價,Explorer Device Treasure Hunt at half price the first time each day,Explorer Device Tầm Bảo lần đầu mỗi ngày hưởng nửa giá,탐지기 보물찾기 매일 첫 반값,Explorer Device Treasure Hunt pela metade do preço na primeira vez de cada dia,Explorer Device Treasure Hunt ลดราคาครึ่งหนึ่งในครั้งแรกของแต่ละวัน
7076,endlessTowerResetCost,#C0x5b545b#Do you want to spend %s#Icommon/icon/icon_diamond.png-56-56##C0x5b545b# to reset the level?,#C0x5b545b#是否消耗%s#Icommon/icon/icon_diamond.png-56-56#，#C0x5b545b#進行重置關卡,#C0x5b545b#Do you want to spend %s#Icommon/icon/icon_diamond.png-56-56##C0x5b545b# to reset the level?,"#C0x5b545b#Xác nhận dùng %s#Icommon/icon/icon_diamond.png-56-56#, #C0x5b545b# Reset Ải?",#C0x5b545b#%s#Icommon/icon/icon_diamond.png-56-56#를 소모해 #C0x5b545b#스테이지 초기화를 진행하겠습니까?,#C0x5b545b#Você quer gastar %s#Icommon/icon/icon_diamond.png-56-56##C0x5b545b# para reiniciar o nível?,#C0x5b545b#คุณต้องการใช้ %s#Icommon/icon/icon_diamond.png-56-56##C0x5b545b# เพื่อรีเซ็ตระดับหรือไม่?
7077,chooseNatureText,#C0x5b545b#This Pokémon's type will switch from #I%s-60-60##C0x5b545b# to #I%s-60-60##C0x5b545b# as the team aura has taken effect. After switching it will be effective in all formation interface. Do you want to continue?,#C0x5b545b#該精靈在隊伍光環內生效屬性即將由#I%s-60-60##C0x5b545b#切換為#I%s-60-60##C0x5b545b#，切換後所有編隊介面內生效，是否繼續？,#C0x5b545b#This Pokémon's type will switch from #I%s-60-60##C0x5b545b# to #I%s-60-60##C0x5b545b# as the team aura has taken effect. After switching it will be effective in all formation interface. Do you want to continue?,"#C0x5b545b# Thuộc tính hiệu lực trong Aura đội ngũ của Pokémon này từ #I%s-60-60##C0x5b545b# chuyển thành #I%s-60-60##C0x5b545b#, sau khi chuyển đổi sẽ hiệu lực trong tất cả giao diện lập đội, tiếp tục không?",#C0x5b545b#해당 포켓몬의 팀 오라 유효 타입 #I%s-60-60##C0x5b545b#→#I%s-60-60##C0x5b545b# 전환이 이루어집니다. 전환 후에는 모든 진형 대상에게 적용됩니다. 계속하겠습니까?,"#C0x5b545b#O tipo deste Pokémon mudará de #I%s-60-60##C0x5b545b# para #I%s-60-60##C0x5b545b# conforme a aura da equipe tiver efeito. Após a troca, ela será efetiva em todas as interfaces de formação. Você quer continuar?",#C0x5b545b#ประเภทของโปเกมอนตัวนี้จะเปลี่ยนจาก #I%s-60-60##C0x5b545b# เป็น #I%s-60-60##C0x5b545b# เนื่องจากออร่าของทีมมีผล หลังจากเปลี่ยนแล้ว จะมีผลกับอินเทอร์เฟซการจัดรูปแบบทั้งหมด คุณต้องการดำเนินการต่อหรือไม่
7078,notReach,Unavailable,未達成,Unavailable,Chưa hoàn thành,미달성,Indisponível,ไม่สามารถใช้งานได้
7079,getCountDown,Reward in,領取倒計時,Reward in,Đếm Ngược Nhận,수령 남은 시간,Recompensa em,รางวัลใน
7080,sellCountDown,Sales in,售賣倒計時,Sales in,Đếm Ngược Bán,판매 남은 시간:,Vendas em,การขายใน
7081,attrDoubleAttack,ATK,雙攻,ATK,Song Công,공격,ATAQUE,การโจมตี
7082,craftMessageGotScroe,#L10##C0x5B545B# gets #C0xF76B45##L10#%s#C0x5B545B##L10# points,#L10##C0x5B545B#獲得#C0xF76B45##L10#%s#C0x5B545B##L10#積分,#L10##C0x5B545B# gets #C0xF76B45##L10#%s#C0x5B545B##L10# points,Nhận được #C0xF76B45#%s#C0x5B545B# điểm,#L10##C0x5B545B##C0xF76B45##L10#%s#C0x5B545B##L10#포인트 획득,#L10##C0x5B545B# ganha #C0xF76B45##L10#%s#C0x5B545B##L10# pontos,#L10##C0x5B545B# ได้รับคะแนน #C0xF76B45##L10#%s#C0x5B545B##L10#
7083,specialGiftBag,Sale,特惠禮包,Sale,Quà Ưu Đãi,특별 혜택 패키지,Oferta,ขาย
7084,nvalueText,Refreshment instructions,洗練說明,Refreshment instructions,Hướng Dẫn Tẩy Luyện,제련 설명,Instruções de refresco,คำแนะนำการรับประทานอาหารว่าง
7085,totalGot,You get in total,總計獲得,You get in total,Tổng cộng nhận được,누적 획득,Você ganha no total,คุณจะได้รับทั้งหมด
7086,unionFightRound,Match %s,第%s場,Match %s,Trận %s,%s라운드,Corresponder %s,แมทช์ %s
7087,unionFightTeam,%s team,%s隊,%s team,Đội %s,%s팀,%sapor,%sอน้ำ
7088,unionFightHpText,(HP %s),(剩餘 HP%s),(HP %s),(HP còn %s),(남은 HP %s),(HP %s),(แรงม้า %s)
7089,unionFightDead,(Defeat),(戰敗),(Defeat),(Chiến Bại),(패배),(Derrota),(ความพ่ายแพ้)
7090,unionFightTimeText,Starts after %s,%s後開始,Starts after %s,%s sau bắt đầu,%s 후 시작,Começa depois de %s,เริ่มหลังจาก %s
7091,unionFightBattleWinTip,"Match %s has ended, you've successfully entered the next match",第%s場結束，成功晉級下一場,"Match %s has ended, you've successfully entered the next match","Trận %s kết thúc, tăng cấp thành công trận tiếp theo","""%s라운드 종료, 다음 라운드 진출 성공""","A partida %s terminou, você entrou com sucesso na próxima partida",การแข่งขัน %s สิ้นสุดลงแล้ว คุณได้เข้าสู่การแข่งขันครั้งต่อไปเรียบร้อยแล้ว
7092,unionFightBattleLoseTip,All our teams have been defeated.,比賽結束，公會所有隊伍已被全部擊敗，無緣進入下一輪,All our teams have been defeated.,"Kết thúc thi đấu, tất cả đội ngũ Guild đã bị đánh bại, không có cơ hội vào vòng tiếp theo","""경기 종료, 길드의 모든 팀이 패배해 다음 라운드에 진출하지 못했습니다.""",Todos os nossos times foram derrotados.,ทีมของพวกเราพ่ายแพ้หมดแล้ว
7093,randomText,Random,隨機排序,Random,Thứ tự ngẫu nhiên,랜덤 순서,Aleatório,สุ่ม
7094,fightPointUp,C.P. ↑,戰力昇冪,C.P. ↑,POWER tăng dần,전투력 오름차순,PC ↑,ซีพี ↑
7095,fightPointDown,C.P. ↓,戰力降冪,C.P. ↓,POWER giảm dần,전투력 내림차순,PC ↓,ซีพี ↓
7096,fragDonateTime,On %d/%s %02d:%02d,在 %d 月 %s 日 %02d:%02d,On %d/%s %02d:%02d,Vào %d tháng %s ngày %02d:%02d,%d월 %s일 %02d:%02d,Em %s/%s %s2d:%s2d,บน %s/%s %s2d:%s2d
7097,enthusiastsRanGetPoints,When Helpful Points reaches %s you get:,熱心人點數達到 %s 時可獲得:,When Helpful Points reaches %s you get:,Điểm Nhiệt Tình đạt %s để nhận:,도움 점수 %s 도달 시 획득 가능:,Quando os Pontos Úteis atingirem %s você ganha:,เมื่อคะแนนช่วยเหลือถึง %s คุณจะได้รับ:
7098,getEnthusiastsRanAndPoints,"Gifted successfully, you gain %s Helpful Points and",贈送成功，獲得%s熱心人點數和,"Gifted successfully, you gain %s Helpful Points and","Tặng thành công, nhận %s điểm Nhiệt Tình và ","""선물 성공, %s 도움 점수 획득 및""","Dotado com sucesso, você ganha %s Pontos Úteis e",เมื่อส่งสำเร็จ คุณจะได้รับคะแนนช่วยเหลือ %s คะแนนและ
7099,fragDonateTimesNotEnough,"Insufficient no. of times, cannot send as gift!",次數不足，無法贈送,"Insufficient no. of times, cannot send as gift!","Lần không đủ, không thể tặng",횟수가 부족해 선물할 수 없습니다.,"Número de vezes insuficiente, não é possível enviar como presente!",จำนวนครั้งไม่เพียงพอ ไม่สามารถส่งเป็นของขวัญได้!
7100,fragDonateFragNotEnough,"Insufficuent shard, cannot send as gift!",碎片不足無法贈送,"Insufficuent shard, cannot send as gift!","Mảnh không đủ, không thể tặng",조각이 부족해 선물할 수 없습니다.,"Fragmento insuficiente, não é possível enviar como presente!",ชิ้นส่วนไม่เพียงพอ ไม่สามารถส่งเป็นของขวัญได้!
7101,pleaseComeBackTomorrow,"You've made a wish, please come back again tomorrow",您今日已經許願，請明日再來,"You've made a wish, please come back again tomorrow","Hôm nay đã cầu nguyện, vui lòng ngày mai quay lại",오늘은 이미 소원을 빌었습니다. 내일 다시 오세요.,"Você fez um pedido, por favor volte amanhã",คุณได้อธิษฐานแล้ว โปรดกลับมาใหม่พรุ่งนี้
7102,notRecod,No available records!,暫無記錄,No available records!,Không có ghi chép,기록 없음,Nenhum registro disponível!,ไม่มีบันทึกที่มีอยู่!
7103,firstRound,first round,第一輪,first round,Vòng 1,1라운드,primeira rodada,รอบแรก
7104,theSecondRound,Round 2,第二輪,Round 2,Vòng 2,2라운드,Rodada 2,รอบที่ 2
7105,thridRound,Round 3,第三輪,Round 3,Vòng 3,3라운드,Rodada 3,รอบที่ 3
7106,theFourthRoundOf,Round 4,第四輪,Round 4,Vòng 4,4라운드,Rodada 4,รอบที่ 4
7107,BattleLine,The Last Battle,最終戰,The Last Battle,Trận Cuối,최종 결전,A Última Batalha,การต่อสู้ครั้งสุดท้าย
7108,notDevelopFeel,You're unable to increase the Friendship level of the Pokémon!,無法培養該精靈的好感度,You're unable to increase the Friendship level of the Pokémon!,Không thể tăng độ thân thiết của Pokémon này.,해당 포켓몬의 호감도를 육성할 수 없습니다.,Você não consegue aumentar o nível de amizade do Pokémon!,คุณไม่สามารถเพิ่มระดับมิตรภาพของโปเกมอนได้!
7109,allRank,Overall ranking,總排行,Overall ranking,Tổng Xếp Hạng,총 순위,Classificação geral,อันดับโดยรวม
7110,positionSave,Lineup saved!,陣容保存成功,Lineup saved!,Đội hình đã được lưu thành công,라인업 저장 성공,Escalação salva!,บันทึกการจัดทีมแล้ว!
7111,emptyInfo,None,暫無,None,Không có,없음,Nenhum,ไม่มี
7112,shopTab1,Normal,基 礎,Normal,Cơ bản,기 본,Normal,ปกติ
7113,shopTab2,Event,活 動,Event,Sự kiện,이벤트,Evento,เหตุการณ์
7114,shopTab3,Reservation,預 留,Reservation,Đặc biệt,보 류,Reserva,การจอง
7115,unionFightFinalLose,Our last allied team was defeated and the enemy won,我方最後一支隊伍被擊敗，敵方獲勝,Our last allied team was defeated and the enemy won,"1 đội phe ta bị đánh bại, kẻ địch giành chiến thắng",아군의 마지막 팀이 패배해 적이 승리했습니다.,Nosso último time aliado foi derrotado e o inimigo venceu,ทีมพันธมิตรสุดท้ายของเราพ่ายแพ้และศัตรูได้รับชัยชนะ
7116,unionFightFinalWin,"All enemies are defeated, you won",擊敗全部敵人，我方獲勝,"All enemies are defeated, you won","Đánh bại toàn bộ địch, phe ta chiến thắng",모든 적을 쓰러트려 아군이 승리했습니다.,"Todos os inimigos foram derrotados, você venceu",ศัตรูทั้งหมดพ่ายแพ้ คุณชนะ
7117,unionFightOtherBattle,"All members of %s has been defeated, %s emerge victorious!",%s公會所有隊伍被擊敗，%s公會獲得了最終勝利！,"All members of %s has been defeated, %s emerge victorious!","%s tất cả đội Ngũ Guild bị đánh bại, %s Guild giành chiến thắng cuối cùng!",%s 길드의 모든 팀이 패배해 %s 길드가 최종 승리를 거두었습니다!,"Todos os membros de %s foram derrotados, %s emerge vitorioso!",สมาชิกทั้งหมดของ %s พ่ายแพ้แล้ว %s กลับกลายเป็นผู้ชนะ!
7118,unionFightCheckBattleAssign,Formation,檢視對戰佈置,Formation,Xem đội hình chiến đấu,대전 배치 보기,Formação,การก่อตัว
7119,inPrepare,Ready ...,戰備中...,Ready ...,Đang chuẩn bị...,준비 중...,Preparar ...,พร้อม ...
7120,inBattle,In battle...,對戰中...,In battle...,Đang chiến đấu...,대전 중...,Na batalha...,ในการต่อสู้...
7121,prepareTime,"Tournament in preparation, it starts after %s",比賽準備中，%s後開始,"Tournament in preparation, it starts after %s","Đang chuẩn bị thi đấu, bắt đầu sau %s","""경기 준비 중, %s 후 시작""","Torneio em preparação, começa depois de %s",การแข่งขันกำลังอยู่ในระหว่างเตรียมการ โดยจะเริ่มหลังจาก %s
7122,notStartBattle,"Battle has not started, unable to display battle stats",還沒有戰鬥，無法顯示戰報,"Battle has not started, unable to display battle stats","Chưa thi đấu, không thể hiển thị chiến báo",아직 전투가 없어 전투 보고를 볼 수 없습니다.,"A batalha não começou, não é possível exibir as estatísticas da batalha",การต่อสู้ยังไม่เริ่มต้น ไม่สามารถแสดงสถิติการต่อสู้ได้
7123,combatFinish,This round of battle is over and the lineup cannot be adjusted,本輪戰鬥已結束，無法調整陣容,This round of battle is over and the lineup cannot be adjusted,"Vòng đấu đã kết thúc, không thể điều chỉnh đội hình",이번 라운드가 이미 종료되었습니다. 라인업을 조정할 수 없습니다.,Esta rodada de batalha acabou e a escalação não pode ser ajustada,รอบนี้ศึกนี้จบลงแล้วและไม่สามารถปรับไลน์อัพได้
7124,unionUpcoming,"Guild War is starting soon, please look forward to it",公會戰即將開始，敬請期待,"Guild War is starting soon, please look forward to it","Guild Chiến sắp bắt đầu, vui lòng chờ",길드전이 곧 개방됩니다. 많은 기대 바랍니다.,"A Guerra de Guildas começará em breve, aguardem ansiosamente",Guild War กำลังจะเริ่มขึ้นเร็วๆ นี้ โปรดรอติดตามกันได้เลย
7125,battleNumberNo,"The line-up cannot be empty, unable to switch",陣容不能為空，無法更換,"The line-up cannot be empty, unable to switch","Đội hình không thể trống, không thể thay đổi",라인업은 비워둘 수 없습니다.,"A escalação não pode estar vazia, não é possível alternar",ไลน์อัพต้องไม่ว่าง ไม่สามารถสลับได้
7126,unionFightBattleWinner,"#C0xFFC742##L00100000##LOC0x63420A##LOS4#The tournament has ended, #C0xFF9228##L00100000##LOC0x63420A##LOS4#%s#C0xFFC742##L00100000##LOC0x63420A##LOS4# has won the final victory",#C0xFFC742##L00100000##LOC0x63420A##LOS4#比賽結束，玩家#C0xFF9228##L00100000##LOC0x63420A##LOS4#%s#C0xFFC742##L00100000##LOC0x63420A##LOS4#獲得了最終勝利,"#C0xFFC742##L00100000##LOC0x63420A##LOS4#The tournament has ended, #C0xFF9228##L00100000##LOC0x63420A##LOS4#%s#C0xFFC742##L00100000##LOC0x63420A##LOS4# has won the final victory","#C0xFFC742##L00100000##LOC0x63420A##LOS4# thi đấu kết thúc, người chơi #C0xFF9228##L00100000##LOC0x63420A##LOS4#%s#C0xFFC742##L00100000##LOC0x63420A##LOS4# giành chiến thắng cuối cùng!","""#C0xFFC742##L00100000##LOC0x63420A##LOS4#경기 종료, 유저 #C0xFF9228##L00100000##LOC0x63420A##LOS4#%s#C0xFFC742##L00100000##LOC0x63420A##LOS4# 님이 최종 승리를 거두었습니다.""","#C0xFFC742##L00100000##LOC0x63420A##LOS4#O torneio terminou, #C0xFF9228##L00100000##LOC0x63420A##LOS4#%s#C0xFFC742##L00100000##LOC0x63420A##LOS4# conquistou a vitória final",#C0xFFC742##L00100000##LOC0x63420A##LOS4#การแข่งขันสิ้นสุดลงแล้ว #C0xFF9228##L00100000##LOC0x63420A##LOS4#%s#C0xFFC742##L00100000##LOC0x63420A##LOS4# ได้รับชัยชนะครั้งสุดท้าย
7127,unionFightNotInFinal,Not eligible,未獲得參賽資格,Not eligible,Chưa đủ điều kiện tham gia,참가 자격을 획득하지 못했습니다.,Não elegível,ไม่มีสิทธิ์
7128,attrSprite,Type Pokémon,屬性精靈,Type Pokémon,Pokémon thuộc tính,속성 포켓몬,Tipo Pokémon,ประเภทโปเกมอน
7129,unionFightDaliyOver,"#C0xFFFCED#The tournament has ended, #C0xF1A732#%s#C0xFFFCED#'s #C0xFFDA48#%s#C0xFFFCED# has won the final victory! The next series is open for registration at %s#C0x6CE9FF#9:30#C0xFFFCED#",#C0xFFFCED#本輪比賽已結束，#C0xF1A732#%s#C0xFFFCED#的#C0xFFDA48#%s#C0xFFFCED#獲得了最終勝利，下一輪在%s#C0x6CE9FF#9:30#C0xFFFCED#開始報名,"#C0xFFFCED#The tournament has ended, #C0xF1A732#%s#C0xFFFCED#'s #C0xFFDA48#%s#C0xFFFCED# has won the final victory! The next series is open for registration at %s#C0x6CE9FF#9:30#C0xFFFCED#","#C0xFFFCED# Vòng đấu đã kết thúc, #C0xF1A732#%s#C0xFFFCED# #C0xFFDA48#%s#C0xFFFCED# giành chiến thắng cuối cùng, vòng tiếp theo bắt đầu đăng ký từ %s#C0x6CE9FF#9:30#C0xFFFCED#",#C0xFFFCED#이번 라운드 경기가 종료되었습니다. #C0xF1A732#%s#C0xFFFCED# 님의 #C0xFFDA48#%s#C0xFFFCED#의 최종 승리입니다. 다음 라운드는 %s #C0x6CE9FF#9:30#C0xFFFCED#에 신청이 시작됩니다.,"#C0xFFFCED#O torneio terminou, #C0xF1A732#%s#C0xFFFCED#",#C0xFFFCED#การแข่งขันสิ้นสุดลงแล้ว #C0xF1A732#%s#C0xFFFCED#
7130,starUnlockSkillDesc,[Unlocks at %s star]: %s,【%s星解鎖】：%s,[Unlocks at %s star]: %s,[%s Sao Mở Khoá]:%s,[%s성 개방]: %s,[Desbloqueia em %s estrela]: %s,[ปลดล็อคเมื่อครบ %s ดาว]: %s
7131,unionFightFinalBattleWinTip,"The tournament has ended, the next battle begins after %s",比賽已結束，下一輪對戰%s後開始,"The tournament has ended, the next battle begins after %s","Thi đấu đã kết thúc, vòng tiếp theo bắt đầu sau %s",경기가 종료되었습니다. 다음 라운드는 %s에 시작됩니다.,"O torneio terminou, a próxima batalha começa depois de %s",การแข่งขันสิ้นสุดลงแล้ว การต่อสู้ครั้งต่อไปจะเริ่มหลังจาก %s
7132,unionFightFinalBattleLoseTip,"The tournament has ended, it's a pity you're unable advance to the next match",比賽已結束，無緣晉級下一輪,"The tournament has ended, it's a pity you're unable advance to the next match","Thi đấu đã kết thúc, không thể vào vòng tiếp theo",경기가 종료되었습니다. 다음 라운드에 진출하지 못했습니다.,"O torneio acabou, é uma pena que você não possa avançar para a próxima partida",การแข่งขันได้สิ้นสุดลงแล้ว น่าเสียดายที่คุณไม่สามารถผ่านเข้าสู่การแข่งขันครั้งต่อไปได้
7133,objectInControl,The Pokémon has been controlled and unable to make any move,精靈處於控制狀態，無法釋放該技能,The Pokémon has been controlled and unable to make any move,Pokémon đang bị khống chế và không thể sử dụng chiêu đó.,포켓몬이 제어 상태이므로 해당 기술을 사용할 수 없습니다.,O Pokémon foi controlado e incapaz de fazer qualquer movimento,โปเกมอนถูกควบคุมและไม่สามารถเคลื่อนไหวได้
7134,combatStar,No available Battle Star,沒有可供使用的戰鬥之星,No available Battle Star,Không có Sao Chiến Đấu khả dụng,사용 가능한 배틀 스타가 없습니다.,Nenhuma estrela de batalha disponível,ไม่มี Battle Star ที่พร้อมใช้งาน
7135,useCombetStar,Has not reached the available time,未到可使用時間,Has not reached the available time,Chưa đến thời gian sử dụng,사용 시간이 되지 않았습니다.,Não atingiu o tempo disponível,ยังไม่ถึงเวลาที่มีอยู่
7136,union_bet,Unable to make a bet as it is not in the preparation period for the finals,未處於決戰準備時期，無法押註,Unable to make a bet as it is not in the preparation period for the finals,"Không trong thời gian chuẩn bị, không thể đặt cược",결전 준비 시간이 아니므로 베팅할 수 없습니다.,Não é possível fazer uma aposta porque não é o período de preparação para as finais,ไม่สามารถวางเดิมพันได้เนื่องจากไม่ได้อยู่ในช่วงเตรียมการชิงชนะเลิศ
7137,unionCombet,Union War,公會戰,Union War,Chiến Tranh Bang Hội,길드전,Guerra da União,สงครามสหภาพ
7138,unionBattleBegin,You cannot make any bets as the battle has started,對戰已開始，無法下註,You cannot make any bets as the battle has started,"Thi đấu đã bắt đầu, không thể đặt cược",대전이 이미 시작돼 베팅할 수 없습니다.,Você não pode fazer nenhuma aposta porque a batalha começou,คุณไม่สามารถวางเดิมพันใด ๆ ได้เนื่องจากการต่อสู้ได้เริ่มต้นแล้ว
7139,myTeamAllDie," All the allied teams have been knocked out, unable to check it",我方已無存活隊伍，無法檢視," All the allied teams have been knocked out, unable to check it","Phe ta không có đội ngũ, không thể xem",아군의 생존 팀이 없어 조회할 수 없습니다.,"Todas as equipes aliadas foram eliminadas, incapazes de verificar isso",ฝ่ายพันธมิตรทั้งหมดถูกน็อคเอาท์ ไม่สามารถตรวจสอบได้
7140,isFighttingNotShow,"In battle, unable to check",對戰中，無法檢視,"In battle, unable to check","Đang thi đấu, không thể xem",대전 중이므로 조회할 수 없습니다.,"Na batalha, incapaz de verificar",ในสนามรบไม่สามารถตรวจสอบได้
7141,cardsNotNum,Insufficient number of Pokémons to enter the battle,精靈不足無法上陣,Insufficient number of Pokémons to enter the battle,"Pokémon không đủ, không thể lên trận",포켓몬이 부족해 출전할 수 없습니다.,Número insuficiente de Pokémons para entrar na batalha,จำนวนโปเกมอนไม่เพียงพอที่จะเข้าสู่การต่อสู้
7142,unionFightBattleFinalWinner,"Tournament has ended, the allied team emerged victorious",比賽已結束，我方獲得最終勝利,"Tournament has ended, the allied team emerged victorious","Thi đấu kết thúc, phe ta giành chiến thắng cuối cùng",경기가 종료되었습니다. 아군이 최종 승리를 거두었습니다.,"O torneio terminou, a equipe aliada saiu vitoriosa",การแข่งขันสิ้นสุดลงแล้ว ทีมพันธมิตรเป็นฝ่ายได้รับชัยชนะ
7143,unionFightNoReplay,Please click the magnifying glass on the guild icon to view the battle report,請點擊公會圖示上的放大鏡檢視戰報,Please click the magnifying glass on the guild icon to view the battle report,Nhấn vào kính lúp trên biểu tượng bang hội để xem báo cáo trận đấu.,길드 아이콘의 확대경을 터치해 전투 보고를 확인하세요.,Clique na lupa no ícone da guilda para ver o relatório da batalha,กรุณาคลิกแว่นขยายบนไอคอนกิลด์เพื่อดูรายงานการต่อสู้
7144,weekday1,Monday,週一,Monday,Thứ hai,월요일,Segunda-feira,วันจันทร์
7145,weekday2,Tuesday,週二,Tuesday,Thứ ba,화요일,Terça-feira,วันอังคาร
7146,weekday3,Wednesday,週三,Wednesday,Thứ Tư,수요일,Quarta-feira,วันพุธ
7147,weekday4,Thursday,週四,Thursday,Thứ năm,목요일,Quinta-feira,วันพฤหัสบดี
7148,weekday5,Friday,週五,Friday,Thứ sáu,금요일,Sexta-feira,วันศุกร์
7149,weekday6,Saturday,週六,Saturday,Thứ Bảy,토요일,Sábado,วันเสาร์
7150,weekday7,Sunday,周日,Sunday,Chủ nhật,일요일,Domingo,วันอาทิตย์
7151,sortTipText,Confirm to arrange according to %s?,按照%s排序方式排序？,Confirm to arrange according to %s?,Sắp xếp them trình tự %s?,%s 순서에 따라 정렬하겠습니까?,Confirmar para organizar de acordo com %s?,ยืนยันการจัดเรียงตาม%sใช่ไหม?
7152,unionFightSortTitle,Quick sort,快速排序,Quick sort,Sắp xếp nhanh,빠른 정렬,Classificação rápida,การจัดเรียงอย่างรวดเร็ว
7153,upLevelNumber,Lv+%d,升%d級,Lv+%d,Lên cấp %d,%d레벨업,Lv+%s,Lv+%s
7154,cautionBoard,Reminder,溫馨提醒,Reminder,Nhắc nhở thân thiện,도움말,Lembrete,คำเตือน
7155,note1Content,note1 reserved,note1預留,note1 reserved,Ghi chú 1 được giữ lại,note1 예비,nota1 reservada,หมายเหตุ 1 สงวนไว้
7156,note2Content,note2 reserved,note2預留,note2 reserved,Ghi chú 2 được giữ lại,note2 예비,nota2 reservada,หมายเหตุ 2 สงวนไว้
7157,crossCraft,Global Indigo Plateau Conference,跨服石英大會,Global Indigo Plateau Conference,Indigo Plateau Conference Liên Server,글로벌 석영 대회,Conferência Global Indigo Plateau,การประชุมระดับโลก Indigo Plateau
7158,crossCraftFirstPrepare,Preparing for the first competition,首屆大賽籌備中,Preparing for the first competition,GIẢI ĐẤU ĐẦU TIÊN ĐANG CHUẨN BỊ,1차 대회 준비 중,Preparando-se para a primeira competição,การเตรียมตัวสำหรับการแข่งขันครั้งแรก
7159,crossCraftNotSignup,The number of elves is less than 12 and cannot be registered,精靈數量不足12只，無法報名,The number of elves is less than 12 and cannot be registered,"Số lượng Pokémon ít hơn 12, không thể đăng ký.",포켓몬 수량이 12마리 미만이므로 신청할 수 없습니다.,O número de elfos é menor que 12 e não pode ser registrado,จำนวนเอลฟ์มีน้อยกว่า 12 ตัวและไม่สามารถลงทะเบียนได้
7160,crossCraftEmbattleNotEnough,"There are not enough elves in the team, you need to enter 12 elves",隊伍精靈不足，需上陣12只精靈,"There are not enough elves in the team, you need to enter 12 elves","Số Pokémon trong đội chưa đủ, cần 12 Pokémon để ra trận.",팀의 포켓몬이 부족합니다. 12마리를 출전시켜야 합니다.,"Não há elfos suficientes na equipe, você precisa inserir 12 elfos",ในทีมมีเอลฟ์ไม่เพียงพอ คุณต้องป้อนเอลฟ์ 12 ตัว
7161,crossCraftNotRecord,"The game is in progress, you cannot review the previous period",比賽正在進行中，您無法回顧上期,"The game is in progress, you cannot review the previous period","Trận đấu đang diễn ra, bạn không thể xem lại lượt trước.","""경기 진행 중, 지난 경기를 볼 수 없습니다.""","O jogo está em andamento, você não pode rever o período anterior",เกมกำลังดำเนินอยู่ ไม่สามารถตรวจสอบช่วงก่อนหน้าได้
7162,crossCraftOverNotBet,The game is over and you can't bet,比賽已結束，無法押註,The game is over and you can't bet,"Trận đấu đã kết thúc, không thể đặt cược.",경기가 종료되어 베팅할 수 없습니다.,O jogo acabou e você não pode apostar,เกมจบแล้วและคุณไม่สามารถเดิมพันได้
7163,crossCraftNotBetTime,Betting time has passed,下註時間已過,Betting time has passed,Thời gian đặt cược đã hết.,베팅 시간이 이미 지났습니다.,O tempo das apostas já passou,เวลาแห่งการเดิมพันได้ผ่านไปแล้ว
7164,crossCraftBetTip,Please place your bets at #C0xF76B45##L10##F50#10:00#C0x5B545B##F40# on the second day of the match,請在本輪比賽結束後進行下注,Please place your bets at #C0xF76B45##L10##F50#10:00#C0x5B545B##F40# on the second day of the match,Vui lòng đặt cược sau khi vòng này kết thúc.,이번 라운드 경기 종료 후 베팅을 진행하세요.,"Por favor, faça suas apostas em #C0xF76B45##L10##F50#10:00#C0x5B545B##F40# no segundo dia da partida",กรุณาวางเดิมพันที่ #C0xF76B45##L10##F50#10:00#C0x5B545B##F40# ในวันที่สองของการแข่งขัน
7165,crossCraftWaitTop4,"The contestants have not been decided yet, please wait",尚未決出參賽者，請稍後,"The contestants have not been decided yet, please wait","Các thí sinh chưa được chọn, vui lòng chờ.",아직 참가자가 결정되지 않았습니다. 잠시 후 시도하세요.,"Os concorrentes ainda não foram decididos, aguarde",ผู้เข้าแข่งขันยังไม่ได้รับการตัดสินใจ กรุณารอสักครู่
7166,crossCraftMyTeam,My team,我的隊伍,My team,Đội ngũ của ta,나의 파티,Minha equipe,ทีมของฉัน
7167,crossCraftEmbattleBattleStart,The current game has started and the lineup has been restored to its original state,當前比賽已開始，陣容已恢復為初始狀態,The current game has started and the lineup has been restored to its original state,"Trận đấu đã bắt đầu, đội hình đã được khôi phục về trạng thái ban đầu.",현재 경기가 이미 시작되었습니다. 라인업이 초기 상태로 복원되었습니다.,O jogo atual começou e a escalação foi restaurada ao seu estado original,เกมปัจจุบันได้เริ่มขึ้นแล้วและผู้เล่นได้กลับสู่สถานะเดิมแล้ว
7168,crossCraftBattleCountdown,Countdown to the start:,開賽倒計時:,Countdown to the start:,Đếm ngược bắt đầu trận đấu:,시작 남은 시간:,Contagem regressiva para o início:,นับถอยหลังสู่การเริ่มต้น:
7169,embattleNotChange,The lineup has not changed,陣容未發生變動,The lineup has not changed,Đội hình không thay đổi.,라인업에 변화가 발생하지 않았습니다.,A escalação não mudou,ไลน์อัพยังคงไม่เปลี่ยนแปลง
7170,crossCraftEmbattleInBattle,The current sprite cannot be replaced,當前精靈無法替換,The current sprite cannot be replaced,Pokémon hiện tại không thể thay thế.,현재 포켓몬을 대체할 수 없습니다.,O sprite atual não pode ser substituído,สไปรท์ปัจจุบันไม่สามารถถูกแทนที่ได้
7171,oneKeySuccess,Auto formation successfully,一鍵上陣成功,Auto formation successfully,Thành công chiến đấu một nút bấm,일괄출전 성공,Autoformação com sucesso,การจัดตั้งอัตโนมัติสำเร็จ
7172,crossCraftOver,Cross-service quartz conference has ended,跨服石英大會已結束,Cross-service quartz conference has ended,Giải đấu Đá quý liên server đã kết thúc.,글로벌 석영 대회 종료,A conferência de quartzo entre serviços terminou,การประชุมควอตซ์ข้ามบริการสิ้นสุดลงแล้ว
7173,crossCraftEmbattleAutoSave,The lineup is about to be restored to the last saved state,陣容即將恢復為上一次保存狀態,The lineup is about to be restored to the last saved state,Đội hình sẽ khôi phục về trạng thái lưu cuối cùng.,라인업이 지난 저장 상태로 복원됩니다.,A programação está prestes a ser restaurada ao último estado salvo,ไลน์อัปกำลังจะถูกคืนค่าเป็นสถานะที่บันทึกไว้ล่าสุด
7174,crossCraftInBattle,In battle,戰鬥中,In battle,Trong trận chiến,전투 중,Na batalha,ในการต่อสู้
7175,crossCrafthalfTimeTip,"Games over, you got %s victories and %s defeats today, gaining %s points",今日比賽已結束 戰況：%s勝 %s負 積分 %s,"Games over, you got %s victories and %s defeats today, gaining %s points","Trận đấu hôm nay đã kết thúc. Kết quả: %s thắng, %s thua, %s điểm","""오늘 경기가 이미 종료되었습니다. 전투 현황: %s승 %s패, 포인트 %s""","Fim de jogo, você obteve %s vitórias e %s derrotas hoje, ganhando %s pontos",เกมจบลงแล้ว คุณได้รับชัยชนะ %s ครั้งและพ่ายแพ้ %s ครั้งในวันนี้ ได้รับคะแนน %s คะแนน
7176,crossCraftOutTip,You failed to make to the next round with %s victories and %s defeats,大賽已結束，您獲得了%s勝%s負，未能晉級下一輪,You failed to make to the next round with %s victories and %s defeats,"Giải đấu đã kết thúc. Bạn đã đạt được %s thắng và %s thua, và không thể tiến vào vòng tiếp theo.",경기가 종료되었습니다. %s승 %s패를 거두어 다음 라운드 진출에 실패했습니다.,Você não conseguiu passar para a próxima rodada com %s vitórias e %s derrotas,คุณล้มเหลวในการเข้าสู่รอบถัดไปโดยมีชัยชนะ %s ครั้งและพ่ายแพ้ %s ครั้ง
7177,halfUpBattle,Top half,上半賽區,Top half,CHIẾN KHU 1,상반 대회 구역,Metade superior,ครึ่งบน
7178,halfDownBattle,Bottom half,下半賽區,Bottom half,CHIẾN KHU 2,하반 대회 구역,Metade inferior,ครึ่งล่าง
7179,thirdBattle,Third match,季軍賽,Third match,Quý quân thi đấu,3·4위전,Terceira partida,นัดที่สาม
7180,champtionBattle,Championship,冠軍賽,Championship,Giải quán quân,결승전,Campeonato,แชมป์เปี้ยนชิพ
7181,bet,Bet,下註,Bet,Đặt cược,베팅,Aposta,เดิมพัน
7182,preBet,Guessing,預選競猜,Guessing,DỰ ĐOÁN VÒNG LOẠI,예선 베팅,Adivinhação,การเดา
7183,fourBet,Semi-finals Guessing,4強競猜,Semi-finals Guessing,DỰ ĐOÁN BÁN KẾT,4강 베팅,Adivinhação das semifinais,การทายผลรอบรองชนะเลิศ
7184,champtionBet,Champion Guessing,冠軍競猜,Champion Guessing,DỰ ĐOÁN VÔ ĐỊCH,우승 퀴즈,Adivinhação de campeão,การทายแชมป์เปี้ยน
7185,preBetTips,Bet on local top 3 of points,競猜本服積分前三選手,Bet on local top 3 of points,Đoán top 3 người chơi có điểm số cao nhất trên máy chủ,본 서버 포인트 상위 3위 선수 베팅,Aposte no top 3 local de pontos,เดิมพัน 3 แต้มสูงสุดในท้องถิ่น
7186,fourBetTips,Bet on 3 trainers to make to the semi-final,競猜三名進入4強選手,Bet on 3 trainers to make to the semi-final,Đoán xem ba người chơi nào sẽ vào top 4.,4강 진입 선수 3명 베팅,Aposte em 3 treinadores para chegar à semifinal,เดิมพัน 3 เทรนเนอร์ที่จะเข้าสู่รอบรองชนะเลิศ
7187,champtionBetTips,Bet on the trainer who wins the chanpionship,競猜比賽冠軍選手,Bet on the trainer who wins the chanpionship,Dự đoán người chơi vô địch,경기 우승 선수 베팅,Aposte no treinador que ganhará o campeonato,เดิมพันว่าเทรนเนอร์คนไหนจะชนะการแข่งขัน
7188,battleFirstDay,First day of the game,比賽首日,First day of the game,Ngày thi đấu đầu tiên,경기 1일 차,Primeiro dia de jogo,วันแรกของเกม
7189,battleSecondDay,Next day,比賽次日,Next day,Ngày sau trận đấu,경기 다음 날,No dia seguinte,วันถัดไป
7190,fourBetSameAsChampionTips,"The top four quiz cannot be repeated with the championship quiz, is it a bet?",四強競猜不可與冠軍競猜重複，是否下註？,"The top four quiz cannot be repeated with the championship quiz, is it a bet?",Cược bán kết không được trùng với cược vô địch. Bạn có muốn đặt cược không?,4강 베팅 대상은 우승자 베팅과 중복 선택할 수 없습니다. 베팅하겠습니까?,O quiz dos quatro primeiros não pode ser repetido com o quiz do campeonato. É uma aposta?,ควิซ 4 อันดับแรกไม่สามารถทำซ้ำกับควิซชิงแชมป์ได้ ถือเป็นการเดิมพันหรือไม่?
7191,betTimesUseUp,The number of bets has run out,下註次數已用完,The number of bets has run out,Số lần đặt cược đã hết.,베팅 횟수를 모두 사용했습니다.,O número de apostas acabou,จำนวนเดิมพันหมดลงแล้ว
7192,battleShowing,The game is being shown,比賽正在展示中,The game is being shown,Trận đấu đang được trình chiếu.,경기 표시 중입니다.,O jogo está sendo mostrado,เกมกำลังแสดงอยู่
7193,todayBattleOver,Today's game is over,今日比賽已結束,Today's game is over,Trận đấu hôm nay đã kết thúc.,오늘 경기가 종료되었습니다.,O jogo de hoje acabou,เกมวันนี้จบแล้ว
7194,crossCraftTurnAndIndex,Round%d Round%d,第%d輪 第%d場,Round%d Round%d,"Vòng %d, Trận %d",%d라운드 %d차전,Rodada%s Rodada%s,รอบ%s รอบ%s
7195,fourBetSameAsChampion,The top four quiz cannot duplicate the championship quiz,四強競猜不可與冠軍競猜重複,The top four quiz cannot duplicate the championship quiz,Dự đoán bán kết không được trùng với dự đoán vô địch.,4강 베팅 대상은 우승자 베팅과 중복 선택할 수 없습니다.,O quiz dos quatro primeiros não pode duplicar o quiz do campeonato,ควิซ 4 อันดับแรกไม่สามารถซ้ำกับควิซชิงแชมป์ได้
7196,freeToReceive,Free Claim,免費領取,Free Claim,Nhận Free,무료 수령,Resgate Grátis,รับฟรี
7197,directBuyGiftWeek,(Weekly limit purchase %d/%d),（每週限購%d/%d）,(Weekly limit purchase %d/%d),(Giới hạn mua hàng tuần %d/%d),(주간 한정 %d/%d),(Limite de compra semanal %s/%s),(จำกัดการซื้อรายสัปดาห์ %s/%s)
7198,directBuyGiftMonth,(Limited monthly purchase%d /%d),（每月限購%d/%d）,(Limited monthly purchase%d /%d),(Hạn mua hàng tháng %d/%d),(월간 한정 %d/%d),(Compra mensal limitada%s /%s),(ซื้อรายเดือนจำกัด%s /%s)
7199,combatStarNot,Does not own a battle star,未擁有戰鬥之星,Does not own a battle star,Không sở hữu Sao Chiến Đấu,보유 중인 배틀 스타가 없습니다.,Não possui uma estrela de batalha,ไม่ได้เป็นเจ้าของดาวรบ
7200,addtionSprite,Please select attribute wizard,請選擇屬性精靈,Please select attribute wizard,Chọn một Pokémon thuộc tính,타입 포켓몬을 선택하세요.,Selecione o assistente de atributos,กรุณาเลือกตัวช่วยสร้างคุณสมบัติ
7201,addtionAttr,Please select sprite attributes,請選擇精靈屬性,Please select sprite attributes,Chọn thuộc tính Pokémon,포켓몬 타입을 선택하세요.,Selecione os atributos do sprite,กรุณาเลือกคุณสมบัติของสไปรท์
7202,sureProp,#C0x5B545B#Do you want to select #C0xF76B45#%s#C0xF76B45#X%d#C0x5B545B# are your reward?,#C0x5B545B#選擇#C0xF76B45#%s#C0xF76B45#X%d#C0x5B545B#作為獎勵？,#C0x5B545B#Do you want to select #C0xF76B45#%s#C0xF76B45#X%d#C0x5B545B# are your reward?,Chọn #C0xF76B45#%s#C0xF76B45#X%d#C0x5B545B# làm phần thưởng?,#C0x5B545B##C0xF76B45#%s#C0xF76B45#X%d#C0x5B545B#개를 보상으로 선택하겠습니까?,#C0x5B545B#Você quer selecionar #C0xF76B45#%s#C0xF76B45#X%s#C0x5B545B# como sua recompensa?,#C0x5B545B#คุณต้องการเลือก #C0xF76B45#%s#C0xF76B45#X%s#C0x5B545B# เป็นรางวัลของคุณหรือไม่
7203,randomTowerCanJumpTips1,"#F50##C0x5b545b#Based on your previous performance and current level, you can crush all the way to the previous battle of level #C0x60C456#%s room %s#C0x5b545b#. Select [Through high-rise] to instantly proceed to level #C0x60C456#%s room %s#C0x5b545b#.",#F50##C0x5b545b#根據您之前的表現和當前等級，您可以碾壓直到#C0x60C456#%s層房間%s#C0x5b545b#之前的戰鬥，選擇【直通高層】可以快速到達#C0x60C456#%s層房間%s#C0x5b545b#。,"#F50##C0x5b545b#Based on your previous performance and current level, you can crush all the way to the previous battle of level #C0x60C456#%s room %s#C0x5b545b#. Select [Through high-rise] to instantly proceed to level #C0x60C456#%s room %s#C0x5b545b#.","Dựa trên thành tích trước đây và cấp độ hiện tại, bạn có thể nghiền nát các trận chiến cho đến phòng tầng %s %s. Chọn [Đi thẳng lên tầng cao] cho phép bạn nhanh chóng đến phòng tầng %s %s.",#F50##C0x5b545b#지난 결과와 현재 레벨에 따라 #C0x60C456#%s층 방 %s#C0x5b545b#의 전투까지 진압할 수 있습니다. [고층 직통] 선택 시 빠르게 #C0x60C456#%s층 방 %s#C0x5b545b#에 도달할 수 있습니다.,"#F50##C0x5b545b#Com base no seu desempenho anterior e nível atual, você pode esmagar todo o caminho até a batalha anterior do nível #C0x60C456#%s sala %s#C0x5b545b#. Selecione [Através de arranha-céus] para prosseguir instantaneamente para o nível #C0x60C456#%s sala %s#C0x5b545b#.",#F50##C0x5b545b# ขึ้นอยู่กับผลงานก่อนหน้าและเลเวลปัจจุบันของคุณ คุณสามารถบุกทะลวงไปจนถึงการต่อสู้ก่อนหน้าของห้อง %s#C0x60C456#%s ได้ เลือก [ผ่านตึกสูง] เพื่อไปยังห้อง %s#C0x5b545b# ของ #C0x60C456#%s ทันที
7204,randomTowerCanJumpTips2,"#F50##C0x5b545b#Based on your previous performance and current level, you can crush all the way to the previous battle of level #C0x60C456#%s room %s#C0x5b545b#.",#F50##C0x5b545b#根據您之前的表現和當前等級，您可以碾壓直到#C0x60C456#%s層房間%s#C0x5b545b#之前的戰鬥。,"#F50##C0x5b545b#Based on your previous performance and current level, you can crush all the way to the previous battle of level #C0x60C456#%s room %s#C0x5b545b#.","#F50##C0x5b545b#Dựa trên màn trình diễn trước đây và cấp độ hiện tại của bạn, bạn có thể nghiền nát các trận chiến cho đến #C0x60C456#phòng %s tầng%s#C0x5b545b#.",#F50##C0x5b545b#지난 결과와 현재 레벨에 따라 #C0x60C456#%s층 방 %s#C0x5b545b#의 전투까지 진압할 수 있습니다.,"#F50##C0x5b545b#Com base no seu desempenho anterior e nível atual, você pode avançar até a batalha anterior do nível #C0x60C456#%s sala %s#C0x5b545b#.",#F50##C0x5b545b#ขึ้นอยู่กับผลงานก่อนหน้าและเลเวลปัจจุบันของคุณ คุณสามารถบุกทะลวงไปจนถึงการต่อสู้ก่อนหน้าของห้องระดับ #C0x60C456#%s %s#C0x5b545b# ได้
7205,randomTowerCanJumpTips3,"#F50##C0x5b545b#Based on your previous performance and current level, you can select [Through high-rise] to instantly proceed to #C0x60C456#level %s room %s#C0x5b545b#.",#F50##C0x5b545b#根據您之前的表現和當前等級，您可以選擇【直通高層】可以快速到達#C0x60C456#%s層房間%s#C0x5b545b#。,"#F50##C0x5b545b#Based on your previous performance and current level, you can select [Through high-rise] to instantly proceed to #C0x60C456#level %s room %s#C0x5b545b#.","Dựa trên thành tích trước đây và cấp độ hiện tại, bạn có thể chọn tùy chọn 【Đi thẳng lên tầng cao】 để nhanh chóng đến phòng %s ở tầng %s#C0x5b545b#.",#F50##C0x5b545b#지난 결과와 현재 레벨에 따라 [고층 직통] 선택 시 빠르게 #C0x60C456#%s층 방 %s#C0x5b545b#에 도달할 수 있습니다.,"#F50##C0x5b545b#Com base no seu desempenho anterior e nível atual, você pode selecionar [Através de arranha-céus] para prosseguir instantaneamente para o #C0x60C456#nível %s sala %s#C0x5b545b#.",#F50##C0x5b545b#ตามประสิทธิภาพก่อนหน้าและระดับปัจจุบันของคุณ คุณสามารถเลือก [ผ่านตึกสูง] เพื่อดำเนินการต่อที่ #C0x60C456#level %s ห้อง %s#C0x5b545b# ทันที
7206,randomTowerJumpTips1,"#F50##C0x5b545b#Based on your level, you may proceed straight to level #C0x60C456#%s room%s",#F50##C0x5b545b#根據您之前的戰鬥表現和等級，本次直通高層最終到達了#C0x60C456#%s層房間%s,"#F50##C0x5b545b#Based on your level, you may proceed straight to level #C0x60C456#%s room%s","Dựa trên màn trình diễn chiến đấu và cấp độ trước đó của bạn, lần này bạn đã đến được tầng %s, phòng %s.",#F50##C0x5b545b#지난 결과와 현재 레벨에 따라 이번 고층 직통 시 #C0x60C456#%s층 방 %s에 도달할 수 있습니다.,"#F50##C0x5b545b#Com base no seu nível, você pode prosseguir direto para o nível #C0x60C456#%s sala%s",#F50##C0x5b545b#ขึ้นอยู่กับระดับของคุณ คุณสามารถดำเนินการตรงไปที่ห้องระดับ #C0x60C456#%s ได้เลย%s
7207,randomTowerJumpTips2,#F50##C0x5b545b#Crushed#C0x60C456#%s times#C0x5b545b# in battles and got a total of #Icity/adventure/random_tower/icon_jf.png-75-75#x%s (included all bonuses),#F50##C0x5b545b#碾壓了#C0x60C456#%s次#C0x5b545b#戰鬥，共獲得#Icity/adventure/random_tower/icon_jf.png-75-75#x%s（已計算所有加成）,#F50##C0x5b545b#Crushed#C0x60C456#%s times#C0x5b545b# in battles and got a total of #Icity/adventure/random_tower/icon_jf.png-75-75#x%s (included all bonuses),"#F50##C0x5b545b#Đã nghiền nát#C0x60C456#%s#C0x5b545b#trận đấu, tổng cộng thu được#Icity/adventure/random_tower/icon_jf.png-75-75#x%s (đã tính tất cả phần thưởng)","""#F50##C0x5b545b##C0x60C456#%s회 #C0x5b545b#전투를 진압, #Icity/adventure/random_tower/icon_jf.png-75-75#x%s 획득(모든 보너스 계산됨)""",#F50##C0x5b545b#Esmagou#C0x60C456#%s vezes#C0x5b545b# em batalhas e obteve um total de #Icity/adventure/random_tower/icon_jf.png-75-75#x%s (incluindo todos os bônus),#F50##C0x5b545b#Crushed#C0x60C456#%s ครั้ง#C0x5b545b# ในการต่อสู้และได้รับทั้งหมด #Icity/adventure/random_tower/icon_jf.png-75-75#x%s (รวมโบนัสทั้งหมด)
7208,randomTowerJumpTips3,#F50##C0x5b545b#gets #C0x60C456#%s times#C0x5b545b# bonuses and triggered #C0x60C456#%s#C0x5b545b# events,#F50##C0x5b545b#獲得了#C0x60C456#%s次#C0x5b545b#加成，觸發了#C0x60C456#%s個#C0x5b545b#事件,#F50##C0x5b545b#gets #C0x60C456#%s times#C0x5b545b# bonuses and triggered #C0x60C456#%s#C0x5b545b# events,"Nhận được %s lần tăng sức mạnh, kích hoạt %s sự kiện",#F50##C0x5b545b##C0x60C456#%s회 #C0x5b545b#보너스를 획득해 #C0x60C456#%s개의 #C0x5b545b#사건 발생,#F50##C0x5b545b#recebe #C0x60C456#%s vezes#C0x5b545b# bônus e aciona #C0x60C456#%s#C0x5b545b# eventos,#F50##C0x5b545b# รับโบนัส #C0x60C456#%s ครั้ง#C0x5b545b# และเรียกใช้เหตุการณ์ #C0x60C456#%s#C0x5b545b#
7209,randomTowerJumpTips4,#F50##C0x5b545b# opens #C0x60C456#%s #C0x5b545b#chests and #C0x60C456# %s #C0x5b545b# deluxe chests,#F50##C0x5b545b#打開了#C0x60C456#%s個#C0x5b545b#寶箱和#C0x60C456#%s個#C0x5b545b#豪華寶箱,#F50##C0x5b545b# opens #C0x60C456#%s #C0x5b545b#chests and #C0x60C456# %s #C0x5b545b# deluxe chests,Mở #C0x60C456#%s#C0x5b545b# Rương và #C0x60C456#%s#C0x5b545b# Rương sang trọng,#F50##C0x5b545b##C0x60C456#%s개#C0x5b545b#의 보물상자와 #C0x60C456#%s개#C0x5b545b#의 호화 보물상자 개방,#F50##C0x5b545b# abre #C0x60C456#%s #C0x5b545b#baús e #C0x60C456# %s #C0x5b545b# baús deluxe,#F50##C0x5b545b# เปิดหีบ #C0x60C456#%s #C0x5b545b# และหีบดีลักซ์ #C0x60C456# %s #C0x5b545b#
7210,randomTowerJumpNextTips1,"There are treasure chests to open, give up the opportunity to go directly to the next step?",還有寶箱可開啟，放棄開啟機會直接進入下一步？,"There are treasure chests to open, give up the opportunity to go directly to the next step?",Còn rương để mở. Bỏ qua cơ hội mở rương và tiếp tục bước tiếp theo?,아직 열 수 있는 보물상자가 있습니다. 포기하고 진행하겠습니까?,"Há baús de tesouro para abrir, desistir da oportunidade de ir diretamente para o próximo passo?",มีหีบสมบัติให้เปิดเพื่อเปิดโอกาสให้ไปสู่ขั้นตอนถัดไปโดยตรงใช่ไหม?
7211,randomTowerJumpNextTips2,"There is also a bonus to choose, choose randomly and go to the next step?",還有加成可選擇，隨機選擇並進入下一 步？,"There is also a bonus to choose, choose randomly and go to the next step?",Có thêm phần thưởng để lựa chọn. Chọn ngẫu nhiên và tiếp tục bước tiếp theo?,아직 선택할 수 있는 보너스가 있습니다. 랜덤으로 선택하고 진행하겠습니까?,"Há também um bônus para escolher, escolher aleatoriamente e ir para a próxima etapa?",มีโบนัสให้เลือกเลือกแบบสุ่มแล้วไปขั้นถัดไปด้วยนะ?
7212,randomTowerJumpNextTips3,"There are unviewed events, ignore and go to the next step?",還有未檢視的事件，忽略並進入下一步？,"There are unviewed events, ignore and go to the next step?",Có các sự kiện chưa xem. Bỏ qua và tiếp tục?,아직 확인하지 않은 사건이 있습니다. 무시하고 진행하겠습니까?,"Existem eventos não visualizados, ignorar e ir para a próxima etapa?",มีกิจกรรมที่ยังไม่ได้ดู ให้ละเว้นและไปที่ขั้นตอนถัดไป?
7213,randomTowerJumpBuffTips,"#F40##C0x5b545b#You are now at floor %s room %s. After selection, you will automatically enter the next bonus room. (Now at #C0x60C456#%s/%s#C0x5b545b#)",#F40##C0x5b545b#當前第%s層房間%s，選擇後自動進入下一個加成房間（當前#C0x60C456#%s/%s#C0x5b545b#個）,"#F40##C0x5b545b#You are now at floor %s room %s. After selection, you will automatically enter the next bonus room. (Now at #C0x60C456#%s/%s#C0x5b545b#)",#F40##C0x5b545b#Hiện đang ở phòng %s của tầng %s. Chọn phòng này sẽ tự động chuyển đến phòng tăng cường tiếp theo (#C0x60C456#%s/%s#C0x5b545b#).,#F40##C0x5b545b#현재 %s층 방 %s에 있습니다. 선택 시 자동으로 다음 보너스 방에 진입합니다(현재 #C0x60C456#%s/%s#C0x5b545b#개).,"#F40##C0x5b545b#Você está agora no andar %s, sala %s. Após a seleção, você entrará automaticamente na próxima sala bônus. (Agora em #C0x60C456#%s/%s#C0x5b545b#)",#F40##C0x5b545b#ตอนนี้คุณอยู่ที่ชั้น %s ห้อง %s หลังจากเลือกแล้ว คุณจะเข้าสู่ห้องโบนัสถัดไปโดยอัตโนมัติ (ตอนนี้อยู่ที่ #C0x60C456#%s/%s#C0x5b545b#)
7214,randomTowerJumpBUff1,Stats boost,屬性加成,Stats boost,Thuộc tính tăng thêm,타입 보너스,Aumento de estatísticas,เพิ่มสถิติ
7215,randomTowerJumpBUff2,Combat supplies,戰鬥補給,Combat supplies,Vật phẩm chiến đấu,전투 보급,Suprimentos de combate,อุปกรณ์การรบ
7216,randomTowerJumpBUff3,Point buff,積分加成,Point buff,Điểm tích lũy tăng thêm,포인트 보너스,Buff de pontos,บัฟจุด
7217,randomTowerJumpBUff4,Battle buff,戰鬥加成,Battle buff,Chiến đấu tăng thêm,전투 보너스,Buff de batalha,บัฟการต่อสู้
7218,openBoxesTimes,Open%s times,開%s次,Open%s times,Kích hoạt %s lần,%s회 열기,Aberto%s vezes,เวลาเปิด%s
7219,randomTowerFloorAndRoom,Room%s on floor%s,第%s層房間%s,Room%s on floor%s,Phòng %s ở tầng %s,%s층 방 %s,Quarto%s no andar%s,ห้องบนชั้น%s
7220,cantChangeBoss,Guild cannot be transferred within 24 hours of creation,公會創建24小時內無法轉讓,Guild cannot be transferred within 24 hours of creation,Không thể chuyển nhượng bang hội trong vòng 24 giờ sau khi tạo.,길드 창설 24시간 내에는 양도할 수 없습니다.,A guilda não pode ser transferida dentro de 24 horas após a criação,ไม่สามารถโอนกิลด์ได้ภายใน 24 ชั่วโมงหลังจากสร้าง
7221,unionMailUnlockLv,Only when the trainer level reaches%s can receive guild mails,訓練家等級到達%s才能發送公會郵件,Only when the trainer level reaches%s can receive guild mails,Cấp độ huấn luyện viên đạt %s mới có thể gửi thư hội,트레이너 레벨 %s 도달 후 길드 우편을 보낼 수 있습니다.,Somente quando o nível do treinador atingir %s é que ele poderá receber e-mails da guilda,เมื่อระดับเทรนเนอร์ถึง %s เท่านั้นจึงจะรับจดหมายจากกิลด์ได้
7222,randomTowerJumpBoxesCount,The following%s treasure chests can be opened additionally:,以下%s個寶箱可額外開啟：,The following%s treasure chests can be opened additionally:,Có thể mở thêm %s rương sau đây:,다음 보물상자 %s개를 추가로 개방할 수 있습니다.,Os seguintes baús de tesouro podem ser abertos adicionalmente:,นอกจากนี้ ยังสามารถเปิดหีบสมบัติต่อไปนี้ได้:
7223,delete,Delete chat,刪除聊天,Delete chat,Xóa trò chuyện,채팅 삭제,Excluir bate-papo,ลบแชท
7224,presenterCard,#C0x5B545B#Do you want to gift #C0xF76B45#%s#C0xF76B45##C0x5B545B# shards to the other party?,#C0x5B545B#確定贈送#C0xF76B45#%s#C0xF76B45##C0x5B545B#碎片給對方？,#C0x5B545B#Do you want to gift #C0xF76B45#%s#C0xF76B45##C0x5B545B# shards to the other party?,Xác nhận gửi #C0xF76B45#%s#C0xF76B45##C0x5B545B# Mảnh ghép cho người chơi khác?,#C0x5B545B#정말 #C0xF76B45#%s#C0xF76B45##C0x5B545B# 조각을 상대방에게 선물하겠습니까?,#C0x5B545B#Você quer presentear #C0xF76B45#%s#C0xF76B45##C0x5B545B# fragmentos para a outra parte?,#C0x5B545B#คุณต้องการมอบชิ้นส่วน #C0xF76B45#%s#C0xF76B45##C0x5B545B# ให้กับอีกฝ่ายหรือไม่?
7225,moreStarTips,This wizard series already has stars that have risen in the backpack. Will the stars continue to rise?,該精靈系列在背包內已有升星過的精靈，是否繼續升星？,This wizard series already has stars that have risen in the backpack. Will the stars continue to rise?,Bạn đã có Pokémon thuộc dòng này đã được nâng cấp sao trong túi đồ. Bạn có muốn tiếp tục nâng cấp không?,해당 포켓몬 계열은 가방 내에 승급한 포켓몬이 있습니다. 계속 승급하겠습니까?,Esta série de bruxos já tem estrelas que subiram na mochila. As estrelas continuarão a subir?,ซีรีส์พ่อมดเรื่องนี้มีดาราที่ขึ้นปกแล้ว ดาราเหล่านั้นจะขึ้นปกต่อไปหรือไม่
7226,roundNumber,Round%d,第%d輪,Round%d,Vòng %d,%d라운드,Rodada%s,รอบ%s
7227,alreadyMax,Limit reached,已達上限,Limit reached,Đã đạt giới hạn,최대한,Limite atingido,ถึงขีดจำกัดแล้ว
7228,randomTowerCheckEmbattleLevel,There are less than level 10 elves in the lineup that have been automatically dismissed,陣容中有不足10級的精靈已自動下陣,There are less than level 10 elves in the lineup that have been automatically dismissed,Pokémon dưới cấp 10 đã được tự động loại bỏ khỏi đội.,라인업 내 10레벨의 포켓몬이 부족해 자동으로 해제되었습니다.,Há menos de elfos de nível 10 na escalação que foram automaticamente dispensados,มีเอลฟ์ที่เลเวลต่ำกว่า 10 ในกลุ่มที่ถูกไล่ออกโดยอัตโนมัติ
7229,gemTitle,Runestone,符石,Runestone,Đá Rune,룬스톤,Pedra Rúnica,รูนสโตน
7230,strengthenWhenlvN,(Increase to Lv.%d),(強化至Lv.%d時提升),(Increase to Lv.%d),(Tăng cường ở Lv.%d),(Lv.%d시 증가),(Aumentar para Lv.%s),(เพิ่มเป็น Lv.%s)
7231,nvalueAllLocked,All individual value items are locked,已鎖定所有個體值項,All individual value items are locked,Tất cả các chỉ số cá thể đã được khóa.,이미 모든 개체값 항목을 잠갔습니다.,Todos os itens de valor individual estão bloqueados,รายการมูลค่าแต่ละรายการถูกล็อค
7232,nvalueAllLockedTip,"All individual values ??have been locked, will you continue to unlock them?",已鎖定所有個體值，是否繼續解鎖?,"All individual values ??have been locked, will you continue to unlock them?",Tất cả các chỉ số cá thể đã bị khóa. Bạn có muốn tiếp tục mở khóa không?,이미 모든 개체값을 잠갔습니다. 계속 개방하겠습니까?,Todos os valores individuais foram bloqueados. Vocês continuarão a desbloqueá-los?,ค่าแต่ละรายการถูกล็อคไว้แล้ว คุณจะทำการปลดล็อคต่อไปหรือไม่?
7233,sameGemID,Runestones of the same type and number cannot be inlaid multiple,同一類型相同編號的符石無法鑲嵌多個,Runestones of the same type and number cannot be inlaid multiple,Không thể gắn nhiều mảnh ghép cùng loại và cùng số hiệu.,동일 유형의 같은 번호 룬스톤은 여러 개 장착할 수 없습니다.,Pedras rúnicas do mesmo tipo e número não podem ser incrustadas várias vezes,รูนสโตนประเภทและหมายเลขเดียวกันไม่สามารถฝังหลายอันได้
7234,drawGemTitle,Rune extraction,符石抽取,Rune extraction,Triệu hồi mảnh ghép,룬스톤 뽑기,Extração de runas,การสกัดรูน
7235,numSuit,%d resonance,%d件共鳴,%d resonance,%d Mảnh cộng hưởng,%d개 공명,%s ressonância,%s เสียงสะท้อน
7236,resolve,#C0xF76B45#Runestone of Epic superior#C0x5B545B# selected. Do you want to proceed with decomposing it?,#C0x5B545B#已選擇#C0xF76B45#紫色或者紫色以上品質符石#C0x5B545B#，是否繼續分解？,#C0xF76B45#Runestone of Epic superior#C0x5B545B# selected. Do you want to proceed with decomposing it?,Đã chọn #C0xF76B45#ngọc tím hoặc chất lượng tím trở lên#C0x5B545B#. Tiếp tục phân rã?,#C0x5B545B#이미 #C0xF76B45#보라색 이상 등급의 룬스톤을 선택했습니다#C0x5B545B#. 정말 분해하겠습니까?,#C0xF76B45#Runestone of Epic superior#C0x5B545B# selecionado. Você quer prosseguir com a decomposição?,#C0xF76B45#Runestone of Epic superior#C0x5B545B# ถูกเลือกแล้ว คุณต้องการดำเนินการย่อยสลายมันหรือไม่
7237,decomposed,Disassembled,已自動分解,Disassembled,Đã tự động tháo rời,자동 분해됨,Desmontado,ถอดประกอบ
7238,gemDrawLimit,Today the number of rune extractions has reached the upper limit,今日符石抽取次數已達上限,Today the number of rune extractions has reached the upper limit,Bạn đã đạt đến giới hạn số lần rút đá Rune trong ngày.,오늘의 룬스톤 뽑기 횟수가 한도에 도달했습니다!,Hoje o número de extrações de runas atingiu o limite superior,วันนี้จำนวนการสกัดรูนได้ทะลุขีดจำกัดสูงสุดแล้ว
7239,gemDrawLimit10,There are less than 10 rune extractions today,今日符石抽取次數不足10次,There are less than 10 rune extractions today,Số lần rút đá quý hôm nay chưa đủ 10.,오늘의 룬스톤 뽑기 횟수가 10회보다 부족합니다.,Existem menos de 10 extrações de runas hoje,วันนี้มีการสกัดรูนน้อยกว่า 10 อัน
7240,inlay,mosaic,鑲嵌,mosaic,Khảm,장착,mosaico,โมเสก
7241,discharge,Remove,卸下,Remove,Tháo bỏ,해제,Remover,ลบ
7242,suitNum,?%d set,%d件套,?%d set,Bộ %d mảnh,%d개 세트,?%s conjunto,?%s ชุด
7243,indexNumEffect,Points %d:,指數%d：,Points %d:,Chỉ số %d:,지수 %d:,Pontos %s:,คะแนน %s:
7244,basicAttribute,Basic attributes,基礎屬性,Basic attributes,Thuộc tính cơ sở,기초 타입,Atributos básicos,คุณสมบัติพื้นฐาน
7245,openLv,Lv%d open,Lv%d開啟,Lv%d open,Lv%d được kích hoạt,Lv%d 개방,Nível aberto,Lv%s เปิด
7246,exchange2,change,更換,change,Thay đổi,변경,mudar,เปลี่ยน
7247,exchange2Success,Changed successfully,更換成功,Changed successfully,Thay thế thành công,변경 성공,Alterado com sucesso,เปลี่ยนแปลงสำเร็จแล้ว
7248,inlaySuccess,Mosaic success,鑲嵌成功,Mosaic success,Khảm nạm thành công,장착 성공,Sucesso do Mosaico,ความสำเร็จของงานโมเสก
7249,dischargeSuccess,Successfully removed,卸下成功,Successfully removed,Gỡ bỏ thành công,해제 성공,Removido com sucesso,ถอดออกสำเร็จแล้ว
7250,decomposeSuccess,Successful decomposition,分解成功,Successful decomposition,Phân hủy thành công,분해 성공,Decomposição bem-sucedida,การสลายตัวสำเร็จ
7251,openAdvance,Break through%s,突破%s開啟,Break through%s,Khởi động đột phá %s,%s 돌파 시 개방,Romper%s,ทะลุทะลวง%s
7252,spaceExchange2,Change,更 換,Change,Thay đổi,교 환,Mudar,เปลี่ยน
7253,spaceInlay,Inlay,鑲 嵌,Inlay,Khảm,장 착,Incrustação,อินเลย์
7254,onekeyStrengthen,Fast enhance,一鍵強化,Fast enhance,Một khóa cường hóa,일괄강화,Melhoria rápida,เพิ่มประสิทธิภาพอย่างรวดเร็ว
7255,onekeyInlay,Mosaic all,一鍵鑲嵌,Mosaic all,Khảm một chạm,일괄삽입,Mosaico tudo,โมเสกทั้งหมด
7256,onekeyDischarge,Removal all,一鍵卸下,Removal all,Tháo gỡ bằng một nút,일괄해제,Remoção de tudo,ถอดออกทั้งหมด
7260,typeFilter,Type selection,種類篩選,Type selection,Bộ lọc loại,종류 필터,Seleção de tipo,การเลือกประเภท
7264,todayDrawCount,%s has been drawn today,今日%s已抽取,%s has been drawn today,Đã rút được %s hôm nay,오늘 %s 뽑기 완료,%s foi desenhado hoje,%s ถูกวาดในวันนี้
7267,gemRebirth,Runestone Rebirth,符石重生,Runestone Rebirth,Sự tái sinh của mảnh vỡ,룬스톤 부활,Renascimento da Pedra Rúnica,รูนสโตน รีเบิร์ธ
7268,selectGem,Please select Runestone,請選擇符石,Please select Runestone,Chọn Rune của bạn,룬스톤을 선택하세요.,Selecione Runestone,กรุณาเลือกรูนสโตน
7269,emboitement,set,件套,set,Bộ,개 세트,definir,ชุด
7270,resonanceAttr,Resonance bonus,共鳴加成,Resonance bonus,Tăng cường cộng hưởng,공명 보너스,Bônus de ressonância,โบนัสเรโซแนนซ์
7271,indexAttr,Index bonus,指數加成,Index bonus,Tăng cường theo cấp số mũ,지수 보너스,Bônus de índice,โบนัสดัชนี
7272,gemNestNotArrt1,"There are no runes in the mosaic, the mosaic attribute is empty",沒有鑲嵌中的符石，鑲嵌屬性為空,"There are no runes in the mosaic, the mosaic attribute is empty",Không có mảnh ghép nào được gắn; thuộc tính gắn kết trống.,장착한 룬스톤이 없어 장착 속성이 비어 있습니다.,"Não há runas no mosaico, o atributo do mosaico está vazio",ไม่มีรูนในโมเสก คุณลักษณะโมเสกว่างเปล่า
7273,gemNestNotArrt2,"There is no active resonance effect, the resonance attribute is empty",沒有啟動的共鳴效果，共鳴屬性為空,"There is no active resonance effect, the resonance attribute is empty","Không có hiệu ứng cộng hưởng nào được kích hoạt, thuộc tính cộng hưởng trống.",활성화한 공명 효과가 없어 공명 속성이 비어 있습니다.,"Não há efeito de ressonância ativo, o atributo de ressonância está vazio",ไม่มีเอฟเฟกต์เรโซแนนซ์ที่ใช้งานอยู่ คุณสมบัติเรโซแนนซ์จะว่างเปล่า
7274,gemNestNotArrt3,"There is no activated Runestone index effect, the index attribute is empty",沒有啟動的符石指數效果，指數屬性為空,"There is no activated Runestone index effect, the index attribute is empty","Không có hiệu ứng chỉ số Rune được kích hoạt, thuộc tính chỉ số trống",활성화한 룬스톤 지수 효과가 없어 지수 속성이 비어 있습니다.,"Não há efeito de índice de Runa ativado, o atributo de índice está vazio",ไม่มีเอฟเฟกต์ดัชนี Runestone ที่เปิดใช้งาน คุณสมบัติดัชนีจะว่างเปล่า
7275,noEquippedGem,There are no runes in the mosaic,沒有鑲嵌狀中的符石,There are no runes in the mosaic,Không có Mảnh ghép nào được khảm vào.,장착 상태의 룬스톤이 없습니다.,Não há runas no mosaico,ไม่มีรูนในโมเสก
7276,noGemTip,No runes in the backpack,背包內沒有符石,No runes in the backpack,Không có mảnh ghép nào trong túi của bạn.,가방에 룬스톤이 없습니다.,Nenhuma runa na mochila,ไม่มีรูนในกระเป๋าเป้
7277,attrIndexPoint,Rune Points,符石指數,Rune Points,Chỉ số Mảnh ghép,룬스톤 지수,Pontos de Runa,คะแนนรูน
7278,gemSuit1,Punch,強擊,Punch,Đòn tấn công mạnh,강격,Soco,ต่อย
7279,gemSuit2,Deadly,致命,Deadly,Chết người,치명,Mortal,อันตรายถึงชีวิต
7280,gemSuit3,Warlike,好戰,Warlike,Thích chiến đấu,전투광,Guerreiro,ชอบสงคราม
7281,gemSuit4,Defend,守禦,Defend,Phòng thủ,방어,Defender,ปกป้อง
7282,gemSuit5,Shield,盾甲,Shield,Khiên,실드,Escudo,โล่
7283,gemSuit6,King Kong,金剛,King Kong,Kim Cương,금강,Rei Kong,คิงคอง
7284,gemSuit7,Shelter,庇護,Shelter,Nơi trú ẩn,비호,Abrigo,ที่หลบภัย
7285,gemSuit8,Shine,閃耀,Shine,Tỏa sáng,반짝임,Brilhar,ส่องแสง
7286,gemSuit9,Counter,反制,Counter,Đòn phản công,반격,Contador,เคาน์เตอร์
7287,cardChange,Elf redemption,精靈兌換,Elf redemption,Trao đổi Pokémon,포켓몬 교환,Redenção dos elfos,การไถ่บาปของเอลฟ์
7288,fragChange,Shards Exchange,碎片兌換,Shards Exchange,Trao đổi mảnh ghép,조각 교환,Troca de Fragmentos,การแลกเปลี่ยนเศษชิ้นส่วน
7289,starSkill,Limit point,極限點,Limit point,Điểm Giới Hạn,극한 포인트,Ponto limite,จุดจำกัด
7290,starSkillCardChangeTips,#C0x5B545B#Each %s #C0x5B545B#can exchange for #C0x60C456#%s#C0x5B545B# limit points,#C0x5B545B#每個%s#C0x5B545B#可兌換#C0x60C456#%s#C0x5B545B#極限點,#C0x5B545B#Each %s #C0x5B545B#can exchange for #C0x60C456#%s#C0x5B545B# limit points,#C0x5B545B#Mỗi %s#C0x5B545B#có thể đổi lấy #C0x60C456#%s#C0x5B545B#Điểm Giới Hạn,#C0x5B545B#%s#C0x5B545B# 1개마다 #C0x60C456#%s#C0x5B545B#극한 포인트 교환 가능,#C0x5B545B#Cada %s #C0x5B545B#pode trocar por #C0x60C456#%s#C0x5B545B# pontos limite,#C0x5B545B#แต่ละ %s #C0x5B545B# สามารถแลกเปลี่ยนเป็นคะแนนจำกัด #C0x60C456#%s#C0x5B545B#
7291,starSkillFragChangeTips,#C0x5B545B#Every #C0x60C456#%s#C0x5B545B# shards can be used to exchange for #C0x60C456#1#C0x5B545B#limit points,#C0x5B545B#每#C0x60C456#%s#C0x5B545B#個碎片可兌換#C0x60C456#1#C0x5B545B#極限點,#C0x5B545B#Every #C0x60C456#%s#C0x5B545B# shards can be used to exchange for #C0x60C456#1#C0x5B545B#limit points,Mỗi mảnh vỡ có thể đổi được 1 Điểm giới hạn,#C0x5B545B#조각 #C0x60C456#%s#C0x5B545B#개마다 #C0x60C456#1#C0x5B545B#극한 포인트 교환 가능,#C0x5B545B#Cada #C0x60C456#%s#C0x5B545B# fragmento pode ser usado para trocar por #C0x60C456#1#C0x5B545B#pontos limite,#C0x5B545B#เศษชิ้นส่วน #C0x60C456#%s#C0x5B545B# ทุกชิ้นสามารถใช้เพื่อแลกเปลี่ยนเป็นคะแนนจำกัด #C0x60C456#1#C0x5B545B#
7292,exchangeSuccess,Exchange successfully,兌換成功,Exchange successfully,Đổi thành công,교환 성공,Troca realizada com sucesso,แลกเปลี่ยนสำเร็จ
7293,starSkillMaxTips,Cultivated to the upper limit,已培養至上限,Cultivated to the upper limit,Đã được huấn luyện đến mức tối đa,이미 한도까지 육성했습니다.,Cultivado até o limite superior,ปลูกจนเกินขีดจำกัด
7294,haveNotUpStarSkill,Untrained extreme attributes,沒有培養過的極限屬性,Untrained extreme attributes,Thuộc tính Hạn chế Chưa Huấn Luyện,육성한 극한 속성이 없습니다.,Atributos extremos não treinados,คุณสมบัติสุดขั้วที่ไม่ได้รับการฝึกฝน
7295,starSkillResetTips,#C0x5B545B#Do you confirm to consume %d#Icommon/icon/icon_diamond.png-56-56# to reset %s&apos;s Extreme Stats?,"#C0x5B545B#即將消耗%d#Icommon/icon/icon_diamond.png-56-56#,重置已培養過的%s",#C0x5B545B#Do you confirm to consume %d#Icommon/icon/icon_diamond.png-56-56# to reset %s&apos;s Extreme Stats?,Xác nhận sử dụng %d #Icommon/icon/icon_diamond.png-56-56# để đặt lại thuộc tính cực hạn của %s?,#C0x5B545B#%d#Icommon/icon/icon_diamond.png-56-56#를 소모해 %s의 극한 속성을 초기화하시겠습니까?,#C0x5B545B#Você confirma que deseja consumir %s#Icommon/icon/icon_diamond.png-56-56# para redefinir as estatísticas extremas de %s?,#C0x5B545B#คุณยืนยันที่จะใช้ %s#Icommon/icon/icon_diamond.png-56-56# เพื่อรีเซ็ตค่า Extreme Stats ของ %s หรือไม่
7296,starSkillExchange,Exchange,兌換,Exchange,Trao đổi,교환,Intercâmbio,แลกเปลี่ยน
7297,gemRebirthRule,Rule,符石重生說明,Rule,Hướng dẫn hồi sinh mảnh vỡ,룬스톤 부활 설명,Regra,กฎ
7298,starSkillChangeTips,#C0xF76B45#There will be no return after use.#C0x5b545b#Are you sure you want to add this#C0x60C456#? (Materials can be returned through rebirth),#C0xF76B45#消耗後將無返還，#C0x5b545b#是否確認添加？#C0x60C456#（可通過重生返還養成消耗）,#C0xF76B45#There will be no return after use.#C0x5b545b#Are you sure you want to add this#C0x60C456#? (Materials can be returned through rebirth),Sử dụng sẽ không thể khôi phục. Xác nhận thêm? (Có thể khôi phục lượng đã sử dụng thông qua Tái sinh.),#C0xF76B45#소모 시 반환되지 않습니다. #C0x5b545b#정말 추가하겠습니까?#C0x60C456#(부활을 통해 육성 소모 반환),#C0xF76B45#Não haverá devolução após o uso.#C0x5b545b#Tem certeza de que deseja adicionar isto#C0x60C456#? (Os materiais podem ser devolvidos por meio do renascimento),#C0xF76B45#จะไม่มีการคืนสินค้าหลังใช้งาน#C0x5b545b#คุณแน่ใจหรือไม่ว่าต้องการเพิ่มสิ่งนี้#C0x60C456# (สามารถคืนวัสดุได้โดยการเกิดใหม่)
7299,gemnotQuality,Does not own this quality Runestone,未擁有該品質符石,Does not own this quality Runestone,Không sở hữu Rune thuộc phẩm chất này.,해당 등급 룬스톤이 없습니다.,Não possui esta Runa de qualidade,ไม่ได้เป็นเจ้าของ Runestone คุณภาพนี้
7300,inlayCard,"#C0x5b545b# has been inlaid in the Pokémon %s#C0x5b545b#, do you continue to rebirth?",#C0x5b545b#已鑲嵌在精靈%s#C0x5b545b#的身上，是否繼續重生？,"#C0x5b545b# has been inlaid in the Pokémon %s#C0x5b545b#, do you continue to rebirth?",404,#C0x5b545b#이미 %s#C0x5b545b#포켓몬에게 장착되어 있습니다. 부활시키겠습니까?,"#C0x5b545b# foi incrustado no Pokémon %s#C0x5b545b#, você continua o renascimento?",#C0x5b545b# ถูกฝังไว้ในโปเกมอน %s#C0x5b545b# แล้ว คุณจะยังคงเกิดใหม่ต่อไปหรือไม่?
7301,arenaPassLimit,The remaining number of purchases is less than 5 times,購買剩餘次數不足碾壓5次,The remaining number of purchases is less than 5 times,Số lần còn lại không đủ để nghiền nát 5 lần,구매 잔여 횟수가 5회보다 부족합니다.,O número restante de compras é inferior a 5 vezes,จำนวนการซื้อคงเหลือไม่ถึง 5 เท่า
7302,arenaPassTip,#C0xFF5B545B#Do you want to spend #Icommon/icon/icon_diamond.png-60-60# %d for 5 consecutive crushes?,#C0xFF5B545B#是否消耗#Icommon/icon/icon_diamond.png-60-60#%d進行5次碾壓？,#C0xFF5B545B#Do you want to spend #Icommon/icon/icon_diamond.png-60-60# %d for 5 consecutive crushes?,#C0xFF5B545B#Có sử dụng #Icommon/icon/icon_diamond.png-60-60#%d để nghiền nát 5 lần không?,#C0xFF5B545B##Icommon/icon/icon_diamond.png-60-60#%d를 5회 진압을 진행하겠습니까?,#C0xFF5B545B#Você quer gastar #Icommon/icon/icon_diamond.png-60-60# %s por 5 paixões consecutivas?,#C0xFF5B545B#คุณต้องการใช้ #Icommon/icon/icon_diamond.png-60-60# %s เป็นเวลา 5 ครั้งติดต่อกันหรือไม่?
7303,curRoundNoEnemy,No opponents,本輪沒有對手,No opponents,Không có đối thủ vòng này,이번 라운드 상대 없음,Nenhum oponente,ไม่มีคู่ต่อสู้
7304,nLvUnlock,Unlock at Lv %d,Lv%d 解鎖,Unlock at Lv %d,Mở khóa ở cấp %d,Lv%d 개방,Desbloquear no nível %s,ปลดล็อคที่ Lv %s
7305,draw10CardTips,#C0xFF5B545B#You will be spending %d #Icommon/icon/icon_diamond.png-60-60# for a 10 consecutive draw,#C0xFF5B545B#將消耗%d#Icommon/icon/icon_diamond.png-60-60#進行10次抽卡,#C0xFF5B545B#You will be spending %d #Icommon/icon/icon_diamond.png-60-60# for a 10 consecutive draw,#C0xFF5B545B#Sẽ tiêu hao %d #Icommon/icon/icon_diamond.png-60-60# để thực hiện 10 lần quay,#C0xFF5B545B#%d#Icommon/icon/icon_diamond.png-60-60#를 소모해 10회 뽑기를 진행하시겠습니까?,#C0xFF5B545B#Você gastará %s #Icommon/icon/icon_diamond.png-60-60# para um sorteio consecutivo de 10,#C0xFF5B545B#คุณจะใช้เงิน %s #Icommon/icon/icon_diamond.png-60-60# ในการจับฉลาก 10 ครั้งติดต่อกัน
7306,elementChallengeTips,"""#L00100000##LOC0x5B545B##LOS4##C0xFF7F00#3#L00100000##LOC0x5B545B##LOS4##C0xF0F0F0#/#L00100000##LOC0x5B545B##LOS4##C0xFF7F00#4#L00100000##LOC0x5B545B##LOS4##C0xF0F0F0#/#L00100000##LOC0x5B545B##LOS4##C0xFF7F00#5#L00100000##LOC0x5B545B##LOS4##C0xF0F0F0#  players complete can get extra rewards (by mail)","""#L00100000##LOC0x5B545B##LOS4##C0xFF7F00#3#L00100000##LOC0x5B545B##LOS4##C0xF0F0F0#/#L00100000##LOC0x5B545B##LOS4##C0xFF7F00#4#L00100000##LOC0x5B545B##LOS4##C0xF0F0F0#/#L00100000##LOC0x5B545B##LOS4##C0xFF7F00#5#L00100000##LOC0x5B545B##LOS4##C0xF0F0F0#人完成挑戰，可獲得額外獎勵(郵件發放)""","""#L00100000##LOC0x5B545B##LOS4##C0xFF7F00#3#L00100000##LOC0x5B545B##LOS4##C0xF0F0F0#/#L00100000##LOC0x5B545B##LOS4##C0xFF7F00#4#L00100000##LOC0x5B545B##LOS4##C0xF0F0F0#/#L00100000##LOC0x5B545B##LOS4##C0xFF7F00#5#L00100000##LOC0x5B545B##LOS4##C0xF0F0F0#  players complete can get extra rewards (by mail)",Hoàn thành thử thách với 3/4/5 người để nhận phần thưởng thêm (gửi qua thư),"""#L00100000##LOC0x5B545B##LOS4##C0xFF7F00#3#L00100000##LOC0x5B545B##LOS4##C0xF0F0F0#/#L00100000##LOC0x5B545B##LOS4##C0xFF7F00#4#L00100000##LOC0x5B545B##LOS4##C0xF0F0F0#/#L00100000##LOC0x5B545B##LOS4##C0xFF7F00#5#L00100000##LOC0x5B545B##LOS4##C0xF0F0F0#명 도전 완료 시 추가 보상을 획득할 수 있습니다(우편으로 지급)""","""#L00100000##LOC0x5B545B##LOS4##C0xFF7F00#3#L00100000##LOC0x5B545B##LOS4##C0xF0F0F0#/#L00100000##LOC0x5B545B##LOS4##C0xFF7F00#4#L00100000##LOC0x5B545B##LOS4##C0xF0F0F0#/#L00100000##LOC0x5B545B##LOS4##C0xFF7F00#5#L00100000##LOC0x5B545B##LOS4##C0xF0F0F0# jogadores que completarem podem obter recompensas extras (por correio)","""#L00100000##LOC0x5B545B##LOS4##C0xFF7F00#3#L00100000##LOC0x5B545B##LOS4##C0xF0F0F0#/#L00100000##LOC0x5B545B##LOS4##C0xFF7F00#4#L00100000##LOC0x5B545B##LOS4##C0xF0F0F0#/#L00100000##LOC0x5B545B##LOS4##C0xFF7F00#5#L00100000##LOC0x5B545B##LOS4##C0xF0F0F0# (ทางไปรษณีย์)"
7307,worldBoss,World Boss,世界BOSS,World Boss,Boss Thế Giới,월드BOSS,Chefe do Mundo,บอสโลก
7308,worldBossBuyTip,#C0x5B545B#Do you want to spend %s#Icommon/icon/icon_diamond.png-56-56#to buy number of chances?,#C0x5B545B#確認花費%s#Icommon/icon/icon_diamond.png-56-56#購買次數嗎？,#C0x5B545B#Do you want to spend %s#Icommon/icon/icon_diamond.png-56-56#to buy number of chances?,Xác nhận chi %s#Icommon/icon/icon_diamond.png-56-56# để mua?,#C0x5B545B#정말 %s#Icommon/icon/icon_diamond.png-56-56#를 소모해 횟수를 구매하겠습니까?,#C0x5B545B#Você quer gastar %s#Icommon/icon/icon_diamond.png-56-56#para comprar mais chances?,#C0x5B545B#คุณต้องการใช้ %s#Icommon/icon/icon_diamond.png-56-56# เพื่อซื้อจำนวนโอกาสหรือไม่?
7309,role,Trainer level,訓練家,Trainer level,Huấn luyện nhà,트레이너,Nível de treinador,ระดับเทรนเนอร์
7310,monthCardAward1,#C0x5b545b#buy to get #C0xE67422#%d#Icommon/icon/icon_diamond.png-46-46##C0x5b545b# and #C0xFF0000#3000#VIP EXP#Iconfig/item/icon_apple.png-46-46#,#C0x5b545b#購買後立即獲得#C0xE67422#%d#Icommon/icon/icon_diamond.png-46-46##C0x5b545b#及#C0xFF0000#3000VIP經驗#Iconfig/item/icon_apple.png-46-46#,#C0x5b545b#buy to get #C0xE67422#%d#Icommon/icon/icon_diamond.png-46-46##C0x5b545b# and #C0xFF0000#3000VIP EXP#Iconfig/item/icon_apple.png-46-46#,#C0x5b545b#mua để nhận #C0xE67422#%d#Icommon/icon/icon_diamond.png-46-46##C0x5b545b# và #C0xFF0000#3000 điểm VIP#Iconfig/item/icon_apple.png-46-46#,#C0x5b545b#구매 시 #C0xE67422#%d#Icommon/icon/icon_diamond.png-46-46##C0x5b545b# 및 VIP 경험치 #C0xFF0000#3000#Iconfig/item/icon_apple.png-46-46#,#C0x5b545b#compre para receber #C0xE67422#%s#Icommon/icon/icon_diamond.png-46-46##C0x5b545b# e #C0xFF0000#3000 EXP VIP#Iconfig/item/icon_apple.png-46-46#,#C0x5b545b#ซื้อเพื่อรับ #C0xE67422#%s#Icommon/icon/icon_diamond.png-46-46##C0x5b545b# และ #C0xFF0000#3000 EXP VIP#Iconfig/item/icon_apple.png-46-46#
7311,monthCardAward2,#C0x5b545b##C0xE67422#%d#Icommon/icon/icon_diamond.png-46-46##C0x5b545b# and item rewards #C0xE67422#can be claimed from mail daily,#C0x5b545b#每日可從信箱中領取#C0xE67422#%d#Icommon/icon/icon_diamond.png-46-46##C0x5b545b#以及#C0xE67422#道具獎勵,#C0x5b545b##C0xE67422#%d#Icommon/icon/icon_diamond.png-46-46##C0x5b545b# and item rewards #C0xE67422#can be claimed from mail daily,#C0x5b545b##C0xE67422#%d#Icommon/icon/icon_diamond.png-46-46##C0x5b545b# và phần thưởng vật phẩm #C0xE67422#có thể nhận hàng ngày từ thư,#C0x5b545b#매일 우편으로 #C0xE67422#%d#Icommon/icon/icon_diamond.png-46-46##C0x5b545b# 및 #C0xE67422#아이템 보상을 수령할 수 있습니다.,#C0x5b545b##C0xE67422#%s#Icommon/icon/icon_diamond.png-46-46##C0x5b545b# e recompensas de itens #C0xE67422# podem ser reivindicadas pelo correio diariamente,#C0x5b545b##C0xE67422#%s#Icommon/icon/icon_diamond.png-46-46##C0x5b545b# และรางวัลไอเทม #C0xE67422# สามารถรับได้จากจดหมายทุกวัน
7312,allDamageGet,"After achieving it, rewards will be given at 00:00 the next day:",達成後，次日5點郵件發放獎勵：,"After achieving it, rewards will be given at 00:00 the next day:","Sau khi hoàn thành, phần thưởng sẽ được gửi qua email lúc 5 giờ sáng hôm sau:",달성 시 다음 날 0시에 우편으로 보상 지급:,"Após alcançá-lo, as recompensas serão entregues às 00:00 do dia seguinte:",หลังจากทำสำเร็จแล้ว รางวัลจะมอบให้เวลา 00:00 น. ของวันถัดไป:
7313,gemDraw,Runestone,符石,Runestone,Đá Rune,룬스톤,Pedra Rúnica,รูนสโตน
7314,worldBossDamageMaxTip,Wow! You achieved the highest record damage!,哇！新的最高傷害記錄！,Wow! You achieved the highest record damage!,Wow! Kỷ lục sát thương cao nhất mới!,새로운 최고 피해 기록을 달성했습니다!,Uau! Você atingiu o maior dano recorde!,ว้าว! คุณสร้างความเสียหายสูงสุดเป็นประวัติการณ์แล้ว!
7315,noGoldGoBuy,"You don't have enough golds, purchase it now?",當前金幣不足，是否打開聚寶？,"You don't have enough golds, purchase it now?","Vàng không đủ, mở Kho báu?",현재 코인이 부족합니다. 보물단지를 열겠습니까?,"Você não tem ouro suficiente, quer comprá-lo agora?",คุณไม่มีทองพอ ซื้อเลยตอนนี้ใช่ไหม?
7316,periodAward,7-day Reward,七日獎勵,7-day Reward,Phần thưởng bảy ngày,7일 보상,Recompensa de 7 dias,รางวัล 7 วัน
7317,finishAward,Final reward,最終獎勵,Final reward,Phần thưởng cuối cùng,최종 보상,Recompensa final,รางวัลสุดท้าย
7318,stateAward,Tier Rewards,段位獎勵,Tier Rewards,Phần thưởng cấp bậc,랭크 보상,Recompensas de nível,รางวัลระดับชั้น
7319,worldBossServerDamageTip,Server total damage dealt,本服最高傷害統計,Server total damage dealt,Thống kê sát thương cao nhất máy chủ,본 서버 최고 피해 통계,Dano total causado ao servidor,ความเสียหายรวมที่เกิดขึ้นจากเซิร์ฟเวอร์
7320,defend,Defense,防守,Defense,Phòng thủ,방어,Defesa,การป้องกัน
7321,attack,Attack,進攻,Attack,Tấn công,공격,Ataque,จู่โจม
7322,skillActiveTip,#C0x5b545b#Activate image#C0xe67422#[%s]#C0x5b545b# to use it,#C0x5b545b#啟動形象#C0xe67422#【%s】#C0x5b545b#後可使用,#C0x5b545b#Activate image#C0xe67422#[%s]#C0x5b545b# to use it,#C0x5b545b#Kích hoạt trang phục#C0xe67422#【%s】#C0x5b545b#sau khi sử dụng,#C0x5b545b#아바타 #C0xe67422#[%s]#C0x5b545b# 활성화 후 사용 가능,#C0x5b545b#Ativar imagem#C0xe67422#[%s]#C0x5b545b# para usá-la,#C0x5b545b#เปิดใช้งานรูปภาพ#C0xe67422#[%s]#C0x5b545b# เพื่อใช้งาน
7323,skillUseTip,#C0x5b545b#Activate image#C0xe67422#[%s]#C0x5b545b# to use it,#C0x5b545b#啟動形象#C0xe67422#【%s】#C0x5b545b#時可使用,#C0x5b545b#Activate image#C0xe67422#[%s]#C0x5b545b# to use it,#C0x5b545b#Kích hoạt trang phục#C0xe67422#【%s】#C0x5b545b#Có thể sử dụng khi,#C0x5b545b#아바타 #C0xe67422#[%s]#C0x5b545b# 활성화 시 사용 가능,#C0x5b545b#Ativar imagem#C0xe67422#[%s]#C0x5b545b# para usá-la,#C0x5b545b#เปิดใช้งานรูปภาพ#C0xe67422#[%s]#C0x5b545b# เพื่อใช้งาน
7324,luckGoldTip,Lucky push coin,幸運推幣,Lucky push coin,Đẩy may mắn,행운의 코인,Moeda da sorte,เหรียญดันนำโชค
7325,feelValueSwap,Friendship,好感度交換,Friendship,Trao đổi thiện cảm,호감도 교환,Amizade,มิตรภาพ
7326,feelValue,Friendship level,好感度等級,Friendship level,Mức độ thiện cảm,호감도 레벨,Nível de amizade,ระดับความเป็นเพื่อน
7327,residueTims,Times:,剩餘次數:,Times:,Số lần sử dụng còn lại:,남은 횟수:,Horários:,เวลา:
7328,luckGoldMax,Limit reached,已達推幣上限,Limit reached,Đã đạt giới hạn tiền xu,이미 한도에 도달했습니다.,Limite atingido,ถึงขีดจำกัดแล้ว
7329,swapFeelContinue,"After the exchange, the friendship of the two evolutionary chain series will be exchanged. Do you want to continue?",交換後，兩個進化鏈系列的好感度將互換，是否繼續？,"After the exchange, the friendship of the two evolutionary chain series will be exchanged. Do you want to continue?","Sau khi trao đổi, mức độ thân thiện của hai chuỗi tiến hóa sẽ được hoán đổi. Bạn có muốn tiếp tục không?",교환 시 두 진화 계열의 호감도가 교환됩니다. 계속하겠습니까?,"Após a troca, a amizade das duas séries de cadeia evolutiva será trocada. Você quer continuar?",หลังจากแลกเปลี่ยนแล้ว มิตรภาพของห่วงโซ่วิวัฒนาการทั้งสองชุดจะถูกแลกเปลี่ยน คุณต้องการดำเนินการต่อหรือไม่
7330,swapFeel,After selecting the specified Pokémons series to exchange\nThe friendship level of both parties will be exchanged,選擇指定的精靈系列交換後\n雙方的好感度等級將互換,After selecting the specified Pokémons series to exchange\nThe friendship level of both parties will be exchanged,"Sau khi trao đổi các dòng Pokémon được chỉ định,\nmức độ thân thiện của cả hai bên sẽ được hoán đổi.",지정한 포켓몬 계열 교환 선택 후\n양측의 호감도 레벨이 교환됩니다.,Após selecionar a série de Pokémon especificada para trocanO nível de amizade de ambas as partes será trocado,หลังจากเลือกซีรีย์โปเกมอนที่ระบุเพื่อแลกเปลี่ยนnระดับมิตรภาพของทั้งสองฝ่ายจะถูกแลกเปลี่ยน
7331,crossArenaBuyTimesTips,#C0x5b545b#Cost%d#Icommon/icon/icon_diamond.png-56-56# to get one more chance？,#C0x5b545b#是否消耗%d#Icommon/icon/icon_diamond.png-56-56#購買挑戰次數？,#C0x5b545b#Cost%d#Icommon/icon/icon_diamond.png-56-56# to get one more chance？,Có sử dụng %d #Icommon/icon/icon_diamond.png-56-56# để mua lượt thử thách không?,#C0x5b545b#%d#Icommon/icon/icon_diamond.png-56-56#를 소모해 도전 횟수를 구매하겠습니까?,#C0x5b545b#Cost%s#Icommon/icon/icon_diamond.png-56-56# para ter mais uma chance？,#C0x5b545b#Cost%s#Icommon/icon/icon_diamond.png-56-56# เพื่อรับโอกาสอีกครั้งใช่ไหม?
7332,firstTeam,Team One,隊伍一,Team One,Đội 1,팀1,Equipe Um,ทีมหนึ่ง
7333,secondTeam,Team Two,隊伍二,Team Two,Đội Hai,팀2,Equipe Dois,ทีมสอง
7334,feelSwapStatement,Friendship exchange detail,好感度交換說明,Friendship exchange detail,Giải thích trao đổi thiện cảm,호감도 교환 설명,Detalhe da troca de amizade,รายละเอียดการแลกเปลี่ยนมิตรภาพ
7335,crossArenaNotStart,The cross-service arena has not started yet!,跨服競技場尚未開賽！,The cross-service arena has not started yet!,Đấu trường liên server chưa mở!,글로벌 아레나가 아직 시작되지 않았습니다!,A arena de serviços cruzados ainda não começou!,เวทีข้ามสายงานยังไม่เริ่ม!
7336,showPeriodNote,"On the 7th day of the season, the ranking will be settled at 22:00. The reward will be issued by mail",在賽季第7日22:00時排行結算若為當前段位，則會通過郵件發放該獎勵,"On the 7th day of the season, the ranking will be settled at 22:00. The reward will be issued by mail","Lúc 22:00 ngày thứ 7 của mùa giải, nếu thứ hạng của bạn không thay đổi, phần thưởng sẽ được gửi qua email.",시즌 7일 차 22:00 순위 결산에 현재 랭크 유지 시 우편을 통해 해당 보상을 지급합니다.,"No 7º dia da temporada, a classificação será definida às 22:00. A recompensa será enviada por correio",วันที่ 7 ของฤดูกาล อันดับจะถูกตัดสินเวลา 22:00 น. รางวัลจะออกทางไปรษณีย์
7337,showStageNote,"On the 14th day of the season, the ranking will be settled at 22:00. The reward will be issued by mail",在賽季第14日22:00時排行結算若為當前段位，則會通過郵件發放該獎勵,"On the 14th day of the season, the ranking will be settled at 22:00. The reward will be issued by mail","Lúc 22:00 ngày 14 của mùa giải, nếu thứ hạng của bạn không thay đổi, phần thưởng sẽ được gửi qua email.",시즌 14일 차 22:00 순위 결산에 현재 랭크 유지 시 우편을 통해 해당 보상을 지급합니다.,"No 14º dia da temporada, a classificação será definida às 22:00. A recompensa será enviada por correio",วันที่ 14 ของฤดูกาล อันดับจะถูกตัดสินเวลา 22:00 น. รางวัลจะออกทางไปรษณีย์
7338,noSpiritCondition,No exchangeable wizard series,暫無可以交換的精靈系列,No exchangeable wizard series,Không có series Pokémon nào khả dụng để trao đổi.,지금은 교환할 수 있는 포켓몬 계열이 없습니다.,Nenhuma série de magos trocáveis,ไม่มีซีรี่ย์พ่อมดที่สามารถแลกเปลี่ยนได้
7339,settingVip,vip level,vip等級,vip level,Cấp độ VIP,VIP 레벨,nível vip,ระดับวีไอพี
7340,settingShow,display,顯示,display,Hiển thị,표시,mostrar,แสดง
7341,settingHide,hide,隱藏,hide,Ẩn,숨김,esconder,ซ่อน
7342,richCostGold,#C0xFF5B545B#Cost %d#Icommon/icon/icon_gold.png-56-56#,#C0xFF5B545B#是否消耗%d#Icommon/icon/icon_gold.png-56-56#,#C0xFF5B545B#Cost %d#Icommon/icon/icon_gold.png-56-56#,#C0xFF5B545B#Có tiêu hao %d không?#Icommon/icon/icon_gold.png-56-56#,#C0xFF5B545B#%d#Icommon/icon/icon_gold.png-56-56# 소모,#C0xFF5B545B#Custo %s#Icommon/icon/icon_gold.png-56-56#,#C0xFF5B545B#ราคา %s#Icommon/icon/icon_gold.png-56-56#
7343,noSever,The current server is not matched,當前伺服器未進行匹配,The current server is not matched,Hiện tại máy chủ không tìm được trận đấu.,현재 서버는 매칭을 진행하지 않았습니다.,O servidor atual não corresponde,เซิฟเวอร์ปัจจุบันไม่ตรงกัน
7344,currentServers,Matching services:,本期匹配服：,Matching services:,Trang phục trận đấu tuần này:,이번 매칭 서버:,Serviços de correspondência:,บริการจับคู่:
7345,crossArenaRankHighest,#L10##C0x5B545B# Highest ranking this season: #C0xF76B45#,#L10##C0x5B545B#本賽季最高排名：#C0xF76B45#,#L10##C0x5B545B# Highest ranking this season: #C0xF76B45#,#L10##C0x5B545B#Xếp hạng cao nhất mùa này:#C0xF76B45#,#L10##C0x5B545B#본 시즌 최고 순위: #C0xF76B45#,#L10##C0x5B545B# Maior classificação nesta temporada: #C0xF76B45#,#L10##C0x5B545B# อันดับสูงสุดในฤดูกาลนี้: #C0xF76B45#
7346,crossArenaCardNotEnoughTip,You need to 2 Pokémons at least to participate!,需要至少擁有2只精靈才可參賽！,You need to 2 Pokémons at least to participate!,Cần ít nhất 2 Pokémon để tham gia!,최소 2마리의 포켓몬을 보유해야만 참가할 수 있습니다!,Você precisa de pelo menos 2 Pokémon para participar!,คุณต้องมีโปเกมอนอย่างน้อย 2 ตัวเพื่อเข้าร่วม!
7347,changeGoldNotEnough,There are not enough gold coins to replace!,金幣不足，無法更換！,There are not enough gold coins to replace!,"Không đủ vàng, không thể thay đổi!",코인이 부족해 교환할 수 없습니다!,Não há moedas de ouro suficientes para substituir!,เหรียญทองไม่เพียงพอต่อการทดแทน!
7348,gemUpperLimit,"The number of replacements in this issue has reached the upper limit, please look forward to the next event!",本期置換次數已達上限，請期待下次活動！,"The number of replacements in this issue has reached the upper limit, please look forward to the next event!",Số lần trao đổi Mảnh ghép trong kỳ này đã đạt đến giới hạn. Hãy chờ đợi sự kiện tiếp theo!,이번 교환 횟수가 한도에 도달했습니다. 다음 이벤트를 기다려 주세요!,O número de substituições nesta edição atingiu o limite máximo. Aguarde o próximo evento!,จำนวนการทดแทนในฉบับนี้ได้ครบจำนวนแล้ว โปรดติดตามกิจกรรมครั้งหน้า!
7349,gemNum,You need to place at least 2 runes to replace them!,至少需要放置2個符石才能置換！,You need to place at least 2 runes to replace them!,Cần đặt ít nhất 2 rune để trao đổi!,최소 2개의 룬스톤을 배치해야 바꿀 수 있습니다!,Você precisa colocar pelo menos 2 runas para substituí-las!,คุณต้องวางรูนอย่างน้อย 2 อันจึงจะแทนที่มันได้!
7350,gemNumber,Please re-select Runestones with the same number!,請重新選擇同一編號的符石！,Please re-select Runestones with the same number!,Vui lòng chọn lại Rune có cùng số hiệu!,동일 번호의 룬스톤을 다시 선택해 주세요!,Selecione novamente as Runas com o mesmo número!,กรุณาเลือก Runestones ที่มีหมายเลขเดิมอีกครั้ง!
7351,gemType,Please re-select the same type of rune!,請重新選擇同一類型的符石！,Please re-select the same type of rune!,Vui lòng chọn lại cùng loại Rune!,동일 유형의 룬스톤을 다시 선택해 주세요!,"Por favor, selecione novamente o mesmo tipo de runa!",กรุณาเลือกประเภทรูนเดียวกันอีกครั้ง!
7352,gemHint,"#C0x5B545B# has been placed #C0xF76B45##L10#2#C0xFF5B545B##L0# runestones, after consumption #C0xF76B45##L10# can only be replaced with 1 new runestone #C0xFF5B545B##L0# (like Runestone If it has been strengthened, then the reinforced materials will be returned free of charge.) Are replacements confirmed?",#C0x5B545B#已放置#C0xF76B45##L10#2#C0xFF5B545B##L0#個符石，消耗後#C0xF76B45##L10#只能置換為1個新的符石#C0xFF5B545B##L0#（如符石已強化，則免費返還強化材料），是否確認置換？,"#C0x5B545B# has been placed #C0xF76B45##L10#2#C0xFF5B545B##L0# runestones, after consumption #C0xF76B45##L10# can only be replaced with 1 new runestone #C0xFF5B545B##L0# (like Runestone If it has been strengthened, then the reinforced materials will be returned free of charge.) Are replacements confirmed?","Đã đặt #C0xF76B45##L10#2#C0xFF5B545B##L0# Mảnh ghép, sau khi sử dụng #C0xF76B45##L10#chỉ có thể đổi thành 1 Mảnh ghép mới #C0xFF5B545B##L0#(Nếu Mảnh ghép đã được cường hóa, nguyên liệu cường hóa sẽ được trả lại miễn phí). Xác nhận thay thế?","""#C0x5B545B#이미 #C0xF76B45##L10#2#C0xFF5B545B##L0#개의 룬스톤을 배치했습니다. 소모 시 #C0xF76B45##L10#1개의 새 룬스톤으로 바꿀 수 있습니다#C0xFF5B545B##L0#(룬스톤을 이미 강화한 경우, 무료로 강화 재료 반환). 정말 바꾸겠습니까?""","#C0x5B545B# foi colocada #C0xF76B45##L10#2#C0xFF5B545B##L0# runestones, após o consumo #C0xF76B45##L10# só pode ser substituída por 1 nova runestone #C0xFF5B545B##L0# (como Runestone Se ela foi fortalecida, os materiais reforçados serão devolvidos gratuitamente.) As substituições são confirmadas?",#C0x5B545B# ได้ถูกวางรูนสโตน #C0xF76B45##L10#2#C0xFF5B545B##L0# แล้ว หลังจากใช้รูนสโตน #C0xF76B45##L10# ไปแล้ว จะสามารถเปลี่ยนได้ด้วยรูนสโตน #C0xFF5B545B##L0# ใหม่เพียง 1 อันเท่านั้น (เช่นเดียวกับรูนสโตน หากได้รับการเสริมความแข็งแกร่ง วัสดุเสริมความแข็งแกร่งจะถูกส่งคืนโดยไม่มีค่าใช้จ่าย) มีการยืนยันการเปลี่ยนแล้วหรือยัง?
7353,stageAwardNote,"You were in current segment at settlement, rewards has been issued by mail",你在結算時處於當前展示的段位，獎勵已隨郵件進行發放,"You were in current segment at settlement, rewards has been issued by mail","Hạng của bạn khi kết thúc mùa giải là hạng hiện đang hiển thị, và phần thưởng đã được gửi qua email.",결산 시 현재 랭크를 유지해 보상을 우편으로 지급했습니다.,"Você estava no segmento atual na liquidação, as recompensas foram emitidas pelo correio",คุณอยู่ในกลุ่มปัจจุบันที่ชำระเงิน รางวัลได้รับการออกทางไปรษณีย์แล้ว
7354,crossArenaNoRank,No ranking,暫無排名,No ranking,Chưa xếp hạng,순위 없음,Sem classificação,ไม่มีการจัดอันดับ
7355,crossArenaRankUPTo,Rank to,段位升至,Rank to,Xếp hạng lên,랭크 상승:,Classificar para,อันดับถึง
7356,crossArenaStage18,Master,大師,Master,Đại sư,마스터,Mestre,ผู้เชี่ยวชาญ
7357,crossArenaStage19,King,王者,King,Vua/Hoàng hậu,챌린저,Rei,กษัตริย์
7358,gemPlac,place,放置,place,Vị trí,배치,lugar,สถานที่
7359,noPlace,Can't put more,不能放置更多啦,Can't put more,Không thể đặt thêm Mảnh ghép nữa.,더 배치할 수 없습니다.,Não é possível colocar mais,ใส่เพิ่มไม่ได้แล้ว
7360,knapsackNoGem,No Runestones in the backpack,背包內暫無更多符石,No Runestones in the backpack,Không còn mảnh ghép nào trong túi,가방에 더 많은 룬스톤이 없습니다.,Nenhuma Runa na mochila,ไม่มีรูนสโตนในกระเป๋าเป้
7361,rarityGem2,Common runes,綠色品質符石,Common runes,Mảnh ghép phẩm chất xanh lục,초록색 등급 룬스톤,Runas comuns,รูนทั่วไป
7362,rarityGem3,Rare runes,藍色品質符石,Rare runes,Vật phẩm Rune phẩm chất Xanh,파란색 등급 룬스톤,Runas raras,รูนหายาก
7363,rarityGem4,Epic runes,紫色品質符石,Epic runes,Vật phẩm Rune phẩm chất Tím,보라색 등급 룬스톤,Runas épicas,รูนมหากาพย์
7364,rarityGem5,Legendary runes,橙色品質符石,Legendary runes,Vật phẩm phép màu chất lượng cam,주황색 등급 룬스톤,Runas lendárias,รูนในตำนาน
7365,rarityGem6,Marvel runes,紅色品質符石,Marvel runes,Vật phẩm Rune chất lượng đỏ,빨간색 등급 룬스톤,Runas da Marvel,รูนมาร์เวล
7366,identicalSuitIdGem,No Runestones in the backpack,背包內暫無更多同類型的符石,No Runestones in the backpack,Không còn mảnh ghép cùng loại trong túi,가방에 더 많은 동일 유형의 룬스톤이 없습니다.,Nenhuma Runa na mochila,ไม่มีรูนสโตนในกระเป๋าเป้
7367,identicalSuitNoGem,No Runestones in the backpack,背包內暫無更多同編號的符石,No Runestones in the backpack,Không còn mảnh ghép nào cùng số hiệu trong túi đồ.,가방에 더 많은 동일 번호의 룬스톤이 없습니다.,Nenhuma Runa na mochila,ไม่มีรูนสโตนในกระเป๋าเป้
7368,goTobuy,Go to activation,前往啟動,Go to activation,Đi đến để kích hoạt Z-Move,활성화,Ir para ativação,ไปที่การเปิดใช้งาน
7370,noPasswordCoin,The medal of adventure is insufficient to buy,冒險勳章不足，無法購買,The medal of adventure is insufficient to buy,Không đủ Huy hiệu Phiêu lưu để mua.,모험 배지가 부족해 구매할 수 없습니다.,A medalha da aventura é insuficiente para comprar,เหรียญแห่งการผจญภัยไม่เพียงพอที่จะซื้อ
7371,noPasswordVipCoin,Insufficient Master Medal to purchase,大師勳章不足，無法購買,Insufficient Master Medal to purchase,Không đủ Huy chương Đại sư để mua.,마스터 배지가 부족해 구매할 수 없습니다.,Medalha de Mestre insuficiente para comprar,เหรียญมาสเตอร์ไม่เพียงพอต่อการซื้อ
7372,passwordBuyVipTips,There are currently %s days from the end of the current pass. Are you still sure to buy this item?,當前離本期通行證結束還有%s天，仍然確定購買這個項目嗎？,There are currently %s days from the end of the current pass. Are you still sure to buy this item?,Thời gian còn lại của battle pass mùa này là %s ngày. Bạn có chắc chắn muốn mua vật phẩm này không?,이번 패스 종료까지 %s일 남았습니다. 계속 구매하겠습니까?,"Atualmente, faltam %s dias para o fim do passe atual. Você ainda tem certeza de comprar este item?",ขณะนี้เหลือเวลาอีก %s วันจากวันสิ้นสุดของบัตรผ่านปัจจุบัน คุณยังแน่ใจที่จะซื้อรายการนี้หรือไม่
7373,passwordBuyVipNote,"Activate the Master Pass to unlock exclusive missions, and get massive Pass experience, are you sure to go to buy?",啟動大師通行證解鎖專屬任務，另得海量通行證經驗，確定前往購買嗎？,"Activate the Master Pass to unlock exclusive missions, and get massive Pass experience, are you sure to go to buy?",Kích hoạt Master Pass để mở khóa nhiệm vụ độc quyền và nhận được rất nhiều kinh nghiệm Pass. Xác nhận mua?,"""마스터 패스 활성화 시 전용 퀘스트가 개방되며, 추가로 대량의 패스 경험치를 획득합니다. 구매하겠습니까?""",Ative o Master Pass para desbloquear missões exclusivas e obter uma experiência enorme no Passe. Tem certeza de que vai comprar?,เปิดใช้งาน Master Pass เพื่อปลดล็อคภารกิจสุดพิเศษ และรับประสบการณ์ Pass มหาศาล คุณแน่ใจแล้วหรือว่าจะไปซื้อ?
7374,upPasswordLevelToGet,"After the pass level reaches %s level, you can preview the content of the subsequent level rewards",通行證等級達到%s級後可預覽之後的等級獎勵內容,"After the pass level reaches %s level, you can preview the content of the subsequent level rewards",Bạn có thể xem trước phần thưởng cho các cấp độ tiếp theo sau khi đạt cấp %s của Thẻ.,패스 레벨 %s 도달 시 이후 레벨의 보상 내용을 미리 볼 수 있습니다.,"Após o nível de passe atingir o nível %s, você pode visualizar o conteúdo das recompensas do nível subsequente",หลังจากที่ระดับผ่านถึงระดับ %s คุณสามารถดูตัวอย่างเนื้อหาของรางวัลระดับถัดไปได้
7375,passwordTaskNote,#L10##L00100000##LOC0xFFFFF0##LOS5##C0x5B545B# Complete#L10##L00100000##LOC0xFFFFF0##LOS5##C0xF76B45# Master exclusive task\n #L10##L00100000##LOC0xFFFFF0##LOS5#Get #L10##L00100000##LOC0xFFFFF0##LOS5##C0xF76B45# experience rewards!,#L10##L00100000##LOC0xFFFFF0##LOS5##C0x5B545B#完成#L10##L00100000##LOC0xFFFFF0##LOS5##C0xF76B45#大師專屬任務   #L10##L00100000##LOC0xFFFFF0##LOS5##C0x5B545B#額外獲得#L10##L00100000##LOC0xFFFFF0##LOS5##C0xF76B45#經驗獎勵！,#L10##L00100000##LOC0xFFFFF0##LOS5##C0x5B545B# Complete#L10##L00100000##LOC0xFFFFF0##LOS5##C0xF76B45# Master exclusive task\n #L10##L00100000##LOC0xFFFFF0##LOS5#Get #L10##L00100000##LOC0xFFFFF0##LOS5##C0xF76B45# experience rewards!,Hoàn thành nhiệm vụ độc quyền của bậc thầy để nhận thêm phần thưởng kinh nghiệm!,#L10##L00100000##LOC0xFFFFF0##LOS5##C0xF76B45#마스터 전속 퀘스트#L10##L00100000##LOC0xFFFFF0##LOS5##C0x5B545B#를 완료해 #L10##L00100000##LOC0xFFFFF0##LOS5##C0xF76B45#경험치 보상#L10##L00100000##LOC0xFFFFF0##LOS5##C0x5B545B#을 추가 획득！,#L10##L00100000##LOC0xFFFFF0##LOS5##C0x5B545B# Conclua#L10##L00100000##LOC0xFFFFF0##LOS5##C0xF76B45# Tarefa exclusiva do mestren #L10##L00100000##LOC0xFFFFF0##LOS5#Obtenha #L10##L00100000##LOC0xFFFFF0##LOS5##C0xF76B45# recompensas de experiência!,#L10##L00100000##LOC0xFFFFF0##LOS5##C0x5B545B# ทำภารกิจพิเศษให้สำเร็จ#L10##L00100000##LOC0xFFFFF0##LOS5##C0xF76B45# สำเร็จn #L10##L00100000##LOC0xFFFFF0##LOS5#รับรางวัลประสบการณ์ #L10##L00100000##LOC0xFFFFF0##LOS5##C0xF76B45#
7376,everydayVip,Master Daily,大師每日,Master Daily,Hằng ngày của bậc thầy,마스터 일간,Mestre Diário,มาสเตอร์ เดลี่
7377,everyweekVip,Master Weekly,大師每週,Master Weekly,Thầy mỗi tuần,마스터 주간,Mestre Semanal,มาสเตอร์ วีคลี่
7378,upgradeLevelToGetCoins,Upgrade your pass to get more adventure points,升級通行證可獲得更多冒險積分,Upgrade your pass to get more adventure points,Thẻ nâng cấp cấp thêm điểm phiêu lưu,패스 레벨업 시 더 많은 모험 포인트 획득 가능,Atualize seu passe para ganhar mais pontos de aventura,อัพเกรดบัตรผ่านของคุณเพื่อรับคะแนนการผจญภัยมากขึ้น
7379,passwordLastdayNote,This event will end on the same day. Do you still buy the project?,本期活動將在當天結束，仍購買該項目嘛？,This event will end on the same day. Do you still buy the project?,Sự kiện này kết thúc vào hôm nay. Bạn vẫn muốn mua vật phẩm này không?,이번 이벤트는 당일에 종료됩니다. 그래도 해당 항목을 구매하겠습니까?,Este evento terminará no mesmo dia. Você ainda compra o projeto?,กิจกรรมนี้จะสิ้นสุดในวันเดียวกัน คุณยังซื้อโครงการนี้อยู่ไหม
7380,passwordTitleTips,Purchase Tips,購買提示,Purchase Tips,Thông báo mua hàng,구매 알림,Dicas de compra,เคล็ดลับการซื้อ
7381,unionNoTime,"The current round of guild wars has ended, the next round of matches has not yet started",當前輪次公會戰已結束，下一輪比賽尚未開始,"The current round of guild wars has ended, the next round of matches has not yet started",Vòng chiến công hội hiện tại đã kết thúc. Vòng đấu tiếp theo chưa bắt đầu.,현재 라운드 길드전이 이미 종료되었습니다. 다음 라운드가 아직 시작되지 않았습니다.,"A rodada atual de guerras de guildas terminou, a próxima rodada de partidas ainda não começou",รอบปัจจุบันของสงครามกิลด์ได้สิ้นสุดลงแล้ว รอบต่อไปของการแข่งขันยังไม่เริ่มต้น
7382,passwordActivateNote,#L10##L00100000##LOC0xFFFFF0##LOS5##C0x5B545B#Activate #L10##L00100000##LOC0xFFFFF0##LOS5##C0xF76B45#Master Passport   #L10##L00100000##LOC0xFFFFF0##LOS5##C0x5B545B#Complete Exclusive Mission \n#L10##L00100000##LOC0xFFFFF0##LOS5#Claim extra #L10##L00100000##LOC0xFFFFF0##LOS5##C0xF76B45#Passport EXP   #L10##L00100000##LOC0xFFFFF0##LOS5##C0x5B545B#Level up faster,#L10##L00100000##LOC0xFFFFF0##LOS5##C0x5B545B#啟動#L10##L00100000##LOC0xFFFFF0##LOS5##C0xF76B45#大師通行證   #L10##L00100000##LOC0xFFFFF0##LOS5##C0x5B545B#完成專屬任務 \n#L10##L00100000##LOC0xFFFFF0##LOS5#額外領取#L10##L00100000##LOC0xFFFFF0##LOS5##C0xF76B45#通行證經驗   #L10##L00100000##LOC0xFFFFF0##LOS5##C0x5B545B#升級更快速,#L10##L00100000##LOC0xFFFFF0##LOS5##C0x5B545B#Activate #L10##L00100000##LOC0xFFFFF0##LOS5##C0xF76B45#Master Passport   #L10##L00100000##LOC0xFFFFF0##LOS5##C0x5B545B#Complete Exclusive Mission \n#L10##L00100000##LOC0xFFFFF0##LOS5#Claim extra #L10##L00100000##LOC0xFFFFF0##LOS5##C0xF76B45#Passport EXP   #L10##L00100000##LOC0xFFFFF0##LOS5##C0x5B545B#Level up faster,Kích hoạt Master Pass để hoàn thành nhiệm vụ độc quyền\nNhận thêm kinh nghiệm Pass và tăng cấp nhanh hơn,"""#L10##L00100000##LOC0xFFFFF0##LOS5##C0x5B545B##L10##L00100000##LOC0xFFFFF0##LOS5##C0xF76B45#마스터 패스#L10##L00100000##LOC0xFFFFF0##LOS5##C0x5B545B#를 활성화해   전용 퀘스트 완료 시\n#L10##L00100000##LOC0xFFFFF0##LOS5#추가로 #L10##L00100000##LOC0xFFFFF0##LOS5##C0xF76B45#패스 경험치#L10##L00100000##LOC0xFFFFF0##LOS5##C0x5B545B#를 획득,   더욱 빠르게 레벨업합니다""",#L10##L00100000##LOC0xFFFFF0##LOS5##C0x5B545B#Ativar #L10##L00100000##LOC0xFFFFF0##LOS5##C0xF76B45#Passaporte Mestre #L10##L00100000##LOC0xFFFFF0##LOS5##C0x5B545B#Completar Missão Exclusiva n#L10##L00100000##LOC0xFFFFF0##LOS5##Resgatar extra #L10##L00100000##LOC0xFFFFF0##LOS5##C0xF76B45#EXP Passaporte #L10##L00100000##LOC0xFFFFF0##LOS5##C0x5B545B#Suba de nível mais rápido,#L10##L00100000##LOC0xFFFFF0##LOS5##C0x5B545B#เปิดใช้งาน #L10##L00100000##LOC0xFFFFF0##LOS5##C0xF76B45#Master Passport #L10##L00100000##LOC0xFFFFF0##LOS5##C0x5B545B#ทำภารกิจพิเศษให้สำเร็จ n#L10##L00100000##LOC0xFFFFF0##LOS5#รับเพิ่ม #L10##L00100000##LOC0xFFFFF0##LOS5##C0xF76B45#ค่าประสบการณ์หนังสือเดินทาง #L10##L00100000##LOC0xFFFFF0##LOS5##C0x5B545B#เพิ่มเลเวลเร็วขึ้น
7383,gemSlogan,Only replace purple and above runestones:,置換僅限紫色及以上同品質符石：,Only replace purple and above runestones:,Chỉ thay thế các viên đá quý tím trở lên cùng phẩm chất.,교환은 보라색 이하 등급의 룬스톤만 가능합니다:,Substitua apenas runas roxas e superiores:,เปลี่ยนเฉพาะรูนสโตนสีม่วงและสูงกว่าเท่านั้น:
7384,inCityTeam,In the main city team,主城隊伍中,In the main city team,Trong đội chính của thành phố,메인 시티 팀에 있음,No time principal da cidade,ในทีมเมืองหลัก
7385,inArena,In the arena,競技場中,In the arena,Trong đấu trường,아레나에 있음,Na arena,ในสนามประลอง
7386,inCraft,Quartz Conference,石英大會中,Quartz Conference,Tại Cao Nguyên Indigo,석영 대회에 있음,Conferência Quartz,การประชุมควอตซ์
7387,inUnionCombat,Guild battle,公會戰中,Guild battle,Trong trận chiến bang hội,길드전에 있음,Batalha de guilda,การต่อสู้กิลด์
7388,inCrossCraft,Cross-service quartz conference,跨服石英大會中,Cross-service quartz conference,Trong giải đấu Liên Minh Indigo liên máy chủ,글로벌 석영 대회에 있음,Conferência de quartzo entre serviços,การประชุมควอตซ์ข้ามบริการ
7389,inCrossArena,Cross-service arena,跨服競技場中,Cross-service arena,Trong đấu trường liên server,글로벌 아레나에 있음,Arena de serviços cruzados,เวทีข้ามสายงาน
7390,goldDrawRate,Gold,金幣抽取概率,Gold,Xác suất rút tiền xu vàng,코인 뽑기 확률,Ouro,ทอง
7391,rmbDrawRate,Diamond,鑽石抽取概率,Diamond,Tỷ lệ rút kim cương,다이아 뽑기 확률,Diamante,เพชร
7392,gemUpExtract,Qualifier stone,限定詞石抽取說明,Qualifier stone,Giải thích triệu hồi mảnh ghép giới hạn,한정 룬스톤 뽑기 설명,Pedra qualificadora,หินที่มีคุณสมบัติ
7393,gemReplacement,Rune replacement instructions,符石置換說明,Rune replacement instructions,Hướng dẫn thay thế mảnh ghép,룬스톤 교환 설명,Instruções de substituição de runas,คำแนะนำการเปลี่ยนรูน
7394,angling,Fishing,釣魚,Fishing,Câu cá,낚시,Pesca,การตกปลา
7395,duanWuheadline,Dragon Boat Festival,粽葉飄香,Dragon Boat Festival,Bánh chưng thơm phức,연잎 향기,Festival do Barco-Dragão,เทศกาลเรือมังกร
7396,inCityTeamCantDecompose,The elves are in the main city team and cannot be decomposed,精靈正在主城隊伍中，無法分解,The elves are in the main city team and cannot be decomposed,Pokémon đang trong đội chính của thành phố và không thể được phân rã.,포켓몬이 메인 시티 파티 진행 중이므로 분해할 수 없습니다.,Os elfos estão no time principal da cidade e não podem ser decompostos,เอลฟ์อยู่ในทีมเมืองหลักและไม่สามารถแยกออกได้
7397,inUnionFightCantDecompose,The elves are in a guild battle and cannot be decomposed,精靈正在公會戰中，無法分解,The elves are in a guild battle and cannot be decomposed,"精靈 đang trong chiến tranh bang hội, không thể phân giải.",포켓몬이 길드전 진행 중이므로 분해할 수 없습니다.,Os elfos estão em uma batalha de guilda e não podem ser decompostos,เอลฟ์กำลังอยู่ในสงครามกิลด์และไม่สามารถแยกตัวออกไปได้
7398,inArenaCantDecompose,The elves are in the arena and cannot be decomposed,精靈正在競技場中，無法分解,The elves are in the arena and cannot be decomposed,Pokémon đang ở trong đấu trường và không thể phân hủy.,포켓몬이 아레나 진행 중이므로 분해할 수 없습니다.,Os elfos estão na arena e não podem ser decompostos,เหล่าเอลฟ์อยู่ในสนามประลองและไม่สามารถสลายไปได้
7399,inCraftCantDecompose,The Pokemon is in the quartz assembly and cannot be decomposed,精靈正在石英大會中，無法分解,The Pokemon is in the quartz assembly and cannot be decomposed,"Pokémon đang ở Hội trường Indigo, không thể phân tách thành Mảnh ghép.",포켓몬이 석영 대회 진행 중이므로 분해할 수 없습니다.,O Pokémon está na montagem de quartzo e não pode ser decomposto,โปเกมอนอยู่ในชุดควอตซ์และไม่สามารถสลายตัวได้
7400,inCloneBattleCantDecompose,The Pokemon is in elemental challenge and cannot be decomposed,精靈正在元素挑戰中，無法分解,The Pokemon is in elemental challenge and cannot be decomposed,Pokémon đang trong thử thách nguyên tố và không thể được phân giải.,포켓몬이 엘리멘탈 챌린지 진행 중이므로 분해할 수 없습니다.,O Pokémon está em desafio elemental e não pode ser decomposto,โปเกมอนอยู่ในสถานะท้าทายธาตุและไม่สามารถสลายตัวได้
7401,inCrossCraftCantDecompose,The Pokemon is in the cross-service quartz conference and cannot be decomposed,精靈正在跨服石英大會中，無法分解,The Pokemon is in the cross-service quartz conference and cannot be decomposed,Pokémon đang tham gia giải đấu Đá Quý liên máy chủ và không thể được phân giải.,포켓몬이 글로벌 석영 대회 진행 중이므로 분해할 수 없습니다.,O Pokémon está na conferência de quartzo de serviço cruzado e não pode ser decomposto,โปเกมอนอยู่ในงานประชุมควอตซ์ข้ามบริการและไม่สามารถแยกออกได้
7402,inCrossArenaCantDecompose,The Pokemon is in the cross-service arena and cannot be decomposed,精靈正在跨服競技場中，無法分解,The Pokemon is in the cross-service arena and cannot be decomposed,Pokémon đang ở đấu trường liên máy chủ và không thể được phân giải.,포켓몬이 글로벌 아레나 진행 중이므로 분해할 수 없습니다.,O Pokémon está na arena de serviço cruzado e não pode ser decomposto,โปเกมอนอยู่ในสนามประลองข้ามสายและไม่สามารถย่อยสลายได้
7403,checkNumber,"After checking, the number is at least 1",勾選後數量至少為1,"After checking, the number is at least 1",Chọn ít nhất một,체크 후 수량 최소 1,"Após verificar, o número é pelo menos 1",หลังจากตรวจสอบแล้วพบว่ามีเลขอย่างน้อย 1
7404,noEdibleZongZi,No edible rice dumplings,沒有可食用的粽子,No edible rice dumplings,Không có bánh chưng nào ăn được,사용 가능한 연잎밥이 없습니다.,Não há bolinhos de arroz comestíveis,ห้ามรับประทานขนมจีบข้าว
7405,clickAddZongzi,Click to add main ingredients and ingredients to make dumplings,點擊添加主、配料製作粽子,Click to add main ingredients and ingredients to make dumplings,Nhấn để thêm nguyên liệu chính và phụ để làm bánh chưng.,터치해 주 재료와 보조 재료를 추가해 연잎밥 제작,Clique para adicionar ingredientes principais e ingredientes para fazer bolinhos,คลิกเพิ่มส่วนผสมหลักและส่วนผสมในการทำเกี๊ยว
7406,obtainZongZi,You can get [%s ]×1 after making,製作後可獲得[ %s ]×1,You can get [%s ]×1 after making,"Sau khi chế tạo, bạn sẽ nhận được ×1 [%s].",제작 시 [ %s ]×1 획득 가능,Você pode obter [%s ]×1 após fazer,คุณจะได้รับ [%s ]×1 หลังจากทำ
7407,inCloneBattle,Elemental challenge,元素挑戰中,Elemental challenge,Trong thử thách Nguyên tố,엘리멘탈 챌린지 중,Desafio elemental,ความท้าทายแห่งธาตุ
7408,zongZiFabrication,Ingredients for making dumplings are essential!,製作粽子主食材配料缺一不可哦！,Ingredients for making dumplings are essential!,Tất cả các nguyên liệu chính để làm bánh chưng đều rất cần thiết!,연잎밥을 만들기 위해서는 재료가 꼭 필요합니다!,Os ingredientes para fazer bolinhos são essenciais!,ส่วนผสมในการทำขนมจีบก็สำคัญ!
7409,zongZiHint,"(Accumulate during the mission activity time, and calculate the total number of dumplings)",(任務活動時間內進行累計，計製作粽子的總個數),"(Accumulate during the mission activity time, and calculate the total number of dumplings)",(Tổng số bánh chưng được làm trong thời gian diễn ra sự kiện),"""(퀘스트 이벤트 시간 내 누적 진행, 제작한 연잎밥의 총 개수 계산)""",(Acumule durante o tempo de atividade da missão e calcule o número total de bolinhos),(สะสมในช่วงกิจกรรมภารกิจ แล้วคำนวณจำนวนเกี๊ยวทั้งหมด)
7410,possessIngredient,(Own: %d),（擁有 : %d）,(Own: %d),(Sở hữu: %d),(보유: %d),(Próprio: %s),(เป็นเจ้าของ: %s)
7411,speedabrication,Quick production,快速製作,Quick production,Làm nhanh,빠른 제작,Produção rápida,การผลิตที่รวดเร็ว
7412,ingredientInsufficient,%s is not enough!,%s不夠了！,%s is not enough!,Không đủ %s!,%s 부족!,%s não é suficiente!,%s ไม่เพียงพอ!
7413,noSelectZongZi,No dumplings selected,未勾選任何粽子,No dumplings selected,Chưa chọn gói nào,어느 연잎밥도 체크하지 않았습니다.,Nenhum bolinho selecionado,ยังไม่ได้เลือกเกี๊ยว
7414,selectMaterials,Click to select the quantity to be made,點擊選擇需要製作的數量,Click to select the quantity to be made,Nhấn để chọn số lượng cần chế tạo,터치해 제작할 수량을 선택하세요.,Clique para selecionar a quantidade a ser feita,คลิกเพื่อเลือกจำนวนที่ต้องการทำ
7415,crossCraftPreResult,Result of local preliminary ranking,本服預選賽排名結果,Result of local preliminary ranking,Kết quả xếp hạng vòng loại máy chủ,본 서버 예선전 순위 결과,Resultado da classificação preliminar local,ผลการจัดอันดับเบื้องต้นระดับท้องถิ่น
7416,crossArenaBuyTimesMaxTips,The number of purchase challenges today has reached the upper limit,今日購買挑戰次數已達上限,The number of purchase challenges today has reached the upper limit,Bạn đã đạt đến giới hạn mua hàng mỗi ngày cho lượt thử thách.,오늘의 도전 구매 횟수가 이미 한도에 도달했습니다.,O número de desafios de compra hoje atingiu o limite superior,จำนวนการท้าทายการซื้อในวันนี้ถึงขีดจำกัดสูงสุดแล้ว
7417,noItems,"%s is insufficient, you can open it in the 【Zongzi Ingredients Gift Box】obtained during the limited time event",%s不足，可在限時活動中獲得的【粽子食材禮盒】中開出,"%s is insufficient, you can open it in the 【Zongzi Ingredients Gift Box】obtained during the limited time event",Không đủ %s. Có thể nhận được từ [Hộp nguyên liệu làm bánh chưng] có sẵn trong sự kiện thời gian giới hạn.,"""%s 부족, 한정 이벤트에서 획득하는 [연잎밥 식재료 선물상자]에서 획득할 수 있습니다.""","%s é insuficiente, você pode abri-lo na 【Caixa de presente de ingredientes Zongzi】obtida durante o evento por tempo limitado",%s ไม่เพียงพอ คุณสามารถเปิดได้ใน【กล่องของขวัญส่วนผสม Zongzi】ที่ได้รับระหว่างกิจกรรมเวลาจำกัด
7418,gotTitle,Has been awarded the title (%d/%d),已獲得稱號（%d/%d）,Has been awarded the title (%d/%d),Danh hiệu đã đạt được (%d/%d),획득한 칭호(%d/%d),Foi agraciado com o título (%s/%s),ได้รับการพระราชทานบรรดาศักดิ์ (%s/%s)
7419,rod,Fish rod,魚 竿,Fish rod,Cần câu,낚싯대,Vara de pescar,คันเบ็ดตกปลา
7420,bait,Fish bait,魚 餌,Fish bait,Mồi câu cá,미 끼,Isca de peixe,เหยื่อตกปลา
7421,partner,Partner,夥 伴,Partner,Đối tác,동 료,Parceiro,พันธมิตร
7422,targetFishNum,Catch %s times %s,釣到%s次%s,Catch %s times %s,Bắt được %s lần %s,%s회 %s 포획,Pegue %s vezes %s,จับ %s ครั้ง %s
7423,lowFishNum,Number of low-grade fish,低級魚數量,Number of low-grade fish,Số lượng cá cấp thấp,하급 물고기 수량,Número de peixes de baixa qualidade,จำนวนปลาเกรดต่ำ
7424,middleFishNum,Number of intermediate fish,中級魚數量,Number of intermediate fish,Số lượng cá cấp trung bình,중급 물고기 수량,Número de peixes intermediários,จำนวนปลาระยะกลาง
7425,highFishNum,Number of advanced fish,高級魚數量,Number of advanced fish,Số lượng Cá Cao Cấp,상급 물고기 수량,Número de peixes avançados,จำนวนปลาขั้นสูง
7426,totalFishNum,All fish quantity,所有魚數量,All fish quantity,Tổng số Pokémon,모든 물고기 수량,Quantidade de todos os peixes,ปริมาณปลาทั้งหมด
7427,timeDown,Fishing waiting time,釣魚等待時間,Fishing waiting time,Thời gian chờ câu cá,낚시 대기 시간,Tempo de espera para pesca,ระยะเวลาการรอตกปลา
7428,fasterSpeed,Progress speed increased when fish bites,魚咬鉤時進度提升速度,Progress speed increased when fish bites,Tiến trình tăng tốc khi cá cắn câu.,물고기의 입질 시 진행도 속도 증가,A velocidade de progresso aumenta quando o peixe morde,ความเร็วความคืบหน้าเพิ่มขึ้นเมื่อปลากัด
7429,extraProbability,Automatic fishing success rate,自動釣魚成功率,Automatic fishing success rate,Tỷ lệ thành công câu cá tự động,자동 낚시 성공률,Taxa de sucesso de pesca automática,อัตราความสำเร็จในการตกปลาแบบอัตโนมัติ
7430,otherLevelBonuses,Lv.%s bonus:,Lv.%s 加成:,Lv.%s bonus:,Cấp %s Tăng lực:,Lv. %s 보너스:,Bônus de nível %s:,โบนัส Lv.%s:
7431,nowLevelBonuses,Current level bonus:,當前等級加成:,Current level bonus:,Tăng sức mạnh theo cấp độ hiện tại:,현재 레벨 보너스:,Bônus de nível atual:,โบนัสระดับปัจจุบัน:
7432,fishNoTimes,Today's fishing has been exhausted,今日釣魚次數已用盡,Today's fishing has been exhausted,Đã dùng hết lượt câu cá trong ngày.,오늘의 낚시 횟수를 모두 사용했습니다.,A pesca de hoje foi esgotada,วันนี้ตกปลาจนหมดแล้ว
7433,fishGameNotStart,Fishing contest has not started,釣魚大賽未開始,Fishing contest has not started,Cuộc thi câu cá chưa bắt đầu.,낚시대회가 시작되지 않았습니다.,O concurso de pesca ainda não começou,การแข่งขันตกปลายังไม่เริ่ม
7434,noBaitCount,Insufficient quantity of bait,魚餌數量不足,Insufficient quantity of bait,Thiếu mồi,미끼 수량 부족,Quantidade insuficiente de isca,ปริมาณเหยื่อไม่เพียงพอ
7435,noRod,Fishing rod not equipped,未裝備魚竿,Fishing rod not equipped,Chưa trang bị cần câu,낚싯대 미착용,Vara de pesca não equipada,คันเบ็ดไม่ได้ติดตั้ง
7436,noBait,Bait not equipped,未裝備魚餌,Bait not equipped,Chưa trang bị mồi,미끼 미착용,Isca não equipada,เหยื่อไม่ได้ติดตั้ง
7437,fishLose,Fishing failed!,釣魚失敗！,Fishing failed!,Câu cá thất bại!,낚시 실패!,Pescaria falhou!,ตกปลาไม่สำเร็จ!
7438,lowFish,Low grade fish,低級魚,Low grade fish,Cá cấp thấp,하급 물고기,Peixe de baixa qualidade,ปลาเกรดต่ำ
7439,middleFish,Intermediate fish,中級魚,Intermediate fish,Cá trung cấp,중급 물고기,Peixe intermediário,ปลาระดับกลาง
7440,highFish,Advanced fish,高級魚,Advanced fish,Cá Cao Cấp,상급 물고기,Peixe avançado,ปลาขั้นสูง
7441,fishCounter,Total catches: %s,釣到總次數：%s次,Total catches: %s,Tổng số lần câu được: %s lần,낚시 성공 총 횟수: %s회,Total de capturas: %s,จำนวนการจับทั้งหมด: %s
7442,bigFishCounter,Number of big fish caught: %s,釣到大魚次數：%s次,Number of big fish caught: %s,Số lần câu được cá lớn: %s lần,대어 성공 총 횟수: %s회,Número de peixes grandes capturados: %s,จำนวนปลาใหญ่ที่จับได้ : %s
7443,fishLenghtMax,Maximum size caught: %scm,釣到最大尺寸：%scm,Maximum size caught: %scm,Bắt được kích thước lớn nhất: %scm,포획 최대 크기: %scm,Tamanho máximo capturado: %scm,ขนาดสูงสุดที่จับได้: %scm
7444,lvnCanBuy,Lv.%d available for purchase,Lv.%d可購買,Lv.%d available for purchase,Có sẵn ở cấp độ %d,Lv.%d 구매 가능,Lv.%s disponível para compra,Lv.%s สามารถซื้อได้
7445,isAutoFishing,Consuming bait and fishing times for automatic fishing?,消耗魚餌和釣魚次數進行自動釣魚？（自動釣魚後臺自動進行，可返回主城等任意介面）,Consuming bait and fishing times for automatic fishing?,"Sử dụng mồi câu và lượt câu để câu cá tự động? (Câu cá tự động chạy nền, cho phép bạn quay lại thành phố chính hoặc bất kỳ giao diện nào khác.)","""미끼와 낚시 횟수를 소모해 자동 낚시를 진행하겠습니까?(자동 낚시는 자동으로 진행되며, 메인 시티 등 임의의 메뉴로 돌아올 수 있음)""",Consumindo iscas e tempos de pesca para pesca automática?,กินเหยื่อและเวลาในการตกปลาอัตโนมัติไหมครับ?
7446,autoFishCanLose,(Automatic fishing has a probability of fishing failure),(自動釣魚有概率釣魚失敗),(Automatic fishing has a probability of fishing failure),(Câu cá tự động có xác suất thất bại),(자동 낚시는 일정 확률로 실패함),(A pesca automática tem probabilidade de falha na pesca),(การตกปลาอัตโนมัติมีโอกาสตกปลาล้มเหลวได้)
7447,lvIsMax,Has reached the maximum level,當前已達最大等級,Has reached the maximum level,Đã đạt cấp độ tối đa,현재 이미 최고레벨입니다.,Atingiu o nível máximo,ได้บรรลุถึงระดับสูงสุดแล้ว
7448,completeLvUp,Complete all goals to upgrade Lv.%s,達成所有目標即可升級Lv.%s,Complete all goals to upgrade Lv.%s,Hoàn thành tất cả mục tiêu để nâng cấp lên Lv.%s,모든 목표 완료 시 Lv.%s 레벨업 가능,Complete todos os objetivos para melhorar o nível %s,บรรลุเป้าหมายทั้งหมดเพื่ออัพเกรด Lv.%s
7449,monthCardAwardNoToday,#C0x5b545b#buy to get #C0xE67422#%d#Icommon/icon/icon_diamond.png-46-46##C0x5b545b# and #C0xFF0000#3000#VIP EXP#Iconfig/item/icon_apple.png-46-46#,#C0x5b545b#購買後立即獲得#C0xE67422#%d#Icommon/icon/icon_diamond.png-46-46##C0x5b545b#及#C0xFF0000#3000VIP經驗#Iconfig/item/icon_apple.png-46-46#,#C0x5b545b#buy to get #C0xE67422#%d#Icommon/icon/icon_diamond.png-46-46##C0x5b545b# and #C0xFF0000#3000VIP EXP#Iconfig/item/icon_apple.png-46-46#,#C0x5b545b#mua để nhận #C0xE67422#%d#Icommon/icon/icon_diamond.png-46-46##C0x5b545b# và #C0xFF0000#3000 điểm VIP#Iconfig/item/icon_apple.png-46-46#,#C0x5b545b#구매 시 #C0xE67422#%d#Icommon/icon/icon_diamond.png-46-46##C0x5b545b# 및 VIP 경험치 #C0xFF0000#3000#Iconfig/item/icon_apple.png-46-46#,#C0x5b545b#compre para receber #C0xE67422#%s#Icommon/icon/icon_diamond.png-46-46##C0x5b545b# e #C0xFF0000#3000 EXP VIP#Iconfig/item/icon_apple.png-46-46#,#C0x5b545b#ซื้อเพื่อรับ #C0xE67422#%s#Icommon/icon/icon_diamond.png-46-46##C0x5b545b# และ #C0xFF0000#3000 EXP VIP#Iconfig/item/icon_apple.png-46-46#
7450,megaTitle,Mega,超進化,Mega,Siêu Tiến Hóa,메가진화,Mega,เมกะ
7451,megaHouse,Mega Evolution House,超進化屋,Mega Evolution House,Nhà Tiến Hóa,메가진화 하우스,Casa Mega Evolução,บ้านเมก้าอีโวลูชั่น
7455,superStone,Mega stone,超級石,Mega stone,Siêu Đá,메가스톤,Mega pedra,เมก้าสโตน
7456,yaoStone,Keystone,鑰石,Keystone,Đá Khóa,키스톤,Pedra angular,คีย์สโตน
7457,fishGameStartIsAutoFishing,"During the fishing contest, the fish caught in this scene are not counted as points in the competition. Are the consumption times and automatic fishing of bait determined?",釣魚大賽進行中，本場景釣到的魚不計入大賽積分，確定消耗次數和魚餌自動釣魚？,"During the fishing contest, the fish caught in this scene are not counted as points in the competition. Are the consumption times and automatic fishing of bait determined?",Cuộc thi câu cá đang diễn ra. Cá câu được ở khu vực này sẽ không được tính vào điểm thi đấu. Xác nhận số lần sử dụng và mồi để câu cá tự động?,낚시대회 진행 중입니다. 본 장소에서 낚은 물고기는 대회 포인트에 반영되지 않습니다. 정말 횟수와 미끼를 소모해 자동 낚시를 진행하겠습니까?,"Durante a competição de pesca, os peixes capturados nesta cena não são contabilizados como pontos na competição. Os tempos de consumo e pesca automática de iscas são determinados?",ระหว่างการแข่งขันตกปลา ปลาที่จับได้ในฉากนี้จะไม่นับเป็นคะแนนในการแข่งขัน เวลาที่ใช้และการตกปลาอัตโนมัติถูกกำหนดหรือไม่
7458,fishGameStartIsFishing,"During the fishing contest, the fish caught in this scene are not counted in the competition points. Are you sure you want to fish?",釣魚大賽進行中，本場景釣到的魚不計入大賽積分，確定進行釣魚？,"During the fishing contest, the fish caught in this scene are not counted in the competition points. Are you sure you want to fish?",Cuộc thi câu cá đang diễn ra. Cá câu được ở hiện trường này sẽ không được tính vào điểm thi đấu. Xác nhận bắt đầu câu cá?,낚시대회 진행 중입니다. 본 장소에서 낚은 물고기는 대회 포인트에 반영되지 않습니다. 정말 낚시를 진행하겠습니까?,"Durante a competição de pesca, os peixes capturados nesta cena não são contados nos pontos da competição. Tem certeza de que quer pescar?",ในระหว่างการแข่งขันตกปลา ปลาที่จับได้ในฉากนี้จะไม่นับรวมในคะแนนการแข่งขัน คุณแน่ใจหรือไม่ว่าต้องการตกปลา?
7459,conversionNumber,Whether to spend %d diamonds to buy %d conversions,是否要花費%d鑽石來購買%d轉換次數,Whether to spend %d diamonds to buy %d conversions,Bạn có muốn dùng %d kim cương để mua %d đơn vị chuyển đổi không?,%d다이아를 소모해 %d 전환 수량을 구매하겠습니까?,Se deve gastar %s diamantes para comprar %s conversões,ไม่ว่าจะใช้เพชร %s เม็ดเพื่อซื้อการแปลง %s
7460,gemUpNum,"#C0x5B545B# has been placed #C0xF76B45##L10#3#C0xFF5B545B##L0# runestones, after consumption #C0xF76B45##L10# can be replaced with 2 new runestones #C0xFF5B545B##L0# (if runestones have been Reinforcement, the reinforcement materials will be returned free of charge), do you confirm the replacement?",#C0x5B545B#已放置#C0xF76B45##L10#3#C0xFF5B545B##L0#個符石，消耗後#C0xF76B45##L10#可以置換為2個新的符石#C0xFF5B545B##L0#（如符石已強化，則免費返還強化材料），是否確認置換？,"#C0x5B545B# has been placed #C0xF76B45##L10#3#C0xFF5B545B##L0# runestones, after consumption #C0xF76B45##L10# can be replaced with 2 new runestones #C0xFF5B545B##L0# (if runestones have been Reinforcement, the reinforcement materials will be returned free of charge), do you confirm the replacement?","Đã đặt #C0xF76B45##L10#3#C0xFF5B545B##L0# Mảnh ghép. Sau khi sử dụng, chúng có thể được đổi thành 2 Mảnh ghép mới #C0xFF5B545B##L0#(Nếu Mảnh ghép đã được cường hóa, nguyên liệu cường hóa sẽ được hoàn trả miễn phí). Xác nhận trao đổi?","""#C0x5B545B#이미 #C0xF76B45##L10#3#C0xFF5B545B##L0#개의 룬스톤을 배치했습니다. 소모 시 #C0xF76B45##L10#2개의 새 룬스톤으로 바꿀 수 있습니다#C0xFF5B545B##L0#(룬스톤을 이미 강화한 경우, 무료로 강화 재료 반환). 정말 바꾸겠습니까?""","#C0x5B545B# foram colocadas #C0xF76B45##L10#3#C0xFF5B545B##L0# runas, após o consumo #C0xF76B45##L10# podem ser substituídas por 2 novas runas #C0xFF5B545B##L0# (se as runas foram Reforçadas, os materiais de reforço serão devolvidos gratuitamente), você confirma a substituição?",#C0x5B545B# ได้ถูกวางรูนสโตน #C0xF76B45##L10#3#C0xFF5B545B##L0# แล้ว หลังจากใช้รูนสโตน #C0xF76B45##L10# ไปแล้ว สามารถแทนที่ด้วยรูนสโตนใหม่ 2 รูนสโตน #C0xFF5B545B##L0# ได้ (หากรูนสโตนได้รับการเสริมกำลังแล้ว วัสดุเสริมกำลังจะถูกส่งคืนโดยไม่มีค่าใช้จ่าย) คุณยืนยันการเปลี่ยนใหม่หรือไม่
7461,fishing,Fishing,釣 魚,Fishing,Câu cá,낚 시,Pesca,การตกปลา
7462,pleaseWaitOpen,"Not yet opened, so stay tuned",尚未開啟，敬請期待,"Not yet opened, so stay tuned","Chưa mở, vui lòng chờ đợi",준비 중입니다.,"Ainda não foi inaugurado, então fique ligado",ยังไม่เปิดนะครับติดตามกันต่อไป
7463,stopFishingAndExit,Stop this fishing and quit?,停止本次釣魚並退出？,Stop this fishing and quit?,Dừng câu cá này và thoát?,이번 낚시를 중단하고 퇴장하겠습니까?,Parar com essa pescaria e desistir?,หยุดตกปลานี้แล้วเลิกเหรอ?
7464,switchSenceNeedStopAutoFishing,Switch scenes need to stop automatic fishing,切換場景需要先停止自動釣魚,Switch scenes need to stop automatic fishing,Bạn cần dừng câu cá tự động trước khi chuyển cảnh.,지역을 전환하려면 먼저 자동 낚시를 중단해야 합니다.,Trocar cenas precisa parar a pesca automática,สลับฉากต้องหยุดการตกปลาอัตโนมัติ
7465,theContestIsOver,This competition has ended,本期大賽已結束,This competition has ended,Cuộc thi này đã kết thúc.,이번 대회가 이미 종료되었습니다.,Esta competição terminou,การแข่งขันครั้งนี้ได้สิ้นสุดลงแล้ว
7466,FishingCompetition,Fishing contest,釣魚大賽,Fishing contest,Giải đấu câu cá,낚시대회,Concurso de pesca,การแข่งขันตกปลา
7467,regainOnlyItem,%s was obtained repeatedly and has been converted automatically,重複獲得了%s，已自動轉換,%s was obtained repeatedly and has been converted automatically,"Nhận được %s trùng lặp, đã tự động chuyển đổi","""%s 중복 획득, 자동 전환""",%s foi obtido repetidamente e foi convertido automaticamente,%s ได้รับซ้ำๆ และได้รับการแปลงโดยอัตโนมัติ
7468,theContestIsOverCantFishing,The contest is over and you cannot continue fishing,大賽已結束，無法繼續釣魚,The contest is over and you cannot continue fishing,"Cuộc thi đã kết thúc, không thể tiếp tục câu cá",대회가 종료되어 계속 낚시를 할 수 없습니다.,O concurso acabou e você não pode continuar pescando,การแข่งขันสิ้นสุดลงแล้วและคุณไม่สามารถตกปลาต่อได้
7469,catchTip,#C0xFF5B545B# Consume %d个#C0xE67422#[%s]#C0xFF5B545B# Fast fishing %d times?,#C0xFF5B545B#消耗%d個#C0xE67422#【%s】#C0xFF5B545B#快速垂釣%d次？,#C0xFF5B545B# Consume %d个#C0xE67422#[%s]#C0xFF5B545B# Fast fishing %d times?,Sử dụng %d #C0xE67422#【%s】#C0xFF5B545B# để câu cá nhanh %d lần?,#C0xFF5B545B#%d개의 #C0xE67422#[%s]#C0xFF5B545B# 소모를 통해 빠른 낚시 %d회를 진행하겠습니까?,#C0xFF5B545B# Consumir %s个#C0xE67422#[%s]#C0xFF5B545B# Pesca rápida %s vezes?,#C0xFF5B545B# กิน %s个#C0xE67422#[%s]#C0xFF5B545B# ตกปลาเร็ว %s ครั้ง?
7470,notOwn,Not owned,未擁有,Not owned,Chưa có được,미보유,Não possuído,ไม่ได้เป็นเจ้าของ
7471,conversionInsufficient,There are not enough conversions to convert!,轉化次數不足，無法轉化！,There are not enough conversions to convert!,Số lượng không đủ để chuyển đổi!,전환 수량이 부족해 전환할 수 없습니다!,Não há conversões suficientes para converter!,ไม่มีการแปลงเพียงพอที่จะแปลง!
7472,selectConversionNumber,Please select the number of conversions,請選擇轉化數量,Please select the number of conversions,Vui lòng chọn số lượng chuyển đổi,전환 수량을 선택하세요.,Selecione o número de conversões,กรุณาเลือกจำนวนการแปลง
7473,consumeConversionFigment,"#C0x5b545b#Consuming fragments %d %s to convert %d %s, will you continue to convert? #C0x5b545b#",#C0x5b545b#即將消耗%d個%s轉化%d個%s，是否繼續轉化？#C0x5b545b#,"#C0x5b545b#Consuming fragments %d %s to convert %d %s, will you continue to convert? #C0x5b545b#",Sẽ tiêu hao #C0xF76B45#%d %s#C0x5b545b# để chuyển đổi thành #C0xF76B45#%d %s#C0x5b545b#. Có chuyển đổi không?,"""#C0x5b545b##C0xF76B45#%d개의 %s#C0x5b545b# 소모, #C0xF76B45#%d개의 %s#C0x5b545b# 전환을 진행하겠습니까?#C0x5b545b#""","#C0x5b545b#Consumindo fragmentos %s %s para converter %s %s, você continuará convertendo? #C0x5b545b#",#C0x5b545b#ใช้ชิ้นส่วน %s %s เพื่อแปลง %s %s คุณจะแปลงต่อไปหรือไม่ #C0x5b545b#
7474,consumeConversionSprite,"#C0x5b545b#Consuming cards %s will convert %d %s, will you continue to convert? #C0x5b545b#",#C0x5b545b#即將消耗精靈%s轉化%d個%s，是否繼續轉化？#C0x5b545b#,"#C0x5b545b#Consuming cards %s will convert %d %s, will you continue to convert? #C0x5b545b#",Sắp tiêu hao Pokémon #C0xF76B45#%s#C0x5b545b# để chuyển đổi #C0xF76B45#%d %s#C0x5b545b#. Chuyển đổi?,"""#C0x5b545b#포켓몬 #C0xF76B45#%s#C0x5b545b# 소모, #C0xF76B45#%d개의 %s#C0x5b545b# 전환을 진행하겠습니까?#C0x5b545b#""","#C0x5b545b#Consumir cartões %s converterá %s %s, você continuará convertendo? #C0x5b545b#",#C0x5b545b#การใช้การ์ด %s จะแปลง %s %s คุณจะแปลงต่อไปหรือไม่ #C0x5b545b#
7475,cardDissatisfy,"Insufficient Trainer Level, unable to Mega evolve",角色等級不足，無法超進化,"Insufficient Trainer Level, unable to Mega evolve",Cấp độ người chơi chưa đủ để Mega Tiến Hóa.,유저 레벨이 부족해 메가진화를 할 수 없습니다.,"Nível de treinador insuficiente, incapaz de Mega evoluir",ระดับเทรนเนอร์ไม่เพียงพอ ไม่สามารถพัฒนาเป็น Mega ได้
7478,megaConvertHadMega,#C0x5b545b#Already Mega evolved,已經超進化,#C0x5b545b#Already Mega evolved,Pokémon siêu tiến hóa này đã có Z-Move. Bạn có muốn tiếp tục chuyển đổi không?,#C0x5b545b#이미 획득한 메가진화 포켓몬입니다. 계속하겠습니까?,#C0x5b545b#Já Mega evoluiu,#C0x5b545b#เมก้าพัฒนาแล้ว
7479,ultimateCard,Did not reach the final form,未達到最終形態,Did not reach the final form,Hình dạng Pokémon không thỏa mãn,포켓몬 형태가 맞지 않습니다.,Não atingiu a forma final,ไม่ถึงขั้นฟอร์มสุดท้าย
7482,megaOk,"#C0x5b545b#This is a Mega Evolution Pokémon, do you confirm to choose?#C0x5b545b#",#C0x5b545b#這是一隻超進化精靈，是否繼續選擇？#C0x5b545b#,"#C0x5b545b#This is a Mega Evolution Pokémon, do you confirm to choose?#C0x5b545b#",Đây là một Pokémon đã Mega Evolution. Bạn có muốn tiếp tục không?,#C0x5b545b#메가진화 포켓몬입니다. 계속 선택하겠습니까?#C0x5b545b#,"#C0x5b545b#Este é um Pokémon de Mega Evolução, você confirma a escolha?#C0x5b545b#",#C0x5b545b#นี่คือโปเกมอนวิวัฒนาการเมก้า คุณยืนยันที่จะเลือกหรือไม่? #C0x5b545b#
7483,spriteNotNum,No Pokémon can choose.,沒有滿足條件的精靈,No Pokémon can choose.,Không có Pokémon nào đáp ứng các điều kiện.,조건에 맞는 포켓몬이 없습니다.,Nenhum Pokémon pode escolher.,ไม่มีโปเกมอนตัวใดสามารถเลือกได้
7484,fragMentNotNum,No shard,沒有可以選擇的精靈碎片,No shard,Không có Mảnh Linh hồn Pokémon nào để chọn.,선택 가능한 포켓몬 조각이 없습니다.,Nenhum fragmento,ไม่มีเศษ
7485,selectFragment,Please select fragments,請選擇碎片,Please select fragments,Chọn một Mảnh vỡ,조각을 선택하세요.,Por favor selecione fragmentos,กรุณาเลือกชิ้นส่วน
7486,purchaseLimit,Purchased to the limit today,今日已購買至上限,Purchased to the limit today,Đã đạt giới hạn mua hàng trong ngày hôm nay.,오늘은 이미 한도만큼 구매했습니다.,Comprado até o limite hoje,ซื้อมาจนหมดวันนี้
7487,notGoldMega,"Insufficient Gold, unable to Mega Evolve",金幣不足，無法超進化,"Insufficient Gold, unable to Mega Evolve","Không đủ vàng, không thể siêu tiến hóa.",코인이 부족해 메가진화할 수 없습니다.,"Ouro insuficiente, incapaz de Mega Evoluir",ทองไม่เพียงพอ ไม่สามารถพัฒนาเมก้าได้
7488,roleLevelReach,Player level must be %d at least,玩家等級至少達到%d級,Player level must be %d at least,Cấp độ người chơi phải ít nhất là %d.,유저 레벨 %d 달성 필요,O nível do jogador deve ser %s no mínimo,ระดับผู้เล่นต้องมีอย่างน้อย %s
7489,roleCardLevelReach,Pokémon level reaches at least %d,本體精靈等級至少達到%d級,Pokémon level reaches at least %d,Cấp độ của Pokémon phải ít nhất là %d.,본체 포켓몬 레벨 %d 달성 필요,O nível do Pokémon atinge pelo menos %s,เลเวลโปเกมอนถึงอย่างน้อย %s
7490,yaoStoneRule,Keystone conversion instructions,鑰石轉化說明,Keystone conversion instructions,Hướng dẫn chuyển đổi Khóa đá,키스톤 전환 설명,Instruções de conversão Keystone,คำแนะนำการแปลงคีย์สโตน
7491,superStoneRule,Mega stone transformation Instructions,超級石轉化說明,Mega stone transformation Instructions,Giải thích về tiến hóa Mega Stone,메가스톤 전환 설명,Instruções de transformação de mega pedra,คำแนะนำการแปลงร่างเป็นเมก้าสโตน
7492,myBattle,My battle,我的對戰,My battle,Trận đấu của tôi,내 대전,Minha batalha,การต่อสู้ของฉัน
7493,bestBattle,Amazing battle,精彩對戰,Amazing battle,Trận chiến ngoạn mục,멋진 대전,Batalha incrível,การต่อสู้ที่น่าทึ่ง
7494,catchLoseFishRunAway,Oops! Fishing failed.,捕撈失敗，魚兒溜走了，什麽也沒得到,Oops! Fishing failed.,"Câu cá thất bại, cá đã chạy mất, không được gì cả.","""포획 실패, 물고기가 도망갔습니다.""",Opa! Pesca falhou.,อุ๊ย!ตกปลาไม่สำเร็จ
7495,megaStone,Super Stone Convert,超級石轉化,Super Stone Convert,Siêu Tiến Hóa,메가스톤 전환,Super Stone Convert,ซุปเปอร์สโตนคอนเวอร์ท
7496,keyStone,Keystone Convert,鑰石轉化,Keystone Convert,Biến đổi Khóa Đá,키스톤 전환,Conversão Keystone,คีย์สโตนแปลง
7497,everydayTransform,Daily Convert,每日轉化,Daily Convert,Chuyển đổi hàng ngày,일일 전환,Conversão diária,การแปลงรายวัน
7498,selectCardMaterialsMega,#C0x5b545b#Development materials have been invested in this Pokémon. #C0xF76B45#No materials will be returned after the consumption. #C0x5b545b#Continue? #C0x60C456#(Development materials will be returned through Rebirth.),#C0x5b545b#這只精靈已有養成材料投入，#C0xF76B45#消耗後將沒有任何返還，#C0x5b545b#是否繼續選擇？#C0x60C456#（可通過重生返還養成材料）,#C0x5b545b#Development materials have been invested in this Pokémon. #C0xF76B45#No materials will be returned after the consumption. #C0x5b545b#Continue? #C0x60C456#(Development materials will be returned through Rebirth.),Pokémon này đã được đầu tư nguyên liệu huấn luyện. Sử dụng sẽ không có gì được hoàn trả. Bạn có muốn tiếp tục không? (Có thể lấy lại nguyên liệu huấn luyện thông qua hồi sinh),#C0x5b545b#해당 포켓몬은 이미 육성 재료가 투입되었습니다. #C0xF76B45#소모 시 반환되지 않습니다. #C0x5b545b#정말 재료로 추가하겠습니까?#C0x60C456#(부활을 통해 육성 소모 재료 반환),#C0x5b545b#Materiais de desenvolvimento foram investidos neste Pokémon. #C0xF76B45#Nenhum material será devolvido após o consumo. #C0x5b545b#Continuar? #C0x60C456#(Materiais de desenvolvimento serão devolvidos através do Rebirth.),#C0x5b545b#วัสดุการพัฒนาได้ถูกลงทุนไปในโปเกมอนตัวนี้แล้ว #C0xF76B45#จะไม่มีการคืนวัสดุใดๆ หลังจากใช้ไปแล้ว #C0x5b545b#ดำเนินการต่อหรือไม่ #C0x60C456#(วัสดุการพัฒนาจะถูกคืนผ่าน Rebirth)
7499,megaMaterialsNotEnough,Not enough mega evolution materials,超進化材料不足,Not enough mega evolution materials,Thiếu nguyên liệu Mega Tiến Hóa,메가진화 재료 부족,Não há materiais suficientes para a mega evolução,วัสดุวิวัฒนาการเมก้าไม่เพียงพอ
7500,noBattleRecord,No battle intel.,沒有對戰情報鴨,No battle intel.,Không có thông tin trận đấu.,대전 정보가 없습니다.,Nenhuma informação de batalha.,ไม่มีข่าวกรองการรบ
7501,noBestRecord,No highlights obtained.,沒獲取到精彩對戰鴨,No highlights obtained.,Không thu thập được trận chiến ngoạn mục nào.,멋진 대전이 없습니다.,Nenhum destaque obtido.,ไม่ได้รับไฮไลท์
7502,fishingLvNotEnough,Available at Fishing Lv.%d,釣魚等級達到LV.%d後可購買,Available at Fishing Lv.%d,Có thể mua sau khi đạt cấp độ câu cá LV.%d,낚시 레벨 %d 달성 시 구매 가능,Disponível em Pesca Lv.%s,มีจำหน่ายที่ Fishing Lv.%s
7503,conversionNum,Convert Purchase,轉化數量購買,Convert Purchase,Mua số lượng chuyển đổi,전환 수량 구매,Converter Compra,แปลงการซื้อ
7504,hintConversionNumber,Converts,轉化數量,Converts,Số lượng chuyển đổi,전환 수량,Converte,แปลง
7505,surplusTitle,Remaining Purchases:,今日剩餘購買次數,Remaining Purchases:,Số lần mua còn lại hôm nay,오늘 남은 구매 횟수,Compras restantes:,การซื้อที่เหลือ:
7506,whetherMega,"#C0x5b545b#After Mega Evolution, materials been selected will be consumed, do you confirm to continue?",#C0x5b545b#超進化後已選材料將會消耗，是否繼續本次超進化？,"#C0x5b545b#After Mega Evolution, materials been selected will be consumed, do you confirm to continue?",Nguyên liệu đã chọn sẽ bị tiêu hao sau khi Siêu Tiến Hóa. Tiếp tục Siêu Tiến Hóa?,#C0x5b545b#메가진화 후 선택한 재료는 소모됩니다. 메가진화를 계속하겠습니까?,"#C0x5b545b#Após a Mega Evolução, os materiais selecionados serão consumidos. Você confirma que quer continuar?",#C0x5b545b#หลังจาก Mega Evolution วัตถุดิบที่ถูกเลือกจะถูกใช้ไป คุณยืนยันที่จะดำเนินการต่อหรือไม่?
7507,materialsNotEnoughMega,Not enough Convert materials.,轉化材料不足,Not enough Convert materials.,Nguyên liệu chuyển đổi không đủ,전환 재료 부족,Não há materiais de conversão suficientes.,วัสดุแปลงไม่เพียงพอ
7508,conversionNotGold,Not enough Coins. Unable to convert.,金幣不足，無法轉化,Not enough Coins. Unable to convert.,"Không đủ vàng, không thể chuyển đổi.",코인이 부족해 전환할 수 없습니다.,Não há moedas suficientes. Não é possível converter.,เหรียญไม่เพียงพอ ไม่สามารถแปลงได้
7509,sevenNode,"Seasonal 7-Day rewards will be issued at 22:00, %s/%s.",賽季七日獎勵將於%s月%s日22:00發放,"Seasonal 7-Day rewards will be issued at 22:00, %s/%s.",Phần thưởng hàng ngày của mùa giải thứ bảy sẽ được phát hành vào lúc 22:00 ngày %s tháng %s,시즌 7일 보상은 %s월 %s일 22:00에 지급,"As recompensas sazonais de 7 dias serão emitidas às 22:00, %s/%s.",รางวัลตามฤดูกาล 7 วันจะออกในเวลา 22:00 น. %s/%s
7510,sevenEnd,Rewards have been issued,本賽季七日獎勵已發放,Rewards have been issued,Phần thưởng bảy ngày của mùa giải này đã được trao.,본 시즌 7일 보상을 이미 지급했습니다.,Recompensas foram emitidas,ได้มีการออกรางวัลแล้ว
7511,fishingLv,Fishing Lv.%d,釣魚等級Lv %d,Fishing Lv.%d,Cấp độ câu cá Lv %d,낚시 레벨 Lv%d,Pesca Lv.%s,การตกปลา Lv.%s
7512,switchToolsNeedStopAutoFishing,Unable to change during Auto-fishing.,自動釣魚過程中無法進行更換,Unable to change during Auto-fishing.,Không thể thay đổi cần câu hoặc mồi khi câu cá tự động.,자동 낚시 중에는 변경할 수 없습니다.,Não é possível alterar durante a pesca automática.,ไม่สามารถเปลี่ยนแปลงได้ระหว่างการตกปลาอัตโนมัติ
7513,UFShowSelf,Myself,只看自己,Myself,Chỉ nhìn vào bản thân,자신만 보기,Eu mesmo,ตัวฉันเอง
7514,UFShowAll,My Guild,看本公會,My Guild,Xem hội này,본 길드 보기,Minha Guilda,กิลด์ของฉัน
7515,canBackToCity,Fishing continues when leave,可以返回主城,Fishing continues when leave,Có thể quay lại thành phố chính.,메인 시티로 돌아갈 수 있습니다.,A pesca continua quando sair,การตกปลายังคงดำเนินต่อไปเมื่อออกเดินทาง
7516,comment,Comment,評論,Comment,Bình luận,평가,Comentário,ความคิดเห็น
7517,selectCardFragments,"""Select """,請選擇,"""Select """,Vui lòng chọn,선택하세요,Selecionar,เลือก
7518,selectRarityCardFragments,%s,%s,%s,%s,%s,%s,%sินาที
7519,selectTypeCardFragments,%s type,%s系,%s type,Kiểu %s,%s 계열,Tipo %s,ประเภท %s
7520,pleaseCommentOn,Leave your comment here(%d characters max),請發表評論（限定 %d字）,Leave your comment here(%d characters max),Viết bình luận (giới hạn %d ký tự),평가를 남기세요(%d글자 제한),Deixe seu comentário aqui (%s caracteres no máximo),ฝากความคิดเห็นของคุณที่นี่(%s ตัวอักษรสูงสุด)
7521,confirmWithCardScore,Your rating for this Pokémon is %d points. Confirm?,你將為這只精靈評測%d分，是否確認？,Your rating for this Pokémon is %d points. Confirm?,"Bạn sẽ đánh giá Pokémon này %d điểm, xác nhận chứ?",포켓몬에게 %d 점을 주었습니다. 확정하겠습니까?,Sua classificação para este Pokémon é %s pontos. Confirma?,คะแนนของคุณสำหรับโปเกมอนตัวนี้คือ %s คะแนน ยืนยันหรือไม่?
7522,confirmWithDeleteComment,Delete the comment?,是否刪除這條評論？,Delete the comment?,Xóa bình luận này?,평가를 삭제하겠습니까?,Excluir o comentário?,ลบความคิดเห็น?
7523,gradeComplete,Rating succeeds. You can change the rating the next day.,評分成功，次日可修改評分,Rating succeeds. You can change the rating the next day.,"Đánh giá thành công, có thể sửa đổi vào ngày hôm sau.","""평가 성공, 다음 날 평가를 수정할 수 있습니다.""",A classificação foi bem-sucedida. Você pode alterar a classificação no dia seguinte.,การจัดอันดับสำเร็จ คุณสามารถเปลี่ยนการจัดอันดับได้ในวันถัดไป
7524,tomorrowCanChangeGrade,You can change the rating tomorrow.,明日可修改評分,You can change the rating tomorrow.,Điểm số có thể được sửa đổi vào ngày mai.,다음 날 평가를 수정할 수 있습니다.,Você pode alterar a classificação amanhã.,คุณสามารถเปลี่ยนคะแนนได้พรุ่งนี้
7525,megaConvertTimesTip,(Convert attempts +10 at 0:00 every day),(每日 05:00 可轉化數量+%s),(Convert attempts +10 at 0:00 every day),(Số lượng chuyển đổi khả dụng lúc 05:00 hàng ngày +%s),(매일 00:00에 전환 가능 수량 +%s),(Tentativas de conversão +10 às 0:00 todos os dias),(แปลงจำนวนครั้ง +10 ที่เวลา 0:00 ทุกวัน)
7526,megaConvertTimesLimit,Max reached. Unable to purchase more. Please use some first.,無法購買超過上限，請使用後再購買,Max reached. Unable to purchase more. Please use some first.,Không thể mua vượt quá giới hạn. Vui lòng sử dụng một số trước khi mua thêm.,한도를 초과해서 구매할 수 없습니다. 사용 후 다시 구매하세요.,Máximo atingido. Não é possível comprar mais. Use alguns primeiro.,ถึงขีดจำกัดแล้ว ไม่สามารถซื้อเพิ่มได้ กรุณาใช้บางส่วนก่อน
7527,nextFishing,Next Auto-fishing:,下一次自動釣魚：,Next Auto-fishing:,Lần câu cá tự động tiếp theo:,다음 자동 낚시:,Próxima pesca automática:,ตกปลาอัตโนมัติถัดไป:
7528,UFRecordNoSelfData,No battle info yet.,暫無本人戰報數據，不進行顯示切換,No battle info yet.,"Không có dữ liệu báo cáo trận đấu cá nhân, không hiển thị chuyển đổi.",아직 자신의 전투 보고 데이터가 없습니다. 표시를 전환하지 않습니다.,Nenhuma informação sobre a batalha ainda.,ยังไม่มีข้อมูลการต่อสู้
7529,cardFightingRank,Power,精靈戰力榜,Power,Bảng xếp hạng sức mạnh Pokémon,전투력 순위,Poder,พลัง
7530,cardCommentRank,Rate,精靈評分榜,Rate,Bảng xếp hạng Pokémon,평점순위,Avaliar,ประเมิน
7531,otherServersCantViewing,Unable to view information of players from other servers.,其他區服玩家資訊無法查看,Unable to view information of players from other servers.,Không thể xem thông tin người chơi từ các máy chủ khác.,다른 서버 유저의 정보를 확인할 수 없습니다.,Não é possível visualizar informações de jogadores de outros servidores.,ไม่สามารถดูข้อมูลผู้เล่นจากเซิร์ฟเวอร์อื่นได้
7532,oneStarGrade,Lacking,求加強,Lacking,Cần tăng cường,상향 필요,Faltando,ขาดแคลน
7533,twoStarGrade,Not Enough,不夠給力,Not Enough,Không đủ mạnh,힘이 부족해,Não é o suficiente,ไม่เพียงพอ
7534,threeStarGrade,Barely,勉強可用,Barely,Khó dùng,그런대로,Por muito pouco,แทบจะไม่
7535,fourStarGrade,Strong,很強力,Strong,Rất mạnh mẽ,아주 강해,Forte,แข็งแกร่ง
7536,fiveStarGrade,Highly Recommended,極力推薦,Highly Recommended,Rất khuyến khích,적극 추천,Altamente recomendado,แนะนำอย่างยิ่ง
7537,cardFeelViewtext,Use gifts universal for all types only.,僅使用屬性通用禮物,Use gifts universal for all types only.,Chỉ sử dụng quà tặng thuộc tính chung,타입 통용 선물만 사용,Use presentes universais apenas para todos os tipos.,ใช้ของขวัญสากลได้ทุกประเภทเท่านั้น
7538,commentIsDelete,Comment deleted.,評論已刪除,Comment deleted.,Bình luận đã bị xóa,평가 삭제 완료,Comentário excluído.,ความคิดเห็นถูกลบแล้ว
7539,commentIsSucceed,Comment posted.,評論發布成功,Comment posted.,Bình luận đã được đăng thành công,평가 발표 성공,Comentário postado.,แสดงความคิดเห็นแล้ว
7540,nomalExpAddtext,Story Stage XP Bonus:,劇情關卡經驗加成：,Story Stage XP Bonus:,Tăng kinh nghiệm màn chơi cốt truyện:,스토리 스테이지 경험치 보너스:,Bônus de XP do Estágio da História:,โบนัส XP ของด่านเนื้อเรื่อง:
7541,heroExpAddtext,Hard Stage XP Bonus:,困難關卡經驗加成：,Hard Stage XP Bonus:,Tăng kinh nghiệm ở màn chơi khó:,하드 스테이지 경험치 보너스:,Bônus de XP do Estágio Difícil:,โบนัส XP ขั้นยาก:
7542,sweepWorldLevelExtra,Extra Rewards for World Level:,因世界等級獎勵額外獲得,Extra Rewards for World Level:,Nhận thêm từ phần thưởng cấp độ thế giới,월드 레벨 보상 추가 획득,Recompensas extras para o nível mundial:,รางวัลพิเศษสำหรับระดับโลก:
7543,megaConvertExceedLimit,#C0x5b545b#Mega Stones obtained after transform will exceed limit required for Mega Evolution. Continue to transform?,#C0x5b545b#轉化後獲得的超級石將超出超進化所需的上限，是否繼續轉化？,#C0x5b545b#Mega Stones obtained after transform will exceed limit required for Mega Evolution. Continue to transform?,Số Mega Stone nhận được sau khi chuyển đổi sẽ vượt quá giới hạn cần thiết cho Mega Evolution. Bạn có muốn tiếp tục chuyển đổi không?,#C0x5b545b#전환 시 획득하는 메가스톤이 메가진화에 필요한 한도를 초과합니다. 계속하겠습니까?,#C0x5b545b#Mega Stones obtidas após a transformação excederão o limite necessário para a Mega Evolução. Continuar a transformação?,#C0x5b545b#Mega Stone ที่ได้รับหลังจากการแปลงร่างจะเกินขีดจำกัดที่กำหนดไว้สำหรับ Mega Evolution ดำเนินการแปลงร่างต่อไปหรือไม่
7544,onlyCollection,Collections Only,只看收藏,Collections Only,Chỉ xem mục yêu thích,수집만 보기,Somente coleções,เฉพาะคอลเลคชั่นเท่านั้น
7545,seeAll,View All,查看所有,View All,Xem tất cả,모두 보기,Ver tudo,ดูทั้งหมด
7546,cleanAllChance,Clear,清空選擇,Clear,Xóa lựa chọn,비우기 선택,Claro,ชัดเจน
7547,setTarget,Set Target,設置目標,Set Target,Thiết lập mục tiêu,설정 목표,Definir meta,กำหนดเป้าหมาย
7548,confirmSelection,Confirm,確認選擇,Confirm,Xác nhận lựa chọn,선택 확인,Confirmar,ยืนยัน
7549,reChallenge,Resets,重置次數,Resets,Số lần đặt lại,초기화 횟수,Reinicializações,รีเซ็ต
7550,allBattleTimes,%d-%d,%d-%d,%d-%d,%d-%d,%d-%d,%s-%s,%s-%s
7551,timeNotEnoughToSweepAll,Not enough raids. Reset raid chances or cancel.,掃蕩次數不足，請重置掃蕩次數或取消選擇,Not enough raids. Reset raid chances or cancel.,Số lần quét không đủ. Vui lòng đặt lại số lần quét hoặc hủy bỏ lựa chọn.,소탕 횟수가 부족합니다. 소탕 횟수를 초기화하거나 선택을 취소하세요.,Não há raides suficientes. Reinicie as chances de raid ou cancele.,การบุกโจมตีไม่เพียงพอ รีเซ็ตโอกาสการบุกโจมตีหรือยกเลิก
7552,pleaseChanceGate,Select the target stage and raid.,請選擇目標關卡再掃蕩,Select the target stage and raid.,Vui lòng chọn cấp độ mục tiêu trước khi quét.,대상 스테이지를 선택한 후 다시 소탕하세요.,Selecione o estágio alvo e o ataque.,เลือกด่านเป้าหมายและการจู่โจม
7553,pleaseCheckFirst,Please confirm first before you do this.,請先確認後再進行此操作,Please confirm first before you do this.,Vui lòng xác nhận trước khi tiến hành thao tác này.,먼저 확인 후 다시 시도하세요.,"Por favor, confirme primeiro antes de fazer isso.",กรุณายืนยันก่อนดำเนินการนี้
7554,pleaseResetting,Please reset the stage and then select.,請重置該關卡後進行勾選,Please reset the stage and then select.,Vui lòng đặt lại màn chơi rồi tích chọn.,해당 스테이지를 초기화한 후 선택하세요.,Reinicie o cenário e então selecione.,กรุณารีเซ็ตเวทีแล้วเลือก
7555,noSaveToQuit,No changes made. Confirm to leave without saving?,檢測到勾選關卡不變，不保存即退出？,No changes made. Confirm to leave without saving?,Phát hiện cấp độ đã chọn không thay đổi. Thoát mà không lưu?,체크 스테이지가 동일합니다. 저장하지 않고 퇴장하겠습니까?,Nenhuma alteração feita. Confirmar para sair sem salvar?,ไม่มีการเปลี่ยนแปลงใดๆ ยืนยันการออกโดยไม่บันทึกใช่ไหม
7556,collectSucceed,Added,成功加入收藏,Added,Đã thêm vào bộ sưu tập thành công,수집 추가 성공,Adicionado,เพิ่ม
7557,collectCancel,Cancel,取消收藏,Cancel,Bỏ yêu thích,수집 취소,Cancelar,ยกเลิก
7558,disserentServerCantViewing,Unable to view information of players from other servers.,其他區服玩家的資訊無法查看,Unable to view information of players from other servers.,Không thể xem thông tin của người chơi từ các máy chủ khác.,다른 서버 유저의 정보 보기 불가,Não é possível visualizar informações de jogadores de outros servidores.,ไม่สามารถดูข้อมูลผู้เล่นจากเซิร์ฟเวอร์อื่นได้
7559,specialFishNum,Catched %s,釣到%s次數,Catched %s,Đã bắt được %s lần,%s회 포획,Pegou %s,จับได้ %s
7560,nowLevelCantComment,Comment is unlocked at Lv.%d,%d級後可以發布評論,Comment is unlocked at Lv.%d,Có thể đăng bình luận sau cấp độ %d,%d레벨 후 평가 가능,O comentário é desbloqueado no Lv.%s,ความคิดเห็นถูกปลดล็อคที่ Lv.%s
7561,onSwitchChange1,Spend #C0xF76B45#%d#Icommon/icon/icon_diamond.png-56-56##C0x5B545B# to switch to a new branch? (All the development will be inherited after the switching.),是否消耗#C0xF76B45#%d#Icommon/icon/icon_diamond.png-56-56##C0x5B545B#，切換至新的分支？(切換分支後，所有養成將完全繼承),Spend #C0xF76B45#%d#Icommon/icon/icon_diamond.png-56-56##C0x5B545B# to switch to a new branch? (All the development will be inherited after the switching.),"Có sử dụng #C0xF76B45#%d#Icommon/icon/icon_diamond.png-56-56##C0x5B545B# kim cương để chuyển sang nhánh mới không? (Sau khi chuyển nhánh, tất cả quá trình nuôi dưỡng sẽ được kế thừa hoàn toàn)",#C0xF76B45#%d#Icommon/icon/icon_diamond.png-56-56##C0x5B545B#를 소모해 새로운 분기로 전환하겠습니까?(분기 전환 시 모든 육성 내용이 계승됨),Gastar #C0xF76B45#%s#Icommon/icon/icon_diamond.png-56-56##C0x5B545B# para mudar para uma nova ramificação? (Todo o desenvolvimento será herdado após a mudança.),ใช้ #C0xF76B45#%s#Icommon/icon/icon_diamond.png-56-56##C0x5B545B# เพื่อสลับไปยังสาขาใหม่หรือไม่ (การพัฒนาทั้งหมดจะได้รับการสืบทอดหลังการสลับ)
7562,canNotSwitchChange,Unable to switch to the branch due to the discrepancy in evolve phases.,進化階段不對等，無法切換到該分支！,Unable to switch to the branch due to the discrepancy in evolve phases.,"Các giai đoạn tiến hóa không đồng đều, không thể chuyển sang nhánh này!",진화 단계가 맞지 않아 해당 분기로 전환할 수 없습니다!,Não é possível alternar para o branch devido à discrepância nas fases de evolução.,ไม่สามารถสลับไปยังสาขาได้เนื่องจากความคลาดเคลื่อนในขั้นตอนการพัฒนา
7563,succeedSwitchChange,Switched.,已成功切換精靈分支,Switched.,Đã chuyển nhánh Pokémon thành công,포켓몬 분기 전환 성공,Trocado.,สลับแล้ว
7564,fishingGameIsOverAutoIsStop,Fishing contest has ended. Auto-fishing Reward will be sent by mail.,釣魚大賽已結束，自動釣魚獎勵將通過郵件進行發送，請註意查收,Fishing contest has ended. Auto-fishing Reward will be sent by mail.,Cuộc thi câu cá đã kết thúc. Phần thưởng câu cá tự động sẽ được gửi qua email. Vui lòng kiểm tra hộp thư của bạn.,낚시대회가 종료되었습니다. 자동 낚시 보상이 우편으로 지급되었습니다.,O concurso de pesca terminou. A recompensa de pesca automática será enviada pelo correio.,การแข่งขันตกปลาสิ้นสุดลงแล้ว รางวัลการตกปลาอัตโนมัติจะถูกส่งให้ทางไปรษณีย์
7565,allTargetAward,Event Reward:,活動獎勵：,Event Reward:,Phần thưởng sự kiện:,이벤트 보상:,Recompensa do evento:,รางวัลกิจกรรม:
7566,summerGift,Summer Pack,夏日禮盒,Summer Pack,Hộp quà mùa hè,여름 선물,Pacote de verão,ซัมเมอร์แพ็ค
7567,nowBranch,Current Branch,當前分支,Current Branch,Chi nhánh hiện tại,현재 분기,Filial atual,สาขาปัจจุบัน
7568,chanceBranch,Confirm,選擇此分支,Confirm,Lựa chọn này chi nhánh,해당 분기 선택,Confirmar,ยืนยัน
7569,gateStoryBlank,Story,劇 情,Story,Kịch Tình,스토리,História,เรื่องราว
7570,gateDifficultBlank,Hard,困 難,Hard,Khốn Khó,하 드,Duro,แข็ง
7571,rebirthGemTip,#C0x5b545b#The selected Rune is to be reborn. The Training Level of the Rune will be #C0xF76B45#restored to the initial state#C0x5b545b#. Continue?,#C0x5b545b#即將重生選中的符石，培養等級將#C0xF76B45#還原至初始狀態#C0x5b545b#，是否繼續？,#C0x5b545b#The selected Rune is to be reborn. The Training Level of the Rune will be #C0xF76B45#restored to the initial state#C0x5b545b#. Continue?,"Mảnh ghép đã chọn sẽ được tái sinh, cấp độ sẽ được đặt lại về trạng thái ban đầu. Tiếp tục?",#C0x5b545b#선택한 룬스톤의 부활을 진행합니다. 육성 레벨이 #C0xF76B45#초기 상태로 돌아갑니다#C0x5b545b#. 계속하겠습니까?,#C0x5b545b#A Runa selecionada deve renascer. O Nível de Treinamento da Runa será #C0xF76B45#restaurado ao estado inicial#C0x5b545b#. Continuar?,#C0x5b545b#รูนที่เลือกจะต้องถูกฟื้นคืนชีพ ระดับการฝึกของรูนจะถูกคืนสู่สถานะเริ่มต้น #C0xF76B45## ดำเนินการต่อหรือไม่
7572,onedayCanCommentTimes,Comment up to %d time(s) for the same Pokémon series every day.,同一精靈系列每天最多可評論%d次,Comment up to %d time(s) for the same Pokémon series every day.,Bạn có thể bình luận về cùng một loạt Pokémon tối đa %d lần mỗi ngày.,동일한 포켓몬 계열 매일 최대 %d회 리뷰 가능,Comente até %s vez(es) para a mesma série Pokémon todos os dias.,แสดงความคิดเห็นได้ถึง %s ครั้งสำหรับซีรีส์โปเกมอนเดียวกันทุกวัน
7573,onedayDifferentCanCommentTimes,Comment up to %d different Pokémon series every day.,每天最多可評論%d個不同精靈系列,Comment up to %d different Pokémon series every day.,Bạn có thể bình luận tối đa %d chuỗi Pokémon khác nhau mỗi ngày.,하루에 최대 %d개까지 다양한 포켓몬 계열 리뷰 가능,Comente até %s séries diferentes de Pokémon todos os dias.,แสดงความคิดเห็นเกี่ยวกับซีรีย์โปเกมอนที่แตกต่างกันสูงสุดถึง %s รายการทุกวัน
7574,cardNotActivateCantGrade,Pokedex of the Pokémon series need to be activated.,需要啟動該精靈系列的圖鑒,Pokedex of the Pokémon series need to be activated.,Cần kích hoạt mục nhập Pokédex của dòng Pokémon này.,해당 포켓몬 계열의 도감을 활성화 필요,A Pokédex da série Pokémon precisa ser ativada.,จำเป็นต้องเปิดใช้งาน Pokedex ของซีรีส์โปเกมอน
7575,onSwitchChange2,Switch to a new branch? (All the development will be inherited after the switching.),即將切換至新的分支，是否繼續？(切換分支後，所有養成將完全繼承),Switch to a new branch? (All the development will be inherited after the switching.),Chuyển sang nhánh mới. Tiếp tục?,새로운 분기로 전환합니다. 계속하겠습니까?(분기 전환 시 모든 육성 내용이 계승됨),Mudar para uma nova ramificação? (Todo o desenvolvimento será herdado após a mudança.),สลับสาขาใหม่? (การพัฒนาทั้งหมดจะถูกสืบทอดหลังการเปลี่ยนสาขา)
7576,chooseGateToSweepText,Tap shard icon to select,點擊碎片icon勾選要掃蕩的關卡,Tap shard icon to select,Nhấp vào biểu tượng Mảnh ghép để chọn các màn chơi muốn quét.,조각 아이콘 터치하여 체크,Toque no ícone de fragmento para selecionar,แตะไอคอนชิ้นส่วนเพื่อเลือก
7577,branchItemsNotEnough,Not enough items. Unable to activate.,道具不足，無法點亮,Not enough items. Unable to activate.,"Vật phẩm không đủ, không thể kích hoạt.","아이템 부족, 오픈 불가",Não há itens suficientes. Não é possível ativar.,รายการไม่เพียงพอ ไม่สามารถเปิดใช้งานได้
7578,pleaseStayWaiting,Coming soon!,暫未開啟，敬請期待,Coming soon!,"Chưa khả dụng, vui lòng chờ",준비 중입니다.,Em breve!,เร็วๆ นี้!
7579,sweepAdaptiveTip,Requirements are met. Raid stops automatically.,已達到需求數量，自動停止掃蕩,Requirements are met. Raid stops automatically.,"Đã đạt số lượng yêu cầu, tự động dừng quét",이미 필요 수량에 도달해 자동으로 소탕을 종료합니다.,Requisitos são atendidos. Raid para automaticamente.,ตรงตามข้อกำหนด การโจมตีจะหยุดโดยอัตโนมัติ
7580,confirmSelectSprite,#C0x5B545B#Select #C0xF76B45#%s#C0x5B545B# as reward?,#C0x5B545B#選擇#C0xF76B45#%s#C0x5B545B#作為獎勵？,#C0x5B545B#Select #C0xF76B45#%s#C0x5B545B# as reward?,Chọn #C0xF76B45%s#C0x5B545B làm phần thưởng?,#C0x5B545B##C0xF76B45#%s#C0x5B545B# 보상을 선택하겠습니까?,#C0x5B545B#Selecionar #C0xF76B45#%s#C0x5B545B# como recompensa?,#C0x5B545B#เลือก #C0xF76B45#%s#C0x5B545B# เป็นรางวัล?
7581,onlineFight,PvP Arena,對戰競技場,PvP Arena,Sân vận động chiến đấu,대전 아레나,Arena PvP,อารีน่า PvP
7582,onlineFightNoticeTime,Seasonal Schedule: %s 05:00 -- %s 22:00,本賽季賽程時間: %s 05:00 —— %s 22:00,Seasonal Schedule: %s 05:00 -- %s 22:00,Thời gian thi đấu mùa này: %s 05:00 — %s 22:00,본 시즌 시간: %s 05:00 ~ %s 22:00,Cronograma sazonal: %s 05:00 -- %s 22:00,ตารางตามฤดูกาล : %s 05:00 -- %s 22:00
7583,onlineFightSceneLeft,Remaining,賽季剩餘,Remaining,Mùa giải còn lại,시즌 잔여,Restante,ที่เหลืออยู่
7584,onlineFightGameTime,12:00-20:00 on Sat. & Sun.,週六、日 12:00-20:00,12:00-20:00 on Sat. & Sun.,"Thứ Bảy, Chủ Nhật 12:00-20:00",토요일、일요일 12:00-20:00,12:00-20:00 no sábado e domingo.,วันเสาร์-อาทิตย์ เวลา 12.00-20.00 น.
7585,onlineFightMyRank,Ranking:,我的排名:,Ranking:,Ta xếp hạng:,내 순위:,Classificação:,อันดับ:
7586,onlineFightMyPoint,Points:,我的積分:,Points:,Ta điểm tích lũy:,내 포인트:,Pontos:,คะแนน:
7587,onlineFightModelLimited1,Pick Mode,選位製,Pick Mode,Hệ thống chọn,선택제,Modo de seleção,โหมดการเลือก
7588,onlineFightModelLimited2,Ban&Pick Mode,BAN選製,Ban&Pick Mode,Hệ thống cấm/chọn,밴픽제,Modo Ban&Pick,โหมดแบนและเลือก
7589,onlineFightTheme,"""Theme: """,本期主題:,"""Theme: """,Chủ đề tuần này:,"""이번 주제:""",Tema:,ธีม:
7590,onlineFightBanTip1,* Reach %s Point(s) and switch to Ban Mode automatically.,*積分達到%s後自動切換BAN選製,* Reach %s Point(s) and switch to Ban Mode automatically.,Tự động chuyển sang chế độ chọn BAN khi điểm đạt %s,*포인트 %s 도달 시 자동으로 밴픽제 전환,* Alcance %s Ponto(s) e mude para o Modo Banimento automaticamente.,* ถึง %s คะแนนและสลับไปที่โหมดแบนโดยอัตโนมัติ
7591,onlineFightBanTip2,* Ban Mode is a mode where players ban Pokémon from the selection pool,*BAN選製即在雙方戰鬥開始前增加BAN精靈的流程機製,* Ban Mode is a mode where players ban Pokémon from the selection pool,Hệ thống BAN bổ sung một quy trình cấm Pokémon trước khi trận đấu giữa hai bên bắt đầu.,*밴픽제는 양측의 전투가 시작하기 전 포켓몬 밴을 추가하는 과정 메커니즘입니다.,* O Modo Ban é um modo onde os jogadores banem Pokémon do pool de seleção,* โหมดแบนคือโหมดที่ผู้เล่นจะแบนโปเกมอนจากกลุ่มการเลือก
7592,onlineFightWeeklyTarget1,Victories,勝利次數,Victories,Số lần thắng,승리횟수,Vitórias,ชัยชนะ
7593,onlineFightWeeklyTarget2,Participation Times,參與次數,Participation Times,Số lần tham gia,참여 횟수,Tempos de Participação,เวลาการเข้าร่วม
7594,onlineFightWeeklyTargetTip,Claim when total %s reaches %s for the week.,"本周累計%s達到%s場, 可領取",Claim when total %s reaches %s for the week.,"Tổng cộng %s đạt %s trận trong tuần này, có thể nhận",이번 주 %s누적 %s회 달성 시 수령 가능,Reivindique quando o total de %s atingir %s na semana.,รับสิทธิ์เมื่อยอดรวม %s ถึง %s ในสัปดาห์นั้น
7595,onlineFightRuleTitle,#C0x5B545B#Highest Points in Pick Match : #C0xF76B45#%s#C0x5B545B#    Highest Points in Unlimited Match:#C0xF76B45#%s,#C0x5B545B#本賽季，公平賽製最高積分：#C0xF76B45#%s#C0x5B545B#    無限製賽最高積分：#C0xF76B45#%s,#C0x5B545B#Highest Points in Pick Match : #C0xF76B45#%s#C0x5B545B#    Highest Points in Unlimited Match:#C0xF76B45#%s,"#C0x5B545B#Mùa giải này, điểm số cao nhất ở chế độ chơi fair play: #C0xF76B45#%s#C0x5B545B#    Điểm số cao nhất ở chế độ không giới hạn: #C0xF76B45#%s","#C0x5B545B#본 시즌, 공평대회 규칙 최고점수:#C0xF76B45#%s#C0x5B545B#    무제한전 최고점수:#C0xF76B45#%s",#C0x5B545B#Maior pontuação na partida de escolha: #C0xF76B45#%s#C0x5B545B# Maior pontuação na partida ilimitada:#C0xF76B45#%s,#C0x5B545B#แต้มสูงสุดในแมตช์ Pick : #C0xF76B45#%s#C0x5B545B# แต้มสูงสุดในแมตช์แบบไม่จำกัด : #C0xF76B45#%s
7596,onlineFightLimited,Pick Match,公平賽,Pick Match,Trận đấu công bằng,공평대회,Escolha a partida,เลือกแมตช์
7597,onlineFightUnlimited,Unlimited Match,無限製賽,Unlimited Match,Trận đấu không giới hạn,무제한 경기,Partida ilimitada,แมตช์ไม่จำกัด
7598,onlineFightWeeklyTargetReset,before reset,後重置,before reset,Khởi tạo lại sau đó,라셋,antes de reiniciar,ก่อนรีเซ็ต
7599,onlineFightRewardDesc1,"Take the highest score between two modes ,sent by mail 30 mins after weekly match ends ",取兩個模式中較高的積分，每週日匹配結束的30分鐘後郵件發放獎勵,"Take the highest score between two modes ,sent by mail 30 mins after weekly match ends ",Lấy điểm số cao hơn trong hai chế độ. Phần thưởng sẽ được gửi qua email sau 30 phút kết thúc trận đấu vào Chủ nhật hàng tuần.,2개 모드 중 높은 포인트로 매주 일요일 매치가 끝나는 30분 후 우편으로 보상 지급,"Pegue a maior pontuação entre dois modos, enviada por correio 30 minutos após o término da partida semanal",รับคะแนนสูงสุดระหว่างสองโหมด ส่งทางไปรษณีย์ 30 นาทีหลังสิ้นสุดการแข่งขันประจำสัปดาห์
7600,onlineFightRewardDesc2,"Take the highest rank between two modes, sent by mail 30 mins after season ends ",取兩個模式中較高的排名，賽季末當天匹配結束30分鐘後郵件發放獎勵,"Take the highest rank between two modes, sent by mail 30 mins after season ends ",Xếp hạng cao hơn trong hai chế độ sẽ được sử dụng. Phần thưởng sẽ được gửi qua email 30 phút sau khi trận đấu kết thúc vào ngày cuối cùng của mùa giải.,2개 모드 중 높은 순위를 매겨 시즌 막판 당일 매칭 종료 30분 우편으로 보상 지급,"Pegue a classificação mais alta entre dois modos, enviada por correio 30 minutos após o término da temporada",รับตำแหน่งสูงสุดระหว่างสองโหมด ส่งทางไปรษณีย์ 30 นาทีหลังสิ้นสุดฤดูกาล
7601,onlineFightRewardSpecialDesc1,Settlement rewards will be available after joining at least 3 battles for the week.,本周需要至少參與3場戰鬥才可領取結算獎勵,Settlement rewards will be available after joining at least 3 battles for the week.,Bạn cần tham gia ít nhất 3 trận đấu trong tuần này để nhận phần thưởng cuối cùng.,이번 주 최소 3회 전투를 참여해야 결산 보상을 수령 가능,As recompensas de liquidação estarão disponíveis após participar de pelo menos 3 batalhas na semana.,รางวัลการตั้งถิ่นฐานจะพร้อมใช้งานหลังจากเข้าร่วมการต่อสู้อย่างน้อย 3 ครั้งภายในสัปดาห์นั้น
7602,onlineFightTab1,Weekly,周結算,Weekly,Thanh toán hàng tuần,주 결산,Semanalmente,รายสัปดาห์
7603,onlineFightTab2,Seasonal,賽季結算,Seasonal,Kết thúc mùa giải,시즌 결산,Sazonal,ตามฤดูกาล
7604,score,Point,積分,Point,Điểm tích lũy,포인트,Apontar,จุด
7605,commentFightingRankTip,Pokémon not owned.,尚未擁有該精靈,Pokémon not owned.,Chưa sở hữu Pokémon này.,해당 포켓몬 미보유,Pokémon sem dono.,โปเกมอนไม่ได้เป็นเจ้าของ
7606,cantViewFightingRank,Unable to check Pokémon Power Rankings for now.,目前無法查看精靈戰力榜,Unable to check Pokémon Power Rankings for now.,Không thể xem bảng xếp hạng sức mạnh Pokémon.,현재 포켓몬 전력 랭킹 보기 불가,Não é possível verificar a classificação de poder dos Pokémon no momento.,ไม่สามารถตรวจสอบอันดับพลังโปเกมอนได้ในขณะนี้
7607,noComment,No comments for %s yet. Be the first!,沒有對%s的評論，快來占沙發吧,No comments for %s yet. Be the first!,"Chưa có bình luận nào về %s, hãy là người đầu tiên!","%s의 리뷰 아직 없음,어서 와서 남겨보세요~~",Nenhum comentário para %s ainda. Seja o primeiro!,ยังไม่มีความคิดเห็นสำหรับ %s มาเป็นคนแรกสิ!
7608,noMoreComment,No more left.,已經到底了,No more left.,Đã đến cuối cùng rồi.,이미 끝까지 해냈다,Não sobrou mais nada.,ไม่เหลืออีกแล้ว.
7609,noGrade,No ratings yet.,尚未評分,No ratings yet.,Chưa được đánh giá,미평점가,Nenhuma classificação ainda.,ยังไม่มีการให้คะแนน
7610,randomTowerOpenAll,Unlock All,全部開啟,Unlock All,Mở khóa tất cả,전체 개방,Desbloquear tudo,ปลดล็อคทั้งหมด
7611,randomTowerOpenOnce,Unlock All*1,全開一次,Unlock All*1,Tấn công toàn lực,모든 오픈,Desbloquear tudo*1,ปลดล็อคทั้งหมด*1
7612,getAwardAll,Claim All,一鍵領取,Claim All,Một khóa nhận lấy,일괄 수령,Reivindicar tudo,อ้างสิทธิ์ทั้งหมด
7613,notRemind,Do Not Remind,不再提醒,Do Not Remind,Ngừng nhắc nhở,그만 보기,Não lembrar,อย่าเตือน
7614,anewRemind,Remind Again,重新提醒,Remind Again,Nhắc lại,다시 알림,Lembrar novamente,เตือนอีกครั้ง
7615,onlineFightNotOpen,Matching is locked for now. Check out the matching time below!,當前匹配未開放，請仔細查看下方匹配時間哦,Matching is locked for now. Check out the matching time below!,Trận đấu hiện tại chưa mở. Vui lòng kiểm tra kỹ thời gian trận đấu bên dưới.,"현재 캐칭 미오픈,아래 매칭 시간을 자세히 보세요~~",A correspondência está bloqueada por enquanto. Confira o horário da correspondência abaixo!,ขณะนี้การจับคู่ถูกล็อคไว้แล้ว ตรวจสอบเวลาการจับคู่ด้านล่าง!
7616,onlineFightEmbattleNotReady,Have a backup Lineup before you start matching!,請準備好備選陣容再開始匹配！,Have a backup Lineup before you start matching!,Hãy chuẩn bị đội hình dự bị trước khi bắt đầu ghép trận!,대기 진형을 준비완료 후 매칭 시작됩니다!,Tenha uma escalação reserva antes de começar a combinar!,มีไลน์อัพสำรองก่อนที่จะเริ่มจับคู่!
7617,badgeTitle,Badge,徽章,Badge,Huy hiệu,배지,Distintivo,ป้าย
7618,badgeTalent,Badge Spirit,徽章精神,Badge Spirit,Tinh thần Huy hiệu,배지 정신,Distintivo Espírito,ป้ายวิญญาณ
7619,choosePokemon,Select Pokémon,請選擇精靈,Select Pokémon,Mời lựa chọn tinh linh,포켓몬을 선택하세요.,Selecione Pokémon,เลือกโปเกมอน
7620,awakeLevelToOpen,Awaken to +%d to unlock,覺醒至+%d後可開啟,Awaken to +%d to unlock,Có thể kích hoạt sau khi thức tỉnh lên +%d,%d 까지 각성 후 오픈 가능,Desperte para +%s para desbloquear,ตื่นขึ้นเป็น +%s เพื่อปลดล็อค
7621,rarityAdditionText,"#C0x5b545b#%s#C0x5b545b#, Bonus #C0x5C9970#+%s","#C0x5b545b#%s#C0x5b545b#,徽章精神屬性額外#C0x5C9970#+%s","#C0x5b545b#%s#C0x5b545b#, Bonus #C0x5C9970#+%s","#C0x5b545b%s#C0x5b545b, thuộc tính Tinh thần Huy hiệu thêm #C0x5C9970+%s","#C0x5b545b#%s#C0x5b545b#, 배지 정신 추가 #C0x5C9970#+%s","#C0x5b545b#%s#C0x5b545b#, Bônus #C0x5C9970#+%s","#C0x5b545b#%s#C0x5b545b#, โบนัส #C0x5C9970#+%s"
7622,advanceAdditionText,#C0x5b545b# Ascended to %s#C0x5b545b#. Bonus #C0x5C9970#+%s,"#C0x5b545b#已突破至%s#C0x5b545b#,徽章精神屬性額外#C0x5C9970#+%s",#C0x5b545b# Ascended to %s#C0x5b545b#. Bonus #C0x5C9970#+%s,"#C0x5b545b#Đã đột phá đến %s#C0x5b545b#, thuộc tính tinh thần huy hiệu thêm #C0x5C9970#+%s","#C0x5b545b#까지 돌파 시%s#C0x5b545b#,배지 정신 추가#C0x5C9970#+%s",#C0x5b545b# Ascendeu para %s#C0x5b545b#. Bônus #C0x5C9970#+%s,#C0x5b545b# ขึ้นสู่ %s#C0x5b545b# โบนัส #C0x5C9970#+%s
7623,starAdditionText,#C0x5b545b# Improved to #C0x5C9970#%d#Icommon/icon/icon_star.png-52-52##C0x5b545b#. Bonus #C0x5C9970#+%s,"#C0x5b545b#已提升至#C0x5C9970#%d#Icommon/icon/icon_star.png-52-52##C0x5b545b#,徽章精神屬性額外#C0x5C9970#+%s",#C0x5b545b# Improved to #C0x5C9970#%d#Icommon/icon/icon_star.png-52-52##C0x5b545b#. Bonus #C0x5C9970#+%s,"Nâng cấp lên #C0x5C9970#%d#Icommon/icon/icon_star.png-52-52##C0x5b545b# sao, thuộc tính tinh thần huy hiệu cộng thêm #C0x5C9970#+%s","#C0x5b545b#까지 올려 시#C0x5C9970#%d#Icommon/icon/icon_star.png-52-52##C0x5b545b#, 배지 정신 추가 #C0x5C9970#+%s",#C0x5b545b# Melhorado para #C0x5C9970#%s#Icommon/icon/icon_star.png-52-52##C0x5b545b#. Bônus #C0x5C9970#+%s,#C0x5b545b# ปรับปรุงเป็น #C0x5C9970#%s#Icommon/icon/icon_star.png-52-52##C0x5b545b# โบนัส #C0x5C9970#+%s
7624,sameNatureAdditionText,"#C0x5C9970#In line with Badge Type#C0x5b545b#, Pokémon overall #C0x5C9970#+%s","#C0x5b545b#屬性和徽章屬性系#C0x5C9970#一致#C0x5b545b#,精靈加成整體#C0x5C9970#+%s","#C0x5C9970#In line with Badge Type#C0x5b545b#, Pokémon overall #C0x5C9970#+%s","Thuộc tính và thuộc tính Huy hiệu #C0x5C9970#giống nhau#C0x5b545b#, phần thưởng Pokémon tổng thể #C0x5C9970#+%s","#C0x5b545b#속성과 배지 속성계 #C0x5C9970#일치 #C0x5b545b#,포켓몬 전체 #C0x5C9970#+%s","#C0x5C9970#De acordo com o tipo de emblema#C0x5b545b#, Pokémon em geral #C0x5C9970#+%s",#C0x5C9970#สอดคล้องกับประเภทตรา#C0x5b545b# โปเกมอนโดยรวม #C0x5C9970#+%s
7625,badgeAllTalentUp,#C0x5b545b#Improve all activated stats of Badge#C0x5C9970#%s,#C0x5b545b#徽章所有點亮屬性提升#C0x5C9970#%s,#C0x5b545b#Improve all activated stats of Badge#C0x5C9970#%s,"#C0x5b545b#Tất cả huy hiệu sáng, tăng thuộc tính#C0x5C9970#%s",#C0x5b545b#배지 모든 오픈된 속성 증가#C0x5C9970#%s,#C0x5b545b#Melhore todas as estatísticas ativadas do Emblema#C0x5C9970#%s,#C0x5b545b#ปรับปรุงสถิติที่เปิดใช้งานทั้งหมดของ Badge#C0x5C9970#%s
7626,badgeAllCardsUp,#C0x5b545b#Improve %s of all Pokémon#C0x5C9970#%s,#C0x5b545b#全體精靈%s提升#C0x5C9970#%s,#C0x5b545b#Improve %s of all Pokémon#C0x5C9970#%s,Tất cả Pokémon%s tăng %s,#C0x5b545b#전체 포켓몬%s증가#C0x5C9970#%s,#C0x5b545b#Melhore %s de todos os Pokémon#C0x5C9970#%s,#C0x5b545b#ปรับปรุง %s ของโปเกมอนทั้งหมด#C0x5C9970#%s
7627,noOpenPleaseToGym,Improve the activated level of unlocked badges to unlock more badges!,提升已解鎖徽章的點亮等級，可解鎖更多的徽章,Improve the activated level of unlocked badges to unlock more badges!,Nâng cấp cấp độ sáng của huy hiệu đã mở khóa để mở khóa thêm huy hiệu.,오픈 된 배지 정신 레벨 증가하여 더 많은 배지를 오픈 가능,Melhore o nível ativado dos emblemas desbloqueados para desbloquear mais emblemas!,ปรับปรุงระดับการเปิดใช้งานของตราปลดล็อคเพื่อปลดล็อคตราเพิ่มเติม!
7628,talentLightSucceed,%s Activated,成功點亮%s,%s Activated,Đã kích hoạt thành công %s,%s 성공 오픈,%s Ativado,%s เปิดใช้งานแล้ว
7629,badgeNeedToUp,All Badge Spirit activated to Lv.%d,所有徽章精神點亮至Lv.%d,All Badge Spirit activated to Lv.%d,Tất cả linh hồn huy hiệu sáng lên đến Lv.%d,모든 배지 정신 %d레벨로 오픈,Todos os espíritos de emblemas foram ativados para o nível %s,ตราวิญญาณทั้งหมดถูกเปิดใช้งานเป็น Lv.%s
7630,needAllBadgeLight,Requirement: All Badge Spirit activated to Lv.%d,需要所有徽章精神點亮至%d級,Requirement: All Badge Spirit activated to Lv.%d,Yêu cầu tất cả Tinh thần Huy hiệu được thắp sáng đến cấp độ %d,모든 배지 정신 %d레벨 달성 시 오픈 가능,Requisito: Todos os espíritos de emblema ativados para o nível %s,ข้อกำหนด: เปิดใช้งาน Badge Spirit ทั้งหมดเป็น Lv.%s
7631,awakeGoldNotEnough,Not enough Coins. Unable to awaken.,金幣不足，無法覺醒,Not enough Coins. Unable to awaken.,"Không đủ vàng, không thể sử dụng Z-Move.","골드 부족,각성 불가",Não há moedas suficientes. Não é possível despertar.,เหรียญไม่เพียงพอ ไม่สามารถปลุกได้
7632,awakeItemsNotEnough,Not enough items. Unable to awaken.,道具不足，無法覺醒,Not enough items. Unable to awaken.,Không đủ vật phẩm để kích hoạt chiêu Z.,"아이템 부족,각성 불가",Não há itens suficientes. Não é possível despertar.,ไอเทมไม่เพียงพอ ไม่สามารถปลุกได้
7633,lightGoldNotEnough,Not enough Coins. Unable to activate.,金幣不足，無法點亮,Not enough Coins. Unable to activate.,"Không đủ vàng, không thể kích hoạt.","골드 부족,오픈 불가",Não há moedas suficientes. Não é possível ativar.,เหรียญไม่เพียงพอ ไม่สามารถเปิดใช้งานได้
7634,ligthItemsNotEnough,Not enough items. Unable to activate.,道具不足，無法點亮,Not enough items. Unable to activate.,"Vật phẩm không đủ, không thể kích hoạt.","아이템 부족, 오픈 불가",Não há itens suficientes. Não é possível ativar.,รายการไม่เพียงพอ ไม่สามารถเปิดใช้งานได้
7635,awakeSucceed,Awakened,已覺醒成功,Awakened,Z-Move đã thức tỉnh thành công,각성 성공,Desperto,ตื่นแล้ว
7636,onlineFightShopCanBuy,Unlock when any Match reaches %s point(s).,任一模式達%s分解鎖,Unlock when any Match reaches %s point(s).,Mở khóa ở %s trong bất kỳ chế độ nào,임의 의 모드 %s점 달성 시 오픈가능,Desbloqueie quando qualquer partida atingir %s ponto(s).,ปลดล็อคเมื่อการแข่งขันใดๆ ถึง %s คะแนน
7637,spriteUpperLimit,The %s limits of the two Pokémon are different. The total sum of %s will be compromised after exchanging. Continue?,兩只精靈的%s上限不一致，交換後%s的總和將有所損失，是否繼續？,The %s limits of the two Pokémon are different. The total sum of %s will be compromised after exchanging. Continue?,"Hai Pokémon có giới hạn %s không nhất quán. Sau khi trao đổi, tổng %s sẽ bị giảm. Tiếp tục?",두 포켓몬의 %s 상한선이 일치하지 않으면 교환 후 %s의 총합이 손실되는데 계속하시겠습니까?,Os limites de %s dos dois Pokémon são diferentes. A soma total de %s será comprometida após a troca. Continuar?,ขีดจำกัด %s ของโปเกมอนทั้งสองตัวนั้นแตกต่างกัน ผลรวมของ %s จะลดลงหลังจากการแลกเปลี่ยน ดำเนินการต่อหรือไม่
7638,onlineFightEmbattleTitle,Lineup Prep,陣容備戰,Lineup Prep,Chuẩn bị đội hình,전투 준비진형,Preparação para a escalação,การเตรียมการจัดทีม
7639,onlineFightEmbattleNumTip,*At least %d pokemons are required to compeate,*精靈不足 %d 將無法匹配,*At least %d pokemons are required to compeate,Không đủ Pokémon (%d) để ghép trận,*포켓몬 부족시 %d 매칭 불가,*Pelo menos %s pokemons são necessários para competir,*ต้องมีโปเกมอนอย่างน้อย %s ตัวจึงจะแข่งขันได้
7640,onlineFightEmbattleNumDesc1,Deployable Pokémon,可上陣精靈,Deployable Pokémon,Pokémon có thể ra trận,출전가능한 포켓몬,Pokémon implantáveis,โปเกมอนที่สามารถเคลื่อนย้ายได้
7641,onlineFightEmbattleNumDesc2,Pick Match Backup Lineup,公平賽備選陣容,Pick Match Backup Lineup,Xem trước đội hình chơi đẹp,공평대회 진형 존비,Escolha a escalação reserva da partida,เลือกแมตช์สำรอง
7642,onlineFightEmbattleNumMax,Max Backup Lineup reached.,備選陣容已達最大,Max Backup Lineup reached.,Đội dự bị đã đầy.,전투 준비 진형 최대 달성,A escalação máxima de backup foi alcançada.,ถึงจำนวนการสำรองสูงสุดแล้ว
7643,onlineFightEmbattleCloseTip,#C0x5B5559#Unable to start matching when Pokémon in backup lineup are less than#C0xF76B45#%d#C0x5B5559#. Continue?,#C0x5B5559#備選陣容精靈總數小於#C0xF76B45#%d#C0x5B5559#張是將無法匹配是否還要繼續？,#C0x5B5559#Unable to start matching when Pokémon in backup lineup are less than#C0xF76B45#%d#C0x5B5559#. Continue?,Tổng số Pokémon trong đội hình dự bị ít hơn #C0xF76B45#%d#C0x5B5559#. Trận đấu không thể tìm thấy. Bạn có muốn tiếp tục không?,"#C0x5B5559#캐스팅 포켓몬 총수가#C0xF76B45#보다 작음%d#C0x5B5559#시 매칭불가,계속하시겠습니까?",#C0x5B5559#Não é possível iniciar a correspondência quando os Pokémon na formação de backup são menores que#C0xF76B45#%s#C0x5B5559#. Continuar?,#C0x5B5559#ไม่สามารถเริ่มการจับคู่ได้เมื่อโปเกมอนในรายชื่อสำรองมีจำนวนน้อยกว่า#C0xF76B45#%s#C0x5B5559# ดำเนินการต่อหรือไม่
7644,lightAlreadyMax,Max level reached.,已點亮至最高等級,Max level reached.,Đã được nâng cấp lên cấp độ tối đa,최고 레벨 오픈됨,Nível máximo atingido.,ถึงระดับสูงสุดแล้ว
7645,alreadyCancelGuard,Guard Canceled,已取消守護,Guard Canceled,Hủy bảo vệ,수호 취소 완료,Guarda Cancelada,การ์ดถูกยกเลิก
7646,guardAlreadyChange,Guard Pokémon has been changed.,守護精靈已更換,Guard Pokémon has been changed.,Pokémon Hộ Vệ đã được thay đổi.,수호 포켓몬 변경됨,O Pokémon de guarda foi alterado.,โปเกมอนการ์ดได้รับการเปลี่ยนแปลงแล้ว
7647,guardALreadySet,Guard Deployed,已上陣守護,Guard Deployed,"Đã ra trận, đang phòng thủ",수후 출전 완료,Guarda Desdobrado,ยามถูกส่งไป
7648,openGuardsText,Unlock sub-Pokémon slot?,開啟次精靈位？,Unlock sub-Pokémon slot?,Kích hoạt vị trí Pokémon phụ?,둘 번째 포켓몬 자리 오픈하시겠습니까?,Desbloquear slot para sub-Pokémon?,ปลดล็อคช่องย่อยโปเกมอนใช่ไหม?
7649,canReciveAwardTime,#C0xFFFCED##Pfont/youmi1.ttf##LOC##LOS4#You have #C0x60C456##F60##Pfont/youmi1.ttf##LOC##LOS4#%d#F44##C0xFFFCED##Pfont/youmi1.ttf##LOC##LOS4# more Settlement rewards to claim for today.,#C0xFFFCED##Pfont/youmi1.ttf##LOC##LOS4#今日還可領取#C0x60C456##F60##Pfont/youmi1.ttf##LOC##LOS4#%d#F44##C0xFFFCED##Pfont/youmi1.ttf##LOC##LOS4#場戰鬥結算獎勵,#C0xFFFCED##Pfont/youmi1.ttf##LOC##LOS4#You have #C0x60C456##F60##Pfont/youmi1.ttf##LOC##LOS4#%d#F44##C0xFFFCED##Pfont/youmi1.ttf##LOC##LOS4# more Settlement rewards to claim for today.,Bạn vẫn có thể nhận #C0x60C456#%d#F44# phần thưởng tính toán trận đấu hôm nay,#C0xFFFCED##Pfont/youmi1.ttf##LOC##LOS4#오늘 수령 가능#C0x60C456##F60##Pfont/youmi1.ttf##LOC##LOS4#%d#F44##C0xFFFCED##Pfont/youmi1.ttf##LOC##LOS4#회 전투 결산 보상,#C0xFFFCED##Pfont/youmi1.ttf##LOC##LOS4#Você tem #C0x60C456##F60##Pfont/youmi1.ttf##LOC##LOS4#%s#F44##C0xFFFCED##Pfont/youmi1.ttf##LOC##LOS4# mais recompensas de liquidação para reivindicar hoje.,#C0xFFFCED##Pfont/youmi1.ttf##LOC##LOS4#คุณมี #C0x60C456##F60##Pfont/youmi1.ttf##LOC##LOS4#%s#F44##C0xFFFCED##Pfont/youmi1.ttf##LOC##LOS4# รางวัลการชำระเงินเพิ่มเติมให้รับได้ในวันนี้
7650,beWait,Please wait.,請等待,Please wait.,Vui lòng chờ,잠시만 기다리세요,"Por favor, aguarde.",โปรดรอ.
7651,beWaitLoading,Connecting...,等待對方連接中,Connecting...,Đang chờ kết nối,상대방 연결 중 잠시만 기다리세요,Conectando...,กำลังเชื่อมต่อ...
7652,badgeExplain,Badge Rules,徽章說明,Badge Rules,Mô tả Huy hiệu,배지 설명,Regras do emblema,กฎการใช้ป้าย
7653,cardAlrealyGuard,This Pokémon is deployed.,該精靈已經上陣,This Pokémon is deployed.,Pokémon đã vào trận.,해당 포켓몬 이미 출전됨,Este Pokémon está implantado.,โปเกมอนตัวนี้ได้ถูกปล่อยออกไปแล้ว
7654,commonAlreadyOk,Confirmed,已確定,Confirmed,Đã xác nhận,확인됨,Confirmado,ได้รับการยืนยันแล้ว
7655,onlineFightBanError,The battle has ended.,戰鬥已結束,The battle has ended.,Trận chiến đã kết thúc.,전투 임미 만료되었습니다,A batalha terminou.,การต่อสู้สิ้นสุดลงแล้ว
7656,onlineFightBanIsBan,Banned,已禁用,Banned,Đã tắt,사용\n금지됨,Banido,ถูกแบน
7657,onlineFightBanIsPick,Deployed,已上陣,Deployed,Đã ra trận,출전 중,Implantado,นำไปใช้งาน
7658,onlineFightBanIsBattle,Selected,已選擇,Selected,Đã chọn,선택\n완료,Selecionado,เลือกแล้ว
7659,onlineFightBanEnemySure,The player has confirmed.,對方已確定,The player has confirmed.,Đã xác nhận đối thủ,상대방 확인 완료,O jogador confirmou.,ผู้เล่นได้รับการยืนยันแล้ว
7660,onlineFightBanBtnSure,You have confirmed.,己方已確定,You have confirmed.,Đội của chúng ta đã được xác nhận.,아군 확인 완료,Você confirmou.,คุณได้รับการยืนยันแล้ว
7661,onlineFightBanBtnAlreadySure,You have confirmed. Waiting for the other player to confirm...,已確定，請等待對方操作,You have confirmed. Waiting for the other player to confirm...,"Đã xác nhận, vui lòng chờ người chơi khác thao tác.","확인 완료,상대방의 조작 잠시만 기다리세요",Você confirmou. Aguardando o outro jogador confirmar...,คุณยืนยันแล้ว กำลังรอให้ผู้เล่นคนอื่นยืนยัน...
7662,onlineFightBanNeed,You need to select %d Pokémon(s) for now.,當前需要選擇%d只精靈,You need to select %d Pokémon(s) for now.,Bạn cần chọn %d Pokémon.,현재 %d마리 포켓몬 선택 필요,Você precisa selecionar %s Pokémon(s) por enquanto.,คุณต้องเลือกโปเกมอน %s ตัวในตอนนี้
7663,onlineFightBanTitleBan,Ban Pokémon,禁用對方精靈,Ban Pokémon,Vô hiệu hóa Pokémon của đối thủ,상대방 포켓몬 사용 금지,Banir Pokémon,แบนโปเกม่อน
7664,onlineFightBanTitlePick,Select Pokémon,選擇精靈,Select Pokémon,Chọn Pokémon của bạn,포켓몬 선택,Selecione Pokémon,เลือกโปเกมอน
7665,onlineFightBanTitleDeploy,Adjust Lineup,調整陣容,Adjust Lineup,Điều chỉnh đội hình,포켓몬 조정,Ajustar escalação,ปรับปรุงการจัดรายการ
7666,onlineFightBanDescBan,Your opponent's in ban...,對方禁用精靈中...,Your opponent's in ban...,Đối thủ đang vô hiệu hóa Pokémon...,상대방 포켓몬 금지 사용 중...,Seu oponente está banido...,คู่ต่อสู้ของคุณถูกแบน...
7667,onlineFightBanDescPick,Your opponent's selecting Pokémon...,對方選擇精靈中...,Your opponent's selecting Pokémon...,Đối thủ đang chọn Pokémon...,상대방 포켓몬 선택 중...,Seu oponente está selecionando Pokémon...,การที่คู่ต่อสู้ของคุณเลือกโปเกมอน...
7668,onlineFightBanDescDeploy,Your opponent's adjusting lineup...,對方調整陣容中...,Your opponent's adjusting lineup...,Đội đối thủ đang điều chỉnh đội hình...,상대방 진형 조정 중...,A escalação de ajuste do seu oponente...,การปรับปรุงการจัดทีมของคู่ต่อสู้ของคุณ...
7669,onlineFightBanBtnBan,Ban Pokémon %s%d#C0x5B545B#/%d,禁用精靈 %s%d#C0x5B545B#/%d,Ban Pokémon %s%d#C0x5B545B#/%d,Pokémon bị vô hiệu hóa %s%d#C0x5B545B#/%d,포켓몬%s%d#C0x5B545B#/%d금지 사용,Banir Pokémon %s%s#C0x5B545B#/%s,แบนโปเกมอน %s%s#C0x5B545B#/%s
7670,onlineFightBanBtnPick,Select Pokémon %s%d#C0x5B545B#/%d,選擇精靈 %s%d#C0x5B545B#/%d,Select Pokémon %s%d#C0x5B545B#/%d,Chọn Pokémon %s%d#C0x5B545B#/%d,포켓몬 %s%d#C0x5B545B#/%d선택,Selecione Pokémon %s%s#C0x5B545B#/%s,เลือกโปเกมอน %s%s#C0x5B545B#/%s
7671,onlineFightBanBtnDeploy,Drag to Adjust,拖動調整站位,Drag to Adjust,Kéo để điều chỉnh vị trí,터치하여 라인업 조정하기,Arraste para ajustar,ลากเพื่อปรับแต่ง
7672,onlineFightBanTipStepSure,Confirmed. Unable to do this.,當前已確定，無法操作,Confirmed. Unable to do this.,"Hiện đã xác nhận, không thể thao tác.","확인 완료,조작 불가",Confirmado. Não é possível fazer isso.,ยืนยันแล้ว ไม่สามารถดำเนินการนี้ได้
7673,onlineFightBanTipBan,Pokémon is banned. Unable to do this.,當前精靈已禁用，無法操作,Pokémon is banned. Unable to do this.,Pokémon hiện tại đã bị vô hiệu hóa và không thể thao tác.,"현재 포켓몬 이미 사용금지,조작 불가",Pokémon está banido. Não é possível fazer isso.,โปเกม่อนถูกแบน ไม่สามารถทำแบบนี้ได้
7674,onlineFightBanTipPick,Pokémon is deployed. Unable to do this.,當前精靈已上陣，無法操作,Pokémon is deployed. Unable to do this.,"Pokémon đã được đưa vào trận, không thể thao tác.","현재 포켓몬 출전 완료,조작 불가",Pokémon é implantado. Não é possível fazer isso.,โปเกมอนถูกส่งออกไปแล้ว ไม่สามารถทำเช่นนี้ได้
7675,onlineFightBanTipDeploy,Lineup has been confirmed. Please wait.,陣容已確定，請等候,Lineup has been confirmed. Please wait.,"Đội hình đã được xác định, vui lòng chờ","진형 확인 완료,잠시만 기다리세요","A escalação foi confirmada. Por favor, aguarde.",ได้รับการยืนยันรายชื่อแล้ว กรุณารอสักครู่
7676,onlineFightBanTipPickNoDown,Deployed Pokémon have been confirmed. Unable to remove.,已確定上陣精靈，無法下陣,Deployed Pokémon have been confirmed. Unable to remove.,"Pokémon đã được chọn, không thể bỏ chọn.","출전한 포켓몬 확인됨,해제 불가",Pokémon implantados foram confirmados. Não é possível remover.,ยืนยันโปเกมอนที่ถูกส่งไปแล้ว ไม่สามารถนำออกได้
7677,onlineFightBanTipFull,%d Pokémon(s) selected.,當前已選擇%d只精靈,%d Pokémon(s) selected.,Đã chọn %d Pokémon,현재 %d마리 포켓몬 선택 완료,%s Pokémon(s) selecionados.,เลือก %s โปเกมอน
7678,onlineFightBanTipDeployFull,Drag the deployed Pokémon to adjust position.,拖動已上陣精靈，調整站位,Drag the deployed Pokémon to adjust position.,Kéo Pokémon đã được triển khai để điều chỉnh vị trí của chúng.,출전된 포켓몬을 드래그하여 위치를 조정가능,Arraste o Pokémon implantado para ajustar a posição.,ลากโปเกมอนที่วางไว้เพื่อปรับตำแหน่ง
7679,onlineFightBanGiveUp,#C0x5B545B#Quitting the battle will be #C0xF13B54#ruled as defeat and there will be no rewards#C0x5B545B#. Continue?,#C0x5B545B#退出本場戰鬥會#C0xF13B54#直接判定為負並無法獲得獎勵#C0x5B545B#，還要繼續退出嗎？,#C0x5B545B#Quitting the battle will be #C0xF13B54#ruled as defeat and there will be no rewards#C0x5B545B#. Continue?,Rời khỏi trận đấu này sẽ dẫn đến thua cuộc ngay lập tức và bạn sẽ không nhận được bất kỳ phần thưởng nào. Bạn vẫn muốn rời khỏi chứ?,"#C0x5B545B#본 전투에서 탈퇴 #C0xF13B54#바로  #C0x5B545B#실패로 판정하고 보상을 수령 불가, 탈퇴하시겠습니까?",#C0x5B545B#Sair da batalha será #C0xF13B54#considerado derrota e não haverá recompensas#C0x5B545B#. Continuar?,#C0x5B545B#การออกจากการต่อสู้จะถือว่าเป็นการพ่ายแพ้ #C0xF13B54#และจะไม่มีรางวัลใดๆ#C0x5B545B# ดำเนินการต่อหรือไม่
7680,onlineFightReconnection,You have a #C0xF76B45#real-time match battle#C0x5B545B# in PvP Arena. Reconnect now?,您在對戰競技場中有一場#C0xF76B45#實時匹配戰鬥#C0x5B545B#正在進行中，是否需要重新連接？,You have a #C0xF76B45#real-time match battle#C0x5B545B# in PvP Arena. Reconnect now?,Bạn đang có một trận đấu xếp hạng #C0xF76B45#thực tế#C0x5B545B# đang diễn ra tại Sân vận động Đấu trường. Bạn có muốn kết nối lại không?,#C0x5B545B#당신은 대전경기장에서 #C0xF76B45#실시간 매칭 전투 #C0x5B545B# 진행중입니다. 다시 연결하시겠습니까?,Você tem uma #C0xF76B45#batalha em tempo real#C0x5B545B# na Arena PvP. Reconectar agora?,คุณมีการแข่งขันแบบเรียลไทม์ #C0xF76B45##C0x5B545B# ใน PvP Arena เชื่อมต่อใหม่อีกครั้งหรือไม่
7681,noAttributeBonusNow,No Stats boost.,暫無屬性加成,No Stats boost.,Không có bonus thuộc tính,현재 속성 버프 없음,Nenhum aumento de estatísticas.,ไม่มีการเพิ่มสถิติ
7682,noOpenPleaseToGymView,Badge is locked.,徽章尚未解鎖,Badge is locked.,Huy hiệu chưa được mở khóa,배지 미오픈,O crachá está bloqueado.,ป้ายถูกล็อคแล้ว
7683,cardGuard,Pokémon Guard,精靈守護,Pokémon Guard,Vệ thần linh,포켓몬 수호,Guarda Pokémon,โปเกมอนการ์ด
7684,setPrevLightFirst,Please activate the last Badge Spirit first.,請先點亮上一個徽章精神,Please activate the last Badge Spirit first.,Hãy kích hoạt tinh thần của huy hiệu trước đó trước đã.,전에 배지 정신을 먼저 오픈하세요,"Por favor, ative o último Espírito do Distintivo primeiro.",กรุณาเปิดใช้งาน Badge Spirit สุดท้ายก่อน
7685,breakthroughLevel,Ascend Quality,突破品質,Ascend Quality,Đột phá chất lượng,돌파 품질,Qualidade Ascendente,คุณภาพที่เพิ่มขึ้น
7686,onlineFightBattleGiveUpTip,#C0x5B545B#Quitting the battle will be #C0xF13B54#ruled as defeat#C0x5B545B#. Continue?,#C0x5B545B#退出本場戰鬥會#C0xF13B54#直接判定為負#C0x5B545B#，還要繼續退出嗎？,#C0x5B545B#Quitting the battle will be #C0xF13B54#ruled as defeat#C0x5B545B#. Continue?,Rời khỏi trận đấu này sẽ bị tính là thua ngay lập tức. Bạn vẫn muốn rời khỏi không?,#C0x5B545B#본 전투에서 탈퇴 #C0xF13B54#바로  #C0x5B545B#실패로 판정아여  탈퇴하시겠습니까?,#C0x5B545B#Sair da batalha será #C0xF13B54#considerado derrota#C0x5B545B#. Continuar?,#C0x5B545B#การออกจากการต่อสู้จะถือว่าเป็นการพ่ายแพ้ #C0xF13B54# ดำเนินการต่อหรือไม่
7687,onlineFightBattleFleeTip,#C0x5B545B#Quitting the battle will be #C0xF13B54#ruled as defeat and there will be no rewards#C0x5B545B#. Continue?,#C0x5B545B#退出本場戰鬥會#C0xF13B54#直接判定為負並無法獲得獎勵#C0x5B545B#，還要繼續退出嗎？,#C0x5B545B#Quitting the battle will be #C0xF13B54#ruled as defeat and there will be no rewards#C0x5B545B#. Continue?,Rời khỏi trận đấu này sẽ#C0xF13B54#tự động bị phán thua và không nhận được phần thưởng#C0x5B545B#. Bạn vẫn muốn bỏ cuộc chứ?,"#C0x5B545B#본 전투에서 탈퇴 #C0xF13B54#바로  #C0x5B545B#실패로 판정하고 보상을 수령 불가, 탈퇴하시겠습니까?",#C0x5B545B#Sair da batalha será #C0xF13B54#considerado derrota e não haverá recompensas#C0x5B545B#. Continuar?,#C0x5B545B#การออกจากการต่อสู้จะถือว่าเป็นการพ่ายแพ้ #C0xF13B54#และจะไม่มีรางวัลใดๆ#C0x5B545B# ดำเนินการต่อหรือไม่
7688,onlineFightOffline,Offline,離線中,Offline,Ngoại tuyến,오프라인 중,Desligado,ออฟไลน์
7689,onlineFightNoFlee,Escapes too frequently. Unable to escape again.,逃跑過於頻繁，當前無法再逃跑,Escapes too frequently. Unable to escape again.,"Đã cố gắng chạy trốn quá nhiều lần, hiện tại không thể chạy trốn.","도주가 너무 잦아, 현재는 다시 도망갈 수 없다",Escapa com muita frequência. Incapaz de escapar novamente.,หนีบ่อยเกินไป หนีไม่ได้อีกแล้ว
7690,noPlayBack,No battle process. Unable to replay.,沒有戰鬥過程，無法重播,No battle process. Unable to replay.,"Không có quá trình chiến đấu, không thể phát lại.","전투 과정이 없음,재방송불가",Nenhum processo de batalha. Não é possível repetir.,ไม่มีกระบวนการต่อสู้ ไม่สามารถเล่นซ้ำได้
7691,onlineFightInMatching,Matching...,匹配中,Matching...,Đang ghép trận,매칭 중,Combinando...,จับคู่...
7692,canNotSelect,The enemy has no selectable units. Unable to use this skill.,敵方當前無可選中單位，無法使用該技能,The enemy has no selectable units. Unable to use this skill.,Không có đơn vị địch nào khả dụng để chọn; không thể sử dụng kỹ năng này.,현재 적의 포켓몬 선택 불가하여 해당 스킬 사용 불가,O inimigo não tem unidades selecionáveis. Não é possível usar esta habilidade.,ศัตรูไม่มีหน่วยให้เลือก ไม่สามารถใช้ทักษะนี้ได้
7693,noGuardCards,No Pokémon Guards.,沒有守護的精靈,No Pokémon Guards.,Pokémon không có người bảo vệ,수호한 포켓몬 없음,Nenhum Guarda Pokémon.,ไม่มีการ์ดโปเกมอน
7694,gymChallenge,Gym Challenge,道館挑戰,Gym Challenge,Thử thách phòng Gym,체육관 도전,Desafio de Ginástica,ยิมชาเลนจ์
7695,gymTimeOut,Challenge has ended.,挑戰時間已過,Challenge has ended.,Thời gian thử thách đã kết thúc,도전 시간 만료되었습니다,O desafio terminou.,การท้าทายสิ้นสุดลงแล้ว
7696,gymGateDesc,"#LOC0x5A545B##F38##C0xFEFDEC#Challenge #C0xAEE97E#any#C0xFEFDEC# difficulty, get Badge material \nAfter clear all difficulties, challenge to become#C0xECB72A# server Honor Gym Leader!",#LOC0x5A545B##F38##C0xFEFDEC#挑戰#C0xAEE97E#任意#C0xFEFDEC#道館難度，獲取徽章的強化材料\n成功通過所有難度後，可挑戰成為#C0xECB72A#本服榮譽館主,"#LOC0x5A545B##F38##C0xFEFDEC#Challenge #C0xAEE97E#any#C0xFEFDEC# difficulty, get Badge material \nAfter clear all difficulties, challenge to become#C0xECB72A# server Honor Gym Leader!",Thách thức bất kỳ độ khó nào của phòng Gym để nhận được nguyên liệu cường hóa huy hiệu.\nHoàn thành thành công tất cả các độ khó cho phép bạn thách đấu để trở thành Nhà vô địch danh dự của máy chủ.,#LOC0x5A545B##F38##C0xFEFDEC#도전#C0xAEE97E#임의#C0xFEFDEC#도관난이도 획득 배지의 강화 재료\n이 모든 난이도를 클리어하면 #C0xECB72A#본 서버 명예관장이 됩니다,"#LOC0x5A545B##F38##C0xFEFDEC#Desafio #C0xAEE97E#qualquer#C0xFEFDEC# dificuldade, receba material de distintivo nDepois de superar todas as dificuldades, desafie para se tornar o#C0xECB72A# Líder de Ginásio de Honra do servidor!",#LOC0x5A545B##F38##C0xFEFDEC#Challenge #C0xAEE97E#any#C0xFEFDEC# รับวัสดุป้าย nหลังจากผ่านความยากทั้งหมดแล้ว ท้าทายเพื่อเป็นผู้นำยิมเกียรติยศในเซิร์ฟเวอร์ #C0xECB72A#!
7697,gymAwardDesc,"After clearing all difficulties, you can claim:",通過所有難度，可領,"After clearing all difficulties, you can claim:",Nhận được sau khi vượt qua tất cả các độ khó,모든 난도 통과 후 수령 가능,"Depois de resolver todas as dificuldades, você pode reivindicar:",หลังจากผ่านพ้นความยากลำบากทั้งหมดแล้ว คุณสามารถรับสิทธิ์ได้:
7698,gymBuff,Challenge Buffs,挑戰加成,Challenge Buffs,Thưởng thức thách đấu,도전 버프,Desafio Buffs,บัฟความท้าทาย
7699,gymBuffDesc,#C0xFF5B545B#(Gains %d #Icity/adventure/gym_challenge/icon_jcd.png-56-56# at 0:00 every day),#C0xFF5B545B#(每日淩晨5點自動獲得%d #Icity/adventure/gym_challenge/icon_jcd.png-56-56#),#C0xFF5B545B#(Gains %d #Icity/adventure/gym_challenge/icon_jcd.png-56-56# at 0:00 every day),#C0xFF5B545B#(Tự động nhận được %d #Icity/adventure/gym_challenge/icon_jcd.png-56-56# lúc 5 giờ sáng mỗi ngày),#C0xFF5B545B#(매일 새벽 0시에 자동 획득%d #Icity/adventure/gym_challenge/icon_jcd.png-56-56#),#C0xFF5B545B#(Ganha %s #Icity/adventure/gym_challenge/icon_jcd.png-56-56# às 0:00 todos os dias),#C0xFF5B545B#(ได้รับ %s #Icity/adventure/gym_challenge/icon_jcd.png-56-56# ในเวลา 0:00 ทุกวัน)
7700,gymBuffReset,#C0xFF5B545B#Spend %d#Icommon/icon/icon_diamond.png-56-56# to reset all buffs?,#C0xFF5B545B#是否消耗%d#Icommon/icon/icon_diamond.png-56-56#，重置所有加成？,#C0xFF5B545B#Spend %d#Icommon/icon/icon_diamond.png-56-56# to reset all buffs?,Có tiêu hao %d #Icommon/icon/icon_diamond.png-56-56# Mảnh ghép để đặt lại tất cả hiệu ứng tăng sức mạnh?,#C0xFF5B545B# %d#Icommon/icon/icon_diamond.png-56-56#로 모든 버프를 리셋하시겠습니까?,#C0xFF5B545B#Gastar %s#Icommon/icon/icon_diamond.png-56-56# para redefinir todos os buffs?,#C0xFF5B545B#ใช้ %s#Icommon/icon/icon_diamond.png-56-56# เพื่อรีเซ็ตบัฟทั้งหมดใช่ไหม?
7701,gymBuffCannotReset,No boost points to reset.,無加成點可以重置,No boost points to reset.,Không có điểm cộng nào để đặt lại,리셋 가능한 버프 점수 없음,Não há pontos de impulso para redefinir.,ไม่มีคะแนนเพิ่มที่จะต้องรีเซ็ต
7702,gymBuffBuy,#C0xFF5B545B#Spend %d#Icommon/icon/icon_diamond.png-56-56# to buy %d#Icity/adventure/gym_challenge/icon_jcd.png-56-56#?,#C0xFF5B545B#是否消耗%d#Icommon/icon/icon_diamond.png-56-56#，購買%d #Icity/adventure/gym_challenge/icon_jcd.png-56-56# ？,#C0xFF5B545B#Spend %d#Icommon/icon/icon_diamond.png-56-56# to buy %d#Icity/adventure/gym_challenge/icon_jcd.png-56-56#?,#C0xFF5B545B#Có sử dụng %d #Icommon/icon/icon_diamond.png-56-56# để mua %d #Icity/adventure/gym_challenge/icon_jcd.png-56-56# không?,#C0xFF5B545B# %d#Icommon/icon/icon_diamond.png-56-56#로 %d#Icity/adventure/gym_challenge/icon_jcd.png-56-56#(을)를 구매하시겠습니까？,#C0xFF5B545B#Gastar %s#Icommon/icon/icon_diamond.png-56-56# para comprar %s#Icity/adventure/gym_challenge/icon_jcd.png-56-56#?,#C0xFF5B545B#ใช้ %s#Icommon/icon/icon_diamond.png-56-56# เพื่อซื้อ %s#Icity/adventure/gym_challenge/icon_jcd.png-56-56# หรือไม่
7703,spaceUpgrade,Upgrade,升 級,Upgrade,Thăng Cấp,레벨업,Atualizar,อัพเกรด
7704,gymBuffPointNotEnough,Not enough Boost Points.,加成點不足,Not enough Boost Points.,Điểm cộng thêm không đủ,버프 점수 부족,Não há pontos de impulso suficientes.,คะแนนบูสต์ไม่เพียงพอ
7705,times,time(s),次,time(s),Lần,회,tempo(s),เวลา
7706,gymTimeLimit,before you can challenge.,後可以挑戰,before you can challenge.,Có thể thách đấu sau,후 도전 가능,antes que você possa desafiar.,ก่อนที่คุณจะสามารถท้าทายได้
7707,onlineFightAwardAll,Rewards of this week have been claimed. Please wait for the reward to reset next week.,本周獎勵已完成，請等待下周獎勵重置,Rewards of this week have been claimed. Please wait for the reward to reset next week.,Phần thưởng tuần này đã hoàn tất. Vui lòng chờ phần thưởng tuần sau được thiết lập lại.,"이번 주 보상 완성, 다음 주에 보상 리셋 후 확인하세요.",As recompensas desta semana foram reivindicadas. Aguarde até que a recompensa seja redefinida na semana que vem.,รับรางวัลประจำสัปดาห์นี้แล้ว โปรดรอรับรางวัลใหม่ในสัปดาห์หน้า
7708,itemNotEnoughtGuard,Not enough items. Unable to unlock.,道具不足，無法開啟,Not enough items. Unable to unlock.,"Vật phẩm không đủ, không thể kích hoạt.","아이템 부족, 오픈 불가",Não há itens suficientes. Não é possível desbloquear.,ไอเทมไม่เพียงพอ ไม่สามารถปลดล็อคได้
7709,gymTobeOwner,Become Gym Leader,成為館主,Become Gym Leader,Trở thành Nhà huấn luyện,관장 되기,Torne-se um Líder de Ginásio,กลายเป็นผู้นำยิม
7710,gymTobeMember,Become Gym Member,成為館員,Become Gym Member,Trở thành người phụ trách,트레이너 되기,Torne-se um membro da academia,สมัครสมาชิกยิม
7711,curBattleOver,The battle has ended.,對局已結束,The battle has ended.,Trận đấu đã kết thúc.,대결 종료,A batalha terminou.,การต่อสู้สิ้นสุดลงแล้ว
7712,embattleType1,Regular Battle,常規戰,Regular Battle,Trận đấu thông thường,일반 전투,Batalha regular,การต่อสู้ปกติ
7713,embattleType2,%d rounds of Solo Dungeon,%d輪單挑副本,%d rounds of Solo Dungeon,%d vòng đấu đơn,%d라운드 1인 던전,%s rodadas de Solo Dungeon,%s รอบของ Solo Dungeon
7714,embattleType3,Multi-team Dungeon,多編隊副本,Multi-team Dungeon,Phó bản nhiều đội,파티 던전,Masmorra multi-equipe,ดันเจี้ยนหลายทีม
7715,gymDifficulty1,Easy,簡單,Easy,Đơn giản,간단,Fácil,ง่าย
7716,gymDifficulty2,Hard,困難,Hard,Khó khăn,어려움,Duro,แข็ง
7717,gymDifficulty3,Expert,進階,Expert,Tiến giai,진급,Especialista,ผู้เชี่ยวชาญ
7718,gymDifficulty4,Master,大師,Master,Đại sư,마스터,Mestre,ผู้เชี่ยวชาญ
7719,gymDifficulty5,Hell,煉獄,Hell,Luân hồi,연옥,Inferno,นรก
7720,gymDifficulty6,Abyss,深淵,Abyss,Vực thẳm,심연,Abismo,เหว
7721,gymCrossTips1,You need to clear the corresponding Gym in your server to participate in Cross-server Challenge!,需要先通關對應的本服道館才可進行跨服挑戰！,You need to clear the corresponding Gym in your server to participate in Cross-server Challenge!,Bạn phải vượt qua các phòng Gym của máy chủ tương ứng trước khi có thể tham gia vào các thử thách liên máy chủ!,대응하는 본서버 체육관을 클리어 후 통합서버 도전 가능!,Você precisa limpar o Ginásio correspondente no seu servidor para participar do Desafio entre Servidores!,คุณต้องเคลียร์ยิมที่เกี่ยวข้องในเซิร์ฟเวอร์ของคุณเพื่อเข้าร่วมการท้าทายข้ามเซิร์ฟเวอร์!
7722,gymTips1,You need to clear Gym Dungeon before challenging Gym Leader!,需要先通關道館副本才可挑戰館主！,You need to clear Gym Dungeon before challenging Gym Leader!,Bạn phải vượt qua thử thách của phòng Gym trước khi có thể thách đấu với người dẫn đầu phòng Gym!,체육관 던전을 클리어 후 관장 도전 가능!,Você precisa limpar o Calabouço do Ginásio antes de desafiar o Líder do Ginásio!,คุณต้องเคลียร์ Gym Dungeon ก่อนที่จะท้าทาย Gym Leader!
7723,gymBufLvUpEff,Upgraded Effects,升級後效果,Upgraded Effects,Hiệu ứng sau khi nâng cấp,레벨업 효과,Efeitos atualizados,เอฟเฟกต์ที่ได้รับการอัพเกรด
7724,gymLeaderBattleFail,You've been defeated. Keep trying!,很遺憾，您在戰鬥中未能戰勝對手，還需要繼續努力！,You've been defeated. Keep trying!,"Rất tiếc, bạn đã không thể đánh bại đối thủ trong trận chiến. Bạn cần phải tiếp tục cố gắng!",아쉽지만 전투에서 패배했습니다. 화이팅하세요!,Você foi derrotado. Continue tentando!,คุณพ่ายแพ้แล้ว พยายามต่อไป!
7725,gymLeaderBattleWin,#C0xFFFFDB##Pfont/youmi1.ttf##L00100011##LOC0xE95E0B##LOS4#You became the new %s Leader!,#C0xFFFFDB##Pfont/youmi1.ttf##L00100011##LOC0xE95E0B##LOS4#恭喜成為新的%s館主！,#C0xFFFFDB##Pfont/youmi1.ttf##L00100011##LOC0xE95E0B##LOS4#You became the new %s Leader!,Chúc mừng bạn đã trở thành người dẫn đầu phòng Gym %s mới!,#C0xFFFFDB##Pfont/youmi1.ttf##L00100011##LOC0xE95E0B##LOS4#%s 새 관장으로 임명되는 것을 축하합니다！,#C0xFFFFDB##Pfont/youmi1.ttf##L00100011##LOC0xE95E0B##LOS4#Você se tornou o novo Líder %s!,#C0xFFFFDB##Pfont/youmi1.ttf##L00100011##LOC0xE95E0B##LOS4#คุณได้กลายมาเป็นผู้นำ %s คนใหม่แล้ว!
7726,passportBuyText,#L10##L00100000##LOC0xFFFFF0##LOS5##C0x5B545B#Click the #L10##L00100000##LOC0xFFFFF0##LOS5##C0xF76B45#price button#L10##L00100000##LOC0xFFFFF0##LOS5##C0x5B545B# to #L10##L00100000##LOC0xFFFFF0##LOS5##C0x32CD32#purchase#L10##L00100000##LOC0xFFFFF0##LOS5##C0x5B545B# Pass!,#L10##L00100000##LOC0xFFFFF0##LOS5##C0x5B545B#直接點擊#L10##L00100000##LOC0xFFFFF0##LOS5##C0xF76B45#價格按鈕#L10##L00100000##LOC0xFFFFF0##LOS5##C0x5B545B#即可#L10##L00100000##LOC0xFFFFF0##LOS5##C0x32CD32#購買#L10##L00100000##LOC0xFFFFF0##LOS5##C0x5B545B#通行證！,#L10##L00100000##LOC0xFFFFF0##LOS5##C0x5B545B#Click the #L10##L00100000##LOC0xFFFFF0##LOS5##C0xF76B45#price button#L10##L00100000##LOC0xFFFFF0##LOS5##C0x5B545B# to #L10##L00100000##LOC0xFFFFF0##LOS5##C0x32CD32#purchase#L10##L00100000##LOC0xFFFFF0##LOS5##C0x5B545B# Pass!,Nhấn vào nút giá để mua Thẻ!,#L10##L00100000##LOC0xFFFFF0##LOS5##C0x5B545B#가격 버튼을 #L10##L00100000##LOC0xFFFFF0##LOS5##C0xF76B45#직접 클릭하면 #L10##L00100000##LOC0xFFFFF0##LOS5##C0x5B545B#통행증  #L10##L00100000##LOC0xFFFFF0##LOS5##C0x32CD32#구매 #L10##L00100000##LOC0xFFFFF0##LOS5##C0x5B545B#가능！,#L10##L00100000##LOC0xFFFFF0##LOS5##C0x5B545B#Clique no #L10##L00100000##LOC0xFFFFF0##LOS5##C0xF76B45#botão de preço#L10##L00100000##LOC0xFFFFF0##LOS5##C0x5B545B# para #L10##L00100000##LOC0xFFFFF0##LOS5##C0x32CD32#comprar#L10##L00100000##LOC0xFFFFF0##LOS5##C0x5B545B# Passar!,#L10##L00100000##LOC0xFFFFF0##LOS5##C0x5B545B#คลิกปุ่ม #L10##L00100000##LOC0xFFFFF0##LOS5##C0xF76B45#ราคา#L10##L00100000##LOC0xFFFFF0##LOS5##C0x5B545B# เพื่อซื้อ #L10##L00100000##LOC0xFFFFF0##LOS5##C0x32CD32#L10##L00100000##LOC0xFFFFF0##LOS5##C0x5B545B# ผ่าน!
7727,signet,Inscribe,刻印,Inscribe,Khắc ấn,각인,Inscrever,จารึก
7728,gymNotUnlock,Clear %s to unlock,通關%s後可開啟,Clear %s to unlock,Mở khóa sau khi hoàn thành %s,%s 클리어 후 오픈,Limpe %s para desbloquear,ล้าง %s เพื่อปลดล็อค
7729,gymEnd,Gym has closed.\nIt will be reset next Monday and new challenges will unlock.,道館已關閉\n下週一重置並開啟新的挑戰,Gym has closed.\nIt will be reset next Monday and new challenges will unlock.,Trung tâm huấn luyện đã đóng cửa.\nNó sẽ được đặt lại vào thứ Hai tuần sau và một thử thách mới sẽ bắt đầu.,체육관 폐관\n다음 주 월요일에 리셋 후 새로운 도전 오픈,O ginásio foi fechado. Ele será reiniciado na próxima segunda-feira e novos desafios serão desbloqueados.,ยิมปิดแล้วnจะรีเซ็ตในวันจันทร์หน้าและความท้าทายใหม่จะถูกปลดล็อค
7730,gymWaitBegin,New Gym Challenge will be unlocked today at 10:00.,今日10:00即將開始新的道館挑戰,New Gym Challenge will be unlocked today at 10:00.,Thử thách phòng gym mới bắt đầu lúc 10:00 hôm nay,금일 10:00에 새로운 체육관 도전 오픈,O novo Desafio de Ginásio será desbloqueado hoje às 10:00.,Gym Challenge ใหม่จะถูกปลดล็อคในวันนี้เวลา 10.00 น.
7731,gymCannotChallenge,Unable to challenge for now.,當前不可挑戰!,Unable to challenge for now.,Hiện không thể thách đấu!,현재 도전 불가!,Não é possível desafiar por enquanto.,ยังไม่สามารถท้าทายได้ในตอนนี้
7732,gymCross,Cross-server Gym,跨服道館,Cross-server Gym,Nhà thi đấu liên server,글로벌 체육관,Ginásio entre servidores,ยิมข้ามเซิร์ฟเวอร์
7733,gymReturn,Back to server Gym,返回本服道館,Back to server Gym,Trở lại phòng Gym này,돌아가기,Voltar ao servidor Ginásio,กลับสู่เซิฟเวอร์ยิม
7734,equipAttribute,Stats,飾品屬性,Stats,Thuộc tính Phụ kiện,액세서리 속성,Estatísticas,สถิติ
7735,giftsHint1,"Packs are reset on the first day of every month, rewards issued based on the VIP level by the reset day.",禮包每月1號重置，根據重置時間點玩家的VIP等級發放獎勵,"Packs are reset on the first day of every month, rewards issued based on the VIP level by the reset day.","Gói quà được đặt lại vào ngày 1 hàng tháng, và phần thưởng được trao dựa trên cấp VIP của người chơi tại thời điểm đặt lại.","패키지는 매월 1일 리셋, 리셋 시간에 따라 유저의 VIP 레벨 보상이 지급됩니다.",Os pacotes são redefinidos no primeiro dia de cada mês e as recompensas são emitidas com base no nível VIP até o dia da redefinição.,แพ็กจะถูกรีเซ็ตในวันที่ 1 ของทุกเดือน และรางวัลจะมอบให้ตามระดับ VIP ภายในวันที่รีเซ็ต
7736,giftsHint2,*Please claim before the next reset.,請在下次重置之前領取,*Please claim before the next reset.,Nhận trước khi thiết lập lại lần tới.,다음에 리셋되기 전에 수령하세요.,"*Por favor, reivindique antes da próxima reinicialização.",*กรุณารับสิทธิ์ก่อนการรีเซ็ตครั้งต่อไป
7737,abilityMax,Max Potential Trained,星級潛能已培養至上限,Max Potential Trained,Tiềm năng sao đã được nâng cấp tối đa.,성급 잠재력 이미 한도까지 육성했습니다.,Potencial Máximo Treinado,ฝึกฝนศักยภาพสูงสุด
7738,gymNoSptire1,No qualified Pokémon. Unable to challenge.,沒有符合道館限定屬性的精靈，無法進行挑戰!,No qualified Pokémon. Unable to challenge.,"Bạn không có Pokémon nào phù hợp với thuộc tính giới hạn của phòng Gym, vì vậy bạn không thể thách đấu!",체육관 한정 속성 포켓몬이 없을 시 도전 불가!,Nenhum Pokémon qualificado. Incapaz de desafiar.,ไม่มีโปเกมอนที่มีคุณสมบัติ ไม่สามารถท้าทายได้
7739,gymNoSptire2,No qualified Pokémon. Unable to enter the Gym.,沒有符合道館限定屬性的精靈，無法進駐該道館!,No qualified Pokémon. Unable to enter the Gym.,"Không có Pokémon nào phù hợp với thuộc tính giới hạn của phòng Gym, không thể vào phòng Gym này!",체육관 한정 속성 포켓몬이 없을 시 해당 체육관 입관 불가!,Nenhum Pokémon qualificado. Não é possível entrar no Ginásio.,ไม่มีโปเกมอนที่มีคุณสมบัติ ไม่สามารถเข้ายิมได้
7740,gymOutCanNotChangeEmbattle,You won't be able to adjust lineup if you leave now. Continue?,退出後將無法再調整陣容，是否退出？,You won't be able to adjust lineup if you leave now. Continue?,Thoát sẽ không thể điều chỉnh đội hình nữa. Bạn có chắc muốn thoát không?,"나간 후 진형 조정 불가, 나가시겠습니까？",Você não poderá ajustar a escalação se sair agora. Continuar?,หากคุณออกจากตอนนี้ คุณจะไม่สามารถปรับรายชื่อผู้เล่นได้ ดำเนินการต่อหรือไม่
7741,gymInCd,Still in cooldown.,挑戰冷卻時間尚未結束,Still in cooldown.,Thời gian hồi chiêu thử thách chưa kết thúc.,도전 쿨타임 중,Ainda em espera.,ยังอยู่ในช่วงพักเครื่อง
7742,needEquipAwake,Accessory Awaken is required to activate.,啟動需要飾品覺醒,Accessory Awaken is required to activate.,Cần vật phẩm để kích hoạt chiêu Z.,액세서리 미각성,O acessório Awaken é necessário para ativar.,จำเป็นต้องมี Accessory Awaken เพื่อเปิดใช้งาน
7743,currentSignetCannotReduced,Unable to downgrade for now.,當前階段無法降級,Unable to downgrade for now.,Không thể hạ cấp ở giai đoạn này,현재 단계 강등 불가,Não é possível fazer downgrade por enquanto.,ไม่สามารถดาวน์เกรดได้ในตอนนี้
7744,equipNotEnoughSignetItems,Not enough Accessory Inscription items.,當前飾品刻印道具不足,Not enough Accessory Inscription items.,Nguyên liệu chế tạo trang sức hiện tại không đủ,현재 액세서리 각인 아이템 부족,Não há itens de inscrição de acessório suficientes.,ไอเทมจารึกอุปกรณ์เสริมไม่เพียงพอ
7745,gymEndTips,Gym has closed.,道館已關閉挑戰!,Gym has closed.,Thử thách phòng Gym đã đóng!,체육관 도전 종료!,A academia fechou.,ยิมปิดแล้ว
7746,crossServer,Cross-server,跨服,Cross-server,Liên máy chủ,통합서버,Entre servidores,ข้ามเซิร์ฟเวอร์
7747,onlineFightNoMatch,No Matches,未匹配,No Matches,Không khớp,매칭 없음,Nenhuma correspondência,ไม่มีแมตช์
7748,reunion,Trainers Reunion,訓練家重聚,Trainers Reunion,Những Nhà Huấn Luyện Tái Ngộ,트레이너 모임,Reunião de Treinadores,การรวมตัวผู้ฝึกสอน
7749,reunionGift,Reunion Pack,重聚禮包,Reunion Pack,Gói quà Tái ngộ,모임 선물,Pacote de Reunião,แพ็ครวมรุ่น
7750,reunionSign,Daily Sign-in,每日簽到,Daily Sign-in,Nhận thưởng hàng ngày,매일출석,Login diário,การลงชื่อเข้าใช้รายวัน
7751,reunionCatchUp,Progress Catch-up,進度趕超,Progress Catch-up,Tiến độ vượt kế hoạch,진도 촉진,Recuperação do progresso,การติดตามความคืบหน้า
7752,reunionActivity,Fated Encounter,相逢有時,Fated Encounter,Cuộc gặp gỡ ngẫu nhiên,운명의 만남,Encontro Predestinado,การพบกันที่โชคชะตา
7753,reunionRecharge,Exclusive Pack,限定禮包,Exclusive Pack,Gói quà giới hạn,충전 이벤트,Pacote Exclusivo,แพ็คพิเศษ
7754,reunionBind,Bind for Gifts,綁定有禮,Bind for Gifts,Quà tặng khi liên kết,연동 선물,Vincular para presentes,ผูกสำหรับของขวัญ
7755,reunionGiftText,"#C0x5B545B#\t\tLong time no see, my friend! It's been %s days since you last set foot in our world! Your Pokémon miss you dearly. They've been staying at %s, waiting for you. Your return is going to make them over the moon!\n\t\tHere's some more good news! While you were away, we have added new features, fixed some bugs, and we've found you more powerful Pokémon! Isn't that amazing?\n\t\tWe got rewards for you too! Check them out!",#C0x5B545B#\t\tHI！好久不見~掐指算了一下，你已經有%s天沒有來到這個世界了，你的精靈隊伍一直停留在%s裏，少了足智多謀的你的帶領，精靈們都有一些喪氣…不過幸好，你已經回來了，精靈們一定會很高興能與你再次重聚，並肩作戰！\n\t\t在你離開的這段時間裏，我們的世界也在快速的變化，我們新增了一些好玩的系統，優化了很多影響體驗的問題，還找到了更多更強大的精靈……這一次，希望這個世界能給你的閑暇時光帶來更多的快樂，既然回來了，就留下來吧！\n\t\t這是為你定製的獎勵內容，有了它你一定會更得心應手一些，快收下吧！,"#C0x5B545B#\t\tLong time no see, my friend! It's been %s days since you last set foot in our world! Your Pokémon miss you dearly. They've been staying at %s, waiting for you. Your return is going to make them over the moon!\n\t\tHere's some more good news! While you were away, we have added new features, fixed some bugs, and we've found you more powerful Pokémon! Isn't that amazing?\n\t\tWe got rewards for you too! Check them out!","Chào! Lâu rồi không gặp nha～Mình đã tính rồi, bạn đã %s ngày không đến thế giới này rồi đấy, đội Pokémon của bạn vẫn đang ở %s, thiếu sự dẫn dắt mưu trí của bạn, các Pokémon đều hơi nản… Nhưng may thay, bạn đã trở lại rồi, các Pokémon chắc chắn sẽ rất vui khi được đoàn tụ với bạn và chiến đấu cùng nhau!\n		Trong thời gian bạn vắng mặt, thế giới của chúng ta cũng thay đổi nhanh chóng, chúng tôi đã thêm một số hệ thống thú vị, tối ưu hóa nhiều vấn đề ảnh hưởng đến trải nghiệm, và tìm thấy nhiều Pokémon mạnh hơn nữa…… Lần này, hi vọng thế giới này có thể mang lại nhiều niềm vui hơn cho thời gian nhàn rỗi của bạn, đã trở lại rồi thì cứ ở lại đi!\n		Đây là phần thưởng được tùy chỉnh cho bạn, có nó bạn sẽ dễ dàng hơn đấy, hãy nhận lấy nào!","#C0x5B545B#    HI！오랜만입니다~계산해보니 당신이 벌써 %s일째 이 세상에 오지 않았네요. 포켓몬 팀이 계속 %s에 머물다 보니 계략이 많은 당신의 인솔 없어 포켓몬들은 약간 의기소침하고 있었다…그래도 다행히 당신이 돌이왔습니다! 포켓몬들이 당신과 다시 만나 같이 싸우게 되어 매우 기쁠거야!\n    당신이 떠나는 동안 우리 세상은 빠르게 변했다. 재미있는 시스템들이 새로 생겨났고, 게임 체험을 최적화했으며 더 강력한 포켓몬들도 찾았다…이번에는 이 세상이 당신의 여가 시간에 더 많은 즐거움을 줄 수 있기를 바라며, 이왕 돌아왔으니 그냥 남으세요!\n    이것은 당신을 위한 보상입니다.  이걸 가지고 더 쉽게 적응할 수 있을거야~어서 받으세요!","#C0x5B545B#ttHá quanto tempo, meu amigo! Já faz %s dias desde que você pisou em nosso mundo pela última vez! Seus Pokémon sentem muito sua falta. Eles estão hospedados em %s, esperando por você. Seu retorno vai deixá-los nas nuvens!nttAqui estão mais algumas boas notícias! Enquanto você estava fora, adicionamos novos recursos, corrigimos alguns bugs e encontramos Pokémon mais poderosos para você! Não é incrível?nttTemos recompensas para você também! Confira!",#C0x5B545B#ttไม่เจอกันนานเลยนะเพื่อน! ผ่านไป %s วันแล้วตั้งแต่ครั้งสุดท้ายที่คุณเหยียบย่างเข้ามาในโลกของเรา! โปเกมอนของคุณคิดถึงคุณมาก พวกมันอยู่ที่ %s รอคุณอยู่ การกลับมาของคุณจะทำให้พวกมันมีความสุขสุดๆ!nttมีข่าวดีมาบอก! ในระหว่างที่คุณไม่อยู่ เราได้เพิ่มคุณสมบัติใหม่ แก้ไขข้อบกพร่องบางอย่าง และเราพบโปเกมอนที่แข็งแกร่งขึ้นสำหรับคุณแล้ว! น่าทึ่งไหมล่ะ?nttเรามีรางวัลสำหรับคุณด้วย! ลองดูสิ!
7756,reunionSignText,#C0xFFFFFF##Pfont/youmi1.ttf#You've been offline for #C0x99FF99##Pfont/youmi1.ttf#%d day(s)#C0xFFFFFF##Pfont/youmi1.ttf#. Sign in now and get the following rewards!,#C0xFFFFFF##Pfont/youmi1.ttf#當前離線#C0x99FF99##Pfont/youmi1.ttf#%d天#C0xFFFFFF##Pfont/youmi1.ttf#，每日簽到可領取以下獎勵內容！,#C0xFFFFFF##Pfont/youmi1.ttf#You've been offline for #C0x99FF99##Pfont/youmi1.ttf#%d day(s)#C0xFFFFFF##Pfont/youmi1.ttf#. Sign in now and get the following rewards!,"Hiện đang ngoại tuyến %d ngày, đăng nhập hàng ngày để nhận phần thưởng dưới đây!","#C0xFFFFFF##Pfont/youmi1.ttf#현재 로그아웃#C0x99FF99##Pfont/youmi1.ttf#%d일#C0xFFFFFF##Pfont/youmi1.ttf#,매일 출첵 보상 수령 가능!",#C0xFFFFFF##Pfont/youmi1.ttf#Você está offline há #C0x99FF99##Pfont/youmi1.ttf#%s dia(s)#C0xFFFFFF##Pfont/youmi1.ttf#. Entre agora e ganhe as seguintes recompensas!,#C0xFFFFFF##Pfont/youmi1.ttf#คุณออฟไลน์มาเป็นเวลา #C0x99FF99##Pfont/youmi1.ttf#%s วัน#C0xFFFFFF##Pfont/youmi1.ttf# ลงชื่อเข้าใช้ตอนนี้และรับรางวัลดังต่อไปนี้!
7757,reunionCatchUpText,%d times (%d already),%d次(已進行%d次),%d times (%d already),%d lần (đã hoàn thành %d lần),%d회(%d회 사용됨),%s vezes (%s já),%s ครั้ง (%s แล้ว)
7758,reunionCatchUpTimes,Event Times,活動次數,Event Times,Số lần hoạt động,이벤트 횟수,Horários dos eventos,เวลากิจกรรม
7759,reunionCatchUpCutdown,Countdown:,活動倒計時,Countdown:,Đếm ngược sự kiện,이벤트 카운트다운,Contagem regressiva:,นับถอยหลัง:
7760,reunionTaskBack,Return Quest,回歸任務,Return Quest,Nhiệm vụ trở về,귀환 임무,Missão de Retorno,ภารกิจกลับคืน
7761,reunionTaskAll,Joined Quests,協同任務,Joined Quests,Nhiệm vụ hợp tác,협동임무,Missões Associadas,เข้าร่วมภารกิจ
7762,reunionTaskBindInfo,Binding Information,綁定信息,Binding Information,Thông tin ràng buộc,연동 정보,Informações vinculativas,ข้อมูลการผูกมัด
7763,reunionTaskOldText,#L00000010##C0x5B545B#Congratulations! You've bound with #L00000010##C0xF13B54# [%s] #L00000010##C0x5B545B#!,#L00000010##C0x5B545B#恭喜您與#L00000010##C0xF13B54# [ %s ] #L00000010##C0x5B545B#成功綁定!,#L00000010##C0x5B545B#Congratulations! You've bound with #L00000010##C0xF13B54# [%s] #L00000010##C0x5B545B#!,Chúc mừng! Bạn đã liên kết thành công với [ %s ]!,#L00000010##C0x5B545B##L00000010##C0xF13B54# [ %s ] #L00000010##C0x5B545B#님과 연결 성공！축하드립니다!,#L00000010##C0x5B545B#Parabéns! Você se uniu com #L00000010##C0xF13B54# [%s] #L00000010##C0x5B545B#!,#L00000010##C0x5B545B#ยินดีด้วย! คุณได้ผูกกับ #L00000010##C0xF13B54# [%s] #L00000010##C0x5B545B#!
7764,reunionTaskBindToText,#L00100010##LOC0xFFFFFF##LOS3##C0xF13B54#*Only your joined quests will be shown here. Get your friends to complete their quests and you will all get more chest rewards!,#L00100010##LOC0xFFFFFF##LOS3##C0xF13B54#*僅顯示你協同參與的任務，需要督促你的夥伴每日完成個人任務即可領取更多寶箱獎勵！,#L00100010##LOC0xFFFFFF##LOS3##C0xF13B54#*Only your joined quests will be shown here. Get your friends to complete their quests and you will all get more chest rewards!,#L00100010##LOC0xFFFFFF##LOS3##C0xF13B54#*Chỉ hiển thị các nhiệm vụ bạn đã cùng tham gia. Hãy thúc giục các đồng đội của bạn hoàn thành nhiệm vụ cá nhân hàng ngày để nhận được nhiều phần thưởng rương kho báu hơn!,#L00100010##LOC0xFFFFFF##LOS3##C0xF13B54#*귀환 훈련가 모임 미션 내 당신의 참여가 필요한 활동 내용만 표시,#L00100010##LOC0xFFFFFF##LOS3##C0xF13B54#*Somente suas missões unidas serão mostradas aqui. Faça seus amigos completarem suas missões e todos vocês ganharão mais recompensas de baú!,#L00100010##LOC0xFFFFFF##LOS3##C0xF13B54#*จะแสดงเฉพาะภารกิจที่คุณเข้าร่วมเท่านั้น ชวนเพื่อนๆ ของคุณทำภารกิจให้เสร็จ แล้วคุณทุกคนจะได้รับรางวัลหีบสมบัติเพิ่มมากขึ้น!
7765,reunionBindTextByReunion,"#C0xD26B5C##L00100010##LOC0xFFFFFF##LOS2#*Bind one Pro Trainer to unlock Reunion Quest. Complete the quests to get rewards! What's more, you and the Pro Trainer will both get Point rewards!",#C0xD26B5C##L00100010##LOC0xFFFFFF##LOS2#*綁定一位資深訓練家以開啟重聚任務，完成任務即可獲得任務獎勵，除此之外還可以與綁定的資深訓練家一起獲得積分獎勵,"#C0xD26B5C##L00100010##LOC0xFFFFFF##LOS2#*Bind one Pro Trainer to unlock Reunion Quest. Complete the quests to get rewards! What's more, you and the Pro Trainer will both get Point rewards!","Kết nối với một huấn luyện viên cấp cao để bắt đầu nhiệm vụ Tái ngộ. Hoàn thành nhiệm vụ sẽ nhận được phần thưởng nhiệm vụ, ngoài ra còn có thể nhận được điểm thưởng cùng với huấn luyện viên cấp cao đã kết nối.","#C0xD26B5C##L00100010##LOC0xFFFFFF##LOS2#*베테랑 트레이너 한 명과 연결하여 재모임 미션을 오픈 가능하며, 미션을 완료 후 보상을 획득할 수 있습니다. 또는 연결된 베테랑 트레이너와 함께 포이트 보상을 획득할 수 있습니다. ","#C0xD26B5C##L00100010##LOC0xFFFFFF##LOS2#*Vincule um Pro Trainer para desbloquear a Reunion Quest. Conclua as missões para ganhar recompensas! Além disso, você e o Pro Trainer ganharão recompensas de pontos!",#C0xD26B5C##L00100010##LOC0xFFFFFF##LOS2#*ผูกผู้ฝึกสอนมืออาชีพหนึ่งคนเพื่อปลดล็อกภารกิจการรวมตัว ทำภารกิจให้สำเร็จเพื่อรับรางวัล! นอกจากนี้ คุณและผู้ฝึกสอนมืออาชีพจะได้รับรางวัลคะแนนด้วย!
7766,reunionBindTextBySenior,#L00100010##LOC0xFFFFFF##LOS2##C0xD26B5C#*Congratulations! You've bound with [#L00100010##LOC0xFFFFFF##LOS2##C0xF13B54#%s#L00100010##LOC0xFFFFFF##LOS2##C0xD26B5C#]! Help the returned players complete the quests and get Reunion Packs!,#L00100010##LOC0xFFFFFF##LOS2##C0xD26B5C#*恭喜您與玩家 [ #L00100010##LOC0xFFFFFF##LOS2##C0xF13B54#%s#L00100010##LOC0xFFFFFF##LOS2##C0xD26B5C# ] 成功綁定！協助回歸玩家完成任務即可領取重聚禮包！,#L00100010##LOC0xFFFFFF##LOS2##C0xD26B5C#*Congratulations! You've bound with [#L00100010##LOC0xFFFFFF##LOS2##C0xF13B54#%s#L00100010##LOC0xFFFFFF##LOS2##C0xD26B5C#]! Help the returned players complete the quests and get Reunion Packs!,Chúc mừng! Bạn đã liên kết thành công với người chơi [%s]! Hỗ trợ người chơi quay trở lại hoàn thành nhiệm vụ để nhận được gói quà tái ngộ!,#L00100010##LOC0xFFFFFF##LOS2##C0xD26B5C#*유저 [ #L00100010##LOC0xFFFFFF##LOS2##C0xF13B54#%s#L00100010##LOC0xFFFFFF##LOS2##C0xD26B5C# ] 님과 연결 성공한 것을 축하드립니다！복귀 유저를 도와 미션을 완성하면 재모임 선물을 획득 가능！,#L00100010##LOC0xFFFFFF##LOS2##C0xD26B5C#*Parabéns! Você se uniu a [#L00100010##LOC0xFFFFFF##LOS2##C0xF13B54#%s#L00100010##LOC0xFFFFFF##LOS2##C0xD26B5C#]! Ajude os jogadores que retornaram a completar as missões e obter Pacotes de Reunião!,#L00100010##LOC0xFFFFFF##LOS2##C0xD26B5C#*ยินดีด้วย! คุณได้ผูกมัดกับ [#L00100010##LOC0xFFFFFF##LOS2##C0xF13B54#%s#L00100010##LOC0xFFFFFF##LOS2##C0xD26B5C#] แล้ว! ช่วยให้ผู้เล่นที่กลับมาทำภารกิจให้สำเร็จและรับ Reunion Packs!
7767,reunionRule,Trainers Reunion Rules,訓練家重聚規則,Trainers Reunion Rules,Luật Tái Ngộ Huấn Luyện Viên,트레이너 모임 규칙,Regras da reunião de treinadores,กฎการพบปะผู้ฝึกสอน
7768,reunionWorldChatErr1,"It's your own invitation link, dear.",這是你自己的邀請鏈接！,"It's your own invitation link, dear.",Đây là liên kết mời của riêng bạn!,트레이너님의 초대 주소입니다！,"É seu próprio link de convite, querida.",มันเป็นลิงค์คำเชิญของคุณเองนะที่รัก
7769,reunionWorldChatErr2,You've bound with the player for this event. Unable to bind again.,你已經與該玩家綁定參與過該活動，不可再次與Ta綁定!,You've bound with the player for this event. Unable to bind again.,Bạn đã tham gia sự kiện này với người chơi này và không thể liên kết với họ một lần nữa!,해당 유저와 연동된 경우 다시 연동 불가!,Você se vinculou ao jogador para este evento. Não é possível vincular novamente.,คุณได้ผูกมัดกับผู้เล่นสำหรับกิจกรรมนี้แล้ว ไม่สามารถผูกมัดอีกครั้งได้
7770,reunionWorldChatErr3,Available in %d day(s) %d hour(s) %d minute(s).,%d天%d小時%d分後才可再次參與該活動哦!,Available in %d day(s) %d hour(s) %d minute(s).,Bạn có thể tham gia sự kiện này lại sau %d ngày %d giờ %d phút!,%d일%d시간%d분 후 해당 이벤트에 참여 가능!,Disponível em %s dia(s) %s hora(s) %s minuto(s).,พร้อมให้บริการใน %s วัน %s ชั่วโมง %s นาที
7771,reunionWorldChatErr4,You've participated in the event. Unable to participate again.,當前已參與了該活動，不可重復參與哦!,You've participated in the event. Unable to participate again.,"Bạn đã tham gia sự kiện này rồi, không thể tham gia lại!",현재 해당 이벤트에 참여중인 경우 중복 참여 불가!,Você participou do evento. Não é possível participar novamente.,คุณได้เข้าร่วมกิจกรรมแล้ว ไม่สามารถเข้าร่วมอีกครั้งได้
7772,reunionWorldChatErr6,Senior player conditions not met. Unable to participate.,你還不符合老玩家的條件要求，無法參與該活動!,Senior player conditions not met. Unable to participate.,"Bạn chưa đáp ứng đủ điều kiện của người chơi lâu năm, không thể tham gia sự kiện này!","베테랑 유저 조건 미달성, 해당 이벤트 참여 불가!",Condições de jogador sênior não atendidas. Incapaz de participar.,ไม่เป็นไปตามเงื่อนไขของผู้เล่นอาวุโส ไม่สามารถเข้าร่วมได้
7773,reunionWorldChatErr5,Invalid link.,鏈接已失效,Invalid link.,Liên kết đã hết hiệu lực,주소 기간 경과,Link inválido.,ลิงค์ไม่ถูกต้อง
7774,reunionBindDialogText,#C0x5B545B#Bind with #C0xF13B54#[%s]#C0x5B545B# and complete the Reunion Quest?,#C0x5B545B#是否與玩家#C0xF13B54#[%s]#C0x5B545B#綁定，共同完成重聚任務？,#C0x5B545B#Bind with #C0xF13B54#[%s]#C0x5B545B# and complete the Reunion Quest?,Có nên liên kết với người chơi [%s] để cùng hoàn thành nhiệm vụ đoàn tụ không?,#C0x5B545B#유저#C0xF13B54#[%s]#C0x5B545B#님과 연결하여 재모임 미션을 함께 수행하시겠습니까?,#C0x5B545B#Vincular-se com #C0xF13B54#[%s]#C0x5B545B# e completar a Missão de Reunião?,#C0x5B545B#ผูกกับ #C0xF13B54#[%s]#C0x5B545B# และทำภารกิจ Reunion สำเร็จหรือไม่?
7775,reunionBindDialogSuccess,Bound!,綁定成功！,Bound!,Liên kết thành công!,연동 성공！,Vinculado!,ผูกพัน!
7776,reunionInviteFriend,No results found.,沒有符合的好友鴨！,No results found.,Không có bạn bè nào phù hợp!,부합한 친구 없음！,Nenhum resultado encontrado.,ไม่พบผลลัพธ์.
7777,reunionFriendBind,Friend Bind,好友綁定,Friend Bind,Kết bạn,친구 연동,Ligação de amigo,ผูกมิตร
7778,reunionInviteBind,Recommended,推薦綁定,Recommended,Liên kết được đề xuất,연동 추천,Recomendado,ที่แนะนำ
7779,recommend,Recommend,推薦,Recommend,Đề xuất,추천,Recomendar,แนะนำ
7780,invite,Invite,邀請,Invite,Mời,초대,Convidar,เชิญ
7781,carnivalGift,Carnival Chest,狂歡禮盒,Carnival Chest,Hộp quà lễ hội,축제 선물함,Baú de Carnaval,หีบคาร์นิวัล
7782,signetBeiDong,"Unlock 【Passive %d】 after ascending: In %s,","突破後解鎖【被動%d】:在%s中,","Unlock 【Passive %d】 after ascending: In %s,","Mở khóa [Nội tại %d] sau khi đột phá: Trong %s,",돌파 후【패시브%d】활성화: %s에서,"Desbloquear 【Passivo %s】 após ascender: Em %s,",ปลดล็อค 【Passive %s】 หลังจากขึ้น: ใน %s
7783,gymMemberBattleWin,#C0xFFFFDB##Pfont/youmi1.ttf##L00100011##LOC0xE95E0B##LOS4#Challenge succeeds! Congratulations!,#C0xFFFFDB##Pfont/youmi1.ttf##L00100011##LOC0xE95E0B##LOS4#恭喜挑戰成功！,#C0xFFFFDB##Pfont/youmi1.ttf##L00100011##LOC0xE95E0B##LOS4#Challenge succeeds! Congratulations!,Chúc mừng bạn đã hoàn thành thử thách!,#C0xFFFFDB##Pfont/youmi1.ttf##L00100011##LOC0xE95E0B##LOS4#도전 성공하여 축하합니다！,#C0xFFFFDB##Pfont/youmi1.ttf##L00100011##LOC0xE95E0B##LOS4#Desafio bem-sucedido! Parabéns!,#C0xFFFFDB##Pfont/youmi1.ttf##L00100011##LOC0xE95E0B##LOS4#Challenge สำเร็จ! ขอแสดงความยินดี!
7784,crossRule,Cross-server Rules,跨服規則,Cross-server Rules,Luật lệ liên máy chủ,통합서버 규칙,Regras entre servidores,กฎข้ามเซิร์ฟเวอร์
7785,spaceRule,Rules,規 則,Rules,Quy tắc,규 칙,Regras,กฎ
7786,nNatureAdditionText,"#C0x5b545b#Sum no lower than #C0xF76C46#%d#C0x5b545b#, Bonus #C0x5C9970#+%s",#C0x5b545b#總和不低於#C0xF76C46#%d#C0x5b545b#，徽章精神屬性額外#C0x5C9970#+%s,"#C0x5b545b#Sum no lower than #C0xF76C46#%d#C0x5b545b#, Bonus #C0x5C9970#+%s","Tổng không thấp hơn #C0xF76C46#%d#C0x5b545b#, thuộc tính Tinh thần Huy hiệu thêm #C0x5C9970#+%s",#C0x5b545b#총 수량은 #C0xF76C46#%d#C0x5b545b# 이상，배지 정신 추가#C0x5C9970#+%s,"#C0x5b545b#Soma não inferior a #C0xF76C46#%s#C0x5b545b#, Bônus #C0x5C9970#+%s","#C0x5b545b#ผลรวมไม่ต่ำกว่า #C0xF76C46#%s#C0x5b545b#, โบนัส #C0x5C9970#+%s"
7787,gymBattleTimesBuy,#C0xFF5B545B#Spend %d#Icommon/icon/icon_diamond.png-56-56# to buy one challenge chance?,#C0xFF5B545B#是否消耗%d#Icommon/icon/icon_diamond.png-56-56#，購買一次挑戰次數？,#C0xFF5B545B#Spend %d#Icommon/icon/icon_diamond.png-56-56# to buy one challenge chance?,#C0xFF5B545B#Có muốn dùng %d #Icommon/icon/icon_diamond.png-56-56# để mua một lượt thử thách không?,#C0xFF5B545B# %d#Icommon/icon/icon_diamond.png-56-56#로 도전 횟수 1회를 구매하시겠습니까?,#C0xFF5B545B#Gaste %s#Icommon/icon/icon_diamond.png-56-56# para comprar uma chance de desafio?,#C0xFF5B545B#ใช้ %s#Icommon/icon/icon_diamond.png-56-56# เพื่อซื้อโอกาสการท้าทายหนึ่งครั้ง?
7788,haveGetBy,Claimed: %d/%d,已領取：%d/%d,Claimed: %d/%d,Đã nhận: %d/%d,수령됨：%d/%d,Reivindicado: %s/%s,อ้างสิทธิ์: %s/%s
7789,cloneBattleKickTip1,"Available only when at least 3 players in the room have completed the challenge, and this player hasn't started any challenge in 3 hours while in the room.",本房間內至少有3人完成挑戰時，Ta在房間內停留至少3小時卻未進行挑戰時才可使用哦,"Available only when at least 3 players in the room have completed the challenge, and this player hasn't started any challenge in 3 hours while in the room.",Chỉ có thể sử dụng khi ít nhất 3 người trong phòng đã hoàn thành thử thách và có người ở lại phòng ít nhất 3 giờ mà không tham gia thử thách.,이 방 안에 최소 3인 이상은 도전 완성된 경우 방 안에서 3시간 이상 도전 안한 유저가 사용 가능,Disponível somente quando pelo menos 3 jogadores na sala tiverem completado o desafio e este jogador não tiver iniciado nenhum desafio nas últimas 3 horas enquanto estiver na sala.,ใช้ได้เฉพาะเมื่อมีผู้เล่นอย่างน้อย 3 คนในห้องทำภารกิจท้าทายสำเร็จ และผู้เล่นรายนี้ไม่ได้เริ่มภารกิจท้าทายใดๆ เป็นเวลา 3 ชั่วโมงขณะที่อยู่ในห้อง
7790,cloneBattleKickTip2,Complete at least 1 challenge to have the access!,需要至少完成1次挑戰後才擁有該權限！,Complete at least 1 challenge to have the access!,Bạn cần hoàn thành ít nhất 1 thử thách để có quyền này!,최소 1회 도전 후 해당 권한을 획득 가능！,Complete pelo menos 1 desafio para ter acesso!,ทำภารกิจท้าทายให้สำเร็จอย่างน้อย 1 ครั้งจึงจะสามารถเข้าถึงได้!
7791,cloneBattleKickTip3,Confirm to kick %s out of the room? Please think twice before you decide!,確定將%s請出該房間嗎？選擇後玩家會立即離開，請慎重選擇！,Confirm to kick %s out of the room? Please think twice before you decide!,Bạn có chắc chắn muốn đuổi %s ra khỏi phòng này không? Người chơi sẽ rời đi ngay sau khi chọn. Hãy cân nhắc kỹ lưỡng!,%s님을 해당 방에서 방출하시겠습니까? 선택 후 유저가 즉시 나가는데 신중히 선택하세요!,"Confirmar para expulsar %s da sala? Por favor, pense duas vezes antes de decidir!",ยืนยันที่จะไล่ %s ออกจากห้องไหม? โปรดคิดให้ดีก่อนตัดสินใจ!
7792,cloneBattleKickTip4,%s has been kicked out of the room.,%s已被請出該房間,%s has been kicked out of the room.,%s đã bị đuổi khỏi phòng.,%s님이 해당 방에서 방출되었습니다.,%s foi expulso da sala.,%s ถูกไล่ออกจากห้อง
7793,cloneBattleRecord,Record of Changes,變更記錄,Record of Changes,Nhật ký thay đổi,변경 기록,Registro de Mudanças,บันทึกการเปลี่ยนแปลง
7794,cloneBattleRecord1,The room has been created.,該房間被創建,The room has been created.,Phòng đã được tạo.,해당 방은 창설 완료,A sala foi criada.,ห้องนี้ได้ถูกสร้างขึ้นแล้ว
7795,cloneBattleRecord2,{name} officially stays in the room as the challenge progress has been updated.,{name}挑戰進度更新，正式留在房間內,{name} officially stays in the room as the challenge progress has been updated.,"Cập nhật tiến độ thử thách của {name}, chính thức ở lại trong phòng","{name}님이 도전 진도 리셋, 정식으로 방 안에 유지됩니다.",{name} permanece oficialmente na sala enquanto o progresso do desafio foi atualizado.,{name} อยู่ในห้องอย่างเป็นทางการแล้วเนื่องจากความคืบหน้าของความท้าทายได้รับการอัปเดต
7796,cloneBattleRecord3,{name} has completed the challenge.,{name}完成本場挑戰,{name} has completed the challenge.,{name} đã hoàn thành thử thách.,{name}님이 이번 도전 완성,{name} completou o desafio.,{name} ได้ทำความท้าทายสำเร็จแล้ว
7797,cloneBattleRecord4,{name} has been kicked out of the room.,{name}被請出了本房間,{name} has been kicked out of the room.,{name} đã bị đuổi khỏi phòng này.,{name}님이 이 방에서 방출되었습니다.,{name} foi expulso da sala.,{name} ถูกไล่ออกจากห้อง
7798,cloneBattleRecord5,Initiate a vote to kick {name} out of the room.,發起投票是否將{name}請出房間,Initiate a vote to kick {name} out of the room.,Bỏ phiếu để loại {name} khỏi phòng,{name}님을 방출하는지 투표를 진행합니다.,Inicie uma votação para expulsar {nome} da sala.,เริ่มการโหวตเพื่อไล่ {name} ออกจากห้อง
7799,cloneBattleRecord6,"According to voting results, {name} stays in the room.",投票產生結果，玩家{name}仍然留在房間,"According to voting results, {name} stays in the room.","Kết quả bỏ phiếu đã được công bố, người chơi {name} vẫn còn trong phòng.",투표 결과에 의해 {name}님이 방에 남았습니다.,"De acordo com os resultados da votação, {name} permanece na sala.",ตามผลการโหวต {name} ยังอยู่ในห้อง
7800,cloneBattleRecord7,{name} has completed a battle. {name} stays in the room.,因{name}完成一次戰鬥，{name}不被踢出,{name} has completed a battle. {name} stays in the room.,"Vì {name} đã hoàn thành một trận đấu, {name} không bị loại.","{name}님이 전투 1회 완성,{name}님이 방출 불가",{name} completou uma batalha. {name} permanece na sala.,{name} ได้ทำการต่อสู้สำเร็จแล้ว {name} ยังคงอยู่ในห้อง
7801,noGiftsToReceiveMidmoon,Voracity is a bad. Come again another time!,貪嘴可不好哦，改天再來吧,Voracity is a bad. Come again another time!,"Ăn tham không tốt đâu, hãy quay lại vào một ngày khác nhé.",욕심이 많네요~나중에 또 오세요!,Voracidade é ruim. Volte outra hora!,ความตะกละเป็นสิ่งไม่ดี ไว้เจอกันใหม่คราวหน้า!
7802,canReceivedByScore,Claim when Points reach %d:,"當積分到達%d時,可以領取:",Claim when Points reach %d:,"Khi điểm đạt %d, bạn có thể nhận:",%d 점수 달성 시 수령 가능:,Reivindicar quando os pontos atingirem %s:,รับสิทธิ์เมื่อคะแนนถึง %s:
7803,onlineFightLongtimeText,Matching Wait: 5 min,匹配等待5分鐘,Matching Wait: 5 min,"Đang tìm trận đấu, chờ 5 phút",매칭 대기 시간 5분,Espera de correspondência: 5 min,รอการจับคู่: 5 นาที
7804,onlineFightLongtimeTip,Matching Wait extends to 5 minutes after ticking.,勾選後，匹配等待時間將延長至5分鐘,Matching Wait extends to 5 minutes after ticking.,"Sau khi chọn, thời gian chờ khớp sẽ được kéo dài đến 5 phút.",체크 후 매칭 대기 시간은 5분으로 연장,A espera de correspondência se estende para 5 minutos após a marcação.,การรอจับคู่จะขยายเวลาออกไปเป็น 5 นาทีหลังจากการติ๊ก
7805,cloneBattleRecord8,"The host has kicked you out of the room as you've been inactive for a long time. If you are kicked out for another %d time(s), you will be restricted to challenge.",由於你在房間內長時間未成功進行挑戰，房主將你請出了房間，本場再被請出%d次後將被限製進入挑戰，不要灰心，還可以繼續加入戰鬥哦,"The host has kicked you out of the room as you've been inactive for a long time. If you are kicked out for another %d time(s), you will be restricted to challenge.","Bạn đã bị chủ phòng yêu cầu rời khỏi vì không hoàn thành thử thách trong thời gian dài. Bạn sẽ bị hạn chế tham gia thử thách sau khi bị yêu cầu rời khỏi thêm %d lần nữa trong phiên này. Đừng nản chí, bạn vẫn có thể tiếp tục tham gia chiến đấu!",트레이너님이 오랫 동안 도전 성공하지 못하오니 방 주인으로부터 방출되며 이번 라운드에서 %d 회 더 방출 당할 경우 도전이 제한될 것입니다. 아직은 계속 전투에 가입할 수 있으니까 힘 내세요!,"O anfitrião expulsou você da sala porque você ficou inativo por um longo tempo. Se você for expulso por mais %s vez(es), você ficará restrito ao desafio.",โฮสต์ได้ไล่คุณออกจากห้องเนื่องจากคุณไม่ได้ใช้งานเป็นเวลานาน หากคุณถูกไล่ออกอีก %s ครั้ง คุณจะถูกจำกัดให้เข้าร่วมท้าทาย
7806,cloneBattleRecord9,"Oops, you've been kicked out of the room for 3 times. You are unable to enter Elemental Challenge for this round. Better luck next round!",很可惜，由於你在房間未積極進行戰鬥，累計已被請出房間3次，不可再次參加本場元素挑戰了，請在下場元素戰鬥開始後努力戰鬥，獲得獎勵吧~,"Oops, you've been kicked out of the room for 3 times. You are unable to enter Elemental Challenge for this round. Better luck next round!","Rất tiếc, do bạn không tích cực chiến đấu trong phòng, bạn đã bị mời rời khỏi phòng 3 lần và không thể tham gia thử thách nguyên tố này nữa. Hãy cố gắng chiến đấu hết mình trong trận chiến nguyên tố tiếp theo để nhận thưởng nhé!",아쉽게도 트레이너님은 방에서 적극적으로 전투하지 않아 누적 3번이나 방에서 나오게 했으니  이번 도전을 더 이상 참여할 수 없습니다. 다음 엘리먼트 전투가 시작된 후 열심히 싸워서 보상을 획득하세요~,"Opa, você foi expulso da sala 3 vezes. Você não pode entrar no Elemental Challenge para esta rodada. Mais sorte na próxima rodada!",อุ๊ย คุณถูกไล่ออกจากห้องไปแล้ว 3 ครั้ง คุณไม่สามารถเข้าร่วม Elemental Challenge ในรอบนี้ได้ ขอให้โชคดีในรอบหน้า!
7807,cloneBattleVote,%d Votes,已投%d票,%d Votes,Đã bỏ %d phiếu,%d표 제출,%s votos,%s โหวต
7808,cloneBattleKickText,Vote to kick %s out of the room.,請投票選擇是否將房主%s請出房間,Vote to kick %s out of the room.,Hãy bỏ phiếu xem có nên đuổi chủ nhà %s ra khỏi phòng hay không.,방 주인 %s님이 방에서 나갈지 투표하세요.,Vote para expulsar %s da sala.,โหวตเพื่อไล่ %s ออกจากห้อง
7809,cloneBattleKickTipThreeTimes,Complete at least 3 challenges to have the access!,需要至少完成3次挑戰後才擁有該權限！,Complete at least 3 challenges to have the access!,Cần hoàn thành ít nhất 3 thử thách để có quyền này!,도전 3회 이상 완성 시 해당 권한 획득 가능！,Complete pelo menos 3 desafios para ter acesso!,ทำภารกิจให้สำเร็จอย่างน้อย 3 อย่างเพื่อเข้าถึง!
7810,cloneBattleKickVoteTip,Vote has been initiated. Go to the vote entry on the bottom right of the room.,已發起投票，請在房間右下角的投票入口內操作,Vote has been initiated. Go to the vote entry on the bottom right of the room.,Đã khởi tạo cuộc bỏ phiếu. Vui lòng bỏ phiếu tại khu vực bỏ phiếu ở góc dưới bên phải của phòng.,투표 제출되며 방 우측 하단-투표 입구에서 조작하세요.,A votação foi iniciada. Vá para a entrada de votação no canto inferior direito da sala.,การโหวตได้เริ่มต้นแล้ว ไปที่รายการโหวตที่ด้านล่างขวาของห้อง
7811,cloneBattleKickVoteTipStay,Confirm to let the host stay? Think twice before you decide!,確定投票讓房主留下嗎？確定投票後選擇不可更換！,Confirm to let the host stay? Think twice before you decide!,Xác nhận bỏ phiếu để giữ chủ nhà lại? Lựa chọn không thể thay đổi sau khi xác nhận bỏ phiếu!,방 주인은 남아 있도록 하시겠습니까? 투표 확인 후 변경 불가!,Confirmar para deixar o anfitrião ficar? Pense duas vezes antes de decidir!,ยืนยันให้เจ้าบ้านอยู่ต่อได้ไหม คิดให้ดีก่อนตัดสินใจ!
7812,cloneBattleKickVoteTipLeave,Confirm to kick out the host? Think twice before you decide!,確定投票讓房主離開嗎？確定投票後選擇不可更換！,Confirm to kick out the host? Think twice before you decide!,Bạn có chắc chắn muốn bỏ phiếu để chủ nhà rời đi không? Lựa chọn không thể thay đổi sau khi xác nhận bỏ phiếu!,방 주인을 방출하시겠습니까? 투표 확인 후 변경 불가!,Confirmar para expulsar o host? Pense duas vezes antes de decidir!,ยืนยันจะไล่เจ้าบ้านออกไหม? คิดให้ดีก่อนตัดสินใจ!
7813,cloneBattleKickVoteResultTipLeave,Voting ended. Host %s has been kicked out of the room.,玩家已全部投票，投票結果為將房主%s請出房間！,Voting ended. Host %s has been kicked out of the room.,"Tất cả người chơi đã bỏ phiếu, và kết quả là sẽ loại người dẫn chương trình %s khỏi phòng!","모든 유저가 투표 완료, 투표 결과는 방 주인 %s님을 방출하겠습니다.",A votação terminou. O anfitrião %s foi expulso da sala.,การโหวตสิ้นสุดลงแล้ว โฮสต์ %s ถูกไล่ออกจากห้อง
7814,cloneBattleKickVoteResultTipStay,Voting ended. Host %s remains in the room.,玩家已全部投票，投票結果為房主%s仍留在房間！,Voting ended. Host %s remains in the room.,"Tất cả người chơi đã bỏ phiếu, và kết quả là chủ nhà %s vẫn ở trong phòng!","모든 유저가 투표 완료, 투표 결과는 방 주인 %s님은 방에서 남아있습니다.",A votação terminou. O anfitrião %s permanece na sala.,การโหวตสิ้นสุดแล้ว โฮสต์ %s ยังคงอยู่ในห้อง
7815,cloneBattleKickWorningTip,A vote has been initiated to kick you out. Complete the Elemental Challenge now to stay in the room!,其他玩家已發起投票請你離開房間，請盡快完成元素挑戰避免被投出房間！,A vote has been initiated to kick you out. Complete the Elemental Challenge now to stay in the room!,Các người chơi khác đã bỏ phiếu để bạn rời khỏi phòng. Hãy hoàn thành thử thách nguyên tố càng sớm càng tốt để tránh bị đuổi!,다른 유저가 방출 투표를 진행중 입니다. 방출되지 않도록 어서 원소 도전을 클리어 하세요！,Uma votação foi iniciada para expulsá-lo. Complete o Elemental Challenge agora para permanecer na sala!,มีการเริ่มโหวตเพื่อไล่คุณออกแล้ว ทำภารกิจ Elemental Challenge ให้เสร็จตอนนี้เพื่ออยู่ในห้อง!
7816,reunionType1,Returned Trainer,回歸訓練家,Returned Trainer,Trở về với Huấn luyện viên,귀환 트레이너,Treinador Retornado,เทรนเนอร์กลับมาแล้ว
7817,reunionType2,Pro Trainer,資深訓練家,Pro Trainer,Huấn luyện viên kỳ cựu,베테랑 트레이너,Treinador profissional,เทรนเนอร์มืออาชีพ
7818,dailyTaskTimes,"""Completed """,今日挑戰已完成,"""Completed """,Thử thách hôm nay đã hoàn thành.,금일 도전 완성,Concluído,สมบูรณ์
7819,onlineFightShopTip,The items with point conditions will be unlocked permanently once the points reach the requirement.,附有積分解鎖條件的商品只要分數達到過即會永久解鎖喔,The items with point conditions will be unlocked permanently once the points reach the requirement.,Các mặt hàng có điều kiện mở khóa bằng điểm số sẽ được mở khóa vĩnh viễn một khi đạt được điểm số yêu cầu.,점수 오픈 조건을 달성 시 상품은 영구적으로 활성화 가능,Os itens com condições de pontos serão desbloqueados permanentemente quando os pontos atingirem o requisito.,ไอเท็มที่มีเงื่อนไขคะแนนจะถูกปลดล็อคถาวรเมื่อคะแนนถึงข้อกำหนด
7820,flipCardNoTimes,You are out of flip chances. Complete challenge quests to increase the chances!,你沒有翻牌次數了，完成挑戰任務可增加次數哦,You are out of flip chances. Complete challenge quests to increase the chances!,Bạn không còn lượt rút bài nữa. Hoàn thành nhiệm vụ thử thách để tăng số lượt nhé!,"카드 뽑기 횟수 없음, 도전 임무를 클리어 후 횟수를 획득 가능",Você está sem chances de virar. Complete missões de desafio para aumentar as chances!,คุณหมดโอกาสพลิกกลับแล้ว ทำภารกิจท้าทายให้สำเร็จเพื่อเพิ่มโอกาส!
7821,flipCardClickAgain,Rewards for this card have been issued. More clicks won't consume chances and they are invalid.,本張牌獎勵已發放，再次點擊不消耗次數且無效哦,Rewards for this card have been issued. More clicks won't consume chances and they are invalid.,Phần thưởng đã được gửi. Bấm lại sẽ không có hiệu lực và không tiêu hao lượt nào.,"해당 카드 보상 지급 완료, 중복 클릭 시 무효(횟수 미소모)",Recompensas para este cartão foram emitidas. Mais cliques não consumirão chances e são inválidos.,รางวัลสำหรับการ์ดใบนี้ได้รับการออกแล้ว การคลิกมากกว่านี้จะไม่ใช้โอกาสและรางวัลดังกล่าวจะถือเป็นโมฆะ
7822,onlineFightRecordType1,My Battle,我的對決,My Battle,Trận chiến của tôi,내 대결,Minha Batalha,การต่อสู้ของฉัน
7823,onlineFightRecordType2,Highlights,精彩對決,Highlights,Trận chiến ngoạn mục,엘리트 대결,Destaques,ไฮไลท์
7824,flipCardFinished,You won the top prize. The last round is over!,恭喜贏得頭獎，最後一輪圓滿結束！,You won the top prize. The last round is over!,Chúc mừng bạn đã giành được giải thưởng lớn! Vòng cuối đã kết thúc thành công!,대상을 획득한 것을 축하합니다! 마지막 라운드가 종료되었습니다!,Você ganhou o prêmio máximo. A última rodada acabou!,คุณชนะรางวัลใหญ่แล้ว รอบสุดท้ายจบไปแล้ว!
7825,flipCardFinishedClickTip,The event has ended. Thank you for participating!,當前活動已結束啦，感謝參與！,The event has ended. Thank you for participating!,Sự kiện hiện tại đã kết thúc. Cảm ơn sự tham gia của bạn!,"이벤트 종료, 참여해주셔서 감사합니다！",O evento terminou. Obrigado por participar!,กิจกรรมนี้สิ้นสุดแล้ว ขอบคุณที่เข้าร่วม!
7826,forever,Permanent,永  久,Permanent,Mãi mãi,영원히,Permanente,ถาวร
7827,battleErrorReloadGame,Exception occurs. Please log in the game again.,"戰鬥出現異常,請重新登錄遊戲",Exception occurs. Please log in the game again.,Đã xảy ra lỗi trong trận đấu. Vui lòng đăng nhập lại.,"전투 오류, 다시 로그인 하세요.","Ocorreu uma exceção. Por favor, faça login no jogo novamente.",เกิดข้อผิดพลาด กรุณาเข้าสู่ระบบเกมอีกครั้ง
7828,exclusiveReward,Reward:,專屬獎勵：,Reward:,Phần thưởng độc quyền:,전용 보상：,Recompensa:,รางวัล:
7829,noOpenPleaseToGymView1,Awaken %s to Lv.%d to unlock,%s覺醒至%d級後可解鎖,Awaken %s to Lv.%d to unlock,Mở khóa sau khi %s thức tỉnh đến cấp độ %d,%s %d레벨 각성 후 오픈,Desperte %s para o nível %s para desbloquear,ปลุก %s ถึง Lv.%s เพื่อปลดล็อค
7830,noOpenPleaseToGymView2,Awaken %s Spirit to Lv.%d to unlock,%s精神點亮至%d級後可解鎖,Awaken %s Spirit to Lv.%d to unlock,Mở khóa sau khi %s Tinh thần được thắp sáng đến cấp độ %d,%s 정신 %d레벨 후 오픈,Desperte o Espírito %s para o Nv.%s para desbloquear,ปลุกวิญญาณ %s ให้ถึงระดับ Lv.%s เพื่อปลดล็อค
7831,noOpenPleaseToGymView3,Improve the awakened level of unlocked badges to unlock more badges!,提升已解鎖徽章的覺醒等級，可解鎖更多的徽章,Improve the awakened level of unlocked badges to unlock more badges!,Nâng cấp cấp độ thức tỉnh của huy hiệu đã mở khóa để mở khóa thêm huy hiệu.,오픈된 배지는 각성 레벨업 후 더 많은 배지 오픈 가능,Melhore o nível desperto dos emblemas desbloqueados para desbloquear mais emblemas!,ปรับปรุงระดับการปลุกของตราที่ปลดล็อคเพื่อปลดล็อคตราเพิ่มเติม!
7832,noOpenPleaseToGymView4,Improve the activated level of unlocked badges to unlock more badges!,提升已解鎖徽章的點亮等級，可解鎖更多的徽章,Improve the activated level of unlocked badges to unlock more badges!,Nâng cấp cấp độ sáng của huy hiệu đã mở khóa để mở khóa thêm huy hiệu.,오픈 된 배지 정신 레벨 증가하여 더 많은 배지를 오픈 가능,Melhore o nível ativado dos emblemas desbloqueados para desbloquear mais emblemas!,ปรับปรุงระดับการเปิดใช้งานของตราปลดล็อคเพื่อปลดล็อคตราเพิ่มเติม!
7833,etherIntegral,"Dear trainers, we've updated the Point Rewards. Please claim again the reward that meets the current accumulated points. Tap 【Claim All】 to claim the rewards! Unclaimed rewards will be sent by mail. Don't forget to claim them!",親愛的訓練家，我們更新了積分獎勵內容，需要你重新領取一次滿足當前累計積分的檔位獎勵內容，點擊【一鍵領取】可更快捷領取獎勵。之前版本未領取的獎勵將通過郵件補發，請註意查收。,"Dear trainers, we've updated the Point Rewards. Please claim again the reward that meets the current accumulated points. Tap 【Claim All】 to claim the rewards! Unclaimed rewards will be sent by mail. Don't forget to claim them!","Huấn luyện viên thân mến, chúng tôi đã cập nhật nội dung phần thưởng điểm. Bạn cần nhận lại phần thưởng theo cấp bậc tương ứng với số điểm tích lũy hiện tại của mình. Nhấn vào [Nhận tất cả] để nhận thưởng nhanh hơn. Phần thưởng chưa nhận được từ các phiên bản trước sẽ được gửi qua thư; vui lòng kiểm tra hộp thư của bạn.",안녕하세요 트레이너님. 점수 보상은 리셋되오니 현재 누적 점수 단계 보상을 다시 수령하세요. [일괄수령] 버튼을 클릭하시면 바로 보상을 수령하실 수 있습니다. 기존 버전에 미수령된 보상은 우편으로 지급되오니 제때에 수령하세요.,"Caros treinadores, atualizamos as Recompensas de Pontos. Por favor, reivindiquem novamente a recompensa que atende aos pontos acumulados atuais. Toque em 【Reivindicar Tudo】 para reivindicar as recompensas! As recompensas não reivindicadas serão enviadas por correio. Não se esqueça de reivindicá-las!",เรียนผู้ฝึกสอนทุกท่าน เราได้อัปเดตรางวัลคะแนนแล้ว โปรดรับรางวัลที่ตรงตามคะแนนสะสมปัจจุบันอีกครั้ง แตะ【รับรางวัลทั้งหมด】เพื่อรับรางวัล รางวัลที่ไม่ได้รับจะถูกส่งทางไปรษณีย์ อย่าลืมรับรางวัลด้วย!
7834,isSkipNewbieBattle,You are a pro trainer. Do you want to skip the novice battle?,您已是熟練訓練家，是否跳過新手戰鬥？,You are a pro trainer. Do you want to skip the novice battle?,Bạn đã là một nhà huấn luyện lão luyện rồi. Có muốn bỏ qua trận đấu dành cho người mới bắt đầu không?,베테랑 트레이너이신데 가이드를 스킵하시겠습니까?,Você é um treinador profissional. Quer pular a batalha dos novatos?,คุณเป็นผู้ฝึกสอนมืออาชีพ คุณต้องการข้ามการต่อสู้ของมือใหม่หรือไม่
7835,qualityExchangeHelditemDesc,Remaining Disenchants of #L10##C0x5B545B##L10#%s%s this round#L10##C0x5B545B#: #L10#%s%d,#L10##C0x5B545B#本期#L10#%s%s#L10##C0x5B545B#剩餘分解次數: #L10#%s%d,Remaining Disenchants of #L10##C0x5B545B##L10#%s%s this round#L10##C0x5B545B#: #L10#%s%d,#L10##C0x5B545B#Tuần này#L10#%s%s#L10##C0x5B545B#Số lần phân hủy còn lại:#L10#%s%d,#L10##C0x5B545B#이번 #L10#%s%s#L10##C0x5B545B#남은 분해 횟수: #L10#%s%d,Desencantamentos restantes de #L10##C0x5B545B##L10#%s%s nesta rodada#L10##C0x5B545B#: #L10#%s%s,จำนวน Disenchants ที่เหลือของ #L10##C0x5B545B##L10#%s%s ในรอบนี้#L10##C0x5B545B#: #L10#%s%s
7836,qualityExchangeHelditemTimes,Not enough disenchant chances. Please improve your VIP level or wait for the next round!,本期分解次數不足，請提升vip等級或者下期活動到來！,Not enough disenchant chances. Please improve your VIP level or wait for the next round!,Số mảnh ghép không đủ trong lần này. Vui lòng nâng cấp VIP hoặc chờ sự kiện tiếp theo!,"이번 분해 횟수 부족, vip 레벨업 하거나 다음 번에 오세요!",Não há chances suficientes de desencantar. Melhore seu nível VIP ou espere pela próxima rodada!,โอกาสหลุดพ้นไม่เพียงพอ กรุณาเพิ่มระดับ VIP ของคุณหรือรอรอบต่อไป!
7837,qualityExchangeHelditemSelectTip1,#L10#%s%s#C0x5B545B# has been enhanced (ascended). Unable to be used as exchange materials. Go to Item Rebirth?,#L10#%s%s#C0x5B545B#已有強化（突破），無法作為兌換材料，是否前往道具重生？,#L10#%s%s#C0x5B545B# has been enhanced (ascended). Unable to be used as exchange materials. Go to Item Rebirth?,"Mảnh vỡ này đã được cường hóa (đột phá), không thể dùng làm nguyên liệu trao đổi. Bạn có muốn đến chức năng Tái sinh đạo cụ không?",#L10#%s%s#C0x5B545B#(은)는 강화(돌파)되기에 교환 재료로 할 수 없습니다. 아이테 환생으로 가시겠습니까?,#L10#%s%s#C0x5B545B# foi aprimorado (ascendido). Não pode ser usado como material de troca. Ir para Item Rebirth?,#L10#%s%s#C0x5B545B# ได้รับการปรับปรุง (ยกระดับ) ไม่สามารถใช้เป็นวัสดุแลกเปลี่ยนได้ ไปที่การเกิดใหม่ของไอเทม?
7838,qualityExchangeFragment,Shard Convert Machine,碎片轉換機,Shard Convert Machine,Máy chuyển đổi mảnh vỡ,조각 전환기,Máquina de conversão de fragmentos,เครื่องแปลงเศษชิ้นส่วน
7839,qualityExchangeFragmentTitle1,This Round,本期,This Round,Số này,이번,Esta rodada,รอบนี้
7840,qualityExchangeFragmentTitle2,Preview,預覽,Preview,Xem trước,미리보기,Pré-visualização,ตัวอย่าง
7841,qualityExchangeFragmentTitle3,Select,選擇,Select,Chọn,선택,Selecione,เลือก
7842,qualityExchangeFragmentTitle4,Shards Required,所需碎片,Shards Required,Mảnh vỡ cần thiết,소모 조각,Fragmentos necessários,เศษชิ้นส่วนที่จำเป็น
7843,qualityExchangeFragmentChooseTip,Please select the items first.,請先選擇道具,Please select the items first.,Vui lòng chọn vật phẩm trước.,아이템을 선택하세요.,Selecione os itens primeiro.,กรุณาเลือกสินค้าก่อน
7844,sureUsingDiamonds,Confirm to spend #Icommon/icon/icon_diamond.png-56-56#%s?,確認消耗#Icommon/icon/icon_diamond.png-56-56#%s嗎？,Confirm to spend #Icommon/icon/icon_diamond.png-56-56#%s?,Xác nhận tiêu hao #Icommon/icon/icon_diamond.png-56-56#%s?,#Icommon/icon/icon_diamond.png-56-56#%s 소모하시겠습니까?,Confirmar para gastar #Icommon/icon/icon_diamond.png-56-56#%s?,ยืนยันการใช้ #Icommon/icon/icon_diamond.png-56-56#%s หรือไม่?
7845,qualityExchangeHelditemSelectTip2,#L10#%s%s#C0x5B545B# has been equipped on the Pokémon. Do you want to remove it?,#L10#%s%s#C0x5B545B#已穿戴在精靈身上，是否前往脫下該裝備？,#L10#%s%s#C0x5B545B# has been equipped on the Pokémon. Do you want to remove it?,Đã được trang bị cho Pokémon. Bạn có muốn tháo nó ra không?,#L10#%s%s#C0x5B545B#(은)는 포켓몬에 장착중이며 해당 장비를 해제하러 가시겠습니까？,#L10#%s%s#C0x5B545B# foi equipado no Pokémon. Você quer removê-lo?,#L10#%s%s#C0x5B545B# ถูกติดตั้งบนโปเกมอนแล้ว คุณต้องการเอาออกหรือไม่?
7846,inGymBadgeGuard,Guarding the Badge...,守護徽章中,Guarding the Badge...,Trong Huy hiệu Hộ vệ,배지 수호중,Guardando o Distintivo...,เฝ้าป้าย...
7847,qualityExchangeFragmentLeftTip,No shards of the same quality.,背包內目前沒有相同品質的碎片,No shards of the same quality.,Hiện tại không có Mảnh ghép cùng chất lượng trong túi đồ của bạn.,가방에 동일 품질의 조각 없음,Nenhum fragmento da mesma qualidade.,ไม่มีเศษชิ้นส่วนที่มีคุณภาพเท่ากัน
7848,qualityExchangeFragmentRightTip,No shards to be converted for the event.,本期活動沒有可轉換的碎片,No shards to be converted for the event.,Không có mảnh ghép nào để chuyển đổi trong thời gian này.,이번 이벤트에 전환 가능한 조각 없음,Nenhum fragmento a ser convertido para o evento.,ไม่มีชิ้นส่วนที่จะนำมาแปลงเพื่อใช้งานกิจกรรม
7849,qualityExchangeFragmentChooseTip1,Please select the shards first.,請先選擇碎片,Please select the shards first.,Vui lòng chọn Mảnh vỡ trước.,조각을 선택하세요.,Selecione os fragmentos primeiro.,กรุณาเลือกชิ้นส่วนก่อน
7850,qualityExchangeFragmentChooseTip2,The amount cannot be 0.,轉換碎片的數量不能為0,The amount cannot be 0.,Số lượng mảnh ghép để chuyển đổi không thể là 0.,전환 조각 수량은 0이 안됩니다.,O valor não pode ser 0.,จำนวนเงินไม่สามารถเป็น 0 ได้
7851,qualityExchangeHelditemExchangeTip,Continue to disenchant the selected held items? (Magic Cube will be obtained after the disenchanting.),即將分解選擇的攜帶道具，是否繼續？(分解後將獲得神奇魔方),Continue to disenchant the selected held items? (Magic Cube will be obtained after the disenchanting.),Sắp phân hủy vật phẩm đang giữ đã chọn. Tiếp tục?,선택한 장착 아이템을 분해하시겠습니까? (분해 후 매직 큐브 획득 가능),Continuar a desencantar os itens selecionados? (O Cubo Mágico será obtido após o desencantamento.),ดำเนินการสลายมนตร์ไอเทมที่เลือกไว้ต่อไปหรือไม่ (จะได้รับ Magic Cube หลังจากสลายมนตร์แล้ว)
7852,sureBuyFigureSkillTip,#C0x5b545b#Spend %d#Icommon/icon/icon_diamond.png-56-56# to unlock the slot?,#C0x5b545b#是否花費%d#Icommon/icon/icon_diamond.png-56-56#解鎖該欄位?,#C0x5b545b#Spend %d#Icommon/icon/icon_diamond.png-56-56# to unlock the slot?,Dùng %d #Icommon/icon/icon_diamond.png-56-56# để mở khóa ô này?,#C0x5b545b# %d#Icommon/icon/icon_diamond.png-56-56#로 해당 슬롯을 오픈하시겠습니까?,#C0x5b545b#Gaste %s#Icommon/icon/icon_diamond.png-56-56# para desbloquear o slot?,#C0x5b545b#ใช้ %s#Icommon/icon/icon_diamond.png-56-56# เพื่อปลดล็อคช่อง?
7853,sureChangeSkillTip,#L10##F30##C0xb7b09e#Tap the icon to apply or replace activated skills.,#L10##F30##C0xb7b09e#點擊圖標可應用或替換已啟動技能,#L10##F30##C0xb7b09e#Tap the icon to apply or replace activated skills.,Nhấn vào biểu tượng để áp dụng hoặc thay thế kỹ năng đã kích hoạt,#L10##F30##C0xb7b09e#아이콘을 클릭 시 활성화된 스킬 사용 혹은 변경 가능,#L10##F30##C0xb7b09e#Toque no ícone para aplicar ou substituir habilidades ativadas.,#L10##F30##C0xb7b09e#แตะไอคอนเพื่อใช้หรือแทนที่ทักษะที่เปิดใช้งาน
7854,unlockSkillLimitTip,#L10##F30##C0x5b545b#Activate #C0xe67422#%d#L10##C0x5b545b# image(s) to unlock the next slot,#L10##F30##C0x5b545b#啟動#C0xe67422#%d#L10##C0x5b545b#個形象後解鎖下一欄位,#L10##F30##C0x5b545b#Activate #C0xe67422#%d#L10##C0x5b545b# image(s) to unlock the next slot,Mở khóa vị trí tiếp theo sau khi kích hoạt #C0xe67422#%d# Mảnh ghép,#L10##F30##C0x5b545b# #C0xe67422#%d#L10##C0x5b545b#개 이미지를 활성화 후 다음 슬롯 오픈됩니다.,#L10##F30##C0x5b545b#Ative #C0xe67422#%s#L10##C0x5b545b# imagem(ns) para desbloquear o próximo slot,#L10##F30##C0x5b545b#เปิดใช้งานรูปภาพ #C0xe67422#%s#L10##C0x5b545b# เพื่อปลดล็อคช่องถัดไป
7855,unlockSkillCostTip,#L10##F30##C0x5b545b#Use#Icommon/icon/icon_diamond.png-56-56#%d #L10# to unlock slots.,#L10##F30##C0x5b545b#可使用#Icommon/icon/icon_diamond.png-56-56#%d#L10#解鎖欄位,#L10##F30##C0x5b545b#Use#Icommon/icon/icon_diamond.png-56-56#%d #L10# to unlock slots.,Sử dụng #Icommon/icon/icon_diamond.png-56-56#%d để mở khóa ô,#L10##F30##C0x5b545b# #Icommon/icon/icon_diamond.png-56-56#%d#L10#로 슬롯 오픈 가능,#L10##F30##C0x5b545b#Use#Icommon/icon/icon_diamond.png-56-56#%s #L10# para desbloquear slots.,#L10##F30##C0x5b545b#ใช้#Icommon/icon/icon_diamond.png-56-56#%s #L10# เพื่อปลดล็อคช่อง
7856,haveUse,Used,已使用,Used,Đã sử dụng,사용됨,Usado,ใช้แล้ว
7857,sureChangeSkillTip2,#C0x5b545b#The slot is available to all roles after unlocking.,#C0x5b545b#解鎖後所有角色都可使用該欄位,#C0x5b545b#The slot is available to all roles after unlocking.,Ổ này sẽ khả dụng cho tất cả nhân vật sau khi mở khóa.,#C0x5b545b#해당 자리 오픈 후 모든 포켓몬 사용 가능,#C0x5b545b#O slot fica disponível para todas as funções após o desbloqueio.,#C0x5b545b#ช่องนั้นจะพร้อมใช้งานสำหรับทุกบทบาทหลังจากปลดล็อคแล้ว
7858,inGymBadgeGuardCantDecompose,Pokémon is guarding the Badge. Unable to disenchant.,精靈正在守護徽章中，無法分解,Pokémon is guarding the Badge. Unable to disenchant.,Pokémon đang bảo vệ huy hiệu và không thể phân hủy.,"포켓몬이 배지 수호중, 분해 불가",Pokémon está guardando o Badge. Incapaz de desencantar.,โปเกมอนกำลังเฝ้าป้าย ไม่สามารถปลดคาถาได้
7859,updateDrawTimes,Treasure Hunting chances will be refreshed at 00:00 every day.,每日05:00刷新尋寶次數,Treasure Hunting chances will be refreshed at 00:00 every day.,Số lần săn kho báu được làm mới hàng ngày lúc 05:00,매일 0시에 보물찾기 횟수 갱신,As chances de Caça ao Tesouro serão atualizadas às 00:00 todos os dias.,โอกาสล่าสมบัติจะได้รับการรีเฟรชทุกวันเวลา 00:00 น.
7860,crossGymDayTips,Cross-server Gym will be unlocked on the following week of Day %s of the server opening.,開服%s天後的下一周開啟跨服道館,Cross-server Gym will be unlocked on the following week of Day %s of the server opening.,Đấu trường liên server mở vào tuần sau %s ngày kể từ khi ra mắt.,서버 오픈 %s일 후 다음 주에 통합서버 체육관 오픈,O ginásio entre servidores será desbloqueado na semana seguinte ao Dia %s da abertura do servidor.,ยิมข้ามเซิร์ฟเวอร์จะถูกปลดล็อคในสัปดาห์ถัดไปของวัน %s ของการเปิดเซิร์ฟเวอร์
7861,thirdTeam,Team 3,隊伍三,Team 3,Đội Ba,3팀,Equipe 3,ทีม 3
7862,fourthTeam,Team 4,隊伍四,Team 4,Đội bốn,4팀,Equipe 4,ทีม 4
7863,fifthTeam,Team 5,隊伍五,Team 5,Đội Năm,5팀,Equipe 5,ทีม 5
7864,sixthTeam,Team 6,隊伍六,Team 6,Đội Sáu,6팀,Equipe 6,ทีม 6
7865,seventhTeam,Team 7,隊伍七,Team 7,Đội Bảy,7팀,Equipe 7,ทีม 7
7866,eighthTeam,Team 8,隊伍八,Team 8,Đội Tám,8팀,Equipe 8,ทีม 8
7867,ninthTeam,Team 9,隊伍九,Team 9,Đội Chín,9팀,Equipe 9,ทีม 9
7868,tenthTeam,Team 10,隊伍十,Team 10,Đội Mười,10팀,Equipe 10,ทีม 10
7869,sureUsingDiamonds2,Spend #Icommon/icon/icon_diamond.png-56-56#%s,消耗#Icommon/icon/icon_diamond.png-56-56#%s,Spend #Icommon/icon/icon_diamond.png-56-56#%s,Tốn #Icommon/icon/icon_diamond.png-56-56#%s,#Icommon/icon/icon_diamond.png-56-56#%s로,Gaste #Icommon/icon/icon_diamond.png-56-56#%s,ใช้ #Icommon/icon/icon_diamond.png-56-56#%s
7870,beKickThreeTimesPleaseNext,You've been kicked out 3 times. Please come again next time!,你已經被踢出3次，請下次再來參加,You've been kicked out 3 times. Please come again next time!,Bạn đã bị đá ra 3 lần. Vui lòng thử lại lần sau.,3회 방출되어 다음 라운드에 참여하세요.,"Você foi expulso 3 vezes. Por favor, volte na próxima!",คุณถูกไล่ออก 3 ครั้งแล้ว ครั้งหน้ากรุณามาใหม่อีกครั้ง!
7871,qualityExchangeFragmentTimes,Not enough convert chances. Please improve your VIP level or wait for the next session!,本期轉換次數不足，請提升vip等級或者下期活動到來！,Not enough convert chances. Please improve your VIP level or wait for the next session!,Số lần chuyển đổi trong kỳ này không đủ. Vui lòng nâng cấp VIP hoặc chờ sự kiện kỳ sau!,"이번 전환 횟수 부족, vip 레벨업 하거나 다음 번에 오세요!",Não há chances de conversão suficientes. Melhore seu nível VIP ou espere pela próxima sessão!,โอกาสในการแปลงไม่เพียงพอ กรุณาเพิ่มระดับ VIP ของคุณหรือรอเซสชั่นถัดไป!
7872,inGymEmbattle,In server Gym,本服道館中,In server Gym,Trong phòng gym này,본서버 체육관 진행중,No servidor Ginásio,ในเซิฟเวอร์ยิม
7873,inGymCantDecompose,Pokémon is in Gym Lineup. Unable to disenchant.,精靈正在本服道館陣容中，無法分解,Pokémon is in Gym Lineup. Unable to disenchant.,Pokémon hiện đang trong đội hình Gym trong game và không thể được phân hủy.,"포켓몬이 본서버 체육관 진형에 출전 중, 분해 불가",Pokémon está no Gym Lineup. Não é possível desencantar.,โปเกมอนอยู่ในยิมไลน์อัพ ไม่สามารถปลดคาถาได้
7874,inCrossGymEmbattle,In Cross-server Gym,跨服道館中,In Cross-server Gym,Nhà thi đấu liên máy chủ,통합서버 체육관 진행중,No ginásio entre servidores,ในยิมข้ามเซิร์ฟเวอร์
7875,inCrossGymCantDecompose,Pokémon is in Cross-server Gym Lineup. Unable to disenchant.,精靈正在跨服道館陣容中，無法分解,Pokémon is in Cross-server Gym Lineup. Unable to disenchant.,Pokémon hiện đang trong đội hình phòng Gym liên máy chủ và không thể được tháo rời.,"포켓몬이 통합서버 체육관 진형에 출전 중, 분해 불가",Pokémon está em Cross-server Gym Lineup. Não é possível desencantar.,โปเกมอนอยู่ในรายชื่อยิมข้ามเซิร์ฟเวอร์ ไม่สามารถปลดคาถาได้
7876,congratulationGetDianomd,#C0x5b545b#Congratulations to %s on obtaining #Icommon/icon/icon_diamond.png-40-40#%s,#C0x5b545b#恭喜%s獲得#Icommon/icon/icon_diamond.png-40-40#%s,#C0x5b545b#Congratulations to %s on obtaining #Icommon/icon/icon_diamond.png-40-40#%s,#C0x5b545b#Chúc mừng %s đã nhận được #Icommon/icon/icon_diamond.png-40-40#%s,#C0x5b545b#축하합니다%s획득#Icommon/icon/icon_diamond.png-40-40#%s,#C0x5b545b#Parabéns a %s por obter #Icommon/icon/icon_diamond.png-40-40#%s,#C0x5b545b#ขอแสดงความยินดีกับ %s ที่ได้รับ #Icommon/icon/icon_diamond.png-40-40#%s
7877,showDialogToShop,Your encouragement means a lot to a Pokémon trainer. Come and leave your comment!,通過大家的稱贊和鼓勵會成為更好的口袋訓練家，請多多評價。,Your encouragement means a lot to a Pokémon trainer. Come and leave your comment!,"Nhờ những lời khen ngợi và động viên của mọi người, tôi sẽ trở thành một huấn luyện viên Pokémon giỏi hơn! Hãy để lại nhiều đánh giá hơn nhé!",여러분의 칭찬과 격려로 더 좋은 포켓 트레이너DX 가 되겠습니다.트레이너님의 리뷰와 평가를 잘 부탁드립니다.,Seu incentivo significa muito para um treinador Pokémon. Venha e deixe seu comentário!,กำลังใจของคุณมีความหมายมากสำหรับเทรนเนอร์โปเกมอน เข้ามาแสดงความคิดเห็นได้เลย!
7878,goNow,GO,立即前往,GO,Đi ngay,바로 가기 ,IR,ไป
7879,evaluation,Comment Request,評價請求,Comment Request,Yêu cầu đánh giá,리뷰 요청,Pedido de comentário,ขอความคิดเห็น
7880,congratulationGetGold,#C0x5b545b#Congratulations to %s on obtaining #Icommon/icon/icon_gold.png-40-40#%s,#C0x5b545b#恭喜%s獲得#Icommon/icon/icon_gold.png-40-40#%s,#C0x5b545b#Congratulations to %s on obtaining #Icommon/icon/icon_gold.png-40-40#%s,#C0x5b545b#Chúc mừng %s đã nhận được #Icommon/icon/icon_gold.png-40-40#%s,#C0x5b545b#축하합니다%s획득#Icommon/icon/icon_gold.png-40-40#%s,#C0x5b545b#Parabéns a %s por obter #Icommon/icon/icon_gold.png-40-40#%s,#C0x5b545b#ขอแสดงความยินดีกับ %s ที่ได้รับ #Icommon/icon/icon_gold.png-40-40#%s
7881,onlineFightWaitForBattle,No response. Tap to try again!,當前無響應，點擊確認重試！,No response. Tap to try again!,Không phản hồi. Nhấn xác nhận để thử lại!,현재 반응이 없습니다. 확인을 누른 후 다시 시도해 주세요!,Nenhuma resposta. Toque para tentar novamente!,ไม่มีการตอบสนอง แตะเพื่อลองอีกครั้ง!
7882,huodongBoss,Festival Boss,節日Boss,Festival Boss,Boss Lễ Hội,페스티벌 BOSS,Chefe do Festival,บอสเทศกาล
7883,huodongBossAppear,""" Has shown up!""",出現了！,""" Has shown up!""",Nó xuất hiện rồi!,나타났다!,Apareceu!,แสดงตัวแล้ว !
7884,halloweenInDay,Moonlight will guide you,月光會指引你,Moonlight will guide you,Ánh trăng sẽ dẫn lối bạn.,달빛이 당신을 인도할 겁니다.,O luar irá guiá-lo,แสงจันทร์จะนำทางคุณ
7885,attrDamageDodge,Evasion rate,閃避率,Evasion rate,Tỉ lệ né tránh,회피율,Taxa de evasão,อัตราการหลบเลี่ยง
7886,attrDamageHit,Accuracy,命中率,Accuracy,Tỉ lệ chính xác,명중률,Precisão,ความแม่นยำ
7887,huodongBossDiscover,Found!,發現！,Found!,Tìm thấy!,발견!,Encontrado!,พบ!
7888,double11AwardText,"#C0xFFFCED##L00100000##LOC0xF97336##LOS4#In Round %d, you obtained %s×%d.",#C0xFFFCED##L00100000##LOC0xF97336##LOS4#第%d場獲得%sx%d,"#C0xFFFCED##L00100000##LOC0xF97336##LOS4#In Round %d, you obtained %s×%d.",Đã nhận được %sx%d trong trận đấu %d,#C0xFFFCED##L00100000##LOC0xF97336##LOS4#제 %d경기 %sx%d 획득,"#C0xFFFCED##L00100000##LOC0xF97336##LOS4#Na Rodada %s, você obteve %s×%s.",#C0xFFFCED##L00100000##LOC0xF97336##LOS4# ในรอบ %s คุณได้รับ %s×%s
7889,double11NotGame,#C0xFFFCED##L00100000##LOC0xF97336##LOS4#Didn't participate in Round %d,#C0xFFFCED##L00100000##LOC0xF97336##LOS4#第%d場未參與遊戲,#C0xFFFCED##L00100000##LOC0xF97336##LOS4#Didn't participate in Round %d,Trận đấu %d không tham gia,#C0xFFFCED##L00100000##LOC0xF97336##LOS4#제 %d경기 게임 미참여,#C0xFFFCED##L00100000##LOC0xF97336##LOS4#Não participou da Rodada %s,#C0xFFFCED##L00100000##LOC0xF97336##LOS4#ไม่ได้เข้าร่วมรอบ %s
7890,double11Title,#C0xFFE354##L00100000##LOC0xFF7061##LOS6#Join Red Pack Rain to obtain #Iactivity/double_11/icon_djq0.png-203-100##L00100000##LOC0xFF7061##LOS6#!,#C0xFFE354##L00100000##LOC0xFF7061##LOS6#參與天降紅包還可獲得 #Iactivity/double_11/icon_djq0.png-203-100##L00100000##LOC0xFF7061##LOS6# 喔!,#C0xFFE354##L00100000##LOC0xFF7061##LOS6#Join Red Pack Rain to obtain #Iactivity/double_11/icon_djq0.png-203-100##L00100000##LOC0xFF7061##LOS6#!,#C0xFFE354##L00100000##LOC0xFF7061##LOS6#Tham gia nhận phong bao lì xì và nhận được #Iactivity/double_11/icon_djq0.png-203-100##L00100000##LOC0xFF7061##LOS6# Ồ!,#C0xFFE354##L00100000##LOC0xFF7061##LOS6#보너스 미니게임에 참여하면 #Iactivity/double_11/icon_djq0.png-203-100##L00100000##LOC0xFF7061##LOS6#을(를) 획득할 수 있습니다!,#C0xFFE354##L00100000##LOC0xFF7061##LOS6#Junte-se ao Red Pack Rain para obter #Iactivity/double_11/icon_djq0.png-203-100##L00100000##LOC0xFF7061##LOS6#!,#C0xFFE354##L00100000##LOC0xFF7061##LOS6# เข้าร่วม Red Pack Rain เพื่อรับ #Iactivity/double_11/icon_djq0.png-203-100##L00100000##LOC0xFF7061##LOS6#!
7891,double11,Fortune Incoming,天降好運,Fortune Incoming,May mắn bất ngờ,행운이 내림,Fortuna chegando,โชคลาภเข้ามา
7892,double11Time,Round %d Red Pack Rain starts at:,第%d場天降紅包開放時間:,Round %d Red Pack Rain starts at:,Ngày %d: Thời gian mở quà Z-Move Shard:,제 %d차 보너스 미니게임 오픈 시간:,A rodada %s Red Pack Rain começa em:,รอบ %s Red Pack Rain เริ่มเวลา:
7893,double11Probability,Winning Rate,中獎率,Winning Rate,Tỷ lệ thắng,당첨 확률,Taxa de vitória,อัตราการชนะ
7894,double11Num,No. %d,%d號,No. %d,%d,%d 번,Acenar,เลขที่ %s
7895,double11IndexAward,Round %d exchange,第%d場兌換,Round %d exchange,Lần trao đổi thứ %d,제 %d경기 교환,Troca de rodada %s,แลกเปลี่ยนรอบ %s
7896,double11AwardTips1,"#C0x5B545B#Your number is #C0x44AC3A#%d#C0x5B545B#, which is the winning number of #C0x44AC3A#%s#C0x5B545B#! You've obtained #C0x44AC3A#%s#C0x5B545B#. Congratulations!",#C0x5B545B#您抽到的號碼為#C0x44AC3A#%d#C0x5B545B#，與本場#C0x44AC3A#%s#C0x5B545B#號碼對應。獲得#C0x44AC3A#%s#C0x5B545B#獎勵，真的是太棒啦！,"#C0x5B545B#Your number is #C0x44AC3A#%d#C0x5B545B#, which is the winning number of #C0x44AC3A#%s#C0x5B545B#! You've obtained #C0x44AC3A#%s#C0x5B545B#. Congratulations!","Số bạn rút được là %d, tương ứng với số %s của vòng này. Bạn đã giành được phần thưởng %s, thật tuyệt vời!","#C0x5B545B#귀하의 번호는 #C0x44AC3A#%d#C0x5B545B#이며, 이번 경기의 #C0x44AC3A#%s#C0x5B545B# 번호와 맞습니다. #C0x44AC3A#%s#C0x5B545B# 보상을 획득합니다. 정말 최고예요!","#C0x5B545B#Seu número é #C0x44AC3A#%s#C0x5B545B#, que é o número vencedor de #C0x44AC3A#%s#C0x5B545B#! Você obteve #C0x44AC3A#%s#C0x5B545B#. Parabéns!",#C0x5B545B#หมายเลขของคุณคือ #C0x44AC3A#%s#C0x5B545B# ซึ่งเป็นหมายเลขที่ถูกรางวัลของ #C0x44AC3A#%s#C0x5B545B#! คุณได้รับ #C0x44AC3A#%s#C0x5B545B# ขอแสดงความยินดี!
7897,double11Award,Coupon Exchange,獎券兌換,Coupon Exchange,Trao đổi vé thưởng,쿠폰 교환,Troca de cupons,แลกเปลี่ยนคูปอง
7898,double11Record,Redeem History,兌獎記錄,Redeem History,Ghi chép đổi thưởng,교환 기록,Resgatar a História,ประวัติการแลกรับ
7899,double11GameTips,Not game time,遊戲時間未到,Not game time,Thời gian chơi game chưa đến.,아직 게임 시간이 아닙니다,Não é hora do jogo,ไม่ใช่เวลาเล่นเกม
7900,double11GainDisplayTitle,Congratulations! You've completed Red Pack Rain. Here's a coupon for you. Go to the bottom left of the screen to use it.,恭喜你完成了天降紅包小遊戲，送你一張獎券，在本活動介面左下角使用喔！,Congratulations! You've completed Red Pack Rain. Here's a coupon for you. Go to the bottom left of the screen to use it.,Chúc mừng bạn đã hoàn thành trò chơi nhỏ lì xì rơi từ trời! Bạn đã nhận được một phiếu quà tặng. Hãy sử dụng nó ở góc dưới bên trái của giao diện sự kiện này!,축하합니다. 보너스 미니게임을 완료해 쿠폰 1장을 드립니다. 해당 이벤트 화면 좌측 하단에서 사용할 수 있습니다!,Parabéns! Você completou Red Pack Rain. Aqui está um cupom para você. Vá para o canto inferior esquerdo da tela para usá-lo.,ขอแสดงความยินดี! คุณทำภารกิจ Red Pack Rain สำเร็จแล้ว นี่คือคูปองสำหรับคุณ ไปที่มุมซ้ายล่างของหน้าจอเพื่อใช้คูปอง
7901,double11Shop,Store,嗨購小鋪,Store,Cửa hàng Hi-Go,핫세일 점포,Loja,เก็บ
7902,doubleAwardTime,Rewards will be offered through mail at %s.,獎勵將在%s後陸續郵件發放,Rewards will be offered through mail at %s.,Phần thưởng sẽ được gửi qua email trong %s.,보상은 %s 후 우편으로 지급됩니다,As recompensas serão oferecidas por correio para %s.,รางวัลจะได้รับการเสนอผ่านทางอีเมลที่ %s
7903,double11AwardTips2,#C0x5B545B#Your number is %d. Sorry it's not any winning number. Better luck next time!,#C0x5B545B#你抽到的號碼為%d，沒有與本場任何獎勵展示的號碼對應，很遺憾，但是下次運氣會更好的！,#C0x5B545B#Your number is %d. Sorry it's not any winning number. Better luck next time!,"#C0x5B545B#Số bạn rút được là %d, không trùng khớp với bất kỳ số trúng thưởng nào được hiển thị trong vòng này. Rất tiếc, nhưng chúc bạn may mắn hơn lần sau!","#C0x5B545B#귀하의 번호는 %d이며, 아쉽게도 이번 경기의 번호와 맞지 않습니다. 다음에는 운이 더 좋길 바라요!","#C0x5B545B#Seu número é %s. Desculpe, não é nenhum número ganhador. Mais sorte na próxima!",#C0x5B545B#หมายเลขของคุณคือ %s ขออภัย ไม่ใช่หมายเลขที่ถูกรางวัล ขอให้โชคดีในครั้งหน้า!
7904,double11AwardTips3,#C0x5B545B#You can't redeem as you didn't participate in Red Pack Rain. Don't miss out the next time!,#C0x5B545B#本場你並沒有參加天降紅包活動，因此沒有獲得兌獎機會，好可惜，下次要準時參加呀！,#C0x5B545B#You can't redeem as you didn't participate in Red Pack Rain. Don't miss out the next time!,"Rất tiếc, bạn đã bỏ lỡ sự kiện lì xì bất ngờ lần này, vì vậy bạn không có cơ hội nhận thưởng! Hãy nhớ tham gia đúng giờ vào lần sau nhé!",아쉽게도 #C0x5B545B#이번 회차 보너스 미니게임을 참여하지 않아 쿠폰 교환 기회를 얻지 못했습니다. 다음에는 제때 참여해 주세요!,#C0x5B545B#Você não pode resgatar porque não participou do Red Pack Rain. Não perca na próxima vez!,#C0x5B545B#คุณไม่สามารถแลกรับได้เนื่องจากคุณไม่ได้เข้าร่วมกิจกรรม Red Pack Rain อย่าพลาดโอกาสครั้งหน้า!
7905,changeReadyName,Edit team name,修改隊伍名字,Edit team name,Đổi tên đội,파티 이름 수정,Editar nome da equipe,แก้ไขชื่อทีม
7906,evelutionBanchChanceText,Tap Pokémon Avatar on the second column to select branch:,點擊第二列精靈頭像選擇分支：,Tap Pokémon Avatar on the second column to select branch:,Chạm vào ảnh đại diện Pokémon ở cột thứ hai để chọn nhánh:,2번째 포켓몬 프로필을 터치해 분기를 선택하세요:,Toque em Pokémon Avatar na segunda coluna para selecionar o ramo:,แตะ Pokémon Avatar บนคอลัมน์ที่สองเพื่อเลือกสาขา:
7907,evelutionBanchShapeChanceText,Tap Pokémon Avatar to select forme:,點擊精靈頭像選擇形態：,Tap Pokémon Avatar to select forme:,Chạm vào biểu tượng Pokémon để chọn hình dạng:,포켓몬 프로필을 터치해 형태를 선택하세요:,Toque em Pokémon Avatar para selecionar minha forma:,แตะอวตารโปเกมอนเพื่อเลือกรูปแบบ:
7908,nowShape,Current Forme,當前形態,Current Forme,Hình dạng hiện tại,현재 형태,Forma atual,แบบฟอร์มปัจจุบัน
7909,chanceShape,Select the forme,選擇此形態,Select the forme,Chọn hình dạng này,해당 형태 선택,Selecione o formulário,เลือกแบบฟอร์ม
7910,onSwitchChangeShape,The first switch costs #C0xF76B45#%d#Icommon/icon/icon_diamond.png-56-56##C0x5B545B#(#C0x5C9970#No more cost for more switches of the same Pokémon. #C0xF76B45#But switches of new Pokémon of the same series still cost Diamonds#C0x5B545B#). Continue? (All the development will be inherited after the switching.),首次切換需要消耗#C0xF76B45#%d#Icommon/icon/icon_diamond.png-56-56##C0x5B545B#（#C0x5C9970#同一精靈後續切換將無任何消耗；#C0xF76B45#但新的同系列精靈切換時仍需要消耗同樣鉆石#C0x5B545B#），是否繼續？(切換形態後，所有養成將完全繼承),The first switch costs #C0xF76B45#%d#Icommon/icon/icon_diamond.png-56-56##C0x5B545B#(#C0x5C9970#No more cost for more switches of the same Pokémon. #C0xF76B45#But switches of new Pokémon of the same series still cost Diamonds#C0x5B545B#). Continue? (All the development will be inherited after the switching.),"Lần chuyển đổi đầu tiên cần tiêu hao #C0xF76B45#%d#Icommon/icon/icon_diamond.png-56-56##C0x5B545B# (#C0x5C9970#Các lần chuyển đổi tiếp theo cho cùng một Pokémon sẽ không mất phí; #C0xF76B45#tuy nhiên, chuyển đổi sang một Pokémon mới cùng loại vẫn cần tiêu hao số Kim Cương tương tự#C0x5B545B#), có tiếp tục không? (Sau khi chuyển đổi hình dạng, tất cả các chỉ số nuôi dưỡng sẽ được kế thừa hoàn toàn)",첫 교체 시 #C0xF76B45#%d#Icommon/icon/icon_diamond.png-56-56##C0x5B545B#을(를) 소모합니다(이후 #C0x5C9970#같은 포켓몬으로 교체 시 소모 값이 없습니다. #C0xF76B45#하지만 같은 계열의 포켓몬으로 교체 시 동일한 다이아를 소모합니다#C0x5B545B#). 진행하시겠습니까? (형태 교체 후 모든 트레이닝을 계승합니다),A primeira troca custa #C0xF76B45#%s#Icommon/icon/icon_diamond.png-56-56##C0x5B545B#(#C0x5C9970#Não há mais custo para mais trocas do mesmo Pokémon. #C0xF76B45#Mas trocas de novos Pokémon da mesma série ainda custam Diamantes#C0x5B545B#). Continuar? (Todo o desenvolvimento será herdado após a troca.),การสลับครั้งแรกมีค่าใช้จ่าย #C0xF76B45#%s#Icommon/icon/icon_diamond.png-56-56##C0x5B545B#(#C0x5C9970#ไม่มีค่าใช้จ่ายเพิ่มเติมสำหรับการสลับโปเกมอนตัวเดียวกัน #C0xF76B45#แต่การสลับโปเกมอนตัวใหม่ในซีรีส์เดียวกันยังคงมีค่าใช้จ่ายเป็นเพชร#C0x5B545B#) ดำเนินการต่อหรือไม่ (การพัฒนาทั้งหมดจะสืบทอดหลังจากสลับ)
7911,onSwitchChangeShape1,Continue to switch to a new forme? (All the development will be inherited after the switching.),即將改變至新的形態，是否繼續？(切換分支後，所有養成將完全繼承),Continue to switch to a new forme? (All the development will be inherited after the switching.),"Sắp thay đổi sang hình dạng mới, có tiếp tục không? (Sau khi chuyển nhánh, tất cả quá trình nuôi dưỡng sẽ được kế thừa hoàn toàn)",새로운 형태로 교체됩니다. 진행하시겠습니까? (분기 교체 후 모든 트레이닝을 계승합니다),Continuar mudando para um novo formato? (Todo o desenvolvimento será herdado após a mudança.),จะทำการเปลี่ยนรูปแบบใหม่ไหม? (พัฒนาการทั้งหมดจะสืบทอดหลังการเปลี่ยนรูปแบบ)
7912,team1,Team 1,隊伍1,Team 1,Đội 1,파티1,Equipe 1,ทีม 1
7913,team2,Team 2,隊伍2,Team 2,Đội 2,파티2,Equipe 2,ทีม 2
7914,team3,Team 3,隊伍3,Team 3,Đội 3,파티3,Equipe 3,ทีม 3
7915,team4,Team 4,隊伍4,Team 4,Đội 4,파티4,Equipe 4,ทีม 4
7916,team5,Team 5,隊伍5,Team 5,Đội 5,파티5,Equipe 5,ทีม 5
7917,talentTreeOneCost,"To reset this talent, you need to consume",重置當前天賦樹，需消耗鉆石,"To reset this talent, you need to consume","Đặt lại cây kỹ năng hiện tại, cần kim cương",현재 특성 트리 초기화 시 다이아 소모,"Para redefinir esse talento, você precisa consumir",หากต้องการรีเซ็ตพรสวรรค์นี้ คุณต้องบริโภค
7918,teamClear,Continue to empty lineup settings?,即將清空本支隊伍的陣容設置，是否繼續？,Continue to empty lineup settings?,Sắp xóa bỏ thiết lập đội hình của đội này. Tiếp tục?,해당 파티의 라인업 설정을 삭제합니다. 계속하시겠습니까?,Continuar esvaziando as configurações de escalação?,ดำเนินการตั้งค่าไลน์อัปให้ว่างต่อไปหรือไม่?
7919,teamNotSave,Lineup is not saved. Save the changes?,陣容未保存，是否保存修改？,Lineup is not saved. Save the changes?,Đội hình chưa được lưu. Lưu thay đổi?,라인업을 저장하지 않았습니다. 수정 내용을 저장하겠습니까?,A escalação não foi salva. Salvar as alterações?,ยังไม่ได้บันทึกการจัดรายการ บันทึกการเปลี่ยนแปลงหรือไม่
7920,succeedSwitchChangeShape,Switched,形態切換成功,Switched,Thay đổi hình dạng thành công,형태 교체 성공,Comutado,สลับ
7921,succeedChanceChangeShape,Switched,形態選擇已切換,Switched,Đã chuyển đổi lựa chọn hình dạng,형태 선택 교체 완료,Comutado,สลับ
7922,succeedChanceChangeShapeText,Forme selection is about to start. Please choose your favorite Pokémon forme!,即將開始形態選擇，請選擇您喜愛的精靈形態！,Forme selection is about to start. Please choose your favorite Pokémon forme!,Chọn hình dạng sắp bắt đầu. Hãy chọn hình dạng Pokémon yêu thích của bạn!,형태 선택이 곧 시작됩니다. 원하는 포켓몬 형태를 선택하세요!,"A seleção de Forme está prestes a começar. Por favor, escolha seu Pokémon forme favorito!",การเลือกฟอร์มกำลังจะเริ่มต้นขึ้น โปรดเลือกฟอร์มโปเกมอนที่คุณชื่นชอบ!
7923,shapeLookText,Forme Preview,形態預覽,Forme Preview,Xem trước hình dạng,형태 미리 보기,Prévia do formulário,แบบฟอร์มแสดงตัวอย่าง
7924,teamSaveSuccess,Applied!,陣容應用成功！,Applied!,Thiết lập đội hình thành công!,라인업 적용 성공!,Aplicado!,สมัครแล้ว!
7925,presetFormation,Preset Team,預設編隊,Preset Team,Đội hình mặc định,편성 미리 설정,Equipe predefinida,ทีมพรีเซ็ต
7926,personalDesc,Get an image to get an attribute bonus,啟動形象即可獲得屬性加成,Get an image to get an attribute bonus,Kích hoạt hình dạng sẽ nhận được tăng sức mạnh thuộc tính.,아바타 획득 시 속성 보너스 획득 가능,Obtenha uma imagem para obter um bônus de atributo,รับภาพเพื่อรับโบนัสแอตทริบิวต์
7927,qualityExchangeFragmentExchangeTip,Continue to spend Diamond to convert %s into %s? (%s #C0x5B545B#will be consumed after converting.),即將使用鉆石將背包內的%s轉化為所需的%s，是否繼續？（轉換後%s#C0x5B545B#將會被消耗掉）,Continue to spend Diamond to convert %s into %s? (%s #C0x5B545B#will be consumed after converting.),Sắp sử dụng kim cương để chuyển đổi %s trong túi đồ của bạn thành %s cần thiết. Tiếp tục chứ? (%s#C0x5B545B# sẽ bị tiêu hao sau khi chuyển đổi),다이아를 사용해 가방 안의 %s을 %s으로 전환됩니다. 계속하시겠습니까? (전환 후 %s#C0x5B545B#은 소모됩니다),Continuar gastando Diamantes para converter %s em %s? (%s #C0x5B545B#será consumido após a conversão.),จะใช้เพชรต่อไปเพื่อแปลง %s เป็น %s หรือไม่? (%s #C0x5B545B# จะถูกใช้ไปหลังจากการแปลง)
7928,changeNatureToChangeTeam,Changes in Pokémon Types could lead to changes in lineup. Please adjust the team in time.,精靈屬性發生變化可能會導致部分玩法陣容變動，請及時調整隊伍,Changes in Pokémon Types could lead to changes in lineup. Please adjust the team in time.,Sự thay đổi thuộc tính của Pokémon có thể dẫn đến việc thay đổi một số đội hình chơi game; vui lòng điều chỉnh đội của bạn cho phù hợp.,포켓몬 속성에 변화가 일어나면 일부 모드의 라인업 변동이 일어납니다. 파티 조정을 수시로 체크하세요,"Mudanças nos Tipos de Pokémon podem levar a mudanças na escalação. Por favor, ajuste o time a tempo.",การเปลี่ยนแปลงประเภทโปเกมอนอาจส่งผลต่อการเปลี่ยนแปลงในทีม กรุณาปรับเปลี่ยนทีมในเวลาที่เหมาะสม
7929,customEffortTimes,Train %d Time(s),培養%d次,Train %d Time(s),Đã huấn luyện %d lần,%d회 육성,Treinar %s Tempo(s),รถไฟ %s ครั้ง
7930,thisWeek,This Week,本周,This Week,Tuần này,이번 주,Essa semana,สัปดาห์นี้
7931,lastWeek,Last Week,上周,Last Week,Tuần trước,지난주,Semana passada,สัปดาห์ที่แล้ว
7932,gymLogs,Gym Log,道館日誌,Gym Log,Nhật ký Phòng Gym,체육관 일지,Diário de Ginástica,บันทึกการออกกำลังกาย
7933,gymReset,"#C0x5B545B#All #C0x3C8B99#Gym Dungeon#C0x5B545B#, #C0x3C8B99#Honorary Gym Leader#C0x5B545B# and #C0x3C8B99#Challenge Buff#C0x5B545B# are about to reset. New challenges are waiting!",#C0x5B545B#所有#C0x3C8B99#道館副本#C0x5B545B#，#C0x3C8B99#榮譽館主#C0x5B545B#及#C0x3C8B99#挑戰加成#C0x5B545B#開始重置，新的挑戰即將開始！,"#C0x5B545B#All #C0x3C8B99#Gym Dungeon#C0x5B545B#, #C0x3C8B99#Honorary Gym Leader#C0x5B545B# and #C0x3C8B99#Challenge Buff#C0x5B545B# are about to reset. New challenges are waiting!","Tất cả các thử thách phòng Gym, các Nhà vô địch danh dự và phần thưởng thử thách sẽ được đặt lại. Những thử thách mới sắp bắt đầu!","#C0x5B545B#모든 #C0x3C8B99#체육관 던전#C0x5B545B#, #C0x3C8B99#명예 관장#C0x5B545B# 및 #C0x3C8B99#도전 보너스#C0x5B545B#가 초기화됩니다. 새로운 도전이 곧 시작합니다!","#C0x5B545B#Todos os #C0x3C8B99#Gym Dungeon#C0x5B545B#, #C0x3C8B99#Honorary Gym Leader#C0x5B545B# e #C0x3C8B99#Challenge Buff#C0x5B545B# estão prestes a reiniciar. Novos desafios estão esperando!","#C0x5B545B#C0x3C8B99#Gym Dungeon#C0x5B545B# ทั้งหมด, #C0x3C8B99#Honorary Gym Leader#C0x5B545B# และ #C0x3C8B99#Challenge Buff#C0x5B545B# กำลังจะรีเซ็ต ความท้าทายใหม่กำลังรออยู่!"
7934,gymFubenPass,#C0x5B545B#Congratulations! #C0xE79900#You've cleared #C0x5B545B#server %s!,#C0x5B545B#恭喜你#C0xE79900#成功通關了#C0x5B545B#本服%s,#C0x5B545B#Congratulations! #C0xE79900#You've cleared #C0x5B545B#server %s!,#C0x5B545B#Chúc mừng bạn#C0xE79900#đã hoàn thành#C0x5B545B#server này %s,"#C0x5B545B#축하합니다, #C0x5B545B#본 서버의 %s을(를) #C0xE79900#성공적으로 클리어했습니다",#C0x5B545B#Parabéns! #C0xE79900#Você limpou o #C0x5B545B#servidor %s!,#C0x5B545B#ยินดีด้วย! #C0xE79900#คุณได้เคลียร์ #C0x5B545B#server %s แล้ว!
7935,gymAllPass,#C0x5C9970#All Gym Dungeons have been cleared. Congratulations on finishing this round!,#C0x5C9970#所有道館副本已成功通關，恭喜本周目順利通關！(撒花~),#C0x5C9970#All Gym Dungeons have been cleared. Congratulations on finishing this round!,Tất cả các thử thách phòng Gym đã được hoàn thành thành công. Chúc mừng bạn đã hoàn thành lượt chơi này! (Pháo hoa),#C0x5C9970#모든 체육관 던전을 클리어했습니다. 이번 주를 순조롭게 클리어 하셨군요! (축하~),#C0x5C9970#Todas as Masmorras de Ginásio foram limpas. Parabéns por terminar esta rodada!,#C0x5C9970# ดันเจี้ยนยิมทั้งหมดถูกเคลียร์แล้ว ขอแสดงความยินดีที่ผ่านรอบนี้ไปได้!
7936,gymOccupy,#C0x5B545B#You've #C0x5C9970#occupied #C0x5B545B#server %s. Congratulations!#C0x5C9970# You are now qualified to compete for the position of Honorary Gym Leader!,#C0x5B545B#你#C0x5C9970#占領了#C0x5B545B#本服%s，恭喜#C0x5C9970#獲得了成為榮譽館主的資格！,#C0x5B545B#You've #C0x5C9970#occupied #C0x5B545B#server %s. Congratulations!#C0x5C9970# You are now qualified to compete for the position of Honorary Gym Leader!,#C0x5B545B#Bạn#C0x5C9970# đã chiếm giữ #C0x5B545B#server này %s. Chúc mừng #C0x5C9970# đã trở thành huấn luyện viên phòng gym danh dự!,"#C0x5B545B#귀하는 #C0x5B545B#본 서버의 %s을(를) #C0x5C9970#점령했습니다. 축하합니다, #C0x5C9970# 명예 관장의 자격을 얻었습니다!",#C0x5B545B#Você #C0x5C9970#ocupou o #C0x5B545B#servidor %s. Parabéns!#C0x5C9970# Agora você está qualificado para competir pela posição de Líder Honorário de Ginásio!,#C0x5B545B#คุณได้ครอบครอง #C0x5C9970#server %s แล้ว ขอแสดงความยินดี!#C0x5C9970# ตอนนี้คุณมีคุณสมบัติเหมาะสมที่จะแข่งขันเพื่อตำแหน่งหัวหน้ายิมกิตติมศักดิ์แล้ว!
7937,gymLeaderWin,#C0x5B545B#You've #C0xE79900#successfully defeated #C0x5B545B#Gym Leader of %s. Congratulations!#C0x5C9970# You are now qualified to compete for the position of Honorary Gym Leader!,#C0x5B545B#你#C0xE79900#成功挑戰了#C0x5B545B#本服%s的館主，恭喜#C0x5C9970#獲得了成為榮譽館主的資格！,#C0x5B545B#You've #C0xE79900#successfully defeated #C0x5B545B#Gym Leader of %s. Congratulations!#C0x5C9970# You are now qualified to compete for the position of Honorary Gym Leader!,Bạn đã thành công khi thách đấu %s Gym Leader của máy chủ này! Chúc mừng bạn đã đạt được danh hiệu Huấn luyện viên Gym danh dự!,"#C0x5B545B#귀하는 #C0x5B545B#본 서버의 %s 관장 도전에 #C0xE79900#성공했습니다. 축하합니다, #C0x5C9970#명예 관장의 자격을 얻었습니다!",#C0x5B545B#Você #C0xE79900#derrotou com sucesso #C0x5B545B#Líder de Ginásio de %s. Parabéns!#C0x5C9970# Agora você está qualificado para competir pela posição de Líder de Ginásio Honorário!,#C0x5B545B#คุณได้ #C0xE79900# เอาชนะ #C0x5B545B# หัวหน้ายิมแห่ง %s สำเร็จแล้ว ขอแสดงความยินดี!#C0x5C9970# ตอนนี้คุณมีคุณสมบัติเหมาะสมที่จะแข่งขันเพื่อชิงตำแหน่งหัวหน้ายิมกิตติมศักดิ์แล้ว!
7938,gymLeaderFail,#C0x5B545B#You failed to defeat Gym Leader of %s. Better luck next time!,#C0x5B545B#很遺憾，你挑戰了本服%s的館主之後失敗了，再接再厲喲！,#C0x5B545B#You failed to defeat Gym Leader of %s. Better luck next time!,"Thật tiếc, bạn đã thất bại sau khi thách đấu với người dẫn đầu phòng gym %s của máy chủ này. Hãy cố gắng lại nhé!",#C0x5B545B#아쉽게도 귀하는 본 서버의 %s 관장 도전에 실패했습니다. 더욱더 분발해 주세요!,#C0x5B545B#Você falhou em derrotar o Líder de Ginásio de %s. Mais sorte na próxima!,#C0x5B545B#คุณล้มเหลวในการเอาชนะหัวหน้ายิมของ %s โชคดีในครั้งหน้า!
7939,crossGymLeaderOccupy,#C0x5B545B#You've become the Gym Leader of %s. Congratulations on winning by default! #C0x5C9970#You are now qualified to compete for the position of Cross-server Honorary Gym Leader!,#C0x5B545B#你成為了%s的館主，恭喜不戰而勝，#C0x5C9970#獲得了成為跨服榮譽館主的資格！,#C0x5B545B#You've become the Gym Leader of %s. Congratulations on winning by default! #C0x5C9970#You are now qualified to compete for the position of Cross-server Honorary Gym Leader!,#C0x5B545B#Bạn đã trở thành Nhà huấn luyện của %s. Chúc mừng chiến thắng không cần chiến đấu! #C0x5C9970#Bạn đã đủ điều kiện để trở thành Nhà huấn luyện Danh dự liên máy chủ!,"#C0x5B545B#귀하는 %s 관장이 되었고, 부전승으로 #C0x5C9970#글로벌 명예 관장의 자격을 얻었습니다!",#C0x5B545B#Você se tornou o Líder de Ginásio de %s. Parabéns por vencer por padrão! #C0x5C9970#Agora você está qualificado para competir pela posição de Líder Honorário de Ginásio Cross-server!,#C0x5B545B#คุณได้กลายมาเป็นหัวหน้ายิมของ %s แล้ว ขอแสดงความยินดีด้วยที่ชนะโดยค่าเริ่มต้น! #C0x5C9970#ตอนนี้คุณมีคุณสมบัติเหมาะสมที่จะแข่งขันเพื่อชิงตำแหน่งหัวหน้ายิมกิตติมศักดิ์ข้ามเซิร์ฟเวอร์แล้ว!
7940,crossGymOccupy,#C0x5B545B#You've become a Gym Member of %s. Congratulations!,#C0x5B545B#你成為了%s的館員，恭喜不戰而勝！,#C0x5B545B#You've become a Gym Member of %s. Congratulations!,#C0x5B545B#Chúc mừng bạn đã chiến thắng mà không cần chiến đấu! Bạn đã trở thành người phụ trách của %s.,#C0x5B545B#귀하는 %s 관원이 되었습니다. 부전승을 축하드립니다!,#C0x5B545B#Você se tornou um membro da academia de %s. Parabéns!,#C0x5B545B#คุณได้เป็นสมาชิกยิมของ %s แล้ว ขอแสดงความยินดีด้วย!
7941,crossGymLeaderWin,#C0x5B545B#You've #C0xE79900#successfully defeated the Gym Leader of #C0x5B545B#%s. Congratulations!#C0x5C9970# You are now qualified to compete for the position of Cross-server Honorary Gym Leader!,#C0x5B545B#你#C0xE79900#成功挑戰了#C0x5B545B#%s的館主，恭喜#C0x5C9970#獲得了成為跨服榮譽館主的資格！,#C0x5B545B#You've #C0xE79900#successfully defeated the Gym Leader of #C0x5B545B#%s. Congratulations!#C0x5C9970# You are now qualified to compete for the position of Cross-server Honorary Gym Leader!,"Bạn đã thành công khi thách đấu và đánh bại người dẫn đầu phòng gym của %s, chúc mừng bạn đã đạt được quyền trở thành người dẫn đầu phòng gym danh dự liên server!","#C0x5B545B#귀하는 #C0x5B545B#%s 관장 도전에 #C0xE79900#성공했습니다. 축하합니다, #C0x5C9970#글로벌 명예 관장의 자격을 얻었습니다!",#C0x5B545B#Você #C0xE79900#derrotou com sucesso o Líder de Ginásio de #C0x5B545B#%s. Parabéns!#C0x5C9970# Agora você está qualificado para competir pela posição de Líder de Ginásio Honorário entre Servidores!,#C0x5B545B#คุณได้ #C0xE79900# เอาชนะหัวหน้ายิมของ #C0x5B545B#%s สำเร็จแล้ว ขอแสดงความยินดี!#C0x5C9970# ตอนนี้คุณมีคุณสมบัติเหมาะสมที่จะแข่งขันเพื่อชิงตำแหน่งหัวหน้ายิมกิตติมศักดิ์ข้ามเซิร์ฟเวอร์แล้ว!
7942,crossGymWin,#C0x5B545B#You#C0xE79900# successfully defeated Gym Member of #C0x5B545B#%s. Congratulations!,#C0x5B545B#你#C0xE79900#成功挑戰了#C0x5B545B#%s的館員，恭喜！,#C0x5B545B#You#C0xE79900# successfully defeated Gym Member of #C0x5B545B#%s. Congratulations!,"Bạn đã thành công khi thách đấu với người dẫn đầu phòng tập của %s, chúc mừng!",#C0x5B545B#귀하는 #C0x5B545B#%s 관원 도전에 #C0xE79900#성공했습니다. 축하합니다!,#C0x5B545B#Você#C0xE79900# derrotou com sucesso o Gym Member de #C0x5B545B#%s. Parabéns!,#C0x5B545B#คุณ#C0xE79900# เอาชนะสมาชิกยิมของ #C0x5B545B#%s ได้สำเร็จ ขอแสดงความยินดีด้วย!
7943,crossGymLeaderFail,#C0x5B545B#You failed to defeat Gym Leader of %s. Better luck next time!,#C0x5B545B#很遺憾，挑戰了%s的館主後失敗了，再接再厲喲！,#C0x5B545B#You failed to defeat Gym Leader of %s. Better luck next time!,"Thật tiếc, bạn đã thất bại sau khi thách đấu với người dẫn đầu phòng Gym của %s. Hãy cố gắng lại nhé!",#C0x5B545B#아쉽게도 귀하는 %s 관장 도전에 실패했습니다. 더욱더 분발해 주세요!,#C0x5B545B#Você falhou em derrotar o Líder de Ginásio de %s. Mais sorte na próxima!,#C0x5B545B#คุณล้มเหลวในการเอาชนะหัวหน้ายิมของ %s โชคดีในครั้งหน้า!
7944,crossGymFail ,#C0x5B545B#You failed to defeat Gym Member of %s. Better luck next time!,#C0x5B545B#很遺憾，挑戰了%s的館員後失敗了，再接再厲喲！,#C0x5B545B#You failed to defeat Gym Member of %s. Better luck next time!,"Thật đáng tiếc, bạn đã thất bại sau khi thách đấu với người dẫn đầu phòng Gym %s. Hãy cố gắng lại nhé!",#C0x5B545B#아쉽게도 귀하는 %s 관원 도전에 실패했습니다. 더욱더 분발해 주세요!,#C0x5B545B#Você falhou em derrotar o Gym Member de %s. Mais sorte na próxima!,#C0x5B545B#คุณล้มเหลวในการเอาชนะสมาชิกยิมของ %s โชคดีในครั้งหน้า!
7945,gymLeaderDefenceWin,#C0x5B545B#Your guarding Pokémon in this server %s#C0xE79900# successfully defended the attacks from other players.#C0x5B545B# Congratulations!,#C0x5B545B#你在本服%s的駐守精靈#C0xE79900#成功防守住了其他玩家的挑戰#C0x5B545B#，恭喜！,#C0x5B545B#Your guarding Pokémon in this server %s#C0xE79900# successfully defended the attacks from other players.#C0x5B545B# Congratulations!,Pokémon canh giữ của bạn tại %s trên server này đã thành công trong việc phòng thủ trước những thử thách của người chơi khác! Chúc mừng!,"#C0x5B545B#귀하는 본 서버 %s 포켓몬 주둔에서 #C0xE79900#다른 플레이어의 도전을 막아냈습니다#C0x5B545B#, 축하합니다!",#C0x5B545B#Seu Pokémon de guarda neste servidor %s#C0xE79900# defendeu com sucesso os ataques de outros jogadores.#C0x5B545B# Parabéns!,#C0x5B545B#โปเกมอนผู้พิทักษ์ของคุณในเซิร์ฟเวอร์นี้ %s#C0xE79900# ป้องกันการโจมตีจากผู้เล่นอื่นได้สำเร็จ#C0x5B545B# ขอแสดงความยินดี!
7946,gymLeaderDefenceFail,#C0x5B545B#Your guarding Pokémon in this server %s has been defeated by other players. #C0xE77422#You are not qualified to compete for the position of Honorary Gym Leader anymore!,#C0x5B545B#你在本服%s的駐守精靈被其他玩家擊敗，#C0xE77422#失去了成為榮譽館主的資格！,#C0x5B545B#Your guarding Pokémon in this server %s has been defeated by other players. #C0xE77422#You are not qualified to compete for the position of Honorary Gym Leader anymore!,"Pokémon canh giữ của bạn tại %s trên máy chủ này đã bị người chơi khác đánh bại, khiến bạn mất tư cách trở thành Nhà vô địch Danh dự!",#C0x5B545B#귀하는 본 서버 %s 포켓몬 주둔에서 다른 유저에게 패배하여 #C0xE77422#명예 관장의 자격을 잃었습니다!,#C0x5B545B#Seu Pokémon de guarda neste servidor %s foi derrotado por outros jogadores. #C0xE77422#Você não está mais qualificado para competir pela posição de Líder de Ginásio Honorário!,#C0x5B545B#โปเกมอนผู้พิทักษ์ของคุณในเซิร์ฟเวอร์นี้ %s ถูกผู้เล่นอื่นเอาชนะแล้ว #C0xE77422#คุณไม่มีคุณสมบัติที่จะแข่งขันเพื่อตำแหน่งหัวหน้ายิมกิตติมศักดิ์อีกต่อไป!
7947,crossGymLeaderDefenceWin,#C0x5B545B#Your guarding Pokémon in Gym Leader slot of %s #C0xE79900#successfully defended the attacks from other players.#C0x5B545B# Congratulations!,"#C0x5B545B#厲害了，你在%s的""館主位""駐守精靈#C0xE79900#成功防守住了其他玩家的挑戰#C0x5B545B#，恭喜！",#C0x5B545B#Your guarding Pokémon in Gym Leader slot of %s #C0xE79900#successfully defended the attacks from other players.#C0x5B545B# Congratulations!,Tuyệt vời! Pokémon của bạn đang bảo vệ vị trí Nhà Đỡ Đầu ở %s #C0xE79900#đã thành công phòng thủ trước những thử thách của người chơi khác #C0x5B545B#! Chúc mừng!,"#C0x5B545B#대단해요, 귀하는 %s의 '관장 자리' 포켓몬 주둔에서 #C0xE79900#다른 플레이어의 도전을 막아냈습니다#C0x5B545B#, 축하합니다!",#C0x5B545B#Seu Pokémon guardião no espaço de Líder de Ginásio de %s #C0xE79900#defendeu com sucesso os ataques de outros jogadores.#C0x5B545B# Parabéns!,#C0x5B545B#โปเกมอนเฝ้ายามของคุณในช่องยิมลีดเดอร์ของ %s #C0xE79900# ป้องกันการโจมตีจากผู้เล่นอื่นได้สำเร็จ#C0x5B545B# ขอแสดงความยินดี!
7948,crossGymLeaderDefenceFail,#C0x5B545B#Your guarding Pokémon in %s has been defeated by other players. #C0xE77422#You are not qualified to compete for the position of Cross-server Honorary Gym Leader anymore!,#C0x5B545B#很遺憾，你在%s的駐守精靈被其他玩家擊敗，#C0xE77422#失去了成為跨服榮譽館主的資格！,#C0x5B545B#Your guarding Pokémon in %s has been defeated by other players. #C0xE77422#You are not qualified to compete for the position of Cross-server Honorary Gym Leader anymore!,"Rất tiếc, Pokémon canh giữ của bạn tại %s đã bị người chơi khác đánh bại, khiến bạn mất tư cách trở thành chủ nhà danh vọng liên server!",#C0x5B545B#아쉽게도 귀하는 본 서버 %s 포켓몬 주둔에서 다른 유저에게 패배하여 #C0xE77422#글로벌 명예 관장의 자격을 잃었습니다!,#C0x5B545B#Seu Pokémon guardião em %s foi derrotado por outros jogadores. #C0xE77422#Você não está mais qualificado para competir pela posição de Líder de Ginásio Honorário entre Servidores!,#C0x5B545B#โปเกมอนผู้พิทักษ์ของคุณใน %s ถูกผู้เล่นอื่นเอาชนะแล้ว #C0xE77422#คุณไม่มีคุณสมบัติที่จะแข่งขันเพื่อตำแหน่งหัวหน้ายิมกิตติมศักดิ์ข้ามเซิร์ฟเวอร์อีกต่อไป!
7949,crossGymDefenceWin,#C0x5B545B#Your guarding Pokémon in Gym Member slot of %s #C0xE79900#successfully defended the attacks from other players.#C0x5B545B# Congratulations!,"#C0x5B545B#厲害了，你在%s的""館員位""駐守精靈#C0xE79900#成功防守住了其他玩家的挑戰#C0x5B545B#，恭喜！",#C0x5B545B#Your guarding Pokémon in Gym Member slot of %s #C0xE79900#successfully defended the attacks from other players.#C0x5B545B# Congratulations!,Tuyệt vời! Bạn đã thành công bảo vệ vị trí quản lý của mình tại %s trước những thách thức từ người chơi khác. Chúc mừng!,"#C0x5B545B#대단해요, 귀하는 %s의 '관원 자리' 포켓몬 주둔에서 #C0xE79900#다른 플레이어의 도전을 막아냈습니다#C0x5B545B#, 축하합니다!",#C0x5B545B#Seu Pokémon guardião no slot de Membro de Ginásio de %s #C0xE79900#defendeu com sucesso os ataques de outros jogadores.#C0x5B545B# Parabéns!,#C0x5B545B#โปเกมอนผู้พิทักษ์ของคุณในช่องสมาชิกยิมจำนวน %s #C0xE79900# ป้องกันการโจมตีจากผู้เล่นอื่นได้สำเร็จ#C0x5B545B# ขอแสดงความยินดี!
7950,crossGymDefenceFail,#C0x5B545B#Your guarding Pokémon in %s #C0xE77422#has been defeated by other players! Better luck next time!,#C0x5B545B#很遺憾，你在%s的駐守精靈#C0xE77422#被其他玩家擊敗！,#C0x5B545B#Your guarding Pokémon in %s #C0xE77422#has been defeated by other players! Better luck next time!,"Rất tiếc, Pokémon phòng thủ của bạn tại %s đã bị người chơi khác đánh bại!",#C0x5B545B#아쉽게도 귀하는 본 서버 %s 포켓몬 주둔에서 #C0xE77422#다른 유저에게 패배했습니다!,#C0x5B545B#Seu Pokémon guardião em %s #C0xE77422#foi derrotado por outros jogadores! Mais sorte na próxima!,#C0x5B545B#โปเกมอนเฝ้ายามของคุณใน %s #C0xE77422# ถูกผู้เล่นคนอื่นปราบไปแล้ว! โชคดีในครั้งหน้า!
7951,gymClosed,#C0xE77422#Gym Challenge of the week has ended. All Gyms are closed.,#C0xE77422#本周道館挑戰結束了，所有道館已關閉！,#C0xE77422#Gym Challenge of the week has ended. All Gyms are closed.,"#C0xE77422#Sự kiện Thử thách Phòng Gym tuần này đã kết thúc, tất cả các Phòng Gym đã đóng cửa!",#C0xE77422#이번 주 체육관 도전은 종료됐습니다. 모든 체육관이 닫혔습니다!,#C0xE77422#Desafio de academia da semana terminou. Todas as academias estão fechadas.,#C0xE77422#Gym Challenge ประจำสัปดาห์สิ้นสุดลงแล้ว ยิมทั้งหมดปิดให้บริการ
7952,gymGarrison1,#C0x5B545B#You've successfully defended%s! #C0xE79900#Title obtained: %s,#C0x5B545B#成功駐守了%s！#C0xE79900#獲得稱號：%s,#C0x5B545B#You've successfully defended%s! #C0xE79900#Title obtained: %s,#C0x5B545B#Đã bảo vệ thành công %s!#C0xE79900#Đạt được danh hiệu: %s,#C0x5B545B#%s 방어에 성공했습니다! #C0xE79900#칭호 획득: %s,#C0x5B545B#Você defendeu %s com sucesso! #C0xE79900#Título obtido: %s,#C0x5B545B#คุณได้ป้องกัน%sสำเร็จแล้ว! #C0xE79900#ได้รับตำแหน่ง: %s
7953,gymGarrison2,#C0x5B545B#You've successfully defended the Gym Member slot of %s!,#C0x5B545B#成功駐守了%s的館員位,#C0x5B545B#You've successfully defended the Gym Member slot of %s!,Đã bảo vệ thành công vị trí quản lý tại %s,#C0x5B545B#%s 관원 자리 방어에 성공했습니다,#C0x5B545B#Você defendeu com sucesso a vaga de Membro de Ginásio de %s!,#C0x5B545B#คุณได้ป้องกันช่องสมาชิกยิมของ %s สำเร็จแล้ว!
7954,gymPassGate1,#C0x5B545B#Congratulations! #C0xE79900#You've cleared %s Gym(s) this week!,#C0x5B545B#恭喜#C0xE79900#本周通關了%s個道館!,#C0x5B545B#Congratulations! #C0xE79900#You've cleared %s Gym(s) this week!,#C0x5B545B#Chúc mừng#C0xE79900# đã vượt qua %s phòng gym tuần này!,"#C0x5B545B#축하합니다, #C0xE79900#이번 주에 %s 개의 체육관을 클리어했습니다!",#C0x5B545B#Parabéns! #C0xE79900#Você limpou %s Ginásio(s) esta semana!,#C0x5B545B#ยินดีด้วย! #C0xE79900#คุณได้เคลียร์ยิม %s แห่งในสัปดาห์นี้!
7955,gymPassGate2,#C0xE79900#No clearing records of Gym Dungeon this week!,#C0xE79900#本周沒有道館副本通關記錄!,#C0xE79900#No clearing records of Gym Dungeon this week!,#C0xE79900#Không có bản ghi hoàn thành thử thách phòng Gym tuần này!,#C0xE79900#이번 주에 체육관 던전 클리어 기록이 없습니다!,#C0xE79900#Nenhum registro de limpeza do Gym Dungeon esta semana!,#C0xE79900#ไม่มีการล้างประวัติของ Gym Dungeon สัปดาห์นี้!
7956,skinBuff1,【Pokémon of Same Series】,【本進化系列精靈】,【Pokémon of Same Series】,[Pokémon thuộc dòng tiến hóa này],[같은 계열 포켓몬],【Pokémon da mesma série】,【โปเกมอนจากซีรีย์เดียวกัน】
7957,skinBuff2,【All Pokémon】,【所有精靈】,【All Pokémon】,[Tất cả Pokémon],[모든 포켓몬],【Todos os Pokémon】,【โปเกมอนทั้งหมด】
7958,skinStart,Initial Costume,初始時裝,Initial Costume,Trang phục ban đầu,초기 코스튬,Traje Inicial,ชุดเริ่มต้น
7959,skinXiaoFei,#C0x5B545B# Consumption:,#C0x5B545B#消費:,#C0x5B545B# Consumption:,#C0x5B545B#Tiêu thụ:,#C0x5B545B#소비:,#C0x5B545B# Consumo:,#C0x5B545B# การบริโภค:
7960,skinAction,Pose,動畫,Pose,Hoạt hình,동화상,Pose,โพสท่า
7961,skinImg,Stand,立繪,Stand,Tranh minh họa,이미지,Ficar,ยืน
7962,skinTip01,#C0x5B545B#Spend:,#C0x5B545B#是否花費:,#C0x5B545B#Spend:,#C0x5B545B#Chi phí:,#C0x5B545B#소비 확인:,#C0x5B545B#Gasto:,#C0x5B545B#การใช้จ่าย:
7963,skinTip02,%s to buy#C0xb27700# 【%s】?,%s購買#C0xb27700#【%s】,%s to buy#C0xb27700# 【%s】?,%s đã mua #C0xb27700#【%s】,%s(으)로 #C0xb27700#[%s]을(를) 구매하시겠습니까,%s para comprar#C0xb27700# 【%s】?,%s ที่จะซื้อ#C0xb27700# 【%s】?
7964,skinTip03,Equipped,穿戴成功,Equipped,Trang bị thành công,장착 성공,Equipado,พร้อมแล้ว
7965,skinTip04,%d-Day Trial,%d日體驗,%d-Day Trial,Trải nghiệm %d ngày,%d일 체험,Teste de %s dias,ทดลองใช้ %s-Day
7966,skin,Costume,時裝,Costume,Trang phục,코스튬,Fantasia,เครื่องแต่งกาย
7967,skinTip05,Remaining: %dD,剩餘%d日可用,Remaining: %dD,Còn lại %d ngày có thể sử dụng,사용 가능 기한 %d일 남음,Restante: %sD,คงเหลือ: %sD
7968,skinTip06,Remaining: %s,剩餘%s可用,Remaining: %s,Còn lại %s,사용 가능 %s 남음,Restante: %s,คงเหลือ: %s
7969,skinTip07,Obtain by special means.,可通過特殊途徑獲得,Obtain by special means.,Có thể thu được thông qua các phương tiện đặc biệt,특수 경로로 획득 가능,Obter por meios especiais.,ได้มาจากวิธีการพิเศษ.
7970,skinTip08,You've obtained the corresponding permanent costume.,你已獲得對應永久時裝，不再重復生效,You've obtained the corresponding permanent costume.,"Bạn đã nhận được trang phục vĩnh viễn tương ứng, sẽ không có hiệu lực lặp lại.",이미 상응하는 영구 코스튬을 얻어 중복으로 적용되지 않습니다,Você obteve o traje permanente correspondente.,คุณได้รับชุดถาวรที่สอดคล้องกันแล้ว
7971,itemRebirthExceed,%s will exceed bag limit after the rebirth. The overflow will be emptied. Continue?,重生後，%s將會超出背包上限，溢出的部分將會直接被清除，是否繼續？,%s will exceed bag limit after the rebirth. The overflow will be emptied. Continue?,"Sau khi hồi sinh, %s sẽ vượt quá giới hạn túi đồ, phần thừa sẽ bị xóa bỏ trực tiếp. Tiếp tục?",부활 후 %s(은)는 가방 상한에 초과하므로 초과된 부분은 즉시 삭제되는데 계속하시겠습니까?,%s excederá o limite da bolsa após o renascimento. O estouro será esvaziado. Continuar?,%s จะเกินขีดจำกัดของถุงหลังจากการเกิดใหม่ โอเวอร์โฟลว์จะถูกล้าง ดำเนินการต่อหรือไม่
7972,itemDecomposeIdsExceed,%s will exceed bag limit after disenchanting. The overflow will be emptied. Continue?,分解後，%s將會超出背包上限，溢出的部分將會直接被清除，是否繼續？,%s will exceed bag limit after disenchanting. The overflow will be emptied. Continue?,"Sau khi phân hủy, %s sẽ vượt quá giới hạn túi đồ. Phần thừa sẽ bị loại bỏ trực tiếp. Tiếp tục?",분해 후 %s(은)는 가방 상한에 초과하므로 초과된 부분은 즉시 삭제되는데 계속하시겠습니까?,%s excederá o limite da bolsa após desencantar. O estouro será esvaziado. Continuar?,%s จะเกินขีดจำกัดของถุงหลังจากสลายมนตร์ ส่วนเกินจะถูกระบายออก ดำเนินการต่อหรือไม่
7973,fragmentComposeText,#C0x5B545B#%d x %s #C0x5B545B#can be combined into %d %s.,#C0x5B545B#%d個%s#C0x5B545B#可合成%d個%s,#C0x5B545B#%d x %s #C0x5B545B#can be combined into %d %s.,#C0x5B545B#%d %s#C0x5B545B#có thể tổng hợp thành %d %s,#C0x5B545B#%d개의 %s#C0x5B545B#(으)로 %d개의 %s 합성 가능,#C0x5B545B#%sx %s #C0x5B545B#pode ser combinado em %s %s.,#C0x5B545B#%sx %s #C0x5B545B# สามารถรวมกันเป็น %s %s ได้
7974,pleaseSelectFragmentCombText,Select the amount of Shards to combine,請選擇要合成的碎片的數量,Select the amount of Shards to combine,Vui lòng chọn số lượng Mảnh ghép cần tổng hợp.,합성할 조각의 수량을 선택하세요,Selecione a quantidade de fragmentos para combinar,เลือกจำนวนเศษชิ้นส่วนที่จะรวมเข้าด้วยกัน
7975,snowNeedLevel,Reach Lv.%s to unlock,達到%s級後解鎖,Reach Lv.%s to unlock,Mở khóa sau khi đạt cấp %s,%s 레벨 도달 시 개방,Alcance o nível %s para desbloquear,ถึงระดับ %sเพื่อปลดล็อค
7976,signetInfoTip,*Upgrade Inscriptions to unlock special passive effects.\n*Upgrade Accessory and awaken to activate passive effects.,*提升刻印階段，可解鎖特殊被動效果\n*飾品升星和覺醒，可啟動對應的被動效果,*Upgrade Inscriptions to unlock special passive effects.\n*Upgrade Accessory and awaken to activate passive effects.,"*Nâng cấp giai đoạn khắc ấn, mở khóa hiệu ứng thụ động đặc biệt.\n*Nâng cấp sao và Z-覺醒 trang sức kích hoạt hiệu ứng thụ động tương ứng.","*각인 단계를 올리면 패시브 효과를 활성화 가능.액세서리 승급 및 각성 시, 대응하는 패시브 효과를 활성화 가능.",*Atualize as inscrições para desbloquear efeitos passivos especiais.n*Atualize o acessório e desperte para ativar efeitos passivos.,*อัพเกรดจารึกเพื่อปลดล็อคเอฟเฟกต์พาสซีฟพิเศษn*อัพเกรดอุปกรณ์เสริมและปลุกพลังเพื่อเปิดใช้งานเอฟเฟกต์พาสซีฟ
7977,awakeAbilityMax,Max Awaken Potential Trained,覺醒潛能已培養至上限,Max Awaken Potential Trained,Tiềm năng thức tỉnh đã được phát triển tối đa.,잠재력 각성을 이미 한도까지 육성했습니다,Max Despertar Potencial Treinado,ฝึกฝนศักยภาพการตื่นรู้สูงสุด
7978,snowBallGame,Dodge Snowball,雪球躲避賽,Dodge Snowball,Tránh né quả cầu tuyết,스노우볼 피하기 대회,Esquivar Bola de Neve,หลบสโนว์บอล
7979,gameTimesLimit,Not enough Challenges,挑戰次數不足,Not enough Challenges,Số lần thử thách không đủ,도전 횟수 부족,Não há desafios suficientes,ความท้าทายไม่เพียงพอ
7980,buyTimesLimit,Max challenge purchases reached.,購買挑戰次數已達上限,Max challenge purchases reached.,Bạn đã đạt đến số lần mua thử thách tối đa.,도전 구매 횟수가 이미 한도에 도달했습니다,Desafio máximo de compras atingido.,ถึงยอดการซื้อท้าทายสูงสุดแล้ว
7981,buyGameTimes,#C0x5B545B#Spend %s#Icommon/icon/icon_diamond.png-56-56# to purchase challenge chances?,#C0x5B545B#是否花費%s#Icommon/icon/icon_diamond.png-56-56#購買挑戰次數？,#C0x5B545B#Spend %s#Icommon/icon/icon_diamond.png-56-56# to purchase challenge chances?,Có muốn dùng %s#Icommon/icon/icon_diamond.png-56-56# để mua lượt thử thách không?,#C0x5B545B#%s#Icommon/icon/icon_diamond.png-56-56#(을)를 소모해 도전 횟수를 구매하겠습니까?,#C0x5B545B#Gaste %s#Icommon/icon/icon_diamond.png-56-56# para comprar chances de desafio?,#C0x5B545B#ใช้ %s#Icommon/icon/icon_diamond.png-56-56# เพื่อซื้อโอกาสในการท้าทาย?
7982,snowBallGameSignin,Daily Sign-in,每日簽到,Daily Sign-in,Nhận thưởng hàng ngày,데일리 출석체크,Login diário,การลงชื่อเข้าใช้รายวัน
7983,snowBallGameScoreAward,Point Reward,積分獎勵,Point Reward,Phần thưởng điểm,포인트 보상,Recompensa de pontos,รางวัลคะแนน
7984,snowBallGameChooseSprite,Select Pokémon,選擇精靈,Select Pokémon,Chọn Pokémon của bạn,포켓몬 선택,Selecione Pokémon,เลือกโปเกมอน
7985,chooseSpriteTips,Select Pokémon,請選擇精靈,Select Pokémon,Chọn Pokémon của bạn,포켓몬을 선택하세요.,Selecione Pokémon,เลือกโปเกมอน
7986,equipAwakeAbilityDownCost,#C0x5B545B#Spend %d#Icommon/icon/icon_diamond.png-56-56# to reset Accessory Awaken level\n(Awaken Potential included) to the initial state. Continue?,#C0x5B545B#即將消耗%d#Icommon/icon/icon_diamond.png-56-56#重置飾品覺醒等級\n（包括覺醒潛能）為初始狀態，是否繼續？,#C0x5B545B#Spend %d#Icommon/icon/icon_diamond.png-56-56# to reset Accessory Awaken level\n(Awaken Potential included) to the initial state. Continue?,Sẽ tiêu hao %d #Icommon/icon/icon_diamond.png-56-56# để đặt lại cấp độ thức tỉnh phụ kiện (bao gồm cả tiềm năng thức tỉnh) về trạng thái ban đầu. Bạn có muốn tiếp tục không?,"#C0x5B545B#%d#Icommon/icon/icon_diamond.png-56-56#을(를) 소모해 액세서리 각성 레벨을 초기화합니다\n(잠재력 각성 포함) 시작 상태로 리셋됩니다, 계속하시겠습니까?",#C0x5B545B#Gaste %s#Icommon/icon/icon_diamond.png-56-56# para redefinir o nível de Despertar do Acessórion(Potencial de Despertar incluso) para o estado inicial. Continuar?,#C0x5B545B#ใช้ %s#Icommon/icon/icon_diamond.png-56-56# เพื่อรีเซ็ตระดับการปลุกอุปกรณ์n(รวมถึงศักยภาพในการปลุก) เป็นสถานะเริ่มต้น ดำเนินการต่อหรือไม่
7987,snowBallGuide1,The mini game is #C0xF76B45#is controlled with joysticks. #C0x5B545B#Tap#C0xF76B45# anywhere#C0x5B545B# on the screen to operate.,小遊戲為#C0xF76B45#搖桿滑動操作，#C0x5B545B#在螢幕中#C0xF76B45#任意位置#C0x5B545B#都可進行操作,The mini game is #C0xF76B45#is controlled with joysticks. #C0x5B545B#Tap#C0xF76B45# anywhere#C0x5B545B# on the screen to operate.,"Minigame sử dụng thao tác vuốt cần điều khiển #C0xF76B45#, có thể thao tác ở #C0xF76B45#bất kỳ vị trí nào#C0x5B545B# trên màn hình.","미니 게임은 #C0xF76B45#컨트롤 조작 방식이며, #C0x5B545B#스크린의 #C0xF76B45#아무 위치에서 #C0x5B545B#조작할 수 있습니다",O minijogo #C0xF76B45# é controlado com joysticks. #C0x5B545B#Toque#C0xF76B45# em qualquer lugar#C0x5B545B# na tela para operar.,มินิเกมนี้คือ #C0xF76B45# ซึ่งควบคุมด้วยจอยสติ๊ก #C0x5B545B# แตะ #C0xF76B45# ที่ไหนก็ได้ #C0x5B545B# บนหน้าจอเพื่อควบคุม
7988,snowBallGuide2,"The game ends when time is up. The longer one #C0xF76B45#survives#C0x5B545B#, the more point bonuses he gets.#C0xF76B45#",遊戲時間歸零遊戲結束，而#C0xF76B45#存活的時間#C0x5B545B#越長，越能獲得#C0xF76B45#可觀的積分加成哦,"The game ends when time is up. The longer one #C0xF76B45#survives#C0x5B545B#, the more point bonuses he gets.#C0xF76B45#","Thời gian trò chơi về không, trò chơi kết thúc. Thời gian #C0xF76B45#sinh tồn#C0x5B545B# càng lâu, bạn càng nhận được #C0xF76B45#thưởng điểm đáng kể!","게임 시간이 경과되면 게임이 종료되며, #C0xF76B45#생존 시간#C0x5B545B#이 길수록 #C0xF76B45#더 많은 포인트 보너스를 획득할 수 있습니다","O jogo termina quando o tempo acaba. Quanto mais tempo alguém #C0xF76B45#sobrevive#C0x5B545B#, mais bônus de pontos ele ganha.#C0xF76B45#",เกมจะจบลงเมื่อเวลาหมดลง ยิ่ง #C0xF76B45# รอดชีวิต #C0x5B545B# ได้นานเท่าไร เขาก็จะยิ่งได้รับโบนัสคะแนนมากขึ้นเท่านั้น #C0xF76B45#
7989,snowBallGuide3,"Meowth Tank fires Snowball. If you are hit by a #C0xF76B45#falling snowball#C0x5B545B#, your #C0xF76B45#HP#C0x5B545B# will lose. Be careful out there!",喵喵坦克會噴射雪球，若被#C0xF76B45#掉落的雪球#C0x5B545B#砸中，會#C0xF76B45#損失生命值，#C0x5B545B#要小心躲避,"Meowth Tank fires Snowball. If you are hit by a #C0xF76B45#falling snowball#C0x5B545B#, your #C0xF76B45#HP#C0x5B545B# will lose. Be careful out there!","Meowth Tank sẽ bắn ra những quả cầu tuyết. Nếu bị #C0xF76B45#quả cầu tuyết rơi xuống#C0x5B545B# trúng, bạn sẽ #C0xF76B45#mất máu.#C0x5B545B# Hãy cẩn thận tránh né.",냐옹이 탱크는 스노우볼을 발사합니다. 만약 #C0xF76B45#떨어지는 스노우볼#C0x5B545B#에 맞으면 #C0xF76B45#HP를 잃으니 #C0x5B545B#조심하세요,"Meowth Tank atira Snowball. Se você for atingido por uma #C0xF76B45#bola de neve caindo#C0x5B545B#, seu #C0xF76B45#HP#C0x5B545B# perderá. Tenha cuidado lá fora!",Meowth Tank ยิง Snowball หากคุณโดน #C0xF76B45#falling snowball#C0x5B545B# #C0xF76B45#HP#C0x5B545B# ของคุณจะแพ้ ระวังตัวให้ดี!
7990,snowBallGuide4,"Delibird delivers gift boxes. #C0xF76B45#Pick up the boxes#C0x5B545B# and you'll get #C0xF76B45#point bonuses#C0x5B545B#. Gift boxes #C0xF76B45#expire soon#C0x5B545B#, so make sure you get them in time!",信使鳥會投擲禮盒，#C0xF76B45#拾取禮盒#C0x5B545B#可以獲得#C0xF76B45#積分加成，#C0x5B545B#只是禮盒#C0xF76B45#存留時間有限，#C0x5B545B#要盡快取得,"Delibird delivers gift boxes. #C0xF76B45#Pick up the boxes#C0x5B545B# and you'll get #C0xF76B45#point bonuses#C0x5B545B#. Gift boxes #C0xF76B45#expire soon#C0x5B545B#, so make sure you get them in time!","Chim chim messenger sẽ ném hộp quà. #C0xF76B45#Nhặt hộp quà#C0x5B545B# sẽ nhận được #C0xF76B45#thêm điểm thưởng, #C0x5B545B#nhưng hộp quà #C0xF76B45#chỉ tồn tại trong thời gian giới hạn, #C0x5B545B#hãy nhanh chóng lấy chúng!",딜리버드는 선물함을 떨굽니다. #C0xF76B45#선물함#C0x5B545B#을 주우면 #C0xF76B45#포인트 보너스를 획득합니다. #C0x5B545B#선물함#C0xF76B45#은 금방 사라지니 #C0x5B545B#최대한 빨리 획득하세요,"A Delibird entrega caixas de presente. #C0xF76B45#Pegue as caixas#C0x5B545B# e você ganhará #C0xF76B45#bônus de pontos#C0x5B545B#. As caixas de presente #C0xF76B45#expiram em breve#C0x5B545B#, então certifique-se de recebê-las a tempo!",Delibird จัดส่งกล่องของขวัญ #C0xF76B45#หยิบกล่อง#C0x5B545B# แล้วคุณจะได้รับโบนัส #C0xF76B45#คะแนน#C0x5B545B# กล่องของขวัญ #C0xF76B45# จะหมดอายุเร็วๆ นี้#C0x5B545B# ดังนั้นอย่าลืมรับกล่องให้ทันเวลา!
7991,snowBallGuideTips,Trial tutorial is over. The points of this time don't count.,本次試玩教學結束！本次遊戲積分不計積分哦！,Trial tutorial is over. The points of this time don't count.,Bài hướng dẫn chơi thử đã kết thúc! Điểm số trong trò chơi này sẽ không được tính vào điểm tổng nhé!,이번 튜토리얼이 종료됐습니다! 이번 게임의 포인트는 계산되지 않습니다!,O tutorial de teste acabou. Os pontos deste tempo não contam.,บทเรียนทดลองใช้สิ้นสุดลงแล้ว คะแนนในครั้งนี้ไม่นับ
7992,snowClothEntranceTip,Tap to Build Snowman,點我堆雪人,Tap to Build Snowman,Nhấp vào tôi để xây người tuyết,나를 터치해 눈사람을 만드세요,Toque para construir um boneco de neve,แตะเพื่อสร้างตุ๊กตาหิมะ
7993,crossMine,Cross-server Mall,跨服商業街,Cross-server Mall,Phố mua sắm liên máy chủ,글로벌 상업 단지,Shopping multi-servidor,ศูนย์การค้าข้ามเซิร์ฟเวอร์
7994,crossMineCost,#C0xFF5B545B#Spend %d#Icommon/icon/icon_kfzy.png-64-64#to change opponent?,#C0xFF5B545B#是否消耗%d#Icommon/icon/icon_kfzy.png-64-64#更換對手?,#C0xFF5B545B#Spend %d#Icommon/icon/icon_kfzy.png-64-64#to change opponent?,#C0xFF5B545B#Có tiêu hao %d #Icommon/icon/icon_kfzy.png-64-64# để đổi đối thủ không?,#C0xFF5B545B#%d#Icommon/icon/icon_kfzy.png-64-64#을(를) 소모해 상대를 교체하시겠습니까?,#C0xFF5B545B#Gaste %s#Icommon/icon/icon_kfzy.png-64-64#para mudar de oponente?,#C0xFF5B545B#ใช้ %s#Icommon/icon/icon_kfzy.png-64-64#เพื่อเปลี่ยนคู่ต่อสู้?
7995,crossMineTruce,In truce. Unable to bid!,當前是休戰時間，不能競標哦!,In truce. Unable to bid!,"Hiện tại là thời gian ngừng bắn, không thể đấu giá!",현재는 휴전 상태이므로 결투를 진행할 수 없습니다!,Em trégua. Não é possível dar lances!,สงบศึกครับ ประมูลไม่ได้!
7996,changeTimes,Challenges,挑戰次數,Challenges,Số lần thử thách,도전 횟수,Desafios,ความท้าทาย
7997,crossMinePVPScore,#C0xFFFCED##Pfont/youmi1.ttf##L00100000##LOC0x5B545B##LOS4#Score: %s:%s,#C0xFFFCED##Pfont/youmi1.ttf##L00100000##LOC0x5B545B##LOS4#總比分: %s:%s,#C0xFFFCED##Pfont/youmi1.ttf##L00100000##LOC0x5B545B##LOS4#Score: %s:%s,#C0xFFFCED##Pfont/youmi1.ttf##L00100000##LOC0x5B545B##LOS4#Tỉ số cuối cùng: %s:%s,#C0xFFFCED##Pfont/youmi1.ttf##L00100000##LOC0x5B545B##LOS4#총 스코어: %s:%s,#C0xFFFCED##Pfont/youmi1.ttf##L00100000##LOC0x5B545B##LOS4#Pontuação: %s:%s,#C0xFFFCED##Pfont/youmi1.ttf##L00100000##LOC0x5B545B##LOS4#คะแนน: %s:%s
7998,crossMinePVPSpeed,#C0xFFFCED##Pfont/youmi1.ttf##L00100001##LOC0xEB6336##LOS4#Produce Speed: %s/H,#C0xFFFCED##Pfont/youmi1.ttf##L00100001##LOC0xEB6336##LOS4#生產速度: %s/時,#C0xFFFCED##Pfont/youmi1.ttf##L00100001##LOC0xEB6336##LOS4#Produce Speed: %s/H,#C0xFFFCED##Pfont/youmi1.ttf##L00100001##LOC0xEB6336##LOS4#Tốc độ sản xuất: %s/giờ,#C0xFFFCED##Pfont/youmi1.ttf##L00100001##LOC0xEB6336##LOS4#생산 속도: %s/시간,#C0xFFFCED##Pfont/youmi1.ttf##L00100001##LOC0xEB6336##LOS4#Velocidade de produção: %s/H,#C0xFFFCED##Pfont/youmi1.ttf##L00100001##LOC0xEB6336##LOS4# ความเร็วการผลิต: %s/H
7999,crossMinePVPRob,#C0xFFFCED##Pfont/youmi1.ttf##L00100001##LOC0xEB6336##LOS4#+%s,#C0xFFFCED##Pfont/youmi1.ttf##L00100001##LOC0xEB6336##LOS4#+%s,#C0xFFFCED##Pfont/youmi1.ttf##L00100001##LOC0xEB6336##LOS4#+%s,#C0xFFFCED##Pfont/youmi1.ttf##L00100001##LOC0xEB6336##LOS4#+%s,#C0xFFFCED##Pfont/youmi1.ttf##L00100001##LOC0xEB6336##LOS4#+%s,#C0xFFFCED##Pfont/youmi1.ttf##L00100001##LOC0xEB6336##LOS4#+%s,#C0xFFFCED##Pfont/youmi1.ttf##L00100001##LOC0xEB6336##LOS4#+%s
8000,crossMinePVPRank,Ranking: %d,排名:%d,Ranking: %d,Xếp hạng: %d,순위: %d,Classificação: %s,อันดับ: %s
8001,crossMinePVPFight,Battle: %d,戰:%d,Battle: %d,Trận chiến:%d,전투: %d,Batalha: %s,การต่อสู้: %s
8002,crossMinePVPArmy,Team %d,隊伍%d,Team %d,Đội %d,파티 %d,Equipe %s,ทีม %s
8003,crossMinePVPSpeed02,%s/H,%s/時,%s/H,%s giờ,%s/시간,%s/H,%sินาที/ชั่วโมง
8004,crossMinePVPRankTop01,Personal Ranking,個人排名,Personal Ranking,Xếp hạng cá nhân,개인 순위,Classificação Pessoal,การจัดอันดับส่วนบุคคล
8005,crossMinePVPRankTop02,Contribution Ranking,貢獻排名,Contribution Ranking,Bảng xếp hạng đóng góp,기부 순위,Classificação de Contribuição,การจัดอันดับการมีส่วนสนับสนุน
8006,crossMineDonate,Donate,捐獻,Donate,Tặng góp,기부,Doar,บริจาค
8007,crossMineWish01,SP.ATK and P.ATK Buff,雙攻加成,SP.ATK and P.ATK Buff,Tăng cường tấn công kép,공격퍼프,SP.ATK e P.ATK Buff,บัฟ SP.ATK และ P.ATK
8008,crossMineWish02,SP.DEF and P.DEF Buff,雙防加成,SP.DEF and P.DEF Buff,Tăng cường phòng thủ kép,방어퍼프,SP.DEF e P.DEF Buff,บัฟ SP.DEF และ P.DEF
8009,crossMineWish03,HP Buff,血量加成,HP Buff,Tăng sức mạnh HP,HP 버프,Aprimoramento de HP,บัฟ HP
8010,crossMineWish04,Personal Develop,個人養成,Personal Develop,Huấn luyện cá nhân,개인 육성,Desenvolvimento Pessoal,การพัฒนาตนเอง
8011,crossMineWish05,Server Develop,全服養成,Server Develop,Nuôi dưỡng toàn máy chủ,전체 서버 육성,Desenvolvimento de Servidor,การพัฒนาเซิร์ฟเวอร์
8012,crossMineWish06,Personal Blessing Buff,個人祝福加成,Personal Blessing Buff,Tăng sức mạnh từ Lời chúc phúc cá nhân,개인 축복 보너스,Buff de bênção pessoal,บัฟอวยพรส่วนตัว
8013,crossMineWish07,Server Blessing Buff,全服祝福加成,Server Blessing Buff,Tăng sức mạnh chúc phúc toàn máy chủ,전체 서버 축복 보너스,Buff de bênção do servidor,บัฟอวยพรเซิร์ฟเวอร์
8014,crossMineWish08,Current Lv.%d,當前等級%d,Current Lv.%d,Cấp độ hiện tại %d,현재 레벨 %d,Nível atual.%s,ปัจจุบัน Lv.%s
8015,crossMineWish09,Lv.%d,LV%d,Lv.%d,LV%d,다음 레벨 %d,Nível %s,ระดับ %s
8016,crossMineGetResTip,#Pfont/youmi1.ttf##C0xFF5B545B#Snatch #Icommon/icon/icon_kfzy.png-64-64##Pfont/youmi1.ttf##C0xFF5B545B#+%d,#Pfont/youmi1.ttf##C0xFF5B545B#可搶奪#Icommon/icon/icon_kfzy.png-64-64##Pfont/youmi1.ttf##C0xFF5B545B#+%d,#Pfont/youmi1.ttf##C0xFF5B545B#Snatch #Icommon/icon/icon_kfzy.png-64-64##Pfont/youmi1.ttf##C0xFF5B545B#+%d,#Pfont/youmi1.ttf##C0xFF5B545B#Có thể tranh giành#Icommon/icon/icon_kfzy.png-64-64##Pfont/youmi1.ttf##C0xFF5B545B#+%d,#Pfont/youmi1.ttf##C0xFF5B545B##Icommon/icon/icon_kfzy.png-64-64##Pfont/youmi1.ttf##C0xFF5B545B#+%d 쟁탈 가능,#Pfont/youmi1.ttf##C0xFF5B545B#Arrebatar #Icommon/icon/icon_kfzy.png-64-64##Pfont/youmi1.ttf##C0xFF5B545B#+%s,#Pfont/youmi1.ttf##C0xFF5B545B#สแนตช์ #Icommon/icon/icon_kfzy.png-64-64##Pfont/youmi1.ttf##C0xFF5B545B#+%s
8017,crossMineProtected,%s is in bidding protection. Change a opponent or come back later!,%s 正在競標保護期中，請換一個對手或一會再試試吧！,%s is in bidding protection. Change a opponent or come back later!,%s hiện đang trong thời gian bảo vệ đấu giá. Vui lòng chọn đối thủ khác hoặc thử lại sau!,%s님은 현재 결투 보호 상태입니다. 다른 상대로 교체하거나 잠시 후에 다시 시도해 주세요!,%s está em proteção de lance. Troque um oponente ou volte mais tarde!,%s อยู่ในระหว่างการประมูลเพื่อป้องกัน เปลี่ยนคู่ต่อสู้หรือกลับมาภายหลัง!
8018,crossMineCardNotEnoughTip,You need at least 3 Pokémon to participate!,需要至少擁有3只精靈才可參賽！,You need at least 3 Pokémon to participate!,Cần ít nhất 3 Pokémon để tham gia!,최소 3마리의 포켓몬을 보유해야만 참가할 수 있습니다!,Você precisa de pelo menos 3 Pokémon para participar!,คุณต้องมีโปเกมอนอย่างน้อย 3 ตัวเพื่อเข้าร่วม!
8019,crossMineNotStart,Cross-server Mall is locked.,跨服商業街尚未開賽！,Cross-server Mall is locked.,Chợ thương mại liên server chưa mở!,글로벌 아레나가 아직 시작되지 않았습니다!,O Cross-server Mall está bloqueado.,ห้างสรรพสินค้าข้ามเซิร์ฟเวอร์ถูกล็อค
8020,crossMineBossScore,Point,積分,Point,Điểm,포인트,Apontar,จุด
8021,pvpRevengeBuyTimes,Purchase Revenge Chances,購買復仇次數,Purchase Revenge Chances,Mua số lần trả thù,복수 횟수 구매,Chances de vingança de compra,ซื้อโอกาสแก้แค้น
8022,pvpBiddingBuyTimes,Purchase Bidding Chances,購買競標次數,Purchase Bidding Chances,Mua số lần đấu giá,결투 횟수 구매,Chances de lances de compra,โอกาสในการประมูลซื้อ
8023,crossMineRevengedTimesMax,Max number of revenges to %s reached.,當日對%s的復仇已達上限！,Max number of revenges to %s reached.,Sự trả thù hàng ngày đối với %s đã đạt đến giới hạn!,당일 %s에 대한 복수가 상한에 달했습니다!,Número máximo de vinganças para %s atingido.,จำนวนการแก้แค้นสูงสุดที่ถึง %s แล้ว
8024,gameIsOver,This round has ended.,本場已結束,This round has ended.,Trận đấu đã kết thúc.,이번 경기는 종료됐습니다,Esta rodada terminou.,รอบนี้สิ้นสุดแล้ว.
8025,pokemonAnswer,Pokémon Quiz,精靈問答,Pokémon Quiz,Câu hỏi Pokémon,포켓몬 퀴즈,Quiz Pokémon,ควิซโปเกมอน
8026,pokemonAnswerQuestion2,Who Am I:,我是誰:,Who Am I:,Tôi là ai:,나는 누구:,Quem sou eu:,ฉันเป็นใคร:
8027,pokemonAnswerQuestion3,Who are the Pokémon that haven't appeared in the display area?,展示區沒有出現過的精靈是誰?,Who are the Pokémon that haven't appeared in the display area?,Pokémon nào chưa xuất hiện trong buổi trình diễn?,전시 구역에 나타나지 않은 포켓몬은 누구일까?,Quais são os Pokémon que não apareceram na área de exibição?,โปเกมอนตัวไหนที่ไม่ปรากฏในพื้นที่แสดงผลบ้าง?
8028,pokemonAnswerBuyTimes,#C0x5B545B#Spend %s#Icommon/icon/icon_diamond.png-56-56# to get an extra chance to answer?,#C0x5B545B#是否花費%s#Icommon/icon/icon_diamond.png-56-56#獲得額外1次答題機會？,#C0x5B545B#Spend %s#Icommon/icon/icon_diamond.png-56-56# to get an extra chance to answer?,Có muốn dùng %s#Icommon/icon/icon_diamond.png-56-56# để có thêm 1 lượt trả lời?,#C0x5B545B#%s#Icommon/icon/icon_diamond.png-56-56#(을)를 소모해 추가 정답 기회 1회를 획득하시겠습니까?,#C0x5B545B#Gaste %s#Icommon/icon/icon_diamond.png-56-56# para ter uma chance extra de responder?,#C0x5B545B#ใช้ %s#Icommon/icon/icon_diamond.png-56-56# เพื่อรับโอกาสในการตอบคำถามเพิ่มเติมใช่ไหม
8029,unionRank,Guild Ranking,公會排名,Guild Ranking,Bảng xếp hạng bang hội,길드 순위,Classificação da guilda,การจัดอันดับกิลด์
8030,personalRank,Personal Ranking,個人排名,Personal Ranking,Bảng xếp hạng cá nhân,개인 순위,Classificação Pessoal,การจัดอันดับส่วนบุคคล
8031,gradeText,Point(s),分,Point(s),Điểm,점 달성,Ponto(s),คะแนน
8032,unionAnswerShowTimes,Only the highest points of the %d times will be listed every day.,每日只上榜%d次中較高的一次積分,Only the highest points of the %d times will be listed every day.,Điểm số cao nhất trong số %d lần xếp hạng mỗi ngày,매일 %d 회 중 높은 포인트만 기록됩니다,Somente os pontos mais altos de %s vezes serão listados todos os dias.,จะแสดงเฉพาะคะแนนสูงสุดของ %s ครั้งในแต่ละวันเท่านั้น
8033,unionAnswerQuitText,You've obtained %d Points (Quiz is ongoing). The quiz will be settled according to your current points after quitting. Continue?,您已獲得%d積分（答題仍在繼續），退出後將按照你當前積分結算本次答題 ，是否確認退出嗎？,You've obtained %d Points (Quiz is ongoing). The quiz will be settled according to your current points after quitting. Continue?,Bạn đã đạt được %d điểm (câu hỏi vẫn đang tiếp tục). Thoát ra sẽ tính điểm dựa trên số điểm hiện tại của bạn. Bạn có chắc muốn thoát không?,"귀하는 이미 %d 포인트를 얻었습니다(퀴즈는 여전히 진행), 나가시면 현재 포인트로 이번 퀴즈를 결산합니다. 나가시겠습니까?",Você obteve %s Pontos (o Quiz está em andamento). O quiz será liquidado de acordo com seus pontos atuais após sair. Continuar?,คุณได้รับคะแนน %s คะแนน (แบบทดสอบกำลังดำเนินการอยู่) แบบทดสอบจะคิดคะแนนตามคะแนนปัจจุบันของคุณหลังจากออกจากเกม ดำเนินการต่อหรือไม่
8034,unionAnswerEndText1,You answered %d questions correctly! You have %d points now!,恭喜答對了%d道題，您一共獲得%d積分,You answered %d questions correctly! You have %d points now!,Chúc mừng bạn đã trả lời đúng %d câu hỏi và nhận được %d điểm!,"축하합니다, %d 문제의 정답을 맞혀 총 %d 포인트를 획득하셨습니다",Você respondeu %s perguntas corretamente! Você tem %s pontos agora!,คุณตอบคำถามถูกต้อง %s ข้อแล้ว! ตอนนี้คุณมีคะแนน %s คะแนนแล้ว!
8035,unionAnswerTipsText,Get one chance to answer,獲得一次答題機會,Get one chance to answer,Nhận được một cơ hội trả lời câu hỏi,정답 기회 1회 획득,Tenha uma chance de responder,รับโอกาสตอบคำถามหนึ่งครั้ง
8036,unionAnswerTipsText1,No more answer chances to purchase.,今日可購買的答題機會已用完,No more answer chances to purchase.,"Hôm nay, cơ hội trả lời câu hỏi đã hết.",오늘 구매 가능한 정답 기회를 전부 소진했습니다,Não há mais chances de resposta para compra.,ไม่มีโอกาสตอบในการซื้ออีกต่อไป
8037,unionAnswerTipsText2,Out of answering chances.,今日答題機會已用盡,Out of answering chances.,Hôm nay đã hết lượt trả lời câu hỏi.,오늘 정답 기회를 전부 소진했습니다,Sem chances de resposta.,หมดโอกาสตอบรับ
8038,unionAnswerRankTipsText,Locked. No ranking yet.,尚未開啟，暫無排名,Locked. No ranking yet.,"Chưa mở, chưa có bảng xếp hạng.",아직 오픈되지 않아 순위가 없습니다,Bloqueado. Nenhuma classificação ainda.,ล็อคแล้ว ยังไม่มีการจัดอันดับ
8039,unionAnswerOpenTimeShow,Opening Hours: %d/%d 5:00 - %d/%d 24:00,開放時間: %d月%d日5:00 -  %d月%d日 24:00,Opening Hours: %d/%d 5:00 - %d/%d 24:00,Thời gian mở cửa: %d/%d 5:00 - %d/%d 24:00,오픈 시간: %d월 %d일 5:00~%d월 %d일 24:00,Horário de funcionamento: %s/%s 5:00 - %s/%s 24:00,เวลาเปิดทำการ: %s/%s 5:00 - %s/%s 24:00
8040,preUnionRank,Previous Guild Ranking,上期公會排名,Previous Guild Ranking,Bảng xếp hạng bang hội kỳ trước,지난 회차 길드 순위,Classificação de guilda anterior,อันดับกิลด์ก่อนหน้า
8041,prePersonalRank,Previous Personal Ranking,上期個人排名,Previous Personal Ranking,Bảng xếp hạng kỳ trước,지난 회차 개인 순위,Classificação Pessoal Anterior,อันดับส่วนบุคคลก่อนหน้า
8042,gameMineRankNum,#Pfont/youmi1.ttf##C0xFF5B545B#(Bonus Points for the ranking: #Pfont/youmi1.ttf##C0xFFF48916#%d#Pfont/youmi1.ttf##C0xFF5B545B#),#Pfont/youmi1.ttf##C0xFF5B545B#（本排名加成積分:#Pfont/youmi1.ttf##C0xFFF48916#%d#Pfont/youmi1.ttf##C0xFF5B545B#）,#Pfont/youmi1.ttf##C0xFF5B545B#(Bonus Points for the ranking: #Pfont/youmi1.ttf##C0xFFF48916#%d#Pfont/youmi1.ttf##C0xFF5B545B#),(Điểm thưởng xếp hạng:#Pfont/youmi1.ttf##C0xFFF48916#%d#Pfont/youmi1.ttf##C0xFF5B545B#),#Pfont/youmi1.ttf##C0xFF5B545B#(해당 순위 보너스 포인트: #Pfont/youmi1.ttf##C0xFFF48916#%d#Pfont/youmi1.ttf##C0xFF5B545B#),#Pfont/youmi1.ttf##C0xFF5B545B#(Pontos de bônus pela classificação: #Pfont/youmi1.ttf##C0xFFF48916#%s#Pfont/youmi1.ttf##C0xFF5B545B#),#Pfont/youmi1.ttf##C0xFF5B545B#(คะแนนโบนัสสำหรับการจัดอันดับ: #Pfont/youmi1.ttf##C0xFFF48916#%s#Pfont/youmi1.ttf##C0xFF5B545B#)
8043,cardSignetGoldNotEnough,Not enough Coins. Unable to inscribe.,金幣不足，無法刻印！,Not enough Coins. Unable to inscribe.,"Không đủ vàng, không thể khắc dấu!",코인이 부족해 각인할 수 없습니다!,Não há moedas suficientes. Não é possível inscrever.,เหรียญไม่เพียงพอ ไม่สามารถจารึกได้
8044,gameMineRobTip,Produce Speed: %d/H,生產速度:%d/時,Produce Speed: %d/H,Tốc độ sản xuất: %d/giờ,생산 속도: %d/시간,Velocidade de produção: %s/H,ความเร็วการผลิต: %s/H
8045,gameMineWishTip,Donated! %s increases by %d. XP increases by %d.,捐獻成功，%s增加%d，經驗增加%d,Donated! %s increases by %d. XP increases by %d.,"Quyên góp thành công, %s tăng %d, kinh nghiệm tăng %d","기부 성공, %s %d 증가, 경험치 %d 증가",Doado! %s aumenta em %s. XP aumenta em %s.,"บริจาคแล้ว! %s เพิ่มขึ้น %s, XP เพิ่มขึ้น %s"
8046,gameMineWishTip2,Basic Develop,基礎養成,Basic Develop,Huấn luyện cơ bản,기본 육성,Desenvolvimento Básico,การพัฒนาขั้นพื้นฐาน
8047,gameMineRobTip2,"#Pfont/youmi1.ttf##C0xFF5B545B#Same ranking, same produce speed.",#Pfont/youmi1.ttf##C0xFF5B545B#排名不變動，生產速度不變,"#Pfont/youmi1.ttf##C0xFF5B545B#Same ranking, same produce speed.","#Pfont/youmi1.ttf##C0xFF5B545B#Xếp hạng không đổi, tốc độ sản xuất không đổi",#Pfont/youmi1.ttf##C0xFF5B545B# 순위는 변하지 않고 생산 속도는 변하지 않습니다,"#Pfont/youmi1.ttf##C0xFF5B545B#Mesma classificação, mesma velocidade de produção.",#Pfont/youmi1.ttf##C0xFF5B545B#อันดับเท่ากัน ความเร็วในการผลิตเท่ากัน
8048,crossMinePVPSkip,Next Round,下一場,Next Round,Trận tiếp theo,다음 경기,Próxima rodada,รอบต่อไป
8049,crossMineChallengeBossMaxTimes,Max challenges for the Boss reached. Unable to challenge again.,您已達到該boss的最大挑戰次數，無法再挑戰,Max challenges for the Boss reached. Unable to challenge again.,Bạn đã đạt đến số lần thử thách tối đa cho boss này. Không thể thử thách lại.,귀하는 이미 해당 BOSS 최대 도전 횟수에 도달해 재도전할 수 없습니다,Desafios máximos para o Boss alcançados. Não é possível desafiar novamente.,ถึงขีดจำกัดความท้าทายสูงสุดของบอสแล้ว ไม่สามารถท้าทายอีกครั้งได้
8050,hasBeen,has been,已被,has been,Đã bị,이미,foi,ได้มีการ
8051,crossMineWishBtn,Develop,養 成,Develop,Nuôi dưỡng,육 성,Desenvolver,พัฒนา
8052,crossMineBossTimeout,Too bad! Boss battle has ended. This battle hasn't been recorded!,很可惜！BOSS戰已經結束了，本次戰鬥未被記錄！,Too bad! Boss battle has ended. This battle hasn't been recorded!,"Tiếc quá! Trận chiến Boss đã kết thúc, trận đấu này không được ghi lại!",아쉽습니다! BOSS 도전이 종료되어 이번 전투는 기록되지 않습니다!,Que pena! A batalha do chefe terminou. Esta batalha não foi gravada!,น่าเสียดาย! การต่อสู้ของบอสได้สิ้นสุดลงแล้ว การต่อสู้ครั้งนี้ยังไม่ได้ถูกบันทึกไว้!
8053,crossMineCantRevenged,In truce. Unable to revenge!,當前是休戰時間，不能復仇哦!,In truce. Unable to revenge!,"Hiện đang là thời gian đình chiến, không thể báo thù đâu!",현재는 휴전 시간이므로 복수할 수 없습니다!,Em trégua. Incapaz de vingança!,สงบศึกไม่อาจแก้แค้น!
8054,crossMineRoleRankTips,"Current Ranking: #C0xF76B45#%s#C0x5B545B#. During the season, keep the ranking until the settlement to get the following rewards.",當前排名：#C0xF76B45#%s#C0x5B545B#，在賽季進行中時，保持排名至結算時獲得以下獎勵：,"Current Ranking: #C0xF76B45#%s#C0x5B545B#. During the season, keep the ranking until the settlement to get the following rewards.","Xếp hạng hiện tại: #C0xF76B45#%s#C0x5B545B#, duy trì thứ hạng này cho đến khi mùa giải kết thúc để nhận được phần thưởng sau:","현재 순위: #C0xF76B45#%s#C0x5B545B#, 시즌 진행 중에 결산까지 순위를 유지하면 아래의 보상을 얻습니다:","Classificação atual: #C0xF76B45#%s#C0x5B545B#. Durante a temporada, mantenha a classificação até a liquidação para obter as seguintes recompensas.",อันดับปัจจุบัน: #C0xF76B45#%s#C0x5B545B# ในช่วงฤดูกาล ให้คงอันดับเอาไว้จนกว่าจะถึงวันตัดสินเพื่อรับรางวัลดังต่อไปนี้
8055,crossMineRoleRankCloseTips,Season hasn't started yet. Unable to get rankings or personal reward display.,當前沒有開始賽季，無法取得排名以及個人獎勵展示哦,Season hasn't started yet. Unable to get rankings or personal reward display.,"Hiện tại không có mùa giải nào đang diễn ra, vì vậy không thể hiển thị bảng xếp hạng và phần thưởng cá nhân.",현재 시즌이 시작하지 않아 순위 및 개인 보상 전시를 얻을 수 없습니다,A temporada ainda não começou. Não é possível obter classificações ou exibição de recompensa pessoal.,ฤดูกาลยังไม่เริ่มต้น ไม่สามารถรับอันดับหรือแสดงรางวัลส่วนตัวได้
8056,crossMineRankNoChange,No changes in rankings,排名暫無變化,No changes in rankings,Bảng xếp hạng không thay đổi,순위 변화 없음,Nenhuma alteração nas classificações,ไม่มีการเปลี่ยนแปลงอันดับ
8057,crossMineRankNoChangeByRevenge,Revenge doesn't change rankings.,復仇不改變排名,Revenge doesn't change rankings.,Sự trả thù không thay đổi thứ hạng.,복수 시 순위가 변하지 않습니다,A vingança não altera a classificação.,การแก้แค้นไม่ทำให้อันดับเปลี่ยนแปลง
8058,everydayGainGold,Daily Fortune,每日聚寶,Daily Fortune,Kho báu hàng ngày,일간 보물단지,Fortuna Diária,โชคลาภประจำวัน
8059,unionAnswerNoGift,No rewards will be granted for this round of quiz.,本次答題沒有獲得任何獎勵,No rewards will be granted for this round of quiz.,Câu trả lời này không nhận được phần thưởng nào.,이번 정답에는 아무런 보상이 없습니다,Nenhuma recompensa será concedida para esta rodada do teste.,จะไม่มีการมอบรางวัลสำหรับแบบทดสอบรอบนี้
8060,preServers,Previous Matched Server:,上期匹配服：,Previous Matched Server:,Trang phục phối hợp kỳ trước:,지난 회차 매칭 서버:,Servidor correspondente anterior:,เซิฟเวอร์ที่ตรงกันก่อนหน้า:
8061,dailyAssistant,Daily Helper,日常小助手,Daily Helper,Trợ lý hàng ngày,일상 도우미,Ajudante diário,ผู้ช่วยรายวัน
8062,reward,Claim Rewards,獎勵領取,Claim Rewards,Nhận phần thưởng,보상 수령,Reivindicar recompensas,รับรางวัล
8063,battleSignUp,Battle Sign-up,戰鬥報名,Battle Sign-up,Đăng ký chiến đấu,전투 신청,Inscrição para a batalha,ลงทะเบียนเข้าร่วมการต่อสู้
8064,quickAdventure,Quick Adventure,快速冒險,Quick Adventure,Phiêu lưu nhanh,쾌속 모험,Aventura rápida,การผจญภัยอย่างรวดเร็ว
8065,unionMatters,Guild Affair,公會事宜,Guild Affair,Việc hội,길드 적합,Assunto da Guilda,กิจการกิลด์
8066,reset,Reset,重置,Reset,Khởi tạo lại,초기화,Reiniciar,รีเซ็ต
8067,replacementMethod,Change,更換方式,Change,Phương thức thay đổi,방식 변경,Mudar,เปลี่ยน
8068,oneClickCardDraw,Quick Draw,一鍵抽卡,Quick Draw,Triệu hồi một chạm,간편 뽑기,Desenho rápido,วาดเร็ว
8069,oneClickRegistration,Quick Register,一鍵報名,Quick Register,Đăng ký một cú nhấp chuột,간편 신청,Registro rápido,ลงทะเบียนด่วน
8070,oneClickDoing,Quick Op,一鍵進行,Quick Op,Thực hiện một chạm,간편 진행,Operação rápida,การดำเนินการอย่างรวดเร็ว
8071,oneClickCompletion,Quick Complete,一鍵完成,Quick Complete,Hoàn thành bằng một nút bấm,간편 완료,Conclusão rápida,เสร็จสิ้นอย่างรวดเร็ว
8072,dailyAssistantFreeDrawCard,Today's Free Draw:,今日免費抽卡：,Today's Free Draw:,Triệu hồi miễn phí mỗi ngày:,오늘의 무료 뽑기:,Sorteio grátis de hoje:,การจับฉลากฟรีวันนี้:
8073,dailyAssistantWish,Current Wish:,當前許願：,Current Wish:,Điều ước hiện tại:,현재 소원:,Desejo atual:,ความปรารถนาในปัจจุบัน:
8074,dailyAssistantLeftTimes,Remaining Chances:,今日剩餘次數：,Remaining Chances:,Số lần sử dụng còn lại hôm nay:,오늘 남은 횟수:,Chances restantes:,โอกาสที่เหลืออยู่:
8075,dailyAssistantSpeedTimes,Today's Random Speed-up:,今日隨機加速次數：,Today's Random Speed-up:,Số lần tăng tốc ngẫu nhiên hôm nay:,오늘 랜덤 가속 횟수:,Aceleração aleatória de hoje:,การเร่งความเร็วแบบสุ่มของวันนี้:
8076,dailyAssistantFreeDrawCardItem,Today's Free Treasure Hunt:,今日免費尋寶：,Today's Free Treasure Hunt:,Tìm kho báu miễn phí hàng ngày:,오늘 무료 보물찾기:,Caça ao tesouro gratuita de hoje:,การล่าสมบัติฟรีประจำวันนี้:
8077,dailyAssistantFreeGem,Today's Free Draw:,今日免費抽取：,Today's Free Draw:,Rút thăm miễn phí hôm nay:,오늘 무료 획득:,Sorteio grátis de hoje:,การจับฉลากฟรีวันนี้:
8078,dailyAssistantFreeGainGold,#Pfont/youmi1.ttf##C0x5B545B#Today's Free Fortune: #Pfont/youmi1.ttf##C0x60C456#%s #Pfont/youmi1.ttf##C0x5B545B#(Chest will be obtained automatically when the number meets the requirement.),#Pfont/youmi1.ttf##C0x5B545B#今日免費聚寶：#Pfont/youmi1.ttf##C0x60C456#%s #Pfont/youmi1.ttf##C0x5B545B# (滿足次數自動領取寶箱),#Pfont/youmi1.ttf##C0x5B545B#Today's Free Fortune: #Pfont/youmi1.ttf##C0x60C456#%s #Pfont/youmi1.ttf##C0x5B545B#(Chest will be obtained automatically when the number meets the requirement.),Kho báu miễn phí hàng ngày: %s (Hòm báu tự động nhận khi hoàn thành),#Pfont/youmi1.ttf##C0x5B545B#오늘 무료 보물단지: #Pfont/youmi1.ttf##C0x60C456#%s #Pfont/youmi1.ttf##C0x5B545B#(횟수 충족 시 자동으로 보물상자를 수령합니다),#Pfont/youmi1.ttf##C0x5B545B#Fortuna grátis de hoje: #Pfont/youmi1.ttf##C0x60C456#%s #Pfont/youmi1.ttf##C0x5B545B#(O baú será obtido automaticamente quando o número atender ao requisito.),#Pfont/youmi1.ttf##C0x5B545B#โชคลาภฟรีวันนี้: #Pfont/youmi1.ttf##C0x60C456#%s #Pfont/youmi1.ttf##C0x5B545B#(จะได้รับหีบโดยอัตโนมัติเมื่อตัวเลขตรงตามข้อกำหนด)
8079,dailyAssistantEndlessGate,#Pfont/youmi1.ttf##C0x5B545B# Current Position: Stage #Pfont/youmi1.ttf##C0x60C456#%s#Pfont/youmi1.ttf##C0x5B545B#,#Pfont/youmi1.ttf##C0x5B545B#當前位置：第#Pfont/youmi1.ttf##C0x60C456# %s #Pfont/youmi1.ttf##C0x5B545B#關,#Pfont/youmi1.ttf##C0x5B545B# Current Position: Stage #Pfont/youmi1.ttf##C0x60C456#%s#Pfont/youmi1.ttf##C0x5B545B#,Vị trí hiện tại: Màn %s,#Pfont/youmi1.ttf##C0x5B545B#현재 위치: 제 #Pfont/youmi1.ttf##C0x60C456#%s#Pfont/youmi1.ttf##C0x5B545B# 스테이지,#Pfont/youmi1.ttf##C0x5B545B# Posição atual: Estágio #Pfont/youmi1.ttf##C0x60C456#%s#Pfont/youmi1.ttf##C0x5B545B#,#Pfont/youmi1.ttf##C0x5B545B# ตำแหน่งปัจจุบัน: เวที #Pfont/youmi1.ttf##C0x60C456#%s#Pfont/youmi1.ttf##C0x5B545B#
8080,leftHP,Remaining HP,剩餘血量,Remaining HP,HP còn lại,남은 HP:,HP restante,HP ที่เหลืออยู่
8081,leftTimesToCrossFishing,Leave all the fishing chances today for the Fishing contest?,是否將今日可釣魚次數全部預留給釣魚大賽？,Leave all the fishing chances today for the Fishing contest?,Có nên giữ lại tất cả lượt câu cá hôm nay cho cuộc thi câu cá không?,오늘의 낚시 가능 횟수를 낚시대회를 위해 남기겠습니까?,Deixar todas as chances de pesca hoje para o concurso de pesca?,ปล่อยโอกาสตกปลาทั้งหมดในวันนี้เพื่อการแข่งขันตกปลาใช่ไหม?
8082,dailyAssistantCraftText,Sign-up Time: 10:00 - 19:50,報名時間: 10:00-19:50,Sign-up Time: 10:00 - 19:50,Thời gian đăng ký: 10:00-19:50,신청 시간: 10:00~19:50,Horário de inscrição: 10:00 - 19:50,เวลาลงทะเบียน : 10:00 - 19:50 น.
8083,dailyAssistantUnionFighttText,Sign-up ends at 20:50. The game starts at 21:00.,20:50報名截止21:00開賽,Sign-up ends at 20:50. The game starts at 21:00.,"Đăng ký kết thúc lúc 20:50, trận đấu bắt đầu lúc 21:00","20:50에 신청 종료, 21:00에 시작",As inscrições terminam às 20:50. O jogo começa às 21:00.,การลงทะเบียนสิ้นสุดเวลา 20:50 น. เกมเริ่มเวลา 21:00 น.
8084,dailyAssistantCrossCraftText,Mon. to Fri. 10:50 - 19:50,週一至週五10:50-19:50,Mon. to Fri. 10:50 - 19:50,Thứ Hai đến Thứ Sáu 10:50-19:50,"월, 금요일 10:50~19:50",Seg. a Sex. 10:50 - 19:50,จันทร์-ศุกร์ 10.50-19.50 น.
8085,taskRate,Quest Progress %d/%d,任務進度%d/%d,Quest Progress %d/%d,Tiến độ nhiệm vụ %d/%d,퀘스트 진행도 %d/%d,Progresso da missão %s/%s,ความคืบหน้าภารกิจ %s/%s
8086,goTo,GO,前 往,GO,Đi đến,이 동,IR,ไป
8087,newYearFlipCardText,"When the flipped cards are straightly lined up, you can claim:","翻開的牌面連成一條直線後,可領取:","When the flipped cards are straightly lined up, you can claim:","Sau khi các lá bài được lật tạo thành một đường thẳng, bạn có thể nhận được:",뒤집은 카드가 직선을 이루면 수령 가능:,"Quando as cartas viradas estiverem alinhadas, você pode reivindicar:",เมื่อไพ่ที่พลิกเรียงกันเป็นเส้นตรง คุณสามารถเรียกร้องได้:
8088,skyScraperGameOverScore,"%sF building is built this time, rating:","本次建造%s層高的大樓,獲得評分：","%sF building is built this time, rating:","Tòa nhà này, cao %s tầng, đã được chấm điểm:",이번에 %s 층 높이의 건물을 지었습니다. 평점:,"O edifício %sF foi construído desta vez, classificação:",ตึก %sF ถูกสร้างขึ้นครั้งนี้ คะแนน:
8089,skyScraperGameOverAward,"%s little gifts have been collected during the construction, winning:","建築時共收獲%s次小禮品,獲得獎勵：","%s little gifts have been collected during the construction, winning:","Thu thập được %s quà nhỏ trong quá trình xây dựng, phần thưởng nhận được:",건설 시 총 %s회 선물을 얻습니다. 보상 획득:,"%s pequenos presentes foram coletados durante a construção, ganhando:",ของขวัญเล็กๆ น้อยๆ %s ได้รับการรวบรวมระหว่างการก่อสร้าง ได้รับรางวัล:
8090,skyScraperSetTask,Construct Quests,搭建任務,Construct Quests,Nhiệm vụ xây dựng,건설 퀘스트,Construir missões,สร้างภารกิจ
8091,skyScraperScoreTask,Rating Quest,評分任務,Rating Quest,Nhiệm vụ đánh giá,평점 퀘스트,Avaliação da missão,การจัดอันดับภารกิจ
8092,skyScraperPerfectStructures,Perfect Construct,完美搭建,Perfect Construct,Xây dựng hoàn hảo,퍼펙트 건설,Construção Perfeita,โครงสร้างที่สมบูรณ์แบบ
8093,skyScraperBoxTip,Claim when the Emblem has been upgraded:,本次勛章升級後，可領取：,Claim when the Emblem has been upgraded:,"Sau khi nâng cấp huy chương này, bạn có thể nhận được:",이번 배지 업그레이드 후 수령 가능:,Reivindicar quando o Emblema for atualizado:,รับสิทธิ์เมื่อตราสัญลักษณ์ได้รับการอัพเกรด:
8094,dailyAssistantUnionContribText,#Pfont/youmi1.ttf##C0x5B545B#You can donate #Pfont/youmi1.ttf##C0x60C456#%s#Pfont/youmi1.ttf##C0x5B545B# times for now. You have chosen #Pfont/youmi1.ttf##C0xE79900#%s#Pfont/youmi1.ttf##C0x5B545B#.,#Pfont/youmi1.ttf##C0x5B545B#當前可捐獻#Pfont/youmi1.ttf##C0x60C456#%s#Pfont/youmi1.ttf##C0x5B545B#次，已選擇#Pfont/youmi1.ttf##C0xE79900#%s#Pfont/youmi1.ttf##C0x5B545B#方式,#Pfont/youmi1.ttf##C0x5B545B#You can donate #Pfont/youmi1.ttf##C0x60C456#%s#Pfont/youmi1.ttf##C0x5B545B# times for now. You have chosen #Pfont/youmi1.ttf##C0xE79900#%s#Pfont/youmi1.ttf##C0x5B545B#.,"Hiện có thể quyên góp %s lần, đã chọn %s phương thức","#Pfont/youmi1.ttf##C0x5B545B#현재 #Pfont/youmi1.ttf##C0x60C456#%s#Pfont/youmi1.ttf##C0x5B545B#회 기부 가능, #Pfont/youmi1.ttf##C0xE79900#%s#Pfont/youmi1.ttf##C0x5B545B# 방식 선택 완료",#Pfont/youmi1.ttf##C0x5B545B#Você pode doar #Pfont/youmi1.ttf##C0x60C456#%s#Pfont/youmi1.ttf##C0x5B545B# vezes por enquanto. Você escolheu #Pfont/youmi1.ttf##C0xE79900#%s#Pfont/youmi1.ttf##C0x5B545B#.,#Pfont/youmi1.ttf##C0x5B545B#คุณสามารถบริจาค #Pfont/youmi1.ttf##C0x60C456#%s#Pfont/youmi1.ttf##C0x5B545B# ครั้งได้ คุณได้เลือก #Pfont/youmi1.ttf##C0xE79900#%s#Pfont/youmi1.ttf##C0x5B545B#
8095,dailyAssistantUnionFragDonateText,#Pfont/youmi1.ttf##C0x5B545B#You can wish #Pfont/youmi1.ttf##C0x60C456#%s#Pfont/youmi1.ttf##C0x5B545B# times for now. You have chosen #Pfont/youmi1.ttf##C0xE79900#%s.,#Pfont/youmi1.ttf##C0x5B545B#當前可許願#Pfont/youmi1.ttf##C0x60C456#%s#Pfont/youmi1.ttf##C0x5B545B#次，已選擇#Pfont/youmi1.ttf##C0xE79900#%s,#Pfont/youmi1.ttf##C0x5B545B#You can wish #Pfont/youmi1.ttf##C0x60C456#%s#Pfont/youmi1.ttf##C0x5B545B# times for now. You have chosen #Pfont/youmi1.ttf##C0xE79900#%s.,"Hiện có thể ước#Pfont/youmi1.ttf##C0x60C456#%s#Pfont/youmi1.ttf##C0x5B545B# lần, đã chọn #Pfont/youmi1.ttf##C0xE79900#%s","#Pfont/youmi1.ttf##C0x5B545B#현재 #Pfont/youmi1.ttf##C0x60C456#%s#Pfont/youmi1.ttf##C0x5B545B#회 소원 빌기 가능, #Pfont/youmi1.ttf##C0xE79900#%s 선택 완료",#Pfont/youmi1.ttf##C0x5B545B#Você pode desejar #Pfont/youmi1.ttf##C0x60C456#%s#Pfont/youmi1.ttf##C0x5B545B# vezes por enquanto. Você escolheu #Pfont/youmi1.ttf##C0xE79900#%s.,#Pfont/youmi1.ttf##C0x5B545B#คุณสามารถขอพร #Pfont/youmi1.ttf##C0x60C456#%s#Pfont/youmi1.ttf##C0x5B545B# ได้ครั้งแล้ว คุณได้เลือก #Pfont/youmi1.ttf##C0xE79900#%s
8096,dailyAssistantUnionFragDonateText1,#Pfont/youmi1.ttf##C0x5B545B#You can wish #Pfont/youmi1.ttf##C0x60C456#%s#Pfont/youmi1.ttf##C0x5B545B# times for now. You haven't chosen Pokémon Shards yet.,#Pfont/youmi1.ttf##C0x5B545B#當前可許願#Pfont/youmi1.ttf##C0x60C456#%s#Pfont/youmi1.ttf##C0x5B545B#次，未選擇用於許願的精靈碎片,#Pfont/youmi1.ttf##C0x5B545B#You can wish #Pfont/youmi1.ttf##C0x60C456#%s#Pfont/youmi1.ttf##C0x5B545B# times for now. You haven't chosen Pokémon Shards yet.,Hiện có thể ước nguyện: #Pfont/youmi1.ttf##C0x60C456#%s#Pfont/youmi1.ttf##C0x5B545B# lần. Mảnh vỡ Pokémon chưa được sử dụng,"#Pfont/youmi1.ttf##C0x5B545B#현재 #Pfont/youmi1.ttf##C0x60C456#%s#Pfont/youmi1.ttf##C0x5B545B#회 소원 빌기 가능, 소원에 사용할 포켓몬 조각 미선택",#Pfont/youmi1.ttf##C0x5B545B#Você pode desejar #Pfont/youmi1.ttf##C0x60C456#%s#Pfont/youmi1.ttf##C0x5B545B# vezes por enquanto. Você ainda não escolheu Pokémon Shards.,#Pfont/youmi1.ttf##C0x5B545B#คุณสามารถขอพร #Pfont/youmi1.ttf##C0x60C456#%s#Pfont/youmi1.ttf##C0x5B545B# ได้ครั้ง คุณยังไม่ได้เลือก Pokémon Shards
8097,canSignup,Sign Up,可報名,Sign Up,Đăng ký mở,신청 가능,Inscrever-se,สมัครสมาชิก
8098,cantSignup,Locked,不可報名,Locked,Đã hết hạn đăng ký,신청 불가,Bloqueado,ล็อค
8099,skyScraper,Skyscraper,摩天高樓,Skyscraper,Tòa nhà chọc trời,대형 빌딩,Arranha-céu,ตึกระฟ้า
8100,skyScraperFloor,Floor,層,Floor,Lớp,층,Chão,พื้น
8101,dailyAssistantFishingText,"#Pfont/youmi1.ttf##C0xE79900#%s#Pfont/youmi1.ttf##C0x5B545B#, baits are enough for #Pfont/youmi1.ttf##C0x60C456#%s#Pfont/youmi1.ttf##C0x5B545B# time(s) (Remaining: #Pfont/youmi1.ttf##C0x60C456#%s#Pfont/youmi1.ttf##C0x5B545B# time(s))",#Pfont/youmi1.ttf##C0xE79900#%s#Pfont/youmi1.ttf##C0x5B545B#，魚餌夠捕撈 #Pfont/youmi1.ttf##C0x60C456#%s #Pfont/youmi1.ttf##C0x5B545B#次 (剩 #Pfont/youmi1.ttf##C0x60C456#%s #Pfont/youmi1.ttf##C0x5B545B#次),"#Pfont/youmi1.ttf##C0xE79900#%s#Pfont/youmi1.ttf##C0x5B545B#, baits are enough for #Pfont/youmi1.ttf##C0x60C456#%s#Pfont/youmi1.ttf##C0x5B545B# time(s) (Remaining: #Pfont/youmi1.ttf##C0x60C456#%s#Pfont/youmi1.ttf##C0x5B545B# time(s))","#Pfont/youmi1.ttf#C0xE79900#%s#Pfont/youmi1.ttf#C0x5B545B#, mồi đủ để câu #Pfont/youmi1.ttf#C0x60C456#%s#Pfont/youmi1.ttf#C0x5B545B# lần (còn lại #Pfont/youmi1.ttf#C0x60C456#%s#Pfont/youmi1.ttf#C0x5B545B# lần)","#Pfont/youmi1.ttf##C0x5B545B#현재 지점: #Pfont/youmi1.ttf##C0xE79900#%s#Pfont/youmi1.ttf##C0x5B545B#, 선택한 미끼로 #Pfont/youmi1.ttf##C0x60C456#%s #Pfont/youmi1.ttf##C0x5B545B#회 포획 가능","#Pfont/youmi1.ttf##C0xE79900#%s#Pfont/youmi1.ttf##C0x5B545B#, as iscas são suficientes por #Pfont/youmi1.ttf##C0x60C456#%s#Pfont/youmi1.ttf##C0x5B545B# vez(es) (Restante: #Pfont/youmi1.ttf##C0x60C456#%s#Pfont/youmi1.ttf##C0x5B545B# vez(es))",#Pfont/youmi1.ttf##C0xE79900#%s#Pfont/youmi1.ttf##C0x5B545B# เหยื่อเพียงพอสำหรับ #Pfont/youmi1.ttf##C0x60C456#%s#Pfont/youmi1.ttf##C0x5B545B# ครั้ง (ที่เหลือ: #Pfont/youmi1.ttf##C0x60C456#%s#Pfont/youmi1.ttf##C0x5B545B# ครั้ง)
8102,adjustment,Adjust,調 整,Adjust,Điều chỉnh,조 정,Ajustar,ปรับ
8103,dailyAssistantFishingText1,#Pfont/youmi1.ttf##C0xE79900#%s#Pfont/youmi1.ttf##C0x5B545B#. Unable to fish without a fishing rod.,#Pfont/youmi1.ttf##C0xE79900#%s#Pfont/youmi1.ttf##C0x5B545B#，未裝備魚竿無法捕撈,#Pfont/youmi1.ttf##C0xE79900#%s#Pfont/youmi1.ttf##C0x5B545B#. Unable to fish without a fishing rod.,"#Pfont/youmi1.ttf##C0xE79900#%s#Pfont/youmi1.ttf##C0x5B545B#, Không thể câu cá nếu không có cần câu được trang bị.","#Pfont/youmi1.ttf##C0x5B545B#현재 지점: #Pfont/youmi1.ttf##C0xE79900#%s#Pfont/youmi1.ttf##C0x5B545B#, 낚싯대 미장착 시 포획 불가",#Pfont/youmi1.ttf##C0xE79900#%s#Pfont/youmi1.ttf##C0x5B545B#. Não é possível pescar sem uma vara de pescar.,#Pfont/youmi1.ttf##C0xE79900#%s#Pfont/youmi1.ttf##C0x5B545B# ไม่สามารถตกปลาได้หากไม่มีคันเบ็ด
8104,skyscraperPerfect,Perfect!,完美銜接！,Perfect!,Kết nối hoàn hảo!,퍼펙트 커넥트!,Perfeito!,สมบูรณ์แบบ!
8105,skyscraperGood,Not bad!,還不賴嘛！,Not bad!,Khá đấy!,꽤 하는데!,Nada mal!,ไม่เลวเลย!
8106,rmbRewardTips,Spend Diamonds to increase the rebate rate! \nSpend more for a higher rate as well as extra rewards!,花費鉆石可提高返利比率！\n返利比率越花越高！還有額外獎品贈送！,Spend Diamonds to increase the rebate rate! \nSpend more for a higher rate as well as extra rewards!,Dùng kim cương để tăng tỷ lệ hoàn trả!\nTỷ lệ hoàn trả càng cao càng tiêu nhiều! Còn có quà tặng thêm!,다이아를 소모하면 페이백 비율을 올릴 수 있습니다! \n소비할수록 페이백 비율이 높아집니다! 그리고 추가 보상도 드립니다!,Gaste Diamantes para aumentar a taxa de desconto! nGaste mais para uma taxa mais alta e também recompensas extras!,ใช้เพชรเพื่อเพิ่มอัตราส่วนลด! nใช้มากขึ้นเพื่อรับอัตราที่สูงขึ้น รวมถึงรับรางวัลพิเศษเพิ่มเติม!
8107,rmbRewardFixTips,Spend Diamonds to enjoy a rebate!\nSpend more for a bigger rebate as well as extra rewards!,花費鉆石可按比率返利！\n花費越多返利越多！還有額外獎品贈送！,Spend Diamonds to enjoy a rebate!\nSpend more for a bigger rebate as well as extra rewards!,"Sử dụng kim cương để nhận lại phần trăm giá trị đã tiêu!\nTiêu càng nhiều, nhận lại càng nhiều! Cùng với các phần thưởng bổ sung!",다이아를 소모하면 비율에 따라 페이백합니다! \n소비할수록 페이백이 높아집니다! 그리고 추가 보상도 드립니다!,Gaste Diamantes para aproveitar um desconto!nGaste mais para obter um desconto maior e recompensas extras!,ใช้เพชรเพื่อรับส่วนลด!nใช้มากขึ้นเพื่อรับส่วนลดที่มากขึ้น รวมถึงรับรางวัลพิเศษเพิ่มเติม!
8108,rmbRewardEndTips,Event has ended.\nRebate will not be granted for more Diamonds consumed. Come and claim your rebate in time!,活動已結束！\n消耗的鉆石不再累積或返利！快領取您的返利吧！,Event has ended.\nRebate will not be granted for more Diamonds consumed. Come and claim your rebate in time!,Sự kiện đã kết thúc!\nKim cương đã tiêu hao sẽ không được tích lũy hoặc hoàn lại nữa! Nhanh chóng nhận phần hoàn lại của bạn nào!,이벤트가 종료됐습니다! \n소모한 다이아는 누적 또는 페이백 되지 않습니다! 어서 페이백을 수령하세요!,O evento terminou.nO desconto não será concedido para mais Diamantes consumidos. Venha e reivindique seu desconto a tempo!,กิจกรรมสิ้นสุดลงแล้ว จะไม่มีการคืนเงินหากใช้เพชรเกินจำนวนที่กำหนด รีบมารับส่วนลดของคุณทันที!
8109,rmbRewardBottonTips,Note: Events such as Fortune Meowth are not counted in the rebate accumulation.,註：招財喵喵等類似活動不屬於本活動返利累積範疇,Note: Events such as Fortune Meowth are not counted in the rebate accumulation.,Lưu ý: Các sự kiện tương tự như sự kiện Mèo May Mắn không được tính vào tổng số tiền hoàn trả của sự kiện này.,주의: 마네키네코 등 같은 이벤트는 이번 이벤트 페이백 누적 범위에 속하지 않습니다,Observação: eventos como Fortune Meowth não são contabilizados no acúmulo de descontos.,หมายเหตุ: กิจกรรมเช่น Fortune Meowth จะไม่ถูกนับรวมในการสะสมเงินคืน
8110,rmbRewardEndBottonTips,Note: Unclaimed rebate and bonus rewards will be sent to you by mail when the claiming period ends.,註：領取時間結束後，未領取的返利和額外獎勵將以郵件的方式發送給您,Note: Unclaimed rebate and bonus rewards will be sent to you by mail when the claiming period ends.,"Lưu ý: Sau khi thời gian nhận quà kết thúc, phần hoàn trả và phần thưởng bổ sung chưa được nhận sẽ được gửi đến bạn qua email.",주의: 수령 시간이 지나면 미수령 페이백 및 추가 보상은 우편으로 지급해 드립니다,Observação: os descontos e bônus não reivindicados serão enviados a você por correio quando o período de reivindicação terminar.,หมายเหตุ: ส่วนลดและรางวัลโบนัสที่ไม่ได้รับการอ้างสิทธิ์จะถูกส่งถึงคุณทางไปรษณีย์เมื่อช่วงเวลาการอ้างสิทธิ์สิ้นสุดลง
8111,goldRewardTips,Spend Coins to increase the rebate rate!\nSpend more for a higher rate as well as extra rewards!,花費金幣可提高返利比率！\n返利比率越花越高！還有額外獎品贈送！,Spend Coins to increase the rebate rate!\nSpend more for a higher rate as well as extra rewards!,Dùng vàng để tăng tỷ lệ hoàn trả!\nTỷ lệ hoàn trả càng cao càng chi nhiều! Còn có quà tặng thêm nữa!,코인을 소모하면 페이백 비율을 올릴 수 있습니다! \n소비할수록 페이백 비율이 높아집니다! 그리고 추가 보상도 드립니다!,Gaste moedas para aumentar a taxa de desconto!nGaste mais para obter uma taxa mais alta e recompensas extras!,ใช้เหรียญเพื่อเพิ่มอัตราส่วนลด!nใช้มากขึ้นเพื่อรับอัตราที่สูงขึ้นและรับรางวัลพิเศษเพิ่มเติม!
8112,goldRewardFixTips,Spend coins to enjoy a rebate!\nSpend more for a bigger rebate as well as extra rewards!,花費金幣可按比率返利！\n花費越多返利越多！還有額外獎品贈送！,Spend coins to enjoy a rebate!\nSpend more for a bigger rebate as well as extra rewards!,"Dùng vàng để nhận tiền hoàn lại theo tỷ lệ!\nTiêu càng nhiều, hoàn lại càng nhiều! Còn có quà tặng thêm!",코인을 소모하면 비율에 따라 페이백합니다! \n소비할수록 페이백이 높아집니다! 그리고 추가 보상도 드립니다!,Gaste moedas para aproveitar um desconto!nGaste mais para obter um desconto maior e também recompensas extras!,ใช้เหรียญเพื่อรับส่วนลด!nใช้มากขึ้นเพื่อรับส่วนลดที่มากขึ้น รวมถึงรางวัลพิเศษเพิ่มเติม!
8113,goldRewardEndTips,Event has ended.\nRebate will not be granted for more Coins consumed. Come and claim your rebate in time!,活動已結束！\n消耗的金幣不再累積或返利！快領取您的返利吧！,Event has ended.\nRebate will not be granted for more Coins consumed. Come and claim your rebate in time!,Sự kiện đã kết thúc!\nSố xu đã tiêu hao sẽ không còn được tích lũy hoặc hoàn lại nữa! Hãy nhận tiền hoàn lại của bạn ngay bây giờ!,이벤트가 종료됐습니다! \n소모한 코인은 누적 또는 페이백 되지 않습니다! 어서 페이백을 수령하세요!,O evento terminou.nO desconto não será concedido para mais moedas consumidas. Venha e reivindique seu desconto a tempo!,กิจกรรมสิ้นสุดลงแล้วnจะไม่มีการคืนเงินหากใช้เหรียญเกินจำนวนที่กำหนด รีบมารับรางวัลของคุณทันที!
8114,goldRewardBottonTips,Note: Events such as Tuitui Coin are not counted in the rebate accumulation.,註：推推幣等類似活動不屬於本活動返利累積範疇,Note: Events such as Tuitui Coin are not counted in the rebate accumulation.,Lưu ý: Các hoạt động tương tự như tiền xu Đẩy Đẩy không được tính vào phạm vi hoàn tiền tích lũy của sự kiện này.,주의: 코인 푸시 등 같은 이벤트는 이번 이벤트 페이백 누적 범위에 속하지 않습니다,Observação: eventos como o Tuitui Coin não são contabilizados no acúmulo de descontos.,หมายเหตุ: กิจกรรมเช่น Tuitui Coin จะไม่ถูกนับรวมในการสะสมเงินคืน
8115,goldRewardEndBottonTips,Note: Unclaimed rebate and bonus rewards will be sent to you by mail when the claiming period ends.,註：領取時間結束後，未領取的返利和額外獎勵將以郵件的方式發送給您,Note: Unclaimed rebate and bonus rewards will be sent to you by mail when the claiming period ends.,"Lưu ý: Sau khi thời gian nhận quà kết thúc, phần hoàn trả và phần thưởng bổ sung chưa được nhận sẽ được gửi đến bạn qua email.",주의: 수령 시간이 지나면 미수령 페이백 및 추가 보상은 우편으로 지급해 드립니다,Observação: os descontos e bônus não reivindicados serão enviados a você por correio quando o período de reivindicação terminar.,หมายเหตุ: ส่วนลดและรางวัลโบนัสที่ไม่ได้รับการอ้างสิทธิ์จะถูกส่งถึงคุณทางไปรษณีย์เมื่อช่วงเวลาการอ้างสิทธิ์สิ้นสุดลง
8116,rmbGoldRewardRules,Rebate Rules,消耗返利說明,Rebate Rules,Giải thích hoàn tiền khi tiêu thụ,소모 페이백 설명,Regras de desconto,กฎการคืนเงิน
8117,ruleInfo,#L10#\t\tPhase\t\t\tconsumption\t\trebate rate,#L10#\t\t階段\t\t\t消耗數量\t\t返利比率,#L10#\t\tPhase\t\t\tconsumption\t\trebate rate,#L10#		Giai đoạn			Số lượng tiêu hao		Tỷ lệ hoàn trả,#L10#\t\t단계 \t\t\t 소모 수량\t\t 페이백 비율,#L10#ttFasetttconsumotttaxa de desconto,#L10#ttเฟสttttอัตราส่วนลดการบริโภค
8118,ruleRate,Phase %s,第%s階段,Phase %s,Giai đoạn %s,제 %s 단계,Fase %s,เฟส %s
8119,rateInfo,Current Rebate Rate,當前返利比率,Current Rebate Rate,Tỷ lệ hoàn tiền hiện tại,현재 페이백 비율,Taxa de desconto atual,อัตราการคืนเงินปัจจุบัน
8120,rateFixInfo,Rebate Rate,返利比率,Rebate Rate,Tỷ lệ hoàn tiền,페이백 비율,Taxa de desconto,อัตราการคืนเงิน
8121,fishingLvNotEnoughEnterScene,Available at Fishing Lv.%d,釣魚等級達到LV.%d後可選擇該場景,Available at Fishing Lv.%d,Bạn có thể chọn địa điểm này sau khi cấp độ câu cá của bạn đạt LV.%d.,낚시 레벨 LV.%d 달성 시 해당 장소 선택 가능,Disponível em Pesca Lv.%s,มีจำหน่ายที่ Fishing Lv.%s
8122,cantUseFeaturesByChangeUnion,Functions will be available the next day after changing Guild.,更換公會後功能要次日可使用！,Functions will be available the next day after changing Guild.,Chức năng sẽ khả dụng vào ngày hôm sau sau khi thay đổi bang hội!,길드 변경 후 기능은 다음 날부터 사용이 가능합니다!,As funções estarão disponíveis no dia seguinte após a mudança de Guilda.,ฟังก์ชั่นจะสามารถใช้งานได้ในวันถัดไปหลังจากเปลี่ยนกิลด์
8123,unionFubenNoOpen,Guild Dungeon opens at 9:30 - 23:30 from Monday to Saturday.,公會副本將於週一至週六9:30-23:30期間開啟,Guild Dungeon opens at 9:30 - 23:30 from Monday to Saturday.,"Phó bản bang hội sẽ mở cửa từ 9:30 đến 23:30, từ thứ Hai đến thứ Bảy.",길드 던전은 월~토요일 9:30~23:30에 개방됩니다.,O Calabouço da Guilda abre das 9h30 às 23h30 de segunda a sábado.,Guild Dungeon เปิดให้บริการเวลา 9:30 - 23:30 น. ตั้งแต่วันจันทร์ถึงวันเสาร์
8124,noRmbGoldRewardGet,You don't have rebate to claim.,您未有可領取返利,You don't have rebate to claim.,Bạn không có khoản hoàn lại nào để nhận.,아직 수령하지 않은 페이백이 있습니다,Você não tem desconto para reivindicar.,คุณไม่มีส่วนลดที่จะเรียกร้อง
8125,totalTodo,Total: %s time(s),共進行%s次,Total: %s time(s),Đã thực hiện %s lần,총 %s회 진행,Total: %s vez(es),รวม: %s ครั้ง
8126,totalReset,Blitz %s time(s) in total,共掃蕩%s次,Blitz %s time(s) in total,Đã quét sạch %s lần,소탕 총 %s회,Blitz %s vez(es) no total,บลิทซ์ %s เวลารวม
8127,oneKey,Quick,一鍵,Quick,Một chạm,간편,Rápido,เร็ว
8128,mopUp1,Raid,掃蕩,Raid,Quét sạch,소탕,Ataque,บุกโจมตี
8129,successAndFailTimes,Wins: %s. Losses: %s,成功%s次，失敗%s次,Wins: %s. Losses: %s,"Thành công %s lần, thất bại %s lần","%s회 성공, %s회 실패",Vitórias: %s. Perdas: %s,ชนะ: %s แพ้: %s
8130,oneKeySignet,*Automatically ascend in Quick Inscribe.,* 快速刻印時會自動突破,*Automatically ascend in Quick Inscribe.,Tự động đột phá khi khắc ấn nhanh.,*쾌속 각인 시 자동 돌파,*Ascender automaticamente no Quick Inscription.,*เพิ่มระดับโดยอัตโนมัติใน Quick Inscribe
8131,signetOk,Inscribed,刻印成功,Inscribed,Khắc ấn thành công,각인 성공,Inscrito,จารึกไว้
8132,rmbGoldRewardMax,Max rebate rate reached.,已到達返利最大比率！,Max rebate rate reached.,Đã đạt tỷ lệ hoàn tiền tối đa!,이미 최대 페이백 비율입니다!,Taxa máxima de desconto atingida.,อัตราการคืนเงินสูงสุดถึงแล้ว
8133,vipSignupShow,VIP%d will auto sign up.,vip%d將自動進行報名,VIP%d will auto sign up.,VIP%d sẽ tự động đăng ký,vip%d 시 자동으로 신청합니다,VIP%s será inscrito automaticamente.,VIP%s จะลงทะเบียนโดยอัตโนมัติ
8134,activityEnd,Countdown,距離結束,Countdown,Khoảng cách đến hồi kết,종료까지,Contagem regressiva,นับถอยหลัง
8135,signetLevel,Lv.,級,Lv.,Cấp,레벨,Nível.,ระดับ
8136,signetAnd,And,和,And,và,&,E,และ
8137,mailUpperLimit,Mails:,郵件數量:,Mails:,Số lượng email:,우편 수량:,E-mails:,เมล:
8138,wishSuccess,#C0xFF5B545B#Guild Wish: Wishing #C0xE79900#%s #C0xFF5B545B#succeeds!,#C0xFF5B545B#公會許願：今日許願已成功進行，許願 #C0xE79900#%s #C0xFF5B545B#成功!,#C0xFF5B545B#Guild Wish: Wishing #C0xE79900#%s #C0xFF5B545B#succeeds!,"#C0xFF5B545B#Ước nguyện bang hội: Lần cầu nguyện hôm nay đã thành công, ước nguyện #C0xE79900#%s #C0xFF5B545B#thành công!",#C0xFF5B545B#길드 소원 빌기: 오늘의 소원 빌기가 진행되어 #C0xE79900#%s #C0xFF5B545B#소원을 빌었습니다!,#C0xFF5B545B#Desejo da Guilda: Desejando #C0xE79900#%s #C0xFF5B545B#sucesso!,#C0xFF5B545B#ความปรารถนาของกิลด์: ความปรารถนา #C0xE79900#%s #C0xFF5B545B# สำเร็จ!
8139,mopUpNotes,Raid Note,掃蕩備註,Raid Note,Ghi chú quét,소탕 비고,Nota de ataque,หมายเหตุการจู่โจม
8140,skyscraperMedalsName1,Novice Builder,工程小白,Novice Builder,Người mới học kỹ thuật,청정수 엔지니어,Construtor iniciante,ผู้สร้างมือใหม่
8141,skyscraperMedalsName2,Pro Builder,建築工頭,Pro Builder,Quản đốc xây dựng,건설 인부장,Construtor profissional,โปรบิลเดอร์
8142,skyscraperMedalsName3,Expert Engineer,專業工程師,Expert Engineer,Kỹ sư chuyên nghiệp,전문 엔지니어,Engenheiro Especialista,วิศวกรผู้เชี่ยวชาญ
8143,skyscraperMedalsName4,Pro Engineer,高級工程師,Pro Engineer,Kỹ sư cao cấp,고급 엔지니어,Engenheiro profissional,วิศวกรมืออาชีพ
8144,wishSuccess1,Wishing Succeeds,許願成功,Wishing Succeeds,Ước nguyện thành công,#C0xFF5B545B#길드 소원 빌기: 현재 아직 소원 포켓몬을 선택하지 않아 소원 빌기를 진행할 수 없습니다,Desejando Sucesso,ขอให้พรประสบผลสำเร็จ
8145,dailyAssistantCantTodo,Not available for now,無法進行掃蕩，請前往功能系統內查看,Not available for now,"Không thể quét, vui lòng kiểm tra trong hệ thống chức năng.",#C0xFF5B545B#낚시: 미끼가 부족하여 %s회의 포획을 진행할 수 없습니다,Não disponível no momento,ไม่สามารถใช้งานได้ในขณะนี้
8146,dailyAssistantJumpCatch,Skip Catching in Fishing contest,釣魚大賽時跳過捕撈,Skip Catching in Fishing contest,Bỏ qua việc câu cá trong cuộc thi câu cá,#C0xFF5B545B#길드 기부: %s(이)가 부족하여 %s회의 기부를 진행할 수 없습니다,Concurso Skip Catching in Fishing,การแข่งขันกระโดดข้ามสิ่งกีดขวางในการตกปลา
8147,dailyAssistantFishTip,"If you cancel ""Skip Catching in Fishing contest"", ""Quick Op"" still consumes fishing chances during Fishing contest. Continue to cancel?",不開啟'釣魚大賽時跳過捕撈'，釣魚大賽期間一鍵進行仍然會消耗釣魚次數，確定取消嗎？,"If you cancel ""Skip Catching in Fishing contest"", ""Quick Op"" still consumes fishing chances during Fishing contest. Continue to cancel?","Nếu không bật 'Bỏ qua câu cá trong Giải đấu câu cá', sử dụng chức năng câu cá một nút trong giải đấu vẫn sẽ tiêu hao lượt câu cá. Bạn có chắc chắn muốn hủy không?",현재 만족하지 않은 요구 항목이 있어 %s을(를) 진행할 수 없습니다,"Se você cancelar ""Skip Catching in Fishing contest"", ""Quick Op"" ainda consome chances de pesca durante o Fishing contest. Continuar a cancelar?","หากคุณยกเลิก ""การข้ามการจับปลาในการแข่งขันตกปลา"" ""การกระโดด"" จะยังคงใช้โอกาสในการตกปลาในระหว่างการแข่งขันตกปลา ดำเนินการยกเลิกต่อไปหรือไม่"
8148,dailyAssistantEndlessTip,Auto Reset,自動重置,Auto Reset,Tự động đặt lại,낚시대회 시 포획 건너뛰기,Reinicialização automática,รีเซ็ตอัตโนมัติ
8149,dailyAssistantEndlessTip1,#C0xFF5B545B#Resetting Road of Adventure costs Diamonds.#Icommon/icon/icon_diamond.png-56-56#%s Continue?,#C0xFF5B545B#本次重置冒險之路需花費鉆石#Icommon/icon/icon_diamond.png-56-56#%s，是否繼續？,#C0xFF5B545B#Resetting Road of Adventure costs Diamonds.#Icommon/icon/icon_diamond.png-56-56#%s Continue?,Khởi tạo lại hành trình phiêu lưu sẽ tốn %s kim cương#Icommon/icon/icon_diamond.png-56-56#. Tiếp tục?,낚시대회 시 포획 건너뛰기'를 활성화하지 않았다면 낚시대회 기간에 간편 진행 시 여전히 낚시 횟수를 소모합니다. 취소하시겠습니까?,#C0xFF5B545B#Reiniciar a Estrada da Aventura custa Diamantes.#Icommon/icon/icon_diamond.png-56-56#%s Continuar?,#C0xFF5B545B#การรีเซ็ต Road of Adventure ต้องใช้เพชร#Icommon/icon/icon_diamond.png-56-56#%s ดำเนินการต่อหรือไม่?
8150,skyScraperTimeError,Please don't use booster or switch background.,請不要開啟加速器或者切換後臺,Please don't use booster or switch background.,Vui lòng không sử dụng trình tăng tốc hoặc chuyển đổi ứng dụng nền.,부스터를 켜거나 백그라운드를 전환하지 마세요.,"Por favor, não use booster nem troque o plano de fundo.",โปรดอย่าใช้บูสเตอร์หรือสลับพื้นหลัง
8151,dailyAssistantChangeSuccess,Switched. Current: %s,更換成功，當前選擇：%s,Switched. Current: %s,"Thay đổi thành công, hiện đang chọn: %s","교체 성공, 현재 선택: %s",Comutado. Atual: %s,สลับ กระแสไฟ: %s
8152,inCrossMine,Cross-server Mall in bidding,商業街競標中,Cross-server Mall in bidding,Đấu thầu khu phố thương mại đang diễn ra,상가 경쟁입찰 중,Shopping multiservidor em licitação,ศูนย์การค้าข้ามเซิร์ฟเวอร์ในการประมูล
8153,inCrossMineCantDecompose,Pokémon is bidding in Cross-server Mall. Unable to disenchant.,精靈正在商業街競標中，無法分解,Pokémon is bidding in Cross-server Mall. Unable to disenchant.,Pokémon đang trong cuộc đấu giá ở Phố Thương mại và không thể phân rã.,포켓몬은 상가 경쟁입찰 중이니 분해할 수 없습니다.,Pokémon está dando lances no Cross-server Mall. Não é possível desencantar.,โปเกมอนกำลังประมูลในห้างสรรพสินค้าข้ามเซิร์ฟเวอร์ ไม่สามารถถอนคาถาได้
8154,lightUp,Activate,點亮,Activate,Thắp sáng,밝히다,Ativar,เปิดใช้งาน
8155,dailyAssistantActiveTxt,Events in %s,%s中的活動,Events in %s,Sự kiện trong %s,%s의 이벤트,Eventos em %s,เหตุการณ์ใน%s
8156,gamePassportBuyExpText,#L10##C0xFF5B545B#Purchase #L10##C0xFFFB6E46#%s#L10##C0xFF5B545B# time(s) (Today's Purchases: #L10##C0xFFFB6E46#%s#L10##C0xFF5B545B#/%s),#L10##C0xFF5B545B#購買#L10##C0xFFFB6E46#%s#L10##C0xFF5B545B#次(今日已購買#L10##C0xFFFB6E46#%s#L10##C0xFF5B545B#/%s次),#L10##C0xFF5B545B#Purchase #L10##C0xFFFB6E46#%s#L10##C0xFF5B545B# time(s) (Today's Purchases: #L10##C0xFFFB6E46#%s#L10##C0xFF5B545B#/%s),Mua %s lần (Đã mua %s/%s lần hôm nay),%s회 구매 (오늘 %s/%s회 구매),#L10##C0xFF5B545B#Compra #L10##C0xFFFB6E46#%s#L10##C0xFF5B545B# vez(es) (Compras de hoje: #L10##C0xFFFB6E46#%s#L10##C0xFF5B545B#/%s),#L10##C0xFF5B545B#การซื้อ #L10##C0xFFFB6E46#%s#L10##C0xFF5B545B# ครั้ง (การซื้อของวันนี้: #L10##C0xFFFB6E46#%s#L10##C0xFF5B545B#/%s)
8157,gamePassportTitle2,"#L100000##C0xFFFEEE##LOC0x028692##LOS8#Complete Daily Quests,","#L100000##C0xFFFEEE##LOC0x028692##LOS8#每天完成日常任務,","#L100000##C0xFFFEEE##LOC0x028692##LOS8#Complete Daily Quests,",Hoàn thành nhiệm vụ hàng ngày mỗi ngày,매일 일일 과제를 완료하세요,"#L100000##C0xFFFEEE##LOC0x028692##LOS8#Complete as missões diárias,",#L100000##C0xFFFEEE##LOC0x028692##LOS8#ทำภารกิจประจำวันให้สำเร็จ
8158,gamePassportNextTitle2,\t\t#L100000##C0xFFFEEE##LOC0x028692##LOS8# to win #L100000##C0xFCFFC2##LOC0x028692##LOS8# Super Rewards!,\t\t#L100000##C0xFFFEEE##LOC0x028692##LOS8#贏取#L100000##C0xFCFFC2##LOC0x028692##LOS8#超值獎勵!,\t\t#L100000##C0xFFFEEE##LOC0x028692##LOS8# to win #L100000##C0xFCFFC2##LOC0x028692##LOS8# Super Rewards!,Giành lấy phần thưởng siêu giá trị!,엄청난 보상을 획득하세요!,tt#L100000##C0xFFFEEE##LOC0x028692##LOS8# para ganhar #L100000##C0xFCFFC2##LOC0x028692##LOS8# Super Recompensas!,tt#L100000##C0xFFFEEE##LOC0x028692##LOS8# เพื่อลุ้นรับรางวัลสุดพิเศษ #L100000##C0xFCFFC2##LOC0x028692##LOS8#!
8159,gamePassportShowTip,All rewards are activated. Unable to purchase level.,已解鎖全部獎勵，暫無法購買等級!,All rewards are activated. Unable to purchase level.,"Đã mở khóa tất cả phần thưởng, hiện không thể mua cấp độ!","모든 보상이 해제되었으며, 아직 레벨을 구매할 수 없습니다!",Todas as recompensas estão ativadas. Não é possível comprar nível.,รางวัลทั้งหมดได้รับการเปิดใช้งานแล้ว ไม่สามารถซื้อระดับได้
8160,gamePassportShowTipFull,Today's Max purchases reached!,今日購買次數已達上限!,Today's Max purchases reached!,Đã đạt giới hạn mua hàng trong ngày!,일일 구매 횟수 제한에 도달했습니다!,O máximo de compras de hoje foi atingido!,วันนี้มียอดซื้อสูงสุดแล้ว!
8161,recordPassportDay,Day %s,第%s天,Day %s,Ngày %s,%s일차,Dia %s,วัน %s
8162,recordPassportShowDay,%s/%s/%s %s o'clock,%s年%s月%s日%02s時,%s/%s/%s %s o'clock,"Ngày %s tháng %s năm %s, lúc %02s",%s년 %s월 %s일 %02s시,%s/%s/%s %s horas,%s/%s/%s %s นาฬิกา
8163,recordPassportTitle1,#L10##C0xFF5B545B##F40#Obtain Supreme Reward,#L10##C0xFF5B545B##F40#啟動後可獲得,#L10##C0xFF5B545B##F40#Obtain Supreme Reward,#L10#C0xFF5B545B#F40#Có thể nhận được sau khi kích hoạt,#L10#C0xFF5B545B#F40#활성화 후 획득 가능,#L10##C0xFF5B545B##F40#Obtenha a Recompensa Suprema,#L10##C0xFF5B545B##F40#รับรางวัลสูงสุด
8164,recordPassportTitle2,"\t\t#L10##C0xFF5B545B# valued at #L100010##C0xFFDF6B56##LOC0xFFF8CB42##LOS4#¥1,288#L10##C0xFF5B545B# after activation!",\t\t#L10##C0xFF5B545B#價值#L100010##C0xFFDF6B56##LOC0xFFF8CB42##LOS4#￥688#L10##C0xFF5B545B#豪華獎勵！,"\t\t#L10##C0xFF5B545B# valued at #L100010##C0xFFDF6B56##LOC0xFFF8CB42##LOS4#¥1,288#L10##C0xFF5B545B# after activation!",#L10##C0xFF5B545B#Giá trị#L100010##C0xFFDF6B56##LOC0xFFF8CB42##LOS4#688$#L10##C0xFF5B545B#Phần thưởng sang trọng!,#L10##C0xFF5B545B#가치#L100010##C0xFFDF6B56##LOC0xFFF8CB42##LOS4#₩688#L10##C0xFF5B545B#고급 보상!,tt#L10##C0xFF5B545B# avaliado em #L100010##C0xFFDF6B56##LOC0xFFF8CB42##LOS4#¥1.288#L10##C0xFF5B545B# após ativação!,"tt#L10##C0xFF5B545B# มูลค่า #L100010##C0xFFDF6B56##LOC0xFFF8CB42##LOS4#¥1,288#L10##C0xFF5B545B# หลังจากเปิดใช้งาน!"
8165,recordPassportRmbShow,Original: ¥%s,原價 ￥%s,Original: ¥%s,Giá gốc %s$,원래 가격 %s원,Original: $ %s,ต้นฉบับ: $ %s
8166,gamePassportNowText2,Total Activity:,累計活躍度:,Total Activity:,Hoạt động tích lũy:,누적 활동량:,Atividade total:,กิจกรรมทั้งหมด:
8167,gamePassportNowText3,Total Floors:,累計通過層數:,Total Floors:,Tổng số tầng đã vượt qua:,총 클리어 층수:,Total de andares:,จำนวนชั้นทั้งหมด:
8168,gamePassportNowText4,Total Dungeon Challenges:,累計副本挑戰數：,Total Dungeon Challenges:,Số lần thách đấu phụ bản tích lũy:,누적 던전 도전 수:,Desafios totais do Dungeon:,ความท้าทายดันเจี้ยนทั้งหมด:
8169,gamePassportItemText2,Total Activity %s,累計活躍度%s,Total Activity %s,Hoạt động tích lũy %s,누적 활동 %s,Atividade Total %s,กิจกรรมทั้งหมด %s
8170,gamePassportItemText3,Total Clear %s Floor(s),累計通過%s層,Total Clear %s Floor(s),Đã vượt qua %s tầng,%s층 클리어,Total de pisos limpos %s,รวมเคลียร์ %s ชั้น
8171,gamePassportItemText4,Total Challenge %s Time(s),累計挑戰%s次,Total Challenge %s Time(s),Đã hoàn thành %s thử thách,%s번의 도전을 완료했습니다,Desafio total %s Tempo(s),รวมความท้าทาย %s เวลา
8172,gamePassportTitle3,"#L100000##C0xFFFEEE##LOC0x028692##LOS8#Clear Aether Paradise every day,","#L100000##C0xFFFEEE##LOC0x028692##LOS8#每天通關以太樂園,","#L100000##C0xFFFEEE##LOC0x028692##LOS8#Clear Aether Paradise every day,",Hoàn thành Aether Paradise mỗi ngày,매일 이터 파라다이스를 클리어하세요,"#L100000##C0xFFFEEE##LOC0x028692##LOS8#Limpe o Paraíso do Éter todos os dias,",#L100000##C0xFFFEEE##LOC0x028692##LOS8# เคลียร์ Aether Paradise ทุกวัน
8173,gamePassportNextTitle3,\t\t#L100000##C0xFFFEEE##LOC0x028692##LOS8# to win #L100000##C0xFCFFC2##LOC0x028692##LOS8# Super Rewards!,\t\t#L100000##C0xFFFEEE##LOC0x028692##LOS8#贏取#L100000##C0xFCFFC2##LOC0x028692##LOS8#超值獎勵!,\t\t#L100000##C0xFFFEEE##LOC0x028692##LOS8# to win #L100000##C0xFCFFC2##LOC0x028692##LOS8# Super Rewards!,Giành lấy phần thưởng siêu giá trị!,멋진 보상을 획득하세요!,tt#L100000##C0xFFFEEE##LOC0x028692##LOS8# para ganhar #L100000##C0xFCFFC2##LOC0x028692##LOS8# Super Recompensas!,tt#L100000##C0xFFFEEE##LOC0x028692##LOS8# เพื่อลุ้นรับรางวัลสุดพิเศษ #L100000##C0xFCFFC2##LOC0x028692##LOS8#!
8174,gamePassportTitle4,"#L100000##C0xFFFEEE##LOC0x028692##LOS8#Challenge Gym Dungeon every week,","#L100000##C0xFFFEEE##LOC0x028692##LOS8#每週挑戰道館副本,","#L100000##C0xFFFEEE##LOC0x028692##LOS8#Challenge Gym Dungeon every week,",Thử thách phòng Gym hàng tuần,매주 체육관 도전,"#L100000##C0xFFFEEE##LOC0x028692##LOS8#Desafie o Calabouço do Ginásio toda semana,",#L100000##C0xFFFEEE##LOC0x028692##LOS8#Challenge Gym Dungeon ทุกสัปดาห์
8175,gamePassportNextTitle4,\t\t#L100000##C0xFFFEEE##LOC0x028692##LOS8# to win #L100000##C0xFCFFC2##LOC0x028692##LOS8# Super Rewards!,\t\t#L100000##C0xFFFEEE##LOC0x028692##LOS8#贏取#L100000##C0xFCFFC2##LOC0x028692##LOS8#超值獎勵!,\t\t#L100000##C0xFFFEEE##LOC0x028692##LOS8# to win #L100000##C0xFCFFC2##LOC0x028692##LOS8# Super Rewards!,Giành lấy phần thưởng siêu giá trị!,엄청난 보상을 획득하세요!,tt#L100000##C0xFFFEEE##LOC0x028692##LOS8# para ganhar #L100000##C0xFCFFC2##LOC0x028692##LOS8# Super Recompensas!,tt#L100000##C0xFFFEEE##LOC0x028692##LOS8# เพื่อลุ้นรับรางวัลสุดพิเศษ #L100000##C0xFCFFC2##LOC0x028692##LOS8#!
8176,dailyAssistantAutoFishingTips,In Auto Fishing. Unable to adjust.,當前正在自動釣魚中，不能進行調整哦！,In Auto Fishing. Unable to adjust.,"Hiện đang tự động câu cá, không thể điều chỉnh!",현재 자동 낚시 중이므로 조정할 수 없습니다!,Em Auto Fishing. Não é possível ajustar.,อยู่ในโหมดตกปลาอัตโนมัติครับ ปรับแต่งไม่ได้ครับ
8177,dailyAssistantGemSelectedTxt,Auto-decompose rare stones or inferior,藍色及藍色以下自動分解,Auto-decompose rare stones or inferior,Tự động phân hủy màu xanh và dưới màu xanh,파란색 및 파란색 이하 자동 분해,Pedras raras de autodecomposição ou inferiores,หินหายากหรือหินด้อยคุณภาพที่สลายตัวโดยอัตโนมัติ
8178,gamePassportBuyText,No follow-up rewards.,沒有後續獎勵,No follow-up rewards.,Không có phần thưởng nào khác,추가 보상 없음,Nenhuma recompensa de acompanhamento.,ไม่มีการติดตามผลตอบแทน
8179,gamePassportBuyExpText1,Ascend to Lv.,升至,Ascend to Lv.,Lên cấp đến,레벨업,Subir para o Nv.,ขึ้นสู่ Lv.
8180,gamePassportBuyExpText2,", and the following rewards will be unlocked:",立即解鎖以下獎勵,", and the following rewards will be unlocked:",Mở khóa ngay những phần thưởng sau,다음 보상을 즉시 잠금 해제하세요,", e as seguintes recompensas serão desbloqueadas:",และจะปลดล็อครางวัลดังต่อไปนี้:
8181,activityGemUpShowText,"When replacing Runes of the same type, only a maximum of 2 Runes can be selected.",限定同類型置換時，該種類符石最多只能選擇2個!,"When replacing Runes of the same type, only a maximum of 2 Runes can be selected.","Khi giới hạn trao đổi cùng loại, bạn chỉ có thể chọn tối đa 2 viên đá cùng loại!",같은 종류로 교체할 때 해당 종류의 돌은 최대 2개만 선택할 수 있습니다!,"Ao substituir Runas do mesmo tipo, apenas no máximo 2 Runas podem ser selecionadas.",เมื่อแทนที่รูนประเภทเดียวกัน สามารถเลือกรูนได้สูงสุด 2 อันเท่านั้น
8182,dailyAssistantShowTips1,You've got Rotom to help with your Daily!,洛托姆幫你完成日常！,You've got Rotom to help with your Daily!,Rotom giúp bạn hoàn thành nhiệm vụ hàng ngày!,로토무가 일상적인 일을 도와줍니다!,Você tem o Rotom para ajudar no seu dia a dia!,คุณมี Rotom คอยช่วยงานประจำวันของคุณ!
8183,dailyAssistantShowTips2,Ask for Rotom when you need help in Daily!,有日常可以在洛托姆這處理哦,Ask for Rotom when you need help in Daily!,Bạn có thể xử lý các công việc hàng ngày ở đây với Rotom!,로토무로 일상적인 일들을 처리할 수 있어요!,Peça ajuda ao Rotom quando precisar no Daily!,ขอความช่วยเหลือจาก Rotom เมื่อคุณต้องการความช่วยเหลือทุกวัน!
8184,dailyAssistantShowTips3,"Rotom, ALWAYS there for you!",省時又省力，洛托姆小助手！,"Rotom, ALWAYS there for you!","Tiết kiệm thời gian và công sức, trợ thủ Rotom!",시간과 노력을 절약하는 로토무 도우미!,"Rotom, SEMPRE aqui para você!",โรตอมจะอยู่เคียงข้างคุณเสมอ!
8185,personalAchievements,Personal achievements,個人成就,Personal achievements,Thành tích cá nhân,개인 업적,Conquistas pessoais,ความสำเร็จส่วนบุคคล
8186,specialAchievement,Special achievements,特殊成就,Special achievements,Thành tựu đặc biệt,특별한 업적,Conquistas especiais,ความสำเร็จพิเศษ
8187,gridWalk,Grand Adventure,大冒險,Grand Adventure,Cuộc phiêu lưu vĩ đại,위대한 모험,Grande Aventura,การผจญภัยครั้งยิ่งใหญ่
8188,gridWalkNoDice,There are no dice available currently,當前沒有可用的骰子了哦,There are no dice available currently,Hiện không có xúc xắc nào khả dụng.,사용 가능한 주사위가 없습니다.,Não há dados disponíveis atualmente,ไม่มีลูกเต๋าอยู่ในขณะนี้
8189,gridWalkHistory0,#C0x5B545B#Nothing happened,#C0x5B545B#什麽事也沒有發生,#C0x5B545B#Nothing happened,Chẳng có chuyện gì xảy ra cả.,아무 일도 일어나지 않았습니다.,#C0x5B545B#Nada aconteceu,#C0x5B545B#ไม่มีอะไรเกิดขึ้น
8190,gridWalkHistory1,"#C0x5B545B#go to #C0x32CD32#Lucky Roulette, #C0x5B545B# and gets reward: #C0x32CD32#%s*%s",#C0x5B545B#走到#C0x32CD32#幸運轉盤，#C0x5B545B#轉到獎勵：#C0x32CD32#%s*%s,"#C0x5B545B#go to #C0x32CD32#Lucky Roulette, #C0x5B545B# and gets reward: #C0x32CD32#%s*%s","Đi đến vòng quay may mắn, nhận thưởng: %s*%s","행운의 룰렛으로 가서, 보상을 받으세요: %s*%s","#C0x5B545B#vá para #C0x32CD32#Lucky Roulette, #C0x5B545B# e ganhe a recompensa: #C0x32CD32#%s*%s",#C0x5B545B#ไปที่ #C0x32CD32#Lucky Roulette #C0x5B545B# และรับรางวัล: #C0x32CD32#%s*%s
8191,gridWalkHistory2,"#C0x5B545B#go to #C0x8A2BE2# bad luck card, #C0x5B545B# scratched out: #C0x8A2BE2# deduct %s %s",#C0x5B545B#走到#C0x8A2BE2#厄運卡，#C0x5B545B#刮出：#C0x8A2BE2#扣除%s個%s,"#C0x5B545B#go to #C0x8A2BE2# bad luck card, #C0x5B545B# scratched out: #C0x8A2BE2# deduct %s %s","Đi đến lá bài Định Mệnh, cào để xem: Trừ %s %s",운명 카드로 가서 긁어서 확인하세요: %s개의 %s 차감,"#C0x5B545B#vá para #C0x8A2BE2# carta de azar, #C0x5B545B# riscado: #C0x8A2BE2# deduza %s %s",#C0x5B545B#ไปที่ #C0x8A2BE2# การ์ดโชคร้าย #C0x5B545B# ขีดฆ่าออก: #C0x8A2BE2# ลบ %s %s
8192,gridWalkHistory3,"#C0x5B545B#go to #C0x32CD32#medal+, #C0x5B545B#Explorer Medal#C0x32CD32#+%s",#C0x5B545B#走到#C0x32CD32#勛章+，#C0x5B545B#探險者勛章#C0x32CD32#+%s,"#C0x5B545B#go to #C0x32CD32#medal+, #C0x5B545B#Explorer Medal#C0x32CD32#+%s",Đi đến Huy chương Khám phá + #C0x32CD32# +%s,탐험가 메달 + #C0x32CD32# +%s로 이동,"#C0x5B545B#ir para #C0x32CD32#medalha+, #C0x5B545B#Medalha do Explorador#C0x32CD32#+%s","#C0x5B545B#ไปที่ #C0x32CD32#เหรียญ+, #C0x5B545B#เหรียญนักสำรวจ#C0x32CD32#+%s"
8193,gridWalkHistory4,"#C0x5B545B#go to #C0x8A2BE2# Medal-, #C0x5B545B#Explorer Medal#C0x8A2BE2#-%s",#C0x5B545B#走到#C0x8A2BE2#勛章-，#C0x5B545B#探險者勛章#C0x8A2BE2#-%s,"#C0x5B545B#go to #C0x8A2BE2# Medal-, #C0x5B545B#Explorer Medal#C0x8A2BE2#-%s","Đi đến Huy chương Khám phá, Huy chương Khám phá - %s","탐험가 메달로 이동, 탐험가 메달 - %s","#C0x5B545B#ir para #C0x8A2BE2# Medalha-, #C0x5B545B#Medalha do Explorador#C0x8A2BE2#-%s","#C0x5B545B#ไปที่ #C0x8A2BE2# เหรียญ-, #C0x5B545B#เหรียญนักสำรวจ#C0x8A2BE2#-%s"
8194,gridWalkHistory5,"#C0x5B545B#go to #C0xF76B45#Flying square, #C0x5B545B#Continue to move forward for #C0xF76B45#%s#C0x5B545B#square",#C0x5B545B#走到#C0xF76B45#飛躍格，#C0x5B545B#繼續向前移動#C0xF76B45#%s#C0x5B545B#格,"#C0x5B545B#go to #C0xF76B45#Flying square, #C0x5B545B#Continue to move forward for #C0xF76B45#%s#C0x5B545B#square","Di chuyển đến ô nhảy, sau đó di chuyển về phía trước %s ô",점프 칸으로 이동한 다음 앞으로 %s칸 이동합니다,"#C0x5B545B#vá para #C0xF76B45#quadrado voador, #C0x5B545B#Continue avançando para #C0xF76B45#%s#C0x5B545B#quadrado",#C0x5B545B#ไปที่ #C0xF76B45#ช่องสี่เหลี่ยมบิน #C0x5B545B#เดินหน้าต่อไปสำหรับ #C0xF76B45#%s#C0x5B545B#ช่องสี่เหลี่ยม
8195,gridWalkHistory61,"#C0x5B545B# Approach #C0x32CD32#small shop, #C0x5B545B#and chose the product it like",#C0x5B545B#途徑#C0x32CD32#小店，#C0x5B545B#挑選了心儀的商品,"#C0x5B545B# Approach #C0x32CD32#small shop, #C0x5B545B#and chose the product it like","Đi ngang qua một cửa hàng nhỏ, tôi đã chọn những món hàng mình thích.",작은 가게를 지나가면서 마음에 드는 물건을 골랐습니다.,"#C0x5B545B# Aproxime-se da #C0x32CD32#pequena loja, #C0x5B545B# e escolha o produto que você gosta",#C0x5B545B# เข้าทาง #C0x32CD32#ร้านเล็กๆ #C0x5B545B#และเลือกสินค้าที่ถูกใจ
8196,gridWalkHistory62,"#C0x5B545B# Approach#C0x32CD32#small shop, #C0x5B545B#but no purchase",#C0x5B545B#途徑#C0x32CD32#小店，#C0x5B545B#沒有購買商品,"#C0x5B545B# Approach#C0x32CD32#small shop, #C0x5B545B#but no purchase","#C0x5B545B#Đi ngang qua#C0x32CD32# một cửa hàng nhỏ,#C0x5B545B# không mua gì cả","#C0x5B545B#작은 가게를 지나가다#C0x32CD32#, #C0x5B545B#아무것도 사지 않았습니다","#C0x5B545B# Abordagem#C0x32CD32#pequena loja, #C0x5B545B#mas nenhuma compra",#C0x5B545B# วิธีการ#C0x32CD32# ร้านเล็กๆ #C0x5B545B# แต่ไม่มีการซื้อ
8197,gridWalkHistory7,#C0x5B545B#Use props#C0xF76B45#%s,#C0x5B545B#使用道具#C0xF76B45#%s,#C0x5B545B#Use props#C0xF76B45#%s,#C0x5B545B#Sử dụng vật phẩm#C0xF76B45#%s,#C0x5B545B#도구 사용#C0xF76B45#%s,#C0x5B545B#Use adereços#C0xF76B45#%s,#C0x5B545B#ใช้พร็อพ#C0xF76B45#%s
8198,gridWalkHistory8,"#C0x5B545B# throw #C0xF76B45#%s,#C0x5B545B# and move for  #C0xF76B45#%s#C0x5B545B#square",#C0x5B545B#投擲#C0xF76B45#%s，#C0x5B545B#共移動#C0xF76B45#%s#C0x5B545B#格,"#C0x5B545B# throw #C0xF76B45#%s,#C0x5B545B# and move for  #C0xF76B45#%s#C0x5B545B#square","Tung #C0xF76B45#%s#C0x5B545B#, tổng cộng di chuyển #C0xF76B45#%s#C0x5B545B# ô",#C0xF76B45#%s#C0x5B545B#를 던져 총 #C0xF76B45#%s#C0x5B545B#칸 이동,"#C0x5B545B# jogue #C0xF76B45#%s,#C0x5B545B# e mova para #C0xF76B45#%s#C0x5B545B#quadrado","#C0x5B545B# โยน #C0xF76B45#%s,#C0x5B545B# และเคลื่อนที่เป็น #C0xF76B45#%s#C0x5B545B# ช่องสี่เหลี่ยม"
8199,gridWalkHistory99,#L10##C0xF76B45# Go through the treasure point and get the treasure! ！,#L10##C0xF76B45#途徑寶藏點，獲得寶藏！！,#L10##C0xF76B45# Go through the treasure point and get the treasure! ！,"Đến điểm kho báu, nhận được kho báu!!",보물 지점에 도착하여 보물을 획득했습니다!!,#L10##C0xF76B45# Passe pelo ponto do tesouro e pegue o tesouro! ！,#L10##C0xF76B45# ผ่านจุดสมบัติและรับสมบัติ! ！
8200,hasUsedNow,%S is currently used!,當前已經使用%s了哦！,%S is currently used!,Bạn đã sử dụng %s rồi!,%s를 이미 사용했습니다!,%s está sendo usado atualmente!,%s ถูกใช้อยู่ตอนนี้!
8201,treasureAchievements,Treasure achievements,寶藏成就,Treasure achievements,Thành tựu Kho báu,보물 업적,Conquistas de tesouro,ความสำเร็จอันล้ำค่า
8202,signetInfoIn,"In %s,",在%s中，,"In %s,","Trong %s,",%s에서，,"Em %s,","ใน %s,"
8203,signetInfoBeiDong,passive,被動,passive,Nội tại,패시브,passiva,เฉยๆ
8204,onlineFightExpandServers,Looking for opponents on a larger scale,正在更大範圍尋找對手中,Looking for opponents on a larger scale,Đang tìm kiếm đối thủ trong phạm vi rộng hơn,더 넓은 범위에서 상대를 찾는 중입니다,Procurando oponentes em uma escala maior,กำลังมองหาคู่ต่อสู้ในระดับที่ใหญ่กว่า
8205,dailyTasks,Daily task,每日任務,Daily task,Nhiệm vụ hàng ngày,일일 과제,Tarefa diária,ภารกิจประจำวัน
8206,gridWalkRuleTips,#C0x5B545B# Cumulative number of treasure points rewards: #C0xF76B45#%s,#C0x5B545B#累計獲得寶藏點獎勵的次數：#C0xF76B45#%s,#C0x5B545B# Cumulative number of treasure points rewards: #C0xF76B45#%s,Số lần nhận được phần thưởng điểm kho báu: %s,보물 포인트 보상을 받은 횟수: %s,#C0x5B545B# Número cumulativo de recompensas em pontos de tesouro: #C0xF76B45#%s,#C0x5B545B# จำนวนคะแนนสมบัติสะสมที่ได้รับรางวัล: #C0xF76B45#%s
8207,horseRaceTip,"The %d round has not yet started, and prize-winning guessing time remaining",第%d輪比賽尚未開始，有獎競猜時間剩餘,"The %d round has not yet started, and prize-winning guessing time remaining",Vòng %d chưa bắt đầu. Thời gian còn lại cho phần dự đoán có thưởng:,%d라운드 경기가 아직 시작되지 않았습니다. 경품 퀴즈 남은 시간:,A rodada %s ainda não começou e o tempo restante para adivinhar o prêmio vencedor,รอบ %s ยังไม่เริ่ม และเหลือเวลาทายผลรางวัลอีก
8208,horseRaceStartTip,"The %d round is about to start, countdown",第%d輪比賽即將開始，倒計時,"The %d round is about to start, countdown","Vòng %d sắp bắt đầu, đếm ngược",%d라운드 경기가 곧 시작됩니다. 카운트다운,"A rodada %s está prestes a começar, contagem regressiva",รอบ %s กำลังจะเริ่มต้น นับถอยหลัง
8209,horseRaceOpenTip,"The first round of competition has ended, the second round of the prize-winning guessing will start at %d:00",第1輪比賽已經結束，第2輪比賽的有獎競猜將在%d:00開啟,"The first round of competition has ended, the second round of the prize-winning guessing will start at %d:00",Vòng 1 đã kết thúc. Cuộc thi dự đoán có thưởng vòng 2 sẽ bắt đầu lúc %d:00.,1라운드가 종료되었습니다. 2라운드 경품 퀴즈는 %d:00에 시작됩니다.,"A primeira rodada da competição terminou, a segunda rodada de adivinhação dos vencedores começará em %s:00",การแข่งขันรอบแรกสิ้นสุดลงแล้ว การทายผลรางวัลรอบที่สองจะเริ่มในเวลา %s:00 น.
8210,horseRaceNextOpenTip,"Today’s competition has ended, and the prize-winning guessing for tomorrow’s game will start at %d:00 tomorrow morning!",今日比賽已經結束，明天比賽的有獎競猜將於明天早上%d:00開啟!,"Today’s competition has ended, and the prize-winning guessing for tomorrow’s game will start at %d:00 tomorrow morning!",Cuộc thi hôm nay đã kết thúc. Cuộc thi dự đoán có thưởng cho ngày mai sẽ bắt đầu vào sáng mai lúc %d:00!,오늘 경기는 종료되었습니다. 내일 경기의 유료 추첨은 내일 오전 %d:00에 시작됩니다!,"A competição de hoje terminou, e a disputa pelo prêmio do jogo de amanhã começará às %s:00 amanhã de manhã!",การแข่งขันในวันนี้สิ้นสุดลงแล้ว และการทายผลรางวัลสำหรับเกมของวันพรุ่งนี้จะเริ่มในเวลา %s:00 ของเช้าวันพรุ่งนี้!
8211,horseRaceEndTime,Event remaining time: %s,活動剩餘時間:%s,Event remaining time: %s,Thời gian còn lại: %s,이벤트 남은 시간:%s,Tempo restante do evento: %s,เวลาที่เหลือของกิจกรรม: %s
8212,horseRaceActive,"There are two rounds of competition each day: %d:00 and %d:00 start on time, and a prize-winning guessing can be done before each round! (Note: Guessing cannot be done in the last 3 minutes before the start of the competition)","每天兩輪比賽:%d:00和%d:00準時開賽,每輪比賽前都可進行有獎競猜! (註: 開賽前最後3分鐘內無法進行競猜)","There are two rounds of competition each day: %d:00 and %d:00 start on time, and a prize-winning guessing can be done before each round! (Note: Guessing cannot be done in the last 3 minutes before the start of the competition)",Hai trận đấu mỗi ngày: %d:00 và %d:00.  Dự đoán có thưởng trước mỗi trận đấu! (Lưu ý: Không thể dự đoán trong 3 phút cuối trước khi trận đấu bắt đầu),매일 두 경기: %d:00과 %d:00에 정시 개최. 매 경기 전에 경품 추첨에 참여할 수 있습니다! (참고: 경기 시작 3분 전에는 추첨에 참여할 수 없습니다),"Há duas rodadas de competição a cada dia: %s:00 e %s:00 começam no horário, e um palpite premiado pode ser feito antes de cada rodada! (Observação: o palpite não pode ser feito nos últimos 3 minutos antes do início da competição)",การแข่งขันมี 2 รอบต่อวัน: %s:00 และ %s:00 เริ่มตรงเวลา และมีการทายผลรางวัลก่อนแต่ละรอบ! (หมายเหตุ: ไม่สามารถทายผลใน 3 นาทีสุดท้ายก่อนการแข่งขันเริ่มต้นได้)
8213,horseRacePerson,#Pfont/youmi1.ttf#The whole server already has #Pfont/youmi1.ttf##C0x42ED4E#%d#Pfont/youmi1.ttf##C0xFFFFFF# people place a bet,#Pfont/youmi1.ttf#全服已有#Pfont/youmi1.ttf##C0x42ED4E#%d#Pfont/youmi1.ttf##C0xFFFFFF#人下註,#Pfont/youmi1.ttf#The whole server already has #Pfont/youmi1.ttf##C0x42ED4E#%d#Pfont/youmi1.ttf##C0xFFFFFF# people place a bet,#Pfont/youmi1.ttf#Đã có #Pfont/youmi1.ttf##C0x42ED4E%d#Pfont/youmi1.ttf##C0xFFFFFF người đặt cược trên toàn máy chủ,#Pfont/youmi1.ttf#전 서버에 #Pfont/youmi1.ttf##C0x42ED4E%d#Pfont/youmi1.ttf##C0xFFFFFF명이 베팅했습니다,#Pfont/youmi1.ttf#O servidor inteiro já tem #Pfont/youmi1.ttf##C0x42ED4E#%s#Pfont/youmi1.ttf##C0xFFFFFF# pessoas fazem uma aposta,#Pfont/youmi1.ttf#ทั้งเซิฟเวอร์มี #Pfont/youmi1.ttf##C0x42ED4E#%s#Pfont/youmi1.ttf##C0xFFFFFF# แล้ว คนวางเดิมพันกัน
8214,horseRaceBetClose,", has closed the prize guessing",",已關閉有獎競猜",", has closed the prize guessing",Sự kiện dự đoán có thưởng đã kết thúc,경품 퀴즈 종료,", fechou a adivinhação do prêmio",ได้ปิดการทายผลรางวัลแล้ว
8215,horseRaceAlreadyBet,You have already guessed,你已經競猜過了,You have already guessed,Bạn đã đoán rồi.,이미 추측하셨습니다.,Você já adivinhou,คุณคงเดาได้แล้ว
8216,horseRaceHasBet,"#Pfont/youmi1.ttf##C0x5B545B#Congratulations on your guess  #Pfont/youmi1.ttf##C0xF9861C#%s#Pfont/youmi1.ttf##C0x5B545B# After hard work, won the #Pfont/youmi1.ttf ##C0xF9861C#%d#Pfont/youmi1.ttf##C0x5B545B# prize!",#Pfont/youmi1.ttf##C0x5B545B#恭喜你競猜的#Pfont/youmi1.ttf##C0xF9861C#%s#Pfont/youmi1.ttf##C0x5B545B#經過努力，獲得了比賽的第#Pfont/youmi1.ttf##C0xF9861C#%d#Pfont/youmi1.ttf##C0x5B545B#名!,"#Pfont/youmi1.ttf##C0x5B545B#Congratulations on your guess  #Pfont/youmi1.ttf##C0xF9861C#%s#Pfont/youmi1.ttf##C0x5B545B# After hard work, won the #Pfont/youmi1.ttf ##C0xF9861C#%d#Pfont/youmi1.ttf##C0x5B545B# prize!","Chúc mừng! Dự đoán %s của bạn, nhờ nỗ lực, đã giúp bạn đạt được vị trí thứ %d trong cuộc thi!",축하합니다! %s에 대한 당신의 예상이 노력을 통해 경쟁에서 %d위를 차지했습니다!,"#Pfont/youmi1.ttf##C0x5B545B#Parabéns pelo seu palpite #Pfont/youmi1.ttf##C0xF9861C#%s#Pfont/youmi1.ttf##C0x5B545B# Depois de muito trabalho, ganhei o prêmio #Pfont/youmi1.ttf ##C0xF9861C#%s#Pfont/youmi1.ttf##C0x5B545B#!",#Pfont/youmi1.ttf##C0x5B545B#ขอแสดงความยินดีกับการเดาของคุณ #Pfont/youmi1.ttf##C0xF9861C#%s#Pfont/youmi1.ttf##C0x5B545B# หลังจากทำงานหนัก ก็คว้ารางวัล #Pfont/youmi1.ttf ##C0xF9861C#%s#Pfont/youmi1.ttf##C0x5B545B# มาได้!
8217,horseRaceNotBet,"#Pfont/youmi1.ttf##C0x5B545B#Congratulations #Pfont/youmi1.ttf##C0xF9861C#%s#Pfont/youmi1.ttf##C0x5B545B# After hard work, won the #Pfont/youmi1.ttf##C0xF9861C#1 #Pfont/youmi1.ttf##C0x5B545B# prize!",#Pfont/youmi1.ttf##C0x5B545B#恭喜#Pfont/youmi1.ttf##C0xF9861C#%s#Pfont/youmi1.ttf##C0x5B545B#經過努力，獲得了第#Pfont/youmi1.ttf##C0xF9861C#1#Pfont/youmi1.ttf##C0x5B545B#名!,"#Pfont/youmi1.ttf##C0x5B545B#Congratulations #Pfont/youmi1.ttf##C0xF9861C#%s#Pfont/youmi1.ttf##C0x5B545B# After hard work, won the #Pfont/youmi1.ttf##C0xF9861C#1 #Pfont/youmi1.ttf##C0x5B545B# prize!",Chúc mừng %s đã đạt được vị trí thứ 1 sau những nỗ lực!,열심히 노력한 결과 %s님이 1등을 차지했습니다! 축하합니다!,"#Pfont/youmi1.ttf##C0x5B545B#Parabéns #Pfont/youmi1.ttf##C0xF9861C#%s#Pfont/youmi1.ttf##C0x5B545B# Depois de muito trabalho, ganhei o prêmio #Pfont/youmi1.ttf##C0xF9861C#1 #Pfont/youmi1.ttf##C0x5B545B#!",#Pfont/youmi1.ttf##C0x5B545B#ยินดีด้วย #Pfont/youmi1.ttf##C0xF9861C#%s#Pfont/youmi1.ttf##C0x5B545B# หลังจากทำงานหนัก ก็สามารถคว้ารางวัล #Pfont/youmi1.ttf##C0xF9861C#1 #Pfont/youmi1.ttf##C0x5B545B# มาได้!
8218,horseRace,Pokémon racing season,精靈賽跑季,Pokémon racing season,Mùa giải chạy Pokémon,포켓몬 스프린트 시즌,Temporada de corrida Pokémon,ฤดูกาลแข่งขันโปเกมอน
8219,horseRaceID,No. %d %s,%d號 %s,No. %d %s,Số %d %s,%d번 %s,Não. %s %s,ไม่ %s %s
8220,horseRaceSpeed,Speed: %d,速度: %d,Speed: %d,Tốc độ: %d,속도: %d,Velocidade: %s,ความเร็ว: %s
8221,horseRaceStamina,Stamina: %d,體力: %d,Stamina: %d,HP: %d,체력: %d,Resistência: %s,ความแข็งแกร่ง: %s
8222,horseRaceSprintTime,Sprint time: %.1fs,沖刺時間: %.1fs,Sprint time: %.1fs,Thời gian lao: %.1fs,대시 시간: %.1fs,Tempo de sprint: %s1fs,เวลาสปรินต์: %s1fs
8223,horseRaceSprint,Sprint probability: %d%%,沖刺概率: %d%%,Sprint probability: %d%%,Xác suất lao đến: %d%,돌진 확률: %d%,Probabilidade de sprint: %s%s,ความน่าจะเป็นในการวิ่ง: %s%s
8224,gridWalkShopTips,Are you sure to leave without buying anything? (It will only open once each time you encounter a small shop),確定什麽都不買就離開嘛？（每遇到小店只會打開一次哦）,Are you sure to leave without buying anything? (It will only open once each time you encounter a small shop),Bạn chắc chắn không mua gì và rời đi chứ? (Mỗi cửa hàng nhỏ chỉ mở một lần thôi.),아무것도 사지 않고 떠나시겠습니까? (각각의 작은 가게는 한 번만 열립니다.),Tem certeza de que vai sair sem comprar nada? (Ele só abrirá uma vez cada vez que você encontrar uma pequena loja),แน่ใจแล้วเหรอว่าจะออกไปโดยไม่ซื้ออะไรเลย? (จะเปิดครั้งเดียวเท่านั้นทุกครั้งที่เจอร้านเล็กๆ)
8225,anniversary,Anniversary,周年慶,Anniversary,Kỷ niệm,기념일,Aniversário,วันครบรอบปี
8226,horseRaceRecordDay,Day %s,第 %s 日,Day %s,Ngày %s,%s일차,Dia %s,วัน %s
8227,horseRaceRecordTurn,Round %s,第 %s 輪,Round %s,Vòng %s,%s 라운드,Rodada %s,รอบ %s
8228,horseRaceRecordRank,%S prize,第 %s 名,%S prize,Hạng %s,%s위,prêmio %s,รางวัล %s
8229,braveChallengeFirstBox,Obtained after the first clearance,首次通關後獲得,Obtained after the first clearance,Nhận được sau khi chơi xong lần đầu,첫 플레이 후 획득,Obtido após a primeira autorização,ได้รับหลังจากการอนุมัติครั้งแรก
8230,braveChallengeRareBadge,Rare Medal,稀有勛章,Rare Medal,Huy chương hiếm,희귀 메달,Medalha Rara,เหรียญหายาก
8231,braveChallengeNormalBadge,Ordinary Medal,普通勛章,Ordinary Medal,Huy chương Bình thường,일반 메달,Medalha Ordinária,เหรียญธรรมดา
8232,braveChallenge,Brave Challenge,勇者挑戰,Brave Challenge,Thử thách của anh hùng,영웅의 도전,Desafio Corajoso,ความท้าทายที่กล้าหาญ
8233,horseRaceDoNotBet,Cannot bet on the current time,當前時間不可競猜下註,Cannot bet on the current time,Hiện không thể đặt cược.,현재 베팅할 수 없습니다.,Não é possível apostar na hora atual,ไม่สามารถเดิมพันในเวลาปัจจุบันได้
8234,horseRaceNoBet,Unable to bet,不可下註,Unable to bet,Không được đặt cược,베팅 불가,Não é possível apostar,ไม่สามารถวางเดิมพันได้
8235,braveChallengeGameTimes,Today's attempt:,今日次數：,Today's attempt:,Số lần hôm nay:,오늘 횟수:,Tentativa de hoje:,ความพยายามในวันนี้:
8236,horseRaceOver,Event is over,感謝參與,Event is over,Sự kiện đã kết thúc.,이벤트가 종료되었습니다.,O evento acabou,งานจบลงแล้ว
8237,horseRaceNoMatch,There is no show information currently,當前沒有場次信息,There is no show information currently,Không có thông tin trận đấu.,매치 정보가 없습니다.,Não há informações sobre o show no momento,ยังไม่มีข้อมูลการแสดงในขณะนี้
8238,activityTime,Event time:,活動時間:,Event time:,Thời gian sự kiện:,이벤트 시간:,Horário do evento:,เวลากิจกรรม:
8239,round,round,回合,round,Hợp,턴,redondo,กลม
8240,couponShop,Voucher Shop,禮券商店,Voucher Shop,Cửa hàng phiếu quà tặng,바우처 상점,Loja de vouchers,ร้านวอเชอร์
8241,bcSelectCardTip02,Selection quantity is full,選擇數量已滿,Selection quantity is full,Đã đạt giới hạn lựa chọn,선택 제한에 도달했습니다,A quantidade de seleção está cheia,จำนวนที่เลือกเต็มแล้ว
8242,bcGateTip01,#C0x5B545B##Pfont/youmi1.ttf# Effect description: #C0x5B545B#%s,#C0x5B545B##Pfont/youmi1.ttf#效果說明:#C0x5B545B#%s,#C0x5B545B##Pfont/youmi1.ttf# Effect description: #C0x5B545B#%s,#C0x5B545B##Pfont/youmi1.ttf#Mô tả hiệu ứng:#C0x5B545B#%s,#C0x5B545B##Pfont/youmi1.ttf#효과 설명:#C0x5B545B#%s,#C0x5B545B##Pfont/youmi1.ttf# Descrição do efeito: #C0x5B545B#%s,#C0x5B545B##Pfont/youmi1.ttf# คำอธิบายผล: #C0x5B545B#%s
8243,bcGateTip02,"After conceding defeat, the process of this round of battle will be cleared. Do you want to continue?",認輸後本輪戰鬥的進程將會被清空 是否還要繼續？,"After conceding defeat, the process of this round of battle will be cleared. Do you want to continue?",Đầu hàng sẽ xóa tiến trình trận đấu này. Bạn có muốn tiếp tục không?,항복하면 이번 전투의 진행 상황이 초기화됩니다. 계속하시겠습니까?,"Após admitir a derrota, o processo desta rodada de batalha será encerrado. Você quer continuar?",หลังจากยอมแพ้แล้ว กระบวนการของการต่อสู้รอบนี้จะเสร็จสิ้น คุณต้องการดำเนินการต่อหรือไม่?
8244,bcActivityTime,Event remaining time: %s,活動剩餘時間:  %s,Event remaining time: %s,Thời gian còn lại: %s,이벤트 남은 시간:%s,Tempo restante do evento: %s,เวลาที่เหลือของกิจกรรม: %s
8245,bcSelectCardTip,"The number of Pokémons is insufficient, please continue to choose",精靈的數量不足，請繼續選擇,"The number of Pokémons is insufficient, please continue to choose",Số lượng Pokémon không đủ. Vui lòng tiếp tục lựa chọn.,포켓몬 수가 부족합니다. 계속 선택해주세요.,"O número de Pokémons é insuficiente, continue escolhendo",จำนวนโปเกมอนไม่เพียงพอ กรุณาเลือกต่อไป
8246,braveChallengeBadgeTip,"Most of the medals are only valid for this round of battle. After this round of battle is over, all the medals obtained in this round will be disappear.",絕大多數的勛章僅對本輪戰鬥有效，本輪戰鬥結束後，在本輪中獲得的勛章將會全部消失,"Most of the medals are only valid for this round of battle. After this round of battle is over, all the medals obtained in this round will be disappear.","Hầu hết các huy chương chỉ có hiệu lực trong trận chiến hiện tại. Sau khi trận chiến hiện tại kết thúc, tất cả các huy chương nhận được trong trận đó sẽ biến mất.","대부분의 메달은 현재 전투에서만 유효합니다. 현재 전투가 끝난 후, 그 전투에서 획득한 모든 메달은 사라집니다.","A maioria das medalhas são válidas somente para esta rodada de batalha. Após esta rodada de batalha terminar, todas as medalhas obtidas nesta rodada desaparecerão.",เหรียญรางวัลส่วนใหญ่จะใช้ได้เฉพาะในรอบการต่อสู้นี้เท่านั้น เมื่อรอบการต่อสู้นี้สิ้นสุดลง เหรียญรางวัลทั้งหมดที่ได้รับในรอบนี้จะหายไป
8247,bcGateTip03,First,首次,First,Lần đầu tiên,처음으로,Primeiro,อันดับแรก
8248,bcGateTip04,Obtained,已獲得,Obtained,Đã nhận được,획득했습니다,Obtido,ได้รับแล้ว
8249,bcTitle,Select Pokémon,精靈選擇,Select Pokémon,Lựa chọn Pokémon,포켓몬 선택,Selecione Pokémon,เลือกโปเกมอน
8250,gridWalkSteerTips,"After use, the direction of movement can be reversed (treasure chest is away from %s suqare after reversed)",使用後可反轉移動方向（反轉後距寶箱%s格）,"After use, the direction of movement can be reversed (treasure chest is away from %s suqare after reversed)",Sử dụng để đảo ngược hướng di chuyển (khoảng cách từ rương kho báu sau khi đảo ngược: %s ô),사용하면 이동 방향을 반전시킵니다 (반전 후 보물 상자와의 거리: %s칸),"Após o uso, a direção do movimento pode ser revertida (o baú do tesouro fica longe de %s suqare após a reversão)",หลังการใช้งาน สามารถพลิกทิศทางการเคลื่อนที่ได้ (หีบสมบัติจะอยู่ห่างจากเป้าหมาย %s หลังจากพลิกทิศทางแล้ว)
8251,playPasswordBuyVipTips,Only %s days left until the end of the current pass. Do you want to continue to purchase the master pass?,距離本期通行證結束只剩下%s天，是否繼續購買豪華版通行證？,Only %s days left until the end of the current pass. Do you want to continue to purchase the master pass?,Còn %s ngày nữa là Battle Pass hiện tại hết hạn. Bạn có muốn tiếp tục mua Battle Pass cao cấp không?,이번 배틀 패스가 종료될 때까지 %s일 남았습니다. 디럭스 패스를 계속 구매하시겠습니까?,Restam apenas %s dias até o fim do passe atual. Você quer continuar comprando o passe master?,เหลือเวลาอีกเพียง %s วันเท่านั้นก่อนที่บัตรผ่านปัจจุบันจะสิ้นสุด คุณต้องการซื้อบัตรผ่านหลักต่อไปหรือไม่
8252,SigninPasswordBuyVipTips,Only %s days left of the luxury login event. Are you sure to purchase the luxury version rewards?,豪華登錄活動只剩下最後%s天，是否確認購買豪華版獎勵？,Only %s days left of the luxury login event. Are you sure to purchase the luxury version rewards?,Sự kiện đăng nhập sang trọng chỉ còn lại %s ngày nữa. Xác nhận mua phần thưởng phiên bản deluxe?,럭셔리 로그인 이벤트가 %s일 남았습니다. 디럭스 에디션 보상 구매를 확인하시겠습니까?,Restam apenas %s dias do evento de login de luxo. Tem certeza de que deseja comprar as recompensas da versão de luxo?,เหลือเวลาอีกเพียง %s วันเท่านั้นสำหรับกิจกรรมล็อกอินระดับหรูหรา คุณแน่ใจหรือไม่ว่าจะซื้อรางวัลระดับหรูหรา?
8253,bcSelectCardTip03,"Choose the same Pokémon for %d consecutive rounds to start, can get an additional medal",連續%d局選擇相同的精靈開局，可額外獲得一個勛章,"Choose the same Pokémon for %d consecutive rounds to start, can get an additional medal",Chọn cùng một Pokémon để bắt đầu trong %d trận liên tiếp sẽ nhận được một huy chương bổ sung.,%d회 연속으로 같은 포켓몬을 선택하여 시작하면 추가 메달을 획득할 수 있습니다.,"Escolha o mesmo Pokémon por %s rodadas consecutivas para começar, pode ganhar uma medalha adicional",เลือกโปเกมอนตัวเดียวกันเป็นเวลา %s รอบติดต่อกันเพื่อเริ่มต้น สามารถรับเหรียญเพิ่มเติมได้
8254,bcGateTip05,Please keep up,請再接再厲,Please keep up,Cố gắng lên!,더욱 분발하십시오!,"Por favor, continue",โปรดติดตามต่อไป
8255,canOpen,Can be opened,可開啟,Can be opened,Bật,개방 가능,Pode ser aberto,สามารถเปิดได้
8256,horseRaceBetTips,#C0x5B545B# is about to consume %d#Icommon/icon/icon_diamond.png-56-56# diamonds for guessing. Each round can only bet one Pokémon. Do you want to continue?,#C0x5B545B#即將消耗%d#Icommon/icon/icon_diamond.png-56-56#鉆石進行競猜，每輪比賽只能競猜下註一隻精靈，是否繼續？,#C0x5B545B# is about to consume %d#Icommon/icon/icon_diamond.png-56-56# diamonds for guessing. Each round can only bet one Pokémon. Do you want to continue?,Sắp sử dụng %d #Icommon/icon/icon_diamond.png-56-56# Kim cương để đặt cược. Mỗi vòng chỉ được đặt cược cho một Pokémon. Tiếp tục?,%d개의 #Icommon/icon/icon_diamond.png-56-56# 다이아몬드를 사용하여 베팅할 예정입니다. 라운드당 한 마리의 포켓몬에만 베팅할 수 있습니다. 계속하시겠습니까?,#C0x5B545B# está prestes a consumir %s#Icommon/icon/icon_diamond.png-56-56# diamantes para adivinhar. Cada rodada só pode apostar um Pokémon. Você quer continuar?,#C0x5B545B# กำลังจะใช้เพชร %s#Icommon/icon/icon_diamond.png-56-56# สำหรับการเดา แต่ละรอบสามารถเดิมพันโปเกมอนได้เพียงตัวเดียว คุณต้องการดำเนินการต่อหรือไม่
8257,horseRacePoint,Current accumulated points: %d,目前累計積分: %d,Current accumulated points: %d,Tổng điểm tích lũy hiện tại: %d,현재 누적 점수: %d,Pontos acumulados atuais: %s,คะแนนสะสมปัจจุบัน: %s
8258,allTeamActiveText,(Team Wide):,(全隊生效),(Team Wide):,(Hiệu ứng toàn đội),(전체 적용),(Toda a equipe):,(ทั้งทีม):
8259,feelOneKeyText,Currently only consuming general materials,當前只消耗屬性通用材料,Currently only consuming general materials,Hiện tại chỉ tiêu hao nguyên liệu thuộc tính chung,현재 타입 통용 재료만 소모,Atualmente consumindo apenas materiais gerais,ปัจจุบันใช้แต่ของทั่วไปเท่านั้น
8260,feelOneKeyTitleText,The quick upgrade will consume the checked favorability materials:,快速升級將消耗勾選的好感度材料：,The quick upgrade will consume the checked favorability materials:,Nâng cấp nhanh sẽ tiêu hao nguyên liệu tình cảm đã chọn:,빠른 레벨업 시 선택한 호감도 재료 소모:,A atualização rápida consumirá os materiais de favorabilidade verificados:,การอัพเกรดอย่างรวดเร็วจะใช้เนื้อหาที่ได้รับการตรวจสอบความชื่นชอบแล้ว:
8261,preventFraudChatTips,"Dear trainer, please don't believe in any advertising information such as recharge discounts on World Channels, and be wary of the behavior of buying accounts in private chats. These are all online scams! If you encounter any suspicious information, please feel free to contact customer service for feedback, wish you enjoy our game!",尊敬的訓練家，請不要相信任何世界頻道充值折扣等廣告資訊，警惕小號私聊購買賬號的行為，這些都是網絡詐騙！如遇到任何可疑資訊請隨時與客服聯系反饋，祝您遊戲愉快！,"Dear trainer, please don't believe in any advertising information such as recharge discounts on World Channels, and be wary of the behavior of buying accounts in private chats. These are all online scams! If you encounter any suspicious information, please feel free to contact customer service for feedback, wish you enjoy our game!","Huấn luyện viên kính mến, vui lòng đừng tin bất kỳ quảng cáo nào trên kênh thế giới về giảm giá nạp tiền, v.v. Hãy cảnh giác với hành vi nhắn tin riêng tư của các tài khoản nhỏ để mua tài khoản, đây đều là lừa đảo trực tuyến! Nếu gặp bất kỳ thông tin đáng ngờ nào, vui lòng liên hệ với bộ phận chăm sóc khách hàng để phản hồi bất cứ lúc nào. Chúc bạn chơi game vui vẻ!","존경하는 트레이너님, 세계 채널의 충전 할인 등 광고 정보를 절대 믿지 마십시오. 작은 계정이 개인적으로 계정 구매를 제안하는 행위에 주의하십시오. 이러한 행위는 모두 온라인 사기입니다! 의심스러운 정보가 있으면 언제든지 고객센터에 문의하여 피드백을 제공하십시오. 즐거운 게임 되세요!","Caro treinador, por favor, não acredite em nenhuma informação publicitária, como descontos de recarga em Canais Mundiais, e tenha cuidado com o comportamento de comprar contas em chats privados. Tudo isso são golpes online! Se você encontrar alguma informação suspeita, sinta-se à vontade para entrar em contato com o atendimento ao cliente para obter feedback, esperamos que você aproveite nosso jogo!",เรียนผู้ฝึกสอนทุกท่าน โปรดอย่าเชื่อข้อมูลโฆษณาใดๆ เช่น ส่วนลดการเติมเงินใน World Channels และระวังพฤติกรรมการซื้อบัญชีในแชทส่วนตัว สิ่งเหล่านี้ล้วนเป็นการหลอกลวงทางออนไลน์! หากคุณพบข้อมูลที่น่าสงสัย โปรดติดต่อฝ่ายบริการลูกค้าเพื่อขอคำติชม ขอให้คุณสนุกกับเกมของเรา!
8262,preventFraudPosterTitle,#Pfont/youmi1.ttf#Be vigilant and beware of account fraud,"#Pfont/youmi1.ttf#提高警惕,謹防賬號詐騙",#Pfont/youmi1.ttf#Be vigilant and beware of account fraud,"#Pfont/youmi1.ttf#Cảnh giác cao độ, phòng tránh lừa đảo tài khoản",#Pfont/youmi1.ttf#주의하십시오. 계정 사기로부터 조심하세요.,#Pfont/youmi1.ttf#Fique atento e tome cuidado com fraudes de conta,#Pfont/youmi1.ttf#โปรดระวังการฉ้อโกงบัญชี
8263,preventFraudPosterDes1,"#Pfont/youmi1.ttf#Usage:\n#Pfont/youmi.ttf#PM you and want to buy our account, but without using the formal platform! \nPrice is falsely high, with the intent to lure a deal! \nTrading cash withdrawal, but also cheating fees!",#Pfont/youmi1.ttf#慣用手法：\n#Pfont/youmi.ttf#私聊買號，不走正規平臺！\n出價虛高，意圖引誘交易！\n交易提現，還要騙手續費！,"#Pfont/youmi1.ttf#Usage:\n#Pfont/youmi.ttf#PM you and want to buy our account, but without using the formal platform! \nPrice is falsely high, with the intent to lure a deal! \nTrading cash withdrawal, but also cheating fees!","#Pfont/youmi1.ttf#Chiến thuật thường dùng:\n#Pfont/youmi.ttf#Mua tài khoản qua tin nhắn riêng, không thông qua nền tảng chính thức!\nĐặt giá cao hơn thực tế để dụ người mua giao dịch!\nLừa thêm phí trong quá trình rút tiền!",#Pfont/youmi1.ttf#일반적인 수법:\n#Pfont/youmi.ttf#정식 플랫폼을 거치지 않고 개인적으로 계정을 구매합니다!\n가격을 부풀려 거래를 유도합니다!\n출금 시 수수료를 추가로 요구합니다!,"#Pfont/youmi1.ttf#Uso:n#Pfont/youmi.ttf#Mande uma mensagem privada para você e queira comprar nossa conta, mas sem usar a plataforma formal! nO preço está falsamente alto, com a intenção de atrair um acordo! nSaque de dinheiro de negociação, mas também taxas de trapaça!",#Pfont/youmi1.ttf#การใช้งาน:n#Pfont/youmi.ttf#ส่งข้อความส่วนตัวถึงคุณและต้องการซื้อบัญชีของเรา แต่ไม่ต้องการใช้แพลตฟอร์มอย่างเป็นทางการ! nราคาสูงเกินจริง โดยมีจุดประสงค์เพื่อล่อให้ตกลงซื้อขาย! nการถอนเงินสดจากการซื้อขาย รวมถึงค่าธรรมเนียมการโกง!
8264,preventFraudPosterDes2,#Pfont/youmi1.ttf#Friendly reminder:\n#Pfont/youmi.ttf#Don’t share accounts! \nDon't share order screenshots! \nDon't unbind you phone easily! \nPlease go to the formal platform for trading!,#Pfont/youmi1.ttf#友情提示：\n#Pfont/youmi.ttf#不要隨意共用賬號！\n不要共用訂單截圖！\n不要隨意解綁手機！\n交易請走正規平臺！,#Pfont/youmi1.ttf#Friendly reminder:\n#Pfont/youmi.ttf#Don’t share accounts! \nDon't share order screenshots! \nDon't unbind you phone easily! \nPlease go to the formal platform for trading!,#Pfont/youmi1.ttf#LỜI NHẮC NHỞ:\n#Pfont/youmi.ttf#Đừng chia sẻ tài khoản của bạn một cách tùy tiện!\nĐừng chia sẻ ảnh chụp màn hình đơn hàng!\nĐừng tự ý hủy liên kết điện thoại!\nVui lòng sử dụng các nền tảng chính thức để giao dịch!,#Pfont/youmi1.ttf#친절한 알림:\n#Pfont/youmi.ttf#계정을 함부로 공유하지 마세요!\n주문 스크린샷을 공유하지 마세요!\n휴대폰을 함부로 해제하지 마세요!\n거래는 정식 플랫폼을 이용하세요!,#Pfont/youmi1.ttf#Lembrete amigável:n#Pfont/youmi.ttf#Não compartilhe contas! nNão compartilhe capturas de tela de pedidos! nNão desvincule seu telefone facilmente! nVá para a plataforma formal para negociação!,#Pfont/youmi1.ttf#คำเตือนที่เป็นมิตร:n#Pfont/youmi.ttf#อย่าแชร์บัญชี! nอย่าแชร์ภาพหน้าจอคำสั่งซื้อ! nอย่าปลดการเชื่อมต่อโทรศัพท์ของคุณอย่างง่ายดาย! nโปรดไปที่แพลตฟอร์มอย่างเป็นทางการสำหรับการซื้อขาย!
8265,passAwardsAlreadyToplimit,The clearance reward has reached limit,通關獎勵已達到上限,The clearance reward has reached limit,Đã đạt đến giới hạn phần thưởng khi hoàn thành trò chơi.,게임 클리어 보상 상한선에 도달했습니다.,A recompensa de liquidação atingiu o limite,รางวัลการเคลียร์ถึงขีดจำกัดแล้ว
8266,quickText,fast,快速,fast,Nhanh,쾌속,rápido,เร็ว
8267,exclusiveRestrictionTip,"We have customized an exclusive gift pack for you, please buy it at will!",我們為您獨家定製了專屬禮包，請您隨心購買！,"We have customized an exclusive gift pack for you, please buy it at will!",Chúng tôi đã tạo ra một gói quà tặng độc quyền dành riêng cho bạn! Hãy tự do mua nhé.,당신을 위해 특별히 제작한 독점 선물 패키지입니다! 마음껏 구매하세요!,"Nós personalizamos um pacote de presente exclusivo para você, compre quando quiser!",เราได้ปรับแต่งแพ็คของขวัญพิเศษเฉพาะสำหรับคุณ โปรดซื้อได้ตามต้องการ!
8268,exclusiveRestrictionClose,End countdown:,結束倒計時：,End countdown:,Đếm ngược kết thúc:,카운트다운 종료:,Fim da contagem regressiva:,สิ้นสุดการนับถอยหลัง:
8269,exclusiveRestrictionBuyTime,Limited purchase %s times,限購%s次,Limited purchase %s times,Giới hạn mua %s lần,%s회 구매 제한,Compra limitada %s vezes,ซื้อจำกัด %s ครั้ง
8270,advanceMaterial,Breakthrough,突破材料,Breakthrough,Nguyên liệu tiến hóa,돌파 재료,Avanço,ความก้าวหน้า
8271,experienceMaterial,EXP,經驗材料,EXP,Nguyên liệu kinh nghiệm,경험 재료,EXP,ประสบการณ์
8272,accessoriesDrawing,Blueprint,飾品圖紙,Blueprint,Bản vẽ phụ kiện,액세서리 설계도,Projeto,พิมพ์เขียว
8273,giftRluer,Gift pack rules,禮包規則,Gift pack rules,Quy tắc gói quà,선물 상자 규칙,Regras do pacote de presentes,กฎการแพ็คของขวัญ
8274,exclusiveIconTime,Remaining,剩餘,Remaining,Còn lại,남은,Restante,ที่เหลืออยู่
8275,passportRmbCheck,#C0x5b545b#Do you confirm to consume %d#Icommon/icon/icon_diamond.png-56-56# for purchase?,#C0x5b545b#是否消耗%d#Icommon/icon/icon_diamond.png-56-56#進行購買？,#C0x5b545b#Do you confirm to consume %d#Icommon/icon/icon_diamond.png-56-56# for purchase?,Có sử dụng %d #Icommon/icon/icon_diamond.png-56-56# để mua không?,%d개의 #Icommon/icon/icon_diamond.png-56-56#을 사용하여 구매하시겠습니까?,#C0x5b545b#Você confirma o consumo de %s#Icommon/icon/icon_diamond.png-56-56# para compra?,#C0x5b545b#คุณยืนยันที่จะใช้ %s#Icommon/icon/icon_diamond.png-56-56# เพื่อการซื้อหรือไม่
8276,zawake,Z Move,z覺醒,Z Move,Z Move,Z 기술,Z Move,Z Move
8277,zawakeCardChangeTips,#C0x5B545B#Each %s#C0x5B545B# can be redeemed to #C0x60C456#%s#C0x5B545B#Z Move Shard,#C0x5B545B#每個%s#C0x5B545B#可兌換#C0x60C456#%s#C0x5B545B#z覺醒碎片,#C0x5B545B#Each %s#C0x5B545B# can be redeemed to #C0x60C456#%s#C0x5B545B#Z Move Shard,#C0x5B545B#Mỗi %s#C0x5B545B#có thể đổi lấy#C0x60C456#%s#C0x5B545B#mảnh Z-Move,#C0x5B545B#각 %s#C0x5B545B#당 #C0x60C456#%s#C0x5B545B#개의 Z-Move 조각으로 교환 가능합니다,#C0x5B545B#Cada %s#C0x5B545B# pode ser resgatado para #C0x60C456#%s#C0x5B545B#Z Fragmento do Despertar,#C0x5B545B#แต่ละ %s#C0x5B545B# สามารถแลกเป็น #C0x60C456#%s#C0x5B545B#Z Move Shard ได้
8278,zawakeFragChangeTips,#C0x5B545B#Each #C0x60C456#%s#C0x5B545B# shards can be exchanged to  #C0x60C456#1#C0x5B545B#Z Move Shard,#C0x5B545B#每#C0x60C456#%s#C0x5B545B#個碎片可兌換#C0x60C456#1#C0x5B545B#z覺醒碎片,#C0x5B545B#Each #C0x60C456#%s#C0x5B545B# shards can be exchanged to  #C0x60C456#1#C0x5B545B#Z Move Shard,Mỗi mảnh ghép %s có thể đổi lấy 1 mảnh ghép Z-Move.,%s 조각 하나당 Z기술 조각 하나로 교환 가능합니다.,#C0x5B545B#Cada #C0x60C456#%s#C0x5B545B# fragmento pode ser trocado por #C0x60C456#1#C0x5B545B#Z Fragmento do Despertar,#C0x5B545B#ชิ้นส่วน #C0x60C456#%s#C0x5B545B# แต่ละชิ้นสามารถแลกเปลี่ยนเป็นชิ้นส่วนการปลุกพลัง #C0x60C456#1#C0x5B545B#Z ได้
8279,allElves,All Pokémon,所有精靈,All Pokémon,Tất cả Pokémon,모든 포켓몬,Todos os Pokémon,โปเกม่อนทั้งหมด
8280,zawakeForceLevelTitle,Awakening power level description,覺醒之力等級說明,Awakening power level description,Giải thích cấp độ sức mạnh thức tỉnh,각성 파워 레벨 설명,Descrição do nível de poder do despertar,คำอธิบายระดับพลังการปลุก
8281,series,%s series,%s系列,%s series,Loạt %s,%s 시리즈,série %s,ซีรี่ส์ %s
8282,zawakeAttrGoodFeel,#C0x5B545B# Intimacy reached %s,#C0x5B545B#好感度達到 %s,#C0x5B545B# Intimacy reached %s,#C0x5B545B#Độ thân thiết đạt %s,#C0x5B545B#호감도 달성 %s,#C0x5B545B# Intimidade alcançada %s,#C0x5B545B# ความใกล้ชิดถึง %s
8283,zawakeAttrEquipStarSum,#C0x5B545B#The total star of trinkets reaches %s,#C0x5B545B#飾品總星級達到 %s,#C0x5B545B#The total star of trinkets reaches %s,#C0x5B545B#Tổng số sao trang bị đạt %s,#C0x5B545B#장신구 총 별 등급 달성 %s,#C0x5B545B#O total de estrelas de bugigangas atinge %s,#C0x5B545B#จำนวนดาวทั้งหมดของเครื่องประดับถึง %s
8284,zawakeAttrEquipAwakeSum,#C0x5B545B# Trinkets total awakening reached %s,#C0x5B545B#飾品總覺醒度達到 %s,#C0x5B545B# Trinkets total awakening reached %s,#C0x5B545B#Tổng mức độ thức tỉnh Z-Move của phụ kiện đạt %s,#C0x5B545B#액세서리 Z이동 각성도 합계 %s 달성,#C0x5B545B# Despertar total de bugigangas atingiu %s,#C0x5B545B# เครื่องประดับทั้งหมดได้รับการปลุกพลังถึง %s
8285,zawakeAttrEquipSignetAdvanceSum,#C0x5B545B#The total Inscription level of Trinkets reaches %s,#C0x5B545B#飾品總刻印等級達到 %s,#C0x5B545B#The total Inscription level of Trinkets reaches %s,#C0x5B545B#Tổng cấp độ khắc ấn trang sức đạt %s,#C0x5B545B#액세서리 총 각인 레벨이 %s 도달,#C0x5B545B#O nível total de inscrição de bugigangas atinge %s,#C0x5B545B#ระดับการจารึกรวมของเครื่องประดับถึง %s
8286,zawakeAttrZawakeStage,#C0x5B545B#Z Move reached %s,#C0x5B545B#Z覺醒達到 %s,#C0x5B545B#Z Move reached %s,#C0x5B545B#Đòn Z đạt %s,#C0x5B545B#Z이상 기술 달성 %s,#C0x5B545B#Z Despertar chegou a %s,#C0x5B545B#Z ตื่นขึ้นถึง %s แล้ว
8287,zawakeAttrStar,#C0x5B545B#Star reached #Icommon/icon/icon_star.png-50-50# %s,#C0x5B545B#星級達到 #Icommon/icon/icon_star.png-50-50# %s,#C0x5B545B#Star reached #Icommon/icon/icon_star.png-50-50# %s,#C0x5B545B#Đạt cấp sao #Icommon/icon/icon_star.png-50-50# %s,#C0x5B545B#별 레벨 달성 #Icommon/icon/icon_star.png-50-50# %s,#C0x5B545B#Estrela atingiu #Icommon/icon/icon_star.png-50-50# %s,#C0x5B545B#ดาวถึงแล้ว #Icommon/icon/icon_star.png-50-50# %s
8288,zawakeAttrNvalueSum,#C0x5B545B# The sum of individual values reaches %s,#C0x5B545B#個體值總和達到 %s,#C0x5B545B# The sum of individual values reaches %s,#C0x5B545BTổng giá trị cá thể đạt %s,#C0x5B545B개체값 합계 %s 달성,#C0x5B545B# A soma dos valores individuais atinge %s,#C0x5B545B# ผลรวมของค่าแต่ละค่าจะถึง %s
8289,zawakeAttrAdvance,#C0x5B545B#Breakthrough reaches %s,#C0x5B545B#突破達到 %s,#C0x5B545B#Breakthrough reaches %s,#C0x5B545B#Đột phá đến %s,#C0x5B545B%s 돌파,#C0x5B545B#Avanço atinge %s,#C0x5B545B#ความก้าวหน้าถึง %s
8290,zawakeAttrEffort,#C0x5B545B#Effort value reaches %s,#C0x5B545B#努力值達到 %s,#C0x5B545B#Effort value reaches %s,Chỉ số nỗ lực đạt %s,노력치 %s 달성,#C0x5B545B#Valor de esforço atinge %s,#C0x5B545B#ค่าความพยายามถึง %s
8291,zawakeLevelCondition,*Can be cultivated after completing the component %s awakening,*完成組件%s覺醒後可進行培養,*Can be cultivated after completing the component %s awakening,"Sau khi đánh thức thành phần %s, bạn có thể tiến hành tu luyện.",%s 각성 후 육성 가능합니다.,*Pode ser cultivado após completar o componente %s despertar,*สามารถเพาะได้หลังจากทำการปลุกพลังส่วนประกอบ %s เสร็จสิ้น
8292,zawakeDevelop,Awakening training,覺醒培養,Awakening training,Trau dồi thức tỉnh,각성 육성,Treinamento de despertar,การฝึกอบรมการตื่นรู้
8293,zawakeFirstAttr,First type is %s Pokémon,第一屬性%s系精靈,First type is %s Pokémon,Thuộc tính chính %s Pokémon,주 속성 %s 타입 포켓몬,O primeiro tipo é %s Pokémon,ประเภทแรกคือ %s โปเกมอน
8296,zawakeItemsLess,Insufficient materials to awaken,材料不足，無法覺醒,Insufficient materials to awaken,Nguyên liệu không đủ để kích hoạt chiêu Z.,Z기술을 발동할 재료가 부족합니다.,Materiais insuficientes para despertar,วัสดุไม่เพียงพอต่อการปลุกพลัง
8297,zawakeStageLevel,Awakening stage %s,覺醒階段%s,Awakening stage %s,Giai đoạn thức tỉnh %s,각성 단계 %s,Estágio de despertar %s,ระยะการตื่น %s
8301,zawakeResetTips,"Unawakened, unable to reset",未覺醒，無法重置,"Unawakened, unable to reset","Chưa thức tỉnh, không thể đặt lại",각성하지 않아 재설정할 수 없습니다,"Desperto, incapaz de reiniciar",ไม่ตื่นขึ้น ไม่สามารถรีเซ็ตได้
8302,zawakeResetDialagTips,#C0xFF5B545B#Do you confirm to consume %d#Icommon/icon/icon_diamond.png-56-56# to reset?,#C0xFF5B545B#是否消耗%d#Icommon/icon/icon_diamond.png-56-56#進行重置？,#C0xFF5B545B#Do you confirm to consume %d#Icommon/icon/icon_diamond.png-56-56# to reset?,Có sử dụng %d #Icommon/icon/icon_diamond.png-56-56# để thiết lập lại không?,%d개의 #Icommon/icon/icon_diamond.png-56-56#을 사용하여 재설정하시겠습니까?,#C0xFF5B545B#Você confirma o consumo de %s#Icommon/icon/icon_diamond.png-56-56# para redefinir?,#C0xFF5B545B#คุณยืนยันที่จะใช้ %s#Icommon/icon/icon_diamond.png-56-56# เพื่อรีเซ็ตหรือไม่
8303,seriesCard,%s series Pokémon,%s系列精靈,%s series Pokémon,Pokémon thuộc dòng %s,%s 시리즈 포켓몬,Pokémon da série %s,%s ซีรีย์โปเกมอน
8304,inCityTeamCantExchange,Pokémon are in the line-up and cannot be exchanged,精靈正在主城隊伍中，無法兌換,Pokémon are in the line-up and cannot be exchanged,Pokémon hiện đang trong đội chính của thành phố và không thể trao đổi.,포켓몬이 현재 주요 도시 팀에 있으므로 교환할 수 없습니다.,Os Pokémon estão na fila e não podem ser trocados,โปเกมอนอยู่ในรายชื่อและไม่สามารถแลกเปลี่ยนได้
8305,inUnionFightCantExchange,Pokémon are in a guild battle and cannot be exchanged,精靈正在公會戰中，無法兌換,Pokémon are in a guild battle and cannot be exchanged,"Pokémon đang tham gia chiến tranh bang hội, không thể đổi.",포켓몬이 길드 전투 중이므로 교환할 수 없습니다.,Os Pokémon estão em uma batalha de guilda e não podem ser trocados,โปเกมอนอยู่ในการต่อสู้ของกิลด์และไม่สามารถแลกเปลี่ยนได้
8306,inArenaCantExchange,Pokémon are in the arena and cannot be exchanged,精靈正在競技場中，無法兌換,Pokémon are in the arena and cannot be exchanged,Pokémon đang ở trong đấu trường và không thể được trao đổi.,포켓몬이 현재 경기장에 있으므로 교환할 수 없습니다.,Os Pokémon estão na arena e não podem ser trocados,โปเกมอนอยู่ในสนามประลองและไม่สามารถแลกเปลี่ยนได้
8307,inCraftCantExchange,Pokémon are in the Indigo Conference and cannot be decomposed,精靈正在石英大會中，無法分解,Pokémon are in the Indigo Conference and cannot be decomposed,Pokémon đang ở Cao nguyên Indigo và không thể tách ra.,포켓몬이 무인도에 있고 분해할 수 없습니다.,Os Pokémon estão na Conferência Indigo e não podem ser decompostos,โปเกมอนอยู่ในงานประชุมอินดิโก้และไม่สามารถแยกตัวได้
8308,inCloneBattleCantExchange,Pokémon are in element challenge and cannot be exchanged,精靈正在元素挑戰中，無法兌換,Pokémon are in element challenge and cannot be exchanged,Pokémon đang tham gia thử thách nguyên tố và không thể được trao đổi.,포켓몬이 현재 속성 챌린지 중이므로 교환할 수 없습니다.,Os Pokémon estão em desafio elemental e não podem ser trocados,โปเกมอนอยู่ในการท้าทายธาตุและไม่สามารถแลกเปลี่ยนได้
8309,inCrossCraftCantExchange,Pokémon are in the cross-server Indigo Conference and cannot be exchanged,精靈正在跨服石英大會中，無法兌換,Pokémon are in the cross-server Indigo Conference and cannot be exchanged,"Pokémon đang tham gia giải đấu Cao nguyên Indigo liên máy chủ, không thể trao đổi.",포켓몬이 현재 크로스 서버 인디고 플라토 토너먼트에 참가 중이므로 교환할 수 없습니다.,Os Pokémon estão na Conferência Indigo entre servidores e não podem ser trocados,โปเกมอนอยู่ในงานประชุมอินดิโกข้ามเซิร์ฟเวอร์และไม่สามารถแลกเปลี่ยนได้
8310,inCrossArenaCantExchange,Pokémon are in the cross-server arena and cannot be exchanged,精靈正在跨服競技場中，無法兌換,Pokémon are in the cross-server arena and cannot be exchanged,Pokémon hiện đang ở đấu trường liên máy chủ và không thể được trao đổi.,포켓몬이 현재 크로스 서버 경기장에 있어 교환할 수 없습니다.,Os Pokémon estão na arena entre servidores e não podem ser trocados,โปเกมอนอยู่ในสนามประลองข้ามเซิร์ฟเวอร์และไม่สามารถแลกเปลี่ยนได้
8311,isInUnionCantExchange,Pokémon are in guild training and cannot be exchanged,精靈正在公會訓練中，無法兌換,Pokémon are in guild training and cannot be exchanged,Pokémon đang được huấn luyện tại hội và không thể được đổi.,포켓몬이 현재 길드에서 훈련 중이므로 교환할 수 없습니다.,Os Pokémon estão em treinamento de guilda e não podem ser trocados,โปเกมอนอยู่ในช่วงฝึกฝนของกิลด์และไม่สามารถแลกเปลี่ยนได้
8312,inGymBadgeGuardCantExchange,Pokémon are in badge guarding and cannot be exchanged,精靈正在守護徽章中，無法兌換,Pokémon are in badge guarding and cannot be exchanged,Pokémon đang bảo vệ huy hiệu; không thể đổi.,포켓몬이 배지를 지키고 있어서 교환할 수 없습니다.,Os Pokémon estão em proteção de emblema e não podem ser trocados,โปเกมอนอยู่ในสถานะการ์ดและไม่สามารถแลกเปลี่ยนได้
8313,inGymCantExchange,Pokémon is in the line-up of this server Gym and cannot be exchanged,精靈正在本服道館陣容中，無法兌換,Pokémon is in the line-up of this server Gym and cannot be exchanged,Pokémon hiện đang trong đội hình phòng Gym trong game và không thể được trao đổi.,포켓몬이 현재 게임 내 체육관 라인업에 있어 교환할 수 없습니다.,Pokémon está na programação deste servidor Gym e não pode ser trocado,โปเกมอนอยู่ในไลน์อัปของเซิร์ฟเวอร์นี้ ยิม และไม่สามารถแลกเปลี่ยนได้
8314,inCrossGymCantExchange,Pokémon are in the cross-service gym lineup and cannot be exchanged,精靈正在跨服道館陣容中，無法兌換,Pokémon are in the cross-service gym lineup and cannot be exchanged,Pokémon hiện đang trong đội hình phòng Gym liên server và không thể được trao đổi.,포켓몬이 현재 크로스 서버 체육관 라인업에 있으며 교환할 수 없습니다.,Os Pokémon estão na escalação de ginásio de serviço cruzado e não podem ser trocados,โปเกมอนอยู่ในรายชื่อยิมข้ามบริการและไม่สามารถแลกเปลี่ยนได้
8315,inCrossMineCantExchange,Pokémon is bidding on the commercial street and cannot be exchanged,精靈正在商業街競標中，無法兌換,Pokémon is bidding on the commercial street and cannot be exchanged,Pokémon đang đấu giá ở khu thương mại và không thể trao đổi.,포켓몬이 현재 상업 지구에서 경매 중이므로 교환할 수 없습니다.,Pokémon está dando lances na rua comercial e não pode ser trocado,โปเกมอนกำลังประมูลอยู่บนถนนการค้าและไม่สามารถแลกเปลี่ยนได้
8316,activityDispatch,Wonderful Adventure,奇妙探險,Wonderful Adventure,Cuộc phiêu lưu kỳ thú,멋진 모험,Aventura Maravilhosa,การผจญภัยที่แสนมหัศจรรย์
8317,dispatchCondition1,Send out %s Pokémon,派出精靈 %s個,Send out %s Pokémon,Gửi ra %s Pokémon,%s마리의 포켓몬을 보낸다,Envie %s Pokémon,ส่งโปเกมอน %s ออกไป
8318,dispatchCondition2,Pokémon element stats %s for % s,精靈元素屬性%s % s個,Pokémon element stats %s for % s,Thuộc tính nguyên tố Pokémon %s %s,포켓몬 속성 %s %s개,Estatísticas do elemento Pokémon %s para %ss,สถิติธาตุโปเกมอน %s สำหรับ %ss
8319,dispatchCondition3,Pokémon leader is %s,精靈領隊為%s,Pokémon leader is %s,Đội trưởng là %s,팀 리더는 %s입니다,O líder Pokémon é %s,หัวหน้าโปเกมอนคือ %s
8320,dispatchCondition4,The gender of Pokémon is %s for %s,精靈性別為%s %s個,The gender of Pokémon is %s for %s,Giới tính Pokémon là %s %s,포켓몬 성별은 %s %s개입니다,O gênero do Pokémon é %s para %s,เพศของโปเกมอนคือ %s สำหรับ %s
8321,dispatchCondition5,Pokémon heigh reached %sm and above for %s,精靈身高達到%sm及以上 %s個,Pokémon heigh reached %sm and above for %s,Chiều cao Pokémon đạt %sm trở lên %s,포켓몬 키가 %sm 이상 %s마리,A altura do Pokémon atingiu %sm e acima para %s,โปเกมอนมีความสูงถึง %sm ขึ้นไปเป็นเวลา %s
8322,dispatchCondition6,Pokémon height is not higher than %sm for %s,精靈身高不高於%sm %s個,Pokémon height is not higher than %sm for %s,"Chiều cao Pokémon không vượt quá %sm, tổng cộng %s con","포켓몬의 키는 %sm을 넘지 않으며, 총 %s마리입니다.",A altura do Pokémon não é maior que %sm para %s,ความสูงของโปเกมอนไม่สูงกว่า %sm สำหรับ %s
8323,dispatchCondition7,Pokémon weight reaches %skg and above for %s,精靈體重達到%skg及以上 %s個,Pokémon weight reaches %skg and above for %s,"Pokémon nặng %s kg trở lên, %s con.","%skg 이상의 무게를 가진 포켓몬, %s마리",O peso do Pokémon atinge %skg e acima para %s,น้ำหนักโปเกมอนถึง %skg ขึ้นไปเป็นเวลา %s
8324,dispatchCondition8,Pokémon weight is not heavier than %skg for %s,精靈體重不重於%skg %s個,Pokémon weight is not heavier than %skg for %s,"Cân nặng Pokémon không vượt quá %skg, tổng cộng %s","포켓몬 무게는 %skg 이하이며, 총 %s마리입니다.",O peso do Pokémon não é maior que %skg para %s,น้ำหนักโปเกมอนไม่หนักกว่า %skg สำหรับ %s
8325,dispatchCondition9,Pokémon intimacy reaches %s and above for %s,精靈好感度達到%s及以上 %s個,Pokémon intimacy reaches %s and above for %s,"Độ thân thiết với Pokémon đạt %s trở lên, %s lần","포켓몬 친밀도가 %s 이상, %s회",A intimidade Pokémon atinge %s e mais para %s,ความสนิทสนมของโปเกมอนถึง %s ขึ้นไปเป็นเวลา %s
8326,dispatchCondition10,Pokémon Rarity reaches %s and above for %s,精靈稀有度達到%s及以上 %s個,Pokémon Rarity reaches %s and above for %s,"Độ hiếm của Pokémon đạt %s trở lên, %s lần",포켓몬 희귀도가 %s 이상 %s회,A raridade do Pokémon atinge %s e acima para %s,โปเกมอนแรริตี้ถึง %s ขึ้นไปเป็นเวลา %s
8327,dispatchCondition11,Pokémon element stats are,精靈元素屬性為,Pokémon element stats are,Loại thuộc tính Pokémon là,포켓몬 타입은,As estatísticas dos elementos do Pokémon são,สถิติธาตุโปเกมอนคือ
8328,dispatchCost,"#L00100000##LOC0xF7734E##LOS4##C0xFEFBE5#Cost time #L00100000##LOS4##C0xF7734E##LOC0xFEFBE5# %s #L00100000##LOS4##C0xFEFBE5##LOC0xF7734E# hours, action point #L00100000#LOS4#L00100000# #C0xF7734E##LOC0xFEFBE5# *%d",#L00100000##LOC0xF7734E##LOS4##C0xFEFBE5#耗時#L00100000##LOS4##C0xF7734E##LOC0xFEFBE5# %s #L00100000##LOS4##C0xFEFBE5##LOC0xF7734E#小時，行動點#L00100000##LOS4##C0xF7734E##LOC0xFEFBE5# *%d,"#L00100000##LOC0xF7734E##LOS4##C0xFEFBE5#Cost time #L00100000##LOS4##C0xF7734E##LOC0xFEFBE5# %s #L00100000##LOS4##C0xFEFBE5##LOC0xF7734E# hours, action point #L00100000#LOS4#L00100000# #C0xF7734E##LOC0xFEFBE5# *%d","Thời gian sử dụng: %s giờ, điểm hành động *%d","소요 시간: %s시간, 행동 포인트 *%d","#L00100000##LOC0xF7734E##LOS4##C0xFEFBE5#Custo tempo #L00100000##LOS4##C0xF7734E##LOC0xFEFBE5# %s #L00100000##LOS4##C0xFEFBE5##LOC0xF7734E# horas, ponto de ação #L00100000#LOS4#L00100000# #C0xF7734E##LOC0xFEFBE5# *%s","#L00100000##LOC0xF7734E##LOS4##C0xFEFBE5#เวลาที่ใช้ #L00100000##LOS4##C0xF7734E##LOC0xFEFBE5# %s #L00100000##LOS4##C0xFEFBE5##LOC0xF7734E# ชั่วโมง, จุดการกระทำ #L00100000#LOS4#L00100000# #C0xF7734E##LOC0xFEFBE5# *%s"
8329,dispatchAddition,Bonus: The commission time cost will be reduced by %s hours!,加成：委託耗時將減少掉%s小時！,Bonus: The commission time cost will be reduced by %s hours!,Tăng cường: Thời gian nhiệm vụ sẽ giảm %s giờ!,보너스: 의뢰 시간이 %s시간 단축됩니다!,Bônus: O custo do tempo de comissão será reduzido em %s horas!,โบนัส: ค่าเวลาคอมมิชชันจะลดลง %s ชั่วโมง!
8330,dispatchComplete,The order has been completed,委託已完成,The order has been completed,Hoàn thành ủy thác,의뢰 완료,O pedido foi concluído,การสั่งซื้อเสร็จสิ้นแล้ว
8331,completeDispatch,Complete the commission,完成委託,Complete the commission,Hoàn thành yêu cầu,의뢰 완료,Complete a comissão,เสร็จสิ้นภารกิจ
8332,dispatchMismatchCondition,Not eligible for dispatch,不符合派遣條件,Not eligible for dispatch,Không đáp ứng điều kiện điều động,파견 조건을 충족하지 않습니다,Não elegível para despacho,ไม่สามารถจัดส่งได้
8333,dispatchWithoutLeader,No leader,沒有隊長,No leader,Không có đội trưởng,주장 없음,Nenhum líder,ไม่มีผู้นำ
8334,endDispatchTip,"This task is in progress. If you end it early, you won't get any rewards. Do you confirm to end?",該任務正在進行中，提前結束將無法獲得任何獎勵，確認結束嗎？,"This task is in progress. If you end it early, you won't get any rewards. Do you confirm to end?",Nhiệm vụ đang được thực hiện. Kết thúc sớm sẽ không nhận được bất kỳ phần thưởng nào. Xác nhận kết thúc?,작업이 진행 중입니다. 조기에 종료하면 보상을 받을 수 없습니다. 종료하시겠습니까?,"Esta tarefa está em andamento. Se você finalizá-la antes, não receberá nenhuma recompensa. Você confirma para finalizar?",ภารกิจนี้กำลังดำเนินอยู่ หากคุณจบภารกิจก่อนกำหนด คุณจะไม่ได้รับรางวัลใดๆ คุณจะยืนยันให้จบภารกิจหรือไม่
8335,dispatchTooMany,Too many dispatches at the same time,同時派遣次過多,Too many dispatches at the same time,Đã cử ra quá nhiều Pokémon.,포켓몬을 너무 많이 보냈습니다.,Muitos despachos ao mesmo tempo,การจัดส่งมากเกินไปในเวลาเดียวกัน
8336,dispatchTaskType1,Wonderful Adventure,奇妙探險,Wonderful Adventure,Cuộc phiêu lưu kỳ thú,멋진 모험,Aventura Maravilhosa,การผจญภัยที่แสนมหัศจรรย์
8337,dispatchTaskType2,Action Master,行動達人,Action Master,Bậc thầy hành động,액션 마스터,Mestre de Ação,แอ็คชั่นมาสเตอร์
8338,dispatchTaskType3,Not miss one,一個不漏,Not miss one,Không thiếu một mảnh nào,하나도 빠짐없이,Não perca nenhuma,ไม่พลาดสักอัน
8339,dispatchTaskType4,All satisfied,統統滿足,All satisfied,Tất cả đều hài lòng,모두 만족,Todos satisfeitos,พอใจกันทุกคน
8340,dispatchTaskType5,Daily tasks,日常任務,Daily tasks,Nhiệm vụ hàng ngày,일일 임무,Tarefas diárias,ภารกิจประจำวัน
8341,sex0,No gender,無性別,No gender,Không giới tính,무성별,Sem gênero,ไม่มีเพศ
8342,sex1,Male,雄性,Male,Đực,수컷,Macho,ชาย
8343,sex2,Female,雌性,Female,Cái,암컷,Fêmea,หญิง
8344,actionPointNotEnough,"Insufficient action points, unable to accept commission!",行動點不足，無法接受委託哦！,"Insufficient action points, unable to accept commission!","Điểm hành động không đủ, không thể nhận nhiệm vụ!",행동 포인트가 부족하여 의뢰를 수락할 수 없습니다!,"Pontos de ação insuficientes, não é possível aceitar comissão!",คะแนนการกระทำไม่เพียงพอ ไม่สามารถรับคอมมิชชั่นได้!
8345,dispatchBoxTip1,"Congratulations on coming here and get rewards! Consume *%s action points to open  treasure chest, do you confirm to consume?",恭喜你走到這裏，獲得獎勵！寶箱開啟消耗行動點*%s後立即獲得，是否確認消耗？,"Congratulations on coming here and get rewards! Consume *%s action points to open  treasure chest, do you confirm to consume?","Chúc mừng bạn đã đến được đây, nhận phần thưởng! Mở rương sẽ tiêu hao *%s điểm hành động và nhận thưởng ngay lập tức. Xác nhận tiêu hao?",여기까지 오신 것을 축하합니다! 보상을 획득했습니다! 보상 상자를 열면 *%s 행동 포인트가 소모되고 보상이 즉시 지급됩니다. 소모를 확인하시겠습니까?,"Parabéns por vir aqui e ganhar recompensas! Consuma *%s pontos de ação para abrir o baú do tesouro, você confirma o consumo?",ขอแสดงความยินดีที่มาที่นี่และรับรางวัล! ใช้แต้มการกระทำ *%s เพื่อเปิดหีบสมบัติ คุณยืนยันที่จะกินหรือไม่
8346,dispatchBoxTip2,"When depatched here, consume action points *%s to get:",委派到這裏時，消耗行動點*%s即可獲得：,"When depatched here, consume action points *%s to get:","Phái đến đây, tiêu hao *%s điểm hành động để nhận được:",여기에 파견하면 *%s 행동 포인트를 소모하여 얻을 수 있습니다:,"Ao ser despachado aqui, consuma pontos de ação *%s para obter:",เมื่อส่งมาที่นี่ จะใช้คะแนนการกระทำ *%s เพื่อรับ:
8347,dispatchFailTip,"Abandon commission in advance, return the action points, and get no reward",提前放棄委託，行動點返還，未獲得獎勵,"Abandon commission in advance, return the action points, and get no reward","Bỏ nhiệm vụ sớm, điểm hành động được hoàn trả, không nhận được phần thưởng.",의뢰를 조기에 포기했습니다. 행동 포인트가 환불되고 보상은 받지 못했습니다.,"Abandone a comissão antecipadamente, devolva os pontos de ação e não receba nenhuma recompensa",ละทิ้งค่าคอมมิชชันล่วงหน้า คืนคะแนนการกระทำ และไม่ได้รับรางวัลใดๆ
8348,or,or,或,or,hoặc,또는,ou,หรือ
8349,dispatchTips,%s time(s) can be completed,可完成%s次,%s time(s) can be completed,Có thể hoàn thành %s lần,%s회 완료 가능,%s vez(es) pode(m) ser concluída(s),%s เวลาสามารถเสร็จสิ้นได้
8350,dispatchNumOver,Dispatch team reaches limit,派遣隊伍達到上限,Dispatch team reaches limit,Đội đã được cử đi đã đạt giới hạn.,파견된 팀이 상한선에 도달했습니다.,Equipe de despacho atinge limite,ทีมจัดส่งถึงขีดจำกัดแล้ว
8351,dispatchLockTips,Please complete the previous commission first!,請先完成前置委託哦！,Please complete the previous commission first!,Hãy hoàn thành các nhiệm vụ tiên quyết trước đã!,선행 의뢰를 먼저 완료해 주세요!,"Por favor, conclua a comissão anterior primeiro!",กรุณาทำคอมมิชชั่นครั้งก่อนให้เสร็จก่อน!
8352,dispatchCdTips,Cooldown,冷卻中,Cooldown,Đang làm mát,쿨다운 중,Esfriar,คูลดาวน์
8353,chip,chip,晶片,chip,Con chip,칩,lasca,ชิป
8354,zawakeFragExchange,Z Move Shard Conversion,z覺醒碎片轉換,Z Move Shard Conversion,Chuyển đổi mảnh Z-Move,Z이벤트 조각 변환,Conversão de Fragmento de Despertar Z,การแปลงเศษชิ้นส่วนการตื่นของ Z
8356,zawakeSelf,Same series,本進化系列精靈,Same series,Pokémon thuộc dòng tiến hóa này,이 진화 계열 포켓몬,Mesma série,ซีรีย์เดียวกัน
8357,noAwake,No Move,無覺醒,No Move,Không có chiêu Z,Z 기술 없음,Sem despertar,ไม่มีการตื่น
8358,currentOwn,"""Currently owns: """,當前擁有:,"""Currently owns: """,Hiện đang sở hữu:,현재 소유 중:,Atualmente possui:,“ปัจจุบันเป็นเจ้าของ: “
8359,spaceReplace,replace,替 換,replace,Đổi,교체,substituir,แทนที่
8360,chipBag,Chip library,晶片庫,Chip library,Thư viện chíp,칩 라이브러리,Biblioteca de chips,ห้องสมุดชิป
8361,chipNSuitAttr,"""%d set stats (%s): """,%d件套屬性(%s):,"""%d set stats (%s): """,Thuộc tính bộ %d món (%s):,%d세트 속성(%s):,%s definir estatísticas (%s):,ตั้งค่าสถิติ %s (%s):
8362,commonPk,General Trainer,普通訓練家,General Trainer,Huấn luyện viên bình thường,보통 트레이너,Treinador Geral,ผู้ฝึกสอนทั่วไป
8363,seniorPk,Elite trainer,精英訓練家,Elite trainer,Huấn luyện viên Tinh nhuệ,정예 트레이너,Treinador de elite,เทรนเนอร์ระดับเอลีท
8364,huntingCure,Pokémon Center,神奇寶貝中心,Pokémon Center,Trung tâm Pokémon,포켓몬 센터,Centro Pokémon,โปเกมอนเซ็นเตอร์
8365,maxStar,Full stars,滿星,Full stars,Ngôi sao đầy đủ,최고 성급,Estrelas cheias,ดาวเต็ม
8366,chipAdvanceTitle,Chip enhancement,晶片強化,Chip enhancement,Nâng cấp chíp,칩 강화,Melhoria de chip,การปรับปรุงชิป
8367,chipStrengthenSpace,strengthen,強 化,strengthen,Tăng cường,강화,fortalecer,เสริมสร้าง
8368,chipAdvanceSpace,Refine,洗 練,Refine,Tinh luyện,정련,Refinar,ปรับปรุงใหม่
8369,strengthenSecondTip,About to randomly enhance a secondary attribute or appear a new secondary attribute,即將隨機強化一條副屬性或者出現新的副屬性,About to randomly enhance a secondary attribute or appear a new secondary attribute,"Một thuộc tính phụ ngẫu nhiên sẽ được tăng cường, hoặc một thuộc tính phụ mới sẽ xuất hiện.",무작위로 하나의 보조 속성이 강화되거나 새로운 보조 속성이 나타납니다.,Prestes a melhorar aleatoriamente um atributo secundário ou a aparecer um novo atributo secundário,กำลังจะปรับปรุงคุณสมบัติรองแบบสุ่มหรือปรากฏคุณสมบัติรองใหม่
8370,huntingTimes,#L10##L00100000##LOC0x5B545B##C0xFFFCED#（#L10##L00100000##LOC0x5B545B#%s#L10##L00100000##LOC0x5B545B#%d#L10##L00100000##LOC0x5B545B##C0xFFFCED#/%d）,#L10##L00100000##LOC0x5B545B##C0xFFFCED#（#L10##L00100000##LOC0x5B545B#%s#L10##L00100000##LOC0x5B545B#%d#L10##L00100000##LOC0x5B545B##C0xFFFCED#/%d）,#L10##L00100000##LOC0x5B545B##C0xFFFCED#（#L10##L00100000##LOC0x5B545B#%s#L10##L00100000##LOC0x5B545B#%d#L10##L00100000##LOC0x5B545B##C0xFFFCED#/%d）,(%s/%d),(%s/%d),#L10##L00100000##LOC0x5B545B##C0xFFFCED#（#L10##L00100000##LOC0x5B545B#%s#L10##L00100000##LOC0x5B545B#%s#L10##L00100000##LOC0x5B545B##C0xFFFCED#/%s）,#L10##L00100000##LOC0x5B545B##C0xFFFCED#（#L10##L00100000##LOC0x5B545B#%s#L10##L00100000##LOC0x5B545B#%s#L10##L00100000##LOC0x5B545B##C0xFFFCED#/%s）
8371,huntingGameTimesNotEnough,Not enough challenge attempts!,挑戰次數不足！,Not enough challenge attempts!,Số lần thử thách không đủ!,도전 횟수가 부족합니다!,Não há tentativas de desafio suficientes!,ความพยายามท้าทายไม่เพียงพอ!
8372,huntingReplyGameTimes,#L10##L00100000##LOC0x5B545B##C0xFFFCED#Challenge attempts will be restored after #L10##L00100000##LOC0x5B545B##C0xFC8628#%s #L10##L00100000##LOC0x5B545B##C0xFFFCED#,#L10##L00100000##LOC0x5B545B##C0xFFFCED#挑戰次數將在 #L10##L00100000##LOC0x5B545B##C0xFC8628#%s #L10##L00100000##LOC0x5B545B##C0xFFFCED#後恢復,#L10##L00100000##LOC0x5B545B##C0xFFFCED#Challenge attempts will be restored after #L10##L00100000##LOC0x5B545B##C0xFC8628#%s #L10##L00100000##LOC0x5B545B##C0xFFFCED#,Số lần thử thách sẽ được khôi phục sau %s,%s 후에 도전 횟수가 회복됩니다,#L10##L00100000##LOC0x5B545B##C0xFFFCED#As tentativas de desafio serão restauradas após #L10##L00100000##LOC0x5B545B##C0xFC8628#%s #L10##L00100000##LOC0x5B545B##C0xFFFCED#,#L10##L00100000##LOC0x5B545B##C0xFFFCED#ความพยายามในการท้าทายจะได้รับการคืนค่าหลังจาก #L10##L00100000##LOC0x5B545B##C0xFC8628#%s #L10##L00100000##LOC0x5B545B##C0xFFFCED#
8373,huntingNoBuff,No combat bonus,暫無戰鬥加成,No combat bonus,Không có bonus chiến đấu,전투 보너스 없음,Nenhum bônus de combate,ไม่มีโบนัสการต่อสู้
8374,huntingExitGame,"After the game is over, the progress of this challenge will be cleared. Do you want to continue?",結束遊戲後本次挑戰的進程將會被清空，是否還要繼續？,"After the game is over, the progress of this challenge will be cleared. Do you want to continue?",Tiến trình thử thách này sẽ bị xóa sau khi trò chơi kết thúc. Bạn có muốn tiếp tục không?,게임이 끝나면 이번 도전의 진행 상황이 삭제됩니다. 계속하시겠습니까?,"Após o término do jogo, o progresso deste desafio será limpo. Você quer continuar?",เมื่อเกมจบลง ความคืบหน้าของความท้าทายนี้จะถูกเคลียร์ คุณต้องการดำเนินการต่อหรือไม่
8375,chipSuitCount,#C0xF3895B##L10##F50#x%d #F40#%s,#C0xF3895B##L10##F50#x%d #F40#%s,#C0xF3895B##L10##F50#x%d #F40#%s,#C0xF3895B##L10##F50#x%d #F40#%s,#C0xF3895B##L10##F50#x%d #F40#%s,#C0xF3895B##L10##F50#x%s #F40#%s,#C0xF3895B##L10##F50#x%s #F40#%s
8376,chipSuit02,#C0x5B545B#%s#C0x5c9970##F50#+%s#F40#,#C0x5B545B#%s#C0x5c9970##F50#+%s#F40#,#C0x5B545B#%s#C0x5c9970##F50#+%s#F40#,#C0x5B545B%s#C0x5c9970##F50#+%s#F40#,#C0x5B545B%s#C0x5c9970##F50#+%s#F40#,#C0x5B545B#%s#C0x5c9970##F50#+%s#F40#,#C0x5B545B#%s#C0x5c9970##F50#+%s#F40#
8377,chipSuit01,#C0xFFFCED#%s#C0x91e1b1##F50#+%s#F40#,#C0xFFFCED#%s#C0x91e1b1##F50#+%s#F40#,#C0xFFFCED#%s#C0x91e1b1##F50#+%s#F40#,#C0xFFFCED#%s#C0x91e1b1##F50#+%s#F40#,#C0xFFFCED#%s#C0x91e1b1##F50#+%s#F40#,#C0xFFFCED#%s#C0x91e1b1##F50#+%s#F40#,#C0xFFFCED#%s#C0x91e1b1##F50#+%s#F40#
8378,chipSuitHasSelect,#L10##C0xFFFCED#Selected: #C0x91e1b1##L10#%d#C0xFFFCED##L10#/%d,#L10##C0xFFFCED#已選擇:#C0x91e1b1##L10#%d#C0xFFFCED##L10#/%d,#L10##C0xFFFCED#Selected: #C0x91e1b1##L10#%d#C0xFFFCED##L10#/%d,#L10##C0xFFFCED#Đã chọn:#C0x91e1b1##L10#%d#C0xFFFCED##L10#/%d,#L10##C0xFFFCED#선택됨:#C0x91e1b1##L10#%d#C0xFFFCED##L10#/%d,#L10##C0xFFFCED#Selecionado: #C0x91e1b1##L10#%s#C0xFFFCED##L10#/%s,#L10##C0xFFFCED#เลือก: #C0x91e1b1##L10#%s#C0xFFFCED##L10#/%s
8379,chipSuitTip01,The number of select has reached the maximum,選擇的數量已經達到最大值,The number of select has reached the maximum,Số lượng lựa chọn đã đạt đến giá trị tối đa.,선택한 수량이 최대값에 도달했습니다.,O número de selecionados atingiu o máximo,จำนวนการเลือกถึงขีดจำกัดสูงสุดแล้ว
8380,chipSuitHaveNum,Existing: %d,現有:%d,Existing: %d,Có sẵn: %d,보유 중: %d,Existente: %s,มีอยู่: %s
8381,chipAttr01,Inlay #F50#%d #F40#pcs%s≥%s#C0xFFFCED# quality Rune,鑲嵌 #F50#%d #F40#個%s≥%s#C0xFFFCED#品質符文,Inlay #F50#%d #F40#pcs%s≥%s#C0xFFFCED# quality Rune,Khảm #F50#%d #F40#%s≥%s#C0xFFFCED#ngọc chất lượng,#F50#%d #F40#개의 %s≥%s#C0xFFFCED#품질룬 박기,Incrustação #F50#%s #F40#pcs%s≥%s#C0xFFFCED# Runa de qualidade,อินเลย์ #F50#%s #F40#pcs%s≥%s#C0xFFFCED# คุณภาพรูน
8382,chipAttr07,Inlay #F50#%d #F40# #C0xecb72a# Level ≥#F50#%d #C0xFFFCED##F40# Runes,鑲嵌 #F50#%d #F40#個#C0xecb72a#等級 ≥#F50#%d #C0xFFFCED##F40#符文,Inlay #F50#%d #F40# #C0xecb72a# Level ≥#F50#%d #C0xFFFCED##F40# Runes,Khảm #F50#%d #F40# mảnh #C0xecb72a# cấp độ ≥#F50#%d #C0xFFFCED##F40# Rune,#F50#%d #F40#개#C0xecb72a# 레벨 ≥#F50#%d #C0xFFFCED##F40#룬을 박다,Incrustação #F50#%s #F40# #C0xecb72a# Nível ≥#F50#%s #C0xFFFCED##F40# Runas,อินเลย์ #F50#%s #F40# #C0xecb72a# ระดับ ≥#F50#%s #C0xFFFCED##F40# รูน
8383,chipHaveNot,"There is no chip to inlay, go get the chip now!",暫無鑲嵌晶片，快去獲取晶片吧！,"There is no chip to inlay, go get the chip now!","Chưa có mảnh ghép nào được trang bị, hãy đi lấy mảnh ghép nào!",조각이 장착되어 있지 않습니다. 조각을 얻으러 가세요!,"Não há chip para embutir, vá buscar o chip agora mesmo!",ไม่มีชิปที่จะฝัง ไปเอาชิปมาเดี๋ยวนี้!
8384,chipHaveNotResonance,"""No quality level resonance attribute currently, go get and strengthen the chip now! """,暫無品質等級共鳴屬性，快去獲取並強化晶片吧！,"""No quality level resonance attribute currently, go get and strengthen the chip now! """,Chưa có thuộc tính cộng hưởng cấp độ chất lượng. Hãy nhanh chóng lấy và tăng cường chip của bạn!,아직 품질 등급 공명 속성이 없습니다. 칩을 얻어 강화하세요!,"Nenhum atributo de ressonância de nível de qualidade atualmente, vá buscar e fortaleça o chip agora!",ไม่มีแอตทริบิวต์การสั่นพ้องระดับคุณภาพในขณะนี้ ไปรับและเสริมความแข็งแกร่งให้กับชิปตอนนี้เลย!
8385,chipResonance,Quality level resonance attribute,品質等級共鳴屬性,Quality level resonance attribute,Thuộc tính cộng hưởng cấp độ chất lượng,품질 등급 공명 속성,Atributo de ressonância de nível de qualidade,คุณสมบัติการสั่นพ้องระดับคุณภาพ
8386,chipRatePreviewTip,Selected UP set chip obtain chance gets an extra increase (the total probability remains unchanged),選定的UP套裝晶片概率獲得額外提升（總的概率不變）,Selected UP set chip obtain chance gets an extra increase (the total probability remains unchanged),Xác suất nhận được chíp bộ UP đã chọn được tăng cường thêm (tổng xác suất không đổi),선택된 UP 세트 칩 획득 확률이 추가적으로 증가합니다 (총 확률은 변하지 않음),A chance de obtenção do chip UP set selecionado aumenta ainda mais (a probabilidade total permanece inalterada),โอกาสได้รับชิปเซ็ต UP ที่เลือกจะได้รับการเพิ่มพิเศษ (ความน่าจะเป็นรวมยังคงไม่เปลี่ยนแปลง)
8387,chipDrawSuitUp01,Please select UP chip,請選擇UP晶片,Please select UP chip,Vui lòng chọn Chip UP,UP 칩을 선택하십시오,Selecione o chip UP,กรุณาเลือกชิป UP
8388,chipNSuitAttrEffect,"""%d set effect (%s): """,%d件套效果(%s):,"""%d set effect (%s): """,Hiệu ứng bộ %d món (%s):,%d세트 효과(%s):,%s definir efeito (%s):,%s ชุดผล (%s):
8389,chipExpMax,Current experience is full,當前經驗已滿,Current experience is full,Kinh nghiệm hiện tại đã đầy.,현재 경험치가 가득 찼습니다.,A experiência atual é completa,ประสบการณ์ปัจจุบันเต็ม
8390,chipAdvanceSelectedMax,You can only choose to refine 2 secondary attributes at most,最多只能選擇洗練2條副屬性,You can only choose to refine 2 secondary attributes at most,Chỉ có thể tinh luyện tối đa 2 chỉ số phụ.,최대 2개의 보조 속성만 정련할 수 있습니다.,Você só pode escolher refinar no máximo 2 atributos secundários,คุณสามารถเลือกที่จะปรับแต่งคุณสมบัติรองได้เพียง 2 อย่างเท่านั้น
8391,chipAdvanceSelectFirst,Please select the secondary attribute to be refined,請先選擇要洗練的副屬性,Please select the secondary attribute to be refined,Vui lòng chọn thuộc tính phụ cần luyện lại.,세부 능력치를 먼저 선택하십시오.,Selecione o atributo secundário a ser refinado,กรุณาเลือกคุณสมบัติรองที่ต้องการปรับปรุง
8392,chipSubAttrRandom,Refine the random attribute library:,洗練隨機屬性條庫：,Refine the random attribute library:,Bộ sưu tập thuộc tính ngẫu nhiên tinh luyện:,무작위 능력치 풀 정제:,Refine a biblioteca de atributos aleatórios:,ปรับปรุงไลบรารีแอตทริบิวต์แบบสุ่ม:
8393,chipAdvanceReset,"#C0x5b545b# After resetting, you can re-select the ssecondary-attributes of the refining, whether to consume %s#Icommon/icon/icon_diamond.png-56-56# to restore to",#C0x5b545b#重置洗練後可重新選擇洗練的副屬性，是否消耗%s#Icommon/icon/icon_diamond.png-56-56#恢復為,"#C0x5b545b# After resetting, you can re-select the ssecondary-attributes of the refining, whether to consume %s#Icommon/icon/icon_diamond.png-56-56# to restore to","#C0x5b545b#Sau khi đặt lại tinh luyện, bạn có thể chọn lại thuộc tính phụ. Bạn có muốn tiêu hao %s#Icommon/icon/icon_diamond.png-56-56#để khôi phục về",#C0x5b545b#정련을 재설정한 후 보조 속성을 다시 선택할 수 있습니다. %s#Icommon/icon/icon_diamond.png-56-56#을 소모하여 원래대로 복구하시겠습니까?,"#C0x5b545b# Após a redefinição, você pode selecionar novamente os atributos secundários do refino, seja para consumir %s#Icommon/icon/icon_diamond.png-56-56# para restaurar",#C0x5b545b# หลังจากรีเซ็ตแล้ว คุณสามารถเลือกแอตทริบิวต์รองของการกลั่นใหม่ได้ ไม่ว่าจะใช้ %s#Icommon/icon/icon_diamond.png-56-56# เพื่อคืนค่าหรือไม่
8394,huntingRouteDetail,#L10##L00100000##LOC0x5B545B##C0xFFFCED# Route progress: #L00100000##LOC0x5B545B##C0x84D329##L00100000##LOC0x5B545B#%d#L00100000##LOC0x5B545B##C0xFFFCED#/%d,#L10##L00100000##LOC0x5B545B##C0xFFFCED#路線進度: #L00100000##LOC0x5B545B##C0x84D329##L00100000##LOC0x5B545B#%d#L00100000##LOC0x5B545B##C0xFFFCED#/%d,#L10##L00100000##LOC0x5B545B##C0xFFFCED# Route progress: #L00100000##LOC0x5B545B##C0x84D329##L00100000##LOC0x5B545B#%d#L00100000##LOC0x5B545B##C0xFFFCED#/%d,Tiến độ tuyến đường: %d/%d,경로 진행률: %d/%d,#L10##L00100000##LOC0x5B545B##C0xFFFCED# Progresso da rota: #L00100000##LOC0x5B545B##C0x84D329##L00100000##LOC0x5B545B#%s#L00100000##LOC0x5B545B##C0xFFFCED#/%s,#L10##L00100000##LOC0x5B545B##C0xFFFCED# ความคืบหน้าเส้นทาง: #L00100000##LOC0x5B545B##C0x84D329##L00100000##LOC0x5B545B#%s#L00100000##LOC0x5B545B##C0xFFFCED#/%s
8395,huntingReviveTips,"There are no Pokémon need to be resurrect. Do you choose this treatment method? After confirming, go to the next level.",沒有需要復活的精靈，是否選擇此治療方式?確定後進入到下一個關卡。,"There are no Pokémon need to be resurrect. Do you choose this treatment method? After confirming, go to the next level.",Không có Pokémon nào cần hồi sinh. Bạn có chọn phương pháp chữa trị này không? Xác nhận để vào màn chơi tiếp theo.,소생시킬 포켓몬이 없습니다. 이 치료 방법을 선택하시겠습니까? 확인하면 다음 레벨로 진행됩니다.,"Não há necessidade de ressuscitar Pokémon. Você escolhe esse método de tratamento? Após confirmar, vá para o próximo nível.",ไม่มีโปเกมอนตัวใดที่ต้องฟื้นคืนชีพ คุณเลือกวิธีการรักษานี้หรือไม่ หลังจากยืนยันแล้ว ให้ไปที่ระดับถัดไป
8396,huntingCureTips,"There are no Pokémon need to be heal. Do you choose this treatment method? After confirming, go to the next level.",沒有需要治療的精靈，是否選擇此治療方式?確定後進入到下一個關卡。,"There are no Pokémon need to be heal. Do you choose this treatment method? After confirming, go to the next level.",Không có Pokémon nào cần chữa trị. Bạn có muốn tiếp tục với phương pháp chữa trị này không? Xác nhận sẽ chuyển sang cấp độ tiếp theo.,치료가 필요한 포켓몬이 없습니다. 이 치료 방법을 선택하시겠습니까? 확인하면 다음 레벨로 진행됩니다.,"Não há necessidade de curar Pokémon. Você escolhe esse método de tratamento? Após confirmar, vá para o próximo nível.",ไม่จำเป็นต้องรักษาโปเกมอน คุณเลือกวิธีการรักษานี้หรือไม่ หลังจากยืนยันแล้ว ให้ไปที่ระดับถัดไป
8397,attrDoubleDefence,P. & Sp. DEF,雙防,P. & Sp. DEF,Kháng cự kép,이중 방어,P. & Sp. DEF,พี.แอนด์ส.ดีเอฟ
8398,attrDoubleDefenceIgnore,P. & Sp. DEF Ignorance,雙防忽視,P. & Sp. DEF Ignorance,Bỏ qua phòng thủ và phòng thủ đặc biệt,방어와 특수방어 무시,P. & Sp. DEF Ignorância,P. & Sp. DEF ความไม่รู้
8399,startSignUpTime,Start registration time:,開始報名時間:,Start registration time:,Thời gian bắt đầu đăng ký:,등록 시작 시간:,Horário de início do registro:,เวลาเริ่มลงทะเบียน:
8400,endSignUpTime,Deadline for registration:,截至報名時間:,Deadline for registration:,Hạn chót đăng ký:,등록 마감 시간:,Prazo para inscrição:,กำหนดเส้นตายการลงทะเบียน:
8401,unionFightDaliyOver1,#C0xF1A732#%s#C0xFFFCED#'s #C0xFFDA48#%s#C0xFFFCED# has won the final victory! Registration time for the next round at #C0xFFFCED#,#C0xFFFCED#本輪比賽已結束，#C0xF1A732#%s#C0xFFFCED#的#C0xFFDA48#%s#C0xFFFCED#獲得了最終勝利，下一輪開始報名時間:,#C0xF1A732#%s#C0xFFFCED#'s #C0xFFDA48#%s#C0xFFFCED# has won the final victory! Registration time for the next round at #C0xFFFCED#,"#C0xFFFCED#Vòng đấu này đã kết thúc, #C0xF1A732#%s#C0xFFFCED# của #C0xFFDA48#%s#C0xFFFCED# đã giành chiến thắng cuối cùng. Thời gian bắt đầu đăng ký vòng tiếp theo:",#C0xFFFCED#이번 라운드가 종료되었습니다. #C0xF1A732#%s#C0xFFFCED#의 #C0xFFDA48#%s#C0xFFFCED#가 최종 승리를 거두었습니다. 다음 라운드 참가 신청 시작 시간:,#C0xF1A732#%s#C0xFFFCED#,#C0xF1A732#%s#C0xFFFCED#
8402,crossMineOverStr,"Current truce time, start time:",當前休戰時間，開賽時間:,"Current truce time, start time:","Thời gian ngừng bắn hiện tại, thời gian bắt đầu trận đấu:","현재 휴전 시간, 경기 시작 시간:","Horário de trégua atual, hora de início:",เวลาสงบศึกปัจจุบัน เวลาเริ่มต้น:
8403,chipStrengthenTip,"#C0x5B545B# has selected #C0xF76B45# purple or higher quality chips or enhanced chips #C0x5B545B#, do you confirm the enhancement?",#C0x5B545B#已選擇#C0xF76B45#紫色或者紫色以上品質的晶片或有強化過的晶片#C0x5B545B#，是否確認強化？,"#C0x5B545B# has selected #C0xF76B45# purple or higher quality chips or enhanced chips #C0x5B545B#, do you confirm the enhancement?",Đã chọn #C0xF76B45#mảnh ghép tím hoặc chất lượng tím trở lên hoặc mảnh ghép đã được tăng cường#C0x5B545B#. Xác nhận tăng cường?,#C0xF76B45#보라색 또는 보라색 이상 품질의 조각 또는 강화된 조각#C0x5B545B#을 선택했습니다. 강화를 확인하시겠습니까?,"#C0x5B545B# selecionou #C0xF76B45# chips roxos ou de qualidade superior ou chips aprimorados #C0x5B545B#, você confirma o aprimoramento?",#C0x5B545B# ได้เลือก #C0xF76B45# ชิปสีม่วงหรือคุณภาพสูงกว่า หรือชิปที่ได้รับการปรับปรุง #C0x5B545B# คุณยืนยันการปรับปรุงดังกล่าวหรือไม่
8404,chipDrawLimit,Insufficient number of chip draws today,今日晶片抽取次數不足,Insufficient number of chip draws today,Số lần rút chip hôm nay không đủ.,오늘 칩 추출 횟수가 부족합니다.,Número insuficiente de fichas sorteadas hoje,วันนี้จำนวนชิปไม่เพียงพอ
8405,chipTitle,Chip Draw,晶片抽取,Chip Draw,Truy xuất chíp,칩 추출,Sorteio de fichas,ชิปดรอว์
8406,itemDrawRate,Item Draw rate,道具抽取概率,Item Draw rate,Xác suất rút đồ,아이템 뽑기 확률,Taxa de sorteio de itens,อัตราการดึงไอเทม
8407,chipCoinNotEnough,Insufficient %s to refine,%s不足，無法洗練,Insufficient %s to refine,Không đủ %s để tinh luyện.,%s이 부족하여 연마할 수 없습니다.,%s insuficientes para refinar,%s ไม่เพียงพอต่อการปรับแต่ง
8408,huntingLimitTip,Unlock after reach %s level,等級%s級開啟,Unlock after reach %s level,Mở khóa ở cấp độ %s,%s레벨에 개방,Desbloquear após atingir %s nível,ปลดล็อคหลังจากถึงระดับ %s
8409,rarityChip2,Green quality chip,綠色品質晶片,Green quality chip,Chip chất lượng xanh lục,녹색 등급 칩,Chip de qualidade verde,ชิปคุณภาพสีเขียว
8410,rarityChip3,Blue quality chip,藍色品質晶片,Blue quality chip,Mảnh ghép chất lượng xanh lam,파란색 품질 칩,Chip de qualidade azul,ชิปคุณภาพสีน้ำเงิน
8411,rarityChip4,Purple quality chip,紫色品質晶片,Purple quality chip,Con chip chất lượng tím,보라색 품질 칩,Chip de qualidade roxo,ชิปคุณภาพสีม่วง
8412,rarityChip5,Orange quality chip,橙色品質晶片,Orange quality chip,Mảnh ghép chất lượng cam,오렌지 등급 조각,Chip de qualidade laranja,ชิปคุณภาพสีส้ม
8413,rarityChip6,Red quality chip,紅色品質晶片,Red quality chip,Mảnh ghép chất lượng đỏ,빨간색 품질 조각,Chip de qualidade vermelha,ชิปคุณภาพสีแดง
8414,chipSlotError,Unmatched chip inlay position,晶片鑲嵌位置不匹配,Unmatched chip inlay position,Vị trí gắn chíp không khớp,칩 장착 위치 불일치,Posição de incrustação de chip incomparável,ตำแหน่งฝังชิปที่ไม่ตรงกัน
8415,chipLocked,The chip is successfully locked and will not be consumed when enhencing,晶片鎖定成功，強化時不會被消耗,The chip is successfully locked and will not be consumed when enhencing,"Khóa chip thành công, sẽ không bị tiêu hao khi cường hóa.","칩 잠금 성공, 강화 시 소모되지 않습니다.",O chip foi bloqueado com sucesso e não será consumido ao aprimorar,ชิปถูกล็อคสำเร็จและจะไม่ถูกใช้เมื่อเพิ่มประสิทธิภาพ
8416,chipStrengthenLocked,"The current chip is locked, you can long press the details interface to unlock",當前晶片已鎖定，可長按詳情介面解鎖,"The current chip is locked, you can long press the details interface to unlock",Con chip hiện tại đã bị khóa. Nhấn giữ giao diện chi tiết để mở khóa.,현재 칩이 잠겨 있습니다. 자세히 보기 인터페이스를 길게 눌러 잠금을 해제하십시오.,"O chip atual está bloqueado, você pode pressionar longamente a interface de detalhes para desbloquear",ชิปปัจจุบันถูกล็อค คุณสามารถกดอินเทอร์เฟซรายละเอียดค้างไว้เพื่อปลดล็อค
8417,chipResonanceDetail01,"#C0x5B545B##F36# Stage%d: When inlay #F44# %d #F36# %s≥%s#C0x5B545B# quality chips at the same time, %s","#C0x5B545B##F36#階段%d: 同時鑲嵌#F44# %d #F36#個%s≥%s#C0x5B545B#品質晶片時, %s","#C0x5B545B##F36# Stage%d: When inlay #F44# %d #F36# %s≥%s#C0x5B545B# quality chips at the same time, %s","Giai đoạn %d: Khi gắn cùng lúc %d mảnh ghép %s≥%s, %s","%d단계: %s≥%s 등급의 조각 %d개를 동시에 장착할 때, %s","#C0x5B545B##F36# Estágio%s: Quando incrustações #F44# %s #F36# %s≥%s#C0x5B545B# de chips de qualidade ao mesmo tempo, %s",#C0x5B545B##F36# ขั้นตอน%s: เมื่อฝังชิปคุณภาพ #F44# %s #F36# %s≥%s#C0x5B545B# ในเวลาเดียวกัน %s
8418,chipResonanceDetail02,"#C0x5B545B##F36# Stage %d: while inlaying #F44# %d #F36# #C0xE77422##F44#≥%d#F36# level#C0x5B545B# quality chip, %s","#C0x5B545B##F36#階段%d: 同時鑲嵌#F44# %d #F36#個#C0xE77422##F44#≥%d#F36#級#C0x5B545B#品質晶片時, %s","#C0x5B545B##F36# Stage %d: while inlaying #F44# %d #F36# #C0xE77422##F44#≥%d#F36# level#C0x5B545B# quality chip, %s","Giai đoạn %d: Khi cùng lúc khảm %d mảnh ≥ cấp %d chất lượng, %s","%d단계: %d개 이상의 %d레벨 품질 샤드를 동시에 장착하면, %s","#C0x5B545B##F36# Estágio %s: durante a incrustação #F44# %s #F36# #C0xE77422##F44#≥%s#F36# nível#C0x5B545B# chip de qualidade, %s",#C0x5B545B##F36# ระยะ %s: ขณะฝัง #F44# %s #F36# #C0xE77422##F44#≥%s#F36# ระดับ#C0x5B545B# ชิปคุณภาพ %s
8419,chipResonanceDetail03,#L10##F40##C0x5B545B# Quality resonance:,#L10##F40##C0x5B545B#品質共鳴：,#L10##F40##C0x5B545B# Quality resonance:,#L10##F40##C0x5B545B#Cộng hưởng chất lượng:,#L10##F40##C0x5B545B#품질 공명:,#L10##F40##C0x5B545B# Ressonância de qualidade:,#L10##F40##C0x5B545B# คุณภาพการสั่นพ้อง:
8420,chipResonanceDetail04,#L10##F40##C0x5B545B# Level resonance:,#L10##F40##C0x5B545B#等級共鳴：,#L10##F40##C0x5B545B# Level resonance:,#L10##F40##C0x5B545B#Cộng hưởng cấp độ:,#L10##F40##C0x5B545B#레벨 공명:,#L10##F40##C0x5B545B# Ressonância de nível:,#L10##F40##C0x5B545B# ระดับความสั่นพ้อง:
8421,chipQuickSelectTip,No current quality chip available to select,未擁有可選擇的當前品質晶片,No current quality chip available to select,Không có chíp chất lượng hiện tại nào để lựa chọn.,현재 품질의 선택 가능한 칩이 없습니다.,Nenhum chip de qualidade atual disponível para seleção,ไม่มีชิปคุณภาพปัจจุบันให้เลือก
8422,randomAttributes,Random attribute,隨機屬性,Random attribute,Chỉ số ngẫu nhiên,랜덤 능력치,Atributo aleatório,คุณสมบัติแบบสุ่ม
8423,chipDetailInfo01,Get unlock,獲取解鎖,Get unlock,Nhận Mở Khóa,잠금 해제 획득,Obter desbloqueio,ปลดล็อค
8424,challenage,challenge,挑戰,challenge,Thử thách,도전,desafio,ท้าทาย
8425,nextLimitGate,Stage %s,第 %s 關,Stage %s,Màn %s,%s 번째 레벨,Estágio %s,ระยะ %s
8426,onlineFightTeamChange,"There are Pokémons banned by the system in the battle line-up, please re-arrange it",對戰佈陣中存在系統禁用的精靈請重新佈陣,"There are Pokémons banned by the system in the battle line-up, please re-arrange it",Đội hình của bạn có Pokémon bị hệ thống vô hiệu hóa. Vui lòng sắp xếp lại đội hình.,시스템에서 사용이 금지된 포켓몬이 팀에 있습니다. 팀을 다시 정렬해주세요.,"Existem Pokémon banidos pelo sistema na escalação de batalha, por favor reorganize-a",มีโปเกมอนที่ถูกแบนจากระบบในรายชื่อการต่อสู้ กรุณาจัดใหม่
8427,onlineFightUseMainTeam,Pokémon that are banned by the system in the main lineup have been filtered out,已過濾掉主陣容中系統禁用的精靈,Pokémon that are banned by the system in the main lineup have been filtered out,Các Pokémon bị hệ thống vô hiệu hóa trong đội chính đã được lọc bỏ.,시스템에서 비활성화된 메인 파티 포켓몬이 필터링되었습니다.,Pokémon que são banidos pelo sistema na escalação principal foram filtrados,โปเกมอนที่ถูกแบนโดยระบบในรายชื่อหลักได้ถูกกรองออกไปแล้ว
8428,onlineFightUnlimitedBanCard,System Banned,系統禁用,System Banned,Hệ thống bị vô hiệu hóa,시스템 비활성화됨,Sistema Banido,ระบบถูกแบน
8429,onlineFightBanTip3,*Banned Pokémons cannot be used in unlimited games,*禁用的精靈將無法在無限製賽中使用,*Banned Pokémons cannot be used in unlimited games,Pokémon bị vô hiệu hóa sẽ không thể sử dụng trong các trận đấu không giới hạn.,비활성화된 포켓몬은 무제한 배틀에서 사용할 수 없습니다.,*Pokémons banidos não podem ser usados em jogos ilimitados,*โปเกมอนที่ถูกแบนไม่สามารถใช้ในเกมแบบไม่จำกัดจำนวนได้
8430,onlineFightBanTip4,*System will update the list of Banned Pokémons from time to time,*系統會不定時更新禁用精靈列表,*System will update the list of Banned Pokémons from time to time,Hệ thống sẽ định kỳ cập nhật danh sách Pokémon bị cấm.,시스템이 정기적으로 금지 포켓몬 목록을 업데이트합니다.,*O sistema atualizará a lista de Pokémon banidos de tempos em tempos,*ระบบจะอัปเดตรายชื่อโปเกมอนที่ถูกแบนเป็นระยะๆ
8431,notSwipe,The event has not been cleared and cannot be swept.,活動未通關，無法掃蕩。,The event has not been cleared and cannot be swept.,"Sự kiện chưa hoàn thành, không thể quét.","이벤트를 클리어하지 않았으므로, 자동 반복할 수 없습니다.",O evento não foi limpo e não pode ser varrido.,งานยังไม่เคลียร์และไม่สามารถกวาดล้างได้
8432,chipStrengthComeBack,And return %d coins,並返還%d金幣,And return %d coins,Và trả lại %d vàng,그리고 %d골드를 돌려줍니다,E retornar %s moedas,และส่งคืนเหรียญ %s
8433,chipRebirth,Chip rebirth,晶片重生,Chip rebirth,Sự tái sinh của chíp,칩 부활,Renascimento do chip,ชิปเกิดใหม่
8434,selectChip,Please select a chip,請選擇晶片,Please select a chip,Chọn một Mảnh ghép,조각을 선택하세요,Selecione um chip,กรุณาเลือกชิป
8435,haveNoSelectGem,No Rune available to reset,暫無可以重生的符石,No Rune available to reset,Không có mảnh ghép nào có thể hồi sinh.,부활할 수 있는 조각이 없습니다.,Nenhuma runa disponível para redefinir,ไม่มีรูนให้รีเซ็ต
8436,haveNoSelectChip,There is no chip that can be rebirth,暫無可以重生的晶片,There is no chip that can be rebirth,Không có chíp nào có thể hồi sinh.,재생할 수 있는 칩이 없습니다.,Não existe chip que possa renascer,ไม่มีชิปใดที่จะสามารถเกิดใหม่ได้
8437,chipBagSuitFilter,Type selection,類型篩選,Type selection,Bộ lọc loại,타입 필터,Seleção de tipo,การเลือกประเภท
8438,chipBagAttrFilter,Attribute filtering,屬性篩選,Attribute filtering,Bộ lọc thuộc tính,속성 필터,Filtragem de atributos,การกรองคุณลักษณะ
8439,chipBagAttrFilterMulti,Multiple selected,已多選,Multiple selected,Đã chọn nhiều,다중 선택됨,Vários selecionados,เลือกหลายรายการ
8440,noSuit,No set,無套裝,No set,Không có bộ,세트 없음,Nenhum conjunto,ไม่มีชุด
8441,chipPlan,Chip solution,晶片方案,Chip solution,Giải pháp chip,칩 솔루션,Solução de chip,โซลูชั่นชิป
8442,chipPlanBag,Chip solution backpack,晶片方案背包,Chip solution backpack,Ba lô mạch tích hợp,칩 방식 배낭,Mochila solução chip,กระเป๋าเป้ชิปโซลูชั่น
8443,chipPlanSuitFilter,Set filter,套裝篩選,Set filter,Bộ lọc Trang phục,의상 필터,Definir filtro,ตั้งค่าตัวกรอง
8444,chipPlanOrderDefault,Default order,預設順序,Default order,Thứ tự mặc định,기본 순서,Ordem padrão,ลำดับเริ่มต้น
8445,plan,Plan,方案,Plan,Phương án,방안,Plano,วางแผน
8446,planSaved,Plan saved,方案已保存,Plan saved,Đã lưu kế hoạch,계획이 저장되었습니다,Plano salvo,บันทึกแผนการแล้ว
8447,changPlanName,Modify the plan name,修改方案名稱,Modify the plan name,Sửa đổi tên phương án,방안 이름 수정,Modificar o nome do plano,ปรับเปลี่ยนชื่อแผน
8448,planRenameSuccess,The plan name has been modified successfully,方案名稱修改成功,The plan name has been modified successfully,Tên lược đồ đã được sửa đổi thành công,스키마 이름이 성공적으로 수정되었습니다,O nome do plano foi modificado com sucesso,ได้มีการปรับเปลี่ยนชื่อแผนเรียบร้อยแล้ว
8449,chipPlanEquipTip,The chip of the current Pokémon has not been saved as a plan. Confirm the current plan of the equipment?,當前精靈的晶片未保存為方案，確認裝備當前方案？,The chip of the current Pokémon has not been saved as a plan. Confirm the current plan of the equipment?,Mảnh ghép của Pokémon hiện tại chưa được lưu thành preset. Xác nhận trang bị preset hiện tại?,현재 포켓몬의 조각이 프리셋으로 저장되지 않았습니다. 현재 프리셋을 장착하시겠습니까?,O chip do Pokémon atual não foi salvo como um plano. Confirma o plano atual do equipamento?,ชิปของโปเกมอนปัจจุบันยังไม่ได้ถูกบันทึกเป็นแผน ยืนยันแผนปัจจุบันของอุปกรณ์?
8450,chipPlanEquipShow,Display equipment,顯示裝備,Display equipment,Hiện trang bị,장비 표시,Equipamento de exibição,อุปกรณ์แสดงสินค้า
8451,chipPlanEquipHide,Hidden equipment,隱藏裝備,Hidden equipment,Trang bị ẩn,숨겨진 장비,Equipamento oculto,อุปกรณ์ที่ซ่อนอยู่
8452,chipPlanBagCloseTip,"The current plan has not been saved, are you sure to give up and exit?","當前方案未保存, 確認放棄退出？","The current plan has not been saved, are you sure to give up and exit?",Chương trình hiện tại chưa được lưu. Xác nhận thoát?,현재 방안이 저장되지 않았습니다. 나가시겠습니까?,O plano atual não foi salvo. Tem certeza de que quer desistir e sair?,แผนปัจจุบันยังไม่ได้ถูกบันทึก คุณแน่ใจหรือว่าจะยอมแพ้และออก?
8453,chipPlanDeleteTip,Are you sure you want to delete the plan?,確定要刪除方案麼？,Are you sure you want to delete the plan?,Bạn có chắc chắn muốn xóa phương án này không?,계획을 삭제하시겠습니까?,Tem certeza de que deseja excluir o plano?,คุณแน่ใจว่าต้องการลบแผนหรือไม่?
8454,chipUsedInPlans,Has been applied to the plan:,已被應用於方案:,Has been applied to the plan:,Đã áp dụng vào kế hoạch:,계획에 적용됨:,Foi aplicado ao plano:,ได้มีการนำมาประยุกต์ใช้ตามแผน :
8455,todayNoTip,Don't remind me today,今日不再提示,Don't remind me today,Không còn lời nhắc nhở nào nữa hôm nay,오늘 더 이상 알림 없음,Não me lembre hoje,อย่าเตือนฉันวันนี้
8456,chipPlanItemNewTip,Are you sure you want to replace this plan?,確定要替換該方案麼？,Are you sure you want to replace this plan?,Bạn chắc chắn muốn thay thế phương án này?,이 계획을 대체하시겠습니까?,Tem certeza de que deseja substituir este plano?,คุณแน่ใจว่าต้องการเปลี่ยนแผนนี้หรือไม่?
8457,chipPlanUsedTip,"%D chips are being used, do you confirm to equip?",有%d個晶片正在被使用，是否確認裝備？,"%D chips are being used, do you confirm to equip?","Hiện có %d mảnh ghép đang được sử dụng, xác nhận trang bị?",%d개의 조각이 현재 사용 중입니다. 장착을 확인하시겠습니까?,"%s chips estão sendo usados, você confirma que quer equipar?",มีการใช้ชิป %s แล้ว คุณยืนยันที่จะติดตั้งหรือไม่?
8458,chipInEquip,Equip to,裝備於,Equip to,Trang bị,장착된,Equipar para,ติดตั้งเพื่อ
8459,chipRebirthRule,Chip rebirth instructions,晶片重生說明,Chip rebirth instructions,Hướng dẫn hồi sinh chíp,칩 부활 설명,Instruções de renascimento do chip,คำแนะนำการเกิดใหม่ของชิป
8460,worldInvitation,World invitation,世界邀請,World invitation,Lời mời toàn cầu,세계 초대,Convite mundial,คำเชิญจากทั่วโลก
8461,rebirthChipTip,"#C0x5b545b# The selected chip is about to be rebirth, and the training level will be restored to default#C0x5b545b#. Do you want to continue?",#C0x5b545b#即將重生選中的晶片，培養等級將#C0xF76B45#還原至初始狀態#C0x5b545b#，是否繼續？,"#C0x5b545b# The selected chip is about to be rebirth, and the training level will be restored to default#C0x5b545b#. Do you want to continue?",Mảnh ghép đã chọn sắp được tái sinh. Cấp độ tu luyện của nó sẽ được đặt lại về trạng thái ban đầu. Bạn có muốn tiếp tục không?,선택된 조각이 재탄생됩니다. 육성 레벨이 초기 상태로 재설정됩니다. 계속하시겠습니까?,"#C0x5b545b# O chip selecionado está prestes a renascer, e o nível de treinamento será restaurado para o padrão#C0x5b545b#. Você quer continuar?",#C0x5b545b# ชิปที่เลือกกำลังจะเกิดใหม่ และระดับการฝึกจะกลับคืนสู่ค่าเริ่มต้น #C0x5b545b# คุณต้องการดำเนินการต่อหรือไม่
8462,chipAttrFilterCountMax,Choose up to 4,最多選擇4條,Choose up to 4,Chọn tối đa 4,최대 4개 선택,Escolha até 4,เลือกได้สูงสุด 4
8463,planNew,New plan,新方案,New plan,Kế hoạch mới,새로운 계획,Novo plano,แผนใหม่
8464,planNameSame,"Project name already exist, please rename",方案名稱已存在，請重新命名,"Project name already exist, please rename",Tên lược đồ đã tồn tại. Vui lòng đổi tên.,스키마 이름이 이미 존재합니다. 이름을 바꿔주세요.,"O nome do projeto já existe, por favor renomeie",ชื่อโครงการมีอยู่แล้ว กรุณาเปลี่ยนชื่อ
8465,planHasExist,Chips in currently selected plan,當前已選擇方案中的晶片,Chips in currently selected plan,Mảnh ghép đã chọn trong phương án hiện tại,현재 계획에서 선택된 조각,Chips no plano selecionado atualmente,ชิปในแผนที่เลือกในปัจจุบัน
8466,double11Subtitle,Fortune Incoming,Fortune Incoming,Fortune Incoming,May mắn sắp đến,행운이 다가옵니다,Fortuna chegando,โชคลาภเข้ามา
8467,double11ShopTip,Various Merchant\nPurchase Now,繽紛好物\n嗨購起來！,Various Merchant\nPurchase Now,Hàng hóa sặc sỡ!\nMua sắm nào!,알록달록한 상품!\n지금 쇼핑하세요!,Vários comerciantesnCompre agora,ร้านค้าต่างๆnสั่งซื้อเลย
8468,chipOnekeyDownTip,Confirm to one tap remove current chip?,確認一鍵卸下當前晶片？,Confirm to one tap remove current chip?,Xác nhận tháo bỏ ngay lập tức chip hiện tại?,현재 칩을 즉시 제거하시겠습니까?,Confirmar para remover o chip atual com um toque?,ยืนยันการแตะหนึ่งครั้งเพื่อลบชิปปัจจุบัน?
8469,chipAdvanceTip,(The limit of the attribute is related to the number of enhancements),（屬性上限跟強化次數有關）,(The limit of the attribute is related to the number of enhancements),(Giới hạn thuộc tính phụ thuộc vào số lần tăng cường),(속성 상한은 강화 횟수에 따라 달라집니다),(O limite do atributo está relacionado ao número de melhorias),(ขีดจำกัดของแอตทริบิวต์นั้นสัมพันธ์กับจำนวนการปรับปรุง)
8470,chipAdvanceRule,[Chip enhancement rules],【晶片強化規則】,[Chip enhancement rules],[Quy tắc tăng cường chíp],[칩 강화 규칙],[Regras de aprimoramento de chip],[กฎการเสริมประสิทธิภาพชิป]
8471,chipRule,[Chip Rules],【晶片規則】,[Chip Rules],[Luật Chip],[칩 규칙],[Regras do Chip],[กฎชิป]
8472,beachIceShop,Beach Water Ice Shop,沙灘刨冰店,Beach Water Ice Shop,Cửa hàng đá bào bãi biển,비치 빙수점,Loja de gelo de água de praia,ร้านขายน้ำแข็งบีชวอเตอร์
8473,perfectService,:That's it! Exactly the same as my needs,：就是這樣！跟我的需求一模一樣,:That's it! Exactly the same as my needs,Đúng rồi! Chính xác là những gì tôi cần!,: 바로 이거야!  내가 원하는 것과 똑같아,:É isso! Exatamente o mesmo que minhas necessidades,:นั่นแหละ! ตรงกับความต้องการของฉันเป๊ะเลย
8474,goodService,":Order is different, it is also okay",：雖然順序不同，但也可以,":Order is different, it is also okay","Mặc dù thứ tự khác nhau, nhưng vẫn có thể.",: 순서는 다르지만 그래도 괜찮아,":A ordem é diferente, também está tudo bem",:ลำดับมันต่างกันก็โอเค
8475,defectiveService,: Different from my needs,：和我的需求不同,: Different from my needs,Khác với nhu cầu của tôi.,: 내가 원하는 것과 다르네,:Diferente das minhas necessidades,: ต่างจากความต้องการของฉัน
8476,exitDuringProductionTip,"Pokémon has made a request, and now the withdrawal will only be settled based on the current points. Do you want to withdraw?",精靈已經提出需求，現在退出只會根據當前積分結算，是否退出？,"Pokémon has made a request, and now the withdrawal will only be settled based on the current points. Do you want to withdraw?",Pokémon đã yêu cầu rời khỏi. Thoát bây giờ chỉ được tính điểm dựa trên điểm hiện tại. Bạn có muốn thoát không?,포켓몬이 이미 주문했습니다. 지금 퇴장하면 현재 포이트 점수로 계산됩니다. 퇴장하시겠습니까?,"Pokémon fez uma solicitação, e agora o saque será liquidado apenas com base nos pontos atuais. Você quer sacar?",โปเกมอนได้ส่งคำขอแล้ว และตอนนี้การถอนออกจะถูกตัดสินตามคะแนนปัจจุบันเท่านั้น คุณต้องการถอนออกหรือไม่?
8477,purchaseTimesTip,#C0x5B545B#Do you use confirm to use %s#Icommon/icon/icon_diamond.png-56-56# to fill up the materials?,#C0x5B545B#是否使用%s#Icommon/icon/icon_diamond.png-56-56#補全材料？,#C0x5B545B#Do you use confirm to use %s#Icommon/icon/icon_diamond.png-56-56# to fill up the materials?,#C0x5B545B#Sử dụng %s#Icommon/icon/icon_diamond.png-56-56# Mảnh ghép để hoàn thành nguyên liệu?,#C0x5B545B# %s#Icommon/icon/icon_diamond.png-56-56#를 소모해 재료를 보충하시겠습니까?,#C0x5B545B#Você confirma o uso de %s#Icommon/icon/icon_diamond.png-56-56# para preencher os materiais?,#C0x5B545B#คุณใช้ confirm เพื่อใช้ %s#Icommon/icon/icon_diamond.png-56-56# เพื่อเติมวัสดุหรือเปล่า?
8478,settlementPoints,"You served %d customers, earned %d points in total",您共服務了%d位顧客，共獲得%d點積分，其中：,"You served %d customers, earned %d points in total","Bạn đã phục vụ %d khách hàng và nhận được tổng cộng %d điểm, bao gồm:",총 %d명의 고객에게 서비스를 제공하고 %d포인트를 획득하셨습니다:,Você atendeu %s clientes e ganhou %s pontos no total,คุณให้บริการลูกค้า %s ราย ได้รับคะแนนรวม %s คะแนน
8479,perfectNumber,Perfect served ---%d customer,完美服務了---%d位,Perfect served ---%d customer,Phục vụ hoàn hảo --- %d người,완벽 서비스---%d명,Perfeitamente atendido ---%s cliente,เสิร์ฟอย่างสมบูรณ์แบบ ---%s ลูกค้า
8480,goodPeople,Good served ---%d customer,良好服務了---%d位,Good served ---%d customer,Đã phục vụ tốt --- %d người,보통 서비스---%d명,Bem servido ---%s cliente,บริการดี ---%s ลูกค้า
8481,numberOfDefects,Badly served ---%d customer,瑕疵服務了---%d位,Badly served ---%d customer,Phục vụ không hoàn hảo %d,불량 서비스---%d명,Mal atendido ---%s cliente,บริการแย่มาก ---%s ลูกค้า
8482,bonusPoints,+%d points,+%d分,+%d points,+%d điểm,+%d점,+%s pontos,+%s คะแนน
8483,volleyballGuide1,Your field is on the left,左側為己方場地,Your field is on the left,Bên trái là sân nhà của bạn,왼쪽은 자기편 코트다.,Seu campo está à esquerda,สนามของคุณอยู่ทางด้านซ้าย
8484,volleyballGuide2,Opponent's field is on the right,右側為對手場地,Opponent's field is on the right,Phía bên phải là sân của đối thủ.,오른쪽은 상대 코트다.,O campo do adversário fica à direita,สนามคู่แข่งอยู่ทางขวา
8485,volleyballGuide3,You can move left and right to control Pokémon to catch the ball,可以左右移動控制精靈接球,You can move left and right to control Pokémon to catch the ball,Di chuyển trái phải để điều khiển Pokémon bắt bóng.,좌우로 움직여 포켓몬의 리시브를 컨트롤 할 수 있다.,Você pode mover para a esquerda e para a direita para controlar o Pokémon e pegar a bola,คุณสามารถเคลื่อนที่ไปทางซ้ายและขวาเพื่อควบคุมโปเกมอนให้จับลูกบอลได้
8486,volleyballGuide4,"#C0xF76B45#Long press the #C0x5B545B# charge button, the ball can be hit higher and farther, and power will gradually weaken after release",#C0xF76B45#長按#C0x5B545B#蓄力鍵，球可以打的更高更遠，鬆開後力量會逐漸減弱,"#C0xF76B45#Long press the #C0x5B545B# charge button, the ball can be hit higher and farther, and power will gradually weaken after release","#C0xF76B45#Nhấn giữ#C0x5B545B#nút tích năng, bóng có thể được đánh cao và xa hơn. Sức mạnh sẽ giảm dần sau khi thả ra.","축력 버튼을 #C0xF76B45#길게 누르면 #C0x5B545B#공을 더 높이 더 멀리 칠 수 있으며, 풀면 힘이 점점 약해진다.","#C0xF76B45#Pressione longamente o botão de carga #C0x5B545B#, a bola pode ser rebatida mais alto e mais longe, e a potência enfraquecerá gradualmente após a liberação",#C0xF76B45# กดปุ่มชาร์จ #C0x5B545B# ค้างไว้ ลูกบอลจะถูกตีให้สูงขึ้นและไกลขึ้น และพลังจะค่อยๆ ลดน้อยลงหลังจากปล่อย
8487,volleyballGuide5,"Every time #C0xF76B45# hits back #C0x5B545B# successfully, it will accumulate energy. When energy reaches certain amount can release skills, please use it reasonably",每次#C0xF76B45#成功回擊#C0x5B545B#都會積攢能量，達到檔位的能量可以釋放技能，請合理運用吧,"Every time #C0xF76B45# hits back #C0x5B545B# successfully, it will accumulate energy. When energy reaches certain amount can release skills, please use it reasonably",Mỗi lần phản công thành công #C0xF76B45# sẽ tích lũy năng lượng. Đạt đủ năng lượng theo cấp độ cho phép bạn tung ra kỹ năng. Hãy sử dụng một cách hợp lý!,"매번 #C0xF76B45#리턴을 성공#C0x5B545B#할 때마다 에너지가 쌓이고, 레벨에 도달한 에너지는 스킬을 방출할 수 있으니 적절히 활용하세요.","Toda vez que #C0xF76B45# revidar #C0x5B545B# com sucesso, ele acumulará energia. Quando a energia atinge certa quantidade pode liberar habilidades, por favor, use-a razoavelmente",ทุกครั้งที่ #C0xF76B45# ตีกลับ #C0x5B545B# สำเร็จ มันจะสะสมพลังงาน เมื่อพลังงานถึงจำนวนหนึ่งแล้ว สามารถปลดปล่อยทักษะได้ โปรดใช้มันอย่างสมเหตุสมผล
8488,volleyballGuide6,"After tapping it, you can jump up and head the ball. When using  #C0xF76B45#charge #C0x5B545B# is #C0xF76B45#unable to jump#C0x5B545B#",點擊後可以跳起來頂球，在#C0xF76B45#蓄力#C0x5B545B#的時候是#C0xF76B45#無法起跳#C0x5B545B#的哦,"After tapping it, you can jump up and head the ball. When using  #C0xF76B45#charge #C0x5B545B# is #C0xF76B45#unable to jump#C0x5B545B#",Nhấp chuột cho phép bạn bật nhảy và đánh đầu bóng. Bạn #C0xF76B45#không thể nhảy#C0x5B545B# khi đang #C0xF76B45#tích tụ năng lượng#C0x5B545B#.,터치하면 점프해서 헤딩할 수 있고 #C0xF76B45#축력#C0x5B545B#을 할 때는 #C0xF76B45#점프가 불가능#C0x5B545B#해요.,"Depois de tocar, você pode pular e cabecear a bola. Ao usar #C0xF76B45#charge #C0x5B545B# é #C0xF76B45#incapaz de pular#C0x5B545B#",หลังจากแตะแล้ว คุณสามารถกระโดดขึ้นไปโหม่งบอลได้ เมื่อใช้ #C0xF76B45#ชาร์จ #C0x5B545B# จะ #C0xF76B45# ไม่สามารถกระโดดได้ #C0x5B545B#
8489,volleyballGuide7,"If the opponent hits the ball to the out-of-bounds area, we will add #C0x5B545B# 1 point #C0xF76B45#, but if we hit it out of bounds by mistake #C0xF76B45# The opponent gets #C0x5B545B#1 point",對方將球打到界外區域，我方會#C0xF76B45#增加#C0x5B545B#1分，但自己失誤打到界外#C0xF76B45#對方獲得#C0x5B545B#1分,"If the opponent hits the ball to the out-of-bounds area, we will add #C0x5B545B# 1 point #C0xF76B45#, but if we hit it out of bounds by mistake #C0xF76B45# The opponent gets #C0x5B545B#1 point","Nếu đối phương đánh bóng ra ngoài khu vực giới hạn, đội mình sẽ #C0xF76B45#tăng #C0x5B545B#1 điểm. Nhưng nếu đánh hỏng bóng ra ngoài khu vực giới hạn, #C0xF76B45#đội đối phương sẽ nhận được #C0x5B545B#1 điểm.","상대방이 공을 아웃사이드로 치면 #C0xF76B45#자기 편 #C0x5B545B#1점을 획득하고, 자신이 실수로 아웃사이드로 치면 #C0xF76B45#상대방#C0x5B545B# 1점을 얻는다.","Se o adversário acertar a bola na área de fora de campo, adicionaremos #C0x5B545B# 1 ponto #C0xF76B45#, mas se acertarmos fora de campo por engano #C0xF76B45# O adversário ganha #C0x5B545B# 1 ponto",หากฝ่ายตรงข้ามตีลูกออกนอกเขต เราจะบวก #C0x5B545B# 1 แต้ม #C0xF76B45# แต่ถ้าเราตีออกนอกเขตโดยไม่ตั้งใจ #C0xF76B45# ฝ่ายตรงข้ามจะได้ #C0x5B545B#1 แต้ม
8490,volleyballGuide8,"If ball goes here, we will #C0xF76B45# lose #C0x5B545B# 1 point.",打到這裡我方會#C0xF76B45#失掉#C0x5B545B#1分哦,"If ball goes here, we will #C0xF76B45# lose #C0x5B545B# 1 point.","Nếu trận đấu đến đây, chúng ta sẽ #C0xF76B45#mất#C0x5B545B# 1 điểm.",여기를 치면 #C0xF76B45#자기 편 1점을 잃을#C0x5B545B#것이다.,"Se a bola cair aqui, perderemos #C0xF76B45# #C0x5B545B# 1 ponto.",ถ้าบอลเข้าตรงนี้ เราจะ #C0xF76B45# เสีย #C0x5B545B# 1 แต้ม
8491,sameAttributeSwitch,Cannot switch with the same attribute,同屬性無法切換,Cannot switch with the same attribute,Không thể chuyển đổi cùng loại,같은 속성으로 변경할 수 없습니다,Não é possível alternar com o mesmo atributo,ไม่สามารถสลับด้วยคุณสมบัติเดียวกันได้
8492,unselectedSwitch,The attribute to switch has not been selected,還未選擇要切換的屬性,The attribute to switch has not been selected,Chưa chọn thuộc tính để chuyển.,전환할 속성을 선택하지 않았습니다.,O atributo para alternar não foi selecionado,ยังไม่ได้เลือกแอตทริบิวต์ที่จะสลับ
8493,todayTime,"Ran out of water-ice today, please come back tomorrow",今日刨冰用盡，請明日再來,"Ran out of water-ice today, please come back tomorrow",Đã hết đá bào ngày hôm nay. Vui lòng quay lại vào ngày mai.,"오늘 빙수 재료 소진, 내일 다시 오세요.","Acabou o gelo de água hoje, volte amanhã por favor",วันนี้น้ำแข็งหมดแล้ว เชิญใหม่พรุ่งนี้ครับ
8494,selfChooseFree,This switch is free,本次切換免費,This switch is free,Chuyển đổi này miễn phí,이번 전환은 무료입니다,Esta troca é gratuita,สวิตซ์นี้ฟรี
8495,selfChooseSelect,Please select the one to switch,請選擇要切換的,Please select the one to switch,Chọn cái để chuyển,전환할 항목을 선택하십시오,Selecione aquele para alternar,กรุณาเลือกอันที่ต้องการสลับ
8496,selfChooseUP,Attribute UP,屬性UP,Attribute UP,Tăng chỉ số,능력치 상승,Atributo UP,แอตทริบิวต์ขึ้น
8497,selfChooseCost,Consume:,消耗:,Consume:,Tiêu hao:,소모:,Consumir:,บริโภค:
8498,confirmEndGame,"After exiting, the count of this game will not be counted in the task. Do you want to exit?",退出後本局的計數不計入到任務中，是否要退出？,"After exiting, the count of this game will not be counted in the task. Do you want to exit?",Thoát sẽ không tính ván này vào nhiệm vụ của bạn. Bạn có muốn thoát không?,퇴장 후 본 라운드의 계산 결과는 미션에 반영되지 않습니다. 퇴장하시겠습니까?,"Após sair, a contagem deste jogo não será contada na tarefa. Você quer sair?",หลังจากออกจากเกมนี้แล้ว จำนวนคะแนนของเกมนี้จะไม่ถูกนับในภารกิจ คุณต้องการออกจากเกมหรือไม่?
8499,costDiamondToSwitch,#C0xFF5B545B# will consume %d#Icommon/icon/icon_diamond.png-60-60# to switch attributes,#C0xFF5B545B#將消耗%d#Icommon/icon/icon_diamond.png-60-60#切換屬性,#C0xFF5B545B# will consume %d#Icommon/icon/icon_diamond.png-60-60# to switch attributes,#C0xFF5B545B#Sẽ tiêu hao %d #Icommon/icon/icon_diamond.png-60-60#Chuyển thuộc tính,#C0xFF5B545B#%d개 소모#Icommon/icon/icon_diamond.png-60-60#속성 변경,#C0xFF5B545B# consumirá %s#Icommon/icon/icon_diamond.png-60-60# para alternar atributos,#C0xFF5B545B# จะใช้ %s#Icommon/icon/icon_diamond.png-60-60# เพื่อสลับแอตทริบิวต์
8500,volleyballAchievementAward,Achievement rewards,成就獎勵,Achievement rewards,Phần thưởng thành tích,업적 보상,Recompensas por conquistas,รางวัลแห่งความสำเร็จ
8501,volleyballGame,Beach Volleyball,沙灘排球,Beach Volleyball,Bóng chuyền bãi biển,비치발리볼,Vôlei de praia,วอลเลย์บอลชายหาด
8502,volleyballGuide9,"[Swift] Pokémons will be very swiftly, [Power] Pokémons will have a strong hitting power, [Huge] Pokémons can hit balls easily, please choose the Pokémon type you want to use.",【迅捷】精靈會很靈活，【力量】精靈擊球的力道會很強，【體積】精靈可打球的體積很大，請選擇您想使用的有優勢的精靈屬性吧,"[Swift] Pokémons will be very swiftly, [Power] Pokémons will have a strong hitting power, [Huge] Pokémons can hit balls easily, please choose the Pokémon type you want to use.","【Tốc độ】Pokémon sẽ rất nhanh nhẹn, 【Sức mạnh】Pokémon sẽ đánh bóng rất mạnh, 【Kích thước】Pokémon có diện tích đánh bóng rất lớn, hãy chọn thuộc tính Pokémon bạn muốn sử dụng có lợi thế nhé.","[신속] 포켓몬은 매우 민첩할 것이다, [힘] 포켓몬 타격의 힘은 매우 강할 것이다, [체적] 포켓몬은 공을 칠 수 있는 체적이 매우 크다, 사용하고 싶은 포켓몬 장점 속성을 선택하세요.","Os Pokémon [rápidos] serão muito rápidos, os Pokémon [poderosos] terão um forte poder de ataque, os Pokémon [enormes] podem acertar bolas facilmente, escolha o tipo de Pokémon que deseja usar.",[Swift] โปเกมอนจะว่องไวมาก [Power] โปเกมอนจะมีพลังโจมตีที่รุนแรง [Huge] โปเกมอนสามารถตีลูกบอลได้อย่างง่ายดาย กรุณาเลือกประเภทโปเกมอนที่คุณต้องการใช้
8503,volleyballGuide10,"Tap Random, the system will randomly select an Pokémon with a attribute advantage and an opponent for you",點擊隨機，系統會為您隨機出屬性強勢的精靈和某一位對手,"Tap Random, the system will randomly select an Pokémon with a attribute advantage and an opponent for you","Nhấn Ngẫu nhiên, hệ thống sẽ tự động tạo ra một Pokémon có thuộc tính mạnh và một đối thủ.",랜덤을 누르면 시스템에서 해당 속성이 강한 포켓몬과 상대를 랜덤으로 매칭됩니다.,"Toque em Aleatório, o sistema selecionará aleatoriamente um Pokémon com uma vantagem de atributo e um oponente para você",แตะแบบสุ่ม ระบบจะสุ่มเลือกโปเกมอนที่มีคุณสมบัติที่ได้เปรียบและคู่ต่อสู้ให้กับคุณ
8504,volleyballOpenTime,Event time:,活動開放時間:,Event time:,Thời gian mở sự kiện:,이벤트 오픈 시간:,Horário do evento:,เวลากิจกรรม:
8505,notRank,Currently no ranking,當前暫無排行,Currently no ranking,Chưa có bảng xếp hạng,현재 순위가 없습니다,Atualmente sem classificação,ในขณะนี้ไม่มีการจัดอันดับ
8506,summerChallenge,Summer Adventure Explore,夏日祭探險,Summer Adventure Explore,Cuộc phiêu lưu lễ hội mùa hè,여름축제 탐험,Aventura de verão Explore,การผจญภัยในฤดูร้อน สำรวจ
8507,gateLock,"The current level is not open, stay tuned",當前關卡未開放，敬請期待,"The current level is not open, stay tuned",Cấp độ này chưa mở. Mong chờ nhé!,"현재 스테이지 미오픈, 많이 기대해주세요.","O nível atual não está aberto, fique atento",ระดับปัจจุบันยังไม่เปิด โปรดติดตาม
8508,gateClosed,Please complete the previous stage first,請先完成前置關卡,Please complete the previous stage first,Vui lòng hoàn thành các màn chơi tiền đề trước.,조건 스테이지를 먼저 완료하세요.,"Por favor, conclua a etapa anterior primeiro",กรุณาดำเนินการขั้นตอนก่อนหน้าให้เสร็จสิ้นก่อน
8509,cardCantMove,The card in the current stage cannot be moved!,當前關卡該卡牌不能移動！,The card in the current stage cannot be moved!,Lá bài này không thể di chuyển ở màn chơi này!,현재 스테이지에서 이 카드는 이동할 수 없습니다!,O cartão no estágio atual não pode ser movido!,การ์ดในระยะปัจจุบันไม่สามารถเคลื่อนได้!
8510,cardCantDown,The card cannot be off in the current level!,當前關卡該卡牌不能下陣！,The card cannot be off in the current level!,Không thể sử dụng lá bài này ở màn chơi này!,현재 스테이지에서 이 카드는 해제할 수 없습니다!,O cartão não pode estar desligado no nível atual!,การ์ดไม่สามารถปิดได้ในระดับปัจจุบัน!
8511,posLock,The current position has been locked and cannot be deploy!,當前位置已被鎖定，無法上陣！,The current position has been locked and cannot be deploy!,"Vị trí hiện tại đã bị khóa, không thể xuất trận!",현재 위치가 잠겨있어 출전할 수 없습니다!,A posição atual foi bloqueada e não pode ser implantada!,ตำแหน่งปัจจุบันถูกล็อคและไม่สามารถใช้งานได้!
8512,summerShop,Limited Shop,限定小賣部,Limited Shop,Cửa hàng thời gian giới hạn,한정 소매점,Loja limitada,ร้านค้ามีจำนวนจำกัด
8513,summerActivity,Summer Adventure,夏日祭,Summer Adventure,Lễ hội mùa hè,여름 축제,Aventura de verão,การผจญภัยในฤดูร้อน
8514,volleyballSkill1,#C0x5B545B#[Jump Hit]\n The ball will fly farther,#C0x5B545B#【跳打球】\n 球飛的會更遠一些,#C0x5B545B#[Jump Hit]\n The ball will fly farther,#C0x5B545B#【Ném bóng nhảy】\nQuả bóng sẽ bay xa hơn.,#C0x5B545B#[점프공]\n 공은 더 멀리 날아간다.,#C0x5B545B#[Jump Hit]n A bola voará mais longe,#C0x5B545B#[Jump Hit]n ลูกบอลจะบินได้ไกลขึ้น
8515,volleyballSkill2,"#C0x5B545B#[Charge Ball]\n Although you can’t take off when you charging, your movement speed slows down, but the longer you charge up, the more powerful the ball will be.",#C0x5B545B#【蓄力球】\n 蓄力的時候雖然無法起跳，移動速度變慢，但蓄力越久\n 打出去的球力道會越足,"#C0x5B545B#[Charge Ball]\n Although you can’t take off when you charging, your movement speed slows down, but the longer you charge up, the more powerful the ball will be.","#C0x5B545B#【Quả cầu tích lũy】\nTrong khi tích lũy, bạn không thể nhảy và tốc độ di chuyển chậm lại, nhưng tích lũy càng lâu\nquả cầu sẽ càng mạnh.",#C0x5B545B#[축력공]\n 축력을 할 때는 점프할 수 없고 이동 속도가 느려지지만 축력이 길수록\n 공을 치는 힘은 더욱 세진다.,"#C0x5B545B#[Bola de Carga]n Embora você não possa decolar enquanto carrega, sua velocidade de movimento diminui, mas quanto mais você carrega, mais poderosa a bola será.",#C0x5B545B#[Charge Ball]n แม้ว่าคุณจะไม่สามารถบินขึ้นได้เมื่อคุณชาร์จ ความเร็วในการเคลื่อนที่ของคุณก็จะช้าลง แต่ยิ่งคุณชาร์จนานขึ้น ลูกบอลก็จะยิ่งทรงพลังมากขึ้น
8516,volleyballSkill3,"#C0x5B545B#[Skill Ball]\n After successfully hitting back the opponent's ball, 1 point of energy will be accumulated. When there is no energy,\n skills are not available",#C0x5B545B#【技能球】\n 在成功回擊對方的球後會積攢1點能量，在未有能量時，\n 技能是不可用的,"#C0x5B545B#[Skill Ball]\n After successfully hitting back the opponent's ball, 1 point of energy will be accumulated. When there is no energy,\n skills are not available",#C0x5B545B#【Quả cầu kỹ năng】\nSẽ tích lũy 1 điểm năng lượng sau khi phản công thành công quả cầu của đối phương. Kỹ năng không thể sử dụng nếu không có năng lượng.,"#C0x5B545B#[스킬공]\n 상대방의 공을 성공적으로 리턴 후 에너지 1점씩 쌓이며, 에너지가 없을 때\n 스킬을 사용할 수 없다.","#C0x5B545B#[Skill Ball]n Após rebater com sucesso a bola do oponente, 1 ponto de energia será acumulado. Quando não há energia,n as habilidades não estão disponíveis",#C0x5B545B#[Skill Ball]n หลังจากตีลูกบอลของฝ่ายตรงข้ามได้สำเร็จแล้ว พลังงานจะถูกสะสม 1 แต้ม เมื่อไม่มีพลังงาน ทักษะต่างๆ จะไม่สามารถใช้งานได้
8517,volleyballSkill4,"#C0x5B545B#[Skill Ball]\n After 3 points of energy, you can release First Gear skill at any time. After using it, your ball will be added a attribute slow down, and it will slow down opponent when they touch it.",#C0x5B545B#【技能球】\n 3點能量後可以隨時釋放一檔技能，使用後你的球會附帶屬性減速，觸碰對方會出現減速效果,"#C0x5B545B#[Skill Ball]\n After 3 points of energy, you can release First Gear skill at any time. After using it, your ball will be added a attribute slow down, and it will slow down opponent when they touch it.","#C0x5B545B#【Quả cầu kỹ năng】\n Sau khi tích lũy 3 điểm năng lượng, bạn có thể sử dụng kỹ năng cấp 1 bất cứ lúc nào. Sau khi sử dụng, quả cầu của bạn sẽ có hiệu ứng làm chậm thuộc tính, tiếp xúc với đối phương sẽ gây ra hiệu ứng làm chậm.","#C0x5B545B#[스킬공]\n 에너지 3점 이후 언제나 1단계 스킬을 방출 가능하며, 스킬 사용 후 당신의 공은 감속 속성을 가지고 상대방을 건드리면 감속 효과가 나타나다.","#C0x5B545B#[Skill Ball]n Após 3 pontos de energia, você pode liberar a habilidade First Gear a qualquer momento. Após usá-la, sua bola receberá um atributo de desaceleração, e ela desacelerará o oponente quando ele a tocar.",#C0x5B545B#[Skill Ball]n หลังจากพลังงานครบ 3 แต้ม คุณสามารถปลดปล่อยทักษะเกียร์แรกได้ทุกเมื่อ หลังจากใช้งานแล้ว ลูกบอลของคุณจะถูกเพิ่มคุณสมบัติลดความเร็ว และจะทำให้คู่ต่อสู้ช้าลงเมื่อสัมผัสลูกบอล
8518,volleyballSkill5,"#C0x5B545B#[Skill Ball]\n After 6 points of energy, the Second Gear skill can be released at any time. After use, your ball will have an attribute attack, which will be unstoppable! \n After using the skill, energy will be consumed, please pay attention to the timing of use",#C0x5B545B#【技能球】\n 6點能量後可以隨時釋放二擋技能，使用後你的球會附帶屬性攻擊，將無人可擋！\n 使用技能後會消耗能量，請注意使用時機,"#C0x5B545B#[Skill Ball]\n After 6 points of energy, the Second Gear skill can be released at any time. After use, your ball will have an attribute attack, which will be unstoppable! \n After using the skill, energy will be consumed, please pay attention to the timing of use","#C0x5B545B#【Quả cầu kỹ năng】\nSau 6 điểm năng lượng, bạn có thể sử dụng kỹ năng cấp hai bất cứ lúc nào. Sau khi sử dụng, quả cầu của bạn sẽ có thêm thuộc tính tấn công, không ai có thể cản nổi!\nSử dụng kỹ năng sẽ tiêu hao năng lượng, hãy chú ý thời điểm sử dụng.","#C0x5B545B#[스킬공]\n 에너지 6점 이후 언제나 2단계 스킬을 방출 가능하며, 스킬 사용 후 당신의 공은 공격 속성을 가지고 아무도 막을 수 없다! \n 스킬 사용 후 에너지가 소모될 수 있으니 사용 시기에 주의해주세요.","#C0x5B545B#[Skill Ball]n Após 6 pontos de energia, a habilidade Second Gear pode ser liberada a qualquer momento. Após o uso, sua bola terá um ataque de atributo, que será imparável! n Após usar a habilidade, a energia será consumida, preste atenção ao tempo de uso",#C0x5B545B#[Skill Ball]n หลังจากพลังงานครบ 6 แต้มแล้ว ทักษะเกียร์ที่สองสามารถปลดปล่อยออกมาได้ตลอดเวลา หลังจากใช้งาน ลูกบอลของคุณจะมีการโจมตีด้วยแอตทริบิวต์ที่ไม่อาจหยุดยั้งได้! n หลังจากใช้ทักษะแล้ว พลังงานจะถูกใช้ไป โปรดใส่ใจกับช่วงเวลาในการใช้งาน
8519,firstExit,"If you exit at the current stage, you will not get rewards. Do you want to exit?",當前階段退出將不會獲得獎勵，是否退出？,"If you exit at the current stage, you will not get rewards. Do you want to exit?",Thoát bây giờ sẽ không nhận được phần thưởng. Bạn có muốn thoát không?,현재 퇴장하면 보상을 받지 못 합니다. 퇴장하시겠습니까?,"Se você sair no estágio atual, não receberá recompensas. Você quer sair?",หากออกจากด่านปัจจุบัน คุณจะไม่ได้รับรางวัล คุณต้องการออกจากด่านหรือไม่?
8520,openTomorrow,Unlock tomorrow,明日開啟,Unlock tomorrow,Mở cửa ngày mai,내일 오픈,Desbloqueie amanhã,ปลดล็อคพรุ่งนี้
8521,openDays,Unlock in %s day,%s天后開啟,Unlock in %s day,Bắt đầu sau %s ngày,%s일 후 오픈,Desbloqueie em %s dia,ปลดล็อคใน %s วัน
8522,braveChallengeRecoverTimeTip,%D challenge attempts will be restored after %s,將在%s後恢復%d次挑戰次數,%D challenge attempts will be restored after %s,Sẽ khôi phục %d lượt thử thách sau %s,%s 후에 %d회의 도전 횟수가 회복됩니다,%s tentativas de desafio serão restauradas após %s,%s ความพยายามท้าทายจะได้รับการคืนค่าหลังจาก %s
8523,braveChallengeTip05,You need to select a badge first.,您需要先選擇一個徽章,You need to select a badge first.,Bạn cần chọn một huy hiệu trước.,먼저 배지를 선택해야 합니다.,Você precisa selecionar uma insígnia primeiro.,คุณต้องเลือกตราสัญลักษณ์ก่อน
8524,buyEnergyOverflowTips,"#C0x5B545B#After this purchase, your energy will be#C0xF76B45# exceeding#C0x5B545B# the limit of 3000 energy.The exceeding part#C0xF76B45# will not remain, #C0x5B545B# do you confirm to purchase?",#C0x5B545B#本次購買後體力值將#C0xF76B45#超出#C0x5B545B#極限值3000點，溢出部分體力#C0xF76B45#不予保留，#C0x5B545B#仍然確認購買嗎？,"#C0x5B545B#After this purchase, your energy will be#C0xF76B45# exceeding#C0x5B545B# the limit of 3000 energy.The exceeding part#C0xF76B45# will not remain, #C0x5B545B# do you confirm to purchase?","Sau khi mua hàng này, giá trị thể lực của bạn sẽ vượt quá giới hạn 3000 điểm. Phần thể lực vượt quá sẽ không được giữ lại. Bạn vẫn muốn tiếp tục mua hàng chứ?",#C0x5B545B#이번 구매 후 체력치가 한계치 3000을 #C0xF76B45#넘어 #C0x5B545B#초과된 부분은 #C0xF76B45#보유하지 않습니다. #C0x5B545B#계속 구매하시겠습니까? ,"#C0x5B545B#Após esta compra, sua energia estará#C0xF76B45# excedendo#C0x5B545B# o limite de 3000 energias. A parte excedente#C0xF76B45# não permanecerá, #C0x5B545B# você confirma a compra?","#C0x5B545B#หลังจากการซื้อครั้งนี้ พลังงานของคุณจะเกินขีดจำกัด 3,000 พลังงาน ส่วนที่เกินจะไม่คงอยู่ คุณยืนยันที่จะซื้อหรือไม่"
8525,energyFull,（Energy full）,（體力已滿）,（Energy full）,(HP đầy),(체력 최대),（Energia cheia）,（พลังงานเต็มเปี่ยม）
8526,energyOverflow,（Energy exceeded）,（體力溢出）,（Energy exceeded）,(HP tràn),(체력 초과),（Energia excedida）,(พลังงานเกิน)
8527,signUpFailed,Registration failed,報名失敗,Registration failed,Đăng ký thất bại,등록 실패,Registo falhou,ลงทะเบียนล้มเหลว
8528,braveChallengeRecoverTimeTip02,(%s%d/%d),#F50##C0xFFFFFF##L00100010##LOC0x5B545B##LOS3#（#F50#%s#L00100010##LOC0x5B545B##LOS3#%d#F50##C0xFFFFFF##L00100010##LOC0x5B545B##LOS3#/%d）,(%s%d/%d),(%s%d/%d),(%s%d/%d),(%s%d/%d),(%s%d/%d)
8529,noZawakeCard,No Pokémon with a Z-Move.,沒有可z覺醒的精靈,No Pokémon with a Z-Move.,Không có Pokémon nào có chiêu Z.,Z 기술을 사용할 수 있는 포켓몬이 없습니다.,Nenhum Pokémon com um Z-Move.,ไม่มีโปเกมอนตัวใดที่มีท่า Z-Move
8530,zawakeMegaTip,"#C0xF13B54# %s Tier %s#C0x5b545b# is about to be Mega evolved, after Mega Evolution, #L10##C0x88C855#Z Awake#L0##C0x5b545b# build will be reset, confirm to continue?",#C0xF13B54# %s 階段%s#C0x5b545b#即將被超進化，超進化後，#L10##C0x88C855#Z覺醒#L0##C0x5b545b#培養將被重置，是否繼續？,"#C0xF13B54# %s Tier %s#C0x5b545b# is about to be Mega evolved, after Mega Evolution, #L10##C0x88C855#Z Awake#L0##C0x5b545b# build will be reset, confirm to continue?","#C0xF13B54# Giai đoạn %s của %s#C0x5b545b# sắp Siêu Tiến Hóa. Sau khi Siêu Tiến Hóa, #L10##C0x88C855#Z-Move#L0##C0x5b545b# huấn luyện sẽ bị đặt lại. Bạn có muốn tiếp tục không?","#C0xF13B54# %s단계 %s#C0x5b545b#가 메가진화하려고 합니다. 메가진화 후, #L10##C0x88C855#Z이동#L0##C0x5b545b# 훈련이 초기화됩니다. 계속하시겠습니까?","#C0xF13B54# %s Nível %s#C0x5b545b# está prestes a ser Mega evoluído, após a Mega Evolução, a construção #L10##C0x88C855#Z Awake#L0##C0x5b545b# será reiniciada, confirma para continuar?",#C0xF13B54# %s Tier %s#C0x5b545b# กำลังจะได้รับการพัฒนาแบบ Mega หลังจากการพัฒนาแบบ Mega แล้ว การสร้าง #L10##C0x88C855#Z Awake#L0##C0x5b545b# จะถูกรีเซ็ต ยืนยันเพื่อดำเนินการต่อหรือไม่
8531,zawakeBranchTip,"#C0xF13B54# %s Stage #C0x5b545b# is about to be switched. After the branch switch, #L10##C0x88C855#Z-Move#L0##C0x5b545b# training will be reset. Do you want to continue?",#C0xF13B54# %s 階段%s#C0x5b545b#即將被分支切換，分支切換後，#L10##C0x88C855#Z覺醒#L0##C0x5b545b#培養將被重置，是否繼續？,"#C0xF13B54# %s Stage #C0x5b545b# is about to be switched. After the branch switch, #L10##C0x88C855#Z-Move#L0##C0x5b545b# training will be reset. Do you want to continue?","#C0xF13B54# Giai đoạn %s #C0x5b545b#sắp được chuyển nhánh. Sau khi chuyển nhánh, #L10##C0x88C855#Z-Move#L0##C0x5b545b# huấn luyện sẽ bị đặt lại. Bạn có muốn tiếp tục không?","#C0xF13B54# %s 단계#C0x5b545b#가 분기 전환될 예정입니다. 분기 전환 후, #L10##C0x88C855#Z기술#L0##C0x5b545b# 육성이 초기화됩니다. 계속하시겠습니까?","#C0xF13B54# Fase %s #C0x5b545b#está prestes a ser alterada. Após a alteração de ramificação, #L10##C0x88C855#Z-Move#L0##C0x5b545b# o treinamento será redefinido. Deseja continuar?",#C0xF13B54# ขั้นตอน %s #C0x5b545b#กำลังจะถูกเปลี่ยนสาขา หลังจากเปลี่ยนสาขาแล้ว #L10##C0x88C855#Z-Move#L0##C0x5b545b# การฝึกฝนจะถูกรีเซ็ต คุณต้องการจะดำเนินการต่อหรือไม่
8532,bcActivityNextTime,Countdown to the next period: %s,下一期開啟倒計時: %s,Countdown to the next period: %s,Đếm ngược đến kỳ tiếp theo: %s,다음 기간까지 카운트다운: %s,Tempo até o próximo evento: %s,เวลาจนถึงเหตุการณ์ถัดไป: %s
8533,zawakeNoPreviewSkill,This Pokémon's Z-Move is not yet available.,該精靈Z覺醒暫未開啟,This Pokémon's Z-Move is not yet available.,Đòn Z của Pokémon này chưa được mở khóa.,이 포켓몬의 Z기술은 아직 사용할 수 없습니다.,O despertar Z está temporariamente indisponível para este pokemon,การตื่นของ Z ไม่สามารถใช้งานได้ชั่วคราวสำหรับโปเกมอนตัวนี้
8534,DrawTimesNotEnough,Insufficient prayer attempts,祈願次數不足,Insufficient prayer attempts,Số lần cầu nguyện không đủ,기도 횟수 부족,chance de desejar insuficiente,โอกาสปรารถนาไม่เพียงพอ
8535,buildingCenter,City center,市中心,City center,Trung tâm thành phố,시내 중심,Centro da cidade,ศูนย์กลางเมือง
8536,upgrading,Updating,升級中,Updating,Đang cập nhật,업데이트 중,Atualizando,การอัพเกรด
8537,toAchieve,Achieved,達到,Achieved,Đạt được,달성하다,Alcançou,สำเร็จแล้ว
8538,toAchieveLittleHome,Number of interior decorations reached,內裝飾數量達到,Number of interior decorations reached,Số lượng đồ trang trí nội thất đã đạt,내부 장식 개수 달성,O número de decorações foi atingido.,จำนวนการตกแต่งครบแล้ว
8539,littleHomeSense,Cabin scene,小屋場景,Cabin scene,Cảnh trong túp lều,오두막 장면,Pequena casa,บ้านหลังเล็ก
8540,finishAtOnce,Complete Now,立即完成,Complete Now,Hoàn thành ngay,지금 완료,Quase completo,เกือบเสร็จสมบูรณ์แล้ว
8541,lvUpCostTime,Upgrade Time,升級耗時,Upgrade Time,Thời gian nâng cấp,업그레이드 시간,Tempo necessário para atualização,เวลาที่ใช้ในการอัพเกรด
8542,lvUpCost,Upgrade requires,升級還需,Upgrade requires,Cần nâng cấp,업그레이드 필요,A atualização requer,การอัพเกรดต้องใช้
8543,zawakeNoActiveTip,(Condition not met),（條件不滿足）,(Condition not met),(Điều kiện không được đáp ứng),(조건 미달),(As condições não foram satisfeitas),(ไม่เป็นไปตามเงื่อนไข)
8544,zawakeActivateAttrs,Requires additional attribute activation,額外屬性啟動需要,Requires additional attribute activation,Yêu cầu kích hoạt thuộc tính bổ sung,추가 속성 활성화 필요,Ativação de atributo adicional necessária,จำเป็นต้องมีการเปิดใช้งานคุณสมบัติเพิ่มเติม
8545,zawakeActivateScene,Scene property activation required,場景屬性啟動需要,Scene property activation required,Cần kích hoạt thuộc tính hiện trường,현장 속성 활성화 필요,Necessário para ativação de atributo de cena,จำเป็นสำหรับการเปิดใช้งานคุณลักษณะฉาก
8546,zawakeActivateSkillID,Effect activation requires,效果啟動需要,Effect activation requires,Cần kích hoạt hiệu ứng,효과 활성화에 필요합니다,Ativação de efeito necessária,จำเป็นต้องมีการเปิดใช้งานเอฟเฟกต์
8547,upgradeWithSpace,Level,升 級,Level,Thăng cấp,레벨업,Atualizar,อัพเกรด
8548,noTicketDraw,You don't have any prayer attempts yet~,你還沒有祈福次數呢~,You don't have any prayer attempts yet~,Bạn chưa có lần cầu nguyện nào~,아직 축복 횟수가 없습니다~,Você ainda não tem a chance de desejar.,คุณยังไม่มีโอกาสปรารถนา
8549,midAutumnGet,"With the blessing of a lucky charm, I received a lucky blessing~",#Pfont/youmi1.ttf##C0xFFFCED##L00100000##LOC0x5b545b##LOS6#有幸運簽的加持，收穫了一份幸運的祝福~,"With the blessing of a lucky charm, I received a lucky blessing~","Nhờ có lá bùa may mắn, mình đã nhận được một lời chúc phúc may mắn~",#Pfont/youmi1.ttf##C0xFFFCED##L00100000##LOC0x5b545b##LOS6#복을 빌 때 행운을 받아 베스트 보상을 획득!!,"Com a bênção de um amuleto de sorte, recebi uma bênção de sorte~",ด้วยพรจากเครื่องรางนำโชค ได้รับพรแห่งความโชคดี~
8550,midAutumnCanDraw,Can be blessed %d times,可祈福%d次,Can be blessed %d times,Có thể cầu phúc %d lần,축복 횟수: %d회,Desejando chances %s,ขอโอกาส %s
8551,midAutumnDraw,Moonlit Prayer,月圓祈福,Moonlit Prayer,Lễ cầu nguyện dưới ánh trăng,보름달 축복,Desejo de lua cheia,ขอพรพระจันทร์เต็มดวง
8552,midAutumnGetTicket,#C0xFFFCED#Congratulations on obtaining#C0xECB72A# Lucky Draw · %s,#C0xFFFCED#恭喜獲得#C0xECB72A#幸運簽 · %s,#C0xFFFCED#Congratulations on obtaining#C0xECB72A# Lucky Draw · %s,#C0xFFFCED#Chúc mừng bạn đã nhận được#C0xECB72A# Vé may mắn · %s,#C0xECB72A#행운판 · %s #C0xFFFCED#획득을 축하드립니다.,#C0xFFFCED#Parabéns pela vitória#C0xECB72A#sorteio · %s,#C0xFFFCED#ยินดีด้วยกับชัยชนะ#C0xECB72A#การจับฉลากผู้โชคดี · %s
8553,midAutumnGetTicketInfo,#C0xFFFCED#Collected %d lucky tickets! Wishing you the best of luck next time!,#C0xFFFCED#積攢%d個幸運簽祝你下次好運難擋！,#C0xFFFCED#Collected %d lucky tickets! Wishing you the best of luck next time!,#C0xFFFCED#Đã tích lũy được %d vé may mắn! Chúc bạn may mắn lần sau!,#C0xFFFCED#행운판 %d개를 모아서 다음 행운을 기원합니다!,#C0xFFFCED# pegue %s ingressos! Desejo-lhe mais sorte na próxima vez!,#C0xFFFCED# รับตั๋ว %s ใบ! ขอให้คุณโชคดีในครั้งหน้า!
8554,midAutumnGetTimes,Received %d Blessings,獲得祈福次數%d次,Received %d Blessings,Nhận được %d Lần Phước lành,축복 횟수 %d회를 획득,%s desejos recebidos,ได้รับคำอวยพร %s รายการ
8555,midAutumnNote,Record,記錄,Record,Ghi chép,기록,História,ประวัติศาสตร์
8556,midAutumnTask,Blessing Task,祈福任務,Blessing Task,Nhiệm vụ cầu nguyện,축복 임무,Desejando tarefas,ภารกิจแห่งความปรารถนา
8557,midAutumnBlessNote,Prayer Record,祈福記錄,Prayer Record,Ghi chép cầu nguyện,축복 기록,Desejando História,ประวัติความปรารถนา
8558,midAutumnDrawTime,#C0x5B545B##L10#%dth Prayer,#C0x5B545B##L10#第%d次祈福,#C0x5B545B##L10#%dth Prayer,#C0x5B545B##L10#Lần cầu nguyện thứ %d,#C0x5B545B##L10#%d번째 축복,#C0x5B545B##L10# o tempo %s deseja,#C0x5B545B##L10# เวลา %s ที่ต้องการ
8559,midAutumnTicket1,Poem,賦詩,Poem,Bài thơ,풍월,Compor poesia,แต่งบทกวี
8560,midAutumnTicket2,Cooked Wine,煮酒,Cooked Wine,Rượu nấu chín,송편,Degustação de vinhos,การชิมไวน์
8561,midAutumnTicket3,Watching the Tide,觀潮,Watching the Tide,Ngắm thủy triều,윷놀이,Observando a maré,ชมกระแสน้ำ
8562,midAutumnTicket4,Burning Lamp,燃燈,Burning Lamp,Đèn đang cháy,연등,Acendendo a lâmpada,การจุดไฟโคมไฟ
8563,midAutumnTicket5,Moon viewing,賞月,Moon viewing,Ngắm trăng,달구경,Observando a lua,การดูพระจันทร์
8564,midAutumnGetBestNote,"#C0x5C9971#This month's Full Moon Blessing received a lucky draw bonus, obtaining:",#C0x5C9971#本次月圓祈福受到好運簽加持，獲得:,"#C0x5C9971#This month's Full Moon Blessing received a lucky draw bonus, obtaining:","#C0x5C9971#Lễ cầu nguyện Trăng tròn tháng này được tăng cường bởi lá thăm may mắn, nhận được:",#C0x5C9971#이번 보름달 축복에서 행운을 받아 아래 보상을 획득했습니다:,"#C0x5C9971# Este desejo de lua cheia é abençoado com boa sorte, você ganhou:",#C0x5C9971# คำอธิษฐานพระจันทร์เต็มดวงนี้ได้รับพรให้โชคดี คุณได้รับชัยชนะ:
8565,midAutumnGetNote,#C0x5B545B#Obtained from this month's Full Moon Prayer:,#C0x5B545B#本次月圓祈福獲得:,#C0x5B545B#Obtained from this month's Full Moon Prayer:,#C0x5B545B#Nhận được từ Lễ cầu nguyện trăng tròn tháng này:,#C0x5C9971#이번 보름달 축복에서 아래 보상을 획득했습니다:,#C0x5B545B# Este desejo de lua cheia ganhou:,#C0x5B545B# คำอธิษฐานพระจันทร์เต็มดวงนี้ได้รับชัยชนะ:
8566,midAutumnRule,Moonlit Prayer Explanation,月圓祈福說明,Moonlit Prayer Explanation,Giải thích Lời Nguyện Cầu Trăng Tròn,보름달 축복 규칙,Descrição do desejo de lua cheia,คำอธิบายคำอธิษฐานพระจันทร์เต็มดวง
8567,ordinaryReward,Normal Reward,普通獎勵,Normal Reward,Phần thưởng bình thường,일반 보상,Recompensas regulares,รางวัลประจำ
8568,bestReward,Best Reward,最佳獎勵,Best Reward,Phần thưởng tốt nhất,베스트 보상,Melhores recompensas,รางวัลที่ดีที่สุด
8569,specialGet,Way,獲取,Way,Thu hoạch,획득,Caminho,ทาง
8570,specialWay,to get,途徑,to get,được đường tắt,경로,obter,ที่จะได้รับ
8571,zawakeExtraAttr,Attribute Boost,屬性增強,Attribute Boost,Tăng cường thuộc tính,속성 강화,Atributo aprimorado,เพิ่มคุณสมบัติ
8572,zawakeExtraScene,Stage Attribute Bonus,場景屬性加成,Stage Attribute Bonus,Tăng cường thuộc tính sân khấu,무대 속성 보너스,Bônus de atributo de cena,โบนัสคุณลักษณะฉาก
8573,zawakeNotOpen,(Not yet open),（暫未開放）,(Not yet open),(Chưa mở),(아직 열리지 않음),(Ainda não aberto),(ยังไม่เปิด)
8574,unionFight,Union War,公會戰,Union War,Chiến Tranh Bang Hội,길드전,Guerra da União,สงครามสหภาพ
8575,crossOnlineFight,PvP Arena,對戰競技場,PvP Arena,Sân vận động chiến đấu,대전 아레나,Arena PvP,อารีน่า PvP
8576,gym,Gym Challenge,道館挑戰,Gym Challenge,Thử thách phòng Gym,체육관 도전,Desafio de Ginástica,ยิมชาเลนจ์
8577,gymPvp,Cross-Server Gym Challenge,跨服道館挑戰,Cross-Server Gym Challenge,Thử thách phòng Gym liên server,글로벌 체육관 도전,Desafio de ginásio entre servidores,ยิมท้าทายข้ามเซิร์ฟเวอร์
8578,crossMineBoss,Cross-server Commercial Street Boss Challenge,跨服商業街Boss挑戰,Cross-server Commercial Street Boss Challenge,Thử thách Boss phố thương mại liên server,글로벌 상가 Boss도전,Desafio do chefe do shopping entre servidores,ความท้าทายบอสห้างสรรพสินค้าข้ามเซิร์ฟเวอร์
8579,hunting,Hunting Ground,狩獵地帶,Hunting Ground,Vùng săn bắn,사냥터,caça,การล่าสัตว์
8580,townShop,Decoration Shop,裝飾商店,Decoration Shop,Cửa hàng trang trí,장식 상점,loja da cidade,ร้านค้าในเมือง
8581,townShopAll,All,全部,All,Tất cả,모두,Todos,ทั้งหมด
8582,townShopNoSearch,Can't find the item you're looking for!,搜不到你想要的商品！,Can't find the item you're looking for!,Không tìm thấy sản phẩm bạn muốn!,찾고 있는 상품을 찾을 수 없습니다!,Não é possível encontrar o item desejado,ไม่พบสินค้าที่คุณต้องการ
8583,townCollectionLevel,Collected %d level,收藏%d級,Collected %d level,Thu thập cấp %d,%d레벨 수집됨,Nível de coleção %s,ระดับคอลเลกชัน %s
8584,townCollected,Collected %d/%d,已收藏%d/%d,Collected %d/%d,Đã thu thập %d/%d,%d/%d개 수집됨,Coletado %s/%s,เก็บรวบรวมแล้ว %s/%s
8585,townCollectionBelong,Belongs to %s-%s decoration,屬於%s-%s裝飾,Belongs to %s-%s decoration,Thuộc về đồ trang trí %s-%s,%s-%s 장식에 속함,Pertence à coleção %s-%s,เป็นของคอลเลกชัน %s-%s
8586,townCollectionHaveNum,piece,件,piece,mảnh,개,Peças,ชิ้นส่วน
8587,townCollectionHad,Collected:,已收集:,Collected:,Đã thu thập:,수집됨:,Colecionado,เก็บรวบรวม
8588,midAutumnTips,"After collecting all the lucky charms, praying again will definitely grant you the luckiest blessing~",集齊幸運簽後再次祈福比可獲得最幸運的祝福~,"After collecting all the lucky charms, praying again will definitely grant you the luckiest blessing~","Sau khi thu thập đủ các lá bùa may mắn, cầu nguyện lần nữa chắc chắn sẽ mang lại cho bạn lời chúc phúc may mắn nhất~","매번 복을 빌 때마다 베스트를 당첨 확률이 높아지며, 행운판을 모두 모은 후 다시 복을 빌 면 베스트 보상을 반드시 획득한다.","Depois de coletar todos os números da sorte e orar novamente, você definitivamente receberá a bênção mais sortuda~",หลังจากรวบรวมเลขเด็ดทั้งหมดแล้วและสวดมนต์อีกครั้ง คุณจะได้รับพรอันโชคดีที่สุดแน่นอน~
8589,messageIsFull,"Mailbox is full, please clean it up in time.",郵件已滿，請及時清理,"Mailbox is full, please clean it up in time.","Hộp thư đã đầy, vui lòng dọn dẹp kịp thời.",메일함이 가득 찼습니다. 시간을 내어 정리해 주세요.,"A caixa de correio está cheia, limpe-a a tempo",กล่องจดหมายเต็ม กรุณาเคลียร์ให้เรียบร้อย
8590,zawakeStageAwake,Stage %s Unlock Condition,階段%s解鎖條件,Stage %s Unlock Condition,Điều kiện mở khóa giai đoạn %s,단계 %s 해제 조건,Requisitos para desbloquear o nível,ข้อกำหนดในการปลดล็อคระดับ
8591,zawakeStageLevelAwake,Stage %s Activation Condition,階段%s啟動條件,Stage %s Activation Condition,Điều kiện kích hoạt cấp độ %s,단계 %s 활성화 조건,Requisitos para ativar o nível,ข้อกำหนดในการเปิดใช้งานระดับ
8592,mailRule,[Upper Limit Explanation],【上限說明】,[Upper Limit Explanation],[Giải thích giới hạn trên],[상한 설명],Descrição limitada,คำอธิบายที่จำกัด
8593,buildingsLevelUpTips,Downtown upgrade requires %s more.  Consume %s#Icommon/icon/icon_diamond.png-56-56# to complete now?,#C0x5B545B# 市中心升級還需 %s，是否消耗：%s#Icommon/icon/icon_diamond.png-56-56#，立即完成？,Downtown upgrade requires %s more.  Consume %s#Icommon/icon/icon_diamond.png-56-56# to complete now?,Nâng cấp trung tâm thành phố cần thêm %s. Có muốn sử dụng: %s#Icommon/icon/icon_diamond.png-56-56# để hoàn thành ngay không?,시내 업그레이드에 %s이 더 필요합니다. %s#Icommon/icon/icon_diamond.png-56-56#을 사용하여 지금 완료하시겠습니까?,"#C0x5B545B# a atualização do centro da cidade requer %s, confirme para usar:%s#Icommon/icon/icon_diamond.png-56-56#, conclua imediatamente?",#C0x5B545B# การปรับปรุงศูนย์กลางเมืองต้องใช้ %s，ยืนยันการใช้：%s#Icommon/icon/icon_diamond.png-56-56#，เสร็จสิ้นทันที？
8594,town,Home,家園,Home,Nhà,고향,cidade,เมือง
8595,preliminary,Preliminary round,初賽,Preliminary round,Vòng sơ loại,예선,preliminares,เบื้องต้น
8596,finalMatch,Final,決賽,Final,Chung kết,결승전,partida final,นัดชิงชนะเลิศ
8597,guess,Guessing Game,競猜,Guessing Game,Trò chơi đoán,추측 게임,adivinhar,เดา
8598,easternConstructionGroup,Eastern Construction Corps,東部營造團,Eastern Construction Corps,Đoàn Xây Dựng Phương Đông,동부 건설단,Equipe oriental,ทีมภาคตะวันออก
8599,southernConstructionGroup,Southern Construction Team,南部營造團,Southern Construction Team,Đội xây dựng phía Nam,남부 건설팀,Equipe do sul,ทีมภาคใต้
8600,westernConstructionGroup,Western Construction Corps,西部營造團,Western Construction Corps,Đoàn Xây dựng Phương Tây,서부 건설단,Equipe ocidental,ทีมฝั่งตะวันตก
8601,northernConstructionGroup,Northern Construction Corps,北部營造團,Northern Construction Corps,Đoàn Xây Dựng Phía Bắc,북부 건설단,Equipe do Norte,ทีมภาคเหนือ
8602,preliminaryMatchTip,#C0x5B545B# Each battle group only has one guess chance. Do you want to use %d #Icommon/icon/icon_ghb.png-56-56# to guess the current guild?,該戰鬥組只有一次競猜機會，是否消耗%d公會幣競猜當前公會？,#C0x5B545B# Each battle group only has one guess chance. Do you want to use %d #Icommon/icon/icon_ghb.png-56-56# to guess the current guild?,#C0x5B545B# Mỗi nhóm chiến đấu chỉ có một lần đoán. Bạn có muốn sử dụng %d #Icommon/icon/icon_ghb.png-56-56# để đoán hội hiện tại không?,#C0x5B545B# 각 전투 그룹은 한 번만 추측할 수 있습니다. %d #Icommon/icon/icon_ghb.png-56-56#을 사용하여 현재 길드를 추측하시겠습니까?,"#C0x5B545B# para cada equipe há apenas uma chance de adivinhar, confirme para escolher: %s#Icommon/icon/icon_ghb.png-56-56# união atual？",#C0x5B545B# สำหรับแต่ละทีมมีเพียงโอกาสเดียวในการเดา ยืนยันการเลือก: %s#Icommon/icon/icon_ghb.png-56-56# สหภาพปัจจุบัน？
8603,finalMatchTip,"#C0x5B545B#The finals only have one guess chance, do you want to spend %d #Icommon/icon/icon_ghb.png-56-56# guild coins to guess the current guild?",決賽只有一次競猜機會，是否消耗%d公會幣競猜當前公會？,"#C0x5B545B#The finals only have one guess chance, do you want to spend %d #Icommon/icon/icon_ghb.png-56-56# guild coins to guess the current guild?","#C0x5B545B#Chung kết chỉ có một cơ hội dự đoán, bạn có muốn sử dụng %d #Icommon/icon/icon_ghb.png-56-56# xu hội để dự đoán hội hiện tại không?",#C0x5B545B#결승전에는 예측 기회가 한 번뿐입니다. %d#Icommon/icon/icon_ghb.png-56-56# 길드 코인을 사용하여 현재 길드를 예측하시겠습니까?,"A partida final de #C0x5B545B# tem apenas uma chance de adivinhar, confirme sua escolha: %s#Icommon/icon/icon_ghb.png-56-56# para usar moedas na união atual?",#C0x5B545B# การแข่งขันรอบชิงชนะเลิศมีเพียงโอกาสเดียวในการเดา ยืนยันการเลือกของคุณ: %s#Icommon/icon/icon_ghb.png-56-56# จะใช้เหรียญในสหภาพปัจจุบันหรือไม่
8604,townRest,Pokémon Rest,精靈小憩,Pokémon Rest,Pokémon Nghỉ Ngơi,포켓몬 휴식,Descansar,พักผ่อน
8605,townRestHour,hour,/小時,hour,giờ,시간,/hora,/ชั่วโมง
8606,townRestFullAndLeave,"%s's energy is full, and they have left the yard.",精力回滿，已離開院子,"%s's energy is full, and they have left the yard.","Năng lượng của %s đã đầy, và họ đã rời khỏi sân.","%s의 기력이 완전히 회복되었으며, 마당을 떠났습니다.",%s Pokémons se recuperaram completamente e foram embora.,%s โปเกมอนฟื้นตัวเต็มที่และจากไปแล้ว
8607,townRestDownConfirm,Should %s leave the yard even though their energy isn't fully restored?,該精靈精力未回滿，仍然要其離開院子嗎？,Should %s leave the yard even though their energy isn't fully restored?,"%s vẫn chưa hồi phục hoàn toàn, vẫn muốn nó rời khỏi sân không?","%s의 기력이 아직 완전히 회복되지 않았는데, 여전히 마당에서 나가게 해야 합니까?",%s o pokemon ainda não se recuperou completamente. Tem certeza de que deseja retirar?,%s โปเกมอนยังไม่ฟื้นตัวเต็มที่ คุณแน่ใจหรือไม่ว่าต้องการถอนตัว?
8608,townRestLevelMax,Rest has been upgraded to its current maximum level.,小憩已升級至目前最高等級,Rest has been upgraded to its current maximum level.,Nghỉ ngơi đã được nâng cấp lên cấp độ tối đa hiện tại.,휴식이 현재 최고 레벨로 업그레이드되었습니다.,O descanso atingiu o nível máximo,พักผ่อนได้ถึงระดับสูงสุดแล้ว
8609,townRestWorking,Working,工作中,Working,Đang làm việc,작업 중입니다,trabalhando,การทำงาน
8610,townRestAdventure,In adventure,冒險中,In adventure,Trong cuộc phiêu lưu,모험 중,aventurando-se,การผจญภัย
8611,townRestCanNotBeSelect,The current Pokémon cannot be selected.,當前精靈不可被選中,The current Pokémon cannot be selected.,Pokémon hiện tại không thể được chọn.,현재 포켓몬을 선택할 수 없습니다.,incapaz de escolher este pokemon,ไม่สามารถเลือกโปเกม่อนตัวนี้ได้
8612,townRestCardFull,The maximum number of resting Pokémon has been reached.,當前休息精靈個數已上限,The maximum number of resting Pokémon has been reached.,Số lượng Pokémon đang nghỉ ngơi đã đạt tối đa.,휴식 중인 포켓몬의 수가 최대치에 도달했습니다.,o numero de pokemon no resto atingiu o limite maximo,จำนวนโปเกมอนที่เหลือได้ถึงขีดจำกัดสูงสุดแล้ว
8613,townRestNoCardBeSelect,No Pokémon were selected this time!,本次未選擇任何精靈哦！,No Pokémon were selected this time!,Lần này không chọn Pokémon nào cả!,이번에는 포켓몬을 하나도 선택하지 않았습니다!,você ainda não escolheu nenhum pokémon,คุณยังไม่ได้เลือกโปเกมอนตัวใดเลย
8614,townRestNoCardSelect,The chosen Pokémon has entered the courtyard to rest!,選擇的精靈已進入院子小憩！,The chosen Pokémon has entered the courtyard to rest!,Pokémon đã được chọn đã vào sân để nghỉ ngơi!,선택된 포켓몬이 마당에 들어가서 쉬고 있습니다!,o pokemon escolhido entrou,โปเกมอนที่ถูกเลือกได้เข้ามาแล้ว
8615,unionfightComing,"Battle Guild assembling, please wait",戰鬥公會集結中，敬請期待,"Battle Guild assembling, please wait","Bang hội chiến đấu đang tập hợp, vui lòng chờ",전투 길드 집결 중입니다. 기대해주세요,a luta sindical está chegando,การต่อสู้ของสหภาพกำลังจะมาถึง
8616,timingTime,%04d.%02d.%02d,%04d.%02d.%02d,%04d.%02d.%02d,%04d.%02d.%02d,%04d.%02d.%02d,%04d.%02d.%02d,%04d.%02d.%02d
8617,ministryHouseBattle,Room Rumble,房間大作戰,Room Rumble,Trận chiến phòng,방 대작전,ministério casa batalha,การต่อสู้ของกระทรวงบ้าน
8618,openingTime,Start Time:,啟始時間：,Start Time:,Thời gian bắt đầu:,시작 시간:,hora de abertura,เวลาเปิดทำการ
8619,mainBattlefield,Main Stage,主賽場,Main Stage,Sân chính,메인 스테이지,campo de batalha principal,สนามรบหลัก
8620,roleBattlefield,My Battlefield,我的賽場,My Battlefield,Sân đấu của tôi,나의 전장,meu campo de batalha,สนามรบของฉัน
8621,finalMatchNotStart,Finals prediction not yet open,決賽競猜未開啟,Finals prediction not yet open,Dự đoán chung kết chưa mở,결승 예상 열리지 않음,as apostas da partida final não são abertas,เดิมพันนัดชิงชนะเลิศยังไม่เปิด
8622,resetTask,Daily reset tasks at %d,每日%d點重置任務,Daily reset tasks at %d,Nhiệm vụ đặt lại hàng ngày lúc %d,매일 %d시에 임무 리셋,As tarefas serão redefinidas em %s,งานจะถูกรีเซ็ตในวันที่ %s
8623,zawakeAttrGemQuality,#C0x5B545B#Shard Index reached %s,#C0x5B545B#符石指數達到 %s,#C0x5B545B#Shard Index reached %s,#C0x5B545B#Chỉ số Mảnh ghép đạt %s,#C0x5B545B#조각 지수 %s 달성,#C0x5B545B#A qualidade da gema atingiu %s,#C0x5B545B#คุณภาพอัญมณีถึง %s แล้ว
8624,furnitureRare,Rare,稀有,Rare,Hiếm,희귀한,Cru,หายาก
8625,guessGainTip,Rewards will be sent via email.,獎勵將透過郵件發送,Rewards will be sent via email.,Phần thưởng sẽ được gửi qua email.,보상이 이메일로 발송됩니다.,Colete recompensas pelo correio,รับรางวัลจากจดหมาย
8626,guessExtraAward,Congratulations on receiving an extra reward!,恭喜獲得額外獎勵！,Congratulations on receiving an extra reward!,Chúc mừng bạn đã nhận được phần thưởng thêm!,추가 보상을 받으셨습니다!,Parabéns por receber recompensas extras,แสดงความยินดีกับการได้รับรางวัลเพิ่ม
8627,waitBet,Waiting for bets,等待下注,Waiting for bets,Đang chờ đặt cược,베팅 대기 중,esperando por apostas,กำลังรอการเดิมพัน
8628,beted,Already guessed,已猜中,Already guessed,Đã đoán,이미 맞혔습니다,apostado,เดิมพัน
8629,zawakeNormalSkill,Normal Attack,普攻,Normal Attack,Đòn tấn công thường,일반 공격,habilidades normais,ทักษะปกติ
8630,zawakeSmallSkill,Small Skill,小技能,Small Skill,Kỹ năng nhỏ,소규모 기술,pequenas habilidades,ทักษะเล็กๆ น้อยๆ
8631,zawakeBigSkill,Big move,大招,Big move,Đòn đánh lớn,필살기,habilidades máximas,ทักษะขั้นสูงสุด
8632,zawakePassiveSkill,Passive,被動,Passive,Thụ động,패시브,habilidades passivas,ทักษะเชิงรับ
8633,zawakeSimpleType1,With additional effects,附帶額外效果,With additional effects,Với hiệu ứng bổ sung,추가 효과와 함께,efeitos extras,เอฟเฟกต์พิเศษ
8634,zawakeSimpleType2,Effect Intensified,效果強化,Effect Intensified,Hiệu ứng được tăng cường,효과 강화,O efeito foi fortalecido,ผลที่ได้มีความแข็งแกร่งมากขึ้น
8635,townCollectionSeriesName,[%s] series,[%s]系列,[%s] series,Series [%s],[%s] 시리즈,[%s]série,[%s]ซีรี่ส์
8636,townShopTip,So many decorative items!,超多裝飾好物！,So many decorative items!,Rất nhiều đồ trang trí!,정말 많은 장식품!,Tantos itens decorativos!,ของตกแต่งมากมาย!
8637,buildOrganization1,East,東部,East,Đông,동부,Oriental,ภาคตะวันออก
8638,buildOrganization2,South,南部,South,Nam,남부,Sulista,ภาคใต้
8639,buildOrganization3,West,西部,West,Tây,서쪽,Ocidental,ทางทิศตะวันตก
8640,buildOrganization4,North,北部,North,Phía Bắc,북부,Norte,ภาคเหนือ
8641,finalStage,"The final battle approaches, fight for the champion's glory!",決戰來臨，爭奪冠軍的榮耀,"The final battle approaches, fight for the champion's glory!","Trận chiến cuối cùng sắp đến, tranh giành vinh quang của nhà vô địch!",결전이 다가온다. 챔피언의 영광을 위해 싸워라!,"A partida final chegou, lute pela glória do campeonato",นัดชิงชนะเลิศมาถึงแล้ว สู้เพื่อศักดิ์ศรีแห่งแชมป์
8642,finalUpcoming,"The finals will begin this Sunday. Please be prepared, guilds that ranked first in each group.",決賽將在本週日開始，請各組第一的公會做好準備,"The finals will begin this Sunday. Please be prepared, guilds that ranked first in each group.",Chung kết sẽ bắt đầu vào Chủ nhật này.  Các bang hội đứng nhất mỗi bảng hãy chuẩn bị sẵn sàng.,결승전은 이번 주 일요일에 시작됩니다. 각 조 1위 길드는 준비를 해주세요.,"As finais começam neste domingo, a primeira união de cada grupo, por favor, prepare-se",การแข่งขันรอบชิงชนะเลิศจะเริ่มในวันอาทิตย์นี้ สหภาพแรกในแต่ละกลุ่มโปรดเตรียมตัวให้พร้อม
8643,battleChampion,Champion Battle,冠軍之戰,Champion Battle,Trận chiến vô địch,챔피언 배틀,Campeonato,แชมป์เปี้ยนชิพ
8644,finalStageTime,21:00 Start,21:00正式開始,21:00 Start,21:00 bắt đầu,21:00 시작,Início às 21:00,เริ่มเวลา 21:00 น.
8645,battleBeginning,First round scramble countdown,第一輪搶奪開賽倒數計時,First round scramble countdown,Đếm ngược bắt đầu vòng tranh giành đầu tiên,1라운드 쟁탈전 시작 카운트다운,contagem regressiva para a primeira rodada da batalha,นับถอยหลังสู่รอบแรกของการต่อสู้
8646,roundBattle,Round %d,第 %d 回合戰鬥,Round %d,Vòng %d,%d라운드,a %s rodada de batalha,รอบการต่อสู้ %s
8647,afterFinish,After the battle ends,戰鬥結束後,After the battle ends,Sau khi trận đấu kết thúc,전투 종료 후,terminou em,สิ้นสุดใน
8648,sixMankindConstruction,Six-person construction crew,六人施工組,Six-person construction crew,Đội xây dựng sáu người,6인 시공팀,Equipe de construção de 6 pessoas,ทีมงานก่อสร้าง 6 คน
8649,fourMankindConstruction,Four-person survey team,四人勘測組,Four-person survey team,Đội khảo sát bốn người,4인 탐사팀,Equipe de pesquisa de 4 pessoas,ทีมสำรวจ 4 คน
8650,oneMankindConstruction,One-person design team,一人設計組,One-person design team,Nhóm thiết kế một người,1인 디자인팀,Equipe de design de 1 pessoa,ทีมออกแบบ 1 คน
8651,crossUnionFightPrepare,"Battlefield selection ends at 20:50, official start at 21:00",20:50截止選擇戰場，21:00正式開賽,"Battlefield selection ends at 20:50, official start at 21:00","20:50 kết thúc chọn chiến trường, 21:00 chính thức bắt đầu","20:50에 전장 선택 마감, 21:00에 공식적으로 시작","O prazo para seleção do campo de batalha é 20:50, e a partida começa oficialmente às 21:00",กำหนดเส้นตายการเลือกสนามรบคือ 20:50 น. และการแข่งขันจะเริ่มอย่างเป็นทางการเวลา 21:00 น.
8652,preliminaryContest,Preliminary round,初賽階段,Preliminary round,Vòng sơ loại,예선,fase preliminar,ขั้นเบื้องต้น
8653,organization,Team Battle,團戰,Team Battle,Trận chiến đồng đội,팀 배틀,equipe de construção,ทีมงานก่อสร้าง
8654,homeFloorInfo01,First floor,一樓,First floor,Tầng một,1층,primeiro andar,ชั้นหนึ่ง
8655,homeFloorInfo02,Second floor,二樓,Second floor,Tầng hai,2층,segundo andar,ชั้นสอง
8656,homeFloorInfo03,Third floor,三樓,Third floor,Tầng ba,3층,terceiro andar,ชั้นสาม
8657,homeCurPlan,Current Plan,目前方案,Current Plan,Kế hoạch hiện tại,현재 계획,plano atual,แผนปัจจุบัน
8658,homeFurnitureNoEnough,Insufficient furniture,家具數量不足,Insufficient furniture,Thiếu đồ đạc,가구 부족,não há mobília suficiente,เฟอร์นิเจอร์ไม่เพียงพอ
8659,homeFurnitureEnough,The cottage is full; there's no space left to decorate.,小屋佈置已經滿了，沒有空間可以佈置了,The cottage is full; there's no space left to decorate.,"Nhà đã đầy đồ trang trí rồi, không còn chỗ để trang trí nữa.",오두막 장식이 가득 차서 더 이상 장식할 공간이 없습니다.,sua casa está lotada. não há mais espaço para a decoração.,บ้านของคุณแน่นไปหมด ไม่มีพื้นที่เหลือสำหรับตกแต่งอีกแล้ว
8660,homeChangeHomeName,Change Hut Name,修改小屋名稱,Change Hut Name,Đổi tên nhà,오두막 이름 변경,mude o nome da sua casa,เปลี่ยนชื่อบ้านของคุณ
8661,homeDelSuccess,Deletion successful,刪除成功,Deletion successful,Xóa thành công,삭제 성공,excluído com sucesso,ลบสำเร็จแล้ว
8662,homeDelPlanTip,Delete the current plan?,是否刪除目前的方案？,Delete the current plan?,Xóa phương án hiện tại?,현재 계획을 삭제하시겠습니까?,#C0x5B545B# confirmar para excluir o plano atual?,#C0x5B545B# ยืนยันการลบแผนปัจจุบันใช่ไหม?
8663,homeUsePlanTip,Confirm using plan %d to overwrite the current cottage arrangement?,確認要用方案%d覆蓋小屋目前的佈置嗎？,Confirm using plan %d to overwrite the current cottage arrangement?,Xác nhận sử dụng phương án %d để ghi đè bố trí hiện tại của nhà nhỏ?,방갈로의 현재 배치를 계획 %d로 덮어쓸까요?,#C0x5B545B# confirma usar este plano %s para substituir a configuração da sua casa?,#C0x5B545B# ยืนยันการใช้แผนนี้ %s เพื่อเขียนทับการตั้งค่าบ้านของคุณใช่ไหม?
8664,homeCoverPlanTip,Confirm overriding scheme %s with the current layout?,確認要使用目前佈局覆蓋方案 %s 嗎？,Confirm overriding scheme %s with the current layout?,Xác nhận ghi đè lược đồ %s bằng bố cục hiện tại?,현재 레이아웃으로 %s 계획을 덮어쓸까요?,#C0x5B545B# confirmar usar a configuração atual para substituir este plano %s?,#C0x5B545B# ยืนยันการใช้การตั้งค่าปัจจุบันเพื่อเขียนทับแผนนี้ %s ?
8665,homePlanSaveSuccess,Plan saved successfully,方案儲存成功,Plan saved successfully,Lưu kế hoạch thành công,계획 저장 성공,plano salvo,แผนการที่บันทึกไว้
8666,homeSaveTip,Confirm saving the current layout?,確定儲存目前的佈局？,Confirm saving the current layout?,Xác nhận lưu bố cục hiện tại?,현재 레이아웃을 저장하시겠습니까?,#C0x5B545B# confirmar para salvar a configuração atual?,#C0x5B545B# ยืนยันการบันทึกการตั้งค่าปัจจุบันหรือไม่?
8667,homeNoFurnInHome,The current scene is empty.,目前場景沒有任何內容,The current scene is empty.,Hiện trường không có gì.,현재 장면에는 아무것도 없습니다.,A cena atual não tem conteúdo,ฉากปัจจุบันไม่มีเนื้อหา
8668,homePlanHaveIsExit,This layout already exists.,此佈局方案已存在,This layout already exists.,Bố cục này đã tồn tại.,이 배치는 이미 존재합니다.,Este plano de layout já existe,แบบแปลนนี้มีอยู่แล้ว
8669,homeSavePlanTip,Confirm saving the current arrangement as a new scheme?,確定要將目前的佈局儲存為新的方案嗎？,Confirm saving the current arrangement as a new scheme?,Xác nhận lưu bố cục hiện tại thành một sơ đồ mới?,현재 배치를 새로운 구성안으로 저장하시겠습니까?,#C0x5B545B# Tem certeza de que deseja salvar o layout atual como um novo plano?,#C0x5B545B# คุณแน่ใจหรือไม่ว่าต้องการบันทึกเค้าโครงปัจจุบันเป็นแผนใหม่?
8670,homeSaveSuccess,Save successful,儲存成功,Save successful,Lưu thành công,저장 성공,Salvo com sucesso,บันทึกเรียบร้อยแล้ว
8671,homeChangePlanName,Modify Scheme Name,修改方案名稱,Modify Scheme Name,Sửa đổi tên phương án,방안 이름 변경,Modificar nome do plano,แก้ไขชื่อแผน
8672,homeJieSuo,Unlock,解鎖,Unlock,Mở khóa,잠금 해제,Desbloquear,ปลดล็อค
8673,homeUnclockTip,Unlocked area not unlocked,未解鎖區域未解鎖,Unlocked area not unlocked,Khu vực chưa mở khóa chưa được mở khóa,잠금 해제되지 않은 영역 잠금 해제되지 않음,A área desbloqueada não está desbloqueada,พื้นที่ปลดล็อคไม่ได้ปลดล็อค
8674,homeNotPutDown,This location cannot be placed. Please choose another location.,此位置無法放置，請選擇其他位置,This location cannot be placed. Please choose another location.,Vị trí này không thể đặt. Vui lòng chọn vị trí khác.,이 위치에는 놓을 수 없습니다. 다른 위치를 선택하십시오.,"Este local não pode ser descartado, escolha outro local",ไม่สามารถลบตำแหน่งนี้ได้ กรุณาเลือกตำแหน่งอื่น
8675,townShopSearchNill,Please enter the product or series name!,請輸入商品或系列名稱！,Please enter the product or series name!,Vui lòng nhập tên sản phẩm hoặc series!,상품 또는 시리즈 이름을 입력하세요!,"Por favor, insira o nome do produto ou da série!",กรุณากรอกชื่อสินค้าหรือซีรีย์!
8676,townRestFull,Fully restored,已回滿,Fully restored,Đã hồi phục đầy đủ,완전히 회복되었습니다,Totalmente devolvido,ส่งคืนเต็มจำนวน
8677,finalTime,"The Shard battle will begin this Sunday. Please prepare, top guilds of each group.",碎片爭奪戰將於本週日開啟，請每組第一的公會做好準備,"The Shard battle will begin this Sunday. Please prepare, top guilds of each group.","Cuộc chiến tranh giành Mảnh ghép sẽ bắt đầu vào Chủ nhật này. Xin hãy chuẩn bị sẵn sàng, các bang hội đứng đầu mỗi nhóm.",조각 쟁탈전이 이번 주 일요일에 시작됩니다. 각 그룹의 상위 길드는 준비하십시오.,"A competição começará neste domingo. A primeira guilda de cada grupo, por favor, esteja preparada",การแข่งขันจะเริ่มในวันอาทิตย์นี้ กิลด์แรกในแต่ละกลุ่มโปรดเตรียมตัวให้พร้อม
8678,gameOverTitle,This week's Room Battle is over. Please look forward to the next one!,本期房間大作戰結束，敬請期待下一期,This week's Room Battle is over. Please look forward to the next one!,Cuộc chiến phòng này đã kết thúc. Hãy chờ đợi kỳ tiếp theo!,이번 방 배틀이 끝났습니다. 다음 방 배틀을 기대해주세요!,"Esta batalha acabou, então fique atento para a próxima",การต่อสู้ครั้งนี้จบลงแล้ว โปรดติดตามการต่อสู้ครั้งต่อไป
8679,crossUnionFightEmbattleTitle,Group Save,分組儲存,Group Save,Lưu nhóm,그룹 저장,Salvar em grupos,บันทึกเป็นกลุ่ม
8680,crossUnionFightEmbattleSave,#C0x5b5b5bSave changes to %s and register?,#C0x5b5b5b%s的變更是否儲存並報名,#C0x5b5b5bSave changes to %s and register?,#C0x5b5b5bLưu thay đổi cho %s và đăng ký?,#C0x5b5b5b%s의 변경 사항을 저장하고 등록하시겠습니까?,#C0x5b5b5b#%s Deseja salvar e registrar alterações?,#C0x5b5b5b#%s คุณต้องการบันทึกและลงทะเบียนการเปลี่ยนแปลงหรือไม่?
8681,crossUnionFightEmbattle1,Six-person construction crew,六人施工組,Six-person construction crew,Đội xây dựng sáu người,6인 시공팀,Equipe de construção de 6 pessoas,ทีมงานก่อสร้าง 6 คน
8682,crossUnionFightEmbattle2,Four-person survey team,四人勘測組,Four-person survey team,Đội khảo sát bốn người,4인 측량팀,Equipe de pesquisa de 4 pessoas,ทีมสำรวจ 4 คน
8683,crossUnionFightEmbattle3,One-person design team,一人設計組,One-person design team,Nhóm thiết kế một người,1인 디자인팀,Equipe de design de 1 pessoa,ทีมออกแบบ 1 คน
8684,crossUnionFightEmbattleTip1,"You can freely switch the registered engineering team and lineup before 20:50, after which it will be locked and cannot be modified.",20:50 前可任意切換報名的工程組和陣容，20:50 後鎖定，無法修改,"You can freely switch the registered engineering team and lineup before 20:50, after which it will be locked and cannot be modified.","Trước 20:50, bạn có thể tự do chuyển đổi nhóm kỹ sư và đội hình đã đăng ký. Sau 20:50, thông tin sẽ bị khóa và không thể sửa đổi.","20:50 이전에는 등록된 엔지니어링 팀과 라인업을 자유롭게 변경할 수 있으며, 20:50 이후에는 고정되어 수정할 수 없습니다.",* A equipe de engenharia registrada e a escalação podem ser trocadas à vontade às 20:50. Elas serão bloqueadas após as 20:50 e não poderão ser modificadas.,* ทีมวิศวกรที่ลงทะเบียนและรายชื่อผู้เล่นสามารถสลับเปลี่ยนได้ตามต้องการในเวลา 20:50 น. จะถูกล็อคหลังจากเวลา 20:50 น. และไม่สามารถเปลี่ยนแปลงได้
8685,crossUnionFightEmbattleTip2,Drag a Pokémon to a designated position in your party to deploy it or swap it with another Pokémon.,拖曳精靈至隊伍中的指定位置，即可上陣或更換隊伍中的精靈。,Drag a Pokémon to a designated position in your party to deploy it or swap it with another Pokémon.,Kéo Pokémon vào vị trí đã chọn trong đội hình của bạn để tung ra hoặc thay thế Pokémon khác.,포켓몬을 파티의 지정된 위치로 드래그하여 배치하거나 다른 포켓몬과 교체하십시오.,*Arraste os elfos para a posição designada na equipe para entrar em batalha ou troque os elfos na equipe,*ลากเอลฟ์ไปยังตำแหน่งที่กำหนดในทีมเพื่อเข้าสู่การต่อสู้หรือเปลี่ยนเอลฟ์ในทีม
8686,crossUnionFightCardNotEnough,The number of Pokémon in team %s does not meet the requirements. Registration failed!,%s隊上陣數量不符合要求，報名失敗！,The number of Pokémon in team %s does not meet the requirements. Registration failed!,Số lượng Pokémon trong đội %s không đáp ứng yêu cầu. Đăng ký thất bại!,%s팀의 포켓몬 수가 요구 사항을 충족하지 못했습니다. 등록 실패!,"%s O número de equipes participantes não atende aos requisitos, o registro falhou!",%s จำนวนทีมที่เข้าร่วมไม่ตรงตามข้อกำหนด การลงทะเบียนล้มเหลว!
8687,loseFinalBet,"Finals prediction failed, please accept this consolation prize.",決賽競猜失敗，請收下安慰獎,"Finals prediction failed, please accept this consolation prize.","Dự đoán chung kết thất bại, vui lòng nhận giải an ủi.",결승전 예상이 실패했습니다. 위로 상품을 받으세요.,"você perdeu no palpite final, por favor aceite a recompensa de participação.",คุณแพ้ในการเดาครั้งสุดท้าย โปรดรับรางวัลผู้เข้าร่วม
8688,losePreBet,All four groups in the preliminary round failed their predictions. Please accept this consolation prize.,初賽四組全部競猜失敗，請收下安慰獎,All four groups in the preliminary round failed their predictions. Please accept this consolation prize.,Tất cả bốn nhóm trong vòng sơ loại đều dự đoán sai. Vui lòng nhận giải an ủi này.,예선 4조 모두 예측에 실패했습니다. 위로 상품을 받아주세요.,"todas as quatro equipes perderam no palpite preliminar, aceite a recompensa de participação.",ทั้ง 4 ทีมพ่ายแพ้ในการคาดเดาเบื้องต้น โปรดรับรางวัลการเข้าร่วม
8689,unionCrossCraftNotOpen,Room Battle not started,房間大作戰未開啟,Room Battle not started,Trận chiến phòng chưa bắt đầu,방 배틀 시작 안 함,A batalha não está aberta.,การต่อสู้ยังไม่เปิด
8690,crossUnionFightBetTips1,Guessing Time:,競猜時間：,Guessing Time:,Thời gian dự đoán:,추측 시간:,hora da aposta:,เวลาเดิมพัน:
8691,crossUnionFightBetTips2,Friday and Sunday of the opening week,開賽週的週五和週日,Friday and Sunday of the opening week,Thứ Sáu và Chủ Nhật của tuần khai mạc,개막 주 금요일과 일요일,Sexta e domingo da semana de abertura,วันศุกร์และวันอาทิตย์ของสัปดาห์เปิดทำการ
8692,person,Person,人,Person,Người,사람,pessoa,บุคคล
8693,crossUnionFightNoDistributed,"No one has registered yet, or your guild is not participating!",目前無人報名或你所屬的公會未參賽！,"No one has registered yet, or your guild is not participating!",Chưa có ai đăng ký hoặc bang hội của bạn không tham gia!,"아직 아무도 신청하지 않았거나, 당신의 길드가 참가하지 않았습니다!",Atualmente não há ninguém registrado ou seu sindicato não está participando!,ขณะนี้ไม่มีใครลงทะเบียนหรือสหภาพแรงงานของคุณไม่ได้เข้าร่วม!
8694,crossUnionUnionBattleSucceed,Congratulations! Your guild has advanced to the finals!,恭喜！你們公會挺進決賽！,Congratulations! Your guild has advanced to the finals!,Chúc mừng! Bang hội của bạn đã tiến vào trận chung kết!,축하합니다! 당신 길드가 결승전에 진출했습니다!,"Parabéns, seu sindicato avançou para a final",ขอแสดงความยินดี สหภาพของคุณได้เข้าสู่รอบชิงชนะเลิศแล้ว
8695,crossUnionUnionNoBattle,No battle record,無對戰記錄,No battle record,Không có bản ghi trận đấu,전투 기록 없음,Nenhum registro de batalha,ไม่มีประวัติการต่อสู้
8696,crossUnionUnionNoCheck,"This period has begun, you can check the review of this period after the final.",本期已開始，可在決賽後查看本期回顧,"This period has begun, you can check the review of this period after the final.","Thời kỳ này đã bắt đầu, bạn có thể xem lại thời kỳ này sau trận chung kết.",이 기간이 시작되었습니다. 결승전 후에 이 기간의 리뷰를 확인할 수 있습니다.,"A batalha começou, você pode ver a análise desta batalha após as finais",การต่อสู้ได้เริ่มขึ้นแล้ว คุณสามารถรับชมการทบทวนการต่อสู้ครั้งนี้ได้หลังรอบชิงชนะเลิศ
8697,crossUnionBattleFailure,You failed to qualify and cannot participate in subsequent rounds.,爭奪失敗，您無法參與後續輪次比賽,You failed to qualify and cannot participate in subsequent rounds.,Bạn đã thất bại trong vòng tranh tài và không thể tham gia các vòng đấu tiếp theo.,경쟁에 실패하여 후속 라운드에 참가할 수 없습니다.,"você perdeu na competição, então não pode participar das rodadas subsequentes da competição.",คุณแพ้การแข่งขัน ดังนั้นคุณจึงไม่สามารถเข้าร่วมการแข่งขันรอบต่อไปได้
8698,crossUnionUnionBattleFailure,"Unfortunately, the guild's journey ends here.",很遺憾，所屬公會止步於此,"Unfortunately, the guild's journey ends here.","Rất tiếc, hành trình của bang hội kết thúc tại đây.",유감스럽게도 길드의 여정은 여기서 끝납니다.,"infelizmente, seu sindicato não pode prosseguir",น่าเสียดายที่สหภาพของคุณไม่สามารถดำเนินการต่อไปได้
8699,crossUnionUnionBattleOver,"This group's project is finished, please wait for other groups.",此組別工程已結束，請等待其他組別,"This group's project is finished, please wait for other groups.","Dự án của nhóm này đã hoàn thành, vui lòng chờ các nhóm khác.",이 그룹의 프로젝트가 완료되었습니다. 다른 그룹을 기다려주세요.,"O projeto do grupo terminou, aguarde outros grupos",โครงการกลุ่มได้สิ้นสุดแล้ว กรุณารอกลุ่มอื่น
8700,battleReportNotData,No records for the current project.,目前專案無記錄,No records for the current project.,Không có bản ghi nào cho dự án hiện tại.,현재 프로젝트에 대한 기록이 없습니다.,Não há registro para o projeto atual,ไม่มีการบันทึกสำหรับโครงการปัจจุบัน
8701,crossUnionFightTeam,Group %s,第%s戰鬥組,Group %s,Nhóm %s,%s번째 그룹,A equipe de batalha %s,ทีมรบ %s
8702,crossUnionFightNotEmbattle,Current lineup is locked and cannot be adjusted.,目前陣容已鎖定，不可調整,Current lineup is locked and cannot be adjusted.,Đội hình hiện tại đã được khóa và không thể điều chỉnh.,현재 라인업은 고정되어 있으며 조정할 수 없습니다.,A escalação atual está bloqueada e não pode ser ajustada,ไลน์อัพปัจจุบันถูกล็อคไว้และไม่สามารถปรับแต่งได้
8703,crossUnionFightDoNotBet,Cannot guess at the current time,目前時間不可進行猜測,Cannot guess at the current time,Không thể đoán ở thời điểm hiện tại,현재 시간에는 추측할 수 없습니다,Não é possível fazer uma aposta agora,ไม่สามารถวางเดิมพันได้ตอนนี้
8704,crossUnionFightEmbattle,#C0x5b5b5b#Select %s and save the battle team?,#C0x5b5b5b#是否選擇%s並儲存上陣陣容,#C0x5b5b5b#Select %s and save the battle team?,#C0x5b5b5b#Chọn %s và lưu đội hình chiến đấu?,#C0x5b5b5b%s를 선택하고 전투팀을 저장하시겠습니까?,#C0x5b5b5b# confirme a escolha %s e salve a escalação,#C0x5b5b5b# ยืนยันการเลือก %s และบันทึกการจัดรายการ
8705,crossUnionFightDistributed,%s: %d people,%s：%d人,%s: %d people,%s: %d người,%s: %d명,%s：%s pessoas,%s：%s คน
8706,crossUnionFightCantEmbattle,Cannot save after the formation time has passed!,已過布陣時間不得保存！,Cannot save after the formation time has passed!,Không thể lưu sau khi thời gian bày trận đã qua!,포메이션 시간이 지나면 저장할 수 없습니다!,O tempo de formação já passou e não pode ser salvo!,เวลาการจัดรูปแบบได้ผ่านไปแล้ว และไม่สามารถบันทึกได้!
8707,crossUnionNotDissolveUnion,"Room Battle has started, cannot be disbanded",房間大作戰已開啟，不可解散,"Room Battle has started, cannot be disbanded","Trận chiến phòng đã bắt đầu, không thể giải tán",방 배틀이 시작되었습니다. 해산할 수 없습니다.,"a batalha começou, não pode ser descartada",การต่อสู้ได้เริ่มขึ้นแล้ว ไม่สามารถยกเลิกได้
8708,foreverLimit,(Permanent Purchase Limit %s/%s),（永久限購 %s/%s）,(Permanent Purchase Limit %s/%s),(Giới hạn mua vĩnh viễn %s/%s),(영구 구매 제한 %s/%s),(compra limitada para sempre %s/%s）,(ซื้อได้จำกัดตลอดไป %s/%s）
8709,selectGiftTip,Choose items to create your gift pack,請自選物品組成您的禮包,Choose items to create your gift pack,Chọn các vật phẩm để tạo gói quà của bạn,선물꾸러미를 만들 아이템을 선택하세요,Selecione os itens para compor sua sacola de presentes,กรุณาเลือกสินค้าที่จะใส่ในถุงของขวัญของคุณ
8710,townHomeCount,Decorations used: %d,已使用裝飾：%d件,Decorations used: %d,Đã sử dụng đồ trang trí: %d,사용한 장식: %d개,Decoração usada: %s,การตกแต่งที่ใช้: %s
8711,luckyEggShopVipNotEnough,VIP level insufficient,VIP等級不足,VIP level insufficient,Cấp VIP không đủ,VIP 레벨이 부족합니다,Nível vip insuficiente,ระดับ VIP ไม่เพียงพอ
8712,luckyEggShopLevelNotEnough,Character level insufficient,角色等級不足,Character level insufficient,Cấp độ nhân vật không đủ,캐릭터 레벨 부족,Nível de treinador insuficiente,ระดับเทรนเนอร์ไม่เพียงพอ
8713,luckyEggShopNoCard,Unlocked after obtaining this Pokémon,擁有該精靈後解鎖,Unlocked after obtaining this Pokémon,Mở khóa sau khi có Pokémon này,이 포켓몬을 얻은 후 해제,Desbloqueado após possuir o pokemon,ปลดล็อคหลังจากเป็นเจ้าของโปเกมอน
8714,unionCrossCraftNotBet,The contest hasn't started yet; guessing is unavailable.,競猜尚未開始，無法競猜,The contest hasn't started yet; guessing is unavailable.,"Cuộc thi chưa bắt đầu, không thể dự đoán.",대회가 아직 시작되지 않았습니다. 추측할 수 없습니다.,"as apostas ainda não começaram, não é possível apostar",การพนันยังไม่เริ่ม ไม่สามารถเดิมพันได้
8715,luckyEggDrawOneMax,This period's single draw has reached its limit.,本期單抽已達上限,This period's single draw has reached its limit.,Số lần rút đơn trong kỳ này đã đạt đến giới hạn.,이번 기간의 단일 추첨이 상한선에 도달했습니다.,O sorteio único deste período atingiu o limite superior,การจับฉลากครั้งเดียวในช่วงนี้ถึงขีดจำกัดสูงสุดแล้ว
8716,luckyEggDrawTenMax,This period's ten-pull has reached its limit.,本期十連已達上限,This period's ten-pull has reached its limit.,Mười lượt quay trong kỳ này đã đạt đến giới hạn.,이번 10회차 소환은 한도에 도달했습니다.,Os dez sorteios deste período atingiram o limite superior,สิบการจับฉลากในช่วงนี้ถึงขีดจำกัดสูงสุดแล้ว
8717,notBet,Unpredicted,未競猜,Unpredicted,Chưa đoán,예측 불가,Não apostando,ไม่เดิมพัน
8718,betSuccess,Correct guess,猜對了,Correct guess,Đoán đúng,정답,Ganhar a aposta,การชนะการเดิมพัน
8719,betFail,Guessing failed,競猜失敗,Guessing failed,Đoán sai,추측 실패,Perdendo a aposta,การแพ้พนัน
8720,getFirstPlace,Congratulations to the [%s%s] guild for winning first place!,恭喜[%s%s]公會獲得第一名,Congratulations to the [%s%s] guild for winning first place!,Chúc mừng hội [%s%s] đã giành được vị trí thứ nhất!,[%s%s] 길드가 1위를 차지했습니다! 축하합니다!,Parabéns ao sindicato [%s%s] que conquistou o primeiro lugar,แสดงความยินดีกับสหภาพ[%s%s]ที่ชนะเลิศอันดับที่หนึ่ง
8721,nextOneChoose,Next,下一個,Next,Tiếp theo,다음,próximo,ต่อไป
8722,chooseLock,OK,確定,OK,Đồng ý,확인,confirmar,ยืนยัน
8723,crossUnionNextIssue,Next episode start time:,下一期開始時間：,Next episode start time:,Thời gian bắt đầu tập tiếp theo:,다음 에피소드 시작 시간:,próxima rodada começa:,รอบต่อไปเริ่ม:
8724,crossUnionOver,Gameplay ended,遊戲結束,Gameplay ended,Kết thúc trò chơi,게임 종료,o evento terminou,กิจกรรมได้สิ้นสุดลงแล้ว
8725,inCrossUnionBattleNotDecompose,Pokémon already in the registered team; cannot be broken down.,精靈已在報名陣容中，不可分解,Pokémon already in the registered team; cannot be broken down.,Pokémon đã có trong đội hình đăng ký; không thể phân hủy.,포켓몬이 이미 등록된 팀에 있습니다. 분해할 수 없습니다.,o pokemon está na escalação não pode ser dissolvido,โปเกม่อนที่อยู่ในไลน์อัพไม่สามารถยุบได้
8726,inCrossUnionCombat,Room-wide battle in progress,房間大作戰中,Room-wide battle in progress,Trận chiến toàn phòng đang diễn ra,방 전체 전투 중,a batalha começou,การต่อสู้กำลังดำเนินอยู่
8728,timeSpeeder,Spacetime Accelerator,時空加速器,Spacetime Accelerator,Bộ gia tốc không-thời gian,시공 가속기,Acelerador Espaço-Tempo,เครื่องเร่งกาลอวกาศ
8729,speedText,Current maximum acceleration: %sx,當前最高可加速至%s倍,Current maximum acceleration: %sx,Tốc độ tối đa hiện tại: %sx,현재 최대 가속 배수: %sx,Aceleração máxima atual: %sx,ความเร็วสูงสุดตอนนี้: %sx
8730,speederRule1,Reach level %s to accelerate to %sx,達到等級%s，可加速%s倍,Reach level %s to accelerate to %sx,Đạt cấp %s để tăng tốc lên %sx,레벨 %s 도달 시 %sx로 가속 가능,Alcançar nível %s para acelerar até %sx,ถึงเลเวล %s เพื่อเร่งความเร็วเป็น %sx
8731,speederRule2,Reach VIP %s to accelerate to %sx,達到VIP%s，可加速%s倍,Reach VIP %s to accelerate to %sx,Đạt VIP %s để tăng tốc lên %sx,VIP %s 도달 시 %sx로 가속 가능,Alcançar VIP %s para acelerar até %sx,ถึง VIP %s เพื่อเร่งความเร็วเป็น %sx
8732,cross,Cross,跨服,Cross,Trang phục,글로벌,Trocas,การแลกเปลี่ยน
8733,monthCardAward3,#C0x5b545b#buy to get #C0xE67422#%d#Icommon/icon/icon_diamond.png-46-46##C0x5b545b# and #C0xFF0000#7000#VIP EXP#Iconfig/item/icon_apple.png-46-46#,#C0x5b545b#購買後立即獲得#C0xE67422#%d#Icommon/icon/icon_diamond.png-46-46##C0x5b545b#及#C0xFF0000#7000VIP經驗#Iconfig/item/icon_apple.png-46-46#,#C0x5b545b#buy to get #C0xE67422#%d#Icommon/icon/icon_diamond.png-46-46##C0x5b545b# and #C0xFF0000#7000VIP EXP#Iconfig/item/icon_apple.png-46-46#,#C0x5b545b#mua để nhận #C0xE67422#%d#Icommon/icon/icon_diamond.png-46-46##C0x5b545b# và #C0xFF0000#7000 điểm VIP#Iconfig/item/icon_apple.png-46-46#,#C0x5b545b#구매 시 #C0xE67422#%d#Icommon/icon/icon_diamond.png-46-46##C0x5b545b# 및 VIP 경험치 #C0xFF0000#7000#Iconfig/item/icon_apple.png-46-46#,#C0x5b545b#compre para receber #C0xE67422#%s#Icommon/icon/icon_diamond.png-46-46##C0x5b545b# e #C0xFF0000#7000 EXP VIP#Iconfig/item/icon_apple.png-46-46#,#C0x5b545b#ซื้อเพื่อรับ #C0xE67422#%s#Icommon/icon/icon_diamond.png-46-46##C0x5b545b# และ #C0xFF0000#7000 EXP VIP#Iconfig/item/icon_apple.png-46-46#
8734,monthCardAwardNoToday7000,#C0x5b545b#buy to get #C0xE67422#%d#Icommon/icon/icon_diamond.png-46-46##C0x5b545b# and #C0xFF0000#7000#VIP EXP#Iconfig/item/icon_apple.png-46-46#,#C0x5b545b#購買後立即獲得#C0xE67422#%d#Icommon/icon/icon_diamond.png-46-46##C0x5b545b#及#C0xFF0000#7000VIP經驗#Iconfig/item/icon_apple.png-46-46#,#C0x5b545b#buy to get #C0xE67422#%d#Icommon/icon/icon_diamond.png-46-46##C0x5b545b# and #C0xFF0000#7000VIP EXP#Iconfig/item/icon_apple.png-46-46#,#C0x5b545b#mua để nhận #C0xE67422#%d#Icommon/icon/icon_diamond.png-46-46##C0x5b545b# và #C0xFF0000#7000 điểm VIP#Iconfig/item/icon_apple.png-46-46#,#C0x5b545b#구매 시 #C0xE67422#%d#Icommon/icon/icon_diamond.png-46-46##C0x5b545b# 및 VIP 경험치 #C0xFF0000#7000#Iconfig/item/icon_apple.png-46-46#,#C0x5b545b#compre para receber #C0xE67422#%s#Icommon/icon/icon_diamond.png-46-46##C0x5b545b# e #C0xFF0000#7000 EXP VIP#Iconfig/item/icon_apple.png-46-46#,#C0x5b545b#ซื้อเพื่อรับ #C0xE67422#%s#Icommon/icon/icon_diamond.png-46-46##C0x5b545b# และ #C0xFF0000#7000 EXP VIP#Iconfig/item/icon_apple.png-46-46#