变量名,markID,_beizhu1,_beizhu2,_beizhu3,_beizhu4,star,attrType1,attrValue1,attrType2,attrValue2
默认值,0,,,,,0,0,"""""",0,""""""
ID,卡牌markID,精灵名字,第一属性,资质,初始星级,星级,加成属性类型1,加成属性值1,加成属性类型2,加成属性值2
1,1,,,,,1,1,0%,0,
2,1,,,,,2,1,0.06%,0,
3,1,,,,,3,1,0.11%,0,
4,1,,,,,4,1,0.17%,0,
5,1,,,,,5,1,0.28%,0,
6,1,,,,,6,1,0.39%,0,
7,1,,,,,7,1,0.56%,0,
8,1,,,,,8,1,0.73%,0,
9,1,,,,,9,1,0.95%,0,
10,1,,,,,10,1,1.18%,0,
11,1,,,,,11,1,1.40%,0,
12,1,,,,,12,1,1.68%,0,
13,1,,,,,13,1,2.00%,0,
14,1,,,,,14,1,2.40%,0,
15,1,,,,,15,1,2.80%,0,
16,1,,,,,16,1,3.20%,0,
17,1,,,,,17,1,3.80%,0,
18,1,,,,,18,1,4.20%,0,
19,11,,,,,1,8,0%,0,
20,11,,,,,2,8,0.08%,0,
21,11,,,,,3,8,0.16%,0,
22,11,,,,,4,8,0.24%,0,
23,11,,,,,5,8,0.40%,0,
24,11,,,,,6,8,0.56%,0,
25,11,,,,,7,8,0.80%,0,
26,11,,,,,8,8,1.04%,0,
27,11,,,,,9,8,1.36%,0,
28,11,,,,,10,8,1.68%,0,
29,11,,,,,11,8,2%,0,
30,11,,,,,12,8,2.40%,0,
31,11,,,,,13,8,2.80%,0,
32,11,,,,,14,8,3.20%,0,
33,11,,,,,15,8,3.60%,0,
34,11,,,,,16,8,4.00%,0,
35,11,,,,,17,8,4.50%,0,
36,11,,,,,18,8,5.00%,0,
37,21,,,,,1,10,0%,0,
38,21,,,,,2,10,0.08%,0,
39,21,,,,,3,10,0.16%,0,
40,21,,,,,4,10,0.24%,0,
41,21,,,,,5,10,0.40%,0,
42,21,,,,,6,10,0.56%,0,
43,21,,,,,7,10,0.80%,0,
44,21,,,,,8,10,1.04%,0,
45,21,,,,,9,10,1.36%,0,
46,21,,,,,10,10,1.68%,0,
47,21,,,,,11,10,2%,0,
48,21,,,,,12,10,2.40%,0,
49,21,,,,,13,10,2.80%,0,
50,21,,,,,14,10,3.20%,0,
51,21,,,,,15,10,3.60%,0,
52,21,,,,,16,10,4.00%,0,
53,21,,,,,17,10,4.50%,0,
54,21,,,,,18,10,5.00%,0,
55,31,,,,,1,1,0%,0,
56,31,,,,,2,1,0.03%,0,
57,31,,,,,3,1,0.04%,0,
58,31,,,,,4,1,0.06%,0,
59,31,,,,,5,1,0.08%,0,
60,31,,,,,6,1,0.13%,0,
61,31,,,,,7,1,0.17%,0,
62,31,,,,,8,1,0.22%,0,
63,31,,,,,9,1,0.28%,0,
64,31,,,,,10,1,0.35%,0,
65,31,,,,,11,1,0.42%,0,
66,31,,,,,12,1,0.50%,0,
67,31,,,,,13,1,0.60%,0,
68,31,,,,,14,1,0.70%,0,
69,31,,,,,15,1,0.80%,0,
70,31,,,,,16,1,1.00%,0,
71,31,,,,,17,1,1.20%,0,
72,31,,,,,18,1,1.40%,0,
73,41,,,,,1,7,0%,0,
74,41,,,,,2,7,0.04%,0,
75,41,,,,,3,7,0.06%,0,
76,41,,,,,4,7,0.08%,0,
77,41,,,,,5,7,0.12%,0,
78,41,,,,,6,7,0.18%,0,
79,41,,,,,7,7,0.24%,0,
80,41,,,,,8,7,0.32%,0,
81,41,,,,,9,7,0.40%,0,
82,41,,,,,10,7,0.50%,0,
83,41,,,,,11,7,0.60%,0,
84,41,,,,,12,7,0.72%,0,
85,41,,,,,13,7,0.80%,0,
86,41,,,,,14,7,0.90%,0,
87,41,,,,,15,7,1.00%,0,
88,41,,,,,16,7,1.10%,0,
89,41,,,,,17,7,1.30%,0,
90,41,,,,,18,7,1.60%,0,
91,51,,,,,1,7,0%,0,
92,51,,,,,2,7,0.08%,0,
93,51,,,,,3,7,0.16%,0,
94,51,,,,,4,7,0.24%,0,
95,51,,,,,5,7,0.40%,0,
96,51,,,,,6,7,0.56%,0,
97,51,,,,,7,7,0.80%,0,
98,51,,,,,8,7,1.04%,0,
99,51,,,,,9,7,1.36%,0,
100,51,,,,,10,7,1.68%,0,
101,51,,,,,11,7,2%,0,
102,51,,,,,12,7,2.40%,0,
103,51,,,,,13,7,2.80%,0,
104,51,,,,,14,7,3.20%,0,
105,51,,,,,15,7,3.60%,0,
106,51,,,,,16,7,4.00%,0,
107,51,,,,,17,7,4.50%,0,
108,51,,,,,18,7,5.00%,0,
109,61,,,,,1,7,0%,0,
110,61,,,,,2,7,0.04%,0,
111,61,,,,,3,7,0.06%,0,
112,61,,,,,4,7,0.08%,0,
113,61,,,,,5,7,0.12%,0,
114,61,,,,,6,7,0.18%,0,
115,61,,,,,7,7,0.24%,0,
116,61,,,,,8,7,0.32%,0,
117,61,,,,,9,7,0.40%,0,
118,61,,,,,10,7,0.50%,0,
119,61,,,,,11,7,0.60%,0,
120,61,,,,,12,7,0.72%,0,
121,61,,,,,13,7,0.80%,0,
122,61,,,,,14,7,0.90%,0,
123,61,,,,,15,7,1.00%,0,
124,61,,,,,16,7,1.10%,0,
125,61,,,,,17,7,1.30%,0,
126,61,,,,,18,7,1.60%,0,
127,71,,,,,1,10,0%,0,
128,71,,,,,2,10,0.04%,0,
129,71,,,,,3,10,0.06%,0,
130,71,,,,,4,10,0.08%,0,
131,71,,,,,5,10,0.12%,0,
132,71,,,,,6,10,0.18%,0,
133,71,,,,,7,10,0.24%,0,
134,71,,,,,8,10,0.32%,0,
135,71,,,,,9,10,0.40%,0,
136,71,,,,,10,10,0.50%,0,
137,71,,,,,11,10,0.60%,0,
138,71,,,,,12,10,0.72%,0,
139,71,,,,,13,10,0.80%,0,
140,71,,,,,14,10,0.90%,0,
141,71,,,,,15,10,1.00%,0,
142,71,,,,,16,10,1.10%,0,
143,71,,,,,17,10,1.30%,0,
144,71,,,,,18,10,1.60%,0,
145,81,,,,,1,9,0%,0,
146,81,,,,,2,9,0.04%,0,
147,81,,,,,3,9,0.06%,0,
148,81,,,,,4,9,0.08%,0,
149,81,,,,,5,9,0.12%,0,
150,81,,,,,6,9,0.18%,0,
151,81,,,,,7,9,0.24%,0,
152,81,,,,,8,9,0.32%,0,
153,81,,,,,9,9,0.40%,0,
154,81,,,,,10,9,0.50%,0,
155,81,,,,,11,9,0.60%,0,
156,81,,,,,12,9,0.72%,0,
157,81,,,,,13,9,0.80%,0,
158,81,,,,,14,9,0.90%,0,
159,81,,,,,15,9,1.00%,0,
160,81,,,,,16,9,1.10%,0,
161,81,,,,,17,9,1.30%,0,
162,81,,,,,18,9,1.60%,0,
163,91,,,,,1,13,0%,0,
164,91,,,,,2,13,0.08%,0,
165,91,,,,,3,13,0.16%,0,
166,91,,,,,4,13,0.24%,0,
167,91,,,,,5,13,0.40%,0,
168,91,,,,,6,13,0.56%,0,
169,91,,,,,7,13,0.80%,0,
170,91,,,,,8,13,1.04%,0,
171,91,,,,,9,13,1.36%,0,
172,91,,,,,10,13,1.68%,0,
173,91,,,,,11,13,2%,0,
174,91,,,,,12,13,2.40%,0,
175,91,,,,,13,13,2.80%,0,
176,91,,,,,14,13,3.20%,0,
177,91,,,,,15,13,3.60%,0,
178,91,,,,,16,13,4.00%,0,
179,91,,,,,17,13,4.50%,0,
180,91,,,,,18,13,5.00%,0,
181,101,,,,,1,10,0%,0,
182,101,,,,,2,10,0.04%,0,
183,101,,,,,3,10,0.06%,0,
184,101,,,,,4,10,0.08%,0,
185,101,,,,,5,10,0.12%,0,
186,101,,,,,6,10,0.18%,0,
187,101,,,,,7,10,0.24%,0,
188,101,,,,,8,10,0.32%,0,
189,101,,,,,9,10,0.40%,0,
190,101,,,,,10,10,0.50%,0,
191,101,,,,,11,10,0.60%,0,
192,101,,,,,12,10,0.72%,0,
193,101,,,,,13,10,0.80%,0,
194,101,,,,,14,10,0.90%,0,
195,101,,,,,15,10,1.00%,0,
196,101,,,,,16,10,1.10%,0,
197,101,,,,,17,10,1.30%,0,
198,101,,,,,18,10,1.60%,0,
199,111,,,,,1,8,0%,0,
200,111,,,,,2,8,0.04%,0,
201,111,,,,,3,8,0.06%,0,
202,111,,,,,4,8,0.08%,0,
203,111,,,,,5,8,0.12%,0,
204,111,,,,,6,8,0.18%,0,
205,111,,,,,7,8,0.24%,0,
206,111,,,,,8,8,0.32%,0,
207,111,,,,,9,8,0.40%,0,
208,111,,,,,10,8,0.50%,0,
209,111,,,,,11,8,0.60%,0,
210,111,,,,,12,8,0.72%,0,
211,111,,,,,13,8,0.80%,0,
212,111,,,,,14,8,0.90%,0,
213,111,,,,,15,8,1.00%,0,
214,111,,,,,16,8,1.10%,0,
215,111,,,,,17,8,1.30%,0,
216,111,,,,,18,8,1.60%,0,
217,121,,,,,1,9,0%,0,
218,121,,,,,2,9,0.04%,0,
219,121,,,,,3,9,0.06%,0,
220,121,,,,,4,9,0.08%,0,
221,121,,,,,5,9,0.12%,0,
222,121,,,,,6,9,0.18%,0,
223,121,,,,,7,9,0.24%,0,
224,121,,,,,8,9,0.32%,0,
225,121,,,,,9,9,0.40%,0,
226,121,,,,,10,9,0.50%,0,
227,121,,,,,11,9,0.60%,0,
228,121,,,,,12,9,0.72%,0,
229,121,,,,,13,9,0.80%,0,
230,121,,,,,14,9,0.90%,0,
231,121,,,,,15,9,1.00%,0,
232,121,,,,,16,9,1.10%,0,
233,121,,,,,17,9,1.30%,0,
234,121,,,,,18,9,1.60%,0,
235,131,,,,,1,8,0%,0,
236,131,,,,,2,8,0.08%,0,
237,131,,,,,3,8,0.16%,0,
238,131,,,,,4,8,0.24%,0,
239,131,,,,,5,8,0.40%,0,
240,131,,,,,6,8,0.56%,0,
241,131,,,,,7,8,0.80%,0,
242,131,,,,,8,8,1.04%,0,
243,131,,,,,9,8,1.36%,0,
244,131,,,,,10,8,1.68%,0,
245,131,,,,,11,8,2%,0,
246,131,,,,,12,8,2.40%,0,
247,131,,,,,12,8,2.40%,0,
248,131,,,,,13,8,2.80%,0,
249,131,,,,,14,8,3.20%,0,
250,131,,,,,15,8,3.60%,0,
251,131,,,,,16,8,4.00%,0,
252,131,,,,,17,8,4.50%,0,
253,131,,,,,18,8,5.00%,0,
254,141,,,,,1,0,0%,0,
255,141,,,,,2,0,0%,0,
256,141,,,,,3,0,0%,0,
257,141,,,,,4,0,0%,0,
258,141,,,,,5,0,0%,0,
259,141,,,,,6,0,0%,0,
260,141,,,,,7,0,0%,0,
261,141,,,,,8,0,0%,0,
262,141,,,,,9,0,0%,0,
263,141,,,,,10,0,0%,0,
264,141,,,,,11,0,0%,0,
265,141,,,,,12,0,0%,0,
266,151,,,,,1,13,0%,0,
267,151,,,,,2,13,0.08%,0,
268,151,,,,,3,13,0.16%,0,
269,151,,,,,4,13,0.24%,0,
270,151,,,,,5,13,0.40%,0,
271,151,,,,,6,13,0.56%,0,
272,151,,,,,7,13,0.80%,0,
273,151,,,,,8,13,1.04%,0,
274,151,,,,,9,13,1.36%,0,
275,151,,,,,10,13,1.68%,0,
276,151,,,,,11,13,2%,0,
277,151,,,,,12,13,2.40%,0,
278,151,,,,,13,13,2.80%,0,
279,151,,,,,14,13,3.20%,0,
280,151,,,,,15,13,3.60%,0,
281,151,,,,,16,13,4.00%,0,
282,151,,,,,17,13,4.50%,0,
283,151,,,,,18,13,5.00%,0,
284,161,,,,,1,7,0%,0,
285,161,,,,,2,7,0%,0,
286,161,,,,,3,7,0.10%,0,
287,161,,,,,4,7,0.25%,0,
288,161,,,,,5,7,0.40%,0,
289,161,,,,,6,7,0.70%,0,
290,161,,,,,7,7,1%,0,
291,161,,,,,8,7,1.30%,0,
292,161,,,,,9,7,1.75%,0,
293,161,,,,,10,7,2.20%,0,
294,161,,,,,11,7,2.65%,0,
295,161,,,,,12,7,3.25%,0,
296,161,,,,,13,7,3.85%,0,
297,161,,,,,14,7,4.45%,0,
298,161,,,,,15,7,5.05%,0,
299,161,,,,,16,7,5.65%,0,
300,161,,,,,17,7,6.25%,0,
301,161,,,,,18,7,6.85%,0,
302,171,,,,,1,8,0%,0,
303,171,,,,,2,8,0.04%,0,
304,171,,,,,3,8,0.06%,0,
305,171,,,,,4,8,0.08%,0,
306,171,,,,,5,8,0.12%,0,
307,171,,,,,6,8,0.18%,0,
308,171,,,,,7,8,0.24%,0,
309,171,,,,,8,8,0.32%,0,
310,171,,,,,9,8,0.40%,0,
311,171,,,,,10,8,0.50%,0,
312,171,,,,,11,8,0.60%,0,
313,171,,,,,12,8,0.72%,0,
314,171,,,,,13,8,0.80%,0,
315,171,,,,,14,8,0.90%,0,
316,171,,,,,15,8,1.00%,0,
317,171,,,,,16,8,1.10%,0,
318,171,,,,,17,8,1.30%,0,
319,171,,,,,18,8,1.60%,0,
320,181,,,,,1,0,0%,0,
321,181,,,,,2,0,0%,0,
322,181,,,,,3,0,0%,0,
323,181,,,,,4,0,0%,0,
324,181,,,,,5,0,0%,0,
325,181,,,,,6,0,0%,0,
326,181,,,,,7,0,0%,0,
327,181,,,,,8,0,0%,0,
328,181,,,,,9,0,0%,0,
329,181,,,,,10,0,0%,0,
330,181,,,,,11,0,0%,0,
331,181,,,,,12,0,0%,0,
332,191,,,,,1,13,0%,0,
333,191,,,,,2,13,0.04%,0,
334,191,,,,,3,13,0.06%,0,
335,191,,,,,4,13,0.08%,0,
336,191,,,,,5,13,0.12%,0,
337,191,,,,,6,13,0.18%,0,
338,191,,,,,7,13,0.24%,0,
339,191,,,,,8,13,0.32%,0,
340,191,,,,,9,13,0.40%,0,
341,191,,,,,10,13,0.50%,0,
342,191,,,,,11,13,0.60%,0,
343,191,,,,,12,13,0.72%,0,
344,191,,,,,13,13,0.80%,0,
345,191,,,,,14,13,0.90%,0,
346,191,,,,,15,13,1.00%,0,
347,191,,,,,16,13,1.10%,0,
348,191,,,,,17,13,1.30%,0,
349,191,,,,,18,13,1.60%,0,
350,201,,,,,1,0,0%,0,
351,201,,,,,2,0,0%,0,
352,201,,,,,3,0,0%,0,
353,201,,,,,4,0,0%,0,
354,201,,,,,5,0,0%,0,
355,201,,,,,6,0,0%,0,
356,201,,,,,7,0,0%,0,
357,201,,,,,8,0,0%,0,
358,201,,,,,9,0,0%,0,
359,201,,,,,10,0,0%,0,
360,201,,,,,11,0,0%,0,
361,201,,,,,12,0,0%,0,
362,211,,,,,1,0,0%,0,
363,211,,,,,2,0,0%,0,
364,211,,,,,3,0,0%,0,
365,211,,,,,4,0,0%,0,
366,211,,,,,5,0,0%,0,
367,211,,,,,6,0,0%,0,
368,211,,,,,7,0,0%,0,
369,211,,,,,8,0,0%,0,
370,211,,,,,9,0,0%,0,
371,211,,,,,10,0,0%,0,
372,211,,,,,11,0,0%,0,
373,211,,,,,12,0,0%,0,
374,221,,,,,1,8,0%,0,
375,221,,,,,2,8,0.08%,0,
376,221,,,,,3,8,0.16%,0,
377,221,,,,,4,8,0.24%,0,
378,221,,,,,5,8,0.40%,0,
379,221,,,,,6,8,0.56%,0,
380,221,,,,,7,8,0.80%,0,
381,221,,,,,8,8,1.04%,0,
382,221,,,,,9,8,1.36%,0,
383,221,,,,,10,8,1.68%,0,
384,221,,,,,11,8,2%,0,
385,221,,,,,12,8,2.40%,0,
386,221,,,,,13,8,2.80%,0,
387,221,,,,,14,8,3.20%,0,
388,221,,,,,15,8,3.60%,0,
389,221,,,,,16,8,4.00%,0,
390,221,,,,,17,8,4.50%,0,
391,221,,,,,18,8,5.00%,0,
392,231,,,,,1,9,0%,0,
393,231,,,,,2,9,0.04%,0,
394,231,,,,,3,9,0.06%,0,
395,231,,,,,4,9,0.08%,0,
396,231,,,,,5,9,0.12%,0,
397,231,,,,,6,9,0.18%,0,
398,231,,,,,7,9,0.24%,0,
399,231,,,,,8,9,0.32%,0,
400,231,,,,,9,9,0.40%,0,
401,231,,,,,10,9,0.50%,0,
402,231,,,,,11,9,0.60%,0,
403,231,,,,,12,9,0.72%,0,
404,231,,,,,13,9,0.80%,0,
405,231,,,,,14,9,0.90%,0,
406,231,,,,,15,9,1.00%,0,
407,231,,,,,16,9,1.10%,0,
408,231,,,,,17,9,1.30%,0,
409,231,,,,,18,9,1.60%,0,
410,241,,,,,1,7,0%,0,
411,241,,,,,2,7,0%,0,
412,241,,,,,3,7,0.10%,0,
413,241,,,,,4,7,0.25%,0,
414,241,,,,,5,7,0.40%,0,
415,241,,,,,6,7,0.70%,0,
416,241,,,,,7,7,1%,0,
417,241,,,,,8,7,1.30%,0,
418,241,,,,,9,7,1.75%,0,
419,241,,,,,10,7,2.20%,0,
420,241,,,,,11,7,2.65%,0,
421,241,,,,,12,7,3.25%,0,
422,241,,,,,13,7,3.85%,0,
423,241,,,,,14,7,4.45%,0,
424,241,,,,,15,7,5.05%,0,
425,241,,,,,16,7,5.65%,0,
426,241,,,,,17,7,6.25%,0,
427,241,,,,,18,7,6.85%,0,
428,251,,,,,1,1,0%,0,
429,251,,,,,2,1,0.06%,0,
430,251,,,,,3,1,0.11%,0,
431,251,,,,,4,1,0.17%,0,
432,251,,,,,5,1,0.28%,0,
433,251,,,,,6,1,0.39%,0,
434,251,,,,,7,1,0.56%,0,
435,251,,,,,8,1,0.73%,0,
436,251,,,,,9,1,0.95%,0,
437,251,,,,,10,1,1.18%,0,
438,251,,,,,11,1,1.40%,0,
439,251,,,,,12,1,1.68%,0,
440,251,,,,,13,1,2.00%,0,
441,251,,,,,14,1,2.40%,0,
442,251,,,,,15,1,2.80%,0,
443,251,,,,,16,1,3.20%,0,
444,251,,,,,17,1,3.80%,0,
445,251,,,,,18,1,4.20%,0,
446,261,,,,,1,1,0%,0,
447,261,,,,,2,1,0%,0,
448,261,,,,,3,1,0.07%,0,
449,261,,,,,4,1,0.18%,0,
450,261,,,,,5,1,0.28%,0,
451,261,,,,,6,1,0.49%,0,
452,261,,,,,7,1,0.70%,0,
453,261,,,,,8,1,0.91%,0,
454,261,,,,,9,1,1.23%,0,
455,261,,,,,10,1,1.54%,0,
456,261,,,,,11,1,1.86%,0,
457,261,,,,,12,1,2.28%,0,
458,261,,,,,13,1,2.70%,0,
459,261,,,,,14,1,3.12%,0,
460,261,,,,,15,1,3.54%,0,
461,261,,,,,16,1,3.96%,0,
462,261,,,,,17,1,4.38%,0,
463,261,,,,,18,1,4.80%,0,
464,271,,,,,1,7,0%,0,
465,271,,,,,2,7,0.08%,0,
466,271,,,,,3,7,0.16%,0,
467,271,,,,,4,7,0.24%,0,
468,271,,,,,5,7,0.40%,0,
469,271,,,,,6,7,0.56%,0,
470,271,,,,,7,7,0.80%,0,
471,271,,,,,8,7,1.04%,0,
472,271,,,,,9,7,1.36%,0,
473,271,,,,,10,7,1.68%,0,
474,271,,,,,11,7,2%,0,
475,271,,,,,12,7,2.40%,0,
476,271,,,,,13,7,2.80%,0,
477,271,,,,,14,7,3.20%,0,
478,271,,,,,15,7,3.60%,0,
479,271,,,,,16,7,4.00%,0,
480,271,,,,,17,7,4.50%,0,
481,271,,,,,18,7,5.00%,0,
482,281,,,,,1,8,0%,0,
483,281,,,,,2,8,0.08%,0,
484,281,,,,,3,8,0.16%,0,
485,281,,,,,4,8,0.24%,0,
486,281,,,,,5,8,0.40%,0,
487,281,,,,,6,8,0.56%,0,
488,281,,,,,7,8,0.80%,0,
489,281,,,,,8,8,1.04%,0,
490,281,,,,,9,8,1.36%,0,
491,281,,,,,10,8,1.68%,0,
492,281,,,,,11,8,2%,0,
493,281,,,,,12,8,2.40%,0,
494,281,,,,,13,8,2.80%,0,
495,281,,,,,14,8,3.20%,0,
496,281,,,,,15,8,3.60%,0,
497,281,,,,,16,8,4.00%,0,
498,281,,,,,17,8,4.50%,0,
499,281,,,,,18,8,5.00%,0,
500,291,,,,,1,0,0%,0,
501,291,,,,,2,0,0%,0,
502,291,,,,,3,0,0%,0,
503,291,,,,,4,0,0%,0,
504,291,,,,,5,0,0%,0,
505,291,,,,,6,0,0%,0,
506,291,,,,,7,0,0%,0,
507,291,,,,,8,0,0%,0,
508,291,,,,,9,0,0%,0,
509,291,,,,,10,0,0%,0,
510,291,,,,,11,0,0%,0,
511,291,,,,,12,0,0%,0,
512,301,,,,,1,9,0%,0,
513,301,,,,,2,9,0.08%,0,
514,301,,,,,3,9,0.16%,0,
515,301,,,,,4,9,0.24%,0,
516,301,,,,,5,9,0.40%,0,
517,301,,,,,6,9,0.56%,0,
518,301,,,,,7,9,0.80%,0,
519,301,,,,,8,9,1.04%,0,
520,301,,,,,9,9,1.36%,0,
521,301,,,,,10,9,1.68%,0,
522,301,,,,,11,9,2%,0,
523,301,,,,,12,9,2.40%,0,
524,301,,,,,13,9,2.80%,0,
525,301,,,,,14,9,3.20%,0,
526,301,,,,,15,9,3.60%,0,
527,301,,,,,16,9,4.00%,0,
528,301,,,,,17,9,4.50%,0,
529,301,,,,,18,9,5.00%,0,
530,311,,,,,1,0,0%,0,
531,311,,,,,2,0,0%,0,
532,311,,,,,3,0,0%,0,
533,311,,,,,4,0,0%,0,
534,311,,,,,5,0,0%,0,
535,311,,,,,6,0,0%,0,
536,311,,,,,7,0,0%,0,
537,311,,,,,8,0,0%,0,
538,311,,,,,9,0,0%,0,
539,311,,,,,10,0,0%,0,
540,311,,,,,11,0,0%,0,
541,311,,,,,12,0,0%,0,
542,321,,,,,1,10,0%,0,
543,321,,,,,2,10,0%,0,
544,321,,,,,3,10,0.10%,0,
545,321,,,,,4,10,0.25%,0,
546,321,,,,,5,10,0.40%,0,
547,321,,,,,6,10,0.70%,0,
548,321,,,,,7,10,1%,0,
549,321,,,,,8,10,1.30%,0,
550,321,,,,,9,10,1.75%,0,
551,321,,,,,10,10,2.20%,0,
552,321,,,,,11,10,2.65%,0,
553,321,,,,,12,10,3.25%,0,
554,321,,,,,13,10,3.85%,0,
555,321,,,,,14,10,4.45%,0,
556,321,,,,,15,10,5.05%,0,
557,321,,,,,16,10,5.65%,0,
558,321,,,,,17,10,6.25%,0,
559,321,,,,,18,10,6.85%,0,
560,331,,,,,1,10,0%,0,
561,331,,,,,2,10,0%,0,
562,331,,,,,3,10,0.10%,0,
563,331,,,,,4,10,0.25%,0,
564,331,,,,,5,10,0.40%,0,
565,331,,,,,6,10,0.70%,0,
566,331,,,,,7,10,1%,0,
567,331,,,,,8,10,1.30%,0,
568,331,,,,,9,10,1.75%,0,
569,331,,,,,10,10,2.20%,0,
570,331,,,,,11,10,2.65%,0,
571,331,,,,,12,10,3.25%,0,
572,331,,,,,13,10,3.85%,0,
573,331,,,,,14,10,4.45%,0,
574,331,,,,,15,10,5.05%,0,
575,331,,,,,16,10,5.65%,0,
576,331,,,,,17,10,6.25%,0,
577,331,,,,,18,10,6.85%,0,
578,341,,,,,1,13,0%,0,
579,341,,,,,2,13,0.08%,0,
580,341,,,,,3,13,0.16%,0,
581,341,,,,,4,13,0.24%,0,
582,341,,,,,5,13,0.40%,0,
583,341,,,,,6,13,0.56%,0,
584,341,,,,,7,13,0.80%,0,
585,341,,,,,8,13,1.04%,0,
586,341,,,,,9,13,1.36%,0,
587,341,,,,,10,13,1.68%,0,
588,341,,,,,11,13,2%,0,
589,341,,,,,12,13,2.40%,0,
590,341,,,,,13,13,2.80%,0,
591,341,,,,,14,13,3.20%,0,
592,341,,,,,15,13,3.60%,0,
593,341,,,,,16,13,4.00%,0,
594,341,,,,,17,13,4.50%,0,
595,341,,,,,18,13,5.00%,0,
596,351,,,,,1,1,0%,0,
597,351,,,,,2,1,0.03%,0,
598,351,,,,,3,1,0.04%,0,
599,351,,,,,4,1,0.06%,0,
600,351,,,,,5,1,0.08%,0,
601,351,,,,,6,1,0.13%,0,
602,351,,,,,7,1,0.17%,0,
603,351,,,,,8,1,0.22%,0,
604,351,,,,,9,1,0.28%,0,
605,351,,,,,10,1,0.35%,0,
606,351,,,,,11,1,0.42%,0,
607,351,,,,,12,1,0.50%,0,
608,351,,,,,13,1,0.60%,0,
609,351,,,,,14,1,0.70%,0,
610,351,,,,,15,1,0.80%,0,
611,351,,,,,16,1,1.00%,0,
612,351,,,,,17,1,1.20%,0,
613,351,,,,,18,1,1.40%,0,
614,361,,,,,1,0,0%,0,
615,361,,,,,2,0,0%,0,
616,361,,,,,3,0,0%,0,
617,361,,,,,4,0,0%,0,
618,361,,,,,5,0,0%,0,
619,361,,,,,6,0,0%,0,
620,361,,,,,7,0,0%,0,
621,361,,,,,8,0,0%,0,
622,361,,,,,9,0,0%,0,
623,361,,,,,10,0,0%,0,
624,361,,,,,11,0,0%,0,
625,361,,,,,12,0,0%,0,
626,371,,,,,1,9,0%,0,
627,371,,,,,2,9,0.08%,0,
628,371,,,,,3,9,0.16%,0,
629,371,,,,,4,9,0.24%,0,
630,371,,,,,5,9,0.40%,0,
631,371,,,,,6,9,0.56%,0,
632,371,,,,,7,9,0.80%,0,
633,371,,,,,8,9,1.04%,0,
634,371,,,,,9,9,1.36%,0,
635,371,,,,,10,9,1.68%,0,
636,371,,,,,11,9,2%,0,
637,371,,,,,12,9,2.40%,0,
638,371,,,,,13,9,2.80%,0,
639,371,,,,,14,9,3.20%,0,
640,371,,,,,15,9,3.60%,0,
641,371,,,,,16,9,4.00%,0,
642,371,,,,,17,9,4.50%,0,
643,371,,,,,18,9,5.00%,0,
644,381,,,,,1,7,0%,0,
645,381,,,,,2,7,0%,0,
646,381,,,,,3,7,0.10%,0,
647,381,,,,,4,7,0.25%,0,
648,381,,,,,5,7,0.40%,0,
649,381,,,,,6,7,0.70%,0,
650,381,,,,,7,7,1%,0,
651,381,,,,,8,7,1.30%,0,
652,381,,,,,9,7,1.75%,0,
653,381,,,,,10,7,2.20%,0,
654,381,,,,,11,7,2.65%,0,
655,381,,,,,12,7,3.25%,0,
656,381,,,,,13,7,3.85%,0,
657,381,,,,,14,7,4.45%,0,
658,381,,,,,15,7,5.05%,0,
659,381,,,,,16,7,5.65%,0,
660,381,,,,,17,7,6.25%,0,
661,381,,,,,18,7,6.85%,0,
662,391,,,,,1,13,0%,0,
663,391,,,,,2,13,0%,0,
664,391,,,,,3,13,0.10%,0,
665,391,,,,,4,13,0.25%,0,
666,391,,,,,5,13,0.40%,0,
667,391,,,,,6,13,0.70%,0,
668,391,,,,,7,13,1%,0,
669,391,,,,,8,13,1.30%,0,
670,391,,,,,9,13,1.75%,0,
671,391,,,,,10,13,2.20%,0,
672,391,,,,,11,13,2.65%,0,
673,391,,,,,12,13,3.25%,0,
674,391,,,,,13,13,3.85%,0,
675,391,,,,,14,13,4.45%,0,
676,391,,,,,15,13,5.05%,0,
677,391,,,,,16,13,5.65%,0,
678,391,,,,,17,13,6.25%,0,
679,391,,,,,18,13,6.85%,0,
680,401,,,,,1,9,0%,0,
681,401,,,,,2,9,0%,0,
682,401,,,,,3,9,0.10%,0,
683,401,,,,,4,9,0.25%,0,
684,401,,,,,5,9,0.40%,0,
685,401,,,,,6,9,0.70%,0,
686,401,,,,,7,9,1%,0,
687,401,,,,,8,9,1.30%,0,
688,401,,,,,9,9,1.75%,0,
689,401,,,,,10,9,2.20%,0,
690,401,,,,,11,9,2.65%,0,
691,401,,,,,12,9,3.25%,0,
692,401,,,,,13,9,3.85%,0,
693,401,,,,,14,9,4.45%,0,
694,401,,,,,15,9,5.05%,0,
695,401,,,,,16,9,5.65%,0,
696,401,,,,,17,9,6.25%,0,
697,401,,,,,18,9,6.85%,0,
698,411,,,,,1,0,0%,0,
699,411,,,,,2,0,0%,0,
700,411,,,,,3,0,0%,0,
701,411,,,,,4,0,0%,0,
702,411,,,,,5,0,0%,0,
703,411,,,,,6,0,0%,0,
704,411,,,,,7,0,0%,0,
705,411,,,,,8,0,0%,0,
706,411,,,,,9,0,0%,0,
707,411,,,,,10,0,0%,0,
708,411,,,,,11,0,0%,0,
709,411,,,,,12,0,0%,0,
710,421,,,,,1,0,0%,0,
711,421,,,,,2,0,0%,0,
712,421,,,,,3,0,0%,0,
713,421,,,,,4,0,0%,0,
714,421,,,,,5,0,0%,0,
715,421,,,,,6,0,0%,0,
716,421,,,,,7,0,0%,0,
717,421,,,,,8,0,0%,0,
718,421,,,,,9,0,0%,0,
719,421,,,,,10,0,0%,0,
720,421,,,,,11,0,0%,0,
721,421,,,,,12,0,0%,0,
722,431,,,,,1,0,0%,0,
723,431,,,,,2,0,0%,0,
724,431,,,,,3,0,0%,0,
725,431,,,,,4,0,0%,0,
726,431,,,,,5,0,0%,0,
727,431,,,,,6,0,0%,0,
728,431,,,,,7,0,0%,0,
729,431,,,,,8,0,0%,0,
730,431,,,,,9,0,0%,0,
731,431,,,,,10,0,0%,0,
732,431,,,,,11,0,0%,0,
733,431,,,,,12,0,0%,0,
734,441,,,,,1,7,0%,0,
735,441,,,,,2,7,0.08%,0,
736,441,,,,,3,7,0.16%,0,
737,441,,,,,4,7,0.24%,0,
738,441,,,,,5,7,0.40%,0,
739,441,,,,,6,7,0.56%,0,
740,441,,,,,7,7,0.80%,0,
741,441,,,,,8,7,1.04%,0,
742,441,,,,,9,7,1.36%,0,
743,441,,,,,10,7,1.68%,0,
744,441,,,,,11,7,2%,0,
745,441,,,,,12,7,2.40%,0,
746,441,,,,,13,7,2.80%,0,
747,441,,,,,14,7,3.20%,0,
748,441,,,,,15,7,3.60%,0,
749,441,,,,,16,7,4.00%,0,
750,441,,,,,17,7,4.50%,0,
751,441,,,,,18,7,5.00%,0,
752,451,,,,,1,7,0%,0,
753,451,,,,,2,7,0.04%,0,
754,451,,,,,3,7,0.06%,0,
755,451,,,,,4,7,0.08%,0,
756,451,,,,,5,7,0.12%,0,
757,451,,,,,6,7,0.18%,0,
758,451,,,,,7,7,0.24%,0,
759,451,,,,,8,7,0.32%,0,
760,451,,,,,9,7,0.40%,0,
761,451,,,,,10,7,0.50%,0,
762,451,,,,,11,7,0.60%,0,
763,451,,,,,12,7,0.72%,0,
764,451,,,,,13,9,0.80%,0,
765,451,,,,,14,9,0.90%,0,
766,451,,,,,15,9,1.00%,0,
767,451,,,,,16,9,1.10%,0,
768,451,,,,,17,9,1.30%,0,
769,451,,,,,18,9,1.60%,0,
770,461,,,,,1,7,0%,0,
771,461,,,,,2,7,0.08%,0,
772,461,,,,,3,7,0.16%,0,
773,461,,,,,4,7,0.24%,0,
774,461,,,,,5,7,0.40%,0,
775,461,,,,,6,7,0.56%,0,
776,461,,,,,7,7,0.80%,0,
777,461,,,,,8,7,1.04%,0,
778,461,,,,,9,7,1.36%,0,
779,461,,,,,10,7,1.68%,0,
780,461,,,,,11,7,2%,0,
781,461,,,,,12,7,2.40%,0,
782,461,,,,,13,7,2.80%,0,
783,461,,,,,14,7,3.20%,0,
784,461,,,,,15,7,3.60%,0,
785,461,,,,,16,7,4.00%,0,
786,461,,,,,17,7,4.50%,0,
787,461,,,,,18,7,5.00%,0,
788,471,,,,,1,10,0%,0,
789,471,,,,,2,10,0.08%,0,
790,471,,,,,3,10,0.16%,0,
791,471,,,,,4,10,0.24%,0,
792,471,,,,,5,10,0.40%,0,
793,471,,,,,6,10,0.56%,0,
794,471,,,,,7,10,0.80%,0,
795,471,,,,,8,10,1.04%,0,
796,471,,,,,9,10,1.36%,0,
797,471,,,,,10,10,1.68%,0,
798,471,,,,,11,10,2%,0,
799,471,,,,,12,10,2.40%,0,
800,471,,,,,13,10,2.80%,0,
801,471,,,,,14,10,3.20%,0,
802,471,,,,,15,10,3.60%,0,
803,471,,,,,16,10,4.00%,0,
804,471,,,,,17,10,4.50%,0,
805,471,,,,,18,10,5.00%,0,
806,481,,,,,1,8,0%,0,
807,481,,,,,2,8,0.08%,0,
808,481,,,,,3,8,0.16%,0,
809,481,,,,,4,8,0.24%,0,
810,481,,,,,5,8,0.40%,0,
811,481,,,,,6,8,0.56%,0,
812,481,,,,,7,8,0.80%,0,
813,481,,,,,8,8,1.04%,0,
814,481,,,,,9,8,1.36%,0,
815,481,,,,,10,8,1.68%,0,
816,481,,,,,11,8,2%,0,
817,481,,,,,12,8,2.40%,0,
818,481,,,,,13,8,2.80%,0,
819,481,,,,,14,8,3.20%,0,
820,481,,,,,15,8,3.60%,0,
821,481,,,,,16,8,4.00%,0,
822,481,,,,,17,8,4.50%,0,
823,481,,,,,18,8,5.00%,0,
824,491,,,,,1,9,0%,0,
825,491,,,,,2,9,0%,0,
826,491,,,,,3,9,0.10%,0,
827,491,,,,,4,9,0.25%,0,
828,491,,,,,5,9,0.40%,0,
829,491,,,,,6,9,0.70%,0,
830,491,,,,,7,9,1%,0,
831,491,,,,,8,9,1.30%,0,
832,491,,,,,9,9,1.75%,0,
833,491,,,,,10,9,2.20%,0,
834,491,,,,,11,9,2.65%,0,
835,491,,,,,12,9,3.25%,0,
836,491,,,,,13,9,3.85%,0,
837,491,,,,,14,9,4.45%,0,
838,491,,,,,15,9,5.05%,0,
839,491,,,,,16,9,5.65%,0,
840,491,,,,,17,9,6.25%,0,
841,491,,,,,18,9,6.85%,0,
842,501,,,,,1,1,0%,0,
843,501,,,,,2,1,0%,0,
844,501,,,,,3,1,0.07%,0,
845,501,,,,,4,1,0.18%,0,
846,501,,,,,5,1,0.28%,0,
847,501,,,,,6,1,0.49%,0,
848,501,,,,,7,1,0.70%,0,
849,501,,,,,8,1,0.91%,0,
850,501,,,,,9,1,1.23%,0,
851,501,,,,,10,1,1.54%,0,
852,501,,,,,11,1,1.86%,0,
853,501,,,,,12,1,2.28%,0,
854,501,,,,,13,1,2.70%,0,
855,501,,,,,14,1,3.12%,0,
856,501,,,,,15,1,3.54%,0,
857,501,,,,,16,1,3.96%,0,
858,501,,,,,17,1,4.38%,0,
859,501,,,,,18,1,4.80%,0,
860,511,,,,,1,0,0%,0,
861,511,,,,,2,0,0%,0,
862,511,,,,,3,0,0%,0,
863,511,,,,,4,0,0%,0,
864,511,,,,,5,0,0%,0,
865,511,,,,,6,0,0%,0,
866,511,,,,,7,0,0%,0,
867,511,,,,,8,0,0%,0,
868,511,,,,,9,0,0%,0,
869,511,,,,,10,0,0%,0,
870,511,,,,,11,0,0%,0,
871,511,,,,,12,0,0%,0,
872,521,,,,,1,0,0%,0,
873,521,,,,,2,0,0%,0,
874,521,,,,,3,0,0%,0,
875,521,,,,,4,0,0%,0,
876,521,,,,,5,0,0%,0,
877,521,,,,,6,0,0%,0,
878,521,,,,,7,0,0%,0,
879,521,,,,,8,0,0%,0,
880,521,,,,,9,0,0%,0,
881,521,,,,,10,0,0%,0,
882,521,,,,,11,0,0%,0,
883,521,,,,,12,0,0%,0,
884,531,,,,,1,0,0%,0,
885,531,,,,,2,0,0%,0,
886,531,,,,,3,0,0%,0,
887,531,,,,,4,0,0%,0,
888,531,,,,,5,0,0%,0,
889,531,,,,,6,0,0%,0,
890,531,,,,,7,0,0%,0,
891,531,,,,,8,0,0%,0,
892,531,,,,,9,0,0%,0,
893,531,,,,,10,0,0%,0,
894,531,,,,,11,0,0%,0,
895,531,,,,,12,0,0%,0,
896,541,,,,,1,1,0%,0,
897,541,,,,,2,1,0.03%,0,
898,541,,,,,3,1,0.04%,0,
899,541,,,,,4,1,0.06%,0,
900,541,,,,,5,1,0.08%,0,
901,541,,,,,6,1,0.13%,0,
902,541,,,,,7,1,0.17%,0,
903,541,,,,,8,1,0.22%,0,
904,541,,,,,9,1,0.28%,0,
905,541,,,,,10,1,0.35%,0,
906,541,,,,,11,1,0.42%,0,
907,541,,,,,12,1,0.50%,0,
908,541,,,,,13,1,0.60%,0,
909,541,,,,,14,1,0.70%,0,
910,541,,,,,15,1,0.80%,0,
911,541,,,,,16,1,1.00%,0,
912,541,,,,,17,1,1.20%,0,
913,541,,,,,18,1,1.40%,0,
914,551,,,,,1,8,0%,0,
915,551,,,,,2,8,0.08%,0,
916,551,,,,,3,8,0.16%,0,
917,551,,,,,4,8,0.24%,0,
918,551,,,,,5,8,0.40%,0,
919,551,,,,,6,8,0.56%,0,
920,551,,,,,7,8,0.80%,0,
921,551,,,,,8,8,1.04%,0,
922,551,,,,,9,8,1.36%,0,
923,551,,,,,10,8,1.68%,0,
924,551,,,,,11,8,2%,0,
925,551,,,,,12,8,2.40%,0,
926,551,,,,,13,8,2.80%,0,
927,551,,,,,14,8,3.20%,0,
928,551,,,,,15,8,3.60%,0,
929,551,,,,,16,8,4.00%,0,
930,551,,,,,17,8,4.50%,0,
931,551,,,,,18,8,5.00%,0,
932,561,,,,,1,7,0%,0,
933,561,,,,,2,7,0%,0,
934,561,,,,,3,7,0.10%,0,
935,561,,,,,4,7,0.25%,0,
936,561,,,,,5,7,0.40%,0,
937,561,,,,,6,7,0.70%,0,
938,561,,,,,7,7,1%,0,
939,561,,,,,8,7,1.30%,0,
940,561,,,,,9,7,1.75%,0,
941,561,,,,,10,7,2.20%,0,
942,561,,,,,11,7,2.65%,0,
943,561,,,,,12,7,3.25%,0,
944,561,,,,,13,7,3.85%,0,
945,561,,,,,14,7,4.45%,0,
946,561,,,,,15,7,5.05%,0,
947,561,,,,,16,7,5.65%,0,
948,561,,,,,17,7,6.25%,0,
949,561,,,,,18,7,6.85%,0,
950,571,,,,,1,7,0%,0,
951,571,,,,,2,7,0%,0,
952,571,,,,,3,7,0.10%,0,
953,571,,,,,4,7,0.25%,0,
954,571,,,,,5,7,0.40%,0,
955,571,,,,,6,7,0.70%,0,
956,571,,,,,7,7,1%,0,
957,571,,,,,8,7,1.30%,0,
958,571,,,,,9,7,1.75%,0,
959,571,,,,,10,7,2.20%,0,
960,571,,,,,11,7,2.65%,0,
961,571,,,,,12,7,3.25%,0,
962,571,,,,,13,7,3.85%,0,
963,571,,,,,14,7,4.45%,0,
964,571,,,,,15,7,5.05%,0,
965,571,,,,,16,7,5.65%,0,
966,571,,,,,17,7,6.25%,0,
967,571,,,,,18,7,6.85%,0,
968,581,,,,,1,0,0%,0,
969,581,,,,,2,0,0%,0,
970,581,,,,,3,0,0%,0,
971,581,,,,,4,0,0%,0,
972,581,,,,,5,0,0%,0,
973,581,,,,,6,0,0%,0,
974,581,,,,,7,0,0%,0,
975,581,,,,,8,0,0%,0,
976,581,,,,,9,0,0%,0,
977,581,,,,,10,0,0%,0,
978,581,,,,,11,0,0%,0,
979,581,,,,,12,0,0%,0,
980,591,,,,,1,8,0%,0,
981,591,,,,,2,8,0%,0,
982,591,,,,,3,8,0.10%,0,
983,591,,,,,4,8,0.25%,0,
984,591,,,,,5,8,0.40%,0,
985,591,,,,,6,8,0.70%,0,
986,591,,,,,7,8,1%,0,
987,591,,,,,8,8,1.30%,0,
988,591,,,,,9,8,1.75%,0,
989,591,,,,,10,8,2.20%,0,
990,591,,,,,11,8,2.65%,0,
991,591,,,,,12,8,3.25%,0,
992,591,,,,,13,8,3.85%,0,
993,591,,,,,14,8,4.45%,0,
994,591,,,,,15,8,5.05%,0,
995,591,,,,,16,8,5.65%,0,
996,591,,,,,17,8,6.25%,0,
997,591,,,,,18,8,6.85%,0,
998,601,,,,,1,10,0%,0,
999,601,,,,,2,10,0%,0,
1000,601,,,,,3,10,0.10%,0,
1001,601,,,,,4,10,0.25%,0,
1002,601,,,,,5,10,0.40%,0,
1003,601,,,,,6,10,0.70%,0,
1004,601,,,,,7,10,1%,0,
1005,601,,,,,8,10,1.30%,0,
1006,601,,,,,9,10,1.75%,0,
1007,601,,,,,10,10,2.20%,0,
1008,601,,,,,11,10,2.65%,0,
1009,601,,,,,12,10,3.25%,0,
1010,601,,,,,13,10,3.85%,0,
1011,601,,,,,14,10,4.45%,0,
1012,601,,,,,15,10,5.05%,0,
1013,601,,,,,16,10,5.65%,0,
1014,601,,,,,17,10,6.25%,0,
1015,601,,,,,18,10,6.85%,0,
1016,611,,,,,1,7,0%,0,
1017,611,,,,,2,7,0%,0,
1018,611,,,,,3,7,0.10%,0,
1019,611,,,,,4,7,0.25%,0,
1020,611,,,,,5,7,0.40%,0,
1021,611,,,,,6,7,0.70%,0,
1022,611,,,,,7,7,1%,0,
1023,611,,,,,8,7,1.30%,0,
1024,611,,,,,9,7,1.75%,0,
1025,611,,,,,10,7,2.20%,0,
1026,611,,,,,11,7,2.65%,0,
1027,611,,,,,12,7,3.25%,0,
1028,611,,,,,13,7,3.85%,0,
1029,611,,,,,14,7,4.45%,0,
1030,611,,,,,15,7,5.05%,0,
1031,611,,,,,16,7,5.65%,0,
1032,611,,,,,17,7,6.25%,0,
1033,611,,,,,18,7,6.85%,0,
1034,621,,,,,1,0,0%,0,
1035,621,,,,,2,0,0%,0,
1036,621,,,,,3,0,0%,0,
1037,621,,,,,4,0,0%,0,
1038,621,,,,,5,0,0%,0,
1039,621,,,,,6,0,0%,0,
1040,621,,,,,7,0,0%,0,
1041,621,,,,,8,0,0%,0,
1042,621,,,,,9,0,0%,0,
1043,621,,,,,10,0,0%,0,
1044,621,,,,,11,0,0%,0,
1045,621,,,,,12,0,0%,0,
1046,631,,,,,1,7,0%,0,
1047,631,,,,,2,7,0%,0,
1048,631,,,,,3,7,0.10%,0,
1049,631,,,,,4,7,0.25%,0,
1050,631,,,,,5,7,0.40%,0,
1051,631,,,,,6,7,0.70%,0,
1052,631,,,,,7,7,1%,0,
1053,631,,,,,8,7,1.30%,0,
1054,631,,,,,9,7,1.75%,0,
1055,631,,,,,10,7,2.20%,0,
1056,631,,,,,11,7,2.65%,0,
1057,631,,,,,12,7,3.25%,0,
1058,631,,,,,13,7,3.85%,0,
1059,631,,,,,14,7,4.45%,0,
1060,631,,,,,15,7,5.05%,0,
1061,631,,,,,16,7,5.65%,0,
1062,631,,,,,17,7,6.25%,0,
1063,631,,,,,18,7,6.85%,0,
1064,641,,,,,1,1,0%,0,
1065,641,,,,,2,1,0%,0,
1066,641,,,,,3,1,0.07%,0,
1067,641,,,,,4,1,0.18%,0,
1068,641,,,,,5,1,0.28%,0,
1069,641,,,,,6,1,0.49%,0,
1070,641,,,,,7,1,0.70%,0,
1071,641,,,,,8,1,0.91%,0,
1072,641,,,,,9,1,1.23%,0,
1073,641,,,,,10,1,1.54%,0,
1074,641,,,,,11,1,1.86%,0,
1075,641,,,,,12,1,2.28%,0,
1076,641,,,,,13,1,2.70%,0,
1077,641,,,,,14,1,3.12%,0,
1078,641,,,,,15,1,3.54%,0,
1079,641,,,,,16,1,3.96%,0,
1080,641,,,,,17,1,4.38%,0,
1081,641,,,,,18,1,4.80%,0,
1082,651,,,,,1,0,0%,0,
1083,651,,,,,2,0,0%,0,
1084,651,,,,,3,0,0%,0,
1085,651,,,,,4,0,0%,0,
1086,651,,,,,5,0,0%,0,
1087,651,,,,,6,0,0%,0,
1088,651,,,,,7,0,0%,0,
1089,651,,,,,8,0,0%,0,
1090,651,,,,,9,0,0%,0,
1091,651,,,,,10,0,0%,0,
1092,651,,,,,11,0,0%,0,
1093,651,,,,,12,0,0%,0,
1094,661,,,,,1,0,0%,0,
1095,661,,,,,2,0,0%,0,
1096,661,,,,,3,0,0%,0,
1097,661,,,,,4,0,0%,0,
1098,661,,,,,5,0,0%,0,
1099,661,,,,,6,0,0%,0,
1100,661,,,,,7,0,0%,0,
1101,661,,,,,8,0,0%,0,
1102,661,,,,,9,0,0%,0,
1103,661,,,,,10,0,0%,0,
1104,661,,,,,11,0,0%,0,
1105,661,,,,,12,0,0%,0,
1106,671,,,,,1,0,0%,0,
1107,671,,,,,2,0,0%,0,
1108,671,,,,,3,0,0%,0,
1109,671,,,,,4,0,0%,0,
1110,671,,,,,5,0,0%,0,
1111,671,,,,,6,0,0%,0,
1112,671,,,,,7,0,0%,0,
1113,671,,,,,8,0,0%,0,
1114,671,,,,,9,0,0%,0,
1115,671,,,,,10,0,0%,0,
1116,671,,,,,11,0,0%,0,
1117,671,,,,,12,0,0%,0,
1118,681,,,,,1,0,0%,0,
1119,681,,,,,2,0,0%,0,
1120,681,,,,,3,0,0%,0,
1121,681,,,,,4,0,0%,0,
1122,681,,,,,5,0,0%,0,
1123,681,,,,,6,0,0%,0,
1124,681,,,,,7,0,0%,0,
1125,681,,,,,8,0,0%,0,
1126,681,,,,,9,0,0%,0,
1127,681,,,,,10,0,0%,0,
1128,681,,,,,11,0,0%,0,
1129,681,,,,,12,0,0%,0,
1130,691,,,,,1,9,0%,0,
1131,691,,,,,2,9,0.08%,0,
1132,691,,,,,3,9,0.16%,0,
1133,691,,,,,4,9,0.24%,0,
1134,691,,,,,5,9,0.40%,0,
1135,691,,,,,6,9,0.56%,0,
1136,691,,,,,7,9,0.80%,0,
1137,691,,,,,8,9,1.04%,0,
1138,691,,,,,9,9,1.36%,0,
1139,691,,,,,10,9,1.68%,0,
1140,691,,,,,11,9,2%,0,
1141,691,,,,,12,9,2.40%,0,
1142,691,,,,,13,9,2.80%,0,
1143,691,,,,,14,9,3.20%,0,
1144,691,,,,,15,9,3.60%,0,
1145,691,,,,,16,9,4.00%,0,
1146,691,,,,,17,9,4.50%,0,
1147,691,,,,,18,9,5.00%,0,
1148,701,,,,,1,13,0%,0,
1149,701,,,,,2,13,0%,0,
1150,701,,,,,3,13,0.10%,0,
1151,701,,,,,4,13,0.25%,0,
1152,701,,,,,5,13,0.40%,0,
1153,701,,,,,6,13,0.70%,0,
1154,701,,,,,7,13,1%,0,
1155,701,,,,,8,13,1.30%,0,
1156,701,,,,,9,13,1.75%,0,
1157,701,,,,,10,13,2.20%,0,
1158,701,,,,,11,13,2.65%,0,
1159,701,,,,,12,13,3.25%,0,
1160,701,,,,,13,13,3.85%,0,
1161,701,,,,,14,13,4.45%,0,
1162,701,,,,,15,13,5.05%,0,
1163,701,,,,,16,13,5.65%,0,
1164,701,,,,,17,13,6.25%,0,
1165,701,,,,,18,13,6.85%,0,
1166,711,,,,,1,1,0%,0,
1167,711,,,,,2,1,0.06%,0,
1168,711,,,,,3,1,0.11%,0,
1169,711,,,,,4,1,0.17%,0,
1170,711,,,,,5,1,0.28%,0,
1171,711,,,,,6,1,0.39%,0,
1172,711,,,,,7,1,0.56%,0,
1173,711,,,,,8,1,0.73%,0,
1174,711,,,,,9,1,0.95%,0,
1175,711,,,,,10,1,1.18%,0,
1176,711,,,,,11,1,1.40%,0,
1177,711,,,,,12,1,1.68%,0,
1178,711,,,,,13,1,1.96%,0,
1179,711,,,,,14,1,2.24%,0,
1180,711,,,,,15,1,2.52%,0,
1181,711,,,,,16,1,2.80%,0,
1182,711,,,,,17,1,3.08%,0,
1183,711,,,,,18,1,3.36%,0,
1184,721,,,,,1,13,0%,0,
1185,721,,,,,2,13,0%,0,
1186,721,,,,,3,13,0.10%,0,
1187,721,,,,,4,13,0.25%,0,
1188,721,,,,,5,13,0.40%,0,
1189,721,,,,,6,13,0.70%,0,
1190,721,,,,,7,13,1%,0,
1191,721,,,,,8,13,1.30%,0,
1192,721,,,,,9,13,1.75%,0,
1193,721,,,,,10,13,2.20%,0,
1194,721,,,,,11,13,2.65%,0,
1195,721,,,,,12,13,3.25%,0,
1196,721,,,,,13,13,3.85%,0,
1197,721,,,,,14,13,4.45%,0,
1198,721,,,,,15,13,5.05%,0,
1199,721,,,,,16,13,5.65%,0,
1200,721,,,,,17,13,6.25%,0,
1201,721,,,,,18,13,6.85%,0,
1202,731,,,,,1,8,0%,0,
1203,731,,,,,2,8,0%,0,
1204,731,,,,,3,8,0.10%,0,
1205,731,,,,,4,8,0.25%,0,
1206,731,,,,,5,8,0.40%,0,
1207,731,,,,,6,8,0.70%,0,
1208,731,,,,,7,8,1%,0,
1209,731,,,,,8,8,1.30%,0,
1210,731,,,,,9,8,1.75%,0,
1211,731,,,,,10,8,2.20%,0,
1212,731,,,,,11,8,2.65%,0,
1213,731,,,,,12,8,3.25%,0,
1214,731,,,,,13,8,3.85%,0,
1215,731,,,,,14,8,4.45%,0,
1216,731,,,,,15,8,5.05%,0,
1217,731,,,,,16,8,5.65%,0,
1218,731,,,,,17,8,6.25%,0,
1219,731,,,,,18,8,6.85%,0,
1220,741,,,,,1,8,0%,0,
1221,741,,,,,2,8,0%,0,
1222,741,,,,,3,8,0.10%,0,
1223,741,,,,,4,8,0.25%,0,
1224,741,,,,,5,8,0.40%,0,
1225,741,,,,,6,8,0.70%,0,
1226,741,,,,,7,8,1%,0,
1227,741,,,,,8,8,1.30%,0,
1228,741,,,,,9,8,1.75%,0,
1229,741,,,,,10,8,2.20%,0,
1230,741,,,,,11,8,2.65%,0,
1231,741,,,,,12,8,3.25%,0,
1232,741,,,,,13,8,3.85%,0,
1233,741,,,,,14,8,4.45%,0,
1234,741,,,,,15,8,5.05%,0,
1235,741,,,,,16,8,5.65%,0,
1236,741,,,,,17,8,6.25%,0,
1237,741,,,,,18,8,6.85%,0,
1238,751,,,,,1,7,0%,0,
1239,751,,,,,2,7,0%,0,
1240,751,,,,,3,7,0.10%,0,
1241,751,,,,,4,7,0.25%,0,
1242,751,,,,,5,7,0.40%,0,
1243,751,,,,,6,7,0.70%,0,
1244,751,,,,,7,7,1%,0,
1245,751,,,,,8,7,1.30%,0,
1246,751,,,,,9,7,1.75%,0,
1247,751,,,,,10,7,2.20%,0,
1248,751,,,,,11,7,2.65%,0,
1249,751,,,,,12,7,3.25%,0,
1250,751,,,,,13,7,3.85%,0,
1251,751,,,,,14,7,4.45%,0,
1252,751,,,,,15,7,5.05%,0,
1253,751,,,,,16,7,5.65%,0,
1254,751,,,,,17,7,6.25%,0,
1255,751,,,,,18,7,6.85%,0,
1256,761,,,,,1,8,0%,0,
1257,761,,,,,2,8,0%,0,
1258,761,,,,,3,8,0%,0,
1259,761,,,,,4,8,0.16%,0,
1260,761,,,,,5,8,0.48%,0,
1261,761,,,,,6,8,0.80%,0,
1262,761,,,,,7,8,1.44%,0,
1263,761,,,,,8,8,2.08%,0,
1264,761,,,,,9,8,2.72%,0,
1265,761,,,,,10,8,3.68%,0,
1266,761,,,,,11,8,4.64%,0,
1267,761,,,,,12,8,5.60%,0,
1268,761,,,,,13,8,6.56%,0,
1269,761,,,,,14,8,7.52%,0,
1270,761,,,,,15,8,8.48%,0,
1271,761,,,,,16,8,9.44%,0,
1272,761,,,,,17,8,10.40%,0,
1273,761,,,,,18,8,11.36%,0,
1274,771,,,,,1,13,0%,0,
1275,771,,,,,2,13,0%,0,
1276,771,,,,,3,13,0.10%,0,
1277,771,,,,,4,13,0.25%,0,
1278,771,,,,,5,13,0.40%,0,
1279,771,,,,,6,13,0.70%,0,
1280,771,,,,,7,13,1%,0,
1281,771,,,,,8,13,1.30%,0,
1282,771,,,,,9,13,1.75%,0,
1283,771,,,,,10,13,2.20%,0,
1284,771,,,,,11,13,2.65%,0,
1285,771,,,,,12,13,3.25%,0,
1286,771,,,,,13,13,3.85%,0,
1287,771,,,,,14,13,4.45%,0,
1288,771,,,,,15,13,5.05%,0,
1289,771,,,,,16,13,5.65%,0,
1290,771,,,,,17,13,6.25%,0,
1291,771,,,,,18,13,6.85%,0,
1292,781,,,,,1,1,0%,0,
1293,781,,,,,2,1,0.06%,0,
1294,781,,,,,3,1,0.11%,0,
1295,781,,,,,4,1,0.17%,0,
1296,781,,,,,5,1,0.28%,0,
1297,781,,,,,6,1,0.39%,0,
1298,781,,,,,7,1,0.56%,0,
1299,781,,,,,8,1,0.73%,0,
1300,781,,,,,9,1,0.95%,0,
1301,781,,,,,10,1,1.18%,0,
1302,781,,,,,11,1,1.40%,0,
1303,781,,,,,12,1,1.68%,0,
1304,781,,,,,13,1,2.00%,0,
1305,781,,,,,14,1,2.40%,0,
1306,781,,,,,15,1,2.80%,0,
1307,781,,,,,16,1,3.20%,0,
1308,781,,,,,17,1,3.80%,0,
1309,781,,,,,18,1,4.20%,0,
1310,791,,,,,1,8,0%,0,
1311,791,,,,,2,8,0.08%,0,
1312,791,,,,,3,8,0.16%,0,
1313,791,,,,,4,8,0.24%,0,
1314,791,,,,,5,8,0.40%,0,
1315,791,,,,,6,8,0.56%,0,
1316,791,,,,,7,8,0.80%,0,
1317,791,,,,,8,8,1.04%,0,
1318,791,,,,,9,8,1.36%,0,
1319,791,,,,,10,8,1.68%,0,
1320,791,,,,,11,8,2%,0,
1321,791,,,,,12,8,2.40%,0,
1322,791,,,,,13,8,2.80%,0,
1323,791,,,,,14,8,3.20%,0,
1324,791,,,,,15,8,3.60%,0,
1325,791,,,,,16,8,4.00%,0,
1326,791,,,,,17,8,4.50%,0,
1327,791,,,,,18,8,5.00%,0,
1328,801,,,,,1,7,0%,0,
1329,801,,,,,2,7,0.08%,0,
1330,801,,,,,3,7,0.16%,0,
1331,801,,,,,4,7,0.24%,0,
1332,801,,,,,5,7,0.40%,0,
1333,801,,,,,6,7,0.56%,0,
1334,801,,,,,7,7,0.80%,0,
1335,801,,,,,8,7,1.04%,0,
1336,801,,,,,9,7,1.36%,0,
1337,801,,,,,10,7,1.68%,0,
1338,801,,,,,11,7,2%,0,
1339,801,,,,,12,7,2.40%,0,
1340,801,,,,,13,7,2.80%,0,
1341,801,,,,,14,7,3.20%,0,
1342,801,,,,,15,7,3.60%,0,
1343,801,,,,,16,7,4.00%,0,
1344,801,,,,,17,7,4.50%,0,
1345,801,,,,,18,7,5.00%,0,
1346,811,,,,,1,0,0%,0,
1347,811,,,,,2,0,0%,0,
1348,811,,,,,3,0,0%,0,
1349,811,,,,,4,0,0%,0,
1350,811,,,,,5,0,0%,0,
1351,811,,,,,6,0,0%,0,
1352,811,,,,,7,0,0%,0,
1353,811,,,,,8,0,0%,0,
1354,811,,,,,9,0,0%,0,
1355,811,,,,,10,0,0%,0,
1356,811,,,,,11,0,0%,0,
1357,811,,,,,12,0,0%,0,
1358,821,,,,,1,0,0%,0,
1359,821,,,,,2,0,0%,0,
1360,821,,,,,3,0,0%,0,
1361,821,,,,,4,0,0%,0,
1362,821,,,,,5,0,0%,0,
1363,821,,,,,6,0,0%,0,
1364,821,,,,,7,0,0%,0,
1365,821,,,,,8,0,0%,0,
1366,821,,,,,9,0,0%,0,
1367,821,,,,,10,0,0%,0,
1368,821,,,,,11,0,0%,0,
1369,821,,,,,12,0,0%,0,
1370,831,,,,,1,0,0%,0,
1371,831,,,,,2,0,0%,0,
1372,831,,,,,3,0,0%,0,
1373,831,,,,,4,0,0%,0,
1374,831,,,,,5,0,0%,0,
1375,831,,,,,6,0,0%,0,
1376,831,,,,,7,0,0%,0,
1377,831,,,,,8,0,0%,0,
1378,831,,,,,9,0,0%,0,
1379,831,,,,,10,0,0%,0,
1380,831,,,,,11,0,0%,0,
1381,831,,,,,12,0,0%,0,
1382,841,,,,,1,0,0%,0,
1383,841,,,,,2,0,0%,0,
1384,841,,,,,3,0,0%,0,
1385,841,,,,,4,0,0%,0,
1386,841,,,,,5,0,0%,0,
1387,841,,,,,6,0,0%,0,
1388,841,,,,,7,0,0%,0,
1389,841,,,,,8,0,0%,0,
1390,841,,,,,9,0,0%,0,
1391,841,,,,,10,0,0%,0,
1392,841,,,,,11,0,0%,0,
1393,841,,,,,12,0,0%,0,
1394,851,,,,,1,0,0%,0,
1395,851,,,,,2,0,0%,0,
1396,851,,,,,3,0,0%,0,
1397,851,,,,,4,0,0%,0,
1398,851,,,,,5,0,0%,0,
1399,851,,,,,6,0,0%,0,
1400,851,,,,,7,0,0%,0,
1401,851,,,,,8,0,0%,0,
1402,851,,,,,9,0,0%,0,
1403,851,,,,,10,0,0%,0,
1404,851,,,,,11,0,0%,0,
1405,851,,,,,12,0,0%,0,
1406,861,,,,,1,10,0%,0,
1407,861,,,,,2,10,0%,0,
1408,861,,,,,3,10,0.10%,0,
1409,861,,,,,4,10,0.25%,0,
1410,861,,,,,5,10,0.40%,0,
1411,861,,,,,6,10,0.70%,0,
1412,861,,,,,7,10,1%,0,
1413,861,,,,,8,10,1.30%,0,
1414,861,,,,,9,10,1.75%,0,
1415,861,,,,,10,10,2.20%,0,
1416,861,,,,,11,10,2.65%,0,
1417,861,,,,,12,10,3.25%,0,
1418,861,,,,,13,10,3.85%,0,
1419,861,,,,,14,10,4.45%,0,
1420,861,,,,,15,10,5.05%,0,
1421,861,,,,,16,10,5.65%,0,
1422,861,,,,,17,10,6.25%,0,
1423,861,,,,,18,10,6.85%,0,
1424,871,,,,,1,0,0%,0,
1425,871,,,,,2,0,0%,0,
1426,871,,,,,3,0,0%,0,
1427,871,,,,,4,0,0%,0,
1428,871,,,,,5,0,0%,0,
1429,871,,,,,6,0,0%,0,
1430,871,,,,,7,0,0%,0,
1431,871,,,,,8,0,0%,0,
1432,871,,,,,9,0,0%,0,
1433,871,,,,,10,0,0%,0,
1434,871,,,,,11,0,0%,0,
1435,871,,,,,12,0,0%,0,
1436,881,,,,,1,10,0%,0,
1437,881,,,,,2,10,0%,0,
1438,881,,,,,3,10,0.10%,0,
1439,881,,,,,4,10,0.25%,0,
1440,881,,,,,5,10,0.40%,0,
1441,881,,,,,6,10,0.70%,0,
1442,881,,,,,7,10,1%,0,
1443,881,,,,,8,10,1.30%,0,
1444,881,,,,,9,10,1.75%,0,
1445,881,,,,,10,10,2.20%,0,
1446,881,,,,,11,10,2.65%,0,
1447,881,,,,,12,10,3.25%,0,
1448,881,,,,,13,10,3.85%,0,
1449,881,,,,,14,10,4.45%,0,
1450,881,,,,,15,10,5.05%,0,
1451,881,,,,,16,10,5.65%,0,
1452,881,,,,,17,10,6.25%,0,
1453,881,,,,,18,10,6.85%,0,
1454,891,,,,,1,8,0%,0,
1455,891,,,,,2,8,0.04%,0,
1456,891,,,,,3,8,0.06%,0,
1457,891,,,,,4,8,0.08%,0,
1458,891,,,,,5,8,0.12%,0,
1459,891,,,,,6,8,0.18%,0,
1460,891,,,,,7,8,0.24%,0,
1461,891,,,,,8,8,0.32%,0,
1462,891,,,,,9,8,0.40%,0,
1463,891,,,,,10,8,0.50%,0,
1464,891,,,,,11,8,0.60%,0,
1465,891,,,,,12,8,0.72%,0,
1466,891,,,,,13,8,0.80%,0,
1467,891,,,,,14,8,0.90%,0,
1468,891,,,,,15,8,1.00%,0,
1469,891,,,,,16,8,1.10%,0,
1470,891,,,,,17,8,1.30%,0,
1471,891,,,,,18,8,1.60%,0,
1472,901,,,,,1,0,0%,0,
1473,901,,,,,2,0,0%,0,
1474,901,,,,,3,0,0%,0,
1475,901,,,,,4,0,0%,0,
1476,901,,,,,5,0,0%,0,
1477,901,,,,,6,0,0%,0,
1478,901,,,,,7,0,0%,0,
1479,901,,,,,8,0,0%,0,
1480,901,,,,,9,0,0%,0,
1481,901,,,,,10,0,0%,0,
1482,901,,,,,11,0,0%,0,
1483,901,,,,,12,0,0%,0,
1484,911,,,,,1,0,0%,0,
1485,911,,,,,2,0,0%,0,
1486,911,,,,,3,0,0%,0,
1487,911,,,,,4,0,0%,0,
1488,911,,,,,5,0,0%,0,
1489,911,,,,,6,0,0%,0,
1490,911,,,,,7,0,0%,0,
1491,911,,,,,8,0,0%,0,
1492,911,,,,,9,0,0%,0,
1493,911,,,,,10,0,0%,0,
1494,911,,,,,11,0,0%,0,
1495,911,,,,,12,0,0%,0,
1496,921,,,,,1,0,0%,0,
1497,921,,,,,2,0,0%,0,
1498,921,,,,,3,0,0%,0,
1499,921,,,,,4,0,0%,0,
1500,921,,,,,5,0,0%,0,
1501,921,,,,,6,0,0%,0,
1502,921,,,,,7,0,0%,0,
1503,921,,,,,8,0,0%,0,
1504,921,,,,,9,0,0%,0,
1505,921,,,,,10,0,0%,0,
1506,921,,,,,11,0,0%,0,
1507,921,,,,,12,0,0%,0,
1508,931,,,,,1,0,0%,0,
1509,931,,,,,2,0,0%,0,
1510,931,,,,,3,0,0%,0,
1511,931,,,,,4,0,0%,0,
1512,931,,,,,5,0,0%,0,
1513,931,,,,,6,0,0%,0,
1514,931,,,,,7,0,0%,0,
1515,931,,,,,8,0,0%,0,
1516,931,,,,,9,0,0%,0,
1517,931,,,,,10,0,0%,0,
1518,931,,,,,11,0,0%,0,
1519,931,,,,,12,0,0%,0,
1520,941,,,,,1,0,0%,0,
1521,941,,,,,2,0,0%,0,
1522,941,,,,,3,0,0%,0,
1523,941,,,,,4,0,0%,0,
1524,941,,,,,5,0,0%,0,
1525,941,,,,,6,0,0%,0,
1526,941,,,,,7,0,0%,0,
1527,941,,,,,8,0,0%,0,
1528,941,,,,,9,0,0%,0,
1529,941,,,,,10,0,0%,0,
1530,941,,,,,11,0,0%,0,
1531,941,,,,,12,0,0%,0,
1532,951,,,,,1,0,0%,0,
1533,951,,,,,2,0,0%,0,
1534,951,,,,,3,0,0%,0,
1535,951,,,,,4,0,0%,0,
1536,951,,,,,5,0,0%,0,
1537,951,,,,,6,0,0%,0,
1538,951,,,,,7,0,0%,0,
1539,951,,,,,8,0,0%,0,
1540,951,,,,,9,0,0%,0,
1541,951,,,,,10,0,0%,0,
1542,951,,,,,11,0,0%,0,
1543,951,,,,,12,0,0%,0,
1544,961,,,,,1,0,0%,0,
1545,961,,,,,2,0,0%,0,
1546,961,,,,,3,0,0%,0,
1547,961,,,,,4,0,0%,0,
1548,961,,,,,5,0,0%,0,
1549,961,,,,,6,0,0%,0,
1550,961,,,,,7,0,0%,0,
1551,961,,,,,8,0,0%,0,
1552,961,,,,,9,0,0%,0,
1553,961,,,,,10,0,0%,0,
1554,961,,,,,11,0,0%,0,
1555,961,,,,,12,0,0%,0,
1556,971,,,,,1,8,0%,0,
1557,971,,,,,2,8,0%,0,
1558,971,,,,,3,8,0.10%,0,
1559,971,,,,,4,8,0.25%,0,
1560,971,,,,,5,8,0.40%,0,
1561,971,,,,,6,8,0.70%,0,
1562,971,,,,,7,8,1%,0,
1563,971,,,,,8,8,1.30%,0,
1564,971,,,,,9,8,1.75%,0,
1565,971,,,,,10,8,2.20%,0,
1566,971,,,,,11,8,2.65%,0,
1567,971,,,,,12,8,3.25%,0,
1568,971,,,,,13,8,3.85%,0,
1569,971,,,,,14,8,4.45%,0,
1570,971,,,,,15,8,5.05%,0,
1571,971,,,,,16,8,5.65%,0,
1572,971,,,,,17,8,6.25%,0,
1573,971,,,,,18,8,6.85%,0,
1574,981,,,,,1,0,0%,0,
1575,981,,,,,2,0,0%,0,
1576,981,,,,,3,0,0%,0,
1577,981,,,,,4,0,0%,0,
1578,981,,,,,5,0,0%,0,
1579,981,,,,,6,0,0%,0,
1580,981,,,,,7,0,0%,0,
1581,981,,,,,8,0,0%,0,
1582,981,,,,,9,0,0%,0,
1583,981,,,,,10,0,0%,0,
1584,981,,,,,11,0,0%,0,
1585,981,,,,,12,0,0%,0,
1586,991,,,,,1,0,0%,0,
1587,991,,,,,2,0,0%,0,
1588,991,,,,,3,0,0%,0,
1589,991,,,,,4,0,0%,0,
1590,991,,,,,5,0,0%,0,
1591,991,,,,,6,0,0%,0,
1592,991,,,,,7,0,0%,0,
1593,991,,,,,8,0,0%,0,
1594,991,,,,,9,0,0%,0,
1595,991,,,,,10,0,0%,0,
1596,991,,,,,11,0,0%,0,
1597,991,,,,,12,0,0%,0,
1598,1001,,,,,1,0,0%,0,
1599,1001,,,,,2,0,0%,0,
1600,1001,,,,,3,0,0%,0,
1601,1001,,,,,4,0,0%,0,
1602,1001,,,,,5,0,0%,0,
1603,1001,,,,,6,0,0%,0,
1604,1001,,,,,7,0,0%,0,
1605,1001,,,,,8,0,0%,0,
1606,1001,,,,,9,0,0%,0,
1607,1001,,,,,10,0,0%,0,
1608,1001,,,,,11,0,0%,0,
1609,1001,,,,,12,0,0%,0,
1610,1011,,,,,1,0,0%,0,
1611,1011,,,,,2,0,0%,0,
1612,1011,,,,,3,0,0%,0,
1613,1011,,,,,4,0,0%,0,
1614,1011,,,,,5,0,0%,0,
1615,1011,,,,,6,0,0%,0,
1616,1011,,,,,7,0,0%,0,
1617,1011,,,,,8,0,0%,0,
1618,1011,,,,,9,0,0%,0,
1619,1011,,,,,10,0,0%,0,
1620,1011,,,,,11,0,0%,0,
1621,1011,,,,,12,0,0%,0,
1622,1021,,,,,1,0,0%,0,
1623,1021,,,,,2,0,0%,0,
1624,1021,,,,,3,0,0%,0,
1625,1021,,,,,4,0,0%,0,
1626,1021,,,,,5,0,0%,0,
1627,1021,,,,,6,0,0%,0,
1628,1021,,,,,7,0,0%,0,
1629,1021,,,,,8,0,0%,0,
1630,1021,,,,,9,0,0%,0,
1631,1021,,,,,10,0,0%,0,
1632,1021,,,,,11,0,0%,0,
1633,1021,,,,,12,0,0%,0,
1634,1031,,,,,1,1,0%,0,
1635,1031,,,,,2,1,0%,0,
1636,1031,,,,,3,1,0.07%,0,
1637,1031,,,,,4,1,0.18%,0,
1638,1031,,,,,5,1,0.28%,0,
1639,1031,,,,,6,1,0.49%,0,
1640,1031,,,,,7,1,0.70%,0,
1641,1031,,,,,8,1,0.91%,0,
1642,1031,,,,,9,1,1.23%,0,
1643,1031,,,,,10,1,1.54%,0,
1644,1031,,,,,11,1,1.86%,0,
1645,1031,,,,,12,1,2.28%,0,
1646,1031,,,,,13,1,2.70%,0,
1647,1031,,,,,14,1,3.12%,0,
1648,1031,,,,,15,1,3.54%,0,
1649,1031,,,,,16,1,3.96%,0,
1650,1031,,,,,17,1,4.38%,0,
1651,1031,,,,,18,1,4.80%,0,
1652,1041,,,,,1,0,0%,0,
1653,1041,,,,,2,0,0%,0,
1654,1041,,,,,3,0,0%,0,
1655,1041,,,,,4,0,0%,0,
1656,1041,,,,,5,0,0%,0,
1657,1041,,,,,6,0,0%,0,
1658,1041,,,,,7,0,0%,0,
1659,1041,,,,,8,0,0%,0,
1660,1041,,,,,9,0,0%,0,
1661,1041,,,,,10,0,0%,0,
1662,1041,,,,,11,0,0%,0,
1663,1041,,,,,12,0,0%,0,
1664,1051,,,,,1,0,0%,0,
1665,1051,,,,,2,0,0%,0,
1666,1051,,,,,3,0,0%,0,
1667,1051,,,,,4,0,0%,0,
1668,1051,,,,,5,0,0%,0,
1669,1051,,,,,6,0,0%,0,
1670,1051,,,,,7,0,0%,0,
1671,1051,,,,,8,0,0%,0,
1672,1051,,,,,9,0,0%,0,
1673,1051,,,,,10,0,0%,0,
1674,1051,,,,,11,0,0%,0,
1675,1051,,,,,12,0,0%,0,
1676,1061,,,,,1,0,0%,0,
1677,1061,,,,,2,0,0%,0,
1678,1061,,,,,3,0,0%,0,
1679,1061,,,,,4,0,0%,0,
1680,1061,,,,,5,0,0%,0,
1681,1061,,,,,6,0,0%,0,
1682,1061,,,,,7,0,0%,0,
1683,1061,,,,,8,0,0%,0,
1684,1061,,,,,9,0,0%,0,
1685,1061,,,,,10,0,0%,0,
1686,1061,,,,,11,0,0%,0,
1687,1061,,,,,12,0,0%,0,
1688,1071,,,,,1,9,0%,0,
1689,1071,,,,,2,9,0%,0,
1690,1071,,,,,3,9,0.10%,0,
1691,1071,,,,,4,9,0.25%,0,
1692,1071,,,,,5,9,0.40%,0,
1693,1071,,,,,6,9,0.70%,0,
1694,1071,,,,,7,9,1%,0,
1695,1071,,,,,8,9,1.30%,0,
1696,1071,,,,,9,9,1.75%,0,
1697,1071,,,,,10,9,2.20%,0,
1698,1071,,,,,11,9,2.65%,0,
1699,1071,,,,,12,9,3.25%,0,
1700,1071,,,,,13,9,3.85%,0,
1701,1071,,,,,14,9,4.45%,0,
1702,1071,,,,,15,9,5.05%,0,
1703,1071,,,,,16,9,5.65%,0,
1704,1071,,,,,17,9,6.25%,0,
1705,1071,,,,,18,9,6.85%,0,
1706,1081,,,,,1,8,0%,0,
1707,1081,,,,,2,8,0%,0,
1708,1081,,,,,3,8,0.10%,0,
1709,1081,,,,,4,8,0.25%,0,
1710,1081,,,,,5,8,0.40%,0,
1711,1081,,,,,6,8,0.70%,0,
1712,1081,,,,,7,8,1%,0,
1713,1081,,,,,8,8,1.30%,0,
1714,1081,,,,,9,8,1.75%,0,
1715,1081,,,,,10,8,2.20%,0,
1716,1081,,,,,11,8,2.65%,0,
1717,1081,,,,,12,8,3.25%,0,
1718,1081,,,,,13,8,3.85%,0,
1719,1081,,,,,14,8,4.45%,0,
1720,1081,,,,,15,8,5.05%,0,
1721,1081,,,,,16,8,5.65%,0,
1722,1081,,,,,17,8,6.25%,0,
1723,1081,,,,,18,8,6.85%,0,
1724,1091,,,,,1,0,0%,0,
1725,1091,,,,,2,0,0%,0,
1726,1091,,,,,3,0,0%,0,
1727,1091,,,,,4,0,0%,0,
1728,1091,,,,,5,0,0%,0,
1729,1091,,,,,6,0,0%,0,
1730,1091,,,,,7,0,0%,0,
1731,1091,,,,,8,0,0%,0,
1732,1091,,,,,9,0,0%,0,
1733,1091,,,,,10,0,0%,0,
1734,1091,,,,,11,0,0%,0,
1735,1091,,,,,12,0,0%,0,
1736,1101,,,,,1,0,0%,0,
1737,1101,,,,,2,0,0%,0,
1738,1101,,,,,3,0,0%,0,
1739,1101,,,,,4,0,0%,0,
1740,1101,,,,,5,0,0%,0,
1741,1101,,,,,6,0,0%,0,
1742,1101,,,,,7,0,0%,0,
1743,1101,,,,,8,0,0%,0,
1744,1101,,,,,9,0,0%,0,
1745,1101,,,,,10,0,0%,0,
1746,1101,,,,,11,0,0%,0,
1747,1101,,,,,12,0,0%,0,
1748,1111,,,,,1,0,0%,0,
1749,1111,,,,,2,0,0%,0,
1750,1111,,,,,3,0,0%,0,
1751,1111,,,,,4,0,0%,0,
1752,1111,,,,,5,0,0%,0,
1753,1111,,,,,6,0,0%,0,
1754,1111,,,,,7,0,0%,0,
1755,1111,,,,,8,0,0%,0,
1756,1111,,,,,9,0,0%,0,
1757,1111,,,,,10,0,0%,0,
1758,1111,,,,,11,0,0%,0,
1759,1111,,,,,12,0,0%,0,
1760,1121,,,,,1,0,0%,0,
1761,1121,,,,,2,0,0%,0,
1762,1121,,,,,3,0,0%,0,
1763,1121,,,,,4,0,0%,0,
1764,1121,,,,,5,0,0%,0,
1765,1121,,,,,6,0,0%,0,
1766,1121,,,,,7,0,0%,0,
1767,1121,,,,,8,0,0%,0,
1768,1121,,,,,9,0,0%,0,
1769,1121,,,,,10,0,0%,0,
1770,1121,,,,,11,0,0%,0,
1771,1121,,,,,12,0,0%,0,
1772,1131,,,,,1,0,0%,0,
1773,1131,,,,,2,0,0%,0,
1774,1131,,,,,3,0,0%,0,
1775,1131,,,,,4,0,0%,0,
1776,1131,,,,,5,0,0%,0,
1777,1131,,,,,6,0,0%,0,
1778,1131,,,,,7,0,0%,0,
1779,1131,,,,,8,0,0%,0,
1780,1131,,,,,9,0,0%,0,
1781,1131,,,,,10,0,0%,0,
1782,1131,,,,,11,0,0%,0,
1783,1131,,,,,12,0,0%,0,
1784,1141,,,,,1,0,0%,0,
1785,1141,,,,,2,0,0%,0,
1786,1141,,,,,3,0,0%,0,
1787,1141,,,,,4,0,0%,0,
1788,1141,,,,,5,0,0%,0,
1789,1141,,,,,6,0,0%,0,
1790,1141,,,,,7,0,0%,0,
1791,1141,,,,,8,0,0%,0,
1792,1141,,,,,9,0,0%,0,
1793,1141,,,,,10,0,0%,0,
1794,1141,,,,,11,0,0%,0,
1795,1141,,,,,12,0,0%,0,
1796,1151,,,,,1,0,0%,0,
1797,1151,,,,,2,0,0%,0,
1798,1151,,,,,3,0,0%,0,
1799,1151,,,,,4,0,0%,0,
1800,1151,,,,,5,0,0%,0,
1801,1151,,,,,6,0,0%,0,
1802,1151,,,,,7,0,0%,0,
1803,1151,,,,,8,0,0%,0,
1804,1151,,,,,9,0,0%,0,
1805,1151,,,,,10,0,0%,0,
1806,1151,,,,,11,0,0%,0,
1807,1151,,,,,12,0,0%,0,
1808,1161,,,,,1,0,0%,0,
1809,1161,,,,,2,0,0%,0,
1810,1161,,,,,3,0,0%,0,
1811,1161,,,,,4,0,0%,0,
1812,1161,,,,,5,0,0%,0,
1813,1161,,,,,6,0,0%,0,
1814,1161,,,,,7,0,0%,0,
1815,1161,,,,,8,0,0%,0,
1816,1161,,,,,9,0,0%,0,
1817,1161,,,,,10,0,0%,0,
1818,1161,,,,,11,0,0%,0,
1819,1161,,,,,12,0,0%,0,
1820,1171,,,,,1,1,0%,0,
1821,1171,,,,,2,1,0%,0,
1822,1171,,,,,3,1,0.07%,0,
1823,1171,,,,,4,1,0.18%,0,
1824,1171,,,,,5,1,0.28%,0,
1825,1171,,,,,6,1,0.49%,0,
1826,1171,,,,,7,1,0.70%,0,
1827,1171,,,,,8,1,0.91%,0,
1828,1171,,,,,9,1,1.23%,0,
1829,1171,,,,,10,1,1.54%,0,
1830,1171,,,,,11,1,1.86%,0,
1831,1171,,,,,12,1,2.28%,0,
1832,1171,,,,,13,1,2.70%,0,
1833,1171,,,,,14,1,3.12%,0,
1834,1171,,,,,15,1,3.54%,0,
1835,1171,,,,,16,1,3.96%,0,
1836,1171,,,,,17,1,4.38%,0,
1837,1171,,,,,18,1,4.80%,0,
1838,1181,,,,,1,0,0%,0,
1839,1181,,,,,2,0,0%,0,
1840,1181,,,,,3,0,0%,0,
1841,1181,,,,,4,0,0%,0,
1842,1181,,,,,5,0,0%,0,
1843,1181,,,,,6,0,0%,0,
1844,1181,,,,,7,0,0%,0,
1845,1181,,,,,8,0,0%,0,
1846,1181,,,,,9,0,0%,0,
1847,1181,,,,,10,0,0%,0,
1848,1181,,,,,11,0,0%,0,
1849,1181,,,,,12,0,0%,0,
1850,1191,,,,,1,0,0%,0,
1851,1191,,,,,2,0,0%,0,
1852,1191,,,,,3,0,0%,0,
1853,1191,,,,,4,0,0%,0,
1854,1191,,,,,5,0,0%,0,
1855,1191,,,,,6,0,0%,0,
1856,1191,,,,,7,0,0%,0,
1857,1191,,,,,8,0,0%,0,
1858,1191,,,,,9,0,0%,0,
1859,1191,,,,,10,0,0%,0,
1860,1191,,,,,11,0,0%,0,
1861,1191,,,,,12,0,0%,0,
1862,1201,,,,,1,0,0%,0,
1863,1201,,,,,2,0,0%,0,
1864,1201,,,,,3,0,0%,0,
1865,1201,,,,,4,0,0%,0,
1866,1201,,,,,5,0,0%,0,
1867,1201,,,,,6,0,0%,0,
1868,1201,,,,,7,0,0%,0,
1869,1201,,,,,8,0,0%,0,
1870,1201,,,,,9,0,0%,0,
1871,1201,,,,,10,0,0%,0,
1872,1201,,,,,11,0,0%,0,
1873,1201,,,,,12,0,0%,0,
1874,1211,,,,,1,0,0%,0,
1875,1211,,,,,2,0,0%,0,
1876,1211,,,,,3,0,0%,0,
1877,1211,,,,,4,0,0%,0,
1878,1211,,,,,5,0,0%,0,
1879,1211,,,,,6,0,0%,0,
1880,1211,,,,,7,0,0%,0,
1881,1211,,,,,8,0,0%,0,
1882,1211,,,,,9,0,0%,0,
1883,1211,,,,,10,0,0%,0,
1884,1211,,,,,11,0,0%,0,
1885,1211,,,,,12,0,0%,0,
1886,1221,,,,,1,13,0%,0,
1887,1221,,,,,2,13,0%,0,
1888,1221,,,,,3,13,0.10%,0,
1889,1221,,,,,4,13,0.25%,0,
1890,1221,,,,,5,13,0.40%,0,
1891,1221,,,,,6,13,0.70%,0,
1892,1221,,,,,7,13,1%,0,
1893,1221,,,,,8,13,1.30%,0,
1894,1221,,,,,9,13,1.75%,0,
1895,1221,,,,,10,13,2.20%,0,
1896,1221,,,,,11,13,2.65%,0,
1897,1221,,,,,12,13,3.25%,0,
1898,1221,,,,,13,13,3.85%,0,
1899,1221,,,,,14,13,4.45%,0,
1900,1221,,,,,15,13,5.05%,0,
1901,1221,,,,,16,13,5.65%,0,
1902,1221,,,,,17,13,6.25%,0,
1903,1221,,,,,18,13,6.85%,0,
1904,1231,,,,,1,7,0%,0,
1905,1231,,,,,2,7,0%,0,
1906,1231,,,,,3,7,0.10%,0,
1907,1231,,,,,4,7,0.25%,0,
1908,1231,,,,,5,7,0.40%,0,
1909,1231,,,,,6,7,0.70%,0,
1910,1231,,,,,7,7,1%,0,
1911,1231,,,,,8,7,1.30%,0,
1912,1231,,,,,9,7,1.75%,0,
1913,1231,,,,,10,7,2.20%,0,
1914,1231,,,,,11,7,2.65%,0,
1915,1231,,,,,12,7,3.25%,0,
1916,1231,,,,,13,7,3.85%,0,
1917,1231,,,,,14,7,4.45%,0,
1918,1231,,,,,15,7,5.05%,0,
1919,1231,,,,,16,7,5.65%,0,
1920,1231,,,,,17,7,6.25%,0,
1921,1231,,,,,18,7,6.85%,0,
1922,1241,,,,,1,10,0%,0,
1923,1241,,,,,2,10,0%,0,
1924,1241,,,,,3,10,0.10%,0,
1925,1241,,,,,4,10,0.25%,0,
1926,1241,,,,,5,10,0.40%,0,
1927,1241,,,,,6,10,0.70%,0,
1928,1241,,,,,7,10,1%,0,
1929,1241,,,,,8,10,1.30%,0,
1930,1241,,,,,9,10,1.75%,0,
1931,1241,,,,,10,10,2.20%,0,
1932,1241,,,,,11,10,2.65%,0,
1933,1241,,,,,12,10,3.25%,0,
1934,1241,,,,,13,10,3.85%,0,
1935,1241,,,,,14,10,4.45%,0,
1936,1241,,,,,15,10,5.05%,0,
1937,1241,,,,,16,10,5.65%,0,
1938,1241,,,,,17,10,6.25%,0,
1939,1241,,,,,18,10,6.85%,0,
1940,1251,,,,,1,9,0%,0,
1941,1251,,,,,2,9,0%,0,
1942,1251,,,,,3,9,0.10%,0,
1943,1251,,,,,4,9,0.25%,0,
1944,1251,,,,,5,9,0.40%,0,
1945,1251,,,,,6,9,0.70%,0,
1946,1251,,,,,7,9,1%,0,
1947,1251,,,,,8,9,1.30%,0,
1948,1251,,,,,9,9,1.75%,0,
1949,1251,,,,,10,9,2.20%,0,
1950,1251,,,,,11,9,2.65%,0,
1951,1251,,,,,12,9,3.25%,0,
1952,1251,,,,,13,9,3.85%,0,
1953,1251,,,,,14,9,4.45%,0,
1954,1251,,,,,15,9,5.05%,0,
1955,1251,,,,,16,9,5.65%,0,
1956,1251,,,,,17,9,6.25%,0,
1957,1251,,,,,18,9,6.85%,0,
1958,1261,,,,,1,10,0%,0,
1959,1261,,,,,2,10,0%,0,
1960,1261,,,,,3,10,0%,0,
1961,1261,,,,,4,10,0.16%,0,
1962,1261,,,,,5,10,0.48%,0,
1963,1261,,,,,6,10,0.80%,0,
1964,1261,,,,,7,10,1.44%,0,
1965,1261,,,,,8,10,2.08%,0,
1966,1261,,,,,9,10,2.72%,0,
1967,1261,,,,,10,10,3.68%,0,
1968,1261,,,,,11,10,4.64%,0,
1969,1261,,,,,12,10,5.60%,0,
1970,1261,,,,,13,10,6.56%,0,
1971,1261,,,,,14,10,7.52%,0,
1972,1261,,,,,15,10,8.48%,0,
1973,1261,,,,,16,10,9.44%,0,
1974,1261,,,,,17,10,10.40%,0,
1975,1261,,,,,18,10,11.36%,0,
1976,1271,,,,,1,7,0%,0,
1977,1271,,,,,2,7,0%,0,
1978,1271,,,,,3,7,0%,0,
1979,1271,,,,,4,7,0.16%,0,
1980,1271,,,,,5,7,0.48%,0,
1981,1271,,,,,6,7,0.80%,0,
1982,1271,,,,,7,7,1.44%,0,
1983,1271,,,,,8,7,2.08%,0,
1984,1271,,,,,9,7,2.72%,0,
1985,1271,,,,,10,7,3.68%,0,
1986,1271,,,,,11,7,4.64%,0,
1987,1271,,,,,12,7,5.60%,0,
1988,1271,,,,,13,7,6.56%,0,
1989,1271,,,,,14,7,7.52%,0,
1990,1271,,,,,15,7,8.48%,0,
1991,1271,,,,,16,7,9.44%,0,
1992,1271,,,,,17,7,10.40%,0,
1993,1271,,,,,18,7,11.36%,0,
1994,1281,,,,,1,1,0%,0,
1995,1281,,,,,2,1,0%,0,
1996,1281,,,,,3,1,0%,0,
1997,1281,,,,,4,1,0.11%,0,
1998,1281,,,,,5,1,0.34%,0,
1999,1281,,,,,6,1,0.56%,0,
2000,1281,,,,,7,1,1.01%,0,
2001,1281,,,,,8,1,1.46%,0,
2002,1281,,,,,9,1,1.90%,0,
2003,1281,,,,,10,1,2.58%,0,
2004,1281,,,,,11,1,3.25%,0,
2005,1281,,,,,12,1,3.92%,0,
2006,1281,,,,,13,1,4.59%,0,
2007,1281,,,,,14,1,5.26%,0,
2008,1281,,,,,15,1,5.93%,0,
2009,1281,,,,,16,1,6.60%,0,
2010,1281,,,,,17,1,7.27%,0,
2011,1281,,,,,18,1,7.94%,0,
2012,1291,,,,,1,8,0%,0,
2013,1291,,,,,2,8,0%,0,
2014,1291,,,,,3,8,0.10%,0,
2015,1291,,,,,4,8,0.25%,0,
2016,1291,,,,,5,8,0.40%,0,
2017,1291,,,,,6,8,0.70%,0,
2018,1291,,,,,7,8,1%,0,
2019,1291,,,,,8,8,1.30%,0,
2020,1291,,,,,9,8,1.75%,0,
2021,1291,,,,,10,8,2.20%,0,
2022,1291,,,,,11,8,2.65%,0,
2023,1291,,,,,12,8,3.25%,0,
2024,1291,,,,,13,8,3.85%,0,
2025,1291,,,,,14,8,4.45%,0,
2026,1291,,,,,15,8,5.05%,0,
2027,1291,,,,,16,8,5.65%,0,
2028,1291,,,,,17,8,6.25%,0,
2029,1291,,,,,18,8,6.85%,0,
2030,1301,,,,,1,7,0%,0,
2031,1301,,,,,2,7,0%,0,
2032,1301,,,,,3,7,0.10%,0,
2033,1301,,,,,4,7,0.25%,0,
2034,1301,,,,,5,7,0.40%,0,
2035,1301,,,,,6,7,0.70%,0,
2036,1301,,,,,7,7,1%,0,
2037,1301,,,,,8,7,1.30%,0,
2038,1301,,,,,9,7,1.75%,0,
2039,1301,,,,,10,7,2.20%,0,
2040,1301,,,,,11,7,2.65%,0,
2041,1301,,,,,12,7,3.25%,0,
2042,1301,,,,,13,7,3.85%,0,
2043,1301,,,,,14,7,4.45%,0,
2044,1301,,,,,15,7,5.05%,0,
2045,1301,,,,,16,7,5.65%,0,
2046,1301,,,,,17,7,6.25%,0,
2047,1301,,,,,18,7,6.85%,0,
2048,1311,,,,,1,1,0%,0,
2049,1311,,,,,2,1,0%,0,
2050,1311,,,,,3,1,0.07%,0,
2051,1311,,,,,4,1,0.18%,0,
2052,1311,,,,,5,1,0.28%,0,
2053,1311,,,,,6,1,0.49%,0,
2054,1311,,,,,7,1,0.70%,0,
2055,1311,,,,,8,1,0.91%,0,
2056,1311,,,,,9,1,1.23%,0,
2057,1311,,,,,10,1,1.54%,0,
2058,1311,,,,,11,1,1.86%,0,
2059,1311,,,,,12,1,2.28%,0,
2060,1311,,,,,13,1,2.70%,0,
2061,1311,,,,,14,1,3.12%,0,
2062,1311,,,,,15,1,3.54%,0,
2063,1311,,,,,16,1,3.96%,0,
2064,1311,,,,,17,1,4.38%,0,
2065,1311,,,,,18,1,4.80%,0,
2066,1321,,,,,1,0,0%,0,
2067,1321,,,,,2,0,0%,0,
2068,1321,,,,,3,0,0%,0,
2069,1321,,,,,4,0,0%,0,
2070,1321,,,,,5,0,0%,0,
2071,1321,,,,,6,0,0%,0,
2072,1321,,,,,7,0,0%,0,
2073,1321,,,,,8,0,0%,0,
2074,1321,,,,,9,0,0%,0,
2075,1321,,,,,10,0,0%,0,
2076,1321,,,,,11,0,0%,0,
2077,1321,,,,,12,0,0%,0,
2078,1331,,,,,1,0,0%,0,
2079,1331,,,,,2,0,0%,0,
2080,1331,,,,,3,0,0%,0,
2081,1331,,,,,4,0,0%,0,
2082,1331,,,,,5,0,0%,0,
2083,1331,,,,,6,0,0%,0,
2084,1331,,,,,7,0,0%,0,
2085,1331,,,,,8,0,0%,0,
2086,1331,,,,,9,0,0%,0,
2087,1331,,,,,10,0,0%,0,
2088,1331,,,,,11,0,0%,0,
2089,1331,,,,,12,0,0%,0,
2090,1341,,,,,1,0,0%,0,
2091,1341,,,,,2,0,0%,0,
2092,1341,,,,,3,0,0%,0,
2093,1341,,,,,4,0,0%,0,
2094,1341,,,,,5,0,0%,0,
2095,1341,,,,,6,0,0%,0,
2096,1341,,,,,7,0,0%,0,
2097,1341,,,,,8,0,0%,0,
2098,1341,,,,,9,0,0%,0,
2099,1341,,,,,10,0,0%,0,
2100,1341,,,,,11,0,0%,0,
2101,1341,,,,,12,0,0%,0,
2102,1351,,,,,1,1,0%,0,
2103,1351,,,,,2,1,0.03%,0,
2104,1351,,,,,3,1,0.04%,0,
2105,1351,,,,,4,1,0.06%,0,
2106,1351,,,,,5,1,0.08%,0,
2107,1351,,,,,6,1,0.13%,0,
2108,1351,,,,,7,1,0.17%,0,
2109,1351,,,,,8,1,0.22%,0,
2110,1351,,,,,9,1,0.28%,0,
2111,1351,,,,,10,1,0.35%,0,
2112,1351,,,,,11,1,0.42%,0,
2113,1351,,,,,12,1,0.50%,0,
2114,1351,,,,,13,1,0.60%,0,
2115,1351,,,,,14,1,0.70%,0,
2116,1351,,,,,15,1,0.80%,0,
2117,1351,,,,,16,1,1.00%,0,
2118,1351,,,,,17,1,1.20%,0,
2119,1351,,,,,18,1,1.40%,0,
2120,1361,,,,,1,0,0%,0,
2121,1361,,,,,2,0,0%,0,
2122,1361,,,,,3,0,0%,0,
2123,1361,,,,,4,0,0%,0,
2124,1361,,,,,5,0,0%,0,
2125,1361,,,,,6,0,0%,0,
2126,1361,,,,,7,0,0%,0,
2127,1361,,,,,8,0,0%,0,
2128,1361,,,,,9,0,0%,0,
2129,1361,,,,,10,0,0%,0,
2130,1361,,,,,11,0,0%,0,
2131,1361,,,,,12,0,0%,0,
2132,1371,,,,,1,0,0%,0,
2133,1371,,,,,2,0,0%,0,
2134,1371,,,,,3,0,0%,0,
2135,1371,,,,,4,0,0%,0,
2136,1371,,,,,5,0,0%,0,
2137,1371,,,,,6,0,0%,0,
2138,1371,,,,,7,0,0%,0,
2139,1371,,,,,8,0,0%,0,
2140,1371,,,,,9,0,0%,0,
2141,1371,,,,,10,0,0%,0,
2142,1371,,,,,11,0,0%,0,
2143,1371,,,,,12,0,0%,0,
2144,1381,,,,,1,0,0%,0,
2145,1381,,,,,2,0,0%,0,
2146,1381,,,,,3,0,0%,0,
2147,1381,,,,,4,0,0%,0,
2148,1381,,,,,5,0,0%,0,
2149,1381,,,,,6,0,0%,0,
2150,1381,,,,,7,0,0%,0,
2151,1381,,,,,8,0,0%,0,
2152,1381,,,,,9,0,0%,0,
2153,1381,,,,,10,0,0%,0,
2154,1381,,,,,11,0,0%,0,
2155,1381,,,,,12,0,0%,0,
2156,1391,,,,,1,1,0%,0,
2157,1391,,,,,2,1,0%,0,
2158,1391,,,,,3,1,0.07%,0,
2159,1391,,,,,4,1,0.18%,0,
2160,1391,,,,,5,1,0.28%,0,
2161,1391,,,,,6,1,0.49%,0,
2162,1391,,,,,7,1,0.70%,0,
2163,1391,,,,,8,1,0.91%,0,
2164,1391,,,,,9,1,1.23%,0,
2165,1391,,,,,10,1,1.54%,0,
2166,1391,,,,,11,1,1.86%,0,
2167,1391,,,,,12,1,2.28%,0,
2168,1391,,,,,13,1,2.70%,0,
2169,1391,,,,,14,1,3.12%,0,
2170,1391,,,,,15,1,3.54%,0,
2171,1391,,,,,16,1,3.96%,0,
2172,1391,,,,,17,1,4.38%,0,
2173,1391,,,,,18,1,4.80%,0,
2174,1401,,,,,1,0,0%,0,
2175,1401,,,,,2,0,0%,0,
2176,1401,,,,,3,0,0%,0,
2177,1401,,,,,4,0,0%,0,
2178,1401,,,,,5,0,0%,0,
2179,1401,,,,,6,0,0%,0,
2180,1401,,,,,7,0,0%,0,
2181,1401,,,,,8,0,0%,0,
2182,1401,,,,,9,0,0%,0,
2183,1401,,,,,10,0,0%,0,
2184,1401,,,,,11,0,0%,0,
2185,1401,,,,,12,0,0%,0,
2186,1411,,,,,1,0,0%,0,
2187,1411,,,,,2,0,0%,0,
2188,1411,,,,,3,0,0%,0,
2189,1411,,,,,4,0,0%,0,
2190,1411,,,,,5,0,0%,0,
2191,1411,,,,,6,0,0%,0,
2192,1411,,,,,7,0,0%,0,
2193,1411,,,,,8,0,0%,0,
2194,1411,,,,,9,0,0%,0,
2195,1411,,,,,10,0,0%,0,
2196,1411,,,,,11,0,0%,0,
2197,1411,,,,,12,0,0%,0,
2198,1421,,,,,1,7,0%,0,
2199,1421,,,,,2,7,0%,0,
2200,1421,,,,,3,7,0.10%,0,
2201,1421,,,,,4,7,0.25%,0,
2202,1421,,,,,5,7,0.40%,0,
2203,1421,,,,,6,7,0.70%,0,
2204,1421,,,,,7,7,1%,0,
2205,1421,,,,,8,7,1.30%,0,
2206,1421,,,,,9,7,1.75%,0,
2207,1421,,,,,10,7,2.20%,0,
2208,1421,,,,,11,7,2.65%,0,
2209,1421,,,,,12,7,3.25%,0,
2210,1421,,,,,13,7,3.85%,0,
2211,1421,,,,,14,7,4.45%,0,
2212,1421,,,,,15,7,5.05%,0,
2213,1421,,,,,16,7,5.65%,0,
2214,1421,,,,,17,7,6.25%,0,
2215,1421,,,,,18,7,6.85%,0,
2216,1431,,,,,1,0,0%,0,
2217,1431,,,,,2,0,0%,0,
2218,1431,,,,,3,0,0%,0,
2219,1431,,,,,4,0,0%,0,
2220,1431,,,,,5,0,0%,0,
2221,1431,,,,,6,0,0%,0,
2222,1431,,,,,7,0,0%,0,
2223,1431,,,,,8,0,0%,0,
2224,1431,,,,,9,0,0%,0,
2225,1431,,,,,10,0,0%,0,
2226,1431,,,,,11,0,0%,0,
2227,1431,,,,,12,0,0%,0,
2228,1441,,,,,1,1,0%,0,
2229,1441,,,,,2,1,0.06%,0,
2230,1441,,,,,3,1,0.11%,0,
2231,1441,,,,,4,1,0.17%,0,
2232,1441,,,,,5,1,0.28%,0,
2233,1441,,,,,6,1,0.39%,0,
2234,1441,,,,,7,1,0.56%,0,
2235,1441,,,,,8,1,0.73%,0,
2236,1441,,,,,9,1,0.95%,0,
2237,1441,,,,,10,1,1.18%,0,
2238,1441,,,,,11,1,1.40%,0,
2239,1441,,,,,12,1,1.68%,0,
2240,1441,,,,,13,1,2.00%,0,
2241,1441,,,,,14,1,2.40%,0,
2242,1441,,,,,15,1,2.80%,0,
2243,1441,,,,,16,1,3.20%,0,
2244,1441,,,,,17,1,3.80%,0,
2245,1441,,,,,18,1,4.20%,0,
2246,1451,,,,,1,0,0%,0,
2247,1451,,,,,2,0,0%,0,
2248,1451,,,,,3,0,0%,0,
2249,1451,,,,,4,0,0%,0,
2250,1451,,,,,5,0,0%,0,
2251,1451,,,,,6,0,0%,0,
2252,1451,,,,,7,0,0%,0,
2253,1451,,,,,8,0,0%,0,
2254,1451,,,,,9,0,0%,0,
2255,1451,,,,,10,0,0%,0,
2256,1451,,,,,11,0,0%,0,
2257,1451,,,,,12,0,0%,0,
2258,1461,,,,,1,0,0%,0,
2259,1461,,,,,2,0,0%,0,
2260,1461,,,,,3,0,0%,0,
2261,1461,,,,,4,0,0%,0,
2262,1461,,,,,5,0,0%,0,
2263,1461,,,,,6,0,0%,0,
2264,1461,,,,,7,0,0%,0,
2265,1461,,,,,8,0,0%,0,
2266,1461,,,,,9,0,0%,0,
2267,1461,,,,,10,0,0%,0,
2268,1461,,,,,11,0,0%,0,
2269,1461,,,,,12,0,0%,0,
2270,1471,,,,,1,0,0%,0,
2271,1471,,,,,2,0,0%,0,
2272,1471,,,,,3,0,0%,0,
2273,1471,,,,,4,0,0%,0,
2274,1471,,,,,5,0,0%,0,
2275,1471,,,,,6,0,0%,0,
2276,1471,,,,,7,0,0%,0,
2277,1471,,,,,8,0,0%,0,
2278,1471,,,,,9,0,0%,0,
2279,1471,,,,,10,0,0%,0,
2280,1471,,,,,11,0,0%,0,
2281,1471,,,,,12,0,0%,0,
2282,1481,,,,,1,0,0%,0,
2283,1481,,,,,2,0,0%,0,
2284,1481,,,,,3,0,0%,0,
2285,1481,,,,,4,0,0%,0,
2286,1481,,,,,5,0,0%,0,
2287,1481,,,,,6,0,0%,0,
2288,1481,,,,,7,0,0%,0,
2289,1481,,,,,8,0,0%,0,
2290,1481,,,,,9,0,0%,0,
2291,1481,,,,,10,0,0%,0,
2292,1481,,,,,11,0,0%,0,
2293,1481,,,,,12,0,0%,0,
2294,1491,,,,,1,0,0%,0,
2295,1491,,,,,2,0,0%,0,
2296,1491,,,,,3,0,0%,0,
2297,1491,,,,,4,0,0%,0,
2298,1491,,,,,5,0,0%,0,
2299,1491,,,,,6,0,0%,0,
2300,1491,,,,,7,0,0%,0,
2301,1491,,,,,8,0,0%,0,
2302,1491,,,,,9,0,0%,0,
2303,1491,,,,,10,0,0%,0,
2304,1491,,,,,11,0,0%,0,
2305,1491,,,,,12,0,0%,0,
2306,1501,,,,,1,9,0%,0,
2307,1501,,,,,2,9,0%,0,
2308,1501,,,,,3,9,0.10%,0,
2309,1501,,,,,4,9,0.25%,0,
2310,1501,,,,,5,9,0.40%,0,
2311,1501,,,,,6,9,0.70%,0,
2312,1501,,,,,7,9,1%,0,
2313,1501,,,,,8,9,1.30%,0,
2314,1501,,,,,9,9,1.75%,0,
2315,1501,,,,,10,9,2.20%,0,
2316,1501,,,,,11,9,2.65%,0,
2317,1501,,,,,12,9,3.25%,0,
2318,1501,,,,,13,9,3.85%,0,
2319,1501,,,,,14,9,4.45%,0,
2320,1501,,,,,15,9,5.05%,0,
2321,1501,,,,,16,9,5.65%,0,
2322,1501,,,,,17,9,6.25%,0,
2323,1501,,,,,18,9,6.85%,0,
2324,1511,,,,,1,0,0%,0,
2325,1511,,,,,2,0,0%,0,
2326,1511,,,,,3,0,0%,0,
2327,1511,,,,,4,0,0%,0,
2328,1511,,,,,5,0,0%,0,
2329,1511,,,,,6,0,0%,0,
2330,1511,,,,,7,0,0%,0,
2331,1511,,,,,8,0,0%,0,
2332,1511,,,,,9,0,0%,0,
2333,1511,,,,,10,0,0%,0,
2334,1511,,,,,11,0,0%,0,
2335,1511,,,,,12,0,0%,0,
2336,1521,,,,,1,0,0%,0,
2337,1521,,,,,2,0,0%,0,
2338,1521,,,,,3,0,0%,0,
2339,1521,,,,,4,0,0%,0,
2340,1521,,,,,5,0,0%,0,
2341,1521,,,,,6,0,0%,0,
2342,1521,,,,,7,0,0%,0,
2343,1521,,,,,8,0,0%,0,
2344,1521,,,,,9,0,0%,0,
2345,1521,,,,,10,0,0%,0,
2346,1521,,,,,11,0,0%,0,
2347,1521,,,,,12,0,0%,0,
2348,1531,,,,,1,0,0%,0,
2349,1531,,,,,2,0,0%,0,
2350,1531,,,,,3,0,0%,0,
2351,1531,,,,,4,0,0%,0,
2352,1531,,,,,5,0,0%,0,
2353,1531,,,,,6,0,0%,0,
2354,1531,,,,,7,0,0%,0,
2355,1531,,,,,8,0,0%,0,
2356,1531,,,,,9,0,0%,0,
2357,1531,,,,,10,0,0%,0,
2358,1531,,,,,11,0,0%,0,
2359,1531,,,,,12,0,0%,0,
2360,1541,,,,,1,0,0%,0,
2361,1541,,,,,2,0,0%,0,
2362,1541,,,,,3,0,0%,0,
2363,1541,,,,,4,0,0%,0,
2364,1541,,,,,5,0,0%,0,
2365,1541,,,,,6,0,0%,0,
2366,1541,,,,,7,0,0%,0,
2367,1541,,,,,8,0,0%,0,
2368,1541,,,,,9,0,0%,0,
2369,1541,,,,,10,0,0%,0,
2370,1541,,,,,11,0,0%,0,
2371,1541,,,,,12,0,0%,0,
2372,1551,,,,,1,0,0%,0,
2373,1551,,,,,2,0,0%,0,
2374,1551,,,,,3,0,0%,0,
2375,1551,,,,,4,0,0%,0,
2376,1551,,,,,5,0,0%,0,
2377,1551,,,,,6,0,0%,0,
2378,1551,,,,,7,0,0%,0,
2379,1551,,,,,8,0,0%,0,
2380,1551,,,,,9,0,0%,0,
2381,1551,,,,,10,0,0%,0,
2382,1551,,,,,11,0,0%,0,
2383,1551,,,,,12,0,0%,0,
2384,1561,,,,,1,0,0%,0,
2385,1561,,,,,2,0,0%,0,
2386,1561,,,,,3,0,0%,0,
2387,1561,,,,,4,0,0%,0,
2388,1561,,,,,5,0,0%,0,
2389,1561,,,,,6,0,0%,0,
2390,1561,,,,,7,0,0%,0,
2391,1561,,,,,8,0,0%,0,
2392,1561,,,,,9,0,0%,0,
2393,1561,,,,,10,0,0%,0,
2394,1561,,,,,11,0,0%,0,
2395,1561,,,,,12,0,0%,0,
2396,1571,,,,,1,0,0%,0,
2397,1571,,,,,2,0,0%,0,
2398,1571,,,,,3,0,0%,0,
2399,1571,,,,,4,0,0%,0,
2400,1571,,,,,5,0,0%,0,
2401,1571,,,,,6,0,0%,0,
2402,1571,,,,,7,0,0%,0,
2403,1571,,,,,8,0,0%,0,
2404,1571,,,,,9,0,0%,0,
2405,1571,,,,,10,0,0%,0,
2406,1571,,,,,11,0,0%,0,
2407,1571,,,,,12,0,0%,0,
2408,1581,,,,,1,0,0%,0,
2409,1581,,,,,2,0,0%,0,
2410,1581,,,,,3,0,0%,0,
2411,1581,,,,,4,0,0%,0,
2412,1581,,,,,5,0,0%,0,
2413,1581,,,,,6,0,0%,0,
2414,1581,,,,,7,0,0%,0,
2415,1581,,,,,8,0,0%,0,
2416,1581,,,,,9,0,0%,0,
2417,1581,,,,,10,0,0%,0,
2418,1581,,,,,11,0,0%,0,
2419,1581,,,,,12,0,0%,0,
2420,1591,,,,,1,0,0%,0,
2421,1591,,,,,2,0,0%,0,
2422,1591,,,,,3,0,0%,0,
2423,1591,,,,,4,0,0%,0,
2424,1591,,,,,5,0,0%,0,
2425,1591,,,,,6,0,0%,0,
2426,1591,,,,,7,0,0%,0,
2427,1591,,,,,8,0,0%,0,
2428,1591,,,,,9,0,0%,0,
2429,1591,,,,,10,0,0%,0,
2430,1591,,,,,11,0,0%,0,
2431,1591,,,,,12,0,0%,0,
2432,1601,,,,,1,0,0%,0,
2433,1601,,,,,2,0,0%,0,
2434,1601,,,,,3,0,0%,0,
2435,1601,,,,,4,0,0%,0,
2436,1601,,,,,5,0,0%,0,
2437,1601,,,,,6,0,0%,0,
2438,1601,,,,,7,0,0%,0,
2439,1601,,,,,8,0,0%,0,
2440,1601,,,,,9,0,0%,0,
2441,1601,,,,,10,0,0%,0,
2442,1601,,,,,11,0,0%,0,
2443,1601,,,,,12,0,0%,0,
2444,1611,,,,,1,10,0%,0,
2445,1611,,,,,2,10,0.08%,0,
2446,1611,,,,,3,10,0.16%,0,
2447,1611,,,,,4,10,0.24%,0,
2448,1611,,,,,5,10,0.40%,0,
2449,1611,,,,,6,10,0.56%,0,
2450,1611,,,,,7,10,0.80%,0,
2451,1611,,,,,8,10,1.04%,0,
2452,1611,,,,,9,10,1.36%,0,
2453,1611,,,,,10,10,1.68%,0,
2454,1611,,,,,11,10,2%,0,
2455,1611,,,,,12,10,2.40%,0,
2456,1611,,,,,13,10,2.80%,0,
2457,1611,,,,,14,10,3.20%,0,
2458,1611,,,,,15,10,3.60%,0,
2459,1611,,,,,16,10,4.00%,0,
2460,1611,,,,,17,10,4.50%,0,
2461,1611,,,,,18,10,5.00%,0,
2462,1621,,,,,1,0,0%,0,
2463,1621,,,,,2,0,0%,0,
2464,1621,,,,,3,0,0%,0,
2465,1621,,,,,4,0,0%,0,
2466,1621,,,,,5,0,0%,0,
2467,1621,,,,,6,0,0%,0,
2468,1621,,,,,7,0,0%,0,
2469,1621,,,,,8,0,0%,0,
2470,1621,,,,,9,0,0%,0,
2471,1621,,,,,10,0,0%,0,
2472,1621,,,,,11,0,0%,0,
2473,1621,,,,,12,0,0%,0,
2474,1631,,,,,1,0,0%,0,
2475,1631,,,,,2,0,0%,0,
2476,1631,,,,,3,0,0%,0,
2477,1631,,,,,4,0,0%,0,
2478,1631,,,,,5,0,0%,0,
2479,1631,,,,,6,0,0%,0,
2480,1631,,,,,7,0,0%,0,
2481,1631,,,,,8,0,0%,0,
2482,1631,,,,,9,0,0%,0,
2483,1631,,,,,10,0,0%,0,
2484,1631,,,,,11,0,0%,0,
2485,1631,,,,,12,0,0%,0,
2486,1641,,,,,1,9,0%,0,
2487,1641,,,,,2,9,0.04%,0,
2488,1641,,,,,3,9,0.06%,0,
2489,1641,,,,,4,9,0.08%,0,
2490,1641,,,,,5,9,0.12%,0,
2491,1641,,,,,6,9,0.18%,0,
2492,1641,,,,,7,9,0.24%,0,
2493,1641,,,,,8,9,0.32%,0,
2494,1641,,,,,9,9,0.40%,0,
2495,1641,,,,,10,9,0.50%,0,
2496,1641,,,,,11,9,0.60%,0,
2497,1641,,,,,12,9,0.72%,0,
2498,1641,,,,,13,9,0.80%,0,
2499,1641,,,,,14,9,0.90%,0,
2500,1641,,,,,15,9,1.00%,0,
2501,1641,,,,,16,9,1.10%,0,
2502,1641,,,,,17,9,1.30%,0,
2503,1641,,,,,18,9,1.60%,0,
2504,1651,,,,,1,0,0%,0,
2505,1651,,,,,2,0,0%,0,
2506,1651,,,,,3,0,0%,0,
2507,1651,,,,,4,0,0%,0,
2508,1651,,,,,5,0,0%,0,
2509,1651,,,,,6,0,0%,0,
2510,1651,,,,,7,0,0%,0,
2511,1651,,,,,8,0,0%,0,
2512,1651,,,,,9,0,0%,0,
2513,1651,,,,,10,0,0%,0,
2514,1651,,,,,11,0,0%,0,
2515,1651,,,,,12,0,0%,0,
2516,1661,,,,,1,0,0%,0,
2517,1661,,,,,2,0,0%,0,
2518,1661,,,,,3,0,0%,0,
2519,1661,,,,,4,0,0%,0,
2520,1661,,,,,5,0,0%,0,
2521,1661,,,,,6,0,0%,0,
2522,1661,,,,,7,0,0%,0,
2523,1661,,,,,8,0,0%,0,
2524,1661,,,,,9,0,0%,0,
2525,1661,,,,,10,0,0%,0,
2526,1661,,,,,11,0,0%,0,
2527,1661,,,,,12,0,0%,0,
2528,1671,,,,,1,0,0%,0,
2529,1671,,,,,2,0,0%,0,
2530,1671,,,,,3,0,0%,0,
2531,1671,,,,,4,0,0%,0,
2532,1671,,,,,5,0,0%,0,
2533,1671,,,,,6,0,0%,0,
2534,1671,,,,,7,0,0%,0,
2535,1671,,,,,8,0,0%,0,
2536,1671,,,,,9,0,0%,0,
2537,1671,,,,,10,0,0%,0,
2538,1671,,,,,11,0,0%,0,
2539,1671,,,,,12,0,0%,0,
2540,1681,,,,,1,0,0%,0,
2541,1681,,,,,2,0,0%,0,
2542,1681,,,,,3,0,0%,0,
2543,1681,,,,,4,0,0%,0,
2544,1681,,,,,5,0,0%,0,
2545,1681,,,,,6,0,0%,0,
2546,1681,,,,,7,0,0%,0,
2547,1681,,,,,8,0,0%,0,
2548,1681,,,,,9,0,0%,0,
2549,1681,,,,,10,0,0%,0,
2550,1681,,,,,11,0,0%,0,
2551,1681,,,,,12,0,0%,0,
2552,1691,,,,,1,0,0%,0,
2553,1691,,,,,2,0,0%,0,
2554,1691,,,,,3,0,0%,0,
2555,1691,,,,,4,0,0%,0,
2556,1691,,,,,5,0,0%,0,
2557,1691,,,,,6,0,0%,0,
2558,1691,,,,,7,0,0%,0,
2559,1691,,,,,8,0,0%,0,
2560,1691,,,,,9,0,0%,0,
2561,1691,,,,,10,0,0%,0,
2562,1691,,,,,11,0,0%,0,
2563,1691,,,,,12,0,0%,0,
2564,1701,,,,,1,0,0%,0,
2565,1701,,,,,2,0,0%,0,
2566,1701,,,,,3,0,0%,0,
2567,1701,,,,,4,0,0%,0,
2568,1701,,,,,5,0,0%,0,
2569,1701,,,,,6,0,0%,0,
2570,1701,,,,,7,0,0%,0,
2571,1701,,,,,8,0,0%,0,
2572,1701,,,,,9,0,0%,0,
2573,1701,,,,,10,0,0%,0,
2574,1701,,,,,11,0,0%,0,
2575,1701,,,,,12,0,0%,0,
2576,1711,,,,,1,0,0%,0,
2577,1711,,,,,2,0,0%,0,
2578,1711,,,,,3,0,0%,0,
2579,1711,,,,,4,0,0%,0,
2580,1711,,,,,5,0,0%,0,
2581,1711,,,,,6,0,0%,0,
2582,1711,,,,,7,0,0%,0,
2583,1711,,,,,8,0,0%,0,
2584,1711,,,,,9,0,0%,0,
2585,1711,,,,,10,0,0%,0,
2586,1711,,,,,11,0,0%,0,
2587,1711,,,,,12,0,0%,0,
2588,1721,,,,,1,0,0%,0,
2589,1721,,,,,2,0,0%,0,
2590,1721,,,,,3,0,0%,0,
2591,1721,,,,,4,0,0%,0,
2592,1721,,,,,5,0,0%,0,
2593,1721,,,,,6,0,0%,0,
2594,1721,,,,,7,0,0%,0,
2595,1721,,,,,8,0,0%,0,
2596,1721,,,,,9,0,0%,0,
2597,1721,,,,,10,0,0%,0,
2598,1721,,,,,11,0,0%,0,
2599,1721,,,,,12,0,0%,0,
2600,1731,,,,,1,0,0%,0,
2601,1731,,,,,2,0,0%,0,
2602,1731,,,,,3,0,0%,0,
2603,1731,,,,,4,0,0%,0,
2604,1731,,,,,5,0,0%,0,
2605,1731,,,,,6,0,0%,0,
2606,1731,,,,,7,0,0%,0,
2607,1731,,,,,8,0,0%,0,
2608,1731,,,,,9,0,0%,0,
2609,1731,,,,,10,0,0%,0,
2610,1731,,,,,11,0,0%,0,
2611,1731,,,,,12,0,0%,0,
2612,1741,,,,,1,0,0%,0,
2613,1741,,,,,2,0,0%,0,
2614,1741,,,,,3,0,0%,0,
2615,1741,,,,,4,0,0%,0,
2616,1741,,,,,5,0,0%,0,
2617,1741,,,,,6,0,0%,0,
2618,1741,,,,,7,0,0%,0,
2619,1741,,,,,8,0,0%,0,
2620,1741,,,,,9,0,0%,0,
2621,1741,,,,,10,0,0%,0,
2622,1741,,,,,11,0,0%,0,
2623,1741,,,,,12,0,0%,0,
2624,1751,,,,,1,0,0%,0,
2625,1751,,,,,2,0,0%,0,
2626,1751,,,,,3,0,0%,0,
2627,1751,,,,,4,0,0%,0,
2628,1751,,,,,5,0,0%,0,
2629,1751,,,,,6,0,0%,0,
2630,1751,,,,,7,0,0%,0,
2631,1751,,,,,8,0,0%,0,
2632,1751,,,,,9,0,0%,0,
2633,1751,,,,,10,0,0%,0,
2634,1751,,,,,11,0,0%,0,
2635,1751,,,,,12,0,0%,0,
2636,1761,,,,,1,0,0%,0,
2637,1761,,,,,2,0,0%,0,
2638,1761,,,,,3,0,0%,0,
2639,1761,,,,,4,0,0%,0,
2640,1761,,,,,5,0,0%,0,
2641,1761,,,,,6,0,0%,0,
2642,1761,,,,,7,0,0%,0,
2643,1761,,,,,8,0,0%,0,
2644,1761,,,,,9,0,0%,0,
2645,1761,,,,,10,0,0%,0,
2646,1761,,,,,11,0,0%,0,
2647,1761,,,,,12,0,0%,0,
2648,1771,,,,,1,10,0%,0,
2649,1771,,,,,2,10,0%,0,
2650,1771,,,,,3,10,0.10%,0,
2651,1771,,,,,4,10,0.25%,0,
2652,1771,,,,,5,10,0.40%,0,
2653,1771,,,,,6,10,0.70%,0,
2654,1771,,,,,7,10,1%,0,
2655,1771,,,,,8,10,1.30%,0,
2656,1771,,,,,9,10,1.75%,0,
2657,1771,,,,,10,10,2.20%,0,
2658,1771,,,,,11,10,2.65%,0,
2659,1771,,,,,12,10,3.25%,0,
2660,1771,,,,,13,10,3.85%,0,
2661,1771,,,,,14,10,4.45%,0,
2662,1771,,,,,15,10,5.05%,0,
2663,1771,,,,,16,10,5.65%,0,
2664,1771,,,,,17,10,6.25%,0,
2665,1771,,,,,18,10,6.85%,0,
2666,1781,,,,,1,0,0%,0,
2667,1781,,,,,2,0,0%,0,
2668,1781,,,,,3,0,0%,0,
2669,1781,,,,,4,0,0%,0,
2670,1781,,,,,5,0,0%,0,
2671,1781,,,,,6,0,0%,0,
2672,1781,,,,,7,0,0%,0,
2673,1781,,,,,8,0,0%,0,
2674,1781,,,,,9,0,0%,0,
2675,1781,,,,,10,0,0%,0,
2676,1781,,,,,11,0,0%,0,
2677,1781,,,,,12,0,0%,0,
2678,1791,,,,,1,0,0%,0,
2679,1791,,,,,2,0,0%,0,
2680,1791,,,,,3,0,0%,0,
2681,1791,,,,,4,0,0%,0,
2682,1791,,,,,5,0,0%,0,
2683,1791,,,,,6,0,0%,0,
2684,1791,,,,,7,0,0%,0,
2685,1791,,,,,8,0,0%,0,
2686,1791,,,,,9,0,0%,0,
2687,1791,,,,,10,0,0%,0,
2688,1791,,,,,11,0,0%,0,
2689,1791,,,,,12,0,0%,0,
2690,1801,,,,,1,13,0%,0,
2691,1801,,,,,2,13,0.08%,0,
2692,1801,,,,,3,13,0.16%,0,
2693,1801,,,,,4,13,0.24%,0,
2694,1801,,,,,5,13,0.40%,0,
2695,1801,,,,,6,13,0.56%,0,
2696,1801,,,,,7,13,0.80%,0,
2697,1801,,,,,8,13,1.04%,0,
2698,1801,,,,,9,13,1.36%,0,
2699,1801,,,,,10,13,1.68%,0,
2700,1801,,,,,11,13,2%,0,
2701,1801,,,,,12,13,2.40%,0,
2702,1801,,,,,13,13,2.72%,0,
2703,1801,,,,,14,13,3.06%,0,
2704,1801,,,,,15,13,3%,0,
2705,1801,,,,,16,13,3.75%,0,
2706,1801,,,,,17,13,4.10%,0,
2707,1801,,,,,18,13,4.44%,0,
2708,1811,,,,,1,1,0%,0,
2709,1811,,,,,2,1,0%,0,
2710,1811,,,,,3,1,0.07%,0,
2711,1811,,,,,4,1,0.18%,0,
2712,1811,,,,,5,1,0.28%,0,
2713,1811,,,,,6,1,0.49%,0,
2714,1811,,,,,7,1,0.70%,0,
2715,1811,,,,,8,1,0.91%,0,
2716,1811,,,,,9,1,1.23%,0,
2717,1811,,,,,10,1,1.54%,0,
2718,1811,,,,,11,1,1.86%,0,
2719,1811,,,,,12,1,2.28%,0,
2720,1811,,,,,13,1,2.70%,0,
2721,1811,,,,,14,1,3.12%,0,
2722,1811,,,,,15,1,3.54%,0,
2723,1811,,,,,16,1,3.96%,0,
2724,1811,,,,,17,1,4.38%,0,
2725,1811,,,,,18,1,4.80%,0,
2726,1821,,,,,1,0,0%,0,
2727,1821,,,,,2,0,0%,0,
2728,1821,,,,,3,0,0%,0,
2729,1821,,,,,4,0,0%,0,
2730,1821,,,,,5,0,0%,0,
2731,1821,,,,,6,0,0%,0,
2732,1821,,,,,7,0,0%,0,
2733,1821,,,,,8,0,0%,0,
2734,1821,,,,,9,0,0%,0,
2735,1821,,,,,10,0,0%,0,
2736,1821,,,,,11,0,0%,0,
2737,1821,,,,,12,0,0%,0,
2738,1831,,,,,1,0,0%,0,
2739,1831,,,,,2,0,0%,0,
2740,1831,,,,,3,0,0%,0,
2741,1831,,,,,4,0,0%,0,
2742,1831,,,,,5,0,0%,0,
2743,1831,,,,,6,0,0%,0,
2744,1831,,,,,7,0,0%,0,
2745,1831,,,,,8,0,0%,0,
2746,1831,,,,,9,0,0%,0,
2747,1831,,,,,10,0,0%,0,
2748,1831,,,,,11,0,0%,0,
2749,1831,,,,,12,0,0%,0,
2750,1841,,,,,1,1,0%,0,
2751,1841,,,,,2,1,0%,0,
2752,1841,,,,,3,1,0.07%,0,
2753,1841,,,,,4,1,0.18%,0,
2754,1841,,,,,5,1,0.28%,0,
2755,1841,,,,,6,1,0.49%,0,
2756,1841,,,,,7,1,0.70%,0,
2757,1841,,,,,8,1,0.91%,0,
2758,1841,,,,,9,1,1.23%,0,
2759,1841,,,,,10,1,1.54%,0,
2760,1841,,,,,11,1,1.86%,0,
2761,1841,,,,,12,1,2.28%,0,
2762,1841,,,,,13,1,2.70%,0,
2763,1841,,,,,14,1,3.12%,0,
2764,1841,,,,,15,1,3.54%,0,
2765,1841,,,,,16,1,3.96%,0,
2766,1841,,,,,17,1,4.38%,0,
2767,1841,,,,,18,1,4.80%,0,
2768,1851,,,,,1,8,0%,0,
2769,1851,,,,,2,8,0.08%,0,
2770,1851,,,,,3,8,0.16%,0,
2771,1851,,,,,4,8,0.24%,0,
2772,1851,,,,,5,8,0.40%,0,
2773,1851,,,,,6,8,0.56%,0,
2774,1851,,,,,7,8,0.80%,0,
2775,1851,,,,,8,8,1.04%,0,
2776,1851,,,,,9,8,1.36%,0,
2777,1851,,,,,10,8,1.68%,0,
2778,1851,,,,,11,8,2%,0,
2779,1851,,,,,12,8,2.40%,0,
2780,1851,,,,,13,8,2.80%,0,
2781,1851,,,,,14,8,3.20%,0,
2782,1851,,,,,15,8,3.60%,0,
2783,1851,,,,,16,8,4.00%,0,
2784,1851,,,,,17,8,4.50%,0,
2785,1851,,,,,18,8,5.00%,0,
2786,1861,,,,,1,10,0%,0,
2787,1861,,,,,2,10,0.08%,0,
2788,1861,,,,,3,10,0.16%,0,
2789,1861,,,,,4,10,0.24%,0,
2790,1861,,,,,5,10,0.40%,0,
2791,1861,,,,,6,10,0.56%,0,
2792,1861,,,,,7,10,0.80%,0,
2793,1861,,,,,8,10,1.04%,0,
2794,1861,,,,,9,10,1.36%,0,
2795,1861,,,,,10,10,1.68%,0,
2796,1861,,,,,11,10,2%,0,
2797,1861,,,,,12,10,2.40%,0,
2798,1861,,,,,13,10,2.80%,0,
2799,1861,,,,,14,10,3.20%,0,
2800,1861,,,,,15,10,3.60%,0,
2801,1861,,,,,16,10,4.00%,0,
2802,1861,,,,,17,10,4.50%,0,
2803,1861,,,,,18,10,5.00%,0,
2804,1871,,,,,1,0,0%,0,
2805,1871,,,,,2,0,0%,0,
2806,1871,,,,,3,0,0%,0,
2807,1871,,,,,4,0,0%,0,
2808,1871,,,,,5,0,0%,0,
2809,1871,,,,,6,0,0%,0,
2810,1871,,,,,7,0,0%,0,
2811,1871,,,,,8,0,0%,0,
2812,1871,,,,,9,0,0%,0,
2813,1871,,,,,10,0,0%,0,
2814,1871,,,,,11,0,0%,0,
2815,1871,,,,,12,0,0%,0,
2816,1881,,,,,1,0,0%,0,
2817,1881,,,,,2,0,0%,0,
2818,1881,,,,,3,0,0%,0,
2819,1881,,,,,4,0,0%,0,
2820,1881,,,,,5,0,0%,0,
2821,1881,,,,,6,0,0%,0,
2822,1881,,,,,7,0,0%,0,
2823,1881,,,,,8,0,0%,0,
2824,1881,,,,,9,0,0%,0,
2825,1881,,,,,10,0,0%,0,
2826,1881,,,,,11,0,0%,0,
2827,1881,,,,,12,0,0%,0,
2828,1891,,,,,1,8,0%,0,
2829,1891,,,,,2,8,0%,0,
2830,1891,,,,,3,8,0.10%,0,
2831,1891,,,,,4,8,0.25%,0,
2832,1891,,,,,5,8,0.40%,0,
2833,1891,,,,,6,8,0.70%,0,
2834,1891,,,,,7,8,1%,0,
2835,1891,,,,,8,8,1.30%,0,
2836,1891,,,,,9,8,1.75%,0,
2837,1891,,,,,10,8,2.20%,0,
2838,1891,,,,,11,8,2.65%,0,
2839,1891,,,,,12,8,3.25%,0,
2840,1891,,,,,13,8,3.85%,0,
2841,1891,,,,,14,8,4.45%,0,
2842,1891,,,,,15,8,5.05%,0,
2843,1891,,,,,16,8,5.65%,0,
2844,1891,,,,,17,8,6.25%,0,
2845,1891,,,,,18,8,6.85%,0,
2846,1901,,,,,1,9,0%,0,
2847,1901,,,,,2,9,0%,0,
2848,1901,,,,,3,9,0.10%,0,
2849,1901,,,,,4,9,0.25%,0,
2850,1901,,,,,5,9,0.40%,0,
2851,1901,,,,,6,9,0.70%,0,
2852,1901,,,,,7,9,1%,0,
2853,1901,,,,,8,9,1.30%,0,
2854,1901,,,,,9,9,1.75%,0,
2855,1901,,,,,10,9,2.20%,0,
2856,1901,,,,,11,9,2.65%,0,
2857,1901,,,,,12,9,3.25%,0,
2858,1901,,,,,13,9,3.85%,0,
2859,1901,,,,,14,9,4.45%,0,
2860,1901,,,,,15,9,5.05%,0,
2861,1901,,,,,16,9,5.65%,0,
2862,1901,,,,,17,9,6.25%,0,
2863,1901,,,,,18,9,6.85%,0,
2864,1911,,,,,1,9,0%,0,
2865,1911,,,,,2,9,0%,0,
2866,1911,,,,,3,9,0.10%,0,
2867,1911,,,,,4,9,0.25%,0,
2868,1911,,,,,5,9,0.40%,0,
2869,1911,,,,,6,9,0.70%,0,
2870,1911,,,,,7,9,1%,0,
2871,1911,,,,,8,9,1.30%,0,
2872,1911,,,,,9,9,1.75%,0,
2873,1911,,,,,10,9,2.20%,0,
2874,1911,,,,,11,9,2.65%,0,
2875,1911,,,,,12,9,3.25%,0,
2876,1911,,,,,13,9,3.85%,0,
2877,1911,,,,,14,9,4.45%,0,
2878,1911,,,,,15,9,5.05%,0,
2879,1911,,,,,16,9,5.65%,0,
2880,1911,,,,,17,9,6.25%,0,
2881,1911,,,,,18,9,6.85%,0,
2882,1921,,,,,1,10,0%,0,
2883,1921,,,,,2,10,0%,0,
2884,1921,,,,,3,10,0.10%,0,
2885,1921,,,,,4,10,0.25%,0,
2886,1921,,,,,5,10,0.40%,0,
2887,1921,,,,,6,10,0.70%,0,
2888,1921,,,,,7,10,1%,0,
2889,1921,,,,,8,10,1.30%,0,
2890,1921,,,,,9,10,1.75%,0,
2891,1921,,,,,10,10,2.20%,0,
2892,1921,,,,,11,10,2.65%,0,
2893,1921,,,,,12,10,3.25%,0,
2894,1921,,,,,13,10,3.85%,0,
2895,1921,,,,,14,10,4.45%,0,
2896,1921,,,,,15,10,5.05%,0,
2897,1921,,,,,16,10,5.65%,0,
2898,1921,,,,,17,10,6.25%,0,
2899,1921,,,,,18,10,6.85%,0,
2900,1931,,,,,1,9,0%,0,
2901,1931,,,,,2,9,0%,0,
2902,1931,,,,,3,9,0.10%,0,
2903,1931,,,,,4,9,0.25%,0,
2904,1931,,,,,5,9,0.40%,0,
2905,1931,,,,,6,9,0.70%,0,
2906,1931,,,,,7,9,1%,0,
2907,1931,,,,,8,9,1.30%,0,
2908,1931,,,,,9,9,1.75%,0,
2909,1931,,,,,10,9,2.20%,0,
2910,1931,,,,,11,9,2.65%,0,
2911,1931,,,,,12,9,3.25%,0,
2912,1931,,,,,13,9,3.85%,0,
2913,1931,,,,,14,9,4.45%,0,
2914,1931,,,,,15,9,5.05%,0,
2915,1931,,,,,16,9,5.65%,0,
2916,1931,,,,,17,9,6.25%,0,
2917,1931,,,,,18,9,6.85%,0,
2918,1941,,,,,1,10,0%,0,
2919,1941,,,,,2,10,0%,0,
2920,1941,,,,,3,10,0.10%,0,
2921,1941,,,,,4,10,0.25%,0,
2922,1941,,,,,5,10,0.40%,0,
2923,1941,,,,,6,10,0.70%,0,
2924,1941,,,,,7,10,1%,0,
2925,1941,,,,,8,10,1.30%,0,
2926,1941,,,,,9,10,1.75%,0,
2927,1941,,,,,10,10,2.20%,0,
2928,1941,,,,,11,10,2.65%,0,
2929,1941,,,,,12,10,3.25%,0,
2930,1941,,,,,13,10,3.85%,0,
2931,1941,,,,,14,10,4.45%,0,
2932,1941,,,,,15,10,5.05%,0,
2933,1941,,,,,16,10,5.65%,0,
2934,1941,,,,,17,10,6.25%,0,
2935,1941,,,,,18,10,6.85%,0,
2936,1951,,,,,1,8,0%,0,
2937,1951,,,,,2,8,0%,0,
2938,1951,,,,,3,8,0.10%,0,
2939,1951,,,,,4,8,0.25%,0,
2940,1951,,,,,5,8,0.40%,0,
2941,1951,,,,,6,8,0.70%,0,
2942,1951,,,,,7,8,1%,0,
2943,1951,,,,,8,8,1.30%,0,
2944,1951,,,,,9,8,1.75%,0,
2945,1951,,,,,10,8,2.20%,0,
2946,1951,,,,,11,8,2.65%,0,
2947,1951,,,,,12,8,3.25%,0,
2948,1951,,,,,13,8,3.85%,0,
2949,1951,,,,,14,8,4.45%,0,
2950,1951,,,,,15,8,5.05%,0,
2951,1951,,,,,16,8,5.65%,0,
2952,1951,,,,,17,8,6.25%,0,
2953,1951,,,,,18,8,6.85%,0,
2954,1961,,,,,1,8,0%,0,
2955,1961,,,,,2,8,0%,0,
2956,1961,,,,,3,8,0%,0,
2957,1961,,,,,4,8,0.16%,0,
2958,1961,,,,,5,8,0.48%,0,
2959,1961,,,,,6,8,0.80%,0,
2960,1961,,,,,7,8,1.44%,0,
2961,1961,,,,,8,8,2.08%,0,
2962,1961,,,,,9,8,2.72%,0,
2963,1961,,,,,10,8,3.68%,0,
2964,1961,,,,,11,8,4.64%,0,
2965,1961,,,,,12,8,5.60%,0,
2966,1961,,,,,13,8,6.56%,0,
2967,1961,,,,,14,8,7.52%,0,
2968,1961,,,,,15,8,8.48%,0,
2969,1961,,,,,16,8,9.44%,0,
2970,1961,,,,,17,8,10.40%,0,
2971,1961,,,,,18,8,11.36%,0,
2972,1971,,,,,1,9,0%,0,
2973,1971,,,,,2,9,0%,0,
2974,1971,,,,,3,9,0%,0,
2975,1971,,,,,4,9,0.16%,0,
2976,1971,,,,,5,9,0.48%,0,
2977,1971,,,,,6,9,0.80%,0,
2978,1971,,,,,7,9,1.44%,0,
2979,1971,,,,,8,9,2.08%,0,
2980,1971,,,,,9,9,2.72%,0,
2981,1971,,,,,10,9,3.68%,0,
2982,1971,,,,,11,9,4.64%,0,
2983,1971,,,,,12,9,5.60%,0,
2984,1971,,,,,13,9,6.56%,0,
2985,1971,,,,,14,9,7.52%,0,
2986,1971,,,,,15,9,8.48%,0,
2987,1971,,,,,16,9,9.44%,0,
2988,1971,,,,,17,9,10.40%,0,
2989,1971,,,,,18,9,11.36%,0,
2990,1981,,,,,1,13,0%,0,
2991,1981,,,,,2,13,0%,0,
2992,1981,,,,,3,13,0%,0,
2993,1981,,,,,4,13,0.16%,0,
2994,1981,,,,,5,13,0.48%,0,
2995,1981,,,,,6,13,0.80%,0,
2996,1981,,,,,7,13,1.44%,0,
2997,1981,,,,,8,13,2.08%,0,
2998,1981,,,,,9,13,2.72%,0,
2999,1981,,,,,10,13,3.68%,0,
3000,1981,,,,,11,13,4.64%,0,
3001,1981,,,,,12,13,5.60%,0,
3002,1981,,,,,13,13,6.56%,0,
3003,1981,,,,,14,13,7.52%,0,
3004,1981,,,,,15,13,8.48%,0,
3005,1981,,,,,16,13,9.44%,0,
3006,1981,,,,,17,13,10.40%,0,
3007,1981,,,,,18,13,11.36%,0,
3008,1991,,,,,1,13,0%,0,
3009,1991,,,,,2,13,0%,0,
3010,1991,,,,,3,13,0%,0,
3011,1991,,,,,4,13,0.16%,0,
3012,1991,,,,,5,13,0.48%,0,
3013,1991,,,,,6,13,0.80%,0,
3014,1991,,,,,7,13,1.44%,0,
3015,1991,,,,,8,13,2.08%,0,
3016,1991,,,,,9,13,2.72%,0,
3017,1991,,,,,10,13,3.68%,0,
3018,1991,,,,,11,13,4.64%,0,
3019,1991,,,,,12,13,5.60%,0,
3020,1991,,,,,13,13,6.56%,0,
3021,1991,,,,,14,13,7.52%,0,
3022,1991,,,,,15,13,8.48%,0,
3023,1991,,,,,16,13,9.44%,0,
3024,1991,,,,,17,13,10.40%,0,
3025,1991,,,,,18,13,11.36%,0,
3026,2001,,,,,1,0,0%,0,
3027,2001,,,,,2,0,0%,0,
3028,2001,,,,,3,0,0%,0,
3029,2001,,,,,4,0,0%,0,
3030,2001,,,,,5,0,0%,0,
3031,2001,,,,,6,0,0%,0,
3032,2001,,,,,7,0,0%,0,
3033,2001,,,,,8,0,0%,0,
3034,2001,,,,,9,0,0%,0,
3035,2001,,,,,10,0,0%,0,
3036,2001,,,,,11,0,0%,0,
3037,2001,,,,,12,0,0%,0,
3038,2011,,,,,1,1,0%,0,
3039,2011,,,,,2,1,0.06%,0,
3040,2011,,,,,3,1,0.11%,0,
3041,2011,,,,,4,1,0.17%,0,
3042,2011,,,,,5,1,0.28%,0,
3043,2011,,,,,6,1,0.39%,0,
3044,2011,,,,,7,1,0.56%,0,
3045,2011,,,,,8,1,0.73%,0,
3046,2011,,,,,9,1,0.95%,0,
3047,2011,,,,,10,1,1.18%,0,
3048,2011,,,,,11,1,1.40%,0,
3049,2011,,,,,12,1,1.68%,0,
3050,2011,,,,,13,1,2.00%,0,
3051,2011,,,,,14,1,2.40%,0,
3052,2011,,,,,15,1,2.80%,0,
3053,2011,,,,,16,1,3.20%,0,
3054,2011,,,,,17,1,3.80%,0,
3055,2011,,,,,18,1,4.20%,0,
3056,2021,,,,,1,7,0%,0,
3057,2021,,,,,2,7,0%,0,
3058,2021,,,,,3,7,0.10%,0,
3059,2021,,,,,4,7,0.25%,0,
3060,2021,,,,,5,7,0.40%,0,
3061,2021,,,,,6,7,0.70%,0,
3062,2021,,,,,7,7,1%,0,
3063,2021,,,,,8,7,1.30%,0,
3064,2021,,,,,9,7,1.75%,0,
3065,2021,,,,,10,7,2.20%,0,
3066,2021,,,,,11,7,2.65%,0,
3067,2021,,,,,12,7,3.25%,0,
3068,2021,,,,,13,7,3.85%,0,
3069,2021,,,,,14,7,4.45%,0,
3070,2021,,,,,15,7,5.05%,0,
3071,2021,,,,,16,7,5.65%,0,
3072,2021,,,,,17,7,6.25%,0,
3073,2021,,,,,18,7,6.85%,0,
3074,2031,,,,,1,8,0%,0,
3075,2031,,,,,2,8,0%,0,
3076,2031,,,,,3,8,0.10%,0,
3077,2031,,,,,4,8,0.25%,0,
3078,2031,,,,,5,8,0.40%,0,
3079,2031,,,,,6,8,0.70%,0,
3080,2031,,,,,7,8,1%,0,
3081,2031,,,,,8,8,1.30%,0,
3082,2031,,,,,9,8,1.75%,0,
3083,2031,,,,,10,8,2.20%,0,
3084,2031,,,,,11,8,2.65%,0,
3085,2031,,,,,12,8,3.25%,0,
3086,2031,,,,,13,8,3.85%,0,
3087,2031,,,,,14,8,4.45%,0,
3088,2031,,,,,15,8,5.05%,0,
3089,2031,,,,,16,8,5.65%,0,
3090,2031,,,,,17,8,6.25%,0,
3091,2031,,,,,18,8,6.85%,0,
3092,2041,,,,,1,0,0%,0,
3093,2041,,,,,2,0,0%,0,
3094,2041,,,,,3,0,0%,0,
3095,2041,,,,,4,0,0%,0,
3096,2041,,,,,5,0,0%,0,
3097,2041,,,,,6,0,0%,0,
3098,2041,,,,,7,0,0%,0,
3099,2041,,,,,8,0,0%,0,
3100,2041,,,,,9,0,0%,0,
3101,2041,,,,,10,0,0%,0,
3102,2041,,,,,11,0,0%,0,
3103,2041,,,,,12,0,0%,0,
3104,2051,,,,,1,0,0%,0,
3105,2051,,,,,2,0,0%,0,
3106,2051,,,,,3,0,0%,0,
3107,2051,,,,,4,0,0%,0,
3108,2051,,,,,5,0,0%,0,
3109,2051,,,,,6,0,0%,0,
3110,2051,,,,,7,0,0%,0,
3111,2051,,,,,8,0,0%,0,
3112,2051,,,,,9,0,0%,0,
3113,2051,,,,,10,0,0%,0,
3114,2051,,,,,11,0,0%,0,
3115,2051,,,,,12,0,0%,0,
3116,2061,,,,,1,0,0%,0,
3117,2061,,,,,2,0,0%,0,
3118,2061,,,,,3,0,0%,0,
3119,2061,,,,,4,0,0%,0,
3120,2061,,,,,5,0,0%,0,
3121,2061,,,,,6,0,0%,0,
3122,2061,,,,,7,0,0%,0,
3123,2061,,,,,8,0,0%,0,
3124,2061,,,,,9,0,0%,0,
3125,2061,,,,,10,0,0%,0,
3126,2061,,,,,11,0,0%,0,
3127,2061,,,,,12,0,0%,0,
3128,2071,,,,,1,7,0%,0,
3129,2071,,,,,2,7,0.08%,0,
3130,2071,,,,,3,7,0.16%,0,
3131,2071,,,,,4,7,0.24%,0,
3132,2071,,,,,5,7,0.40%,0,
3133,2071,,,,,6,7,0.56%,0,
3134,2071,,,,,7,7,0.80%,0,
3135,2071,,,,,8,7,1.04%,0,
3136,2071,,,,,9,7,1.36%,0,
3137,2071,,,,,10,7,1.68%,0,
3138,2071,,,,,11,7,2%,0,
3139,2071,,,,,12,7,2.40%,0,
3140,2071,,,,,13,7,2.80%,0,
3141,2071,,,,,14,7,3.20%,0,
3142,2071,,,,,15,7,3.60%,0,
3143,2071,,,,,16,7,4.00%,0,
3144,2071,,,,,17,7,4.50%,0,
3145,2071,,,,,18,7,5.00%,0,
3146,2081,,,,,1,0,0%,0,
3147,2081,,,,,2,0,0%,0,
3148,2081,,,,,3,0,0%,0,
3149,2081,,,,,4,0,0%,0,
3150,2081,,,,,5,0,0%,0,
3151,2081,,,,,6,0,0%,0,
3152,2081,,,,,7,0,0%,0,
3153,2081,,,,,8,0,0%,0,
3154,2081,,,,,9,0,0%,0,
3155,2081,,,,,10,0,0%,0,
3156,2081,,,,,11,0,0%,0,
3157,2081,,,,,12,0,0%,0,
3158,2091,,,,,1,0,0%,0,
3159,2091,,,,,2,0,0%,0,
3160,2091,,,,,3,0,0%,0,
3161,2091,,,,,4,0,0%,0,
3162,2091,,,,,5,0,0%,0,
3163,2091,,,,,6,0,0%,0,
3164,2091,,,,,7,0,0%,0,
3165,2091,,,,,8,0,0%,0,
3166,2091,,,,,9,0,0%,0,
3167,2091,,,,,10,0,0%,0,
3168,2091,,,,,11,0,0%,0,
3169,2091,,,,,12,0,0%,0,
3170,2101,,,,,1,0,0%,0,
3171,2101,,,,,2,0,0%,0,
3172,2101,,,,,3,0,0%,0,
3173,2101,,,,,4,0,0%,0,
3174,2101,,,,,5,0,0%,0,
3175,2101,,,,,6,0,0%,0,
3176,2101,,,,,7,0,0%,0,
3177,2101,,,,,8,0,0%,0,
3178,2101,,,,,9,0,0%,0,
3179,2101,,,,,10,0,0%,0,
3180,2101,,,,,11,0,0%,0,
3181,2101,,,,,12,0,0%,0,
3182,2111,,,,,1,0,0%,0,
3183,2111,,,,,2,0,0%,0,
3184,2111,,,,,3,0,0%,0,
3185,2111,,,,,4,0,0%,0,
3186,2111,,,,,5,0,0%,0,
3187,2111,,,,,6,0,0%,0,
3188,2111,,,,,7,0,0%,0,
3189,2111,,,,,8,0,0%,0,
3190,2111,,,,,9,0,0%,0,
3191,2111,,,,,10,0,0%,0,
3192,2111,,,,,11,0,0%,0,
3193,2111,,,,,12,0,0%,0,
3194,2121,,,,,1,0,0%,0,
3195,2121,,,,,2,0,0%,0,
3196,2121,,,,,3,0,0%,0,
3197,2121,,,,,4,0,0%,0,
3198,2121,,,,,5,0,0%,0,
3199,2121,,,,,6,0,0%,0,
3200,2121,,,,,7,0,0%,0,
3201,2121,,,,,8,0,0%,0,
3202,2121,,,,,9,0,0%,0,
3203,2121,,,,,10,0,0%,0,
3204,2121,,,,,11,0,0%,0,
3205,2121,,,,,12,0,0%,0,
3206,2131,,,,,1,0,0%,0,
3207,2131,,,,,2,0,0%,0,
3208,2131,,,,,3,0,0%,0,
3209,2131,,,,,4,0,0%,0,
3210,2131,,,,,5,0,0%,0,
3211,2131,,,,,6,0,0%,0,
3212,2131,,,,,7,0,0%,0,
3213,2131,,,,,8,0,0%,0,
3214,2131,,,,,9,0,0%,0,
3215,2131,,,,,10,0,0%,0,
3216,2131,,,,,11,0,0%,0,
3217,2131,,,,,12,0,0%,0,
3218,2141,,,,,1,0,0%,0,
3219,2141,,,,,2,0,0%,0,
3220,2141,,,,,3,0,0%,0,
3221,2141,,,,,4,0,0%,0,
3222,2141,,,,,5,0,0%,0,
3223,2141,,,,,6,0,0%,0,
3224,2141,,,,,7,0,0%,0,
3225,2141,,,,,8,0,0%,0,
3226,2141,,,,,9,0,0%,0,
3227,2141,,,,,10,0,0%,0,
3228,2141,,,,,11,0,0%,0,
3229,2141,,,,,12,0,0%,0,
3230,2151,,,,,1,0,0%,0,
3231,2151,,,,,2,0,0%,0,
3232,2151,,,,,3,0,0%,0,
3233,2151,,,,,4,0,0%,0,
3234,2151,,,,,5,0,0%,0,
3235,2151,,,,,6,0,0%,0,
3236,2151,,,,,7,0,0%,0,
3237,2151,,,,,8,0,0%,0,
3238,2151,,,,,9,0,0%,0,
3239,2151,,,,,10,0,0%,0,
3240,2151,,,,,11,0,0%,0,
3241,2151,,,,,12,0,0%,0,
3242,2161,,,,,1,0,0%,0,
3243,2161,,,,,2,0,0%,0,
3244,2161,,,,,3,0,0%,0,
3245,2161,,,,,4,0,0%,0,
3246,2161,,,,,5,0,0%,0,
3247,2161,,,,,6,0,0%,0,
3248,2161,,,,,7,0,0%,0,
3249,2161,,,,,8,0,0%,0,
3250,2161,,,,,9,0,0%,0,
3251,2161,,,,,10,0,0%,0,
3252,2161,,,,,11,0,0%,0,
3253,2161,,,,,12,0,0%,0,
3254,2171,,,,,1,0,0%,0,
3255,2171,,,,,2,0,0%,0,
3256,2171,,,,,3,0,0%,0,
3257,2171,,,,,4,0,0%,0,
3258,2171,,,,,5,0,0%,0,
3259,2171,,,,,6,0,0%,0,
3260,2171,,,,,7,0,0%,0,
3261,2171,,,,,8,0,0%,0,
3262,2171,,,,,9,0,0%,0,
3263,2171,,,,,10,0,0%,0,
3264,2171,,,,,11,0,0%,0,
3265,2171,,,,,12,0,0%,0,
3266,2181,,,,,1,0,0%,0,
3267,2181,,,,,2,0,0%,0,
3268,2181,,,,,3,0,0%,0,
3269,2181,,,,,4,0,0%,0,
3270,2181,,,,,5,0,0%,0,
3271,2181,,,,,6,0,0%,0,
3272,2181,,,,,7,0,0%,0,
3273,2181,,,,,8,0,0%,0,
3274,2181,,,,,9,0,0%,0,
3275,2181,,,,,10,0,0%,0,
3276,2181,,,,,11,0,0%,0,
3277,2181,,,,,12,0,0%,0,
3278,2191,,,,,1,0,0%,0,
3279,2191,,,,,2,0,0%,0,
3280,2191,,,,,3,0,0%,0,
3281,2191,,,,,4,0,0%,0,
3282,2191,,,,,5,0,0%,0,
3283,2191,,,,,6,0,0%,0,
3284,2191,,,,,7,0,0%,0,
3285,2191,,,,,8,0,0%,0,
3286,2191,,,,,9,0,0%,0,
3287,2191,,,,,10,0,0%,0,
3288,2191,,,,,11,0,0%,0,
3289,2191,,,,,12,0,0%,0,
3290,2201,,,,,1,0,0%,0,
3291,2201,,,,,2,0,0%,0,
3292,2201,,,,,3,0,0%,0,
3293,2201,,,,,4,0,0%,0,
3294,2201,,,,,5,0,0%,0,
3295,2201,,,,,6,0,0%,0,
3296,2201,,,,,7,0,0%,0,
3297,2201,,,,,8,0,0%,0,
3298,2201,,,,,9,0,0%,0,
3299,2201,,,,,10,0,0%,0,
3300,2201,,,,,11,0,0%,0,
3301,2201,,,,,12,0,0%,0,
3302,2211,,,,,1,0,0%,0,
3303,2211,,,,,2,0,0%,0,
3304,2211,,,,,3,0,0%,0,
3305,2211,,,,,4,0,0%,0,
3306,2211,,,,,5,0,0%,0,
3307,2211,,,,,6,0,0%,0,
3308,2211,,,,,7,0,0%,0,
3309,2211,,,,,8,0,0%,0,
3310,2211,,,,,9,0,0%,0,
3311,2211,,,,,10,0,0%,0,
3312,2211,,,,,11,0,0%,0,
3313,2211,,,,,12,0,0%,0,
3314,2221,,,,,1,0,0%,0,
3315,2221,,,,,2,0,0%,0,
3316,2221,,,,,3,0,0%,0,
3317,2221,,,,,4,0,0%,0,
3318,2221,,,,,5,0,0%,0,
3319,2221,,,,,6,0,0%,0,
3320,2221,,,,,7,0,0%,0,
3321,2221,,,,,8,0,0%,0,
3322,2221,,,,,9,0,0%,0,
3323,2221,,,,,10,0,0%,0,
3324,2221,,,,,11,0,0%,0,
3325,2221,,,,,12,0,0%,0,
3326,2231,,,,,1,10,0%,0,
3327,2231,,,,,2,10,0%,0,
3328,2231,,,,,3,10,0.10%,0,
3329,2231,,,,,4,10,0.25%,0,
3330,2231,,,,,5,10,0.40%,0,
3331,2231,,,,,6,10,0.70%,0,
3332,2231,,,,,7,10,1%,0,
3333,2231,,,,,8,10,1.30%,0,
3334,2231,,,,,9,10,1.75%,0,
3335,2231,,,,,10,10,2.20%,0,
3336,2231,,,,,11,10,2.65%,0,
3337,2231,,,,,12,10,3.25%,0,
3338,2231,,,,,13,10,3.85%,0,
3339,2231,,,,,14,10,4.45%,0,
3340,2231,,,,,15,10,5.05%,0,
3341,2231,,,,,16,10,5.65%,0,
3342,2231,,,,,17,10,6.25%,0,
3343,2231,,,,,18,10,6.85%,0,
3344,2241,,,,,1,8,0%,0,
3345,2241,,,,,2,8,0%,0,
3346,2241,,,,,3,8,0.10%,0,
3347,2241,,,,,4,8,0.25%,0,
3348,2241,,,,,5,8,0.40%,0,
3349,2241,,,,,6,8,0.70%,0,
3350,2241,,,,,7,8,1%,0,
3351,2241,,,,,8,8,1.30%,0,
3352,2241,,,,,9,8,1.75%,0,
3353,2241,,,,,10,8,2.20%,0,
3354,2241,,,,,11,8,2.65%,0,
3355,2241,,,,,12,8,3.25%,0,
3356,2241,,,,,13,8,3.85%,0,
3357,2241,,,,,14,8,4.45%,0,
3358,2241,,,,,15,8,5.05%,0,
3359,2241,,,,,16,8,5.65%,0,
3360,2241,,,,,17,8,6.25%,0,
3361,2241,,,,,18,8,6.85%,0,
3362,2251,,,,,1,0,0%,0,
3363,2251,,,,,2,0,0%,0,
3364,2251,,,,,3,0,0%,0,
3365,2251,,,,,4,0,0%,0,
3366,2251,,,,,5,0,0%,0,
3367,2251,,,,,6,0,0%,0,
3368,2251,,,,,7,0,0%,0,
3369,2251,,,,,8,0,0%,0,
3370,2251,,,,,9,0,0%,0,
3371,2251,,,,,10,0,0%,0,
3372,2251,,,,,11,0,0%,0,
3373,2251,,,,,12,0,0%,0,
3374,2261,,,,,1,0,0%,0,
3375,2261,,,,,2,0,0%,0,
3376,2261,,,,,3,0,0%,0,
3377,2261,,,,,4,0,0%,0,
3378,2261,,,,,5,0,0%,0,
3379,2261,,,,,6,0,0%,0,
3380,2261,,,,,7,0,0%,0,
3381,2261,,,,,8,0,0%,0,
3382,2261,,,,,9,0,0%,0,
3383,2261,,,,,10,0,0%,0,
3384,2261,,,,,11,0,0%,0,
3385,2261,,,,,12,0,0%,0,
3386,2271,,,,,1,7,0%,0,
3387,2271,,,,,2,7,0.08%,0,
3388,2271,,,,,3,7,0.16%,0,
3389,2271,,,,,4,7,0.24%,0,
3390,2271,,,,,5,7,0.40%,0,
3391,2271,,,,,6,7,0.56%,0,
3392,2271,,,,,7,7,0.80%,0,
3393,2271,,,,,8,7,1.04%,0,
3394,2271,,,,,9,7,1.36%,0,
3395,2271,,,,,10,7,1.68%,0,
3396,2271,,,,,11,7,2%,0,
3397,2271,,,,,12,7,2.40%,0,
3398,2271,,,,,13,7,2.80%,0,
3399,2271,,,,,14,7,3.20%,0,
3400,2271,,,,,15,7,3.60%,0,
3401,2271,,,,,16,7,4.00%,0,
3402,2271,,,,,17,7,4.50%,0,
3403,2271,,,,,18,7,5.00%,0,
3404,2281,,,,,1,0,0%,0,
3405,2281,,,,,2,0,0%,0,
3406,2281,,,,,3,0,0%,0,
3407,2281,,,,,4,0,0%,0,
3408,2281,,,,,5,0,0%,0,
3409,2281,,,,,6,0,0%,0,
3410,2281,,,,,7,0,0%,0,
3411,2281,,,,,8,0,0%,0,
3412,2281,,,,,9,0,0%,0,
3413,2281,,,,,10,0,0%,0,
3414,2281,,,,,11,0,0%,0,
3415,2281,,,,,12,0,0%,0,
3416,2291,,,,,1,0,0%,0,
3417,2291,,,,,2,0,0%,0,
3418,2291,,,,,3,0,0%,0,
3419,2291,,,,,4,0,0%,0,
3420,2291,,,,,5,0,0%,0,
3421,2291,,,,,6,0,0%,0,
3422,2291,,,,,7,0,0%,0,
3423,2291,,,,,8,0,0%,0,
3424,2291,,,,,9,0,0%,0,
3425,2291,,,,,10,0,0%,0,
3426,2291,,,,,11,0,0%,0,
3427,2291,,,,,12,0,0%,0,
3428,2301,,,,,1,13,0%,0,
3429,2301,,,,,2,13,0.08%,0,
3430,2301,,,,,3,13,0.16%,0,
3431,2301,,,,,4,13,0.24%,0,
3432,2301,,,,,5,13,0.40%,0,
3433,2301,,,,,6,13,0.56%,0,
3434,2301,,,,,7,13,0.80%,0,
3435,2301,,,,,8,13,1.04%,0,
3436,2301,,,,,9,13,1.36%,0,
3437,2301,,,,,10,13,1.68%,0,
3438,2301,,,,,11,13,2%,0,
3439,2301,,,,,12,13,2.40%,0,
3440,2301,,,,,13,13,3%,0,
3441,2301,,,,,14,13,3.20%,0,
3442,2301,,,,,15,13,4%,0,
3443,2301,,,,,16,13,4.00%,0,
3444,2301,,,,,17,13,4%,0,
3445,2301,,,,,18,13,4.80%,0,
3446,2311,,,,,1,0,0%,0,
3447,2311,,,,,2,0,0%,0,
3448,2311,,,,,3,0,0%,0,
3449,2311,,,,,4,0,0%,0,
3450,2311,,,,,5,0,0%,0,
3451,2311,,,,,6,0,0%,0,
3452,2311,,,,,7,0,0%,0,
3453,2311,,,,,8,0,0%,0,
3454,2311,,,,,9,0,0%,0,
3455,2311,,,,,10,0,0%,0,
3456,2311,,,,,11,0,0%,0,
3457,2311,,,,,12,0,0%,0,
3458,2321,,,,,1,0,0%,0,
3459,2321,,,,,2,0,0%,0,
3460,2321,,,,,3,0,0%,0,
3461,2321,,,,,4,0,0%,0,
3462,2321,,,,,5,0,0%,0,
3463,2321,,,,,6,0,0%,0,
3464,2321,,,,,7,0,0%,0,
3465,2321,,,,,8,0,0%,0,
3466,2321,,,,,9,0,0%,0,
3467,2321,,,,,10,0,0%,0,
3468,2321,,,,,11,0,0%,0,
3469,2321,,,,,12,0,0%,0,
3470,2331,,,,,1,0,0%,0,
3471,2331,,,,,2,0,0%,0,
3472,2331,,,,,3,0,0%,0,
3473,2331,,,,,4,0,0%,0,
3474,2331,,,,,5,0,0%,0,
3475,2331,,,,,6,0,0%,0,
3476,2331,,,,,7,0,0%,0,
3477,2331,,,,,8,0,0%,0,
3478,2331,,,,,9,0,0%,0,
3479,2331,,,,,10,0,0%,0,
3480,2331,,,,,11,0,0%,0,
3481,2331,,,,,12,0,0%,0,
3482,2341,,,,,1,0,0%,0,
3483,2341,,,,,2,0,0%,0,
3484,2341,,,,,3,0,0%,0,
3485,2341,,,,,4,0,0%,0,
3486,2341,,,,,5,0,0%,0,
3487,2341,,,,,6,0,0%,0,
3488,2341,,,,,7,0,0%,0,
3489,2341,,,,,8,0,0%,0,
3490,2341,,,,,9,0,0%,0,
3491,2341,,,,,10,0,0%,0,
3492,2341,,,,,11,0,0%,0,
3493,2341,,,,,12,0,0%,0,
3494,2351,,,,,1,9,0%,0,
3495,2351,,,,,2,9,0%,0,
3496,2351,,,,,3,9,0%,0,
3497,2351,,,,,4,9,0.16%,0,
3498,2351,,,,,5,9,0.48%,0,
3499,2351,,,,,6,9,0.80%,0,
3500,2351,,,,,7,9,1.44%,0,
3501,2351,,,,,8,9,2.08%,0,
3502,2351,,,,,9,9,2.72%,0,
3503,2351,,,,,10,9,3.68%,0,
3504,2351,,,,,11,9,4.64%,0,
3505,2351,,,,,12,9,5.60%,0,
3506,2351,,,,,13,9,6.56%,0,
3507,2351,,,,,14,9,7.52%,0,
3508,2351,,,,,15,9,8.48%,0,
3509,2351,,,,,16,9,9.44%,0,
3510,2351,,,,,17,9,10.40%,0,
3511,2351,,,,,18,9,11.36%,0,
3512,2361,,,,,1,10,0%,0,
3513,2361,,,,,2,10,0%,0,
3514,2361,,,,,3,10,0%,0,
3515,2361,,,,,4,10,0.16%,0,
3516,2361,,,,,5,10,0.48%,0,
3517,2361,,,,,6,10,0.80%,0,
3518,2361,,,,,7,10,1.44%,0,
3519,2361,,,,,8,10,2.08%,0,
3520,2361,,,,,9,10,2.72%,0,
3521,2361,,,,,10,10,3.68%,0,
3522,2361,,,,,11,10,4.64%,0,
3523,2361,,,,,12,10,5.60%,0,
3524,2361,,,,,13,10,6.56%,0,
3525,2361,,,,,14,10,7.52%,0,
3526,2361,,,,,15,10,8.48%,0,
3527,2361,,,,,16,10,9.44%,0,
3528,2361,,,,,17,10,10.40%,0,
3529,2361,,,,,18,10,11.36%,0,
3530,2371,,,,,1,10,0%,0,
3531,2371,,,,,2,10,0%,0,
3532,2371,,,,,3,10,0%,0,
3533,2371,,,,,4,10,0.16%,0,
3534,2371,,,,,5,10,0.48%,0,
3535,2371,,,,,6,10,0.80%,0,
3536,2371,,,,,7,10,1.44%,0,
3537,2371,,,,,8,10,2.08%,0,
3538,2371,,,,,9,10,2.72%,0,
3539,2371,,,,,10,10,3.68%,0,
3540,2371,,,,,11,10,4.64%,0,
3541,2371,,,,,12,10,5.60%,0,
3542,2371,,,,,13,10,6.56%,0,
3543,2371,,,,,14,10,7.52%,0,
3544,2371,,,,,15,10,8.48%,0,
3545,2371,,,,,16,10,9.44%,0,
3546,2371,,,,,17,10,10.40%,0,
3547,2371,,,,,18,10,11.36%,0,
3548,2381,,,,,1,7,0%,0,
3549,2381,,,,,2,7,0%,0,
3550,2381,,,,,3,7,0%,0,
3551,2381,,,,,4,7,0.16%,0,
3552,2381,,,,,5,7,0.48%,0,
3553,2381,,,,,6,7,0.80%,0,
3554,2381,,,,,7,7,1.44%,0,
3555,2381,,,,,8,7,2.08%,0,
3556,2381,,,,,9,7,2.72%,0,
3557,2381,,,,,10,7,3.68%,0,
3558,2381,,,,,11,7,4.64%,0,
3559,2381,,,,,12,7,5.60%,0,
3560,2381,,,,,13,7,6.56%,0,
3561,2381,,,,,14,7,7.52%,0,
3562,2381,,,,,15,7,8.48%,0,
3563,2381,,,,,16,7,9.44%,0,
3564,2381,,,,,17,7,10.40%,0,
3565,2381,,,,,18,7,11.36%,0,
3566,2391,,,,,1,1,0%,0,
3567,2391,,,,,2,1,0%,0,
3568,2391,,,,,3,1,0%,0,
3569,2391,,,,,4,1,0.11%,0,
3570,2391,,,,,5,1,0.34%,0,
3571,2391,,,,,6,1,0.56%,0,
3572,2391,,,,,7,1,1.01%,0,
3573,2391,,,,,8,1,1.46%,0,
3574,2391,,,,,9,1,1.90%,0,
3575,2391,,,,,10,1,2.58%,0,
3576,2391,,,,,11,1,3.25%,0,
3577,2391,,,,,12,1,3.92%,0,
3578,2391,,,,,13,1,4.59%,0,
3579,2391,,,,,14,1,5.26%,0,
3580,2391,,,,,15,1,5.93%,0,
3581,2391,,,,,16,1,6.60%,0,
3582,2391,,,,,17,1,7.27%,0,
3583,2391,,,,,18,1,7.94%,0,
3584,2401,,,,,1,13,0%,0,
3585,2401,,,,,2,13,0%,0,
3586,2401,,,,,3,13,0.10%,0,
3587,2401,,,,,4,13,0.25%,0,
3588,2401,,,,,5,13,0.40%,0,
3589,2401,,,,,6,13,0.70%,0,
3590,2401,,,,,7,13,1%,0,
3591,2401,,,,,8,13,1.30%,0,
3592,2401,,,,,9,13,1.75%,0,
3593,2401,,,,,10,13,2.20%,0,
3594,2401,,,,,11,13,2.65%,0,
3595,2401,,,,,12,13,3.25%,0,
3596,2401,,,,,13,13,3.85%,0,
3597,2401,,,,,14,13,4.45%,0,
3598,2401,,,,,15,13,5.05%,0,
3599,2401,,,,,16,13,5.65%,0,
3600,2401,,,,,17,13,6.25%,0,
3601,2401,,,,,18,13,6.85%,0,
3602,2411,,,,,1,8,0%,0,
3603,2411,,,,,2,8,0%,0,
3604,2411,,,,,3,8,0%,0,
3605,2411,,,,,4,8,0.16%,0,
3606,2411,,,,,5,8,0.48%,0,
3607,2411,,,,,6,8,0.80%,0,
3608,2411,,,,,7,8,1.44%,0,
3609,2411,,,,,8,8,2.08%,0,
3610,2411,,,,,9,8,2.72%,0,
3611,2411,,,,,10,8,3.68%,0,
3612,2411,,,,,11,8,4.64%,0,
3613,2411,,,,,12,8,5.60%,0,
3614,2411,,,,,13,8,6.56%,0,
3615,2411,,,,,14,8,7.52%,0,
3616,2411,,,,,15,8,8.48%,0,
3617,2411,,,,,16,8,9.44%,0,
3618,2411,,,,,17,8,10.40%,0,
3619,2411,,,,,18,8,11.36%,0,
3620,2421,,,,,1,8,0%,0,
3621,2421,,,,,2,8,0%,0,
3622,2421,,,,,3,8,0%,0,
3623,2421,,,,,4,8,0.16%,0,
3624,2421,,,,,5,8,0.48%,0,
3625,2421,,,,,6,8,0.80%,0,
3626,2421,,,,,7,8,1.44%,0,
3627,2421,,,,,8,8,2.08%,0,
3628,2421,,,,,9,8,2.72%,0,
3629,2421,,,,,10,8,3.68%,0,
3630,2421,,,,,11,8,4.64%,0,
3631,2421,,,,,12,8,5.60%,0,
3632,2421,,,,,13,8,6.56%,0,
3633,2421,,,,,14,8,7.52%,0,
3634,2421,,,,,15,8,8.48%,0,
3635,2421,,,,,16,8,9.44%,0,
3636,2421,,,,,17,8,10.40%,0,
3637,2421,,,,,18,8,11.36%,0,
3638,2431,,,,,1,8,0%,0,
3639,2431,,,,,2,8,0%,0,
3640,2431,,,,,3,8,0%,0,
3641,2431,,,,,4,8,0.16%,0,
3642,2431,,,,,5,8,0.48%,0,
3643,2431,,,,,6,8,0.80%,0,
3644,2431,,,,,7,8,1.44%,0,
3645,2431,,,,,8,8,2.08%,0,
3646,2431,,,,,9,8,2.72%,0,
3647,2431,,,,,10,8,3.68%,0,
3648,2431,,,,,11,8,4.64%,0,
3649,2431,,,,,12,8,5.60%,0,
3650,2431,,,,,13,8,6.56%,0,
3651,2431,,,,,14,8,7.52%,0,
3652,2431,,,,,15,8,8.48%,0,
3653,2431,,,,,16,8,9.44%,0,
3654,2431,,,,,17,8,10.40%,0,
3655,2431,,,,,18,8,11.36%,0,
3656,2441,,,,,1,1,0%,0,
3657,2441,,,,,2,1,0%,0,
3658,2441,,,,,3,1,0%,0,
3659,2441,,,,,4,1,0.11%,0,
3660,2441,,,,,5,1,0.34%,0,
3661,2441,,,,,6,1,0.56%,0,
3662,2441,,,,,7,1,1.01%,0,
3663,2441,,,,,8,1,1.46%,0,
3664,2441,,,,,9,1,1.90%,0,
3665,2441,,,,,10,1,2.58%,0,
3666,2441,,,,,11,1,3.25%,0,
3667,2441,,,,,12,1,3.92%,0,
3668,2441,,,,,13,1,4.59%,0,
3669,2441,,,,,14,1,5.26%,0,
3670,2441,,,,,15,1,5.93%,0,
3671,2441,,,,,16,1,6.60%,0,
3672,2441,,,,,17,1,7.27%,0,
3673,2441,,,,,18,1,7.94%,0,
3674,2451,,,,,1,0,0%,0,
3675,2451,,,,,2,0,0%,0,
3676,2451,,,,,3,0,0%,0,
3677,2451,,,,,4,0,0%,0,
3678,2451,,,,,5,0,0%,0,
3679,2451,,,,,6,0,0%,0,
3680,2451,,,,,7,0,0%,0,
3681,2451,,,,,8,0,0%,0,
3682,2451,,,,,9,0,0%,0,
3683,2451,,,,,10,0,0%,0,
3684,2451,,,,,11,0,0%,0,
3685,2451,,,,,12,0,0%,0,
3686,2461,,,,,1,8,0%,0,
3687,2461,,,,,2,8,0%,0,
3688,2461,,,,,3,8,0%,0,
3689,2461,,,,,4,8,0.16%,0,
3690,2461,,,,,5,8,0.48%,0,
3691,2461,,,,,6,8,0.80%,0,
3692,2461,,,,,7,8,1.44%,0,
3693,2461,,,,,8,8,2.08%,0,
3694,2461,,,,,9,8,2.72%,0,
3695,2461,,,,,10,8,3.68%,0,
3696,2461,,,,,11,8,4.64%,0,
3697,2461,,,,,12,8,5.60%,0,
3698,2461,,,,,13,8,6.56%,0,
3699,2461,,,,,14,8,7.52%,0,
3700,2461,,,,,15,8,8.48%,0,
3701,2461,,,,,16,8,9.44%,0,
3702,2461,,,,,17,8,10.40%,0,
3703,2461,,,,,18,8,11.36%,0,
3704,2471,,,,,1,8,0%,0,
3705,2471,,,,,2,8,0%,0,
3706,2471,,,,,3,8,0.10%,0,
3707,2471,,,,,4,8,0.25%,0,
3708,2471,,,,,5,8,0.40%,0,
3709,2471,,,,,6,8,0.70%,0,
3710,2471,,,,,7,8,1%,0,
3711,2471,,,,,8,8,1.30%,0,
3712,2471,,,,,9,8,1.75%,0,
3713,2471,,,,,10,8,2.20%,0,
3714,2471,,,,,11,8,2.65%,0,
3715,2471,,,,,12,8,3.25%,0,
3716,2471,,,,,13,8,3.85%,0,
3717,2471,,,,,14,8,4.45%,0,
3718,2471,,,,,15,8,5.05%,0,
3719,2471,,,,,16,8,5.65%,0,
3720,2471,,,,,17,8,6.25%,0,
3721,2471,,,,,18,8,6.85%,0,
3722,2481,,,,,1,7,0%,0,
3723,2481,,,,,2,7,0.08%,0,
3724,2481,,,,,3,7,0.16%,0,
3725,2481,,,,,4,7,0.24%,0,
3726,2481,,,,,5,7,0.40%,0,
3727,2481,,,,,6,7,0.56%,0,
3728,2481,,,,,7,7,0.80%,0,
3729,2481,,,,,8,7,1.04%,0,
3730,2481,,,,,9,7,1.36%,0,
3731,2481,,,,,10,7,1.68%,0,
3732,2481,,,,,11,7,2%,0,
3733,2481,,,,,12,7,2.40%,0,
3734,2481,,,,,13,7,2.80%,0,
3735,2481,,,,,14,7,3.20%,0,
3736,2481,,,,,15,7,3.60%,0,
3737,2481,,,,,16,7,4.00%,0,
3738,2481,,,,,17,7,4.50%,0,
3739,2481,,,,,18,7,5.00%,0,
3740,2491,,,,,1,0,0%,0,
3741,2491,,,,,2,0,0%,0,
3742,2491,,,,,3,0,0.07%,0,
3743,2491,,,,,4,0,0.18%,0,
3744,2491,,,,,5,0,0.28%,0,
3745,2491,,,,,6,0,0.49%,0,
3746,2491,,,,,7,0,0.70%,0,
3747,2491,,,,,8,0,0.91%,0,
3748,2491,,,,,9,0,1.23%,0,
3749,2491,,,,,10,0,1.54%,0,
3750,2491,,,,,11,0,1.86%,0,
3751,2491,,,,,12,0,2.28%,0,
3752,2501,,,,,1,0,0%,0,
3753,2501,,,,,2,0,0%,0,
3754,2501,,,,,3,0,0%,0,
3755,2501,,,,,4,0,0%,0,
3756,2501,,,,,5,0,0%,0,
3757,2501,,,,,6,0,0%,0,
3758,2501,,,,,7,0,0%,0,
3759,2501,,,,,8,0,0%,0,
3760,2501,,,,,9,0,0%,0,
3761,2501,,,,,10,0,0%,0,
3762,2501,,,,,11,0,0%,0,
3763,2501,,,,,12,0,0%,0,
3764,2511,,,,,1,0,0%,0,
3765,2511,,,,,2,0,0%,0,
3766,2511,,,,,3,0,0%,0,
3767,2511,,,,,4,0,0%,0,
3768,2511,,,,,5,0,0%,0,
3769,2511,,,,,6,0,0%,0,
3770,2511,,,,,7,0,0%,0,
3771,2511,,,,,8,0,0%,0,
3772,2511,,,,,9,0,0%,0,
3773,2511,,,,,10,0,0%,0,
3774,2511,,,,,11,0,0%,0,
3775,2511,,,,,12,0,0%,0,
3776,2521,,,,,1,0,0%,0,
3777,2521,,,,,2,0,0%,0,
3778,2521,,,,,3,0,0%,0,
3779,2521,,,,,4,0,0%,0,
3780,2521,,,,,5,0,0%,0,
3781,2521,,,,,6,0,0%,0,
3782,2521,,,,,7,0,0%,0,
3783,2521,,,,,8,0,0%,0,
3784,2521,,,,,9,0,0%,0,
3785,2521,,,,,10,0,0%,0,
3786,2521,,,,,11,0,0%,0,
3787,2521,,,,,12,0,0%,0,
3788,2531,,,,,1,0,0%,0,
3789,2531,,,,,2,0,0%,0,
3790,2531,,,,,3,0,0%,0,
3791,2531,,,,,4,0,0%,0,
3792,2531,,,,,5,0,0%,0,
3793,2531,,,,,6,0,0%,0,
3794,2531,,,,,7,0,0%,0,
3795,2531,,,,,8,0,0%,0,
3796,2531,,,,,9,0,0%,0,
3797,2531,,,,,10,0,0%,0,
3798,2531,,,,,11,0,0%,0,
3799,2531,,,,,12,0,0%,0,
3800,2541,,,,,1,0,0%,0,
3801,2541,,,,,2,0,0%,0,
3802,2541,,,,,3,0,0%,0,
3803,2541,,,,,4,0,0%,0,
3804,2541,,,,,5,0,0%,0,
3805,2541,,,,,6,0,0%,0,
3806,2541,,,,,7,0,0%,0,
3807,2541,,,,,8,0,0%,0,
3808,2541,,,,,9,0,0%,0,
3809,2541,,,,,10,0,0%,0,
3810,2541,,,,,11,0,0%,0,
3811,2541,,,,,12,0,0%,0,
3812,2551,,,,,1,0,0%,0,
3813,2551,,,,,2,0,0%,0,
3814,2551,,,,,3,0,0%,0,
3815,2551,,,,,4,0,0%,0,
3816,2551,,,,,5,0,0%,0,
3817,2551,,,,,6,0,0%,0,
3818,2551,,,,,7,0,0%,0,
3819,2551,,,,,8,0,0%,0,
3820,2551,,,,,9,0,0%,0,
3821,2551,,,,,10,0,0%,0,
3822,2551,,,,,11,0,0%,0,
3823,2551,,,,,12,0,0%,0,
3824,2561,,,,,1,0,0%,0,
3825,2561,,,,,2,0,0%,0,
3826,2561,,,,,3,0,0%,0,
3827,2561,,,,,4,0,0%,0,
3828,2561,,,,,5,0,0%,0,
3829,2561,,,,,6,0,0%,0,
3830,2561,,,,,7,0,0%,0,
3831,2561,,,,,8,0,0%,0,
3832,2561,,,,,9,0,0%,0,
3833,2561,,,,,10,0,0%,0,
3834,2561,,,,,11,0,0%,0,
3835,2561,,,,,12,0,0%,0,
3836,2571,,,,,1,0,0%,0,
3837,2571,,,,,2,0,0%,0,
3838,2571,,,,,3,0,0%,0,
3839,2571,,,,,4,0,0%,0,
3840,2571,,,,,5,0,0%,0,
3841,2571,,,,,6,0,0%,0,
3842,2571,,,,,7,0,0%,0,
3843,2571,,,,,8,0,0%,0,
3844,2571,,,,,9,0,0%,0,
3845,2571,,,,,10,0,0%,0,
3846,2571,,,,,11,0,0%,0,
3847,2571,,,,,12,0,0%,0,
3848,2581,,,,,1,0,0%,0,
3849,2581,,,,,2,0,0%,0,
3850,2581,,,,,3,0,0%,0,
3851,2581,,,,,4,0,0%,0,
3852,2581,,,,,5,0,0%,0,
3853,2581,,,,,6,0,0%,0,
3854,2581,,,,,7,0,0%,0,
3855,2581,,,,,8,0,0%,0,
3856,2581,,,,,9,0,0%,0,
3857,2581,,,,,10,0,0%,0,
3858,2581,,,,,11,0,0%,0,
3859,2581,,,,,12,0,0%,0,
3860,2591,,,,,1,9,0%,0,
3861,2591,,,,,2,9,0.08%,0,
3862,2591,,,,,3,9,0.16%,0,
3863,2591,,,,,4,9,0.24%,0,
3864,2591,,,,,5,9,0.40%,0,
3865,2591,,,,,6,9,0.56%,0,
3866,2591,,,,,7,9,0.80%,0,
3867,2591,,,,,8,9,1.04%,0,
3868,2591,,,,,9,9,1.36%,0,
3869,2591,,,,,10,9,1.68%,0,
3870,2591,,,,,11,9,2%,0,
3871,2591,,,,,12,9,2.40%,0,
3872,2591,,,,,13,9,2.80%,0,
3873,2591,,,,,14,9,3.20%,0,
3874,2591,,,,,15,9,3.60%,0,
3875,2591,,,,,16,9,4.00%,0,
3876,2591,,,,,17,9,4.50%,0,
3877,2591,,,,,18,9,5.00%,0,
3878,2601,,,,,1,0,0%,0,
3879,2601,,,,,2,0,0%,0,
3880,2601,,,,,3,0,0%,0,
3881,2601,,,,,4,0,0%,0,
3882,2601,,,,,5,0,0%,0,
3883,2601,,,,,6,0,0%,0,
3884,2601,,,,,7,0,0%,0,
3885,2601,,,,,8,0,0%,0,
3886,2601,,,,,9,0,0%,0,
3887,2601,,,,,10,0,0%,0,
3888,2601,,,,,11,0,0%,0,
3889,2601,,,,,12,0,0%,0,
3890,2611,,,,,1,9,0%,0,
3891,2611,,,,,2,9,0.08%,0,
3892,2611,,,,,3,9,0.16%,0,
3893,2611,,,,,4,9,0.24%,0,
3894,2611,,,,,5,9,0.40%,0,
3895,2611,,,,,6,9,0.56%,0,
3896,2611,,,,,7,9,0.80%,0,
3897,2611,,,,,8,9,1.04%,0,
3898,2611,,,,,9,9,1.36%,0,
3899,2611,,,,,10,9,1.68%,0,
3900,2611,,,,,11,9,2%,0,
3901,2611,,,,,12,9,2.40%,0,
3902,2611,,,,,13,9,2.80%,0,
3903,2611,,,,,14,9,3.20%,0,
3904,2611,,,,,15,9,3.60%,0,
3905,2611,,,,,16,9,4.00%,0,
3906,2611,,,,,17,9,4.50%,0,
3907,2611,,,,,18,9,5.00%,0,
3908,2621,,,,,1,0,0%,0,
3909,2621,,,,,2,0,0%,0,
3910,2621,,,,,3,0,0%,0,
3911,2621,,,,,4,0,0%,0,
3912,2621,,,,,5,0,0%,0,
3913,2621,,,,,6,0,0%,0,
3914,2621,,,,,7,0,0%,0,
3915,2621,,,,,8,0,0%,0,
3916,2621,,,,,9,0,0%,0,
3917,2621,,,,,10,0,0%,0,
3918,2621,,,,,11,0,0%,0,
3919,2621,,,,,12,0,0%,0,
3920,2631,,,,,1,9,0%,0,
3921,2631,,,,,2,9,0.08%,0,
3922,2631,,,,,3,9,0.16%,0,
3923,2631,,,,,4,9,0.24%,0,
3924,2631,,,,,5,9,0.40%,0,
3925,2631,,,,,6,9,0.56%,0,
3926,2631,,,,,7,9,0.80%,0,
3927,2631,,,,,8,9,1.04%,0,
3928,2631,,,,,9,9,1.36%,0,
3929,2631,,,,,10,9,1.68%,0,
3930,2631,,,,,11,9,2%,0,
3931,2631,,,,,12,9,2.40%,0,
3932,2631,,,,,13,9,2.80%,0,
3933,2631,,,,,14,9,3.20%,0,
3934,2631,,,,,15,9,3.60%,0,
3935,2631,,,,,16,9,4.00%,0,
3936,2631,,,,,17,9,4.50%,0,
3937,2631,,,,,18,9,5.00%,0,
3938,2641,,,,,1,0,0%,0,
3939,2641,,,,,2,0,0%,0,
3940,2641,,,,,3,0,0%,0,
3941,2641,,,,,4,0,0%,0,
3942,2641,,,,,5,0,0%,0,
3943,2641,,,,,6,0,0%,0,
3944,2641,,,,,7,0,0%,0,
3945,2641,,,,,8,0,0%,0,
3946,2641,,,,,9,0,0%,0,
3947,2641,,,,,10,0,0%,0,
3948,2641,,,,,11,0,0%,0,
3949,2641,,,,,12,0,0%,0,
3950,2651,,,,,1,0,0%,0,
3951,2651,,,,,2,0,0%,0,
3952,2651,,,,,3,0,0%,0,
3953,2651,,,,,4,0,0%,0,
3954,2651,,,,,5,0,0%,0,
3955,2651,,,,,6,0,0%,0,
3956,2651,,,,,7,0,0%,0,
3957,2651,,,,,8,0,0%,0,
3958,2651,,,,,9,0,0%,0,
3959,2651,,,,,10,0,0%,0,
3960,2651,,,,,11,0,0%,0,
3961,2651,,,,,12,0,0%,0,
3962,2661,,,,,1,0,0%,0,
3963,2661,,,,,2,0,0%,0,
3964,2661,,,,,3,0,0%,0,
3965,2661,,,,,4,0,0%,0,
3966,2661,,,,,5,0,0%,0,
3967,2661,,,,,6,0,0%,0,
3968,2661,,,,,7,0,0%,0,
3969,2661,,,,,8,0,0%,0,
3970,2661,,,,,9,0,0%,0,
3971,2661,,,,,10,0,0%,0,
3972,2661,,,,,11,0,0%,0,
3973,2661,,,,,12,0,0%,0,
3974,2671,,,,,1,0,0%,0,
3975,2671,,,,,2,0,0%,0,
3976,2671,,,,,3,0,0%,0,
3977,2671,,,,,4,0,0%,0,
3978,2671,,,,,5,0,0%,0,
3979,2671,,,,,6,0,0%,0,
3980,2671,,,,,7,0,0%,0,
3981,2671,,,,,8,0,0%,0,
3982,2671,,,,,9,0,0%,0,
3983,2671,,,,,10,0,0%,0,
3984,2671,,,,,11,0,0%,0,
3985,2671,,,,,12,0,0%,0,
3986,2681,,,,,1,1,0%,0,
3987,2681,,,,,2,1,0.06%,0,
3988,2681,,,,,3,1,0.11%,0,
3989,2681,,,,,4,1,0.17%,0,
3990,2681,,,,,5,1,0.28%,0,
3991,2681,,,,,6,1,0.39%,0,
3992,2681,,,,,7,1,0.56%,0,
3993,2681,,,,,8,1,0.73%,0,
3994,2681,,,,,9,1,0.95%,0,
3995,2681,,,,,10,1,1.18%,0,
3996,2681,,,,,11,1,1.40%,0,
3997,2681,,,,,12,1,1.68%,0,
3998,2681,,,,,13,1,2.00%,0,
3999,2681,,,,,14,1,2.40%,0,
4000,2681,,,,,15,1,2.80%,0,
4001,2681,,,,,16,1,3.20%,0,
4002,2681,,,,,17,1,3.80%,0,
4003,2681,,,,,18,1,4.20%,0,
4004,2691,,,,,1,0,0%,0,
4005,2691,,,,,2,0,0%,0,
4006,2691,,,,,3,0,0%,0,
4007,2691,,,,,4,0,0%,0,
4008,2691,,,,,5,0,0%,0,
4009,2691,,,,,6,0,0%,0,
4010,2691,,,,,7,0,0%,0,
4011,2691,,,,,8,0,0%,0,
4012,2691,,,,,9,0,0%,0,
4013,2691,,,,,10,0,0%,0,
4014,2691,,,,,11,0,0%,0,
4015,2691,,,,,12,0,0%,0,
4016,2701,,,,,1,0,0%,0,
4017,2701,,,,,2,0,0%,0,
4018,2701,,,,,3,0,0%,0,
4019,2701,,,,,4,0,0%,0,
4020,2701,,,,,5,0,0%,0,
4021,2701,,,,,6,0,0%,0,
4022,2701,,,,,7,0,0%,0,
4023,2701,,,,,8,0,0%,0,
4024,2701,,,,,9,0,0%,0,
4025,2701,,,,,10,0,0%,0,
4026,2701,,,,,11,0,0%,0,
4027,2701,,,,,12,0,0%,0,
4028,2711,,,,,1,0,0%,0,
4029,2711,,,,,2,0,0%,0,
4030,2711,,,,,3,0,0%,0,
4031,2711,,,,,4,0,0%,0,
4032,2711,,,,,5,0,0%,0,
4033,2711,,,,,6,0,0%,0,
4034,2711,,,,,7,0,0%,0,
4035,2711,,,,,8,0,0%,0,
4036,2711,,,,,9,0,0%,0,
4037,2711,,,,,10,0,0%,0,
4038,2711,,,,,11,0,0%,0,
4039,2711,,,,,12,0,0%,0,
4040,2721,,,,,1,1,0%,0,
4041,2721,,,,,2,1,0%,0,
4042,2721,,,,,3,1,0.07%,0,
4043,2721,,,,,4,1,0.18%,0,
4044,2721,,,,,5,1,0.28%,0,
4045,2721,,,,,6,1,0.49%,0,
4046,2721,,,,,7,1,0.70%,0,
4047,2721,,,,,8,1,0.91%,0,
4048,2721,,,,,9,1,1.23%,0,
4049,2721,,,,,10,1,1.54%,0,
4050,2721,,,,,11,1,1.86%,0,
4051,2721,,,,,12,1,2.28%,0,
4052,2721,,,,,13,1,2.70%,0,
4053,2721,,,,,14,1,3.12%,0,
4054,2721,,,,,15,1,3.54%,0,
4055,2721,,,,,16,1,3.96%,0,
4056,2721,,,,,17,1,4.38%,0,
4057,2721,,,,,18,1,4.80%,0,
4058,2731,,,,,1,0,0%,0,
4059,2731,,,,,2,0,0%,0,
4060,2731,,,,,3,0,0%,0,
4061,2731,,,,,4,0,0%,0,
4062,2731,,,,,5,0,0%,0,
4063,2731,,,,,6,0,0%,0,
4064,2731,,,,,7,0,0%,0,
4065,2731,,,,,8,0,0%,0,
4066,2731,,,,,9,0,0%,0,
4067,2731,,,,,10,0,0%,0,
4068,2731,,,,,11,0,0%,0,
4069,2731,,,,,12,0,0%,0,
4070,2741,,,,,1,0,0%,0,
4071,2741,,,,,2,0,0%,0,
4072,2741,,,,,3,0,0%,0,
4073,2741,,,,,4,0,0%,0,
4074,2741,,,,,5,0,0%,0,
4075,2741,,,,,6,0,0%,0,
4076,2741,,,,,7,0,0%,0,
4077,2741,,,,,8,0,0%,0,
4078,2741,,,,,9,0,0%,0,
4079,2741,,,,,10,0,0%,0,
4080,2741,,,,,11,0,0%,0,
4081,2741,,,,,12,0,0%,0,
4082,2751,,,,,1,0,0%,0,
4083,2751,,,,,2,0,0%,0,
4084,2751,,,,,3,0,0%,0,
4085,2751,,,,,4,0,0%,0,
4086,2751,,,,,5,0,0%,0,
4087,2751,,,,,6,0,0%,0,
4088,2751,,,,,7,0,0%,0,
4089,2751,,,,,8,0,0%,0,
4090,2751,,,,,9,0,0%,0,
4091,2751,,,,,10,0,0%,0,
4092,2751,,,,,11,0,0%,0,
4093,2751,,,,,12,0,0%,0,
4094,2761,,,,,1,0,0%,0,
4095,2761,,,,,2,0,0%,0,
4096,2761,,,,,3,0,0%,0,
4097,2761,,,,,4,0,0%,0,
4098,2761,,,,,5,0,0%,0,
4099,2761,,,,,6,0,0%,0,
4100,2761,,,,,7,0,0%,0,
4101,2761,,,,,8,0,0%,0,
4102,2761,,,,,9,0,0%,0,
4103,2761,,,,,10,0,0%,0,
4104,2761,,,,,11,0,0%,0,
4105,2761,,,,,12,0,0%,0,
4106,2771,,,,,1,0,0%,0,
4107,2771,,,,,2,0,0%,0,
4108,2771,,,,,3,0,0%,0,
4109,2771,,,,,4,0,0%,0,
4110,2771,,,,,5,0,0%,0,
4111,2771,,,,,6,0,0%,0,
4112,2771,,,,,7,0,0%,0,
4113,2771,,,,,8,0,0%,0,
4114,2771,,,,,9,0,0%,0,
4115,2771,,,,,10,0,0%,0,
4116,2771,,,,,11,0,0%,0,
4117,2771,,,,,12,0,0%,0,
4118,2781,,,,,1,0,0%,0,
4119,2781,,,,,2,0,0%,0,
4120,2781,,,,,3,0,0%,0,
4121,2781,,,,,4,0,0%,0,
4122,2781,,,,,5,0,0%,0,
4123,2781,,,,,6,0,0%,0,
4124,2781,,,,,7,0,0%,0,
4125,2781,,,,,8,0,0%,0,
4126,2781,,,,,9,0,0%,0,
4127,2781,,,,,10,0,0%,0,
4128,2781,,,,,11,0,0%,0,
4129,2781,,,,,12,0,0%,0,
4130,2791,,,,,1,0,0%,0,
4131,2791,,,,,2,0,0%,0,
4132,2791,,,,,3,0,0%,0,
4133,2791,,,,,4,0,0%,0,
4134,2791,,,,,5,0,0%,0,
4135,2791,,,,,6,0,0%,0,
4136,2791,,,,,7,0,0%,0,
4137,2791,,,,,8,0,0%,0,
4138,2791,,,,,9,0,0%,0,
4139,2791,,,,,10,0,0%,0,
4140,2791,,,,,11,0,0%,0,
4141,2791,,,,,12,0,0%,0,
4142,2801,,,,,1,0,0%,0,
4143,2801,,,,,2,0,0%,0,
4144,2801,,,,,3,0,0%,0,
4145,2801,,,,,4,0,0%,0,
4146,2801,,,,,5,0,0%,0,
4147,2801,,,,,6,0,0%,0,
4148,2801,,,,,7,0,0%,0,
4149,2801,,,,,8,0,0%,0,
4150,2801,,,,,9,0,0%,0,
4151,2801,,,,,10,0,0%,0,
4152,2801,,,,,11,0,0%,0,
4153,2801,,,,,12,0,0%,0,
4154,2811,,,,,1,0,0%,0,
4155,2811,,,,,2,0,0%,0,
4156,2811,,,,,3,0,0%,0,
4157,2811,,,,,4,0,0%,0,
4158,2811,,,,,5,0,0%,0,
4159,2811,,,,,6,0,0%,0,
4160,2811,,,,,7,0,0%,0,
4161,2811,,,,,8,0,0%,0,
4162,2811,,,,,9,0,0%,0,
4163,2811,,,,,10,0,0%,0,
4164,2811,,,,,11,0,0%,0,
4165,2811,,,,,12,0,0%,0,
4166,2821,,,,,1,1,0%,0,
4167,2821,,,,,2,1,0%,0,
4168,2821,,,,,3,1,0.07%,0,
4169,2821,,,,,4,1,0.18%,0,
4170,2821,,,,,5,1,0.28%,0,
4171,2821,,,,,6,1,0.49%,0,
4172,2821,,,,,7,1,0.70%,0,
4173,2821,,,,,8,1,0.91%,0,
4174,2821,,,,,9,1,1.23%,0,
4175,2821,,,,,10,1,1.54%,0,
4176,2821,,,,,11,1,1.86%,0,
4177,2821,,,,,12,1,2.28%,0,
4178,2821,,,,,13,1,2.70%,0,
4179,2821,,,,,14,1,3.12%,0,
4180,2821,,,,,15,1,3.54%,0,
4181,2821,,,,,16,1,3.96%,0,
4182,2821,,,,,17,1,4.38%,0,
4183,2821,,,,,18,1,4.80%,0,
4184,2831,,,,,1,10,0%,0,
4185,2831,,,,,2,10,0.08%,0,
4186,2831,,,,,3,10,0.16%,0,
4187,2831,,,,,4,10,0.24%,0,
4188,2831,,,,,5,10,0.40%,0,
4189,2831,,,,,6,10,0.56%,0,
4190,2831,,,,,7,10,0.80%,0,
4191,2831,,,,,8,10,1.04%,0,
4192,2831,,,,,9,10,1.36%,0,
4193,2831,,,,,10,10,1.68%,0,
4194,2831,,,,,11,10,2%,0,
4195,2831,,,,,12,10,2.40%,0,
4196,2831,,,,,13,10,2.80%,0,
4197,2831,,,,,14,10,3.20%,0,
4198,2831,,,,,15,10,3.60%,0,
4199,2831,,,,,16,10,4.00%,0,
4200,2831,,,,,17,10,4.50%,0,
4201,2831,,,,,18,10,5.00%,0,
4202,2841,,,,,1,10,0%,0,
4203,2841,,,,,2,10,0.08%,0,
4204,2841,,,,,3,10,0.16%,0,
4205,2841,,,,,4,10,0.24%,0,
4206,2841,,,,,5,10,0.40%,0,
4207,2841,,,,,6,10,0.56%,0,
4208,2841,,,,,7,10,0.80%,0,
4209,2841,,,,,8,10,1.04%,0,
4210,2841,,,,,9,10,1.36%,0,
4211,2841,,,,,10,10,1.68%,0,
4212,2841,,,,,11,10,2%,0,
4213,2841,,,,,12,10,2.40%,0,
4214,2841,,,,,13,10,2.80%,0,
4215,2841,,,,,14,10,3.20%,0,
4216,2841,,,,,15,10,3.60%,0,
4217,2841,,,,,16,10,4.00%,0,
4218,2841,,,,,17,10,4.50%,0,
4219,2841,,,,,18,10,5.00%,0,
4220,2851,,,,,1,0,0%,0,
4221,2851,,,,,2,0,0%,0,
4222,2851,,,,,3,0,0%,0,
4223,2851,,,,,4,0,0%,0,
4224,2851,,,,,5,0,0%,0,
4225,2851,,,,,6,0,0%,0,
4226,2851,,,,,7,0,0%,0,
4227,2851,,,,,8,0,0%,0,
4228,2851,,,,,9,0,0%,0,
4229,2851,,,,,10,0,0%,0,
4230,2851,,,,,11,0,0%,0,
4231,2851,,,,,12,0,0%,0,
4232,2861,,,,,1,0,0%,0,
4233,2861,,,,,2,0,0%,0,
4234,2861,,,,,3,0,0%,0,
4235,2861,,,,,4,0,0%,0,
4236,2861,,,,,5,0,0%,0,
4237,2861,,,,,6,0,0%,0,
4238,2861,,,,,7,0,0%,0,
4239,2861,,,,,8,0,0%,0,
4240,2861,,,,,9,0,0%,0,
4241,2861,,,,,10,0,0%,0,
4242,2861,,,,,11,0,0%,0,
4243,2861,,,,,12,0,0%,0,
4244,2871,,,,,1,1,0%,0,
4245,2871,,,,,2,1,0.06%,0,
4246,2871,,,,,3,1,0.11%,0,
4247,2871,,,,,4,1,0.17%,0,
4248,2871,,,,,5,1,0.28%,0,
4249,2871,,,,,6,1,0.39%,0,
4250,2871,,,,,7,1,0.56%,0,
4251,2871,,,,,8,1,0.73%,0,
4252,2871,,,,,9,1,0.95%,0,
4253,2871,,,,,10,1,1.18%,0,
4254,2871,,,,,11,1,1.40%,0,
4255,2871,,,,,12,1,1.68%,0,
4256,2871,,,,,13,1,2.00%,0,
4257,2871,,,,,14,1,2.40%,0,
4258,2871,,,,,15,1,2.80%,0,
4259,2871,,,,,16,1,3.20%,0,
4260,2871,,,,,17,1,3.80%,0,
4261,2871,,,,,18,1,4.20%,0,
4262,2881,,,,,1,0,0%,0,
4263,2881,,,,,2,0,0%,0,
4264,2881,,,,,3,0,0%,0,
4265,2881,,,,,4,0,0%,0,
4266,2881,,,,,5,0,0%,0,
4267,2881,,,,,6,0,0%,0,
4268,2881,,,,,7,0,0%,0,
4269,2881,,,,,8,0,0%,0,
4270,2881,,,,,9,0,0%,0,
4271,2881,,,,,10,0,0%,0,
4272,2881,,,,,11,0,0%,0,
4273,2881,,,,,12,0,0%,0,
4274,2891,,,,,1,13,0%,0,
4275,2891,,,,,2,13,0.08%,0,
4276,2891,,,,,3,13,0.16%,0,
4277,2891,,,,,4,13,0.24%,0,
4278,2891,,,,,5,13,0.40%,0,
4279,2891,,,,,6,13,0.56%,0,
4280,2891,,,,,7,13,0.80%,0,
4281,2891,,,,,8,13,1.04%,0,
4282,2891,,,,,9,13,1.36%,0,
4283,2891,,,,,10,13,1.68%,0,
4284,2891,,,,,11,13,2%,0,
4285,2891,,,,,12,13,2.40%,0,
4286,2891,,,,,13,13,2.80%,0,
4287,2891,,,,,14,13,3.20%,0,
4288,2891,,,,,15,13,3.60%,0,
4289,2891,,,,,16,13,4.00%,0,
4290,2891,,,,,17,13,4.50%,0,
4291,2891,,,,,18,13,5.00%,0,
4292,2901,,,,,1,0,0%,0,
4293,2901,,,,,2,0,0%,0,
4294,2901,,,,,3,0,0%,0,
4295,2901,,,,,4,0,0%,0,
4296,2901,,,,,5,0,0%,0,
4297,2901,,,,,6,0,0%,0,
4298,2901,,,,,7,0,0%,0,
4299,2901,,,,,8,0,0%,0,
4300,2901,,,,,9,0,0%,0,
4301,2901,,,,,10,0,0%,0,
4302,2901,,,,,11,0,0%,0,
4303,2901,,,,,12,0,0%,0,
4304,2911,,,,,1,0,0%,0,
4305,2911,,,,,2,0,0%,0,
4306,2911,,,,,3,0,0%,0,
4307,2911,,,,,4,0,0%,0,
4308,2911,,,,,5,0,0%,0,
4309,2911,,,,,6,0,0%,0,
4310,2911,,,,,7,0,0%,0,
4311,2911,,,,,8,0,0%,0,
4312,2911,,,,,9,0,0%,0,
4313,2911,,,,,10,0,0%,0,
4314,2911,,,,,11,0,0%,0,
4315,2911,,,,,12,0,0%,0,
4316,2921,,,,,1,1,0%,0,
4317,2921,,,,,2,1,0.06%,0,
4318,2921,,,,,3,1,0.11%,0,
4319,2921,,,,,4,1,0.17%,0,
4320,2921,,,,,5,1,0.28%,0,
4321,2921,,,,,6,1,0.39%,0,
4322,2921,,,,,7,1,0.56%,0,
4323,2921,,,,,8,1,0.73%,0,
4324,2921,,,,,9,1,0.95%,0,
4325,2921,,,,,10,1,1.18%,0,
4326,2921,,,,,11,1,1.40%,0,
4327,2921,,,,,12,1,1.68%,0,
4328,2921,,,,,13,1,2.00%,0,
4329,2921,,,,,14,1,2.40%,0,
4330,2921,,,,,15,1,2.80%,0,
4331,2921,,,,,16,1,3.20%,0,
4332,2921,,,,,17,1,3.80%,0,
4333,2921,,,,,18,1,4.20%,0,
4334,2922,,,,,1,1,0%,0,
4335,2922,,,,,2,1,0.06%,0,
4336,2922,,,,,3,1,0.11%,0,
4337,2922,,,,,4,1,0.17%,0,
4338,2922,,,,,5,1,0.28%,0,
4339,2922,,,,,6,1,0.39%,0,
4340,2922,,,,,7,1,0.56%,0,
4341,2922,,,,,8,1,0.73%,0,
4342,2922,,,,,9,1,0.95%,0,
4343,2922,,,,,10,1,1.18%,0,
4344,2922,,,,,11,1,1.40%,0,
4345,2922,,,,,12,1,1.68%,0,
4346,2922,,,,,13,1,2.00%,0,
4347,2922,,,,,14,1,2.40%,0,
4348,2922,,,,,15,1,2.80%,0,
4349,2922,,,,,16,1,3.20%,0,
4350,2922,,,,,17,1,3.80%,0,
4351,2922,,,,,18,1,4.20%,0,
4352,2931,,,,,1,0,0%,0,
4353,2931,,,,,2,0,0%,0,
4354,2931,,,,,3,0,0%,0,
4355,2931,,,,,4,0,0%,0,
4356,2931,,,,,5,0,0%,0,
4357,2931,,,,,6,0,0%,0,
4358,2931,,,,,7,0,0%,0,
4359,2931,,,,,8,0,0%,0,
4360,2931,,,,,9,0,0%,0,
4361,2931,,,,,10,0,0%,0,
4362,2931,,,,,11,0,0%,0,
4363,2931,,,,,12,0,0%,0,
4364,2941,,,,,1,0,0%,0,
4365,2941,,,,,2,0,0%,0,
4366,2941,,,,,3,0,0%,0,
4367,2941,,,,,4,0,0%,0,
4368,2941,,,,,5,0,0%,0,
4369,2941,,,,,6,0,0%,0,
4370,2941,,,,,7,0,0%,0,
4371,2941,,,,,8,0,0%,0,
4372,2941,,,,,9,0,0%,0,
4373,2941,,,,,10,0,0%,0,
4374,2941,,,,,11,0,0%,0,
4375,2941,,,,,12,0,0%,0,
4376,2951,,,,,1,0,0%,0,
4377,2951,,,,,2,0,0%,0,
4378,2951,,,,,3,0,0%,0,
4379,2951,,,,,4,0,0%,0,
4380,2951,,,,,5,0,0%,0,
4381,2951,,,,,6,0,0%,0,
4382,2951,,,,,7,0,0%,0,
4383,2951,,,,,8,0,0%,0,
4384,2951,,,,,9,0,0%,0,
4385,2951,,,,,10,0,0%,0,
4386,2951,,,,,11,0,0%,0,
4387,2951,,,,,12,0,0%,0,
4388,2961,,,,,1,9,0%,0,
4389,2961,,,,,2,9,0.08%,0,
4390,2961,,,,,3,9,0.16%,0,
4391,2961,,,,,4,9,0.24%,0,
4392,2961,,,,,5,9,0.40%,0,
4393,2961,,,,,6,9,0.56%,0,
4394,2961,,,,,7,9,0.80%,0,
4395,2961,,,,,8,9,1.04%,0,
4396,2961,,,,,9,9,1.36%,0,
4397,2961,,,,,10,9,1.68%,0,
4398,2961,,,,,11,9,2%,0,
4399,2961,,,,,12,9,2.40%,0,
4400,2961,,,,,13,9,2.80%,0,
4401,2961,,,,,14,9,3.20%,0,
4402,2961,,,,,15,9,3.60%,0,
4403,2961,,,,,16,9,4.00%,0,
4404,2961,,,,,17,9,4.50%,0,
4405,2961,,,,,18,9,5.00%,0,
4406,2971,,,,,1,0,0%,0,
4407,2971,,,,,2,0,0%,0,
4408,2971,,,,,3,0,0%,0,
4409,2971,,,,,4,0,0%,0,
4410,2971,,,,,5,0,0%,0,
4411,2971,,,,,6,0,0%,0,
4412,2971,,,,,7,0,0%,0,
4413,2971,,,,,8,0,0%,0,
4414,2971,,,,,9,0,0%,0,
4415,2971,,,,,10,0,0%,0,
4416,2971,,,,,11,0,0%,0,
4417,2971,,,,,12,0,0%,0,
4418,2981,,,,,1,0,0%,0,
4419,2981,,,,,2,0,0%,0,
4420,2981,,,,,3,0,0%,0,
4421,2981,,,,,4,0,0%,0,
4422,2981,,,,,5,0,0%,0,
4423,2981,,,,,6,0,0%,0,
4424,2981,,,,,7,0,0%,0,
4425,2981,,,,,8,0,0%,0,
4426,2981,,,,,9,0,0%,0,
4427,2981,,,,,10,0,0%,0,
4428,2981,,,,,11,0,0%,0,
4429,2981,,,,,12,0,0%,0,
4430,2991,,,,,1,10,0%,0,
4431,2991,,,,,2,10,0.08%,0,
4432,2991,,,,,3,10,0.16%,0,
4433,2991,,,,,4,10,0.24%,0,
4434,2991,,,,,5,10,0.40%,0,
4435,2991,,,,,6,10,0.56%,0,
4436,2991,,,,,7,10,0.80%,0,
4437,2991,,,,,8,10,1.04%,0,
4438,2991,,,,,9,10,1.36%,0,
4439,2991,,,,,10,10,1.68%,0,
4440,2991,,,,,11,10,2%,0,
4441,2991,,,,,12,10,2.40%,0,
4442,2991,,,,,13,10,3%,0,
4443,2991,,,,,14,10,3.20%,0,
4444,2991,,,,,15,10,4%,0,
4445,2991,,,,,16,10,4.00%,0,
4446,2991,,,,,17,10,4%,0,
4447,2991,,,,,18,10,4.80%,0,
4448,3001,,,,,1,1,0%,0,
4449,3001,,,,,2,1,0%,0,
4450,3001,,,,,3,1,0.07%,0,
4451,3001,,,,,4,1,0.18%,0,
4452,3001,,,,,5,1,0.28%,0,
4453,3001,,,,,6,1,0.49%,0,
4454,3001,,,,,7,1,0.70%,0,
4455,3001,,,,,8,1,0.91%,0,
4456,3001,,,,,9,1,1.23%,0,
4457,3001,,,,,10,1,1.54%,0,
4458,3001,,,,,11,1,1.86%,0,
4459,3001,,,,,12,1,2.28%,0,
4460,3001,,,,,13,1,2.70%,0,
4461,3001,,,,,14,1,3.12%,0,
4462,3001,,,,,15,1,3.54%,0,
4463,3001,,,,,16,1,3.96%,0,
4464,3001,,,,,17,1,4.38%,0,
4465,3001,,,,,18,1,4.80%,0,
4466,3011,,,,,1,1,0%,0,
4467,3011,,,,,2,1,0.06%,0,
4468,3011,,,,,3,1,0.11%,0,
4469,3011,,,,,4,1,0.17%,0,
4470,3011,,,,,5,1,0.28%,0,
4471,3011,,,,,6,1,0.39%,0,
4472,3011,,,,,7,1,0.56%,0,
4473,3011,,,,,8,1,0.73%,0,
4474,3011,,,,,9,1,0.95%,0,
4475,3011,,,,,10,1,1.18%,0,
4476,3011,,,,,11,1,1.40%,0,
4477,3011,,,,,12,1,1.68%,0,
4478,3011,,,,,13,1,2.00%,0,
4479,3011,,,,,14,1,2.40%,0,
4480,3011,,,,,15,1,2.80%,0,
4481,3011,,,,,16,1,3.20%,0,
4482,3011,,,,,17,1,3.80%,0,
4483,3011,,,,,18,1,4.20%,0,
4484,3021,,,,,1,10,0%,0,
4485,3021,,,,,2,10,0%,0,
4486,3021,,,,,3,10,0.10%,0,
4487,3021,,,,,4,10,0.25%,0,
4488,3021,,,,,5,10,0.40%,0,
4489,3021,,,,,6,10,0.70%,0,
4490,3021,,,,,7,10,1%,0,
4491,3021,,,,,8,10,1.30%,0,
4492,3021,,,,,9,10,1.75%,0,
4493,3021,,,,,10,10,2.20%,0,
4494,3021,,,,,11,10,2.65%,0,
4495,3021,,,,,12,10,3.25%,0,
4496,3021,,,,,13,10,3.85%,0,
4497,3021,,,,,14,10,4.45%,0,
4498,3021,,,,,15,10,5.05%,0,
4499,3021,,,,,16,10,5.65%,0,
4500,3021,,,,,17,10,6.25%,0,
4501,3021,,,,,18,10,6.85%,0,
4502,3031,,,,,1,0,0%,0,
4503,3031,,,,,2,0,0%,0,
4504,3031,,,,,3,0,0%,0,
4505,3031,,,,,4,0,0%,0,
4506,3031,,,,,5,0,0%,0,
4507,3031,,,,,6,0,0%,0,
4508,3031,,,,,7,0,0%,0,
4509,3031,,,,,8,0,0%,0,
4510,3031,,,,,9,0,0%,0,
4511,3031,,,,,10,0,0%,0,
4512,3031,,,,,11,0,0%,0,
4513,3031,,,,,12,0,0%,0,
4514,3041,,,,,1,0,0%,0,
4515,3041,,,,,2,0,0%,0,
4516,3041,,,,,3,0,0%,0,
4517,3041,,,,,4,0,0%,0,
4518,3041,,,,,5,0,0%,0,
4519,3041,,,,,6,0,0%,0,
4520,3041,,,,,7,0,0%,0,
4521,3041,,,,,8,0,0%,0,
4522,3041,,,,,9,0,0%,0,
4523,3041,,,,,10,0,0%,0,
4524,3041,,,,,11,0,0%,0,
4525,3041,,,,,12,0,0%,0,
4526,3051,,,,,1,0,0%,0,
4527,3051,,,,,2,0,0%,0,
4528,3051,,,,,3,0,0%,0,
4529,3051,,,,,4,0,0%,0,
4530,3051,,,,,5,0,0%,0,
4531,3051,,,,,6,0,0%,0,
4532,3051,,,,,7,0,0%,0,
4533,3051,,,,,8,0,0%,0,
4534,3051,,,,,9,0,0%,0,
4535,3051,,,,,10,0,0%,0,
4536,3051,,,,,11,0,0%,0,
4537,3051,,,,,12,0,0%,0,
4538,3061,,,,,1,0,0%,0,
4539,3061,,,,,2,0,0%,0,
4540,3061,,,,,3,0,0%,0,
4541,3061,,,,,4,0,0%,0,
4542,3061,,,,,5,0,0%,0,
4543,3061,,,,,6,0,0%,0,
4544,3061,,,,,7,0,0%,0,
4545,3061,,,,,8,0,0%,0,
4546,3061,,,,,9,0,0%,0,
4547,3061,,,,,10,0,0%,0,
4548,3061,,,,,11,0,0%,0,
4549,3061,,,,,12,0,0%,0,
4550,3071,,,,,1,0,0%,0,
4551,3071,,,,,2,0,0%,0,
4552,3071,,,,,3,0,0%,0,
4553,3071,,,,,4,0,0%,0,
4554,3071,,,,,5,0,0%,0,
4555,3071,,,,,6,0,0%,0,
4556,3071,,,,,7,0,0%,0,
4557,3071,,,,,8,0,0%,0,
4558,3071,,,,,9,0,0%,0,
4559,3071,,,,,10,0,0%,0,
4560,3071,,,,,11,0,0%,0,
4561,3071,,,,,12,0,0%,0,
4562,3081,,,,,1,0,0%,0,
4563,3081,,,,,2,0,0%,0,
4564,3081,,,,,3,0,0%,0,
4565,3081,,,,,4,0,0%,0,
4566,3081,,,,,5,0,0%,0,
4567,3081,,,,,6,0,0%,0,
4568,3081,,,,,7,0,0%,0,
4569,3081,,,,,8,0,0%,0,
4570,3081,,,,,9,0,0%,0,
4571,3081,,,,,10,0,0%,0,
4572,3081,,,,,11,0,0%,0,
4573,3081,,,,,12,0,0%,0,
4574,3091,,,,,1,0,0%,0,
4575,3091,,,,,2,0,0%,0,
4576,3091,,,,,3,0,0%,0,
4577,3091,,,,,4,0,0%,0,
4578,3091,,,,,5,0,0%,0,
4579,3091,,,,,6,0,0%,0,
4580,3091,,,,,7,0,0%,0,
4581,3091,,,,,8,0,0%,0,
4582,3091,,,,,9,0,0%,0,
4583,3091,,,,,10,0,0%,0,
4584,3091,,,,,11,0,0%,0,
4585,3091,,,,,12,0,0%,0,
4586,3101,,,,,1,0,0%,0,
4587,3101,,,,,2,0,0%,0,
4588,3101,,,,,3,0,0%,0,
4589,3101,,,,,4,0,0%,0,
4590,3101,,,,,5,0,0%,0,
4591,3101,,,,,6,0,0%,0,
4592,3101,,,,,7,0,0%,0,
4593,3101,,,,,8,0,0%,0,
4594,3101,,,,,9,0,0%,0,
4595,3101,,,,,10,0,0%,0,
4596,3101,,,,,11,0,0%,0,
4597,3101,,,,,12,0,0%,0,
4598,3111,,,,,1,0,0%,0,
4599,3111,,,,,2,0,0%,0,
4600,3111,,,,,3,0,0%,0,
4601,3111,,,,,4,0,0%,0,
4602,3111,,,,,5,0,0%,0,
4603,3111,,,,,6,0,0%,0,
4604,3111,,,,,7,0,0%,0,
4605,3111,,,,,8,0,0%,0,
4606,3111,,,,,9,0,0%,0,
4607,3111,,,,,10,0,0%,0,
4608,3111,,,,,11,0,0%,0,
4609,3111,,,,,12,0,0%,0,
4610,3121,,,,,1,0,0%,0,
4611,3121,,,,,2,0,0%,0,
4612,3121,,,,,3,0,0%,0,
4613,3121,,,,,4,0,0%,0,
4614,3121,,,,,5,0,0%,0,
4615,3121,,,,,6,0,0%,0,
4616,3121,,,,,7,0,0%,0,
4617,3121,,,,,8,0,0%,0,
4618,3121,,,,,9,0,0%,0,
4619,3121,,,,,10,0,0%,0,
4620,3121,,,,,11,0,0%,0,
4621,3121,,,,,12,0,0%,0,
4622,3131,,,,,1,0,0%,0,
4623,3131,,,,,2,0,0%,0,
4624,3131,,,,,3,0,0%,0,
4625,3131,,,,,4,0,0%,0,
4626,3131,,,,,5,0,0%,0,
4627,3131,,,,,6,0,0%,0,
4628,3131,,,,,7,0,0%,0,
4629,3131,,,,,8,0,0%,0,
4630,3131,,,,,9,0,0%,0,
4631,3131,,,,,10,0,0%,0,
4632,3131,,,,,11,0,0%,0,
4633,3131,,,,,12,0,0%,0,
4634,3141,,,,,1,8,0%,0,
4635,3141,,,,,2,8,0%,0,
4636,3141,,,,,3,8,0.10%,0,
4637,3141,,,,,4,8,0.25%,0,
4638,3141,,,,,5,8,0.40%,0,
4639,3141,,,,,6,8,0.70%,0,
4640,3141,,,,,7,8,1%,0,
4641,3141,,,,,8,8,1.30%,0,
4642,3141,,,,,9,8,1.75%,0,
4643,3141,,,,,10,8,2.20%,0,
4644,3141,,,,,11,8,2.65%,0,
4645,3141,,,,,12,8,3.25%,0,
4646,3141,,,,,13,8,3.85%,0,
4647,3141,,,,,14,8,4.45%,0,
4648,3141,,,,,15,8,5.05%,0,
4649,3141,,,,,16,8,5.65%,0,
4650,3141,,,,,17,8,6.25%,0,
4651,3141,,,,,18,8,6.85%,0,
4652,3151,,,,,1,7,0%,0,
4653,3151,,,,,2,7,0%,0,
4654,3151,,,,,3,7,0.10%,0,
4655,3151,,,,,4,7,0.25%,0,
4656,3151,,,,,5,7,0.40%,0,
4657,3151,,,,,6,7,0.70%,0,
4658,3151,,,,,7,7,1%,0,
4659,3151,,,,,8,7,1.30%,0,
4660,3151,,,,,9,7,1.75%,0,
4661,3151,,,,,10,7,2.20%,0,
4662,3151,,,,,11,7,2.65%,0,
4663,3151,,,,,12,7,3.25%,0,
4664,3151,,,,,13,7,3.85%,0,
4665,3151,,,,,14,7,4.45%,0,
4666,3151,,,,,15,7,5.05%,0,
4667,3151,,,,,16,7,5.65%,0,
4668,3151,,,,,17,7,6.25%,0,
4669,3151,,,,,18,7,6.85%,0,
4670,3161,,,,,1,9,0%,0,
4671,3161,,,,,2,9,0%,0,
4672,3161,,,,,3,9,0.10%,0,
4673,3161,,,,,4,9,0.25%,0,
4674,3161,,,,,5,9,0.40%,0,
4675,3161,,,,,6,9,0.70%,0,
4676,3161,,,,,7,9,1%,0,
4677,3161,,,,,8,9,1.30%,0,
4678,3161,,,,,9,9,1.75%,0,
4679,3161,,,,,10,9,2.20%,0,
4680,3161,,,,,11,9,2.65%,0,
4681,3161,,,,,12,9,3.25%,0,
4682,3161,,,,,13,9,3.85%,0,
4683,3161,,,,,14,9,4.45%,0,
4684,3161,,,,,15,9,5.05%,0,
4685,3161,,,,,16,9,5.65%,0,
4686,3161,,,,,17,9,6.25%,0,
4687,3161,,,,,18,9,6.85%,0,
4688,3171,,,,,1,7,0%,0,
4689,3171,,,,,2,7,0%,0,
4690,3171,,,,,3,7,0.10%,0,
4691,3171,,,,,4,7,0.25%,0,
4692,3171,,,,,5,7,0.40%,0,
4693,3171,,,,,6,7,0.70%,0,
4694,3171,,,,,7,7,1%,0,
4695,3171,,,,,8,7,1.30%,0,
4696,3171,,,,,9,7,1.75%,0,
4697,3171,,,,,10,7,2.20%,0,
4698,3171,,,,,11,7,2.65%,0,
4699,3171,,,,,12,7,3.25%,0,
4700,3171,,,,,13,7,3.85%,0,
4701,3171,,,,,14,7,4.45%,0,
4702,3171,,,,,15,7,5.05%,0,
4703,3171,,,,,16,7,5.65%,0,
4704,3171,,,,,17,7,6.25%,0,
4705,3171,,,,,18,7,6.85%,0,
4706,3181,,,,,1,10,0%,0,
4707,3181,,,,,2,10,0%,0,
4708,3181,,,,,3,10,0.10%,0,
4709,3181,,,,,4,10,0.25%,0,
4710,3181,,,,,5,10,0.40%,0,
4711,3181,,,,,6,10,0.70%,0,
4712,3181,,,,,7,10,1%,0,
4713,3181,,,,,8,10,1.30%,0,
4714,3181,,,,,9,10,1.75%,0,
4715,3181,,,,,10,10,2.20%,0,
4716,3181,,,,,11,10,2.65%,0,
4717,3181,,,,,12,10,3.25%,0,
4718,3181,,,,,13,10,3.85%,0,
4719,3181,,,,,14,10,4.45%,0,
4720,3181,,,,,15,10,5.05%,0,
4721,3181,,,,,16,10,5.65%,0,
4722,3181,,,,,17,10,6.25%,0,
4723,3181,,,,,18,10,6.85%,0,
4724,3191,,,,,1,13,0%,0,
4725,3191,,,,,2,13,0%,0,
4726,3191,,,,,3,13,0.10%,0,
4727,3191,,,,,4,13,0.25%,0,
4728,3191,,,,,5,13,0.40%,0,
4729,3191,,,,,6,13,0.70%,0,
4730,3191,,,,,7,13,1%,0,
4731,3191,,,,,8,13,1.30%,0,
4732,3191,,,,,9,13,1.75%,0,
4733,3191,,,,,10,13,2.20%,0,
4734,3191,,,,,11,13,2.65%,0,
4735,3191,,,,,12,13,3.25%,0,
4736,3191,,,,,13,13,3.85%,0,
4737,3191,,,,,14,13,4.45%,0,
4738,3191,,,,,15,13,5.05%,0,
4739,3191,,,,,16,13,5.65%,0,
4740,3191,,,,,17,13,6.25%,0,
4741,3191,,,,,18,13,6.85%,0,
4742,3201,,,,,1,8,0%,0,
4743,3201,,,,,2,8,0%,0,
4744,3201,,,,,3,8,0.10%,0,
4745,3201,,,,,4,8,0.25%,0,
4746,3201,,,,,5,8,0.40%,0,
4747,3201,,,,,6,8,0.70%,0,
4748,3201,,,,,7,8,1%,0,
4749,3201,,,,,8,8,1.30%,0,
4750,3201,,,,,9,8,1.75%,0,
4751,3201,,,,,10,8,2.20%,0,
4752,3201,,,,,11,8,2.65%,0,
4753,3201,,,,,12,8,3.25%,0,
4754,3201,,,,,13,8,3.85%,0,
4755,3201,,,,,14,8,4.45%,0,
4756,3201,,,,,15,8,5.05%,0,
4757,3201,,,,,16,8,5.65%,0,
4758,3201,,,,,17,8,6.25%,0,
4759,3201,,,,,18,8,6.85%,0,
4760,3211,,,,,1,8,0%,0,
4761,3211,,,,,2,8,0%,0,
4762,3211,,,,,3,8,0%,0,
4763,3211,,,,,4,8,0.16%,0,
4764,3211,,,,,5,8,0.48%,0,
4765,3211,,,,,6,8,0.80%,0,
4766,3211,,,,,7,8,1.44%,0,
4767,3211,,,,,8,8,2.08%,0,
4768,3211,,,,,9,8,2.72%,0,
4769,3211,,,,,10,8,3.68%,0,
4770,3211,,,,,11,8,4.64%,0,
4771,3211,,,,,12,8,5.60%,0,
4772,3211,,,,,13,8,6.56%,0,
4773,3211,,,,,14,8,7.52%,0,
4774,3211,,,,,15,8,8.48%,0,
4775,3211,,,,,16,8,9.44%,0,
4776,3211,,,,,17,8,10.40%,0,
4777,3211,,,,,18,8,11.36%,0,
4778,3221,,,,,1,7,0%,0,
4779,3221,,,,,2,7,0%,0,
4780,3221,,,,,3,7,0%,0,
4781,3221,,,,,4,7,0.16%,0,
4782,3221,,,,,5,7,0.48%,0,
4783,3221,,,,,6,7,0.80%,0,
4784,3221,,,,,7,7,1.44%,0,
4785,3221,,,,,8,7,2.08%,0,
4786,3221,,,,,9,7,2.72%,0,
4787,3221,,,,,10,7,3.68%,0,
4788,3221,,,,,11,7,4.64%,0,
4789,3221,,,,,12,7,5.60%,0,
4790,3221,,,,,13,7,6.56%,0,
4791,3221,,,,,14,7,7.52%,0,
4792,3221,,,,,15,7,8.48%,0,
4793,3221,,,,,16,7,9.44%,0,
4794,3221,,,,,17,7,10.40%,0,
4795,3221,,,,,18,7,11.36%,0,
4796,3231,,,,,1,7,0%,0,
4797,3231,,,,,2,7,0%,0,
4798,3231,,,,,3,7,0.10%,0,
4799,3231,,,,,4,7,0.25%,0,
4800,3231,,,,,5,7,0.40%,0,
4801,3231,,,,,6,7,0.70%,0,
4802,3231,,,,,7,7,1%,0,
4803,3231,,,,,8,7,1.30%,0,
4804,3231,,,,,9,7,1.75%,0,
4805,3231,,,,,10,7,2.20%,0,
4806,3231,,,,,11,7,2.65%,0,
4807,3231,,,,,12,7,3.25%,0,
4808,3231,,,,,13,7,3.85%,0,
4809,3231,,,,,14,7,4.45%,0,
4810,3231,,,,,15,7,5.05%,0,
4811,3231,,,,,16,7,5.65%,0,
4812,3231,,,,,17,7,6.25%,0,
4813,3231,,,,,18,7,6.85%,0,
4814,3241,,,,,1,1,0%,0,
4815,3241,,,,,2,1,0%,0,
4816,3241,,,,,3,1,0%,0,
4817,3241,,,,,4,1,0.11%,0,
4818,3241,,,,,5,1,0.34%,0,
4819,3241,,,,,6,1,0.56%,0,
4820,3241,,,,,7,1,1.01%,0,
4821,3241,,,,,8,1,1.46%,0,
4822,3241,,,,,9,1,1.90%,0,
4823,3241,,,,,10,1,2.58%,0,
4824,3241,,,,,11,1,3.25%,0,
4825,3241,,,,,12,1,3.92%,0,
4826,3241,,,,,13,1,4.59%,0,
4827,3241,,,,,14,1,5.26%,0,
4828,3241,,,,,15,1,5.93%,0,
4829,3241,,,,,16,1,6.60%,0,
4830,3241,,,,,17,1,7.27%,0,
4831,3241,,,,,18,1,7.94%,0,
4832,3251,,,,,1,13,0%,0,
4833,3251,,,,,2,13,0%,0,
4834,3251,,,,,3,13,0.10%,0,
4835,3251,,,,,4,13,0.25%,0,
4836,3251,,,,,5,13,0.40%,0,
4837,3251,,,,,6,13,0.70%,0,
4838,3251,,,,,7,13,1%,0,
4839,3251,,,,,8,13,1.30%,0,
4840,3251,,,,,9,13,1.75%,0,
4841,3251,,,,,10,13,2.20%,0,
4842,3251,,,,,11,13,2.65%,0,
4843,3251,,,,,12,13,3.25%,0,
4844,3251,,,,,13,13,3.85%,0,
4845,3251,,,,,14,13,4.45%,0,
4846,3251,,,,,15,13,5.05%,0,
4847,3251,,,,,16,13,5.65%,0,
4848,3251,,,,,17,13,6.25%,0,
4849,3251,,,,,18,13,6.85%,0,
4850,3261,,,,,1,10,0%,0,
4851,3261,,,,,2,10,0%,0,
4852,3261,,,,,3,10,0%,0,
4853,3261,,,,,4,10,0.16%,0,
4854,3261,,,,,5,10,0.48%,0,
4855,3261,,,,,6,10,0.80%,0,
4856,3261,,,,,7,10,1.44%,0,
4857,3261,,,,,8,10,2.08%,0,
4858,3261,,,,,9,10,2.72%,0,
4859,3261,,,,,10,10,3.68%,0,
4860,3261,,,,,11,10,4.64%,0,
4861,3261,,,,,12,10,5.60%,0,
4862,3261,,,,,13,10,6.56%,0,
4863,3261,,,,,14,10,7.52%,0,
4864,3261,,,,,15,10,8.48%,0,
4865,3261,,,,,16,10,9.44%,0,
4866,3261,,,,,17,10,10.40%,0,
4867,3261,,,,,18,10,11.36%,0,
4868,3271,,,,,1,7,0%,0,
4869,3271,,,,,2,7,0%,0,
4870,3271,,,,,3,7,0%,0,
4871,3271,,,,,4,7,0.16%,0,
4872,3271,,,,,5,7,0.48%,0,
4873,3271,,,,,6,7,0.80%,0,
4874,3271,,,,,7,7,1.44%,0,
4875,3271,,,,,8,7,2.08%,0,
4876,3271,,,,,9,7,2.72%,0,
4877,3271,,,,,10,7,3.68%,0,
4878,3271,,,,,11,7,4.64%,0,
4879,3271,,,,,12,7,5.60%,0,
4880,3271,,,,,13,7,6.56%,0,
4881,3271,,,,,14,7,7.52%,0,
4882,3271,,,,,15,7,8.48%,0,
4883,3271,,,,,16,7,9.44%,0,
4884,3271,,,,,17,7,10.40%,0,
4885,3271,,,,,18,7,11.36%,0,
4886,3281,,,,,1,1,0%,0,
4887,3281,,,,,2,1,0.06%,0,
4888,3281,,,,,3,1,0.11%,0,
4889,3281,,,,,4,1,0.17%,0,
4890,3281,,,,,5,1,0.28%,0,
4891,3281,,,,,6,1,0.39%,0,
4892,3281,,,,,7,1,0.56%,0,
4893,3281,,,,,8,1,0.73%,0,
4894,3281,,,,,9,1,0.95%,0,
4895,3281,,,,,10,1,1.18%,0,
4896,3281,,,,,11,1,1.40%,0,
4897,3281,,,,,12,1,1.68%,0,
4898,3281,,,,,13,1,2.00%,0,
4899,3281,,,,,14,1,2.40%,0,
4900,3281,,,,,15,1,2.80%,0,
4901,3281,,,,,16,1,3.20%,0,
4902,3281,,,,,17,1,3.80%,0,
4903,3281,,,,,18,1,4.20%,0,
4904,3291,,,,,1,8,0%,0,
4905,3291,,,,,2,8,0.08%,0,
4906,3291,,,,,3,8,0.16%,0,
4907,3291,,,,,4,8,0.24%,0,
4908,3291,,,,,5,8,0.40%,0,
4909,3291,,,,,6,8,0.56%,0,
4910,3291,,,,,7,8,0.80%,0,
4911,3291,,,,,8,8,1.04%,0,
4912,3291,,,,,9,8,1.36%,0,
4913,3291,,,,,10,8,1.68%,0,
4914,3291,,,,,11,8,2%,0,
4915,3291,,,,,12,8,2.40%,0,
4916,3291,,,,,13,8,2.80%,0,
4917,3291,,,,,14,8,3.20%,0,
4918,3291,,,,,15,8,3.60%,0,
4919,3291,,,,,16,8,4.00%,0,
4920,3291,,,,,17,8,4.50%,0,
4921,3291,,,,,18,8,5.00%,0,
4922,3301,,,,,1,10,0%,0,
4923,3301,,,,,2,10,0%,0,
4924,3301,,,,,3,10,0.10%,0,
4925,3301,,,,,4,10,0.25%,0,
4926,3301,,,,,5,10,0.40%,0,
4927,3301,,,,,6,10,0.70%,0,
4928,3301,,,,,7,10,1%,0,
4929,3301,,,,,8,10,1.30%,0,
4930,3301,,,,,9,10,1.75%,0,
4931,3301,,,,,10,10,2.20%,0,
4932,3301,,,,,11,10,2.65%,0,
4933,3301,,,,,12,10,3.25%,0,
4934,3301,,,,,13,10,3.70%,0,
4935,3301,,,,,14,10,4.20%,0,
4936,3301,,,,,15,10,4.69%,0,
4937,3301,,,,,16,10,5.19%,0,
4938,3301,,,,,17,10,5.68%,0,
4939,3301,,,,,18,10,6.18%,0,
4940,3311,,,,,1,0,0%,0,
4941,3311,,,,,2,0,0%,0,
4942,3311,,,,,3,0,0%,0,
4943,3311,,,,,4,0,0%,0,
4944,3311,,,,,5,0,0%,0,
4945,3311,,,,,6,0,0%,0,
4946,3311,,,,,7,0,0%,0,
4947,3311,,,,,8,0,0%,0,
4948,3311,,,,,9,0,0%,0,
4949,3311,,,,,10,0,0%,0,
4950,3311,,,,,11,0,0%,0,
4951,3311,,,,,12,0,0%,0,
4952,3321,,,,,1,0,0%,0,
4953,3321,,,,,2,0,0%,0,
4954,3321,,,,,3,0,0%,0,
4955,3321,,,,,4,0,0%,0,
4956,3321,,,,,5,0,0%,0,
4957,3321,,,,,6,0,0%,0,
4958,3321,,,,,7,0,0%,0,
4959,3321,,,,,8,0,0%,0,
4960,3321,,,,,9,0,0%,0,
4961,3321,,,,,10,0,0%,0,
4962,3321,,,,,11,0,0%,0,
4963,3321,,,,,12,0,0%,0,
4964,3331,,,,,1,0,0%,0,
4965,3331,,,,,2,0,0%,0,
4966,3331,,,,,3,0,0%,0,
4967,3331,,,,,4,0,0%,0,
4968,3331,,,,,5,0,0%,0,
4969,3331,,,,,6,0,0%,0,
4970,3331,,,,,7,0,0%,0,
4971,3331,,,,,8,0,0%,0,
4972,3331,,,,,9,0,0%,0,
4973,3331,,,,,10,0,0%,0,
4974,3331,,,,,11,0,0%,0,
4975,3331,,,,,12,0,0%,0,
4976,3341,,,,,1,10,0%,0,
4977,3341,,,,,2,10,0.08%,0,
4978,3341,,,,,3,10,0.16%,0,
4979,3341,,,,,4,10,0.24%,0,
4980,3341,,,,,5,10,0.40%,0,
4981,3341,,,,,6,10,0.56%,0,
4982,3341,,,,,7,10,0.80%,0,
4983,3341,,,,,8,10,1.04%,0,
4984,3341,,,,,9,10,1.36%,0,
4985,3341,,,,,10,10,1.68%,0,
4986,3341,,,,,11,10,2%,0,
4987,3341,,,,,12,10,2.40%,0,
4988,3341,,,,,13,10,2.80%,0,
4989,3341,,,,,14,10,3.20%,0,
4990,3341,,,,,15,10,3.60%,0,
4991,3341,,,,,16,10,4.00%,0,
4992,3341,,,,,17,10,4.50%,0,
4993,3341,,,,,18,10,5.00%,0,
4994,3351,,,,,1,1,0%,0,
4995,3351,,,,,2,1,0%,0,
4996,3351,,,,,3,1,0.07%,0,
4997,3351,,,,,4,1,0.18%,0,
4998,3351,,,,,5,1,0.28%,0,
4999,3351,,,,,6,1,0.49%,0,
5000,3351,,,,,7,1,0.70%,0,
5001,3351,,,,,8,1,0.91%,0,
5002,3351,,,,,9,1,1.23%,0,
5003,3351,,,,,10,1,1.54%,0,
5004,3351,,,,,11,1,1.86%,0,
5005,3351,,,,,12,1,2.28%,0,
5006,3351,,,,,13,1,2.70%,0,
5007,3351,,,,,14,1,3.12%,0,
5008,3351,,,,,15,1,3.54%,0,
5009,3351,,,,,16,1,3.96%,0,
5010,3351,,,,,17,1,4.38%,0,
5011,3351,,,,,18,1,4.80%,0,
5012,3361,,,,,1,0,0%,0,
5013,3361,,,,,2,0,0%,0,
5014,3361,,,,,3,0,0%,0,
5015,3361,,,,,4,0,0%,0,
5016,3361,,,,,5,0,0%,0,
5017,3361,,,,,6,0,0%,0,
5018,3361,,,,,7,0,0%,0,
5019,3361,,,,,8,0,0%,0,
5020,3361,,,,,9,0,0%,0,
5021,3361,,,,,10,0,0%,0,
5022,3361,,,,,11,0,0%,0,
5023,3361,,,,,12,0,0%,0,
5024,3371,,,,,1,0,0%,0,
5025,3371,,,,,2,0,0%,0,
5026,3371,,,,,3,0,0%,0,
5027,3371,,,,,4,0,0%,0,
5028,3371,,,,,5,0,0%,0,
5029,3371,,,,,6,0,0%,0,
5030,3371,,,,,7,0,0%,0,
5031,3371,,,,,8,0,0%,0,
5032,3371,,,,,9,0,0%,0,
5033,3371,,,,,10,0,0%,0,
5034,3371,,,,,11,0,0%,0,
5035,3371,,,,,12,0,0%,0,
5036,3381,,,,,1,0,0%,0,
5037,3381,,,,,2,0,0%,0,
5038,3381,,,,,3,0,0%,0,
5039,3381,,,,,4,0,0%,0,
5040,3381,,,,,5,0,0%,0,
5041,3381,,,,,6,0,0%,0,
5042,3381,,,,,7,0,0%,0,
5043,3381,,,,,8,0,0%,0,
5044,3381,,,,,9,0,0%,0,
5045,3381,,,,,10,0,0%,0,
5046,3381,,,,,11,0,0%,0,
5047,3381,,,,,12,0,0%,0,
5048,3391,,,,,1,0,0%,0,
5049,3391,,,,,2,0,0%,0,
5050,3391,,,,,3,0,0%,0,
5051,3391,,,,,4,0,0%,0,
5052,3391,,,,,5,0,0%,0,
5053,3391,,,,,6,0,0%,0,
5054,3391,,,,,7,0,0%,0,
5055,3391,,,,,8,0,0%,0,
5056,3391,,,,,9,0,0%,0,
5057,3391,,,,,10,0,0%,0,
5058,3391,,,,,11,0,0%,0,
5059,3391,,,,,12,0,0%,0,
5060,3401,,,,,1,0,0%,0,
5061,3401,,,,,2,0,0%,0,
5062,3401,,,,,3,0,0%,0,
5063,3401,,,,,4,0,0%,0,
5064,3401,,,,,5,0,0%,0,
5065,3401,,,,,6,0,0%,0,
5066,3401,,,,,7,0,0%,0,
5067,3401,,,,,8,0,0%,0,
5068,3401,,,,,9,0,0%,0,
5069,3401,,,,,10,0,0%,0,
5070,3401,,,,,11,0,0%,0,
5071,3401,,,,,12,0,0%,0,
5072,3411,,,,,1,9,0%,0,
5073,3411,,,,,2,9,0%,0,
5074,3411,,,,,3,9,0.10%,0,
5075,3411,,,,,4,9,0.25%,0,
5076,3411,,,,,5,9,0.40%,0,
5077,3411,,,,,6,9,0.70%,0,
5078,3411,,,,,7,9,1%,0,
5079,3411,,,,,8,9,1.30%,0,
5080,3411,,,,,9,9,1.75%,0,
5081,3411,,,,,10,9,2.20%,0,
5082,3411,,,,,11,9,2.65%,0,
5083,3411,,,,,12,9,3.25%,0,
5084,3411,,,,,13,9,3.85%,0,
5085,3411,,,,,14,9,4.45%,0,
5086,3411,,,,,15,9,5.05%,0,
5087,3411,,,,,16,9,5.65%,0,
5088,3411,,,,,17,9,6.25%,0,
5089,3411,,,,,18,9,6.85%,0,
5090,3421,,,,,1,0,0%,0,
5091,3421,,,,,2,0,0%,0,
5092,3421,,,,,3,0,0%,0,
5093,3421,,,,,4,0,0%,0,
5094,3421,,,,,5,0,0%,0,
5095,3421,,,,,6,0,0%,0,
5096,3421,,,,,7,0,0%,0,
5097,3421,,,,,8,0,0%,0,
5098,3421,,,,,9,0,0%,0,
5099,3421,,,,,10,0,0%,0,
5100,3421,,,,,11,0,0%,0,
5101,3421,,,,,12,0,0%,0,
5102,3431,,,,,1,10,0%,0,
5103,3431,,,,,2,10,0.08%,0,
5104,3431,,,,,3,10,0.16%,0,
5105,3431,,,,,4,10,0.24%,0,
5106,3431,,,,,5,10,0.40%,0,
5107,3431,,,,,6,10,0.56%,0,
5108,3431,,,,,7,10,0.80%,0,
5109,3431,,,,,8,10,1.04%,0,
5110,3431,,,,,9,10,1.36%,0,
5111,3431,,,,,10,10,1.68%,0,
5112,3431,,,,,11,10,2%,0,
5113,3431,,,,,12,10,2.40%,0,
5114,3431,,,,,13,10,2.80%,0,
5115,3431,,,,,14,10,3.20%,0,
5116,3431,,,,,15,10,3.60%,0,
5117,3431,,,,,16,10,4.00%,0,
5118,3431,,,,,17,10,4.50%,0,
5119,3431,,,,,18,10,5.00%,0,
5120,3441,,,,,1,0,0%,0,
5121,3441,,,,,2,0,0%,0,
5122,3441,,,,,3,0,0%,0,
5123,3441,,,,,4,0,0%,0,
5124,3441,,,,,5,0,0%,0,
5125,3441,,,,,6,0,0%,0,
5126,3441,,,,,7,0,0%,0,
5127,3441,,,,,8,0,0%,0,
5128,3441,,,,,9,0,0%,0,
5129,3441,,,,,10,0,0%,0,
5130,3441,,,,,11,0,0%,0,
5131,3441,,,,,12,0,0%,0,
5132,3451,,,,,1,0,0%,0,
5133,3451,,,,,2,0,0%,0,
5134,3451,,,,,3,0,0%,0,
5135,3451,,,,,4,0,0%,0,
5136,3451,,,,,5,0,0%,0,
5137,3451,,,,,6,0,0%,0,
5138,3451,,,,,7,0,0%,0,
5139,3451,,,,,8,0,0%,0,
5140,3451,,,,,9,0,0%,0,
5141,3451,,,,,10,0,0%,0,
5142,3451,,,,,11,0,0%,0,
5143,3451,,,,,12,0,0%,0,
5144,3461,,,,,1,0,0%,0,
5145,3461,,,,,2,0,0%,0,
5146,3461,,,,,3,0,0%,0,
5147,3461,,,,,4,0,0%,0,
5148,3461,,,,,5,0,0%,0,
5149,3461,,,,,6,0,0%,0,
5150,3461,,,,,7,0,0%,0,
5151,3461,,,,,8,0,0%,0,
5152,3461,,,,,9,0,0%,0,
5153,3461,,,,,10,0,0%,0,
5154,3461,,,,,11,0,0%,0,
5155,3461,,,,,12,0,0%,0,
5156,3471,,,,,1,8,0%,0,
5157,3471,,,,,2,8,0.08%,0,
5158,3471,,,,,3,8,0.16%,0,
5159,3471,,,,,4,8,0.24%,0,
5160,3471,,,,,5,8,0.40%,0,
5161,3471,,,,,6,8,0.56%,0,
5162,3471,,,,,7,8,0.80%,0,
5163,3471,,,,,8,8,1.04%,0,
5164,3471,,,,,9,8,1.36%,0,
5165,3471,,,,,10,8,1.68%,0,
5166,3471,,,,,11,8,2%,0,
5167,3471,,,,,12,8,2.40%,0,
5168,3471,,,,,13,8,2.80%,0,
5169,3471,,,,,14,8,3.20%,0,
5170,3471,,,,,15,8,3.60%,0,
5171,3471,,,,,16,8,4.00%,0,
5172,3471,,,,,17,8,4.50%,0,
5173,3471,,,,,18,8,5.00%,0,
5174,3481,,,,,1,0,0%,0,
5175,3481,,,,,2,0,0%,0,
5176,3481,,,,,3,0,0%,0,
5177,3481,,,,,4,0,0%,0,
5178,3481,,,,,5,0,0%,0,
5179,3481,,,,,6,0,0%,0,
5180,3481,,,,,7,0,0%,0,
5181,3481,,,,,8,0,0%,0,
5182,3481,,,,,9,0,0%,0,
5183,3481,,,,,10,0,0%,0,
5184,3481,,,,,11,0,0%,0,
5185,3481,,,,,12,0,0%,0,
5186,3491,,,,,1,0,0%,0,
5187,3491,,,,,2,0,0%,0,
5188,3491,,,,,3,0,0%,0,
5189,3491,,,,,4,0,0%,0,
5190,3491,,,,,5,0,0%,0,
5191,3491,,,,,6,0,0%,0,
5192,3491,,,,,7,0,0%,0,
5193,3491,,,,,8,0,0%,0,
5194,3491,,,,,9,0,0%,0,
5195,3491,,,,,10,0,0%,0,
5196,3491,,,,,11,0,0%,0,
5197,3491,,,,,12,0,0%,0,
5198,3501,,,,,1,10,0%,0,
5199,3501,,,,,2,10,0.08%,0,
5200,3501,,,,,3,10,0.16%,0,
5201,3501,,,,,4,10,0.24%,0,
5202,3501,,,,,5,10,0.40%,0,
5203,3501,,,,,6,10,0.56%,0,
5204,3501,,,,,7,10,0.80%,0,
5205,3501,,,,,8,10,1.04%,0,
5206,3501,,,,,9,10,1.36%,0,
5207,3501,,,,,10,10,1.68%,0,
5208,3501,,,,,11,10,2%,0,
5209,3501,,,,,12,10,2.40%,0,
5210,3501,,,,,13,10,2.80%,0,
5211,3501,,,,,14,10,3.20%,0,
5212,3501,,,,,15,10,3.60%,0,
5213,3501,,,,,16,10,4.00%,0,
5214,3501,,,,,17,10,4.50%,0,
5215,3501,,,,,18,10,5.00%,0,
5216,3511,,,,,1,7,0%,0,
5217,3511,,,,,2,7,0.08%,0,
5218,3511,,,,,3,7,0.16%,0,
5219,3511,,,,,4,7,0.24%,0,
5220,3511,,,,,5,7,0.40%,0,
5221,3511,,,,,6,7,0.56%,0,
5222,3511,,,,,7,7,0.80%,0,
5223,3511,,,,,8,7,1.04%,0,
5224,3511,,,,,9,7,1.36%,0,
5225,3511,,,,,10,7,1.68%,0,
5226,3511,,,,,11,7,2%,0,
5227,3511,,,,,12,7,2.40%,0,
5228,3511,,,,,13,7,2.80%,0,
5229,3511,,,,,14,7,3.20%,0,
5230,3511,,,,,15,7,3.60%,0,
5231,3511,,,,,16,7,4.00%,0,
5232,3511,,,,,17,7,4.50%,0,
5233,3511,,,,,18,7,5.00%,0,
5234,3521,,,,,1,0,0%,0,
5235,3521,,,,,2,0,0%,0,
5236,3521,,,,,3,0,0%,0,
5237,3521,,,,,4,0,0%,0,
5238,3521,,,,,5,0,0%,0,
5239,3521,,,,,6,0,0%,0,
5240,3521,,,,,7,0,0%,0,
5241,3521,,,,,8,0,0%,0,
5242,3521,,,,,9,0,0%,0,
5243,3521,,,,,10,0,0%,0,
5244,3521,,,,,11,0,0%,0,
5245,3521,,,,,12,0,0%,0,
5246,3531,,,,,1,0,0%,0,
5247,3531,,,,,2,0,0%,0,
5248,3531,,,,,3,0,0%,0,
5249,3531,,,,,4,0,0%,0,
5250,3531,,,,,5,0,0%,0,
5251,3531,,,,,6,0,0%,0,
5252,3531,,,,,7,0,0%,0,
5253,3531,,,,,8,0,0%,0,
5254,3531,,,,,9,0,0%,0,
5255,3531,,,,,10,0,0%,0,
5256,3531,,,,,11,0,0%,0,
5257,3531,,,,,12,0,0%,0,
5258,3541,,,,,1,9,0%,0,
5259,3541,,,,,2,9,0%,0,
5260,3541,,,,,3,9,0.10%,0,
5261,3541,,,,,4,9,0.25%,0,
5262,3541,,,,,5,9,0.40%,0,
5263,3541,,,,,6,9,0.70%,0,
5264,3541,,,,,7,9,1%,0,
5265,3541,,,,,8,9,1.30%,0,
5266,3541,,,,,9,9,1.75%,0,
5267,3541,,,,,10,9,2.20%,0,
5268,3541,,,,,11,9,2.65%,0,
5269,3541,,,,,12,9,3.25%,0,
5270,3541,,,,,13,9,3.85%,0,
5271,3541,,,,,14,9,4.45%,0,
5272,3541,,,,,15,9,5.05%,0,
5273,3541,,,,,16,9,5.65%,0,
5274,3541,,,,,17,9,6.25%,0,
5275,3541,,,,,18,9,6.85%,0,
5276,3551,,,,,1,0,0%,0,
5277,3551,,,,,2,0,0%,0,
5278,3551,,,,,3,0,0%,0,
5279,3551,,,,,4,0,0%,0,
5280,3551,,,,,5,0,0%,0,
5281,3551,,,,,6,0,0%,0,
5282,3551,,,,,7,0,0%,0,
5283,3551,,,,,8,0,0%,0,
5284,3551,,,,,9,0,0%,0,
5285,3551,,,,,10,0,0%,0,
5286,3551,,,,,11,0,0%,0,
5287,3551,,,,,12,0,0%,0,
5288,3561,,,,,1,10,0%,0,
5289,3561,,,,,2,10,0.04%,0,
5290,3561,,,,,3,10,0.06%,0,
5291,3561,,,,,4,10,0.08%,0,
5292,3561,,,,,5,10,0.12%,0,
5293,3561,,,,,6,10,0.18%,0,
5294,3561,,,,,7,10,0.24%,0,
5295,3561,,,,,8,10,0.32%,0,
5296,3561,,,,,9,10,0.40%,0,
5297,3561,,,,,10,10,0.50%,0,
5298,3561,,,,,11,10,0.60%,0,
5299,3561,,,,,12,10,0.72%,0,
5300,3561,,,,,13,10,0.80%,0,
5301,3561,,,,,14,10,0.90%,0,
5302,3561,,,,,15,10,1.00%,0,
5303,3561,,,,,16,10,1.10%,0,
5304,3561,,,,,17,10,1.30%,0,
5305,3561,,,,,18,10,1.60%,0,
5306,3571,,,,,1,0,0%,0,
5307,3571,,,,,2,0,0%,0,
5308,3571,,,,,3,0,0%,0,
5309,3571,,,,,4,0,0%,0,
5310,3571,,,,,5,0,0%,0,
5311,3571,,,,,6,0,0%,0,
5312,3571,,,,,7,0,0%,0,
5313,3571,,,,,8,0,0%,0,
5314,3571,,,,,9,0,0%,0,
5315,3571,,,,,10,0,0%,0,
5316,3571,,,,,11,0,0%,0,
5317,3571,,,,,12,0,0%,0,
5318,3581,,,,,1,0,0%,0,
5319,3581,,,,,2,0,0%,0,
5320,3581,,,,,3,0,0%,0,
5321,3581,,,,,4,0,0%,0,
5322,3581,,,,,5,0,0%,0,
5323,3581,,,,,6,0,0%,0,
5324,3581,,,,,7,0,0%,0,
5325,3581,,,,,8,0,0%,0,
5326,3581,,,,,9,0,0%,0,
5327,3581,,,,,10,0,0%,0,
5328,3581,,,,,11,0,0%,0,
5329,3581,,,,,12,0,0%,0,
5330,3591,,,,,1,13,0%,0,
5331,3591,,,,,2,13,0%,0,
5332,3591,,,,,3,13,0.10%,0,
5333,3591,,,,,4,13,0.25%,0,
5334,3591,,,,,5,13,0.40%,0,
5335,3591,,,,,6,13,0.70%,0,
5336,3591,,,,,7,13,1%,0,
5337,3591,,,,,8,13,1.30%,0,
5338,3591,,,,,9,13,1.75%,0,
5339,3591,,,,,10,13,2.20%,0,
5340,3591,,,,,11,13,2.65%,0,
5341,3591,,,,,12,13,3.25%,0,
5342,3591,,,,,13,13,3.85%,0,
5343,3591,,,,,14,13,4.45%,0,
5344,3591,,,,,15,13,5.05%,0,
5345,3591,,,,,16,13,5.65%,0,
5346,3591,,,,,17,13,6.25%,0,
5347,3591,,,,,18,13,6.85%,0,
5348,3601,,,,,1,1,0%,0,
5349,3601,,,,,2,1,0%,0,
5350,3601,,,,,3,1,0%,0,
5351,3601,,,,,4,1,0.11%,0,
5352,3601,,,,,5,1,0.34%,0,
5353,3601,,,,,6,1,0.56%,0,
5354,3601,,,,,7,1,1.01%,0,
5355,3601,,,,,8,1,1.46%,0,
5356,3601,,,,,9,1,1.90%,0,
5357,3601,,,,,10,1,2.58%,0,
5358,3601,,,,,11,1,3.25%,0,
5359,3601,,,,,12,1,3.92%,0,
5360,3601,,,,,13,1,4.59%,0,
5361,3601,,,,,14,1,5.26%,0,
5362,3601,,,,,15,1,5.93%,0,
5363,3601,,,,,16,1,6.60%,0,
5364,3601,,,,,17,1,7.27%,0,
5365,3601,,,,,18,1,7.94%,0,
5366,3611,,,,,1,8,0%,0,
5367,3611,,,,,2,8,0%,0,
5368,3611,,,,,3,8,0%,0,
5369,3611,,,,,4,8,0.16%,0,
5370,3611,,,,,5,8,0.48%,0,
5371,3611,,,,,6,8,0.80%,0,
5372,3611,,,,,7,8,1.44%,0,
5373,3611,,,,,8,8,2.08%,0,
5374,3611,,,,,9,8,2.72%,0,
5375,3611,,,,,10,8,3.68%,0,
5376,3611,,,,,11,8,4.64%,0,
5377,3611,,,,,12,8,5.60%,0,
5378,3611,,,,,13,8,6.56%,0,
5379,3611,,,,,14,8,7.52%,0,
5380,3611,,,,,15,8,8.48%,0,
5381,3611,,,,,16,8,9.44%,0,
5382,3611,,,,,17,8,10.40%,0,
5383,3611,,,,,18,8,11.36%,0,
5384,3621,,,,,1,1,0%,0,
5385,3621,,,,,2,1,0%,0,
5386,3621,,,,,3,1,0%,0,
5387,3621,,,,,4,1,0.16%,0,
5388,3621,,,,,5,1,0.48%,0,
5389,3621,,,,,6,1,0.80%,0,
5390,3621,,,,,7,1,1.44%,0,
5391,3621,,,,,8,1,2.08%,0,
5392,3621,,,,,9,1,2.72%,0,
5393,3621,,,,,10,1,3.68%,0,
5394,3621,,,,,11,1,4.64%,0,
5395,3621,,,,,12,1,5.60%,0,
5396,3621,,,,,13,1,6.56%,0,
5397,3621,,,,,14,1,7.52%,0,
5398,3621,,,,,15,1,8.48%,0,
5399,3621,,,,,16,1,9.44%,0,
5400,3621,,,,,17,1,10.40%,0,
5401,3621,,,,,18,1,11.36%,0,
5402,3631,,,,,1,1,0%,0,
5403,3631,,,,,2,1,0%,0,
5404,3631,,,,,3,1,0%,0,
5405,3631,,,,,4,1,0.11%,0,
5406,3631,,,,,5,1,0.34%,0,
5407,3631,,,,,6,1,0.56%,0,
5408,3631,,,,,7,1,1.01%,0,
5409,3631,,,,,8,1,1.46%,0,
5410,3631,,,,,9,1,1.90%,0,
5411,3631,,,,,10,1,2.58%,0,
5412,3631,,,,,11,1,3.25%,0,
5413,3631,,,,,12,1,3.92%,0,
5414,3631,,,,,13,1,4.59%,0,
5415,3631,,,,,14,1,5.26%,0,
5416,3631,,,,,15,1,5.93%,0,
5417,3631,,,,,16,1,6.60%,0,
5418,3631,,,,,17,1,7.27%,0,
5419,3631,,,,,18,1,7.94%,0,
5420,3641,,,,,1,1,0%,0,
5421,3641,,,,,2,1,0%,0,
5422,3641,,,,,3,1,0%,0,
5423,3641,,,,,4,1,0.11%,0,
5424,3641,,,,,5,1,0.34%,0,
5425,3641,,,,,6,1,0.56%,0,
5426,3641,,,,,7,1,1.01%,0,
5427,3641,,,,,8,1,1.46%,0,
5428,3641,,,,,9,1,1.90%,0,
5429,3641,,,,,10,1,2.58%,0,
5430,3641,,,,,11,1,3.25%,0,
5431,3641,,,,,12,1,3.92%,0,
5432,3641,,,,,13,1,4.59%,0,
5433,3641,,,,,14,1,5.26%,0,
5434,3641,,,,,15,1,5.93%,0,
5435,3641,,,,,16,1,6.60%,0,
5436,3641,,,,,17,1,7.27%,0,
5437,3641,,,,,18,1,7.94%,0,
5438,3651,,,,,1,7,0%,0,
5439,3651,,,,,2,7,0%,0,
5440,3651,,,,,3,7,0.10%,0,
5441,3651,,,,,4,7,0.25%,0,
5442,3651,,,,,5,7,0.40%,0,
5443,3651,,,,,6,7,0.70%,0,
5444,3651,,,,,7,7,1%,0,
5445,3651,,,,,8,7,1.30%,0,
5446,3651,,,,,9,7,1.75%,0,
5447,3651,,,,,10,7,2.20%,0,
5448,3651,,,,,11,7,2.65%,0,
5449,3651,,,,,12,7,3.25%,0,
5450,3651,,,,,13,7,3.85%,0,
5451,3651,,,,,14,7,4.45%,0,
5452,3651,,,,,15,7,5.05%,0,
5453,3651,,,,,16,7,5.65%,0,
5454,3651,,,,,17,7,6.25%,0,
5455,3651,,,,,18,7,6.85%,0,
5456,3661,,,,,1,7,0%,0,
5457,3661,,,,,2,7,0%,0,
5458,3661,,,,,3,7,0.10%,0,
5459,3661,,,,,4,7,0.25%,0,
5460,3661,,,,,5,7,0.40%,0,
5461,3661,,,,,6,7,0.70%,0,
5462,3661,,,,,7,7,1%,0,
5463,3661,,,,,8,7,1.30%,0,
5464,3661,,,,,9,7,1.75%,0,
5465,3661,,,,,10,7,2.20%,0,
5466,3661,,,,,11,7,2.65%,0,
5467,3661,,,,,12,7,3.25%,0,
5468,3661,,,,,13,7,3.85%,0,
5469,3661,,,,,14,7,4.45%,0,
5470,3661,,,,,15,7,5.05%,0,
5471,3661,,,,,16,7,5.65%,0,
5472,3661,,,,,17,7,6.25%,0,
5473,3661,,,,,18,7,6.85%,0,
5474,3671,,,,,1,8,0%,0,
5475,3671,,,,,2,8,0%,0,
5476,3671,,,,,3,8,0.10%,0,
5477,3671,,,,,4,8,0.25%,0,
5478,3671,,,,,5,8,0.40%,0,
5479,3671,,,,,6,8,0.70%,0,
5480,3671,,,,,7,8,1%,0,
5481,3671,,,,,8,8,1.30%,0,
5482,3671,,,,,9,8,1.75%,0,
5483,3671,,,,,10,8,2.20%,0,
5484,3671,,,,,11,8,2.65%,0,
5485,3671,,,,,12,8,3.25%,0,
5486,3671,,,,,13,8,3.85%,0,
5487,3671,,,,,14,8,4.45%,0,
5488,3671,,,,,15,8,5.05%,0,
5489,3671,,,,,16,8,5.65%,0,
5490,3671,,,,,17,8,6.25%,0,
5491,3671,,,,,18,8,6.85%,0,
5492,3681,,,,,1,8,0%,0,
5493,3681,,,,,2,8,0%,0,
5494,3681,,,,,3,8,0.10%,0,
5495,3681,,,,,4,8,0.25%,0,
5496,3681,,,,,5,8,0.40%,0,
5497,3681,,,,,6,8,0.70%,0,
5498,3681,,,,,7,8,1%,0,
5499,3681,,,,,8,8,1.30%,0,
5500,3681,,,,,9,8,1.75%,0,
5501,3681,,,,,10,8,2.20%,0,
5502,3681,,,,,11,8,2.65%,0,
5503,3681,,,,,12,8,3.25%,0,
5504,3681,,,,,13,8,3.85%,0,
5505,3681,,,,,14,8,4.45%,0,
5506,3681,,,,,15,8,5.05%,0,
5507,3681,,,,,16,8,5.65%,0,
5508,3681,,,,,17,8,6.25%,0,
5509,3681,,,,,18,8,6.85%,0,
5510,3691,,,,,1,0,0%,0,
5511,3691,,,,,2,0,0%,0,
5512,3691,,,,,3,0,0%,0,
5513,3691,,,,,4,0,0%,0,
5514,3691,,,,,5,0,0%,0,
5515,3691,,,,,6,0,0%,0,
5516,3691,,,,,7,0,0%,0,
5517,3691,,,,,8,0,0%,0,
5518,3691,,,,,9,0,0%,0,
5519,3691,,,,,10,0,0%,0,
5520,3691,,,,,11,0,0%,0,
5521,3691,,,,,12,0,0%,0,
5522,3701,,,,,1,0,0%,0,
5523,3701,,,,,2,0,0%,0,
5524,3701,,,,,3,0,0%,0,
5525,3701,,,,,4,0,0%,0,
5526,3701,,,,,5,0,0%,0,
5527,3701,,,,,6,0,0%,0,
5528,3701,,,,,7,0,0%,0,
5529,3701,,,,,8,0,0%,0,
5530,3701,,,,,9,0,0%,0,
5531,3701,,,,,10,0,0%,0,
5532,3701,,,,,11,0,0%,0,
5533,3701,,,,,12,0,0%,0,
5534,3711,,,,,1,0,0%,0,
5535,3711,,,,,2,0,0%,0,
5536,3711,,,,,3,0,0%,0,
5537,3711,,,,,4,0,0%,0,
5538,3711,,,,,5,0,0%,0,
5539,3711,,,,,6,0,0%,0,
5540,3711,,,,,7,0,0%,0,
5541,3711,,,,,8,0,0%,0,
5542,3711,,,,,9,0,0%,0,
5543,3711,,,,,10,0,0%,0,
5544,3711,,,,,11,0,0%,0,
5545,3711,,,,,12,0,0%,0,
5546,3721,,,,,1,0,0%,0,
5547,3721,,,,,2,0,0%,0,
5548,3721,,,,,3,0,0%,0,
5549,3721,,,,,4,0,0%,0,
5550,3721,,,,,5,0,0%,0,
5551,3721,,,,,6,0,0%,0,
5552,3721,,,,,7,0,0%,0,
5553,3721,,,,,8,0,0%,0,
5554,3721,,,,,9,0,0%,0,
5555,3721,,,,,10,0,0%,0,
5556,3721,,,,,11,0,0%,0,
5557,3721,,,,,12,0,0%,0,
5558,3731,,,,,1,0,0%,0,
5559,3731,,,,,2,0,0%,0,
5560,3731,,,,,3,0,0%,0,
5561,3731,,,,,4,0,0%,0,
5562,3731,,,,,5,0,0%,0,
5563,3731,,,,,6,0,0%,0,
5564,3731,,,,,7,0,0%,0,
5565,3731,,,,,8,0,0%,0,
5566,3731,,,,,9,0,0%,0,
5567,3731,,,,,10,0,0%,0,
5568,3731,,,,,11,0,0%,0,
5569,3731,,,,,12,0,0%,0,
5570,3741,,,,,1,0,0%,0,
5571,3741,,,,,2,0,0%,0,
5572,3741,,,,,3,0,0%,0,
5573,3741,,,,,4,0,0%,0,
5574,3741,,,,,5,0,0%,0,
5575,3741,,,,,6,0,0%,0,
5576,3741,,,,,7,0,0%,0,
5577,3741,,,,,8,0,0%,0,
5578,3741,,,,,9,0,0%,0,
5579,3741,,,,,10,0,0%,0,
5580,3741,,,,,11,0,0%,0,
5581,3741,,,,,12,0,0%,0,
5582,3751,,,,,1,0,0%,0,
5583,3751,,,,,2,0,0%,0,
5584,3751,,,,,3,0,0%,0,
5585,3751,,,,,4,0,0%,0,
5586,3751,,,,,5,0,0%,0,
5587,3751,,,,,6,0,0%,0,
5588,3751,,,,,7,0,0%,0,
5589,3751,,,,,8,0,0%,0,
5590,3751,,,,,9,0,0%,0,
5591,3751,,,,,10,0,0%,0,
5592,3751,,,,,11,0,0%,0,
5593,3751,,,,,12,0,0%,0,
5594,3761,,,,,1,0,0%,0,
5595,3761,,,,,2,0,0%,0,
5596,3761,,,,,3,0,0%,0,
5597,3761,,,,,4,0,0%,0,
5598,3761,,,,,5,0,0%,0,
5599,3761,,,,,6,0,0%,0,
5600,3761,,,,,7,0,0%,0,
5601,3761,,,,,8,0,0%,0,
5602,3761,,,,,9,0,0%,0,
5603,3761,,,,,10,0,0%,0,
5604,3761,,,,,11,0,0%,0,
5605,3761,,,,,12,0,0%,0,
5606,3771,,,,,1,9,0%,0,
5607,3771,,,,,2,9,0%,0,
5608,3771,,,,,3,9,0.10%,0,
5609,3771,,,,,4,9,0.25%,0,
5610,3771,,,,,5,9,0.40%,0,
5611,3771,,,,,6,9,0.70%,0,
5612,3771,,,,,7,9,1%,0,
5613,3771,,,,,8,9,1.30%,0,
5614,3771,,,,,9,9,1.75%,0,
5615,3771,,,,,10,9,2.20%,0,
5616,3771,,,,,11,9,2.65%,0,
5617,3771,,,,,12,9,3.25%,0,
5618,3771,,,,,13,9,3.85%,0,
5619,3771,,,,,14,9,4.45%,0,
5620,3771,,,,,15,9,5.05%,0,
5621,3771,,,,,16,9,5.65%,0,
5622,3771,,,,,17,9,6.25%,0,
5623,3771,,,,,18,9,6.85%,0,
5624,3781,,,,,1,0,0%,0,
5625,3781,,,,,2,0,0%,0,
5626,3781,,,,,3,0,0%,0,
5627,3781,,,,,4,0,0%,0,
5628,3781,,,,,5,0,0%,0,
5629,3781,,,,,6,0,0%,0,
5630,3781,,,,,7,0,0%,0,
5631,3781,,,,,8,0,0%,0,
5632,3781,,,,,9,0,0%,0,
5633,3781,,,,,10,0,0%,0,
5634,3781,,,,,11,0,0%,0,
5635,3781,,,,,12,0,0%,0,
5636,3791,,,,,1,0,0%,0,
5637,3791,,,,,2,0,0%,0,
5638,3791,,,,,3,0,0%,0,
5639,3791,,,,,4,0,0%,0,
5640,3791,,,,,5,0,0%,0,
5641,3791,,,,,6,0,0%,0,
5642,3791,,,,,7,0,0%,0,
5643,3791,,,,,8,0,0%,0,
5644,3791,,,,,9,0,0%,0,
5645,3791,,,,,10,0,0%,0,
5646,3791,,,,,11,0,0%,0,
5647,3791,,,,,12,0,0%,0,
5648,3801,,,,,1,0,0%,0,
5649,3801,,,,,2,0,0%,0,
5650,3801,,,,,3,0,0%,0,
5651,3801,,,,,4,0,0%,0,
5652,3801,,,,,5,0,0%,0,
5653,3801,,,,,6,0,0%,0,
5654,3801,,,,,7,0,0%,0,
5655,3801,,,,,8,0,0%,0,
5656,3801,,,,,9,0,0%,0,
5657,3801,,,,,10,0,0%,0,
5658,3801,,,,,11,0,0%,0,
5659,3801,,,,,12,0,0%,0,
5660,3811,,,,,1,0,0%,0,
5661,3811,,,,,2,0,0%,0,
5662,3811,,,,,3,0,0%,0,
5663,3811,,,,,4,0,0%,0,
5664,3811,,,,,5,0,0%,0,
5665,3811,,,,,6,0,0%,0,
5666,3811,,,,,7,0,0%,0,
5667,3811,,,,,8,0,0%,0,
5668,3811,,,,,9,0,0%,0,
5669,3811,,,,,10,0,0%,0,
5670,3811,,,,,11,0,0%,0,
5671,3811,,,,,12,0,0%,0,
5672,3821,,,,,1,0,0%,0,
5673,3821,,,,,2,0,0%,0,
5674,3821,,,,,3,0,0%,0,
5675,3821,,,,,4,0,0%,0,
5676,3821,,,,,5,0,0%,0,
5677,3821,,,,,6,0,0%,0,
5678,3821,,,,,7,0,0%,0,
5679,3821,,,,,8,0,0%,0,
5680,3821,,,,,9,0,0%,0,
5681,3821,,,,,10,0,0%,0,
5682,3821,,,,,11,0,0%,0,
5683,3821,,,,,12,0,0%,0,
5684,3831,,,,,1,0,0%,0,
5685,3831,,,,,2,0,0%,0,
5686,3831,,,,,3,0,0%,0,
5687,3831,,,,,4,0,0%,0,
5688,3831,,,,,5,0,0%,0,
5689,3831,,,,,6,0,0%,0,
5690,3831,,,,,7,0,0%,0,
5691,3831,,,,,8,0,0%,0,
5692,3831,,,,,9,0,0%,0,
5693,3831,,,,,10,0,0%,0,
5694,3831,,,,,11,0,0%,0,
5695,3831,,,,,12,0,0%,0,
5696,3841,,,,,1,7,0%,0,
5697,3841,,,,,2,7,0%,0,
5698,3841,,,,,3,7,0.10%,0,
5699,3841,,,,,4,7,0.25%,0,
5700,3841,,,,,5,7,0.40%,0,
5701,3841,,,,,6,7,0.70%,0,
5702,3841,,,,,7,7,1%,0,
5703,3841,,,,,8,7,1.30%,0,
5704,3841,,,,,9,7,1.75%,0,
5705,3841,,,,,10,7,2.20%,0,
5706,3841,,,,,11,7,2.65%,0,
5707,3841,,,,,12,7,3.25%,0,
5708,3841,,,,,13,7,3.85%,0,
5709,3841,,,,,14,7,4.45%,0,
5710,3841,,,,,15,7,5.05%,0,
5711,3841,,,,,16,7,5.65%,0,
5712,3841,,,,,17,7,6.25%,0,
5713,3841,,,,,18,7,6.85%,0,
5714,3851,,,,,1,0,0%,0,
5715,3851,,,,,2,0,0%,0,
5716,3851,,,,,3,0,0%,0,
5717,3851,,,,,4,0,0%,0,
5718,3851,,,,,5,0,0%,0,
5719,3851,,,,,6,0,0%,0,
5720,3851,,,,,7,0,0%,0,
5721,3851,,,,,8,0,0%,0,
5722,3851,,,,,9,0,0%,0,
5723,3851,,,,,10,0,0%,0,
5724,3851,,,,,11,0,0%,0,
5725,3851,,,,,12,0,0%,0,
5726,3861,,,,,1,0,0%,0,
5727,3861,,,,,2,0,0%,0,
5728,3861,,,,,3,0,0%,0,
5729,3861,,,,,4,0,0%,0,
5730,3861,,,,,5,0,0%,0,
5731,3861,,,,,6,0,0%,0,
5732,3861,,,,,7,0,0%,0,
5733,3861,,,,,8,0,0%,0,
5734,3861,,,,,9,0,0%,0,
5735,3861,,,,,10,0,0%,0,
5736,3861,,,,,11,0,0%,0,
5737,3861,,,,,12,0,0%,0,
5738,3871,,,,,1,0,0%,0,
5739,3871,,,,,2,0,0%,0,
5740,3871,,,,,3,0,0%,0,
5741,3871,,,,,4,0,0%,0,
5742,3871,,,,,5,0,0%,0,
5743,3871,,,,,6,0,0%,0,
5744,3871,,,,,7,0,0%,0,
5745,3871,,,,,8,0,0%,0,
5746,3871,,,,,9,0,0%,0,
5747,3871,,,,,10,0,0%,0,
5748,3871,,,,,11,0,0%,0,
5749,3871,,,,,12,0,0%,0,
5750,3881,,,,,1,0,0%,0,
5751,3881,,,,,2,0,0%,0,
5752,3881,,,,,3,0,0%,0,
5753,3881,,,,,4,0,0%,0,
5754,3881,,,,,5,0,0%,0,
5755,3881,,,,,6,0,0%,0,
5756,3881,,,,,7,0,0%,0,
5757,3881,,,,,8,0,0%,0,
5758,3881,,,,,9,0,0%,0,
5759,3881,,,,,10,0,0%,0,
5760,3881,,,,,11,0,0%,0,
5761,3881,,,,,12,0,0%,0,
5762,3891,,,,,1,0,0%,0,
5763,3891,,,,,2,0,0%,0,
5764,3891,,,,,3,0,0%,0,
5765,3891,,,,,4,0,0%,0,
5766,3891,,,,,5,0,0%,0,
5767,3891,,,,,6,0,0%,0,
5768,3891,,,,,7,0,0%,0,
5769,3891,,,,,8,0,0%,0,
5770,3891,,,,,9,0,0%,0,
5771,3891,,,,,10,0,0%,0,
5772,3891,,,,,11,0,0%,0,
5773,3891,,,,,12,0,0%,0,
5774,3901,,,,,1,0,0%,0,
5775,3901,,,,,2,0,0%,0,
5776,3901,,,,,3,0,0%,0,
5777,3901,,,,,4,0,0%,0,
5778,3901,,,,,5,0,0%,0,
5779,3901,,,,,6,0,0%,0,
5780,3901,,,,,7,0,0%,0,
5781,3901,,,,,8,0,0%,0,
5782,3901,,,,,9,0,0%,0,
5783,3901,,,,,10,0,0%,0,
5784,3901,,,,,11,0,0%,0,
5785,3901,,,,,12,0,0%,0,
5786,3911,,,,,1,0,0%,0,
5787,3911,,,,,2,0,0%,0,
5788,3911,,,,,3,0,0%,0,
5789,3911,,,,,4,0,0%,0,
5790,3911,,,,,5,0,0%,0,
5791,3911,,,,,6,0,0%,0,
5792,3911,,,,,7,0,0%,0,
5793,3911,,,,,8,0,0%,0,
5794,3911,,,,,9,0,0%,0,
5795,3911,,,,,10,0,0%,0,
5796,3911,,,,,11,0,0%,0,
5797,3911,,,,,12,0,0%,0,
5798,3921,,,,,1,0,0%,0,
5799,3921,,,,,2,0,0%,0,
5800,3921,,,,,3,0,0%,0,
5801,3921,,,,,4,0,0%,0,
5802,3921,,,,,5,0,0%,0,
5803,3921,,,,,6,0,0%,0,
5804,3921,,,,,7,0,0%,0,
5805,3921,,,,,8,0,0%,0,
5806,3921,,,,,9,0,0%,0,
5807,3921,,,,,10,0,0%,0,
5808,3921,,,,,11,0,0%,0,
5809,3921,,,,,12,0,0%,0,
5810,3931,,,,,1,0,0%,0,
5811,3931,,,,,2,0,0%,0,
5812,3931,,,,,3,0,0%,0,
5813,3931,,,,,4,0,0%,0,
5814,3931,,,,,5,0,0%,0,
5815,3931,,,,,6,0,0%,0,
5816,3931,,,,,7,0,0%,0,
5817,3931,,,,,8,0,0%,0,
5818,3931,,,,,9,0,0%,0,
5819,3931,,,,,10,0,0%,0,
5820,3931,,,,,11,0,0%,0,
5821,3931,,,,,12,0,0%,0,
5822,3941,,,,,1,0,0%,0,
5823,3941,,,,,2,0,0%,0,
5824,3941,,,,,3,0,0%,0,
5825,3941,,,,,4,0,0%,0,
5826,3941,,,,,5,0,0%,0,
5827,3941,,,,,6,0,0%,0,
5828,3941,,,,,7,0,0%,0,
5829,3941,,,,,8,0,0%,0,
5830,3941,,,,,9,0,0%,0,
5831,3941,,,,,10,0,0%,0,
5832,3941,,,,,11,0,0%,0,
5833,3941,,,,,12,0,0%,0,
5834,3951,,,,,1,0,0%,0,
5835,3951,,,,,2,0,0%,0,
5836,3951,,,,,3,0,0%,0,
5837,3951,,,,,4,0,0%,0,
5838,3951,,,,,5,0,0%,0,
5839,3951,,,,,6,0,0%,0,
5840,3951,,,,,7,0,0%,0,
5841,3951,,,,,8,0,0%,0,
5842,3951,,,,,9,0,0%,0,
5843,3951,,,,,10,0,0%,0,
5844,3951,,,,,11,0,0%,0,
5845,3951,,,,,12,0,0%,0,
5846,3961,,,,,1,7,0%,0,
5847,3961,,,,,2,7,0%,0,
5848,3961,,,,,3,7,0.10%,0,
5849,3961,,,,,4,7,0.25%,0,
5850,3961,,,,,5,7,0.40%,0,
5851,3961,,,,,6,7,0.70%,0,
5852,3961,,,,,7,7,1%,0,
5853,3961,,,,,8,7,1.30%,0,
5854,3961,,,,,9,7,1.75%,0,
5855,3961,,,,,10,7,2.20%,0,
5856,3961,,,,,11,7,2.65%,0,
5857,3961,,,,,12,7,3.25%,0,
5858,3961,,,,,13,7,3.85%,0,
5859,3961,,,,,14,7,4.45%,0,
5860,3961,,,,,15,7,5.05%,0,
5861,3961,,,,,16,7,5.65%,0,
5862,3961,,,,,17,7,6.25%,0,
5863,3961,,,,,18,7,6.85%,0,
5864,3971,,,,,1,0,0%,0,
5865,3971,,,,,2,0,0%,0,
5866,3971,,,,,3,0,0%,0,
5867,3971,,,,,4,0,0%,0,
5868,3971,,,,,5,0,0%,0,
5869,3971,,,,,6,0,0%,0,
5870,3971,,,,,7,0,0%,0,
5871,3971,,,,,8,0,0%,0,
5872,3971,,,,,9,0,0%,0,
5873,3971,,,,,10,0,0%,0,
5874,3971,,,,,11,0,0%,0,
5875,3971,,,,,12,0,0%,0,
5876,3981,,,,,1,0,0%,0,
5877,3981,,,,,2,0,0%,0,
5878,3981,,,,,3,0,0%,0,
5879,3981,,,,,4,0,0%,0,
5880,3981,,,,,5,0,0%,0,
5881,3981,,,,,6,0,0%,0,
5882,3981,,,,,7,0,0%,0,
5883,3981,,,,,8,0,0%,0,
5884,3981,,,,,9,0,0%,0,
5885,3981,,,,,10,0,0%,0,
5886,3981,,,,,11,0,0%,0,
5887,3981,,,,,12,0,0%,0,
5888,3991,,,,,1,0,0%,0,
5889,3991,,,,,2,0,0%,0,
5890,3991,,,,,3,0,0%,0,
5891,3991,,,,,4,0,0%,0,
5892,3991,,,,,5,0,0%,0,
5893,3991,,,,,6,0,0%,0,
5894,3991,,,,,7,0,0%,0,
5895,3991,,,,,8,0,0%,0,
5896,3991,,,,,9,0,0%,0,
5897,3991,,,,,10,0,0%,0,
5898,3991,,,,,11,0,0%,0,
5899,3991,,,,,12,0,0%,0,
5900,4001,,,,,1,0,0%,0,
5901,4001,,,,,2,0,0%,0,
5902,4001,,,,,3,0,0%,0,
5903,4001,,,,,4,0,0%,0,
5904,4001,,,,,5,0,0%,0,
5905,4001,,,,,6,0,0%,0,
5906,4001,,,,,7,0,0%,0,
5907,4001,,,,,8,0,0%,0,
5908,4001,,,,,9,0,0%,0,
5909,4001,,,,,10,0,0%,0,
5910,4001,,,,,11,0,0%,0,
5911,4001,,,,,12,0,0%,0,
5912,4011,,,,,1,0,0%,0,
5913,4011,,,,,2,0,0%,0,
5914,4011,,,,,3,0,0%,0,
5915,4011,,,,,4,0,0%,0,
5916,4011,,,,,5,0,0%,0,
5917,4011,,,,,6,0,0%,0,
5918,4011,,,,,7,0,0%,0,
5919,4011,,,,,8,0,0%,0,
5920,4011,,,,,9,0,0%,0,
5921,4011,,,,,10,0,0%,0,
5922,4011,,,,,11,0,0%,0,
5923,4011,,,,,12,0,0%,0,
5924,4021,,,,,1,7,0%,0,
5925,4021,,,,,2,7,0%,0,
5926,4021,,,,,3,7,0%,0,
5927,4021,,,,,4,7,0.16%,0,
5928,4021,,,,,5,7,0.48%,0,
5929,4021,,,,,6,7,0.80%,0,
5930,4021,,,,,7,7,1.44%,0,
5931,4021,,,,,8,7,2.08%,0,
5932,4021,,,,,9,7,2.72%,0,
5933,4021,,,,,10,7,3.68%,0,
5934,4021,,,,,11,7,4.64%,0,
5935,4021,,,,,12,7,5.60%,0,
5936,4021,,,,,13,7,6.56%,0,
5937,4021,,,,,14,7,7.52%,0,
5938,4021,,,,,15,7,8.48%,0,
5939,4021,,,,,16,7,9.44%,0,
5940,4021,,,,,17,7,10.40%,0,
5941,4021,,,,,18,7,11.36%,0,
5942,4031,,,,,1,7,0%,0,
5943,4031,,,,,2,7,0%,0,
5944,4031,,,,,3,7,0%,0,
5945,4031,,,,,4,7,0.16%,0,
5946,4031,,,,,5,7,0.48%,0,
5947,4031,,,,,6,7,0.80%,0,
5948,4031,,,,,7,7,1.44%,0,
5949,4031,,,,,8,7,2.08%,0,
5950,4031,,,,,9,7,2.72%,0,
5951,4031,,,,,10,7,3.68%,0,
5952,4031,,,,,11,7,4.64%,0,
5953,4031,,,,,12,7,5.60%,0,
5954,4031,,,,,13,7,6.56%,0,
5955,4031,,,,,14,7,7.52%,0,
5956,4031,,,,,15,7,8.48%,0,
5957,4031,,,,,16,7,9.44%,0,
5958,4031,,,,,17,7,10.40%,0,
5959,4031,,,,,18,7,11.36%,0,
5960,4041,,,,,1,0,0%,0,
5961,4041,,,,,2,0,0%,0,
5962,4041,,,,,3,0,0%,0,
5963,4041,,,,,4,0,0%,0,
5964,4041,,,,,5,0,0%,0,
5965,4041,,,,,6,0,0%,0,
5966,4041,,,,,7,0,0%,0,
5967,4041,,,,,8,0,0%,0,
5968,4041,,,,,9,0,0%,0,
5969,4041,,,,,10,0,0%,0,
5970,4041,,,,,11,0,0%,0,
5971,4041,,,,,12,0,0%,0,
5972,4051,,,,,1,13,0%,0,
5973,4051,,,,,2,13,0%,0,
5974,4051,,,,,3,13,0.16%,0,
5975,4051,,,,,4,13,0.16%,0,
5976,4051,,,,,5,13,0.48%,0,
5977,4051,,,,,6,13,0.80%,0,
5978,4051,,,,,7,13,1.44%,0,
5979,4051,,,,,8,13,2.08%,0,
5980,4051,,,,,9,13,2.72%,0,
5981,4051,,,,,10,13,3.68%,0,
5982,4051,,,,,11,13,4.64%,0,
5983,4051,,,,,12,13,5.60%,0,
5984,4051,,,,,13,13,6.56%,0,
5985,4051,,,,,14,13,7.52%,0,
5986,4051,,,,,15,13,8.48%,0,
5987,4051,,,,,16,13,9.44%,0,
5988,4051,,,,,17,13,10.40%,0,
5989,4051,,,,,18,13,11.36%,0,
5990,4061,,,,,1,0,0%,0,
5991,4061,,,,,2,0,0%,0,
5992,4061,,,,,3,0,0%,0,
5993,4061,,,,,4,0,0%,0,
5994,4061,,,,,5,0,0%,0,
5995,4061,,,,,6,0,0%,0,
5996,4061,,,,,7,0,0%,0,
5997,4061,,,,,8,0,0%,0,
5998,4061,,,,,9,0,0%,0,
5999,4061,,,,,10,0,0%,0,
6000,4061,,,,,11,0,0%,0,
6001,4061,,,,,12,0,0%,0,
6002,4071,,,,,1,8,0%,0,
6003,4071,,,,,2,8,0%,0,
6004,4071,,,,,3,8,0.10%,0,
6005,4071,,,,,4,8,0.25%,0,
6006,4071,,,,,5,8,0.40%,0,
6007,4071,,,,,6,8,0.70%,0,
6008,4071,,,,,7,8,1%,0,
6009,4071,,,,,8,8,1.30%,0,
6010,4071,,,,,9,8,1.75%,0,
6011,4071,,,,,10,8,2.20%,0,
6012,4071,,,,,11,8,2.65%,0,
6013,4071,,,,,12,8,3.25%,0,
6014,4071,,,,,13,8,3.85%,0,
6015,4071,,,,,14,8,4.45%,0,
6016,4071,,,,,15,8,5.05%,0,
6017,4071,,,,,16,8,5.65%,0,
6018,4071,,,,,17,8,6.25%,0,
6019,4071,,,,,18,8,6.85%,0,
6020,4081,,,,,1,8,0%,0,
6021,4081,,,,,2,8,0%,0,
6022,4081,,,,,3,8,0.10%,0,
6023,4081,,,,,4,8,0.25%,0,
6024,4081,,,,,5,8,0.40%,0,
6025,4081,,,,,6,8,0.70%,0,
6026,4081,,,,,7,8,1%,0,
6027,4081,,,,,8,8,1.30%,0,
6028,4081,,,,,9,8,1.75%,0,
6029,4081,,,,,10,8,2.20%,0,
6030,4081,,,,,11,8,2.65%,0,
6031,4081,,,,,12,8,3.25%,0,
6032,4081,,,,,13,8,3.85%,0,
6033,4081,,,,,14,8,4.45%,0,
6034,4081,,,,,15,8,5.05%,0,
6035,4081,,,,,16,8,5.65%,0,
6036,4081,,,,,17,8,6.25%,0,
6037,4081,,,,,18,8,6.85%,0,
6038,4091,,,,,1,0,0%,0,
6039,4091,,,,,2,0,0%,0,
6040,4091,,,,,3,0,0%,0,
6041,4091,,,,,4,0,0%,0,
6042,4091,,,,,5,0,0%,0,
6043,4091,,,,,6,0,0%,0,
6044,4091,,,,,7,0,0%,0,
6045,4091,,,,,8,0,0%,0,
6046,4091,,,,,9,0,0%,0,
6047,4091,,,,,10,0,0%,0,
6048,4091,,,,,11,0,0%,0,
6049,4091,,,,,12,0,0%,0,
6050,4101,,,,,1,13,0%,0,
6051,4101,,,,,2,13,0%,0,
6052,4101,,,,,3,13,0%,0,
6053,4101,,,,,4,13,0.16%,0,
6054,4101,,,,,5,13,0.48%,0,
6055,4101,,,,,6,13,0.80%,0,
6056,4101,,,,,7,13,1.44%,0,
6057,4101,,,,,8,13,2.08%,0,
6058,4101,,,,,9,13,2.72%,0,
6059,4101,,,,,10,13,3.68%,0,
6060,4101,,,,,11,13,4.64%,0,
6061,4101,,,,,12,13,5.60%,0,
6062,4101,,,,,13,13,6.56%,0,
6063,4101,,,,,14,13,7.52%,0,
6064,4101,,,,,15,13,8.48%,0,
6065,4101,,,,,16,13,9.44%,0,
6066,4101,,,,,17,13,10.40%,0,
6067,4101,,,,,18,13,11.36%,0,
6068,4111,,,,,1,8,0%,0,
6069,4111,,,,,2,8,0%,0,
6070,4111,,,,,3,8,0%,0,
6071,4111,,,,,4,8,0.16%,0,
6072,4111,,,,,5,8,0.48%,0,
6073,4111,,,,,6,8,0.80%,0,
6074,4111,,,,,7,8,1.44%,0,
6075,4111,,,,,8,8,2.08%,0,
6076,4111,,,,,9,8,2.72%,0,
6077,4111,,,,,10,8,3.68%,0,
6078,4111,,,,,11,8,4.64%,0,
6079,4111,,,,,12,8,5.60%,0,
6080,4111,,,,,13,8,6.56%,0,
6081,4111,,,,,14,8,7.52%,0,
6082,4111,,,,,15,8,8.48%,0,
6083,4111,,,,,16,8,9.44%,0,
6084,4111,,,,,17,8,10.40%,0,
6085,4111,,,,,18,8,11.36%,0,
6086,4121,,,,,1,7,0%,0,
6087,4121,,,,,2,7,0%,0,
6088,4121,,,,,3,7,0.10%,0,
6089,4121,,,,,4,7,0.25%,0,
6090,4121,,,,,5,7,0.40%,0,
6091,4121,,,,,6,7,0.70%,0,
6092,4121,,,,,7,7,1%,0,
6093,4121,,,,,8,7,1.30%,0,
6094,4121,,,,,9,7,1.75%,0,
6095,4121,,,,,10,7,2.20%,0,
6096,4121,,,,,11,7,2.65%,0,
6097,4121,,,,,12,7,3.25%,0,
6098,4121,,,,,13,7,3.85%,0,
6099,4121,,,,,14,7,4.45%,0,
6100,4121,,,,,15,7,5.05%,0,
6101,4121,,,,,16,7,5.65%,0,
6102,4121,,,,,17,7,6.25%,0,
6103,4121,,,,,18,7,6.85%,0,
6104,4131,,,,,1,8,0%,0,
6105,4131,,,,,2,8,0%,0,
6106,4131,,,,,3,8,0.10%,0,
6107,4131,,,,,4,8,0.25%,0,
6108,4131,,,,,5,8,0.40%,0,
6109,4131,,,,,6,8,0.70%,0,
6110,4131,,,,,7,8,1%,0,
6111,4131,,,,,8,8,1.30%,0,
6112,4131,,,,,9,8,1.75%,0,
6113,4131,,,,,10,8,2.20%,0,
6114,4131,,,,,11,8,2.65%,0,
6115,4131,,,,,12,8,3.25%,0,
6116,4131,,,,,13,8,3.85%,0,
6117,4131,,,,,14,8,4.45%,0,
6118,4131,,,,,15,8,5.05%,0,
6119,4131,,,,,16,8,5.65%,0,
6120,4131,,,,,17,8,6.25%,0,
6121,4131,,,,,18,8,6.85%,0,
6122,4132,,,,,1,8,0%,0,
6123,4132,,,,,2,8,0%,0,
6124,4132,,,,,3,8,0.10%,0,
6125,4132,,,,,4,8,0.25%,0,
6126,4132,,,,,5,8,0.40%,0,
6127,4132,,,,,6,8,0.70%,0,
6128,4132,,,,,7,8,1%,0,
6129,4132,,,,,8,8,1.30%,0,
6130,4132,,,,,9,8,1.75%,0,
6131,4132,,,,,10,8,2.20%,0,
6132,4132,,,,,11,8,2.65%,0,
6133,4132,,,,,12,8,3.25%,0,
6134,4132,,,,,13,8,3.85%,0,
6135,4132,,,,,14,8,4.45%,0,
6136,4132,,,,,15,8,5.05%,0,
6137,4132,,,,,16,8,5.65%,0,
6138,4132,,,,,17,8,6.25%,0,
6139,4132,,,,,18,8,6.85%,0,
6140,4141,,,,,1,8,0%,0,
6141,4141,,,,,2,8,0%,0,
6142,4141,,,,,3,8,0.10%,0,
6143,4141,,,,,4,8,0.25%,0,
6144,4141,,,,,5,8,0.40%,0,
6145,4141,,,,,6,8,0.70%,0,
6146,4141,,,,,7,8,1%,0,
6147,4141,,,,,8,8,1.30%,0,
6148,4141,,,,,9,8,1.75%,0,
6149,4141,,,,,10,8,2.20%,0,
6150,4141,,,,,11,8,2.65%,0,
6151,4141,,,,,12,8,3.25%,0,
6152,4141,,,,,13,8,3.85%,0,
6153,4141,,,,,14,8,4.45%,0,
6154,4141,,,,,15,8,5.05%,0,
6155,4141,,,,,16,8,5.65%,0,
6156,4141,,,,,17,8,6.25%,0,
6157,4141,,,,,18,8,6.85%,0,
6158,4151,,,,,1,1,0%,0,
6159,4151,,,,,2,1,0.06%,0,
6160,4151,,,,,3,1,0.06%,0,
6161,4151,,,,,4,1,0.06%,0,
6162,4151,,,,,5,1,0.06%,0,
6163,4151,,,,,6,1,0.06%,0,
6164,4151,,,,,7,1,0.06%,0,
6165,4151,,,,,8,1,0.06%,0,
6166,4151,,,,,9,1,0.06%,0,
6167,4151,,,,,10,1,0.06%,0,
6168,4151,,,,,11,1,0.06%,0,
6169,4151,,,,,12,1,0.06%,0,
6170,4151,,,,,13,1,0.06%,0,
6171,4151,,,,,14,1,0.06%,0,
6172,4151,,,,,15,1,0.06%,0,
6173,4151,,,,,16,1,0.06%,0,
6174,4151,,,,,17,1,0.06%,0,
6175,4151,,,,,18,1,0.06%,0,
6176,9001,,,,,1,1,0%,0,
6177,9001,,,,,2,1,0.06%,0,
6178,9001,,,,,3,1,0.06%,0,
6179,9001,,,,,4,1,0.06%,0,
6180,9001,,,,,5,1,0.06%,0,
6181,9001,,,,,6,1,0.06%,0,
6182,9001,,,,,7,1,0.06%,0,
6183,9001,,,,,8,1,0.06%,0,
6184,9001,,,,,9,1,0.06%,0,
6185,9001,,,,,10,1,0.06%,0,
6186,9001,,,,,11,1,0.06%,0,
6187,9001,,,,,12,1,0.06%,0,
6188,9001,,,,,13,1,0.06%,0,
6189,9001,,,,,14,1,0.06%,0,
6190,9001,,,,,15,1,0.06%,0,
6191,9001,,,,,16,1,0.06%,0,
6192,9001,,,,,17,1,0.06%,0,
6193,9001,,,,,18,1,0.06%,0,
6194,9002,,,,,1,1,0%,0,
6195,9002,,,,,2,1,0.12%,0,
6196,9002,,,,,3,1,0.12%,0,
6197,9002,,,,,4,1,0.12%,0,
6198,9002,,,,,5,1,0.12%,0,
6199,9002,,,,,6,1,0.12%,0,
6200,9002,,,,,7,1,0.12%,0,
6201,9002,,,,,8,1,0.12%,0,
6202,9002,,,,,9,1,0.12%,0,
6203,9002,,,,,10,1,0.12%,0,
6204,9002,,,,,11,1,0.12%,0,
6205,9002,,,,,12,1,0.12%,0,
6206,9002,,,,,13,1,0.12%,0,
6207,9002,,,,,14,1,0.12%,0,
6208,9002,,,,,15,1,0.12%,0,
6209,9002,,,,,16,1,0.12%,0,
6210,9002,,,,,17,1,0.12%,0,
6211,9002,,,,,18,1,0.12%,0,
6212,9003,,,,,1,1,0%,0,
6213,9003,,,,,2,1,0.16%,0,
6214,9003,,,,,3,1,0.16%,0,
6215,9003,,,,,4,1,0.16%,0,
6216,9003,,,,,5,1,0.16%,0,
6217,9003,,,,,6,1,0.16%,0,
6218,9003,,,,,7,1,0.16%,0,
6219,9003,,,,,8,1,0.16%,0,
6220,9003,,,,,9,1,0.16%,0,
6221,9003,,,,,10,1,0.16%,0,
6222,9003,,,,,11,1,0.16%,0,
6223,9003,,,,,12,1,0.16%,0,
6224,9003,,,,,13,1,0.16%,0,
6225,9003,,,,,14,1,0.16%,0,
6226,9003,,,,,15,1,0.16%,0,
6227,9003,,,,,16,1,0.16%,0,
6228,9003,,,,,17,1,0.16%,0,
6229,9003,,,,,18,1,0.16%,0,
6230,7001,,,,,1,8,0%,0,
6231,7001,,,,,2,8,0%,0,
6232,7001,,,,,3,8,0.10%,0,
6233,7001,,,,,4,8,0.25%,0,
6234,7001,,,,,5,8,0.40%,0,
6235,7001,,,,,6,8,0.70%,0,
6236,7001,,,,,7,8,1%,0,
6237,7001,,,,,8,8,1.30%,0,
6238,7001,,,,,9,8,1.75%,0,
6239,7001,,,,,10,8,2.20%,0,
6240,7001,,,,,11,8,2.65%,0,
6241,7001,,,,,12,8,3.25%,0,
6242,7001,,,,,13,8,3.85%,0,
6243,7001,,,,,14,8,4.45%,0,
6244,7001,,,,,15,8,5.05%,0,
6245,7001,,,,,16,8,5.65%,0,
6246,7001,,,,,17,8,6.25%,0,
6247,7001,,,,,18,8,6.85%,0,
6248,4161,,,,,1,13,0%,0,
6249,4161,,,,,2,13,0%,0,
6250,4161,,,,,3,13,0%,0,
6251,4161,,,,,4,13,0.16%,0,
6252,4161,,,,,5,13,0.48%,0,
6253,4161,,,,,6,13,0.80%,0,
6254,4161,,,,,7,13,1.44%,0,
6255,4161,,,,,8,13,2.08%,0,
6256,4161,,,,,9,13,2.72%,0,
6257,4161,,,,,10,13,3.68%,0,
6258,4161,,,,,11,13,4.64%,0,
6259,4161,,,,,12,13,5.60%,0,
6260,4161,,,,,13,13,6.56%,0,
6261,4161,,,,,14,13,7.52%,0,
6262,4161,,,,,15,13,8.48%,0,
6263,4161,,,,,16,13,9.44%,0,
6264,4161,,,,,17,13,10.40%,0,
6265,4161,,,,,18,13,11.36%,0,
6266,4171,,,,,1,9,0%,0,
6267,4171,,,,,2,9,0%,0,
6268,4171,,,,,3,9,0%,0,
6269,4171,,,,,4,9,0.16%,0,
6270,4171,,,,,5,9,0.48%,0,
6271,4171,,,,,6,9,0.80%,0,
6272,4171,,,,,7,9,1.44%,0,
6273,4171,,,,,8,9,2.08%,0,
6274,4171,,,,,9,9,2.72%,0,
6275,4171,,,,,10,9,3.68%,0,
6276,4171,,,,,11,9,4.64%,0,
6277,4171,,,,,12,9,5.60%,0,
6278,4171,,,,,13,9,5.60%,0,
6279,4171,,,,,14,9,5.60%,0,
6280,4171,,,,,15,9,5.60%,0,
6281,4171,,,,,16,9,5.60%,0,
6282,4171,,,,,17,9,5.60%,0,
6283,4171,,,,,18,9,5.60%,0,
6284,4171,,,,,19,9,5.60%,0,
6285,4023,,,,,1,13,0%,0,
6286,4023,,,,,2,13,0%,0,
6287,4023,,,,,3,13,0%,0,
6288,4023,,,,,4,13,0.16%,0,
6289,4023,,,,,5,13,0.48%,0,
6290,4023,,,,,6,13,0.80%,0,
6291,4023,,,,,7,13,1.44%,0,
6292,4023,,,,,8,13,2.08%,0,
6293,4023,,,,,9,13,2.72%,0,
6294,4023,,,,,10,13,3.68%,0,
6295,4023,,,,,11,13,4.64%,0,
6296,4023,,,,,12,13,5.60%,0,
6297,4023,,,,,13,13,6.56%,0,
6298,4023,,,,,14,13,7.52%,0,
6299,4023,,,,,15,13,8.48%,0,
6300,4023,,,,,16,13,9.44%,0,
6301,4023,,,,,17,13,10.40%,0,
6302,4023,,,,,18,13,11.36%,0,
6303,4024,,,,,1,1,0%,0,
6304,4024,,,,,2,1,0%,0,
6305,4024,,,,,3,1,0%,0,
6306,4024,,,,,4,1,0.16%,0,
6307,4024,,,,,5,1,0.48%,0,
6308,4024,,,,,6,1,0.80%,0,
6309,4024,,,,,7,1,1.44%,0,
6310,4024,,,,,8,1,2.08%,0,
6311,4024,,,,,9,1,2.72%,0,
6312,4024,,,,,10,1,3.68%,0,
6313,4024,,,,,11,1,4.64%,0,
6314,4024,,,,,12,1,5.60%,0,
6315,4024,,,,,13,1,6.56%,0,
6316,4024,,,,,14,1,7.52%,0,
6317,4024,,,,,15,1,8.48%,0,
6318,4024,,,,,16,1,9.44%,0,
6319,4024,,,,,17,1,10.40%,0,
6320,4024,,,,,18,1,11.36%,0,
6321,1254,,,,,1,13,0%,0,
6322,1254,,,,,2,13,0%,0,
6323,1254,,,,,3,13,0%,0,
6324,1254,,,,,4,13,0.16%,0,
6325,1254,,,,,5,13,0.48%,0,
6326,1254,,,,,6,13,0.80%,0,
6327,1254,,,,,7,13,1.44%,0,
6328,1254,,,,,8,13,2.08%,0,
6329,1254,,,,,9,13,2.72%,0,
6330,1254,,,,,10,13,3.68%,0,
6331,1254,,,,,11,13,4.64%,0,
6332,1254,,,,,12,13,5.60%,0,
6333,1254,,,,,13,13,6.56%,0,
6334,1254,,,,,14,13,7.52%,0,
6335,1254,,,,,15,13,8.48%,0,
6336,1254,,,,,16,13,9.44%,0,
6337,1254,,,,,17,13,10.40%,0,
6338,1254,,,,,18,13,11.36%,0,
6339,7021,,,,,1,13,0%,0,
6340,7021,,,,,2,13,0%,0,
6341,7021,,,,,3,13,0%,0,
6342,7021,,,,,4,13,0.16%,0,
6343,7021,,,,,5,13,0.48%,0,
6344,7021,,,,,6,13,0.80%,0,
6345,7021,,,,,7,13,1.44%,0,
6346,7021,,,,,8,13,2.08%,0,
6347,7021,,,,,9,13,2.72%,0,
6348,7021,,,,,10,13,3.68%,0,
6349,7021,,,,,11,13,4.64%,0,
6350,7021,,,,,12,13,5.60%,0,
6351,7021,,,,,13,13,6.56%,0,
6352,7021,,,,,14,13,7.52%,0,
6353,7021,,,,,15,13,8.48%,0,
6354,7021,,,,,16,13,9.44%,0,
6355,7021,,,,,17,13,10.40%,0,
6356,7021,,,,,18,13,11.36%,0,
6357,7031,,,,,1,13,0%,0,
6358,7031,,,,,2,13,0%,0,
6359,7031,,,,,3,13,0%,0,
6360,7031,,,,,4,13,0.16%,0,
6361,7031,,,,,5,13,0.48%,0,
6362,7031,,,,,6,13,0.80%,0,
6363,7031,,,,,7,13,1.44%,0,
6364,7031,,,,,8,13,2.08%,0,
6365,7031,,,,,9,13,2.72%,0,
6366,7031,,,,,10,13,3.68%,0,
6367,7031,,,,,11,13,4.64%,0,
6368,7031,,,,,12,13,5.60%,0,
6369,7031,,,,,13,13,6.56%,0,
6370,7031,,,,,14,13,7.52%,0,
6371,7031,,,,,15,13,8.48%,0,
6372,7031,,,,,16,13,9.44%,0,
6373,7031,,,,,17,13,10.40%,0,
6374,7031,,,,,18,13,11.36%,0,
6375,7041,,,,,1,13,0%,0,
6376,7041,,,,,2,13,0%,0,
6377,7041,,,,,3,13,0%,0,
6378,7041,,,,,4,13,0.16%,0,
6379,7041,,,,,5,13,0.48%,0,
6380,7041,,,,,6,13,0.80%,0,
6381,7041,,,,,7,13,1.44%,0,
6382,7041,,,,,8,13,2.08%,0,
6383,7041,,,,,9,13,2.72%,0,
6384,7041,,,,,10,13,3.68%,0,
6385,7041,,,,,11,13,4.64%,0,
6386,7041,,,,,12,13,5.60%,0,
6387,7041,,,,,13,13,6.56%,0,
6388,7041,,,,,14,13,7.52%,0,
6389,7041,,,,,15,13,8.48%,0,
6390,7041,,,,,16,13,9.44%,0,
6391,7041,,,,,17,13,10.40%,0,
6392,7041,,,,,18,13,11.36%,0,
6393,7051,,,,,1,13,0%,0,
6394,7051,,,,,2,13,0%,0,
6395,7051,,,,,3,13,0%,0,
6396,7051,,,,,4,13,0.16%,0,
6397,7051,,,,,5,13,0.48%,0,
6398,7051,,,,,6,13,0.80%,0,
6399,7051,,,,,7,13,1.44%,0,
6400,7051,,,,,8,13,2.08%,0,
6401,7051,,,,,9,13,2.72%,0,
6402,7051,,,,,10,13,3.68%,0,
6403,7051,,,,,11,13,4.64%,0,
6404,7051,,,,,12,13,5.60%,0,
6405,7051,,,,,13,13,6.56%,0,
6406,7051,,,,,14,13,7.52%,0,
6407,7051,,,,,15,13,8.48%,0,
6408,7051,,,,,16,13,9.44%,0,
6409,7051,,,,,17,13,10.40%,0,
6410,7051,,,,,18,13,11.36%,0,
6411,7061,,,,,1,13,0%,0,
6412,7061,,,,,2,13,0%,0,
6413,7061,,,,,3,13,0%,0,
6414,7061,,,,,4,13,0.16%,0,
6415,7061,,,,,5,13,0.48%,0,
6416,7061,,,,,6,13,0.80%,0,
6417,7061,,,,,7,13,1.44%,0,
6418,7061,,,,,8,13,2.08%,0,
6419,7061,,,,,9,13,2.72%,0,
6420,7061,,,,,10,13,3.68%,0,
6421,7061,,,,,11,13,4.64%,0,
6422,7061,,,,,12,13,5.60%,0,
6423,7061,,,,,13,13,6.56%,0,
6424,7061,,,,,14,13,7.52%,0,
6425,7061,,,,,15,13,8.48%,0,
6426,7061,,,,,16,13,9.44%,0,
6427,7061,,,,,17,13,10.40%,0,
6428,7061,,,,,18,13,11.36%,0,
6429,7071,,,,,1,9,0%,0,
6430,7071,,,,,2,9,0%,0,
6431,7071,,,,,3,9,0%,0,
6432,7071,,,,,4,9,0.16%,0,
6433,7071,,,,,5,9,0.48%,0,
6434,7071,,,,,6,9,0.80%,0,
6435,7071,,,,,7,9,1.44%,0,
6436,7071,,,,,8,9,2.08%,0,
6437,7071,,,,,9,9,2.72%,0,
6438,7071,,,,,10,9,3.68%,0,
6439,7071,,,,,11,9,4.64%,0,
6440,7071,,,,,12,9,5.60%,0,
6441,7071,,,,,13,9,6.56%,0,
6442,7071,,,,,14,9,7.52%,0,
6443,7071,,,,,15,9,8.48%,0,
6444,7071,,,,,16,9,9.44%,0,
6445,7071,,,,,17,9,10.40%,0,
6446,7071,,,,,18,9,11.36%,0,
6447,7081,,,,,1,1,0%,0,
6448,7081,,,,,2,1,0%,0,
6449,7081,,,,,3,1,0%,0,
6450,7081,,,,,4,1,0.11%,0,
6451,7081,,,,,5,1,0.34%,0,
6452,7081,,,,,6,1,0.56%,0,
6453,7081,,,,,7,1,1.01%,0,
6454,7081,,,,,8,1,1.46%,0,
6455,7081,,,,,9,1,1.90%,0,
6456,7081,,,,,10,1,2.58%,0,
6457,7081,,,,,11,1,3.25%,0,
6458,7081,,,,,12,1,3.92%,0,
6459,7081,,,,,13,1,4.59%,0,
6460,7081,,,,,14,1,5.26%,0,
6461,7081,,,,,15,1,5.93%,0,
6462,7081,,,,,16,1,6.60%,0,
6463,7081,,,,,17,1,7.27%,0,
6464,7081,,,,,18,1,7.94%,0,
6465,7091,,,,,1,13,0%,0,
6466,7091,,,,,2,13,0%,0,
6467,7091,,,,,3,13,0%,0,
6468,7091,,,,,4,13,0.16%,0,
6469,7091,,,,,5,13,0.48%,0,
6470,7091,,,,,6,13,0.80%,0,
6471,7091,,,,,7,13,1.44%,0,
6472,7091,,,,,8,13,2.08%,0,
6473,7091,,,,,9,13,2.72%,0,
6474,7091,,,,,10,13,3.68%,0,
6475,7091,,,,,11,13,4.64%,0,
6476,7091,,,,,12,13,5.60%,0,
6477,7091,,,,,13,13,6.56%,0,
6478,7091,,,,,14,13,7.52%,0,
6479,7091,,,,,15,13,8.48%,0,
6480,7091,,,,,16,13,9.44%,0,
6481,7091,,,,,17,13,10.40%,0,
6482,7091,,,,,18,13,11.36%,0,
6483,7101,,,,,1,7,0%,0,
6484,7101,,,,,2,7,0%,0,
6485,7101,,,,,3,7,0%,0,
6486,7101,,,,,4,7,0.16%,0,
6487,7101,,,,,5,7,0.48%,0,
6488,7101,,,,,6,7,0.80%,0,
6489,7101,,,,,7,7,1.44%,0,
6490,7101,,,,,8,7,2.08%,0,
6491,7101,,,,,9,7,2.72%,0,
6492,7101,,,,,10,7,3.68%,0,
6493,7101,,,,,11,7,4.64%,0,
6494,7101,,,,,12,7,5.60%,0,
6495,7101,,,,,13,7,6.56%,0,
6496,7101,,,,,14,7,7.52%,0,
6497,7101,,,,,15,7,8.48%,0,
6498,7101,,,,,16,7,9.44%,0,
6499,7101,,,,,17,7,10.40%,0,
6500,7101,,,,,18,7,11.36%,0,
6501,7102,,,,,1,13,0%,0,
6502,7102,,,,,2,13,0%,0,
6503,7102,,,,,3,13,0%,0,
6504,7102,,,,,4,13,0.16%,0,
6505,7102,,,,,5,13,0.48%,0,
6506,7102,,,,,6,13,0.80%,0,
6507,7102,,,,,7,13,1.44%,0,
6508,7102,,,,,8,13,2.08%,0,
6509,7102,,,,,9,13,2.72%,0,
6510,7102,,,,,10,13,3.68%,0,
6511,7102,,,,,11,13,4.64%,0,
6512,7102,,,,,12,13,5.60%,0,
6513,7102,,,,,13,13,6.56%,0,
6514,7102,,,,,14,13,7.52%,0,
6515,7102,,,,,15,13,8.48%,0,
6516,7102,,,,,16,13,9.44%,0,
6517,7102,,,,,17,13,10.40%,0,
6518,7102,,,,,18,13,11.36%,0,
6519,7111,,,,,1,7,0%,0,
6520,7111,,,,,2,7,0%,0,
6521,7111,,,,,3,7,0%,0,
6522,7111,,,,,4,7,0.16%,0,
6523,7111,,,,,5,7,0.48%,0,
6524,7111,,,,,6,7,0.80%,0,
6525,7111,,,,,7,7,1.44%,0,
6526,7111,,,,,8,7,2.08%,0,
6527,7111,,,,,9,7,2.72%,0,
6528,7111,,,,,10,7,3.68%,0,
6529,7111,,,,,11,7,4.64%,0,
6530,7111,,,,,12,7,5.60%,0,
6531,7111,,,,,13,7,6.56%,0,
6532,7111,,,,,14,7,7.52%,0,
6533,7111,,,,,15,7,8.48%,0,
6534,7111,,,,,16,7,9.44%,0,
6535,7111,,,,,17,7,10.40%,0,
6536,7111,,,,,18,7,11.36%,0,
6537,7121,,,,,1,1,0%,0,
6538,7121,,,,,2,1,0%,0,
6539,7121,,,,,3,1,0%,0,
6540,7121,,,,,4,1,0.11%,0,
6541,7121,,,,,5,1,0.34%,0,
6542,7121,,,,,6,1,0.56%,0,
6543,7121,,,,,7,1,1.01%,0,
6544,7121,,,,,8,1,1.46%,0,
6545,7121,,,,,9,1,1.90%,0,
6546,7121,,,,,10,1,2.58%,0,
6547,7121,,,,,11,1,3.25%,0,
6548,7121,,,,,12,1,3.92%,0,
6549,7121,,,,,13,1,4.59%,0,
6550,7121,,,,,14,1,5.26%,0,
6551,7121,,,,,15,1,5.93%,0,
6552,7121,,,,,16,1,6.60%,0,
6553,7121,,,,,17,1,7.27%,0,
6554,7121,,,,,18,1,7.94%,0,
6555,9011,,,,,1,7,0%,0,
6556,9011,,,,,2,7,0%,0,
6557,9011,,,,,3,7,0%,0,
6558,9011,,,,,4,7,0.16%,0,
6559,9011,,,,,5,7,0.48%,0,
6560,9011,,,,,6,7,0.80%,0,
6561,9011,,,,,7,7,1.44%,0,
6562,9011,,,,,8,7,2.08%,0,
6563,9011,,,,,9,7,2.72%,0,
6564,9011,,,,,10,7,3.68%,0,
6565,9011,,,,,11,7,4.64%,0,
6566,9011,,,,,12,7,5.60%,0,
6567,9011,,,,,13,7,6.56%,0,
6568,9011,,,,,14,7,7.52%,0,
6569,9011,,,,,15,7,8.48%,0,
6570,9011,,,,,16,7,9.44%,0,
6571,9011,,,,,17,7,10.40%,0,
6572,9011,,,,,18,7,11.36%,0,
6573,9021,,,,,1,7,0%,0,
6574,9021,,,,,2,7,0%,0,
6575,9021,,,,,3,7,0%,0,
6576,9021,,,,,4,7,0.16%,0,
6577,9021,,,,,5,7,0.48%,0,
6578,9021,,,,,6,7,0.80%,0,
6579,9021,,,,,7,7,1.44%,0,
6580,9021,,,,,8,7,2.08%,0,
6581,9021,,,,,9,7,2.72%,0,
6582,9021,,,,,10,7,3.68%,0,
6583,9021,,,,,11,7,4.64%,0,
6584,9021,,,,,12,7,5.60%,0,
6585,9021,,,,,13,7,6.56%,0,
6586,9021,,,,,14,7,7.52%,0,
6587,9021,,,,,15,7,8.48%,0,
6588,9021,,,,,16,7,9.44%,0,
6589,9021,,,,,17,7,10.40%,0,
6590,9021,,,,,18,7,11.36%,0,
6591,9013,,,,,1,7,0%,0,
6592,9013,,,,,2,7,0%,0,
6593,9013,,,,,3,7,0%,0,
6594,9013,,,,,4,7,0.16%,0,
6595,9013,,,,,5,7,0.48%,0,
6596,9013,,,,,6,7,0.80%,0,
6597,9013,,,,,7,7,1.44%,0,
6598,9013,,,,,8,7,2.08%,0,
6599,9013,,,,,9,7,2.72%,0,
6600,9013,,,,,10,7,3.68%,0,
6601,9013,,,,,11,7,4.64%,0,
6602,9013,,,,,12,7,5.60%,0,
6603,9013,,,,,13,7,6.56%,0,
6604,9013,,,,,14,7,7.52%,0,
6605,9013,,,,,15,7,8.48%,0,
6606,9013,,,,,16,7,9.44%,0,
6607,9013,,,,,17,7,10.40%,0,
6608,9013,,,,,18,7,11.36%,0,
6609,3252,,,,,1,8,0%,0,
6610,3252,,,,,2,8,0%,0,
6611,3252,,,,,3,8,0%,0,
6612,3252,,,,,4,8,0.16%,0,
6613,3252,,,,,5,8,0.48%,0,
6614,3252,,,,,6,8,0.80%,0,
6615,3252,,,,,7,8,1.44%,0,
6616,3252,,,,,8,8,2.08%,0,
6617,3252,,,,,9,8,2.72%,0,
6618,3252,,,,,10,8,3.68%,0,
6619,3252,,,,,11,8,4.64%,0,
6620,3252,,,,,12,8,5.60%,0,
6621,3252,,,,,13,8,6.56%,0,
6622,3252,,,,,14,8,7.52%,0,
6623,3252,,,,,15,8,8.48%,0,
6624,3252,,,,,16,8,9.44%,0,
6625,3252,,,,,17,8,10.40%,0,
6626,3252,,,,,18,8,11.36%,0,
6627,8101,,,,,1,8,0%,0,
6628,8101,,,,,2,8,0%,0,
6629,8101,,,,,3,8,0.10%,0,
6630,8101,,,,,4,8,0.25%,0,
6631,8101,,,,,5,8,0.40%,0,
6632,8101,,,,,6,8,0.70%,0,
6633,8101,,,,,7,8,1%,0,
6634,8101,,,,,8,8,1.30%,0,
6635,8101,,,,,9,8,1.75%,0,
6636,8101,,,,,10,8,2.20%,0,
6637,8101,,,,,11,8,2.65%,0,
6638,8101,,,,,12,8,3.25%,0,
6639,8101,,,,,13,8,3.85%,0,
6640,8101,,,,,14,8,4.45%,0,
6641,8101,,,,,15,8,5.05%,0,
6642,8101,,,,,16,8,5.65%,0,
6643,8101,,,,,17,8,6.25%,0,
6644,8101,,,,,18,8,6.85%,0,
6645,8102,,,,,1,8,0%,0,
6646,8102,,,,,2,8,0%,0,
6647,8102,,,,,3,8,0%,0,
6648,8102,,,,,4,8,0.50%,0,
6649,8102,,,,,5,8,1.00%,0,
6650,8102,,,,,6,8,1.50%,0,
6651,8102,,,,,7,8,2.00%,0,
6652,8102,,,,,8,8,2.50%,0,
6653,8102,,,,,9,8,3.00%,0,
6654,8102,,,,,10,8,4.00%,0,
6655,8102,,,,,11,8,5.00%,0,
6656,8102,,,,,12,8,6.00%,0,
6657,8102,,,,,13,8,7.00%,0,
6658,8102,,,,,14,8,8.00%,0,
6659,8102,,,,,15,8,9.00%,0,
6660,8102,,,,,16,8,11.00%,0,
6661,8102,,,,,17,8,13.00%,0,
6662,8102,,,,,18,8,15.00%,0,
6663,8103,,,,,1,7,0%,0,
6664,8103,,,,,2,7,0%,0,
6665,8103,,,,,3,7,0%,0,
6666,8103,,,,,4,7,0.16%,0,
6667,8103,,,,,5,7,0.48%,0,
6668,8103,,,,,6,7,0.80%,0,
6669,8103,,,,,7,7,1.44%,0,
6670,8103,,,,,8,7,2.08%,0,
6671,8103,,,,,9,7,2.72%,0,
6672,8103,,,,,10,7,3.68%,0,
6673,8103,,,,,11,7,4.64%,0,
6674,8103,,,,,12,7,5.60%,0,
6675,8103,,,,,13,7,6.56%,0,
6676,8103,,,,,14,7,7.52%,0,
6677,8103,,,,,15,7,8.48%,0,
6678,8103,,,,,16,7,9.44%,0,
6679,8103,,,,,17,7,10.40%,0,
6680,8103,,,,,18,7,11.36%,0,
6681,8104,,,,,1,9,0%,0,
6682,8104,,,,,2,9,0%,0,
6683,8104,,,,,3,9,0.10%,0,
6684,8104,,,,,4,9,0.25%,0,
6685,8104,,,,,5,9,0.40%,0,
6686,8104,,,,,6,9,0.70%,0,
6687,8104,,,,,7,9,1%,0,
6688,8104,,,,,8,9,1.30%,0,
6689,8104,,,,,9,9,1.75%,0,
6690,8104,,,,,10,9,2.20%,0,
6691,8104,,,,,11,9,2.65%,0,
6692,8104,,,,,12,9,3.25%,0,
6693,8104,,,,,13,9,3.85%,0,
6694,8104,,,,,14,9,4.45%,0,
6695,8104,,,,,15,9,5.05%,0,
6696,8104,,,,,16,9,5.65%,0,
6697,8104,,,,,17,9,6.25%,0,
6698,8104,,,,,18,9,6.85%,0,
6699,8105,,,,,1,13,0%,0,
6700,8105,,,,,2,13,0%,0,
6701,8105,,,,,3,13,0.10%,0,
6702,8105,,,,,4,13,0.25%,0,
6703,8105,,,,,5,13,0.40%,0,
6704,8105,,,,,6,13,0.70%,0,
6705,8105,,,,,7,13,1%,0,
6706,8105,,,,,8,13,1.30%,0,
6707,8105,,,,,9,13,1.75%,0,
6708,8105,,,,,10,13,2.20%,0,
6709,8105,,,,,11,13,2.65%,0,
6710,8105,,,,,12,13,3.25%,0,
6711,8105,,,,,13,13,3.85%,0,
6712,8105,,,,,14,13,4.45%,0,
6713,8105,,,,,15,13,5.05%,0,
6714,8105,,,,,16,13,5.65%,0,
6715,8105,,,,,17,13,6.25%,0,
6716,8105,,,,,18,13,6.85%,0,
6717,8106,,,,,1,7,0%,0,
6718,8106,,,,,2,7,0%,0,
6719,8106,,,,,3,7,0.10%,0,
6720,8106,,,,,4,7,0.25%,0,
6721,8106,,,,,5,7,0.40%,0,
6722,8106,,,,,6,7,0.70%,0,
6723,8106,,,,,7,7,1%,0,
6724,8106,,,,,8,7,1.30%,0,
6725,8106,,,,,9,7,1.75%,0,
6726,8106,,,,,10,7,2.20%,0,
6727,8106,,,,,11,7,2.65%,0,
6728,8106,,,,,12,7,3.25%,0,
6729,8106,,,,,13,7,3.85%,0,
6730,8106,,,,,14,7,4.45%,0,
6731,8106,,,,,15,7,5.05%,0,
6732,8106,,,,,16,7,5.65%,0,
6733,8106,,,,,17,7,6.25%,0,
6734,8106,,,,,18,7,6.85%,0,
6735,8107,,,,,1,10,0%,0,
6736,8107,,,,,2,10,0%,0,
6737,8107,,,,,3,10,0.10%,0,
6738,8107,,,,,4,10,0.25%,0,
6739,8107,,,,,5,10,0.40%,0,
6740,8107,,,,,6,10,0.70%,0,
6741,8107,,,,,7,10,1%,0,
6742,8107,,,,,8,10,1.30%,0,
6743,8107,,,,,9,10,1.75%,0,
6744,8107,,,,,10,10,2.20%,0,
6745,8107,,,,,11,10,2.65%,0,
6746,8107,,,,,12,10,3.25%,0,
6747,8107,,,,,13,10,3.85%,0,
6748,8107,,,,,14,10,4.45%,0,
6749,8107,,,,,15,10,5.05%,0,
6750,8107,,,,,16,10,5.65%,0,
6751,8107,,,,,17,10,6.25%,0,
6752,8107,,,,,18,10,6.85%,0,
6753,9041,,,,,1,1,0%,0,
6754,9041,,,,,2,1,0%,0,
6755,9041,,,,,3,1,0%,0,
6756,9041,,,,,4,1,0.11%,0,
6757,9041,,,,,5,1,0.34%,0,
6758,9041,,,,,6,1,0.56%,0,
6759,9041,,,,,7,1,1.01%,0,
6760,9041,,,,,8,1,1.46%,0,
6761,9041,,,,,9,1,1.90%,0,
6762,9041,,,,,10,1,2.58%,0,
6763,9041,,,,,11,1,3.25%,0,
6764,9041,,,,,12,1,3.92%,0,
6765,9041,,,,,13,1,4.59%,0,
6766,9041,,,,,14,1,5.26%,0,
6767,9041,,,,,15,1,5.93%,0,
6768,9041,,,,,16,1,6.60%,0,
6769,9041,,,,,17,1,7.27%,0,
6770,9041,,,,,18,1,7.94%,0,
6771,9051,,,,,1,9,0%,0,
6772,9051,,,,,2,9,0%,0,
6773,9051,,,,,3,9,0%,0,
6774,9051,,,,,4,9,0.16%,0,
6775,9051,,,,,5,9,0.48%,0,
6776,9051,,,,,6,9,0.80%,0,
6777,9051,,,,,7,9,1.44%,0,
6778,9051,,,,,8,9,2.08%,0,
6779,9051,,,,,9,9,2.72%,0,
6780,9051,,,,,10,9,3.68%,0,
6781,9051,,,,,11,9,4.64%,0,
6782,9051,,,,,12,9,5.60%,0,
6783,9051,,,,,13,9,6.56%,0,
6784,9051,,,,,14,9,7.52%,0,
6785,9051,,,,,15,9,8.48%,0,
6786,9051,,,,,16,9,9.44%,0,
6787,9051,,,,,17,9,10.40%,0,
6788,9051,,,,,18,9,11.36%,0,
6789,9061,,,,,1,7,0%,0,
6790,9061,,,,,2,7,0%,0,
6791,9061,,,,,3,7,0%,0,
6792,9061,,,,,4,7,0.16%,0,
6793,9061,,,,,5,7,0.48%,0,
6794,9061,,,,,6,7,0.80%,0,
6795,9061,,,,,7,7,1.44%,0,
6796,9061,,,,,8,7,2.08%,0,
6797,9061,,,,,9,7,2.72%,0,
6798,9061,,,,,10,7,3.68%,0,
6799,9061,,,,,11,7,4.64%,0,
6800,9061,,,,,12,7,5.60%,0,
6801,9061,,,,,13,7,6.56%,0,
6802,9061,,,,,14,7,7.52%,0,
6803,9061,,,,,15,7,8.48%,0,
6804,9061,,,,,16,7,9.44%,0,
6805,9061,,,,,17,7,10.40%,0,
6806,9061,,,,,18,7,11.36%,0,
6807,9071,,,,,1,7,0%,0,
6808,9071,,,,,2,7,0%,0,
6809,9071,,,,,3,7,0%,0,
6810,9071,,,,,4,7,0.16%,0,
6811,9071,,,,,5,7,0.48%,0,
6812,9071,,,,,6,7,0.80%,0,
6813,9071,,,,,7,7,1.44%,0,
6814,9071,,,,,8,7,2.08%,0,
6815,9071,,,,,9,7,2.72%,0,
6816,9071,,,,,10,7,3.68%,0,
6817,9071,,,,,11,7,4.64%,0,
6818,9071,,,,,12,7,5.60%,0,
6819,9071,,,,,13,7,6.56%,0,
6820,9071,,,,,14,7,7.52%,0,
6821,9071,,,,,15,7,8.48%,0,
6822,9071,,,,,16,7,9.44%,0,
6823,9071,,,,,17,7,10.40%,0,
6824,9071,,,,,18,7,11.36%,0,
6825,9081,,,,,1,7,0%,0,
6826,9081,,,,,2,7,0%,0,
6827,9081,,,,,3,7,0%,0,
6828,9081,,,,,4,7,0.16%,0,
6829,9081,,,,,5,7,0.48%,0,
6830,9081,,,,,6,7,0.80%,0,
6831,9081,,,,,7,7,1.44%,0,
6832,9081,,,,,8,7,2.08%,0,
6833,9081,,,,,9,7,2.72%,0,
6834,9081,,,,,10,7,3.68%,0,
6835,9081,,,,,11,7,4.64%,0,
6836,9081,,,,,12,7,5.60%,0,
6837,9081,,,,,13,7,6.56%,0,
6838,9081,,,,,14,7,7.52%,0,
6839,9081,,,,,15,7,8.48%,0,
6840,9081,,,,,16,7,9.44%,0,
6841,9081,,,,,17,7,10.40%,0,
6842,9081,,,,,18,7,11.36%,0,
6843,9091,,,,,1,10,0%,0,
6844,9091,,,,,2,10,0%,0,
6845,9091,,,,,3,10,0%,0,
6846,9091,,,,,4,10,0.16%,0,
6847,9091,,,,,5,10,0.48%,0,
6848,9091,,,,,6,10,0.80%,0,
6849,9091,,,,,7,10,1.44%,0,
6850,9091,,,,,8,10,2.08%,0,
6851,9091,,,,,9,10,2.72%,0,
6852,9091,,,,,10,10,3.68%,0,
6853,9091,,,,,11,10,4.64%,0,
6854,9091,,,,,12,10,5.60%,0,
6855,9091,,,,,13,10,6.56%,0,
6856,9091,,,,,14,10,7.52%,0,
6857,9091,,,,,15,10,8.48%,0,
6858,9091,,,,,16,10,9.44%,0,
6859,9091,,,,,17,10,10.40%,0,
6860,9091,,,,,18,10,11.36%,0,
6861,9101,,,,,1,8,0%,0,
6862,9101,,,,,2,8,0%,0,
6863,9101,,,,,3,8,0%,0,
6864,9101,,,,,4,8,0.16%,0,
6865,9101,,,,,5,8,0.48%,0,
6866,9101,,,,,6,8,0.80%,0,
6867,9101,,,,,7,8,1.44%,0,
6868,9101,,,,,8,8,2.08%,0,
6869,9101,,,,,9,8,2.72%,0,
6870,9101,,,,,10,8,3.68%,0,
6871,9101,,,,,11,8,4.64%,0,
6872,9101,,,,,12,8,5.60%,0,
6873,9101,,,,,13,8,6.56%,0,
6874,9101,,,,,14,8,7.52%,0,
6875,9101,,,,,15,8,8.48%,0,
6876,9101,,,,,16,8,9.44%,0,
6877,9101,,,,,17,8,10.40%,0,
6878,9101,,,,,18,8,11.36%,0,
6879,9111,,,,,1,9,0%,0,
6880,9111,,,,,2,9,0%,0,
6881,9111,,,,,3,9,0%,0,
6882,9111,,,,,4,9,0.16%,0,
6883,9111,,,,,5,9,0.48%,0,
6884,9111,,,,,6,9,0.80%,0,
6885,9111,,,,,7,9,1.44%,0,
6886,9111,,,,,8,9,2.08%,0,
6887,9111,,,,,9,9,2.72%,0,
6888,9111,,,,,10,9,3.68%,0,
6889,9111,,,,,11,9,4.64%,0,
6890,9111,,,,,12,9,5.60%,0,
6891,9111,,,,,13,9,6.56%,0,
6892,9111,,,,,14,9,7.52%,0,
6893,9111,,,,,15,9,8.48%,0,
6894,9111,,,,,16,9,9.44%,0,
6895,9111,,,,,17,9,10.40%,0,
6896,9111,,,,,18,9,11.36%,0,
6897,9121,,,,,1,7,0%,0,
6898,9121,,,,,2,7,0%,0,
6899,9121,,,,,3,7,0%,0,
6900,9121,,,,,4,7,0.16%,0,
6901,9121,,,,,5,7,0.48%,0,
6902,9121,,,,,6,7,0.80%,0,
6903,9121,,,,,7,7,1.44%,0,
6904,9121,,,,,8,7,2.08%,0,
6905,9121,,,,,9,7,2.72%,0,
6906,9121,,,,,10,7,3.68%,0,
6907,9121,,,,,11,7,4.64%,0,
6908,9121,,,,,12,7,5.60%,0,
6909,9121,,,,,13,7,6.56%,0,
6910,9121,,,,,14,7,7.52%,0,
6911,9121,,,,,15,7,8.48%,0,
6912,9121,,,,,16,7,9.44%,0,
6913,9121,,,,,17,7,10.40%,0,
6914,9121,,,,,18,7,11.36%,0,
6915,9131,,,,,1,1,0%,0,
6916,9131,,,,,2,1,0%,0,
6917,9131,,,,,3,1,0%,0,
6918,9131,,,,,4,1,0.11%,0,
6919,9131,,,,,5,1,0.34%,0,
6920,9131,,,,,6,1,0.56%,0,
6921,9131,,,,,7,1,1.01%,0,
6922,9131,,,,,8,1,1.46%,0,
6923,9131,,,,,9,1,1.90%,0,
6924,9131,,,,,10,1,2.58%,0,
6925,9131,,,,,11,1,3.25%,0,
6926,9131,,,,,12,1,3.92%,0,
6927,9131,,,,,13,1,4.59%,0,
6928,9131,,,,,14,1,5.26%,0,
6929,9131,,,,,15,1,5.93%,0,
6930,9131,,,,,16,1,6.60%,0,
6931,9131,,,,,17,1,7.27%,0,
6932,9131,,,,,18,1,7.94%,0,
6933,9141,,,,,1,8,0%,0,
6934,9141,,,,,2,8,0%,0,
6935,9141,,,,,3,8,0%,0,
6936,9141,,,,,4,8,0.16%,0,
6937,9141,,,,,5,8,0.48%,0,
6938,9141,,,,,6,8,0.80%,0,
6939,9141,,,,,7,8,1.44%,0,
6940,9141,,,,,8,8,2.08%,0,
6941,9141,,,,,9,8,2.72%,0,
6942,9141,,,,,10,8,3.68%,0,
6943,9141,,,,,11,8,4.64%,0,
6944,9141,,,,,12,8,5.60%,0,
6945,9141,,,,,13,8,6.56%,0,
6946,9141,,,,,14,8,7.52%,0,
6947,9141,,,,,15,8,8.48%,0,
6948,9141,,,,,16,8,9.44%,0,
6949,9141,,,,,17,8,10.40%,0,
6950,9141,,,,,18,8,11.36%,0,
6951,9151,,,,,1,9,0%,0,
6952,9151,,,,,2,9,0%,0,
6953,9151,,,,,3,9,0%,0,
6954,9151,,,,,4,9,0.16%,0,
6955,9151,,,,,5,9,0.48%,0,
6956,9151,,,,,6,9,0.80%,0,
6957,9151,,,,,7,9,1.44%,0,
6958,9151,,,,,8,9,2.08%,0,
6959,9151,,,,,9,9,2.72%,0,
6960,9151,,,,,10,9,3.68%,0,
6961,9151,,,,,11,9,4.64%,0,
6962,9151,,,,,12,9,5.60%,0,
6963,9151,,,,,13,9,6.56%,0,
6964,9151,,,,,14,9,7.52%,0,
6965,9151,,,,,15,9,8.48%,0,
6966,9151,,,,,16,9,9.44%,0,
6967,9151,,,,,17,9,10.40%,0,
6968,9151,,,,,18,9,11.36%,0,
6969,9161,,,,,1,8,0%,0,
6970,9161,,,,,2,8,0%,0,
6971,9161,,,,,3,8,0%,0,
6972,9161,,,,,4,8,0.16%,0,
6973,9161,,,,,5,8,0.48%,0,
6974,9161,,,,,6,8,0.80%,0,
6975,9161,,,,,7,8,1.44%,0,
6976,9161,,,,,8,8,2.08%,0,
6977,9161,,,,,9,8,2.72%,0,
6978,9161,,,,,10,8,3.68%,0,
6979,9161,,,,,11,8,4.64%,0,
6980,9161,,,,,12,8,5.60%,0,
6981,9161,,,,,13,8,6.56%,0,
6982,9161,,,,,14,8,7.52%,0,
6983,9161,,,,,15,8,8.48%,0,
6984,9161,,,,,16,8,9.44%,0,
6985,9161,,,,,17,8,10.40%,0,
6986,9161,,,,,18,8,11.36%,0,
6987,9171,,,,,1,9,0%,0,
6988,9171,,,,,2,9,0%,0,
6989,9171,,,,,3,9,0%,0,
6990,9171,,,,,4,9,0.11%,0,
6991,9171,,,,,5,9,0.34%,0,
6992,9171,,,,,6,9,0.56%,0,
6993,9171,,,,,7,9,1.01%,0,
6994,9171,,,,,8,9,1.46%,0,
6995,9171,,,,,9,9,1.90%,0,
6996,9171,,,,,10,9,2.58%,0,
6997,9171,,,,,11,9,3.25%,0,
6998,9171,,,,,12,9,3.92%,0,
6999,9171,,,,,13,9,4.59%,0,
7000,9171,,,,,14,9,5.26%,0,
7001,9171,,,,,15,9,5.93%,0,
7002,9171,,,,,16,9,6.60%,0,
7003,9171,,,,,17,9,7.27%,0,
7004,9171,,,,,18,9,7.94%,0,
7005,9181,,,,,1,13,0%,0,
7006,9181,,,,,2,13,0%,0,
7007,9181,,,,,3,13,0%,0,
7008,9181,,,,,4,13,0.11%,0,
7009,9181,,,,,5,13,0.34%,0,
7010,9181,,,,,6,13,0.56%,0,
7011,9181,,,,,7,13,1.01%,0,
7012,9181,,,,,8,13,1.46%,0,
7013,9181,,,,,9,13,1.90%,0,
7014,9181,,,,,10,13,2.58%,0,
7015,9181,,,,,11,13,3.25%,0,
7016,9181,,,,,12,13,3.92%,0,
7017,9181,,,,,13,13,4.59%,0,
7018,9181,,,,,14,13,5.26%,0,
7019,9181,,,,,15,13,5.93%,0,
7020,9181,,,,,16,13,6.60%,0,
7021,9181,,,,,17,13,7.27%,0,
7022,9181,,,,,18,13,7.94%,0,
7023,9191,,,,,1,7,0%,0,
7024,9191,,,,,2,7,0%,0,
7025,9191,,,,,3,7,0%,0,
7026,9191,,,,,4,7,0.11%,0,
7027,9191,,,,,5,7,0.34%,0,
7028,9191,,,,,6,7,0.56%,0,
7029,9191,,,,,7,7,1.01%,0,
7030,9191,,,,,8,7,1.46%,0,
7031,9191,,,,,9,7,1.90%,0,
7032,9191,,,,,10,7,2.58%,0,
7033,9191,,,,,11,7,3.25%,0,
7034,9191,,,,,12,7,3.92%,0,
7035,9191,,,,,13,7,4.59%,0,
7036,9191,,,,,14,7,5.26%,0,
7037,9191,,,,,15,7,5.93%,0,
7038,9191,,,,,16,7,6.60%,0,
7039,9191,,,,,17,7,7.27%,0,
7040,9191,,,,,18,7,7.94%,0,
7041,9201,,,,,1,7,0%,0,
7042,9201,,,,,2,7,0%,0,
7043,9201,,,,,3,7,0%,0,
7044,9201,,,,,4,7,0.11%,0,
7045,9201,,,,,5,7,0.34%,0,
7046,9201,,,,,6,7,0.56%,0,
7047,9201,,,,,7,7,1.01%,0,
7048,9201,,,,,8,7,1.46%,0,
7049,9201,,,,,9,7,1.90%,0,
7050,9201,,,,,10,7,2.58%,0,
7051,9201,,,,,11,7,3.25%,0,
7052,9201,,,,,12,7,3.92%,0,
7053,9201,,,,,13,7,4.59%,0,
7054,9201,,,,,14,7,5.26%,0,
7055,9201,,,,,15,7,5.93%,0,
7056,9201,,,,,16,7,6.60%,0,
7057,9201,,,,,17,7,7.27%,0,
7058,9201,,,,,18,7,7.94%,0,
7059,3244,,,,,1,1,0%,0,
7060,3244,,,,,2,1,0%,0,
7061,3244,,,,,3,1,0%,0,
7062,3244,,,,,4,1,0.11%,0,
7063,3244,,,,,5,1,0.34%,0,
7064,3244,,,,,6,1,0.56%,0,
7065,3244,,,,,7,1,1.01%,0,
7066,3244,,,,,8,1,1.46%,0,
7067,3244,,,,,9,1,1.90%,0,
7068,3244,,,,,10,1,2.58%,0,
7069,3244,,,,,11,1,3.25%,0,
7070,3244,,,,,12,1,3.92%,0,
7071,3244,,,,,13,1,4.59%,0,
7072,3244,,,,,14,1,5.26%,0,
7073,3244,,,,,15,1,5.93%,0,
7074,3244,,,,,16,1,6.60%,0,
7075,3244,,,,,17,1,7.27%,0,
7076,3244,,,,,18,1,7.94%,0,
7077,4181,,,,,1,13,0%,0,
7078,4181,,,,,2,13,0%,0,
7079,4181,,,,,3,13,0.10%,0,
7080,4181,,,,,4,13,0.25%,0,
7081,4181,,,,,5,13,0.40%,0,
7082,4181,,,,,6,13,0.70%,0,
7083,4181,,,,,7,13,1%,0,
7084,4181,,,,,8,13,1.30%,0,
7085,4181,,,,,9,13,1.75%,0,
7086,4181,,,,,10,13,2.20%,0,
7087,4181,,,,,11,13,2.65%,0,
7088,4181,,,,,12,13,3.25%,0,
7089,4181,,,,,13,13,3.85%,0,
7090,4181,,,,,14,13,4.45%,0,
7091,4181,,,,,15,13,5.05%,0,
7092,4181,,,,,16,13,5.65%,0,
7093,4181,,,,,17,13,6.25%,0,
7094,4181,,,,,18,13,6.85%,0,
7095,4191,,,,,1,1,0%,0,
7096,4191,,,,,2,1,0%,0,
7097,4191,,,,,3,1,0.07%,0,
7098,4191,,,,,4,1,0.18%,0,
7099,4191,,,,,5,1,0.28%,0,
7100,4191,,,,,6,1,0.49%,0,
7101,4191,,,,,7,1,0.70%,0,
7102,4191,,,,,8,1,0.91%,0,
7103,4191,,,,,9,1,1.23%,0,
7104,4191,,,,,10,1,1.54%,0,
7105,4191,,,,,11,1,1.86%,0,
7106,4191,,,,,12,1,2.28%,0,
7107,4191,,,,,13,1,2.70%,0,
7108,4191,,,,,14,1,3.12%,0,
7109,4191,,,,,15,1,3.54%,0,
7110,4191,,,,,16,1,3.96%,0,
7111,4191,,,,,17,1,4.38%,0,
7112,4191,,,,,18,1,4.80%,0,
7113,4201,,,,,1,8,0%,0,
7114,4201,,,,,2,8,0%,0,
7115,4201,,,,,3,8,0.10%,0,
7116,4201,,,,,4,8,0.25%,0,
7117,4201,,,,,5,8,0.40%,0,
7118,4201,,,,,6,8,0.70%,0,
7119,4201,,,,,7,8,1%,0,
7120,4201,,,,,8,8,1.30%,0,
7121,4201,,,,,9,8,1.75%,0,
7122,4201,,,,,10,8,2.20%,0,
7123,4201,,,,,11,8,2.65%,0,
7124,4201,,,,,12,8,3.25%,0,
7125,4201,,,,,13,8,3.85%,0,
7126,4201,,,,,14,8,4.45%,0,
7127,4201,,,,,15,8,5.05%,0,
7128,4201,,,,,16,8,5.65%,0,
7129,4201,,,,,17,8,6.25%,0,
7130,4201,,,,,18,8,6.85%,0,
7131,4211,,,,,1,10,0%,0,
7132,4211,,,,,2,10,0%,0,
7133,4211,,,,,3,10,0.10%,0,
7134,4211,,,,,4,10,0.25%,0,
7135,4211,,,,,5,10,0.40%,0,
7136,4211,,,,,6,10,0.70%,0,
7137,4211,,,,,7,10,1%,0,
7138,4211,,,,,8,10,1.30%,0,
7139,4211,,,,,9,10,1.75%,0,
7140,4211,,,,,10,10,2.20%,0,
7141,4211,,,,,11,10,2.65%,0,
7142,4211,,,,,12,10,3.25%,0,
7143,4211,,,,,13,10,3.85%,0,
7144,4211,,,,,14,10,4.45%,0,
7145,4211,,,,,15,10,5.05%,0,
7146,4211,,,,,16,10,5.65%,0,
7147,4211,,,,,17,10,6.25%,0,
7148,4211,,,,,18,10,6.85%,0,
7149,4221,,,,,1,8,0%,0,
7150,4221,,,,,2,8,0%,0,
7151,4221,,,,,3,8,0.10%,0,
7152,4221,,,,,4,8,0.25%,0,
7153,4221,,,,,5,8,0.40%,0,
7154,4221,,,,,6,8,0.70%,0,
7155,4221,,,,,7,8,1%,0,
7156,4221,,,,,8,8,1.30%,0,
7157,4221,,,,,9,8,1.75%,0,
7158,4221,,,,,10,8,2.20%,0,
7159,4221,,,,,11,8,2.65%,0,
7160,4221,,,,,12,8,3.25%,0,
7161,4221,,,,,13,8,3.85%,0,
7162,4221,,,,,14,8,4.45%,0,
7163,4221,,,,,15,8,5.05%,0,
7164,4221,,,,,16,8,5.65%,0,
7165,4221,,,,,17,8,6.25%,0,
7166,4221,,,,,18,8,6.85%,0,
7167,4231,,,,,1,13,0%,0,
7168,4231,,,,,2,13,0%,0,
7169,4231,,,,,3,13,0.10%,0,
7170,4231,,,,,4,13,0.25%,0,
7171,4231,,,,,5,13,0.40%,0,
7172,4231,,,,,6,13,0.70%,0,
7173,4231,,,,,7,13,1%,0,
7174,4231,,,,,8,13,1.30%,0,
7175,4231,,,,,9,13,1.75%,0,
7176,4231,,,,,10,13,2.20%,0,
7177,4231,,,,,11,13,2.65%,0,
7178,4231,,,,,12,13,3.25%,0,
7179,4231,,,,,13,13,3.85%,0,
7180,4231,,,,,14,13,4.45%,0,
7181,4231,,,,,15,13,5.05%,0,
7182,4231,,,,,16,13,5.65%,0,
7183,4231,,,,,17,13,6.25%,0,
7184,4231,,,,,18,13,6.85%,0,
7185,4241,,,,,1,8,0%,0,
7186,4241,,,,,2,8,0%,0,
7187,4241,,,,,3,8,0.10%,0,
7188,4241,,,,,4,8,0.25%,0,
7189,4241,,,,,5,8,0.40%,0,
7190,4241,,,,,6,8,0.70%,0,
7191,4241,,,,,7,8,1%,0,
7192,4241,,,,,8,8,1.30%,0,
7193,4241,,,,,9,8,1.75%,0,
7194,4241,,,,,10,8,2.20%,0,
7195,4241,,,,,11,8,2.65%,0,
7196,4241,,,,,12,8,3.25%,0,
7197,4241,,,,,13,8,3.85%,0,
7198,4241,,,,,14,8,4.45%,0,
7199,4241,,,,,15,8,5.05%,0,
7200,4241,,,,,16,8,5.65%,0,
7201,4241,,,,,17,8,6.25%,0,
7202,4241,,,,,18,8,6.85%,0,
7203,4251,,,,,1,10,0%,0,
7204,4251,,,,,2,10,0%,0,
7205,4251,,,,,3,10,0.10%,0,
7206,4251,,,,,4,10,0.25%,0,
7207,4251,,,,,5,10,0.40%,0,
7208,4251,,,,,6,10,0.70%,0,
7209,4251,,,,,7,10,1%,0,
7210,4251,,,,,8,10,1.30%,0,
7211,4251,,,,,9,10,1.75%,0,
7212,4251,,,,,10,10,2.20%,0,
7213,4251,,,,,11,10,2.65%,0,
7214,4251,,,,,12,10,3.25%,0,
7215,4251,,,,,13,10,3.85%,0,
7216,4251,,,,,14,10,4.45%,0,
7217,4251,,,,,15,10,5.05%,0,
7218,4251,,,,,16,10,5.65%,0,
7219,4251,,,,,17,10,6.25%,0,
7220,4251,,,,,18,10,6.85%,0,
7221,4261,,,,,1,7,0%,0,
7222,4261,,,,,2,7,0%,0,
7223,4261,,,,,3,7,0.10%,0,
7224,4261,,,,,4,7,0.25%,0,
7225,4261,,,,,5,7,0.40%,0,
7226,4261,,,,,6,7,0.70%,0,
7227,4261,,,,,7,7,1%,0,
7228,4261,,,,,8,7,1.30%,0,
7229,4261,,,,,9,7,1.75%,0,
7230,4261,,,,,10,7,2.20%,0,
7231,4261,,,,,11,7,2.65%,0,
7232,4261,,,,,12,7,3.25%,0,
7233,4261,,,,,13,7,3.85%,0,
7234,4261,,,,,14,7,4.45%,0,
7235,4261,,,,,15,7,5.05%,0,
7236,4261,,,,,16,7,5.65%,0,
7237,4261,,,,,17,7,6.25%,0,
7238,4261,,,,,18,7,6.85%,0,
7239,4271,,,,,1,8,0%,0,
7240,4271,,,,,2,8,0%,0,
7241,4271,,,,,3,8,0.10%,0,
7242,4271,,,,,4,8,0.25%,0,
7243,4271,,,,,5,8,0.40%,0,
7244,4271,,,,,6,8,0.70%,0,
7245,4271,,,,,7,8,1%,0,
7246,4271,,,,,8,8,1.30%,0,
7247,4271,,,,,9,8,1.75%,0,
7248,4271,,,,,10,8,2.20%,0,
7249,4271,,,,,11,8,2.65%,0,
7250,4271,,,,,12,8,3.25%,0,
7251,4271,,,,,13,8,3.85%,0,
7252,4271,,,,,14,8,4.45%,0,
7253,4271,,,,,15,8,5.05%,0,
7254,4271,,,,,16,8,5.65%,0,
7255,4271,,,,,17,8,6.25%,0,
7256,4271,,,,,18,8,6.85%,0,
7257,4281,,,,,1,7,0%,0,
7258,4281,,,,,2,7,0%,0,
7259,4281,,,,,3,7,0.10%,0,
7260,4281,,,,,4,7,0.25%,0,
7261,4281,,,,,5,7,0.40%,0,
7262,4281,,,,,6,7,0.70%,0,
7263,4281,,,,,7,7,1%,0,
7264,4281,,,,,8,7,1.30%,0,
7265,4281,,,,,9,7,1.75%,0,
7266,4281,,,,,10,7,2.20%,0,
7267,4281,,,,,11,7,2.65%,0,
7268,4281,,,,,12,7,3.25%,0,
7269,4281,,,,,13,7,3.85%,0,
7270,4281,,,,,14,7,4.45%,0,
7271,4281,,,,,15,7,5.05%,0,
7272,4281,,,,,16,7,5.65%,0,
7273,4281,,,,,17,7,6.25%,0,
7274,4281,,,,,18,7,6.85%,0,
7275,4291,,,,,1,1,0%,0,
7276,4291,,,,,2,1,0%,0,
7277,4291,,,,,3,1,0.07%,0,
7278,4291,,,,,4,1,0.18%,0,
7279,4291,,,,,5,1,0.28%,0,
7280,4291,,,,,6,1,0.49%,0,
7281,4291,,,,,7,1,0.70%,0,
7282,4291,,,,,8,1,0.91%,0,
7283,4291,,,,,9,1,1.23%,0,
7284,4291,,,,,10,1,1.54%,0,
7285,4291,,,,,11,1,1.86%,0,
7286,4291,,,,,12,1,2.28%,0,
7287,4291,,,,,13,1,2.70%,0,
7288,4291,,,,,14,1,3.12%,0,
7289,4291,,,,,15,1,3.54%,0,
7290,4291,,,,,16,1,3.96%,0,
7291,4291,,,,,17,1,4.38%,0,
7292,4291,,,,,18,1,4.80%,0,
7293,4301,,,,,1,1,0%,0,
7294,4301,,,,,2,1,0%,0,
7295,4301,,,,,3,1,0.07%,0,
7296,4301,,,,,4,1,0.18%,0,
7297,4301,,,,,5,1,0.28%,0,
7298,4301,,,,,6,1,0.49%,0,
7299,4301,,,,,7,1,0.70%,0,
7300,4301,,,,,8,1,0.91%,0,
7301,4301,,,,,9,1,1.23%,0,
7302,4301,,,,,10,1,1.54%,0,
7303,4301,,,,,11,1,1.86%,0,
7304,4301,,,,,12,1,2.28%,0,
7305,4301,,,,,13,1,2.70%,0,
7306,4301,,,,,14,1,3.12%,0,
7307,4301,,,,,15,1,3.54%,0,
7308,4301,,,,,16,1,3.96%,0,
7309,4301,,,,,17,1,4.38%,0,
7310,4301,,,,,18,1,4.80%,0,
7311,4311,,,,,1,7,0%,0,
7312,4311,,,,,2,7,0%,0,
7313,4311,,,,,3,7,0.10%,0,
7314,4311,,,,,4,7,0.25%,0,
7315,4311,,,,,5,7,0.40%,0,
7316,4311,,,,,6,7,0.70%,0,
7317,4311,,,,,7,7,1%,0,
7318,4311,,,,,8,7,1.30%,0,
7319,4311,,,,,9,7,1.75%,0,
7320,4311,,,,,10,7,2.20%,0,
7321,4311,,,,,11,7,2.65%,0,
7322,4311,,,,,12,7,3.25%,0,
7323,4311,,,,,13,7,3.85%,0,
7324,4311,,,,,14,7,4.45%,0,
7325,4311,,,,,15,7,5.05%,0,
7326,4311,,,,,16,7,5.65%,0,
7327,4311,,,,,17,7,6.25%,0,
7328,4311,,,,,18,7,6.85%,0,
7329,4321,,,,,1,8,0%,0,
7330,4321,,,,,2,8,0%,0,
7331,4321,,,,,3,8,0.10%,0,
7332,4321,,,,,4,8,0.25%,0,
7333,4321,,,,,5,8,0.40%,0,
7334,4321,,,,,6,8,0.70%,0,
7335,4321,,,,,7,8,1%,0,
7336,4321,,,,,8,8,1.30%,0,
7337,4321,,,,,9,8,1.75%,0,
7338,4321,,,,,10,8,2.20%,0,
7339,4321,,,,,11,8,2.65%,0,
7340,4321,,,,,12,8,3.25%,0,
7341,4321,,,,,13,8,3.85%,0,
7342,4321,,,,,14,8,4.45%,0,
7343,4321,,,,,15,8,5.05%,0,
7344,4321,,,,,16,8,5.65%,0,
7345,4321,,,,,17,8,6.25%,0,
7346,4321,,,,,18,8,6.85%,0,
7347,4331,,,,,1,7,0%,0,
7348,4331,,,,,2,7,0%,0,
7349,4331,,,,,3,7,0.10%,0,
7350,4331,,,,,4,7,0.25%,0,
7351,4331,,,,,5,7,0.40%,0,
7352,4331,,,,,6,7,0.70%,0,
7353,4331,,,,,7,7,1%,0,
7354,4331,,,,,8,7,1.30%,0,
7355,4331,,,,,9,7,1.75%,0,
7356,4331,,,,,10,7,2.20%,0,
7357,4331,,,,,11,7,2.65%,0,
7358,4331,,,,,12,7,3.25%,0,
7359,4331,,,,,13,7,3.85%,0,
7360,4331,,,,,14,7,4.45%,0,
7361,4331,,,,,15,7,5.05%,0,
7362,4331,,,,,16,7,5.65%,0,
7363,4331,,,,,17,7,6.25%,0,
7364,4331,,,,,18,7,6.85%,0,
7365,4341,,,,,1,7,0%,0,
7366,4341,,,,,2,7,0%,0,
7367,4341,,,,,3,7,0.10%,0,
7368,4341,,,,,4,7,0.25%,0,
7369,4341,,,,,5,7,0.40%,0,
7370,4341,,,,,6,7,0.70%,0,
7371,4341,,,,,7,7,1%,0,
7372,4341,,,,,8,7,1.30%,0,
7373,4341,,,,,9,7,1.75%,0,
7374,4341,,,,,10,7,2.20%,0,
7375,4341,,,,,11,7,2.65%,0,
7376,4341,,,,,12,7,3.25%,0,
7377,4341,,,,,13,7,3.85%,0,
7378,4341,,,,,14,7,4.45%,0,
7379,4341,,,,,15,7,5.05%,0,
7380,4341,,,,,16,7,5.65%,0,
7381,4341,,,,,17,7,6.25%,0,
7382,4341,,,,,18,7,6.85%,0,
7383,4351,,,,,1,8,0%,0,
7384,4351,,,,,2,8,0%,0,
7385,4351,,,,,3,8,0.10%,0,
7386,4351,,,,,4,8,0.25%,0,
7387,4351,,,,,5,8,0.40%,0,
7388,4351,,,,,6,8,0.70%,0,
7389,4351,,,,,7,8,1%,0,
7390,4351,,,,,8,8,1.30%,0,
7391,4351,,,,,9,8,1.75%,0,
7392,4351,,,,,10,8,2.20%,0,
7393,4351,,,,,11,8,2.65%,0,
7394,4351,,,,,12,8,3.25%,0,
7395,4351,,,,,13,8,3.85%,0,
7396,4351,,,,,14,8,4.45%,0,
7397,4351,,,,,15,8,5.05%,0,
7398,4351,,,,,16,8,5.65%,0,
7399,4351,,,,,17,8,6.25%,0,
7400,4351,,,,,18,8,6.85%,0,
7401,4361,,,,,1,7,0%,0,
7402,4361,,,,,2,7,0%,0,
7403,4361,,,,,3,7,0.10%,0,
7404,4361,,,,,4,7,0.25%,0,
7405,4361,,,,,5,7,0.40%,0,
7406,4361,,,,,6,7,0.70%,0,
7407,4361,,,,,7,7,1%,0,
7408,4361,,,,,8,7,1.30%,0,
7409,4361,,,,,9,7,1.75%,0,
7410,4361,,,,,10,7,2.20%,0,
7411,4361,,,,,11,7,2.65%,0,
7412,4361,,,,,12,7,3.25%,0,
7413,4361,,,,,13,7,3.85%,0,
7414,4361,,,,,14,7,4.45%,0,
7415,4361,,,,,15,7,5.05%,0,
7416,4361,,,,,16,7,5.65%,0,
7417,4361,,,,,17,7,6.25%,0,
7418,4361,,,,,18,7,6.85%,0,
7419,4371,,,,,1,13,0%,0,
7420,4371,,,,,2,13,0%,0,
7421,4371,,,,,3,13,0.10%,0,
7422,4371,,,,,4,13,0.25%,0,
7423,4371,,,,,5,13,0.40%,0,
7424,4371,,,,,6,13,0.70%,0,
7425,4371,,,,,7,13,1%,0,
7426,4371,,,,,8,13,1.30%,0,
7427,4371,,,,,9,13,1.75%,0,
7428,4371,,,,,10,13,2.20%,0,
7429,4371,,,,,11,13,2.65%,0,
7430,4371,,,,,12,13,3.25%,0,
7431,4371,,,,,13,13,3.85%,0,
7432,4371,,,,,14,13,4.45%,0,
7433,4371,,,,,15,13,5.05%,0,
7434,4371,,,,,16,13,5.65%,0,
7435,4371,,,,,17,13,6.25%,0,
7436,4371,,,,,18,13,6.85%,0,
7437,4381,,,,,1,7,0%,0,
7438,4381,,,,,2,7,0%,0,
7439,4381,,,,,3,7,0.10%,0,
7440,4381,,,,,4,7,0.25%,0,
7441,4381,,,,,5,7,0.40%,0,
7442,4381,,,,,6,7,0.70%,0,
7443,4381,,,,,7,7,1%,0,
7444,4381,,,,,8,7,1.30%,0,
7445,4381,,,,,9,7,1.75%,0,
7446,4381,,,,,10,7,2.20%,0,
7447,4381,,,,,11,7,2.65%,0,
7448,4381,,,,,12,7,3.25%,0,
7449,4381,,,,,13,7,3.85%,0,
7450,4381,,,,,14,7,4.45%,0,
7451,4381,,,,,15,7,5.05%,0,
7452,4381,,,,,16,7,5.65%,0,
7453,4381,,,,,17,7,6.25%,0,
7454,4381,,,,,18,7,6.85%,0,
7455,4391,,,,,1,13,0%,0,
7456,4391,,,,,2,13,0%,0,
7457,4391,,,,,3,13,0.10%,0,
7458,4391,,,,,4,13,0.25%,0,
7459,4391,,,,,5,13,0.40%,0,
7460,4391,,,,,6,13,0.70%,0,
7461,4391,,,,,7,13,1%,0,
7462,4391,,,,,8,13,1.30%,0,
7463,4391,,,,,9,13,1.75%,0,
7464,4391,,,,,10,13,2.20%,0,
7465,4391,,,,,11,13,2.65%,0,
7466,4391,,,,,12,13,3.25%,0,
7467,4391,,,,,13,13,3.85%,0,
7468,4391,,,,,14,13,4.45%,0,
7469,4391,,,,,15,13,5.05%,0,
7470,4391,,,,,16,13,5.65%,0,
7471,4391,,,,,17,13,6.25%,0,
7472,4391,,,,,18,13,6.85%,0,
7473,4401,,,,,1,1,0%,0,
7474,4401,,,,,2,1,0%,0,
7475,4401,,,,,3,1,0.07%,0,
7476,4401,,,,,4,1,0.18%,0,
7477,4401,,,,,5,1,0.28%,0,
7478,4401,,,,,6,1,0.49%,0,
7479,4401,,,,,7,1,0.70%,0,
7480,4401,,,,,8,1,0.91%,0,
7481,4401,,,,,9,1,1.23%,0,
7482,4401,,,,,10,1,1.54%,0,
7483,4401,,,,,11,1,1.86%,0,
7484,4401,,,,,12,1,2.28%,0,
7485,4401,,,,,13,1,2.70%,0,
7486,4401,,,,,14,1,3.12%,0,
7487,4401,,,,,15,1,3.54%,0,
7488,4401,,,,,16,1,3.96%,0,
7489,4401,,,,,17,1,4.38%,0,
7490,4401,,,,,18,1,4.80%,0,
7491,4411,,,,,1,9,0%,0,
7492,4411,,,,,2,9,0%,0,
7493,4411,,,,,3,9,0.10%,0,
7494,4411,,,,,4,9,0.25%,0,
7495,4411,,,,,5,9,0.40%,0,
7496,4411,,,,,6,9,0.70%,0,
7497,4411,,,,,7,9,1%,0,
7498,4411,,,,,8,9,1.30%,0,
7499,4411,,,,,9,9,1.75%,0,
7500,4411,,,,,10,9,2.20%,0,
7501,4411,,,,,11,9,2.65%,0,
7502,4411,,,,,12,9,3.25%,0,
7503,4411,,,,,13,9,3.85%,0,
7504,4411,,,,,14,9,4.45%,0,
7505,4411,,,,,15,9,5.05%,0,
7506,4411,,,,,16,9,5.65%,0,
7507,4411,,,,,17,9,6.25%,0,
7508,4411,,,,,18,9,6.85%,0,
7509,4421,,,,,1,8,0%,0,
7510,4421,,,,,2,8,0%,0,
7511,4421,,,,,3,8,0.10%,0,
7512,4421,,,,,4,8,0.25%,0,
7513,4421,,,,,5,8,0.40%,0,
7514,4421,,,,,6,8,0.70%,0,
7515,4421,,,,,7,8,1%,0,
7516,4421,,,,,8,8,1.30%,0,
7517,4421,,,,,9,8,1.75%,0,
7518,4421,,,,,10,8,2.20%,0,
7519,4421,,,,,11,8,2.65%,0,
7520,4421,,,,,12,8,3.25%,0,
7521,4421,,,,,13,8,3.85%,0,
7522,4421,,,,,14,8,4.45%,0,
7523,4421,,,,,15,8,5.05%,0,
7524,4421,,,,,16,8,5.65%,0,
7525,4421,,,,,17,8,6.25%,0,
7526,4421,,,,,18,8,6.85%,0,
7527,4431,,,,,1,8,0%,0,
7528,4431,,,,,2,8,0%,0,
7529,4431,,,,,3,8,0.10%,0,
7530,4431,,,,,4,8,0.25%,0,
7531,4431,,,,,5,8,0.40%,0,
7532,4431,,,,,6,8,0.70%,0,
7533,4431,,,,,7,8,1%,0,
7534,4431,,,,,8,8,1.30%,0,
7535,4431,,,,,9,8,1.75%,0,
7536,4431,,,,,10,8,2.20%,0,
7537,4431,,,,,11,8,2.65%,0,
7538,4431,,,,,12,8,3.25%,0,
7539,4431,,,,,13,8,3.85%,0,
7540,4431,,,,,14,8,4.45%,0,
7541,4431,,,,,15,8,5.05%,0,
7542,4431,,,,,16,8,5.65%,0,
7543,4431,,,,,17,8,6.25%,0,
7544,4431,,,,,18,8,6.85%,0,
7545,4441,,,,,1,8,0%,0,
7546,4441,,,,,2,8,0%,0,
7547,4441,,,,,3,8,0.10%,0,
7548,4441,,,,,4,8,0.25%,0,
7549,4441,,,,,5,8,0.40%,0,
7550,4441,,,,,6,8,0.70%,0,
7551,4441,,,,,7,8,1%,0,
7552,4441,,,,,8,8,1.30%,0,
7553,4441,,,,,9,8,1.75%,0,
7554,4441,,,,,10,8,2.20%,0,
7555,4441,,,,,11,8,2.65%,0,
7556,4441,,,,,12,8,3.25%,0,
7557,4441,,,,,13,8,3.85%,0,
7558,4441,,,,,14,8,4.45%,0,
7559,4441,,,,,15,8,5.05%,0,
7560,4441,,,,,16,8,5.65%,0,
7561,4441,,,,,17,8,6.25%,0,
7562,4441,,,,,18,8,6.85%,0,
7563,4451,,,,,1,9,0%,0,
7564,4451,,,,,2,9,0%,0,
7565,4451,,,,,3,9,0.10%,0,
7566,4451,,,,,4,9,0.25%,0,
7567,4451,,,,,5,9,0.40%,0,
7568,4451,,,,,6,9,0.70%,0,
7569,4451,,,,,7,9,1%,0,
7570,4451,,,,,8,9,1.30%,0,
7571,4451,,,,,9,9,1.75%,0,
7572,4451,,,,,10,9,2.20%,0,
7573,4451,,,,,11,9,2.65%,0,
7574,4451,,,,,12,9,3.25%,0,
7575,4451,,,,,13,9,3.85%,0,
7576,4451,,,,,14,9,4.45%,0,
7577,4451,,,,,15,9,5.05%,0,
7578,4451,,,,,16,9,5.65%,0,
7579,4451,,,,,17,9,6.25%,0,
7580,4451,,,,,18,9,6.85%,0,
7581,4461,,,,,1,7,0%,0,
7582,4461,,,,,2,7,0%,0,
7583,4461,,,,,3,7,0.10%,0,
7584,4461,,,,,4,7,0.25%,0,
7585,4461,,,,,5,7,0.40%,0,
7586,4461,,,,,6,7,0.70%,0,
7587,4461,,,,,7,7,1%,0,
7588,4461,,,,,8,7,1.30%,0,
7589,4461,,,,,9,7,1.75%,0,
7590,4461,,,,,10,7,2.20%,0,
7591,4461,,,,,11,7,2.65%,0,
7592,4461,,,,,12,7,3.25%,0,
7593,4461,,,,,13,7,3.85%,0,
7594,4461,,,,,14,7,4.45%,0,
7595,4461,,,,,15,7,5.05%,0,
7596,4461,,,,,16,7,5.65%,0,
7597,4461,,,,,17,7,6.25%,0,
7598,4461,,,,,18,7,6.85%,0,
7599,901,,,,,1,9,0%,0,
7600,901,,,,,2,9,0%,0,
7601,901,,,,,3,9,0.10%,0,
7602,901,,,,,4,9,0.25%,0,
7603,901,,,,,5,9,0.40%,0,
7604,901,,,,,6,9,0.70%,0,
7605,901,,,,,7,9,1%,0,
7606,901,,,,,8,9,1.30%,0,
7607,901,,,,,9,9,1.75%,0,
7608,901,,,,,10,9,2.20%,0,
7609,901,,,,,11,9,2.65%,0,
7610,901,,,,,12,9,3.25%,0,
7611,901,,,,,13,9,3.85%,0,
7612,901,,,,,14,9,4.45%,0,
7613,901,,,,,15,9,5.05%,0,
7614,901,,,,,16,9,5.65%,0,
7615,901,,,,,17,9,6.25%,0,
7616,901,,,,,18,9,6.85%,0,
7617,4481,,,,,1,7,0%,0,
7618,4481,,,,,2,7,0%,0,
7619,4481,,,,,3,7,0.10%,0,
7620,4481,,,,,4,7,0.25%,0,
7621,4481,,,,,5,7,0.40%,0,
7622,4481,,,,,6,7,0.70%,0,
7623,4481,,,,,7,7,1%,0,
7624,4481,,,,,8,7,1.30%,0,
7625,4481,,,,,9,7,1.75%,0,
7626,4481,,,,,10,7,2.20%,0,
7627,4481,,,,,11,7,2.65%,0,
7628,4481,,,,,12,7,3.25%,0,
7629,4481,,,,,13,7,3.85%,0,
7630,4481,,,,,14,7,4.45%,0,
7631,4481,,,,,15,7,5.05%,0,
7632,4481,,,,,16,7,5.65%,0,
7633,4481,,,,,17,7,6.25%,0,
7634,4481,,,,,18,7,6.85%,0,
7635,4491,,,,,1,1,0%,0,
7636,4491,,,,,2,1,0%,0,
7637,4491,,,,,3,1,0.07%,0,
7638,4491,,,,,4,1,0.18%,0,
7639,4491,,,,,5,1,0.28%,0,
7640,4491,,,,,6,1,0.49%,0,
7641,4491,,,,,7,1,0.70%,0,
7642,4491,,,,,8,1,0.91%,0,
7643,4491,,,,,9,1,1.23%,0,
7644,4491,,,,,10,1,1.54%,0,
7645,4491,,,,,11,1,1.86%,0,
7646,4491,,,,,12,1,2.28%,0,
7647,4491,,,,,13,1,2.70%,0,
7648,4491,,,,,14,1,3.12%,0,
7649,4491,,,,,15,1,3.54%,0,
7650,4491,,,,,16,1,3.96%,0,
7651,4491,,,,,17,1,4.38%,0,
7652,4491,,,,,18,1,4.80%,0,
7653,9211,,,,,1,7,0%,0,
7654,9211,,,,,2,7,0%,0,
7655,9211,,,,,3,7,0%,0,
7656,9211,,,,,4,7,0.11%,0,
7657,9211,,,,,5,7,0.34%,0,
7658,9211,,,,,6,7,0.56%,0,
7659,9211,,,,,7,7,1.01%,0,
7660,9211,,,,,8,7,1.46%,0,
7661,9211,,,,,9,7,1.90%,0,
7662,9211,,,,,10,7,2.58%,0,
7663,9211,,,,,11,7,3.25%,0,
7664,9211,,,,,12,7,3.92%,0,
7665,9211,,,,,13,7,4.59%,0,
7666,9211,,,,,14,7,5.26%,0,
7667,9211,,,,,15,7,5.93%,0,
7668,9211,,,,,16,7,6.60%,0,
7669,9211,,,,,17,7,7.27%,0,
7670,9211,,,,,18,7,7.94%,0,
7671,9221,,,,,1,7,0%,0,
7672,9221,,,,,2,7,0%,0,
7673,9221,,,,,3,7,0%,0,
7674,9221,,,,,4,7,0.11%,0,
7675,9221,,,,,5,7,0.34%,0,
7676,9221,,,,,6,7,0.56%,0,
7677,9221,,,,,7,7,1.01%,0,
7678,9221,,,,,8,7,1.46%,0,
7679,9221,,,,,9,7,1.90%,0,
7680,9221,,,,,10,7,2.58%,0,
7681,9221,,,,,11,7,3.25%,0,
7682,9221,,,,,12,7,3.92%,0,
7683,9221,,,,,13,7,4.59%,0,
7684,9221,,,,,14,7,5.26%,0,
7685,9221,,,,,15,7,5.93%,0,
7686,9221,,,,,16,7,6.60%,0,
7687,9221,,,,,17,7,7.27%,0,
7688,9221,,,,,18,7,7.94%,0,
7689,211,,,,,1,13,0%,0,
7690,211,,,,,2,13,0.08%,0,
7691,211,,,,,3,13,0.16%,0,
7692,211,,,,,4,13,0.24%,0,
7693,211,,,,,5,13,0.40%,0,
7694,211,,,,,6,13,0.56%,0,
7695,211,,,,,7,13,0.80%,0,
7696,211,,,,,8,13,1.04%,0,
7697,211,,,,,9,13,1.36%,0,
7698,211,,,,,10,13,1.68%,0,
7699,211,,,,,11,13,2%,0,
7700,211,,,,,12,13,2.40%,0,
7701,211,,,,,13,13,2.80%,0,
7702,211,,,,,14,13,3.20%,0,
7703,211,,,,,15,13,3.60%,0,
7704,211,,,,,16,13,4.00%,0,
7705,211,,,,,17,13,4.50%,0,
7706,211,,,,,18,13,5.00%,0,
7707,411,,,,,1,10,0%,0,
7708,411,,,,,2,10,0%,0,
7709,411,,,,,3,10,0.10%,0,
7710,411,,,,,4,10,0.25%,0,
7711,411,,,,,5,10,0.40%,0,
7712,411,,,,,6,10,0.70%,0,
7713,411,,,,,7,10,1%,0,
7714,411,,,,,8,10,1.30%,0,
7715,411,,,,,9,10,1.75%,0,
7716,411,,,,,10,10,2.20%,0,
7717,411,,,,,11,10,2.65%,0,
7718,411,,,,,12,10,3.25%,0,
7719,411,,,,,13,10,3.85%,0,
7720,411,,,,,14,10,4.45%,0,
7721,411,,,,,15,10,5.05%,0,
7722,411,,,,,16,10,5.65%,0,
7723,411,,,,,17,10,6.25%,0,
7724,411,,,,,18,10,6.85%,0,
7725,431,,,,,1,8,0%,0,
7726,431,,,,,2,8,0%,0,
7727,431,,,,,3,8,0.10%,0,
7728,431,,,,,4,8,0.25%,0,
7729,431,,,,,5,8,0.40%,0,
7730,431,,,,,6,8,0.70%,0,
7731,431,,,,,7,8,1%,0,
7732,431,,,,,8,8,1.30%,0,
7733,431,,,,,9,8,1.75%,0,
7734,431,,,,,10,8,2.20%,0,
7735,431,,,,,11,8,2.65%,0,
7736,431,,,,,12,8,3.25%,0,
7737,431,,,,,13,8,3.85%,0,
7738,431,,,,,14,8,4.45%,0,
7739,431,,,,,15,8,5.05%,0,
7740,431,,,,,16,8,5.65%,0,
7741,431,,,,,17,8,6.25%,0,
7742,431,,,,,18,8,6.85%,0,
7743,1481,,,,,1,9,0%,0,
7744,1481,,,,,2,9,0.08%,0,
7745,1481,,,,,3,9,0.16%,0,
7746,1481,,,,,4,9,0.24%,0,
7747,1481,,,,,5,9,0.40%,0,
7748,1481,,,,,6,9,0.56%,0,
7749,1481,,,,,7,9,0.80%,0,
7750,1481,,,,,8,9,1.04%,0,
7751,1481,,,,,9,9,1.36%,0,
7752,1481,,,,,10,9,1.68%,0,
7753,1481,,,,,11,9,2%,0,
7754,1481,,,,,12,9,2.40%,0,
7755,1481,,,,,13,9,2.80%,0,
7756,1481,,,,,14,9,3.20%,0,
7757,1481,,,,,15,9,3.60%,0,
7758,1481,,,,,16,9,4.00%,0,
7759,1481,,,,,17,9,4.50%,0,
7760,1481,,,,,18,9,5.00%,0,
7761,1511,,,,,1,7,0%,0,
7762,1511,,,,,2,7,0.08%,0,
7763,1511,,,,,3,7,0.16%,0,
7764,1511,,,,,4,7,0.24%,0,
7765,1511,,,,,5,7,0.40%,0,
7766,1511,,,,,6,7,0.56%,0,
7767,1511,,,,,7,7,0.80%,0,
7768,1511,,,,,8,7,1.04%,0,
7769,1511,,,,,9,7,1.36%,0,
7770,1511,,,,,10,7,1.68%,0,
7771,1511,,,,,11,7,2%,0,
7772,1511,,,,,12,7,2.40%,0,
7773,1511,,,,,13,7,2.80%,0,
7774,1511,,,,,14,7,3.20%,0,
7775,1511,,,,,15,7,3.60%,0,
7776,1511,,,,,16,7,4.00%,0,
7777,1511,,,,,17,7,4.50%,0,
7778,1511,,,,,18,7,5.00%,0,
7779,1671,,,,,1,10,0%,0,
7780,1671,,,,,2,10,0%,0,
7781,1671,,,,,3,10,0.10%,0,
7782,1671,,,,,4,10,0.25%,0,
7783,1671,,,,,5,10,0.40%,0,
7784,1671,,,,,6,10,0.70%,0,
7785,1671,,,,,7,10,1%,0,
7786,1671,,,,,8,10,1.30%,0,
7787,1671,,,,,9,10,1.75%,0,
7788,1671,,,,,10,10,2.20%,0,
7789,1671,,,,,11,10,2.65%,0,
7790,1671,,,,,12,10,3.25%,0,
7791,1671,,,,,13,10,3.85%,0,
7792,1671,,,,,14,10,4.45%,0,
7793,1671,,,,,15,10,5.05%,0,
7794,1671,,,,,16,10,5.65%,0,
7795,1671,,,,,17,10,6.25%,0,
7796,1671,,,,,18,10,6.85%,0,
7797,2041,,,,,1,7,0%,0,
7798,2041,,,,,2,7,0%,0,
7799,2041,,,,,3,7,0.10%,0,
7800,2041,,,,,4,7,0.25%,0,
7801,2041,,,,,5,7,0.40%,0,
7802,2041,,,,,6,7,0.70%,0,
7803,2041,,,,,7,7,1%,0,
7804,2041,,,,,8,7,1.30%,0,
7805,2041,,,,,9,7,1.75%,0,
7806,2041,,,,,10,7,2.20%,0,
7807,2041,,,,,11,7,2.65%,0,
7808,2041,,,,,12,7,3.25%,0,
7809,2041,,,,,13,7,3.85%,0,
7810,2041,,,,,14,7,4.45%,0,
7811,2041,,,,,15,7,5.05%,0,
7812,2041,,,,,16,7,5.65%,0,
7813,2041,,,,,17,7,6.25%,0,
7814,2041,,,,,18,7,6.85%,0,
7815,2121,,,,,1,9,0%,0,
7816,2121,,,,,2,9,0.08%,0,
7817,2121,,,,,3,9,0.16%,0,
7818,2121,,,,,4,9,0.24%,0,
7819,2121,,,,,5,9,0.40%,0,
7820,2121,,,,,6,9,0.56%,0,
7821,2121,,,,,7,9,0.80%,0,
7822,2121,,,,,8,9,1.04%,0,
7823,2121,,,,,9,9,1.36%,0,
7824,2121,,,,,10,9,1.68%,0,
7825,2121,,,,,11,9,2%,0,
7826,2121,,,,,12,9,2.40%,0,
7827,2121,,,,,13,9,2.80%,0,
7828,2121,,,,,14,9,3.20%,0,
7829,2121,,,,,15,9,3.60%,0,
7830,2121,,,,,16,9,4.00%,0,
7831,2121,,,,,17,9,4.50%,0,
7832,2121,,,,,18,9,5.00%,0,
7833,2131,,,,,1,13,0%,0,
7834,2131,,,,,2,13,0%,0,
7835,2131,,,,,3,13,0.10%,0,
7836,2131,,,,,4,13,0.25%,0,
7837,2131,,,,,5,13,0.40%,0,
7838,2131,,,,,6,13,0.70%,0,
7839,2131,,,,,7,13,1%,0,
7840,2131,,,,,8,13,1.30%,0,
7841,2131,,,,,9,13,1.75%,0,
7842,2131,,,,,10,13,2.20%,0,
7843,2131,,,,,11,13,2.65%,0,
7844,2131,,,,,12,13,3.25%,0,
7845,2131,,,,,13,13,3.85%,0,
7846,2131,,,,,14,13,4.45%,0,
7847,2131,,,,,15,13,5.05%,0,
7848,2131,,,,,16,13,5.65%,0,
7849,2131,,,,,17,13,6.25%,0,
7850,2131,,,,,18,13,6.85%,0,
7851,2491,,,,,1,1,0%,0,
7852,2491,,,,,2,1,0%,0,
7853,2491,,,,,3,1,0.07%,0,
7854,2491,,,,,4,1,0.18%,0,
7855,2491,,,,,5,1,0.28%,0,
7856,2491,,,,,6,1,0.49%,0,
7857,2491,,,,,7,1,0.70%,0,
7858,2491,,,,,8,1,0.91%,0,
7859,2491,,,,,9,1,1.23%,0,
7860,2491,,,,,10,1,1.54%,0,
7861,2491,,,,,11,1,1.86%,0,
7862,2491,,,,,12,1,2.28%,0,
7863,2491,,,,,13,1,2.70%,0,
7864,2491,,,,,14,1,3.12%,0,
7865,2491,,,,,15,1,3.54%,0,
7866,2491,,,,,16,1,3.96%,0,
7867,2491,,,,,17,1,4.38%,0,
7868,2491,,,,,18,1,4.80%,0,
7869,3051,,,,,1,7,0%,0,
7870,3051,,,,,2,7,0%,0,
7871,3051,,,,,3,7,0.10%,0,
7872,3051,,,,,4,7,0.25%,0,
7873,3051,,,,,5,7,0.40%,0,
7874,3051,,,,,6,7,0.70%,0,
7875,3051,,,,,7,7,1%,0,
7876,3051,,,,,8,7,1.30%,0,
7877,3051,,,,,9,7,1.75%,0,
7878,3051,,,,,10,7,2.20%,0,
7879,3051,,,,,11,7,2.65%,0,
7880,3051,,,,,12,7,3.25%,0,
7881,3051,,,,,13,7,3.85%,0,
7882,3051,,,,,14,7,4.45%,0,
7883,3051,,,,,15,7,5.05%,0,
7884,3051,,,,,16,7,5.65%,0,
7885,3051,,,,,17,7,6.25%,0,
7886,3051,,,,,18,7,6.85%,0,
7887,3951,,,,,1,9,0%,0,
7888,3951,,,,,2,9,0%,0,
7889,3951,,,,,3,9,0.10%,0,
7890,3951,,,,,4,9,0.25%,0,
7891,3951,,,,,5,9,0.40%,0,
7892,3951,,,,,6,9,0.70%,0,
7893,3951,,,,,7,9,1%,0,
7894,3951,,,,,8,9,1.30%,0,
7895,3951,,,,,9,9,1.75%,0,
7896,3951,,,,,10,9,2.20%,0,
7897,3951,,,,,11,9,2.65%,0,
7898,3951,,,,,12,9,3.25%,0,
7899,3951,,,,,13,9,3.85%,0,
7900,3951,,,,,14,9,4.45%,0,
7901,3951,,,,,15,9,5.05%,0,
7902,3951,,,,,16,9,5.65%,0,
7903,3951,,,,,17,9,6.25%,0,
7904,3951,,,,,18,9,6.85%,0,
7923,9231,,,,,1,9,0%,0,
7924,9231,,,,,2,9,0%,0,
7925,9231,,,,,3,9,0.00%,0,
7926,9231,,,,,4,9,0.16%,0,
7927,9231,,,,,5,9,0.48%,0,
7928,9231,,,,,6,9,0.80%,0,
7929,9231,,,,,7,9,1.44%,0,
7930,9231,,,,,8,9,2.08%,0,
7931,9231,,,,,9,9,2.72%,0,
7932,9231,,,,,10,9,3.68%,0,
7933,9231,,,,,11,9,4.64%,0,
7934,9231,,,,,12,9,5.60%,0,
7935,9231,,,,,13,9,6.56%,0,
7936,9231,,,,,14,9,7.52%,0,
7937,9231,,,,,15,9,8.48%,0,
7938,9231,,,,,16,9,9.44%,0,
7939,9231,,,,,17,9,10.40%,0,
7940,9231,,,,,18,9,11.36%,0,
